date,open,high,low,close,volume,raw_close
2004-10-04,5.535,5.605,5.535,5.535,63930,5.535
2004-10-05,5.52,5.52,5.52,5.52,46000,5.52
2004-10-06,5.5075,5.52,5.5075,5.5075,40000,5.5075
2004-10-07,5.545,5.545,5.545,5.545,19062,5.545
2004-10-11,5.565,5.565,5.565,5.565,10000,5.565
2004-10-12,5.535,5.535,5.485,5.535,30000,5.535
2004-10-14,5.47,5.47,5.43,5.47,20000,5.47
2004-10-15,5.405,5.405,5.405,5.405,10000,5.405
2004-10-18,5.355,5.355,5.35,5.355,40000,5.355
2004-10-19,5.41,5.42,5.41,5.41,23944,5.41
2004-10-20,5.38,5.38,5.33,5.38,60856,5.38
2004-10-21,5.3,5.32,5.3,5.3,39000,5.3
2004-10-22,5.3325,5.34,5.3325,5.3325,35000,5.3325
2004-10-25,5.195,5.24,5.195,5.195,13431,5.195
2004-10-26,5.25,5.25,5.25,5.25,10000,5.25
2004-10-27,5.2575,5.28,5.2575,5.2575,10189,5.2575
2004-10-28,5.4625,5.4625,5.3925,5.4625,14552,5.4625
2004-10-29,5.3825,5.395,5.36,5.3825,29888,5.3825
2004-11-01,5.3275,5.35,5.3275,5.3275,21541,5.3275
2004-11-02,5.3325,5.3475,5.2975,5.3325,10505,5.3325
2004-11-03,5.39,5.44,5.38,5.39,45269,5.39
2004-11-04,5.4,5.43,5.39,5.4,16796,5.4
2004-11-05,5.485,5.515,5.465,5.485,134285,5.485
2004-11-08,5.435,5.445,5.425,5.435,6977,5.435
2004-11-09,5.395,5.395,5.365,5.395,1042,5.395
2004-11-10,5.42,5.42,5.375,5.42,32291,5.42
2004-11-11,5.33,5.3525,5.33,5.33,21053,5.33
2004-11-12,5.43,5.455,5.395,5.43,56437,5.43
2004-11-15,5.495,5.495,5.455,5.495,2266,5.495
2004-11-16,5.495,5.505,5.465,5.495,33265,5.495
2004-11-17,5.5,5.59,5.5,5.5,1089053,5.5
2004-11-18,5.525,5.57,5.525,5.525,117724,5.525
2004-11-19,5.535,5.54,5.535,5.535,20025,5.535
2004-11-22,5.465,5.505,5.465,5.465,121404,5.465
2004-11-23,5.43,5.4525,5.405,5.43,191628,5.43
2004-11-24,5.445,5.445,5.415,5.445,170218,5.445
2004-11-25,5.455,5.455,5.445,5.455,7979,5.455
2004-11-26,5.395,5.43,5.395,5.395,65173,5.395
2004-11-29,5.445,5.485,5.41,5.445,175927,5.445
2004-11-30,5.4,5.415,5.365,5.4,215435,5.4
2004-12-01,5.37,5.37,5.31,5.37,147553,5.37
2004-12-02,5.33,5.37,5.33,5.33,107732,5.33
2004-12-03,5.395,5.425,5.385,5.395,163932,5.395
2004-12-06,5.365,5.365,5.31,5.365,174805,5.365
2004-12-07,5.27,5.295,5.26,5.27,345112,5.27
2004-12-08,5.27,5.28,5.21,5.27,186765,5.27
2004-12-09,5.19,5.27,5.19,5.19,103740,5.19
2004-12-10,5.1725,5.19,5.17,5.1725,128907,5.1725
2004-12-13,5.16,5.22,5.14,5.16,578525,5.16
2004-12-14,5.23,5.245,5.215,5.23,109958,5.23
2004-12-15,5.24,5.27,5.2225,5.24,77110,5.24
2004-12-16,5.26,5.28,5.26,5.26,69963,5.26
2004-12-17,5.3,5.31,5.2625,5.3,76604,5.3
2004-12-20,5.29,5.325,5.29,5.29,34019,5.29
2004-12-21,5.27,5.37,5.27,5.27,696978,5.27
2004-12-22,5.36,5.44,5.36,5.36,145607,5.36
2004-12-23,5.47,5.505,5.44,5.47,187833,5.47
2004-12-24,5.44,5.48,5.435,5.44,51829,5.44
2004-12-29,5.51,5.54,5.51,5.51,258998,5.51
2004-12-30,5.52,5.58,5.52,5.52,108150,5.52
2004-12-31,5.635,5.635,5.635,5.635,69,5.635
2005-01-04,5.685,5.7025,5.65,5.685,309251,5.685
2005-01-05,5.665,5.665,5.59,5.665,540387,5.665
2005-01-06,5.63,5.655,5.63,5.63,176537,5.63
2005-01-07,5.625,5.65,5.62,5.625,1269,5.625
2005-01-10,5.635,5.635,5.605,5.635,15793,5.635
2005-01-11,5.6765,5.6843,5.665,5.6765,21922,5.6765
2005-01-12,5.695,5.71,5.66,5.695,12202,5.695
2005-01-13,5.655,5.68,5.655,5.655,20200,5.655
2005-01-14,5.68,5.745,5.68,5.68,71276,5.68
2005-01-17,5.75,5.805,5.75,5.75,50017,5.75
2005-01-18,5.7165,5.755,5.6975,5.7165,52236,5.7165
2005-01-19,5.715,5.72,5.68,5.715,45534,5.715
2005-01-20,5.645,5.645,5.595,5.645,46901,5.645
2005-01-21,5.585,5.635,5.585,5.585,116153,5.585
2005-01-24,5.665,5.665,5.59,5.665,142243,5.665
2005-01-25,5.59,5.63,5.59,5.59,336485,5.59
2005-01-26,5.64,5.66,5.625,5.64,92469,5.64
2005-01-27,5.61,5.61,5.575,5.61,83099,5.61
2005-01-28,5.57,5.6,5.57,5.57,101507,5.57
2005-01-31,5.59,5.63,5.59,5.59,126133,5.59
2005-02-01,5.605,5.605,5.555,5.605,226692,5.605
2005-02-02,5.59,5.59,5.57,5.59,22776,5.59
2005-02-03,5.53,5.56,5.53,5.53,49205,5.53
2005-02-04,5.48,5.55,5.48,5.48,168285,5.48
2005-02-07,5.63,5.635,5.6,5.63,95831,5.63
2005-02-08,5.6,5.61,5.59,5.6,37169,5.6
2005-02-09,5.6,5.625,5.59,5.6,96707,5.6
2005-02-10,5.6135,5.625,5.59,5.6135,39485,5.6135
2005-02-11,5.6,5.625,5.6,5.6,21172,5.6
2005-02-14,5.615,5.64,5.605,5.615,36453,5.615
2005-02-15,5.62,5.65,5.62,5.62,66370,5.62
2005-02-16,5.605,5.63,5.59,5.605,15014,5.605
2005-02-17,5.585,5.595,5.565,5.585,93268,5.585
2005-02-18,5.565,5.6,5.565,5.565,27935,5.565
2005-02-21,5.605,5.605,5.56,5.605,6519,5.605
2005-02-22,5.58,5.58,5.56,5.58,3511,5.58
2005-02-23,5.52,5.52,5.49,5.52,238536,5.52
2005-02-24,5.54,5.54,5.495,5.54,14785,5.54
2005-02-25,5.535,5.57,5.53,5.535,109184,5.535
2005-02-28,5.58,5.64,5.58,5.58,44708,5.58
2005-03-01,5.62,5.64,5.605,5.62,61839,5.62
2005-03-02,5.63,5.655,5.62,5.63,58927,5.63
2005-03-03,5.69,5.695,5.64,5.69,83897,5.69
2005-03-04,5.68,5.78,5.68,5.68,73154,5.68
2005-03-07,5.72,5.785,5.665,5.72,177874,5.72
2005-03-08,5.725,5.735,5.66,5.725,943212,5.725
2005-03-09,5.66,5.715,5.66,5.66,118843,5.66
2005-03-10,5.68,5.695,5.67,5.68,19010,5.68
2005-03-11,5.715,5.75,5.715,5.715,7605,5.715
2005-03-14,5.68,5.705,5.655,5.68,41152,5.68
2005-03-15,5.68,5.715,5.68,5.68,22421,5.68
2005-03-16,5.735,5.735,5.6505,5.735,345630,5.735
2005-03-17,5.66,5.6725,5.62,5.66,329868,5.66
2005-03-18,5.695,5.71,5.675,5.695,462787,5.695
2005-03-21,5.69,5.725,5.685,5.69,20785,5.69
2005-03-22,5.725,5.74,5.7055,5.725,30924,5.725
2005-03-23,5.725,5.75,5.695,5.725,132617,5.725
2005-03-24,5.71,5.745,5.695,5.71,81896,5.71
2005-03-29,5.645,5.659,5.565,5.645,96029,5.645
2005-03-30,5.555,5.56,5.505,5.555,486929,5.555
2005-03-31,5.58,5.615,5.55,5.58,74233,5.58
2005-04-01,5.585,5.615,5.58,5.585,58836,5.585
2005-04-04,5.61,5.61,5.5355,5.61,104697,5.61
2005-04-05,5.58,5.6,5.57,5.58,47190,5.58
2005-04-06,5.63,5.63,5.615,5.63,9067,5.63
2005-04-07,5.625,5.625,5.605,5.625,23328,5.625
2005-04-08,5.66,5.665,5.6155,5.66,10100,5.66
2005-04-11,5.585,5.585,5.57,5.585,4302,5.585
2005-04-12,5.535,5.54,5.4855,5.535,7417,5.535
2005-04-13,5.5205,5.545,5.515,5.5205,63423,5.5205
2005-04-14,5.4905,5.5183,5.485,5.4905,10820,5.4905
2005-04-15,5.325,5.4055,5.32,5.325,162979,5.325
2005-04-18,5.29,5.29,5.175,5.29,337056,5.29
2005-04-19,5.265,5.27,5.22,5.265,32416,5.265
2005-04-20,5.255,5.26,5.185,5.255,73386,5.255
2005-04-21,5.215,5.275,5.215,5.215,54115,5.215
2005-04-22,5.285,5.33,5.265,5.285,14568,5.285
2005-04-25,5.2955,5.33,5.295,5.2955,10168,5.2955
2005-04-26,5.325,5.325,5.3,5.325,21739,5.325
2005-04-27,5.325,5.335,5.305,5.325,1044,5.325
2005-04-28,5.33,5.34,5.285,5.33,20011,5.33
2005-04-29,5.32,5.335,5.3,5.32,37820,5.32
2005-05-03,5.375,5.43,5.375,5.375,67378,5.375
2005-05-04,5.44,5.44,5.41,5.44,11333,5.44
2005-05-05,5.43,5.5,5.43,5.43,45193,5.43
2005-05-06,5.5055,5.53,5.48,5.5055,39379,5.5055
2005-05-09,5.53,5.53,5.515,5.53,12432,5.53
2005-05-10,5.545,5.545,5.49,5.545,8531,5.545
2005-05-11,5.495,5.515,5.475,5.495,2608,5.495
2005-05-12,5.505,5.505,5.465,5.505,10777,5.505
2005-05-13,5.46,5.46,5.4455,5.46,268,5.46
2005-05-16,5.42,5.47,5.39,5.42,11835,5.42
2005-05-17,5.4,5.44,5.4,5.4,31832,5.4
2005-05-18,5.385,5.43,5.385,5.385,77356,5.385
2005-05-19,5.4955,5.4955,5.43,5.4955,70994,5.4955
2005-05-20,5.485,5.49,5.45,5.485,114516,5.485
2005-05-23,5.4855,5.545,5.4855,5.4855,710986,5.4855
2005-05-24,5.535,5.55,5.52,5.535,28206,5.535
2005-05-25,5.4955,5.525,5.485,5.4955,188863,5.4955
2005-05-26,5.5,5.52,5.48,5.5,28591,5.5
2005-05-27,5.53,5.54,5.505,5.53,140478,5.53
2005-05-31,5.555,5.56,5.53,5.555,57200,5.555
2005-06-01,5.57,5.62,5.5555,5.57,397508,5.57
2005-06-02,5.595,5.605,5.5555,5.595,27764,5.595
2005-06-03,5.59,5.605,5.56,5.59,1256897,5.59
2005-06-06,5.58,5.61,5.575,5.58,640374,5.58
2005-06-07,5.58,5.63,5.565,5.58,332026,5.58
2005-06-08,5.585,5.605,5.58,5.585,37468,5.585
2005-06-09,5.58,5.585,5.56,5.58,25522,5.58
2005-06-10,5.565,5.61,5.555,5.565,55736,5.565
2005-06-13,5.59,5.59,5.56,5.59,56276,5.59
2005-06-14,5.595,5.595,5.54,5.595,23806,5.595
2005-06-15,5.595,5.605,5.555,5.595,82500,5.595
2005-06-16,5.595,5.61,5.59,5.595,21516,5.595
2005-06-17,5.65,5.66,5.62,5.65,21712,5.65
2005-06-20,5.63,5.64,5.59,5.63,14555,5.63
2005-06-21,5.615,5.6585,5.585,5.615,25073,5.615
2005-06-22,5.66,5.675,5.6455,5.66,45003,5.66
2005-06-23,5.675,5.675,5.6375,5.675,95505,5.675
2005-06-24,5.64,5.64,5.605,5.64,24954,5.64
2005-06-27,5.56,5.565,5.525,5.56,19928,5.56
2005-06-28,5.58,5.61,5.5655,5.58,17788,5.58
2005-06-29,5.625,5.66,5.6,5.625,90642,5.625
2005-06-30,5.6,5.665,5.6,5.6,24316,5.6
2005-07-01,5.7,5.71,5.69,5.7,85497,5.7
2005-07-04,5.635,5.76,5.635,5.635,73730,5.635
2005-07-05,5.755,5.7725,5.735,5.755,71416,5.755
2005-07-06,5.755,5.765,5.735,5.755,58469,5.755
2005-07-07,5.715,5.715,5.63,5.715,111983,5.715
2005-07-08,5.755,5.78,5.735,5.755,30693,5.755
2005-07-11,5.79,5.8,5.77,5.79,55305,5.79
2005-07-12,5.77,5.78,5.735,5.77,528397,5.77
2005-07-13,5.73,5.76,5.73,5.73,47074,5.73
2005-07-14,5.765,5.79,5.75,5.765,257749,5.765
2005-07-15,5.785,5.79,5.755,5.785,34645,5.785
2005-07-18,5.81,5.81,5.78,5.81,3627,5.81
2005-07-19,5.805,5.835,5.775,5.805,52257,5.805
2005-07-20,5.81,5.83,5.795,5.81,3016,5.81
2005-07-21,5.8,5.87,5.795,5.8,221911,5.8
2005-07-22,5.79,5.855,5.785,5.79,110266,5.79
2005-07-25,5.845,5.845,5.81,5.845,75008,5.845
2005-07-26,5.79,5.82,5.775,5.79,281610,5.79
2005-07-27,5.835,5.86,5.81,5.835,29600,5.835
2005-07-28,5.83,5.84,5.81,5.83,118394,5.83
2005-07-29,5.84,5.85,5.8,5.84,85944,5.84
2005-08-01,5.835,5.86,5.8,5.835,7311,5.835
2005-08-02,5.83,5.86,5.81,5.83,112529,5.83
2005-08-03,5.865,5.865,5.795,5.865,111931,5.865
2005-08-04,5.815,5.815,5.785,5.815,160387,5.815
2005-08-05,5.755,5.755,5.69,5.755,33791,5.755
2005-08-08,5.675,5.715,5.665,5.675,248187,5.675
2005-08-09,5.73,5.77,5.725,5.73,41513,5.73
2005-08-10,5.875,5.925,5.85,5.875,294403,5.875
2005-08-11,5.97,6,5.935,5.97,546432,5.97
2005-08-12,5.96,6,5.96,5.96,671298,5.96
2005-08-15,6.005,6.03,5.99,6.005,69234,6.005
2005-08-16,6.055,6.06,6,6.055,234349,6.055
2005-08-17,6.015,6.03,5.99,6.015,21245,6.015
2005-08-18,6.006,6.015,5.96,6.006,101396,6.006
2005-08-19,6.025,6.045,6.025,6.025,60302,6.025
2005-08-22,6.135,6.16,6.135,6.135,72354,6.135
2005-08-23,6.125,6.1511,6.115,6.125,284909,6.125
2005-08-24,6.155,6.155,6.106,6.155,160873,6.155
2005-08-25,6.125,6.125,6.095,6.125,41190,6.125
2005-08-26,6.135,6.155,6.12,6.135,26361,6.135
2005-08-30,6.13,6.151,6.09,6.13,161069,6.13
2005-08-31,6.12,6.14,6.1,6.12,47934,6.12
2005-09-01,6.135,6.165,6.135,6.135,91233,6.135
2005-09-02,6.11,6.15,6.095,6.11,189615,6.11
2005-09-05,6.14,6.165,6.13,6.14,7764,6.14
2005-09-06,6.14,6.145,6.1075,6.14,106967,6.14
2005-09-07,6.11,6.11,6.08,6.11,144965,6.11
2005-09-08,6.07,6.08,6.03,6.07,41931,6.07
2005-09-09,6.03,6.15,6.03,6.03,135594,6.03
2005-09-12,6.18,6.295,6.18,6.18,82890,6.18
2005-09-13,6.285,6.285,6.22,6.285,76280,6.285
2005-09-14,6.26,6.26,6.215,6.26,29029,6.26
2005-09-15,6.321,6.395,6.321,6.321,50852,6.321
2005-09-16,6.385,6.395,6.365,6.385,32930,6.385
2005-09-19,6.34,6.44,6.31,6.34,99887,6.34
2005-09-20,6.45,6.48,6.441,6.45,111965,6.45
2005-09-21,6.48,6.48,6.43,6.48,289613,6.48
2005-09-22,6.435,6.51,6.431,6.435,100564,6.435
2005-09-23,6.535,6.57,6.535,6.535,281955,6.535
2005-09-26,6.68,6.69,6.65,6.68,151175,6.68
2005-09-27,6.665,6.67,6.61,6.665,351841,6.665
2005-09-28,6.77,6.805,6.755,6.77,331955,6.77
2005-09-29,6.955,6.965,6.845,6.955,406404,6.955
2005-09-30,6.902,6.91,6.83,6.902,181042,6.902
2005-10-03,6.845,6.875,6.82,6.845,229792,6.845
2005-10-04,6.905,6.905,6.84,6.905,210365,6.905
2005-10-05,6.825,6.83,6.72,6.825,350955,6.825
2005-10-06,6.58,6.595,6.49,6.58,175467,6.58
2005-10-07,6.59,6.675,6.575,6.59,265829,6.59
2005-10-10,6.66,6.68,6.62,6.66,96724,6.66
2005-10-11,6.83,6.83,6.77,6.83,180610,6.83
2005-10-12,6.77,6.82,6.74,6.77,64213,6.77
2005-10-13,6.78,6.785,6.7,6.78,595295,6.78
2005-10-14,6.715,6.755,6.67,6.715,247732,6.715
2005-10-17,6.65,6.72,6.64,6.65,150739,6.65
2005-10-18,6.68,6.68,6.635,6.68,58477,6.68
2005-10-19,6.6,6.6,6.49,6.6,228641,6.6
2005-10-20,6.59,6.59,6.485,6.59,196894,6.59
2005-10-21,6.54,6.545,6.485,6.54,76740,6.54
2005-10-24,6.5,6.54,6.475,6.5,107981,6.5
2005-10-25,6.58,6.59,6.535,6.58,336976,6.58
2005-10-26,6.625,6.65,6.59,6.625,25849,6.625
2005-10-27,6.685,6.685,6.615,6.685,82593,6.685
2005-10-28,6.635,6.65,6.605,6.635,517690,6.635
2005-10-31,6.7505,6.765,6.65,6.7505,235114,6.7505
2005-11-01,6.8,6.88,6.8,6.8,81029,6.8
2005-11-02,6.86,6.86,6.815,6.86,97582,6.86
2005-11-03,6.875,6.895,6.81,6.875,61278,6.875
2005-11-04,6.9375,6.945,6.89,6.9375,262017,6.9375
2005-11-07,6.965,7.005,6.93,6.965,272131,6.965
2005-11-08,7.035,7.05,7.015,7.035,32505,7.035
2005-11-09,7.002,7.002,6.96,7.002,128121,7.002
2005-11-10,6.96,6.965,6.895,6.96,144988,6.96
2005-11-11,7,7.03,6.985,7,232936,7
2005-11-14,6.965,6.965,6.905,6.965,44960,6.965
2005-11-15,6.92,6.92,6.85,6.92,226158,6.92
2005-11-16,6.915,6.98,6.9145,6.915,78681,6.915
2005-11-17,7.03,7.155,7.03,7.03,305113,7.03
2005-11-18,7.245,7.245,7.2,7.245,109510,7.245
2005-11-21,7.26,7.26,7.21,7.26,78593,7.26
2005-11-22,7.25,7.25,7.195,7.25,357982,7.25
2005-11-23,7.21,7.285,7.18,7.21,113856,7.21
2005-11-24,7.23,7.24,7.145,7.23,150682,7.23
2005-11-25,7.19,7.25,7.19,7.19,97055,7.19
2005-11-28,7.34,7.34,7.25,7.34,220646,7.34
2005-11-29,7.295,7.305,7.245,7.295,305959,7.295
2005-11-30,7.24,7.24,7.175,7.24,110035,7.24
2005-12-01,7.235,7.32,7.205,7.235,198596,7.235
2005-12-02,7.335,7.37,7.29,7.335,194953,7.335
2005-12-05,7.415,7.47,7.3,7.415,472879,7.415
2005-12-06,7.285,7.37,7.27,7.285,112242,7.285
2005-12-07,7.365,7.39,7.325,7.355,91931,7.355
2005-12-08,7.205,7.255,7.1,7.23,272596,7.23
2005-12-09,7.27,7.33,7.155,7.305,246519,7.305
2005-12-12,7.365,7.4,7.27,7.325,201913,7.325
2005-12-13,7.41,7.41,7.37,7.4,92297,7.4
2005-12-14,7.325,7.43,7.325,7.42,289599,7.42
2005-12-15,7.38,7.395,7.345,7.365,160028,7.365
2005-12-16,7.4,7.44,7.39,7.445,218355,7.445
2005-12-19,7.39,7.5,7.29,7.475,401745,7.475
2005-12-20,7.575,7.58,7.55,7.585,315405,7.585
2005-12-21,7.69,7.7855,7.64,7.735,117252,7.735
2005-12-22,7.72,7.805,7.695,7.79,320485,7.79
2005-12-23,7.835,7.835,7.79,7.82,82797,7.82
2005-12-28,7.73,7.84,7.73,7.81,203106,7.81
2005-12-29,7.885,7.935,7.84,7.875,448747,7.875
2005-12-30,7.85,7.85,7.79,7.82,796478,7.82
2006-01-03,7.9,7.955,7.87,7.91,139943,7.91
2006-01-04,8,8,7.915,7.96,487112,7.96
2006-01-05,8.01,8.01,7.8825,7.935,410075,7.935
2006-01-06,8.005,8.005,7.91,7.94,284709,7.94
2006-01-09,7.961,8.04,7.961,8.015,118756,8.015
2006-01-10,7.915,7.915,7.79,7.86,193423,7.86
2006-01-11,8,8,7.93,7.965,135109,7.965
2006-01-12,8.05,8.05,8.005,8.01,272001,8.01
2006-01-13,8.01,8.01,7.895,7.925,386300,7.925
2006-01-16,7.925,7.925,7.8,7.88,345129,7.88
2006-01-17,7.665,7.75,7.61,7.68,254505,7.68
2006-01-18,7.52,7.57,7.435,7.53,540750,7.53
2006-01-19,7.74,7.74,7.655,7.69,273909,7.69
2006-01-20,7.725,7.745,7.59,7.615,279926,7.615
2006-01-23,7.465,7.58,7.46,7.545,556319,7.545
2006-01-24,7.61,7.615,7.56,7.575,153905,7.575
2006-01-25,7.6,7.6,7.535,7.555,89261,7.555
2006-01-26,7.64,7.74,7.64,7.74,70436,7.74
2006-01-27,7.86,7.93,7.83,7.915,119939,7.915
2006-01-30,7.995,7.995,7.9,7.875,64049,7.875
2006-01-31,7.94,8,7.875,7.9,118196,7.9
2006-02-01,7.815,7.98,7.8,7.92,503243,7.92
2006-02-02,7.89,7.905,7.79,7.855,853384,7.855
2006-02-03,7.83,7.855,7.785,7.825,87519,7.825
2006-02-06,7.915,7.95,7.86,7.94,110032,7.94
2006-02-07,7.96,7.985,7.925,7.97,548655,7.97
2006-02-08,7.7805,7.8769,7.745,7.82,548748,7.82
2006-02-09,7.845,7.93,7.84,7.9,1029492,7.9
2006-02-10,7.81,7.82,7.72,7.73,106589,7.73
2006-02-13,7.64,7.67,7.605,7.655,266359,7.655
2006-02-14,7.735,7.83,7.735,7.805,83936,7.805
2006-02-15,7.725,7.76,7.7,7.705,166770,7.705
2006-02-16,7.75,7.785,7.72,7.77,576216,7.77
2006-02-17,7.65,7.665,7.5725,7.605,326231,7.605
2006-02-20,7.3925,7.52,7.39,7.505,252089,7.505
2006-02-21,7.62,7.65,7.58,7.595,247601,7.595
2006-02-22,7.551,7.65,7.55,7.64,254021,7.64
2006-02-23,7.72,7.785,7.7,7.745,316027,7.745
2006-02-24,7.77,7.81,7.73,7.82,131767,7.82
2006-02-27,7.926,7.98,7.901,7.97,48831,7.97
2006-02-28,7.98,7.99,7.825,7.845,141391,7.845
2006-03-01,7.795,7.8325,7.79,7.85,81783,7.85
2006-03-02,7.83,7.855,7.791,7.8,43283,7.8
2006-03-03,7.729,7.735,7.64,7.685,123009,7.685
2006-03-06,7.745,7.754,7.695,7.725,77026,7.725
2006-03-07,7.6835,7.7225,7.655,7.705,89787,7.705
2006-03-08,7.67,7.67,7.615,7.62,84957,7.62
2006-03-09,7.79,7.845,7.73,7.8,136691,7.8
2006-03-10,7.814,7.855,7.77,7.84,91407,7.84
2006-03-13,7.92,7.955,7.895,7.915,248220,7.915
2006-03-14,7.87,7.915,7.821,7.895,146445,7.895
2006-03-15,7.92,7.94,7.891,7.915,45315,7.915
2006-03-16,7.785,7.86,7.785,7.85,174108,7.85
2006-03-17,7.911,7.959,7.906,7.93,49042,7.93
2006-03-20,8.055,8.07,7.99,7.995,180177,7.995
2006-03-21,8.034,8.039,7.97,8.01,122905,8.01
2006-03-22,7.97,8.065,7.946,8.045,2278146,8.045
2006-03-23,8.015,8.025,7.955,7.98,58265,7.98
2006-03-24,7.991,8.045,7.97,8.015,224197,8.015
2006-03-27,8.09,8.095,8.031,8.035,57021,8.035
2006-03-28,8.07,8.08,8.001,8,130327,8
2006-03-29,8.056,8.185,8.056,8.155,92348,8.155
2006-03-30,8.25,8.265,8.171,8.23,105457,8.23
2006-03-31,8.235,8.245,8.191,8.225,57994,8.225
2006-04-03,8.4,8.44,8.346,8.41,1064068,8.41
2006-04-04,8.375,8.375,8.275,8.3,243054,8.3
2006-04-05,8.325,8.36,8.281,8.335,97199,8.335
2006-04-06,8.46,8.48,8.39,8.455,440440,8.455
2006-04-07,8.505,8.515,8.44,8.425,98457,8.425
2006-04-10,8.435,8.46,8.371,8.435,93382,8.435
2006-04-11,8.395,8.395,8.281,8.31,94209,8.31
2006-04-12,8.171,8.24,8.17,8.2,539333,8.2
2006-04-13,8.21,8.25,8.125,8.24,185106,8.24
2006-04-18,8.12,8.215,8.1,8.235,96473,8.235
2006-04-19,8.23,8.26,8.14,8.17,151701,8.17
2006-04-20,8.175,8.245,8.135,8.195,76529,8.195
2006-04-21,8.265,8.295,8.2,8.27,345510,8.27
2006-04-24,8.101,8.22,8.101,8.195,114471,8.195
2006-04-25,8.24,8.27,8.19,8.21,121410,8.21
2006-04-26,8.22,8.285,8.186,8.26,311596,8.26
2006-04-27,8.26,8.305,8.166,8.225,116115,8.225
2006-04-28,8.149,8.18,8.085,8.095,96444,8.095
2006-05-02,8.186,8.24,8.115,8.13,126792,8.13
2006-05-03,8.185,8.195,8.04,8.075,153226,8.075
2006-05-04,8.12,8.165,8.1,8.14,261413,8.14
2006-05-05,8.14,8.19,8.09,8.205,242683,8.205
2006-05-08,8.29,8.29,8.155,8.205,335886,8.205
2006-05-09,8.22,8.265,8.195,8.25,90643,8.25
2006-05-10,8.145,8.22,8.125,8.205,115088,8.205
2006-05-11,8.095,8.17,7.995,8.04,287136,8.04
2006-05-12,7.995,7.995,7.77,7.835,179258,7.835
2006-05-15,7.885,7.925,7.83,7.88,86867,7.88
2006-05-16,7.77,7.845,7.735,7.8,156101,7.8
2006-05-17,7.86,7.865,7.58,7.65,125317,7.65
2006-05-18,7.6,7.695,7.55,7.59,75062,7.59
2006-05-19,7.575,7.67,7.575,7.64,43427,7.64
2006-05-22,7.445,7.5,7.31,7.365,615477,7.365
2006-05-23,7.3,7.52,7.29,7.51,764678,7.51
2006-05-24,7.535,7.535,7.36,7.405,333717,7.405
2006-05-25,7.37,7.485,7.33,7.47,109238,7.47
2006-05-26,7.555,7.61,7.51,7.59,29675,7.59
2006-05-30,7.47,7.51,7.405,7.395,45562,7.395
2006-05-31,7.4,7.4,7.275,7.37,90189,7.37
2006-06-01,7.37,7.41,7.32,7.41,195285,7.41
2006-06-02,7.465,7.5,7.41,7.44,51240,7.44
2006-06-05,7.435,7.435,7.365,7.385,9042,7.385
2006-06-06,7.285,7.325,7.1455,7.16,232922,7.16
2006-06-07,7.09,7.22,7.09,7.21,195148,7.21
2006-06-08,6.87,7.015,6.815,6.905,387012,6.905
2006-06-09,7.01,7.07,6.96,7,467202,7
2006-06-12,7.08,7.09,6.96,6.98,75319,6.98
2006-06-13,6.745,6.825,6.72,6.745,379022,6.745
2006-06-14,6.8,6.805,6.65,6.72,250627,6.72
2006-06-15,6.86,6.92,6.81,6.915,111944,6.915
2006-06-16,7.03,7.07,6.975,6.985,74248,6.985
2006-06-19,6.96,7.05,6.96,7.05,28364,7.05
2006-06-20,6.99,7,6.92,7,35922,7
2006-06-21,6.955,7.02,6.94,7.03,41693,7.03
2006-06-22,7.18,7.18,7.125,7.14,42294,7.14
2006-06-23,7.15,7.165,7.115,7.13,36224,7.13
2006-06-26,7.165,7.295,7.165,7.2,490722,7.2
2006-06-27,7.18,7.18,7.08,7.095,84758,7.095
2006-06-28,7.04,7.095,7.03,7.065,109227,7.065
2006-06-29,7.175,7.27,7.14,7.26,65159,7.26
2006-06-30,7.37,7.41,7.34,7.36,144167,7.36
2006-07-03,7.41,7.45,7.365,7.44,233825,7.44
2006-07-04,7.455,7.455,7.38,7.41,49074,7.41
2006-07-05,7.32,7.33,7.26,7.255,78214,7.255
2006-07-06,7.35,7.38,7.27,7.365,139500,7.365
2006-07-07,7.34,7.34,7.26,7.28,262535,7.28
2006-07-10,7.465,7.465,7.395,7.42,31900,7.42
2006-07-11,7.38,7.38,7.3,7.3,141283,7.3
2006-07-12,7.295,7.295,7.24,7.255,31896,7.255
2006-07-13,7.19,7.19,7.055,7.08,36596,7.08
2006-07-14,6.93,7.015,6.88,6.925,198580,6.925
2006-07-17,6.93,6.95,6.87,6.94,35896,6.94
2006-07-18,6.79,6.825,6.75,6.75,109448,6.75
2006-07-19,6.735,6.94,6.73,6.91,172898,6.91
2006-07-20,6.94,7,6.925,6.96,664723,6.96
2006-07-21,6.89,6.915,6.825,6.835,35067,6.835
2006-07-24,6.86,6.995,6.86,6.985,148190,6.985
2006-07-25,7.005,7.025,6.95,7,114876,7
2006-07-26,6.975,7,6.94,6.955,51523,6.955
2006-07-27,7.06,7.115,7.03,7.105,48118,7.105
2006-07-28,7.175,7.23,7.13,7.215,40108,7.215
2006-07-31,7.255,7.265,7.195,7.22,67015,7.22
2006-08-01,7.18,7.215,7.075,7.105,80409,7.105
2006-08-02,7.2,7.215,7.15,7.2,28447,7.2
2006-08-03,7.155,7.215,7.085,7.1,26051,7.1
2006-08-04,7.115,7.155,7.085,7.115,157657,7.115
2006-08-07,6.98,6.98,6.88,6.92,67053,6.92
2006-08-08,7.055,7.055,6.985,6.995,162357,6.995
2006-08-09,7.08,7.105,7.05,7.105,284762,7.105
2006-08-10,7.09,7.14,7.075,7.12,234718,7.12
2006-08-11,7.07,7.09,7.02,7.055,52688,7.055
2006-08-14,7.169,7.185,7.14,7.17,105189,7.17
2006-08-15,7.18,7.25,7.135,7.24,435721,7.24
2006-08-16,7.3,7.345,7.27,7.31,96216,7.31
2006-08-17,7.33,7.35,7.29,7.345,55934,7.345
2006-08-18,7.345,7.385,7.345,7.37,88001,7.37
2006-08-21,7.255,7.34,7.255,7.265,29538,7.265
2006-08-22,7.325,7.355,7.28,7.325,51416,7.325
2006-08-23,7.34,7.345,7.255,7.295,504096,7.295
2006-08-24,7.255,7.265,7.205,7.235,309887,7.235
2006-08-25,7.195,7.22,7.17,7.185,40008,7.185
2006-08-29,7.18,7.18,7.14,7.145,57349,7.145
2006-08-30,7.09,7.165,7.09,7.13,57596,7.13
2006-08-31,7.25,7.25,7.16,7.18,90214,7.18
2006-09-01,7.22,7.26,7.175,7.225,77842,7.225
2006-09-04,7.285,7.36,7.285,7.34,85455,7.34
2006-09-05,7.405,7.405,7.33,7.35,24323,7.35
2006-09-06,7.345,7.355,7.29,7.3,270976,7.3
2006-09-07,7.235,7.25,7.17,7.21,47515,7.21
2006-09-08,7.28,7.315,7.25,7.26,33406,7.26
2006-09-11,7.19,7.19,7.115,7.145,110898,7.145
2006-09-12,7.035,7.18,7.035,7.14,167789,7.14
2006-09-13,7.08,7.13,7.04,7.095,155411,7.095
2006-09-14,7.145,7.16,7.045,7.065,103793,7.065
2006-09-15,7.085,7.15,7.05,7.09,85782,7.09
2006-09-18,7.065,7.09,7.045,7.075,145556,7.075
2006-09-19,7.07,7.095,7.035,7.01,340055,7.01
2006-09-20,7.015,7.085,6.965,7.045,153378,7.045
2006-09-21,7.065,7.065,7.015,7.03,47933,7.03
2006-09-22,6.965,6.985,6.895,6.91,264182,6.91
2006-09-25,6.97,6.97,6.88,6.935,155051,6.935
2006-09-26,6.915,6.98,6.915,6.945,90798,6.945
2006-09-27,7.125,7.125,7.07,7.11,85853,7.11
2006-09-28,7.18,7.2,7.155,7.175,119613,7.175
2006-09-29,7.22,7.25,7.18,7.225,117526,7.225
2006-10-02,7.23,7.27,7.22,7.245,180993,7.245
2006-10-03,7.175,7.23,7.12,7.175,51954,7.175
2006-10-04,7.125,7.2,7.125,7.195,150188,7.195
2006-10-05,7.31,7.34,7.255,7.305,200874,7.305
2006-10-06,7.34,7.34,7.245,7.27,539575,7.27
2006-10-09,7.275,7.275,7.185,7.22,731418,7.22
2006-10-10,7.25,7.32,7.24,7.3,436561,7.3
2006-10-11,7.295,7.295,7.22,7.245,484010,7.245
2006-10-12,7.225,7.29,7.22,7.26,507544,7.26
2006-10-13,7.295,7.31,7.265,7.285,141343,7.285
2006-10-16,7.34,7.375,7.33,7.35,333050,7.35
2006-10-17,7.335,7.335,7.24,7.25,169778,7.25
2006-10-18,7.31,7.36,7.305,7.345,81421,7.345
2006-10-19,7.28,7.35,7.27,7.32,182536,7.32
2006-10-20,7.335,7.36,7.265,7.275,343932,7.275
2006-10-23,7.3193,7.385,7.29,7.37,522217,7.37
2006-10-24,7.375,7.395,7.345,7.39,249153,7.39
2006-10-25,7.345,7.355,7.315,7.345,53406,7.345
2006-10-26,7.3708,7.4,7.34,7.355,184204,7.355
2006-10-27,7.33,7.335,7.29,7.32,351204,7.32
2006-10-30,7.1,7.225,7.1,7.215,105999,7.215
2006-10-31,7.18,7.205,7.15,7.195,2482796,7.195
2006-11-01,7.205,7.24,7.175,7.18,69743,7.18
2006-11-02,7.185,7.2,7.125,7.15,254689,7.15
2006-11-03,7.175,7.185,7.13,7.135,65556,7.135
2006-11-06,7.17,7.21,7.14,7.2,64125,7.2
2006-11-07,7.15,7.2,7.145,7.185,261793,7.185
2006-11-08,7.055,7.13,7.055,7.095,314202,7.095
2006-11-09,7.095,7.095,7.02,7.055,114042,7.055
2006-11-10,7.015,7.07,6.97,6.995,384795,6.995
2006-11-13,6.95,6.98,6.925,6.965,538971,6.965
2006-11-14,7.065,7.14,7.056,7.115,169197,7.115
2006-11-15,7.12,7.145,7.066,7.13,238501,7.13
2006-11-16,7.085,7.09,7.04,7.07,99554,7.07
2006-11-17,7.02,7.03,6.97,6.99,80813,6.99
2006-11-20,6.9,6.93,6.8,6.87,211174,6.87
2006-11-21,6.845,6.86,6.82,6.84,402724,6.84
2006-11-22,6.895,6.94,6.89,6.905,207504,6.905
2006-11-23,6.93,6.955,6.87,6.94,149878,6.94
2006-11-24,6.885,6.885,6.8,6.825,135434,6.825
2006-11-27,6.895,6.895,6.8,6.8,195245,6.8
2006-11-28,6.785,6.86,6.77,6.81,2450025,6.81
2006-11-29,6.92,6.96,6.88,6.95,131771,6.95
2006-11-30,7.015,7.05,6.95,6.965,142837,6.965
2006-12-01,7.015,7.02,6.865,6.895,709535,6.895
2006-12-04,6.91,7.03,6.91,7.005,105393,7.005
2006-12-05,6.995,7.035,6.985,7.025,187098,7.025
2006-12-06,7.135,7.135,7.07,7.095,231832,7.095
2006-12-07,7.11,7.17,7.11,7.165,47750,7.165
2006-12-08,7.106,7.135,7.055,7.12,64159,7.12
2006-12-11,7.125,7.15,7.09,7.13,127313,7.13
2006-12-12,7.135,7.135,7.065,7.085,260607,7.085
2006-12-13,7.075,7.13,7.075,7.1,80615,7.1
2006-12-14,7.145,7.185,7.125,7.185,143839,7.185
2006-12-15,7.16,7.26,7.135,7.235,222346,7.235
2006-12-18,7.23,7.27,7.2,7.205,283880,7.205
2006-12-19,7.099,7.119,7.051,7.075,154114,7.075
2006-12-20,7.109,7.185,7.1,7.175,3095226,7.175
2006-12-21,7.165,7.2,7.15,7.225,170540,7.225
2006-12-22,7.18,7.185,7.15,7.16,165051,7.16
2006-12-27,7.24,7.24,7.195,7.205,411798,7.205
2006-12-28,7.215,7.225,7.175,7.21,207388,7.21
2006-12-29,7.195,7.215,7.175,7.195,6340,7.195
2007-01-02,7.23,7.255,7.165,7.225,97096,7.225
2007-01-03,7.185,7.33,7.185,7.3,158070,7.3
2007-01-04,7.26,7.345,7.26,7.305,147617,7.305
2007-01-05,7.267,7.325,7.252,7.255,85322,7.255
2007-01-08,7.25,7.33,7.205,7.24,321151,7.24
2007-01-09,7.24,7.32,7.24,7.27,662224,7.27
2007-01-10,7.1525,7.2035,7.133,7.18,64834,7.18
2007-01-11,7.136,7.15,7.03,7.145,271687,7.145
2007-01-12,7.18,7.185,7.12,7.16,281772,7.16
2007-01-15,7.205,7.205,7.155,7.185,42056,7.185
2007-01-16,7.165,7.215,7.155,7.195,170142,7.195
2007-01-17,7.18,7.215,7.14,7.135,181142,7.135
2007-01-18,7.15,7.2,7.135,7.165,63668,7.165
2007-01-19,7.155,7.205,7.1362,7.17,60905,7.17
2007-01-22,7.205,7.235,7.135,7.15,110621,7.15
2007-01-23,7.14,7.185,7.12,7.17,596941,7.17
2007-01-24,7.265,7.335,7.19,7.32,338587,7.32
2007-01-25,7.27,7.305,7.2215,7.24,450889,7.24
2007-01-26,7.2,7.285,7.2,7.225,72513,7.225
2007-01-29,7.2525,7.275,7.23,7.27,22842,7.27
2007-01-30,7.18,7.29,7.18,7.285,38122,7.285
2007-01-31,7.275,7.285,7.225,7.24,151072,7.24
2007-02-01,7.35,7.3675,7.3018,7.3,204529,7.3
2007-02-02,7.325,7.3425,7.285,7.32,1322412,7.32
2007-02-05,7.2475,7.305,7.23,7.295,276308,7.295
2007-02-06,7.315,7.34,7.265,7.27,304353,7.27
2007-02-07,7.27,7.305,7.255,7.3,196751,7.3
2007-02-08,7.2085,7.255,7.1825,7.23,174387,7.23
2007-02-09,7.36,7.4,7.3475,7.36,208730,7.36
2007-02-12,7.285,7.345,7.2725,7.3,126341,7.3
2007-02-13,7.4125,7.47,7.3925,7.475,130620,7.475
2007-02-14,7.47,7.52,7.43,7.505,8887696,7.505
2007-02-15,7.5125,7.6225,7.5125,7.605,213212,7.605
2007-02-16,7.6175,7.67,7.58,7.615,252756,7.615
2007-02-19,7.65,7.68,7.61,7.645,370246,7.645
2007-02-20,7.64,7.66,7.56,7.595,879860,7.595
2007-02-21,7.585,7.63,7.55,7.565,201808,7.565
2007-02-22,7.659,7.679,7.625,7.615,1133233,7.615
2007-02-23,7.645,7.68,7.625,7.645,787151,7.645
2007-02-26,7.66,7.74,7.66,7.695,365815,7.695
2007-02-27,7.755,7.756,7.575,7.6,593389,7.6
2007-02-28,7.553,7.57,7.45,7.48,279945,7.48
2007-03-01,7.5,7.535,7.28,7.395,805681,7.395
2007-03-02,7.48,7.505,7.36,7.395,206749,7.395
2007-03-05,7.445,7.54,7.005,7.405,726210,7.405
2007-03-06,7.49,7.52,7.46,7.49,92057,7.49
2007-03-07,7.495,7.54,7.35,7.485,1300773,7.485
2007-03-08,7.59,7.64,7.57,7.615,547668,7.615
2007-03-09,7.62,7.63,7.5625,7.62,803897,7.62
2007-03-12,7.57,7.635,7.57,7.625,731690,7.625
2007-03-13,7.58,7.6,7.57,7.57,41023,7.57
2007-03-14,7.455,7.485,7.346,7.335,799067,7.335
2007-03-15,7.47,7.499,7.4,7.425,1185887,7.425
2007-03-16,7.359,7.429,7.3375,7.385,127492,7.385
2007-03-19,7.435,7.445,7.4,7.435,129896,7.435
2007-03-20,7.48,7.48,7.36,7.435,159487,7.435
2007-03-21,7.405,7.445,7.39,7.415,199732,7.415
2007-03-22,7.485,7.54,7.465,7.525,283504,7.525
2007-03-23,7.52,7.57,7.51,7.555,112378,7.555
2007-03-26,7.575,7.595,7.47,7.465,217578,7.465
2007-03-27,7.44,7.52,7.44,7.5,191215,7.5
2007-03-28,7.465,7.5,7.38,7.42,190945,7.42
2007-03-29,7.455,7.49,7.44,7.465,69229,7.465
2007-03-30,7.455,7.505,7.424,7.435,662241,7.435
2007-04-02,7.339,7.339,7.25,7.275,133499,7.275
2007-04-03,7.305,7.385,7.289,7.355,864177,7.355
2007-04-04,7.405,7.42,7.37,7.395,222408,7.395
2007-04-05,7.345,7.42,7.33,7.405,192570,7.405
2007-04-10,7.375,7.459,7.375,7.44,729685,7.44
2007-04-11,7.405,7.425,7.335,7.355,34977,7.355
2007-04-12,7.335,7.369,7.296,7.355,97468,7.355
2007-04-13,7.279,7.32,7.226,7.295,138961,7.295
2007-04-16,7.3,7.385,7.28,7.375,533997,7.375
2007-04-17,7.273,7.3,7.235,7.28,144844,7.28
2007-04-18,7.31,7.315,7.24,7.315,112861,7.315
2007-04-19,7.26,7.275,7.205,7.25,272457,7.25
2007-04-20,7.225,7.3,7.205,7.255,406902,7.255
2007-04-23,7.265,7.2725,7.1925,7.205,40792,7.205
2007-04-24,7.2275,7.2275,7.14,7.175,128456,7.175
2007-04-25,7.13,7.19,7.105,7.165,1794284,7.165
2007-04-26,7.175,7.21,7.155,7.165,185370,7.165
2007-04-27,7.165,7.17,7.0975,7.115,69810,7.115
2007-04-30,7.125,7.165,7.09,7.11,102379,7.11
2007-05-01,7.01,7.11,7.01,7.08,128723,7.08
2007-05-02,7.13,7.19,7.125,7.165,218949,7.165
2007-05-03,7.14,7.185,7.13,7.175,270562,7.175
2007-05-04,7.16,7.21,7.16,7.205,300742,7.205
2007-05-08,7.27,7.27,7.19,7.2,96427,7.2
2007-05-09,7.3,7.31,7.2575,7.27,86218,7.27
2007-05-10,7.265,7.28,7.223,7.245,222789,7.245
2007-05-11,7.26,7.285,7.205,7.275,222292,7.275
2007-05-14,7.263,7.295,7.25,7.27,115457,7.27
2007-05-15,7.2125,7.235,7.17,7.21,62648,7.21
2007-05-16,7.17,7.205,7.16,7.185,88289,7.185
2007-05-17,7.18,7.18,7.125,7.15,139107,7.15
2007-05-18,7.105,7.175,7.105,7.15,113425,7.15
2007-05-21,7.173,7.19,7.15,7.17,194080,7.17
2007-05-22,7.25,7.268,7.195,7.205,695314,7.205
2007-05-23,7.255,7.27,7.2,7.215,236614,7.215
2007-05-24,7.205,7.225,7.17,7.185,270931,7.185
2007-05-25,7.115,7.155,7.105,7.135,424887,7.135
2007-05-29,7.2125,7.27,7.193,7.225,87692,7.225
2007-05-30,7.2,7.24,7.135,7.235,773748,7.235
2007-05-31,7.3,7.345,7.28,7.33,230481,7.33
2007-06-01,7.32,7.3955,7.315,7.365,125870,7.365
2007-06-04,7.383,7.385,7.31,7.335,293055,7.335
2007-06-05,7.375,7.385,7.325,7.315,295698,7.315
2007-06-06,7.345,7.35,7.285,7.29,39014,7.29
2007-06-07,7.51,7.51,7.3,7.33,576814,7.33
2007-06-08,7.315,7.415,7.29,7.37,114665,7.37
2007-06-11,7.395,7.395,7.335,7.38,22433,7.38
2007-06-12,7.255,7.338,7.255,7.305,43939,7.305
2007-06-13,7.25,7.298,7.22,7.265,795673,7.265
2007-06-14,7.285,7.33,7.2665,7.33,302587,7.33
2007-06-15,7.311,7.385,7.311,7.355,126476,7.355
2007-06-18,7.35,7.38,7.335,7.345,60685,7.345
2007-06-19,7.265,7.33,7.265,7.295,257302,7.295
2007-06-20,7.306,7.335,7.265,7.28,166818,7.28
2007-06-21,7.32,7.32,7.25,7.28,264222,7.28
2007-06-22,7.24,7.265,7.21,7.22,83582,7.22
2007-06-25,7.185,7.225,7.14,7.19,124033,7.19
2007-06-26,7.2,7.23,7.165,7.195,37462,7.195
2007-06-27,7.1355,7.155,7.062,7.12,188592,7.12
2007-06-28,7.138,7.15,7.095,7.15,242778,7.15
2007-06-29,7.19,7.215,7.165,7.2,177009,7.2
2007-07-02,7.225,7.26,7.22,7.26,132477,7.26
2007-07-03,7.26,7.29,7.24,7.265,124134,7.265
2007-07-04,7.25,7.26,7.215,7.235,50895,7.235
2007-07-05,7.24,7.255,7.2195,7.245,49300,7.245
2007-07-06,7.245,7.245,7.19,7.215,39122,7.215
2007-07-09,7.24,7.2645,7.215,7.22,107494,7.22
2007-07-10,7.192,7.245,7.165,7.18,214729,7.18
2007-07-11,7.205,7.205,7.1,7.125,268302,7.125
2007-07-12,7.15,7.2139,7.115,7.15,2020430,7.15
2007-07-13,7.21,7.21,7.135,7.18,44110,7.18
2007-07-16,7.22,7.225,7.17,7.19,503472,7.19
2007-07-17,7.14,7.2,7.09,7.115,42010,7.115
2007-07-18,7.015,7.09,7.005,7.03,79248,7.03
2007-07-19,7.085,7.1275,7.065,7.11,785458,7.11
2007-07-20,7.13,7.135,7.045,7.05,102270,7.05
2007-07-23,7.095,7.125,7.05,7.105,1158981,7.105
2007-07-24,7.13,7.13,7.07,7.06,142721,7.06
2007-07-25,7.095,7.11,7.045,7.065,338603,7.065
2007-07-26,7.05,7.065,6.98,6.985,192712,6.985
2007-07-27,7.005,7.073,6.965,6.99,245013,6.99
2007-07-30,7.095,7.125,7.045,7.09,94308,7.09
2007-07-31,7.065,7.12,7.065,7.1,188744,7.1
2007-08-01,7.015,7.03,6.925,6.965,445027,6.965
2007-08-02,6.98,7,6.935,6.935,327338,6.935
2007-08-03,6.94,6.95,6.84,6.865,2603818,6.865
2007-08-06,6.99,6.99,6.89,6.935,2738145,6.935
2007-08-07,6.96,6.98,6.92,6.985,268594,6.985
2007-08-08,7.005,7.005,6.925,6.95,346137,6.95
2007-08-09,6.965,6.975,6.89,6.905,60222,6.905
2007-08-10,6.805,6.865,6.75,6.785,420188,6.785
2007-08-13,6.86,6.905,6.8425,6.885,273708,6.885
2007-08-14,6.93,6.9775,6.895,6.91,235486,6.91
2007-08-15,6.885,6.885,6.815,6.84,103379,6.84
2007-08-16,6.805,6.865,6.695,6.755,560660,6.755
2007-08-17,6.6625,6.83,6.6225,6.775,212571,6.775
2007-08-20,6.765,6.765,6.7,6.72,299438,6.72
2007-08-21,6.785,6.835,6.755,6.79,180273,6.79
2007-08-22,6.82,6.88,6.786,6.86,246844,6.86
2007-08-23,6.935,6.965,6.85,6.875,332527,6.875
2007-08-24,6.83,6.87,6.82,6.845,89715,6.845
2007-08-28,6.875,6.875,6.77,6.79,49537,6.79
2007-08-29,6.775,6.805,6.745,6.745,239375,6.745
2007-08-30,6.71,6.795,6.705,6.78,71120,6.78
2007-08-31,6.8575,6.935,6.8475,6.91,514302,6.91
2007-09-03,6.8525,6.91,6.8525,6.87,40743,6.87
2007-09-04,6.84,6.9,6.835,6.86,219851,6.86
2007-09-05,6.7925,6.82,6.69,6.7,113371,6.7
2007-09-06,6.725,6.7576,6.695,6.725,255023,6.725
2007-09-07,6.691,6.75,6.611,6.67,155534,6.67
2007-09-10,6.6515,6.666,6.541,6.565,93215,6.565
2007-09-11,6.64,6.67,6.616,6.645,66196,6.645
2007-09-12,6.6125,6.6325,6.58,6.63,160275,6.63
2007-09-13,6.605,6.605,6.535,6.58,46461,6.58
2007-09-14,6.64,6.698,6.635,6.685,116586,6.685
2007-09-17,6.716,6.74,6.644,6.69,43790,6.69
2007-09-18,6.575,6.654,6.575,6.64,311393,6.64
2007-09-19,6.75,6.87,6.72,6.86,578983,6.86
2007-09-20,6.75,6.82,6.75,6.8,264096,6.8
2007-09-21,6.795,6.795,6.685,6.735,971542,6.735
2007-09-24,6.725,6.82,6.702,6.765,93815,6.765
2007-09-25,6.79,6.875,6.745,6.79,632252,6.79
2007-09-26,6.874,6.89,6.826,6.85,304225,6.85
2007-09-27,6.935,7.005,6.935,6.96,433068,6.96
2007-09-28,7.018,7.018,6.92,6.945,73162,6.945
2007-10-01,6.917,6.97,6.88,6.965,42826,6.965
2007-10-02,7.018,7.07,6.987,6.99,798227,6.99
2007-10-03,7.05,7.12,6.992,7.015,85396,7.015
2007-10-04,7.04,7.048,6.965,6.99,466590,6.99
2007-10-05,7.044,7.075,7.025,7.06,49860,7.06
2007-10-08,7.051,7.09,7,7.04,109666,7.04
2007-10-09,7.045,7.1,6.98,7.075,505440,7.075
2007-10-10,7.006,7.006,6.955,6.97,101368,6.97
2007-10-11,7.101,7.135,7.06,7.085,105085,7.085
2007-10-12,7.041,7.07,7.013,7.05,1822107,7.05
2007-10-15,7.017,7.025,6.948,6.96,150100,6.96
2007-10-16,6.8795,6.905,6.84,6.875,125652,6.875
2007-10-17,6.85,6.865,6.815,6.85,260477,6.85
2007-10-18,6.895,6.895,6.805,6.835,83755,6.835
2007-10-19,6.864,6.864,6.76,6.77,61491,6.77
2007-10-22,6.72,6.815,6.72,6.805,58716,6.805
2007-10-23,6.808,6.835,6.719,6.725,79006,6.725
2007-10-24,6.7,6.769,6.657,6.68,77197,6.68
2007-10-25,6.67,6.72,6.67,6.715,95576,6.715
2007-10-26,6.77,6.805,6.735,6.81,616314,6.81
2007-10-29,6.912,6.912,6.835,6.845,219075,6.845
2007-10-30,6.848,6.851,6.775,6.8,34515,6.8
2007-10-31,6.81,6.841,6.795,6.81,413648,6.81
2007-11-01,6.863,6.863,6.745,6.745,70902,6.745
2007-11-02,6.764,6.768,6.67,6.715,131300,6.715
2007-11-05,6.634,6.65,6.6,6.62,99088,6.62
2007-11-06,6.639,6.665,6.62,6.66,180034,6.66
2007-11-07,6.599,6.607,6.509,6.515,71357,6.515
2007-11-08,6.436,6.47,6.395,6.41,133136,6.41
2007-11-09,6.315,6.375,6.235,6.305,650461,6.305
2007-11-12,6.36,6.485,6.348,6.455,404786,6.455
2007-11-13,6.44,6.44,6.36,6.45,546890,6.45
2007-11-14,6.53,6.6,6.5,6.59,88609,6.59
2007-11-15,6.56,6.62,6.54,6.555,516184,6.555
2007-11-16,6.58,6.595,6.48,6.495,104623,6.495
2007-11-19,6.48,6.51,6.2,6.385,547302,6.385
2007-11-20,6.435,6.54,6.435,6.53,101408,6.53
2007-11-21,6.375,6.42,6.335,6.365,109879,6.365
2007-11-22,6.355,6.445,6.355,6.425,753004,6.425
2007-11-23,6.485,6.57,6.43,6.555,297906,6.555
2007-11-26,6.61,6.65,6.56,6.56,1044485,6.56
2007-11-27,6.655,6.655,6.56,6.61,218301,6.61
2007-11-28,6.635,6.7,6.555,6.635,179672,6.635
2007-11-29,6.705,6.77,6.7,6.755,212470,6.755
2007-11-30,6.8,6.845,6.75,6.82,148773,6.82
2007-12-03,6.86,6.86,6.72,6.73,109245,6.73
2007-12-04,6.675,6.725,6.645,6.69,207816,6.69
2007-12-05,6.835,6.915,6.83,6.935,74479,6.935
2007-12-06,6.955,6.955,6.91,6.915,19835,6.915
2007-12-07,6.985,6.985,6.905,6.925,160348,6.925
2007-12-10,6.915,6.92,6.88,6.9,234625,6.9
2007-12-11,6.9,6.915,6.885,6.905,332500,6.905
2007-12-12,6.875,6.89,6.85,6.86,49517,6.86
2007-12-13,6.683,6.722,6.605,6.62,188026,6.62
2007-12-14,6.57,6.61,6.52,6.595,154500,6.595
2007-12-17,6.505,6.51,6.445,6.49,97249,6.49
2007-12-18,6.45,6.48,6.45,6.46,40458,6.46
2007-12-19,6.465,6.525,6.43,6.505,12508,6.505
2007-12-20,6.485,6.58,6.485,6.56,37209,6.56
2007-12-21,6.6,6.625,6.565,6.625,59630,6.625
2007-12-24,6.56,6.61,6.56,6.585,4740,6.585
2007-12-27,6.68,6.68,6.595,6.615,33245,6.615
2007-12-28,6.57,6.645,6.57,6.595,69813,6.595
2007-12-31,6.55,6.625,6.55,6.615,44950,6.615
2008-01-02,6.615,6.695,6.615,6.655,25268,6.655
2008-01-03,6.7,6.705,6.66,6.675,111891,6.675
2008-01-04,6.655,6.655,6.465,6.5,179105,6.5
2008-01-07,6.485,6.52,6.46,6.5,131063,6.5
2008-01-08,6.52,6.52,6.47,6.545,77123,6.545
2008-01-09,6.62,6.63,6.595,6.605,40170,6.605
2008-01-10,6.64,6.64,6.485,6.545,87869,6.545
2008-01-11,6.48,6.545,6.42,6.475,421104,6.475
2008-01-14,6.525,6.55,6.51,6.515,39790,6.515
2008-01-15,6.46,6.49,6.325,6.35,109464,6.35
2008-01-16,6.265,6.285,6.215,6.205,52643,6.205
2008-01-17,6.31,6.34,6.195,6.19,94088,6.19
2008-01-18,6.32,6.34,6.26,6.25,605477,6.25
2008-01-21,6.18,6.18,5.915,5.95,252417,5.95
2008-01-22,5.8,6.115,5.8,6.105,62125,6.105
2008-01-23,6.05,6.05,5.825,5.94,91538,5.94
2008-01-24,6.16,6.4,6.15,6.4,131635,6.4
2008-01-25,6.39,6.42,6.31,6.33,343296,6.33
2008-01-28,6.19,6.27,6.155,6.27,200868,6.27
2008-01-29,6.285,6.33,6.285,6.275,119282,6.275
2008-01-30,6.255,6.28,6.2,6.21,120250,6.21
2008-01-31,6.315,6.365,6.26,6.34,76728,6.34
2008-02-01,6.33,6.495,6.33,6.485,140671,6.485
2008-02-04,6.485,6.505,6.43,6.46,81456,6.46
2008-02-05,6.425,6.445,6.24,6.315,366647,6.315
2008-02-06,6.28,6.295,6.205,6.275,242863,6.275
2008-02-07,6.265,6.275,6.205,6.24,51411,6.24
2008-02-08,6.21,6.21,6.14,6.155,71046,6.155
2008-02-11,6.17,6.21,6.11,6.14,102249,6.14
2008-02-12,6.16,6.215,6.16,6.235,54226,6.235
2008-02-13,6.175,6.2,6.135,6.175,47836,6.175
2008-02-14,6.255,6.31,6.255,6.25,85505,6.25
2008-02-15,6.33,6.345,6.23,6.265,44690,6.265
2008-02-18,6.3,6.395,6.3,6.435,50106,6.435
2008-02-19,6.43,6.495,6.43,6.45,66412,6.45
2008-02-20,6.29,6.315,6.26,6.28,25457,6.28
2008-02-21,6.345,6.385,6.32,6.325,14557,6.325
2008-02-22,6.29,6.3,6.265,6.28,501368,6.28
2008-02-25,6.44,6.45,6.365,6.385,112693,6.385
2008-02-26,6.455,6.455,6.37,6.45,97355,6.45
2008-02-27,6.385,6.45,6.38,6.45,90183,6.45
2008-02-28,6.44,6.445,6.3,6.38,233649,6.38
2008-02-29,6.25,6.41,6.25,6.33,60293,6.33
2008-03-03,6.205,6.305,6.19,6.27,111672,6.27
2008-03-04,6.19,6.205,6.145,6.145,38222,6.145
2008-03-05,6.21,6.245,6.2,6.215,7577,6.215
2008-03-06,6.25,6.25,6.09,6.115,16155,6.115
2008-03-07,6.045,6.08,5.97,6.08,82981,6.08
2008-03-10,5.995,5.995,5.93,5.97,54468,5.97
2008-03-11,6.07,6.07,5.99,6.04,105233,6.04
2008-03-12,6.08,6.13,6.08,6.12,71186,6.12
2008-03-13,5.93,6.015,5.89,5.985,104988,5.985
2008-03-14,5.9,5.985,5.87,5.88,82438,5.88
2008-03-17,5.84,5.93,5.815,5.855,89113,5.855
2008-03-18,5.95,5.98,5.915,5.97,146616,5.97
2008-03-19,5.965,6.08,5.965,6.04,88724,6.04
2008-03-20,6.01,6.04,5.86,5.97,406223,5.97
2008-03-25,6.265,6.315,6.235,6.28,251147,6.28
2008-03-26,6.19,6.25,6.18,6.18,174327,6.18
2008-03-27,6.185,6.19,6.115,6.195,70653,6.195
2008-03-28,6.23,6.305,6.23,6.25,66603,6.25
2008-03-31,6.14,6.21,6.14,6.2,68337,6.2
2008-04-01,6.265,6.345,6.265,6.335,32556,6.335
2008-04-02,6.395,6.425,6.37,6.38,45329,6.38
2008-04-03,6.4,6.43,6.335,6.395,51738,6.395
2008-04-04,6.365,6.405,6.34,6.395,43275,6.395
2008-04-07,6.455,6.525,6.445,6.465,64176,6.465
2008-04-08,6.39,6.42,6.37,6.41,24002,6.41
2008-04-09,6.33,6.34,6.29,6.315,34216,6.315
2008-04-10,6.415,6.415,6.275,6.315,30409,6.315
2008-04-11,6.395,6.415,6.35,6.335,43648,6.335
2008-04-14,6.29,6.33,6.23,6.25,22930,6.25
2008-04-15,6.355,6.385,6.3,6.32,8218,6.32
2008-04-16,6.38,6.475,6.375,6.455,36777,6.455
2008-04-17,6.47,6.52,6.425,6.42,18446,6.42
2008-04-18,6.445,6.46,6.425,6.445,71686,6.445
2008-04-21,6.5,6.56,6.5,6.53,7647,6.53
2008-04-22,6.54,6.54,6.455,6.44,95913,6.44
2008-04-23,6.45,6.475,6.42,6.5,53541,6.5
2008-04-24,6.435,6.52,6.43,6.52,358670,6.52
2008-04-25,6.575,6.62,6.54,6.57,91601,6.57
2008-04-28,6.63,6.655,6.63,6.635,23439,6.635
2008-04-29,6.67,6.75,6.67,6.73,82004,6.73
2008-04-30,6.73,6.73,6.675,6.7,40218,6.7
2008-05-01,6.72,6.72,6.615,6.685,38400,6.685
2008-05-02,6.755,6.81,6.69,6.77,1026257,6.77
2008-05-06,6.83,6.83,6.74,6.77,66156,6.77
2008-05-07,6.85,6.9,6.83,6.855,173678,6.855
2008-05-08,6.815,6.815,6.785,6.825,8675,6.825
2008-05-09,6.73,6.75,6.695,6.75,237234,6.75
2008-05-12,6.775,6.775,6.68,6.685,96391,6.685
2008-05-13,6.815,6.83,6.755,6.75,93316,6.75
2008-05-14,6.85,6.875,6.79,6.84,76955,6.84
2008-05-15,6.89,6.95,6.875,6.915,104641,6.915
2008-05-16,6.93,6.975,6.91,6.95,94284,6.95
2008-05-19,6.965,7.04,6.935,7.03,69643,7.03
2008-05-20,7.005,7.005,6.845,6.855,10255,6.855
2008-05-21,6.855,6.855,6.795,6.825,29969,6.825
2008-05-22,6.81,6.825,6.745,6.76,78518,6.76
2008-05-23,6.76,6.76,6.705,6.71,31540,6.71
2008-05-27,6.89,6.89,6.68,6.715,43927,6.715
2008-05-28,6.635,6.67,6.57,6.595,681397,6.595
2008-05-29,6.76,6.76,6.67,6.705,30703,6.705
2008-05-30,6.84,6.895,6.83,6.85,109735,6.85
2008-06-02,6.95,6.98,6.915,6.915,106864,6.915
2008-06-03,6.97,6.98,6.895,6.96,1027615,6.96
2008-06-04,6.985,7.04,6.935,7.035,41617,7.035
2008-06-05,6.98,7.025,6.975,7.02,79034,7.02
2008-06-06,6.98,6.99,6.81,6.795,182961,6.795
2008-06-09,6.825,6.835,6.725,6.79,142796,6.79
2008-06-10,6.645,6.695,6.63,6.66,26530,6.66
2008-06-11,6.715,6.715,6.6,6.595,213079,6.595
2008-06-12,6.615,6.66,6.6,6.65,36369,6.65
2008-06-13,6.67,6.675,6.5,6.64,272179,6.64
2008-06-16,6.68,6.685,6.63,6.63,102028,6.63
2008-06-17,6.775,6.775,6.74,6.715,42233,6.715
2008-06-18,6.735,6.735,6.64,6.675,85597,6.675
2008-06-19,6.585,6.585,6.53,6.54,126440,6.54
2008-06-20,6.47,6.47,6.375,6.4,87542,6.4
2008-06-23,6.425,6.43,6.385,6.41,61723,6.41
2008-06-24,6.4,6.4,6.315,6.375,98705,6.375
2008-06-25,6.405,6.45,6.38,6.44,52128,6.44
2008-06-26,6.33,6.33,6.225,6.24,51787,6.24
2008-06-27,6.245,6.29,6.21,6.24,66325,6.24
2008-06-30,6.275,6.295,6.25,6.33,83636,6.33
2008-07-01,6.27,6.27,6.2,6.22,83917,6.22
2008-07-02,6.235,6.255,6.2,6.215,14198,6.215
2008-07-03,6.15,6.225,6.145,6.225,112929,6.225
2008-07-04,6.18,6.185,6.13,6.145,46780,6.145
2008-07-07,6.23,6.29,6.225,6.285,111510,6.285
2008-07-08,6.125,6.17,6.06,6.155,169964,6.155
2008-07-09,6.14,6.195,6.14,6.185,1108864,6.185
2008-07-10,6.12,6.185,6.1,6.135,119136,6.135
2008-07-11,6.095,6.095,6.01,5.985,99568,5.985
2008-07-14,6.065,6.095,6.04,6.065,7761,6.065
2008-07-15,5.93,5.96,5.885,5.925,39472,5.925
2008-07-16,5.95,6.02,5.935,6.015,167700,6.015
2008-07-17,6.065,6.08,6.03,6.04,27724,6.04
2008-07-18,5.97,6.04,5.97,6.03,190054,6.03
2008-07-21,6.015,6.11,6.015,6.06,192005,6.06
2008-07-22,6.175,6.175,6.005,6.075,291781,6.075
2008-07-23,6.16,6.175,6.135,6.115,85519,6.115
2008-07-24,6.24,6.24,6.2,6.21,11628,6.21
2008-07-25,6.135,6.24,6.07,6.12,55860,6.12
2008-07-28,6.08,6.1,6.07,6.065,12276,6.065
2008-07-29,5.95,6.005,5.92,6.045,55325,6.045
2008-07-30,6.105,6.165,6.105,6.105,65008,6.105
2008-07-31,6.12,6.13,6.06,6.08,134232,6.08
2008-08-01,5.965,6,5.93,5.99,127445,5.99
2008-08-04,5.88,5.885,5.875,5.875,26858,5.875
2008-08-05,5.93,5.97,5.93,5.985,83328,5.985
2008-08-06,6.035,6.04,5.945,6.005,85740,6.005
2008-08-07,5.91,5.96,5.9,5.92,82684,5.92
2008-08-08,5.905,5.995,5.905,5.985,10886,5.985
2008-08-11,6.03,6.08,6.005,6.075,75004,6.075
2008-08-12,6.065,6.115,6.065,6.11,34719,6.11
2008-08-13,6.05,6.13,6.03,6.085,82550,6.085
2008-08-14,6.09,6.09,6.035,6.065,40221,6.065
2008-08-15,6.125,6.125,6.05,6.065,49001,6.065
2008-08-18,6.145,6.145,6.125,6.14,35715,6.14
2008-08-19,6.045,6.045,5.975,5.99,34476,5.99
2008-08-20,6.06,6.06,6,6.05,7193,6.05
2008-08-21,6.09,6.09,5.985,5.985,59668,5.985
2008-08-22,5.985,6.055,5.985,6.075,35473,6.075
2008-08-26,6.115,6.13,6.09,6.105,10186,6.105
2008-08-27,6.105,6.13,6.08,6.13,43428,6.13
2008-08-28,6.12,6.2,6.095,6.185,44180,6.185
2008-08-29,6.265,6.305,6.25,6.28,80101,6.28
2008-09-01,6.265,6.335,6.265,6.355,37520,6.355
2008-09-02,6.33,6.335,6.305,6.325,10203,6.325
2008-09-03,6.345,6.345,6.25,6.285,48673,6.285
2008-09-04,6.23,6.23,6.165,6.165,61012,6.165
2008-09-05,6.175,6.185,6.14,6.09,37396,6.09
2008-09-08,6.27,6.315,6.265,6.305,61343,6.305
2008-09-09,6.29,6.29,6.255,6.23,33887,6.23
2008-09-10,6.31,6.31,6.21,6.225,241993,6.225
2008-09-11,6.165,6.22,6.16,6.225,28961,6.225
2008-09-12,6.225,6.225,6.13,6.14,8714,6.14
2008-09-15,6.075,6.075,5.925,5.94,44872,5.94
2008-09-16,6.005,6.005,5.85,5.875,40066,5.875
2008-09-17,5.86,5.925,5.755,5.755,44042,5.755
2008-09-18,5.72,5.785,5.685,5.745,145557,5.745
2008-09-19,6.02,6.07,5.995,6.025,146465,6.025
2008-09-22,6.75,6.75,5.865,5.865,112287,5.865
2008-09-23,5.75,5.875,5.75,5.815,49184,5.815
2008-09-24,5.99,5.99,5.865,5.88,167916,5.88
2008-09-25,5.86,5.915,5.84,5.95,81959,5.95
2008-09-26,5.945,5.96,5.895,5.905,25172,5.905
2008-09-29,5.825,5.845,5.795,5.795,44928,5.795
2008-09-30,5.73,5.83,5.73,5.87,51325,5.87
2008-10-01,5.88,5.92,5.85,5.895,44348,5.895
2008-10-02,5.825,5.875,5.775,5.71,24548,5.71
2008-10-03,5.64,5.66,5.6,5.65,67282,5.65
2008-10-06,5.48,5.48,5.385,5.4,116704,5.4
2008-10-07,5.445,5.46,5.4,5.4,407236,5.4
2008-10-08,5.06,5.265,5.06,5.145,156810,5.145
2008-10-09,5.01,5.27,5,5.175,117756,5.175
2008-10-10,4.935,4.97,4.5,5.5,265319,5.5
2008-10-13,5.11,5.17,5,5.14,240528,5.14
2008-10-14,5.33,5.51,5.24,5.43,510143,5.43
2008-10-15,5.395,5.4,5,5.065,360551,5.065
2008-10-16,5.03,5.15,4.83,5.1,311673,5.1
2008-10-17,5.03,5.105,4.97,4.995,102296,4.995
2008-10-20,5.025,5.295,4.92,4.92,97902,4.92
2008-10-21,5.695,5.695,5.34,5.425,446049,5.425
2008-10-22,5.405,5.46,5.265,5.335,57981,5.335
2008-10-23,5.33,5.45,5.25,5.415,80090,5.415
2008-10-24,5.34,5.43,5,5.2,325866,5.2
2008-10-27,5.065,5.19,4.82,5.13,751348,5.13
2008-10-28,5.32,5.32,5.17,5.19,185481,5.19
2008-10-29,5.3,5.55,5.22,5.28,56236,5.28
2008-10-30,5.38,5.525,5.38,5.46,256235,5.46
2008-10-31,5.63,5.63,5.3,5.485,806568,5.485
2008-11-03,5.525,5.68,5.49,5.715,143785,5.715
2008-11-04,5.86,5.945,5.835,5.93,334517,5.93
2008-11-05,6.095,6.095,5.855,5.875,395310,5.875
2008-11-06,5.6,5.795,5.49,5.525,206956,5.525
2008-11-07,5.81,5.81,5.575,5.68,186229,5.68
2008-11-10,5.885,5.94,5.83,5.86,28484,5.86
2008-11-11,5.69,5.715,5.58,5.59,23915,5.59
2008-11-12,5.79,5.82,5.665,5.72,124238,5.72
2008-11-13,5.735,5.9,5.735,5.8,164238,5.8
2008-11-14,5.88,5.935,5.755,5.84,211683,5.84
2008-11-17,5.8,5.8,5.56,5.675,7987,5.675
2008-11-18,5.595,5.66,5.595,5.66,140215,5.66
2008-11-19,5.59,5.59,5.405,5.405,16276,5.405
2008-11-20,5.455,5.455,5.34,5.335,121638,5.335
2008-11-21,5.51,5.57,5.375,5.41,97440,5.41
2008-11-24,5.57,5.77,5.57,5.74,59979,5.74
2008-11-25,5.59,5.73,5.59,5.605,54090,5.605
2008-11-26,5.49,5.595,5.45,5.605,14586,5.605
2008-11-27,5.535,5.68,5.535,5.68,81494,5.68
2008-11-28,5.6,5.605,5.52,5.65,457472,5.65
2008-12-01,5.57,5.695,5.55,5.57,503955,5.57
2008-12-02,5.55,5.745,5.55,5.665,447974,5.665
2008-12-03,5.69,5.805,5.64,5.8,65802,5.8
2008-12-04,5.73,5.85,5.72,5.685,64693,5.685
2008-12-05,5.72,5.72,5.515,5.6,169477,5.6
2008-12-08,5.77,5.91,5.715,5.91,226151,5.91
2008-12-09,5.89,5.985,5.885,5.93,142200,5.93
2008-12-10,5.99,6.03,5.945,6.015,386082,6.015
2008-12-11,6.08,6.22,6.05,6.075,217849,6.075
2008-12-12,5.95,6.06,5.885,6.005,41420,6.005
2008-12-15,5.85,6.085,5.84,5.865,202914,5.865
2008-12-16,5.915,5.975,5.905,5.95,113148,5.95
2008-12-17,5.965,6.12,5.965,6.11,105341,6.11
2008-12-18,6.04,6.15,6.04,6.12,230367,6.12
2008-12-19,6,6.19,6,6.165,220446,6.165
2008-12-22,6.2,6.38,6.19,6.38,941670,6.38
2008-12-23,6.155,6.4,6.095,6.115,226165,6.115
2008-12-24,6.29,6.29,6.09,6.105,99090,6.105
2008-12-29,6.27,6.395,6.27,6.33,15550,6.33
2008-12-30,6.435,6.545,6.425,6.59,82770,6.59
2008-12-31,6.475,6.56,6.475,6.495,25566,6.495
2009-01-02,6.55,6.68,6.49,6.68,121767,6.68
2009-01-05,6.525,6.525,6.41,6.44,238666,6.44
2009-01-06,6.35,6.39,6.255,6.26,210985,6.26
2009-01-07,6.2,6.36,6.05,6.085,190570,6.085
2009-01-08,6.05,6.14,5.98,6.105,236822,6.105
2009-01-09,6.04,6.065,5.82,5.995,410636,5.995
2009-01-12,6.095,6.115,6.075,6.105,289694,6.105
2009-01-13,6.005,6.09,5.985,6.075,151299,6.075
2009-01-14,6.045,6.05,5.85,5.875,557246,5.875
2009-01-15,6.03,6.03,5.865,5.88,102323,5.88
2009-01-16,5.965,5.99,5.85,5.865,462518,5.865
2009-01-19,5.995,6.005,5.92,5.92,6771,5.92
2009-01-20,6.145,6.27,6.035,6.13,322693,6.13
2009-01-21,6.13,6.24,6.05,6.24,94814,6.24
2009-01-22,6.185,6.275,6.09,6.09,34252,6.09
2009-01-23,6.165,6.17,6.075,6.14,221287,6.14
2009-01-26,6.11,6.16,6.02,6.16,43758,6.16
2009-01-27,6.18,6.25,6.175,6.22,26071,6.22
2009-01-28,6.23,6.24,6.18,6.24,524955,6.24
2009-01-29,6.195,6.205,6.06,6.06,176331,6.06
2009-01-30,5.76,6.035,5.76,5.89,130154,5.89
2009-02-02,6.155,6.155,5.875,5.9,150509,5.9
2009-02-03,5.88,5.97,5.88,5.93,330718,5.93
2009-02-04,5.965,6.02,5.95,5.98,383850,5.98
2009-02-05,5.95,5.955,5.8,5.84,60170,5.84
2009-02-06,5.75,5.89,5.75,5.83,159941,5.83
2009-02-09,5.665,5.745,5.615,5.71,142196,5.71
2009-02-10,5.62,5.72,5.615,5.615,46863,5.615
2009-02-11,5.745,5.775,5.5,5.745,126850,5.745
2009-02-12,5.785,5.8,5.58,5.69,108643,5.69
2009-02-13,5.675,5.695,5.595,5.62,45610,5.62
2009-02-16,5.725,5.735,5.665,5.665,47901,5.665
2009-02-17,5.625,5.645,5.425,5.44,50972,5.44
2009-02-18,5.58,5.58,5.49,5.485,366882,5.485
2009-02-19,5.47,5.48,5.3,5.43,331894,5.43
2009-02-20,5.32,5.32,5.195,5.195,98487,5.195
2009-02-23,5.3,5.3,5.095,5.09,195770,5.09
2009-02-24,5.15,5.15,5,5.08,282377,5.08
2009-02-25,5.18,5.245,5.18,5.165,416155,5.165
2009-02-26,5.215,5.215,5.15,5.165,62012,5.165
2009-02-27,5.27,5.3,5.155,5.18,115263,5.18
2009-03-02,5.11,5.18,5.11,5.135,272996,5.135
2009-03-03,5.115,5.135,5,5,331382,5
2009-03-04,5.14,5.145,5.07,5.12,106072,5.12
2009-03-05,5.075,5.08,5,5,36653,5
2009-03-06,5.02,5.055,4.95,4.99,119725,4.99
2009-03-09,4.915,5.03,4.88,4.995,88670,4.995
2009-03-10,5.005,5.215,5.005,5.22,66059,5.22
2009-03-11,5.165,5.26,5.14,5.2,227137,5.2
2009-03-12,5.075,5.16,5.055,5.155,239743,5.155
2009-03-13,5.23,5.24,5.12,5.12,221353,5.12
2009-03-16,5.26,5.36,5.24,5.36,60318,5.36
2009-03-17,5.275,5.36,5.275,5.36,127482,5.36
2009-03-18,5.425,5.465,5.42,5.4,87375,5.4
2009-03-19,5.435,5.48,5.41,5.425,360956,5.425
2009-03-20,5.365,5.39,5.31,5.35,80261,5.35
2009-03-23,5.54,5.6,5.405,5.6,291908,5.6
2009-03-24,5.525,5.525,5.42,5.465,409138,5.465
2009-03-25,5.54,5.655,5.5,5.625,198515,5.625
2009-03-26,5.74,5.74,5.6,5.735,404103,5.735
2009-03-27,5.73,5.775,5.7,5.7,171116,5.7
2009-03-30,5.66,5.66,5.515,5.515,252102,5.515
2009-03-31,5.45,5.485,5.43,5.475,381501,5.475
2009-04-01,5.53,5.57,5.46,5.545,115149,5.545
2009-04-02,5.65,5.71,5.615,5.675,241734,5.675
2009-04-03,5.645,5.7,5.565,5.595,212262,5.595
2009-04-06,5.445,5.54,5.44,5.54,288120,5.54
2009-04-07,5.63,5.63,5.49,5.51,133652,5.51
2009-04-08,5.505,5.59,5.495,5.59,380091,5.59
2009-04-09,5.66,5.75,5.66,5.745,14201,5.745
2009-04-14,5.65,5.685,5.63,5.65,155158,5.65
2009-04-15,5.605,5.625,5.555,5.575,76621,5.575
2009-04-16,5.595,5.665,5.56,5.665,108873,5.665
2009-04-17,5.7,5.765,5.7,5.735,155320,5.735
2009-04-20,5.82,5.835,5.715,5.75,64228,5.75
2009-04-21,5.75,5.8,5.67,5.72,105340,5.72
2009-04-22,5.7,5.85,5.675,5.88,145620,5.88
2009-04-23,5.84,5.855,5.76,5.775,10714,5.775
2009-04-24,5.845,5.9,5.8,5.875,47273,5.875
2009-04-27,5.865,5.895,5.835,5.895,69524,5.895
2009-04-28,5.795,5.85,5.735,5.78,105768,5.78
2009-04-29,5.77,5.82,5.755,5.81,135844,5.81
2009-04-30,5.81,5.86,5.775,5.775,69067,5.775
2009-05-01,5.775,5.775,5.74,5.765,15065,5.765
2009-05-05,5.835,5.9,5.77,5.835,17002,5.835
2009-05-06,5.84,5.95,5.815,5.93,5000,5.93
2009-05-07,5.925,5.98,5.885,5.875,140022,5.875
2009-05-08,5.985,6.05,5.96,5.985,16700,5.985
2009-05-11,5.965,6.03,5.94,5.995,47866,5.995
2009-05-12,5.98,5.995,5.95,5.95,3000,5.95
2009-05-13,6.015,6.055,5.925,5.935,5000,5.935
2009-05-14,5.92,5.945,5.9,5.92,58047,5.92
2009-05-15,5.995,6.08,5.97,6.005,103212,6.005
2009-05-18,5.955,5.955,5.895,5.975,42394,5.975
2009-05-19,5.875,5.99,5.875,5.905,228614,5.905
2009-05-20,5.95,6.02,5.915,5.915,12863,5.915
2009-05-21,5.865,5.965,5.805,5.785,100238,5.785
2009-05-22,5.83,5.87,5.74,5.78,1000,5.78
2009-05-26,5.825,5.88,5.765,5.865,59754,5.865
2009-05-27,5.83,5.845,5.815,5.815,4100,5.815
2009-05-28,5.76,5.775,5.73,5.76,153168,5.76
2009-05-29,5.745,5.78,5.715,5.715,37000,5.715
2009-06-01,5.845,5.9,5.775,5.775,50752,5.775
2009-06-02,5.745,5.775,5.705,5.705,8350,5.705
2009-06-03,5.675,5.7,5.65,5.695,63542,5.695
2009-06-04,5.75,5.825,5.75,5.805,26263,5.805
2009-06-05,5.86,5.88,5.785,5.815,500,5.815
2009-06-08,5.835,5.845,5.775,5.78,15303,5.78
2009-06-09,5.77,5.77,5.74,5.725,54922,5.725
2009-06-10,5.79,5.845,5.745,5.77,152452,5.77
2009-06-11,5.8,5.82,5.745,5.77,46968,5.77
2009-06-12,5.82,5.83,5.78,5.78,25394,5.78
2009-06-15,5.81,5.82,5.725,5.73,33091,5.73
2009-06-16,5.7,5.715,5.7,5.7,2500,5.7
2009-06-17,5.75,5.77,5.735,5.7644,84815,5.7644
2009-06-18,5.74,5.775,5.72,5.735,88664,5.735
2009-06-19,5.715,5.75,5.715,5.725,8698,5.725
2009-06-22,5.715,5.75,5.63,5.61,40202,5.61
2009-06-23,5.73,5.73,5.63,5.5966,25907,5.5966
2009-06-24,5.605,5.695,5.56,5.695,37269,5.695
2009-06-25,5.675,5.73,5.675,5.73,831,5.73
2009-06-26,5.775,5.8,5.73,5.76,14289,5.76
2009-06-29,5.725,5.745,5.71,5.715,65057,5.715
2009-06-30,5.715,5.72,5.67,5.67,98008,5.67
2009-07-01,5.71,5.76,5.63,5.78,96488,5.78
2009-07-02,5.69,5.72,5.64,5.64,6452,5.64
2009-07-03,5.7,5.73,5.63,5.7,14448,5.7
2009-07-06,5.76,5.76,5.745,5.75,36944,5.75
2009-07-07,5.735,5.79,5.735,5.77,123965,5.77
2009-07-08,5.715,5.74,5.71,5.75,51759,5.75
2009-07-09,5.71,5.71,5.64,5.685,1686,5.685
2009-07-10,5.58,5.635,5.57,5.66,13151,5.66
2009-07-13,5.625,5.685,5.625,5.68,68674,5.68
2009-07-14,5.6,5.62,5.59,5.61,4000,5.61
2009-07-15,5.585,5.615,5.57,5.615,244541,5.615
2009-07-16,5.565,5.59,5.56,5.6,126390,5.6
2009-07-17,5.63,5.65,5.63,5.645,103401,5.645
2009-07-20,5.635,5.655,5.625,5.64,32697,5.64
2009-07-21,5.705,5.77,5.705,5.75,45000,5.75
2009-07-22,5.76,5.79,5.76,5.785,428072,5.785
2009-07-23,5.75,5.8,5.705,5.79,151634,5.79
2009-07-24,5.765,5.86,5.765,5.82,2660,5.82
2009-07-27,5.82,5.84,5.765,5.795,53264,5.795
2009-07-28,5.815,5.85,5.81,5.83,74358,5.83
2009-07-29,5.885,5.885,5.84,5.8798,1980,5.8798
2009-07-30,5.92,5.985,5.915,5.945,79000,5.945
2009-07-31,5.905,6,5.905,5.925,99000,5.925
2009-08-03,5.945,5.96,5.92,5.93,25009,5.93
2009-08-04,5.885,5.885,5.84,5.85,100000,5.85
2009-08-05,5.8,5.815,5.78,5.7719,252812,5.7719
2009-08-06,5.85,5.91,5.85,5.9,82575,5.9
2009-08-07,5.86,5.94,5.86,5.9032,140000,5.9032
2009-08-10,5.9,5.92,5.89,5.8998,49825,5.8998
2009-08-11,6,6.035,5.915,5.95,40594,5.95
2009-08-12,5.985,6.005,5.96,5.97,40634,5.97
2009-08-13,5.95,5.98,5.95,6.0069,12307,6.0069
2009-08-14,6.08,6.08,6.02,6.035,138459,6.035
2009-08-17,6.015,6.015,5.965,5.97,1698,5.97
2009-08-18,5.985,5.985,5.93,5.955,73474,5.955
2009-08-19,5.94,5.99,5.925,5.973,14698,5.973
2009-08-20,6.045,6.05,6.01,6.0419,164029,6.0419
2009-08-21,6.07,6.11,6.055,6.06,85802,6.06
2009-08-24,6.1,6.14,6.07,6.14,38924,6.14
2009-08-25,6.15,6.2,6.15,6.2013,13699,6.2013
2009-08-26,6.205,6.32,6.205,6.205,388135,6.205
2009-08-27,6.26,6.29,6.23,6.2424,627741,6.2424
2009-08-28,6.19,6.27,6.19,6.24,246386,6.24
2009-09-01,6.215,6.28,6.19,6.21,57359,6.21
2009-09-02,6.235,6.235,6.145,6.175,43083,6.175
2009-09-03,6.135,6.135,6.09,6.09,53872,6.09
2009-09-04,6.085,6.09,6.045,6.09,153971,6.09
2009-09-07,6.055,6.14,6.055,6.1,149254,6.1
2009-09-08,6.12,6.12,6.075,6.08,174503,6.08
2009-09-09,6.02,6.135,6.02,6.135,147641,6.135
2009-09-10,6.155,6.155,6.1,6.135,115833,6.135
2009-09-11,6.125,6.18,6.115,6.1785,48045,6.1785
2009-09-14,6.085,6.125,6.06,6.13,78140,6.13
2009-09-15,6.05,6.13,6.03,6.13,97093,6.13
2009-09-16,6.115,6.165,6.105,6.14,128663,6.14
2009-09-17,6.125,6.15,6.08,6.13,156809,6.13
2009-09-18,6.215,6.25,6.185,6.22,204250,6.22
2009-09-21,6.215,6.225,6.16,6.22,79014,6.22
2009-09-22,6.23,6.28,6.21,6.195,63577,6.195
2009-09-23,6.29,6.3,6.145,6.155,63400,6.155
2009-09-24,6.25,6.34,6.245,6.29,88279,6.29
2009-09-25,6.3,6.35,6.295,6.33,236061,6.33
2009-09-28,6.295,6.355,6.24,6.35,66592,6.35
2009-09-29,6.18,6.245,6.17,6.2309,146122,6.2309
2009-09-30,6.225,6.3,6.14,6.165,56851,6.165
2009-10-01,6.145,6.145,6.065,6.065,144424,6.065
2009-10-02,6.04,6.04,5.97,5.97,225475,5.97
2009-10-05,5.9,5.975,5.9,5.9796,99535,5.9796
2009-10-06,6.03,6.155,6.005,6.12,230218,6.12
2009-10-07,6.185,6.205,6.09,6.135,192405,6.135
2009-10-08,6.205,6.24,6.15,6.16,117774,6.16
2009-10-09,6.19,6.215,6.19,6.2,60394,6.2
2009-10-12,6.31,6.34,6.28,6.34,20246,6.34
2009-10-13,6.275,6.285,6.23,6.23,64916,6.23
2009-10-14,6.24,6.25,6.225,6.24,85432,6.24
2009-10-15,6.19,6.19,6.04,6.04,848982,6.04
2009-10-16,6.015,6.04,5.88,5.95,508156,5.95
2009-10-19,6.04,6.085,6.035,6.045,177628,6.045
2009-10-20,5.98,6.085,5.98,6.02,113147,6.02
2009-10-21,6.065,6.065,5.91,5.965,85513,5.965
2009-10-22,5.865,5.91,5.865,5.9,84600,5.9
2009-10-23,5.83,5.96,5.83,5.91,315262,5.91
2009-10-26,6.005,6.02,5.88,5.885,151221,5.885
2009-10-27,5.875,5.89,5.85,5.87,71240,5.87
2009-10-28,5.84,5.85,5.78,5.805,155200,5.805
2009-10-29,5.835,5.835,5.79,5.7978,68370,5.7978
2009-10-30,5.815,5.815,5.775,5.775,172527,5.775
2009-11-02,5.885,5.91,5.86,5.87,195322,5.87
2009-11-03,5.82,5.83,5.795,5.795,111747,5.795
2009-11-04,5.8,5.81,5.79,5.805,26741,5.805
2009-11-05,5.78,5.805,5.76,5.8296,34974,5.8296
2009-11-06,5.73,5.765,5.71,5.7584,117277,5.7584
2009-11-09,5.7,5.8,5.68,5.775,61837,5.775
2009-11-10,5.73,5.75,5.72,5.74,145412,5.74
2009-11-11,5.755,5.825,5.74,5.8112,120592,5.8112
2009-11-12,5.74,5.77,5.725,5.73,152069,5.73
2009-11-13,5.705,5.715,5.7,5.7235,67864,5.7235
2009-11-16,5.715,5.745,5.675,5.725,304134,5.725
2009-11-17,5.675,5.685,5.635,5.645,124191,5.645
2009-11-18,5.615,5.67,5.595,5.615,218068,5.615
2009-11-19,5.55,5.585,5.505,5.505,180807,5.505
2009-11-20,5.605,5.62,5.58,5.585,298145,5.585
2009-11-23,5.595,5.67,5.595,5.65,182141,5.65
2009-11-24,5.585,5.605,5.555,5.56,375739,5.56
2009-11-25,5.56,5.635,5.56,5.63,179842,5.63
2009-11-26,5.63,5.705,5.63,5.69,86766,5.69
2009-11-27,5.68,5.73,5.66,5.67,197995,5.67
2009-11-30,5.67,5.81,5.67,5.81,172279,5.81
2009-12-01,5.855,5.9,5.835,5.875,185774,5.875
2009-12-02,5.895,5.9,5.885,5.885,307468,5.885
2009-12-03,5.885,6.01,5.885,5.99,72932,5.99
2009-12-04,6.02,6.065,5.98,6.02,338289,6.02
2009-12-07,6.02,6.05,6.005,6.025,291889,6.025
2009-12-08,6.025,6.115,6.025,6.09,696497,6.09
2009-12-09,6.11,6.11,6.065,6.08,218330,6.08
2009-12-10,6.08,6.095,6.025,6.08,6849758,6.08
2009-12-11,6.095,6.095,6.05,6.075,1418143,6.075
2009-12-14,6.08,6.115,6.065,6.065,83008,6.065
2009-12-15,6.065,6.065,6.035,6.045,327479,6.045
2009-12-16,6.045,6.13,6.045,6.115,217794,6.115
2009-12-17,6.095,6.13,6.085,6.105,723311,6.105
2009-12-18,6.105,6.105,6.08,6.085,168972,6.085
2009-12-21,6.065,6.11,6.06,6.105,778834,6.105
2009-12-22,6.105,6.16,6.105,6.155,341084,6.155
2009-12-23,6.155,6.205,6.155,6.2,306609,6.2
2009-12-24,6.23,6.23,6.2,6.2085,31800,6.2085
2009-12-29,6.2,6.25,6.2,6.2585,169144,6.2585
2009-12-30,6.125,6.155,6.06,6.06,247527,6.06
2009-12-31,6.085,6.105,6.085,6.095,11222,6.095
2010-01-04,6.095,6.175,6.04,6.175,898685,6.175
2010-01-05,6.175,6.28,6.175,6.255,351976,6.255
2010-01-06,6.255,6.305,6.23,6.295,552099,6.295
2010-01-07,6.295,6.295,6.23,6.285,211205,6.285
2010-01-08,6.28,6.32,6.27,6.315,745011,6.315
2010-01-11,6.315,6.325,6.295,6.295,1195050,6.295
2010-01-12,6.295,6.42,6.295,6.37,200384,6.37
2010-01-13,6.37,6.37,6.29,6.315,168721,6.315
2010-01-14,6.315,6.405,6.315,6.315,183707,6.315
2010-01-15,6.405,6.49,6.405,6.415,183307,6.415
2010-01-18,6.415,6.455,6.41,6.44,397274,6.44
2010-01-19,6.44,6.44,6.325,6.39,108959,6.39
2010-01-20,6.39,6.39,6.24,6.24,118905128,6.24
2010-01-21,6.24,6.39,6.24,6.365,164046,6.365
2010-01-22,6.365,6.405,6.36,6.395,265220,6.395
2010-01-25,6.375,6.405,6.315,6.315,200443,6.315
2010-01-26,6.23,6.325,6.22,6.325,275081,6.325
2010-01-27,6.23,6.24,6.2,6.21,664668,6.21
2010-01-28,6.19,6.205,6.165,6.17,492596,6.17
2010-01-29,6.15,6.22,6.145,6.2,95903,6.2
2010-02-01,6.21,6.28,6.195,6.23,366983,6.23
2010-02-02,6.29,6.335,6.265,6.32,235486,6.32
2010-02-03,6.275,6.305,6.265,6.3,76726,6.3
2010-02-04,6.26,6.26,6.2,6.225,69665,6.225
2010-02-05,6.26,6.28,6.195,6.255,3588794,6.255
2010-02-08,6.305,6.305,6.25,6.28,892056,6.28
2010-02-09,6.26,6.3,6.245,6.255,939700,6.255
2010-02-10,6.3,6.31,6.245,6.25,652509,6.25
2010-02-11,6.32,6.32,6.26,6.29,643649,6.29
2010-02-12,6.28,6.28,6.24,6.2424,77778,6.2424
2010-02-15,6.24,6.24,6.2,6.225,445367,6.225
2010-02-16,6.225,6.255,6.225,6.235,472421,6.235
2010-02-17,6.235,6.32,6.235,6.3,425886,6.3
2010-02-18,6.29,6.345,6.29,6.325,113924,6.325
2010-02-19,6.26,6.345,6.255,6.35,1608968,6.35
2010-02-22,6.37,6.37,6.345,6.37,254522,6.37
2010-02-23,6.365,6.4,6.365,6.365,195207,6.365
2010-02-24,6.36,6.43,6.36,6.425,61142,6.425
2010-02-25,6.48,6.485,6.41,6.43,271354,6.43
2010-02-26,6.485,6.54,6.485,6.51,123466,6.51
2010-03-01,6.67,6.735,6.665,6.7,179916,6.7
2010-03-02,6.74,6.785,6.72,6.785,203378,6.785
2010-03-03,6.73,6.76,6.705,6.745,187665,6.745
2010-03-04,6.69,6.7,6.66,6.66,41684,6.66
2010-03-05,6.725,6.73,6.67,6.675,11809,6.675
2010-03-08,6.705,6.785,6.695,6.775,43250,6.775
2010-03-09,6.785,6.81,6.775,6.8293,373549,6.8293
2010-03-10,6.81,6.81,6.78,6.78,170990,6.78
2010-03-11,6.805,6.805,6.76,6.78,243343,6.78
2010-03-12,6.79,6.795,6.745,6.745,192246,6.745
2010-03-15,6.8,6.815,6.79,6.8,58144,6.8
2010-03-16,6.85,6.85,6.8,6.8,23226,6.8
2010-03-17,6.81,6.81,6.745,6.79,169506,6.79
2010-03-18,6.775,6.785,6.76,6.7602,162591,6.7602
2010-03-19,6.865,6.87,6.83,6.86,318867,6.86
2010-03-22,6.875,6.88,6.81,6.88,235163,6.88
2010-03-23,6.915,6.925,6.9,6.925,119029,6.925
2010-03-24,6.895,6.91,6.88,6.8925,19064,6.8925
2010-03-25,6.905,6.935,6.87,6.935,143133,6.935
2010-03-26,6.995,7,6.96,6.98,99411,6.98
2010-03-29,6.99,7.025,6.965,6.99,42017,6.99
2010-03-30,7.05,7.05,6.99,6.99,366329,6.99
2010-03-31,6.96,6.97,6.875,6.895,184290,6.895
2010-04-01,6.895,6.93,6.885,6.885,365060,6.885
2010-04-06,7.025,7.025,6.92,6.97,783176,6.97
2010-04-07,6.965,6.975,6.9,6.955,345253,6.955
2010-04-08,6.935,6.94,6.9,6.9259,197061,6.9259
2010-04-09,6.875,6.905,6.875,6.91,100901,6.91
2010-04-12,6.89,6.89,6.85,6.8633,65622,6.8633
2010-04-13,6.87,6.885,6.855,6.865,288185,6.865
2010-04-14,6.85,6.885,6.845,6.89,75462,6.89
2010-04-15,6.89,6.915,6.875,6.9,191456,6.9
2010-04-16,6.92,6.92,6.82,6.82,549188,6.82
2010-04-19,6.89,6.9,6.805,6.84,144888,6.84
2010-04-20,6.835,6.84,6.795,6.825,190771,6.825
2010-04-21,6.825,6.825,6.8,6.8,158320,6.8
2010-04-22,6.76,6.765,6.725,6.7559,307719,6.7559
2010-04-23,6.755,6.79,6.755,6.7472,257572,6.7472
2010-04-26,6.79,6.835,6.78,6.82,109154,6.82
2010-04-27,6.85,6.87,6.82,6.82,104749,6.82
2010-04-28,6.84,6.85,6.8,6.815,122783,6.815
2010-04-29,6.77,6.84,6.77,6.825,621158,6.825
2010-04-30,6.78,6.84,6.775,6.8,940440,6.8
2010-05-04,6.77,6.86,6.66,6.6741,153906,6.6741
2010-05-05,6.67,6.67,6.58,6.631,227337,6.631
2010-05-06,6.685,6.73,6.65,6.6818,280212,6.6818
2010-05-07,6.88,6.93,6.74,6.8124,561597,6.8124
2010-05-10,6.855,6.855,6.785,6.82,129344,6.82
2010-05-11,6.785,6.785,6.7,6.73,1070337,6.73
2010-05-12,6.65,6.8,6.65,6.8,441345,6.8
2010-05-13,6.76,6.865,6.76,6.86,513660,6.86
2010-05-14,6.865,6.865,6.75,6.79,467067,6.79
2010-05-17,6.92,6.92,6.83,6.85,416865,6.85
2010-05-18,6.8,6.86,6.76,6.855,135203,6.855
2010-05-19,6.82,6.855,6.785,6.79,446172,6.79
2010-05-20,6.8,6.82,6.735,6.76,823889,6.76
2010-05-21,6.655,6.715,6.62,6.69,833561,6.69
2010-05-24,6.675,6.715,6.655,6.665,151312,6.665
2010-05-25,6.575,6.6,6.53,6.565,223080,6.565
2010-05-26,6.56,6.59,6.52,6.535,101221,6.535
2010-05-27,6.575,6.67,6.57,6.635,206354,6.635
2010-05-28,6.57,6.645,6.57,6.64,328045,6.64
2010-06-01,6.575,6.575,6.475,6.53,125261,6.53
2010-06-02,6.405,6.475,6.395,6.47,101583,6.47
2010-06-03,6.49,6.55,6.49,6.53,251463,6.53
2010-06-04,6.515,6.535,6.44,6.475,89762,6.475
2010-06-07,6.445,6.47,6.36,6.38,668176,6.38
2010-06-08,6.355,6.425,6.35,6.39,365973,6.39
2010-06-09,6.41,6.41,6.35,6.385,238133,6.385
2010-06-10,6.36,6.42,6.35,6.41,159097,6.41
2010-06-11,6.34,6.45,6.34,6.435,175502,6.435
2010-06-14,6.435,6.435,6.4,6.42,113615,6.42
2010-06-15,6.455,6.475,6.42,6.47,503608,6.47
2010-06-16,6.51,6.525,6.495,6.525,345329,6.525
2010-06-17,6.545,6.565,6.505,6.51,208319,6.51
2010-06-18,6.475,6.53,6.47,6.51,350330,6.51
2010-06-21,6.585,6.615,6.58,6.615,360207,6.615
2010-06-22,6.595,6.615,6.515,6.53,225388,6.53
2010-06-23,6.455,6.455,6.41,6.386,23886,6.386
2010-06-24,6.34,6.37,6.3,6.3,181241,6.3
2010-06-25,6.35,6.365,6.31,6.31,160124,6.31
2010-06-28,6.255,6.295,6.255,6.28,662377,6.28
2010-06-29,6.21,6.22,6.125,6.15,619063,6.15
2010-06-30,6.16,6.19,6.155,6.19,106302,6.19
2010-07-01,6.14,6.15,6.045,6.055,268980,6.055
2010-07-02,6.085,6.155,6.085,6.11,343733,6.11
2010-07-05,6.13,6.16,6.115,6.14,1285515,6.14
2010-07-06,6.24,6.325,6.24,6.295,34818,6.295
2010-07-07,6.245,6.295,6.23,6.315,68941,6.315
2010-07-08,6.285,6.355,6.285,6.33,64829,6.33
2010-07-09,6.3,6.33,6.285,6.309,20122,6.309
2010-07-12,6.31,6.355,6.31,6.335,968261,6.335
2010-07-13,6.31,6.335,6.31,6.35,80656,6.35
2010-07-14,6.325,6.345,6.295,6.32,314365,6.32
2010-07-15,6.24,6.24,6.18,6.18,134099,6.18
2010-07-16,6.155,6.185,6.125,6.13,228978,6.13
2010-07-19,6.215,6.215,6.095,6.127,811201,6.127
2010-07-20,6.155,6.155,6.095,6.1,141579,6.1
2010-07-21,6.135,6.165,6.125,6.155,389436,6.155
2010-07-22,6.19,6.215,6.15,6.2125,199470,6.2125
2010-07-23,6.21,6.235,6.175,6.185,187557,6.185
2010-07-26,6.125,6.1575,6.1125,6.16,351652,6.16
2010-07-27,6.2,6.2,6.13,6.13,239610,6.13
2010-07-28,6.185,6.1975,6.175,6.1769,99045,6.1769
2010-07-29,6.2525,6.2525,6.22,6.2325,29091,6.2325
2010-07-30,6.1825,6.2,6.135,6.14,2553721,6.14
2010-08-02,6.1275,6.185,6.1275,6.18,333115,6.18
2010-08-03,6.1675,6.1675,6.125,6.1616,119603,6.1616
2010-08-04,6.135,6.145,6.12,6.145,573554,6.145
2010-08-05,6.16,6.17,6.1425,6.1675,38757,6.1675
2010-08-06,6.19,6.22,6.125,6.13,420549,6.13
2010-08-09,6.16,6.2,6.16,6.19,44114,6.19
2010-08-10,6.18,6.19,6.1625,6.17,70956,6.17
2010-08-11,6.11,6.115,6.05,6.0601,331655,6.0601
2010-08-12,6.075,6.0775,6.04,6.0588,123249,6.0588
2010-08-13,6.09,6.1,6.0575,6.0625,333831,6.0625
2010-08-16,6.0875,6.0875,6.0625,6.08,220284,6.08
2010-08-17,6.1075,6.18,6.105,6.1775,226672,6.1775
2010-08-18,6.1925,6.1925,6.1425,6.1775,434710,6.1775
2010-08-19,6.24,6.25,6.1375,6.1325,698898,6.1325
2010-08-20,6.165,6.165,6.12,6.12,107966,6.12
2010-08-23,6.0975,6.15,6.0975,6.1375,225146,6.1375
2010-08-24,6.125,6.1425,6.105,6.13,211682,6.13
2010-08-25,6.1025,6.11,6.0675,6.07,38588,6.07
2010-08-26,6.065,6.08,6.0425,6.07,189243,6.07
2010-08-27,6.1225,6.1475,6.1,6.16,76089,6.16
2010-08-31,6.09,6.1425,6.06,6.1425,297703,6.1425
2010-09-01,6.1325,6.245,6.1325,6.245,156362,6.245
2010-09-02,6.2125,6.2375,6.21,6.2375,121214,6.2375
2010-09-03,6.2475,6.2875,6.2475,6.265,153305,6.265
2010-09-06,6.3175,6.365,6.2975,6.3425,134830,6.3425
2010-09-07,6.34,6.37,6.335,6.35,243137,6.35
2010-09-08,6.27,6.295,6.26,6.2775,32352,6.2775
2010-09-09,6.29,6.3525,6.29,6.325,178947,6.325
2010-09-10,6.33,6.36,6.3125,6.3651,140253,6.3651
2010-09-13,6.3625,6.4075,6.34,6.4,1553798,6.4
2010-09-14,6.39,6.4125,6.36,6.3779,131582,6.3779
2010-09-15,6.3425,6.3425,6.28,6.2925,317064,6.2925
2010-09-16,6.26,6.2675,6.2425,6.2475,121019,6.2475
2010-09-17,6.2225,6.265,6.2175,6.2312,340138,6.2312
2010-09-20,6.265,6.32,6.245,6.32,70026,6.32
2010-09-21,6.3125,6.345,6.31,6.315,471195,6.315
2010-09-22,6.2925,6.2925,6.2275,6.28,74429,6.28
2010-09-23,6.26,6.26,6.195,6.3408,314856,6.3408
2010-09-24,6.2075,6.275,6.2075,6.255,695929,6.255
2010-09-27,6.305,6.305,6.2475,6.2475,491216,6.2475
2010-09-28,6.2525,6.31,6.225,6.31,229810,6.31
2010-09-29,6.34,6.3525,6.3375,6.3473,54880,6.3473
2010-09-30,6.2625,6.31,6.23,6.285,141656,6.285
2010-10-01,6.2725,6.2725,6.2275,6.25,146466,6.25
2010-10-04,6.18,6.2,6.13,6.13,81590,6.13
2010-10-05,6.23,6.2975,6.225,6.29,232164,6.29
2010-10-06,6.3375,6.3925,6.3375,6.365,150177,6.365
2010-10-07,6.395,6.415,6.3725,6.395,692824,6.395
2010-10-08,6.3875,6.3875,6.355,6.3875,53881,6.3875
2010-10-11,6.4,6.425,6.3825,6.42,59391,6.42
2010-10-12,6.3375,6.3825,6.315,6.3825,1239443,6.3825
2010-10-13,6.3325,6.4125,6.3325,6.4125,122367,6.4125
2010-10-14,6.41,6.41,6.38,6.3895,62847,6.3895
2010-10-15,6.355,6.355,6.315,6.325,165280,6.325
2010-10-18,6.41,6.45,6.405,6.43,717191,6.43
2010-10-19,6.415,6.4775,6.415,6.4525,95167,6.4525
2010-10-20,6.4275,6.455,6.415,6.4325,208856,6.4325
2010-10-21,6.39,6.4525,6.39,6.415,600540,6.415
2010-10-22,6.4425,6.455,6.4325,6.45,387128,6.45
2010-10-25,6.4575,6.49,6.455,6.45,79577,6.45
2010-10-26,6.38,6.38,6.315,6.315,118899,6.315
2010-10-27,6.2725,6.3025,6.27,6.27,65177,6.27
2010-10-28,6.3075,6.3125,6.2525,6.26,137225,6.26
2010-10-29,6.2625,6.295,6.2275,6.2342,351254,6.2342
2010-11-01,6.1975,6.1975,6.1525,6.1525,84128,6.1525
2010-11-02,6.18,6.215,6.1625,6.2075,219704,6.2075
2010-11-03,6.22,6.22,6.145,6.1625,647711,6.1625
2010-11-04,6.215,6.27,6.215,6.265,476605,6.265
2010-11-05,6.3275,6.375,6.305,6.3269,234795,6.3269
2010-11-08,6.3725,6.4025,6.3625,6.37,137066,6.37
2010-11-09,6.4275,6.4475,6.4225,6.445,99040,6.445
2010-11-10,6.495,6.495,6.39,6.39,255879,6.39
2010-11-11,6.415,6.4175,6.365,6.37,67140,6.37
2010-11-12,6.3625,6.4125,6.3475,6.35,262497,6.35
2010-11-15,6.375,6.4025,6.36,6.4025,514204,6.4025
2010-11-16,6.33,6.365,6.3125,6.32,226069,6.32
2010-11-17,6.4,6.42,6.3725,6.41,217684,6.41
2010-11-18,6.5125,6.555,6.5125,6.545,1235187,6.545
2010-11-19,6.605,6.605,6.4925,6.5275,236628,6.5275
2010-11-22,6.51,6.53,6.51,6.52,96241,6.52
2010-11-23,6.435,6.47,6.395,6.45,417724,6.45
2010-11-24,6.53,6.5875,6.5225,6.58,235980,6.58
2010-11-25,6.5775,6.5825,6.5575,6.5825,275105,6.5825
2010-11-26,6.54,6.5725,6.5225,6.5675,55425,6.5675
2010-11-29,6.6275,6.6525,6.5525,6.5525,304516,6.5525
2010-11-30,6.5625,6.5825,6.545,6.545,261649,6.545
2010-12-01,6.6175,6.695,6.605,6.695,95839,6.695
2010-12-02,6.655,6.775,6.655,6.7675,253412,6.7675
2010-12-03,6.715,6.74,6.7025,6.7225,425841,6.7225
2010-12-06,6.7525,6.7675,6.7275,6.76,151186,6.76
2010-12-07,6.725,6.75,6.68,6.68,194682,6.68
2010-12-08,6.67,6.6825,6.635,6.6525,517091,6.6525
2010-12-09,6.69,6.695,6.665,6.68,335694,6.68
2010-12-10,6.66,6.6875,6.66,6.675,755858,6.675
2010-12-13,6.6925,6.765,6.6925,6.7325,133737,6.7325
2010-12-14,6.7575,6.815,6.7575,6.82,418846,6.82
2010-12-15,6.745,6.84,6.745,6.835,189663,6.835
2010-12-16,6.83,6.845,6.81,6.82,154786,6.82
2010-12-17,6.82,6.8725,6.82,6.8725,131261,6.8725
2010-12-20,6.87,6.89,6.8575,6.8775,1161494,6.8775
2010-12-21,6.9125,6.94,6.89,6.94,2176132,6.94
2010-12-22,6.935,7.015,6.935,7.0126,1189748,7.0126
2010-12-23,7.03,7.03,6.97,7.0025,96149,7.0025
2010-12-24,7.03,7.03,7.03,6.96,1050,6.96
2010-12-29,7.045,7.13,7.045,7.0925,23458,7.0925
2010-12-30,7.04,7.08,7.0375,7.0535,995212,7.0535
2010-12-31,7.045,7.0975,6.9625,7.08,19928,7.08
2011-01-04,7.0875,7.0875,7.03,7.05,281727,7.05
2011-01-05,7.06,7.09,6.99,7.07,175449,7.07
2011-01-06,7.08,7.13,7.0725,7.085,1837604,7.085
2011-01-07,7.125,7.125,7.0625,7.075,590127,7.075
2011-01-10,7.035,7.0575,7.02,7.03,165050,7.03
2011-01-11,7.1,7.115,7.0825,7.0825,586481,7.0825
2011-01-12,7.11,7.12,7.1025,7.1073,254811,7.1073
2011-01-13,7.0975,7.1075,7.0725,7.0779,103608,7.0779
2011-01-14,7.0475,7.07,6.99,7.0225,180037,7.0225
2011-01-17,6.995,7.005,6.975,6.9908,172540,6.9908
2011-01-18,7.01,7.01,6.98,6.99,128711,6.99
2011-01-19,7.0475,7.05,7.0125,7.0125,198295,7.0125
2011-01-20,6.9925,6.9925,6.94,6.95,188203,6.95
2011-01-21,6.8425,6.885,6.8425,6.8675,160232,6.8675
2011-01-24,6.8725,6.885,6.8575,6.88,290859,6.88
2011-01-25,6.9825,7.045,6.9725,7.025,249422,7.025
2011-01-26,7.0325,7.0525,7.0025,7.0125,156080,7.0125
2011-01-27,6.935,6.9725,6.93,6.9625,294168,6.9625
2011-01-28,6.9325,6.97,6.9325,6.94,156850,6.94
2011-01-31,6.9175,6.9175,6.8475,6.85,581277,6.85
2011-02-01,6.8575,6.915,6.8575,6.91,73854,6.91
2011-02-02,6.95,6.97,6.9425,6.945,163152,6.945
2011-02-03,6.9575,6.9775,6.94,6.9775,782010,6.9775
2011-02-04,7,7.0475,7,7.02,39819,7.02
2011-02-07,6.98,7.045,6.98,7.04,183094,7.04
2011-02-08,7.05,7.095,7.0425,7.067,452976,7.067
2011-02-09,7.0375,7.04,7.0175,7.0175,181586,7.0175
2011-02-10,7.04,7.04,6.995,7,94789,7
2011-02-11,7.0025,7.08,6.98,7.0575,315211,7.0575
2011-02-14,7.0575,7.1448,7.0975,7.1075,337200,7.1075
2011-02-15,7.1075,7.1085,7.015,7.0325,345554,7.0325
2011-02-16,7.07,7.1725,7.07,7.17,505735,7.17
2011-02-17,7.155,7.1846,7.135,7.1656,829167,7.1656
2011-02-18,7.15,7.1522,7.1049,7.1425,165540,7.1425
2011-02-21,7.1625,7.1625,7.0675,7.0675,810902,7.0675
2011-02-22,7.035,7.065,7.01,7.065,508754,7.065
2011-02-23,6.99,6.9975,6.95,6.99,364465,6.99
2011-02-24,6.95,7.005,6.9139,7.0025,36627,7.0025
2011-02-25,7.0575,7.11,7.0525,7.08,200534,7.08
2011-02-28,7.16,7.16,7.0709,7.0825,454578,7.0825
2011-03-01,7.1175,7.1456,7.07,7.07,233540,7.07
2011-03-02,6.99,7.03,6.9705,7.02,345359,7.02
2011-03-03,7.0225,7.055,6.9951,7.04,128928,7.04
2011-03-04,7.0625,7.0625,6.985,7.0075,660273,7.0075
2011-03-07,7.0075,7.0413,6.9612,6.99,116490,6.99
2011-03-08,6.99,6.9988,6.9425,6.9799,101406,6.9799
2011-03-09,6.9875,6.9875,6.945,6.945,154685,6.945
2011-03-10,6.945,6.8875,6.8429,6.8875,248333,6.8875
2011-03-11,6.7425,6.9067,6.6945,6.7501,634047,6.7501
2011-03-14,6.7625,6.9072,6.0475,6.065,3035976,6.065
2011-03-15,5.8807,6.353,5.74,6.1375,8780204,6.1375
2011-03-16,6.2,6.2047,5.93,6.02,1513576,6.02
2011-03-17,6.2643,6.38,6.1475,6.312,3094486,6.312
2011-03-18,6.2675,6.3625,6.1825,6.305,2064950,6.305
2011-03-21,6.47,6.525,6.42,6.5051,1071246,6.5051
2011-03-22,6.5,6.5,6.4,6.4625,516943,6.4625
2011-03-23,6.42,6.495,6.4033,6.495,447222,6.495
2011-03-24,6.4225,6.5675,6.405,6.5675,606453,6.5675
2011-03-25,6.4939,6.5123,6.47,6.485,199193,6.485
2011-03-28,6.4925,6.53,6.4475,6.4524,270638,6.4524
2011-03-29,6.14,6.5088,6.14,6.42,2263973,6.42
2011-03-30,6.467,6.5075,6.4396,6.4825,668160,6.4825
2011-03-31,6.4494,6.4625,6.388,6.4475,526005,6.4475
2011-04-01,6.4014,6.4148,6.3646,6.4,562847,6.4
2011-04-04,6.3001,6.33,6.2996,6.33,139590,6.33
2011-04-05,6.2275,6.2275,6.1275,6.1288,373523,6.1288
2011-04-06,6.03,6.1,6.0144,6.0603,848410,6.0603
2011-04-07,6.065,6.0842,5.9781,5.98,245037,5.98
2011-04-08,6.0825,6.12,6.0553,6.105,216941,6.105
2011-04-11,6.1423,6.1525,6.083,6.1025,239834,6.1025
2011-04-12,6.1084,6.1216,6.0228,6.11,544777,6.11
2011-04-13,6.145,6.1714,6.1375,6.15,361278,6.15
2011-04-14,6.1498,6.17,6.1224,6.1275,147562,6.1275
2011-04-15,6.1525,6.1725,6.1245,6.1725,214587,6.1725
2011-04-18,6.1555,6.1555,6.0725,6.119,346987,6.119
2011-04-19,6.13,6.16,6.0975,6.1137,589686,6.1137
2011-04-20,6.143,6.21,6.143,6.1875,116634,6.1875
2011-04-21,6.175,6.19,6.16,6.16,1051119,6.16
2011-04-26,6.398,6.398,6.1206,6.2125,221014,6.2125
2011-04-27,6.2055,6.215,6.15,6.16,492617,6.16
2011-04-28,6.2323,6.285,6.2323,6.2675,138645,6.2675
2011-05-03,6.3875,6.4375,6.3595,6.4,314756,6.4
2011-05-04,6.3898,6.403,6.3325,6.34,455589,6.34
2011-05-05,6.403,6.45,6.377,6.385,256261,6.385
2011-05-06,6.4352,6.5321,6.435,6.47,238108,6.47
2011-05-09,6.4375,6.4754,6.4115,6.4425,163468,6.4425
2011-05-10,6.465,6.4875,6.4423,6.4775,190660,6.4775
2011-05-11,6.425,6.44,6.35,6.3775,96708,6.3775
2011-05-12,6.375,6.41,6.3396,6.395,834759,6.395
2011-05-13,6.3963,6.4135,6.3648,6.39,222875,6.39
2011-05-16,6.31,6.33,6.2945,6.33,187016,6.33
2011-05-17,6.2475,6.255,6.202,6.23,91487,6.23
2011-05-18,6.3275,6.358,6.2933,6.35,323489,6.35
2011-05-19,6.295,6.295,6.2375,6.2375,160664,6.2375
2011-05-20,6.1987,6.2148,6.1773,6.1864,270357,6.1864
2011-05-23,6.16,6.1692,6.1164,6.13,272182,6.13
2011-05-24,6.195,6.195,6.1395,6.1425,306622,6.1425
2011-05-25,6.1577,6.16,6.103,6.14,242140,6.14
2011-05-26,6.1445,6.1725,6.1297,6.1675,334465,6.1675
2011-05-27,6.1746,6.1746,6.1311,6.16,120220,6.16
2011-05-31,6.1796,6.2425,6.1748,6.2275,310607,6.2275
2011-06-01,6.2125,6.2525,6.1875,6.22,60592,6.22
2011-06-02,6.2089,6.225,6.185,6.215,33763,6.215
2011-06-03,6.167,6.195,6.1436,6.1436,75661,6.1436
2011-06-06,6.0895,6.1275,6.0875,6.125,194021,6.125
2011-06-07,6.1485,6.1677,6.1275,6.1525,274127,6.1525
2011-06-08,6.165,6.175,6.1525,6.175,191764,6.175
2011-06-09,6.145,6.1975,6.1295,6.175,61977,6.175
2011-06-10,6.21,6.215,6.162,6.18,260358,6.18
2011-06-13,6.1653,6.1802,6.1399,6.16,352923,6.16
2011-06-14,6.1738,6.2025,6.1675,6.2,280056,6.2
2011-06-15,6.2185,6.2185,6.185,6.1925,175487,6.1925
2011-06-16,6.15,6.2025,6.15,6.2,1111852,6.2
2011-06-17,6.1525,6.21,6.13,6.19,451844,6.19
2011-06-20,6.1853,6.1951,6.1475,6.1775,34172,6.1775
2011-06-21,6.2227,6.27,6.1944,6.2698,66675,6.2698
2011-06-22,6.245,6.31,6.225,6.3025,568953,6.3025
2011-06-23,6.285,6.285,6.2425,6.2425,428820,6.2425
2011-06-24,6.35,6.385,6.3275,6.34,335175,6.34
2011-06-27,6.315,6.3225,6.3,6.3,247423,6.3
2011-06-28,6.3265,6.3575,6.3195,6.35,650054,6.35
2011-06-29,6.4,6.44,6.3797,6.4325,140805,6.4325
2011-06-30,6.465,6.5002,6.44,6.4975,360506,6.4975
2011-07-01,6.46,6.5275,6.45,6.5275,195458,6.5275
2011-07-04,6.5228,6.5575,6.5228,6.535,283766,6.535
2011-07-05,6.5463,6.555,6.5161,6.5175,162323,6.5175
2011-07-06,6.6125,6.635,6.59,6.615,55256,6.615
2011-07-07,6.615,6.6575,6.5975,6.6425,444691,6.6425
2011-07-08,6.6575,6.6575,6.5675,6.575,328317,6.575
2011-07-11,6.615,6.6505,6.5861,6.5911,400625,6.5911
2011-07-12,6.615,6.65,6.59,6.625,403209,6.625
2011-07-13,6.66,6.695,6.6518,6.68,253159,6.68
2011-07-14,6.595,6.63,6.5875,6.59,240599,6.59
2011-07-15,6.605,6.6314,6.58,6.6,93126,6.6
2011-07-18,6.6008,6.6008,6.5462,6.555,767806,6.555
2011-07-19,6.58,6.62,6.58,6.615,490264,6.615
2011-07-20,6.6375,6.66,6.63,6.655,90483,6.655
2011-07-21,6.63,6.67,6.5991,6.65,86247,6.65
2011-07-22,6.6475,6.69,6.6475,6.67,88927,6.67
2011-07-25,6.625,6.6563,6.605,6.6425,535485,6.6425
2011-07-26,6.6475,6.6675,6.6161,6.625,89605,6.625
2011-07-27,6.6,6.6075,6.545,6.5525,91431,6.5525
2011-07-28,6.5541,6.5779,6.535,6.5779,108174,6.5779
2011-07-29,6.5195,6.535,6.475,6.5114,81336,6.5114
2011-08-01,6.55,6.636,6.5111,6.53,465180,6.53
2011-08-02,6.55,6.6876,6.5275,6.5275,287528,6.5275
2011-08-03,6.4384,6.4525,6.37,6.45,347316,6.45
2011-08-04,6.2438,6.2525,6.155,6.175,349651,6.175
2011-08-05,6.1285,6.1825,6.07,6.07,977128,6.07
2011-08-08,6.0675,6.0895,5.97,5.9967,563915,5.9967
2011-08-09,6.0251,6.0925,5.91,6.0925,330713,6.0925
2011-08-10,6.0925,6.0925,5.9684,6.0495,264090,6.0495
2011-08-11,6.11,6.11,5.975,6.0375,505623,6.0375
2011-08-12,5.9716,6.0575,5.9525,6.0334,463896,6.0334
2011-08-15,6.0441,6.0525,6.02,6.03,628207,6.03
2011-08-16,6.0225,6.045,5.9725,6.01,19978,6.01
2011-08-17,6.0234,6.0275,5.9725,5.9725,155415,5.9725
2011-08-18,5.915,5.915,5.775,5.7825,250093,5.7825
2011-08-19,5.8081,5.8159,5.7416,5.7875,465309,5.7875
2011-08-22,5.7475,5.81,5.7475,5.77,207641,5.77
2011-08-23,5.8075,5.81,5.76,5.7825,299025,5.7825
2011-08-24,5.7225,5.7984,5.7083,5.795,34556,5.795
2011-08-25,5.8193,5.86,5.79,5.795,806606,5.795
2011-08-26,5.8466,5.9,5.82,5.9,744222,5.9
2011-08-30,5.93,5.965,5.915,5.965,535402,5.965
2011-08-31,6,6.08,5.9975,6.075,726816,6.075
2011-09-01,6.0609,6.09,6.025,6.09,707509,6.09
2011-09-02,6.025,6.025,5.95,5.9525,526250,5.9525
2011-09-05,5.9075,5.95,5.86,5.95,205672,5.95
2011-09-06,5.875,5.875,5.8044,5.855,624309,5.855
2011-09-07,5.95,5.9837,5.9358,5.98,155064,5.98
2011-09-08,6.0016,6.015,5.9275,5.9425,164430,5.9425
2011-09-09,5.9175,5.9184,5.85,5.865,539281,5.865
2011-09-12,5.8734,5.88,5.8325,5.88,187928,5.88
2011-09-13,5.9684,5.9925,5.93,5.99,86685,5.99
2011-09-14,5.9891,6.025,5.9725,6.025,122932,6.025
2011-09-15,6.0235,6.0825,6.02,6.0825,220540,6.0825
2011-09-16,6.1615,6.1734,6.1159,6.12,227550,6.12
2011-09-19,6.0975,6.1225,6.075,6.12,330403,6.12
2011-09-20,6.13,6.1537,6.1125,6.15,69920,6.15
2011-09-21,6.167,6.195,6.1441,6.1641,133367,6.1641
2011-09-22,6.0825,6.11,6.07,6.0775,155609,6.0775
2011-09-23,6.1259,6.1259,5.9975,6.09,283362,6.09
2011-09-26,5.9934,6.0575,5.9775,6.03,228764,6.03
2011-09-27,6.135,6.2025,6.1305,6.15,941493,6.15
2011-09-28,6.1875,6.2175,6.1675,6.17,1145694,6.17
2011-09-29,6.2116,6.2469,6.1791,6.2009,171725,6.2009
2011-09-30,6.1984,6.1984,6.1225,6.1225,162112,6.1225
2011-10-03,6.1105,6.1575,6.075,6.1375,710954,6.1375
2011-10-04,6.06,6.06,6.01,6.0175,53687,6.0175
2011-10-05,6.0325,6.0575,5.9925,6.045,55108,6.045
2011-10-06,6.083,6.1625,6.0809,6.16,73053,6.16
2011-10-07,6.1025,6.1225,6.0425,6.09,156256,6.09
2011-10-10,6.0841,6.14,6.08,6.13,74973,6.13
2011-10-11,6.1434,6.1625,6.1193,6.16,309212,6.16
2011-10-12,6.1487,6.1623,6.0927,6.1275,161190,6.1275
2011-10-13,6.1019,6.176,6.0875,6.0875,29413,6.0875
2011-10-14,6.06,6.0875,6.045,6.05,127935,6.05
2011-10-17,6.1275,6.1534,6.085,6.1408,112960,6.1408
2011-10-18,6.065,6.13,6.0475,6.13,204404,6.13
2011-10-19,6.0924,6.095,6.06,6.08,31633,6.08
2011-10-20,6.0625,6.0625,6.02,6.0275,109942,6.0275
2011-10-21,6.0149,6.05,5.9975,6.0425,238198,6.0425
2011-10-24,6.0475,6.08,6.0475,6.06,118875,6.06
2011-10-25,6.01,6.0421,5.99,6.02,163268,6.02
2011-10-26,6.0111,6.035,6.0025,6.01,62035,6.01
2011-10-27,6.15,6.21,6.15,6.1675,310074,6.1675
2011-10-28,6.1874,6.195,6.16,6.1675,108974,6.1675
2011-10-31,5.925,5.9625,5.875,5.875,88175,5.875
2011-11-01,5.87,5.905,5.7877,5.8275,413891,5.8275
2011-11-02,5.8152,5.8375,5.7775,5.83,123841,5.83
2011-11-03,5.79,5.88,5.79,5.87,286168,5.87
2011-11-04,5.8839,5.8999,5.8266,5.8325,203374,5.8325
2011-11-07,5.8548,5.8726,5.8325,5.8438,143068,5.8438
2011-11-08,5.8051,5.8311,5.79,5.8,60476,5.8
2011-11-09,5.845,5.9063,5.8225,5.84,276140,5.84
2011-11-10,5.78,5.8125,5.7477,5.7975,229752,5.7975
2011-11-11,5.7685,5.82,5.7685,5.8125,67497,5.8125
2011-11-14,5.86,5.88,5.8335,5.8425,189436,5.8425
2011-11-15,5.8482,5.8849,5.82,5.87,339620,5.87
2011-11-16,5.84,5.88,5.8375,5.8475,818433,5.8475
2011-11-17,5.86,5.86,5.821,5.84,619241,5.84
2011-11-18,5.834,5.8425,5.815,5.8167,271497,5.8167
2011-11-21,5.794,5.7975,5.7424,5.7442,186162,5.7442
2011-11-22,5.825,5.8325,5.77,5.7726,1287597,5.7726
2011-11-23,5.7275,5.77,5.7175,5.7275,244383,5.7275
2011-11-24,5.755,5.7824,5.7325,5.78,66295,5.78
2011-11-25,5.7732,5.7765,5.7424,5.77,418978,5.77
2011-11-28,5.8425,5.8475,5.8175,5.8325,79761,5.8325
2011-11-29,5.9,5.9,5.8475,5.8525,159369,5.8525
2011-11-30,5.85,5.99,5.85,5.9675,245974,5.9675
2011-12-01,5.9426,5.954,5.9225,5.9424,23847,5.9424
2011-12-02,6.0025,6.04,5.9975,6.04,822686,6.04
2011-12-05,5.995,6.025,5.995,6.01,650951,6.01
2011-12-06,5.9483,5.99,5.9375,5.99,239939,5.99
2011-12-07,6.0382,6.04,5.95,5.9625,108988,5.9625
2011-12-08,5.9725,6.0025,5.9725,5.9775,45927,5.9775
2011-12-09,5.935,5.9975,5.9242,5.995,222629,5.995
2011-12-12,5.985,6.0001,5.9299,5.9325,302869,5.9325
2011-12-13,5.9824,6.005,5.9768,6,143945,6
2011-12-14,5.9549,5.9551,5.9199,5.9225,136897,5.9225
2011-12-15,5.8975,5.9001,5.86,5.8625,462687,5.8625
2011-12-16,5.8525,5.865,5.83,5.865,408771,5.865
2011-12-19,5.8074,5.835,5.7774,5.785,185786,5.785
2011-12-20,5.7824,5.82,5.7724,5.8175,88183,5.8175
2011-12-21,5.8041,5.815,5.7625,5.77,253785,5.77
2011-12-22,5.7675,5.79,5.75,5.785,253147,5.785
2011-12-23,5.8385,5.8525,5.8225,5.83,33222,5.83
2011-12-28,5.7139,5.8275,5.7139,5.7826,34887,5.7826
2011-12-29,5.83,5.8583,5.8075,5.8575,24205,5.8575
2011-12-30,5.8932,5.895,5.8675,5.8675,80361,5.8675
2012-01-03,5.9575,5.998,5.955,5.9725,161504,5.9725
2012-01-04,5.9826,5.9975,5.97,5.975,415063,5.975
2012-01-05,5.955,5.98,5.9425,5.9625,41742,5.9625
2012-01-06,5.9165,5.95,5.915,5.93,65586,5.93
2012-01-09,5.9525,5.955,5.9199,5.92,41709,5.92
2012-01-10,5.96,6.0001,5.96,5.9832,78236,5.9832
2012-01-11,5.95,5.9976,5.95,5.9976,40378,5.9976
2012-01-12,5.9907,6.0075,5.9824,5.9875,11844,5.9875
2012-01-13,6.0208,6.0475,6.0084,6.0124,20267,6.0124
2012-01-16,5.959,5.985,5.9574,5.985,131045,5.985
2012-01-17,6.0175,6.0351,6.0075,6.01,34383,6.01
2012-01-18,6.0425,6.0551,6.025,6.0299,111681,6.0299
2012-01-19,6.0673,6.085,6.0526,6.0626,115205,6.0626
2012-01-20,6.1113,6.1201,6.0925,6.0925,15028,6.0925
2012-01-23,6.105,6.1375,6.1125,6.1325,38282,6.1325
2012-01-24,6.1075,6.1126,6.0533,6.0575,105426,6.0575
2012-01-25,6.0925,6.1201,6.065,6.0825,202844,6.0825
2012-01-26,6.0949,6.1451,6.1075,6.1151,400406,6.1151
2012-01-27,6.1,6.13,6.0975,6.12,406998,6.12
2012-01-30,6.0975,6.115,6.09,6.1,178586,6.1
2012-01-31,6.1125,6.115,6.0575,6.0625,410416,6.0625
2012-02-01,6.11,6.1276,6.0851,6.1026,45355,6.1026
2012-02-02,6.1326,6.1533,6.1175,6.13,244998,6.13
2012-02-03,6.1125,6.17,6.1075,6.1574,129047,6.1574
2012-02-06,6.1675,6.1675,6.1325,6.1399,59302,6.1399
2012-02-07,6.1901,6.1901,6.15,6.1574,175090,6.1574
2012-02-08,6.1749,6.2225,6.1674,6.2175,692086,6.2175
2012-02-09,6.2251,6.2335,6.2025,6.21,447381,6.21
2012-02-10,6.159,6.1726,6.1325,6.16,125366,6.16
2012-02-13,6.1926,6.2175,6.18,6.21,53363,6.21
2012-02-14,6.2325,6.2476,6.21,6.2274,177717,6.2274
2012-02-15,6.3125,6.3576,6.3125,6.355,405364,6.355
2012-02-16,6.3226,6.3326,6.3099,6.31,15543,6.31
2012-02-17,6.3451,6.355,6.3167,6.3325,375986,6.3325
2012-02-20,6.3262,6.3425,6.3092,6.3375,210341,6.3375
2012-02-21,6.3215,6.3449,6.3025,6.33,15600,6.33
2012-02-22,6.3899,6.4225,6.3825,6.395,114570,6.395
2012-02-23,6.4126,6.4299,6.3799,6.41,39144,6.41
2012-02-24,6.425,6.4475,6.395,6.4075,45122,6.4075
2012-02-27,6.305,6.35,6.2749,6.35,110996,6.35
2012-02-28,6.4474,6.47,6.4349,6.4499,190637,6.4499
2012-02-29,6.375,6.4075,6.3275,6.35,200317,6.35
2012-03-01,6.2649,6.3225,6.2649,6.3225,191334,6.3225
2012-03-02,6.3076,6.33,6.2924,6.3275,103978,6.3275
2012-03-05,6.3057,6.3126,6.275,6.2875,158430,6.2875
2012-03-06,6.2475,6.2601,6.2274,6.2601,25348,6.2601
2012-03-07,6.2899,6.32,6.2975,6.31,168036,6.31
2012-03-08,6.3926,6.4232,6.37,6.3725,106468,6.3725
2012-03-09,6.4043,6.475,6.4,6.45,794548,6.45
2012-03-12,6.3948,6.4276,6.3876,6.4151,35090,6.4151
2012-03-13,6.4101,6.4301,6.39,6.4225,282406,6.4225
2012-03-14,6.4375,6.4375,6.4075,6.4075,128053,6.4075
2012-03-15,6.445,6.4624,6.4276,6.455,279757,6.455
2012-03-16,6.45,6.4574,6.42,6.4324,323937,6.4324
2012-03-19,6.4291,6.42,6.3875,6.3925,97211,6.3925
2012-03-20,6.3999,6.3726,6.3451,6.3675,55163,6.3675
2012-03-21,6.319,6.42,6.3001,6.3201,96515,6.3201
2012-03-22,6.3426,6.3775,6.3375,6.3725,379321,6.3725
2012-03-23,6.3225,6.345,6.3025,6.3325,283025,6.3325
2012-03-26,6.355,6.3676,6.3184,6.3475,292579,6.3475
2012-03-27,6.4274,6.45,6.39,6.405,538164,6.405
2012-03-28,6.4356,6.455,6.4275,6.4474,103821,6.4474
2012-03-29,6.4375,6.44,6.385,6.39,158377,6.39
2012-03-30,6.3845,6.4291,6.38,6.4032,223311,6.4032
2012-04-02,6.345,6.3975,6.2976,6.3975,138120,6.3975
2012-04-03,6.3775,6.3825,6.35,6.3825,242171,6.3825
2012-04-04,6.2507,6.2575,6.185,6.19,129616,6.19
2012-04-05,6.274,6.275,6.225,6.26,229815,6.26
2012-04-10,6.1625,6.1983,6.1625,6.17,49350,6.17
2012-04-11,6.15,6.1842,6.1375,6.16,68089,6.16
2012-04-12,6.165,6.1891,6.14,6.1891,123290,6.1891
2012-04-13,6.2033,6.2033,6.1562,6.1759,53847,6.1759
2012-04-16,6.175,6.216,6.1662,6.19,245838,6.19
2012-04-17,6.1675,6.1884,6.1513,6.1884,215823,6.1884
2012-04-18,6.2058,6.2083,6.1284,6.1325,141521,6.1325
2012-04-19,6.1334,6.15,6.1018,6.12,38102,6.12
2012-04-20,6.0625,6.09,6.0362,6.07,330814,6.07
2012-04-23,6.0558,6.06,5.9937,6.01,366382,6.01
2012-04-24,6.0513,6.065,6.0362,6.05,60042,6.05
2012-04-25,6.04,6.0866,6.0343,6.0591,2193263,6.0591
2012-04-26,6.0525,6.07,6.0363,6.0659,186341,6.0659
2012-04-27,6.0208,6.035,5.9962,6.0262,435753,6.0262
2012-04-30,6.0532,6.0556,6.01,6.0175,96517,6.0175
2012-05-01,5.9775,5.985,5.9375,5.9775,375431,5.9775
2012-05-02,5.9474,5.9425,5.92,5.93,612469,5.93
2012-05-03,5.9359,5.94,5.9,5.9025,263413,5.9025
2012-05-04,5.8925,5.895,5.8562,5.8675,77651,5.8675
2012-05-08,5.865,5.865,5.7975,5.8,143722,5.8
2012-05-09,5.82,5.8259,5.7862,5.805,129901,5.805
2012-05-10,5.8217,5.845,5.8159,5.825,43299,5.825
2012-05-11,5.77,5.7963,5.7692,5.7963,48638,5.7963
2012-05-14,5.7503,5.755,5.7065,5.7065,53933,5.7065
2012-05-15,5.7225,5.74,5.6975,5.6975,89963,5.6975
2012-05-16,5.6225,5.67,5.61,5.66,1092132,5.66
2012-05-17,5.715,5.75,5.6942,5.74,356732,5.74
2012-05-18,5.6935,5.6975,5.6765,5.6909,92289,5.6909
2012-05-21,5.6592,5.6875,5.6475,5.6813,29137,5.6813
2012-05-22,5.7177,5.7177,5.6925,5.715,79281,5.715
2012-05-23,5.6547,5.67,5.6259,5.6406,349413,5.6406
2012-05-24,5.695,5.7043,5.6637,5.685,111368,5.685
2012-05-25,5.6884,5.705,5.6537,5.6775,51581,5.6775
2012-05-28,5.6726,5.6908,5.6525,5.6525,17205,5.6525
2012-05-29,5.7058,5.725,5.6813,5.7125,25007,5.7125
2012-05-30,5.7175,5.7275,5.6935,5.72,43080,5.72
2012-05-31,5.7781,5.7875,5.7625,5.7825,159227,5.7825
2012-06-01,5.7446,5.7459,5.6767,5.6825,35625,5.6825
2012-06-06,5.7425,5.7874,5.7375,5.7874,104441,5.7874
2012-06-07,5.805,5.82,5.7709,5.78,134037,5.78
2012-06-08,5.7325,5.735,5.7115,5.7225,176110,5.7225
2012-06-11,5.7425,5.7725,5.735,5.7375,330493,5.7375
2012-06-12,5.7625,5.7625,5.7175,5.7325,57603,5.7325
2012-06-13,5.7315,5.7575,5.7066,5.745,51187,5.745
2012-06-14,5.7833,5.7925,5.7425,5.76,87248,5.76
2012-06-15,5.8075,5.8375,5.7878,5.8,191921,5.8
2012-06-18,5.8159,5.8334,5.8125,5.83,145045,5.83
2012-06-19,5.8025,5.8525,5.8025,5.83,282863,5.83
2012-06-20,5.8125,5.8313,5.8013,5.81,123083,5.81
2012-06-21,5.8524,5.8601,5.8238,5.8374,300673,5.8374
2012-06-22,5.795,5.82,5.7875,5.805,254564,5.805
2012-06-25,5.7875,5.795,5.7525,5.7525,642092,5.7525
2012-06-26,5.7753,5.7913,5.7662,5.7662,801679,5.7662
2012-06-27,5.8049,5.85,5.7925,5.8391,22675,5.8391
2012-06-28,5.9143,5.9225,5.895,5.9225,128408,5.9225
2012-06-29,5.9653,6.0108,5.9653,5.99,62358,5.99
2012-07-02,5.99,6.0009,5.9725,5.99,57215,5.99
2012-07-03,6.0035,6.07,6.005,6.07,68222,6.07
2012-07-04,6.0225,6.06,6.0225,6.06,59029,6.06
2012-07-05,6.055,6.0934,6.0512,6.0637,32069,6.0637
2012-07-06,6.0475,6.04,6.01,6.01,816080,6.01
2012-07-09,5.9798,5.9925,5.965,5.965,46744,5.965
2012-07-10,5.9558,5.9908,5.9515,5.97,64707,5.97
2012-07-11,5.95,5.9624,5.91,5.9225,122165,5.9225
2012-07-12,5.8762,5.8862,5.811,5.8775,71091,5.8775
2012-07-13,5.8815,5.8776,5.8334,5.8776,34165,5.8776
2012-07-16,5.8824,5.8909,5.845,5.87,347119,5.87
2012-07-17,5.8375,5.8375,5.7878,5.8175,240295,5.8175
2012-07-18,5.8,5.8437,5.8,5.84,17202,5.84
2012-07-19,5.8753,5.88,5.8425,5.86,56331,5.86
2012-07-20,5.775,5.775,5.7375,5.7574,191190,5.7574
2012-07-23,5.7399,5.7363,5.6825,5.6825,62899,5.6825
2012-07-24,5.7025,5.725,5.6625,5.6775,44395,5.6775
2012-07-25,5.6275,5.695,5.6275,5.6643,45180,5.6643
2012-07-26,5.69,5.7006,5.6625,5.6625,121135,5.6625
2012-07-27,5.7075,5.75,5.6975,5.75,149503,5.75
2012-07-30,5.7282,5.77,5.715,5.7625,105395,5.7625
2012-07-31,5.7825,5.8125,5.74,5.74,665126,5.74
2012-08-01,5.764,5.8025,5.764,5.7925,75325,5.7925
2012-08-02,5.795,5.83,5.7506,5.7708,144892,5.7708
2012-08-03,5.78,5.8075,5.78,5.8075,98834,5.8075
2012-08-06,5.813,5.89,5.845,5.8638,105844,5.8638
2012-08-07,5.9251,5.95,5.91,5.95,52211,5.95
2012-08-08,5.9191,5.9159,5.8809,5.9016,278098,5.9016
2012-08-09,5.9218,5.9384,5.915,5.935,98982,5.935
2012-08-10,5.8975,5.9233,5.88,5.895,149236,5.895
2012-08-13,5.89,5.9225,5.8825,5.8825,73827,5.8825
2012-08-14,5.8924,5.9012,5.885,5.8875,128567,5.8875
2012-08-15,5.8575,5.865,5.8325,5.865,160439,5.865
2012-08-16,5.9175,5.9175,5.8843,5.9017,41976,5.9017
2012-08-17,5.9375,5.98,5.95,5.9625,245023,5.9625
2012-08-20,5.9576,5.975,5.935,5.943,352638,5.943
2012-08-21,5.96,5.9637,5.9375,5.9525,112337,5.9525
2012-08-22,5.89,5.9028,5.88,5.8837,52301,5.8837
2012-08-23,5.9271,5.9431,5.8875,5.8938,258443,5.8938
2012-08-24,5.8765,5.91,5.865,5.91,330920,5.91
2012-08-28,5.8458,5.86,5.82,5.83,349818,5.83
2012-08-29,5.86,5.86,5.83,5.8325,53181,5.8325
2012-08-30,5.7775,5.7891,5.75,5.7725,181870,5.7725
2012-08-31,5.7202,5.7625,5.7087,5.7625,232983,5.7625
2012-09-03,5.652,5.7,5.6484,5.7,156366,5.7
2012-09-04,5.6575,5.6575,5.6216,5.63,113027,5.63
2012-09-05,5.588,5.59,5.56,5.59,424198,5.59
2012-09-06,5.5933,5.6475,5.585,5.64,444580,5.64
2012-09-07,5.6802,5.7237,5.6825,5.695,446157,5.695
2012-09-10,5.725,5.7275,5.7075,5.7075,127106,5.7075
2012-09-11,5.6792,5.71,5.6725,5.71,454820,5.71
2012-09-12,5.7475,5.7633,5.735,5.7475,555490,5.7475
2012-09-13,5.7725,5.78,5.7352,5.78,580152,5.78
2012-09-14,5.8384,5.8662,5.8316,5.8575,361806,5.8575
2012-09-17,5.9625,5.9625,5.7975,5.8,153034,5.8
2012-09-18,5.7709,5.795,5.7584,5.785,93351,5.785
2012-09-19,5.7787,5.825,5.7691,5.825,505318,5.825
2012-09-20,5.78,5.79,5.7684,5.7725,54945,5.7725
2012-09-21,5.7708,5.8025,5.7708,5.795,246593,5.795
2012-09-24,5.76,5.7675,5.745,5.76,143624,5.76
2012-09-25,5.7955,5.815,5.7975,5.81,241025,5.81
2012-09-26,5.7725,5.7894,5.7176,5.7425,265434,5.7425
2012-09-27,5.775,5.8025,5.77,5.7875,245255,5.7875
2012-09-28,5.7125,5.7175,5.6825,5.69,355875,5.69
2012-10-01,5.6825,5.7025,5.677,5.7025,701007,5.7025
2012-10-02,5.665,5.6849,5.6625,5.6625,228282,5.6625
2012-10-03,5.6415,5.6609,5.6392,5.6525,50279,5.6525
2012-10-04,5.6969,5.705,5.6825,5.6825,263113,5.6825
2012-10-05,5.6758,5.7075,5.6758,5.7025,1063863,5.7025
2012-10-08,5.6803,5.71,5.6784,5.705,310736,5.705
2012-10-09,5.6601,5.6575,5.6175,5.62,571085,5.62
2012-10-10,5.6,5.6,5.5529,5.57,463431,5.57
2012-10-11,5.5883,5.61,5.5821,5.6,2392941,5.6
2012-10-12,5.61,5.6125,5.57,5.57,1067820,5.57
2012-10-15,5.6076,5.6325,5.605,5.63,109591,5.63
2012-10-16,5.6425,5.69,5.6339,5.69,536567,5.69
2012-10-17,5.705,5.72,5.69,5.715,653603,5.715
2012-10-18,5.7526,5.7643,5.7325,5.75,295004,5.75
2012-10-19,5.783,5.785,5.7446,5.75,158388,5.75
2012-10-22,5.7715,5.8,5.77,5.78,227016,5.78
2012-10-23,5.73,5.73,5.6775,5.7,244217,5.7
2012-10-24,5.7025,5.7145,5.6925,5.7,279913,5.7
2012-10-25,5.7,5.7371,5.69,5.69,479796,5.69
2012-10-26,5.655,5.665,5.6121,5.65,417129,5.65
2012-10-29,5.6425,5.655,5.62,5.655,93940,5.655
2012-10-30,5.6375,5.6375,5.6189,5.63,131573,5.63
2012-10-31,5.6659,5.6775,5.6325,5.6375,715290,5.6375
2012-11-01,5.62,5.67,5.61,5.66,117799,5.66
2012-11-02,5.6821,5.7104,5.6783,5.7,245524,5.7
2012-11-05,5.6775,5.7001,5.6693,5.7001,287012,5.7001
2012-11-06,5.6775,5.7025,5.6775,5.69,90146,5.69
2012-11-07,5.6851,5.6877,5.615,5.615,432439,5.615
2012-11-08,5.6201,5.6358,5.6171,5.6221,209204,5.6221
2012-11-09,5.62,5.65,5.605,5.65,292592,5.65
2012-11-12,5.5901,5.61,5.59,5.5926,183149,5.5926
2012-11-13,5.58,5.6129,5.5696,5.61,116476,5.61
2012-11-14,5.6124,5.62,5.5749,5.59,228443,5.59
2012-11-15,5.6325,5.6368,5.61,5.6178,230530,5.6178
2012-11-16,5.7333,5.7375,5.7079,5.7125,160629,5.7125
2012-11-19,5.7645,5.81,5.7625,5.8021,677720,5.8021
2012-11-20,5.7525,5.7725,5.7525,5.7575,157894,5.7575
2012-11-21,5.79,5.79,5.7518,5.77,465867,5.77
2012-11-22,5.7925,5.825,5.7896,5.81,235232,5.81
2012-11-23,5.82,5.83,5.7974,5.815,89212,5.815
2012-11-26,5.81,5.8547,5.795,5.7971,92371,5.7971
2012-11-27,5.792,5.82,5.7775,5.79,267912,5.79
2012-11-28,5.7619,5.7552,5.7331,5.75,108791,5.75
2012-11-29,5.82,5.835,5.79,5.79,204934,5.79
2012-11-30,5.81,5.8325,5.8089,5.8288,366202,5.8288
2012-12-03,5.7982,5.82,5.79,5.8025,154955,5.8025
2012-12-04,5.7869,5.8025,5.7752,5.8025,66811,5.8025
2012-12-05,5.7921,5.7981,5.7675,5.79,80259,5.79
2012-12-06,5.8125,5.8225,5.8,5.82,226357,5.82
2012-12-07,5.851,5.8651,5.8324,5.85,137604,5.85
2012-12-10,5.8457,5.8457,5.8179,5.83,163146,5.83
2012-12-11,5.8125,5.83,5.8025,5.83,692220,5.83
2012-12-12,5.8372,5.8427,5.8171,5.8269,194059,5.8269
2012-12-13,5.8383,5.85,5.8025,5.8075,591909,5.8075
2012-12-14,5.8052,5.84,5.8052,5.8362,563927,5.8362
2012-12-17,5.8175,5.8525,5.8149,5.85,521188,5.85
2012-12-18,5.9046,5.9376,5.9125,5.9275,290755,5.9275
2012-12-19,5.9975,6.0225,5.985,6.02,426538,6.02
2012-12-20,6.04,6.06,6.04,6.06,622752,6.06
2012-12-21,6.0018,6.0675,5.9951,6.0675,441490,6.0675
2012-12-24,6.0725,6.1,6.0725,6.0841,40557,6.0841
2012-12-27,6.045,6.0551,6.0325,6.045,108846,6.045
2012-12-28,6.0588,6.0666,6.0125,6.0125,292439,6.0125
2012-12-31,6.0376,6.0397,5.995,5.995,42800,5.995
2013-01-02,6.1388,6.1625,5.98,5.98,1204210,5.98
2013-01-03,6.1644,6.21,6.15,6.21,1684132,6.21
2013-01-04,6.1721,6.1975,6.16,6.175,174334,6.175
2013-01-07,6.1275,6.1291,6.09,6.11,305041,6.11
2013-01-08,6.04,6.0776,6.0246,6.0299,535714,6.0299
2013-01-09,6.1125,6.1374,6.0913,6.125,84769,6.125
2013-01-10,6.1676,6.1757,6.1503,6.165,281504,6.165
2013-01-11,6.13,6.17,6.1225,6.16,73356,6.16
2013-01-14,6.2046,6.2497,6.1975,6.23,1295067,6.23
2013-01-15,6.1875,6.215,6.1846,6.2,1113091,6.2
2013-01-16,6.1425,6.1725,6.0976,6.16,513387,6.16
2013-01-17,6.17,6.1875,6.1367,6.165,396106,6.165
2013-01-18,6.2275,6.26,6.0697,6.2475,211968,6.2475
2013-01-21,6.205,6.2475,6.1996,6.2475,109883,6.2475
2013-01-22,6.2075,6.2125,6.17,6.1784,208947,6.1784
2013-01-23,6.1875,6.205,6.1613,6.18,233127,6.18
2013-01-24,6.23,6.275,6.1996,6.275,165621,6.275
2013-01-25,6.2875,6.3225,6.25,6.27,448436,6.27
2013-01-28,6.21,6.254,6.21,6.2475,287741,6.2475
2013-01-29,6.3175,6.3329,6.2974,6.3125,259978,6.3125
2013-01-30,6.3675,6.3979,6.3475,6.3604,88011,6.3604
2013-01-31,6.3647,6.3675,6.335,6.335,207817,6.335
2013-02-01,6.2994,6.38,6.2994,6.38,388833,6.38
2013-02-04,6.4269,6.4358,6.3696,6.3775,266287,6.3775
2013-02-05,6.3275,6.38,6.3154,6.38,444231,6.38
2013-02-06,6.425,6.4628,6.4121,6.4425,337064,6.4425
2013-02-07,6.4863,6.4949,6.41,6.41,1240967,6.41
2013-02-08,6.4001,6.4125,6.3571,6.4,1327041,6.4
2013-02-11,6.4591,6.5175,6.4502,6.51,164436,6.51
2013-02-12,6.4679,6.5175,6.46,6.49,640653,6.49
2013-02-13,6.4451,6.5054,6.4402,6.5054,349058,6.5054
2013-02-14,6.4675,6.475,6.4375,6.453,231204,6.453
2013-02-15,6.4169,6.4675,6.4143,6.4349,766946,6.4349
2013-02-18,6.4896,6.4996,6.4818,6.4825,141433,6.4825
2013-02-19,6.4951,6.5575,6.51,6.5575,142099,6.5575
2013-02-20,6.5995,6.6975,6.5995,6.6825,174016,6.6825
2013-02-21,6.6245,6.6425,6.5775,6.59,422372,6.59
2013-02-22,6.6224,6.6675,6.6224,6.66,264515,6.66
2013-02-25,6.722,6.775,6.7275,6.74,853362,6.74
2013-02-26,6.727,6.7825,6.727,6.7675,260341,6.7675
2013-02-27,6.7375,6.7525,6.6975,6.7525,335231,6.7525
2013-02-28,6.7625,6.8,6.76,6.775,741052,6.775
2013-03-01,6.855,6.915,6.8221,6.9,712131,6.9
2013-03-04,7.02,7.02,6.8896,6.91,376063,6.91
2013-03-05,6.8702,6.9226,6.8546,6.9226,598333,6.9226
2013-03-06,6.9721,7.0175,6.9775,7.005,332513,7.005
2013-03-07,6.985,7.01,6.9246,7.0025,499898,7.0025
2013-03-08,7.0127,7.05,6.9975,7.025,616079,7.025
2013-03-11,7.0775,7.1297,7.075,7.0996,266065,7.0996
2013-03-12,7.0446,7.0925,7.0146,7.06,339434,7.06
2013-03-13,7.0501,7.08,7.0002,7.08,310120,7.08
2013-03-14,7.0825,7.12,7.0675,7.07,522815,7.07
2013-03-15,7.09,7.0925,7.0271,7.0925,166642,7.0925
2013-03-18,7.055,7.0925,7.0401,7.0925,189536,7.0925
2013-03-19,7.109,7.11,7.0677,7.0677,116108,7.0677
2013-03-20,7.12,7.155,7.0943,7.1197,544098,7.1197
2013-03-21,7.1425,7.1579,7.1125,7.14,462165,7.14
2013-03-22,7.0775,7.11,7.0675,7.0874,452429,7.0874
2013-03-25,7.121,7.1404,7.0932,7.1132,52242,7.1132
2013-03-26,7.125,7.1425,7.1125,7.13,239298,7.13
2013-03-27,7.2032,7.2054,7.1724,7.195,499402,7.195
2013-03-28,7.175,7.175,7.1225,7.1525,243665,7.1525
2013-04-02,6.921,7.0375,6.8508,6.985,1149482,6.985
2013-04-03,7.0425,7.065,7.0075,7.0075,183185,7.0075
2013-04-04,7.2021,7.31,7.158,7.2074,495529,7.2074
2013-04-05,7.2021,7.2353,7.1505,7.2025,376856,7.2025
2013-04-08,7.175,7.2679,7.175,7.265,598644,7.265
2013-04-09,7.1875,7.2154,7.1822,7.2132,1508607,7.2132
2013-04-10,7.2904,7.3754,7.2675,7.37,754876,7.37
2013-04-11,7.4122,7.445,7.3772,7.44,713188,7.44
2013-04-12,7.4345,7.4524,7.4075,7.42,376857,7.42
2013-04-15,7.4409,7.4966,7.417,7.455,160827,7.455
2013-04-16,7.49,7.49,7.4149,7.47,380622,7.47
2013-04-17,7.49,7.5075,7.4475,7.46,441787,7.46
2013-04-18,7.4025,7.44,7.3746,7.4025,344177,7.4025
2013-04-19,7.3925,7.4275,7.3675,7.4225,288867,7.4225
2013-04-22,7.45,7.4526,7.42,7.4526,455386,7.4526
2013-04-23,7.47,7.53,7.4575,7.53,713857,7.53
2013-04-24,7.5445,7.615,7.5447,7.6,809881,7.6
2013-04-25,7.575,7.625,7.525,7.5475,438845,7.5475
2013-04-26,7.5325,7.5401,7.4875,7.5025,230130,7.5025
2013-04-29,7.4825,7.5372,7.4724,7.532,497250,7.532
2013-04-30,7.592,7.595,7.56,7.56,152192,7.56
2013-05-01,7.5563,7.5426,7.4925,7.52,255259,7.52
2013-05-02,7.5047,7.5625,7.485,7.5625,699410,7.5625
2013-05-03,7.59,7.6225,7.5418,7.6225,238074,7.6225
2013-05-07,7.586,7.6625,7.54,7.6619,148119,7.6619
2013-05-08,7.6402,7.6725,7.6348,7.65,149458,7.65
2013-05-09,7.6075,7.6375,7.5625,7.615,458610,7.615
2013-05-10,7.6575,7.7325,7.6402,7.7325,416842,7.7325
2013-05-13,7.805,7.8375,7.765,7.83,314856,7.83
2013-05-14,7.8119,7.9147,7.7999,7.9025,389959,7.9025
2013-05-15,7.9775,8.0101,7.9252,8,768672,8
2013-05-16,7.905,7.9425,7.8575,7.87,215273,7.87
2013-05-17,7.9766,8.02,7.9426,8.01,199441,8.01
2013-05-20,8.0875,8.0922,8.06,8.08,311537,8.08
2013-05-21,8.0743,8.16,8.0524,8.14,447094,8.14
2013-05-22,8.1657,8.3,8.1475,8.3,555491,8.3
2013-05-23,7.7123,7.78,7.4268,7.64,1280469,7.64
2013-05-24,7.71,7.7232,7.4649,7.5425,703829,7.5425
2013-05-28,7.5698,7.6825,7.5275,7.57,758530,7.57
2013-05-29,7.5429,7.5429,7.38,7.39,488106,7.39
2013-05-30,7.38,7.48,7.303,7.34,1235678,7.34
2013-05-31,7.2921,7.2969,7.1427,7.2727,212904,7.2727
2013-06-03,7.1097,7.0875,6.9627,6.9775,1445861,6.9775
2013-06-04,7.3146,7.3297,7.265,7.28,412273,7.28
2013-06-05,7.084,7.1249,6.953,6.9872,549917,6.9872
2013-06-06,6.89,6.9522,6.8225,6.84,515498,6.84
2013-06-07,6.8624,7.068,6.7973,7.068,1229570,7.068
2013-06-10,7.2157,7.285,7.1982,7.2225,531263,7.2225
2013-06-11,7.1335,7.185,7.0747,7.0962,817245,7.0962
2013-06-12,7.1524,7.2119,7.1075,7.1275,296975,7.1275
2013-06-13,7.0503,7.1275,6.999,7.09,7082718,7.09
2013-06-14,7.0685,7.0966,6.9969,7.02,474397,7.02
2013-06-17,7.2192,7.295,7.1924,7.2583,292066,7.2583
2013-06-18,7.204,7.4066,7.204,7.375,2210282,7.375
2013-06-19,7.375,7.3807,7.32,7.3625,99396,7.3625
2013-06-20,7.2208,7.25,7.0612,7.0888,179895,7.0888
2013-06-21,7.1976,7.315,7.1937,7.2275,418939,7.2275
2013-06-24,7.0976,7.1333,7,7.02,449633,7.02
2013-06-25,7.0278,7.15,7.0525,7.15,183630,7.15
2013-06-26,6.9625,7.1363,6.9625,7.1175,776874,7.1175
2013-06-27,7.2392,7.3825,7.2122,7.38,661875,7.38
2013-06-28,7.4181,7.4909,7.3797,7.4875,367669,7.4875
2013-07-01,7.5237,7.565,7.4888,7.53,303295,7.53
2013-07-02,7.6275,7.6875,7.594,7.6784,145206,7.6784
2013-07-03,7.5959,7.5481,7.495,7.545,181304,7.545
2013-07-04,7.52,7.7675,7.52,7.7675,115286,7.7675
2013-07-05,7.77,7.8662,7.7668,7.7884,266327,7.7884
2013-07-08,7.6975,7.7975,7.6969,7.79,118368,7.79
2013-07-09,7.8016,7.8856,7.7815,7.88,216617,7.88
2013-07-10,7.8722,7.8741,7.8025,7.8131,226520,7.8131
2013-07-11,7.8888,7.9275,7.8284,7.85,447835,7.85
2013-07-12,7.8897,7.9097,7.8675,7.89,257769,7.89
2013-07-15,7.9368,8,7.9512,7.98,173877,7.98
2013-07-16,7.9181,7.97,7.9,7.9349,105553,7.9349
2013-07-17,7.965,7.965,7.8793,7.95,204902,7.95
2013-07-18,7.9315,7.9906,7.8218,7.99,200969,7.99
2013-07-19,7.8988,7.9125,7.8559,7.8925,98081,7.8925
2013-07-22,7.8703,7.89,7.825,7.8675,325857,7.8675
2013-07-23,7.8928,7.91,7.8625,7.8625,87093,7.8625
2013-07-24,7.8553,7.8675,7.81,7.82,278943,7.82
2013-07-25,7.7325,7.7325,7.64,7.64,113918,7.64
2013-07-26,7.5692,7.565,7.4675,7.4825,118245,7.4825
2013-07-29,7.36,7.38,7.3425,7.36,281485,7.36
2013-07-30,7.33,7.5,7.4475,7.45,118536,7.45
2013-07-31,7.4343,7.4925,7.41,7.465,268011,7.465
2013-08-01,7.674,7.74,7.6675,7.7225,229234,7.7225
2013-08-02,7.8497,7.8325,7.665,7.675,227392,7.675
2013-08-05,7.7298,7.7325,7.67,7.7,161827,7.7
2013-08-06,7.7475,7.7775,7.7175,7.725,50272,7.725
2013-08-07,7.6475,7.66,7.545,7.545,304250,7.545
2013-08-08,7.5075,7.505,7.3825,7.4075,366379,7.4075
2013-08-09,7.46,7.5,7.425,7.4413,137941,7.4413
2013-08-12,7.4728,7.4925,7.4275,7.48,375473,7.48
2013-08-13,7.5178,7.545,7.4475,7.5,99980,7.5
2013-08-14,7.57,7.57,7.4925,7.5,181857,7.5
2013-08-15,7.51,7.51,7.35,7.38,790899,7.38
2013-08-16,7.37,7.3725,7.325,7.36,726267,7.36
2013-08-19,7.3978,7.37,7.35,7.34,21709,7.34
2013-08-20,7.2672,7.235,7.1975,7.2263,176996,7.2263
2013-08-21,7.1881,7.1925,7.13,7.13,792618,7.13
2013-08-22,7.1672,7.2425,7.1775,7.24,241250,7.24
2013-08-23,7.27,7.325,7.2525,7.32,98607,7.32
2013-08-27,7.2878,7.2725,7.2425,7.2475,19795,7.2475
2013-08-28,7.2412,7.25,7.1975,7.2325,43471,7.2325
2013-08-29,7.2225,7.265,7.2175,7.265,72596,7.265
2013-08-30,7.1328,7.125,7.09,7.095,140112,7.095
2013-09-02,7.1625,7.205,7.17,7.205,13036,7.205
2013-09-03,7.105,7.2875,7.23,7.2625,48057,7.2625
2013-09-04,7.3078,7.31,7.245,7.31,116018,7.31
2013-09-05,7.2663,7.3,7.245,7.3,168654,7.3
2013-09-06,7.235,7.28,7.2375,7.28,7574,7.28
2013-09-09,7.325,7.3925,7.325,7.39,58661,7.39
2013-09-10,7.4625,7.495,7.4425,7.48,734916,7.48
2013-09-11,7.3981,7.39,7.355,7.3813,23453,7.3813
2013-09-12,7.3759,7.39,7.3675,7.3875,79742,7.3875
2013-09-13,7.37,7.3825,7.3475,7.3606,273301,7.3606
2013-09-16,7.415,7.4375,7.4125,7.4375,82493,7.4375
2013-09-17,7.365,7.4,7.335,7.39,105354,7.39
2013-09-18,7.405,7.4225,7.395,7.4125,111489,7.4125
2013-09-19,7.5075,7.595,7.5075,7.57,749559,7.57
2013-09-20,7.4825,7.535,7.47,7.5075,156793,7.5075
2013-09-23,7.525,7.54,7.465,7.465,352244,7.465
2013-09-24,7.52,7.5575,7.495,7.56,111207,7.56
2013-09-25,7.5234,7.5075,7.475,7.49,748318,7.49
2013-09-26,7.6016,7.6375,7.5625,7.6,88598,7.6
2013-09-27,7.5597,7.5475,7.5,7.524,988603,7.524
2013-09-30,7.4497,7.47,7.4,7.4,269119,7.4
2013-10-01,7.4006,7.425,7.355,7.425,172651,7.425
2013-10-02,7.345,7.345,7.2775,7.31,613384,7.31
2013-10-03,7.2925,7.345,7.2925,7.3,314519,7.3
2013-10-04,7.3209,7.3425,7.3175,7.34,255165,7.34
2013-10-07,7.2396,7.265,7.215,7.26,102350,7.26
2013-10-08,7.2767,7.26,7.215,7.22,250659,7.22
2013-10-09,7.3456,7.4175,7.3725,7.4,764775,7.4
2013-10-10,7.4559,7.5325,7.46,7.5281,177571,7.5281
2013-10-11,7.4975,7.525,7.4975,7.52,61942,7.52
2013-10-14,7.4678,7.505,7.48,7.5,110065,7.5
2013-10-15,7.525,7.54,7.495,7.5175,98722,7.5175
2013-10-16,7.4866,7.575,7.47,7.565,193093,7.565
2013-10-17,7.5588,7.5575,7.495,7.5025,186922,7.5025
2013-10-18,7.485,7.5525,7.4825,7.5525,237721,7.5525
2013-10-21,7.52,7.55,7.52,7.5375,85952,7.5375
2013-10-22,7.5125,7.5725,7.5125,7.55,210037,7.55
2013-10-23,7.4475,7.4525,7.4075,7.43,177851,7.43
2013-10-24,7.4853,7.5175,7.475,7.51,219113,7.51
2013-10-25,7.3766,7.4175,7.3675,7.3925,268868,7.3925
2013-10-28,7.415,7.45,7.415,7.4559,20261,7.4559
2013-10-29,7.485,7.52,7.485,7.5075,66004,7.5075
2013-10-30,7.555,7.5625,7.5,7.51,161457,7.51
2013-10-31,7.4868,7.5025,7.4725,7.4916,551278,7.4916
2013-11-01,7.4253,7.445,7.42,7.4425,65584,7.4425
2013-11-04,7.4192,7.4475,7.425,7.44,28972,7.44
2013-11-05,7.4109,7.3975,7.355,7.355,110872,7.355
2013-11-06,7.4075,7.4325,7.395,7.4325,447507,7.4325
2013-11-07,7.3472,7.4025,7.31,7.31,136901,7.31
2013-11-08,7.3253,7.355,7.31,7.36,23627,7.36
2013-11-11,7.3756,7.4075,7.375,7.4,172792,7.4
2013-11-12,7.4593,7.5025,7.46,7.48,71566,7.48
2013-11-13,7.5248,7.525,7.4775,7.48,419269,7.48
2013-11-14,7.505,7.5675,7.4875,7.5675,355135,7.5675
2013-11-15,7.62,7.675,7.62,7.645,389622,7.645
2013-11-18,7.5838,7.6425,7.575,7.6338,98592,7.6338
2013-11-19,7.5691,7.5975,7.5625,7.5941,161086,7.5941
2013-11-20,7.5398,7.585,7.545,7.5891,102138,7.5891
2013-11-21,7.6098,7.6175,7.595,7.605,198476,7.605
2013-11-22,7.505,7.565,7.505,7.56,47698,7.56
2013-11-25,7.5097,7.575,7.53,7.5758,230994,7.5758
2013-11-26,7.5206,7.5175,7.4725,7.5075,445679,7.5075
2013-11-27,7.49,7.4925,7.445,7.48,183937,7.48
2013-11-28,7.4478,7.4575,7.4275,7.4275,79880,7.4275
2013-11-29,7.455,7.475,7.4375,7.46,3142840,7.46
2013-12-02,7.4225,7.4525,7.39,7.4525,146754,7.4525
2013-12-03,7.3603,7.3775,7.32,7.3444,728135,7.3444
2013-12-04,7.3166,7.33,7.275,7.33,402453,7.33
2013-12-05,7.2625,7.3025,7.2625,7.28,62972,7.28
2013-12-06,7.3406,7.35,7.3275,7.3475,106501,7.3475
2013-12-09,7.35,7.37,7.3275,7.3582,49148,7.3582
2013-12-10,7.3031,7.32,7.2875,7.315,319644,7.315
2013-12-11,7.2938,7.3325,7.295,7.32,56892,7.32
2013-12-12,7.3309,7.35,7.29,7.34,703085,7.34
2013-12-13,7.245,7.305,7.2325,7.305,104528,7.305
2013-12-16,7.2216,7.275,7.2,7.2732,386862,7.2732
2013-12-17,7.2475,7.2825,7.2475,7.26,106184,7.26
2013-12-18,7.31,7.4025,7.2675,7.266,132817,7.266
2013-12-19,7.2867,7.2925,7.2625,7.27,497137,7.27
2013-12-20,7.3575,7.3575,7.275,7.3075,576993,7.3075
2013-12-23,7.31,7.3725,7.3,7.3725,54186,7.3725
2013-12-24,7.2828,7.305,7.265,7.2675,117413,7.2675
2013-12-27,7.4166,7.41,7.355,7.375,36878,7.375
2013-12-30,7.4115,7.4675,7.405,7.4377,13417,7.4377
2013-12-31,9.95,7.4675,7.415,7.4325,4466,7.4325
2014-01-02,7.5153,7.43,7.4075,7.414,116882,7.414
2014-01-03,7.3519,7.4,7.4,7.379,19000,7.379
2014-01-06,7.4275,7.42,7.34,7.3409,260992,7.3409
2014-01-07,7.3487,7.4075,7.35,7.4075,192885,7.4075
2014-01-08,7.4297,7.435,7.3875,7.39,56685,7.39
2014-01-09,7.3717,7.39,7.345,7.3465,21811,7.3465
2014-01-10,7.3744,7.4175,7.4,7.3701,16787,7.3701
2014-01-13,7.3347,7.44,7.36,7.415,171657,7.415
2014-01-14,7.345,7.3475,7.33,7.3475,91858,7.3475
2014-01-15,7.43,7.46,7.3925,7.45,78685,7.45
2014-01-16,7.4192,7.425,7.4025,7.4235,468945,7.4235
2014-01-17,7.4665,7.4775,7.43,7.4375,176883,7.4375
2014-01-20,7.4025,7.4425,7.4,7.4285,93696,7.4285
2014-01-21,7.3967,7.41,7.3875,7.395,292527,7.395
2014-01-22,7.4051,7.41,7.35,7.364,644626,7.364
2014-01-23,7.3063,7.3025,7.24,7.2386,199771,7.2386
2014-01-24,7.2072,7.2175,7.13,7.1664,308314,7.1664
2014-01-27,7.1175,7.1275,7.0575,7.0611,433601,7.0611
2014-01-28,7.0425,7.095,7.0425,7.0761,1665710,7.0761
2014-01-29,7.1825,7.1825,7.06,7.095,1619767,7.095
2014-01-30,7.0821,7.1425,7.08,7.1425,197758,7.1425
2014-01-31,7.0525,7.055,6.935,7.0025,674826,7.0025
2014-02-03,6.9425,6.97,6.8975,6.8975,181036,6.8975
2014-02-04,6.785,6.8375,6.75,6.8314,447412,6.8314
2014-02-05,6.8724,6.9125,6.855,6.8575,179608,6.8575
2014-02-06,6.891,6.9775,6.88,6.9789,138005,6.9789
2014-02-07,7.0049,7.0325,6.99,7.0225,68688,7.0225
2014-02-10,7.0315,7.0375,7.0075,7.0236,230113,7.0236
2014-02-11,7.03,7.0775,7.03,7.0789,72794,7.0789
2014-02-12,7.0821,7.09,7.0125,7.0125,180951,7.0125
2014-02-13,6.941,6.915,6.8725,6.915,729572,6.915
2014-02-14,6.8712,6.8675,6.8175,6.8689,197904,6.8689
2014-02-17,6.88,6.895,6.88,6.8996,20285,6.8996
2014-02-18,6.9867,7.0125,6.97,7.0163,2530196,7.0163
2014-02-19,7.0049,7.0275,6.9875,7.0086,125247,7.0086
2014-02-20,6.885,6.91,6.8825,6.9025,232776,6.9025
2014-02-21,7.0099,7.0075,6.9875,7.0071,124088,7.0071
2014-02-24,7.0499,7.0925,7.03,7.0886,161408,7.0886
2014-02-25,7.0423,7.05,7.0075,7.05,841780,7.05
2014-02-26,7.0799,7.07,7.0275,7.055,282317,7.055
2014-02-27,7.0274,7.015,6.9425,6.9751,1006685,6.9751
2014-02-28,6.966,7.0325,6.98,7.0214,287072,7.0214
2014-03-03,6.8899,6.8825,6.8475,6.8475,355636,6.8475
2014-03-04,6.9874,7.0475,6.9775,7.0425,238409,7.0425
2014-03-05,6.985,6.985,6.955,6.955,170100,6.955
2014-03-06,7.0415,7.085,7.045,7.0661,361966,7.0661
2014-03-07,7.0574,7.0575,6.9975,7.0036,122536,7.0036
2014-03-10,7.0074,7.0425,7.005,7.035,176291,7.035
2014-03-11,7.0167,7.02,6.9675,6.9739,165638,6.9739
2014-03-12,6.9042,6.9325,6.865,6.91,245053,6.91
2014-03-13,6.8725,6.8775,6.785,6.7864,281253,6.7864
2014-03-14,6.77,6.785,6.6875,6.7425,396616,6.7425
2014-03-17,6.7051,6.7725,6.7051,6.7725,112128,6.7725
2014-03-18,6.757,6.8225,6.7201,6.7936,144404,6.7936
2014-03-19,6.7949,6.7974,6.7388,6.7437,62031,6.7437
2014-03-20,6.6457,6.7001,6.6457,6.68,220062,6.68
2014-03-21,6.7198,6.7549,6.715,6.7424,32243,6.7424
2014-03-24,6.655,6.7543,6.655,6.7101,299542,6.7101
2014-03-25,6.7375,6.7475,6.7164,6.7251,67411,6.7251
2014-03-26,6.78,6.8323,6.7689,6.8089,164693,6.8089
2014-03-27,6.8625,6.8625,6.7752,6.7989,361143,6.7989
2014-03-28,6.8675,6.9074,6.8675,6.9042,121662,6.9042
2014-03-31,6.8925,6.9299,6.8925,6.9042,51399,6.9042
2014-04-01,6.8698,6.8992,6.8521,6.8836,212099,6.8836
2014-04-02,6.91,6.9524,6.904,6.9439,103076,6.9439
2014-04-03,6.934,6.9742,6.9177,6.9511,77397,6.9511
2014-04-04,6.9548,6.9942,6.9501,6.98,9746,6.98
2014-04-07,6.8992,6.9049,6.8586,6.8686,438982,6.8686
2014-04-08,6.775,6.775,6.6437,6.68,122152,6.68
2014-04-09,6.6589,6.6818,6.655,6.6763,146467,6.6763
2014-04-10,6.6425,6.6673,6.585,6.5863,163392,6.5863
2014-04-11,6.5866,6.5964,6.54,6.5724,271005,6.5724
2014-04-14,6.5906,6.6419,6.582,6.6187,179992,6.6187
2014-04-15,6.6125,6.6125,6.5493,6.5713,103582,6.5713
2014-04-16,6.7099,6.7099,6.6725,6.6888,44409,6.6888
2014-04-17,6.6734,6.7025,6.665,6.7012,39008,6.7012
2014-04-22,6.642,6.6938,6.64,6.6938,824434,6.6938
2014-04-23,6.7034,6.725,6.6951,6.725,529243,6.725
2014-04-24,6.6684,6.6917,6.6337,6.6426,143788,6.6426
2014-04-25,6.6895,6.7099,6.635,6.6575,36301,6.6575
2014-04-28,6.6474,6.66,6.542,6.6412,375198,6.6412
2014-04-29,6.6525,6.69,6.6525,6.6637,43930,6.6637
2014-04-30,6.63,6.6399,6.6075,6.61,65300,6.61
2014-05-01,6.7245,6.8181,6.6975,6.705,94451,6.705
2014-05-02,6.7373,6.7551,6.7195,6.727,56152,6.727
2014-05-06,6.655,6.7022,6.6114,6.6275,21486,6.6275
2014-05-07,6.6247,6.6247,6.5625,6.5875,123867,6.5875
2014-05-08,6.6199,6.6225,6.51,6.6213,770399,6.6213
2014-05-09,6.6774,6.6774,6.6377,6.65,212258,6.65
2014-05-12,6.67,6.67,6.6295,6.6501,44936,6.6501
2014-05-13,6.7323,6.7649,6.7198,6.7337,499935,6.7337
2014-05-14,6.7843,6.8025,6.7575,6.7864,139688,6.7864
2014-05-15,6.7876,6.8102,6.6848,6.6938,208800,6.6938
2014-05-16,6.7068,6.7074,6.6843,6.6923,123449,6.6923
2014-05-19,6.6798,6.695,6.617,6.69,261740,6.69
2014-05-20,6.655,6.665,6.6322,6.6393,62446,6.6393
2014-05-21,6.5973,6.6574,6.5802,6.5912,11820,6.5912
2014-05-22,6.6652,6.7064,6.655,6.6887,40871,6.6887
2014-05-23,6.7489,6.785,6.7401,6.7836,648011,6.7836
2014-05-27,6.8053,6.855,6.7902,6.8475,17350,6.8475
2014-05-28,6.7975,6.8864,6.7975,6.8864,68145,6.8864
2014-05-29,6.9153,6.9275,6.8983,6.9118,15080,6.9118
2014-05-30,6.9101,6.9525,6.9101,6.945,91217,6.945
2014-06-02,7.0032,7.035,6.9925,6.9986,331803,6.9986
2014-06-03,7.0224,7.0275,6.9975,7.0189,346651,7.0189
2014-06-04,7.0475,7.0549,7.0138,7.0386,91807,7.0386
2014-06-05,7.01,7.0607,7.0075,7.0364,252324,7.0364
2014-06-06,7.0273,7.0641,7.0176,7.0625,284647,7.0625
2014-06-09,7.0177,7.0424,7.01,7.0373,97497,7.0373
2014-06-10,7.0453,7.0453,6.9543,7.0089,34058,7.0089
2014-06-11,7.0674,7.0723,7.005,7.03,175272,7.03
2014-06-12,7.0627,7.0892,7.0452,7.05,131502,7.05
2014-06-13,7.0547,7.0547,6.8941,7.004,25774,7.004
2014-06-16,7.0383,7.0425,6.9643,6.9839,99980,6.9839
2014-06-17,6.9825,7.0325,6.9825,6.9925,65061,6.9925
2014-06-18,7.0348,7.0661,7.0302,7.0575,575585,7.0575
2014-06-19,7.1377,7.1653,7.1375,7.16,390374,7.16
2014-06-20,7.144,7.2025,7.144,7.1978,48654,7.1978
2014-06-23,7.116,7.1311,7.1023,7.129,141261,7.129
2014-06-24,7.1627,7.1975,7.1371,7.1975,339388,7.1975
2014-06-25,7.185,7.185,7.0673,7.1125,130547,7.1125
2014-06-26,7.11,7.1125,7.066,7.0873,342418,7.0873
2014-06-27,7.0415,7.0787,7.0415,7.065,65087,7.065
2014-06-30,7.1083,7.1262,7.0775,7.0889,86663,7.0889
2014-07-01,7.125,7.1967,7.125,7.1636,165940,7.1636
2014-07-02,7.1382,7.15,7.1248,7.145,213075,7.145
2014-07-03,7.1625,7.1625,7.0873,7.15,52597,7.15
2014-07-04,7.1752,7.1752,7.1205,7.1327,31648,7.1327
2014-07-07,7.0807,7.1082,7.0807,7.1064,6962,7.1064
2014-07-08,7.09,7.12,7.0575,7.0575,76496,7.0575
2014-07-09,7.1075,7.1125,7.0763,7.1057,186146,7.1057
2014-07-10,7.0377,7.0463,6.945,6.995,147027,6.995
2014-07-11,7.0215,7.0275,7,7.0036,275220,7.0036
2014-07-14,7.0777,7.1092,7.0693,7.1075,483784,7.1075
2014-07-15,7.13,7.146,7.0733,7.0886,48406,7.0886
2014-07-16,7.0985,7.1791,7.0985,7.106,68005,7.106
2014-07-17,7.12,7.1327,7.0943,7.125,52530,7.125
2014-07-18,7.0712,7.1275,7.0615,7.1125,253503,7.1125
2014-07-21,7.1273,7.1303,7.0864,7.0989,10075,7.0989
2014-07-22,7.1007,7.1625,7.1007,7.1486,29367,7.1486
2014-07-23,7.1373,7.155,7.1238,7.15,246593,7.15
2014-07-24,7.1375,7.1617,7.1185,7.16,77011,7.16
2014-07-25,7.1913,7.2103,7.1685,7.1889,47392,7.1889
2014-07-28,7.2139,7.219,7.1885,7.21,36996,7.21
2014-07-29,7.2123,7.2575,7.2075,7.2461,67178,7.2461
2014-07-30,7.2435,7.2625,7.225,7.23,62447,7.23
2014-07-31,7.215,7.215,7.1568,7.1789,143571,7.1789
2014-08-01,7.1703,7.19,7.1262,7.1711,62261,7.1711
2014-08-04,7.1588,7.165,7.1365,7.1423,62960,7.1423
2014-08-05,7.1133,7.1133,7.0648,7.0861,29387,7.0861
2014-08-06,7.011,7.0275,6.9672,7.02,163981,7.02
2014-08-07,7.0448,7.0707,7.0186,7.0186,334565,7.0186
2014-08-08,6.9633,6.9825,6.91,6.9735,77935,6.9735
2014-08-11,7.0625,7.11,7.0621,7.1064,135744,7.1064
2014-08-12,7.0942,7.1086,7.0725,7.0739,28065,7.0739
2014-08-13,7.1148,7.1975,7.1075,7.19,194774,7.19
2014-08-14,7.1888,7.1907,7.1665,7.1839,157515,7.1839
2014-08-15,7.1968,7.215,7.1826,7.1836,236264,7.1836
2014-08-18,7.1902,7.2125,7.1862,7.2125,146345,7.2125
2014-08-19,7.23,7.2725,7.23,7.2625,36795,7.2625
2014-08-20,7.2175,7.2175,7.1775,7.2125,77885,7.2125
2014-08-21,7.235,7.3173,7.234,7.2718,16456,7.2718
2014-08-22,7.2347,7.24,7.2168,7.24,10632,7.24
2014-08-26,7.2,7.2314,7.1943,7.227,47773,7.227
2014-08-27,7.2043,7.22,7.17,7.1764,125502,7.1764
2014-08-28,7.1923,7.1958,7.1525,7.1528,43444,7.1528
2014-08-29,7.17,7.1775,7.1375,7.165,227996,7.165
2014-09-01,7.1386,7.1575,7.1377,7.1446,50483,7.1446
2014-09-02,7.2392,7.2947,7.2308,7.2825,15649,7.2825
2014-09-03,7.285,7.3041,7.2675,7.2975,78525,7.2975
2014-09-04,7.2626,7.3175,7.2425,7.3125,81472,7.3125
2014-09-05,7.2783,7.3035,7.2008,7.2725,89854,7.2725
2014-09-08,7.38,7.4,7.36,7.38,141888,7.38
2014-09-09,7.3625,7.3625,7.3125,7.3175,48270,7.3175
2014-09-10,7.3717,7.4147,7.354,7.3735,448287,7.3735
2014-09-11,7.315,7.3328,7.29,7.32,103594,7.32
2014-09-12,7.3008,7.3211,7.2504,7.3125,66601,7.3125
2014-09-15,7.235,7.3023,7.235,7.2875,81776,7.2875
2014-09-16,7.3053,7.3216,7.2897,7.3016,19901,7.3016
2014-09-17,7.24,7.24,7.198,7.205,90857,7.205
2014-09-18,7.2208,7.2597,7.2125,7.2425,106684,7.2425
2014-09-19,7.1928,7.28,7.1867,7.2759,256250,7.2759
2014-09-22,7.2717,7.2834,7.2591,7.265,201412,7.265
2014-09-23,7.285,7.285,7.2067,7.2325,123113,7.2325
2014-09-24,7.235,7.2825,7.2147,7.2825,167944,7.2825
2014-09-25,7.3316,7.3728,7.2675,7.2747,62017,7.2747
2014-09-26,7.3975,7.3975,7.2858,7.3725,8026,7.3725
2014-09-29,7.3925,7.3925,7.2825,7.3175,39590,7.3175
2014-09-30,7.1775,7.2997,7.1775,7.275,105190,7.275
2014-10-01,7.2333,7.2516,7.1753,7.2,197595,7.2
2014-10-02,7.13,7.13,7.04,7.04,279829,7.04
2014-10-03,7.1247,7.24,7.1247,7.2375,147207,7.2375
2014-10-06,7.2475,7.2475,7.2079,7.21,65340,7.21
2014-10-07,7.2199,7.2199,7.1443,7.18,107937,7.18
2014-10-08,7.1425,7.1475,7.075,7.1025,164516,7.1025
2014-10-09,7.074,7.074,6.9826,7.025,233209,7.025
2014-10-10,7.04,7.04,6.9533,6.9575,308536,6.9575
2014-10-13,6.8796,6.9259,6.8721,6.905,170409,6.905
2014-10-14,6.8716,6.9725,6.8716,6.9725,105094,6.9725
2014-10-15,6.991,6.9939,6.8221,6.85,43401,6.85
2014-10-16,6.8779,6.88,6.7339,6.815,126109,6.815
2014-10-17,6.7504,6.8201,6.7433,6.8201,266981,6.8201
2014-10-20,6.9223,6.9475,6.8607,6.9475,544594,6.9475
2014-10-21,6.8246,6.925,6.8246,6.925,60377,6.925
2014-10-22,6.9867,7.0425,6.9867,7.0314,26709,7.0314
2014-10-23,6.9925,7.08,6.9925,7.08,351453,7.08
2014-10-24,7.0135,7.0883,6.9999,7.0375,146856,7.0375
2014-10-27,7.05,7.0617,6.9983,7.0252,40614,7.0252
2014-10-28,7.0525,7.0675,7.0125,7.0125,24868,7.0125
2014-10-29,7.1075,7.155,7.1075,7.1225,32396,7.1225
2014-10-30,7.2025,7.2043,7.1205,7.173,373869,7.173
2014-10-31,7.4434,7.5914,7.4125,7.56,237057,7.56
2014-11-03,7.5215,7.62,7.5039,7.62,87997,7.62
2014-11-04,7.3673,7.4074,7.3325,7.4025,400588,7.4025
2014-11-05,7.43,7.45,7.385,7.41,965907,7.41
2014-11-06,7.275,7.4175,7.2475,7.3333,161677,7.3333
2014-11-07,7.315,7.3275,7.2893,7.3275,107370,7.3275
2014-11-10,7.3925,7.3925,7.2901,7.3825,50813,7.3825
2014-11-11,7.4008,7.445,7.4008,7.445,124924,7.445
2014-11-12,7.42,7.425,7.3275,7.425,82002,7.425
2014-11-13,7.489,7.5343,7.485,7.5175,55206,7.5175
2014-11-14,7.5504,7.5617,7.5168,7.55,41220,7.55
2014-11-17,7.5125,7.5125,7.412,7.4225,273528,7.4225
2014-11-18,7.49,7.5225,7.465,7.5225,66840,7.5225
2014-11-19,7.5058,7.5117,7.45,7.455,94606,7.455
2014-11-20,7.3175,7.4125,7.3175,7.4125,144292,7.4125
2014-11-21,7.4275,7.5325,7.4225,7.505,89046,7.505
2014-11-24,7.4622,7.5036,7.45,7.4675,26367,7.4675
2014-11-25,7.4875,7.505,7.4449,7.4575,39255,7.4575
2014-11-26,7.5325,7.5325,7.4,7.4325,146182,7.4325
2014-11-27,7.3046,7.3925,7.285,7.3925,22790,7.3925
2014-11-28,7.4536,7.4875,7.42,7.4875,64793,7.4875
2014-12-01,7.4425,7.5286,7.4425,7.4825,132292,7.4825
2014-12-02,7.534,7.58,7.4947,7.58,168583,7.58
2014-12-03,7.536,7.5461,7.5108,7.5425,63189,7.5425
2014-12-04,7.5075,7.5375,7.4825,7.5025,289800,7.5025
2014-12-05,7.5558,7.5925,7.54,7.5925,31241,7.5925
2014-12-08,7.5354,7.5393,7.4558,7.47,26351,7.47
2014-12-09,7.4426,7.4636,7.3825,7.4175,40370,7.4175
2014-12-10,7.4525,7.4525,7.3664,7.38,131303,7.38
2014-12-11,7.28,7.4225,7.28,7.4225,54019,7.4225
2014-12-12,7.3425,7.3425,7.2947,7.2947,71704,7.2947
2014-12-15,7.195,7.2829,7.1175,7.1175,127651,7.1175
2014-12-16,7.1175,7.2567,7.1059,7.2125,195893,7.2125
2014-12-17,7.2345,7.2825,7.18,7.2825,126782,7.2825
2014-12-18,7.3529,7.4082,7.3,7.35,114896,7.35
2014-12-19,7.383,7.435,7.3786,7.435,193901,7.435
2014-12-22,7.3239,7.4275,7.3239,7.4275,104739,7.4275
2014-12-23,7.3959,7.49,7.3959,7.485,189623,7.485
2014-12-24,7.475,7.4925,7.4125,7.4575,136682,7.4575
2014-12-29,7.4002,7.4633,7.3622,7.435,90669,7.435
2014-12-30,7.3136,7.3425,7.29,7.29,157168,7.29
2014-12-31,7.3341,7.3497,7.3125,7.3125,6300,7.3125
2015-01-02,7.3425,7.4286,7.3325,7.4,87758,7.4
2015-01-05,7.3714,7.425,7.3375,7.36,34640,7.36
2015-01-06,7.3575,7.3591,7.2875,7.2875,91809,7.2875
2015-01-07,7.3875,7.4525,7.3546,7.356,44389,7.356
2015-01-08,7.4689,7.515,7.4133,7.51,170254,7.51
2015-01-09,7.455,7.48,7.3739,7.4175,48462,7.4175
2015-01-12,7.3871,7.46,7.3175,7.42,33750,7.42
2015-01-13,7.4386,7.511,7.4386,7.4725,138921,7.4725
2015-01-14,7.4211,7.465,7.3453,7.3775,436602,7.3775
2015-01-15,7.5125,7.5375,7.4109,7.5025,106827,7.5025
2015-01-16,7.469,7.57,7.44,7.5625,89417,7.5625
2015-01-19,7.5407,7.6375,7.5021,7.5725,68776,7.5725
2015-01-20,7.63,7.649,7.57,7.585,105717,7.585
2015-01-21,7.5925,7.6119,7.5608,7.5975,334776,7.5975
2015-01-22,7.5961,7.6425,7.5569,7.6425,203561,7.6425
2015-01-23,7.7125,7.7614,7.6776,7.705,310300,7.705
2015-01-26,7.7096,7.76,7.7096,7.7525,27707,7.7525
2015-01-27,7.75,7.7636,7.6675,7.6908,38687,7.6908
2015-01-28,7.783,7.7836,7.725,7.755,97543,7.755
2015-01-29,7.7389,7.795,7.7226,7.795,226456,7.795
2015-01-30,7.7121,7.752,7.6925,7.75,375787,7.75
2015-02-02,7.77,7.8,7.7299,7.8,68843,7.8
2015-02-03,7.7026,7.7274,7.6667,7.6875,61435,7.6875
2015-02-04,7.7221,7.9475,7.6735,7.735,44852,7.735
2015-02-05,7.6896,7.735,7.5472,7.72,108686,7.72
2015-02-06,7.6886,7.73,7.66,7.73,184619,7.73
2015-02-09,7.6416,7.665,7.6325,7.6437,60196,7.6437
2015-02-10,7.6825,7.7125,7.6626,7.7125,23371,7.7125
2015-02-11,7.685,7.725,7.65,7.6546,50302,7.6546
2015-02-12,7.6625,7.7233,7.6575,7.6625,352405,7.6625
2015-02-13,7.76,7.8125,7.74,7.8125,88539,7.8125
2015-02-16,7.7571,7.8025,7.7514,7.79,36184,7.79
2015-02-17,7.8167,7.8425,7.8033,7.81,54496,7.81
2015-02-18,7.9108,7.9199,7.8875,7.9125,52354,7.9125
2015-02-19,7.9175,7.98,7.91,7.98,100636,7.98
2015-02-20,7.9925,8.0475,7.965,8.0475,1077398,8.0475
2015-02-23,7.9771,8.0015,7.9675,7.98,43771,7.98
2015-02-24,7.985,8.0375,7.9602,8.0375,128640,8.0375
2015-02-25,7.9775,7.9875,7.95,7.9875,112178,7.9875
2015-02-26,8.035,8.1051,8.02,8.1037,589987,8.1037
2015-02-27,8.1375,8.1375,8.0419,8.0525,21009,8.0525
2015-03-02,8.1175,8.1175,8.0339,8.0875,17204,8.0875
2015-03-03,8.15,8.15,8.0475,8.065,47963,8.065
2015-03-04,8.0775,8.0775,7.998,8.0587,146791,8.0587
2015-03-05,8.15,8.1814,8.1225,8.1675,254056,8.1675
2015-03-06,8.2197,8.274,8.2123,8.2525,75812,8.2525
2015-03-09,8.1575,8.1824,8.1284,8.17,67119,8.17
2015-03-10,8.1625,8.1625,8.028,8.065,58788,8.065
2015-03-11,8.09,8.1818,8.09,8.175,20836,8.175
2015-03-12,8.2661,8.41,8.2629,8.41,28893,8.41
2015-03-13,8.43,8.51,8.405,8.4962,358624,8.4962
2015-03-16,8.4625,8.555,8.4625,8.53,84157,8.53
2015-03-17,8.5348,8.595,8.5075,8.57,179522,8.57
2015-03-18,8.633,8.6678,8.5998,8.6425,187209,8.6425
2015-03-19,8.5836,8.625,8.4975,8.625,393439,8.625
2015-03-20,8.65,8.6818,8.6065,8.6175,130822,8.6175
2015-03-23,8.7138,8.7138,8.6475,8.6725,127733,8.6725
2015-03-24,8.7325,8.7325,8.6315,8.72,61292,8.72
2015-03-25,8.7925,8.7925,8.6375,8.6525,30381,8.6525
2015-03-26,8.4575,8.6225,8.4554,8.6225,68321,8.6225
2015-03-27,8.695,8.695,8.5404,8.6075,20208,8.6075
2015-03-30,8.73,8.73,8.606,8.68,114566,8.68
2015-03-31,8.5525,8.555,8.48,8.4925,320814,8.4925
2015-04-01,8.4275,8.5097,8.4115,8.49,280227,8.49
2015-04-02,8.5765,8.6425,8.5275,8.6,62279,8.6
2015-04-07,8.775,8.775,8.655,8.75,141971,8.75
2015-04-08,8.7425,8.7425,8.6848,8.7225,249552,8.7225
2015-04-09,8.79,8.79,8.6913,8.77,385547,8.77
2015-04-10,8.7948,8.8675,8.7825,8.8675,20137,8.8675
2015-04-13,8.8432,8.8744,8.7475,8.8275,25958,8.8275
2015-04-14,8.86,8.905,8.7682,8.8308,85260,8.8308
2015-04-15,8.7948,8.85,8.785,8.8425,57982,8.8425
2015-04-16,8.84,8.84,8.7348,8.745,88045,8.745
2015-04-17,8.7375,8.7475,8.615,8.675,255668,8.675
2015-04-20,8.65,8.75,8.65,8.75,21047,8.75
2015-04-21,8.9325,8.9325,8.855,8.8961,395545,8.8961
2015-04-22,8.8975,8.915,8.8125,8.8625,96282,8.8625
2015-04-23,8.91,8.91,8.8168,8.8475,322483,8.8475
2015-04-24,8.8,8.83,8.8,8.8025,165324,8.8025
2015-04-27,8.81,8.83,8.777,8.7975,37132,8.7975
2015-04-28,8.7802,8.7875,8.7098,8.755,82525,8.755
2015-04-29,8.695,8.6986,8.5444,8.5675,322436,8.5675
2015-04-30,8.5098,8.5098,8.4052,8.4875,246043,8.4875
2015-05-01,8.5375,8.615,8.427,8.615,24327,8.615
2015-05-05,8.6355,8.6525,8.4775,8.4775,58150,8.4775
2015-05-06,8.46,8.5225,8.4164,8.44,22349,8.44
2015-05-07,8.4575,8.475,8.3673,8.475,357253,8.475
2015-05-08,8.4061,8.5594,8.3723,8.555,234746,8.555
2015-05-11,8.475,8.475,8.35,8.35,156705,8.35
2015-05-12,8.3875,8.3875,8.2525,8.31,86862,8.31
2015-05-13,8.35,8.396,8.3175,8.34,18576,8.34
2015-05-14,8.2523,8.3127,8.2523,8.31,65916,8.31
2015-05-15,8.3669,8.4085,8.34,8.3725,190168,8.3725
2015-05-18,8.4606,8.5095,8.4525,8.4925,49495,8.4925
2015-05-19,8.5775,8.615,8.531,8.615,81781,8.615
2015-05-20,8.5589,8.6,8.5275,8.565,62170,8.565
2015-05-21,8.5325,8.5493,8.4682,8.49,52440,8.49
2015-05-22,8.5375,8.7,8.52,8.7,33083,8.7
2015-05-26,8.6318,8.6318,8.5334,8.5525,144285,8.5525
2015-05-27,8.605,8.655,8.585,8.655,7372,8.655
2015-05-28,8.6128,8.6375,8.5918,8.6375,126999,8.6375
2015-05-29,8.645,8.645,8.472,8.5775,82988,8.5775
2015-06-01,8.6495,8.7002,8.6495,8.6725,11599,8.6725
2015-06-02,8.6675,8.6675,8.553,8.5825,153805,8.5825
2015-06-03,8.578,8.655,8.555,8.6025,151921,8.6025
2015-06-04,8.6225,8.6225,8.5,8.545,77881,8.545
2015-06-05,8.515,8.5661,8.4925,8.5475,45298,8.5475
2015-06-08,8.5425,8.5425,8.4475,8.45,101610,8.45
2015-06-09,8.4625,8.4625,8.33,8.3625,61245,8.3625
2015-06-10,8.35,8.405,8.35,8.3863,170826,8.3863
2015-06-11,8.3925,8.5,8.3925,8.4325,1045191,8.4325
2015-06-12,8.4475,8.4475,8.3375,8.355,42937,8.355
2015-06-15,8.3375,8.405,8.3375,8.345,26289,8.345
2015-06-16,8.36,8.36,8.2425,8.3025,224724,8.3025
2015-06-17,8.27,8.27,8.1325,8.1325,68494,8.1325
2015-06-18,8.165,8.165,8.0575,8.1225,303348,8.1225
2015-06-19,8.12,8.1575,8.12,8.14,1848141,8.14
2015-06-22,8.2575,8.305,8.245,8.305,110144,8.305
2015-06-23,8.39,8.42,8.39,8.4175,64268,8.4175
2015-06-24,8.3575,8.415,8.3225,8.415,114734,8.415
2015-06-25,8.3575,8.3575,8.3125,8.3238,99143,8.3238
2015-06-26,8.3125,8.35,8.31,8.3325,14609,8.3325
2015-06-29,8.18,8.2225,8.18,8.18,29829,8.18
2015-06-30,8.185,8.2375,8.18,8.1963,305908,8.1963
2015-07-01,8.2575,8.3175,8.2525,8.3175,176818,8.3175
2015-07-02,8.305,8.305,8.2725,8.3,362342,8.3
2015-07-03,8.315,8.3375,8.3,8.3375,209525,8.3375
2015-07-06,8.3325,8.3325,8.25,8.27,67488,8.27
2015-07-07,8.27,8.34,8.27,8.2925,34807,8.2925
2015-07-08,8.29,8.29,8.06,8.15,143593,8.15
2015-07-09,8.125,8.21,8.125,8.1275,34493,8.1275
2015-07-10,8.1875,8.1875,8.14,8.1775,450789,8.1775
2015-07-13,8.1675,8.295,8.1675,8.295,44665,8.295
2015-07-14,8.2875,8.33,8.2875,8.3075,130270,8.3075
2015-07-15,8.31,8.32,8.25,8.32,255489,8.32
2015-07-16,8.3075,8.3475,8.28,8.3338,441022,8.3338
2015-07-17,8.34,8.4,8.3,8.3575,57530,8.3575
2015-07-20,8.345,8.39,8.345,8.39,77652,8.39
2015-07-21,8.38,8.38,8.335,8.355,178148,8.355
2015-07-22,8.335,8.335,8.24,8.2775,336762,8.2775
2015-07-23,8.3075,8.3575,8.275,8.3575,44546,8.3575
2015-07-24,8.345,8.3475,8.3,8.3125,21615,8.3125
2015-07-27,8.3,8.3,8.175,8.195,302329,8.195
2015-07-28,8.175,8.195,8.1525,8.195,82988,8.195
2015-07-29,8.175,8.21,8.1375,8.21,718620,8.21
2015-07-30,8.185,8.2475,8.185,8.2475,2486443,8.2475
2015-07-31,8.24,8.3225,8.24,8.305,239014,8.305
2015-08-03,8.27,8.3075,8.2625,8.3075,55845,8.3075
2015-08-04,8.29,8.29,8.235,8.25,106226,8.25
2015-08-05,8.2825,8.345,8.2825,8.345,59691,8.345
2015-08-06,8.3125,8.3525,8.275,8.325,216016,8.325
2015-08-07,8.355,8.395,8.35,8.395,660081,8.395
2015-08-10,8.3775,8.485,8.3775,8.485,87438,8.485
2015-08-11,8.4775,8.4775,8.29,8.29,59000,8.29
2015-08-12,8.3075,8.3075,8.1225,8.155,2638421,8.155
2015-08-13,8.1425,8.28,8.1425,8.28,526542,8.28
2015-08-14,8.2525,8.2875,8.2425,8.2875,1349792,8.2875
2015-08-17,8.28,8.3125,8.2625,8.285,98507,8.285
2015-08-18,8.3125,8.3125,8.1975,8.2275,40227,8.2275
2015-08-19,8.245,8.245,8.1425,8.155,31600,8.155
2015-08-20,8.1425,8.1425,7.9613,7.9613,102933,7.9613
2015-08-21,7.97,7.97,7.72,7.73,236229,7.73
2015-08-24,7.485,7.49,7.145,7.2325,218855,7.2325
2015-08-25,7.1625,7.6125,7.1625,7.6075,771465,7.6075
2015-08-26,7.6125,7.7325,7.56,7.64,220072,7.64
2015-08-27,7.82,7.9775,7.82,7.97,316339,7.97
2015-08-28,7.9775,8.0225,7.9625,8.015,153812,8.015
2015-09-01,8.005,8.005,7.5575,7.5575,154861,7.5575
2015-09-02,7.5875,7.7375,7.5875,7.6675,111406,7.6675
2015-09-03,7.6825,7.8625,7.6825,7.8325,540650,7.8325
2015-09-04,7.845,7.845,7.58,7.625,1263262,7.625
2015-09-07,7.6375,7.7275,7.6125,7.6125,77356,7.6125
2015-09-08,7.62,7.625,7.51,7.6175,426182,7.6175
2015-09-09,7.61,7.825,7.61,7.72,312066,7.72
2015-09-10,7.715,7.715,7.58,7.585,45504,7.585
2015-09-11,7.615,7.62,7.5713,7.5713,180428,7.5713
2015-09-14,7.575,7.6075,7.575,7.59,201401,7.59
2015-09-15,7.6075,7.655,7.5875,7.655,90282,7.655
2015-09-16,7.71,7.715,7.665,7.68,47334,7.68
2015-09-17,7.6675,7.6675,7.64,7.6525,110065,7.6525
2015-09-18,7.645,7.645,7.3875,7.47,117346,7.47
2015-09-21,7.4725,7.5175,7.4575,7.4988,376762,7.4988
2015-09-22,7.515,7.515,7.39,7.4088,198040,7.4088
2015-09-23,7.41,7.5175,7.41,7.4737,159324,7.4737
2015-09-24,7.5,7.525,7.34,7.3638,85980,7.3638
2015-09-25,7.3675,7.7225,7.3675,7.7225,698713,7.7225
2015-09-28,7.6925,7.6925,7.51,7.51,18356,7.51
2015-09-29,7.53,7.53,7.3625,7.3875,152376,7.3875
2015-09-30,7.475,7.5425,7.4675,7.535,204328,7.535
2015-10-01,7.535,7.6575,7.535,7.5725,47921,7.5725
2015-10-02,7.58,7.67,7.515,7.5738,1227126,7.5738
2015-10-05,7.55,7.88,7.55,7.875,2406261,7.875
2015-10-06,7.875,7.875,7.7925,7.8175,642994,7.8175
2015-10-07,7.89,7.9175,7.83,7.8325,293931,7.8325
2015-10-08,7.84,7.87,7.8025,7.8625,36708,7.8625
2015-10-09,7.86,7.9425,7.86,7.93,577449,7.93
2015-10-12,7.93,7.93,7.8925,7.9075,40763,7.9075
2015-10-13,7.895,7.945,7.8925,7.9275,44752,7.9275
2015-10-14,7.945,7.945,7.705,7.7088,91081,7.7088
2015-10-15,7.8025,7.845,7.8025,7.8275,207890,7.8275
2015-10-16,7.8425,7.9625,7.8425,7.88,1011641,7.88
2015-10-19,7.895,7.895,7.825,7.8338,60621,7.8338
2015-10-20,7.8375,7.8375,7.8125,7.83,127247,7.83
2015-10-21,7.8375,7.97,7.8375,7.9675,221245,7.9675
2015-10-22,7.955,8.08,7.95,8.0725,3505797,8.0725
2015-10-23,8.075,8.1538,8.0225,8.1538,169266,8.1538
2015-10-26,8.1375,8.1525,8.13,8.1525,750301,8.1525
2015-10-27,8.1425,8.1575,8.0925,8.1175,67454,8.1175
2015-10-28,8.1175,8.1725,8.1175,8.17,65412,8.17
2015-10-29,8.1725,8.18,8.0925,8.1062,92083,8.1062
2015-10-30,8.0975,8.0975,8.01,8.0188,90109,8.0188
2015-11-02,7.97,8.02,7.9675,8.02,269910,8.02
2015-11-03,8.005,8.0825,8.005,8.0663,166157,8.0663
2015-11-04,8.0725,8.0725,8.0075,8.0388,65182,8.0388
2015-11-05,8.06,8.21,8.06,8.1725,342448,8.1725
2015-11-06,8.16,8.255,8.16,8.2312,68215,8.2312
2015-11-09,8.28,8.28,8.185,8.185,115978,8.185
2015-11-10,8.2225,8.3175,8.2225,8.275,8192,8.275
2015-11-11,8.2975,8.3075,8.2775,8.285,55326,8.285
2015-11-12,8.285,8.285,8.2037,8.2037,174764,8.2037
2015-11-13,8.195,8.195,8.1575,8.1575,132377,8.1575
2015-11-16,8.205,8.205,8.1725,8.1738,158000,8.1738
2015-11-17,8.1725,8.2525,8.1725,8.2425,1029492,8.2425
2015-11-18,8.2525,8.2525,8.195,8.24,39945,8.24
2015-11-19,8.25,8.265,8.2312,8.2312,737283,8.2312
2015-11-20,8.2325,8.33,8.2325,8.33,36182,8.33
2015-11-23,8.3,8.355,8.3,8.355,328595,8.355
2015-11-24,8.3525,8.3675,8.345,8.3675,54380,8.3675
2015-11-25,8.3675,8.3675,8.33,8.3375,18602,8.3375
2015-11-26,8.3475,8.4075,8.3475,8.3825,182951,8.3825
2015-11-27,8.3825,8.3825,8.31,8.3187,39227,8.3187
2015-11-30,8.31,8.31,8.2387,8.2387,25592,8.2387
2015-12-01,8.25,8.3525,8.25,8.345,250567,8.345
2015-12-02,8.375,8.4175,8.3375,8.4175,255208,8.4175
2015-12-03,8.4,8.4025,8.2462,8.2462,90864,8.2462
2015-12-04,8.27,8.27,8.105,8.17,51971,8.17
2015-12-07,8.1725,8.2675,8.1725,8.2275,59838,8.2275
2015-12-08,8.2225,8.2225,8.13,8.1513,56232,8.1513
2015-12-09,8.135,8.1925,8.0725,8.0725,446210,8.0725
2015-12-10,8.095,8.13,8.035,8.0875,445179,8.0875
2015-12-11,8.0775,8.08,7.9225,7.9225,371109,7.9225
2015-12-14,8.0325,8.04,7.955,7.9613,233643,7.9613
2015-12-15,7.955,8.0325,7.9375,8.0325,315971,8.0325
2015-12-16,8.0325,8.195,8.0325,8.1638,376273,8.1638
2015-12-17,8.175,8.3075,8.175,8.28,420523,8.28
2015-12-18,8.1,8.1425,8.085,8.1425,1409743,8.1425
2015-12-21,8.14,8.1625,8.125,8.1375,191519,8.1375
2015-12-22,8.145,8.215,8.145,8.1925,198077,8.1925
2015-12-23,8.2375,8.3038,8.235,8.3038,283172,8.3038
2015-12-24,8.3,8.3,8.1625,8.1687,106592,8.1687
2015-12-29,8.1875,8.41,8.1875,8.4025,118770,8.4025
2015-12-30,8.4075,8.4075,8.3225,8.3325,193466,8.3325
2015-12-31,8.33,8.33,8.295,8.295,24401,8.295
2016-01-04,8.305,8.305,8.095,8.095,158182,8.095
2016-01-05,8.1725,8.3275,8.1725,8.3225,191089,8.3225
2016-01-06,8.3275,8.3275,8.1575,8.2075,75509,8.2075
2016-01-07,8.1775,8.1775,8.05,8.1363,104123,8.1363
2016-01-08,8.0925,8.1025,7.995,7.995,341999,7.995
2016-01-11,8.03,8.03,7.9625,7.9725,527549,7.9725
2016-01-12,7.9625,8.0675,7.96,8.01,242118,8.01
2016-01-13,8.0325,8.13,8.0325,8.0488,224441,8.0488
2016-01-14,8.05,8.05,7.895,7.9625,147785,7.9625
2016-01-15,7.9775,7.9775,7.8225,7.8375,328366,7.8375
2016-01-18,7.86,7.93,7.785,7.93,133570,7.93
2016-01-19,7.785,8.04,7.785,7.995,517750,7.995
2016-01-20,8.025,8.025,7.6025,7.6037,1317860,7.6037
2016-01-21,7.6025,7.69,7.5175,7.665,459115,7.665
2016-01-22,7.69,7.845,7.69,7.845,419104,7.845
2016-01-25,7.785,7.8475,7.785,7.845,174059,7.845
2016-01-26,7.84,7.84,7.7425,7.7988,356347,7.7988
2016-01-27,7.79,7.95,7.79,7.95,296980,7.95
2016-01-28,7.9425,7.9425,7.805,7.8075,288642,7.8075
2016-01-29,7.805,8.0825,7.805,8.0825,7817532,8.0825
2016-02-01,7.99,8.0075,7.975,7.975,12821,7.975
2016-02-02,7.9975,8.03,7.8975,7.9175,277761,7.9175
2016-02-03,7.815,7.815,7.6125,7.6125,2134675,7.6125
2016-02-04,7.6575,7.715,7.5775,7.665,388921,7.665
2016-02-05,7.6775,7.6775,7.5938,7.5938,229068,7.5938
2016-02-08,7.6825,7.6925,7.55,7.565,1068906,7.565
2016-02-09,7.52,7.52,7.42,7.4413,2100287,7.4413
2016-02-10,7.49,7.49,7.295,7.3275,596026,7.3275
2016-02-11,7.27,7.27,7.1713,7.1713,382464,7.1713
2016-02-12,7.1775,7.1775,7.035,7.1162,473748,7.1162
2016-02-15,7.1075,7.46,7.1075,7.4275,40675,7.4275
2016-02-16,7.445,7.5425,7.445,7.5425,135083,7.5425
2016-02-17,7.5175,7.655,7.5175,7.6487,147837,7.6487
2016-02-18,7.655,7.6925,7.635,7.6563,151385,7.6563
2016-02-19,7.6625,7.6625,7.5875,7.5888,130338,7.5888
2016-02-22,7.5875,7.8575,7.5875,7.8225,418375,7.8225
2016-02-23,7.845,7.845,7.7,7.7,101983,7.7
2016-02-24,7.8725,7.8725,7.7425,7.7462,297832,7.7462
2016-02-25,7.9225,7.9675,7.9025,7.915,18268,7.915
2016-02-26,7.9925,8.08,7.9925,8.075,761522,8.075
2016-02-29,7.88,7.9475,7.875,7.9063,237648,7.9063
2016-03-01,7.92,8.015,7.915,8.015,5958,8.015
2016-03-02,7.975,8.145,7.975,8.075,257425,8.075
2016-03-03,8.08,8.155,8.0713,8.0713,147999,8.0713
2016-03-04,8.105,8.2075,8.105,8.1575,68304,8.1575
2016-03-07,8.105,8.1075,8.04,8.045,55714,8.045
2016-03-08,8.04,8.04,7.9425,7.9725,75861,7.9725
2016-03-09,7.985,7.9925,7.9625,7.9663,566478,7.9663
2016-03-10,7.97,8.0775,7.9112,7.9112,130084,7.9112
2016-03-11,7.9425,8.08,7.9425,8.0525,134051,8.0525
2016-03-14,8.03,8.1075,8.03,8.1075,87327,8.1075
2016-03-15,8.075,8.1075,8.0625,8.0862,45800,8.0862
2016-03-16,8.09,8.105,8.0825,8.0925,33082,8.0925
2016-03-17,8.0975,8.0975,7.925,7.955,310813,7.955
2016-03-18,7.94,7.95,7.8825,7.95,228690,7.95
2016-03-21,7.9475,8.005,7.9475,7.9938,146146,7.9938
2016-03-22,8.005,8.1713,8.005,8.1713,543538,8.1713
2016-03-23,8.165,8.185,8.1375,8.185,539307,8.185
2016-03-24,8.15,8.15,8.0113,8.0113,84484,8.0113
2016-03-29,8.0175,8.0975,8.0175,8.0975,212022,8.0975
2016-03-30,8.07,8.105,8.07,8.08,192185,8.08
2016-03-31,8.0975,8.0975,7.965,7.995,326114,7.995
2016-04-01,7.7669,7.88,7.6905,7.88,159747,7.88
2016-04-04,7.9275,7.9275,7.8122,7.845,126103,7.845
2016-04-05,7.6325,7.7374,7.6225,7.72,361268,7.72
2016-04-06,7.8625,7.8625,7.7283,7.805,1072456,7.805
2016-04-07,7.9225,7.9787,7.8325,7.8513,846561,7.8513
2016-04-08,8.055,8.1075,8.0164,8.0425,2220462,8.0425
2016-04-11,8.0125,8.05,7.965,7.965,508084,7.965
2016-04-12,7.98,8.135,7.98,8.135,2007310,8.135
2016-04-13,8.12,8.35,8.12,8.33,891028,8.33
2016-04-14,8.31,8.46,8.31,8.455,421235,8.455
2016-04-15,8.455,8.455,8.3325,8.34,235473,8.34
2016-04-18,8.36,8.36,8.2925,8.31,240549,8.31
2016-04-19,8.355,8.465,8.355,8.42,1372833,8.42
2016-04-20,8.41,8.4625,8.375,8.4625,241287,8.4625
2016-04-21,8.46,8.53,8.4275,8.4925,129991,8.4925
2016-04-22,8.5225,8.55,8.4775,8.4987,64811,8.4987
2016-04-25,8.4875,8.4875,8.35,8.365,1084471,8.365
2016-04-26,8.35,8.35,8.2575,8.295,146059,8.295
2016-04-27,8.2175,8.3025,8.2125,8.3025,407619,8.3025
2016-04-28,8.295,8.295,7.95,8.0475,336179,8.0475
2016-04-29,8.06,8.06,7.8275,7.8275,611458,7.8275
2016-05-03,7.9025,7.9425,7.86,7.9263,601572,7.9263
2016-05-04,7.9325,7.9325,7.8988,7.8988,366641,7.8988
2016-05-05,7.975,7.9875,7.9363,7.9363,140690,7.9363
2016-05-06,7.98,8.0075,7.925,8.0038,163274,8.0038
2016-05-09,8.1075,8.11,8.0375,8.0375,150566,8.0375
2016-05-10,8.0625,8.185,8.0625,8.1775,96620,8.1775
2016-05-11,8.1525,8.1525,8.0938,8.0938,166162,8.0938
2016-05-12,8.1075,8.1625,8.065,8.0663,36238,8.0663
2016-05-13,8.0275,8.0875,8.02,8.0875,606437,8.0875
2016-05-16,8.07,8.115,8.07,8.115,38028,8.115
2016-05-17,8.1,8.115,8.0875,8.0875,104622,8.0875
2016-05-18,8.105,8.1225,8.02,8.0275,76530,8.0275
2016-05-19,8.02,8.02,7.905,7.9225,109994,7.9225
2016-05-20,7.905,8.03,7.905,8.03,330569,8.03
2016-05-23,8.025,8.0475,8.025,8.0475,16628,8.0475
2016-05-24,8.0275,8.0275,7.95,7.985,196688,7.985
2016-05-25,8.02,8.05,7.99,8.015,218865,8.015
2016-05-26,8,8.0075,7.9675,8.0075,82603,8.0075
2016-05-27,7.995,8.0325,7.995,8.02,169181,8.02
2016-05-31,8.015,8.1425,8.015,8.1425,321254,8.1425
2016-06-01,8.1375,8.21,8.1375,8.1888,212082,8.1888
2016-06-02,8.115,8.115,8.08,8.105,164475,8.105
2016-06-03,8.0875,8.145,8.075,8.085,132037,8.085
2016-06-06,8.075,8.2425,8.075,8.22,195647,8.22
2016-06-07,8.2225,8.2625,8.2,8.2525,130380,8.2525
2016-06-08,8.2725,8.275,8.25,8.275,4801,8.275
2016-06-09,8.235,8.235,8.2175,8.22,13971,8.22
2016-06-10,8.2,8.2,8.1412,8.1412,51086,8.1412
2016-06-13,8.1775,8.2,8.085,8.095,101128,8.095
2016-06-14,8.08,8.0975,8.0437,8.0437,64871,8.0437
2016-06-15,8.065,8.1375,8.065,8.125,9083,8.125
2016-06-16,8.1375,8.1375,8.045,8.0725,195366,8.0725
2016-06-17,8.0525,8.0525,7.975,7.9925,253481,7.9925
2016-06-20,7.9825,8.06,7.9825,8.0475,200076,8.0475
2016-06-21,8.06,8.1025,8.0525,8.1025,77949,8.1025
2016-06-22,8.0975,8.0975,8,8.0325,59729,8.0325
2016-06-23,8.0325,8.07,8.0325,8.0512,59122,8.0512
2016-06-24,8.065,8.49,8.065,8.4638,345492,8.4638
2016-06-27,8.485,8.675,8.485,8.5775,99582,8.5775
2016-06-28,8.59,8.655,8.59,8.6188,186964,8.6188
2016-06-29,8.7075,8.745,8.645,8.66,214330,8.66
2016-06-30,8.6625,8.7275,8.595,8.7275,308855,8.7275
2016-07-01,8.7,8.775,8.7,8.765,446824,8.765
2016-07-04,8.85,8.85,8.805,8.805,73049,8.805
2016-07-05,8.82,8.925,8.82,8.925,163511,8.925
2016-07-06,8.925,8.975,8.905,8.935,480408,8.935
2016-07-07,8.99,9.01,8.9,8.99,1898996,8.99
2016-07-08,8.9275,9.01,8.8975,9.01,1159711,9.01
2016-07-11,9.01,9.2325,9.01,9.2325,832425,9.2325
2016-07-12,9.22,9.22,9.125,9.125,544182,9.125
2016-07-13,9.13,9.13,9.01,9.105,172048,9.105
2016-07-14,9.11,9.11,8.8975,8.9813,415420,8.9813
2016-07-15,8.9125,9.04,8.8825,9.04,331970,9.04
2016-07-18,9.03,9.03,8.9775,8.9775,359407,8.9775
2016-07-19,9.025,9.045,9.02,9.045,359433,9.045
2016-07-20,9.0325,9.13,9.0325,9.0938,295586,9.0938
2016-07-21,9.0975,9.0975,8.9675,8.9887,323833,8.9887
2016-07-22,9.01,9.105,9.01,9.1025,466466,9.1025
2016-07-25,9.055,9.075,9.0075,9.035,71449,9.035
2016-07-26,9.0075,9.075,9.0075,9.05,128770,9.05
2016-07-27,9.04,9.1375,9.04,9.075,175273,9.075
2016-07-28,8.9375,9.01,8.9375,8.99,338370,8.99
2016-07-29,8.995,9.195,8.995,9.14,98608,9.14
2016-08-01,9.12,9.25,9.12,9.2138,192119,9.2138
2016-08-02,9.2,9.2,8.995,9,294336,9
2016-08-03,9.01,9.01,8.915,8.935,1477602,8.935
2016-08-04,8.9425,9.1975,8.9425,9.1975,793041,9.1975
2016-08-05,9.195,9.3025,9.15,9.2825,293934,9.2825
2016-08-08,9.2925,9.39,9.2925,9.3325,63736,9.3325
2016-08-09,9.345,9.4625,9.345,9.4625,234856,9.4625
2016-08-10,9.445,9.5125,9.445,9.4925,182541,9.4925
2016-08-11,9.5225,9.585,9.5225,9.585,383037,9.585
2016-08-12,9.575,9.6013,9.51,9.6013,132880,9.6013
2016-08-15,9.535,9.68,9.535,9.6775,62789,9.6775
2016-08-16,9.675,9.675,9.4975,9.4975,199240,9.4975
2016-08-17,9.5525,9.5525,9.515,9.5162,575963,9.5162
2016-08-18,9.515,9.515,9.3775,9.4,285923,9.4
2016-08-19,9.3975,9.4325,9.385,9.4325,37966,9.4325
2016-08-22,9.465,9.465,9.4113,9.4113,69549,9.4113
2016-08-23,9.4225,9.44,9.4025,9.415,282991,9.415
2016-08-24,9.43,9.43,9.355,9.38,52203,9.38
2016-08-25,9.355,9.3887,9.355,9.3887,268900,9.3887
2016-08-26,9.3,9.36,9.3,9.3525,45216,9.3525
2016-08-30,9.36,9.435,9.36,9.4,101411,9.4
2016-08-31,9.3975,9.4,9.36,9.36,18016,9.36
2016-09-01,9.44,9.44,9.305,9.33,238646,9.33
2016-09-02,9.355,9.385,9.345,9.385,83643,9.385
2016-09-05,9.33,9.36,9.33,9.36,22415,9.36
2016-09-06,9.355,9.375,9.3438,9.3438,28204,9.3438
2016-09-07,9.345,9.4975,9.345,9.47,136170,9.47
2016-09-08,9.4725,9.475,9.4575,9.4625,207509,9.4625
2016-09-09,9.4375,9.44,9.37,9.385,451953,9.385
2016-09-12,9.28,9.315,9.2725,9.31,132774,9.31
2016-09-13,9.3025,9.34,9.3025,9.3125,129598,9.3125
2016-09-14,9.3175,9.3175,9.2275,9.23,59025,9.23
2016-09-15,9.255,9.255,9.1675,9.2525,107514,9.2525
2016-09-16,9.265,9.2837,9.265,9.2837,13064,9.2837
2016-09-19,9.265,9.385,9.265,9.375,11521,9.375
2016-09-20,9.36,9.5575,9.36,9.5363,135003,9.5363
2016-09-21,9.55,9.8025,9.55,9.7763,231152,9.7763
2016-09-22,9.78,9.88,9.775,9.815,135838,9.815
2016-09-23,9.835,9.835,9.7425,9.8038,144889,9.8038
2016-09-26,9.675,9.695,9.675,9.6762,537016,9.6762
2016-09-27,9.6875,9.795,9.6875,9.765,305449,9.765
2016-09-28,9.77,9.77,9.725,9.745,129555,9.745
2016-09-29,9.725,9.745,9.7075,9.7325,198210,9.7325
2016-09-30,9.73,9.73,9.625,9.675,15758,9.675
2016-10-03,9.77,9.775,9.745,9.76,432516,9.76
2016-10-04,9.7625,9.855,9.7625,9.8425,177550,9.8425
2016-10-05,9.8375,9.8425,9.83,9.8362,100986,9.8362
2016-10-06,9.825,9.87,9.795,9.8575,121566,9.8575
2016-10-07,9.8675,10.135,9.8675,10.0275,468644,10.0275
2016-10-10,10.03,10.14,10.03,10.12,804065,10.12
2016-10-11,10.125,10.165,10.125,10.165,79287,10.165
2016-10-12,10.14,10.185,10.115,10.1525,93733,10.1525
2016-10-13,10.185,10.185,10.08,10.0975,69597,10.0975
2016-10-14,10.08,10.17,10.08,10.17,54700,10.17
2016-10-17,10.16,10.21,10.16,10.165,86328,10.165
2016-10-18,10.18,10.19,10.13,10.14,246333,10.14
2016-10-19,10.14,10.2025,10.14,10.2025,239341,10.2025
2016-10-20,10.195,10.295,10.195,10.265,221458,10.265
2016-10-21,10.26,10.315,10.26,10.315,92324,10.315
2016-10-24,10.3,10.335,10.3,10.335,166809,10.335
2016-10-25,10.33,10.425,10.29,10.37,190823,10.37
2016-10-26,10.37,10.375,10.315,10.3225,41115,10.3225
2016-10-27,10.33,10.405,10.32,10.405,268220,10.405
2016-10-28,10.365,10.4,10.34,10.395,83387,10.395
2016-10-31,10.41,10.42,10.36,10.375,77966,10.375
2016-11-01,10.36,10.36,10.31,10.32,183280,10.32
2016-11-02,10.31,10.31,10.18,10.205,4110949,10.205
2016-11-03,10.18,10.2,10.08,10.095,361706,10.095
2016-11-04,10.08,10.08,9.915,9.9388,47111,9.9388
2016-11-07,10.07,10.07,10.05,10.05,132792,10.05
2016-11-08,10.055,10.07,10.04,10.065,709983,10.065
2016-11-09,10.07,10.07,9.845,9.99,290836,9.99
2016-11-10,9.9575,10.08,9.85,9.8838,4135705,9.8838
2016-11-11,9.9075,9.9075,9.8175,9.8513,50267,9.8513
2016-11-14,9.84,9.97,9.84,9.9512,107790,9.9512
2016-11-15,9.955,10.035,9.955,10.025,41575,10.025
2016-11-16,10.035,10.04,9.9625,10.005,389210,10.005
2016-11-17,9.9975,10.08,9.9975,10.07,202684,10.07
2016-11-18,9.945,10.075,9.945,10.0625,37099,10.0625
2016-11-21,9.99,9.9975,9.98,9.9887,26614,9.9887
2016-11-22,10.04,10.1,10.04,10.0475,291520,10.0475
2016-11-23,10.095,10.095,10.0075,10.0075,40633,10.0075
2016-11-24,10.015,10.015,9.9375,9.9525,20406,9.9525
2016-11-25,9.9375,9.965,9.935,9.9525,87069,9.9525
2016-11-28,10.06,10.09,10.045,10.0625,97856,10.0625
2016-11-29,10.045,10.09,10,10.025,78039,10.025
2016-11-30,10.06,10.09,10.0275,10.0275,72744,10.0275
2016-12-01,9.9275,9.9275,9.82,9.8775,229327,9.8775
2016-12-02,9.7875,9.83,9.7875,9.8,1714942,9.8
2016-12-05,9.795,9.8125,9.745,9.8125,53942,9.8125
2016-12-06,9.8125,9.8125,9.76,9.7875,212843,9.7875
2016-12-07,9.81,9.9925,9.81,9.9925,105688,9.9925
2016-12-08,9.99,10.1875,9.99,10.1875,601926,10.1875
2016-12-09,10.155,10.21,10.135,10.21,227956,10.21
2016-12-12,10.11,10.11,10.06,10.065,45678,10.065
2016-12-13,10.06,10.15,10.06,10.1275,610291,10.1275
2016-12-14,10.12,10.12,10.07,10.0775,286180,10.0775
2016-12-15,10.08,10.2,10.06,10.19,9101658,10.19
2016-12-16,10.12,10.13,10.0875,10.0875,118521,10.0875
2016-12-19,10.13,10.24,10.13,10.2325,48995,10.2325
2016-12-20,10.22,10.295,10.21,10.28,209973,10.28
2016-12-21,10.235,10.235,10.18,10.2,456762,10.2
2016-12-22,10.17,10.25,10.17,10.25,775339,10.25
2016-12-23,10.22,10.315,10.22,10.305,64930,10.305
2016-12-28,10.305,10.305,10.23,10.2725,4457,10.2725
2016-12-29,10.27,10.27,10.145,10.16,264487,10.16
2016-12-30,10.15,10.15,10.09,10.1,5507,10.1
2017-01-03,10.09,10.22,10.09,10.145,42779,10.145
2017-01-04,10.19,10.34,10.19,10.335,125555,10.335
2017-01-05,10.325,10.405,10.315,10.315,265812,10.315
2017-01-06,10.33,10.41,10.315,10.395,38686,10.395
2017-01-09,10.5,10.55,10.5,10.525,84896,10.525
2017-01-10,10.51,10.525,10.475,10.52,183836,10.52
2017-01-11,10.525,10.62,10.51,10.555,29264,10.555
2017-01-12,10.57,10.57,10.35,10.4,234841,10.4
2017-01-13,10.39,10.54,10.39,10.5075,107286,10.5075
2017-01-16,10.5,10.58,10.5,10.56,137824,10.56
2017-01-17,10.57,10.57,10.25,10.26,300554,10.26
2017-01-18,10.27,10.345,10.26,10.3,129857,10.3
2017-01-19,10.31,10.31,10.28,10.28,306934,10.28
2017-01-20,10.29,10.38,10.29,10.3325,396701,10.3325
2017-01-23,10.185,10.205,10.16,10.1775,512996,10.1775
2017-01-24,10.18,10.2,10.15,10.1575,268144,10.1575
2017-01-25,10.165,10.21,10.165,10.195,228093,10.195
2017-01-26,10.29,10.33,10.27,10.305,204441,10.305
2017-01-27,10.3,10.3,10.205,10.24,82660,10.24
2017-01-30,10.19,10.2,10.17,10.175,312845,10.175
2017-01-31,10.18,10.23,10.105,10.1075,536060,10.1075
2017-02-01,10.105,10.21,10.105,10.1475,489167,10.1475
2017-02-02,10.06,10.205,10.05,10.205,309860,10.205
2017-02-03,10.175,10.315,10.175,10.305,74720,10.305
2017-02-06,10.29,10.3,10.275,10.295,270500,10.295
2017-02-07,10.29,10.41,10.29,10.29,502530,10.29
2017-02-08,10.305,10.33,10.2725,10.2725,305523,10.2725
2017-02-09,10.28,10.28,10.185,10.27,473330,10.27
2017-02-10,10.25,10.38,10.25,10.375,119494,10.375
2017-02-13,10.355,10.4,10.355,10.3975,141195,10.3975
2017-02-14,10.39,10.39,10.28,10.33,540201,10.33
2017-02-15,10.335,10.38,10.33,10.335,36149,10.335
2017-02-16,10.33,10.33,10.295,10.295,590324,10.295
2017-02-17,10.3,10.37,10.28,10.36,840559,10.36
2017-02-20,10.35,10.385,10.35,10.385,18334,10.385
2017-02-21,10.38,10.48,10.38,10.425,423065,10.425
2017-02-22,10.45,10.455,10.43,10.45,282201,10.45
2017-02-23,10.455,10.455,10.365,10.365,30972,10.365
2017-02-24,10.37,10.39,10.35,10.385,119529,10.385
2017-02-27,10.44,10.44,10.38,10.3825,495927,10.3825
2017-02-28,10.38,10.4225,10.375,10.4225,343014,10.4225
2017-03-01,10.48,10.6125,10.48,10.6125,501571,10.6125
2017-03-02,10.61,10.61,10.55,10.55,44196,10.55
2017-03-03,10.53,10.58,10.53,10.54,289353,10.54
2017-03-06,10.55,10.55,10.52,10.5375,116670,10.5375
2017-03-07,10.54,10.605,10.54,10.595,66547,10.595
2017-03-08,10.57,10.61,10.56,10.585,230656,10.585
2017-03-09,10.575,10.575,10.515,10.575,84426,10.575
2017-03-10,10.56,10.65,10.56,10.645,23681,10.645
2017-03-13,10.625,10.66,10.625,10.6425,107715,10.6425
2017-03-14,10.635,10.665,10.63,10.6325,266859,10.6325
2017-03-15,10.64,10.64,10.61,10.62,110700,10.62
2017-03-16,10.61,10.69,10.57,10.585,122841,10.585
2017-03-17,10.57,10.57,10.55,10.55,87743,10.55
2017-03-20,10.535,10.605,10.52,10.605,220513,10.605
2017-03-21,10.58,10.58,10.41,10.4125,73412,10.4125
2017-03-22,10.42,10.425,10.37,10.385,224899,10.385
2017-03-23,10.38,10.395,10.355,10.395,667620,10.395
2017-03-24,10.39,10.5,10.39,10.485,73022,10.485
2017-03-27,10.49,10.49,10.33,10.38,320877,10.38
2017-03-28,10.375,10.5275,10.375,10.5275,288631,10.5275
2017-03-29,10.49,10.645,10.49,10.5975,1647514,10.5975
2017-03-30,10.6,10.6,10.465,10.4975,286930,10.4975
2017-03-31,10.355,10.385,10.345,10.345,320355,10.345
2017-04-03,10.405,10.4175,10.385,10.4175,164998,10.4175
2017-04-04,10.39,10.44,10.39,10.4325,98265,10.4325
2017-04-05,10.42,10.42,10.37,10.385,246531,10.385
2017-04-06,10.245,10.3,10.245,10.285,180008,10.285
2017-04-07,10.28,10.385,10.28,10.38,200820,10.38
2017-04-10,10.345,10.345,10.335,10.335,353696,10.335
2017-04-11,10.335,10.37,10.3,10.305,110126,10.305
2017-04-12,10.3,10.305,10.265,10.265,94985,10.265
2017-04-13,10.27,10.27,10.18,10.205,259677,10.205
2017-04-18,10.19,10.24,10.06,10.06,78412,10.06
2017-04-19,10.065,10.065,10.03,10.0425,159536,10.0425
2017-04-20,10.035,10.09,10.035,10.065,418449,10.065
2017-04-21,10.115,10.15,10.115,10.15,399596,10.15
2017-04-24,10.16,10.22,10.16,10.21,431104,10.21
2017-04-25,10.21,10.255,10.21,10.215,207956,10.215
2017-04-26,10.24,10.255,10.22,10.2275,136284,10.2275
2017-04-27,10.23,10.23,10.165,10.165,43020,10.165
2017-04-28,10.195,10.195,10.095,10.11,178869,10.11
2017-05-02,10.225,10.225,10.1875,10.1875,4372282,10.1875
2017-05-03,10.19,10.19,10.165,10.1875,738719,10.1875
2017-05-04,10.18,10.25,10.18,10.215,1595288,10.215
2017-05-05,10.2,10.23,10.2,10.2275,532493,10.2275
2017-05-08,10.28,10.295,10.27,10.295,377313,10.295
2017-05-09,10.25,10.27,10.25,10.255,144907,10.255
2017-05-10,10.25,10.25,10.17,10.215,614405,10.215
2017-05-11,10.21,10.25,10.205,10.225,678583,10.225
2017-05-12,10.225,10.255,10.225,10.255,99583,10.255
2017-05-15,10.245,10.255,10.23,10.255,191682,10.255
2017-05-16,10.255,10.295,10.255,10.2575,185773,10.2575
2017-05-17,10.26,10.27,10.215,10.215,67377,10.215
2017-05-18,10.22,10.22,10.15,10.1975,284437,10.1975
2017-05-19,10.195,10.255,10.195,10.255,207834,10.255
2017-05-22,10.28,10.285,10.25,10.285,52760,10.285
2017-05-23,10.285,10.33,10.285,10.295,92820,10.295
2017-05-24,10.29,10.315,10.275,10.305,247023,10.305
2017-05-25,10.305,10.34,10.28,10.335,26985,10.335
2017-05-26,10.38,10.4675,10.38,10.4675,94466,10.4675
2017-05-30,10.4,10.445,10.4,10.44,107759,10.44
2017-05-31,10.445,10.465,10.41,10.41,154672,10.41
2017-06-01,10.42,10.55,10.42,10.49,290696,10.49
2017-06-02,10.48,10.705,10.48,10.705,246394,10.705
2017-06-05,10.7,10.7,10.65,10.655,586967,10.655
2017-06-06,10.655,10.71,10.655,10.705,222904,10.705
2017-06-07,10.7,10.71,10.6425,10.6425,216391,10.6425
2017-06-08,10.65,10.65,10.62,10.62,55689,10.62
2017-06-09,10.635,10.755,10.635,10.7375,78901,10.7375
2017-06-12,10.7,10.8,10.7,10.8,19792,10.8
2017-06-13,10.725,10.825,10.725,10.785,54654,10.785
2017-06-14,10.775,10.775,10.72,10.7475,79475,10.7475
2017-06-15,10.76,10.76,10.635,10.6375,162209,10.6375
2017-06-16,10.635,10.66,10.635,10.65,6225,10.65
2017-06-19,10.66,10.765,10.66,10.75,29585,10.75
2017-06-20,10.755,10.865,10.755,10.86,20480,10.86
2017-06-21,10.795,10.8025,10.795,10.8025,3130,10.8025
2017-06-22,10.81,10.83,10.81,10.82,16683,10.82
2017-06-23,10.82,10.82,10.74,10.755,7369,10.755
2017-06-26,10.745,10.78,10.745,10.7675,1620,10.7675
2017-06-27,10.73,10.73,10.675,10.675,6362,10.675
2017-06-28,10.635,10.635,10.54,10.57,10137,10.57
2017-06-29,10.535,10.535,10.4775,10.4775,2603,10.4775
2017-06-30,10.52,10.52,10.445,10.445,549,10.445
2017-07-03,10.455,10.49,10.455,10.48,53933,10.48
2017-07-04,10.42,10.445,10.42,10.44,9292,10.44
2017-07-05,10.46,10.465,10.455,10.465,3561,10.465
2017-07-06,10.375,10.4,10.365,10.365,28197,10.365
2017-07-07,10.33,10.41,10.33,10.41,86513,10.41
2017-07-10,10.405,10.4225,10.405,10.4225,9784,10.4225
2017-07-11,10.43,10.475,10.43,10.47,103701,10.47
2017-07-12,10.465,10.54,10.465,10.54,67061,10.54
2017-07-13,10.405,10.41,10.4,10.4,1672,10.4
2017-07-14,10.395,10.395,10.305,10.305,15879,10.305
2017-07-17,10.365,10.365,10.3475,10.3475,194,10.3475
2017-07-18,10.375,10.41,10.375,10.405,56288,10.405
2017-07-19,10.41,10.445,10.4,10.445,6228,10.445
2017-07-20,10.495,10.565,10.485,10.525,135964,10.525
2017-07-21,10.535,10.535,10.52,10.535,4220,10.535
2017-07-24,10.515,10.515,10.455,10.455,35365,10.455
2017-07-25,10.46,10.465,10.435,10.455,75485,10.455
2017-07-26,10.435,10.45,10.415,10.415,19511,10.415
2017-07-27,10.44,10.47,10.44,10.4675,88296,10.4675
2017-07-28,10.475,10.485,10.45,10.4575,18087,10.4575
2017-07-31,10.48,10.5,10.44,10.44,17926,10.44
2017-08-01,10.515,10.5175,10.5,10.5175,9451,10.5175
2017-08-02,10.485,10.5,10.485,10.485,4093,10.485
2017-08-03,10.465,10.57,10.45,10.57,4108,10.57
2017-08-04,10.565,10.645,10.565,10.645,52067,10.645
2017-08-07,10.635,10.645,10.62,10.645,10767,10.645
2017-08-08,10.63,10.6875,10.63,10.6875,6448,10.6875
2017-08-09,10.59,10.615,10.59,10.5925,260996,10.5925
2017-08-10,10.61,10.61,10.545,10.555,61711,10.555
2017-08-11,10.515,10.525,10.49,10.49,9121,10.49
2017-08-14,10.545,10.56,10.545,10.56,8102,10.56
2017-08-15,10.58,10.665,10.58,10.6525,115666,10.6525
2017-08-16,10.65,10.655,10.63,10.65,62222,10.65
2017-08-17,10.68,10.68,10.63,10.63,1097,10.63
2017-08-18,10.62,10.6775,10.62,10.6775,36463,10.6775
2017-08-21,10.61,10.61,10.595,10.6,16291,10.6
2017-08-22,10.63,10.675,10.63,10.675,22660,10.675
2017-08-23,10.68,10.7225,10.665,10.7225,2774,10.7225
2017-08-24,10.66,10.675,10.64,10.665,76494,10.665
2017-08-25,10.66,10.66,10.63,10.63,3713,10.63
2017-08-29,10.57,10.605,10.565,10.59,35840,10.59
2017-08-30,10.595,10.595,10.55,10.565,6636,10.565
2017-08-31,10.615,10.6725,10.615,10.6725,5014,10.6725
2017-09-01,10.65,10.65,10.595,10.595,85479,10.595
2017-09-04,10.56,10.56,10.55,10.55,1829,10.55
2017-09-05,10.565,10.565,10.49,10.49,3885,10.49
2017-09-06,10.505,10.505,10.5,10.5,2000,10.5
2017-09-07,10.52,10.555,10.52,10.545,331764,10.545
2017-09-08,10.52,10.535,10.48,10.495,167403,10.495
2017-09-11,10.56,10.58,10.56,10.56,258677,10.56
2017-09-12,10.56,10.56,10.48,10.48,56155,10.48
2017-09-13,10.46,10.4925,10.46,10.4925,21,10.4925
2017-09-14,10.495,10.495,10.355,10.365,123822,10.365
2017-09-15,10.24,10.245,10.19,10.215,48960,10.215
2017-09-18,10.28,10.3,10.265,10.3,6616,10.3
2017-09-19,10.33,10.37,10.33,10.3375,59531,10.3375
2017-09-20,10.35,10.36,10.305,10.3425,137701,10.3425
2017-09-21,10.32,10.335,10.2925,10.2925,11330,10.2925
2017-09-22,10.29,10.33,10.29,10.315,32919,10.315
2017-09-25,10.33,10.365,10.33,10.365,9869,10.365
2017-09-26,10.41,10.41,10.405,10.405,22602,10.405
2017-09-27,10.43,10.43,10.415,10.425,75616,10.425
2017-09-28,10.45,10.45,10.405,10.4075,10233,10.4075
2017-09-29,10.475,10.48,10.44,10.44,3142,10.44
2017-10-02,10.48,10.5475,10.48,10.5475,15599,10.5475
2017-10-03,10.605,10.61,10.585,10.6075,5807,10.6075
2017-10-04,10.62,10.62,10.605,10.615,70335,10.615
2017-10-05,10.63,10.725,10.63,10.725,7343,10.725
2017-10-06,10.76,10.7975,10.76,10.7975,155537,10.7975
2017-10-09,10.765,10.765,10.745,10.755,12287,10.755
2017-10-10,10.76,10.775,10.75,10.75,33379,10.75
2017-10-11,10.77,10.82,10.77,10.8075,49000,10.8075
2017-10-12,10.86,10.86,10.835,10.84,34430,10.84
2017-10-13,10.825,10.845,10.82,10.835,76375,10.835
2017-10-16,10.845,10.945,10.845,10.935,49019,10.935
2017-10-17,10.945,10.98,10.925,10.98,21905,10.98
2017-10-18,10.989,10.989,10.9575,10.9575,3967,10.9575
2017-10-19,10.98,10.98,10.9225,10.9225,24961,10.9225
2017-10-20,10.93,10.96,10.93,10.935,13345,10.935
2017-10-23,10.96,11.0275,10.96,11.0275,463764,11.0275
2017-10-24,11.04,11.1225,11.04,11.1225,8114,11.1225
2017-10-25,11.095,11.095,10.94,10.94,80508,10.94
2017-10-26,10.955,11.08,10.955,11.08,54179,11.08
2017-10-27,11.045,11.2,11.045,11.1925,30211,11.1925
2017-10-30,11.17,11.17,11.11,11.12,28991,11.12
2017-10-31,11.155,11.155,11.1,11.1025,145742,11.1025
2017-11-01,11.1,11.2,11.1,11.2,102086,11.2
2017-11-02,11.19,11.34,11.19,11.34,170344,11.34
2017-11-03,11.3,11.395,11.3,11.3625,15692,11.3625
2017-11-06,11.345,11.345,11.3,11.3,49942,11.3
2017-11-07,11.425,11.43,11.395,11.4,138309,11.4
2017-11-08,11.485,11.56,11.485,11.55,59983,11.55
2017-11-09,11.56,11.56,11.36,11.36,49498,11.36
2017-11-10,11.38,11.38,11.23,11.2475,307329,11.2475
2017-11-13,11.23,11.305,11.225,11.2725,69405,11.2725
2017-11-14,11.26,11.275,11.235,11.235,350584,11.235
2017-11-15,11.24,11.24,11.01,11.0825,62370,11.0825
2017-11-16,11.08,11.22,11.08,11.215,87960,11.215
2017-11-17,11.2,11.215,11.135,11.185,105646,11.185
2017-11-20,11.1443,11.205,11.115,11.205,20652,11.205
2017-11-21,11.225,11.3,11.225,11.2975,4294,11.2975
2017-11-22,11.295,11.295,11.25,11.25,30964,11.25
2017-11-23,11.2,11.28,11.2,11.2625,4002,11.2625
2017-11-24,11.28,11.325,11.28,11.305,25058,11.305
2017-11-27,11.3071,11.31,11.265,11.2825,24638,11.2825
2017-11-28,11.275,11.365,11.275,11.365,55591,11.365
2017-11-29,11.235,11.28,11.205,11.2075,101942,11.2075
2017-11-30,11.21,11.25,11.16,11.18,353359,11.18
2017-12-01,11.185,11.185,11.085,11.0925,400611,11.0925
2017-12-04,11.105,11.105,11.035,11.0825,226428,11.0825
2017-12-05,11.095,11.1539,11.095,11.115,449481,11.115
2017-12-06,11.0026,11.115,11.0026,11.105,238289,11.105
2017-12-07,11.18,11.18,11.1255,11.1425,119545,11.1425
2017-12-08,11.075,11.1789,11.075,11.175,99369,11.175
2017-12-11,11.2126,11.255,11.2126,11.2475,293225,11.2475
2017-12-12,11.275,11.315,11.26,11.315,71768,11.315
2017-12-13,11.3,11.31,11.28,11.31,82831,11.31
2017-12-14,11.2168,11.25,11.2103,11.2275,42873,11.2275
2017-12-15,11.1839,11.305,11.1839,11.3,56922,11.3
2017-12-18,11.385,11.394,11.34,11.375,46530,11.375
2017-12-19,11.33,11.355,11.31,11.325,52288,11.325
2017-12-20,11.3262,11.3262,11.27,11.275,39573,11.275
2017-12-21,11.28,11.3556,11.2756,11.345,175101,11.345
2017-12-22,11.3341,11.345,11.3288,11.345,11773,11.345
2017-12-27,11.45,11.45,11.3107,11.3525,27023,11.3525
2017-12-28,11.3133,11.3144,11.2725,11.2725,42859,11.2725
2017-12-29,11.2512,11.255,11.24,11.255,5457,11.255
2018-01-02,11.202,11.262,11.196,11.224,198962,11.224
2018-01-03,11.2738,11.42,11.2657,11.42,197535,11.42
2018-01-04,11.515,11.56,11.505,11.56,83969,11.56
2018-01-05,11.58,11.58,11.54,11.555,66992,11.555
2018-01-08,11.62,11.64,11.62,11.6375,99360,11.6375
2018-01-09,11.655,11.685,11.655,11.685,81410,11.685
2018-01-10,11.775,11.78,11.725,11.765,342211,11.765
2018-01-11,11.7588,11.7588,11.685,11.695,6643,11.695
2018-01-12,11.662,11.662,11.585,11.655,524382,11.655
2018-01-15,11.6138,11.6138,11.58,11.6,6479,11.6
2018-01-16,11.645,11.695,11.645,11.6475,86684,11.6475
2018-01-17,11.65,11.67,11.625,11.625,69914,11.625
2018-01-18,11.51,11.51,11.48,11.48,47621,11.48
2018-01-19,11.565,11.615,11.56,11.6,60444,11.6
2018-01-22,11.565,11.565,11.52,11.52,67208,11.52
2018-01-23,11.615,11.63,11.59,11.62,78099,11.62
2018-01-24,11.565,11.565,11.425,11.425,226543,11.425
2018-01-25,11.38,11.42,11.305,11.3475,71901,11.3475
2018-01-26,11.315,11.47,11.315,11.47,163622,11.47
2018-01-29,11.47,11.515,11.45,11.505,110713,11.505
2018-01-30,11.46,11.465,11.285,11.305,133941,11.305
2018-01-31,11.235,11.235,11.145,11.145,117199,11.145
2018-02-01,11.265,11.265,11.17,11.18,122071,11.18
2018-02-02,11.18,11.22,11.15,11.195,58050,11.195
2018-02-05,10.985,11.04,10.94,11.0125,382928,11.0125
2018-02-06,10.79,10.98,10.77,10.8375,414746,10.8375
2018-02-07,10.79,11.09,10.79,11.0625,192306,11.0625
2018-02-08,10.92,10.985,10.745,10.765,26872,10.765
2018-02-09,10.706,10.848,10.706,10.712,269442,10.712
2018-02-12,10.815,10.925,10.815,10.925,196130,10.925
2018-02-13,10.735,10.795,10.645,10.77,207854,10.77
2018-02-14,10.825,10.83,10.705,10.725,232684,10.725
2018-02-15,10.845,10.86,10.8,10.82,30531,10.82
2018-02-16,10.96,11.05,10.96,11.05,92578,11.05
2018-02-19,11.15,11.155,11.08,11.085,32457,11.085
2018-02-20,11.085,11.085,10.995,11.065,110577,11.065
2018-02-21,11.025,11.035,11,11.035,11408,11.035
2018-02-22,10.965,11.035,10.955,11.02,57738,11.02
2018-02-23,11.045,11.055,11.04,11.055,33286,11.055
2018-02-26,11.15,11.22,11.13,11.22,18765,11.22
2018-02-27,11.225,11.27,11.205,11.23,66203,11.23
2018-02-28,11.165,11.27,11.15,11.2225,78816,11.2225
2018-03-01,11.085,11.085,11.005,11.03,79619,11.03
2018-03-02,10.93,10.93,10.815,10.8325,21536,10.8325
2018-03-05,10.845,10.925,10.845,10.92,53829,10.92
2018-03-06,10.995,11.055,10.96,10.99,157224,10.99
2018-03-07,10.905,10.945,10.8875,10.8875,43780,10.8875
2018-03-08,10.835,11.02,10.835,11.02,44513,11.02
2018-03-09,10.895,10.985,10.895,10.97,51914,10.97
2018-03-12,11.045,11.07,11.005,11.0225,55667,11.0225
2018-03-13,11.045,11.06,10.95,10.95,108438,10.95
2018-03-14,11.005,11.035,10.96,10.96,106083,10.96
2018-03-15,11.02,11.045,11.015,11.035,16527,11.035
2018-03-16,10.85,11.02,10.85,10.975,98333,10.975
2018-03-19,10.925,10.925,10.725,10.745,47174,10.745
2018-03-20,10.73,10.805,10.725,10.8025,35353,10.8025
2018-03-21,10.75,10.775,10.725,10.775,7467,10.775
2018-03-22,10.74,10.755,10.66,10.7,81771,10.7
2018-03-23,10.54,10.54,10.465,10.465,53724,10.465
2018-03-26,10.55,10.55,10.36,10.36,64588,10.36
2018-03-27,10.665,10.77,10.665,10.6825,175135,10.6825
2018-03-28,10.695,10.72,10.665,10.6675,166019,10.6675
2018-03-29,10.775,10.875,10.775,10.86,59807,10.86
2018-04-03,10.82,10.82,10.715,10.725,142249,10.725
2018-04-04,10.7,10.7,10.615,10.675,20394,10.675
2018-04-05,10.8,10.915,10.8,10.915,190272,10.915
2018-04-06,10.76,10.765,10.6825,10.6825,8412,10.6825
2018-04-09,10.75,10.78,10.73,10.7625,35349,10.7625
2018-04-10,10.755,10.76,10.74,10.755,331582,10.755
2018-04-11,10.675,10.735,10.675,10.735,77619,10.735
2018-04-12,10.665,10.68,10.66,10.66,29043,10.66
2018-04-13,10.625,10.65,10.615,10.635,333077,10.635
2018-04-16,10.675,10.685,10.625,10.625,34403,10.625
2018-04-17,10.58,10.6875,10.58,10.6875,19467,10.6875
2018-04-18,10.735,10.815,10.735,10.815,16006,10.815
2018-04-19,10.79,10.79,10.745,10.775,5060,10.775
2018-04-20,10.9,10.925,10.885,10.89,8794,10.89
2018-04-23,10.9155,10.955,10.9088,10.955,2017,10.955
2018-04-24,10.99,11.015,10.945,10.955,21363,10.955
2018-04-25,10.965,10.965,10.915,10.93,29582,10.93
2018-04-26,10.985,11.015,10.95,11.01,46660,11.01
2018-04-27,11,11.15,11,11.1225,105453,11.1225
2018-04-30,11.14,11.18,11.14,11.17,87081,11.17
2018-05-01,11.13,11.185,11.13,11.18,42460,11.18
2018-05-02,11.155,11.175,11.14,11.175,55365,11.175
2018-05-03,11.165,11.165,11.12,11.125,23991,11.125
2018-05-04,11.19,11.2875,11.19,11.2875,17038,11.2875
2018-05-08,11.35,11.375,11.34,11.345,31808,11.345
2018-05-09,11.255,11.255,11.17,11.175,73652,11.175
2018-05-10,11.25,11.355,11.25,11.345,42085,11.345
2018-05-11,11.395,11.4,11.36,11.39,152213,11.39
2018-05-14,11.425,11.425,11.395,11.41,34177,11.41
2018-05-15,11.39,11.425,11.38,11.38,29271,11.38
2018-05-16,11.41,11.415,11.39,11.405,62304,11.405
2018-05-17,11.37,11.42,11.37,11.4175,115159,11.4175
2018-05-18,11.405,11.42,11.405,11.41,23645,11.41
2018-05-21,11.43,11.46,11.425,11.45,25684,11.45
2018-05-22,11.435,11.435,11.41,11.435,63645,11.435
2018-05-23,11.435,11.46,11.425,11.43,12403,11.43
2018-05-24,11.43,11.43,11.295,11.315,33310,11.315
2018-05-25,11.385,11.3925,11.385,11.3925,3191,11.3925
2018-05-29,11.41,11.41,11.34,11.37,29085,11.37
2018-05-30,11.32,11.37,11.32,11.3575,159553,11.3575
2018-05-31,11.335,11.335,11.295,11.315,22841,11.315
2018-06-01,11.38,11.385,11.3425,11.3425,46334,11.3425
2018-06-04,11.43,11.4575,11.41,11.4575,22422,11.4575
2018-06-05,11.385,11.385,11.385,11.385,0,11.385
2018-06-06,11.342,11.3675,11.32,11.3675,34790,11.3675
2018-06-07,11.4,11.45,11.375,11.4075,9523,11.4075
2018-06-08,11.385,11.42,11.385,11.4075,18825,11.4075
2018-06-11,11.49,11.495,11.49,11.495,1066,11.495
2018-06-12,11.41,11.46,11.41,11.4225,237570,11.4225
2018-06-13,11.51,11.51,11.46,11.46,23936,11.46
2018-06-14,11.39,11.48,11.38,11.4575,8690,11.4575
2018-06-15,11.48,11.48,11.385,11.385,4545,11.385
2018-06-18,11.41,11.41,11.355,11.3675,14987,11.3675
2018-06-19,11.29,11.31,11.29,11.3,110553,11.3
2018-06-20,11.315,11.36,11.3,11.3075,12787,11.3075
2018-06-21,11.34,11.34,11.21,11.21,5583,11.21
2018-06-22,11.28,11.2925,11.28,11.2925,19064,11.2925
2018-06-25,11.2502,11.2502,11.1175,11.1175,14777,11.1175
2018-06-26,11.22,11.24,11.18,11.18,10407,11.18
2018-06-27,11.195,11.2575,11.195,11.2575,11885,11.2575
2018-06-28,11.27,11.27,11.225,11.2375,16992,11.2375
2018-06-29,11.185,11.205,11.165,11.165,40001,11.165
2018-07-02,10.965,11.02,10.965,10.99,58704,10.99
2018-07-03,10.9782,11,10.96,10.99,95958,10.99
2018-07-04,10.99,10.99,10.93,10.94,57845,10.94
2018-07-05,10.87,10.905,10.87,10.905,4444,10.905
2018-07-06,10.93,10.9525,10.895,10.9525,15797,10.9525
2018-07-09,11.015,11.0875,11.01,11.0875,42503,11.0875
2018-07-10,11.02,11.06,11.02,11.04,23727,11.04
2018-07-11,10.95,10.965,10.945,10.9475,47877,10.9475
2018-07-12,10.855,10.87,10.84,10.84,13348,10.84
2018-07-13,11.005,11.01,10.9625,10.9625,45316,10.9625
2018-07-16,10.965,10.965,10.965,10.965,3216,10.965
2018-07-17,11.01,11.0925,11.005,11.0925,49165,11.0925
2018-07-18,11.19,11.2025,11.19,11.2025,950,11.2025
2018-07-19,11.185,11.2175,11.185,11.2175,16196,11.2175
2018-07-20,11.225,11.245,11.1725,11.1725,16051,11.1725
2018-07-23,11.23,11.23,11.205,11.23,23924,11.23
2018-07-24,11.255,11.305,11.25,11.2775,13399,11.2775
2018-07-25,11.255,11.27,11.255,11.27,18305,11.27
2018-07-26,11.345,11.375,11.34,11.375,87434,11.375
2018-07-27,11.42,11.465,11.42,11.45,24603,11.45
2018-07-30,11.36,11.375,11.335,11.3375,42309,11.3375
2018-07-31,11.22,11.275,11.21,11.27,139383,11.27
2018-08-01,11.295,11.325,11.295,11.305,38451,11.305
2018-08-02,11.295,11.3075,11.26,11.3075,17032,11.3075
2018-08-03,11.28,11.285,11.255,11.285,11313,11.285
2018-08-06,11.26,11.295,11.26,11.29,38269,11.29
2018-08-07,11.375,11.415,11.375,11.3925,4615,11.3925
2018-08-08,11.365,11.465,11.365,11.455,6389,11.455
2018-08-09,11.425,11.44,11.405,11.4375,27702,11.4375
2018-08-10,11.4,11.42,11.33,11.34,13173,11.34
2018-08-13,11.27,11.295,11.27,11.2725,23270,11.2725
2018-08-14,11.295,11.35,11.295,11.35,83715,11.35
2018-08-15,11.27,11.275,11.215,11.2275,19853,11.2275
2018-08-16,11.24,11.285,11.24,11.285,32026,11.285
2018-08-17,11.32,11.335,11.265,11.295,16052,11.295
2018-08-20,11.3,11.315,11.3,11.315,8077,11.315
2018-08-21,11.26,11.27,11.22,11.225,27725,11.225
2018-08-22,11.23,11.28,11.23,11.27,19354,11.27
2018-08-23,11.22,11.27,11.215,11.255,29431,11.255
2018-08-24,11.265,11.28,11.255,11.275,19992,11.275
2018-08-28,11.375,11.41,11.37,11.41,52274,11.41
2018-08-29,11.43,11.43,11.325,11.325,41791,11.325
2018-08-30,11.24,11.265,11.24,11.26,20387,11.26
2018-08-31,11.265,11.2825,11.265,11.2825,42,11.2825
2018-09-03,11.31,11.345,11.31,11.3375,53181,11.3375
2018-09-04,11.325,11.325,11.27,11.27,56646,11.27
2018-09-05,11.17,11.175,11.025,11.085,143314,11.085
2018-09-06,11.0632,11.08,11.035,11.035,76440,11.035
2018-09-07,11.08,11.09,11,11.03,151453,11.03
2018-09-10,11.05,11.065,10.995,10.995,47855,10.995
2018-09-11,10.98,11.015,10.965,11.0125,65427,11.0125
2018-09-12,10.995,11.015,10.98,11.0125,117982,11.0125
2018-09-13,11.09,11.09,11.0375,11.0375,32670,11.0375
2018-09-14,11.1295,11.19,11.1295,11.185,68691,11.185
2018-09-17,11.205,11.23,11.175,11.1925,89273,11.1925
2018-09-18,11.265,11.395,11.265,11.3875,177810,11.3875
2018-09-19,11.395,11.455,11.375,11.455,28865,11.455
2018-09-20,11.38,11.385,11.33,11.3825,83285,11.3825
2018-09-21,11.36,11.56,11.36,11.555,1038361,11.555
2018-09-24,11.485,11.49,11.45,11.465,5130,11.465
2018-09-25,11.535,11.555,11.52,11.5425,78651,11.5425
2018-09-26,11.585,11.585,11.565,11.5825,13754,11.5825
2018-09-27,11.48,11.615,11.48,11.605,119151,11.605
2018-09-28,11.64,11.655,11.615,11.645,181843,11.645
2018-10-01,11.625,11.715,11.625,11.715,75773,11.715
2018-10-02,11.71,11.7275,11.655,11.7275,31499,11.7275
2018-10-03,11.625,11.645,11.62,11.6275,10826,11.6275
2018-10-04,11.485,11.505,11.425,11.425,12863,11.425
2018-10-05,11.44,11.44,11.35,11.35,63253,11.35
2018-10-08,11.355,11.41,11.355,11.3675,22165,11.3675
2018-10-09,11.295,11.32,11.26,11.31,29382,11.31
2018-10-10,11.255,11.26,11.095,11.095,31745,11.095
2018-10-11,10.96,10.96,10.795,10.82,352384,10.82
2018-10-12,10.83,10.84,10.75,10.7825,238658,10.7825
2018-10-15,10.8,10.8275,10.765,10.8275,60901,10.8275
2018-10-16,10.845,10.95,10.845,10.95,50311,10.95
2018-10-17,11.025,11.04,10.975,11,38753,11
2018-10-18,10.99,11.015,10.965,10.965,87561,10.965
2018-10-19,10.95,11.005,10.935,10.97,83774,10.97
2018-10-22,10.94,10.995,10.905,10.935,62925,10.935
2018-10-23,10.72,10.72,10.605,10.6975,125795,10.6975
2018-10-24,10.67,10.72,10.635,10.65,22331,10.65
2018-10-25,10.585,10.73,10.58,10.725,46757,10.725
2018-10-26,10.65,10.65,10.44,10.4975,306211,10.4975
2018-10-29,10.5339,10.68,10.5339,10.5875,54311,10.5875
2018-10-30,10.64,10.6775,10.61,10.6775,24837,10.6775
2018-10-31,10.825,10.83,10.7874,10.8275,108850,10.8275
2018-11-01,10.61,10.675,10.5675,10.5675,54363,10.5675
2018-11-02,10.7243,10.76,10.66,10.67,183279,10.67
2018-11-05,10.58,10.61,10.58,10.59,17699,10.59
2018-11-06,10.665,10.685,10.6275,10.6275,67512,10.6275
2018-11-07,10.65,10.655,10.62,10.655,23239,10.655
2018-11-08,10.69,10.73,10.69,10.69,103325,10.69
2018-11-09,10.66,10.665,10.615,10.65,70167,10.65
2018-11-12,10.8,10.8,10.645,10.645,43645,10.645
2018-11-13,10.59,10.605,10.475,10.525,201853,10.525
2018-11-14,10.495,10.6,10.49,10.49,237608,10.49
2018-11-15,10.6,10.72,10.6,10.7025,98079,10.7025
2018-11-16,10.665,10.69,10.58,10.69,103357,10.69
2018-11-19,10.75,10.77,10.68,10.68,106023,10.68
2018-11-20,10.635,10.64,10.53,10.56,24484,10.56
2018-11-21,10.63,10.7225,10.62,10.7225,90349,10.7225
2018-11-22,10.69,10.69,10.565,10.57,3191,10.57
2018-11-23,10.625,10.665,10.595,10.665,8015,10.665
2018-11-26,10.7463,10.755,10.725,10.7425,23370,10.7425
2018-11-27,10.8,10.81,10.745,10.8,78029,10.8
2018-11-28,10.825,10.83,10.7975,10.7975,68238,10.7975
2018-11-29,10.88,10.895,10.85,10.86,54357,10.86
2018-11-30,10.855,10.91,10.855,10.89,41466,10.89
2018-12-03,11.0714,11.12,11.045,11.045,18085,11.045
2018-12-04,10.85,10.89,10.8,10.855,102779,10.855
2018-12-05,10.78,10.79,10.755,10.755,278,10.755
2018-12-06,10.54,10.54,10.4025,10.4025,68511,10.4025
2018-12-07,10.62,10.67,10.575,10.5825,74505,10.5825
2018-12-10,10.525,10.595,10.525,10.5375,36236,10.5375
2018-12-11,10.515,10.685,10.515,10.6525,110277,10.6525
2018-12-12,10.755,10.755,10.715,10.7225,66261,10.7225
2018-12-13,10.735,10.735,10.6575,10.6575,6697,10.6575
2018-12-14,10.585,10.65,10.58,10.625,25000,10.625
2018-12-17,10.57,10.57,10.51,10.5575,55031,10.5575
2018-12-18,10.485,10.52,10.485,10.4875,26374,10.4875
2018-12-19,10.413,10.4975,10.413,10.4975,39195,10.4975
2018-12-20,10.2168,10.285,10.2168,10.245,9409,10.245
2018-12-21,10.03,10.075,10,10.03,34921,10.03
2018-12-24,9.945,9.99,9.8725,9.8737,8606,9.8737
2018-12-27,10.1,10.1,9.9675,9.9938,19908,9.9938
2018-12-28,10.175,10.18,10.11,10.1325,13956,10.1325
2018-12-31,10.145,10.165,10.13,10.13,5435,10.13
2019-01-02,9.9475,10.255,9.9475,10.2425,205763,10.2425
2019-01-03,10.24,10.29,10.155,10.21,24403,10.21
2019-01-04,10.265,10.41,10.255,10.4025,10589,10.4025
2019-01-07,10.47,10.47,10.4,10.45,65618,10.45
2019-01-08,10.42,10.54,10.42,10.5075,29421,10.5075
2019-01-09,10.56,10.57,10.52,10.535,22151,10.535
2019-01-10,10.515,10.555,10.505,10.555,18482,10.555
2019-01-11,10.575,10.59,10.43,10.43,20443,10.43
2019-01-14,10.385,10.395,10.34,10.3675,2457,10.3675
2019-01-15,10.53,10.595,10.505,10.595,41192,10.595
2019-01-16,10.515,10.5625,10.515,10.5625,25335,10.5625
2019-01-17,10.385,10.39,10.33,10.37,87068,10.37
2019-01-18,10.445,10.55,10.43,10.5475,97759,10.5475
2019-01-21,10.54,10.55,10.5,10.5025,30388,10.5025
2019-01-22,10.485,10.485,10.37,10.38,83671,10.38
2019-01-23,10.315,10.3188,10.2025,10.2025,187748,10.2025
2019-01-24,10.27,10.325,10.265,10.295,19096,10.295
2019-01-25,10.33,10.37,10.315,10.3175,107794,10.3175
2019-01-28,10.245,10.27,10.2,10.23,4060,10.23
2019-01-29,10.26,10.305,10.255,10.2925,116453,10.2925
2019-01-30,10.34,10.37,10.3338,10.37,5006,10.37
2019-01-31,10.41,10.445,10.365,10.39,25037,10.39
2019-02-01,10.4,10.445,10.38,10.395,264684,10.395
2019-02-04,10.4,10.4438,10.4,10.41,83056,10.41
2019-02-05,10.4838,10.59,10.475,10.5825,89434,10.5825
2019-02-06,10.53,10.53,10.485,10.495,47119,10.495
2019-02-07,10.455,10.475,10.325,10.325,18573,10.325
2019-02-08,10.235,10.2838,10.175,10.195,18038,10.195
2019-02-11,10.295,10.32,10.265,10.32,143953,10.32
2019-02-12,10.505,10.515,10.475,10.4825,259632,10.4825
2019-02-13,10.54,10.55,10.5175,10.535,9079,10.535
2019-02-14,10.58,10.62,10.55,10.55,43902,10.55
2019-02-15,10.555,10.67,10.555,10.635,68049,10.635
2019-02-18,10.6125,10.62,10.575,10.575,14523,10.575
2019-02-19,10.635,10.635,10.51,10.51,25194,10.51
2019-02-20,10.565,10.575,10.545,10.555,45222,10.555
2019-02-21,10.555,10.555,10.505,10.52,22909,10.52
2019-02-22,10.535,10.5975,10.535,10.565,38095,10.565
2019-02-25,10.618,10.6325,10.605,10.62,34667,10.62
2019-02-26,10.507,10.535,10.46,10.475,73352,10.475
2019-02-27,10.4438,10.4438,10.36,10.385,97949,10.385
2019-02-28,10.278,10.325,10.278,10.31,65109,10.31
2019-03-01,10.3053,10.36,10.3053,10.33,53153,10.33
2019-03-04,10.365,10.415,10.3502,10.395,18313,10.395
2019-03-05,10.398,10.445,10.39,10.435,55293,10.435
2019-03-06,10.388,10.388,10.355,10.38,116336,10.38
2019-03-07,10.295,10.335,10.27,10.275,59065,10.275
2019-03-08,10.205,10.27,10.2,10.265,84806,10.265
2019-03-11,10.354,10.3663,10.31,10.3375,72782,10.3375
2019-03-12,10.307,10.445,10.2971,10.415,107149,10.415
2019-03-13,10.295,10.355,10.295,10.34,40224,10.34
2019-03-14,10.185,10.2179,10.165,10.185,305935,10.185
2019-03-15,10.285,10.305,10.265,10.2825,92485,10.2825
2019-03-18,10.325,10.37,10.318,10.3575,27527,10.3575
2019-03-19,10.3325,10.37,10.325,10.365,30430,10.365
2019-03-20,10.337,10.4,10.325,10.325,27085,10.325
2019-03-21,10.405,10.56,10.395,10.5575,247555,10.5575
2019-03-22,10.4863,10.5125,10.3375,10.3375,76526,10.3375
2019-03-25,10.287,10.34,10.26,10.325,114864,10.325
2019-03-26,10.49,10.5011,10.4525,10.4525,43114,10.4525
2019-03-27,10.505,10.505,10.365,10.385,8663,10.385
2019-03-28,10.455,10.5,10.455,10.495,127390,10.495
2019-03-29,10.5525,10.58,10.4763,10.565,95477,10.565
2019-04-01,10.62,10.625,10.56,10.585,158503,10.585
2019-04-02,10.589,10.625,10.56,10.61,84693,10.61
2019-04-03,10.56,10.622,10.555,10.605,41964,10.605
2019-04-04,10.525,10.635,10.51,10.635,213383,10.635
2019-04-05,10.605,10.705,10.6038,10.7,68648,10.7
2019-04-08,10.6485,10.65,10.62,10.64,70647,10.64
2019-04-09,10.5975,10.615,10.56,10.595,50214,10.595
2019-04-10,10.595,10.5971,10.5475,10.5475,44260,10.5475
2019-04-11,10.545,10.55,10.52,10.545,102637,10.545
2019-04-12,10.49,10.5674,10.49,10.55,20992,10.55
2019-04-15,10.606,10.606,10.56,10.575,42657,10.575
2019-04-16,10.625,10.68,10.625,10.67,59160,10.67
2019-04-17,10.6475,10.6975,10.6475,10.6725,247865,10.6725
2019-04-18,10.6325,10.71,10.6275,10.7025,45911,10.7025
2019-04-23,10.6945,10.77,10.655,10.77,97355,10.77
2019-04-24,10.684,10.694,10.65,10.655,53987,10.655
2019-04-25,10.725,10.7625,10.705,10.725,80876,10.725
2019-04-26,10.76,10.765,10.725,10.7625,108762,10.7625
2019-04-29,10.815,10.815,10.78,10.805,67680,10.805
2019-04-30,10.7791,10.7791,10.695,10.705,32936,10.705
2019-05-01,10.7162,10.735,10.67,10.6875,18597,10.6875
2019-05-02,10.63,10.6825,10.63,10.635,28905,10.635
2019-05-03,10.655,10.72,10.65,10.6625,37488,10.6625
2019-05-07,10.545,10.6013,10.5175,10.525,156560,10.525
2019-05-08,10.45,10.4975,10.435,10.455,50948,10.455
2019-05-09,10.39,10.39,10.2625,10.2625,227709,10.2625
2019-05-10,10.33,10.4075,10.27,10.29,127567,10.29
2019-05-13,10.3746,10.375,10.23,10.275,85214,10.275
2019-05-14,10.38,10.44,10.3675,10.44,123148,10.44
2019-05-15,10.4746,10.49,10.381,10.48,279989,10.48
2019-05-16,10.54,10.625,10.535,10.62,51277,10.62
2019-05-17,10.645,10.66,10.61,10.6575,48169,10.6575
2019-05-20,10.615,10.615,10.53,10.55,17950,10.55
2019-05-21,10.63,10.643,10.55,10.57,35334,10.57
2019-05-22,10.575,10.622,10.57,10.6075,130511,10.6075
2019-05-23,10.59,10.59,10.515,10.52,87035,10.52
2019-05-24,10.66,10.66,10.6,10.62,63730,10.62
2019-05-28,10.7,10.7,10.63,10.63,19603,10.63
2019-05-29,10.6,10.602,10.55,10.575,53813,10.575
2019-05-30,10.57,10.628,10.57,10.6125,42103,10.6125
2019-05-31,10.506,10.53,10.475,10.5225,60355,10.5225
2019-06-03,10.5263,10.565,10.475,10.55,117646,10.55
2019-06-04,10.485,10.57,10.462,10.57,117555,10.57
2019-06-05,10.645,10.685,10.585,10.605,61020,10.605
2019-06-06,10.645,10.6787,10.6063,10.6325,118659,10.6325
2019-06-07,10.66,10.71,10.652,10.7,40130,10.7
2019-06-10,10.77,10.85,10.77,10.85,114845,10.85
2019-06-11,10.87,10.88,10.83,10.835,25277,10.835
2019-06-12,10.7676,10.7825,10.7375,10.745,72334,10.745
2019-06-13,10.725,10.775,10.71,10.72,31814,10.72
2019-06-14,10.765,10.787,10.745,10.7725,25485,10.7725
2019-06-17,10.812,10.84,10.8,10.84,46403,10.84
2019-06-18,10.8138,10.918,10.79,10.905,108886,10.905
2019-06-19,10.957,10.965,10.88,10.89,27183,10.89
2019-06-20,10.965,11.0209,10.94,10.945,45600,10.945
2019-06-21,10.8976,10.92,10.895,10.9,45388,10.9
2019-06-24,10.8693,10.8693,10.8175,10.84,18917,10.84
2019-06-25,10.775,10.875,10.775,10.86,5884,10.86
2019-06-26,10.83,10.89,10.825,10.83,55590,10.83
2019-06-27,10.8929,10.8996,10.84,10.885,106124,10.885
2019-06-28,10.9363,10.95,10.895,10.915,25556,10.915
2019-07-01,11.06,11.15,11.06,11.09,74164,11.09
2019-07-02,11.1525,11.19,11.1326,11.185,30417,11.185
2019-07-03,11.2093,11.235,11.19,11.235,48321,11.235
2019-07-04,11.255,11.26,11.235,11.24,18499,11.24
2019-07-05,11.2432,11.2432,11.195,11.205,24948,11.205
2019-07-08,11.1751,11.1867,11.155,11.18,28199,11.18
2019-07-09,11.1176,11.145,11.1013,11.125,10015,11.125
2019-07-10,11.1125,11.15,11.0975,11.145,16583,11.145
2019-07-11,11.09,11.09,11.02,11.025,24193,11.025
2019-07-12,11.02,11.03,11.01,11.0125,39127,11.0125
2019-07-15,11.035,11.085,11.035,11.08,9681,11.08
2019-07-16,11.0384,11.1,11.0384,11.095,18474,11.095
2019-07-17,11.1126,11.1293,11.065,11.0675,15470,11.0675
2019-07-18,10.9043,10.9293,10.875,10.8875,39838,10.8875
2019-07-19,11.025,11.0293,10.99,11.02,119716,11.02
2019-07-22,11,11.0393,10.9967,11.005,4648,11.005
2019-07-23,11.105,11.15,11.105,11.1375,45244,11.1375
2019-07-24,11.1517,11.1517,11.09,11.095,38082,11.095
2019-07-25,11.155,11.155,11.0193,11.0475,28097,11.0475
2019-07-26,11.0793,11.13,11.07,11.13,47933,11.13
2019-07-29,11.1259,11.2559,11.1196,11.25,96659,11.25
2019-07-30,11.3693,11.3693,11.2643,11.265,13574,11.265
2019-07-31,11.3,11.3,11.22,11.255,66240,11.255
2019-08-01,11.27,11.385,11.27,11.385,62386,11.385
2019-08-02,11.2447,11.255,11.15,11.165,53970,11.165
2019-08-05,11.16,11.16,10.945,10.97,88901,10.97
2019-08-06,10.965,11.0225,10.93,10.95,69626,10.95
2019-08-07,11.075,11.15,10.99,11.05,127140,11.05
2019-08-08,11.0575,11.155,11.0575,11.155,102617,11.155
2019-08-09,11.145,11.21,11.105,11.11,97878,11.11
2019-08-12,11.2326,11.2326,11.065,11.105,43802,11.105
2019-08-13,11.1,11.2,11.05,11.165,99660,11.165
2019-08-14,11.1,11.11,10.94,10.955,71246,10.955
2019-08-15,11.0945,11.0945,10.955,10.96,96060,10.96
2019-08-16,11,11.055,10.9867,11.055,6040,11.055
2019-08-19,11.0703,11.11,11.0703,11.09,16855,11.09
2019-08-20,11.145,11.1475,11.04,11.04,4194,11.04
2019-08-21,11.0204,11.1025,11.0204,11.095,5299,11.095
2019-08-22,11.105,11.105,10.945,10.945,15186,10.945
2019-08-23,11.0197,11.025,10.8825,10.8825,43074,10.8825
2019-08-27,10.9703,10.99,10.95,10.95,86130,10.95
2019-08-28,10.9425,11.035,10.9425,11,23897,11
2019-08-29,11.055,11.1088,11.055,11.085,5317,11.085
2019-08-30,11.1153,11.17,11.095,11.095,96974,11.095
2019-09-02,11.1625,11.225,11.1625,11.215,51198,11.215
2019-09-03,11.33,11.33,11.205,11.22,29060,11.22
2019-09-04,11.2195,11.23,11.15,11.19,44974,11.19
2019-09-05,11.2495,11.2495,11.1225,11.16,21061,11.16
2019-09-06,11.19,11.195,11.155,11.195,24161,11.195
2019-09-09,11.3253,11.3461,11.22,11.24,52432,11.24
2019-09-10,11.21,11.25,11.21,11.24,25956,11.24
2019-09-11,11.3575,11.395,11.3525,11.365,192505,11.365
2019-09-12,11.4475,11.4953,11.425,11.45,90179,11.45
2019-09-13,11.5,11.505,11.43,11.5,75945,11.5
2019-09-16,11.455,11.495,11.45,11.48,23863,11.48
2019-09-17,11.4825,11.4825,11.3903,11.4125,88915,11.4125
2019-09-18,11.3975,11.415,11.385,11.3975,85061,11.3975
2019-09-19,11.45,11.53,11.445,11.53,73848,11.53
2019-09-20,11.41,11.515,11.41,11.4875,201561,11.4875
2019-09-23,11.5203,11.5203,11.48,11.49,91567,11.49
2019-09-24,11.575,11.595,11.515,11.5425,27130,11.5425
2019-09-25,11.53,11.59,11.51,11.59,32414,11.59
2019-09-26,11.6,11.73,11.6,11.6475,139541,11.6475
2019-09-27,11.62,11.64,11.555,11.5825,147111,11.5825
2019-09-30,11.5489,11.56,11.495,11.56,56594,11.56
2019-10-01,11.6391,11.69,11.5898,11.605,100010,11.605
2019-10-02,11.585,11.585,11.39,11.39,155698,11.39
2019-10-03,11.435,11.435,11.265,11.31,251477,11.31
2019-10-04,11.4388,11.52,11.4275,11.52,52477,11.52
2019-10-07,11.49,11.545,11.49,11.545,30129,11.545
2019-10-08,11.54,11.595,11.54,11.565,176487,11.565
2019-10-09,11.575,11.625,11.5425,11.5975,141371,11.5975
2019-10-10,11.5748,11.575,11.5275,11.5275,48100,11.5275
2019-10-11,11.41,11.465,11.3038,11.35,237686,11.35
2019-10-14,11.43,11.43,11.365,11.3775,102568,11.3775
2019-10-15,11.3875,11.44,11.36,11.385,19327,11.385
2019-10-16,11.345,11.37,11.25,11.28,154548,11.28
2019-10-17,11.2225,11.2875,11.175,11.225,63806,11.225
2019-10-18,11.1575,11.195,11.1425,11.195,54894,11.195
2019-10-21,11.19,11.195,11.1175,11.195,59729,11.195
2019-10-22,11.2188,11.285,11.2188,11.24,68138,11.24
2019-10-23,11.282,11.345,11.282,11.345,11104,11.345
2019-10-24,11.2748,11.37,11.2748,11.37,27596,11.37
2019-10-25,11.34,11.375,11.32,11.375,8829,11.375
2019-10-28,11.3575,11.375,11.3475,11.375,14602,11.375
2019-10-29,11.425,11.4425,11.38,11.415,68995,11.415
2019-10-30,11.405,11.4175,11.39,11.4075,286876,11.4075
2019-10-31,11.4,11.4,11.3325,11.36,144758,11.36
2019-11-01,11.44,11.51,11.43,11.495,139655,11.495
2019-11-04,11.535,11.605,11.535,11.5975,52348,11.5975
2019-11-05,11.6275,11.6675,11.62,11.6675,830806,11.6675
2019-11-06,11.6375,11.645,11.6225,11.645,49802,11.645
2019-11-07,11.735,11.795,11.735,11.77,11290,11.77
2019-11-08,11.685,11.7425,11.675,11.7425,44468,11.7425
2019-11-11,11.705,11.705,11.615,11.66,21249,11.66
2019-11-12,11.7175,11.745,11.6875,11.7325,93525,11.7325
2019-11-13,11.64,11.66,11.5925,11.655,18322,11.655
2019-11-14,11.5738,11.5975,11.5525,11.57,19688,11.57
2019-11-15,11.62,11.63,11.5925,11.63,9481,11.63
2019-11-18,11.595,11.595,11.55,11.57,23601,11.57
2019-11-19,11.5675,11.615,11.56,11.575,49237,11.575
2019-11-20,11.555,11.6013,11.5425,11.59,44335,11.59
2019-11-21,11.55,11.575,11.525,11.575,68172,11.575
2019-11-22,11.595,11.65,11.595,11.65,43709,11.65
2019-11-25,11.695,11.695,11.65,11.6575,10632,11.6575
2019-11-26,11.675,11.7,11.66,11.695,32301,11.695
2019-11-27,11.725,11.725,11.685,11.685,11126,11.685
2019-11-28,11.565,11.635,11.565,11.635,66945,11.635
2019-11-29,11.5496,11.58,11.5496,11.555,25893,11.555
2019-12-02,11.635,11.6475,11.47,11.47,429074,11.47
2019-12-03,11.515,11.5546,11.405,11.45,61508,11.45
2019-12-04,11.48,11.56,11.48,11.53,42014,11.53
2019-12-05,11.495,11.505,11.46,11.46,15516,11.46
2019-12-06,11.52,11.62,11.505,11.62,12957,11.62
2019-12-09,11.545,11.575,11.54,11.55,24262,11.55
2019-12-10,11.535,11.535,11.4325,11.525,14936,11.525
2019-12-11,11.485,11.51,11.465,11.51,29359,11.51
2019-12-12,11.435,11.59,11.435,11.575,76548,11.575
2019-12-13,11.3475,11.4225,11.3475,11.4,165565,11.4
2019-12-16,11.3848,11.495,11.3848,11.495,73846,11.495
2019-12-17,11.52,11.64,11.515,11.64,234844,11.64
2019-12-18,11.6225,11.6525,11.6054,11.65,27847,11.65
2019-12-19,11.5997,11.705,11.585,11.695,111226,11.695
2019-12-20,11.64,11.675,11.64,11.675,93510,11.675
2019-12-23,11.645,11.76,11.645,11.76,11263,11.76
2019-12-24,11.715,11.72,11.69,11.7,3727,11.7
2019-12-27,11.625,11.6438,11.55,11.585,39688,11.585
2019-12-30,11.5361,11.5361,11.47,11.475,26370,11.475
2019-12-31,11.41,11.4213,11.375,11.375,17787,11.375
2020-01-02,11.485,11.585,11.485,11.56,18980,11.56
2020-01-03,11.52,11.5525,11.4725,11.5525,10549,11.5525
2020-01-06,11.5098,11.515,11.4153,11.475,5411,11.475
2020-01-07,11.55,11.605,11.545,11.58,16340,11.58
2020-01-08,11.48,11.575,11.475,11.575,8185,11.575
2020-01-09,11.63,11.7175,11.625,11.67,13938,11.67
2020-01-10,11.55,11.65,11.55,11.625,12166,11.625
2020-01-13,11.7,11.7,11.6788,11.68,12497,11.68
2020-01-14,11.7054,11.73,11.6775,11.6975,25808,11.6975
2020-01-15,11.65,11.675,11.64,11.645,23120,11.645
2020-01-16,11.56,11.56,11.515,11.525,48307,11.525
2020-01-17,11.525,11.57,11.5188,11.56,82016,11.56
2020-01-20,11.645,11.6513,11.63,11.6375,55171,11.6375
2020-01-21,11.59,11.59,11.52,11.5375,143082,11.5375
2020-01-22,11.59,11.59,11.48,11.48,377296,11.48
2020-01-23,11.4704,11.4975,11.46,11.47,89571,11.47
2020-01-24,11.5375,11.585,11.5375,11.54,116228,11.54
2020-01-27,11.4354,11.4354,11.3175,11.335,40026,11.335
2020-01-28,11.39,11.46,11.34,11.46,72262,11.46
2020-01-29,11.445,11.4625,11.425,11.445,31943,11.445
2020-01-30,11.31,11.34,11.2,11.23,277683,11.23
2020-01-31,11.22,11.22,11.06,11.07,41514,11.07
2020-02-03,11.19,11.335,11.165,11.315,43457,11.315
2020-02-04,11.425,11.465,11.425,11.465,70352,11.465
2020-02-05,11.435,11.6,11.435,11.59,125291,11.59
2020-02-06,11.6763,11.715,11.655,11.715,127291,11.715
2020-02-07,11.6704,11.6704,11.6325,11.67,82278,11.67
2020-02-10,11.6,11.6,11.555,11.6,40787,11.6
2020-02-11,11.665,11.695,11.65,11.67,124740,11.67
2020-02-12,11.56,11.59,11.555,11.58,87054,11.58
2020-02-13,11.49,11.49,11.405,11.43,9219,11.43
2020-02-14,11.3604,11.3875,11.35,11.3525,34388,11.3525
2020-02-17,11.315,11.325,11.2875,11.325,12613,11.325
2020-02-18,11.1949,11.2325,11.17,11.175,55092,11.175
2020-02-19,11.22,11.265,11.1925,11.265,12388,11.265
2020-02-20,11.23,11.23,11.155,11.155,31623,11.155
2020-02-21,11.105,11.13,11.01,11.0475,63289,11.0475
2020-02-24,10.765,10.78,10.67,10.7425,147841,10.7425
2020-02-25,10.865,10.865,10.65,10.6525,165276,10.6525
2020-02-26,10.755,10.8225,10.62,10.8225,157278,10.8225
2020-02-27,10.5906,10.685,10.4665,10.54,101209,10.54
2020-02-28,10.345,10.405,10.2,10.2775,210215,10.2775
2020-03-02,10.5743,10.585,10.3515,10.4875,329641,10.4875
2020-03-03,10.47,10.59,10.46,10.46,138341,10.46
2020-03-04,10.55,10.5875,10.4956,10.5475,52678,10.5475
2020-03-05,10.555,10.555,10.375,10.42,159658,10.42
2020-03-06,10.3275,10.355,10.125,10.1775,54669,10.1775
2020-03-09,9.6825,9.7325,9.6275,9.66,16024,9.66
2020-03-10,9.87,10.086,9.74,9.795,73766,9.795
2020-03-11,9.945,9.945,9.8044,9.8187,47064,9.8187
2020-03-12,9.4225,9.5075,8.8025,8.8637,214235,8.8637
2020-03-13,9.1975,9.515,8.98,9.0725,93683,9.0725
2020-03-16,9.05,9.0725,8.7075,8.9913,104595,8.9913
2020-03-17,9.4325,9.4925,9,9.4588,161628,9.4588
2020-03-18,9.4425,9.5688,9.25,9.5088,86975,9.5088
2020-03-19,9.8525,10.13,9.6325,9.8338,124593,9.8338
2020-03-20,10.1246,10.16,9.805,9.8525,117094,9.8525
2020-03-23,9.7225,10.03,9.6813,9.7775,70630,9.7775
2020-03-24,10.36,10.4185,10.22,10.33,140971,10.33
2020-03-25,10.435,10.435,9.9315,10.2375,48765,10.2375
2020-03-26,10.05,10.385,10.05,10.3625,14162,10.3625
2020-03-27,10.53,10.545,10.24,10.245,74558,10.245
2020-03-30,10.08,10.29,10.08,10.285,70805,10.285
2020-03-31,10.1544,10.16,9.925,10.08,145917,10.08
2020-04-01,9.75,9.75,9.5861,9.695,84084,9.695
2020-04-02,9.645,9.65,9.555,9.6175,131616,9.6175
2020-04-03,9.555,9.645,9.55,9.5975,94527,9.5975
2020-04-06,9.8825,10.0225,9.8589,10.0225,238777,10.0225
2020-04-07,10.3275,10.55,10.3275,10.36,180397,10.36
2020-04-08,10.055,10.115,10.05,10.105,21445,10.105
2020-04-09,10.238,10.2425,10.0658,10.2425,29856,10.2425
2020-04-14,10.226,10.29,10.22,10.235,22128,10.235
2020-04-15,10.335,10.335,10.1825,10.1825,36907,10.1825
2020-04-16,10.18,10.2,10.055,10.1575,17640,10.1575
2020-04-17,10.329,10.33,10.175,10.1825,57445,10.1825
2020-04-20,10.285,10.3,10.21,10.2475,99725,10.2475
2020-04-21,10.3,10.3,10.19,10.19,107894,10.19
2020-04-22,10.27,10.3,10.215,10.29,141311,10.29
2020-04-23,10.345,10.435,10.335,10.405,132507,10.405
2020-04-24,10.3324,10.38,10.32,10.35,9797,10.35
2020-04-27,10.44,10.49,10.44,10.4775,84278,10.4775
2020-04-28,10.5562,10.665,10.5562,10.635,27464,10.635
2020-04-29,10.7368,10.875,10.7368,10.875,25461,10.875
2020-04-30,10.595,10.6088,10.37,10.3725,332840,10.3725
2020-05-01,10.237,10.275,10.18,10.2575,27026,10.2575
2020-05-04,10.213,10.215,10.17,10.1875,14801,10.1875
2020-05-05,10.315,10.4075,10.295,10.4075,54348,10.4075
2020-05-06,10.4226,10.495,10.395,10.4175,3187,10.4175
2020-05-07,10.44,10.57,10.44,10.5325,13952,10.5325
2020-05-11,10.785,10.825,10.7544,10.775,16266,10.775
2020-05-12,10.705,10.805,10.705,10.8,14561,10.8
2020-05-13,10.8,10.855,10.7982,10.83,28871,10.83
2020-05-14,10.645,10.6488,10.525,10.61,67190,10.61
2020-05-15,10.715,10.745,10.66,10.7125,32899,10.7125
2020-05-18,10.8673,10.935,10.835,10.93,64511,10.93
2020-05-19,10.93,10.93,10.8312,10.875,61757,10.875
2020-05-20,10.9288,11.0025,10.925,11.0025,10763,11.0025
2020-05-21,10.91,10.915,10.8425,10.8425,33013,10.8425
2020-05-22,10.7977,10.905,10.7977,10.89,59679,10.89
2020-05-26,11.105,11.175,11.105,11.13,24631,11.13
2020-05-27,11.265,11.38,11.265,11.34,88156,11.34
2020-05-28,11.48,11.54,11.4704,11.51,105761,11.51
2020-05-29,11.33,11.37,11.26,11.2775,82504,11.2775
2020-06-01,11.33,11.35,11.265,11.2775,99233,11.2775
2020-06-02,11.305,11.4165,11.305,11.345,329437,11.345
2020-06-03,11.2774,11.385,11.268,11.37,10422,11.37
2020-06-04,11.39,11.4,11.29,11.29,136815,11.29
2020-06-05,11.305,11.37,11.295,11.36,100212,11.36
2020-06-08,11.31,11.405,11.31,11.3925,50721,11.3925
2020-06-09,11.42,11.42,11.36,11.36,110202,11.36
2020-06-10,11.4018,11.425,11.335,11.36,30861,11.36
2020-06-11,11.2219,11.25,11.155,11.155,27030,11.155
2020-06-12,11.16,11.29,11.16,11.22,44178,11.22
2020-06-15,11,11.055,10.965,11.055,25498,11.055
2020-06-16,11.235,11.34,11.235,11.3325,63504,11.3325
2020-06-17,11.43,11.4815,11.43,11.4675,22295,11.4675
2020-06-18,11.43,11.52,11.43,11.52,29846,11.52
2020-06-19,11.525,11.635,11.525,11.625,57967,11.625
2020-06-22,11.4915,11.535,11.48,11.49,17960,11.49
2020-06-23,11.5326,11.58,11.53,11.555,21906,11.555
2020-06-24,11.445,11.45,11.32,11.33,27048,11.33
2020-06-25,11.32,11.4125,11.305,11.4125,43489,11.4125
2020-06-26,11.44,11.51,11.43,11.4425,31283,11.4425
2020-06-29,11.3732,11.495,11.3732,11.495,23541,11.495
2020-06-30,11.405,11.405,11.345,11.345,45981,11.345
2020-07-01,11.175,11.205,11.135,11.135,185135,11.135
2020-07-02,11.175,11.275,11.1712,11.2725,100336,11.2725
2020-07-03,11.2474,11.2474,11.175,11.175,34570,11.175
2020-07-06,11.3,11.395,11.3,11.3775,9672,11.3775
2020-07-07,11.3508,11.3508,11.265,11.265,11122,11.265
2020-07-08,11.18,11.18,11.1125,11.1125,55660,11.1125
2020-07-09,11.125,11.1412,11.0375,11.0375,5726,11.0375
2020-07-10,11.1268,11.17,11.1268,11.17,6494,11.17
2020-07-13,11.215,11.325,11.215,11.325,13397,11.325
2020-07-14,11.28,11.3103,11.28,11.31,4981,11.31
2020-07-15,11.395,11.4825,11.395,11.4825,9479,11.4825
2020-07-16,11.2656,11.3012,11.24,11.2425,1589,11.2425
2020-07-17,11.2312,11.31,11.2312,11.2825,36644,11.2825
2020-07-20,11.21,11.24,11.19,11.2025,45458,11.2025
2020-07-21,11.19,11.195,11.155,11.16,63170,11.16
2020-07-22,11.13,11.15,11.105,11.105,32176,11.105
2020-07-23,11.1982,11.1982,11.12,11.12,1764,11.12
2020-07-24,10.995,11.06,10.995,11.0375,39890,11.0375
2020-07-27,11.1918,11.2144,11.16,11.1625,68599,11.1625
2020-07-28,11.105,11.11,11.07,11.07,6713,11.07
2020-07-29,10.9644,10.975,10.94,10.97,48529,10.97
2020-07-30,10.855,10.855,10.66,10.725,48916,10.725
2020-07-31,10.5456,10.56,10.425,10.445,140842,10.445
2020-08-03,10.5738,10.7,10.555,10.695,15221,10.695
2020-08-04,10.765,10.8188,10.7582,10.795,65327,10.795
2020-08-05,10.84,10.86,10.795,10.81,279182,10.81
2020-08-06,10.76,10.76,10.6912,10.735,110937,10.735
2020-08-07,10.75,10.805,10.75,10.79,4438,10.79
2020-08-10,10.835,10.835,10.775,10.8025,84179,10.8025
2020-08-11,10.9876,11.0688,10.9876,11,21035,11
2020-08-12,11.1105,11.23,11.1105,11.22,31210,11.22
2020-08-13,11.19,11.19,11.1388,11.17,23912,11.17
2020-08-14,11.1053,11.1475,11.105,11.1475,5022,11.1475
2020-08-17,11.12,11.185,11.1138,11.185,80261,11.185
2020-08-18,11.1712,11.1788,11.09,11.095,3238,11.095
2020-08-19,11.1076,11.155,11.105,11.155,3509,11.155
2020-08-20,11.1032,11.1032,11.0538,11.055,36456,11.055
2020-08-21,11.025,11.08,11.0005,11.0475,13530,11.0475
2020-08-24,11.145,11.215,11.145,11.21,13209,11.21
2020-08-25,11.28,11.295,11.155,11.175,47312,11.175
2020-08-26,11.14,11.1638,11.12,11.1525,11213,11.1525
2020-08-27,11.07,11.09,11.055,11.0675,39850,11.0675
2020-08-28,10.95,11.025,10.945,10.955,10415,10.955
2020-09-01,10.96,10.96,10.88,10.895,22820,10.895
2020-09-02,11.06,11.095,11.03,11.08,55110,11.08
2020-09-03,11.1494,11.15,10.95,10.98,81931,10.98
2020-09-04,10.9994,11.08,10.965,10.9725,136073,10.9725
2020-09-07,11.015,11.0938,10.99,11.08,33030,11.08
2020-09-08,11.095,11.15,11.075,11.135,21604,11.135
2020-09-09,11.22,11.245,11.175,11.185,11698,11.185
2020-09-10,11.275,11.39,11.23,11.39,163159,11.39
2020-09-11,11.49,11.57,11.49,11.555,37364,11.555
2020-09-14,11.625,11.625,11.5488,11.57,22002,11.57
2020-09-15,11.56,11.61,11.555,11.61,67340,11.61
2020-09-16,11.61,11.615,11.535,11.565,35497,11.565
2020-09-17,11.5,11.595,11.495,11.56,9406,11.56
2020-09-18,11.55,11.605,11.55,11.57,46924,11.57
2020-09-21,11.49,11.53,11.415,11.415,24493,11.415
2020-09-22,11.45,11.515,11.45,11.515,91211,11.515
2020-09-23,11.7582,11.78,11.67,11.675,16243,11.675
2020-09-24,11.565,11.615,11.565,11.61,7004,11.61
2020-09-25,11.565,11.6,11.555,11.595,20096,11.595
2020-09-28,11.705,11.705,11.595,11.655,24788,11.655
2020-09-29,11.77,11.77,11.6662,11.69,69455,11.69
2020-09-30,11.585,11.585,11.525,11.54,144291,11.54
2020-10-01,11.54,11.595,11.475,11.5425,82475,11.5425
2020-10-02,11.445,11.445,11.375,11.445,33344,11.445
2020-10-05,11.54,11.54,11.47,11.51,19675,11.51
2020-10-06,11.53,11.58,11.5,11.555,28642,11.555
2020-10-07,11.55,11.63,11.55,11.595,25847,11.595
2020-10-08,11.595,11.63,11.5712,11.605,9202,11.605
2020-10-09,11.545,11.555,11.515,11.515,29694,11.515
2020-10-12,11.475,11.5012,11.47,11.4925,35707,11.4925
2020-10-13,11.515,11.54,11.495,11.54,52323,11.54
2020-10-14,11.595,11.595,11.53,11.55,13688,11.55
2020-10-15,11.45,11.485,11.4338,11.47,11205,11.47
2020-10-16,11.435,11.515,11.435,11.5025,86073,11.5025
2020-10-19,11.5468,11.5468,11.47,11.48,8671,11.48
2020-10-20,11.47,11.48,11.445,11.46,168056,11.46
2020-10-21,11.48,11.48,11.39,11.395,41434,11.395
2020-10-22,11.375,11.415,11.37,11.4,5209,11.4
2020-10-23,11.485,11.485,11.425,11.44,87011,11.44
2020-10-26,11.3956,11.4,11.36,11.385,114830,11.385
2020-10-27,11.415,11.42,11.37,11.375,4189,11.375
2020-10-28,11.395,11.425,11.315,11.3425,17476,11.3425
2020-10-29,11.44,11.455,11.42,11.435,66564,11.435
2020-10-30,11.28,11.335,11.28,11.335,17864,11.335
2020-11-02,11.445,11.515,11.445,11.51,39556,11.51
2020-11-03,11.565,11.625,11.565,11.61,67153,11.61
2020-11-04,11.52,11.675,11.52,11.6725,25705,11.6725
2020-11-05,11.7538,11.815,11.7538,11.8025,11556,11.8025
2020-11-06,11.7982,11.8238,11.7825,11.7825,13857,11.7825
2020-11-09,11.93,12.35,11.92,12.19,42791,12.19
2020-11-10,11.965,12.07,11.93,12.07,142287,12.07
2020-11-11,11.97,12.135,11.97,12.1325,152492,12.1325
2020-11-12,11.985,12.085,11.95,12.08,170753,12.08
2020-11-13,11.94,12.065,11.94,12.0475,195970,12.0475
2020-11-16,12.15,12.28,12.15,12.235,250165,12.235
2020-11-17,12.2,12.21,12.14,12.21,83774,12.21
2020-11-18,12.0695,12.17,12.0695,12.17,34663,12.17
2020-11-19,12.155,12.17,12.0838,12.17,22722,12.17
2020-11-20,12.165,12.235,12.165,12.2175,37584,12.2175
2020-11-23,12.31,12.32,12.28,12.3125,114388,12.3125
2020-11-24,12.33,12.425,12.315,12.42,107158,12.42
2020-11-25,12.34,12.34,12.27,12.28,5405,12.28
2020-11-26,12.39,12.415,12.375,12.415,66669,12.415
2020-11-27,12.425,12.535,12.42,12.535,341460,12.535
2020-11-30,12.35,12.4,12.2675,12.2675,94316,12.2675
2020-12-01,12.335,12.41,12.335,12.3625,25689,12.3625
2020-12-02,12.35,12.415,12.35,12.41,74353,12.41
2020-12-03,12.35,12.35,12.32,12.32,7750,12.32
2020-12-04,12.34,12.35,12.32,12.34,28262,12.34
2020-12-07,12.345,12.39,12.335,12.34,38476,12.34
2020-12-08,12.285,12.315,12.275,12.31,69893,12.31
2020-12-09,12.415,12.415,12.335,12.375,12155,12.375
2020-12-10,12.4,12.485,12.4,12.4675,11119,12.4675
2020-12-11,12.515,12.592,12.515,12.55,54890,12.55
2020-12-14,12.5088,12.57,12.495,12.54,25470,12.54
2020-12-15,12.475,12.5338,12.45,12.45,35204,12.45
2020-12-16,12.44,12.4588,12.415,12.44,25416,12.44
2020-12-17,12.465,12.465,12.415,12.445,52399,12.445
2020-12-18,12.535,12.535,12.47,12.515,95456,12.515
2020-12-21,12.575,12.575,12.4,12.42,67738,12.42
2020-12-22,12.39,12.485,12.3838,12.485,26469,12.485
2020-12-23,12.39,12.42,12.35,12.385,61443,12.385
2020-12-24,12.31,12.31,12.26,12.275,17791,12.275
2020-12-29,12.655,12.72,12.63,12.65,32767,12.65
2020-12-30,12.615,12.625,12.595,12.615,66571,12.615
2020-12-31,12.55,12.57,12.535,12.55,20134,12.55
2021-01-04,12.41,12.57,12.41,12.51,94284,12.51
2021-01-05,12.435,12.535,12.435,12.49,53527,12.49
2021-01-06,12.5112,12.685,12.485,12.665,62286,12.665
2021-01-07,12.715,12.715,12.61,12.705,22599,12.705
2021-01-08,12.9,12.9,12.825,12.875,62665,12.875
2021-01-11,12.92,12.93,12.865,12.8975,34106,12.8975
2021-01-12,12.85,12.85,12.76,12.78,23471,12.78
2021-01-13,12.875,12.875,12.77,12.855,67650,12.855
2021-01-14,12.885,12.89,12.8406,12.875,18994,12.875
2021-01-15,12.75,12.765,12.6662,12.7325,989661,12.7325
2021-01-18,12.7363,12.775,12.7363,12.76,3059,12.76
2021-01-19,12.79,12.79,12.725,12.74,23782,12.74
2021-01-20,12.67,12.76,12.65,12.7425,224242,12.7425
2021-01-21,12.71,12.73,12.655,12.66,14141,12.66
2021-01-22,12.725,12.725,12.66,12.7,35125,12.7
2021-01-25,12.725,12.73,12.645,12.685,35937,12.685
2021-01-26,12.7355,12.755,12.715,12.7225,5561,12.7225
2021-01-27,12.6838,12.6838,12.585,12.595,24077,12.595
2021-01-28,12.45,12.5175,12.375,12.5175,29387,12.5175
2021-01-29,12.25,12.4,12.25,12.315,166988,12.315
2021-02-01,12.385,12.425,12.385,12.41,20903,12.41
2021-02-02,12.46,12.54,12.46,12.535,48265,12.535
2021-02-03,12.6456,12.675,12.635,12.645,32401,12.645
2021-02-04,12.685,12.6944,12.5768,12.645,20498,12.645
2021-02-05,12.705,12.745,12.6762,12.7,9716,12.7
2021-02-08,12.85,12.95,12.85,12.935,37170,12.935
2021-02-09,12.985,12.985,12.905,12.905,37760,12.905
2021-02-10,12.9088,12.91,12.84,12.855,14114,12.855
2021-02-11,12.915,12.9425,12.9,12.9425,11020,12.9425
2021-02-12,12.95,12.985,12.9153,12.98,105494,12.98
2021-02-15,13.005,13.0538,13,13.045,24881,13.045
2021-02-16,13.09,13.095,13.035,13.035,35870,13.035
2021-02-17,13.01,13.03,12.99,13,238306,13
2021-02-18,12.88,12.88,12.72,12.75,35738,12.75
2021-02-19,12.745,12.82,12.745,12.82,84143,12.82
2021-02-22,12.735,12.775,12.685,12.7675,46487,12.7675
2021-02-23,12.725,12.725,12.63,12.6625,82113,12.6625
2021-02-24,12.405,12.545,12.39,12.545,55902,12.545
2021-02-25,12.55,12.555,12.475,12.495,30819,12.495
2021-02-26,12.41,12.4194,12.32,12.3375,41482,12.3375
2021-03-01,12.41,12.515,12.37,12.515,44246,12.515
2021-03-02,12.435,12.445,12.4,12.4025,119990,12.4025
2021-03-03,12.3912,12.45,12.355,12.38,113061,12.38
2021-03-04,12.265,12.295,12.2388,12.2725,45171,12.2725
2021-03-05,12.22,12.315,12.185,12.25,69859,12.25
2021-03-08,12.235,12.36,12.21,12.355,59039,12.355
2021-03-09,12.235,12.3325,12.235,12.3325,26959,12.3325
2021-03-10,12.2894,12.3638,12.28,12.3625,17088,12.3625
2021-03-11,12.3268,12.3268,12.285,12.3075,25497,12.3075
2021-03-12,12.345,12.455,12.345,12.43,172794,12.43
2021-03-15,12.485,12.52,12.465,12.5175,33778,12.5175
2021-03-16,12.635,12.655,12.615,12.63,45936,12.63
2021-03-17,12.57,12.62,12.56,12.62,81999,12.62
2021-03-18,12.68,12.78,12.66,12.78,17716,12.78
2021-03-19,12.765,12.835,12.735,12.7925,14816,12.7925
2021-03-22,12.735,12.78,12.695,12.78,34260,12.78
2021-03-23,12.65,12.705,12.65,12.705,38213,12.705
2021-03-24,12.505,12.62,12.49,12.62,35044,12.62
2021-03-25,12.637,12.675,12.545,12.6325,127516,12.6325
2021-03-26,12.705,12.73,12.6768,12.71,16410,12.71
2021-03-29,12.685,12.705,12.645,12.675,48583,12.675
2021-03-30,12.7296,12.7296,12.643,12.7,16202,12.7
2021-03-31,12.48,12.5526,12.47,12.54,19185,12.54
2021-04-01,12.505,12.54,12.495,12.53,32907,12.53
2021-04-06,12.4576,12.525,12.4576,12.515,8649,12.515
2021-04-07,12.5977,12.6182,12.5124,12.61,25626,12.61
2021-04-08,12.555,12.65,12.555,12.64,175633,12.64
2021-04-09,12.74,12.74,12.685,12.725,38332,12.725
2021-04-12,12.705,12.705,12.67,12.675,18227,12.675
2021-04-13,12.645,12.725,12.64,12.72,65814,12.72
2021-04-14,12.655,12.73,12.655,12.73,22946,12.73
2021-04-15,12.725,12.765,12.72,12.75,40930,12.75
2021-04-16,12.79,12.79,12.7,12.7,38250,12.7
2021-04-19,12.675,12.675,12.505,12.505,33887,12.505
2021-04-20,12.35,12.35,12.21,12.21,69849,12.21
2021-04-21,12.245,12.29,12.21,12.2825,50548,12.2825
2021-04-22,12.475,12.52,12.46,12.5125,74376,12.5125
2021-04-23,12.455,12.535,12.45,12.535,29827,12.535
2021-04-26,12.465,12.49,12.455,12.49,32189,12.49
2021-04-27,12.33,12.37,12.285,12.295,17536,12.295
2021-04-28,12.3,12.335,12.3,12.3125,16758,12.3125
2021-04-29,12.325,12.325,12.2,12.23,68464,12.23
2021-04-30,12.26,12.305,12.245,12.295,29458,12.295
2021-05-04,12.33,12.34,12.17,12.175,101994,12.175
2021-05-05,12.26,12.335,12.24,12.325,18469,12.325
2021-05-06,12.34,12.3825,12.3,12.3825,174723,12.3825
2021-05-07,12.39,12.41,12.38,12.41,34032,12.41
2021-05-10,12.38,12.395,12.35,12.37,15691,12.37
2021-05-11,12.075,12.075,11.95,12.015,37268,12.015
2021-05-12,11.925,11.945,11.79,11.815,59887,11.815
2021-05-13,11.665,11.77,11.615,11.7625,116043,11.7625
2021-05-14,11.925,11.9375,11.895,11.9375,25749,11.9375
2021-05-17,11.85,11.865,11.81,11.82,23390,11.82
2021-05-18,11.995,11.995,11.97,11.975,21185,11.975
2021-05-19,11.895,11.91,11.85,11.88,28359,11.88
2021-05-20,11.95,12.01,11.92,12.01,46230,12.01
2021-05-21,12.05,12.08,12.005,12.035,25506,12.035
2021-05-24,12.09,12.1325,12.09,12.1325,9546,12.1325
2021-05-25,12.14,12.155,12.1,12.1,15494,12.1
2021-05-26,12.145,12.155,12.125,12.145,16302,12.145
2021-05-27,12.085,12.115,12.075,12.085,89167,12.085
2021-05-28,12.19,12.225,12.17,12.205,67702,12.205
2021-06-01,12.065,12.165,12.065,12.15,16771,12.15
2021-06-02,12.205,12.23,12.19,12.2225,57930,12.2225
2021-06-03,12.28,12.285,12.185,12.275,40124,12.275
2021-06-04,12.285,12.35,12.275,12.35,42383,12.35
2021-06-07,12.35,12.4,12.345,12.345,172602,12.345
2021-06-08,12.39,12.415,12.3575,12.3575,267583,12.3575
2021-06-09,12.295,12.33,12.27,12.33,38079,12.33
2021-06-10,12.335,12.35,12.3,12.315,19204,12.315
2021-06-11,12.28,12.34,12.28,12.3325,201788,12.3325
2021-06-14,12.385,12.4,12.33,12.33,35387,12.33
2021-06-15,12.42,12.45,12.405,12.415,29089,12.415
2021-06-16,12.41,12.445,12.41,12.4375,41160,12.4375
2021-06-17,12.39,12.5,12.39,12.5,58398,12.5
2021-06-18,12.44,12.44,12.32,12.3325,30942,12.3325
2021-06-21,12.21,12.32,12.21,12.305,27388,12.305
2021-06-22,12.43,12.45,12.375,12.38,50658,12.38
2021-06-23,12.3,12.3,12.235,12.265,24956,12.265
2021-06-24,12.27,12.39,12.27,12.375,54080,12.375
2021-06-25,12.42,12.46,12.42,12.46,34685,12.46
2021-06-28,12.42,12.435,12.405,12.42,17055,12.42
2021-06-29,12.43,12.525,12.43,12.51,14466,12.51
2021-06-30,12.415,12.415,12.34,12.37,35625,12.37
2021-07-01,12.345,12.37,12.315,12.37,37312,12.37
2021-07-02,12.46,12.475,12.41,12.415,25578,12.415
2021-07-05,12.37,12.435,12.37,12.4175,114035,12.4175
2021-07-06,12.39,12.435,12.37,12.3875,26931,12.3875
2021-07-07,12.41,12.455,12.41,12.455,13227,12.455
2021-07-08,12.3,12.31,12.185,12.27,127886,12.27
2021-07-09,12.415,12.49,12.41,12.485,19040,12.485
2021-07-12,12.47,12.52,12.465,12.5125,35078,12.5125
2021-07-13,12.545,12.575,12.525,12.535,68336,12.535
2021-07-14,12.52,12.5675,12.515,12.5675,27801,12.5675
2021-07-15,12.36,12.395,12.315,12.3525,60910,12.3525
2021-07-16,12.33,12.335,12.29,12.32,92736,12.32
2021-07-19,12.245,12.25,12.18,12.18,12391,12.18
2021-07-20,12.295,12.405,12.285,12.365,24039,12.365
2021-07-21,12.385,12.4,12.335,12.335,56147,12.335
2021-07-22,12.41,12.415,12.355,12.36,8120,12.36
2021-07-23,12.41,12.425,12.38,12.415,20147,12.415
2021-07-26,12.265,12.285,12.25,12.265,6672,12.265
2021-07-27,12.25,12.3,12.195,12.195,71403,12.195
2021-07-28,12.185,12.235,12.175,12.215,43069,12.215
2021-07-29,12.23,12.255,12.22,12.245,16985,12.245
2021-07-30,12.07,12.175,12.07,12.165,49074,12.165
2021-08-02,12.265,12.35,12.265,12.33,78480,12.33
2021-08-03,12.32,12.32,12.29,12.295,30842,12.295
2021-08-04,12.26,12.275,12.225,12.23,30424,12.23
2021-08-05,12.28,12.295,12.275,12.275,27363,12.275
2021-08-06,12.27,12.3025,12.265,12.3025,12402,12.3025
2021-08-09,12.26,12.305,12.245,12.3,28037,12.3
2021-08-10,12.275,12.295,12.255,12.295,18376,12.295
2021-08-11,12.385,12.445,12.385,12.43,27207,12.43
2021-08-12,12.4,12.435,12.395,12.435,5398,12.435
2021-08-13,12.495,12.505,12.445,12.46,31978,12.46
2021-08-16,12.315,12.355,12.3,12.355,49381,12.355
2021-08-17,12.295,12.365,12.295,12.36,20561,12.36
2021-08-18,12.375,12.375,12.345,12.355,6101,12.355
2021-08-19,12.17,12.25,12.17,12.2425,16963,12.2425
2021-08-20,12.215,12.255,12.21,12.2475,4215,12.2475
2021-08-23,12.375,12.4,12.37,12.385,7072,12.385
2021-08-24,12.445,12.49,12.445,12.485,26181,12.485
2021-08-25,12.47,12.47,12.435,12.45,39084,12.45
2021-08-26,12.395,12.43,12.395,12.4275,18479,12.4275
2021-08-27,12.4,12.435,12.37,12.435,22248,12.435
2021-08-31,12.56,12.575,12.52,12.5275,3997,12.5275
2021-09-01,12.7,12.7,12.655,12.675,45267,12.675
2021-09-02,12.7,12.74,12.7,12.74,55309,12.74
2021-09-03,12.845,12.97,12.835,12.97,19427,12.97
2021-09-06,13.145,13.33,13.145,13.3175,85228,13.3175
2021-09-07,13.16,13.185,13.075,13.175,130434,13.175
2021-09-08,13.2,13.31,13.175,13.2375,128381,13.2375
2021-09-09,13.2,13.265,13.2,13.235,36754,13.235
2021-09-10,13.27,13.345,13.265,13.295,357757,13.295
2021-09-13,13.435,13.455,13.355,13.37,42306,13.37
2021-09-14,13.37,13.385,13.34,13.38,77114,13.38
2021-09-15,13.43,13.445,13.39,13.39,89549,13.39
2021-09-16,13.43,13.46,13.415,13.4575,18193,13.4575
2021-09-17,13.41,13.435,13.37,13.41,7736,13.41
2021-09-20,13.36,13.36,13.23,13.32,9140,13.32
2021-09-21,13.46,13.495,13.45,13.45,49529,13.45
2021-09-22,13.33,13.395,13.31,13.38,83374,13.38
2021-09-23,13.4,13.445,13.32,13.335,13037,13.335
2021-09-24,13.35,13.365,13.33,13.35,7011,13.35
2021-09-27,13.37,13.37,13.29,13.305,13115,13.305
2021-09-28,13.16,13.27,13.13,13.195,16443,13.195
2021-09-29,13.245,13.33,13.245,13.31,28872,13.31
2021-09-30,13.18,13.25,13.135,13.1425,1778,13.1425
2021-10-01,12.94,12.94,12.885,12.9,11839,12.9
2021-10-04,12.695,12.74,12.505,12.525,72830,12.525
2021-10-05,12.53,12.65,12.51,12.6425,81129,12.6425
2021-10-06,12.415,12.475,12.35,12.4625,16855,12.4625
2021-10-07,12.61,12.62,12.545,12.62,54636,12.62
2021-10-08,12.565,12.595,12.545,12.5475,76439,12.5475
2021-10-11,12.6,12.715,12.6,12.68,23499,12.68
2021-10-12,12.51,12.57,12.51,12.5625,23787,12.5625
2021-10-13,12.44,12.485,12.43,12.4525,39345,12.4525
2021-10-14,12.52,12.575,12.52,12.575,9804,12.575
2021-10-15,12.665,12.665,12.62,12.64,83123,12.64
2021-10-18,12.51,12.6075,12.495,12.6075,6467,12.6075
2021-10-19,12.605,12.63,12.56,12.625,111195,12.625
2021-10-20,12.575,12.605,12.565,12.565,22459,12.565
2021-10-21,12.39,12.395,12.335,12.38,48760,12.38
2021-10-22,12.475,12.54,12.45,12.5025,23099,12.5025
2021-10-25,12.47,12.5275,12.45,12.5275,12472,12.5275
2021-10-26,12.58,12.595,12.545,12.56,20762,12.56
2021-10-27,12.54,12.54,12.5,12.505,58222,12.505
2021-10-28,12.45,12.505,12.45,12.49,53467,12.49
2021-10-29,12.455,12.545,12.41,12.54,20055,12.54
2021-11-01,12.78,12.79,12.745,12.77,53121,12.77
2021-11-02,12.765,12.835,12.765,12.8275,4708,12.8275
2021-11-03,12.81,12.82,12.75,12.7575,33030,12.7575
2021-11-04,12.955,13.06,12.935,13.0275,37682,13.0275
2021-11-05,13.015,13.125,13.015,13.0975,27869,13.0975
2021-11-08,12.995,13.03,12.985,13,135059,13
2021-11-09,12.93,12.965,12.91,12.9375,27120,12.9375
2021-11-10,12.905,12.925,12.875,12.9125,59837,12.9125
2021-11-11,12.955,13.01,12.955,13.01,7491,13.01
2021-11-12,13.08,13.135,13.08,13.135,11084,13.135
2021-11-15,13.135,13.15,13.1,13.1225,5675,13.1225
2021-11-16,13.08,13.11,13.06,13.1,49074,13.1
2021-11-17,12.97,12.995,12.94,12.965,16261,12.965
2021-11-18,12.99,13.01,12.955,12.98,2886,12.98
2021-11-19,13.035,13.08,13.025,13.07,11814,13.07
2021-11-22,13.105,13.125,13.0975,13.0975,4384,13.0975
2021-11-23,13.04,13.09,13.01,13.045,31681,13.045
2021-11-24,12.935,12.9425,12.89,12.9425,41520,12.9425
2021-11-25,12.94,12.98,12.94,12.965,149673,12.965
2021-11-26,12.78,12.78,12.63,12.63,67166,12.63
2021-11-29,12.695,12.725,12.65,12.675,39088,12.675
2021-11-30,12.46,12.54,12.395,12.495,64275,12.495
2021-12-01,12.71,12.765,12.685,12.7475,37303,12.7475
2021-12-02,12.575,12.63,12.545,12.62,67699,12.62
2021-12-03,12.815,12.825,12.735,12.7525,53164,12.7525
2021-12-06,12.705,12.79,12.665,12.7775,13820,12.7775
2021-12-07,12.985,13.09,12.97,13.09,21132,13.09
2021-12-08,13.1,13.13,13.0775,13.0775,24198,13.0775
2021-12-09,13.045,13.05,12.99,13.02,28577,13.02
2021-12-10,12.95,13.015,12.95,12.99,10872,12.99
2021-12-13,12.94,12.94,12.875,12.9,17836,12.9
2021-12-14,12.93,12.93,12.81,12.8325,21304,12.8325
2021-12-15,12.93,12.975,12.93,12.9725,31673,12.9725
2021-12-16,13.08,13.15,13.035,13.08,7403,13.08
2021-12-17,12.945,12.9775,12.885,12.9775,19584,12.9775
2021-12-20,12.78,12.795,12.765,12.79,29295,12.79
2021-12-21,12.885,12.885,12.84,12.85,89859,12.85
2021-12-22,12.795,12.795,12.75,12.78,26156,12.78
2021-12-23,12.79,12.8225,12.745,12.8225,20294,12.8225
2021-12-24,12.73,12.755,12.73,12.7425,2584,12.7425
2021-12-29,12.73,12.775,12.655,12.67,15538,12.67
2021-12-30,12.68,12.7,12.645,12.6775,6136,12.6775
2021-12-31,12.605,12.625,12.59,12.615,3636,12.615
2022-01-04,12.795,12.805,12.77,12.78,34063,12.78
2022-01-05,12.84,12.875,12.825,12.845,27665,12.845
2022-01-06,12.61,12.65,12.6,12.645,53842,12.645
2022-01-07,12.535,12.54,12.435,12.4725,42976,12.4725
2022-01-10,12.525,12.54,12.395,12.4575,40980,12.4575
2022-01-11,12.46,12.51,12.45,12.495,30220,12.495
2022-01-12,12.62,12.645,12.595,12.62,50457,12.62
2022-01-13,12.485,12.55,12.46,12.51,44321,12.51
2022-01-14,12.395,12.44,12.39,12.4175,177053,12.4175
2022-01-17,12.415,12.465,12.415,12.455,11750,12.455
2022-01-18,12.335,12.38,12.305,12.355,46445,12.355
2022-01-19,12.12,12.215,12.09,12.1775,76313,12.1775
2022-01-20,12.155,12.24,12.13,12.24,53232,12.24
2022-01-21,12.24,12.25,12.21,12.225,52818,12.225
2022-01-24,12.2,12.2,12.06,12.06,16282,12.06
2022-01-25,12.055,12.07,11.975,12.025,26821,12.025
2022-01-26,12.07,12.15,12.02,12.04,232556,12.04
2022-01-27,11.785,11.91,11.775,11.89,42611,11.89
2022-01-28,11.78,11.79,11.665,11.77,55005,11.77
2022-01-31,11.92,11.94,11.875,11.91,19660,11.91
2022-02-01,11.96,12.005,11.92,11.9625,75065,11.9625
2022-02-02,12.175,12.22,12.12,12.12,21463,12.12
2022-02-03,12.065,12.065,11.95,11.9575,41145,11.9575
2022-02-04,12.025,12.025,11.94,11.9525,23778,11.9525
2022-02-07,12.02,12.09,12.015,12.05,29350,12.05
2022-02-08,12.07,12.07,12.02,12.06,20315,12.06
2022-02-09,12.145,12.24,12.145,12.2225,31546,12.2225
2022-02-10,12.225,12.225,12.075,12.075,21506,12.075
2022-02-11,12,12.04,11.98,12.015,22488,12.015
2022-02-14,12,12.04,11.955,11.965,70302,11.965
2022-02-15,11.91,12.1,11.91,12.085,211015,12.085
2022-02-16,12.09,12.09,12.03,12.03,9928,12.03
2022-02-17,11.955,11.97,11.9225,11.9225,63465,11.9225
2022-02-18,11.88,11.89,11.845,11.8625,70884,11.8625
2022-02-21,11.84,11.84,11.755,11.765,31876,11.765
2022-02-22,11.72,11.86,11.72,11.8,53228,11.8
2022-02-23,11.83,11.83,11.7375,11.7375,12022,11.7375
2022-02-24,11.61,11.65,11.5725,11.5725,31041,11.5725
2022-02-25,11.8,11.925,11.77,11.925,82065,11.925
2022-02-28,11.915,11.965,11.84,11.965,7474,11.965
2022-03-01,11.9,11.9,11.845,11.85,87031,11.85
2022-03-02,11.745,11.8075,11.73,11.8075,51595,11.8075
2022-03-03,11.765,11.79,11.735,11.7425,32799,11.7425
2022-03-04,11.68,11.705,11.605,11.7025,33065,11.7025
2022-03-07,11.39,11.505,11.37,11.475,24175,11.475
2022-03-08,11.23,11.295,11.2,11.2275,11365,11.2275
2022-03-09,11.335,11.455,11.33,11.44,17528,11.44
2022-03-10,11.64,11.64,11.47,11.4825,14474,11.4825
2022-03-11,11.445,11.565,11.405,11.44,134764,11.44
2022-03-14,11.435,11.465,11.415,11.425,10813,11.425
2022-03-15,11.415,11.53,11.38,11.53,5528,11.53
2022-03-16,11.685,11.75,11.68,11.695,50725,11.695
2022-03-17,11.805,11.82,11.735,11.82,13549,11.82
2022-03-18,11.905,11.94,11.895,11.94,54891,11.94
2022-03-21,11.98,12.035,11.97,12.0025,165123,12.0025
2022-03-22,11.955,11.955,11.865,11.91,186608,11.91
2022-03-23,11.98,12.005,11.95,11.96,36378,11.96
2022-03-24,12.055,12.085,12.0175,12.0175,43982,12.0175
2022-03-25,12.01,12.05,11.98,12.0125,170534,12.0125
2022-03-28,11.815,11.96,11.815,11.9425,112664,11.9425
2022-03-29,11.965,12.16,11.945,12.1125,224160,12.1125
2022-03-30,12.1,12.1,12.0225,12.0225,7866,12.0225
2022-03-31,12.015,12.02,11.96,11.975,64799,11.975
2022-04-01,11.92,11.94,11.905,11.915,54491,11.915
2022-04-04,11.95,12.0325,11.95,12.0325,8871,12.0325
2022-04-05,11.905,11.905,11.765,11.765,21122,11.765
2022-04-06,11.695,11.695,11.55,11.5825,25261,11.5825
2022-04-07,11.495,11.565,11.485,11.515,67503,11.515
2022-04-08,11.535,11.59,11.535,11.5775,5028,11.5775
2022-04-11,11.415,11.435,11.37,11.3775,18596,11.3775
2022-04-12,11.21,11.35,11.19,11.2975,175666,11.2975
2022-04-13,11.33,11.345,11.285,11.3325,36487,11.3325
2022-04-14,11.35,11.42,11.35,11.38,22104,11.38
2022-04-19,11.1866,11.225,11.115,11.2075,7870,11.2075
2022-04-20,11.25,11.32,11.25,11.295,23581,11.295
2022-04-21,11.37,11.4,11.34,11.34,6231,11.34
2022-04-22,11.375,11.375,11.265,11.285,19516,11.285
2022-04-25,11.245,11.305,11.14,11.2925,2336,11.2925
2022-04-26,11.35,11.355,11.315,11.32,25732,11.32
2022-04-27,11.375,11.445,11.34,11.3925,164373,11.3925
2022-04-28,11.46,11.58,11.46,11.5325,33572,11.5325
2022-04-29,11.645,11.66,11.575,11.59,73518,11.59
2022-05-03,11.49,11.535,11.455,11.53,98516,11.53
2022-05-04,11.59,11.59,11.45,11.4525,49586,11.4525
2022-05-05,11.665,11.775,11.535,11.5525,23482,11.5525
2022-05-06,11.66,11.66,11.57,11.62,15088,11.62
2022-05-09,11.485,11.485,11.32,11.355,33352,11.355
2022-05-10,11.365,11.435,11.32,11.3275,41876,11.3275
2022-05-11,11.255,11.355,11.255,11.355,4966,11.355
2022-05-12,11.42,11.46,11.38,11.45,4903,11.45
2022-05-13,11.625,11.665,11.615,11.63,13461,11.63
2022-05-16,11.565,11.565,11.55,11.5625,15131,11.5625
2022-05-17,11.405,11.435,11.4,11.4175,7708,11.4175
2022-05-18,11.5,11.58,11.4925,11.4925,4838,11.4925
2022-05-19,11.445,11.445,11.37,11.4125,8601,11.4125
2022-05-20,11.58,11.63,11.54,11.5425,9969,11.5425
2022-05-23,11.545,11.6025,11.53,11.6025,6450,11.6025
2022-05-24,11.51,11.625,11.51,11.565,96316,11.565
2022-05-25,11.57,11.585,11.565,11.5725,1255,11.5725
2022-05-26,11.56,11.635,11.56,11.63,8139,11.63
2022-05-27,11.59,11.6725,11.59,11.6725,7569,11.6725
2022-05-30,11.705,11.705,11.685,11.695,5006,11.695
2022-05-31,11.655,11.655,11.5675,11.5675,20541,11.5675
2022-06-01,11.695,11.775,11.67,11.6825,36843,11.6825
2022-06-06,11.625,11.65,11.57,11.57,194959,11.57
2022-06-07,11.58,11.585,11.5,11.52,11833,11.52
2022-06-08,11.53,11.535,11.48,11.4975,10120,11.4975
2022-06-09,11.61,11.625,11.5,11.505,50473,11.505
2022-06-10,11.415,11.47,11.37,11.3825,81259,11.3825
2022-06-13,11.27,11.295,11.23,11.2325,11549,11.2325
2022-06-14,11.24,11.295,11.22,11.2625,16178,11.2625
2022-06-15,11.22,11.22,11.17,11.22,2805,11.22
2022-06-16,11.095,11.145,10.905,10.9525,55120,10.9525
2022-06-17,10.905,10.91,10.865,10.8875,30655,10.8875
2022-06-20,10.815,10.87,10.815,10.87,4092,10.87
2022-06-21,10.945,10.97,10.94,10.9525,27705,10.9525
2022-06-22,10.875,10.9375,10.855,10.9375,37856,10.9375
2022-06-23,10.925,10.975,10.925,10.965,26957,10.965
2022-06-24,11.03,11.11,11.03,11.1075,4998,11.1075
2022-06-27,11.11,11.15,11.105,11.11,17729,11.11
2022-06-28,11.22,11.285,11.215,11.2375,18032,11.2375
2022-06-29,11.12,11.165,11.1,11.165,721,11.165
2022-06-30,11.02,11.0525,11.01,11.0525,15681,11.0525
2022-07-01,10.995,11.185,10.985,11.1625,85190,11.1625
2022-07-04,11.145,11.1525,11.125,11.1525,23939,11.1525
2022-07-05,11.11,11.2,11.11,11.185,4902,11.185
2022-07-06,11.205,11.27,11.205,11.2675,3479,11.2675
2022-07-07,11.355,11.365,11.33,11.36,9238,11.36
2022-07-08,11.425,11.445,11.38,11.42,53006,11.42
2022-07-11,11.445,11.455,11.42,11.4225,21748,11.4225
2022-07-12,11.325,11.41,11.325,11.41,123590,11.41
2022-07-13,11.345,11.345,11.26,11.275,106546,11.275
2022-07-14,11.105,11.13,11.065,11.1075,63095,11.1075
2022-07-15,11.205,11.235,11.205,11.235,65,11.235
2022-07-18,11.2731,11.2731,11.21,11.21,2657,11.21
2022-07-19,11.16,11.2575,11.14,11.2575,24228,11.2575
2022-07-20,11.41,11.41,11.365,11.3875,65273,11.3875
2022-07-21,11.435,11.47,11.425,11.4525,67891,11.4525
2022-07-22,11.55,11.62,11.53,11.53,176285,11.53
2022-07-25,11.5,11.5,11.44,11.47,2673,11.47
2022-07-26,11.465,11.465,11.405,11.415,90,11.415
2022-07-27,11.455,11.48,11.455,11.4575,2014,11.4575
2022-07-28,11.48,11.56,11.47,11.56,63454,11.56
2022-07-29,11.58,11.635,11.58,11.5925,9659,11.5925
2022-08-01,11.815,11.815,11.705,11.7275,7809,11.7275
2022-08-02,11.71,11.71,11.655,11.6575,9315,11.6575
2022-08-03,11.555,11.565,11.535,11.565,4720,11.565
2022-08-04,11.49,11.62,11.49,11.575,7263,11.575
2022-08-05,11.615,11.645,11.545,11.545,15902,11.545
2022-08-08,11.59,11.64,11.59,11.62,38377,11.62
2022-08-09,11.51,11.51,11.435,11.485,14413,11.485
2022-08-10,11.475,11.635,11.475,11.6225,9131,11.6225
2022-08-11,11.645,11.715,11.645,11.6775,71666,11.6775
2022-08-12,11.815,11.85,11.81,11.81,20755,11.81
2022-08-15,11.93,11.965,11.92,11.965,3018,11.965
2022-08-16,11.97,11.975,11.855,11.88,22794,11.88
2022-08-17,11.965,11.975,11.875,11.875,10356,11.875
2022-08-18,11.885,11.9575,11.885,11.9575,12672,11.9575
2022-08-19,11.895,11.935,11.89,11.91,18780,11.91
2022-08-22,11.91,11.935,11.84,11.855,28569,11.855
2022-08-23,11.85,11.87,11.8,11.8225,57102,11.8225
2022-08-24,11.77,11.8525,11.77,11.8525,16288,11.8525
2022-08-25,11.89,11.895,11.85,11.8775,5604,11.8775
2022-08-26,11.875,11.875,11.765,11.7775,41167,11.7775
2022-08-30,11.74,11.8,11.695,11.705,35238,11.705
2022-08-31,11.74,11.755,11.695,11.71,3958,11.71
2022-09-01,11.57,11.62,11.56,11.56,20770,11.56
2022-09-02,11.52,11.605,11.5,11.6,5049,11.6
2022-09-05,11.6,11.605,11.55,11.575,14618,11.575
2022-09-06,11.41,11.41,11.315,11.34,1220,11.34
2022-09-07,11.25,11.28,11.235,11.27,2333,11.27
2022-09-08,11.44,11.47,11.4,11.47,4097,11.47
2022-09-09,11.5,11.57,11.5,11.56,24042,11.56
2022-09-12,11.51,11.5325,11.505,11.5325,1891,11.5325
2022-09-13,11.535,11.545,11.37,11.3925,2526,11.3925
2022-09-14,11.42,11.43,11.375,11.42,57850,11.42
2022-09-15,11.375,11.4175,11.375,11.4175,99002,11.4175
2022-09-16,11.48,11.48,11.41,11.4275,8280,11.4275
2022-09-20,11.41,11.415,11.3775,11.3775,4722,11.3775
2022-09-21,11.365,11.3925,11.33,11.3925,12863,11.3925
2022-09-22,11.39,11.51,11.37,11.44,131309,11.44
2022-09-23,11.5,11.595,11.44,11.585,76597,11.585
2022-09-26,11.705,11.705,11.5175,11.5175,13843,11.5175
2022-09-27,11.6,11.6,11.5225,11.5225,57097,11.5225
2022-09-28,11.51,11.645,11.5,11.61,9179,11.61
2022-09-29,11.495,11.53,11.23,11.26,139784,11.26
2022-09-30,11.11,11.175,11.055,11.15,35482,11.15
2022-10-03,11.045,11.125,10.98,11.12,71040,11.12
2022-10-04,11.21,11.3,11.21,11.275,42952,11.275
2022-10-05,11.27,11.34,11.245,11.34,14584,11.34
2022-10-06,11.355,11.4375,11.355,11.4375,9322,11.4375
2022-10-07,11.425,11.43,11.365,11.3725,53614,11.3725
2022-10-10,11.295,11.325,11.295,11.32,51293,11.32
2022-10-11,11.245,11.25,11.225,11.225,13046,11.225
2022-10-12,11.24,11.24,11.16,11.16,22756,11.16
2022-10-13,11.045,11.045,10.755,10.895,19200,10.895
2022-10-14,10.98,11.1,10.975,10.98,40575,10.98
2022-10-17,10.895,10.895,10.8375,10.8375,11479,10.8375
2022-10-18,10.935,10.97,10.875,10.89,25486,10.89
2022-10-19,10.94,10.95,10.905,10.9075,3146,10.9075
2022-10-20,10.91,10.965,10.89,10.93,1241,10.93
2022-10-21,10.87,11.035,10.83,11.02,79348,11.02
2022-10-24,10.95,10.95,10.915,10.9325,4395,10.9325
2022-10-25,10.99,11.015,10.955,11.015,1344,11.015
2022-10-26,10.98,11.04,10.97,11.02,8869,11.02
2022-10-27,10.945,10.97,10.885,10.95,28218,10.95
2022-10-28,10.875,10.915,10.845,10.9025,88601,10.9025
2022-10-31,10.925,10.9925,10.915,10.9925,10455,10.9925
2022-11-01,11.145,11.145,11.085,11.09,20475,11.09
2022-11-02,11.16,11.175,11.13,11.1725,67733,11.1725
2022-11-03,11.19,11.3,11.18,11.2975,94008,11.2975
2022-11-04,11.27,11.35,11.265,11.31,20924,11.31
2022-11-07,11.255,11.28,11.255,11.2725,3402,11.2725
2022-11-08,11.33,11.42,11.33,11.3875,5732,11.3875
2022-11-09,11.35,11.42,11.31,11.4,13498,11.4
2022-11-10,11.33,11.585,11.31,11.58,8229,11.58
2022-11-11,11.69,11.785,11.69,11.7225,46018,11.7225
2022-11-14,11.655,11.67,11.62,11.67,83405,11.67
2022-11-15,11.64,11.675,11.6,11.6675,33003,11.6675
2022-11-16,11.615,11.615,11.55,11.5625,38848,11.5625
2022-11-17,11.57,11.575,11.535,11.575,124100,11.575
2022-11-18,11.49,11.565,11.49,11.5225,14747,11.5225
2022-11-21,11.5,11.53,11.495,11.52,94156,11.52
2022-11-22,11.6,11.655,11.6,11.6425,74083,11.6425
2022-11-23,11.67,11.67,11.63,11.6475,41790,11.6475
2022-11-24,11.69,11.78,11.69,11.73,27260,11.73
2022-11-25,11.7,11.7,11.655,11.7,5776,11.7
2022-11-28,11.72,11.74,11.665,11.7275,64370,11.7275
2022-11-29,11.67,11.695,11.65,11.6575,53305,11.6575
2022-11-30,11.685,11.685,11.605,11.6375,60424,11.6375
2022-12-01,11.695,11.695,11.56,11.56,47034,11.56
2022-12-02,11.535,11.555,11.47,11.4875,38012,11.4875
2022-12-05,11.455,11.455,11.395,11.4225,6825,11.4225
2022-12-06,11.375,11.415,11.3,11.305,9911,11.305
2022-12-07,11.355,11.355,11.305,11.3475,90042,11.3475
2022-12-08,11.35,11.38,11.34,11.355,4242,11.355
2022-12-09,11.435,11.475,11.39,11.42,9861,11.42
2022-12-12,11.37,11.37,11.32,11.3525,7661,11.3525
2022-12-13,11.335,11.53,11.335,11.5075,136904,11.5075
2022-12-14,11.47,11.51,11.47,11.495,6234,11.495
2022-12-15,11.4,11.4,11.3,11.305,13803,11.305
2022-12-16,11.32,11.34,11.28,11.3325,44018,11.3325
2022-12-19,11.365,11.37,11.3125,11.3125,84699,11.3125
2022-12-20,11.48,11.565,11.47,11.525,117272,11.525
2022-12-21,11.505,11.555,11.49,11.5425,117598,11.5425
2022-12-22,11.55,11.595,11.5,11.5075,117640,11.5075
2022-12-23,11.505,11.505,11.49,11.495,117960,11.495
2022-12-28,11.515,11.515,11.385,11.4125,118447,11.4125
2022-12-29,11.425,11.535,11.425,11.51,118510,11.51
2022-12-30,11.465,11.505,11.465,11.47,118518,11.47
2023-01-03,11.645,11.73,11.555,11.5875,118573,11.5875
2023-01-04,11.55,11.55,11.445,11.445,121083,11.445
2023-01-05,11.345,11.36,11.31,11.35,6346,11.35
2023-01-06,11.395,11.435,11.395,11.435,4314,11.435
2023-01-09,11.415,11.5,11.41,11.5,35949,11.5
2023-01-10,11.375,11.385,11.36,11.3725,117094,11.3725
2023-01-11,11.46,11.515,11.46,11.505,14491,11.505
2023-01-12,11.48,11.625,11.475,11.5975,142947,11.5975
2023-01-13,11.65,11.67,11.615,11.6675,11481,11.6675
2023-01-16,11.62,11.66,11.62,11.6375,6937,11.6375
2023-01-17,11.695,11.735,11.665,11.7075,20800,11.7075
2023-01-18,11.65,11.73,11.63,11.7,28813,11.7
2023-01-19,11.68,11.68,11.6075,11.6075,3202,11.6075
2023-01-20,11.675,11.69,11.635,11.69,5222,11.69
2023-01-23,11.665,11.725,11.645,11.7175,16794,11.7175
2023-01-24,11.775,11.865,11.76,11.855,40399,11.855
2023-01-25,11.9,11.915,11.86,11.8925,3890,11.8925
2023-01-26,11.915,11.925,11.8675,11.8675,11120,11.8675
2023-01-27,11.905,11.945,11.89,11.925,8927,11.925
2023-01-30,11.88,11.93,11.865,11.92,62920,11.92
2023-01-31,11.825,11.905,11.81,11.9,36661,11.9
2023-02-01,11.84,11.915,11.84,11.915,24935,11.915
2023-02-02,11.91,12.05,11.905,12.05,70015,12.05
2023-02-03,12.085,12.125,12.08,12.125,14436,12.125
2023-02-06,12.01,12.015,11.965,12.015,63930,12.015
2023-02-07,12.055,12.09,12.05,12.0775,2049,12.0775
2023-02-08,12.1,12.1,12.02,12.02,69655,12.02
2023-02-09,12.07,12.105,12.0375,12.0375,43942,12.0375
2023-02-10,12.14,12.14,12.045,12.08,32502,12.08
2023-02-13,12,12.01,11.95,11.97,50304,11.97
2023-02-14,11.96,11.965,11.905,11.9075,9220,11.9075
2023-02-15,11.905,11.93,11.905,11.93,6475,11.93
2023-02-16,11.975,11.975,11.93,11.945,14928,11.945
2023-02-17,11.91,11.925,11.895,11.895,8388,11.895
2023-02-20,11.955,11.955,11.905,11.9075,13298,11.9075
2023-02-21,11.85,11.86,11.71,11.71,28741,11.71
2023-02-22,11.645,11.68,11.625,11.67,5429,11.67
2023-02-23,11.73,11.735,11.715,11.72,12807,11.72
2023-02-24,11.755,11.77,11.69,11.69,23595,11.69
2023-02-27,11.78,11.78,11.715,11.715,2369,11.715
2023-02-28,11.645,11.645,11.57,11.625,16311,11.625
2023-03-01,11.69,11.74,11.685,11.715,22623,11.715
2023-03-02,11.69,11.775,11.69,11.75,51569,11.75
2023-03-03,11.875,11.965,11.865,11.965,34369,11.965
2023-03-06,11.99,12.005,11.96,11.995,12489,11.995
2023-03-07,12.06,12.115,12.06,12.11,51714,12.11
2023-03-08,12.135,12.24,12.105,12.2075,51785,12.2075
2023-03-09,12.25,12.26,12.21,12.21,59833,12.21
2023-03-10,11.955,11.955,11.89,11.95,179408,11.95
2023-03-13,11.79,11.79,11.68,11.68,18421,11.68
2023-03-14,11.5,11.58,11.465,11.565,3234,11.565
2023-03-15,11.5,11.505,11.435,11.435,10517,11.435
2023-03-16,11.535,11.5825,11.52,11.5825,5270,11.5825
2023-03-17,11.665,11.67,11.535,11.535,3488,11.535
2023-03-20,11.545,11.63,11.545,11.565,19569,11.565
2023-03-21,11.625,11.67,11.62,11.665,44017,11.665
2023-03-22,11.64,11.68,11.61,11.66,35369,11.66
2023-03-23,11.645,11.73,11.645,11.71,10113,11.71
2023-03-24,11.78,11.78,11.68,11.6975,44483,11.6975
2023-03-27,11.725,11.745,11.7,11.7175,6526,11.7175
2023-03-28,11.745,11.755,11.695,11.7,63994,11.7
2023-03-29,11.76,11.79,11.755,11.755,2965,11.755
2023-03-30,11.77,11.815,11.755,11.7925,82021,11.7925
2023-03-31,11.8,11.905,11.77,11.8875,7904,11.8875
2023-04-03,11.92,11.92,11.88,11.8975,7659,11.8975
2023-04-04,11.87,11.87,11.815,11.845,28132,11.845
2023-04-05,11.61,11.72,11.61,11.6875,10252,11.6875
2023-04-06,11.64,11.685,11.64,11.665,20351,11.665
2023-04-11,11.67,11.705,11.66,11.68,15723,11.68
2023-04-12,11.73,11.77,11.7,11.7125,13994,11.7125
2023-04-13,11.735,11.79,11.68,11.79,19041,11.79
2023-04-14,11.8,11.855,11.8,11.8125,17193,11.8125
2023-04-17,11.86,11.885,11.84,11.855,16666,11.855
2023-04-18,11.9,11.94,11.89,11.9025,26168,11.9025
2023-04-19,11.805,11.815,11.775,11.7975,118918,11.7975
2023-04-20,11.84,11.8475,11.78,11.8475,83638,11.8475
2023-04-21,11.885,11.93,11.885,11.89,6599,11.89
2023-04-24,11.855,11.87,11.83,11.86,16879,11.86
2023-04-25,11.84,11.925,11.84,11.9125,3997,11.9125
2023-04-26,11.82,11.82,11.77,11.7925,11464,11.7925
2023-04-27,11.86,11.895,11.86,11.8725,83621,11.8725
2023-04-28,11.82,11.82,11.69,11.7,40030,11.7
2023-05-02,11.69,11.75,11.68,11.6825,71453,11.6825
2023-05-03,11.765,11.795,11.735,11.745,5879,11.745
2023-05-04,11.74,11.75,11.7,11.75,14889,11.75
2023-05-05,11.77,11.805,11.76,11.8025,3522,11.8025
2023-05-09,11.93,11.955,11.91,11.9325,114320,11.9325
2023-05-10,11.82,11.89,11.815,11.875,101817,11.875
2023-05-11,11.945,12,11.945,12,5841,12
2023-05-12,12.105,12.135,12.105,12.1175,12390,12.1175
2023-05-15,12.155,12.155,12.09,12.13,9112,12.13
2023-05-16,12.175,12.18,12.14,12.175,78621,12.175
2023-05-17,12.165,12.245,12.165,12.2175,13026,12.2175
2023-05-18,12.29,12.37,12.28,12.29,19551,12.29
2023-05-19,12.33,12.335,12.2575,12.2575,212358,12.2575
2023-05-22,12.375,12.405,12.32,12.37,8281,12.37
2023-05-23,12.245,12.25,12.185,12.25,67132,12.25
2023-05-24,12.135,12.19,12.115,12.145,32212,12.145
2023-05-25,12.155,12.21,12.14,12.205,33966,12.205
2023-05-26,12.165,12.26,12.165,12.26,6070,12.26
2023-05-30,12.215,12.215,12.1025,12.1025,68143,12.1025
2023-05-31,12.07,12.07,11.96,11.965,11552,11.965
2023-06-01,12.14,12.16,12.115,12.1375,951,12.1375
2023-06-02,12.315,12.46,12.305,12.46,9144,12.46
2023-06-05,12.555,12.64,12.495,12.495,15075,12.495
2023-06-06,12.615,12.735,12.615,12.71,7820,12.71
2023-06-07,12.475,12.475,12.41,12.4325,8003,12.4325
2023-06-08,12.36,12.39,12.3,12.335,16121,12.335
2023-06-09,12.425,12.53,12.425,12.4975,4035,12.4975
2023-06-12,12.53,12.64,12.52,12.6275,137176,12.6275
2023-06-13,12.715,12.795,12.71,12.785,1747,12.785
2023-06-14,12.84,12.845,12.745,12.7525,6272,12.7525
2023-06-15,12.62,12.645,12.54,12.58,26386,12.58
2023-06-16,12.53,12.58,12.505,12.505,290,12.505
2023-06-19,12.38,12.405,12.37,12.38,26458,12.38
2023-06-20,12.33,12.395,12.3,12.345,5083,12.345
2023-06-21,12.505,12.545,12.45,12.485,1052,12.485
2023-06-22,12.415,12.42,12.39,12.4,5002,12.4
2023-06-23,12.18,12.18,12.09,12.0975,7937,12.0975
2023-06-26,12.11,12.13,12.1,12.1075,7816,12.1075
2023-06-27,12.085,12.095,12.065,12.095,9785,12.095
2023-06-28,12.275,12.365,12.275,12.3525,1424,12.3525
2023-06-29,12.315,12.34,12.305,12.33,54515,12.33
2023-06-30,12.285,12.31,12.285,12.305,6019,12.305
2023-07-03,12.335,12.425,12.335,12.38,27867,12.38
2023-07-04,12.295,12.295,12.2425,12.2425,18629,12.2425
2023-07-05,12.275,12.275,12.23,12.2475,7038,12.2475
2023-07-06,12.185,12.185,12.045,12.0625,30779,12.0625
2023-07-07,12.095,12.12,12.095,12.1175,3683,12.1175
2023-07-10,12.035,12.135,12.03,12.11,15448,12.11
2023-07-11,12.04,12.095,12.02,12.095,8967,12.095
2023-07-12,12.03,12.175,12.015,12.175,11778,12.175
2023-07-13,12.08,12.12,12.065,12.075,15107,12.075
2023-07-14,12,12,11.94,11.965,38487,11.965
2023-07-17,11.955,11.96,11.93,11.95,40876,11.95
2023-07-18,12.085,12.14,12.08,12.14,5592,12.14
2023-07-19,12.3,12.315,12.27,12.315,4335,12.315
2023-07-20,12.175,12.195,12.17,12.195,11888,12.195
2023-07-21,12.155,12.185,12.145,12.1825,2455,12.1825
2023-07-24,12.12,12.235,12.12,12.23,16514,12.23
2023-07-25,12.185,12.215,12.185,12.2,5159,12.2
2023-07-26,12.2,12.22,12.155,12.155,33097,12.155
2023-07-27,12.295,12.395,12.295,12.355,11029,12.355
2023-07-28,12.44,12.49,12.42,12.49,14848,12.49
2023-07-31,12.375,12.41,12.35,12.39,18337,12.39
2023-08-01,12.35,12.35,12.3225,12.3225,6656,12.3225
2023-08-02,12.195,12.22,12.1425,12.1425,11870,12.1425
2023-08-03,12,12.07,12,12.0525,2871,12.0525
2023-08-04,12.175,12.2,12.135,12.1925,19116,12.1925
2023-08-07,12.265,12.265,12.21,12.225,17631,12.225
2023-08-08,12.155,12.165,12.1325,12.1325,37068,12.1325
2023-08-09,12.13,12.14,12.0575,12.0575,2869,12.0575
2023-08-10,12.16,12.205,12.145,12.1975,6982,12.1975
2023-08-11,12.17,12.17,12.115,12.115,2173,12.115
2023-08-14,12.03,12.045,12.01,12.015,21008,12.015
2023-08-15,11.93,11.93,11.865,11.865,4206,11.865
2023-08-16,11.805,11.81,11.76,11.76,11256,11.76
2023-08-17,11.735,11.74,11.6775,11.6775,1048,11.6775
2023-08-18,11.685,11.69,11.635,11.6775,23478,11.6775
2023-08-21,11.705,11.755,11.645,11.645,5528,11.645
2023-08-22,11.745,11.81,11.745,11.7775,25299,11.7775
2023-08-23,11.855,11.96,11.825,11.9525,17709,11.9525
2023-08-24,11.98,11.98,11.9025,11.9025,2809,11.9025
2023-08-25,11.905,11.945,11.9,11.93,4752,11.93
2023-08-29,12.025,12.105,12.015,12.0925,23876,12.0925
2023-08-30,12.06,12.06,12.005,12.0075,8310,12.0075
2023-08-31,12.155,12.205,12.155,12.18,10846,12.18
2023-09-01,12.28,12.36,12.28,12.32,12654,12.32
2023-09-04,12.44,12.455,12.38,12.385,31335,12.385
2023-09-05,12.37,12.42,12.37,12.4,1400,12.4
2023-09-06,12.485,12.52,12.47,12.4825,3360,12.4825
2023-09-07,12.51,12.55,12.505,12.505,3036,12.505
2023-09-08,12.36,12.42,12.34,12.415,13380,12.415
2023-09-11,12.45,12.49,12.425,12.4625,3927,12.4625
2023-09-12,12.53,12.54,12.51,12.515,5261,12.515
2023-09-13,12.485,12.5175,12.48,12.5175,14913,12.5175
2023-09-14,12.64,12.7975,12.64,12.7975,17747,12.7975
2023-09-15,12.845,12.845,12.78,12.7875,1756,12.7875
2023-09-18,12.76,12.76,12.725,12.7375,11560,12.7375
2023-09-19,12.87,12.91,12.825,12.835,15254,12.835
2023-09-20,12.77,12.79,12.76,12.79,1367,12.79
2023-09-21,12.635,12.655,12.605,12.605,3638,12.605
2023-09-22,12.69,12.7075,12.68,12.7075,15768,12.7075
2023-09-25,12.64,12.665,12.625,12.665,4235,12.665
2023-09-26,12.575,12.59,12.575,12.58,1720,12.58
2023-09-27,12.665,12.69,12.62,12.62,5834,12.62
2023-09-28,12.505,12.535,12.46,12.535,4369,12.535
2023-09-29,12.425,12.47,12.41,12.4325,12639,12.4325
2023-10-02,12.42,12.42,12.335,12.36,15160,12.36
2023-10-03,12.265,12.29,12.1725,12.1725,38420,12.1725
2023-10-04,11.95,11.965,11.935,11.955,22025,11.955
2023-10-05,12.185,12.225,12.145,12.15,18873,12.15
2023-10-06,12.16,12.16,12.1075,12.1075,5883,12.1075
2023-10-09,12.12,12.15,12.12,12.145,31340,12.145
2023-10-10,12.355,12.355,12.3,12.34,7883,12.34
2023-10-11,12.305,12.32,12.25,12.2525,15944,12.2525
2023-10-12,12.445,12.45,12.415,12.42,29640,12.42
2023-10-13,12.34,12.345,12.275,12.3025,26441,12.3025
2023-10-16,12.22,12.28,12.22,12.27,4804,12.27
2023-10-17,12.27,12.315,12.27,12.3125,15243,12.3125
2023-10-18,12.26,12.26,12.205,12.215,12113,12.215
2023-10-19,12.165,12.185,12.165,12.185,3184,12.185
2023-10-20,12.1,12.1,12.005,12.005,33977,12.005
2023-10-23,11.91,11.915,11.895,11.915,450,11.915
2023-10-24,11.895,12.025,11.895,12.0025,11174,12.0025
2023-10-25,12.065,12.105,12.045,12.075,5351,12.075
2023-10-26,11.9,11.92,11.855,11.8975,11045,11.8975
2023-10-27,11.9675,11.9675,11.9675,11.9675,0,11.9675
2023-10-30,12.04,12.06,11.965,11.965,27257,11.965
2023-10-31,12.07,12.185,12.055,12.16,10249,12.16
2023-11-01,12.23,12.335,12.215,12.3075,13808,12.3075
2023-11-02,12.385,12.48,12.385,12.47,30335,12.47
2023-11-03,12.57,12.585,12.55,12.585,30696,12.585
2023-11-06,12.41,12.42,12.385,12.3925,20684,12.3925
2023-11-07,12.305,12.3425,12.305,12.3425,10000,12.3425
2023-11-08,12.175,12.2,12.15,12.15,8968,12.15
2023-11-09,12.265,12.35,12.26,12.3375,13792,12.3375
2023-11-10,12.34,12.3425,12.34,12.3425,126947,12.3425
2023-11-13,12.32,12.3425,12.32,12.3425,149,12.3425
2023-11-14,12.33,12.36,12.305,12.3475,7984,12.3475
2023-11-15,12.345,12.39,12.345,12.365,36868,12.365
2023-11-16,12.39,12.39,12.3575,12.3575,190,12.3575
2023-11-17,12.555,12.555,12.545,12.545,7515,12.545
2023-11-20,12.475,12.515,12.46,12.4625,30280,12.4625
2023-11-21,12.49,12.49,12.4475,12.4475,3886,12.4475
2023-11-22,12.45,12.53,12.45,12.53,2393,12.53
2023-11-23,12.47,12.4775,12.47,12.4775,1480,12.4775
2023-11-24,12.4325,12.4325,12.4325,12.4325,0,12.4325
2023-11-27,12.42,12.42,12.415,12.415,130,12.415
2023-11-28,12.365,12.365,12.31,12.365,20265,12.365
2023-11-29,12.355,12.365,12.3475,12.3475,2922,12.3475
2023-11-30,12.44,12.44,12.41,12.41,40506,12.41
2023-12-01,12.4,12.45,12.39,12.44,285353,12.44
2023-12-04,12.36,12.41,12.35,12.36,10706,12.36
2023-12-05,12.29,12.36,12.29,12.355,11323,12.355
2023-12-06,12.575,12.575,12.535,12.535,3628,12.535
2023-12-07,12.55,12.55,12.435,12.5325,2744,12.5325
2023-12-08,12.545,12.555,12.51,12.535,17073,12.535
2023-12-11,12.56,12.595,12.525,12.59,22032,12.59
2023-12-12,12.54,12.56,12.535,12.56,63458,12.56
2023-12-13,12.575,12.6,12.575,12.585,6589,12.585
2023-12-14,12.63,12.64,12.51,12.515,13547,12.515
2023-12-15,12.58,12.58,12.545,12.545,3442,12.545
2023-12-18,12.51,12.54,12.48,12.49,3384,12.49
2023-12-19,12.49,12.51,12.45,12.45,108721,12.45
2023-12-20,12.6,12.6,12.59,12.59,8037,12.59
2023-12-21,12.645,12.65,12.64,12.65,11293,12.65
2023-12-22,12.615,12.64,12.605,12.64,11633,12.64
2023-12-27,12.73,12.73,12.64,12.6475,5947,12.6475
2023-12-28,12.72,12.82,12.72,12.7925,2756,12.7925
2023-12-29,12.8325,12.8325,12.8325,12.8325,0,12.8325
2024-01-02,12.78,12.875,12.77,12.8625,18881,12.8625
2024-01-03,12.855,12.86,12.71,12.7125,40166,12.7125
2024-01-04,12.71,12.72,12.67,12.69,5777,12.69
2024-01-05,12.7,12.785,12.695,12.7775,5747,12.7775
2024-01-08,12.72,12.78,12.72,12.78,279,12.78
2024-01-09,12.81,12.82,12.79,12.8125,15857,12.8125
2024-01-10,12.99,13.045,12.99,13.0325,2850,13.0325
2024-01-11,13.065,13.08,12.9875,12.9875,34891,12.9875
2024-01-12,13.1,13.2,13.1,13.2,135736,13.2
2024-01-15,13.295,13.3475,13.265,13.3475,29040,13.3475
2024-01-16,13.215,13.28,13.17,13.235,34620,13.235
2024-01-17,12.94,12.995,12.94,12.9475,1085,12.9475
2024-01-18,12.985,13.07,12.985,13.0575,9526,13.0575
2024-01-19,12.985,13.085,12.985,13.065,12693,13.065
2024-01-22,13.205,13.2625,13.205,13.2625,20639,13.2625
2024-01-23,13.165,13.165,13.09,13.13,7229,13.13
2024-01-24,13.135,13.1575,13.125,13.1575,28476,13.1575
2024-01-25,13.105,13.12,13.075,13.1,12915,13.1
2024-01-26,13.005,13.04,12.935,13.035,10171,13.035
2024-01-29,13.1,13.145,13.095,13.1075,54969,13.1075
2024-01-30,13.125,13.16,13.115,13.1275,2313,13.1275
2024-01-31,13.24,13.2475,13.22,13.2475,3850,13.2475
2024-02-01,13.245,13.27,13.205,13.205,2423,13.205
2024-02-02,13.185,13.23,13.185,13.23,75,13.23
2024-02-05,13.28,13.335,13.255,13.2975,19855,13.2975
2024-02-06,13.26,13.265,13.22,13.24,20026,13.24
2024-02-07,13.275,13.31,13.255,13.2975,3575,13.2975
2024-02-08,13.35,13.35,13.215,13.215,11151,13.215
2024-02-09,13.285,13.32,13.2675,13.2675,2666,13.2675
2024-02-12,13.36,13.41,13.36,13.41,418,13.41
2024-02-13,13.54,13.54,13.43,13.455,1781,13.455
2024-02-14,13.46,13.47,13.44,13.4425,3077,13.4425
2024-02-15,13.525,13.54,13.505,13.53,13868,13.53
2024-02-16,13.5975,13.5975,13.5975,13.5975,0,13.5975
2024-02-19,13.665,13.735,13.665,13.7075,162172,13.7075
2024-02-20,13.635,13.645,13.5525,13.5525,8601,13.5525
2024-02-21,13.585,13.595,13.57,13.585,3786,13.585
2024-02-22,13.69,13.74,13.69,13.74,21088,13.74
2024-02-23,13.775,13.795,13.775,13.775,3028,13.775
2024-02-26,13.765,13.815,13.765,13.79,18928,13.79
2024-02-27,13.785,13.815,13.76,13.775,77677,13.775
2024-02-28,13.7,13.735,13.7,13.73,8313,13.73
2024-02-29,13.82,13.85,13.77,13.8,13040,13.8
2024-03-01,14.025,14.04,13.995,14.0225,17673,14.0225
2024-03-04,13.975,14.02,13.89,13.93,7979,13.93
2024-03-05,14.06,14.07,13.98,13.9875,19379,13.9875
2024-03-06,14.105,14.175,14.085,14.165,485058,14.165
2024-03-07,14.07,14.1025,14.045,14.1025,13753,14.1025
2024-03-08,14.11,14.12,14.04,14.04,13561,14.04
2024-03-11,13.8,13.815,13.715,13.75,26008,13.75
2024-03-12,13.725,13.86,13.725,13.8025,5323,13.8025
2024-03-13,13.685,13.705,13.65,13.6925,13396,13.6925
2024-03-14,13.765,13.785,13.695,13.695,8279,13.695
2024-03-15,13.835,13.835,13.775,13.775,21904,13.775
2024-03-18,13.975,14.04,13.965,14.025,48552,14.025
2024-03-19,14.045,14.095,14.02,14.095,29135,14.095
2024-03-20,14.17,14.17,14.115,14.12,16143,14.12
2024-03-21,14.23,14.35,14.195,14.335,42171,14.335
2024-03-22,14.49,14.49,14.41,14.4225,16556,14.4225
2024-03-25,14.27,14.29,14.2,14.2225,34032,14.2225
2024-03-26,14.255,14.34,14.255,14.325,3661,14.325
2024-03-27,14.33,14.335,14.29,14.29,22487,14.29
2024-03-28,14.225,14.315,14.225,14.2825,4911,14.2825
2024-04-02,14.155,14.16,14.01,14.04,19945,14.04
2024-04-03,14.075,14.1,14.035,14.0925,16300,14.0925
2024-04-04,14.04,14.115,14.04,14.0875,20440,14.0875
2024-04-05,13.945,14,13.935,13.99,25150,13.99
2024-04-08,14.05,14.075,14.05,14.075,8798,14.075
2024-04-09,14.155,14.155,14.01,14.0175,23928,14.0175
2024-04-10,14.03,14.03,13.935,13.9825,42286,13.9825
2024-04-11,14.07,14.1,14.02,14.02,5193,14.02
2024-04-12,14.14,14.14,14.085,14.085,23280,14.085
2024-04-15,14.13,14.13,14.07,14.0775,19130,14.0775
2024-04-16,13.805,13.82,13.78,13.8025,15719,13.8025
2024-04-17,13.58,13.665,13.58,13.615,12439,13.615
2024-04-18,13.66,13.705,13.595,13.66,58106,13.66
2024-04-19,13.505,13.61,13.505,13.6075,9417,13.6075
2024-04-22,13.665,13.75,13.62,13.69,117923,13.69
2024-04-23,13.685,13.685,13.66,13.685,9193,13.685
2024-04-24,13.81,13.815,13.7175,13.7175,62504,13.7175
2024-04-25,13.485,13.495,13.38,13.435,45532,13.435
2024-04-26,13.535,13.61,13.5,13.595,12275,13.595
2024-04-29,13.675,13.78,13.61,13.6225,95459,13.6225
2024-04-30,13.77,13.79,13.67,13.675,56759,13.675
2024-05-01,13.635,13.65,13.59,13.61,56117,13.61
2024-05-02,13.77,13.815,13.755,13.805,127721,13.805
2024-05-03,13.805,13.915,13.8,13.8925,53219,13.8925
2024-05-07,13.99,13.995,13.885,13.915,65314,13.915
2024-05-08,13.76,13.775,13.71,13.755,75184,13.755
2024-05-09,13.695,13.77,13.675,13.755,19069,13.755
2024-05-10,13.75,13.795,13.725,13.7325,38191,13.7325
2024-05-13,13.725,13.725,13.63,13.635,36121,13.635
2024-05-14,13.63,13.695,13.63,13.635,28837,13.635
2024-05-15,13.675,13.745,13.675,13.7425,19462,13.7425
2024-05-16,13.775,13.8,13.715,13.715,3608,13.715
2024-05-17,13.75,13.76,13.69,13.69,72915,13.69
2024-05-20,13.845,13.845,13.77,13.81,41814,13.81
2024-05-21,13.73,13.73,13.685,13.685,40819,13.685
2024-05-22,13.545,13.57,13.505,13.54,34204,13.54
2024-05-23,13.665,13.675,13.515,13.55,22380,13.55
2024-05-24,13.555,13.605,13.555,13.58,42646,13.58
2024-05-28,13.65,13.715,13.615,13.645,27831,13.645
2024-05-29,13.505,13.505,13.43,13.435,23056,13.435
2024-05-30,13.525,13.555,13.495,13.535,31493,13.535
2024-05-31,13.68,13.735,13.645,13.645,44237,13.645
2024-06-03,13.825,13.825,13.74,13.7525,16738,13.7525
2024-06-04,13.75,13.785,13.735,13.735,39456,13.735
2024-06-05,13.665,13.68,13.59,13.675,49746,13.675
2024-06-06,13.67,13.705,13.67,13.69,14474,13.69
2024-06-07,13.66,13.71,13.645,13.705,130664,13.705
2024-06-10,13.75,13.8,13.72,13.8,97406,13.8
2024-06-11,13.745,13.745,13.625,13.63,72973,13.63
2024-06-12,13.605,13.695,13.585,13.675,550727,13.675
2024-06-13,13.45,13.46,13.38,13.4,91289,13.4
2024-06-14,13.43,13.4925,13.43,13.4925,20935,13.4925
2024-06-17,13.35,13.355,13.295,13.32,35357,13.32
2024-06-18,13.35,13.365,13.325,13.36,17028,13.36
2024-06-19,13.41,13.41,13.325,13.325,445317,13.325
2024-06-20,13.365,13.39,13.365,13.375,88839,13.375
2024-06-21,13.365,13.375,13.32,13.33,16874,13.33
2024-06-24,13.375,13.425,13.375,13.42,60492,13.42
2024-06-25,13.585,13.585,13.53,13.575,72337,13.575
2024-06-26,13.66,13.66,13.59,13.61,424234,13.61
2024-06-27,13.605,13.665,13.59,13.6375,105859,13.6375
2024-06-28,13.675,13.86,13.675,13.825,88656,13.825
2024-07-01,13.7,13.725,13.66,13.675,49561,13.675
2024-07-02,13.85,13.85,13.77,13.82,292092,13.82
2024-07-03,13.86,13.875,13.855,13.8575,60271,13.8575
2024-07-04,13.975,14.02,13.975,13.99,21585,13.99
2024-07-05,13.935,13.965,13.885,13.9175,95918,13.9175
2024-07-08,13.86,13.885,13.845,13.8825,12280,13.8825
2024-07-09,13.955,13.965,13.935,13.95,58231,13.95
2024-07-10,14.06,14.145,14.06,14.13,36592,14.13
2024-07-11,14.015,14.125,13.97,14.08,99454,14.08
2024-07-12,13.93,14.045,13.915,14.04,47315,14.04
2024-07-15,14.02,14.03,13.99,14.02,21184,14.02
2024-07-16,14.015,14.1,14.005,14.09,49153,14.09
2024-07-17,14.07,14.07,14.01,14.03,34218,14.03
2024-07-18,13.925,13.925,13.805,13.805,56798,13.805
2024-07-19,13.75,13.75,13.7125,13.7125,26162,13.7125
2024-07-22,13.685,13.765,13.68,13.725,27460,13.725
2024-07-23,13.75,13.79,13.72,13.75,70518,13.75
2024-07-24,13.68,13.705,13.575,13.58,79742,13.58
2024-07-25,13.44,13.44,13.265,13.3425,125113,13.3425
2024-07-26,13.34,13.47,13.33,13.4575,15931,13.4575
2024-07-29,13.61,13.63,13.49,13.49,28561,13.49
2024-07-30,13.52,13.61,13.52,13.565,20408,13.565
2024-07-31,13.935,13.99,13.93,13.9475,9463,13.9475
2024-08-01,13.64,13.68,13.47,13.47,76137,13.47
2024-08-02,13.055,13.055,12.625,12.69,181163,12.69
2024-08-05,11.66,12.53,11.66,12.49,210006,12.49
2024-08-06,12.535,12.54,12.225,12.51,108752,12.51
2024-08-07,12.9,13.08,12.855,12.985,242476,12.985
2024-08-08,12.995,13.035,12.845,13.01,160202,13.01
2024-08-09,12.895,12.975,12.83,12.855,76962,12.855
2024-08-12,12.97,13.045,12.945,13.005,120819,13.005
2024-08-13,13.185,13.31,13.135,13.305,75811,13.305
2024-08-14,13.295,13.34,13.22,13.29,109831,13.29
2024-08-15,13.41,13.57,13.395,13.535,81057,13.535
2024-08-16,13.68,13.685,13.485,13.575,63207,13.575
2024-08-19,13.63,13.68,13.615,13.68,48957,13.68
2024-08-20,13.68,13.68,13.595,13.61,25583,13.61
2024-08-21,13.725,13.755,13.675,13.6925,43691,13.6925
2024-08-22,13.72,13.74,13.6725,13.6725,21753,13.6725
2024-08-23,13.72,13.78,13.695,13.71,39669,13.71
2024-08-27,13.67,13.715,13.655,13.695,27486,13.695
2024-08-28,13.735,13.8,13.73,13.735,50931,13.735
2024-08-29,13.765,13.82,13.765,13.81,19697,13.81
2024-08-30,13.875,13.905,13.835,13.835,245955,13.835
2024-09-02,13.765,13.77,13.765,13.77,565,13.77
2024-09-03,13.91,13.925,13.775,13.785,22716,13.785
2024-09-04,13.48,13.535,13.43,13.51,41131,13.51
2024-09-05,13.465,13.57,13.46,13.505,35493,13.505
2024-09-06,13.325,13.355,13.085,13.0975,200155,13.0975
2024-09-09,13.425,13.455,13.35,13.435,83622,13.435
2024-09-10,13.33,13.375,13.295,13.295,37171,13.295
2024-09-11,13.295,13.365,13.25,13.285,65840,13.285
2024-09-12,13.46,13.465,13.46,13.465,900,13.465
2024-09-13,13.465,13.5,13.435,13.4925,29035,13.4925
2024-09-16,13.46,13.475,13.435,13.4525,44211,13.4525
2024-09-17,13.355,13.44,13.355,13.425,62475,13.425
2024-09-18,13.325,13.325,13.25,13.265,207493,13.265
2024-09-19,13.45,13.57,13.445,13.5475,28898,13.5475
2024-09-20,13.525,13.61,13.495,13.54,66932,13.54
2024-09-23,13.58,13.605,13.56,13.5725,50955,13.5725
2024-09-24,13.44,13.455,13.395,13.455,89632,13.455
2024-09-25,13.395,13.47,13.395,13.45,94190,13.45
2024-09-26,13.725,13.8,13.69,13.705,61277,13.705
2024-09-27,13.475,13.615,13.415,13.555,102801,13.555
2024-09-30,13.605,13.655,13.5,13.515,100849,13.515
2024-10-01,13.695,13.735,13.58,13.645,34838,13.645
2024-10-02,13.56,13.5675,13.51,13.5675,41809,13.5675
2024-10-03,13.63,13.67,13.6,13.65,37533,13.65
2024-10-04,13.715,13.835,13.705,13.805,37433,13.805
2024-10-07,13.86,13.86,13.72,13.755,56675,13.755
2024-10-08,13.665,13.79,13.66,13.7875,65254,13.7875
2024-10-09,13.66,13.72,13.62,13.7175,70197,13.7175
2024-10-10,13.715,13.715,13.605,13.7075,40714,13.7075
2024-10-11,13.68,13.745,13.675,13.745,17544,13.745
2024-10-14,13.69,13.78,13.69,13.775,55121,13.775
2024-10-15,13.71,13.71,13.565,13.565,62595,13.565
2024-10-16,13.61,13.645,13.56,13.615,164948,13.615
2024-10-17,13.625,13.675,13.61,13.6225,68756,13.6225
2024-10-18,13.5,13.59,13.5,13.58,255498,13.58
2024-10-21,13.515,13.545,13.4075,13.4075,96611,13.4075
2024-10-22,13.32,13.32,13.2375,13.2375,192703,13.2375
2024-10-23,13.1,13.1,12.99,13.005,89006,13.005
2024-10-24,13.115,13.145,13.06,13.0775,122268,13.0775
2024-10-25,13.08,13.16,13.08,13.12,51949,13.12
2024-10-28,13.19,13.22,13.12,13.2,94023,13.2
2024-10-29,13.355,13.355,13.28,13.29,85327,13.29
2024-10-30,13.425,13.45,13.3425,13.3425,95371,13.3425
2024-10-31,13.305,13.31,13.245,13.285,48680,13.285
2024-11-01,13.225,13.32,13.22,13.315,63883,13.315
2024-11-04,13.29,13.375,13.27,13.355,24347,13.355
2024-11-05,13.295,13.4025,13.27,13.4025,451694,13.4025
2024-11-06,13.62,13.68,13.49,13.525,55559,13.525
2024-11-07,13.54,13.61,13.505,13.545,68478,13.545
2024-11-08,13.65,13.65,13.51,13.58,127294,13.58
2024-11-11,13.605,13.705,13.6,13.6825,114325,13.6825
2024-11-12,13.68,13.685,13.585,13.585,25867,13.585
2024-11-13,13.44,13.525,13.44,13.48,53608,13.48
2024-11-14,13.5,13.575,13.495,13.5425,126057,13.5425
2024-11-15,13.48,13.515,13.48,13.5,90022,13.5
2024-11-18,13.545,13.59,13.49,13.585,36050,13.585
2024-11-19,13.605,13.605,13.51,13.5475,37825,13.5475
2024-11-20,13.445,13.46,13.375,13.395,38429,13.395
2024-11-21,13.43,13.565,13.43,13.565,93203,13.565
2024-11-22,13.605,13.705,13.605,13.7,46912,13.7
2024-11-25,13.73,13.8,13.73,13.755,43362,13.755
2024-11-26,13.63,13.675,13.625,13.675,107167,13.675
2024-11-27,13.655,13.675,13.57,13.585,29464,13.585
2024-11-28,13.725,13.73,13.715,13.715,11419,13.715
2024-11-29,13.75,13.815,13.75,13.815,22103,13.815
2024-12-02,13.88,14.105,13.88,14.105,142057,14.105
2024-12-03,14.21,14.285,14.21,14.25,89845,14.25
2024-12-04,14.17,14.24,14.165,14.175,129377,14.175
2024-12-05,14.135,14.145,14.11,14.125,58409,14.125
2024-12-06,13.985,14.11,13.97,14.09,63296,14.09
2024-12-09,14.04,14.06,13.95,13.975,156019,13.975
2024-12-10,13.955,13.96,13.91,13.9225,116328,13.9225
2024-12-11,13.99,14.085,13.97,14.085,226654,14.085
2024-12-12,14,14.085,13.995,14.065,110511,14.065
2024-12-13,13.975,13.975,13.92,13.925,40858,13.925
2024-12-16,13.88,13.88,13.78,13.785,57601,13.785
2024-12-17,13.705,13.755,13.705,13.7325,27706,13.7325
2024-12-18,13.765,13.765,13.72,13.74,68639,13.74
2024-12-19,13.605,13.65,13.545,13.595,95693,13.595
2024-12-20,13.535,13.605,13.435,13.59,198840,13.59
2024-12-23,13.61,13.61,13.52,13.56,36320,13.56
2024-12-24,13.62,13.665,13.62,13.6225,5954,13.6225
2024-12-27,14,14,13.8,13.835,27316,13.835
2024-12-30,13.715,13.78,13.67,13.755,25897,13.755
2024-12-31,13.75,13.775,13.74,13.7625,3462,13.7625
2025-01-02,13.9,13.98,13.825,13.9775,30593,13.9775
2025-01-03,13.805,13.885,13.805,13.885,35752,13.885
2025-01-06,13.835,13.9125,13.8,13.9125,58608,13.9125
2025-01-07,13.875,13.925,13.85,13.9075,23079,13.9075
2025-01-08,13.845,13.935,13.845,13.935,48699,13.935
2025-01-09,13.875,13.91,13.865,13.865,15482,13.865
2025-01-10,13.745,13.785,13.71,13.745,24891,13.745
2025-01-13,13.71,13.77,13.7,13.7425,46493,13.7425
2025-01-14,13.755,13.81,13.725,13.7375,53776,13.7375
2025-01-15,13.785,13.885,13.785,13.875,32207,13.875
2025-01-16,13.755,13.79,13.71,13.735,58414,13.735
2025-01-17,13.795,13.83,13.765,13.83,25937,13.83
2025-01-20,13.925,13.925,13.8375,13.8375,1732,13.8375
2025-01-21,13.875,13.885,13.86,13.8825,22418,13.8825
2025-01-22,13.905,13.925,13.895,13.92,37693,13.92
2025-01-23,13.935,13.96,13.915,13.945,33407,13.945
2025-01-24,13.985,13.985,13.915,13.9725,20581,13.9725
2025-01-27,13.835,13.84,13.745,13.81,71098,13.81
2025-01-28,13.895,13.97,13.895,13.9175,118835,13.9175
2025-01-29,14.005,14.02,13.97,13.97,26670,13.97
2025-01-30,14.105,14.11,14.075,14.1,44011,14.1
2025-01-31,14.15,14.165,14.1125,14.1125,15808,14.1125
2025-02-03,13.91,13.95,13.88,13.9375,155563,13.9375
2025-02-04,13.82,13.925,13.82,13.92,76286,13.92
2025-02-05,13.83,14.01,13.83,14,56765,14
2025-02-06,14.095,14.24,14.095,14.225,89798,14.225
2025-02-07,14.105,14.16,14.095,14.095,36008,14.095
2025-02-10,14.105,14.16,14.105,14.135,49566,14.135
2025-02-11,14.145,14.145,14.045,14.1075,62338,14.1075
2025-02-12,13.92,13.965,13.8575,13.8575,91475,13.8575
2025-02-13,13.94,14.055,13.94,14.0225,58254,14.0225
2025-02-14,14.01,14.035,13.985,13.985,265170,13.985
2025-02-17,14.105,14.16,14.105,14.1425,223191,14.1425
2025-02-18,14.115,14.155,14.115,14.14,33892,14.14
2025-02-19,14.075,14.08,14.035,14.06,46375,14.06
2025-02-20,14.095,14.1,14.005,14.02,178740,14.02
2025-02-21,14.025,14.025,13.975,13.995,107724,13.995
2025-02-24,13.905,13.92,13.855,13.885,54070,13.885
2025-02-25,14.015,14.03,13.93,13.93,34086,13.93
2025-02-26,13.975,14.04,13.975,14.04,13279,14.04
2025-02-27,14.065,14.085,14,14.0475,62768,14.0475
2025-02-28,13.865,13.865,13.75,13.85,88755,13.85
2025-03-03,14.015,14.045,13.985,14.015,87907,14.015
2025-03-04,13.885,13.885,13.65,13.67,43025,13.67
2025-03-05,13.78,13.84,13.765,13.78,103149,13.78
2025-03-06,13.915,13.915,13.825,13.865,93555,13.865
2025-03-07,13.77,13.795,13.71,13.72,336012,13.72
2025-03-10,13.73,13.73,13.6,13.63,83382,13.63
2025-03-11,13.64,13.64,13.4075,13.4075,70135,13.4075
2025-03-12,13.59,13.645,13.575,13.645,47402,13.645
2025-03-13,13.64,13.68,13.625,13.645,39635,13.645
2025-03-14,13.66,13.845,13.66,13.835,104554,13.835
2025-03-17,13.86,13.93,13.84,13.915,39518,13.915
2025-03-18,13.885,13.91,13.845,13.88,30493,13.88
2025-03-19,13.95,13.97,13.94,13.96,21262,13.96
2025-03-20,14.08,14.08,13.915,13.97,179201,13.97
2025-03-21,14.035,14.055,13.995,14.015,90317,14.015
2025-03-24,13.995,14.025,13.97,14.0075,85371,14.0075
2025-03-25,13.995,14.045,13.975,14.045,62198,14.045
2025-03-26,14.06,14.08,13.995,13.995,39941,13.995
2025-03-27,13.965,13.97,13.87,13.915,116389,13.915
2025-03-28,13.685,13.685,13.59,13.595,84796,13.595
2025-03-31,13.41,13.495,13.375,13.46,55005,13.46
2025-04-01,13.4,13.46,13.335,13.455,118588,13.455
2025-04-02,13.33,13.34,13.24,13.33,25509,13.33
2025-04-03,13,13,12.68,12.7125,52223,12.7125
2025-04-04,12.65,12.65,12.15,12.22,99992,12.22
2025-04-07,11.735,12.415,11.565,12.3,167553,12.3
2025-04-08,12.65,12.84,12.48,12.68,87497,12.68
2025-04-09,12.345,12.49,12.14,12.28,87206,12.28
2025-04-10,13.145,13.145,12.66,12.68,184511,12.68
2025-04-11,12.74,12.74,12.44,12.5825,114178,12.5825
2025-04-14,12.88,12.95,12.85,12.885,26371,12.885
2025-04-15,12.95,13.04,12.91,13.02,92405,13.02
2025-04-16,12.875,12.995,12.84,12.9825,32254,12.9825
2025-04-17,13.055,13.155,13.015,13.145,31264,13.145
2025-04-22,13.17,13.21,13.095,13.1975,37611,13.1975
2025-04-23,13.3,13.44,13.3,13.38,167989,13.38
2025-04-24,13.305,13.38,13.275,13.3775,48804,13.3775
2025-04-25,13.455,13.455,13.39,13.44,50477,13.44
2025-04-28,13.53,13.59,13.53,13.5425,29571,13.5425
2025-04-29,13.69,13.69,13.63,13.66,19865,13.66
2025-04-30,13.615,13.615,13.485,13.58,23092,13.58
2025-05-01,13.66,13.7075,13.645,13.7075,4113,13.7075
2025-05-02,13.62,13.76,13.62,13.74,17651,13.74
2025-05-06,13.92,13.92,13.765,13.855,22833,13.855
2025-05-07,13.87,13.87,13.71,13.7475,23276,13.7475
2025-05-08,13.845,13.845,13.735,13.81,45425,13.81
2025-05-09,13.95,13.95,13.785,13.7875,13285,13.7875
2025-05-12,13.86,14.01,13.85,14.01,27261,14.01
2025-05-13,13.955,13.955,13.8,13.8575,44249,13.8575
2025-05-14,13.855,13.855,13.69,13.69,15135,13.69
2025-05-15,13.775,13.845,13.775,13.845,36107,13.845
2025-05-16,13.865,13.895,13.865,13.885,24415,13.885
2025-05-19,13.82,13.82,13.715,13.78,33134,13.78
2025-05-20,13.77,13.91,13.77,13.89,17919,13.89
2025-05-21,13.82,13.835,13.73,13.73,13423,13.73
2025-05-22,13.805,13.805,13.705,13.75,78708,13.75
2025-05-23,13.86,13.86,13.625,13.7325,16082,13.7325
2025-05-27,13.96,14.1,13.94,14.0975,62193,14.0975
2025-05-28,13.9,13.955,13.9,13.92,97348,13.92
2025-05-29,14.035,14.05,13.92,13.985,124161,13.985
2025-05-30,14.1,14.1,13.96,13.96,58363,13.96
2025-06-02,13.955,14.035,13.955,14.02,41105,14.02
2025-06-03,14.005,14.005,13.955,13.9875,20954,13.9875
2025-06-04,13.98,13.98,13.905,13.9075,83618,13.9075
2025-06-05,13.84,13.85,13.735,13.7825,54245,13.7825
2025-06-06,13.86,13.94,13.86,13.88,7685,13.88
2025-06-09,13.92,13.93,13.9,13.9,29128,13.9
2025-06-10,13.955,13.955,13.9,13.9225,13584,13.9225
2025-06-11,13.94,13.945,13.9075,13.9075,9528,13.9075
2025-06-12,13.89,13.925,13.86,13.9,46195,13.9
2025-06-13,13.835,13.86,13.81,13.84,13518,13.84
2025-06-16,13.86,13.9,13.86,13.8975,82960,13.8975
2025-06-17,13.82,13.82,13.765,13.805,125323,13.805
2025-06-18,14.045,14.045,13.96,13.98,67865,13.98
2025-06-19,14.05,14.05,13.8525,13.8525,29970,13.8525
2025-06-20,13.735,13.755,13.71,13.7175,24369,13.7175
2025-06-23,13.6,13.655,13.57,13.625,13555,13.625
2025-06-24,13.755,13.755,13.67,13.67,24541,13.67
2025-06-25,13.7,13.7,13.6475,13.6475,21095,13.6475
2025-06-26,13.8,13.82,13.76,13.775,148618,13.775
2025-06-27,14.035,14.095,13.99,14.095,24560,14.095
2025-06-30,14.115,14.115,14.04,14.04,24505,14.04
2025-07-01,13.925,14,13.925,13.97,21633,13.97
2025-07-02,13.93,14.06,13.93,14.0325,31998,14.0325
2025-07-03,14.005,14.085,14.005,14.0375,23240,14.0375
2025-07-04,13.96,13.97,13.92,13.96,16289,13.96
2025-07-07,13.865,13.895,13.82,13.82,70616,13.82
2025-07-08,13.765,13.855,13.765,13.83,39375,13.83
2025-07-09,13.745,13.84,13.745,13.8025,7234,13.8025
2025-07-10,13.76,13.795,13.76,13.795,14212,13.795
2025-07-11,13.8,13.8,13.74,13.745,77788,13.745
2025-07-14,13.795,13.83,13.755,13.82,55715,13.82
2025-07-15,13.815,13.82,13.76,13.77,15371,13.77
2025-07-16,13.71,13.77,13.6875,13.6875,139786,13.6875
2025-07-17,13.695,13.735,13.67,13.735,73309,13.735
2025-07-18,13.625,13.635,13.615,13.6175,5919,13.6175
2025-07-21,13.675,13.74,13.675,13.7325,49118,13.7325
2025-07-22,13.7,13.765,13.7,13.73,45976,13.73
2025-07-23,14.165,14.33,14.165,14.3,60149,14.3
2025-07-24,14.515,14.515,14.415,14.4325,30817,14.4325
2025-07-25,14.33,14.33,14.29,14.3,16996,14.3
2025-07-28,14.18,14.195,14.085,14.0925,17967,14.0925
2025-07-29,14.175,14.175,14.075,14.075,7508,14.075
2025-07-30,14.205,14.22,14.2,14.2,15340,14.2
2025-07-31,14.33,14.37,14.19,14.195,28259,14.195
2025-08-01,14.235,14.235,14.095,14.13,46737,14.13
2025-08-04,14.255,14.365,14.255,14.36,20546,14.36
2025-08-05,14.375,14.4,14.335,14.34,30562,14.34
2025-08-06,14.5,14.5,14.445,14.4675,20239,14.4675
2025-08-07,14.555,14.61,14.5,14.5,30861,14.5
2025-08-08,14.695,14.755,14.685,14.735,37131,14.735
2025-08-11,14.745,14.8,14.745,14.795,17471,14.795
2025-08-12,14.815,14.905,14.79,14.8975,48865,14.8975
2025-08-13,14.965,14.965,14.85,14.8625,40687,14.8625
2025-08-14,14.82,14.83,14.785,14.8,22095,14.8
2025-08-15,15.085,15.085,15.025,15.0375,16597,15.0375
2025-08-18,15.11,15.13,15.08,15.13,27252,15.13
2025-08-19,15.07,15.14,15.07,15.095,40355,15.095
2025-08-20,15.03,15.04,14.98,15.04,52163,15.04
2025-08-21,14.965,14.965,14.895,14.95,8922,14.95
2025-08-22,14.99,15.1,14.99,15.065,5504,15.065
2025-08-26,14.835,14.86,14.785,14.85,40961,14.85
2025-08-27,14.835,14.835,14.78,14.815,38044,14.815
2025-08-28,14.99,14.99,14.92,14.935,12035,14.935
2025-08-29,14.83,14.84,14.74,14.74,20822,14.74
2025-09-01,14.78,14.82,14.78,14.795,71450,14.795
2025-09-02,14.79,14.82,14.76,14.805,53592,14.805
2025-09-03,14.7,14.745,14.7,14.72,30636,14.72
2025-09-04,14.855,14.905,14.81,14.905,6806,14.905
2025-09-05,14.96,14.965,14.87,14.8925,36050,14.8925
2025-09-08,15.1,15.205,15.09,15.205,17253,15.205
2025-09-09,15.075,15.075,14.985,15.025,14638,15.025
2025-09-10,15.095,15.17,15.095,15.125,32866,15.125
2025-09-11,15.19,15.28,15.175,15.2575,27943,15.2575
2025-09-12,15.185,15.19,15.155,15.155,8086,15.155
2025-09-15,15.215,15.255,15.13,15.205,58253,15.205
2025-09-16,15.19,15.19,15.135,15.16,7485,15.16
2025-09-17,15.17,15.175,15.145,15.15,66354,15.15
2025-09-18,15.21,15.31,15.205,15.31,37259,15.31
2025-09-19,15.14,15.26,15.135,15.24,34908,15.24
2025-09-22,15.27,15.27,15.22,15.26,26096,15.26
2025-09-23,15.325,15.325,15.295,15.2975,33934,15.2975
2025-09-24,15.31,15.38,15.305,15.34,15854,15.34
2025-09-25,15.275,15.335,15.265,15.33,86391,15.33
2025-09-26,15.31,15.33,15.25,15.26,171536,15.26
2025-09-29,15.19,15.3,15.175,15.255,25092,15.255
2025-09-30,15.275,15.275,15.12,15.12,90306,15.12
2025-10-01,15.095,15.19,15.095,15.14,55857,15.14
2025-10-02,15.115,15.2,15.115,15.1675,14742,15.1675
2025-10-03,15.405,15.495,15.405,15.455,13698,15.455
2025-10-06,15.705,15.76,15.665,15.76,82538,15.76
2025-10-07,15.58,15.64,15.545,15.555,34898,15.555
2025-10-08,15.525,15.525,15.485,15.505,48343,15.505
2025-10-09,15.605,15.63,15.57,15.59,27453,15.59
2025-10-10,15.3,15.32,15.04,15.04,36054,15.04
2025-10-13,15.08,15.13,15.08,15.12,31064,15.12
2025-10-14,15.14,15.29,15.14,15.29,101946,15.29
2025-10-15,15.49,15.53,15.465,15.465,8047,15.465
2025-10-16,15.495,15.51,15.44,15.495,23124,15.495
2025-10-17,15.39,15.56,15.285,15.505,79911,15.505
2025-10-20,15.76,15.845,15.735,15.845,33746,15.845
2025-10-21,15.725,15.745,15.715,15.735,14743,15.735
2025-10-22,15.815,15.84,15.64,15.64,10131,15.64
2025-10-23,15.63,15.695,15.61,15.6775,40360,15.6775
2025-10-24,15.64,15.79,15.64,15.79,19179,15.79
2025-10-27,16,16,15.92,15.92,33940,15.92
2025-10-28,15.945,16.07,15.91,16.07,55252,16.07
2025-10-29,16.06,16.1,16.045,16.085,64438,16.085
2025-10-30,16.11,16.1675,16.09,16.1675,16936,16.1675
2025-10-31,16.245,16.26,16.175,16.175,82999,16.175
2025-11-03,16.01,16.2,16.01,16.1575,20801,16.1575
2025-11-04,16.17,16.235,16.115,16.235,21739,16.235
2025-11-05,16.06,16.13,16.04,16.1175,32509,16.1175
2025-11-06,16.195,16.235,16.1025,16.1025,36947,16.1025
2025-11-07,16.13,16.135,15.945,15.965,22931,15.965
2025-11-10,16.075,16.105,16.075,16.085,7302,16.085
2025-11-11,16.15,16.16,16.12,16.14,8511,16.14
2025-11-12,16.285,16.37,16.245,16.3675,8152,16.3675
2025-11-13,16.345,16.345,16.12,16.1225,29618,16.1225
2025-11-14,16.23,16.265,16.13,16.265,45787,16.265
2025-11-17,16.135,16.145,16.03,16.045,12819,16.045
2025-11-18,15.62,15.65,15.595,15.63,12727,15.63
2025-11-19,15.6,15.71,15.59,15.67,30374,15.67
2025-11-20,15.725,15.81,15.695,15.695,10659,15.695
2025-11-21,15.68,15.725,15.645,15.665,80344,15.665
2025-11-24,15.81,15.85,15.725,15.83,60776,15.83
2025-11-25,15.665,15.765,15.66,15.76,41905,15.76
2025-11-26,15.985,15.99,15.905,15.98,19642,15.98
2025-11-27,15.955,15.965,15.905,15.905,12453,15.905
2025-11-28,16.09,16.09,15.935,15.935,39079,15.935
2025-12-01,15.84,15.9,15.805,15.9,16857,15.9
2025-12-02,15.885,15.95,15.885,15.905,30304,15.905
2025-12-03,15.83,15.83,15.72,15.74,12295,15.74
2025-12-04,16.07,16.085,15.955,15.955,6563,15.955
2025-12-05,15.965,15.965,15.935,15.9575,4929,15.9575
2025-12-08,16.005,16.025,15.895,15.895,14111,15.895
2025-12-09,15.97,16.01,15.94,15.98,34952,15.98
2025-12-10,15.905,15.925,15.88,15.925,3138,15.925
2025-12-11,15.82,15.985,15.81,15.965,93907,15.965
2025-12-12,16.075,16.075,15.99,15.995,50144,15.995
2025-12-15,16.175,16.175,16.155,16.155,25672,16.155
2025-12-16,15.945,15.975,15.92,15.92,12150,15.92
2025-12-17,15.96,15.97,15.805,15.805,22143,15.805
2025-12-18,15.775,15.865,15.76,15.85,30011,15.85
2025-12-19,15.85,15.93,15.82,15.925,40375,15.925
2025-12-22,15.81,15.81,15.735,15.78,21480,15.78
2025-12-23,15.925,15.94,15.905,15.91,16520,15.91
2025-12-24,15.82,15.845,15.815,15.825,35844,15.825
2025-12-29,15.89,15.89,15.835,15.845,5880,15.845
2025-12-30,15.845,15.92,15.845,15.91,6001,15.91
2025-12-31,15.845,15.88,15.83,15.845,37586,15.845
2026-01-02,15.98,16.005,15.88,15.88,13815,15.88
2026-01-05,16.17,16.235,16.165,16.235,13542,16.235
2026-01-06,16.395,16.41,16.245,16.245,40508,16.245
2026-01-07,16.31,16.31,16.26,16.275,11038,16.275
2026-01-08,16.27,16.295,16.235,16.29,73204,16.29
2026-01-09,16.29,16.72,16.29,16.625,77217,16.625
2026-01-12,16.69,16.735,16.67,16.685,82829,16.685
2026-01-13,16.555,16.625,16.555,16.6,46176,16.6
2026-01-14,16.745,16.75,16.64,16.74,40223,16.74
2026-01-15,16.775,16.865,16.745,16.78,28157,16.78
2026-01-16,16.79,16.79,16.725,16.74,75677,16.74
2026-01-19,16.77,16.79,16.695,16.695,104580,16.695
2026-01-20,16.45,16.45,16.355,16.385,5079,16.385
2026-01-21,16.395,16.49,16.395,16.49,15231,16.49
2026-01-22,16.475,16.54,16.475,16.525,34998,16.525
2026-01-23,16.44,16.44,16.275,16.275,96784,16.275
2026-01-26,16.355,16.4,16.2525,16.2525,32708,16.2525
2026-01-27,16.35,16.385,16.295,16.32,7373,16.32
2026-01-28,16.335,16.335,16.11,16.165,32012,16.165
2026-01-29,16.28,16.335,16.2,16.265,33832,16.265
2026-01-30,16.365,16.42,16.33,16.42,72587,16.42
2026-02-02,16.29,16.485,16.28,16.46,22848,16.46
2026-02-03,16.67,16.69,16.54,16.565,55063,16.565
2026-02-04,16.635,16.92,16.63,16.875,8548,16.875
2026-02-05,16.63,16.755,16.63,16.7525,18252,16.7525
2026-02-06,16.945,17.16,16.92,17.16,52897,17.16
2026-02-09,17.32,17.48,17.265,17.48,55916,17.48
2026-02-10,17.665,17.9,17.665,17.885,63836,17.885
2026-02-11,18.005,18.02,17.925,18.02,25452,18.02
2026-02-12,18.045,18.085,17.995,17.995,68317,17.995
2026-02-13,17.88,18.025,17.86,18.025,20429,18.025
2026-02-16,17.64,17.65,17.58,17.59,93920,17.59
2026-02-17,17.655,17.75,17.62,17.72,1167729,17.72
2026-02-18,17.755,17.8,17.715,17.795,319687,17.795
2026-02-19,17.845,17.845,17.72,17.78,35290,17.78
2026-02-20,17.635,17.705,17.585,17.705,20253,17.705
2026-02-23,17.75,17.82,17.72,17.76,22960,17.76
2026-02-24,17.61,17.715,17.545,17.695,44629,17.695
2026-02-25,17.725,17.895,17.725,17.895,2338291,17.895
2026-02-26,17.82,17.995,17.815,17.965,284920,17.965
2026-02-27,18.235,18.24,18.015,18.06,60213,18.06
2026-03-02,17.845,17.845,17.48,17.595,190754,17.595
2026-03-03,17.21,17.215,16.59,16.72,88619,16.72
2026-03-04,16.89,17.25,16.87,17.225,103756,17.225
2026-03-05,17.085,17.255,16.85,16.85,104670,16.85
2026-03-06,17.06,17.06,16.55,16.57,14151,16.57
2026-03-09,16.345,16.505,16.295,16.45,70208,16.45
2026-03-10,16.9,17.06,16.775,17.06,70865,17.06
2026-03-11,16.825,16.825,16.645,16.675,156779,16.675
2026-03-12,16.725,16.725,16.5,16.59,25620,16.59
2026-03-13,16.63,16.69,16.56,16.56,79949,16.56
2026-03-16,16.56,16.755,16.475,16.675,318056,16.675
2026-03-17,16.61,16.83,16.595,16.715,80780,16.715
2026-03-18,16.925,16.925,16.68,16.7,21200,16.7
2026-03-19,16.48,16.485,16.24,16.35,71709,16.35
2026-03-20,16.455,16.52,16.18,16.18,32135,16.18
2026-03-23,15.78,16.51,15.78,16.295,103325,16.295
2026-03-24,16.355,16.395,16.235,16.395,56110,16.395
2026-03-25,16.63,16.73,16.565,16.64,1819875,16.64
2026-03-26,16.55,16.55,16.4,16.425,1411978,16.425
2026-03-27,16.4,16.415,16.105,16.11,1525212,16.11
2026-03-30,16.3,16.45,16.275,16.445,90159,16.445
2026-03-31,16.165,16.42,16.165,16.365,113865,16.365
2026-04-01,17.11,17.15,16.995,17.15,294015,17.15
2026-04-02,16.7,16.905,16.635,16.885,104678,16.885
2026-04-07,16.8,16.97,16.61,16.675,176505,16.675
2026-04-08,17.32,17.53,17.31,17.45,92528,17.45
2026-04-09,17.13,17.175,17.005,17.175,130883,17.175
2026-04-10,17.045,17.19,17.04,17.16,41047,17.16
2026-04-13,16.955,17.035,16.895,17.005,226876,17.005
2026-04-14,17.1,17.255,17.06,17.255,20497,17.255
2026-04-15,17.135,17.215,17.12,17.185,27885,17.185
2026-04-16,17.315,17.355,17.28,17.325,55431,17.325
2026-04-17,17.15,17.57,17.13,17.54,148288,17.54
2026-04-20,17.295,17.33,17.21,17.32,66589,17.32
2026-04-21,17.22,17.23,17.03,17.03,53219,17.03
2026-04-22,17.14,17.16,16.99,16.99,79640,16.99
2026-04-23,16.95,17.04,16.875,17.015,191718,17.015
2026-04-24,16.985,17.03,16.87,16.91,115368,16.91
2026-04-27,17.025,17.065,16.98,16.995,125073,16.995
2026-04-28,17.215,17.235,16.995,16.995,32969,16.995
2026-04-29,16.99,17.005,16.915,16.94,52233,16.94
2026-04-30,16.975,17.2,16.97,17.12,36815,17.12
2026-05-01,17.18,17.18,16.97,17.035,155324,17.035
2026-05-05,17.11,17.235,17.11,17.235,67071,17.235
2026-05-06,17.47,17.75,17.47,17.63,60128,17.63
2026-05-07,17.795,17.87,17.62,17.655,64758,17.655
2026-05-08,17.72,17.79,17.65,17.72,194356,17.72
2026-05-11,17.7,17.785,17.69,17.775,156571,17.775
2026-05-12,17.81,17.91,17.755,17.755,146359,17.755
2026-05-13,18.02,18.085,17.98,18.075,233671,18.075
2026-05-14,17.8,17.975,17.8,17.95,66463,17.95
2026-05-15,17.935,17.975,17.865,17.96,100728,17.96
2026-05-18,17.72,17.88,17.665,17.735,176647,17.735
2026-05-19,17.78,17.815,17.615,17.64,45198,17.64
2026-05-20,17.495,17.755,17.49,17.74,25278,17.74
2026-05-21,17.68,17.76,17.605,17.71,125352,17.71
2026-05-22,17.905,17.92,17.82,17.92,40833,17.92
2026-05-26,18.09,18.18,18.05,18.13,103711,18.13
2026-05-27,18.01,18.065,17.965,17.995,56620,17.995
2026-05-28,17.93,18.085,17.925,18.085,46444,18.085
2026-05-29,18.26,18.27,18.085,18.12,66924,18.12
2026-06-01,18.16,18.2,18.045,18.125,81462,18.125
2026-06-02,18.115,18.225,18.07,18.205,46317,18.205
2026-06-03,18.47,18.495,18.37,18.375,96807,18.375
2026-06-04,18.295,18.33,18.225,18.31,173757,18.31
2026-06-05,18.22,18.27,18.145,18.145,46743,18.145
2026-06-08,17.8,18.14,17.8,18.09,99323,18.09
2026-06-09,18.085,18.13,17.865,17.87,87246,17.87
2026-06-10,17.7,17.74,17.45,17.545,79251,17.545
2026-06-11,17.67,17.8,17.655,17.725,70992,17.725
2026-06-12,17.885,18.19,17.87,18.19,153626,18.19
2026-06-15,18.465,18.555,18.425,18.47,98222,18.47
2026-06-16,18.58,18.665,18.56,18.565,50632,18.565
2026-06-17,18.63,18.85,18.6,18.85,28585,18.85
2026-06-18,19.065,19.245,19.065,19.21,42163,19.21
2026-06-19,19.105,19.195,19.105,19.14,39369,19.14
2026-06-22,19.27,19.415,19.27,19.335,18891,19.335
2026-06-23,18.585,18.625,18.395,18.55,300973,18.55
2026-06-24,18.515,18.66,18.465,18.66,51250,18.66
2026-06-25,18.8,18.865,18.63,18.735,182665,18.735
2026-06-26,18.525,18.59,18.425,18.59,75102,18.59
2026-06-29,18.44,18.545,18.305,18.46,135393,18.46
2026-06-30,18.515,18.575,18.405,18.545,71376,18.545
2026-07-01,18.545,18.66,18.515,18.65,54349,18.65
2026-07-02,18.4,18.595,18.37,18.475,29958,18.475
2026-07-03,18.695,18.7,18.605,18.655,16424,18.655
2026-07-06,18.755,18.83,18.73,18.79,25785,18.79
2026-07-07,18.51,18.54,18.37,18.37,35039,18.37
2026-07-08,18.255,18.255,17.855,18.065,22746,18.065
2026-07-09,18.23,18.42,18.155,18.395,0,18.395
2026-07-10,18.475,18.605,18.415,18.6,0,18.6
2026-07-13,18.23,18.415,18.23,18.415,52829,18.415
2026-07-14,18.35,18.63,18.33,18.59,8650,18.59
2026-07-15,18.585,18.585,18.26,18.26,24829,18.26
2026-07-16,17.94,17.94,17.795,17.94,61985,17.94
2026-07-17,17.4,17.56,17.365,17.56,65841,17.56
2026-07-20,17.595,17.76,17.55,17.725,64580,17.725
2026-07-21,17.97,18.175,17.93,18.175,58316,18.175
2026-07-22,18.05,18.095,17.995,18.05,20556,18.05
2026-07-23,18.125,18.125,17.865,17.865,44387,17.865
2026-07-24,17.92,18.03,17.92,18.03,83939,18.03
2026-07-27,18.13,18.175,17.95,17.95,51998,17.95
2026-07-28,17.705,17.75,17.595,17.75,42765,17.75
2026-07-29,17.8,17.81,17.62,17.67,36901,17.67
2026-07-30,17.57,18.045,17.49,18.04,24520,18.04
2026-07-31,17.96,18.095,17.915,17.93,36679,17.93
2026-08-03,18.2,18.28,17.945,18.11,87814,18.11
2026-08-04,18.205,18.335,18.055,18.315,125150,18.315
2026-08-05,18.58,18.745,18.505,18.575,90790,18.575
2026-08-06,18.605,18.64,18.465,18.58,78801,18.58
2026-08-07,18.615,18.77,18.615,18.725,35929,18.725
2026-08-10,18.71,18.795,18.64,18.64,34101,18.64
2026-08-11,18.695,18.79,18.685,18.69,71711,18.69
2026-08-12,18.75,19.015,18.75,19,142612,19
2026-08-13,18.995,19.17,18.97,19.11,56930,19.11
2026-08-14,19.015,19.06,18.995,18.995,38230,18.995
2026-08-17,18.995,19.05,18.905,19.035,58705,19.035
2026-08-18,18.765,18.77,18.46,18.46,23115,18.46
2026-08-19,18.18,18.385,18.15,18.295,241484,18.295
2026-08-20,18.3,18.3,18.07,18.17,71081,18.17
2026-08-21,18.265,18.36,18.25,18.28,18688,18.28
2026-08-24,18.27,18.33,18.155,18.205,23341,18.205
2026-08-25,18.29,18.375,18.265,18.335,42927,18.335
2026-08-26,18.43,18.455,18.38,18.385,68614,18.385
2026-08-27,18.48,18.53,18.425,18.465,15351,18.465
2026-08-28,18.645,18.655,18.62,18.635,31388,18.635
2026-09-01,18.735,18.755,18.425,18.55,58258,18.55
2026-09-02,18.44,18.575,18.29,18.57,36469,18.57
2026-09-03,18.8,18.97,18.755,18.97,32934,18.97
2026-09-04,18.85,19.065,18.85,19.035,51951,19.035
2026-09-07,19.135,19.225,19.105,19.12,57734,19.12
2026-09-08,19.06,19.065,18.97,19,48134,19
2026-09-09,19.01,19.03,18.78,18.82,84120,18.82
2026-09-10,19.045,19.045,18.74,18.74,30518,18.74
2026-09-11,18.905,19.12,18.86,19.12,80004,19.12
2026-09-14,18.925,18.99,18.885,18.96,51066,18.96
2026-09-15,18.745,18.89,18.705,18.825,42388,18.825
2026-09-16,18.91,19.165,18.9,19.13,26910,19.13
2026-09-17,19.14,19.275,19.08,19.255,84495,19.255
2026-09-18,19.045,19.055,18.95,18.98,35789,18.98
2026-09-21,19.08,19.18,19.035,19.18,15947,19.18
2026-09-22,19.185,19.36,19.13,19.34,38449,19.34
2026-09-23,19.3,19.345,19.195,19.235,62611,19.235
2026-09-24,18.96,18.99,18.885,18.885,12736,18.885
