date,open,high,low,close,volume,raw_close
2006-12-04,10.065,10.065,10.065,10.065,0,10.065
2006-12-05,10.025,10.025,10.025,10.025,0,10.025
2006-12-06,10.055,10.055,10.055,10.055,0,10.055
2006-12-07,10.045,10.045,10.045,10.045,0,10.045
2006-12-08,10.06,10.06,10.06,10.005,0,10.005
2006-12-11,9.985,9.985,9.985,9.985,0,9.985
2006-12-12,9.985,9.985,9.985,9.985,0,9.985
2006-12-13,9.965,9.965,9.965,9.965,0,9.965
2006-12-14,9.945,9.945,9.945,9.945,0,9.945
2006-12-15,9.955,9.955,9.955,9.955,0,9.955
2006-12-18,9.935,9.935,9.935,9.935,0,9.935
2006-12-19,9.915,9.915,9.915,9.915,0,9.915
2006-12-20,9.945,9.945,9.945,9.945,0,9.945
2006-12-21,9.96,9.96,9.96,9.96,0,9.96
2006-12-22,9.935,9.935,9.935,9.935,0,9.935
2006-12-27,9.88,9.88,9.88,9.88,0,9.88
2006-12-28,9.9,9.9,9.9,9.875,676,9.875
2006-12-29,9.935,9.935,9.935,9.935,0,9.935
2007-01-02,9.925,9.925,9.925,9.925,0,9.925
2007-01-03,9.92,9.92,9.92,9.895,1404,9.895
2007-01-04,9.94,9.94,9.94,9.94,0,9.94
2007-01-05,9.935,9.935,9.935,9.935,0,9.935
2007-01-08,9.98,9.98,9.98,9.98,0,9.98
2007-01-09,9.96,9.96,9.96,9.96,0,9.96
2007-01-10,9.945,9.945,9.945,9.945,0,9.945
2007-01-11,9.895,9.895,9.895,9.895,0,9.895
2007-01-12,9.845,9.845,9.845,9.845,0,9.845
2007-01-15,9.85,9.85,9.85,9.85,0,9.85
2007-01-16,9.865,9.865,9.865,9.865,0,9.865
2007-01-17,9.865,9.865,9.865,9.865,0,9.865
2007-01-18,9.895,9.895,9.895,9.895,0,9.895
2007-01-19,9.95,9.95,9.95,9.905,0,9.905
2007-01-22,9.915,9.915,9.915,9.915,0,9.915
2007-01-23,9.885,9.885,9.885,9.885,0,9.885
2007-01-24,9.845,9.845,9.845,9.845,0,9.845
2007-01-25,9.785,9.785,9.785,9.785,0,9.785
2007-01-26,9.755,9.755,9.755,9.755,0,9.755
2007-01-29,9.71,9.71,9.7,9.705,53000,9.705
2007-01-30,9.73,9.73,9.73,9.715,1344,9.715
2007-01-31,9.745,9.745,9.745,9.745,0,9.745
2007-02-01,9.725,9.725,9.725,9.725,0,9.725
2007-02-02,9.735,9.735,9.735,9.735,0,9.735
2007-02-05,9.73,9.73,9.73,9.75,54000,9.75
2007-02-06,9.76,9.76,9.76,9.76,0,9.76
2007-02-07,9.8,9.8,9.8,9.8,0,9.8
2007-02-08,9.81,9.81,9.81,9.815,10000,9.815
2007-02-09,9.76,9.76,9.76,9.76,0,9.76
2007-02-12,9.755,9.755,9.755,9.755,0,9.755
2007-02-13,9.775,9.775,9.775,9.775,0,9.775
2007-02-14,9.805,9.805,9.805,9.805,0,9.805
2007-02-15,9.875,9.875,9.875,9.875,0,9.875
2007-02-16,9.87,9.87,9.87,9.87,0,9.87
2007-02-19,9.855,9.855,9.855,9.855,0,9.855
2007-02-20,9.835,9.835,9.835,9.835,0,9.835
2007-02-21,9.855,9.855,9.855,9.855,0,9.855
2007-02-22,9.805,9.805,9.78,9.79,66000,9.79
2007-02-23,9.84,9.84,9.84,9.84,0,9.84
2007-02-26,9.9,9.9,9.9,9.9,0,9.9
2007-02-27,9.95,9.95,9.95,9.95,0,9.95
2007-02-28,9.96,9.96,9.96,9.96,0,9.96
2007-03-01,9.965,9.965,9.965,9.965,0,9.965
2007-03-02,9.975,9.975,9.975,9.975,0,9.975
2007-03-05,9.99,9.995,9.99,9.98,28000,9.98
2007-03-06,9.97,9.97,9.97,9.97,0,9.97
2007-03-07,9.99,9.99,9.99,9.99,0,9.99
2007-03-08,9.96,9.96,9.96,9.96,0,9.96
2007-03-09,9.97,10,9.97,9.93,20000,9.93
2007-03-12,9.95,9.95,9.95,9.95,0,9.95
2007-03-13,9.95,9.95,9.95,9.95,0,9.95
2007-03-14,10.005,10.005,10.005,10.005,40000,10.005
2007-03-15,9.95,9.95,9.95,9.95,0,9.95
2007-03-16,9.945,9.945,9.945,9.945,0,9.945
2007-03-19,9.925,9.925,9.925,9.925,0,9.925
2007-03-20,9.95,9.95,9.95,9.95,0,9.95
2007-03-21,9.955,9.955,9.955,9.955,0,9.955
2007-03-22,9.92,9.92,9.92,9.92,0,9.92
2007-03-23,9.89,9.89,9.89,9.89,0,9.89
2007-03-26,9.875,9.875,9.875,9.875,0,9.875
2007-03-27,9.845,9.855,9.845,9.84,125676,9.84
2007-03-28,9.865,9.865,9.865,9.865,0,9.865
2007-03-29,9.84,9.84,9.84,9.84,0,9.84
2007-03-30,9.875,9.875,9.875,9.875,0,9.875
2007-04-02,9.85,9.85,9.85,9.85,0,9.85
2007-04-03,9.805,9.805,9.805,9.805,0,9.805
2007-04-04,9.83,9.83,9.83,9.83,0,9.83
2007-04-05,9.835,9.835,9.835,9.835,0,9.835
2007-04-10,9.795,9.795,9.795,9.805,48000,9.805
2007-04-11,9.815,9.815,9.815,9.815,75000,9.815
2007-04-12,9.78,9.78,9.78,9.78,0,9.78
2007-04-13,9.78,9.78,9.78,9.73,100,9.73
2007-04-16,9.765,9.765,9.765,9.765,0,9.765
2007-04-17,9.805,9.805,9.805,9.795,10000,9.795
2007-04-18,9.845,9.845,9.845,9.845,0,9.845
2007-04-19,9.86,9.86,9.86,9.81,25000,9.81
2007-04-20,9.81,9.81,9.81,9.81,0,9.81
2007-04-23,9.815,9.815,9.815,9.815,0,9.815
2007-04-24,9.805,9.805,9.805,9.795,18000,9.795
2007-04-25,9.71,9.71,9.71,9.7,184,9.7
2007-04-26,9.64,9.64,9.64,9.64,0,9.64
2007-04-27,9.64,9.64,9.64,9.64,1243,9.64
2007-04-30,9.68,9.68,9.68,9.73,5000,9.73
2007-05-01,9.705,9.705,9.705,9.705,0,9.705
2007-05-02,9.665,9.665,9.665,9.665,0,9.665
2007-05-03,9.66,9.66,9.66,9.635,7767,9.635
2007-05-04,9.645,9.645,9.625,9.65,336000,9.65
2007-05-08,9.695,9.705,9.695,9.69,80000,9.69
2007-05-09,9.69,9.69,9.69,9.69,0,9.69
2007-05-10,9.7,9.7,9.7,9.675,20000,9.675
2007-05-11,9.725,9.725,9.725,9.725,0,9.725
2007-05-14,9.675,9.675,9.675,9.645,9680,9.645
2007-05-15,9.64,9.64,9.64,9.65,5000,9.65
2007-05-16,9.685,9.685,9.645,9.66,35560,9.66
2007-05-17,9.67,9.67,9.67,9.64,173,9.64
2007-05-18,9.625,9.625,9.625,9.625,0,9.625
2007-05-21,9.64,9.64,9.64,9.63,13229,9.63
2007-05-22,9.67,9.67,9.67,9.635,15000,9.635
2007-05-23,9.615,9.615,9.615,9.6,320,9.6
2007-05-24,9.625,9.625,9.625,9.63,20600,9.63
2007-05-25,9.6,9.6,9.6,9.6,0,9.6
2007-05-29,9.63,9.63,9.605,9.6,154230,9.6
2007-05-30,9.605,9.605,9.595,9.585,200000,9.585
2007-05-31,9.575,9.59,9.575,9.585,310000,9.585
2007-06-01,9.565,9.565,9.565,9.565,0,9.565
2007-06-04,9.585,9.585,9.585,9.555,45,9.555
2007-06-05,9.555,9.555,9.555,9.555,0,9.555
2007-06-06,9.64,9.64,9.64,9.62,15600,9.62
2007-06-07,9.615,9.615,9.585,9.555,70879,9.555
2007-06-08,9.565,9.565,9.565,9.565,0,9.565
2007-06-11,9.56,9.56,9.56,9.56,15400,9.56
2007-06-12,9.555,9.555,9.545,9.57,62080,9.57
2007-06-13,9.525,9.525,9.525,9.555,5000,9.555
2007-06-14,9.565,9.575,9.555,9.55,71525,9.55
2007-06-15,9.535,9.535,9.535,9.535,0,9.535
2007-06-18,9.57,9.57,9.57,9.555,680,9.555
2007-06-19,9.56,9.6,9.56,9.615,44010,9.615
2007-06-20,9.66,9.665,9.57,9.595,113312,9.595
2007-06-21,9.6,9.64,9.6,9.605,14392,9.605
2007-06-22,9.63,9.635,9.63,9.605,44134,9.605
2007-06-25,9.625,9.625,9.625,9.615,13262,9.615
2007-06-26,9.635,9.635,9.615,9.6,73450,9.6
2007-06-27,9.665,9.665,9.645,9.595,7459,9.595
2007-06-28,9.585,9.585,9.585,9.6,21330,9.6
2007-06-29,9.605,9.605,9.605,9.605,0,9.605
2007-07-02,9.65,9.65,9.65,9.64,36618,9.64
2007-07-03,9.64,9.645,9.64,9.585,76393,9.585
2007-07-04,9.59,9.59,9.59,9.56,920,9.56
2007-07-05,9.54,9.56,9.54,9.535,13084,9.535
2007-07-06,9.545,9.545,9.545,9.525,7350,9.525
2007-07-09,9.55,9.55,9.545,9.525,8266,9.525
2007-07-10,9.555,9.6,9.555,9.64,40000,9.64
2007-07-11,9.675,9.675,9.63,9.605,652944,9.605
2007-07-12,9.63,9.67,9.62,9.595,86194,9.595
2007-07-13,9.56,9.56,9.56,9.56,0,9.56
2007-07-16,9.585,9.585,9.585,9.59,15140,9.59
2007-07-17,9.605,9.605,9.605,9.605,0,9.605
2007-07-18,9.67,9.67,9.67,9.68,20000,9.68
2007-07-19,9.65,9.65,9.65,9.7,0,9.7
2007-07-20,9.725,9.75,9.725,9.775,30000,9.775
2007-07-23,9.805,9.805,9.77,9.76,85900,9.76
2007-07-24,9.765,9.765,9.75,9.765,475000,9.765
2007-07-25,9.81,9.81,9.81,9.785,4600,9.785
2007-07-26,9.835,9.835,9.77,9.875,99188,9.875
2007-07-27,9.875,9.925,9.875,9.865,107555,9.865
2007-07-30,9.895,9.895,9.895,9.88,4000,9.88
2007-07-31,9.86,9.87,9.86,9.855,14900,9.855
2007-08-01,9.905,9.905,9.905,9.87,18000,9.87
2007-08-02,9.885,9.885,9.885,9.835,0,9.835
2007-08-03,9.895,9.915,9.88,9.915,15186,9.915
2007-08-06,9.94,9.94,9.94,9.9,6700,9.9
2007-08-07,9.895,9.92,9.895,9.91,119939,9.91
2007-08-08,9.82,9.82,9.82,9.815,8220,9.815
2007-08-09,9.86,9.86,9.86,9.855,2000,9.855
2007-08-10,9.875,9.875,9.875,9.875,0,9.875
2007-08-13,9.855,9.905,9.855,9.855,22668,9.855
2007-08-14,9.85,9.85,9.84,9.885,75000,9.885
2007-08-15,9.905,9.925,9.905,9.925,25808,9.925
2007-08-16,9.96,9.995,9.95,9.995,52349,9.995
2007-08-17,9.995,10.01,9.995,9.975,50000,9.975
2007-08-20,9.97,10.005,9.94,9.985,46563,9.985
2007-08-21,10.05,10.09,10.05,10.02,30149,10.02
2007-08-22,9.995,9.995,9.95,9.92,16215,9.92
2007-08-23,9.91,9.92,9.885,9.97,11870,9.97
2007-08-24,9.985,9.985,9.98,9.96,11790,9.96
2007-08-28,9.975,9.985,9.975,10,11630,10
2007-08-29,10.04,10.045,10.005,10.025,1801,10.025
2007-08-30,10.04,10.045,10.04,10.04,2785,10.04
2007-08-31,10.065,10.065,9.99,10.045,18183,10.045
2007-09-03,10.025,10.025,10,10.01,52945,10.01
2007-09-04,10.075,10.075,10.05,10.03,2530,10.03
2007-09-05,10.02,10.025,10.02,10.085,340,10.085
2007-09-06,10.04,10.09,10.04,10.075,50620,10.075
2007-09-07,10.085,10.105,10.055,10.125,8296,10.125
2007-09-10,10.17,10.17,10.12,10.155,3943,10.155
2007-09-11,10.135,10.14,10.05,10.13,9572,10.13
2007-09-12,10.15,10.16,10.11,10.145,13685,10.145
2007-09-13,10.135,10.135,10.135,10.11,4620,10.11
2007-09-14,10.125,10.19,10.125,10.17,5496,10.17
2007-09-17,10.19,10.19,10.19,10.19,0,10.19
2007-09-18,10.165,10.165,10.12,10.11,1596,10.11
2007-09-19,10.1,10.1,10.1,10.035,5140,10.035
2007-09-20,10.09,10.095,10.04,10.07,123170,10.07
2007-09-21,10.06,10.06,10.025,10.02,10675,10.02
2007-09-24,10,10.035,10,10.02,29948,10.02
2007-09-25,10.035,10.07,10.035,10.045,21257,10.045
2007-09-26,10.03,10.035,10.005,10.02,7890,10.02
2007-09-27,10.03,10.04,10.02,10.04,8641,10.04
2007-09-28,10.07,10.11,10.07,10.105,9935,10.105
2007-10-01,10.085,10.105,10.08,10.125,6178,10.125
2007-10-02,10.08,10.145,10.07,10.135,14966,10.135
2007-10-03,10.19,10.23,10.165,10.195,39207,10.195
2007-10-04,10.22,10.225,10.22,10.205,5710,10.205
2007-10-05,10.22,10.25,10.22,10.19,5774,10.19
2007-10-08,10.18,10.185,10.18,10.17,13428,10.17
2007-10-09,10.18,10.225,10.18,10.22,25151,10.22
2007-10-10,10.195,10.195,10.14,10.14,2295,10.14
2007-10-11,10.16,10.16,10.16,10.11,3857,10.11
2007-10-12,10.175,10.175,10.095,10.07,5352,10.07
2007-10-15,10.02,10.105,10.02,10.04,6892,10.04
2007-10-16,10.055,10.055,10.04,10.03,2561,10.03
2007-10-17,10.03,10.095,10.02,10.08,26870,10.08
2007-10-18,10.11,10.16,10.11,10.12,7801,10.12
2007-10-19,10.17,10.17,10.17,10.2,3943,10.2
2007-10-25,10.22,10.22,10.22,10.19,3592,10.19
2007-10-26,10.2,10.215,10.2,10.2,3357,10.2
2007-10-29,10.185,10.185,10.185,10.21,2550,10.21
2007-10-30,10.17,10.215,10.17,10.195,472,10.195
2007-10-31,10.095,10.095,10.035,10.07,15716,10.07
2007-11-01,10.09,10.09,10.09,10.205,950,10.205
2007-11-02,10.17,10.205,10.15,10.16,3961,10.16
2007-11-05,10.23,10.23,10.16,10.18,15883,10.18
2007-11-06,10.185,10.2,10.14,10.195,4069,10.195
2007-11-07,10.28,10.28,10.22,10.3,2913,10.3
2007-11-08,10.285,10.4,10.25,10.29,9103,10.29
2007-11-09,10.265,10.33,10.25,10.31,31904,10.31
2007-11-12,10.27,10.33,10.26,10.16,42808,10.16
2007-11-13,10.26,10.325,10.26,10.3,3876,10.3
2007-11-14,10.325,10.4,10.325,10.33,284866,10.33
2007-11-15,10.36,10.36,10.35,10.37,16698,10.37
2007-11-16,10.4,10.435,10.33,10.4,30662,10.4
2007-11-19,10.34,10.395,10.315,10.36,111543,10.36
2007-11-20,10.375,10.475,10.375,10.39,77290,10.39
2007-11-21,10.41,10.46,10.41,10.455,26150,10.455
2007-11-22,10.455,10.48,10.455,10.49,4678,10.49
2007-11-23,10.465,10.465,10.445,10.435,8511,10.435
2007-11-26,10.435,10.435,10.435,10.435,0,10.435
2007-11-27,10.445,10.48,10.4,10.41,132811,10.41
2007-11-28,10.385,10.385,10.32,10.34,82851,10.34
2007-11-29,10.355,10.4,10.355,10.4,25350,10.4
2007-11-30,10.345,10.345,10.345,10.345,0,10.345
2007-12-03,10.39,10.39,10.39,10.4,725,10.4
2007-12-04,10.475,10.48,10.475,10.51,1300,10.51
2007-12-05,10.51,10.535,10.51,10.53,13657,10.53
2007-12-06,10.505,10.505,10.405,10.435,129690,10.435
2007-12-07,10.42,10.42,10.33,10.31,55650,10.31
2007-12-10,10.35,10.36,10.27,10.245,32970,10.245
2007-12-11,10.28,10.28,10.26,10.295,75000,10.295
2007-12-12,10.31,10.31,10.185,10.19,29557,10.19
2007-12-13,10.205,10.24,10.195,10.255,49427,10.255
2007-12-14,10.245,10.265,10.185,10.245,60857,10.245
2007-12-17,10.325,10.325,10.26,10.285,17920,10.285
2007-12-18,10.315,10.315,10.285,10.3,33925,10.3
2007-12-19,10.375,10.375,10.32,10.375,1935,10.375
2007-12-20,10.35,10.405,10.35,10.435,32700,10.435
2007-12-21,10.4,10.43,10.37,10.42,53551,10.42
2007-12-24,11,11,11,10.5,1055,10.5
2007-12-27,10.365,10.365,10.365,10.39,20000,10.39
2007-12-28,10.435,10.505,10.405,10.485,9985,10.485
2007-12-31,10.415,10.42,10.415,10.625,2561,10.625
2008-01-02,10.5,10.5,10.5,10.585,400,10.585
2008-01-03,10.56,10.56,10.53,10.54,738,10.54
2008-01-04,10.56,10.6,10.56,10.575,34378,10.575
2008-01-07,10.575,10.575,10.55,10.56,12697,10.56
2008-01-08,10.56,10.56,10.51,10.53,75135,10.53
2008-01-09,10.57,10.585,10.57,10.595,81970,10.595
2008-01-10,10.59,10.59,10.59,10.62,25000,10.62
2008-01-11,10.57,10.59,10.56,10.585,2414,10.585
2008-01-14,10.62,10.62,10.54,10.59,3634,10.59
2008-01-15,10.59,10.61,10.59,10.625,4508,10.625
2008-01-16,10.65,10.685,10.63,10.65,3382,10.65
2008-01-17,10.605,10.67,10.58,10.635,33132,10.635
2008-01-18,10.64,10.64,10.57,10.65,6415,10.65
2008-01-21,10.745,10.745,10.71,10.74,7561,10.74
2008-01-22,10.63,10.635,10.63,10.615,1547,10.615
2008-01-23,10.63,10.735,10.63,10.7,10505,10.7
2008-01-24,10.695,10.695,10.58,10.59,20261,10.59
2008-01-25,10.58,10.64,10.58,10.64,32528,10.64
2008-01-28,10.665,10.705,10.655,10.665,26721,10.665
2008-01-29,10.8,10.8,10.595,10.57,34845,10.57
2008-01-30,10.585,10.625,10.575,10.595,35055,10.595
2008-01-31,10.64,10.66,10.64,10.665,27634,10.665
2008-02-01,10.665,10.705,10.62,10.665,84211,10.665
2008-02-04,10.64,10.645,10.595,10.625,40677,10.625
2008-02-05,10.62,10.62,10.62,10.7,25000,10.7
2008-02-06,10.69,10.72,10.63,10.63,5008,10.63
2008-02-07,10.65,10.72,10.65,10.68,137091,10.68
2008-02-08,10.655,10.695,10.65,10.69,42928,10.69
2008-02-11,10.635,10.645,10.62,10.61,9099,10.61
2008-02-12,10.57,10.585,10.455,10.48,50342,10.48
2008-02-13,10.54,10.54,10.48,10.495,40070,10.495
2008-02-14,10.485,10.485,10.44,10.48,5942,10.48
2008-02-15,10.455,10.535,10.455,10.51,11113,10.51
2008-02-18,10.46,10.46,10.46,10.455,463,10.455
2008-02-19,10.51,10.515,10.435,10.47,4449,10.47
2008-02-20,10.455,10.455,10.455,10.45,25000,10.45
2008-02-21,10.455,10.455,10.45,10.47,4151,10.47
2008-02-22,10.46,10.475,10.445,10.48,6264,10.48
2008-02-25,10.43,10.43,10.43,10.43,0,10.43
2008-02-26,10.46,10.46,10.405,10.425,9236,10.425
2008-02-27,10.48,10.48,10.43,10.45,5486,10.45
2008-02-28,10.5,10.555,10.495,10.57,61380,10.57
2008-02-29,10.59,10.7,10.59,10.71,30999,10.71
2008-03-03,10.76,10.765,10.715,10.735,79556,10.735
2008-03-04,10.725,10.76,10.72,10.775,21452,10.775
2008-03-05,10.76,10.76,10.69,10.675,3150,10.675
2008-03-06,10.74,10.74,10.69,10.785,6870,10.785
2008-03-07,10.895,10.895,10.765,10.83,56235,10.83
2008-03-10,10.84,10.84,10.78,10.865,4103,10.865
2008-03-11,10.785,10.84,10.765,10.84,25215,10.84
2008-03-12,10.815,10.815,10.78,10.76,1633,10.76
2008-03-13,10.84,10.85,10.82,10.82,27599,10.82
2008-03-14,10.81,10.845,10.78,10.89,108236,10.89
2008-03-17,10.875,10.97,10.875,10.975,3462,10.975
2008-03-18,10.95,11.025,10.95,11.445,47849,11.445
2008-03-19,11.055,11.055,10.97,11.01,60735,11.01
2008-03-20,11.03,11.04,11.03,11.06,31590,11.06
2008-03-25,10.995,10.995,10.5,10.915,80902,10.915
2008-03-26,10.965,10.985,10.95,10.94,62483,10.94
2008-03-27,10.865,10.89,10.865,10.81,4106,10.81
2008-03-28,10.85,11.1,10.82,10.85,71902,10.85
2008-03-31,10.88,10.915,10.87,10.9,45627,10.9
2008-04-01,10.89,10.89,10.79,10.835,70413,10.835
2008-04-02,10.815,10.88,10.815,10.87,11820,10.87
2008-04-03,10.88,10.88,10.875,10.825,7300,10.825
2008-04-04,10.83,10.88,10.775,10.835,63921,10.835
2008-04-07,10.8,10.805,10.77,10.75,37084,10.75
2008-04-08,10.79,10.79,10.775,10.755,21359,10.755
2008-04-09,10.78,10.78,10.71,10.755,19565,10.755
2008-04-10,11.05,11.05,10.74,10.75,5411,10.75
2008-04-11,10.75,10.825,10.745,10.85,42455,10.85
2008-04-14,10.88,10.88,10.805,10.45,58113,10.45
2008-04-15,10.85,10.85,10.73,10.815,85487,10.815
2008-04-16,10.795,10.795,10.66,10.72,31516,10.72
2008-04-17,10.69,10.69,10.625,10.61,71298,10.61
2008-04-18,10.61,10.615,10.54,10.57,39705,10.57
2008-04-21,10.635,10.67,10.63,10.63,48985,10.63
2008-04-22,10.605,10.635,10.6,10.625,54264,10.625
2008-04-23,10.69,10.69,10.625,10.665,4410,10.665
2008-04-24,10.625,10.695,10.625,10.605,78721,10.605
2008-04-25,10.1,10.62,10.1,10.645,87765,10.645
2008-04-28,10.64,10.66,10.64,10.65,5473,10.65
2008-04-29,10.69,10.73,10.69,10.74,4640,10.74
2008-04-30,10.685,10.685,10.63,10.675,54593,10.675
2008-05-01,10.665,10.665,10.665,10.72,2900,10.72
2008-05-02,10.66,10.7,10.66,10.595,7864,10.595
2008-05-06,10.685,10.705,10.685,10.695,30578,10.695
2008-05-07,10.67,10.67,10.67,10.65,4965,10.65
2008-05-08,10.695,10.71,10.67,10.725,8526,10.725
2008-05-09,10.815,10.815,10.77,10.79,50526,10.79
2008-05-12,10.73,10.795,10.73,10.79,35106,10.79
2008-05-13,10.76,10.84,10.76,10.805,13178,10.805
2008-05-14,10.775,10.775,10.735,10.755,33254,10.755
2008-05-15,10.76,10.76,10.76,10.76,461,10.76
2008-05-16,10.79,10.79,10.79,10.805,509,10.805
2008-05-19,10.77,10.77,10.765,10.7,471,10.7
2008-05-20,11,11,10.705,10.735,14941,10.735
2008-05-21,10.665,10.675,10.64,10.63,23115,10.63
2008-05-22,10.635,10.635,10.61,10.64,30080,10.64
2008-05-23,10.735,10.765,10.735,10.715,15595,10.715
2008-05-27,10.705,10.725,10.705,10.695,23983,10.695
2008-05-28,10.69,10.69,10.665,10.67,75990,10.67
2008-05-29,10.65,10.65,10.615,10.5,67075,10.5
2008-05-30,10.725,10.725,10.725,10.675,99,10.675
2008-06-02,10.595,10.64,10.595,10.7,9247,10.7
2008-06-03,10.6,10.99,10.6,10.62,34109,10.62
2008-06-04,10.725,10.745,10.695,10.75,28175,10.75
2008-06-05,10.72,10.795,10.72,10.775,64962,10.775
2008-06-06,10.84,10.84,10.84,10.87,53825,10.87
2008-06-09,10.93,10.93,10.785,10.745,66336,10.745
2008-06-10,10.725,10.755,10.725,10.8,41120,10.8
2008-06-11,10.775,10.795,10.71,10.765,73185,10.765
2008-06-12,10.705,10.84,10.705,10.84,46440,10.84
2008-06-13,10.79,10.81,10.745,10.835,60045,10.835
2008-06-16,10.885,10.92,10.83,10.9,39118,10.9
2008-06-17,10.915,10.975,10.875,10.96,102531,10.96
2008-06-18,10.955,10.965,10.915,10.98,29109,10.98
2008-06-19,10.89,10.975,10.89,10.87,6759,10.87
2008-06-20,10.935,11.005,10.93,10.97,43416,10.97
2008-06-23,10.98,11.025,10.98,10.96,34073,10.96
2008-06-24,10.88,10.985,10.88,10.935,74710,10.935
2008-06-25,10.955,11,10.955,10.98,62857,10.98
2008-06-26,11.02,11.23,10.96,11.065,222011,11.065
2008-06-27,11.25,11.25,10.93,11.01,208473,11.01
2008-06-30,10.99,11,10.87,10.92,55403,10.92
2008-07-01,10.94,11.1,10.93,10.945,88115,10.945
2008-07-02,10.94,10.99,10.89,10.98,95185,10.98
2008-07-03,11.02,11.12,11,11.09,40719,11.09
2008-07-04,11.115,11.16,11.08,11.17,9350,11.17
2008-07-07,11.21,11.21,11.195,11.195,4089,11.195
2008-07-08,11.165,11.165,11.06,11.175,78912,11.175
2008-07-09,11.065,11.1,11.055,11.075,31299,11.075
2008-07-10,11.09,11.125,11.08,11.095,64655,11.095
2008-07-11,11.075,11.105,10.6,11.09,64682,11.09
2008-07-14,11.07,11.07,11.07,11.07,0,11.07
2008-07-15,11.11,11.165,11.065,11.07,39820,11.07
2008-07-16,11.06,11.1,10.92,10.935,15010,10.935
2008-07-17,10.6,10.945,10.6,10.915,114865,10.915
2008-07-18,10.855,10.86,10.75,11,72401,11
2008-07-21,10.83,10.895,10.785,10.855,93647,10.855
2008-07-22,10.89,10.94,10.89,10.925,49181,10.925
2008-07-23,10.825,10.895,10.825,10.89,73220,10.89
2008-07-24,10.895,10.905,10.795,10.84,181277,10.84
2008-07-25,10.5,10.92,10.5,10.735,141823,10.735
2008-07-28,10.75,10.805,10.75,10.8,75538,10.8
2008-07-29,10.845,10.845,10.8,10.85,90905,10.85
2008-07-30,10.875,10.91,10.875,10.895,31277,10.895
2008-07-31,10.89,10.915,10.855,10.8,49309,10.8
2008-08-01,10.885,10.885,10.865,10.86,130362,10.86
2008-08-04,10.91,10.91,10.865,10.91,12201,10.91
2008-08-05,10.91,10.97,10.895,11.25,316450,11.25
2008-08-06,10.945,11.065,10.945,11.01,37993,11.01
2008-08-07,11.065,11.1,11.035,11.105,76879,11.105
2008-08-08,11.17,11.17,11.1,11.135,142913,11.135
2008-08-11,11.135,11.17,11.135,11.15,33072,11.15
2008-08-12,11.23,11.27,11.2,11.255,101895,11.255
2008-08-13,11.27,11.27,11.195,11.15,30514,11.15
2008-08-14,11.2,11.2,11.13,11.175,67601,11.175
2008-08-15,11.19,11.305,11.19,11.25,62170,11.25
2008-08-18,11.275,11.275,11.2,11.235,23923,11.235
2008-08-19,11.255,11.295,11.205,11.215,61722,11.215
2008-08-20,11.205,11.27,11.205,11.235,12857,11.235
2008-08-21,11.235,11.285,10.78,11.245,32739,11.245
2008-08-22,11.315,11.315,11.275,11.225,2015,11.225
2008-08-26,11.295,11.325,11.295,11.315,2642,11.315
2008-08-27,11.315,11.315,11.295,11.31,5500,11.31
2008-08-28,11.35,11.6,11.32,11.32,14413,11.32
2008-08-29,11.34,11.405,11.34,11.365,18665,11.365
2008-09-01,11.365,11.405,11.365,11.39,36313,11.39
2008-09-02,11.36,11.36,11.245,11.3,70685,11.3
2008-09-03,11.275,11.315,11.275,11.215,89976,11.215
2008-09-04,11.19,11.285,11.19,11.265,6410,11.265
2008-09-05,11.33,11.33,11.24,11.29,60209,11.29
2008-09-08,11.12,11.125,11.12,11.125,2138,11.125
2008-09-09,11.14,11.14,11.03,11.115,33466,11.115
2008-09-10,10.93,11.135,10.93,11.09,77502,11.09
2008-09-11,11.11,11.145,11.11,11.07,21765,11.07
2008-09-12,11.03,11.03,10.995,11,2470,11
2008-09-15,11.035,11.035,11.035,11.035,0,11.035
2008-09-16,11.16,11.17,10.985,11.085,173612,11.085
2008-09-17,10.875,10.98,10.875,10.89,14038,10.89
2008-09-18,10.91,10.945,10.905,10.975,31909,10.975
2008-09-19,10.905,10.945,10.86,10.89,35209,10.89
2008-09-22,10.905,10.905,10.825,10.81,39922,10.81
2008-09-23,10.885,10.9,10.835,10.85,33348,10.85
2008-09-24,10.5,10.9,10.5,10.7,35907,10.7
2008-09-25,10.795,10.86,10.775,10.775,106502,10.775
2008-09-26,10.805,10.86,10.785,10.84,18285,10.84
2008-09-29,11.37,11.37,10.875,10.94,48535,10.94
2008-09-30,10.925,10.925,10.86,10.84,15883,10.84
2008-10-01,10.9,10.955,10.9,10.91,284,10.91
2008-10-02,10.935,10.99,10.935,10.97,32383,10.97
2008-10-03,11.005,11.135,11.005,10.905,18072,10.905
2008-10-06,10.98,10.98,10.825,10.84,33011,10.84
2008-10-07,10.78,10.78,10.565,10.585,41538,10.585
2008-10-08,10.57,10.57,10.485,10.475,132904,10.475
2008-10-09,10.345,10.38,10.33,10.375,170228,10.375
2008-10-10,10.435,10.46,10.165,10.205,123841,10.205
2008-10-13,9.95,9.995,9.915,9.945,44092,9.945
2008-10-14,9.885,9.975,9.86,9.875,80588,9.875
2008-10-15,9.955,10.025,9.935,9.97,16481,9.97
2008-10-16,9.95,9.99,9.875,9.985,448779,9.985
2008-10-17,9.98,10.11,9.98,10.045,91493,10.045
2008-10-20,10.03,10.26,10.005,10.22,134055,10.22
2008-10-21,10.185,10.2,10.16,10.175,1355,10.175
2008-10-22,10.19,10.19,10.19,10.23,30000,10.23
2008-10-23,10.17,10.28,10.17,10.28,56220,10.28
2008-10-24,10.405,10.475,10.39,10.39,51419,10.39
2008-10-27,10.42,10.45,10.35,10.325,50431,10.325
2008-10-28,10.21,10.325,10.185,10.215,107802,10.215
2008-10-29,10.1,10.1,10.05,10.08,72487,10.08
2008-10-30,10.075,10.075,9.98,10.09,104721,10.09
2008-10-31,10.095,10.125,10.005,10,62722,10
2008-11-03,10.005,10.005,9.95,9.955,35000,9.955
2008-11-04,9.895,9.965,9.89,9.89,61211,9.89
2008-11-05,9.855,9.885,9.855,9.88,90000,9.88
2008-11-06,9.96,9.965,9.84,9.865,80992,9.865
2008-11-07,9.825,10.02,9.825,10.035,30360,10.035
2008-11-10,10.02,10.035,10.02,10.03,20289,10.03
2008-11-11,9.98,10.05,9.965,10.035,55501,10.035
2008-11-12,10.02,10.115,10.02,10.095,20811,10.095
2008-11-13,10.51,10.51,10.11,10.185,48496,10.185
2008-11-14,10.18,10.205,10.13,10.17,8349,10.17
2008-11-17,10.05,10.155,10.05,10.12,13754,10.12
2008-11-18,9.615,10.105,9.615,9.955,34578,9.955
2008-11-19,9.965,9.965,9.94,9.8,1198,9.8
2008-11-20,9.975,10.005,9.97,9.95,7576,9.95
2008-11-21,9.965,9.995,9.85,9.825,130744,9.825
2008-11-24,9.715,9.755,9.655,9.655,49988,9.655
2008-11-25,9.685,9.69,9.66,9.675,27105,9.675
2008-11-26,9.71,9.765,9.695,9.76,125242,9.76
2008-11-27,9.785,9.815,9.73,9.755,12300,9.755
2008-11-28,9.815,9.815,9.7,9.725,1762,9.725
2008-12-01,9.75,9.83,9.75,9.77,126575,9.77
2008-12-02,9.91,9.91,9.91,9.94,5638,9.94
2008-12-03,10.025,10.09,9.975,10.05,44997,10.05
2008-12-04,10.16,10.215,10.135,10.035,52965,10.035
2008-12-05,10,10.045,9.985,9.94,72202,9.94
2008-12-08,9.82,9.82,9.67,9.685,7309,9.685
2008-12-09,9.715,9.76,9.68,9.74,64339,9.74
2008-12-10,10.2,10.2,9.76,9.9,56946,9.9
2008-12-11,9.945,10.015,9.935,10.03,116057,10.03
2008-12-12,10.12,10.185,10.04,10.075,68753,10.075
2008-12-15,10.2,10.205,10.18,10.175,14129,10.175
2008-12-16,10.305,10.305,10.23,10.25,64343,10.25
2008-12-17,10.47,10.475,10.47,10.405,22750,10.405
2008-12-18,10.42,10.44,10.42,10.42,50255,10.42
2008-12-19,10.09,10.485,10.09,10.44,23359,10.44
2008-12-22,10.425,10.56,10.425,10.54,14022,10.54
2008-12-23,10.515,10.58,10.515,10.54,23671,10.54
2008-12-24,11,11,10.615,10.65,18050,10.65
2008-12-29,10.585,10.7,10.535,10.575,86751,10.575
2008-12-30,10.545,10.595,10.545,10.62,968,10.62
2008-12-31,10.635,10.75,10.635,10.71,2686,10.71
2009-01-02,10.635,10.72,10.635,10.635,41214,10.635
2009-01-05,10.595,10.64,10.545,10.54,130781,10.54
2009-01-06,10.47,10.475,10.4,10.395,51600,10.395
2009-01-07,10.42,10.45,10.4,10.425,68844,10.425
2009-01-08,10.49,10.605,10.49,10.58,31444,10.58
2009-01-09,10.61,10.745,10.61,10.78,57006,10.78
2009-01-12,10.78,10.78,10.71,10.765,37863,10.765
2009-01-13,10.72,10.72,10.66,10.655,102794,10.655
2009-01-14,10.615,10.615,10.615,10.72,1507,10.72
2009-01-15,10.755,10.875,10.74,10.805,119635,10.805
2009-01-16,10.76,10.925,10.595,10.595,72042,10.595
2009-01-19,10.405,10.55,10.405,10.475,76609,10.475
2009-01-20,10.435,10.59,10.29,10.55,67886,10.55
2009-01-21,10.555,10.555,10.5,10.51,35623,10.51
2009-01-22,10.385,10.56,10.385,10.53,276570,10.53
2009-01-23,10.54,10.54,10.415,10.29,276046,10.29
2009-01-26,10.36,10.36,10.305,10.34,4798,10.34
2009-01-27,10.355,10.75,10.355,10.435,104951,10.435
2009-01-28,10.575,10.585,10.56,10.575,54855,10.575
2009-01-29,10.585,10.655,10.57,10.62,18072,10.62
2009-01-30,10.595,10.655,10.595,10.6,81493,10.6
2009-02-02,10.63,10.68,10.55,10.585,35879,10.585
2009-02-03,10.62,10.62,10.43,10.43,139296,10.43
2009-02-04,10.395,10.475,10.34,10.32,75941,10.32
2009-02-05,10.3,10.395,10.3,10.345,133538,10.345
2009-02-06,10.33,10.78,10.33,10.32,32279,10.32
2009-02-09,10.285,10.285,10.2,10.24,41145,10.24
2009-02-10,10.195,10.37,10.16,10.38,491017,10.38
2009-02-11,10.385,10.54,10.385,10.525,116114,10.525
2009-02-12,10.57,10.68,10.57,10.61,193384,10.61
2009-02-13,10.52,10.53,10.425,10.48,129229,10.48
2009-02-16,10.465,10.5,10.465,10.485,78743,10.485
2009-02-17,10.8,10.8,10.5,10.55,26085,10.55
2009-02-18,10.565,10.61,10.485,10.465,345530,10.465
2009-02-19,10.44,10.445,10.365,10.42,187988,10.42
2009-02-20,10.405,10.465,10.405,10.45,360492,10.45
2009-02-23,10.45,10.45,10.405,10.4,111790,10.4
2009-02-24,10.42,10.5,10.4,10.44,213952,10.44
2009-02-25,10.4,10.4,10.36,10.355,22509,10.355
2009-02-26,10.28,10.28,10.22,10.21,1756,10.21
2009-02-27,10.6,10.6,10.165,10.185,56913,10.185
2009-03-02,10.22,10.28,10.215,10.27,38193,10.27
2009-03-03,10.19,10.25,10.19,10.26,12134,10.26
2009-03-04,10.65,10.65,10.02,10.025,93826,10.025
2009-03-05,10.015,10.415,10.015,10.275,80825,10.275
2009-03-06,10.01,10.495,10.01,10.49,94146,10.49
2009-03-09,10.555,10.555,10.28,10.295,345143,10.295
2009-03-10,10.8,10.8,10.24,10.23,93726,10.23
2009-03-11,10.265,10.265,10.18,10.255,23544,10.255
2009-03-12,10.355,10.37,10.285,10.335,178605,10.335
2009-03-13,10.325,10.325,10.26,10.3,302873,10.3
2009-03-16,10.305,10.305,10.17,10.17,126399,10.17
2009-03-17,10.125,10.26,10.125,10.22,102325,10.22
2009-03-18,10.67,10.67,10.275,10.3,152205,10.3
2009-03-19,10.34,10.475,10.34,10.47,189251,10.47
2009-03-20,10.49,10.57,10.47,10.53,210639,10.53
2009-03-23,10.46,10.55,10.405,10.43,7937,10.43
2009-03-24,10.36,10.45,10.3,10.31,362188,10.31
2009-03-25,10.31,10.44,10.15,10.44,276139,10.44
2009-03-26,10.295,10.415,10.295,10.405,120177,10.405
2009-03-27,10.425,10.435,10.365,10.4,122870,10.4
2009-03-30,10.41,10.54,10.41,10.475,206273,10.475
2009-03-31,10.53,10.54,10.49,10.53,107414,10.53
2009-04-01,10.57,10.68,10.53,10.61,121386,10.61
2009-04-02,10.65,10.65,10.36,10.38,131486,10.38
2009-04-03,10.355,10.455,10.35,10.37,223372,10.37
2009-04-06,10.37,10.535,10.33,10.425,401438,10.425
2009-04-07,10.395,10.56,10.395,10.48,126896,10.48
2009-04-08,10.53,10.605,10.48,10.525,211306,10.525
2009-04-09,10.54,10.59,10.535,10.56,113870,10.56
2009-04-14,10.675,10.71,10.62,10.62,128743,10.62
2009-04-15,10.665,10.665,10.54,10.525,98711,10.525
2009-04-16,10.525,10.59,10.51,10.595,124365,10.595
2009-04-17,10.9,10.9,10.43,10.43,105508,10.43
2009-04-20,10.485,10.69,10.485,10.63,12786,10.63
2009-04-21,10.65,10.715,10.56,10.56,17273,10.56
2009-04-22,10.1,10.53,10.1,10.47,122348,10.47
2009-04-23,10.395,10.485,10.395,10.45,9901,10.45
2009-04-24,10.43,10.565,10.42,10.56,117702,10.56
2009-04-27,10.615,10.66,10.58,10.57,66384,10.57
2009-04-28,10.535,10.85,10.435,10.485,179194,10.485
2009-04-29,10.445,10.505,10.43,10.445,10618,10.445
2009-04-30,10.78,10.78,10.32,10.42,580155,10.42
2009-05-01,10.49,10.51,10.38,10.38,65709,10.38
2009-05-05,10.42,10.47,10.355,10.43,115413,10.43
2009-05-06,10.44,10.47,10.4,10.39,47721,10.39
2009-05-07,10.35,10.38,10.2,10.365,75578,10.365
2009-05-08,10.335,10.375,10.27,10.375,4342,10.375
2009-05-11,10.4,10.47,10.395,10.44,1684,10.44
2009-05-12,10.435,10.52,10.39,10.49,180194,10.49
2009-05-13,10.545,10.7,10.525,10.62,500,10.62
2009-05-14,10.63,10.705,10.58,10.635,213199,10.635
2009-05-15,10.635,10.67,10.545,10.57,34298,10.57
2009-05-18,10.61,10.725,10.61,10.675,145158,10.675
2009-05-19,10.615,10.88,10.6,10.71,12092,10.71
2009-05-20,10.715,10.725,10.57,10.585,198388,10.585
2009-05-21,10.585,10.585,10.415,10.545,52661,10.545
2009-05-22,10.15,10.57,10.15,10.47,200,10.47
2009-05-26,10.11,10.635,10.11,10.605,155,10.605
2009-05-27,10.555,10.665,10.52,10.53,232874,10.53
2009-05-28,10.54,10.57,10.4,10.55,191180,10.55
2009-05-29,10.635,10.645,10.55,10.58,260180,10.58
2009-06-01,10.545,10.59,10.51,10.57,83490,10.57
2009-06-02,10.85,10.85,10.45,10.47,16959,10.47
2009-06-03,10.435,10.605,10.435,10.57,64512,10.57
2009-06-04,10.555,10.63,10.475,10.48,125585,10.48
2009-06-05,10.55,10.55,10.41,10.47,58393,10.47
2009-06-08,10.02,10.575,10.02,10.51,34918,10.51
2009-06-09,10.52,10.565,10.48,10.53,211755,10.53
2009-06-10,10.78,10.78,10.425,10.435,125059,10.435
2009-06-11,10.39,10.52,10.3,10.385,22947,10.385
2009-06-12,10.39,10.45,10.33,10.39,169448,10.39
2009-06-15,10.41,10.46,10.4,10.465,55822,10.465
2009-06-16,10.41,10.545,10.41,10.5,400545,10.5
2009-06-17,10.515,10.63,10.5,10.59,281066,10.59
2009-06-18,10.1,10.655,10.1,10.535,1380,10.535
2009-06-19,10.495,10.495,10.495,10.58,91474,10.58
2009-06-22,10.54,10.54,10.54,10.615,26695,10.615
2009-06-23,10.575,10.575,10.575,10.6075,9019,10.6075
2009-06-24,10.66,10.685,10.53,10.685,67492,10.685
2009-06-25,10.5,10.755,10.5,10.725,159582,10.725
2009-06-26,10.655,10.765,10.635,10.75,65438,10.75
2009-06-29,10.745,10.845,10.745,10.845,15120,10.845
2009-06-30,10.77,10.795,10.69,10.78,34060,10.78
2009-07-01,10.7,10.755,10.625,10.67,107803,10.67
2009-07-02,10.755,10.765,10.625,10.77,169312,10.77
2009-07-03,10.66,10.79,10.66,10.775,6839,10.775
2009-07-06,10.84,10.85,10.78,10.8075,48002,10.8075
2009-07-07,10.805,10.89,10.785,10.8625,3863,10.8625
2009-07-08,11.11,11.11,10.81,10.83,6831,10.83
2009-07-09,10.87,10.87,10.66,10.695,51619,10.695
2009-07-10,10.64,10.8,10.63,10.77,48204,10.77
2009-07-13,10.82,10.875,10.815,10.8475,105056,10.8475
2009-07-14,10.46,10.8,10.46,10.7125,3505,10.7125
2009-07-15,10.655,10.665,10.575,10.5925,4421,10.5925
2009-07-16,10.555,10.63,10.515,10.63,85811,10.63
2009-07-17,10.67,10.675,10.595,10.6125,126991,10.6125
2009-07-20,10.58,10.595,10.545,10.57,108950,10.57
2009-07-21,10.595,10.595,10.48,10.54,35,10.54
2009-07-22,10.55,10.61,10.425,10.46,292529,10.46
2009-07-23,10.1,10.49,10.1,10.38,153090,10.38
2009-07-24,10.41,10.45,10.37,10.42,1541,10.42
2009-07-27,10.44,10.49,10.4,10.485,44106,10.485
2009-07-28,10.465,10.525,10.44,10.52,66668,10.52
2009-07-29,10.46,10.515,10.455,10.495,4071,10.495
2009-07-30,10.44,10.575,10.44,10.535,11781,10.535
2009-07-31,10.59,10.705,10.58,10.65,72993,10.65
2009-08-03,10.6,10.635,10.515,10.5325,83779,10.5325
2009-08-04,10.545,10.665,10.5,10.57,109107,10.57
2009-08-05,10.585,10.66,10.525,10.62,5188,10.62
2009-08-06,10.605,10.84,10.58,10.76,12326,10.76
2009-08-07,10.8,10.855,10.66,10.765,46,10.765
2009-08-10,10.735,10.785,10.735,10.7303,39692,10.7303
2009-08-11,10.78,10.78,10.655,10.69,55613,10.69
2009-08-12,10.685,10.74,10.685,10.71,2197,10.71
2009-08-13,10.71,10.775,10.67,10.76,2822,10.76
2009-08-14,10.82,10.885,10.795,10.885,72254,10.885
2009-08-17,10.89,10.98,10.875,10.945,1996,10.945
2009-08-18,10.955,10.98,10.87,10.89,5943,10.89
2009-08-19,10.91,10.98,10.91,10.925,3766,10.925
2009-08-20,10.91,10.94,10.87,10.9,7193,10.9
2009-08-21,10.935,10.935,10.84,10.904,45111,10.904
2009-08-24,10.89,10.95,10.89,10.94,151312,10.94
2009-08-25,10.96,11.055,10.955,11.029,64042,11.029
2009-08-26,11.065,11.065,10.8,10.8,28048,10.8
2009-08-27,10.985,11.015,10.95,11,272130,11
2009-08-28,10.98,11.015,10.93,10.965,56769,10.965
2009-09-01,10.96,11.05,10.915,10.96,46392,10.96
2009-09-02,10.96,11.015,10.96,10.98,93467,10.98
2009-09-03,10.93,10.955,10.895,10.91,128416,10.91
2009-09-04,10.86,10.99,10.83,10.9,104948,10.9
2009-09-07,10.85,10.96,10.85,10.935,47448,10.935
2009-09-08,10.945,10.96,10.875,10.875,48779,10.875
2009-09-09,10.935,10.935,10.81,10.81,99939,10.81
2009-09-10,10.855,10.945,10.85,10.895,78450,10.895
2009-09-11,10.82,11,10.82,11.004,34044,11.004
2009-09-14,11.025,11.035,10.98,11.035,47381,11.035
2009-09-15,10.98,11.05,10.97,11.02,132572,11.02
2009-09-16,11.02,11.045,10.855,11.02,119348,11.02
2009-09-17,10.895,10.9,10.81,10.845,69562,10.845
2009-09-18,10.9,10.93,10.85,10.8896,127780,10.8896
2009-09-21,10.865,10.9,10.84,10.8847,178778,10.8847
2009-09-22,10.87,10.87,10.79,10.79,52616,10.79
2009-09-23,10.8,10.84,10.755,10.82,34783,10.82
2009-09-24,10.9,10.96,10.825,10.985,66280,10.985
2009-09-25,10.99,11.035,10.95,11,106104,11
2009-09-28,11.065,11.065,10.975,11.005,49359,11.005
2009-09-29,11,11.04,10.97,11.04,78917,11.04
2009-09-30,11.05,11.085,11.02,11.05,130294,11.05
2009-10-01,11.055,11.175,11.005,11.2,157217,11.2
2009-10-02,11.22,11.25,11.1,11.23,45548,11.23
2009-10-05,11.2,11.275,11.185,11.225,268641,11.225
2009-10-06,11.2,11.29,11.2,11.275,74012,11.275
2009-10-07,11.26,11.335,11.255,11.29,239016,11.29
2009-10-08,11.32,11.39,11.305,11.38,55515,11.38
2009-10-09,10.81,11.4,10.81,11.26,70013,11.26
2009-10-12,11.315,11.4,11.265,11.4,38563,11.4
2009-10-13,11.345,11.375,11.295,11.33,84736,11.33
2009-10-14,11.35,11.35,11.23,11.25,56586,11.25
2009-10-15,11.245,11.345,11.215,11.26,204599,11.26
2009-10-16,11.29,11.31,11.185,11.29,150279,11.29
2009-10-19,11.255,11.31,11.215,11.265,93002,11.265
2009-10-20,11.285,11.355,11.27,11.34,64997,11.34
2009-10-21,11.38,11.38,11.175,11.18,103863,11.18
2009-10-22,11.165,11.24,11.165,11.196,319965,11.196
2009-10-23,11.19,11.345,11.1,11.255,85958,11.255
2009-10-26,11.23,11.28,11.185,11.27,64652,11.27
2009-10-27,11.27,11.375,11.245,11.3264,76420,11.3264
2009-10-28,11.32,11.32,11.22,11.265,45791,11.265
2009-10-29,11.285,11.285,11.135,11.1886,71472,11.1886
2009-10-30,11.195,11.29,11.17,11.2536,41384,11.2536
2009-11-02,11.24,11.24,11.145,11.2,41028,11.2
2009-11-03,11.2,11.23,11.095,11.1386,85645,11.1386
2009-11-04,11.1,11.12,11.045,11.08,75136,11.08
2009-11-05,11.115,11.15,11.035,11.1236,53015,11.1236
2009-11-06,11.11,11.16,11.095,11.09,37456,11.09
2009-11-09,11.12,11.21,11.12,11.19,51309,11.19
2009-11-10,11.18,11.31,11.18,11.31,73754,11.31
2009-11-11,11.29,11.36,11.245,11.295,116676,11.295
2009-11-12,11.33,11.355,11.19,11.2364,171416,11.2364
2009-11-13,11.265,11.31,11.185,11.1875,101304,11.1875
2009-11-16,10.955,11.28,10.955,11.2154,126468,11.2154
2009-11-17,11.305,11.365,11.25,11.3584,107783,11.3584
2009-11-18,11.365,11.365,11.295,11.3534,129378,11.3534
2009-11-19,11.255,11.375,11.255,11.35,83741,11.35
2009-11-20,11.335,11.37,11.25,11.335,97237,11.335
2009-11-23,11.355,11.355,11.27,11.275,201021,11.275
2009-11-24,11.335,11.335,11.24,11.27,81221,11.27
2009-11-25,11.27,11.335,11.24,11.28,86491,11.28
2009-11-26,11.345,11.57,11.31,11.37,60993,11.37
2009-11-27,11.385,11.385,11.28,11.32,156827,11.32
2009-11-30,11.39,11.4,11.27,11.37,823655,11.37
2009-12-01,11.43,11.43,11.295,11.36,74816,11.36
2009-12-02,11.3,11.34,11.28,11.325,234831,11.325
2009-12-03,11.27,11.325,11.235,11.29,88953,11.29
2009-12-04,11.31,11.38,11.06,11.2714,184576,11.2714
2009-12-07,11.27,11.35,11.25,11.32,387428,11.32
2009-12-08,11.315,11.38,11.28,11.31,177078,11.31
2009-12-09,11.28,11.395,11.255,11.37,295158,11.37
2009-12-10,11.3,11.3,11.195,11.195,310284,11.195
2009-12-11,11.205,11.265,11.185,11.196,183007,11.196
2009-12-14,11.195,11.275,11.195,11.256,32469,11.256
2009-12-15,11.275,11.285,11.24,11.244,133613,11.244
2009-12-16,11.24,11.305,11.19,11.26,113118,11.26
2009-12-17,11.29,11.33,11.265,11.3138,99529,11.3138
2009-12-18,11.305,11.41,11.305,11.38,280333,11.38
2009-12-21,11.36,11.36,11.215,11.2312,450768,11.2312
2009-12-22,11.195,11.265,11.15,11.15,147102,11.15
2009-12-23,11.17,11.17,11.105,11.0842,274090,11.0842
2009-12-24,11.095,11.095,11.025,11.117,31533,11.117
2009-12-29,11.01,11.055,10.97,10.975,49335,10.975
2009-12-30,10.97,11.055,10.97,11.0164,120923,11.0164
2009-12-31,11.055,11.085,11.02,11.122,18534,11.122
2010-01-04,11.135,11.24,11.08,11.2036,49091,11.2036
2010-01-05,11.14,11.165,11.1,11.1367,171739,11.1367
2010-01-06,11.15,11.205,11.105,11.125,138465,11.125
2010-01-07,11.095,11.17,11.095,11.125,90419,11.125
2010-01-08,11.125,11.2,11.115,11.1888,41326,11.1888
2010-01-11,11.155,11.275,11.155,11.2738,93409,11.2738
2010-01-12,11.28,11.295,11.225,11.2538,36215,11.2538
2010-01-13,11.22,11.27,11.195,11.215,93559,11.215
2010-01-14,11.205,11.27,11.195,11.2488,67090,11.2488
2010-01-15,11.27,11.275,11.205,11.275,75558,11.275
2010-01-18,11.28,11.3,11.215,11.24,569667,11.24
2010-01-19,11.21,11.23,11.12,11.145,217621,11.145
2010-01-20,11.18,11.185,11.115,11.1488,114018,11.1488
2010-01-21,11.145,11.24,11.1,11.23,143432,11.23
2010-01-22,11.26,11.26,11.17,11.17,98958,11.17
2010-01-25,11.27,11.27,11.135,11.18,41320,11.18
2010-01-26,11.275,11.275,11.16,11.2,325656,11.2
2010-01-27,11.175,11.21,11.1,11.145,227059,11.145
2010-01-28,11.145,11.15,11.06,11.08,195621,11.08
2010-01-29,11.135,11.15,11.05,11.1394,280979,11.1394
2010-02-01,11.14,11.155,11.105,11.1218,75112,11.1218
2010-02-02,11.135,11.18,11.105,11.1294,120808,11.1294
2010-02-03,11.155,11.155,11.065,11.12,106664,11.12
2010-02-04,11.12,11.155,11.08,11.11,202649,11.11
2010-02-05,11.05,11.17,11.05,11.12,85704,11.12
2010-02-08,11.12,11.12,11.025,11.0488,44248,11.0488
2010-02-09,11.025,11.025,10.92,10.985,416089,10.985
2010-02-10,10.995,11.04,10.965,10.951,121371,10.951
2010-02-11,10.95,10.95,10.81,10.82,154371,10.82
2010-02-12,10.805,10.835,10.735,10.801,131749,10.801
2010-02-15,10.81,10.86,10.78,10.855,141008,10.855
2010-02-16,10.845,10.9,10.825,10.8988,272689,10.8988
2010-02-17,10.905,10.93,10.85,10.939,48104,10.939
2010-02-18,10.925,10.925,10.87,10.88,60724,10.88
2010-02-19,10.835,10.86,10.8,10.82,171386,10.82
2010-02-22,10.77,10.855,10.77,10.8362,54126,10.8362
2010-02-23,10.875,10.905,10.84,10.8788,64316,10.8788
2010-02-24,10.835,10.995,10.835,10.97,101274,10.97
2010-02-25,11.015,11.03,10.985,11.001,50442,11.001
2010-02-26,11.03,11.085,10.97,11.085,149851,11.085
2010-03-01,11.015,11.035,10.955,11.04,347569,11.04
2010-03-02,11.5,11.5,11.045,11.159,52173,11.159
2010-03-03,11.16,11.16,11.105,11.139,39540,11.139
2010-03-04,11.125,11.205,11.105,11.2092,150438,11.2092
2010-03-05,11.165,11.205,11.07,11.07,78939,11.07
2010-03-08,11.04,11.06,10.98,10.985,60253,10.985
2010-03-09,10.975,11.075,10.975,11.04,59779,11.04
2010-03-10,11.065,11.07,11.02,11.04,40104,11.04
2010-03-11,11.025,11.025,10.93,10.9175,89736,10.9175
2010-03-12,10.935,11.01,10.91,11,89461,11
2010-03-15,11.035,11.065,11.015,11.05,75351,11.05
2010-03-16,11.035,11.125,11,11.125,222285,11.125
2010-03-17,11.145,11.19,11.115,11.18,163106,11.18
2010-03-18,11.16,11.26,11.15,11.18,101798,11.18
2010-03-19,11.15,11.225,11.15,11.1808,789177,11.1808
2010-03-22,11.21,11.225,11.18,11.2,27659,11.2
2010-03-23,11.205,11.245,11.19,11.24,200903,11.24
2010-03-24,11.215,11.235,11.14,11.165,188284,11.165
2010-03-25,11.115,11.205,11.105,11.2,230018,11.2
2010-03-26,11.165,11.24,11.165,11.24,433379,11.24
2010-03-29,11.245,11.35,11.2,11.3192,138508,11.3192
2010-03-30,11.32,11.365,11.235,11.2648,173129,11.2648
2010-03-31,11.3,11.38,11.25,11.33,385095,11.33
2010-04-01,11.36,11.435,11.295,11.41,98422,11.41
2010-04-06,11.4,11.4,11.31,11.3104,176360,11.3104
2010-04-07,11.38,11.38,11.27,11.305,604035,11.305
2010-04-08,11.33,11.38,11.31,11.38,134964,11.38
2010-04-09,11.405,11.405,11.29,11.3438,235042,11.3438
2010-04-12,11.31,11.365,11.285,11.33,78795,11.33
2010-04-13,11.365,11.39,11.315,11.35,106526,11.35
2010-04-14,11.33,11.4,11.315,11.39,136747,11.39
2010-04-15,11.375,11.375,11.275,11.31,157214,11.31
2010-04-16,11.305,11.36,11.3,11.36,129137,11.36
2010-04-19,11.275,11.34,11.265,11.3294,69992,11.3294
2010-04-20,11.31,11.36,11.29,11.359,128004,11.359
2010-04-21,11.35,11.4,11.31,11.355,76073,11.355
2010-04-22,11.37,11.38,11.31,11.38,56771,11.38
2010-04-23,11.335,11.335,11.22,11.235,180691,11.235
2010-04-26,11.26,11.305,11.2,11.2,204251,11.2
2010-04-27,11.22,11.26,11.165,11.255,96385,11.255
2010-04-28,11.235,11.24,11.15,11.2193,47563,11.2193
2010-04-29,11.245,11.245,11.145,11.2092,95361,11.2092
2010-04-30,11.205,11.32,11.19,11.3144,56390,11.3144
2010-05-04,10.75,11.43,10.75,11.3692,70847,11.3692
2010-05-05,11.33,11.35,11.27,11.28,69241,11.28
2010-05-06,11.325,11.375,11.26,11.37,149918,11.37
2010-05-07,11.33,11.43,11.19,11.4,240635,11.4
2010-05-10,12,12,11.24,11.29,214923,11.29
2010-05-11,11.24,11.31,11.14,11.32,411587,11.32
2010-05-12,11.275,11.32,11.26,11.2509,108135,11.2509
2010-05-13,11.25,11.32,11.22,11.2198,86484,11.2198
2010-05-14,11.21,11.305,11.21,11.265,229707,11.265
2010-05-17,11.255,11.255,11.175,11.195,419846,11.195
2010-05-18,11.18,11.24,11.16,11.2053,520237,11.2053
2010-05-19,11.27,11.285,11.195,11.26,551059,11.26
2010-05-20,11.255,11.41,11.205,11.34,122872,11.34
2010-05-21,11.335,11.43,11.335,11.3422,90052,11.3422
2010-05-24,11.335,11.37,11.32,11.32,41236,11.32
2010-05-25,11.38,11.44,11.35,11.36,107895,11.36
2010-05-26,11.33,11.33,11.19,11.33,128464,11.33
2010-05-27,11.18,11.31,11.175,11.28,468535,11.28
2010-05-28,11.3,11.34,11.27,11.295,346321,11.295
2010-06-01,11.33,11.38,11.285,11.36,118654,11.36
2010-06-02,11.32,11.46,11.32,11.425,89898,11.425
2010-06-03,11.33,11.34,11.25,11.2693,146462,11.2693
2010-06-04,11.27,11.34,11.23,11.322,77366,11.322
2010-06-07,11.4,11.4,11.295,11.301,78201,11.301
2010-06-08,11.29,11.33,11.22,11.23,367534,11.23
2010-06-09,11.23,11.245,11.18,11.177,44295,11.177
2010-06-10,11.22,11.275,11.19,11.24,141115,11.24
2010-06-11,11.22,11.35,11.2,11.3552,148913,11.3552
2010-06-14,11.75,11.75,11.19,11.21,108589,11.21
2010-06-15,11.275,11.275,11.145,11.1685,153218,11.1685
2010-06-16,11.25,11.25,11.17,11.2,91254,11.2
2010-06-17,11.19,11.38,11.19,11.3232,92984,11.3232
2010-06-18,11.395,11.395,11.235,11.27,199853,11.27
2010-06-21,11.23,11.41,11.23,11.3965,307676,11.3965
2010-06-22,11.44,11.495,11.395,11.47,152075,11.47
2010-06-23,11.585,11.585,11.375,11.389,248957,11.389
2010-06-24,11.425,11.505,11.415,11.47,131558,11.47
2010-06-25,11.405,11.46,11.39,11.445,432760,11.445
2010-06-28,11.43,11.44,11.385,11.404,133785,11.404
2010-06-29,11.48,11.48,11.325,11.3265,169762,11.3265
2010-06-30,11.34,11.47,11.34,11.4475,121429,11.4475
2010-07-01,11.38,11.575,11.38,11.53,172943,11.53
2010-07-02,11.49,11.505,11.42,11.48,96860,11.48
2010-07-05,11.47,11.53,11.47,11.5268,158763,11.5268
2010-07-06,11.515,11.515,11.395,11.44,403730,11.44
2010-07-07,11.46,11.48,11.385,11.4115,64235,11.4115
2010-07-08,11.395,11.46,11.35,11.425,130649,11.425
2010-07-09,11.36,11.38,11.25,11.34,152404,11.34
2010-07-12,11.4,11.4,11.295,11.31,122604,11.31
2010-07-13,11.35,11.38,11.28,11.35,251076,11.35
2010-07-14,11.37,11.385,11.33,11.3586,151522,11.3586
2010-07-15,11.34,11.35,11.28,11.32,214388,11.32
2010-07-16,11.34,11.36,11.29,11.345,95464,11.345
2010-07-19,11.36,11.36,11.27,11.29,31260,11.29
2010-07-20,11.305,11.305,11.21,11.265,104538,11.265
2010-07-21,11.21,11.26,11.175,11.2,96548,11.2
2010-07-22,11.21,11.21,11.11,11.15,119917,11.15
2010-07-23,11.135,11.165,11.07,11.15,151586,11.15
2010-07-26,11.11,11.145,11.075,11.09,89130,11.09
2010-07-27,11.07,11.105,10.985,11.051,182522,11.051
2010-07-28,11.03,11.095,11.03,11.0564,120751,11.0564
2010-07-29,11.1,11.135,11.07,11.14,126889,11.14
2010-07-30,11.185,11.27,11.185,11.245,69838,11.245
2010-08-02,11.13,11.285,11.13,11.265,43369,11.265
2010-08-03,11.3,11.385,11.29,11.34,192429,11.34
2010-08-04,11.345,11.39,11.335,11.34,80193,11.34
2010-08-05,11.38,11.425,11.35,11.42,54068,11.42
2010-08-06,11.4,11.43,11.365,11.41,160828,11.41
2010-08-09,11.475,11.475,11.365,11.38,78549,11.38
2010-08-10,11.36,11.385,11.325,11.37,38787,11.37
2010-08-11,11.355,11.47,11.355,11.42,51066,11.42
2010-08-12,11.37,11.51,11.37,11.49,63909,11.49
2010-08-13,11.545,11.545,11.415,11.4925,29748,11.4925
2010-08-16,11.465,11.6,11.465,11.5861,62155,11.5861
2010-08-17,11.555,11.6,11.53,11.53,207739,11.53
2010-08-18,11.555,11.555,11.465,11.49,137348,11.49
2010-08-19,11.46,11.555,11.455,11.53,93455,11.53
2010-08-20,11.52,11.535,11.47,11.51,220647,11.51
2010-08-23,11.515,11.56,11.465,11.54,98005,11.54
2010-08-24,11.61,11.72,11.59,11.7,333254,11.7
2010-08-25,11.69,11.805,11.69,11.72,162687,11.72
2010-08-26,11.69,11.79,11.65,11.72,321293,11.72
2010-08-27,11.82,12,11.695,11.69,99586,11.69
2010-08-31,11.61,11.825,11.61,11.79,351303,11.79
2010-09-01,11.8,11.8,11.615,11.6544,381444,11.6544
2010-09-02,11.675,11.685,11.595,11.671,71302,11.671
2010-09-03,11.66,11.705,11.625,11.64,66278,11.64
2010-09-06,11.64,11.71,11.64,11.68,24953,11.68
2010-09-07,11.74,11.8,11.71,11.74,350918,11.74
2010-09-08,11.78,11.835,11.69,11.71,145093,11.71
2010-09-09,11.7,11.765,11.685,11.6987,186089,11.6987
2010-09-10,11.67,11.695,11.57,11.603,41340,11.603
2010-09-13,11.56,11.655,11.55,11.64,169379,11.64
2010-09-14,11.685,11.745,11.675,11.72,159488,11.72
2010-09-15,11.66,11.735,11.615,11.73,279916,11.73
2010-09-16,11.73,11.73,11.59,11.59,96704,11.59
2010-09-17,11.585,11.695,11.585,11.65,203327,11.65
2010-09-20,11.655,11.655,11.585,11.58,95086,11.58
2010-09-21,11.575,11.655,11.575,11.62,138087,11.62
2010-09-22,11.695,11.87,11.695,11.82,412827,11.82
2010-09-23,11.83,11.855,11.77,11.81,175184,11.81
2010-09-24,11.735,11.795,11.675,11.7,89787,11.7
2010-09-27,11.64,11.81,11.64,11.7721,38545,11.7721
2010-09-28,11.81,11.845,11.75,11.81,100401,11.81
2010-09-29,11.84,11.895,11.805,11.89,161955,11.89
2010-09-30,11.94,11.965,11.765,11.82,440073,11.82
2010-10-01,11.84,11.84,11.71,11.82,167056,11.82
2010-10-04,11.865,11.875,11.745,11.77,101942,11.77
2010-10-05,11.78,11.815,11.695,11.7,227675,11.7
2010-10-06,11.73,11.815,11.73,11.79,210284,11.79
2010-10-07,11.79,11.825,11.75,11.7889,52171,11.7889
2010-10-08,11.83,11.945,11.805,11.91,371481,11.91
2010-10-11,11.9,11.9,11.85,11.88,96705,11.88
2010-10-12,11.94,11.965,11.895,11.96,167990,11.96
2010-10-13,11.925,11.985,11.915,11.95,57146,11.95
2010-10-14,11.94,11.98,11.905,11.9,409179,11.9
2010-10-15,11.91,11.91,11.735,11.75,175376,11.75
2010-10-18,11.795,11.795,11.71,11.76,326948,11.76
2010-10-19,11.86,11.86,11.66,11.7,121311,11.7
2010-10-20,11.775,11.775,11.7,11.77,85897,11.77
2010-10-21,11.81,11.905,11.8,11.8575,115183,11.8575
2010-10-22,11.79,11.865,11.775,11.77,117064,11.77
2010-10-25,11.825,11.84,11.785,11.8,100736,11.8
2010-10-26,11.78,11.795,11.645,11.67,151047,11.67
2010-10-27,11.435,11.505,11.355,11.4,399862,11.4
2010-10-28,11.495,11.495,11.385,11.4,215284,11.4
2010-10-29,11.34,11.52,11.34,11.52,162427,11.52
2010-11-01,11.53,11.63,11.525,11.53,87451,11.53
2010-11-02,11.525,11.58,11.51,11.51,89010,11.51
2010-11-03,11.55,11.585,11.535,11.56,262551,11.56
2010-11-04,11.555,11.605,11.45,11.6,97832,11.6
2010-11-05,11.6,11.6,11.5,11.56,103329,11.56
2010-11-08,11.595,11.595,11.48,11.54,42009,11.54
2010-11-09,11.615,11.615,11.53,11.54,166434,11.54
2010-11-10,11.55,11.555,11.405,11.47,394565,11.47
2010-11-11,11.48,11.575,11.47,11.55,89426,11.55
2010-11-12,11.605,11.625,11.53,11.57,129577,11.57
2010-11-15,11.57,11.595,11.48,11.56,261123,11.56
2010-11-16,11.525,11.595,11.455,11.45,489231,11.45
2010-11-17,11.485,11.515,11.435,11.44,72016,11.44
2010-11-18,11.405,11.415,11.335,11.34,127722,11.34
2010-11-19,11.365,11.41,11.35,11.39,206679,11.39
2010-11-22,11.385,11.545,11.385,11.52,61617,11.52
2010-11-23,11.56,11.605,11.51,11.6122,73952,11.6122
2010-11-24,11.59,11.6,11.46,11.51,51080,11.51
2010-11-25,11.53,11.565,11.45,11.48,219760,11.48
2010-11-26,11.555,11.605,11.47,11.49,206527,11.49
2010-11-29,11.78,11.78,11.385,11.39,189891,11.39
2010-11-30,11.435,11.51,11.42,11.51,229935,11.51
2010-12-01,11.42,11.465,11.37,11.41,456048,11.41
2010-12-02,11.39,11.43,11.31,11.37,84154,11.37
2010-12-03,11.345,11.41,11.31,11.385,65288,11.385
2010-12-06,11.405,11.415,11.345,11.395,62603,11.395
2010-12-07,11.335,11.375,11.29,11.32,283018,11.32
2010-12-08,11.25,11.365,11.205,11.31,278128,11.31
2010-12-09,11.32,11.51,11.32,11.48,258198,11.48
2010-12-10,11.45,11.5,11.425,11.45,168054,11.45
2010-12-13,11.455,11.47,11.37,11.415,139649,11.415
2010-12-14,11.455,11.48,11.405,11.42,156550,11.42
2010-12-15,11.37,11.44,11.36,11.393,117952,11.393
2010-12-16,11.8,11.8,11.355,11.41,135313,11.41
2010-12-17,11.505,11.6,11.485,11.502,290676,11.502
2010-12-20,11.555,11.655,11.52,11.63,91752,11.63
2010-12-21,11.615,11.635,11.56,11.59,86341,11.59
2010-12-22,11.595,11.65,11.575,11.58,58321,11.58
2010-12-23,11.59,11.645,11.57,11.59,125553,11.59
2010-12-24,11.7,11.95,11.1,11.6,23160,11.6
2010-12-29,11.52,11.535,11.445,11.53,61389,11.53
2010-12-30,11.6,11.695,11.585,11.6843,154131,11.6843
2010-12-31,11.725,11.81,11.725,11.81,8366,11.81
2011-01-04,11.76,11.76,11.615,11.67,104680,11.67
2011-01-05,11.68,11.715,11.505,11.52,197479,11.52
2011-01-06,11.525,11.615,11.505,11.61,328163,11.61
2011-01-07,11.605,11.67,11.565,11.61,172200,11.61
2011-01-10,11.555,11.61,11.5,11.598,143122,11.598
2011-01-11,11.57,11.615,11.49,11.53,100326,11.53
2011-01-12,11.545,11.555,11.495,11.49,120811,11.49
2011-01-13,11.51,11.56,11.48,11.51,185749,11.51
2011-01-14,11.535,11.535,11.445,11.478,29030,11.478
2011-01-17,11.52,11.52,11.41,11.4637,78683,11.4637
2011-01-18,11.405,11.48,11.37,11.42,295076,11.42
2011-01-19,11.44,11.465,11.4,11.45,119651,11.45
2011-01-20,11.465,11.465,11.355,11.4,54006,11.4
2011-01-21,11.36,11.4,11.34,11.37,168487,11.37
2011-01-24,11.405,11.42,11.36,11.386,74344,11.386
2011-01-25,11.41,11.505,11.39,11.4285,109963,11.4285
2011-01-26,11.435,11.47,11.37,11.46,101535,11.46
2011-01-27,11.46,11.465,11.38,11.44,127165,11.44
2011-01-28,11.485,11.525,11.44,11.509,205423,11.509
2011-01-31,11.495,11.535,11.47,11.515,94521,11.515
2011-02-01,11.465,11.49,11.435,11.4525,257967,11.4525
2011-02-02,11.495,11.5,11.435,11.47,496553,11.47
2011-02-03,11.46,11.515,11.425,11.475,97861,11.475
2011-02-04,11.46,11.505,11.41,11.44,94229,11.44
2011-02-07,11.365,11.435,11.365,11.3875,15200,11.3875
2011-02-08,11.475,11.475,11.37,11.415,98217,11.415
2011-02-09,11.4,11.42,11.37,11.39,160186,11.39
2011-02-10,11.43,11.45,11.39,11.435,76395,11.435
2011-02-11,11.395,11.49,11.395,11.415,169476,11.415
2011-02-14,11.4797,11.515,11.376,11.4797,129867,11.4797
2011-02-15,11.47,11.485,11.375,11.47,71421,11.47
2011-02-16,11.45,11.535,11.405,11.45,193339,11.45
2011-02-17,11.45,11.64,11.425,11.64,38160,11.64
2011-02-18,11.425,11.497,11.38,11.48,136501,11.48
2011-02-21,11.505,11.54,11.488,11.52,56877,11.52
2011-02-22,11.51,11.611,11.51,11.585,104919,11.585
2011-02-23,11.59,11.635,11.55,11.63,291941,11.63
2011-02-24,11.66,11.71,11.625,11.66,52003,11.66
2011-02-25,11.6,11.65,11.595,11.65,77595,11.65
2011-02-28,11.68,11.717,11.63,11.7,237246,11.7
2011-03-01,11.655,11.88,11.643,11.88,315105,11.88
2011-03-02,11.78,11.78,11.66,11.66,81383,11.66
2011-03-03,11.63,11.655,11.575,11.63,187187,11.63
2011-03-04,11.635,11.735,11.614,11.69,163738,11.69
2011-03-07,11.68,11.685,11.585,11.68,114464,11.68
2011-03-08,11.68,11.737,11.63,11.68,65915,11.68
2011-03-09,11.68,11.71,11.642,11.68,136285,11.68
2011-03-10,11.72,11.77,11.693,11.72,253560,11.72
2011-03-11,11.72,11.81,11.69,11.72,73158,11.72
2011-03-14,11.7582,11.975,11.66,11.7582,62125,11.7582
2011-03-15,11.74,11.888,11.695,11.74,331272,11.74
2011-03-16,11.6816,11.85,11.68,11.85,278643,11.85
2011-03-17,11.8123,11.82,11.75,11.75,221680,11.75
2011-03-18,11.795,11.84,11.76,11.8,102550,11.8
2011-03-21,11.8142,11.822,11.749,11.8015,150544,11.8015
2011-03-22,11.7715,11.815,11.7,11.7815,259793,11.7815
2011-03-23,11.8282,11.85,11.782,11.8,405084,11.8
2011-03-24,11.8298,11.86,11.745,11.76,143438,11.76
2011-03-25,11.7281,11.82,11.727,11.78,62829,11.78
2011-03-28,11.7519,11.835,11.744,11.835,63828,11.835
2011-03-29,11.8328,11.86,11.75,11.75,316404,11.75
2011-03-30,11.76,11.78,11.727,11.77,236850,11.77
2011-03-31,11.8066,11.825,11.73,11.8,74783,11.8
2011-04-01,11.825,11.825,11.72,11.81,213491,11.81
2011-04-04,11.8417,11.842,11.765,11.8202,103094,11.8202
2011-04-05,11.823,11.867,11.78,11.79,589721,11.79
2011-04-06,11.72,11.838,11.72,11.78,352605,11.78
2011-04-07,11.74,11.815,11.72,11.815,102827,11.815
2011-04-08,11.7587,11.768,11.72,11.733,43792,11.733
2011-04-11,11.7417,11.742,11.685,11.7,405790,11.7
2011-04-12,11.7286,11.81,11.725,11.8,151661,11.8
2011-04-13,11.7951,11.797,11.745,11.78,143865,11.78
2011-04-14,11.835,11.865,11.78,11.795,52639,11.795
2011-04-15,11.8081,11.878,11.783,11.8784,34493,11.8784
2011-04-18,11.8752,11.96,11.835,11.86,59770,11.86
2011-04-19,11.8617,11.865,11.795,11.85,213406,11.85
2011-04-20,12.075,12.075,11.527,11.83,132826,11.83
2011-04-21,11.8165,11.915,11.807,11.9,173413,11.9
2011-04-26,12.16,12.16,11.896,11.98,97189,11.98
2011-04-27,11.7662,11.766,11.595,11.61,163905,11.61
2011-04-28,11.6686,11.76,11.636,11.76,280366,11.76
2011-05-03,11.8,11.81,11.752,11.8,64264,11.8
2011-05-04,11.7984,11.825,11.7,11.82,172847,11.82
2011-05-05,11.83,11.83,11.717,11.76,145125,11.76
2011-05-06,11.755,11.784,11.665,11.73,165698,11.73
2011-05-09,11.7295,11.745,11.69,11.73,59375,11.73
2011-05-10,11.415,11.8,11.415,11.73,77946,11.73
2011-05-11,11.855,11.855,11.655,11.72,49136,11.72
2011-05-12,11.7538,11.795,11.705,11.75,72317,11.75
2011-05-13,11.7412,11.805,11.704,11.8,71514,11.8
2011-05-16,11.8245,11.824,11.72,11.7489,36634,11.7489
2011-05-17,11.785,11.81,11.699,11.7921,103504,11.7921
2011-05-18,11.9,11.9,11.715,11.73,170700,11.73
2011-05-19,11.715,11.724,11.65,11.7,104752,11.7
2011-05-20,11.445,11.75,11.445,11.71,175416,11.71
2011-05-23,11.7279,11.759,11.685,11.71,53501,11.71
2011-05-24,11.68,11.805,11.672,11.78,63761,11.78
2011-05-25,11.8389,11.868,11.8,11.83,112271,11.83
2011-05-26,11.8108,11.895,11.8,11.87,22070,11.87
2011-05-27,11.8905,11.92,11.835,11.91,52727,11.91
2011-05-31,11.9164,11.93,11.87,11.925,63771,11.925
2011-06-01,11.9152,11.985,11.905,11.9666,82493,11.9666
2011-06-02,12.01,12.01,11.91,11.97,87926,11.97
2011-06-03,11.9352,12.015,11.915,11.93,120943,11.93
2011-06-06,12.19,12.19,11.915,11.98,128448,11.98
2011-06-07,12.04,12.064,11.946,11.99,112040,11.99
2011-06-08,11.9283,12.075,11.928,12.06,170178,12.06
2011-06-09,12.062,12.089,12.02,12.04,24009,12.04
2011-06-10,12.026,12.115,12.026,12.09,26271,12.09
2011-06-13,12.1008,12.115,12.04,12.07,70830,12.07
2011-06-14,12.0647,12.121,12.027,12.1,122738,12.1
2011-06-15,12.1108,12.17,12.061,12.15,144008,12.15
2011-06-16,12.55,12.55,12.085,12.14,354334,12.14
2011-06-17,12.1511,12.17,12.055,12.13,154594,12.13
2011-06-20,12.18,12.395,12.04,12.07,64028,12.07
2011-06-21,12.08,12.095,12.04,12.08,76363,12.08
2011-06-22,12.0994,12.18,12.05,12.08,201512,12.08
2011-06-23,12.0864,12.155,12.07,12.1479,553793,12.1479
2011-06-24,12.1345,12.18,12.105,12.155,401122,12.155
2011-06-27,12.1692,12.173,12.1,12.14,167347,12.14
2011-06-28,12.1888,12.189,12.03,12.03,97544,12.03
2011-06-29,12.045,12.055,11.945,12.01,113580,12.01
2011-06-30,12.04,12.085,11.98,12.03,56050,12.03
2011-07-01,11.8737,12.09,11.874,12.01,40722,12.01
2011-07-04,12.02,12.101,12.02,12.0504,240401,12.0504
2011-07-05,12.0802,12.125,12.056,12.1,68122,12.1
2011-07-06,12.11,12.17,12.07,12.1325,101611,12.1325
2011-07-07,12.065,12.135,12.04,12.09,103677,12.09
2011-07-08,12.0705,12.185,12.05,12.145,105354,12.145
2011-07-11,12.1658,12.265,12.145,12.21,357387,12.21
2011-07-12,12.5452,12.545,12.093,12.1925,108988,12.1925
2011-07-13,12.165,12.28,12.165,12.2,115969,12.2
2011-07-14,12.24,12.28,12.195,12.25,84165,12.25
2011-07-15,12.295,12.33,12.27,12.3,101214,12.3
2011-07-18,12.3644,12.386,12.31,12.345,43214,12.345
2011-07-19,12.3308,12.365,12.287,12.35,208976,12.35
2011-07-20,12.358,12.393,12.284,12.34,28523,12.34
2011-07-21,12.355,12.38,12.23,12.26,82561,12.26
2011-07-22,12.2246,12.34,12.2,12.33,175341,12.33
2011-07-25,12.4113,12.42,12.35,12.36,59016,12.36
2011-07-26,12.3564,12.563,12.19,12.23,67897,12.23
2011-07-27,12.6,12.6,12.21,12.26,112244,12.26
2011-07-28,12.3092,12.335,12.235,12.29,187804,12.29
2011-07-29,12.315,12.43,12.287,12.4,422985,12.4
2011-08-01,12.46,12.473,12.325,12.46,172669,12.46
2011-08-02,12.5252,12.525,12.39,12.46,115724,12.46
2011-08-03,12.57,12.635,12.47,12.48,209885,12.48
2011-08-04,12.43,12.628,12.415,12.62,135057,12.62
2011-08-05,12.5378,12.97,12.105,12.47,233161,12.47
2011-08-08,12.6574,12.657,12.384,12.45,199334,12.45
2011-08-09,12.3776,12.475,12.21,12.21,194511,12.21
2011-08-10,12.275,12.469,12.27,12.4694,262842,12.4694
2011-08-11,12.3944,12.479,12.315,12.37,577572,12.37
2011-08-12,12.4,12.545,12.35,12.48,45689,12.48
2011-08-15,12.485,12.55,12.433,12.52,219101,12.52
2011-08-16,12.515,12.546,12.443,12.52,216632,12.52
2011-08-17,12.52,12.684,12.52,12.64,186650,12.64
2011-08-18,12.7141,12.884,12.67,12.7791,153055,12.7791
2011-08-19,12.79,12.833,12.682,12.75,124460,12.75
2011-08-22,12.7996,12.82,12.697,12.81,228410,12.81
2011-08-23,12.7541,12.7541,12.677,12.677,239886,12.677
2011-08-24,12.686,12.704,12.57,12.615,137553,12.615
2011-08-25,12.5291,12.615,12.504,12.58,38408,12.58
2011-08-26,12.6,12.645,12.52,12.54,40548,12.54
2011-08-30,12.46,13.087,12.405,12.5105,46254,12.5105
2011-08-31,12.4805,12.545,12.28,12.34,297956,12.34
2011-09-01,12.2905,12.469,12.188,12.42,427534,12.42
2011-09-02,12.415,12.55,12.365,12.5,190865,12.5
2011-09-05,12.5555,12.623,12.515,12.573,61501,12.573
2011-09-06,12.62,12.62,12.455,12.54,80586,12.54
2011-09-07,12.49,13.035,12.478,12.55,279132,12.55
2011-09-08,12.575,12.657,11.655,12.62,55658,12.62
2011-09-09,12.6355,12.78,12.615,12.7527,137262,12.7527
2011-09-12,12.845,12.858,12.77,12.81,84137,12.81
2011-09-13,12.85,12.903,12.755,12.795,123412,12.795
2011-09-14,12.825,12.85,12.726,12.755,109870,12.755
2011-09-15,12.759,12.759,12.513,12.65,141945,12.65
2011-09-16,12.685,12.74,12.614,12.74,80730,12.74
2011-09-19,12.8194,12.865,12.78,12.809,156858,12.809
2011-09-20,12.835,12.835,12.736,12.77,84016,12.77
2011-09-21,12.665,12.755,12.6,12.65,54012,12.65
2011-09-22,12.78,12.815,12.715,12.75,121695,12.75
2011-09-23,12.77,12.888,12.7,12.74,178362,12.74
2011-09-26,12.7755,12.78,12.68,12.68,58256,12.68
2011-09-27,12.64,12.675,12.511,12.5759,221701,12.5759
2011-09-28,12.5525,12.725,12.538,12.66,170934,12.66
2011-09-29,12.69,12.8,12.643,12.71,106428,12.71
2011-09-30,12.8178,12.89,12.697,12.885,109059,12.885
2011-10-03,12.94,12.94,12.805,12.8455,98852,12.8455
2011-10-04,12.955,13.02,12.844,12.96,165877,12.96
2011-10-05,12.89,12.99,12.07,12.91,219995,12.91
2011-10-06,12.88,14.145,12.839,13.02,136193,13.02
2011-10-07,13.325,14.405,12.925,13.07,97954,13.07
2011-10-10,13.0641,13.134,12.87,12.89,81024,12.89
2011-10-11,12.855,12.946,12.702,12.72,140685,12.72
2011-10-12,12.785,12.785,12.58,12.6091,31418,12.6091
2011-10-13,12.595,12.769,12.595,12.705,79117,12.705
2011-10-14,12.6943,12.7,12.59,12.62,218190,12.62
2011-10-17,13.2325,13.233,12.551,12.69,70110,12.69
2011-10-18,12.7905,12.895,12.726,12.85,156474,12.85
2011-10-19,12.83,12.835,12.686,12.73,116428,12.73
2011-10-20,13.075,13.075,12.655,12.715,374421,12.715
2011-10-21,12.67,12.693,12.61,12.65,49438,12.65
2011-10-24,12.8,12.8,12.524,12.5291,374149,12.5291
2011-10-25,12.55,12.68,12.419,12.625,81594,12.625
2011-10-26,12.4,12.505,12.33,12.36,241739,12.36
2011-10-27,12.95,12.95,12.275,12.29,278928,12.29
2011-10-28,12.27,12.37,12.209,12.3059,78709,12.3059
2011-10-31,12.3676,12.549,12.362,12.5491,88806,12.5491
2011-11-01,12.7297,12.84,12.577,12.76,383191,12.76
2011-11-02,12.6505,12.837,12.644,12.81,154654,12.81
2011-11-03,12.91,12.91,12.695,12.77,197458,12.77
2011-11-04,12.7583,12.868,12.685,12.79,140462,12.79
2011-11-07,12.875,12.875,12.7,12.7555,22239,12.7555
2011-11-08,12.855,12.99,12.7,12.96,340556,12.96
2011-11-09,12.9196,13.115,12.893,12.97,146813,12.97
2011-11-10,13.03,13.11,12.915,13.04,88040,13.04
2011-11-11,13.07,13.215,12.96,13.04,223065,13.04
2011-11-14,13.0344,13.11,12.99,13.01,130022,13.01
2011-11-15,13.0694,13.111,12.985,13.06,247059,13.06
2011-11-16,13.0555,13.163,12.987,13.11,70868,13.11
2011-11-17,13.1523,13.19,13.05,13.09,157339,13.09
2011-11-18,13.155,13.185,13.01,13.05,60650,13.05
2011-11-21,13.09,13.14,12.97,12.99,202222,12.99
2011-11-22,12.951,13.285,12.887,13.2,86857,13.2
2011-11-23,13.295,13.365,13.198,13.36,50175,13.36
2011-11-24,13.2796,13.44,13.263,13.34,64225,13.34
2011-11-25,13.355,13.384,13.194,13.28,80432,13.28
2011-11-28,13.2207,13.39,13.189,13.3856,48550,13.3856
2011-11-29,13.47,13.535,13.41,13.5,74553,13.5
2011-11-30,13.555,13.625,13.277,13.3,295616,13.3
2011-12-01,13.2801,13.319,13.07,13.21,109398,13.21
2011-12-02,13.29,13.29,12.966,13.04,140918,13.04
2011-12-05,13.07,13.17,12.896,12.9063,101832,12.9063
2011-12-06,12.9444,13.21,12.895,13.18,65225,13.18
2011-12-07,13.175,13.231,13.06,13.13,281638,13.13
2011-12-08,13.23,13.23,12.97,13.01,61713,13.01
2011-12-09,13.225,13.225,12.93,12.9839,264397,12.9839
2011-12-12,13.0494,13.146,13.04,13.05,324626,13.05
2011-12-13,13.0662,13.16,12.989,13.07,84411,13.07
2011-12-14,13.0806,13.24,13.028,13.24,111968,13.24
2011-12-15,13.3,13.335,13.205,13.29,75009,13.29
2011-12-16,13.35,13.462,13.27,13.4506,44015,13.4506
2011-12-19,13.4806,13.53,13.394,13.53,134472,13.53
2011-12-20,13.5267,13.625,13.479,13.52,176165,13.52
2011-12-21,13.5299,13.629,13.465,13.519,28994,13.519
2011-12-22,13.5267,13.565,13.438,13.5312,33341,13.5312
2011-12-23,13.5406,13.647,13.51,13.575,51930,13.575
2011-12-28,13.455,13.635,13.455,13.61,53983,13.61
2011-12-29,13.53,13.69,13.53,13.65,57302,13.65
2011-12-30,13.67,13.699,13.564,13.595,27439,13.595
2012-01-03,13.575,13.575,13.405,13.47,151155,13.47
2012-01-04,13.5,13.55,13.395,13.505,78384,13.505
2012-01-05,13.4305,13.66,13.431,13.5906,69692,13.5906
2012-01-06,13.5566,13.772,13.305,13.7,144427,13.7
2012-01-09,13.73,13.73,13.634,13.6783,84908,13.6783
2012-01-10,13.62,13.685,13.545,13.56,100475,13.56
2012-01-11,13.57,13.628,13.5,13.6,44331,13.6
2012-01-12,13.6061,13.625,13.46,13.61,149841,13.61
2012-01-13,13.6258,13.775,13.576,13.72,76676,13.72
2012-01-16,13.71,13.79,13.685,13.73,62517,13.73
2012-01-17,13.7167,13.805,13.68,13.78,80414,13.78
2012-01-18,13.8077,13.828,13.725,13.76,79489,13.76
2012-01-19,13.75,13.78,13.655,13.695,105930,13.695
2012-01-20,13.63,13.72,13.53,13.59,91622,13.59
2012-01-23,13.525,13.599,13.423,13.4681,26920,13.4681
2012-01-24,13.53,13.535,13.288,13.3542,252806,13.3542
2012-01-25,13.405,13.424,13.255,13.33,189888,13.33
2012-01-26,13.455,13.48,13.328,13.47,164099,13.47
2012-01-27,13.5065,13.525,13.39,13.475,137643,13.475
2012-01-30,13.475,13.608,13.475,13.57,39940,13.57
2012-01-31,13.575,13.65,13.463,13.63,90365,13.63
2012-02-01,13.6327,13.633,13.5,13.55,45757,13.55
2012-02-02,13.545,13.545,13.393,13.47,734435,13.47
2012-02-03,13.535,13.54,13.159,13.36,228834,13.36
2012-02-06,13.335,13.48,13.335,13.37,98094,13.37
2012-02-07,13.415,13.44,13.305,13.325,44996,13.325
2012-02-08,13.325,13.447,13.265,13.415,113429,13.415
2012-02-09,13.42,13.5,13.28,13.3,217044,13.3
2012-02-10,13.3383,13.395,13.26,13.33,134289,13.33
2012-02-13,13.3017,13.365,13.237,13.32,202021,13.32
2012-02-14,13.305,13.385,13.236,13.36,38337,13.36
2012-02-15,13.36,13.418,13.29,13.36,389680,13.36
2012-02-16,13.3568,13.385,13.255,13.27,298367,13.27
2012-02-17,13.25,13.291,13.193,13.2719,234781,13.2719
2012-02-20,13.221,13.258,13.1,13.12,117540,13.12
2012-02-21,13.1017,13.205,13.056,13.16,285964,13.16
2012-02-22,13.205,13.275,13.117,13.27,401460,13.27
2012-02-23,13.2918,13.3,13.21,13.3,393193,13.3
2012-02-24,13.255,13.35,13.255,13.3,178003,13.3
2012-02-27,13.385,13.451,13.283,13.38,90720,13.38
2012-02-28,13.4187,13.462,13.375,13.4,100924,13.4
2012-02-29,13.4,13.445,13.336,13.395,138400,13.395
2012-03-01,13.3867,13.395,13.221,13.2211,140716,13.2211
2012-03-02,13.285,13.34,13.215,13.3122,42817,13.3122
2012-03-05,13.3063,13.375,13.245,13.26,516236,13.26
2012-03-06,13.32,13.34,13.248,13.33,85539,13.33
2012-03-07,13.276,13.37,13.27,13.33,58917,13.33
2012-03-08,13.3067,13.375,13.246,13.325,68958,13.325
2012-03-09,13.37,13.389,13.305,13.33,79430,13.33
2012-03-12,13.3687,13.42,13.33,13.42,94823,13.42
2012-03-13,13.335,13.41,13.283,13.3172,128364,13.3172
2012-03-14,13.1878,13.29,13.15,13.17,168193,13.17
2012-03-15,13.12,13.128,13.008,13.035,51510,13.035
2012-03-16,13.02,13.04,12.92,12.97,186840,12.97
2012-03-19,13.23,13.23,12.945,12.98,48738,12.98
2012-03-20,13.0083,13.072,12.97,13.005,112734,13.005
2012-03-21,12.985,13.155,12.96,13.15,138790,13.15
2012-03-22,13.19,13.233,13.097,13.14,114221,13.14
2012-03-23,13.125,13.275,13.12,13.24,283509,13.24
2012-03-26,13.24,13.28,13.15,13.222,90647,13.222
2012-03-27,13.226,13.33,13.183,13.26,303135,13.26
2012-03-28,13.3087,13.33,13.207,13.31,50393,13.31
2012-03-29,13.255,13.383,13.255,13.33,292592,13.33
2012-03-30,13.335,13.4,13.285,13.37,162713,13.37
2012-04-02,13.2459,13.393,13.23,13.32,168195,13.32
2012-04-03,13.2941,13.45,13.294,13.44,244585,13.44
2012-04-04,13.37,13.46,13.334,13.36,74581,13.36
2012-04-05,13.41,13.535,13.377,13.4183,148224,13.4183
2012-04-10,13.585,13.623,13.44,13.61,51650,13.61
2012-04-11,13.61,13.61,13.472,13.56,118067,13.56
2012-04-12,13.54,13.598,13.503,13.5412,56261,13.5412
2012-04-13,13.57,13.63,13.55,13.6,98796,13.6
2012-04-16,13.645,13.67,13.592,13.65,98626,13.65
2012-04-17,13.64,13.64,13.507,13.53,86331,13.53
2012-04-18,13.5786,13.6,13.415,13.48,266410,13.48
2012-04-19,13.42,13.447,13.31,13.36,264804,13.36
2012-04-20,13.38,13.405,13.307,13.35,43429,13.35
2012-04-23,13.355,13.45,13.355,13.39,82291,13.39
2012-04-24,13.325,13.39,13.29,13.35,156877,13.35
2012-04-25,13.13,13.187,13.017,13.04,193063,13.04
2012-04-26,13.11,13.14,13.04,13.07,149115,13.07
2012-04-27,13.1437,13.144,13.035,13.08,95742,13.08
2012-04-30,13.0838,13.15,13.03,13.051,137053,13.051
2012-05-01,13.065,13.16,13.05,13.075,169967,13.075
2012-05-02,13.0477,13.17,13.012,13.09,121445,13.09
2012-05-03,13.11,13.145,13.055,13.0999,68858,13.0999
2012-05-04,13.0901,13.175,12.968,13,184756,13
2012-05-08,13.0999,13.19,13.04,13.04,180546,13.04
2012-05-09,13.175,13.26,13.062,13.209,344323,13.209
2012-05-10,13.235,13.269,13.181,13.255,225283,13.255
2012-05-11,13.3127,13.37,13.24,13.31,73787,13.31
2012-05-14,13.41,13.435,13.366,13.4099,36004,13.4099
2012-05-15,13.3392,13.49,13.339,13.49,179406,13.49
2012-05-16,13.4,13.465,13.35,13.46,526829,13.46
2012-05-17,13.46,13.57,13.41,13.57,815494,13.57
2012-05-18,13.51,13.51,13.42,13.47,191049,13.47
2012-05-21,13.465,13.491,13.395,13.42,198900,13.42
2012-05-22,13.3271,13.43,13.327,13.35,92249,13.35
2012-05-23,13.3894,13.453,13.375,13.42,280893,13.42
2012-05-24,13.395,13.475,13.375,13.44,42346,13.44
2012-05-25,13.405,13.475,13.315,13.34,348444,13.34
2012-05-28,13.3,13.355,13.25,13.27,147236,13.27
2012-05-29,13.2118,13.315,13.204,13.29,555119,13.29
2012-05-30,13.295,13.363,13.23,13.31,1241008,13.31
2012-05-31,13.36,13.48,13.275,13.48,386163,13.48
2012-06-01,13.5023,13.615,13.425,13.615,252843,13.615
2012-06-06,13.4208,13.535,13.4,13.4491,84814,13.4491
2012-06-07,13.485,13.518,13.22,13.24,213973,13.24
2012-06-08,13.3103,13.395,13.25,13.3,376527,13.3
2012-06-11,13.235,13.305,13.181,13.25,453448,13.25
2012-06-12,13.2493,13.27,13.159,13.25,294306,13.25
2012-06-13,13.2,13.263,13.14,13.19,367555,13.19
2012-06-14,13.18,13.275,13.118,13.18,156952,13.18
2012-06-15,13.24,13.389,13.19,13.31,581757,13.31
2012-06-18,13.325,13.455,13.264,13.32,109209,13.32
2012-06-19,13.295,13.399,13.185,13.185,114373,13.185
2012-06-20,13.1422,13.355,13.14,13.24,325756,13.24
2012-06-21,13.265,13.292,13.16,13.2817,122439,13.2817
2012-06-22,13.255,13.355,13.236,13.28,104414,13.28
2012-06-25,13.375,13.402,13.26,13.325,30473,13.325
2012-06-26,13.355,13.355,13.176,13.289,64016,13.289
2012-06-27,13.255,13.28,13.165,13.19,64135,13.19
2012-06-28,13.255,13.31,13.211,13.28,210206,13.28
2012-06-29,13.14,13.239,12.996,13.19,288118,13.19
2012-07-02,13.23,13.26,13.12,13.2,304328,13.2
2012-07-03,13.2005,13.25,13.075,13.09,145483,13.09
2012-07-04,13.055,13.195,13.043,13.18,389156,13.18
2012-07-05,13.055,13.29,13.055,13.2083,537959,13.2083
2012-07-06,13.22,13.265,13.17,13.26,125955,13.26
2012-07-09,13.2674,13.307,13.196,13.196,79749,13.196
2012-07-10,13.2201,13.22,13.118,13.15,306713,13.15
2012-07-11,13.1444,13.195,13.11,13.14,55781,13.14
2012-07-12,13.19,13.212,13.128,13.18,67918,13.18
2012-07-13,13.21,13.22,13.145,13.19,31666,13.19
2012-07-16,13.23,13.25,13.155,13.19,79510,13.19
2012-07-17,13.1945,13.252,13.17,13.214,95407,13.214
2012-07-18,13.1803,13.325,13.18,13.2722,80560,13.2722
2012-07-19,13.28,13.28,13.17,13.2417,77598,13.2417
2012-07-20,13.19,13.28,13.19,13.235,59581,13.235
2012-07-23,13.275,13.284,13.155,13.1583,60034,13.1583
2012-07-24,13.1424,13.27,13.084,13.25,148981,13.25
2012-07-25,13.21,13.285,13.115,13.205,57688,13.205
2012-07-26,13.24,13.24,13.094,13.17,184378,13.17
2012-07-27,13.165,13.204,13.05,13.085,86541,13.085
2012-07-30,13.125,13.15,13.03,13.125,33260,13.125
2012-07-31,13.15,13.237,13.128,13.21,249514,13.21
2012-08-01,13.26,13.26,13.103,13.2,49043,13.2
2012-08-02,13.2401,13.245,13.095,13.205,155158,13.205
2012-08-03,13.21,13.227,13.085,13.125,86516,13.125
2012-08-06,13.08,13.25,13.08,13.2267,143884,13.2267
2012-08-07,13.265,13.275,13.13,13.17,76873,13.17
2012-08-08,13.19,13.3,13.153,13.1912,79075,13.1912
2012-08-09,13.205,13.262,13.16,13.18,91661,13.18
2012-08-10,13.265,13.315,13.222,13.29,203174,13.29
2012-08-13,13.315,13.345,13.165,13.23,129672,13.23
2012-08-14,13.215,13.292,13.165,13.205,36754,13.205
2012-08-15,13.1617,13.215,13.115,13.15,98404,13.15
2012-08-16,13.135,13.202,13.09,13.11,60479,13.11
2012-08-17,13.115,13.187,13.077,13.1867,76972,13.1867
2012-08-20,13.08,13.195,13.054,13.13,47763,13.13
2012-08-21,13.235,13.235,12.987,13.01,172184,13.01
2012-08-22,13.0716,13.097,13.01,13.07,153241,13.07
2012-08-23,13.0917,13.148,13.081,13.11,73565,13.11
2012-08-24,13.1406,13.19,13.08,13.1324,34239,13.1324
2012-08-28,13.25,13.25,13.173,13.2027,133156,13.2027
2012-08-29,13.24,13.259,13.175,13.2172,56557,13.2172
2012-08-30,13.28,13.31,13.23,13.255,67477,13.255
2012-08-31,13.345,13.345,13.17,13.27,128614,13.27
2012-09-03,13.305,13.33,13.205,13.2177,117874,13.2177
2012-09-04,13.1828,13.328,13.16,13.2923,151331,13.2923
2012-09-05,13.34,13.34,13.17,13.2178,69448,13.2178
2012-09-06,13.235,13.239,13.07,13.1032,182546,13.1032
2012-09-07,13.115,13.155,12.97,13.1443,352788,13.1443
2012-09-10,13.0739,13.112,12.985,12.995,48887,12.995
2012-09-11,13.06,13.06,12.925,12.9746,282581,12.9746
2012-09-12,12.93,12.955,12.84,12.8734,169654,12.8734
2012-09-13,12.86,13.015,12.86,12.975,193021,12.975
2012-09-14,12.875,12.981,12.86,12.931,222172,12.931
2012-09-17,12.925,13.067,12.85,13.025,216336,13.025
2012-09-18,13.055,13.067,12.895,12.9084,253249,12.9084
2012-09-19,12.935,12.96,12.755,12.91,247231,12.91
2012-09-20,13.005,13.005,12.81,12.925,64533,12.925
2012-09-21,12.875,12.965,12.835,12.909,67637,12.909
2012-09-24,12.935,12.935,12.808,12.8133,115902,12.8133
2012-09-25,12.8722,12.912,12.672,12.6922,273525,12.6922
2012-09-26,12.6,12.81,12.6,12.8058,313581,12.8058
2012-09-27,12.81,12.82,12.729,12.805,186902,12.805
2012-09-28,12.84,12.87,12.725,12.8022,142291,12.8022
2012-10-01,12.8341,12.834,12.705,12.815,156897,12.815
2012-10-02,12.88,12.885,12.75,12.8649,308257,12.8649
2012-10-03,12.895,12.948,12.855,12.9224,173920,12.9224
2012-10-04,12.905,12.98,12.865,12.9454,180305,12.9454
2012-10-05,12.965,12.965,12.84,12.8814,230627,12.8814
2012-10-08,12.875,12.955,12.875,12.95,306511,12.95
2012-10-09,12.8999,12.935,12.81,12.9115,182716,12.9115
2012-10-10,12.925,12.925,12.805,12.8541,226241,12.8541
2012-10-11,12.915,12.97,12.84,12.97,236629,12.97
2012-10-12,12.965,13.065,12.96,13.0201,113958,13.0201
2012-10-15,13.04,13.04,12.895,12.915,50200,12.915
2012-10-16,12.89,12.92,12.8,12.8066,177594,12.8066
2012-10-17,12.775,12.775,12.7,12.7139,264305,12.7139
2012-10-18,12.7,12.815,12.675,12.7549,99191,12.7549
2012-10-19,12.795,12.795,12.695,12.7498,130949,12.7498
2012-10-22,12.755,12.755,12.655,12.715,57214,12.715
2012-10-23,12.73,12.84,12.727,12.8086,394080,12.8086
2012-10-24,12.525,12.655,12.525,12.5739,98975,12.5739
2012-10-25,12.515,12.625,12.473,12.5945,169063,12.5945
2012-10-26,12.63,12.67,12.605,12.6389,141297,12.6389
2012-10-29,12.6925,12.73,12.675,12.7299,75797,12.7299
2012-10-30,12.735,12.735,12.66,12.7005,80778,12.7005
2012-10-31,12.7,12.7,12.605,12.66,114251,12.66
2012-11-01,12.595,12.67,12.57,12.6051,48544,12.6051
2012-11-02,12.62,12.625,12.486,12.614,84453,12.614
2012-11-05,12.665,12.67,12.615,12.615,15335,12.615
2012-11-06,12.58,12.643,12.565,12.575,50125,12.575
2012-11-07,12.515,12.719,12.515,12.6895,126929,12.6895
2012-11-08,12.7051,12.75,12.588,12.74,64114,12.74
2012-11-09,12.75,12.845,12.732,12.815,259441,12.815
2012-11-12,12.87,12.87,12.795,12.8401,40941,12.8401
2012-11-13,12.825,12.955,12.785,12.9483,229185,12.9483
2012-11-14,12.92,12.96,12.845,12.9143,77709,12.9143
2012-11-15,12.9315,12.968,12.895,12.9311,163229,12.9311
2012-11-16,12.94,12.995,12.911,12.985,110336,12.985
2012-11-19,12.98,13.023,12.924,13.0036,86441,13.0036
2012-11-20,13.0223,13.035,12.9,12.9273,78919,12.9273
2012-11-21,12.95,12.96,12.79,12.8423,100702,12.8423
2012-11-22,12.825,12.89,12.69,12.85,173291,12.85
2012-11-23,12.765,12.908,12.765,12.855,57585,12.855
2012-11-26,12.93,12.93,12.87,12.88,109761,12.88
2012-11-27,12.96,12.96,12.8,12.8881,227596,12.8881
2012-11-28,12.92,13.02,12.92,12.98,495489,12.98
2012-11-29,12.99,13.065,12.954,13.04,106092,13.04
2012-11-30,13.11,13.11,13.04,13.04,72783,13.04
2012-12-03,13.0547,13.12,13.04,13.0805,155565,13.0805
2012-12-04,13.07,13.17,13.05,13.1,182796,13.1
2012-12-05,13.15,13.15,12.86,12.98,129603,12.98
2012-12-06,12.99,13.11,12.86,13.11,90899,13.11
2012-12-07,13.03,13.123,13.03,13.0822,188004,13.0822
2012-12-10,13.25,13.25,13.02,13.02,61170,13.02
2012-12-11,13.05,13.094,12.967,13.094,172801,13.094
2012-12-12,13.07,13.09,13.02,13.0591,294300,13.0591
2012-12-13,13.06,13.13,12.98,13.05,117890,13.05
2012-12-14,13.25,13.25,12.98,13.1283,139471,13.1283
2012-12-17,13.107,13.16,13.091,13.14,59651,13.14
2012-12-18,13.12,13.13,13.04,13.0651,127388,13.0651
2012-12-19,12.98,13.06,12.97,13.01,92497,13.01
2012-12-20,13.0376,13.07,12.982,13.01,131452,13.01
2012-12-21,13.15,13.36,13.03,13.07,218358,13.07
2012-12-24,13.1251,13.137,13.06,13.0867,62302,13.0867
2012-12-27,13.1274,13.22,13.044,13.22,117913,13.22
2012-12-28,13.2338,13.286,13.147,13.1486,35802,13.1486
2012-12-31,13.21,13.21,13.112,13.176,5640,13.176
2013-01-02,13.05,13.074,12.93,12.9596,104349,12.9596
2013-01-03,12.99,12.99,12.81,12.8358,267829,12.8358
2013-01-04,12.85,12.86,12.75,12.76,65119,12.76
2013-01-07,12.86,12.862,12.742,12.75,64448,12.75
2013-01-08,12.77,12.83,12.752,12.82,141808,12.82
2013-01-09,12.8059,12.889,12.762,12.8659,131755,12.8659
2013-01-10,12.95,13.487,12.869,13.32,648350,13.32
2013-01-11,13.4168,13.5,13.302,13.3973,231886,13.3973
2013-01-14,13.4904,13.5,13.382,13.458,216478,13.458
2013-01-15,13.4624,13.577,13.42,13.49,145381,13.49
2013-01-16,13.4955,13.64,13.452,13.6,105555,13.6
2013-01-17,13.64,13.64,13.52,13.5605,525866,13.5605
2013-01-18,13.53,13.61,13.49,13.55,135228,13.55
2013-01-21,13.6064,13.61,13.503,13.5343,113556,13.5343
2013-01-22,13.5,13.63,13.5,13.6033,131201,13.6033
2013-01-23,13.66,13.75,13.612,13.6978,276423,13.6978
2013-01-24,13.67,13.76,13.613,13.65,250610,13.65
2013-01-25,13.71,13.71,13.604,13.6395,166874,13.6395
2013-01-28,13.6373,13.688,13.56,13.5824,203875,13.5824
2013-01-29,13.63,13.67,13.59,13.6277,208056,13.6277
2013-01-30,13.63,13.63,13.52,13.6068,136797,13.6068
2013-01-31,13.62,13.72,13.62,13.7095,200989,13.7095
2013-02-01,13.7264,13.837,13.672,13.7764,66622,13.7764
2013-02-04,13.71,13.836,13.68,13.81,223765,13.81
2013-02-05,13.81,13.88,13.66,13.6864,54593,13.6864
2013-02-06,13.6924,13.73,13.53,13.5963,324147,13.5963
2013-02-07,13.67,13.727,13.573,13.69,175330,13.69
2013-02-08,13.7064,13.708,13.61,13.6605,606856,13.6605
2013-02-11,13.7364,13.738,13.59,13.6374,191509,13.6374
2013-02-12,13.62,13.667,13.57,13.6073,74536,13.6073
2013-02-13,13.6064,13.606,13.41,13.4846,191153,13.4846
2013-02-14,13.4869,13.56,13.413,13.5437,137225,13.5437
2013-02-15,13.585,13.62,13.46,13.4786,118241,13.4786
2013-02-18,13.53,13.536,13.43,13.46,81868,13.46
2013-02-19,13.43,13.477,13.41,13.4607,1003796,13.4607
2013-02-20,13.44,13.6,13.373,13.5,319568,13.5
2013-02-21,13.5224,13.63,13.49,13.5347,152825,13.5347
2013-02-22,13.56,13.56,13.48,13.53,79073,13.53
2013-02-25,13.4564,13.517,13.4,13.4589,193505,13.4589
2013-02-26,13.6,13.617,13.5,13.6007,300437,13.6007
2013-02-27,13.59,13.66,13.58,13.6373,55809,13.6373
2013-02-28,13.61,13.687,13.582,13.6773,48843,13.6773
2013-03-01,13.6973,13.807,13.662,13.79,41367,13.79
2013-03-04,13.78,13.847,13.77,13.82,62751,13.82
2013-03-05,13.82,13.82,13.72,13.76,92738,13.76
2013-03-06,13.7719,13.772,13.68,13.73,201965,13.73
2013-03-07,13.7,13.812,13.63,13.65,147795,13.65
2013-03-08,13.6424,13.71,13.566,13.6673,43286,13.6673
2013-03-11,13.65,13.76,13.64,13.7557,92974,13.7557
2013-03-12,13.7332,13.92,13.822,13.8264,242950,13.8264
2013-03-13,13.8464,13.87,13.79,13.8054,323616,13.8054
2013-03-14,13.79,13.827,13.682,13.6824,142683,13.6824
2013-03-15,13.68,13.74,13.63,13.7307,235695,13.7307
2013-03-18,13.8692,13.869,13.752,13.8,84192,13.8
2013-03-19,13.84,13.929,13.833,13.9014,194075,13.9014
2013-03-20,13.9072,13.999,13.86,13.8948,121316,13.8948
2013-03-21,13.9262,13.926,13.79,13.87,22278,13.87
2013-03-22,13.9,13.99,13.895,13.95,47743,13.95
2013-03-25,13.9462,14.09,13.905,14.065,119266,14.065
2013-03-26,14,14.137,14,14.1272,63758,14.1272
2013-03-27,14.15,14.187,14.11,14.18,434656,14.18
2013-03-28,14.1972,14.27,14.13,14.265,114523,14.265
2013-04-02,14.3348,14.335,14.19,14.2381,66305,14.2381
2013-04-03,14.31,14.33,14.2,14.3271,178719,14.3271
2013-04-04,14.37,14.46,14.3,14.3811,127226,14.3811
2013-04-05,14.39,14.668,14.366,14.6233,260433,14.6233
2013-04-08,14.6367,14.689,14.59,14.643,112981,14.643
2013-04-09,14.6445,14.66,14.56,14.6449,59617,14.6449
2013-04-10,14.5722,14.64,14.572,14.6087,145942,14.6087
2013-04-11,14.61,14.657,14.5,14.51,407873,14.51
2013-04-12,14.49,14.6,14.405,14.4547,112709,14.4547
2013-04-15,14.4045,14.427,14.3,14.3901,223695,14.3901
2013-04-16,14.373,14.435,14.305,14.3256,327988,14.3256
2013-04-17,14.2956,14.33,14.23,14.3193,219617,14.3193
2013-04-18,14.303,14.36,14.213,14.3471,124325,14.3471
2013-04-19,14.3,14.348,14.21,14.3259,231189,14.3259
2013-04-22,14.31,14.45,14.28,14.4379,96811,14.4379
2013-04-23,14.41,14.5,14.37,14.4138,87347,14.4138
2013-04-24,14.2123,14.249,14.145,14.186,191922,14.186
2013-04-25,14.17,14.207,14.09,14.0945,169031,14.0945
2013-04-26,14.037,14.23,14.037,14.15,125060,14.15
2013-04-29,14.1756,14.18,14.1,14.12,216706,14.12
2013-04-30,14.16,14.24,14.095,14.205,143984,14.205
2013-05-01,14.23,14.3,14.145,14.27,74208,14.27
2013-05-02,14.19,14.33,14.18,14.3178,54008,14.3178
2013-05-03,14.3,14.317,14.153,14.1867,251317,14.1867
2013-05-07,14.15,14.21,14.053,14.105,39541,14.105
2013-05-08,14.1,14.19,14.093,14.12,46277,14.12
2013-05-09,14.15,14.15,13.983,14.06,130510,14.06
2013-05-10,13.9648,14.047,13.935,13.95,134720,13.95
2013-05-13,13.9756,14,13.915,13.93,161405,13.93
2013-05-14,13.95,13.95,13.88,13.89,92339,13.89
2013-05-15,13.8448,13.937,13.803,13.8289,299618,13.8289
2013-05-16,13.83,13.97,13.802,13.9145,143319,13.9145
2013-05-17,13.8972,13.92,13.793,13.8269,310147,13.8269
2013-05-20,13.81,13.886,13.75,13.8085,304842,13.8085
2013-05-21,13.78,13.87,13.76,13.767,369322,13.767
2013-05-22,13.8,13.917,13.76,13.8222,255358,13.8222
2013-05-23,13.8256,13.92,13.74,13.7603,329555,13.7603
2013-05-24,13.8,13.99,13.731,13.9334,393445,13.9334
2013-05-28,13.86,13.97,13.81,13.89,120723,13.89
2013-05-29,13.79,13.867,13.72,13.8,163246,13.8
2013-05-30,13.817,13.87,13.76,13.8172,158871,13.8172
2013-05-31,13.8333,13.868,13.7,13.74,219014,13.74
2013-06-03,13.7556,13.767,13.64,13.68,135511,13.68
2013-06-04,13.5944,13.698,13.59,13.6267,73378,13.6267
2013-06-05,13.6467,13.667,13.59,13.6345,145565,13.6345
2013-06-06,13.6367,13.66,13.55,13.63,265967,13.63
2013-06-07,13.63,13.677,13.5,13.5367,128708,13.5367
2013-06-10,13.5823,13.59,13.45,13.5156,54087,13.5156
2013-06-11,13.43,13.49,13.29,13.38,131135,13.38
2013-06-12,13.3444,13.52,13.344,13.4456,165292,13.4456
2013-06-13,13.44,13.5,13.354,13.4267,102818,13.4267
2013-06-14,13.4856,13.53,13.434,13.5167,95800,13.5167
2013-06-17,13.4656,13.55,13.443,13.4967,116129,13.4967
2013-06-18,13.44,13.526,13.423,13.474,109832,13.474
2013-06-19,13.5256,13.59,13.474,13.53,68948,13.53
2013-06-20,13.4023,13.513,13.307,13.425,345710,13.425
2013-06-21,13.21,13.436,13.21,13.26,156623,13.26
2013-06-24,13.1556,13.25,13.01,13.1043,485680,13.1043
2013-06-25,13.1544,13.24,13.102,13.1732,168909,13.1732
2013-06-26,13.1544,13.28,13.14,13.2416,59516,13.2416
2013-06-27,13.2916,13.3,13.19,13.23,150957,13.23
2013-06-28,13.2816,13.304,13.03,13.0888,94980,13.0888
2013-07-01,13.0766,13.2,13,13.18,65391,13.18
2013-07-02,13.1344,13.23,13.13,13.22,50521,13.22
2013-07-03,13.2916,13.32,13.18,13.22,78908,13.22
2013-07-04,13.1,13.34,13.1,13.3,86170,13.3
2013-07-05,13.3037,13.362,13.213,13.23,89884,13.23
2013-07-08,13.22,13.29,13.203,13.2437,29077,13.2437
2013-07-09,13.2033,13.27,13.16,13.2567,87294,13.2567
2013-07-10,13.2544,13.402,13.21,13.39,196782,13.39
2013-07-11,13.4716,13.5,13.377,13.4537,123762,13.4537
2013-07-12,13.5216,13.57,13.41,13.4716,83990,13.4716
2013-07-15,13.4316,13.48,13.381,13.4093,54489,13.4093
2013-07-16,13.3844,13.45,13.361,13.42,87393,13.42
2013-07-17,13.431,13.432,13.31,13.4116,63406,13.4116
2013-07-18,13.38,13.43,13.33,13.37,167765,13.37
2013-07-19,13.3758,13.376,13.24,13.3,100709,13.3
2013-07-22,13.331,13.32,13.22,13.3165,44599,13.3165
2013-07-23,13.311,13.3,13.17,13.2081,149890,13.2081
2013-07-24,13.1733,13.18,13.06,13.1258,111234,13.1258
2013-07-25,13.1316,13.18,13.06,13.1202,57970,13.1202
2013-07-26,13.1633,13.18,13.12,13.1344,66355,13.1344
2013-07-29,13.1444,13.2,13.11,13.15,148024,13.15
2013-07-30,13.1544,13.23,13.15,13.15,128120,13.15
2013-07-31,13.0933,13.21,13.08,13.1537,46611,13.1537
2013-08-01,13.2133,13.27,13.14,13.16,50326,13.16
2013-08-02,13.0937,13.19,13.06,13.1737,26887,13.1737
2013-08-05,13.1933,13.22,13.1,13.1521,49291,13.1521
2013-08-06,13.0933,13.14,13.05,13.1137,31454,13.1137
2013-08-07,13.16,13.19,13.04,13.1337,116973,13.1337
2013-08-08,13.18,13.18,13.05,13.123,83349,13.123
2013-08-09,13.1,13.15,13.09,13.1337,158556,13.1337
2013-08-12,13.11,13.17,13.1,13.1409,19758,13.1409
2013-08-13,13.0722,13.14,13.02,13.02,153159,13.02
2013-08-14,13.01,13.1,12.98,13.03,110165,13.03
2013-08-15,13.0133,13.07,12.95,13.0122,67209,13.0122
2013-08-16,13.0333,13.03,12.91,12.92,109702,12.92
2013-08-19,12.8937,12.93,12.85,12.85,38440,12.85
2013-08-20,12.9058,12.93,12.86,12.92,56221,12.92
2013-08-21,12.8837,12.97,12.9,12.972,55969,12.972
2013-08-22,12.9516,13,12.92,12.94,71047,12.94
2013-08-23,12.9333,13.03,12.94,13.02,149492,13.02
2013-08-27,13.11,13.16,13.05,13.1022,104721,13.1022
2013-08-28,13.1037,13.18,13.07,13.14,85769,13.14
2013-08-29,13.1316,13.17,13.08,13.16,73243,13.16
2013-08-30,13.1816,13.18,13.09,13.13,57719,13.13
2013-09-02,13.0516,13.11,13,13.11,38967,13.11
2013-09-03,13.0433,13.16,13.01,13.05,35293,13.05
2013-09-04,13.0544,13.11,13,13.0258,77378,13.0258
2013-09-05,12.9637,13,12.86,12.899,38915,12.899
2013-09-06,12.9,12.98,12.9,12.966,123198,12.966
2013-09-09,12.86,12.96,12.86,12.91,39978,12.91
2013-09-10,12.8537,12.83,12.75,12.79,17714,12.79
2013-09-11,12.8116,12.78,12.72,12.72,119527,12.72
2013-09-12,12.8,12.83,12.72,12.8037,208659,12.8037
2013-09-13,12.7533,12.88,12.75,12.83,59548,12.83
2013-09-16,12.91,12.91,12.83,12.88,100931,12.88
2013-09-17,12.71,12.89,12.71,12.85,127012,12.85
2013-09-18,12.8833,12.89,12.77,12.8437,43974,12.8437
2013-09-19,13.0174,13,12.87,12.9,176991,12.9
2013-09-20,12.97,12.97,12.82,12.8816,117485,12.8816
2013-09-23,12.8737,12.89,12.74,12.8033,147953,12.8033
2013-09-24,12.8,12.92,12.78,12.8833,68035,12.8833
2013-09-25,12.85,12.98,12.85,12.9837,93652,12.9837
2013-09-26,12.9444,13.07,12.96,13.0233,87848,13.0233
2013-09-27,12.99,13.13,12.99,13.0933,63712,13.0933
2013-09-30,13.1695,13.17,13.11,13.17,45980,13.17
2013-10-01,13.0854,13.22,13.09,13.1844,154866,13.1844
2013-10-02,13.21,13.24,13.16,13.21,66757,13.21
2013-10-03,13.1833,13.3,13.16,13.26,57430,13.26
2013-10-04,13.2659,13.28,13.19,13.25,52857,13.25
2013-10-07,13.2737,13.3,13.24,13.254,34542,13.254
2013-10-08,13.27,13.32,13.23,13.3238,36218,13.3238
2013-10-09,13.3233,13.39,13.3,13.34,65252,13.34
2013-10-10,13.3016,13.39,13.3,13.32,76083,13.32
2013-10-11,13.2876,13.33,13.26,13.288,38544,13.288
2013-10-14,13.286,13.26,13.21,13.25,63548,13.25
2013-10-15,13.16,13.19,13.14,13.1458,141522,13.1458
2013-10-16,13.1358,13.13,13.05,13.12,60568,13.12
2013-10-17,13.1937,13.22,13.14,13.2007,171666,13.2007
2013-10-18,13.25,13.29,13.14,13.22,77607,13.22
2013-10-21,13.27,13.27,13.19,13.2,108513,13.2
2013-10-22,13.22,13.4,13.2,13.3937,126983,13.3937
2013-10-23,13.2537,13.31,13.21,13.3022,104774,13.3022
2013-10-24,13.34,13.34,13.22,13.24,77295,13.24
2013-10-25,13.2244,13.28,13.19,13.2734,74520,13.2734
2013-10-28,13.2344,13.29,13.23,13.24,82898,13.24
2013-10-29,13.33,13.33,13.23,13.29,66337,13.29
2013-10-30,13.3244,13.33,13.25,13.2633,123316,13.2633
2013-10-31,13.2616,13.29,13.13,13.18,155644,13.18
2013-11-01,13.2195,13.23,13.11,13.1433,55627,13.1433
2013-11-04,13.2148,13.19,13.12,13.16,65939,13.16
2013-11-05,13.12,13.16,13.04,13.05,78960,13.05
2013-11-06,13.08,13.11,13.03,13.065,119282,13.065
2013-11-07,13.1143,13.09,12.95,13.05,40682,13.05
2013-11-08,13.0355,13.06,12.95,13.005,113121,13.005
2013-11-11,12.75,13.01,12.75,12.9733,82364,12.9733
2013-11-12,13,13,12.9,12.91,40464,12.91
2013-11-13,12.9358,12.98,12.87,12.8933,25675,12.8933
2013-11-14,12.9133,12.98,12.86,12.9,125043,12.9
2013-11-15,12.8937,13,12.87,12.9876,127193,12.9876
2013-11-18,13.0116,13.08,12.92,13.065,114806,13.065
2013-11-19,13.0637,13.13,13.04,13.12,88280,13.12
2013-11-20,13.0633,13.1,13.02,13.08,119427,13.08
2013-11-21,12.9858,12.98,12.86,12.955,68994,12.955
2013-11-22,12.965,13.04,12.96,13.0637,71639,13.0637
2013-11-25,13.0827,13.1,13.03,13.06,78837,13.06
2013-11-26,13.0834,13.12,13.05,13.12,108791,13.12
2013-11-27,13.0744,13.1,13.03,13.06,111675,13.06
2013-11-28,13.0537,13.09,13.01,13.08,125671,13.08
2013-11-29,13.0633,13.12,13.04,13.0933,73029,13.0933
2013-12-02,13.0233,13.07,12.97,13.01,118498,13.01
2013-12-03,13.0133,13.06,12.99,13.0333,91729,13.0333
2013-12-04,13.0036,13.03,12.95,12.95,166452,12.95
2013-12-05,12.9837,13.02,12.92,12.97,40283,12.97
2013-12-06,12.94,13.03,12.94,13.03,96832,13.03
2013-12-09,12.9933,13.04,12.97,12.97,60057,12.97
2013-12-10,12.9858,13.05,12.98,13.0262,104250,13.0262
2013-12-11,13.02,13.05,13,13.0033,95815,13.0033
2013-12-12,12.98,13.03,12.95,12.99,51260,12.99
2013-12-13,12.9937,13.01,12.94,12.94,75924,12.94
2013-12-16,12.91,12.99,12.91,12.94,79350,12.94
2013-12-17,12.9133,12.99,12.91,13.0022,192974,13.0022
2013-12-18,13.04,13.04,12.93,12.96,87513,12.96
2013-12-19,12.83,12.97,12.83,12.91,50551,12.91
2013-12-20,12.874,12.93,12.86,12.863,119761,12.863
2013-12-23,12.88,12.94,12.88,12.9,42082,12.9
2013-12-24,13.027,12.89,12.84,12.89,5954,12.89
2013-12-27,12.87,12.87,12.75,12.76,22016,12.76
2013-12-30,12.777,12.86,12.82,12.83,12392,12.83
2013-12-31,12.8474,12.86,12.8,12.852,16757,12.852
2014-01-02,12.8,12.84,12.77,12.802,95947,12.802
2014-01-03,12.82,12.82,12.74,12.78,41819,12.78
2014-01-06,12.85,12.84,12.78,12.8,15825,12.8
2014-01-07,12.79,12.84,12.76,12.84,31228,12.84
2014-01-08,12.73,12.86,12.73,12.8179,87700,12.8179
2014-01-09,12.84,12.84,12.78,12.83,64418,12.83
2014-01-10,12.813,12.91,12.83,12.91,359308,12.91
2014-01-13,12.9174,12.95,12.89,12.95,113253,12.95
2014-01-14,12.92,13,12.92,12.9889,101911,12.9889
2014-01-15,13,13,12.94,12.95,60040,12.95
2014-01-16,12.951,12.99,12.94,12.99,90139,12.99
2014-01-17,12.9974,12.99,12.93,12.95,21189,12.95
2014-01-20,12.9774,12.98,12.94,12.95,54312,12.95
2014-01-21,12.91,12.95,12.9,12.92,54990,12.92
2014-01-22,12.98,12.98,12.87,12.9,76717,12.9
2014-01-23,12.93,12.96,12.89,12.9233,42916,12.9233
2014-01-24,12.9622,13.02,12.95,12.982,122452,12.982
2014-01-27,12.943,12.97,12.9,12.9422,61146,12.9422
2014-01-28,12.911,12.94,12.88,12.8971,183863,12.8971
2014-01-29,12.8602,12.97,12.86,12.942,135392,12.942
2014-01-30,12.98,13.02,12.96,13,210480,13
2014-01-31,13.0103,13.09,13.03,13.065,39175,13.065
2014-02-03,12.96,13.1,12.96,13.1,150832,13.1
2014-02-04,13.0119,13.08,13.02,13.04,47763,13.04
2014-02-05,12.83,13.08,12.83,13.04,124227,13.04
2014-02-06,13.035,13.07,12.94,13.0489,72637,13.0489
2014-02-07,12.9805,13.03,12.94,13.005,74881,13.005
2014-02-10,12.98,13.01,12.94,12.95,31540,12.95
2014-02-11,12.9474,12.94,12.88,12.8701,65807,12.8701
2014-02-12,12.8602,12.89,12.79,12.8073,114207,12.8073
2014-02-13,12.8315,12.89,12.83,12.85,41471,12.85
2014-02-14,12.8303,12.9,12.83,12.88,39485,12.88
2014-02-17,12.871,12.91,12.87,12.89,16424,12.89
2014-02-18,12.8802,12.95,12.87,12.93,89648,12.93
2014-02-19,12.9795,13.01,12.92,12.9529,313253,12.9529
2014-02-20,12.9602,12.98,12.87,12.89,1316087,12.89
2014-02-21,12.9103,12.95,12.88,12.92,236460,12.92
2014-02-24,12.9602,12.99,12.93,12.98,56858,12.98
2014-02-25,12.989,13.03,12.95,12.9887,27469,12.9887
2014-02-26,12.9703,13.04,12.98,13.01,67649,13.01
2014-02-27,13.0603,13.09,13.01,13.045,50772,13.045
2014-02-28,13.0685,13.09,13,13.06,61120,13.06
2014-03-03,13.1603,13.16,13.08,13.1531,71092,13.1531
2014-03-04,13.1196,13.19,13.13,13.1503,59488,13.1503
2014-03-05,13.149,13.19,13.13,13.18,53304,13.18
2014-03-06,13.19,13.19,13.06,13.1055,54407,13.1055
2014-03-07,13.08,13.12,13,13.08,92644,13.08
2014-03-10,13.16,13.16,13.02,13.0403,52081,13.0403
2014-03-11,13.04,13.09,13.04,13.0749,36260,13.0749
2014-03-12,13.1,13.13,13.09,13.11,64837,13.11
2014-03-13,13.0814,13.18,13.06,13.16,76608,13.16
2014-03-14,13.189,13.25,13.15,13.215,39013,13.215
2014-03-17,13.14,13.3083,13.14,13.22,32541,13.22
2014-03-18,13.2384,13.2884,13.21,13.2884,76322,13.2884
2014-03-19,13.25,13.2784,13.19,13.21,57250,13.21
2014-03-20,13.13,13.1674,13.07,13.0903,253673,13.0903
2014-03-21,13.1103,13.16,13.0511,13.143,139189,13.143
2014-03-24,13.1189,13.1975,13.0803,13.18,63805,13.18
2014-03-25,13.1513,13.2775,13.1312,13.2162,313565,13.2162
2014-03-26,13.2002,13.3075,13.18,13.23,65733,13.23
2014-03-27,13.2789,13.2997,13.21,13.2889,98070,13.2889
2014-03-28,13.37,13.37,13.16,13.2289,157951,13.2289
2014-03-31,13.22,13.29,13.12,13.2747,248413,13.2747
2014-04-01,13.29,13.3,13.1809,13.25,400882,13.25
2014-04-02,13.36,13.36,13.17,13.19,286027,13.19
2014-04-03,13.2006,13.22,13.14,13.2031,206005,13.2031
2014-04-04,13.1902,13.31,13.17,13.31,73533,13.31
2014-04-07,13.3006,13.32,13.2409,13.3,222785,13.3
2014-04-08,13.2574,13.2891,13.1902,13.26,178680,13.26
2014-04-09,13.2222,13.29,13.21,13.29,248947,13.29
2014-04-10,13.3111,13.4152,13.3022,13.4152,105925,13.4152
2014-04-11,13.4052,13.45,13.36,13.41,79018,13.41
2014-04-14,13.37,13.4572,13.3663,13.4,77328,13.4
2014-04-15,13.3689,13.48,13.34,13.48,144165,13.48
2014-04-16,13.2278,13.33,13.1878,13.31,70961,13.31
2014-04-17,13.26,13.34,13.26,13.2842,82727,13.2842
2014-04-22,13.308,13.3201,13.21,13.25,68123,13.25
2014-04-23,13.26,13.29,13.21,13.27,200304,13.27
2014-04-24,13.23,13.2789,13.1874,13.21,119552,13.21
2014-04-25,13.27,13.28,13.23,13.2667,41589,13.2667
2014-04-28,13.2025,13.24,13.17,13.2189,60177,13.2189
2014-04-29,13.1767,13.21,13.15,13.2,79077,13.2
2014-04-30,13.22,13.24,13.16,13.2298,50175,13.2298
2014-05-01,13.31,13.31,13.17,13.27,56977,13.27
2014-05-02,13.3,13.3,13.1598,13.2378,324335,13.2378
2014-05-06,13.2767,13.2828,13.21,13.25,34941,13.25
2014-05-07,13.28,13.29,13.21,13.28,79089,13.28
2014-05-08,13.29,13.33,13.2322,13.33,133186,13.33
2014-05-09,13.4,13.4,13.28,13.293,82270,13.293
2014-05-12,13.3,13.3,13.2233,13.28,138048,13.28
2014-05-13,13.26,13.32,13.23,13.31,183733,13.31
2014-05-14,13.29,13.4,13.29,13.4,152791,13.4
2014-05-15,13.3633,13.49,13.35,13.48,71017,13.48
2014-05-16,13.45,13.4952,13.42,13.42,35664,13.42
2014-05-19,13.4333,13.47,13.39,13.41,30080,13.41
2014-05-20,13.43,13.43,13.3227,13.3233,86972,13.3233
2014-05-21,13.353,13.38,13.25,13.28,44427,13.28
2014-05-22,13.35,13.35,13.25,13.25,141504,13.25
2014-05-23,13.31,13.31,13.24,13.2633,54201,13.2633
2014-05-27,13.2604,13.2752,13.19,13.21,45698,13.21
2014-05-28,13.22,13.35,13.2122,13.3388,91888,13.3388
2014-05-29,13.314,13.3852,13.31,13.37,158211,13.37
2014-05-30,13.36,13.38,13.291,13.36,188351,13.36
2014-06-02,13.36,13.37,13.29,13.3033,65056,13.3033
2014-06-03,13.2766,13.32,13.2433,13.2952,88633,13.2952
2014-06-04,13.34,13.34,13.16,13.19,143314,13.19
2014-06-05,13.21,13.258,13.1698,13.25,97288,13.25
2014-06-06,13.2,13.2652,13.19,13.22,91143,13.22
2014-06-09,13.1922,13.2352,13.15,13.2,44374,13.2
2014-06-10,13.13,13.2068,13.13,13.15,80133,13.15
2014-06-11,13.11,13.22,13.11,13.2,43097,13.2
2014-06-12,13.1,13.2,13.0816,13.17,40800,13.17
2014-06-13,13.08,13.1968,13.08,13.19,60157,13.19
2014-06-16,13.08,13.2681,13.08,13.16,43483,13.16
2014-06-17,13.095,13.2175,13.095,13.153,107151,13.153
2014-06-18,13.075,13.22,13.075,13.18,26300,13.18
2014-06-19,13.24,13.2568,13.1722,13.2,61503,13.2
2014-06-20,13.1266,13.18,13.1266,13.153,262760,13.153
2014-06-23,13.1652,13.1993,13.14,13.175,126517,13.175
2014-06-24,13.105,13.22,13.105,13.1682,35898,13.1682
2014-06-25,13.2193,13.285,13.1611,13.2793,107110,13.2793
2014-06-26,13.3,13.32,13.2327,13.29,42189,13.29
2014-06-27,13.3068,13.325,13.245,13.245,28287,13.245
2014-06-30,13.266,13.2674,13.1922,13.221,102982,13.221
2014-07-01,13.2573,13.2573,13.1672,13.2018,70413,13.2018
2014-07-02,13.125,13.23,13.125,13.1549,39476,13.1549
2014-07-03,13.115,13.18,13.11,13.1468,20101,13.1468
2014-07-04,13.1678,13.1678,13.12,13.1572,40221,13.1572
2014-07-07,13.23,13.23,13.1022,13.1272,21717,13.1272
2014-07-08,13.13,13.235,13.1152,13.2242,96411,13.2242
2014-07-09,13.2538,13.26,13.21,13.23,21484,13.23
2014-07-10,13.2,13.325,13.2,13.26,46756,13.26
2014-07-11,13.27,13.302,13.233,13.275,37020,13.275
2014-07-14,13.2,13.3068,13.2,13.2825,31019,13.2825
2014-07-15,13.295,13.315,13.2374,13.3055,102847,13.3055
2014-07-16,13.325,13.325,13.24,13.242,60835,13.242
2014-07-17,13.245,13.33,13.245,13.315,114809,13.315
2014-07-18,13.35,13.392,13.308,13.335,36626,13.335
2014-07-21,13.3632,13.3632,13.28,13.34,121264,13.34
2014-07-22,13.3152,13.355,13.2832,13.3384,73561,13.3384
2014-07-23,13.34,13.355,13.296,13.3452,29589,13.3452
2014-07-24,13.31,13.3402,13.285,13.3061,381167,13.3061
2014-07-25,13.32,13.37,13.285,13.35,70264,13.35
2014-07-28,13.275,13.3399,13.275,13.275,45611,13.275
2014-07-29,13.29,13.39,13.2582,13.3726,88743,13.3726
2014-07-30,13.3544,13.387,13.32,13.32,48765,13.32
2014-07-31,13.3527,13.3527,13.2842,13.33,78090,13.33
2014-08-01,13.355,13.4398,13.3065,13.4275,168817,13.4275
2014-08-04,13.4435,13.46,13.427,13.4403,50635,13.4403
2014-08-05,13.38,13.457,13.38,13.3942,134234,13.3942
2014-08-06,13.4598,13.49,13.418,13.49,67960,13.49
2014-08-07,13.4975,13.52,13.435,13.52,219674,13.52
2014-08-08,13.61,13.645,13.5592,13.5948,58976,13.5948
2014-08-11,13.545,13.5861,13.5131,13.535,46701,13.535
2014-08-12,13.585,13.585,13.52,13.5592,37124,13.5592
2014-08-13,13.6,13.635,13.5092,13.6153,81341,13.6153
2014-08-14,13.57,13.7085,13.57,13.6692,211121,13.6692
2014-08-15,13.63,13.91,13.63,13.8542,56303,13.8542
2014-08-18,13.895,13.895,13.755,13.7642,32654,13.7642
2014-08-19,13.7648,13.833,13.7353,13.799,46358,13.799
2014-08-20,13.7942,13.8425,13.767,13.8042,9936,13.8042
2014-08-21,13.7744,13.833,13.725,13.8063,20293,13.8063
2014-08-22,13.837,13.873,13.7672,13.7863,10612,13.7863
2014-08-26,13.685,13.88,13.685,13.83,36060,13.83
2014-08-27,13.84,13.92,13.812,13.9002,69053,13.9002
2014-08-28,13.9177,13.9859,13.8792,13.98,138549,13.98
2014-08-29,13.9822,14.07,13.967,14.06,68955,14.06
2014-09-01,14.0498,14.085,14.015,14.085,36571,14.085
2014-09-02,14.0292,14.0478,13.9454,14.01,54531,14.01
2014-09-03,14.0048,14.0235,13.8648,13.96,141573,13.96
2014-09-04,13.965,14.0148,13.865,14.0125,80012,14.0125
2014-09-05,13.86,13.9298,13.8492,13.8792,35745,13.8792
2014-09-08,13.8363,13.868,13.7822,13.81,66576,13.81
2014-09-09,13.78,13.78,13.671,13.695,68338,13.695
2014-09-10,13.6942,13.704,13.62,13.63,62399,13.63
2014-09-11,13.6542,13.715,13.6292,13.655,187464,13.655
2014-09-12,13.698,13.698,13.5692,13.592,54620,13.592
2014-09-15,13.6098,13.6598,13.55,13.55,52376,13.55
2014-09-16,13.6098,13.63,13.5692,13.5948,26654,13.5948
2014-09-17,13.69,13.69,13.58,13.62,89050,13.62
2014-09-18,13.57,13.61,13.5092,13.5142,67297,13.5142
2014-09-19,13.525,13.73,13.525,13.73,157277,13.73
2014-09-22,13.75,13.8098,13.75,13.7806,184220,13.7806
2014-09-23,13.8148,13.855,13.7892,13.8106,104432,13.8106
2014-09-24,13.82,13.86,13.8098,13.8174,66450,13.8174
2014-09-25,13.79,13.86,13.79,13.8466,37849,13.8466
2014-09-26,13.89,13.9048,13.8,13.842,127765,13.842
2014-09-29,13.8148,13.9298,13.8056,13.895,149710,13.895
2014-09-30,13.9,13.9398,13.85,13.9146,421918,13.9146
2014-10-01,13.913,14,13.885,13.96,42692,13.96
2014-10-02,14.0046,14.054,13.975,14.0185,37899,14.0185
2014-10-03,14.01,14.045,13.95,13.9724,133165,13.9724
2014-10-06,14.035,14.045,13.9872,14.0131,75372,14.0131
2014-10-07,14.0632,14.145,13.995,14.14,103458,14.14
2014-10-08,14.145,14.1931,14.1121,14.13,104161,14.13
2014-10-09,14.2181,14.2181,14.0931,14.1299,38240,14.1299
2014-10-10,14.12,14.225,14.0823,14.185,60006,14.185
2014-10-13,14.2475,14.2646,14.1842,14.26,55559,14.26
2014-10-14,14.2152,14.3532,14.2042,14.2825,107921,14.2825
2014-10-15,14.285,14.61,14.265,14.55,81303,14.55
2014-10-16,14.4358,14.59,14.395,14.439,216915,14.439
2014-10-17,14.4,14.425,14.275,14.2816,304207,14.2816
2014-10-20,14.28,14.44,14.24,14.3472,162722,14.3472
2014-10-21,14.4122,14.434,14.2748,14.335,102787,14.335
2014-10-22,14.3712,14.424,14.2222,14.349,56505,14.349
2014-10-23,14.3922,14.4338,14.2483,14.25,16111,14.25
2014-10-24,14.256,14.32,14.2092,14.2092,76474,14.2092
2014-10-27,14.1976,14.26,14.1772,14.243,119948,14.243
2014-10-28,14.215,14.2502,14.135,14.2032,512944,14.2032
2014-10-29,14.2,14.2288,14.165,14.2024,84155,14.2024
2014-10-30,14.0072,14.074,13.9952,14.0408,111734,14.0408
2014-10-31,14.01,14.0408,13.9622,13.9898,33885,13.9898
2014-11-03,13.885,14.089,13.885,13.9432,60110,13.9432
2014-11-04,13.9986,14.0711,13.943,14.0151,38520,14.0151
2014-11-05,14.025,14.042,13.955,13.99,79999,13.99
2014-11-06,14.005,14.0874,13.9922,14.0248,79707,14.0248
2014-11-07,13.9882,14.1248,13.9882,14.085,155744,14.085
2014-11-10,14.113,14.185,14.113,14.1474,39600,14.1474
2014-11-11,14.1032,14.161,14.094,14.1,540694,14.1
2014-11-12,14.154,14.2035,14.116,14.16,142029,14.16
2014-11-13,14.0983,14.2698,14.0983,14.1875,41513,14.1875
2014-11-14,14.18,14.26,14.12,14.245,171945,14.245
2014-11-17,14.3127,14.3346,14.2098,14.235,14969,14.235
2014-11-18,14.24,14.3109,14.185,14.2227,122628,14.2227
2014-11-19,14.2596,14.2755,14.175,14.1927,125757,14.1927
2014-11-20,14.2194,14.2996,14.1936,14.23,27927,14.23
2014-11-21,14.3,14.359,14.251,14.347,36734,14.347
2014-11-24,14.3696,14.41,14.3272,14.39,165504,14.39
2014-11-25,14.39,14.5224,14.39,14.49,969123,14.49
2014-11-26,14.536,14.62,14.5132,14.62,109814,14.62
2014-11-27,14.61,14.675,14.61,14.674,29015,14.674
2014-11-28,14.68,14.715,14.66,14.67,74891,14.67
2014-12-01,14.69,14.7455,14.6532,14.6946,66612,14.6946
2014-12-02,14.67,14.67,14.5592,14.649,207309,14.649
2014-12-03,14.6384,14.7321,14.6384,14.6824,236784,14.6824
2014-12-04,14.7128,14.854,14.7022,14.77,307992,14.77
2014-12-05,14.74,14.805,14.665,14.73,466290,14.73
2014-12-08,14.73,14.805,14.6878,14.805,64322,14.805
2014-12-09,14.725,14.92,14.725,14.8978,279812,14.8978
2014-12-10,14.8992,14.945,14.851,14.9,506742,14.9
2014-12-11,14.94,15.0378,14.8882,14.9374,41572,14.9374
2014-12-12,14.91,15.095,14.91,15.05,365406,15.05
2014-12-15,15.0585,15.0585,14.94,15.0282,346427,15.0282
2014-12-16,15.06,15.11,14.945,14.945,349906,14.945
2014-12-17,14.99,15.0378,14.934,14.9996,110341,14.9996
2014-12-18,15,15.014,14.7774,14.7832,151482,14.7832
2014-12-19,14.78,14.785,14.6678,14.785,129031,14.785
2014-12-22,14.793,14.835,14.75,14.78,391428,14.78
2014-12-23,14.8224,14.855,14.7411,14.7538,210655,14.7538
2014-12-24,14.7565,14.7565,14.66,14.68,49847,14.68
2014-12-29,14.7194,14.87,14.7194,14.87,107523,14.87
2014-12-30,14.8186,14.91,14.7674,14.8057,230297,14.8057
2014-12-31,14.852,14.935,14.825,14.88,44148,14.88
2015-01-02,14.8178,14.88,14.7678,14.865,15344,14.865
2015-01-05,14.871,15.015,14.7622,15.0082,77685,15.0082
2015-01-06,15.0572,15.159,15.02,15.0963,191675,15.0963
2015-01-07,15.105,15.1452,14.9882,15.0313,135402,15.0313
2015-01-08,15.0334,15.06,14.9624,15.05,80977,15.05
2015-01-09,14.99,15.2032,14.99,15.1994,102454,15.1994
2015-01-12,15.1775,15.27,15.1525,15.2186,318464,15.2186
2015-01-13,15.335,15.355,15.225,15.2424,337501,15.2424
2015-01-14,15.36,15.4505,15.3124,15.3968,86666,15.3968
2015-01-15,15.41,15.4593,15.3,15.4254,357428,15.4254
2015-01-16,15.435,15.54,15.385,15.445,633316,15.445
2015-01-19,15.4483,15.57,15.4381,15.53,91447,15.53
2015-01-20,15.56,15.685,15.5182,15.67,240280,15.67
2015-01-21,15.64,15.7318,15.53,15.6825,596987,15.6825
2015-01-22,15.545,15.75,15.385,15.5935,775831,15.5935
2015-01-23,15.5677,15.7,15.5677,15.6555,517394,15.6555
2015-01-26,15.65,15.675,15.5735,15.5828,148543,15.5828
2015-01-27,15.605,15.64,15.48,15.4877,140966,15.4877
2015-01-28,15.5,15.5817,15.3398,15.453,235009,15.453
2015-01-29,15.4778,15.5,15.401,15.4268,152543,15.4268
2015-01-30,15.44,15.5846,15.44,15.5243,71598,15.5243
2015-02-02,15.545,15.555,15.4393,15.509,191072,15.509
2015-02-03,15.53,15.545,15.3232,15.3521,260714,15.3521
2015-02-04,15.36,15.3622,15.175,15.175,58536,15.175
2015-02-05,15.375,15.375,15.14,15.14,287851,15.14
2015-02-06,15.155,15.195,14.871,14.8958,163699,14.8958
2015-02-09,14.88,14.9884,14.855,14.865,71447,14.865
2015-02-10,14.91,14.91,14.6872,14.71,212174,14.71
2015-02-11,14.74,14.7822,14.6672,14.6966,62955,14.6966
2015-02-12,14.7,14.7324,14.58,14.69,594592,14.69
2015-02-13,14.68,14.68,14.5828,14.6467,41731,14.6467
2015-02-16,14.6112,14.6528,14.56,14.6422,106372,14.6422
2015-02-17,14.755,14.78,14.58,14.62,403762,14.62
2015-02-18,14.595,14.645,14.5082,14.5223,175881,14.5223
2015-02-19,14.5788,14.65,14.5372,14.6035,230216,14.6035
2015-02-20,14.5728,14.754,14.5672,14.7328,74407,14.7328
2015-02-23,14.67,14.755,14.6613,14.68,55572,14.68
2015-02-24,14.735,14.785,14.64,14.76,81128,14.76
2015-02-25,14.8442,14.9681,14.8262,14.8262,115061,14.8262
2015-02-26,14.9343,14.97,14.82,14.85,45763,14.85
2015-02-27,14.756,14.825,14.7292,14.75,56402,14.75
2015-03-02,14.7474,14.8097,14.6303,14.66,231861,14.66
2015-03-03,14.6326,14.6637,14.365,14.4253,57759,14.4253
2015-03-04,14.3674,14.4196,14.265,14.265,63221,14.265
2015-03-05,14.215,14.3816,14.1937,14.2411,141261,14.2411
2015-03-06,14.26,14.345,14.14,14.17,284592,14.17
2015-03-09,14.14,14.255,14.125,14.155,41833,14.155
2015-03-10,14.15,14.3603,14.136,14.3603,225070,14.3603
2015-03-11,14.39,14.4247,14.2652,14.36,24469,14.36
2015-03-12,14.3687,14.6047,14.351,14.505,100050,14.505
2015-03-13,14.4376,14.5348,14.4,14.4842,343811,14.4842
2015-03-16,14.4619,14.5936,14.4619,14.5242,64154,14.5242
2015-03-17,14.52,14.7408,14.52,14.69,120598,14.69
2015-03-18,14.7093,15.1,14.6958,15.075,148424,15.075
2015-03-19,15.0218,15.481,15.0218,15.35,189212,15.35
2015-03-20,15.3361,15.515,15.3181,15.4492,134964,15.4492
2015-03-23,15.4579,15.525,15.33,15.395,77665,15.395
2015-03-24,15.445,15.535,15.401,15.495,223923,15.495
2015-03-25,15.605,15.6058,15.505,15.5482,245972,15.5482
2015-03-26,15.481,15.615,15.41,15.47,98298,15.47
2015-03-27,15.44,15.5758,15.3892,15.5481,162939,15.5481
2015-03-30,15.5128,15.5907,15.4102,15.4102,51854,15.4102
2015-03-31,15.4513,15.4513,15.2612,15.2652,60159,15.2652
2015-04-01,15.28,15.405,15.22,15.3894,141994,15.3894
2015-04-02,15.3948,15.4808,15.325,15.37,113406,15.37
2015-04-07,15.4311,15.4311,15.3306,15.3944,135210,15.3944
2015-04-08,15.505,15.505,15.38,15.4394,55850,15.4394
2015-04-09,15.4694,15.51,15.365,15.4192,73116,15.4192
2015-04-10,15.4187,15.5,15.3126,15.5,95651,15.5
2015-04-13,15.45,15.55,15.4263,15.4713,24999,15.4713
2015-04-14,15.564,15.6145,15.5,15.56,109076,15.56
2015-04-15,15.5738,15.615,15.5084,15.57,62209,15.57
2015-04-16,15.58,15.61,15.442,15.4818,142391,15.4818
2015-04-17,15.525,15.56,15.42,15.4858,211701,15.4858
2015-04-20,15.5122,15.5378,15.422,15.485,46291,15.485
2015-04-21,15.4476,15.48,15.385,15.4594,99186,15.4594
2015-04-22,15.45,15.48,15.255,15.2714,444483,15.2714
2015-04-23,15.2106,15.305,15.21,15.2995,26614,15.2995
2015-04-24,15.3574,15.435,15.2405,15.435,101095,15.435
2015-04-27,15.4619,15.4619,15.315,15.3442,271394,15.3442
2015-04-28,15.3787,15.39,15.28,15.28,48137,15.28
2015-04-29,15.3102,15.3102,14.9942,15.015,110690,15.015
2015-04-30,14.9155,15.08,14.8456,15.08,65098,15.08
2015-05-01,15.09,15.1555,14.97,14.9955,84221,14.9955
2015-05-05,14.89,14.9543,14.695,14.7205,101750,14.7205
2015-05-06,14.645,14.8645,14.645,14.7905,65857,14.7905
2015-05-07,14.7237,14.943,14.655,14.8913,234910,14.8913
2015-05-08,15.25,15.25,15.0105,15.1531,159742,15.1531
2015-05-11,15.1,15.2024,15.0405,15.1735,269942,15.1735
2015-05-12,15.045,15.1224,14.9347,14.95,64754,14.95
2015-05-13,15.04,15.0952,14.8905,14.894,153748,14.894
2015-05-14,14.8646,14.9105,14.6805,14.693,27842,14.693
2015-05-15,14.82,14.99,14.725,14.967,118957,14.967
2015-05-18,15.0146,15.0273,14.88,14.8941,26058,14.8941
2015-05-19,14.92,15.05,14.7705,14.925,67562,14.925
2015-05-20,14.925,14.9505,14.7555,14.8327,110439,14.8327
2015-05-21,14.8752,14.916,14.79,14.81,142449,14.81
2015-05-22,14.9089,14.916,14.7755,14.8918,31678,14.8918
2015-05-26,14.8873,14.955,14.7755,14.8564,193930,14.8564
2015-05-27,14.8585,14.925,14.815,14.91,33879,14.91
2015-05-28,14.8,15.0417,14.8,14.9777,34393,14.9777
2015-05-29,14.935,15.115,14.935,15.1148,35652,15.1148
2015-06-01,15.015,15.1661,15.015,15.055,51055,15.055
2015-06-02,15.0367,15.0633,14.9035,14.9035,27674,14.9035
2015-06-03,14.9072,14.9072,14.595,14.61,90929,14.61
2015-06-04,14.509,14.725,14.323,14.71,326722,14.71
2015-06-05,14.64,14.724,14.545,14.715,112031,14.715
2015-06-08,14.72,14.78,14.69,14.715,128459,14.715
2015-06-09,14.73,14.76,14.59,14.59,75928,14.59
2015-06-10,14.59,14.59,14.49,14.5175,137333,14.5175
2015-06-11,14.5,14.58,14.38,14.5675,458492,14.5675
2015-06-12,14.55,14.76,14.55,14.675,267278,14.675
2015-06-15,14.72,14.76,14.66,14.6875,105649,14.6875
2015-06-16,14.74,14.82,14.7,14.7125,80967,14.7125
2015-06-17,14.74,14.77,14.64,14.66,303054,14.66
2015-06-18,14.64,14.85,14.64,14.68,117142,14.68
2015-06-19,14.69,14.78,14.645,14.645,80837,14.645
2015-06-22,14.68,14.68,14.46,14.47,148897,14.47
2015-06-23,14.46,14.65,14.39,14.5225,222455,14.5225
2015-06-24,14.49,14.58,14.45,14.475,586455,14.475
2015-06-25,14.49,14.52,14.42,14.45,146018,14.45
2015-06-26,14.49,14.52,14.35,14.425,178424,14.425
2015-06-29,14.42,14.68,14.42,14.585,1178476,14.585
2015-06-30,14.7,14.79,14.63,14.7575,952059,14.7575
2015-07-01,14.76,14.76,14.51,14.59,570916,14.59
2015-07-02,14.58,14.66,14.48,14.66,1320786,14.66
2015-07-03,14.66,14.795,14.66,14.795,303308,14.795
2015-07-06,14.73,14.88,14.72,14.735,69282,14.735
2015-07-07,14.72,15.045,14.72,15.045,215955,15.045
2015-07-08,15.02,15.1,14.97,15.01,786279,15.01
2015-07-09,15,15.02,14.9025,14.9025,69272,14.9025
2015-07-10,14.93,14.93,14.65,14.655,271000,14.655
2015-07-13,14.69,14.69,14.48,14.4975,797492,14.4975
2015-07-14,14.49,14.54,14.39,14.505,304265,14.505
2015-07-15,14.49,14.55,14.48,14.51,136048,14.51
2015-07-16,14.49,14.65,14.49,14.6025,791341,14.6025
2015-07-17,14.62,14.68,14.6,14.6575,484731,14.6575
2015-07-20,14.68,14.77,14.66,14.67,210296,14.67
2015-07-21,14.7,14.7,14.55,14.6275,303593,14.6275
2015-07-22,14.65,14.795,14.64,14.795,211159,14.795
2015-07-23,14.77,14.85,14.77,14.815,143369,14.815
2015-07-24,14.9,14.94,14.88,14.92,207251,14.92
2015-07-27,14.92,15,14.92,14.945,118197,14.945
2015-07-28,14.95,14.95,14.9,14.95,82759,14.95
2015-07-29,14.95,14.95,14.85,14.8925,64793,14.8925
2015-07-30,14.87,15.02,14.87,14.9775,68906,14.9775
2015-07-31,14.98,15.14,14.96,15.135,114435,15.135
2015-08-03,15.12,15.22,15.06,15.215,1366207,15.215
2015-08-04,15.22,15.3,15.17,15.205,255073,15.205
2015-08-05,15.2,15.2,15.02,15.045,510776,15.045
2015-08-06,15.06,15.17,15.03,15.15,338605,15.15
2015-08-07,15.17,15.315,15.07,15.315,645421,15.315
2015-08-10,15.28,15.29,15.14,15.15,67718,15.15
2015-08-11,15.14,15.3225,15.14,15.3225,337781,15.3225
2015-08-12,15.4,15.53,15.31,15.385,287015,15.385
2015-08-13,15.39,15.41,15.27,15.3625,276854,15.3625
2015-08-14,15.37,15.37,15.22,15.29,144365,15.29
2015-08-17,15.28,15.33,15.24,15.3,126756,15.3
2015-08-18,15.3,15.3,15.2,15.215,259712,15.215
2015-08-19,15.23,15.23,15.09,15.22,252008,15.22
2015-08-20,15.3,15.36,15.23,15.3,188930,15.3
2015-08-21,15.33,15.45,15.3,15.41,434607,15.41
2015-08-24,15.43,15.5,15.32,15.405,210561,15.405
2015-08-25,15.43,15.43,15.1775,15.1775,211194,15.1775
2015-08-26,15.18,15.3,14.9925,14.9925,234503,14.9925
2015-08-27,15,15.06,14.97,15.035,152525,15.035
2015-08-28,15.1,15.23,14.965,14.965,593712,14.965
2015-09-01,15.03,15.13,15,15.07,182079,15.07
2015-09-02,15.07,15.07,14.96,15.0125,114840,15.0125
2015-09-03,15.02,15.15,15.02,15.135,94402,15.135
2015-09-04,15.15,15.365,15.15,15.365,191308,15.365
2015-09-07,15.35,15.4,15.3,15.3825,33502,15.3825
2015-09-08,15.38,15.39,15.3,15.3275,232923,15.3275
2015-09-09,15.32,15.32,15.19,15.255,151239,15.255
2015-09-10,15.26,15.3,15.23,15.2525,305505,15.2525
2015-09-11,15.26,15.31,15.22,15.305,135549,15.305
2015-09-14,15.3,15.3,15.16,15.16,282785,15.16
2015-09-15,15.16,15.23,15.12,15.1325,58388,15.1325
2015-09-16,15.14,15.14,15.04,15.07,160007,15.07
2015-09-17,15.08,15.08,15.01,15.0525,210315,15.0525
2015-09-18,15.05,15.33,15.05,15.185,147524,15.185
2015-09-21,15.15,15.15,14.97,14.9775,1821209,14.9775
2015-09-22,14.97,15.02,14.89,15,258220,15
2015-09-23,15.02,15.06,14.97,15.03,189395,15.03
2015-09-24,14.99,15.18,14.99,15.135,100849,15.135
2015-09-25,15.15,15.15,14.92,14.945,272460,14.945
2015-09-28,14.96,15.05,14.91,15.005,161535,15.005
2015-09-29,14.96,15.055,14.94,15.055,101050,15.055
2015-09-30,15.03,15.04,14.98,15.04,196450,15.04
2015-10-01,15.02,15.23,15.02,15.2225,997621,15.2225
2015-10-02,15.23,15.43,15.19,15.265,791967,15.265
2015-10-05,15.28,15.28,15.12,15.15,137842,15.15
2015-10-06,15.12,15.18,15.03,15.16,338928,15.16
2015-10-07,15.07,15.085,15,15.085,245694,15.085
2015-10-08,15.04,15.12,14.99,14.99,100095,14.99
2015-10-09,15.02,15.02,14.9025,14.9025,143362,14.9025
2015-10-12,14.93,14.98,14.89,14.98,53300,14.98
2015-10-13,14.97,14.99,14.82,14.835,290826,14.835
2015-10-14,14.85,14.92,14.83,14.9,113767,14.9
2015-10-15,14.92,14.945,14.86,14.945,116523,14.945
2015-10-16,14.92,14.93,14.84,14.8575,166130,14.8575
2015-10-19,14.87,14.87,14.77,14.77,172633,14.77
2015-10-20,14.78,14.79,14.73,14.77,115278,14.77
2015-10-21,14.75,14.87,14.75,14.8525,132045,14.8525
2015-10-22,14.87,14.93,14.84,14.92,139523,14.92
2015-10-23,14.91,14.96,14.87,14.88,326479,14.88
2015-10-26,14.87,14.99,14.83,14.93,178878,14.93
2015-10-27,14.94,15.0375,14.92,15.0375,325028,15.0375
2015-10-28,15,15.05,14.98,15.005,91756,15.005
2015-10-29,15,15,14.802,14.8025,80885,14.8025
2015-10-30,14.82,14.88,14.81,14.86,168271,14.86
2015-11-02,14.81,14.84,14.78,14.81,75895,14.81
2015-11-03,14.8,14.84,14.62,14.64,94029,14.64
2015-11-04,14.62,14.65,14.5,14.6,584319,14.6
2015-11-05,14.55,14.72,14.55,14.685,1004684,14.685
2015-11-06,14.65,14.74,14.52,14.535,93954,14.535
2015-11-09,14.52,14.5775,14.42,14.5775,471871,14.5775
2015-11-10,14.48,14.74,14.48,14.705,722850,14.705
2015-11-11,14.74,14.74,14.65,14.69,196203,14.69
2015-11-12,14.69,14.69,14.58,14.615,1174149,14.615
2015-11-13,14.62,14.67,14.59,14.635,1662158,14.635
2015-11-16,14.63,14.66,14.59,14.655,106114,14.655
2015-11-17,14.65,14.65,14.52,14.57,196396,14.57
2015-11-18,14.58,14.65,14.58,14.61,69009,14.61
2015-11-19,14.59,14.69,14.59,14.6525,304562,14.6525
2015-11-20,14.66,14.73,14.63,14.7125,268048,14.7125
2015-11-23,14.72,14.72,14.62,14.72,45717,14.72
2015-11-24,14.67,14.77,14.67,14.725,150373,14.725
2015-11-25,14.77,14.77,14.66,14.705,124887,14.705
2015-11-26,14.74,14.855,14.74,14.855,141252,14.855
2015-11-27,14.84,14.93,14.84,14.885,80961,14.885
2015-11-30,14.92,14.98,14.81,14.875,2367007,14.875
2015-12-01,14.92,15.03,14.79,15.025,385158,15.025
2015-12-02,15.01,15.09,14.99,15.065,53674,15.065
2015-12-03,15.06,15.06,14.81,14.845,622839,14.845
2015-12-04,14.81,14.89,14.54,14.745,275180,14.745
2015-12-07,14.63,14.94,14.63,14.94,247638,14.94
2015-12-08,14.9,14.94,14.81,14.8625,706612,14.8625
2015-12-09,14.83,14.84,14.7,14.72,374820,14.72
2015-12-10,14.74,14.82,14.69,14.69,647467,14.69
2015-12-11,14.7,14.78,14.64,14.76,188555,14.76
2015-12-14,14.75,14.8,14.71,14.775,68305,14.775
2015-12-15,14.74,14.74,14.57,14.595,4557296,14.595
2015-12-16,14.59,14.64,14.5825,14.5825,102224,14.5825
2015-12-17,14.6,14.74,14.6,14.7325,171945,14.7325
2015-12-18,14.86,14.86,14.71,14.8075,89816,14.8075
2015-12-21,14.8,14.84,14.8,14.835,94841,14.835
2015-12-22,14.83,14.84,14.64,14.6925,193060,14.6925
2015-12-23,14.64,14.65,14.49,14.505,111697,14.505
2015-12-24,14.49,14.62,14.48,14.5525,50726,14.5525
2015-12-29,14.51,14.56,14.49,14.49,97161,14.49
2015-12-30,14.55,14.55,14.3,14.325,148372,14.325
2015-12-31,14.3,14.43,14.3,14.425,32310,14.425
2016-01-04,14.43,14.61,14.43,14.56,261830,14.56
2016-01-05,14.51,14.55,14.48,14.5425,467454,14.5425
2016-01-06,14.55,14.69,14.55,14.655,1154548,14.655
2016-01-07,14.65,14.74,14.63,14.665,229754,14.665
2016-01-08,14.63,14.703,14.61,14.7025,114900,14.7025
2016-01-11,14.65,14.72,14.6,14.715,251382,14.715
2016-01-12,14.72,14.82,14.64,14.82,410002,14.82
2016-01-13,14.8,14.84,14.5,14.815,400142,14.815
2016-01-14,14.83,14.91,14.745,14.745,211871,14.745
2016-01-15,14.77,14.86,14.74,14.8075,93594,14.8075
2016-01-18,14.83,14.83,14.71,14.7925,140428,14.7925
2016-01-19,14.775,14.825,14.71,14.76,69545,14.76
2016-01-20,14.75,14.915,14.75,14.885,111195,14.885
2016-01-21,14.895,14.895,14.785,14.8775,667994,14.8775
2016-01-22,14.835,14.875,14.77,14.8475,182048,14.8475
2016-01-25,14.92,14.96,14.895,14.9275,298178,14.9275
2016-01-26,14.935,15.135,14.93,14.965,119090,14.965
2016-01-27,14.95,15,14.92,14.9575,76608,14.9575
2016-01-28,14.97,15.06,14.925,15.005,77385,15.005
2016-01-29,15,15.165,15,15.1325,359263,15.1325
2016-02-01,15.185,15.185,14.955,14.955,294941,14.955
2016-02-02,14.975,15.115,14.975,15.05,295244,15.05
2016-02-03,15.065,15.21,15.025,15.14,387300,15.14
2016-02-04,15.05,15.15,15.05,15.1175,193275,15.1175
2016-02-05,15.075,15.195,15.075,15.1725,131698,15.1725
2016-02-08,15.2,15.375,15.185,15.34,325671,15.34
2016-02-09,15.375,15.375,15.215,15.2275,134446,15.2275
2016-02-10,15.215,15.26,15.19,15.24,602583,15.24
2016-02-11,15.23,15.495,15.23,15.4575,570964,15.4575
2016-02-12,15.34,15.34,15.225,15.225,149538,15.225
2016-02-15,15.24,15.24,15.09,15.23,2916251,15.23
2016-02-16,15.235,15.235,15.12,15.2,106150,15.2
2016-02-17,15.19,15.19,14.99,15.0525,241188,15.0525
2016-02-18,15.05,15.1,14.91,15.0075,181366,15.0075
2016-02-19,15.03,15.045,14.95,14.96,221851,14.96
2016-02-22,14.955,14.98,14.89,14.975,351462,14.975
2016-02-23,14.97,15.01,14.825,14.95,134847,14.95
2016-02-24,14.925,15.06,14.925,14.9875,283646,14.9875
2016-02-25,15.015,15.015,14.83,14.8975,100439,14.8975
2016-02-26,14.91,14.965,14.84,14.955,309656,14.955
2016-02-29,15.045,15.09,15.005,15.09,104095,15.09
2016-03-01,15.055,15.18,15.005,15.015,92819,15.015
2016-03-02,15.045,15.045,14.95,14.995,198632,14.995
2016-03-03,14.985,15.13,14.98,15.13,321398,15.13
2016-03-04,15.13,15.14,15.025,15.095,474851,15.095
2016-03-07,15.12,15.135,15.015,15.085,169785,15.085
2016-03-08,15.09,15.36,15.09,15.36,312815,15.36
2016-03-09,15.23,15.245,15.185,15.2175,334603,15.2175
2016-03-10,15.23,15.395,15.23,15.3075,105734,15.3075
2016-03-11,15.345,15.345,15.23,15.26,667412,15.26
2016-03-14,15.255,15.36,15.245,15.2875,233849,15.2875
2016-03-15,15.295,15.345,15.225,15.23,326837,15.23
2016-03-16,15.255,15.26,15.16,15.1675,102515,15.1675
2016-03-17,15.325,15.385,15.265,15.335,414059,15.335
2016-03-18,15.35,15.39,15.3,15.39,158438,15.39
2016-03-21,15.36,15.36,15.23,15.2475,127222,15.2475
2016-03-22,15.23,15.32,15.21,15.3175,332038,15.3175
2016-03-23,15.225,15.355,15.225,15.315,171488,15.315
2016-03-24,15.335,15.375,15.175,15.2,588000,15.2
2016-03-29,15.195,15.24,15.125,15.16,832001,15.16
2016-03-30,15.205,15.205,15.115,15.135,399602,15.135
2016-03-31,15.135,15.245,15.135,15.2325,311142,15.2325
2016-04-01,15.5,15.5,15.145,15.215,138321,15.215
2016-04-04,15.245,15.2756,15.125,15.27,402746,15.27
2016-04-05,15.31,15.3771,15.2479,15.26,87851,15.26
2016-04-06,15.36,15.36,15.1563,15.2761,92793,15.2761
2016-04-07,15.2676,15.4053,15.256,15.39,75276,15.39
2016-04-08,15.366,15.3663,15.2679,15.295,127432,15.295
2016-04-11,15.355,15.38,15.16,15.215,341651,15.215
2016-04-12,15.2,15.2,15.09,15.165,277437,15.165
2016-04-13,15.14,15.265,15.12,15.26,127332,15.26
2016-04-14,15.265,15.265,15.165,15.185,757107,15.185
2016-04-15,15.18,15.23,15.165,15.205,577040,15.205
2016-04-18,15.195,15.215,15.04,15.04,96865,15.04
2016-04-19,15.055,15.085,15,15,245255,15
2016-04-20,15.105,15.13,15.045,15.0825,740339,15.0825
2016-04-21,15.11,15.11,14.925,14.925,137198,14.925
2016-04-22,14.93,15,14.91,14.9225,216171,14.9225
2016-04-25,14.94,14.94,14.83,14.865,342573,14.865
2016-04-26,14.895,14.915,14.73,14.73,201989,14.73
2016-04-27,14.75,14.78,14.705,14.755,157514,14.755
2016-04-28,14.77,14.885,14.77,14.8125,206852,14.8125
2016-04-29,14.855,14.915,14.835,14.915,347035,14.915
2016-05-03,14.955,15.055,14.89,15.045,386722,15.045
2016-05-04,15.035,15.055,14.95,14.955,223010,14.955
2016-05-05,14.95,15.015,14.885,15.015,273572,15.015
2016-05-06,14.975,15.14,14.975,15.09,229829,15.09
2016-05-09,15.09,15.09,14.99,15.015,211303,15.015
2016-05-10,15.06,15.06,14.955,15.015,199847,15.015
2016-05-11,15,15.06,14.97,15.0425,89377,15.0425
2016-05-12,15.06,15.06,14.94,14.955,3067208,14.955
2016-05-13,15,15.035,14.94,14.98,337539,14.98
2016-05-16,15.005,15.07,14.955,14.9975,48620,14.9975
2016-05-17,14.995,15.0175,14.825,15.0175,171929,15.0175
2016-05-18,15,15.03,14.945,14.9725,265696,14.9725
2016-05-19,14.96,14.99,14.875,14.945,165437,14.945
2016-05-20,14.95,14.96,14.9,14.9475,144501,14.9475
2016-05-23,14.985,14.985,14.925,14.9725,203867,14.9725
2016-05-24,15,15.055,14.945,15.01,194284,15.01
2016-05-25,15,15.12,14.975,15.11,163762,15.11
2016-05-26,15.115,15.2,15.065,15.19,259558,15.19
2016-05-27,15.2,15.24,15.12,15.125,90809,15.125
2016-05-31,15.12,15.13,15.055,15.13,299317,15.13
2016-06-01,15.12,15.195,15.055,15.195,266483,15.195
2016-06-02,15.175,15.205,15.14,15.175,152888,15.175
2016-06-03,15.155,15.295,15.145,15.2925,356409,15.2925
2016-06-06,15.295,15.325,15.225,15.325,294310,15.325
2016-06-07,15.315,15.33,15.245,15.245,398680,15.245
2016-06-08,15.285,15.355,15.27,15.345,8101772,15.345
2016-06-09,15.355,15.375,15.3225,15.3225,141672,15.3225
2016-06-10,15.325,15.37,15.28,15.34,249756,15.34
2016-06-13,15.355,15.36,15.32,15.35,121593,15.35
2016-06-14,15.44,15.64,15.4,15.5625,894054,15.5625
2016-06-15,15.585,15.7425,15.46,15.7425,579223,15.7425
2016-06-16,15.72,15.94,15.71,15.85,355533,15.85
2016-06-17,15.84,15.84,15.685,15.7275,405362,15.7275
2016-06-20,15.7,15.7,15.5275,15.5275,186742,15.5275
2016-06-21,15.525,15.575,15.445,15.445,136293,15.445
2016-06-22,15.445,15.455,15.37,15.4025,142680,15.4025
2016-06-23,15.41,15.445,15.315,15.355,217721,15.355
2016-06-24,15.375,16.18,15.375,16.14,136265,16.14
2016-06-27,16.16,16.62,16.16,16.45,376617,16.45
2016-06-28,16.485,16.66,16.415,16.5925,187703,16.5925
2016-06-29,16.6,16.705,16.535,16.6775,621025,16.6775
2016-06-30,16.655,16.82,16.52,16.79,426368,16.79
2016-07-01,16.805,17.09,16.76,16.815,1126545,16.815
2016-07-04,16.86,16.87,16.7,16.855,1002228,16.855
2016-07-05,16.8,16.97,16.8,16.955,879144,16.955
2016-07-06,16.965,17.15,16.96,17.105,505976,17.105
2016-07-07,17.095,17.16,17.02,17.11,1376730,17.11
2016-07-08,17.09,17.195,16.995,17.185,259244,17.185
2016-07-11,17.135,17.24,17.05,17.05,742559,17.05
2016-07-12,17.05,17.05,16.82,16.83,370153,16.83
2016-07-13,16.85,17.02,16.85,17.02,255908,17.02
2016-07-14,17.015,17.115,16.875,16.965,3589760,16.965
2016-07-15,16.965,16.98,16.73,16.735,540839,16.735
2016-07-18,16.79,16.83,16.67,16.76,377505,16.76
2016-07-19,16.81,16.835,16.73,16.8,348511,16.8
2016-07-20,16.78,16.82,16.52,16.52,534246,16.52
2016-07-21,16.53,16.59,16.5,16.5775,1365109,16.5775
2016-07-22,16.565,16.68,16.565,16.665,590838,16.665
2016-07-25,16.66,16.675,16.51,16.6325,488767,16.6325
2016-07-26,16.715,16.74,16.47,16.51,389380,16.51
2016-07-27,16.495,16.74,16.495,16.69,418407,16.69
2016-07-28,16.71,16.83,16.69,16.75,1507340,16.75
2016-07-29,16.66,16.94,16.66,16.94,235526,16.94
2016-08-01,16.92,16.94,16.84,16.84,925486,16.84
2016-08-02,16.86,16.86,16.62,16.6775,632144,16.6775
2016-08-03,16.685,16.785,16.68,16.755,237371,16.755
2016-08-04,16.77,17.17,16.765,17.1,2335192,17.1
2016-08-05,17.14,17.26,17.085,17.21,372482,17.21
2016-08-08,17.23,17.395,17.185,17.395,368339,17.395
2016-08-09,17.375,17.59,17.375,17.535,334460,17.535
2016-08-10,17.59,17.865,17.55,17.865,434452,17.865
2016-08-11,17.85,18.15,17.85,18.07,2095205,18.07
2016-08-12,18.06,18.17,18.015,18.14,180412,18.14
2016-08-15,18.15,18.17,18.025,18.11,203832,18.11
2016-08-16,18.12,18.235,18.06,18.06,467899,18.06
2016-08-17,18.08,18.125,17.975,18.015,125446,18.015
2016-08-18,18.065,18.195,18.065,18.16,130325,18.16
2016-08-19,18.12,18.165,17.9275,17.9275,532264,17.9275
2016-08-22,17.96,18.1,17.96,18.09,480825,18.09
2016-08-23,18.09,18.34,18.05,18.29,299751,18.29
2016-08-24,18.29,18.41,18.275,18.3925,362523,18.3925
2016-08-25,18.395,18.435,18.36,18.4025,262984,18.4025
2016-08-26,18.39,18.615,18.39,18.585,383793,18.585
2016-08-30,18.59,18.74,18.52,18.62,344023,18.62
2016-08-31,18.61,18.725,18.515,18.515,342569,18.515
2016-09-01,18.48,18.595,18.48,18.595,423131,18.595
2016-09-02,18.59,18.595,18.3,18.3025,265152,18.3025
2016-09-05,18.34,18.435,18.29,18.3725,871096,18.3725
2016-09-06,18.365,18.63,18.365,18.475,589609,18.475
2016-09-07,18.48,18.64,18.48,18.5925,207898,18.5925
2016-09-08,18.595,18.595,18.31,18.32,264936,18.32
2016-09-09,18.32,18.32,17.96,17.975,257771,17.975
2016-09-12,17.955,18.055,17.84,18.025,430683,18.025
2016-09-13,18.055,18.28,17.99,17.99,672837,17.99
2016-09-14,18.005,18.075,17.825,18.075,592637,18.075
2016-09-15,18.03,18.04,17.82,18.04,260514,18.04
2016-09-16,18.035,18.11,17.97,18.0325,286743,18.0325
2016-09-19,18.045,18.07,17.905,17.965,189017,17.965
2016-09-20,17.92,18.1,17.92,18.025,340883,18.025
2016-09-21,18.015,18.015,17.925,17.955,713692,17.955
2016-09-22,18.13,18.385,18.12,18.385,476937,18.385
2016-09-23,18.375,18.465,18.28,18.28,113228,18.28
2016-09-26,18.33,18.48,18.33,18.48,429154,18.48
2016-09-27,18.435,18.745,18.435,18.65,372602,18.65
2016-09-28,18.71,18.79,18.67,18.7375,166794,18.7375
2016-09-29,18.78,18.8,18.58,18.8,472552,18.8
2016-09-30,18.785,19.1,18.435,18.475,407439,18.475
2016-10-03,18.46,18.875,18.46,18.8525,231184,18.8525
2016-10-04,18.83,18.995,18.765,18.825,216415,18.825
2016-10-05,18.835,18.88,18.66,18.83,296569,18.83
2016-10-06,18.77,19.13,18.6,18.95,687649,18.95
2016-10-07,18.7,19,18.7,18.715,403546,18.715
2016-10-10,18.75,18.75,18.565,18.6075,217414,18.6075
2016-10-11,18.615,18.91,18.615,18.805,246063,18.805
2016-10-12,18.825,18.825,18.395,18.53,231327,18.53
2016-10-13,18.55,18.665,18.36,18.36,225080,18.36
2016-10-14,18.31,18.45,18.025,18.085,230319,18.085
2016-10-17,18.03,18.09,17.68,18.0725,881988,18.0725
2016-10-18,18.09,18.3,17.985,18.2725,706960,18.2725
2016-10-19,18.28,18.41,18.225,18.3825,316949,18.3825
2016-10-20,18.41,18.62,18.075,18.61,163839,18.61
2016-10-21,18.575,18.71,18.505,18.505,297695,18.505
2016-10-24,18.53,18.635,18.53,18.605,319236,18.605
2016-10-25,18.625,18.745,18.52,18.665,179998,18.665
2016-10-26,18.66,18.66,18.415,18.55,461746,18.55
2016-10-27,18.505,18.52,18.2,18.26,176819,18.26
2016-10-28,18.3,18.3,17.98,18.095,390155,18.095
2016-10-31,18.12,18.36,18.105,18.25,241483,18.25
2016-11-01,18.315,18.355,18.11,18.17,441523,18.17
2016-11-02,18.24,18.425,18.16,18.425,268123,18.425
2016-11-03,18.42,18.44,18.085,18.285,342656,18.285
2016-11-04,18.3,18.4,18.195,18.4,202750,18.4
2016-11-07,18.395,18.395,18.18,18.18,255187,18.18
2016-11-08,18.195,18.3,18.075,18.075,137410,18.075
2016-11-09,18.08,18.155,17.88,18.0875,301925,18.0875
2016-11-10,18.13,18.13,17.69,17.7775,209746,17.7775
2016-11-11,17.81,17.81,17.635,17.78,1022114,17.78
2016-11-14,17.775,17.775,17.34,17.555,490498,17.555
2016-11-15,17.58,17.75,17.58,17.745,494450,17.745
2016-11-16,17.73,17.745,17.575,17.745,542332,17.745
2016-11-17,17.74,17.74,17.5,17.64,369692,17.64
2016-11-18,17.44,17.55,17.32,17.32,252783,17.32
2016-11-21,17.44,17.445,17.265,17.39,246611,17.39
2016-11-22,17.405,17.615,17.405,17.5025,213897,17.5025
2016-11-23,17.49,1750.25,17.25,17.365,307023,17.365
2016-11-24,17.37,17.515,17.37,17.4825,178378,17.4825
2016-11-25,17.515,17.56,17.4,17.42,137118,17.42
2016-11-28,17.405,17.52,17.36,17.42,547834,17.42
2016-11-29,17.4,17.4,17.21,17.4,484900,17.4
2016-11-30,17.47,17.525,17.255,17.27,304522,17.27
2016-12-01,17.255,17.255,16.95,17.03,453998,17.03
2016-12-02,17.005,17.445,16.945,17.405,339803,17.405
2016-12-05,17.445,17.445,17.19,17.395,240583,17.395
2016-12-06,17.415,17.48,17.355,17.3725,411706,17.3725
2016-12-07,17.36,17.64,17.36,17.585,232589,17.585
2016-12-08,17.56,17.67,17.47,17.6675,339532,17.6675
2016-12-09,17.655,17.675,17.48,17.505,431688,17.505
2016-12-12,17.43,17.45,17.325,17.385,264927,17.385
2016-12-13,17.375,17.58,17.375,17.445,228317,17.445
2016-12-14,17.425,17.55,17.345,17.4325,1331425,17.4325
2016-12-15,17.26,17.26,17,17.015,1062117,17.015
2016-12-16,17.025,17.12,16.965,17.1,1062631,17.1
2016-12-19,17.075,17.095,16.96,17.095,304843,17.095
2016-12-20,17.06,17.195,17.02,17.1775,1340378,17.1775
2016-12-21,17.18,17.34,17.175,17.315,591464,17.315
2016-12-22,17.33,17.425,17.31,17.41,103369,17.41
2016-12-23,17.385,17.565,17.385,17.565,991153,17.565
2016-12-28,17.5,17.705,17.5,17.66,81754,17.66
2016-12-29,17.64,17.89,17.64,17.87,182473,17.87
2016-12-30,17.87,17.935,17.755,17.865,176848,17.865
2017-01-03,17.82,17.82,17.575,17.7075,95319,17.7075
2017-01-04,17.765,17.835,17.67,17.7625,171110,17.7625
2017-01-05,17.8,17.875,17.695,17.865,371420,17.865
2017-01-06,17.865,17.92,17.6775,17.6775,163760,17.6775
2017-01-09,17.71,17.765,17.685,17.74,109670,17.74
2017-01-10,17.725,17.81,17.68,17.74,165361,17.74
2017-01-11,17.715,17.905,17.715,17.905,168893,17.905
2017-01-12,17.9,17.955,17.865,17.91,178773,17.91
2017-01-13,17.855,17.875,17.72,17.7325,112128,17.7325
2017-01-16,17.72,17.92,17.72,17.81,129863,17.81
2017-01-17,17.81,17.97,17.71,17.7375,206549,17.7375
2017-01-18,17.73,17.83,17.63,17.79,549747,17.79
2017-01-19,17.79,17.79,17.51,17.5275,272274,17.5275
2017-01-20,17.54,17.56,17.325,17.405,179442,17.405
2017-01-23,17.365,17.535,17.35,17.5,119294,17.5
2017-01-24,17.51,17.73,17.495,17.71,339666,17.71
2017-01-25,17.71,17.73,17.5,17.5,228073,17.5
2017-01-26,17.505,17.525,17.375,17.51,256558,17.51
2017-01-27,17.55,17.62,17.49,17.595,212034,17.595
2017-01-30,17.6,17.755,17.52,17.74,251450,17.74
2017-01-31,17.73,17.9,17.67,17.8825,393416,17.8825
2017-02-01,17.82,17.935,17.76,17.82,279623,17.82
2017-02-02,17.85,17.94,17.805,17.88,238564,17.88
2017-02-03,17.885,17.885,17.685,17.8,260209,17.8
2017-02-06,17.78,17.95,17.78,17.85,196454,17.85
2017-02-07,17.88,17.935,17.815,17.9,209873,17.9
2017-02-08,17.9,18.165,17.9,18.12,256672,18.12
2017-02-09,18.105,18.165,18.055,18.13,382537,18.13
2017-02-10,18.11,18.155,18.02,18.06,143545,18.06
2017-02-13,18.065,18.065,17.93,17.935,137057,17.935
2017-02-14,17.945,17.97,17.82,17.935,279697,17.935
2017-02-15,17.965,17.985,17.785,17.825,250521,17.825
2017-02-16,17.8,17.88,17.745,17.805,112107,17.805
2017-02-17,17.81,17.93,17.795,17.89,387642,17.89
2017-02-20,17.865,17.865,17.735,17.75,114118,17.75
2017-02-21,17.78,17.78,17.535,17.63,1587217,17.63
2017-02-22,17.61,17.705,17.61,17.655,186473,17.655
2017-02-23,17.67,17.85,17.655,17.845,805483,17.845
2017-02-24,17.815,18.07,17.815,18.065,111804,18.065
2017-02-27,18.045,18.07,17.98,18.05,319579,18.05
2017-02-28,18.06,18.135,18.015,18.085,156774,18.085
2017-03-01,17.985,18.08,17.965,17.975,604929,17.975
2017-03-02,17.965,18.06,17.86,17.86,171494,17.86
2017-03-03,17.885,17.925,17.71,17.81,698787,17.81
2017-03-06,17.79,17.875,17.63,17.695,172859,17.695
2017-03-07,17.675,17.81,17.66,17.79,285335,17.79
2017-03-08,17.78,17.955,17.72,17.9025,189018,17.9025
2017-03-09,17.895,18.05,17.845,17.975,361329,17.975
2017-03-10,17.965,18.1,17.88,17.945,175165,17.945
2017-03-13,17.935,18.045,17.915,17.955,113700,17.955
2017-03-14,17.955,18.025,17.85,17.975,146754,17.975
2017-03-15,17.975,17.985,17.895,17.94,93456,17.94
2017-03-16,17.915,17.98,17.78,17.85,178250,17.85
2017-03-17,17.83,17.83,17.59,17.61,152300,17.61
2017-03-20,17.585,17.7,17.53,17.7,302585,17.7
2017-03-21,17.625,17.795,17.605,17.73,204524,17.73
2017-03-22,17.71,18,17.71,17.99,198159,17.99
2017-03-23,17.95,18.05,17.855,17.9,111856,17.9
2017-03-24,17.855,18.075,17.805,18.07,138710,18.07
2017-03-27,18.055,18.14,18.035,18.12,168144,18.12
2017-03-28,18.125,18.2,18.075,18.075,100065,18.075
2017-03-29,18.085,18.085,18,18.025,554628,18.025
2017-03-30,18.05,18.07,17.91,18.07,146506,18.07
2017-03-31,18.06,18.265,18.04,18.195,1566916,18.195
2017-04-03,18.195,18.54,18.17,18.52,340931,18.52
2017-04-04,18.54,18.7,18.54,18.5975,330152,18.5975
2017-04-05,18.605,18.65,18.51,18.62,447435,18.62
2017-04-06,18.595,18.78,18.55,18.77,223872,18.77
2017-04-07,18.775,18.86,18.715,18.745,249542,18.745
2017-04-10,18.755,18.885,18.705,18.885,453509,18.885
2017-04-11,18.875,19.115,18.835,19.1,171580,19.1
2017-04-12,19.1,19.275,19.065,19.22,311997,19.22
2017-04-13,19.185,19.33,19.035,19.035,752781,19.035
2017-04-18,19.12,19.12,18.74,18.75,304553,18.75
2017-04-19,18.74,18.755,18.59,18.625,1914410,18.625
2017-04-20,18.645,18.725,18.44,18.635,189166,18.635
2017-04-21,18.625,18.81,18.625,18.68,223534,18.68
2017-04-24,18.725,18.725,18.5,18.565,129538,18.565
2017-04-25,18.59,18.59,18.395,18.445,129077,18.445
2017-04-26,18.475,18.475,18.345,18.37,120031,18.37
2017-04-27,18.38,18.395,18.295,18.295,123158,18.295
2017-04-28,18.32,18.66,18.21,18.625,230087,18.625
2017-05-02,18.655,18.655,18.53,18.545,188255,18.545
2017-05-03,18.57,18.57,18.44,18.44,161860,18.44
2017-05-04,18.455,18.455,18.095,18.145,156062,18.145
2017-05-05,18.12,18.14,17.975,18.035,548463,18.035
2017-05-08,18.005,18.015,17.815,17.865,168015,17.865
2017-05-09,17.865,17.975,17.77,17.965,214022,17.965
2017-05-10,17.97,18.335,17.97,18.1775,2454837,18.1775
2017-05-11,18.195,18.245,18.05,18.1625,189563,18.1625
2017-05-12,18.17,18.34,18.145,18.34,91807,18.34
2017-05-15,18.335,18.355,18.195,18.195,97290,18.195
2017-05-16,18.245,18.29,18.06,18.25,410491,18.25
2017-05-17,18.255,18.38,18.24,18.31,436352,18.31
2017-05-18,18.325,18.405,18.32,18.37,134997,18.37
2017-05-19,18.35,18.46,18.35,18.415,116525,18.415
2017-05-22,18.37,18.49,18.37,18.455,78042,18.455
2017-05-23,18.465,18.58,18.465,18.53,158915,18.53
2017-05-24,18.58,18.6,18.485,18.575,151935,18.575
2017-05-25,18.57,18.66,18.52,18.52,109760,18.52
2017-05-26,18.605,18.61,18.45,18.475,149992,18.475
2017-05-30,18.52,18.575,18.42,18.43,153206,18.43
2017-05-31,18.42,18.47,18.205,18.205,126098,18.205
2017-06-01,18.24,18.295,18.145,18.265,160175,18.265
2017-06-02,18.255,18.365,18.25,18.31,91145,18.31
2017-06-05,18.265,18.265,18.19,18.255,114684,18.255
2017-06-06,18.24,18.41,18.24,18.395,239613,18.395
2017-06-07,18.36,18.38,18.3,18.31,1064221,18.31
2017-06-08,18.37,18.37,17.95,17.95,122592,17.95
2017-06-09,18,18.16,17.95,18.13,136459,18.13
2017-06-12,18.16,18.3,18.125,18.3,97456,18.3
2017-06-13,18.25,18.265,18.02,18.02,261046,18.02
2017-06-14,18.045,18.255,18.005,18.255,169905,18.255
2017-06-15,18.185,18.21,17.8,17.83,136068,17.83
2017-06-16,17.805,17.905,17.715,17.88,97372,17.88
2017-06-19,17.82,18.015,17.82,18.015,78128,18.015
2017-06-20,18.04,18.23,18.04,18.205,36601,18.205
2017-06-21,18.21,18.28,18.11,18.28,14579,18.28
2017-06-22,18.195,18.5,18.195,18.3975,29105,18.3975
2017-06-23,18.3,18.3,18.23,18.24,41482,18.24
2017-06-26,18.25,18.335,18.165,18.165,86998,18.165
2017-06-27,18.12,18.13,17.945,17.945,41794,17.945
2017-06-28,17.87,17.92,17.69,17.815,103764,17.815
2017-06-29,17.66,17.735,17.56,17.56,56227,17.56
2017-06-30,17.5,17.75,17.48,17.715,95568,17.715
2017-07-03,17.7,17.705,17.535,17.69,48155,17.69
2017-07-04,17.71,17.71,17.625,17.655,77812,17.655
2017-07-05,17.635,17.635,17.485,17.4875,177963,17.4875
2017-07-06,17.47,17.475,17.28,17.31,125985,17.31
2017-07-07,17.29,17.42,17.27,17.325,79634,17.325
2017-07-10,17.26,17.325,17.225,17.3225,49673,17.3225
2017-07-11,17.24,17.26,17.125,17.235,100497,17.235
2017-07-12,17.23,17.44,17.225,17.4,202767,17.4
2017-07-13,17.455,17.565,17.2425,17.2425,38405,17.2425
2017-07-14,17.3,17.32,17.06,17.06,48858,17.06
2017-07-17,17.11,17.135,17.07,17.085,74832,17.085
2017-07-18,17.095,17.32,17.07,17.305,96009,17.305
2017-07-19,17.295,17.415,17.26,17.415,236182,17.415
2017-07-20,17.4,17.51,17.385,17.4825,77918,17.4825
2017-07-21,17.51,17.675,17.465,17.67,194110,17.67
2017-07-24,17.645,17.8,17.645,17.715,28191,17.715
2017-07-25,17.755,17.79,17.57,17.57,375286,17.57
2017-07-26,17.635,17.68,17.62,17.645,58185,17.645
2017-07-27,17.62,17.735,17.445,17.445,41640,17.445
2017-07-28,17.535,17.54,17.435,17.435,57964,17.435
2017-07-31,17.44,17.565,17.44,17.45,117023,17.45
2017-08-01,17.41,17.5525,17.38,17.5525,81311,17.5525
2017-08-02,17.45,17.54,17.45,17.48,155027,17.48
2017-08-03,17.475,17.715,17.475,17.685,65158,17.685
2017-08-04,17.75,17.76,17.61,17.61,113618,17.61
2017-08-07,17.605,17.705,17.605,17.69,76297,17.69
2017-08-08,17.69,17.77,17.68,17.75,64913,17.75
2017-08-09,17.875,17.91,17.825,17.89,44244,17.89
2017-08-10,17.89,18.105,17.89,18.045,103345,18.045
2017-08-11,18.135,18.18,18.06,18.07,58190,18.07
2017-08-14,17.985,18.015,17.895,17.975,62353,17.975
2017-08-15,17.9,18.025,17.9,17.9925,63094,17.9925
2017-08-16,17.93,17.94,17.79,17.905,26545,17.905
2017-08-17,17.97,18.025,17.92,18.01,39212,18.01
2017-08-18,18.03,18.04,17.9225,17.9225,47544,17.9225
2017-08-21,17.985,18.065,17.98,18.01,45149,18.01
2017-08-22,17.95,18.035,17.905,17.93,42612,17.93
2017-08-23,17.98,18.15,17.89,18.135,14367,18.135
2017-08-24,18.075,18.225,18.075,18.21,20072,18.21
2017-08-25,18.205,18.31,18.15,18.29,143764,18.29
2017-08-29,18.36,18.555,18.355,18.555,26951,18.555
2017-08-30,18.48,18.49,18.3325,18.3325,43870,18.3325
2017-08-31,18.33,18.423,18.29,18.29,56200,18.29
2017-09-01,18.34,18.38,18.22,18.22,17110,18.22
2017-09-04,18.265,18.305,18.15,18.15,22321,18.15
2017-09-05,18.18,18.375,18.13,18.375,84085,18.375
2017-09-06,18.39,18.47,18.39,18.44,61262,18.44
2017-09-07,18.395,18.775,18.395,18.715,86358,18.715
2017-09-08,18.69,18.73,18.645,18.67,45046,18.67
2017-09-11,18.67,18.67,18.49,18.49,29102,18.49
2017-09-12,18.49,18.495,18.08,18.085,102319,18.085
2017-09-13,18.09,18.235,18.065,18.0975,186748,18.0975
2017-09-14,18.075,18.12,17.885,17.885,42187,17.885
2017-09-15,17.765,17.765,17.445,17.52,129213,17.52
2017-09-18,17.51,17.525,17.365,17.475,30307,17.475
2017-09-19,17.5,17.6,17.415,17.46,63482,17.46
2017-09-20,17.4,17.61,17.39,17.5175,56495,17.5175
2017-09-21,17.385,17.6,17.385,17.55,66537,17.55
2017-09-22,17.55,17.685,17.54,17.635,40041,17.635
2017-09-25,17.685,17.765,17.605,17.765,59188,17.765
2017-09-26,17.71,17.785,17.58,17.6125,43717,17.6125
2017-09-27,17.55,17.55,17.43,17.515,101144,17.515
2017-09-28,17.385,17.49,17.385,17.49,41254,17.49
2017-09-29,17.515,17.595,17.46,17.54,240939,17.54
2017-10-02,17.475,17.73,17.455,17.73,55514,17.73
2017-10-03,17.65,17.685,17.615,17.6525,93675,17.6525
2017-10-04,17.71,17.755,17.63,17.665,60834,17.665
2017-10-05,17.7,17.78,17.605,17.665,80058,17.665
2017-10-06,17.625,17.785,17.625,17.77,141659,17.77
2017-10-09,17.76,17.8,17.69,17.765,24387,17.765
2017-10-10,17.705,17.875,17.67,17.85,85891,17.85
2017-10-11,17.795,17.94,17.795,17.9,46872,17.9
2017-10-12,17.935,17.935,17.775,17.8125,47077,17.8125
2017-10-13,17.9,17.9,17.755,17.9,67283,17.9
2017-10-16,17.8,18.04,17.79,18.025,97292,18.025
2017-10-17,17.99,18.2,17.945,18.15,70175,18.15
2017-10-18,18.13,18.16,17.885,17.885,99934,17.885
2017-10-19,17.88,18.09,17.87,17.94,231268,17.94
2017-10-20,17.92,17.92,17.6775,17.6775,106118,17.6775
2017-10-23,17.69,17.79,17.655,17.79,164305,17.79
2017-10-24,17.735,17.755,17.64,17.645,114654,17.645
2017-10-25,17.66,17.66,17.52,17.5725,102310,17.5725
2017-10-26,17.52,17.61,17.415,17.415,57201,17.415
2017-10-27,17.505,17.62,17.475,17.515,198321,17.515
2017-10-30,17.515,17.6,17.495,17.55,78828,17.55
2017-10-31,17.575,17.77,17.57,17.73,109627,17.73
2017-11-01,17.7,17.755,17.615,17.755,60352,17.755
2017-11-02,17.73,17.935,17.725,17.9075,158652,17.9075
2017-11-03,17.92,18.05,17.725,17.74,159773,17.74
2017-11-06,17.77,17.84,17.71,17.775,157308,17.775
2017-11-07,17.78,18.095,17.76,18.04,764196,18.04
2017-11-08,18.07,18.265,18.04,18.1875,78293,18.1875
2017-11-09,18.19,18.195,18.045,18.0725,116110,18.0725
2017-11-10,18.06,18.06,17.9125,17.9125,40240,17.9125
2017-11-13,17.925,18.055,17.925,17.99,92813,17.99
2017-11-14,18,18.04,17.935,17.9825,117367,17.9825
2017-11-15,17.985,18.125,17.95,17.9575,135654,17.9575
2017-11-16,17.9,17.9,17.665,17.7275,101466,17.7275
2017-11-17,17.79,17.845,17.735,17.81,114562,17.81
2017-11-20,17.865,18.02,17.765,17.975,41062,17.975
2017-11-21,18,18.15,18,18.0225,96500,18.0225
2017-11-22,18.05,18.1,17.87,17.9225,386605,17.9225
2017-11-23,18,18,17.91,17.97,46866,17.97
2017-11-24,17.99,18.03,17.935,18.0175,155686,18.0175
2017-11-27,18.005,18.065,17.955,18.025,157283,18.025
2017-11-28,18.08,18.108,18.011,18.0175,103296,18.0175
2017-11-29,18.04,18.04,17.711,17.7275,353541,17.7275
2017-11-30,17.678,17.75,17.515,17.6875,115433,17.6875
2017-12-01,17.688,18.032,17.688,18,271093,18
2017-12-04,17.815,17.926,17.72,17.76,117429,17.76
2017-12-05,17.774,17.965,17.74,17.9475,85724,17.9475
2017-12-06,18.07,18.09,17.96,18.0075,85671,18.0075
2017-12-07,18.025,18.053,17.918,17.94,116452,17.94
2017-12-08,17.845,17.86,17.65,17.8125,107844,17.8125
2017-12-11,17.735,17.983,17.735,17.9425,66657,17.9425
2017-12-12,17.928,17.99,17.848,17.965,68282,17.965
2017-12-13,18.02,18.02,17.83,17.8625,86359,17.8625
2017-12-14,17.895,18.083,17.83,18.0325,99475,18.0325
2017-12-15,18.125,18.14,17.985,18.06,166393,18.06
2017-12-18,18.018,18.118,18.018,18.0575,131985,18.0575
2017-12-19,18.08,18.08,17.848,17.8625,92911,17.8625
2017-12-20,17.738,17.813,17.727,17.8,101416,17.8
2017-12-21,17.792,17.845,17.707,17.845,159554,17.845
2017-12-22,17.9,17.938,17.832,17.9175,56856,17.9175
2017-12-27,17.913,18.118,17.913,18.0875,82406,18.0875
2017-12-28,18.117,18.123,17.967,18.0225,57889,18.0225
2017-12-29,18.026,18.1,17.944,18.0275,29090,18.0275
2018-01-02,17.93,18,17.81,17.847,102661,17.847
2018-01-03,17.888,18.1,17.842,18.09,51132,18.09
2018-01-04,18.06,18.098,18.005,18.07,80160,18.07
2018-01-05,18.145,18.145,17.992,17.995,46862,17.995
2018-01-08,18.015,18.103,17.941,18.025,119572,18.025
2018-01-09,17.875,18.059,17.875,17.995,110203,17.995
2018-01-10,17.97,18.018,17.853,17.99,147414,17.99
2018-01-11,18.007,18.108,17.87,17.87,123377,17.87
2018-01-12,17.892,17.988,17.827,17.835,81526,17.835
2018-01-15,17.907,17.96,17.877,17.895,26280,17.895
2018-01-16,17.935,17.935,17.82,17.885,54093,17.885
2018-01-17,17.895,17.955,17.875,17.915,31376,17.915
2018-01-18,17.815,17.93,17.815,17.87,51999,17.87
2018-01-19,17.7,17.88,17.7,17.8375,30424,17.8375
2018-01-22,17.9,17.9,17.77,17.8075,38162,17.8075
2018-01-23,17.84,17.9,17.785,17.7875,48056,17.7875
2018-01-24,17.75,17.765,17.615,17.6325,84108,17.6325
2018-01-25,17.66,17.69,17.56,17.6375,44402,17.6375
2018-01-26,17.73,17.8,17.67,17.705,106737,17.705
2018-01-29,17.51,17.74,17.51,17.6925,112888,17.6925
2018-01-30,17.885,17.885,17.67,17.695,89900,17.695
2018-01-31,17.645,17.735,17.515,17.53,270476,17.53
2018-02-01,17.43,17.515,17.41,17.475,55881,17.475
2018-02-02,17.385,17.5,17.3,17.47,85526,17.47
2018-02-05,17.435,17.515,17.385,17.4925,60544,17.4925
2018-02-06,17.65,17.67,17.435,17.44,411429,17.44
2018-02-07,17.465,17.585,17.455,17.585,63285,17.585
2018-02-08,17.54,17.59,17.28,17.34,23386,17.34
2018-02-09,17.434,17.568,17.322,17.37,109668,17.37
2018-02-12,17.51,17.52,17.27,17.315,128115,17.315
2018-02-13,17.34,17.365,17.225,17.27,105063,17.27
2018-02-14,17.405,17.405,17.165,17.1875,39088,17.1875
2018-02-15,17.115,17.26,17.025,17.1925,515322,17.1925
2018-02-16,17.285,17.48,17.235,17.4675,66447,17.4675
2018-02-19,17.35,17.455,17.35,17.43,90862,17.43
2018-02-20,17.39,17.565,17.375,17.52,30246,17.52
2018-02-21,17.57,17.665,17.525,17.55,49281,17.55
2018-02-22,17.51,17.585,17.405,17.5,108781,17.5
2018-02-23,17.555,17.57,17.455,17.5225,68168,17.5225
2018-02-26,17.435,17.58,17.42,17.555,55810,17.555
2018-02-27,17.53,17.63,17.4625,17.4625,96572,17.4625
2018-02-28,17.515,17.655,17.46,17.6325,52703,17.6325
2018-03-01,17.66,17.775,17.66,17.6775,37309,17.6775
2018-03-02,17.745,17.78,17.655,17.655,29040,17.655
2018-03-05,17.8,17.8,17.545,17.565,52071,17.565
2018-03-06,17.5,17.5,17.33,17.485,40975,17.485
2018-03-07,17.395,17.555,17.395,17.4725,523855,17.4725
2018-03-08,17.5,17.59,17.45,17.51,42519,17.51
2018-03-09,17.545,17.545,17.355,17.425,34002,17.425
2018-03-12,17.405,17.47,17.4,17.45,30596,17.45
2018-03-13,17.51,17.565,17.42,17.55,42084,17.55
2018-03-14,17.58,17.74,17.535,17.74,36943,17.74
2018-03-15,17.675,17.81,17.675,17.72,50828,17.72
2018-03-16,17.74,17.805,17.72,17.7675,47794,17.7675
2018-03-19,17.735,17.805,17.585,17.805,84982,17.805
2018-03-20,17.755,17.79,17.695,17.71,37180,17.71
2018-03-21,17.655,17.695,17.535,17.655,50556,17.655
2018-03-22,17.755,17.995,17.715,17.85,97809,17.85
2018-03-23,17.88,17.975,17.765,17.855,31767,17.855
2018-03-26,17.8,17.835,17.695,17.8325,55990,17.8325
2018-03-27,17.785,17.845,17.735,17.785,74463,17.785
2018-03-28,17.845,17.935,17.81,17.92,98238,17.92
2018-03-29,17.91,18.06,17.86,18.035,107377,18.035
2018-04-03,18.09,18.09,17.91,17.9375,178580,17.9375
2018-04-04,17.955,18.005,17.815,17.83,119231,17.83
2018-04-05,17.755,17.82,17.715,17.725,54558,17.725
2018-04-06,17.78,17.805,17.685,17.78,74209,17.78
2018-04-09,17.765,17.785,17.72,17.76,161541,17.76
2018-04-10,17.765,17.8,17.67,17.715,70782,17.715
2018-04-11,17.78,17.916,17.7,17.845,76623,17.845
2018-04-12,17.805,17.865,17.615,17.645,89685,17.645
2018-04-13,17.611,17.655,17.555,17.6325,69633,17.6325
2018-04-16,17.586,17.604,17.465,17.5,48588,17.5
2018-04-17,17.475,17.55,17.415,17.51,117012,17.51
2018-04-18,17.45,17.68,17.45,17.505,140938,17.505
2018-04-19,17.47,17.47,17.21,17.235,102606,17.235
2018-04-20,17.49,17.49,17.208,17.36,698236,17.36
2018-04-23,17.29,17.335,17.14,17.175,110313,17.175
2018-04-24,17.17,17.32,17.12,17.13,237460,17.13
2018-04-25,17.06,17.27,17.06,17.265,200750,17.265
2018-04-26,17.318,17.385,17.27,17.37,136891,17.37
2018-04-27,17.4,17.545,17.36,17.43,241877,17.43
2018-04-30,17.43,17.585,17.38,17.585,100950,17.585
2018-05-01,17.635,17.675,17.515,17.66,212589,17.66
2018-05-02,17.565,17.628,17.475,17.49,98451,17.49
2018-05-03,17.525,17.695,17.429,17.695,81939,17.695
2018-05-04,17.72,17.726,17.585,17.625,83952,17.625
2018-05-08,17.6,17.665,17.439,17.46,195635,17.46
2018-05-09,17.503,17.503,17.355,17.395,136497,17.395
2018-05-10,17.44,17.545,17.366,17.545,63175,17.545
2018-05-11,17.61,17.625,17.435,17.47,116650,17.47
2018-05-14,17.525,17.525,17.335,17.365,280327,17.365
2018-05-15,17.36,17.41,17.22,17.35,291106,17.35
2018-05-16,17.295,17.42,17.295,17.34,89985,17.34
2018-05-17,17.005,17.195,17.005,17.09,118785,17.09
2018-05-18,17.09,17.2,17.065,17.2,186330,17.2
2018-05-21,17.18,17.23,17.14,17.23,169598,17.23
2018-05-22,17.16,17.187,17.063,17.15,59008,17.15
2018-05-23,17.27,17.27,17.195,17.23,170290,17.23
2018-05-24,17.192,17.274,17.135,17.22,155140,17.22
2018-05-25,17.237,17.483,17.237,17.42,352402,17.42
2018-05-29,17.55,17.765,17.414,17.61,213385,17.61
2018-05-30,17.005,17.717,17.005,17.6,72259,17.6
2018-05-31,17.505,17.79,17.505,17.735,473331,17.735
2018-06-01,17.74,17.76,17.54,17.6,318726,17.6
2018-06-04,17.627,17.655,17.53,17.64,99601,17.64
2018-06-05,17.705,17.705,17.565,17.6575,160824,17.6575
2018-06-06,17.525,17.637,17.335,17.335,94102,17.335
2018-06-07,17.295,17.332,17.243,17.2475,108743,17.2475
2018-06-08,17.39,17.53,17.315,17.3325,176293,17.3325
2018-06-11,17.296,17.43,17.265,17.3525,111848,17.3525
2018-06-12,17.335,17.484,17.265,17.4525,229347,17.4525
2018-06-13,17.525,17.64,17.49,17.63,149510,17.63
2018-06-14,17.585,17.75,17.52,17.7175,128353,17.7175
2018-06-15,17.735,17.8,17.635,17.6425,52096,17.6425
2018-06-18,17.58,17.71,17.58,17.6125,72766,17.6125
2018-06-19,17.805,17.805,17.648,17.6825,216686,17.6825
2018-06-20,17.711,17.711,17.517,17.6,100363,17.6
2018-06-21,17.574,17.68,17.446,17.68,79198,17.68
2018-06-22,17.585,17.66,17.525,17.59,67131,17.59
2018-06-25,17.625,17.715,17.568,17.6175,107345,17.6175
2018-06-26,17.61,17.686,17.523,17.63,78991,17.63
2018-06-27,17.625,17.75,17.625,17.72,154124,17.72
2018-06-28,17.7,17.809,17.63,17.64,90543,17.64
2018-06-29,17.535,17.665,17.46,17.62,62913,17.62
2018-07-02,17.749,17.749,17.642,17.735,134996,17.735
2018-07-03,17.735,17.79,17.65,17.7675,51134,17.7675
2018-07-04,17.81,17.81,17.645,17.645,53969,17.645
2018-07-05,17.675,17.74,17.582,17.725,90453,17.725
2018-07-06,17.64,17.806,17.64,17.725,121492,17.725
2018-07-09,17.775,17.775,17.575,17.73,98402,17.73
2018-07-10,17.642,17.745,17.62,17.62,50390,17.62
2018-07-11,17.69,17.745,17.61,17.71,82986,17.71
2018-07-12,17.74,17.817,17.69,17.7925,69272,17.7925
2018-07-13,17.855,17.874,17.764,17.7675,96015,17.7675
2018-07-16,17.741,17.839,17.715,17.78,134137,17.78
2018-07-17,17.8,17.872,17.756,17.81,134891,17.81
2018-07-18,17.815,17.89,17.735,17.78,134456,17.78
2018-07-19,17.742,17.96,17.706,17.9175,70214,17.9175
2018-07-20,17.945,17.99,17.84,17.87,90924,17.87
2018-07-23,17.83,17.925,17.785,17.805,180270,17.805
2018-07-24,17.77,17.86,17.718,17.8125,168155,17.8125
2018-07-25,17.885,17.885,17.82,17.835,60709,17.835
2018-07-26,17.719,17.855,17.719,17.7625,110062,17.7625
2018-07-27,17.791,17.835,17.72,17.76,81908,17.76
2018-07-30,17.821,17.821,17.585,17.59,441915,17.59
2018-07-31,17.701,17.755,17.624,17.735,279299,17.735
2018-08-01,17.89,17.89,17.6025,17.6025,187396,17.6025
2018-08-02,17.669,17.69,17.595,17.6375,184163,17.6375
2018-08-03,17.805,17.805,17.625,17.7675,51005,17.7675
2018-08-06,17.74,17.84,17.74,17.8225,164033,17.8225
2018-08-07,17.845,17.866,17.785,17.8125,37042,17.8125
2018-08-08,17.925,17.925,17.805,17.845,90427,17.845
2018-08-09,17.92,17.925,17.77,17.8325,33311,17.8325
2018-08-10,18,18.015,17.895,18.01,115319,18.01
2018-08-13,17.955,18.039,17.926,17.9725,108167,17.9725
2018-08-14,18,18.05,17.915,17.9975,74447,17.9975
2018-08-15,17.925,18.074,17.925,18.025,63755,18.025
2018-08-16,18.04,18.052,17.945,18.0225,138927,18.0225
2018-08-17,18.085,18.11,17.981,17.985,99441,17.985
2018-08-20,18.015,18.02,17.925,17.985,68690,17.985
2018-08-21,17.992,17.992,17.852,17.8875,67353,17.8875
2018-08-22,17.89,17.946,17.817,17.817,72840,17.817
2018-08-23,17.906,17.906,17.76,17.818,125116,17.818
2018-08-24,17.811,17.847,17.719,17.778,36708,17.778
2018-08-28,17.7,17.804,17.582,17.734,157576,17.734
2018-08-29,17.764,17.765,17.55,17.55,117213,17.55
2018-08-30,17.584,17.65,17.522,17.597,72377,17.597
2018-08-31,17.641,17.696,17.582,17.658,75237,17.658
2018-09-03,17.641,17.749,17.572,17.749,334311,17.749
2018-09-04,17.64,17.837,17.64,17.691,99646,17.691
2018-09-05,17.722,17.758,17.481,17.564,306228,17.564
2018-09-06,17.609,17.656,17.494,17.627,84985,17.627
2018-09-07,17.602,17.628,17.42,17.477,51117,17.477
2018-09-10,17.542,17.544,17.336,17.359,44978,17.359
2018-09-11,17.3,17.386,17.296,17.363,122163,17.363
2018-09-12,17.316,17.424,17.316,17.379,52036,17.379
2018-09-13,17.424,17.474,17.352,17.417,71415,17.417
2018-09-14,17.48,17.48,17.303,17.389,79333,17.389
2018-09-17,17.316,17.429,17.316,17.36,97933,17.36
2018-09-18,17.383,17.398,17.214,17.222,113101,17.222
2018-09-19,17.28,17.28,17.117,17.173,175664,17.173
2018-09-20,17.182,17.306,17.144,17.287,57619,17.287
2018-09-21,17.311,17.486,17.27,17.452,174940,17.452
2018-09-24,17.494,17.494,17.338,17.338,205893,17.338
2018-09-25,17.338,17.338,17.218,17.309,127088,17.309
2018-09-26,17.31,17.354,17.273,17.329,51446,17.329
2018-09-27,17.414,17.47,17.336,17.34,82288,17.34
2018-09-28,17.434,17.524,17.352,17.462,96110,17.462
2018-10-01,17.478,17.57,17.352,17.563,167875,17.563
2018-10-02,17.55,17.73,17.55,17.645,70616,17.645
2018-10-03,17.616,17.641,17.554,17.554,99970,17.554
2018-10-04,17.475,17.496,17.34,17.35,67945,17.35
2018-10-05,17.327,17.362,17.2,17.2,67719,17.2
2018-10-08,17.172,17.454,17.172,17.454,130408,17.454
2018-10-09,17.392,17.484,17.325,17.376,67808,17.376
2018-10-10,17.45,17.45,17.197,17.266,115668,17.266
2018-10-11,17.315,17.418,17.14,17.164,194771,17.164
2018-10-12,17.079,17.298,17.079,17.274,71251,17.274
2018-10-15,17.352,17.386,17.264,17.327,78006,17.327
2018-10-16,17.292,17.456,17.292,17.456,62352,17.456
2018-10-17,17.444,17.579,17.444,17.53,97913,17.53
2018-10-18,17.494,17.536,17.445,17.529,49840,17.529
2018-10-19,17.517,17.619,17.486,17.536,92814,17.536
2018-10-22,17.324,17.612,17.324,17.565,101956,17.565
2018-10-23,17.636,17.68,17.542,17.655,133540,17.655
2018-10-24,17.622,17.751,17.622,17.724,94165,17.724
2018-10-25,17.836,17.836,17.686,17.726,90234,17.726
2018-10-26,17.776,17.94,17.776,17.881,128416,17.881
2018-10-29,17.944,17.964,17.79,17.88,78105,17.88
2018-10-30,17.921,18.118,17.921,18.056,93132,18.056
2018-10-31,18.004,18.042,17.846,17.894,76617,17.894
2018-11-01,17.862,17.872,17.742,17.842,93125,17.842
2018-11-02,17.701,17.779,17.66,17.689,64629,17.689
2018-11-05,17.763,17.763,17.614,17.72,75330,17.72
2018-11-06,17.63,17.734,17.621,17.626,34363,17.626
2018-11-07,17.691,17.691,17.532,17.612,37108,17.612
2018-11-08,17.641,17.641,17.517,17.549,51299,17.549
2018-11-09,17.64,17.756,17.588,17.718,36531,17.718
2018-11-12,17.882,18,17.822,17.946,56002,17.946
2018-11-13,17.84,17.9,17.6,17.6,48303,17.6
2018-11-14,17.67,17.716,17.568,17.59,63633,17.59
2018-11-15,17.37,17.88,17.37,17.64,87322,17.64
2018-11-16,17.704,17.704,17.473,17.556,36894,17.556
2018-11-19,17.672,17.672,17.52,17.538,33336,17.538
2018-11-20,17.542,17.542,17.36,17.418,87951,17.418
2018-11-21,17.414,17.477,17.336,17.438,76281,17.438
2018-11-22,17.424,17.528,17.3,17.303,53576,17.303
2018-11-23,17.314,17.426,17.301,17.383,56399,17.383
2018-11-26,17.311,17.362,17.237,17.237,81523,17.237
2018-11-27,17.344,17.348,17.181,17.181,82974,17.181
2018-11-28,17.232,17.232,17.083,17.118,81531,17.118
2018-11-29,17.35,17.35,17.17,17.171,80333,17.171
2018-11-30,17.25,17.282,17.134,17.171,90700,17.171
2018-12-03,17.134,17.457,17.09,17.457,63231,17.457
2018-12-04,17.586,17.792,17.492,17.758,130836,17.758
2018-12-05,17.693,17.76,17.629,17.685,63217,17.685
2018-12-06,17.72,18,17.67,17.996,302004,17.996
2018-12-07,17.961,18.05,17.868,18.008,105900,18.008
2018-12-10,18.032,18.709,18.032,18.577,100107,18.577
2018-12-11,18.308,18.476,18.26,18.277,93343,18.277
2018-12-12,18.34,18.396,18.096,18.158,172530,18.158
2018-12-13,18.048,18.332,17.999,17.999,82063,17.999
2018-12-14,18.106,18.236,17.974,18.204,75780,18.204
2018-12-17,18.17,18.21,18.001,18.21,183742,18.21
2018-12-18,18.406,18.406,18.036,18.15,60101,18.15
2018-12-19,18.071,18.18,17.924,17.939,68524,17.939
2018-12-20,18.068,18.068,17.84,17.856,113761,17.856
2018-12-21,17.844,17.846,17.707,17.707,38138,17.707
2018-12-24,17.828,17.928,17.747,17.925,32331,17.925
2018-12-27,17.704,17.959,17.704,17.737,139391,17.737
2018-12-28,17.726,17.852,17.712,17.786,43150,17.786
2018-12-31,17.834,17.834,17.523,17.589,33214,17.589
2019-01-02,17.686,17.805,17.647,17.652,113481,17.652
2019-01-03,17.806,17.982,17.656,17.959,74468,17.959
2019-01-04,17.84,18.058,17.816,17.912,120652,17.912
2019-01-07,17.908,18.054,17.846,18.026,48814,18.026
2019-01-08,18.007,18.019,17.867,17.884,120079,17.884
2019-01-09,17.876,18.071,17.829,18.017,85088,18.017
2019-01-10,18.056,18.127,17.938,18.061,37293,18.061
2019-01-11,18.111,18.124,17.988,17.999,37664,17.999
2019-01-14,18.068,18.072,17.9,17.946,74550,17.946
2019-01-15,17.926,18.068,17.926,18.063,69427,18.063
2019-01-16,17.96,17.978,17.73,17.812,114603,17.812
2019-01-17,17.582,17.582,17.334,17.359,131469,17.359
2019-01-18,17.316,17.47,17.24,17.398,158434,17.398
2019-01-21,17.508,17.6,17.48,17.512,90031,17.512
2019-01-22,17.47,17.548,17.37,17.37,56490,17.37
2019-01-23,17.378,17.518,17.302,17.46,224001,17.46
2019-01-24,17.444,17.64,17.444,17.613,100213,17.613
2019-01-25,17.59,17.632,17.502,17.515,92368,17.515
2019-01-28,17.538,17.68,17.448,17.676,155400,17.676
2019-01-29,17.624,17.736,17.624,17.725,76079,17.725
2019-01-30,17.676,17.81,17.676,17.769,292418,17.769
2019-01-31,17.846,17.846,17.687,17.687,70934,17.687
2019-02-01,17.742,17.76,17.626,17.74,69819,17.74
2019-02-04,17.772,17.806,17.724,17.735,81610,17.735
2019-02-05,17.788,17.89,17.788,17.843,86739,17.843
2019-02-06,17.858,17.92,17.85,17.914,51979,17.914
2019-02-07,17.96,18,17.954,17.989,45304,17.989
2019-02-08,18.052,18.068,17.99,18.05,119993,18.05
2019-02-11,17.98,18.102,17.98,18.065,153627,18.065
2019-02-12,18.2,18.2,17.886,17.952,198369,17.952
2019-02-13,17.976,17.984,17.884,17.894,125057,17.894
2019-02-14,17.95,18.046,17.93,18.005,79757,18.005
2019-02-15,18.026,18.026,17.924,17.997,87958,17.997
2019-02-18,17.996,18.022,17.934,18.017,50508,18.017
2019-02-19,18.07,18.07,17.958,17.958,79849,17.958
2019-02-20,17.978,18.014,17.914,17.989,95796,17.989
2019-02-21,18.02,18.03,17.92,17.97,55345,17.97
2019-02-22,17.972,18.152,17.972,18.051,45794,18.051
2019-02-25,18.01,18.014,17.914,17.958,104998,17.958
2019-02-26,17.824,17.83,17.686,17.703,114385,17.703
2019-02-27,17.762,17.762,17.492,17.51,136426,17.51
2019-02-28,17.576,17.632,17.508,17.534,123282,17.534
2019-03-01,17.524,17.674,17.514,17.661,67213,17.661
2019-03-04,17.576,17.836,17.576,17.822,107311,17.822
2019-03-05,17.886,17.886,17.764,17.816,296196,17.816
2019-03-06,17.854,18.098,17.848,18.089,171469,18.089
2019-03-07,18.15,18.272,18.116,18.26,150150,18.26
2019-03-08,18.154,18.184,18.034,18.066,260644,18.066
2019-03-11,18.128,18.155,18.066,18.155,108410,18.155
2019-03-12,18.17,18.283,17.98,18.283,290805,18.283
2019-03-13,18.2,18.238,18.118,18.148,66841,18.148
2019-03-14,18.17,18.31,18.042,18.289,225700,18.289
2019-03-15,18.362,18.362,18.152,18.162,183346,18.162
2019-03-18,18.228,18.27,18.152,18.254,56959,18.254
2019-03-19,18.312,18.328,18.24,18.303,85156,18.303
2019-03-20,18.36,18.604,18.36,18.543,66586,18.543
2019-03-21,18.644,19.062,18.644,19.039,300221,19.039
2019-03-22,19.052,19.394,18.91,19.394,411817,19.394
2019-03-25,19.282,19.322,19.198,19.309,116666,19.309
2019-03-26,19.376,19.376,18.942,18.959,167998,18.959
2019-03-27,18.87,18.96,18.806,18.819,84962,18.819
2019-03-28,18.892,18.95,18.71,18.71,165414,18.71
2019-03-29,18.796,18.796,18.604,18.608,208737,18.608
2019-04-01,18.528,18.742,18.528,18.644,121102,18.644
2019-04-02,18.634,18.832,18.634,18.779,182219,18.779
2019-04-03,18.648,18.71,18.522,18.615,76198,18.615
2019-04-04,18.522,18.754,18.522,18.648,158933,18.648
2019-04-05,18.65,18.65,18.47,18.593,69855,18.593
2019-04-08,18.63,18.68,18.582,18.642,116314,18.642
2019-04-09,18.59,18.778,18.59,18.706,144785,18.706
2019-04-10,18.704,18.732,18.582,18.709,150194,18.709
2019-04-11,18.59,18.696,18.363,18.363,100543,18.363
2019-04-12,18.422,18.468,18.212,18.212,147275,18.212
2019-04-15,18.314,18.314,18.206,18.258,167199,18.258
2019-04-16,18.24,18.244,18.164,18.177,90847,18.177
2019-04-17,18.222,18.222,18.11,18.143,105088,18.143
2019-04-18,18.152,18.222,18.138,18.19,121037,18.19
2019-04-23,18.126,18.206,18.086,18.09,88420,18.09
2019-04-24,18.146,18.23,18.146,18.214,111486,18.214
2019-04-25,18.226,18.252,18.2,18.217,95991,18.217
2019-04-26,18.23,18.266,18.2,18.224,101630,18.224
2019-04-29,18.178,18.314,18.16,18.311,202427,18.311
2019-04-30,18.212,18.392,18.212,18.377,112565,18.377
2019-05-01,18.432,18.604,18.4,18.534,120696,18.534
2019-05-02,18.42,18.596,18.42,18.455,121871,18.455
2019-05-03,18.45,18.45,18.259,18.259,103557,18.259
2019-05-07,18.31,18.494,18.31,18.482,107146,18.482
2019-05-08,18.424,18.708,18.424,18.606,91825,18.606
2019-05-09,18.624,18.624,18.504,18.525,97400,18.525
2019-05-10,18.506,18.524,18.426,18.444,89031,18.444
2019-05-13,18.434,18.496,18.414,18.496,193399,18.496
2019-05-14,18.534,18.54,18.428,18.511,141119,18.511
2019-05-15,18.586,18.7,18.54,18.554,90249,18.554
2019-05-16,18.504,18.522,18.416,18.416,43387,18.416
2019-05-17,18.47,18.622,18.47,18.528,123410,18.528
2019-05-20,18.588,18.588,18.486,18.545,81308,18.545
2019-05-21,18.48,18.608,18.424,18.44,107895,18.44
2019-05-22,18.442,18.732,18.442,18.651,158245,18.651
2019-05-23,18.702,18.87,18.64,18.793,134469,18.793
2019-05-24,18.734,18.894,18.728,18.86,68974,18.86
2019-05-28,18.946,18.948,18.88,18.909,83394,18.909
2019-05-29,18.982,19.071,18.956,19.071,57680,19.071
2019-05-30,19.008,19.176,19.008,19.139,64768,19.139
2019-05-31,19.222,19.422,19.018,19.044,113329,19.044
2019-06-03,19.11,19.134,19.028,19.101,84669,19.101
2019-06-04,19.1,19.16,18.942,18.947,141877,18.947
2019-06-05,19.02,19.172,19.008,19.075,325582,19.075
2019-06-06,19.126,19.327,19.112,19.327,118905,19.327
2019-06-07,19.25,19.454,19.25,19.447,53892,19.447
2019-06-10,19.306,19.406,19.306,19.393,121107,19.393
2019-06-11,19.31,19.408,19.242,19.242,110715,19.242
2019-06-12,19.302,19.302,18.958,18.958,153113,18.958
2019-06-13,19.062,19.138,19.054,19.104,234273,19.104
2019-06-14,19.192,19.22,19.1,19.115,82909,19.115
2019-06-17,19.12,19.142,19.04,19.056,96941,19.056
2019-06-18,19.08,19.264,19.06,19.126,167985,19.126
2019-06-19,19.16,19.24,19.14,19.154,125656,19.154
2019-06-20,19.182,19.316,19.182,19.216,93253,19.216
2019-06-21,19.27,19.27,19.03,19.089,56076,19.089
2019-06-24,19.22,19.22,19.13,19.163,105826,19.163
2019-06-25,19.1,19.206,19.054,19.15,268849,19.15
2019-06-26,19.07,19.09,18.994,18.994,64425,18.994
2019-06-27,18.942,19.01,18.892,18.946,94171,18.946
2019-06-28,19.138,19.138,18.87,18.879,78024,18.879
2019-07-01,18.898,19.06,18.894,19.053,119502,19.053
2019-07-02,19.096,19.333,19.096,19.333,214278,19.333
2019-07-03,19.428,19.468,19.37,19.405,183998,19.405
2019-07-04,19.45,19.482,19.33,19.339,90162,19.339
2019-07-05,19.3,19.328,19.158,19.171,51100,19.171
2019-07-08,19.182,19.414,19.182,19.276,94251,19.276
2019-07-09,19.334,19.386,19.21,19.306,88441,19.306
2019-07-10,19.4,19.4,19.118,19.171,97761,19.171
2019-07-11,19.186,19.186,18.906,18.924,102944,18.924
2019-07-12,18.936,19.054,18.926,18.961,120883,18.961
2019-07-15,19.028,19.156,19.028,19.136,40819,19.136
2019-07-16,19.142,19.252,19.052,19.158,130429,19.158
2019-07-17,19.03,19.35,19.03,19.35,331302,19.35
2019-07-18,19.332,19.344,19.172,19.18,74514,19.18
2019-07-19,19.11,19.236,19.11,19.232,70701,19.232
2019-07-22,19.276,19.338,19.276,19.296,211382,19.296
2019-07-23,19.33,19.394,19.29,19.366,73596,19.366
2019-07-24,19.422,19.422,19.296,19.308,70668,19.308
2019-07-25,19.306,19.306,19.038,19.08,50661,19.08
2019-07-26,19.108,19.252,19.108,19.219,92403,19.219
2019-07-29,19.298,19.384,19.26,19.303,82830,19.303
2019-07-30,19.31,19.34,19.261,19.261,103467,19.261
2019-07-31,19.256,19.614,19.256,19.609,78941,19.609
2019-08-01,19.736,19.752,19.544,19.72,81669,19.72
2019-08-02,19.858,19.858,19.718,19.755,89440,19.755
2019-08-05,19.838,20,19.838,19.932,92915,19.932
2019-08-06,19.924,20.01,19.902,19.913,76969,19.913
2019-08-07,19.874,20.225,19.874,20.005,84813,20.005
2019-08-08,19.856,19.94,19.783,19.783,76121,19.783
2019-08-09,19.908,19.916,19.768,19.784,44412,19.784
2019-08-12,19.72,19.822,19.69,19.808,79528,19.808
2019-08-13,19.902,19.916,19.786,19.895,179087,19.895
2019-08-14,19.902,20.225,19.888,20.21,224863,20.21
2019-08-15,20.2,20.55,20.2,20.5275,90738,20.5275
2019-08-16,20.475,20.67,20.335,20.49,276072,20.49
2019-08-19,20.365,20.435,20.275,20.39,39662,20.39
2019-08-20,20.46,20.695,20.46,20.5125,70761,20.5125
2019-08-21,20.595,20.745,20.52,20.66,120197,20.66
2019-08-22,20.715,20.75,20.5325,20.5325,49965,20.5325
2019-08-23,20.72,20.72,20.35,20.42,168206,20.42
2019-08-27,20.46,20.665,20.42,20.6475,110443,20.6475
2019-08-28,20.67,20.83,20.67,20.79,122925,20.79
2019-08-29,20.795,20.905,20.78,20.8475,118679,20.8475
2019-08-30,20.835,20.88,20.46,20.4925,58357,20.4925
2019-09-02,20.38,20.81,20.375,20.79,91975,20.79
2019-09-03,20.83,21.09,20.83,20.995,94931,20.995
2019-09-04,20.985,20.985,19.868,20.1125,643733,20.1125
2019-09-05,19.712,19.828,19.466,19.497,119695,19.497
2019-09-06,19.554,20.08,19.554,20.0375,125711,20.0375
2019-09-09,19.926,19.96,19.752,19.793,107689,19.793
2019-09-10,19.716,19.926,19.71,19.84,136493,19.84
2019-09-11,19.874,20.175,19.792,20.07,105285,20.07
2019-09-12,20.145,20.275,19.958,20.011,60276,20.011
2019-09-13,19.744,19.768,19.498,19.531,72645,19.531
2019-09-16,19.442,19.956,19.442,19.944,140582,19.944
2019-09-17,20.15,20.15,19.782,19.81,80148,19.81
2019-09-18,19.766,19.958,19.766,19.944,58393,19.944
2019-09-19,19.882,20.095,19.844,19.929,29966,19.929
2019-09-20,19.86,19.958,19.82,19.942,73221,19.942
2019-09-23,19.88,20.38,19.88,20.36,130810,20.36
2019-09-24,20.28,20.46,20.22,20.41,299697,20.41
2019-09-25,20.385,20.515,20.325,20.4575,178531,20.4575
2019-09-26,20.37,20.53,20.37,20.4825,119137,20.4825
2019-09-27,20.44,20.68,20.44,20.4975,192964,20.4975
2019-09-30,20.47,20.47,20.355,20.4125,86329,20.4125
2019-10-01,20.195,20.4,20.015,20.3525,333029,20.3525
2019-10-02,20.235,20.42,20.205,20.385,158507,20.385
2019-10-03,20.34,20.565,20.335,20.4025,80733,20.4025
2019-10-04,20.565,20.63,20.48,20.55,67151,20.55
2019-10-07,20.52,20.555,20.445,20.4625,109647,20.4625
2019-10-08,20.595,20.595,20.395,20.4775,70907,20.4775
2019-10-09,20.25,20.35,20.175,20.27,78327,20.27
2019-10-10,20.265,20.265,19.876,19.876,97096,19.876
2019-10-11,19.794,19.804,19.322,19.387,171968,19.387
2019-10-14,19.03,19.762,19.03,19.661,141909,19.661
2019-10-15,19.574,19.764,19.3,19.461,145273,19.461
2019-10-16,19.496,19.684,19.334,19.415,110344,19.415
2019-10-17,19.408,19.472,19,19.248,79614,19.248
2019-10-18,19.158,19.228,19.02,19.208,79784,19.208
2019-10-21,19.254,19.306,18.88,18.88,42351,18.88
2019-10-22,18.854,19.018,18.82,18.97,75284,18.97
2019-10-23,19.018,19.246,19.018,19.182,90716,19.182
2019-10-24,19.19,19.346,19.116,19.342,50536,19.342
2019-10-25,19.316,19.316,19.18,19.212,25666,19.212
2019-10-28,19.194,19.194,18.8,18.811,75957,18.811
2019-10-29,18.85,18.92,18.524,18.554,125017,18.554
2019-10-30,18.598,18.726,18.532,18.726,121757,18.726
2019-10-31,18.756,19.278,18.756,19.217,136376,19.217
2019-11-01,19.198,19.21,19.042,19.075,75465,19.075
2019-11-04,18.962,19.07,18.924,18.924,224023,18.924
2019-11-05,18.892,18.936,18.74,18.744,383916,18.744
2019-11-06,18.69,18.842,18.642,18.796,103928,18.796
2019-11-07,18.838,18.88,18.68,18.68,101050,18.68
2019-11-08,18.67,18.794,18.632,18.77,101759,18.77
2019-11-11,18.748,18.814,18.716,18.756,68361,18.756
2019-11-12,18.66,18.798,18.66,18.694,47526,18.694
2019-11-13,18.786,18.944,18.786,18.886,324024,18.886
2019-11-14,18.702,18.778,18.648,18.762,43570,18.762
2019-11-15,18.72,18.72,18.53,18.53,87803,18.53
2019-11-18,18.5,18.54,18.42,18.508,68333,18.508
2019-11-19,18.482,18.518,18.38,18.438,78982,18.438
2019-11-20,18.56,18.596,18.482,18.482,50154,18.482
2019-11-21,18.438,18.576,18.354,18.47,98809,18.47
2019-11-22,18.374,18.674,18.372,18.538,95500,18.538
2019-11-25,18.538,18.576,18.5,18.574,79185,18.574
2019-11-26,18.496,18.71,18.496,18.652,97727,18.652
2019-11-27,18.632,18.66,18.424,18.424,109327,18.424
2019-11-28,18.51,18.516,18.412,18.516,115324,18.516
2019-11-29,18.534,18.852,18.534,18.794,107128,18.794
2019-12-02,18.608,18.82,18.572,18.792,113680,18.792
2019-12-03,18.69,18.824,18.59,18.816,98726,18.816
2019-12-04,19,19,18.46,18.482,64536,18.482
2019-12-05,18.42,18.456,18.286,18.33,119943,18.33
2019-12-06,18.402,18.53,18.3,18.49,97895,18.49
2019-12-09,18.48,18.63,18.48,18.598,201885,18.598
2019-12-10,18.6,18.6,18.54,18.596,111289,18.596
2019-12-11,18.52,18.724,18.52,18.719,130518,18.719
2019-12-12,18.75,18.848,18.534,18.562,77650,18.562
2019-12-13,18.504,18.504,18.288,18.494,126232,18.494
2019-12-16,18.432,18.59,18.17,18.198,179007,18.198
2019-12-17,18.292,18.529,18.272,18.529,91733,18.529
2019-12-18,18.578,18.786,18.576,18.76,173598,18.76
2019-12-19,18.698,18.698,18.496,18.543,127548,18.543
2019-12-20,18.486,18.522,18.426,18.452,119800,18.452
2019-12-23,18.548,18.686,18.548,18.609,172801,18.609
2019-12-24,18.598,18.68,18.444,18.659,56815,18.659
2019-12-27,18.696,18.752,18.658,18.659,28861,18.659
2019-12-30,18.5,18.5,18.32,18.334,43387,18.334
2019-12-31,18.306,18.476,18.24,18.442,26635,18.442
2020-01-02,18.304,18.8,18.304,18.768,90528,18.768
2020-01-03,18.772,19.074,18.772,18.962,69730,18.962
2020-01-06,19.008,19.038,18.846,18.846,54594,18.846
2020-01-07,18.814,18.936,18.739,18.739,87772,18.739
2020-01-08,18.754,18.818,18.674,18.696,81355,18.696
2020-01-09,18.57,18.698,18.538,18.538,103940,18.538
2020-01-10,18.568,18.69,18.564,18.66,134252,18.66
2020-01-13,18.726,18.828,18.678,18.752,130497,18.752
2020-01-14,18.69,18.982,18.69,18.97,134476,18.97
2020-01-15,19.004,19.228,19.004,19.149,146710,19.149
2020-01-16,19.15,19.28,19.111,19.111,77650,19.111
2020-01-17,19.15,19.226,19.036,19.138,110021,19.138
2020-01-20,19.14,19.148,18.996,18.996,75961,18.996
2020-01-21,18.97,19.116,18.97,19.116,76807,19.116
2020-01-22,19.102,19.16,19.078,19.16,88873,19.16
2020-01-23,19.23,19.41,19.208,19.394,85507,19.394
2020-01-24,19.392,19.48,19.32,19.46,245053,19.46
2020-01-27,19.46,19.596,19.454,19.586,84395,19.586
2020-01-28,19.59,19.59,19.332,19.34,127692,19.34
2020-01-29,19.334,19.422,19.334,19.422,54215,19.422
2020-01-30,19.482,19.584,19.271,19.271,95507,19.271
2020-01-31,19.298,19.37,19.222,19.238,112303,19.238
2020-02-03,19.178,19.316,19.176,19.316,143768,19.316
2020-02-04,19.4,19.4,19.118,19.19,98283,19.19
2020-02-05,19.186,19.186,19.05,19.131,72066,19.131
2020-02-06,19.062,19.25,19.062,19.231,90032,19.231
2020-02-07,19.306,19.352,19.248,19.258,184431,19.258
2020-02-10,19.36,19.362,19.272,19.3,142079,19.3
2020-02-11,18.97,19.332,18.97,19.284,147248,19.284
2020-02-12,19.26,19.276,19.132,19.208,86199,19.208
2020-02-13,19.258,19.41,19.16,19.222,86335,19.222
2020-02-14,19.258,19.396,19.246,19.252,111272,19.252
2020-02-17,19.256,19.296,19.18,19.244,124325,19.244
2020-02-18,19.38,19.38,19.23,19.266,101182,19.266
2020-02-19,19.27,19.362,19.268,19.285,104055,19.285
2020-02-20,19.272,19.468,19.272,19.468,169402,19.468
2020-02-21,19.558,19.65,19.428,19.614,58370,19.614
2020-02-24,19.776,19.87,19.686,19.69,167464,19.69
2020-02-25,19.706,19.978,19.538,19.84,103228,19.84
2020-02-26,19.909,20.14,19.828,19.834,81422,19.834
2020-02-27,19.887,20.02,19.88,19.92,159478,19.92
2020-02-28,19.996,20.262,19.582,19.618,196917,19.618
2020-03-02,19.528,19.9,19.528,19.648,183659,19.648
2020-03-03,19.6,19.886,19.538,19.652,313135,19.652
2020-03-04,19.59,19.784,19.59,19.62,209133,19.62
2020-03-05,19.56,19.73,19.538,19.692,61802,19.692
2020-03-06,19.655,20.155,19.655,20.155,145424,20.155
2020-03-09,20.795,20.84,20.036,20.155,198807,20.155
2020-03-10,20.21,20.21,19.477,19.646,185041,19.646
2020-03-11,19.785,19.785,19.264,19.486,103868,19.486
2020-03-12,18.964,20.095,18.964,20.05,92387,20.05
2020-03-13,19.98,19.98,18.114,18.827,99534,18.827
2020-03-16,19.35,19.398,17.978,18.449,76985,18.449
2020-03-17,18.55,18.72,17.725,17.94,192919,17.94
2020-03-18,17.531,17.685,16.568,16.874,108769,16.874
2020-03-19,16.75,17.556,15.946,16.611,114858,16.611
2020-03-20,17.754,18.415,17.282,18.171,127424,18.171
2020-03-23,18.48,18.998,17.414,18.9,168673,18.9
2020-03-24,18.627,19.459,18.546,18.954,787580,18.954
2020-03-25,18.608,19.529,18.608,18.864,195772,18.864
2020-03-26,18.659,19.35,18.659,19.142,101766,19.142
2020-03-27,19,19.79,19,19.512,123259,19.512
2020-03-30,19.802,19.885,19.262,19.262,179733,19.262
2020-03-31,19.576,19.62,18.668,18.668,97135,18.668
2020-04-01,18.728,19.418,18.712,19.065,145268,19.065
2020-04-02,18.752,19.242,17.538,19.14,153148,19.14
2020-04-03,19.378,19.436,19.09,19.267,138447,19.267
2020-04-06,18.926,19.474,18.926,19.41,117080,19.41
2020-04-07,19.142,19.464,19.142,19.252,96416,19.252
2020-04-08,19.187,19.454,19.187,19.364,976102,19.364
2020-04-09,19.898,19.898,19.243,19.568,64017,19.568
2020-04-14,19.41,19.707,19.247,19.604,124633,19.604
2020-04-15,19.9,19.9,19.498,19.655,106079,19.655
2020-04-16,19.679,19.76,19.582,19.672,248333,19.672
2020-04-17,19.444,19.702,19.444,19.542,97004,19.542
2020-04-20,19.435,19.598,19.385,19.404,107179,19.404
2020-04-21,19.274,19.55,19.274,19.471,61205,19.471
2020-04-22,19.252,19.542,19.252,19.477,145546,19.477
2020-04-23,19.232,19.65,19.232,19.598,122421,19.598
2020-04-24,19.698,19.725,19.558,19.592,201989,19.592
2020-04-27,19.678,19.678,19.484,19.484,95213,19.484
2020-04-28,19.489,19.65,19.464,19.561,103881,19.561
2020-04-29,19.598,19.704,19.542,19.592,245934,19.592
2020-04-30,19.542,19.926,19.52,19.78,225824,19.78
2020-05-01,19.684,19.822,19.596,19.73,100355,19.73
2020-05-04,19.67,19.804,19.648,19.804,73567,19.804
2020-05-05,19.828,19.938,19.656,19.883,129407,19.883
2020-05-06,19.87,19.952,19.812,19.943,96289,19.943
2020-05-07,19.817,20.205,19.817,20.205,114898,20.205
2020-05-11,20.17,20.3,19.992,20.0335,157182,20.0335
2020-05-12,20.05,20.05,19.876,19.912,146765,19.912
2020-05-13,19.906,20.105,19.906,19.956,188225,19.956
2020-05-14,20.2,20.2,19.859,20.09,229251,20.09
2020-05-15,20.21,20.225,20.007,20.007,76507,20.007
2020-05-18,19.91,20.22,19.91,20.0725,124272,20.0725
2020-05-19,20.09,20.255,19.938,20.1475,143848,20.1475
2020-05-20,20.22,20.305,20.18,20.2125,132075,20.2125
2020-05-21,20.165,20.43,20.165,20.36,126657,20.36
2020-05-22,20.505,20.505,20.19,20.275,198701,20.275
2020-05-26,20.1,20.366,20.063,20.1425,221858,20.1425
2020-05-27,20.1,20.435,20.1,20.435,148570,20.435
2020-05-28,20.33,20.475,20.32,20.4475,136562,20.4475
2020-05-29,20.49,20.65,20.49,20.55,220951,20.55
2020-06-01,20.481,20.655,20.429,20.5175,170461,20.5175
2020-06-02,20.665,20.665,20.47,20.485,245366,20.485
2020-06-03,20.415,20.52,20.33,20.39,83746,20.39
2020-06-04,20.365,20.535,20.135,20.21,88670,20.21
2020-06-05,20.195,20.195,19.417,19.998,98253,19.998
2020-06-08,20.089,20.12,19.97,20.045,201431,20.045
2020-06-09,20.045,20.27,19.982,20.2125,122495,20.2125
2020-06-10,20.335,20.39,20.194,20.37,157751,20.37
2020-06-11,20.52,20.545,20.47,20.4975,71543,20.4975
2020-06-12,20.51,20.51,20.395,20.3975,51048,20.3975
2020-06-15,20.285,20.51,20.285,20.435,136796,20.435
2020-06-16,20.39,20.5325,20.38,20.5325,64741,20.5325
2020-06-17,20.53,20.835,20.515,20.795,173042,20.795
2020-06-18,20.685,20.945,20.42,20.44,397460,20.44
2020-06-19,20.42,20.42,20.27,20.3775,185059,20.3775
2020-06-22,20.5,20.615,20.258,20.61,139861,20.61
2020-06-23,20.56,20.685,20.51,20.5625,240829,20.5625
2020-06-24,20.515,20.635,20.445,20.6125,142930,20.6125
2020-06-25,20.745,20.8,20.64,20.675,104609,20.675
2020-06-26,20.69,20.72,20.56,20.6,77031,20.6
2020-06-29,20.5,20.76,20.5,20.7275,135839,20.7275
2020-06-30,20.75,20.855,20.64,20.665,104312,20.665
2020-07-01,20.48,20.725,20.48,20.7025,96525,20.7025
2020-07-02,20.545,20.815,20.545,20.79,142383,20.79
2020-07-03,20.79,20.89,20.725,20.8,135976,20.8
2020-07-06,20.635,20.885,20.635,20.825,111685,20.825
2020-07-07,20.875,20.88,20.715,20.75,90794,20.75
2020-07-08,20.715,20.941,20.625,20.645,114089,20.645
2020-07-09,20.62,20.62,20.405,20.4725,106147,20.4725
2020-07-10,20.491,20.491,20.24,20.37,76429,20.37
2020-07-13,20.275,20.42,20.245,20.4125,114500,20.4125
2020-07-14,20.5,20.72,20.5,20.655,204666,20.655
2020-07-15,20.524,20.62,20.455,20.5625,144963,20.5625
2020-07-16,20.45,20.635,20.4,20.455,210110,20.455
2020-07-17,20.522,20.522,20.215,20.235,146708,20.235
2020-07-20,20.235,20.2625,20.01,20.2625,198590,20.2625
2020-07-21,20.26,20.38,20.175,20.36,430890,20.36
2020-07-22,20.37,20.515,20.31,20.495,306194,20.495
2020-07-23,20.5,20.55,20.405,20.505,195195,20.505
2020-07-24,20.37,20.645,20.37,20.58,131115,20.58
2020-07-27,20.62,20.775,20.62,20.765,75916,20.765
2020-07-28,20.72,20.79,20.66,20.75,35478,20.75
2020-07-29,20.746,20.81,20.725,20.725,47264,20.725
2020-07-30,21,21,20.775,20.88,37126,20.88
2020-07-31,20.87,20.885,20.73,20.805,88515,20.805
2020-08-03,20.784,20.815,20.675,20.765,72045,20.765
2020-08-04,20.62,20.82,20.62,20.765,154697,20.765
2020-08-05,20.735,20.735,20.5,20.55,67281,20.55
2020-08-06,20.52,20.62,20.51,20.565,90455,20.565
2020-08-07,20.45,20.625,20.45,20.51,76253,20.51
2020-08-10,20.465,20.735,20.465,20.59,89142,20.59
2020-08-11,20.575,20.606,20.405,20.405,67978,20.405
2020-08-12,20.33,20.36,20.18,20.1975,59151,20.1975
2020-08-13,20.277,20.34,20.04,20.105,59453,20.105
2020-08-14,20.06,20.06,19.752,19.78,122609,19.78
2020-08-17,19.75,19.95,19.75,19.943,120132,19.943
2020-08-18,19.948,20.06,19.882,19.902,93779,19.902
2020-08-19,19.96,20.065,19.776,19.778,124664,19.778
2020-08-20,19.859,19.859,19.685,19.685,143581,19.685
2020-08-21,19.696,19.894,19.696,19.891,140426,19.891
2020-08-24,19.91,20.393,19.902,20.0325,126328,20.0325
2020-08-25,20.105,20.105,19.776,19.864,96342,19.864
2020-08-26,19.88,19.922,19.68,19.698,118708,19.698
2020-08-27,19.786,19.91,19.6,19.6,269676,19.6
2020-08-28,19.622,19.98,19.536,19.867,117000,19.867
2020-09-01,19.89,19.95,19.78,19.95,139194,19.95
2020-09-02,19.812,20.07,19.802,19.858,126327,19.858
2020-09-03,19.9,19.944,19.88,19.883,60875,19.883
2020-09-04,19.83,19.89,19.82,19.833,111081,19.833
2020-09-07,19.72,19.92,19.72,19.914,99379,19.914
2020-09-08,19.798,20.565,19.798,20.46,80375,20.46
2020-09-09,20.49,20.595,20.33,20.3625,134043,20.3625
2020-09-10,20.56,20.56,20.2,20.3,123306,20.3
2020-09-11,20.63,20.63,20.28,20.525,159507,20.525
2020-09-14,20.54,20.665,20.39,20.4,450102,20.4
2020-09-15,20.455,20.455,20.23,20.23,91427,20.23
2020-09-16,20.28,20.35,20.21,20.2325,117576,20.2325
2020-09-17,20.415,20.43,20.13,20.305,108615,20.305
2020-09-18,20.19,20.405,20.19,20.2975,129627,20.2975
2020-09-21,20.245,20.385,20.195,20.3,165821,20.3
2020-09-22,20.22,20.35,20.18,20.215,188692,20.215
2020-09-23,20.225,20.37,20.1575,20.1575,47103,20.1575
2020-09-24,20.22,20.22,19.97,19.9955,102747,19.9955
2020-09-25,19.98,20.235,19.964,20.175,94222,20.175
2020-09-28,20.08,20.295,20.04,20.175,114600,20.175
2020-09-29,20.255,20.36,20.163,20.3325,92719,20.3325
2020-09-30,20.325,20.505,20.175,20.175,99328,20.175
2020-10-01,20.025,20.32,19.98,20.2525,159114,20.2525
2020-10-02,20.29,20.345,20.06,20.13,182304,20.13
2020-10-05,20.17,20.18,20.005,20.015,68445,20.015
2020-10-06,20.1,20.1,19.774,19.795,147789,19.795
2020-10-07,19.75,19.93,19.694,19.696,112333,19.696
2020-10-08,19.85,19.896,19.696,19.868,248740,19.868
2020-10-09,19.884,20.07,19.884,20.0085,199254,20.0085
2020-10-12,19.97,20.035,19.96,19.973,67475,19.973
2020-10-13,20.015,20.16,19.952,20.135,88469,20.135
2020-10-14,20.25,20.315,20.2,20.28,158221,20.28
2020-10-15,20.375,20.505,20.37,20.4525,223986,20.4525
2020-10-16,20.435,20.57,20.43,20.515,277593,20.515
2020-10-19,20.495,20.565,20.385,20.565,161352,20.565
2020-10-20,20.5,20.665,20.44,20.44,244233,20.44
2020-10-21,20.325,20.395,20.115,20.255,166891,20.255
2020-10-22,20.105,20.19,20.065,20.1575,194798,20.1575
2020-10-23,20.12,20.25,20.01,20.25,95995,20.25
2020-10-26,20.329,20.355,20.155,20.17,178667,20.17
2020-10-27,20.15,20.365,20.075,20.325,197559,20.325
2020-10-28,20.327,20.435,20.255,20.435,117076,20.435
2020-10-29,20.515,20.615,20.375,20.49,173497,20.49
2020-10-30,20.375,20.54,20.26,20.26,124544,20.26
2020-11-02,20.285,20.53,20.245,20.445,904739,20.445
2020-11-03,20.565,20.565,20.31,20.355,901394,20.355
2020-11-04,20.61,20.665,20.45,20.5725,911853,20.5725
2020-11-05,20.655,20.765,20.32,20.325,961429,20.325
2020-11-06,20.495,20.495,20.065,20.1,930467,20.1
2020-11-09,20.16,20.24,19.65,19.769,214064,19.769
2020-11-10,19.926,19.926,19.37,19.399,268842,19.399
2020-11-11,19.274,19.416,19.19,19.32,164557,19.32
2020-11-12,19.434,19.512,19.238,19.511,272752,19.511
2020-11-13,19.622,19.624,19.398,19.482,84852,19.482
2020-11-16,19.39,19.546,19.222,19.537,241344,19.537
2020-11-17,19.52,19.722,19.466,19.608,132522,19.608
2020-11-18,19.79,19.79,19.5,19.604,258469,19.604
2020-11-19,19.672,19.672,19.594,19.636,81476,19.636
2020-11-20,19.67,19.87,19.582,19.863,142852,19.863
2020-11-23,19.89,19.89,19.69,19.707,169744,19.707
2020-11-24,19.67,19.752,19.548,19.548,148443,19.548
2020-11-25,19.483,19.98,19.48,19.962,299770,19.962
2020-11-26,20.065,20.26,19.934,20.1875,132020,20.1875
2020-11-27,20.315,20.315,20.16,20.2025,97739,20.2025
2020-11-30,20.243,20.4,20.203,20.3225,87867,20.3225
2020-12-01,20.395,20.395,20.135,20.145,167072,20.145
2020-12-02,20.04,20.32,19.985,20.03,100003,20.03
2020-12-03,19.997,20.065,19.916,19.958,150501,19.958
2020-12-04,20.051,20.051,19.839,20.017,90961,20.017
2020-12-07,20.14,20.3,20.125,20.2925,79537,20.2925
2020-12-08,20.4,20.5175,20.16,20.5175,112793,20.5175
2020-12-09,20.36,20.545,20.36,20.42,66572,20.42
2020-12-10,20.55,20.67,20.53,20.5725,153378,20.5725
2020-12-11,20.48,20.8,20.48,20.6225,95209,20.6225
2020-12-14,20.56,20.56,20.295,20.4475,55435,20.4475
2020-12-15,20.565,20.565,20.22,20.31,88527,20.31
2020-12-16,20.135,20.31,20.045,20.2875,181602,20.2875
2020-12-17,20.29,20.42,20.19,20.25,77702,20.25
2020-12-18,20.045,20.4,20.045,20.3375,103486,20.3375
2020-12-21,20.58,20.705,20.49,20.5575,132616,20.5575
2020-12-22,20.55,20.605,20.355,20.5975,133171,20.5975
2020-12-23,20.735,20.735,19.986,19.999,198102,19.999
2020-12-24,19.906,20.175,19.906,20.16,90566,20.16
2020-12-29,20.09,20.335,20.09,20.3075,69193,20.3075
2020-12-30,20.2,20.33,20.145,20.25,71161,20.25
2020-12-31,20.255,20.39,20.24,20.355,29327,20.355
2021-01-04,20.265,20.52,20.265,20.3675,90681,20.3675
2021-01-05,20.35,20.39,20.03,20.06,107674,20.06
2021-01-06,19.904,19.992,19.797,19.797,135840,19.797
2021-01-07,19.9,19.9,19.59,19.603,238159,19.603
2021-01-08,19.708,19.759,19.608,19.687,134153,19.687
2021-01-11,19.682,19.724,19.558,19.601,213389,19.601
2021-01-12,19.522,19.58,19.454,19.58,399086,19.58
2021-01-13,19.704,19.82,19.61,19.796,154723,19.796
2021-01-14,19.634,19.968,19.634,19.91,98141,19.91
2021-01-15,19.854,19.944,19.772,19.808,159371,19.808
2021-01-18,19.964,19.968,19.746,19.827,314987,19.827
2021-01-19,19.896,19.902,19.746,19.798,259931,19.798
2021-01-20,19.78,19.81,19.52,19.52,196439,19.52
2021-01-21,19.592,19.624,19.446,19.467,110922,19.467
2021-01-22,19.52,19.62,19.468,19.58,255542,19.58
2021-01-25,19.54,19.81,19.446,19.779,150739,19.779
2021-01-26,19.836,19.852,19.668,19.842,86276,19.842
2021-01-27,19.73,19.928,19.716,19.928,81550,19.928
2021-01-28,19.908,20.045,19.756,19.916,76620,19.916
2021-01-29,19.892,19.91,19.728,19.766,223053,19.766
2021-02-01,19.654,19.808,19.65,19.78,85870,19.78
2021-02-02,19.682,19.758,19.576,19.664,175779,19.664
2021-02-03,19.608,19.638,19.558,19.624,76253,19.624
2021-02-04,19.606,19.66,19.368,19.466,116953,19.466
2021-02-05,19.396,19.499,19.21,19.331,173189,19.331
2021-02-08,19.46,19.46,19.208,19.418,209122,19.418
2021-02-09,19.338,19.472,19.33,19.402,136702,19.402
2021-02-10,19.406,19.452,19.346,19.437,159072,19.437
2021-02-11,19.49,19.55,19.426,19.435,63555,19.435
2021-02-12,19.29,19.476,19.256,19.348,225117,19.348
2021-02-15,19.19,19.236,19.1,19.224,135143,19.224
2021-02-16,19.078,19.242,19.026,19.09,159301,19.09
2021-02-17,19.05,19.21,18.97,19.178,169175,19.178
2021-02-18,19.23,19.23,18.788,18.87,196918,18.87
2021-02-19,18.79,18.9,18.616,18.796,162113,18.796
2021-02-22,18.146,18.86,18.146,18.74,333645,18.74
2021-02-23,18.68,18.778,18.488,18.662,230948,18.662
2021-02-24,18.506,18.668,18.26,18.523,280092,18.523
2021-02-25,18.512,18.95,18.324,18.864,203013,18.864
2021-02-26,18.73,19.024,18.636,18.75,155311,18.75
2021-03-01,18.71,18.962,18.686,18.85,161493,18.85
2021-03-02,18.95,19.004,18.62,19.004,129782,19.004
2021-03-03,18.602,18.938,18.6,18.854,206158,18.854
2021-03-04,18.89,19.148,18.863,19.08,200121,19.08
2021-03-05,18.964,19.18,18.906,19.108,206160,19.108
2021-03-08,19.2,19.2,18.958,19.058,242490,19.058
2021-03-09,18.87,19.268,18.87,19.234,232890,19.234
2021-03-10,19.198,19.279,19.118,19.279,172092,19.279
2021-03-11,19.37,19.382,19.228,19.236,123959,19.236
2021-03-12,19.002,19.126,18.99,19.032,140112,19.032
2021-03-15,19.134,19.306,18.94,19.283,134497,19.283
2021-03-16,19.13,19.47,19.13,19.283,129721,19.283
2021-03-17,19.174,19.252,19.118,19.218,108794,19.218
2021-03-18,18.906,19.176,18.906,19.092,114464,19.092
2021-03-19,19.27,19.314,19.11,19.17,69529,19.17
2021-03-22,19.2,19.261,19.122,19.15,138095,19.15
2021-03-23,19.178,19.374,19.178,19.305,92856,19.305
2021-03-24,19.25,19.429,19.242,19.429,153146,19.429
2021-03-25,19.49,19.67,19.464,19.604,287485,19.604
2021-03-26,19.488,19.54,19.386,19.474,105349,19.474
2021-03-29,19.479,19.624,19.252,19.324,358055,19.324
2021-03-30,19.138,19.184,19,19.014,204353,19.014
2021-03-31,19.116,19.154,18.979,19.084,101882,19.084
2021-04-01,19.108,19.37,19.1,19.366,111653,19.366
2021-04-06,19.38,19.396,19.188,19.328,115664,19.328
2021-04-07,19.28,19.39,19.21,19.282,60797,19.282
2021-04-08,19.354,19.354,19.12,19.302,219433,19.302
2021-04-09,19.298,19.298,19.12,19.197,38249,19.197
2021-04-12,19.228,19.32,19.128,19.308,134418,19.308
2021-04-13,19.24,19.39,19.24,19.297,77675,19.297
2021-04-14,19.346,19.366,19.166,19.186,93872,19.186
2021-04-15,19.24,19.41,19.234,19.41,64465,19.41
2021-04-16,19.216,19.4,19.216,19.31,95916,19.31
2021-04-19,19.384,19.498,19.276,19.498,111129,19.498
2021-04-20,19.69,19.69,19.382,19.462,333528,19.462
2021-04-21,19.45,19.49,19.36,19.416,89411,19.416
2021-04-22,19.452,19.498,19.398,19.423,55615,19.423
2021-04-23,19.5,19.6,19.37,19.387,137276,19.387
2021-04-26,19.298,19.432,19.298,19.398,96514,19.398
2021-04-27,19.34,19.376,19.274,19.318,95669,19.318
2021-04-28,19.26,19.296,19.03,19.23,249986,19.23
2021-04-29,19.024,19.18,19.024,19.18,125279,19.18
2021-04-30,19.214,19.302,19.164,19.224,311162,19.224
2021-05-04,19.218,19.464,19.21,19.46,277509,19.46
2021-05-05,19.334,19.488,19.318,19.422,108865,19.422
2021-05-06,19.35,19.56,19.298,19.472,162808,19.472
2021-05-07,19.392,19.57,19.368,19.392,81687,19.392
2021-05-10,19.272,19.38,19.264,19.354,121385,19.354
2021-05-11,18.97,19.25,18.97,19.116,216114,19.116
2021-05-12,19.15,19.24,19.04,19.056,260720,19.056
2021-05-13,19.04,19.12,18.954,19.088,125883,19.088
2021-05-14,18.94,19.214,18.94,19.146,128360,19.146
2021-05-17,19.25,19.296,19.108,19.208,75701,19.208
2021-05-18,19.15,19.28,19.142,19.236,118460,19.236
2021-05-19,19.2,19.384,19.114,19.306,124579,19.306
2021-05-20,19.208,19.282,19.062,19.24,60202,19.24
2021-05-21,19.24,19.43,19.234,19.408,94487,19.408
2021-05-24,19.45,19.558,19.444,19.548,96645,19.548
2021-05-25,19.368,19.678,19.368,19.619,88196,19.619
2021-05-26,19.65,19.77,19.64,19.75,146681,19.75
2021-05-27,19.73,19.762,19.524,19.604,51452,19.604
2021-05-28,19.588,19.862,19.544,19.804,148751,19.804
2021-06-01,19.86,19.86,19.642,19.706,81038,19.706
2021-06-02,19.704,19.918,19.7,19.88,110244,19.88
2021-06-03,19.866,19.92,19.756,19.8,133005,19.8
2021-06-04,19.822,19.86,19.708,19.832,99643,19.832
2021-06-07,19.8,19.85,19.78,19.84,70750,19.84
2021-06-08,19.872,19.98,19.84,19.936,64622,19.936
2021-06-09,19.936,20.1,19.936,20.065,265014,20.065
2021-06-10,20,20.11,19.988,19.988,130416,19.988
2021-06-11,20.125,20.245,20.125,20.1575,141199,20.1575
2021-06-14,20.205,20.235,20.135,20.15,134487,20.15
2021-06-15,20.16,20.19,20.095,20.14,95114,20.14
2021-06-16,20.08,20.105,19.984,20.0015,101151,20.0015
2021-06-17,19.85,19.85,19.66,19.82,118525,19.82
2021-06-18,19.97,20.01,19.772,19.948,147526,19.948
2021-06-21,19.57,19.978,19.57,19.804,149946,19.804
2021-06-22,19.75,19.898,19.63,19.644,160890,19.644
2021-06-23,19.57,19.848,19.568,19.824,70915,19.824
2021-06-24,19.87,19.894,19.77,19.886,66471,19.886
2021-06-25,19.9,19.93,19.774,19.808,262996,19.808
2021-06-28,19.8,19.954,19.8,19.89,71870,19.89
2021-06-29,19.89,19.954,19.772,19.834,207452,19.834
2021-06-30,19.79,19.896,19.77,19.787,196734,19.787
2021-07-01,19.75,19.758,19.64,19.703,168822,19.703
2021-07-02,19.812,19.828,19.75,19.753,302985,19.753
2021-07-05,19.7,19.884,19.66,19.744,72033,19.744
2021-07-06,19.7,20.1,19.654,20.0375,128209,20.0375
2021-07-07,20.035,20.33,20.03,20.285,98117,20.285
2021-07-08,20.42,20.455,20.295,20.295,232619,20.295
2021-07-09,20.235,20.27,20.06,20.09,99048,20.09
2021-07-12,20.115,20.19,20.09,20.1375,56081,20.1375
2021-07-13,20.3,20.3,20.09,20.225,83251,20.225
2021-07-14,20.08,20.35,20.065,20.3,74794,20.3
2021-07-15,20.39,20.475,20.13,20.23,55933,20.23
2021-07-16,20.3,20.41,20.24,20.41,181224,20.41
2021-07-19,20.415,20.75,20.415,20.67,139134,20.67
2021-07-20,20.69,20.915,20.625,20.765,95667,20.765
2021-07-21,20.61,20.795,20.61,20.73,88710,20.73
2021-07-22,20.765,20.95,20.705,20.95,216523,20.95
2021-07-23,20.845,21.055,20.845,21.055,78662,21.055
2021-07-26,21.195,21.195,20.97,21.135,177453,21.135
2021-07-27,21.125,21.21,21,21.06,193923,21.06
2021-07-28,21.035,21.07,20.99,21.0075,62925,21.0075
2021-07-29,20.985,21.09,20.96,21.075,67878,21.075
2021-07-30,21.115,21.14,20.945,20.99,184640,20.99
2021-08-02,21.005,21.095,20.99,21.095,36277,21.095
2021-08-03,21.035,21.21,21.035,21.2025,72090,21.2025
2021-08-04,21.22,21.34,21.185,21.34,69075,21.34
2021-08-05,21.3,21.385,21.27,21.385,71529,21.385
2021-08-06,21.345,21.565,21.26,21.295,105641,21.295
2021-08-09,21.34,21.545,21.34,21.545,247731,21.545
2021-08-10,21.56,21.59,21.415,21.415,177208,21.415
2021-08-11,21.545,21.545,21.315,21.35,161133,21.35
2021-08-12,21.4,21.4,21.18,21.235,69805,21.235
2021-08-13,21.225,21.29,21.19,21.255,898667,21.255
2021-08-16,21,21.37,21,21.18,65587,21.18
2021-08-17,21.335,21.4,21.265,21.3,62328,21.3
2021-08-18,21.29,21.36,21.29,21.3,70041,21.3
2021-08-19,21.44,21.48,21.32,21.355,73614,21.355
2021-08-20,21.49,21.49,21.38,21.425,42273,21.425
2021-08-23,21.275,21.5175,21.275,21.5175,81443,21.5175
2021-08-24,21.495,21.745,21.495,21.6675,74601,21.6675
2021-08-25,21.635,21.685,21.435,21.4575,120845,21.4575
2021-08-26,21.46,21.57,21.44,21.5125,55767,21.5125
2021-08-27,21.495,21.585,21.47,21.57,65903,21.57
2021-08-31,21.665,21.71,21.09,21.125,123003,21.125
2021-09-01,20.99,21.12,20.945,21.12,164908,21.12
2021-09-02,20.99,21.24,20.99,21.16,62351,21.16
2021-09-03,21.21,21.21,20.93,20.995,143984,20.995
2021-09-06,21.02,21.18,21.005,21.17,37771,21.17
2021-09-07,21.21,21.26,21.1,21.25,58771,21.25
2021-09-08,21.3,21.495,21.285,21.4275,90393,21.4275
2021-09-09,21.575,21.575,21.305,21.4975,120365,21.4975
2021-09-10,21.505,21.54,21.475,21.48,41802,21.48
2021-09-13,21.43,21.64,21.43,21.5575,97801,21.5575
2021-09-14,21.48,21.57,21.42,21.545,56667,21.545
2021-09-15,21.47,21.65,21.465,21.6225,58942,21.6225
2021-09-16,21.585,21.585,21.31,21.355,82836,21.355
2021-09-17,21.225,21.32,21.14,21.175,69398,21.175
2021-09-20,21.225,21.335,21.205,21.335,96859,21.335
2021-09-21,21.32,21.46,21.215,21.24,104871,21.24
2021-09-22,21.19,21.3,21.14,21.24,226298,21.24
2021-09-23,21.1,21.385,20.8825,20.8825,119891,20.8825
2021-09-24,20.88,20.905,20.77,20.855,62132,20.855
2021-09-27,20.945,21.06,20.77,21.025,171505,21.025
2021-09-28,20.9,20.925,20.51,20.62,103051,20.62
2021-09-29,20.645,20.655,20.31,20.3325,122486,20.3325
2021-09-30,20.215,20.45,19.948,20.205,147114,20.205
2021-10-01,20.315,20.47,20.315,20.435,80991,20.435
2021-10-04,20.455,20.645,20.415,20.625,60053,20.625
2021-10-05,20.655,20.83,20.615,20.615,80471,20.615
2021-10-06,20.49,20.715,20.345,20.4875,366276,20.4875
2021-10-07,20.465,20.65,20.46,20.54,114213,20.54
2021-10-08,20.41,20.505,20.285,20.285,170295,20.285
2021-10-11,20.24,20.46,20.07,20.205,146154,20.205
2021-10-12,20.27,20.59,20.15,20.5775,120113,20.5775
2021-10-13,20.54,21.18,20.54,20.805,188126,20.805
2021-10-14,21.02,21.315,20.79,21.29,129830,21.29
2021-10-15,21.32,21.33,21.075,21.0775,95630,21.0775
2021-10-18,20.89,21.09,20.825,20.95,136963,20.95
2021-10-19,20.95,21.0775,20.945,21.0775,117808,21.0775
2021-10-20,21.01,21.26,21.01,21.135,78707,21.135
2021-10-21,20.99,21.19,20.94,21.18,365523,21.18
2021-10-22,21.05,21.555,21.05,21.385,114599,21.385
2021-10-25,21.42,21.66,21.23,21.3,114161,21.3
2021-10-26,21.335,21.4,21.155,21.25,417888,21.25
2021-10-27,21.3,21.78,21.29,21.7,200979,21.7
2021-10-28,21.685,22.005,21.655,21.8175,191842,21.8175
2021-10-29,21.9,21.9,21.19,21.21,81240,21.21
2021-11-01,21.275,21.44,21.165,21.2,127429,21.2
2021-11-02,21.34,21.48,21.2,21.425,96992,21.425
2021-11-03,21.56,21.56,21.22,21.315,109319,21.315
2021-11-04,21.385,21.82,21.34,21.59,123360,21.59
2021-11-05,21.57,22.025,21.565,21.965,120402,21.965
2021-11-08,22.12,22.12,21.855,21.95,89453,21.95
2021-11-09,21.885,22.25,21.885,22.23,94801,22.23
2021-11-10,22.24,22.24,21.7625,21.7625,123943,21.7625
2021-11-11,21.675,21.865,21.57,21.7175,111674,21.7175
2021-11-12,21.865,21.865,21.6,21.79,111164,21.79
2021-11-15,21.96,21.985,21.715,21.88,100978,21.88
2021-11-16,21.65,22.02,21.595,21.6,200989,21.6
2021-11-17,21.9,21.9,21.53,21.5825,57101,21.5825
2021-11-18,21.72,22.055,21.705,21.9375,104325,21.9375
2021-11-19,21.85,22.21,21.83,22.055,114228,22.055
2021-11-22,21.98,22.145,21.7,21.7,136103,21.7
2021-11-23,21.785,22.01,21.64,21.7275,167647,21.7275
2021-11-24,21.78,21.87,21.64,21.74,93510,21.74
2021-11-25,21.63,21.905,21.63,21.83,49063,21.83
2021-11-26,22.025,22.36,21.93,22.36,94027,22.36
2021-11-29,22.405,22.405,22.075,22.26,115650,22.26
2021-11-30,22.42,22.655,22.25,22.4925,101624,22.4925
2021-12-01,22.6,22.6,22.385,22.535,98960,22.535
2021-12-02,22.54,22.675,22.52,22.5275,93227,22.5275
2021-12-03,22.48,22.69,22.46,22.63,50325,22.63
2021-12-06,22.695,22.695,22.575,22.585,70158,22.585
2021-12-07,22.43,22.75,22.43,22.59,79315,22.59
2021-12-08,22.575,22.735,22.38,22.46,83635,22.46
2021-12-09,22.58,22.585,22.285,22.285,84702,22.285
2021-12-10,22.49,22.52,22.195,22.465,110900,22.465
2021-12-13,22.405,22.525,22.325,22.36,63976,22.36
2021-12-14,22.35,22.35,21.72,21.785,69262,21.785
2021-12-15,21.76,21.955,21.25,21.445,122093,21.445
2021-12-16,21.44,21.74,21.215,21.56,181127,21.56
2021-12-17,21.69,21.73,21.51,21.635,121017,21.635
2021-12-20,21.84,21.92,21.635,21.6975,120419,21.6975
2021-12-21,21.58,21.875,21.45,21.45,44629,21.45
2021-12-22,21.62,21.62,21.2,21.52,61110,21.52
2021-12-23,21.435,21.49,21.29,21.385,79768,21.385
2021-12-24,21.47,21.47,21.375,21.42,13424,21.42
2021-12-29,21.38,21.55,21.045,21.045,87004,21.045
2021-12-30,21.165,21.32,21.1325,21.1325,23882,21.1325
2021-12-31,21.28,21.3,21.055,21.185,31246,21.185
2022-01-04,21.42,21.42,20.835,21.1475,112674,21.1475
2022-01-05,21.055,21.27,21.055,21.1,106199,21.1
2022-01-06,21.2,21.2,20.675,20.74,150740,20.74
2022-01-07,20.86,20.86,20.58,20.58,130267,20.58
2022-01-10,20.49,20.755,20.49,20.635,45369,20.635
2022-01-11,20.55,20.95,20.55,20.95,130331,20.95
2022-01-12,20.905,21.21,20.905,21.1375,84941,21.1375
2022-01-13,21.005,21.27,21.005,21.255,63200,21.255
2022-01-14,21.26,21.26,21.11,21.1275,153339,21.1275
2022-01-17,21.15,21.15,20.895,20.895,95571,20.895
2022-01-18,20.8,20.865,20.75,20.75,65746,20.75
2022-01-19,20.59,20.67,20.47,20.5575,284269,20.5575
2022-01-20,20.56,20.655,20.53,20.55,58607,20.55
2022-01-21,20.62,20.73,20.5,20.5875,298141,20.5875
2022-01-24,20.55,21.14,20.55,21.1125,60427,21.1125
2022-01-25,21.09,21.295,20.96,21,116568,21
2022-01-26,20.875,21.09,20.79,20.805,79765,20.805
2022-01-27,20.675,20.985,20.61,20.895,60745,20.895
2022-01-28,20.91,20.95,20.73,20.905,84931,20.905
2022-01-31,20.83,20.96,20.55,20.605,128780,20.605
2022-02-01,20.7,20.835,20.62,20.695,114734,20.695
2022-02-02,20.845,20.96,20.61,20.96,185063,20.96
2022-02-03,20.78,20.985,20.44,20.46,74473,20.46
2022-02-04,20.66,20.68,20.23,20.23,47664,20.23
2022-02-07,20.23,20.34,20.185,20.2125,104438,20.2125
2022-02-08,20.08,20.17,19.91,19.962,142092,19.962
2022-02-09,20.285,20.325,20.12,20.295,100402,20.295
2022-02-10,20.21,20.465,20.095,20.095,72141,20.095
2022-02-11,20.035,20.27,20.025,20.025,49001,20.025
2022-02-14,20.3,20.375,20,20.02,85146,20.02
2022-02-15,19.934,20.14,19.93,19.959,61893,19.959
2022-02-16,19.942,20.095,19.846,20.09,151615,20.09
2022-02-17,19.972,20.475,19.972,20.375,156868,20.375
2022-02-18,20.275,20.795,20.275,20.795,99488,20.795
2022-02-21,20.635,20.91,20.61,20.91,60490,20.91
2022-02-22,20.945,21.03,20.575,20.5875,59796,20.5875
2022-02-23,20.44,20.645,20.44,20.465,52888,20.465
2022-02-24,20.725,21.175,20.61,20.615,79817,20.615
2022-02-25,20.655,20.67,20.355,20.37,95402,20.37
2022-02-28,20.115,20.54,20.115,20.52,41638,20.52
2022-03-01,20.76,21.65,20.76,21.65,229557,21.65
2022-03-02,21.425,21.58,21.125,21.175,83939,21.175
2022-03-03,21.06,21.165,20.8,20.89,155459,20.89
2022-03-04,21.095,21.295,20.91,21.295,95470,21.295
2022-03-07,21.36,21.36,21.01,21.18,235507,21.18
2022-03-08,21.125,21.265,20.985,21.0375,118537,21.0375
2022-03-09,21.005,21.125,20.65,20.8175,124509,20.8175
2022-03-10,20.635,20.965,20.575,20.575,116344,20.575
2022-03-11,20.64,20.71,20.485,20.675,59630,20.675
2022-03-14,20.42,20.575,20.315,20.3225,76524,20.3225
2022-03-15,20.385,20.42,20.07,20.1,64587,20.1
2022-03-16,20.105,20.145,19.88,19.88,84250,19.88
2022-03-17,19.902,20.115,19.806,19.895,179462,19.895
2022-03-18,20.025,20.065,19.82,19.918,80782,19.918
2022-03-21,19.836,19.842,19.42,19.42,180582,19.42
2022-03-22,19.486,19.486,19.21,19.29,124144,19.29
2022-03-23,19.36,19.616,19.312,19.482,156868,19.482
2022-03-24,19.548,19.728,19.448,19.728,56791,19.728
2022-03-25,19.794,19.798,19.424,19.528,84123,19.528
2022-03-28,19.466,19.936,19.378,19.866,112826,19.866
2022-03-29,19.696,19.83,19.5,19.588,172264,19.588
2022-03-30,19.71,19.826,19.372,19.523,107118,19.523
2022-03-31,19.432,20.01,19.432,19.963,112961,19.963
2022-04-01,19.86,20.115,19.712,20.105,88872,20.105
2022-04-04,20.195,20.42,20.085,20.2725,134251,20.2725
2022-04-05,20.215,20.215,19.93,20.02,70047,20.02
2022-04-06,19.94,19.972,19.54,19.688,94854,19.688
2022-04-07,19.806,19.806,19.286,19.302,71038,19.302
2022-04-08,19.286,19.378,19.156,19.156,129111,19.156
2022-04-11,19.116,19.116,18.884,18.884,114102,18.884
2022-04-12,18.928,19.086,18.764,19.028,129216,19.028
2022-04-13,18.892,19.096,18.826,19.062,111821,19.062
2022-04-14,19.05,19.15,18.76,18.778,55920,18.778
2022-04-19,18.681,18.766,18.44,18.514,133231,18.514
2022-04-20,18.438,18.78,18.438,18.673,132966,18.673
2022-04-21,18.556,18.818,18.556,18.751,79218,18.751
2022-04-22,18.714,19.176,18.698,19.074,65498,19.074
2022-04-25,19.274,19.314,18.924,19.159,139189,19.159
2022-04-26,19.028,19.28,19.028,19.253,136502,19.253
2022-04-27,19.228,19.336,18.85,18.884,141852,18.884
2022-04-28,18.832,18.92,18.684,18.782,99308,18.782
2022-04-29,18.662,18.94,18.662,18.698,207264,18.698
2022-05-03,18.398,18.59,18.374,18.536,202210,18.536
2022-05-04,18.634,18.634,18.324,18.38,81437,18.38
2022-05-05,18.38,18.81,18.181,18.181,340356,18.181
2022-05-06,18.448,18.448,17.73,17.775,342509,17.775
2022-05-09,17.744,17.89,17.638,17.89,121935,17.89
2022-05-10,17.842,18.316,17.84,18.29,105815,18.29
2022-05-11,18.434,18.56,18.24,18.56,66132,18.56
2022-05-12,18.934,19.26,18.8,19.26,72829,19.26
2022-05-13,19.014,19.19,18.998,19.11,51775,19.11
2022-05-16,19.12,19.278,18.974,19.278,92992,19.278
2022-05-17,19.112,19.186,18.896,18.902,135613,18.902
2022-05-18,18.918,18.918,18.42,18.484,196479,18.484
2022-05-19,18.608,18.68,18.172,18.172,96287,18.172
2022-05-20,18.088,18.09,17.86,17.93,101669,17.93
2022-05-23,17.898,17.98,17.662,17.662,67617,17.662
2022-05-24,17.858,17.93,17.73,17.84,148824,17.84
2022-05-25,17.86,17.996,17.798,17.996,83640,17.996
2022-05-26,18.198,18.198,17.877,17.877,246178,17.877
2022-05-27,17.94,18.13,17.904,17.982,60174,17.982
2022-05-30,17.902,18.022,17.9,17.977,58659,17.977
2022-05-31,18.08,18.08,17.1,17.204,100363,17.204
2022-06-01,17.194,17.42,17.08,17.369,140092,17.369
2022-06-06,17.18,17.42,17.066,17.066,262803,17.066
2022-06-07,17.062,17.28,16.95,17.276,119015,17.276
2022-06-08,17.226,17.234,17.012,17.108,129567,17.108
2022-06-09,17.03,17.132,16.926,17.092,83784,17.092
2022-06-10,16.902,17.208,16.86,16.86,122890,16.86
2022-06-13,16.736,16.862,16.666,16.67,135015,16.67
2022-06-14,16.868,17.012,16.438,16.438,53629,16.438
2022-06-15,16.476,16.89,16.476,16.652,112822,16.652
2022-06-16,16.78,16.78,16.104,16.547,158764,16.547
2022-06-17,16.388,16.65,16.094,16.233,262745,16.233
2022-06-20,16.288,16.324,15.902,15.902,174475,15.902
2022-06-21,15.918,16.04,15.68,15.912,94699,15.912
2022-06-22,16.052,16.358,15.97,16.27,126463,16.27
2022-06-23,16.42,16.73,16.42,16.532,74273,16.532
2022-06-24,16.472,16.77,16.472,16.755,231546,16.755
2022-06-27,16.612,16.726,16.313,16.313,90013,16.313
2022-06-28,16.276,16.276,15.86,15.904,64939,15.904
2022-06-29,16.084,16.088,15.66,15.958,62073,15.958
2022-06-30,16.104,16.352,15.65,16.345,226704,16.345
2022-07-01,16.49,17.074,16.33,16.911,54333,16.911
2022-07-04,16.868,16.868,16.539,16.539,71559,16.539
2022-07-05,16.55,16.86,16.55,16.718,61727,16.718
2022-07-06,16.66,16.734,16.407,16.407,71156,16.407
2022-07-07,16.392,16.532,16.226,16.456,137508,16.456
2022-07-08,16.49,16.54,16.155,16.155,91355,16.155
2022-07-11,16.182,16.394,16.182,16.214,126414,16.214
2022-07-12,16.25,16.632,16.25,16.346,37048,16.346
2022-07-13,16.218,16.412,16.214,16.362,173085,16.362
2022-07-14,16.396,16.396,16.212,16.29,44245,16.29
2022-07-15,16.464,16.464,16.128,16.192,65635,16.192
2022-07-18,16.134,16.209,15.902,15.972,85391,15.972
2022-07-19,16.141,16.141,15.512,15.642,65027,15.642
2022-07-20,15.64,15.926,15.64,15.838,81405,15.838
2022-07-21,15.884,16.151,15.504,16.151,274034,16.151
2022-07-22,16.254,16.434,16.254,16.365,108750,16.365
2022-07-25,16.324,16.324,16.068,16.068,42837,16.068
2022-07-26,16.16,16.322,16.116,16.245,243413,16.245
2022-07-27,16.16,16.298,16.16,16.298,80915,16.298
2022-07-28,16.12,16.856,16.12,16.856,154456,16.856
2022-07-29,16.654,17.244,16.652,17.19,125968,17.19
2022-08-01,17.126,17.67,17.036,17.636,120928,17.636
2022-08-02,17.74,17.922,17.58,17.606,115531,17.606
2022-08-03,17.478,17.57,17.28,17.426,87900,17.426
2022-08-04,17.472,17.748,17.404,17.596,89606,17.596
2022-08-05,17.46,17.668,17.064,17.064,55417,17.064
2022-08-08,17.178,17.482,17.178,17.351,105127,17.351
2022-08-09,17.392,17.392,17.176,17.18,43548,17.18
2022-08-10,17.16,17.4,17.12,17.158,42223,17.158
2022-08-11,17.162,17.176,16.928,16.928,48656,16.928
2022-08-12,16.91,16.91,16.588,16.616,32678,16.616
2022-08-15,16.676,16.962,16.6,16.906,55676,16.906
2022-08-16,16.96,16.982,16.75,16.808,48881,16.808
2022-08-17,16.806,16.938,16.5,16.934,199868,16.934
2022-08-18,16.832,17.024,16.63,16.987,96925,16.987
2022-08-19,16.804,16.91,16.71,16.843,42209,16.843
2022-08-22,16.978,16.984,16.62,16.861,110746,16.861
2022-08-23,16.902,16.902,16.306,16.306,93000,16.306
2022-08-24,16.3,16.33,15.866,15.99,159756,15.99
2022-08-25,15.984,16.429,15.984,16.429,117182,16.429
2022-08-26,16.402,16.588,16.352,16.588,32611,16.588
2022-08-30,16.35,16.484,16.11,16.286,99482,16.286
2022-08-31,16.296,16.3,15.846,15.925,154175,15.925
2022-09-01,15.85,15.884,15.46,15.481,112858,15.481
2022-09-02,15.33,15.452,15.11,15.402,172618,15.402
2022-09-05,15.454,15.71,15.23,15.665,82271,15.665
2022-09-06,15.59,15.6,15.22,15.484,161709,15.484
2022-09-07,15.338,15.67,15.304,15.59,215956,15.59
2022-09-08,15.748,15.748,15.2,15.244,111383,15.244
2022-09-09,15.21,15.478,15.186,15.261,94328,15.261
2022-09-12,15.204,15.284,15.02,15.061,125219,15.061
2022-09-13,15,15.1,14.72,14.78,124095,14.78
2022-09-14,14.78,14.902,14.666,14.902,118001,14.902
2022-09-15,14.788,14.918,14.724,14.774,34331,14.774
2022-09-16,14.75,14.902,14.75,14.861,81312,14.861
2022-09-20,14.742,14.86,14.616,14.719,85459,14.719
2022-09-21,14.906,14.914,14.656,14.792,72575,14.792
2022-09-22,14.808,14.836,14.198,14.198,54095,14.198
2022-09-23,14.384,14.388,13.604,13.606,152615,13.606
2022-09-26,13.048,13.328,12.44,12.44,466548,12.44
2022-09-27,12.468,12.48,11.117,11.117,1532890,11.117
2022-09-28,11.162,13.01,10.25,12.812,779416,12.812
2022-09-29,12.82,13.514,12.65,13.361,188092,13.361
2022-09-30,13.476,14.62,13.244,14.572,526478,14.572
2022-10-03,14.498,14.8,13.76,14,144754,14
2022-10-04,14,14.176,13.656,13.656,57742,13.656
2022-10-05,13.7,13.7,12.74,12.957,46172,12.957
2022-10-06,12.838,13.16,12.51,13.096,110702,13.096
2022-10-07,13.134,13.134,12.604,12.68,43175,12.68
2022-10-10,12.732,12.732,11.357,11.357,143657,11.357
2022-10-11,11.52,12.15,11.35,11.441,533128,11.441
2022-10-12,11.452,11.722,11.288,11.678,495547,11.678
2022-10-13,11.766,12.08,11.51,11.566,445541,11.566
2022-10-14,11.696,12.198,11.454,11.454,421154,11.454
2022-10-17,11.5,12.768,11.5,12.531,534250,12.531
2022-10-18,12.472,12.954,12.472,12.87,265583,12.87
2022-10-19,12.778,13.75,12.75,13.728,304014,13.728
2022-10-20,13.52,14.002,13.388,13.75,2173462,13.75
2022-10-21,13.564,13.774,13.358,13.664,2005184,13.664
2022-10-24,13.728,14.642,13.728,14.591,160708,14.591
2022-10-25,14.77,14.826,14.35,14.371,200201,14.371
2022-10-26,14.38,14.4,13.918,14.316,115577,14.316
2022-10-27,14.21,14.513,14.12,14.513,85152,14.513
2022-10-28,14.504,14.656,14.3,14.357,54322,14.357
2022-10-31,14.276,14.306,13.8,14.079,75542,14.079
2022-11-01,14.344,14.402,13.958,14.366,87797,14.366
2022-11-02,14.282,14.328,14.199,14.199,33125,14.199
2022-11-03,13.986,14.226,13.916,14.202,66033,14.202
2022-11-04,14.204,14.244,13.82,14.244,103334,14.244
2022-11-07,14,14.142,13.952,13.991,123980,13.991
2022-11-08,13.864,14.216,13.846,14.108,65386,14.108
2022-11-09,14.276,14.556,14.022,14.506,182983,14.506
2022-11-10,14.498,14.94,14.17,14.829,71038,14.829
2022-11-11,14.678,14.75,14.524,14.606,61027,14.606
2022-11-14,14.674,14.924,14.598,14.794,68001,14.794
2022-11-15,14.84,14.97,14.71,14.842,58772,14.842
2022-11-16,14.758,15.002,14.65,14.95,76824,14.95
2022-11-17,15.158,15.158,14.656,14.908,127150,14.908
2022-11-18,14.906,14.994,14.71,14.888,126845,14.888
2022-11-21,14.894,15.14,14.818,15.073,29282,15.073
2022-11-22,14.99,15.102,14.854,14.854,73076,14.854
2022-11-23,14.852,15.168,14.836,15.072,65684,15.072
2022-11-24,15.232,15.25,14.89,14.89,118073,14.89
2022-11-25,14.934,14.95,14.764,14.826,45989,14.826
2022-11-28,14.816,14.998,14.628,14.729,79966,14.729
2022-11-29,14.764,14.764,14.57,14.716,161117,14.716
2022-11-30,14.638,14.75,14.594,14.594,42412,14.594
2022-12-01,14.69,14.8,14.64,14.724,57319,14.724
2022-12-02,14.832,14.832,14.456,14.456,49198,14.456
2022-12-05,14.548,14.672,14.52,14.56,67718,14.56
2022-12-06,14.574,14.58,14.45,14.538,10342,14.538
2022-12-07,14.476,14.552,14.338,14.486,30451,14.486
2022-12-08,14.446,14.488,14.269,14.269,22479,14.269
2022-12-09,14.156,14.27,14.14,14.195,81459,14.195
2022-12-12,14.152,14.372,14.002,14.054,47091,14.054
2022-12-13,14.02,14.05,13.804,13.864,123488,13.864
2022-12-14,13.904,13.936,13.71,13.896,138461,13.896
2022-12-15,13.898,14.304,13.898,14.18,64981,14.18
2022-12-16,14.098,14.378,14.076,14.322,71301,14.322
2022-12-19,14.12,14.214,14.073,14.073,49711,14.073
2022-12-20,14.064,14.064,13.752,13.852,44319,13.852
2022-12-21,13.964,13.968,13.838,13.872,970549,13.872
2022-12-22,13.866,13.96,13.866,13.96,44559,13.96
2022-12-23,13.816,13.93,13.804,13.88,22885,13.88
2022-12-28,13.662,13.886,13.626,13.81,74741,13.81
2022-12-29,13.81,13.838,13.71,13.82,152105,13.82
2022-12-30,13.81,13.924,13.69,13.924,17470,13.924
2023-01-03,13.93,14,13.83,13.85,32566,13.85
2023-01-04,14.02,14.038,13.846,13.996,79069,13.996
2023-01-05,13.92,13.99,13.738,13.788,56767,13.788
2023-01-06,13.68,13.792,13.68,13.736,59931,13.736
2023-01-09,13.71,13.742,13.542,13.556,60265,13.556
2023-01-10,13.498,13.836,13.462,13.836,38038,13.836
2023-01-11,13.878,14.152,13.878,14.112,38771,14.112
2023-01-12,14.2,14.392,14.18,14.324,33401,14.324
2023-01-13,14.278,14.432,14.188,14.188,20455,14.188
2023-01-16,14.364,14.364,14.062,14.182,1212124,14.182
2023-01-17,14.038,14.334,13.89,14.334,1696499,14.334
2023-01-18,14.26,14.41,14.16,14.226,4065496,14.226
2023-01-19,14.222,14.354,14.166,14.316,54808,14.316
2023-01-20,14.312,14.32,14.134,14.182,9398,14.182
2023-01-23,14.224,14.242,14.042,14.191,41453,14.191
2023-01-24,14.284,14.408,14.224,14.386,15152,14.386
2023-01-25,14.4,14.516,14.284,14.32,41996,14.32
2023-01-26,14.4,14.416,14.276,14.295,97670,14.295
2023-01-27,14.24,14.382,14.226,14.31,22056,14.31
2023-01-30,14.39,14.41,14.276,14.392,138331,14.392
2023-01-31,14.15,14.46,14.15,14.324,189130,14.324
2023-02-01,14.356,14.55,14.228,14.244,79304,14.244
2023-02-02,14.354,14.82,14.354,14.82,50339,14.82
2023-02-03,14.702,14.746,14.554,14.554,44078,14.554
2023-02-06,14.574,14.574,14.304,14.434,77464,14.434
2023-02-07,14.36,14.446,14.292,14.35,62140,14.35
2023-02-08,14.34,14.382,14.164,14.2,58505,14.2
2023-02-09,14.36,14.464,14.318,14.352,167925,14.352
2023-02-10,14.192,14.316,14.188,14.209,28185,14.209
2023-02-13,14.164,14.222,14.054,14.191,87184,14.191
2023-02-14,14.234,14.252,13.892,13.988,66053,13.988
2023-02-15,14.056,14.176,13.998,13.998,63425,13.998
2023-02-16,14.024,14.08,13.88,13.986,83569,13.986
2023-02-17,13.782,13.956,13.782,13.82,67526,13.82
2023-02-20,13.92,13.976,13.86,13.919,41243,13.919
2023-02-21,13.948,13.964,13.66,13.72,162645,13.72
2023-02-22,13.7,13.804,13.67,13.786,56305,13.786
2023-02-23,13.75,13.772,13.62,13.747,56783,13.747
2023-02-24,13.826,13.84,13.614,13.639,17676,13.639
2023-02-27,13.7,13.7,13.53,13.573,43393,13.573
2023-02-28,13.474,13.644,13.46,13.62,48208,13.62
2023-03-01,13.584,13.63,13.432,13.448,118857,13.448
2023-03-02,13.4,13.546,13.4,13.448,149795,13.448
2023-03-03,13.518,13.534,13.44,13.488,71993,13.488
2023-03-06,13.554,13.66,13.496,13.524,149848,13.524
2023-03-07,13.6,13.686,13.5,13.548,92798,13.548
2023-03-08,13.516,13.742,13.438,13.687,119801,13.687
2023-03-09,13.592,13.796,13.592,13.694,221879,13.694
2023-03-10,13.86,14.028,13.772,13.919,900232,13.919
2023-03-13,14.012,14.42,14.012,14.236,110280,14.236
2023-03-14,14.3,14.302,14.04,14.068,118997,14.068
2023-03-15,14.2,14.512,14.04,14.346,158125,14.346
2023-03-16,14.18,14.388,14.112,14.112,109033,14.112
2023-03-17,14.098,14.498,14.09,14.299,896548,14.299
2023-03-20,14.556,14.556,14.12,14.16,79523,14.16
2023-03-21,14.086,14.166,14.078,14.154,63346,14.154
2023-03-22,13.978,14.096,13.93,13.965,42299,13.965
2023-03-23,14.116,14.24,13.932,14.138,76461,14.138
2023-03-24,14.2,14.5,14.2,14.278,147710,14.278
2023-03-27,14.26,14.32,14.05,14.256,148611,14.256
2023-03-28,14.07,14.286,14.07,14.286,180416,14.286
2023-03-29,14.228,14.492,14.228,14.461,169280,14.461
2023-03-30,14.472,14.668,14.468,14.5,161284,14.5
2023-03-31,14.49,14.548,14.366,14.472,136955,14.472
2023-04-03,14.366,14.724,14.366,14.724,206469,14.724
2023-04-04,14.592,14.71,14.554,14.678,110543,14.678
2023-04-05,14.558,14.698,14.55,14.556,152988,14.556
2023-04-06,14.566,14.606,14.452,14.452,125103,14.452
2023-04-11,14.182,14.422,14.182,14.318,98274,14.318
2023-04-12,14.604,14.604,14.162,14.186,118510,14.186
2023-04-13,14.224,14.242,14.104,14.11,69249,14.11
2023-04-14,14.1,14.2,14.044,14.044,168013,14.044
2023-04-17,14.028,14.132,13.982,13.988,143998,13.988
2023-04-18,13.938,13.976,13.772,13.772,168694,13.772
2023-04-19,13.694,13.718,13.606,13.684,162593,13.684
2023-04-20,13.71,13.852,13.686,13.837,174541,13.837
2023-04-21,13.876,13.944,13.848,13.894,103327,13.894
2023-04-24,13.904,13.986,13.864,13.95,95481,13.95
2023-04-25,13.952,14.028,13.894,13.926,154759,13.926
2023-04-26,13.974,14.022,13.794,13.794,389421,13.794
2023-04-27,13.736,13.9,13.718,13.719,154275,13.719
2023-04-28,13.76,13.91,13.76,13.856,39813,13.856
2023-05-02,13.7,13.894,13.66,13.86,93563,13.86
2023-05-03,13.934,13.974,13.744,13.753,78573,13.753
2023-05-04,13.738,13.766,13.628,13.746,92750,13.746
2023-05-05,13.658,13.738,13.574,13.582,142935,13.582
2023-05-09,13.672,13.672,13.47,13.53,99285,13.53
2023-05-10,13.508,13.674,13.5,13.666,98420,13.666
2023-05-11,13.734,13.838,13.686,13.832,103972,13.832
2023-05-12,13.79,13.832,13.644,13.66,58393,13.66
2023-05-15,13.65,13.65,13.49,13.49,90269,13.49
2023-05-16,13.616,13.646,13.418,13.418,61172,13.418
2023-05-17,13.418,13.5,13.4,13.411,166865,13.411
2023-05-18,13.372,13.384,13.226,13.236,150785,13.236
2023-05-19,13.236,13.26,13.034,13.102,182016,13.102
2023-05-22,13.158,13.158,13.04,13.051,145732,13.051
2023-05-23,13.038,13.038,12.866,12.892,217362,12.892
2023-05-24,12.8,13.006,12.65,13.002,234219,13.002
2023-05-25,12.974,12.974,12.724,12.779,247887,12.779
2023-05-26,12.712,12.794,12.69,12.77,190413,12.77
2023-05-30,12.888,12.889,12.758,12.889,100256,12.889
2023-05-31,12.934,13.058,12.922,13.023,175257,13.023
2023-06-01,13.01,13.068,12.968,13.056,77855,13.056
2023-06-02,13.05,13.094,13.024,13.085,64051,13.085
2023-06-05,12.982,13.15,12.97,13.13,4336005,13.13
2023-06-06,13.17,13.288,13.102,13.284,135081,13.284
2023-06-07,13.3,13.46,13.3,13.323,75429,13.323
2023-06-08,13.28,13.29,13.164,13.276,70568,13.276
2023-06-09,13.256,13.306,13.2,13.243,124279,13.243
2023-06-12,13.26,13.31,13.072,13.079,50432,13.079
2023-06-13,13.11,13.112,13,13.038,114830,13.038
2023-06-14,13.026,13.228,13.026,13.228,96153,13.228
2023-06-15,13.274,13.3,13.184,13.298,136455,13.298
2023-06-16,13.246,13.346,13.218,13.262,140964,13.262
2023-06-19,13.48,13.48,13.132,13.132,106033,13.132
2023-06-20,13.148,13.42,13.148,13.356,180390,13.356
2023-06-21,13.196,13.324,13.196,13.303,114201,13.303
2023-06-22,13.274,13.46,13.24,13.316,172218,13.316
2023-06-23,13.4,13.55,13.342,13.384,99648,13.384
2023-06-26,13.334,13.538,13.334,13.505,55925,13.505
2023-06-27,13.48,13.524,13.382,13.382,74290,13.382
2023-06-28,13.4,13.534,13.4,13.46,185746,13.46
2023-06-29,13.424,13.498,13.362,13.391,106174,13.391
2023-06-30,13.32,13.486,13.25,13.451,120560,13.451
2023-07-03,13.604,13.604,13.312,13.333,43924,13.333
2023-07-04,13.294,13.4,13.294,13.348,52982,13.348
2023-07-05,13.278,13.45,13.276,13.276,422364,13.276
2023-07-06,13.138,13.238,12.9,12.962,189333,12.962
2023-07-07,12.944,12.97,12.826,12.931,178495,12.931
2023-07-10,12.904,12.964,12.83,12.964,42145,12.964
2023-07-11,12.942,13.006,12.9,12.9,19115,12.9
2023-07-12,13,13.086,12.922,13.086,102753,13.086
2023-07-13,13.124,13.146,13.028,13.111,138373,13.111
2023-07-14,13.104,13.162,13.066,13.093,103862,13.093
2023-07-17,13.088,13.156,13.05,13.05,53252,13.05
2023-07-18,13.11,13.25,13.11,13.2,99490,13.2
2023-07-19,13.38,13.556,13.38,13.504,62224,13.504
2023-07-20,13.602,13.602,13.436,13.436,33095,13.436
2023-07-21,13.38,13.474,13.368,13.459,23787,13.459
2023-07-24,13.388,13.6,13.388,13.488,54020,13.488
2023-07-25,13.302,13.464,13.302,13.424,14713,13.424
2023-07-26,13.442,13.462,13.38,13.446,50147,13.446
2023-07-27,13.422,13.48,13.386,13.394,11410,13.394
2023-07-28,13.3,13.37,13.25,13.36,60902,13.36
2023-07-31,13.28,13.378,13.24,13.344,70497,13.344
2023-08-01,13.328,13.376,13.28,13.304,164549,13.304
2023-08-02,13.258,13.28,13.222,13.268,110612,13.268
2023-08-03,13.14,13.192,13.08,13.091,69547,13.091
2023-08-04,13.08,13.246,13.036,13.24,130488,13.24
2023-08-07,13.28,13.28,13.108,13.118,49452,13.118
2023-08-08,13.27,13.316,13.204,13.236,150385,13.236
2023-08-09,13.224,13.294,13.176,13.222,72588,13.222
2023-08-10,13.15,13.266,13.132,13.164,79649,13.164
2023-08-11,13.14,13.14,12.9,12.9,97903,12.9
2023-08-14,12.896,12.95,12.84,12.864,53745,12.864
2023-08-15,12.81,12.866,12.71,12.782,170205,12.782
2023-08-16,12.7,12.766,12.672,12.705,65124,12.705
2023-08-17,12.632,12.66,12.518,12.518,54980,12.518
2023-08-18,12.652,12.674,12.59,12.628,131419,12.628
2023-08-21,12.638,12.702,12.53,12.53,138719,12.53
2023-08-22,12.51,12.63,12.51,12.612,79456,12.612
2023-08-23,12.596,12.912,12.596,12.898,82137,12.898
2023-08-24,12.92,13.048,12.92,13.03,432310,13.03
2023-08-25,12.862,13.086,12.862,13.086,56476,13.086
2023-08-29,13.102,13.118,12.98,13.092,56226,13.092
2023-08-30,13.17,13.17,13.002,13.094,28301,13.094
2023-08-31,13.01,13.23,13.01,13.156,53570,13.156
2023-09-01,13.058,13.19,13.058,13.084,24662,13.084
2023-09-04,13.054,13.068,12.942,12.957,44398,12.957
2023-09-05,13.05,13.05,12.858,12.858,53852,12.858
2023-09-06,12.75,12.88,12.75,12.835,63940,12.835
2023-09-07,12.844,12.984,12.844,12.97,39821,12.97
2023-09-08,13.014,13.084,13,13.044,31490,13.044
2023-09-11,12.852,12.958,12.852,12.904,40911,12.904
2023-09-12,12.88,12.96,12.88,12.95,103887,12.95
2023-09-13,12.962,13.156,12.95,13.156,77404,13.156
2023-09-14,13.088,13.308,13.088,13.265,35703,13.265
2023-09-15,13.334,13.334,13.126,13.138,67345,13.138
2023-09-18,13.096,13.096,12.996,13.004,71675,13.004
2023-09-19,12.988,13.076,12.988,13.046,40695,13.046
2023-09-20,13.164,13.208,13.004,13.204,29409,13.204
2023-09-21,13.144,13.146,12.992,13.022,52222,13.022
2023-09-22,13.076,13.1,13.058,13.096,41725,13.096
2023-09-25,13,13.022,12.89,12.944,93392,12.944
2023-09-26,12.898,13.022,12.896,12.94,116230,12.94
2023-09-27,12.854,12.998,12.854,12.878,858126,12.878
2023-09-28,12.828,12.88,12.568,12.629,83412,12.629
2023-09-29,12.77,12.774,12.688,12.688,53256,12.688
2023-10-02,12.688,12.71,12.49,12.49,54326,12.49
2023-10-03,12.438,12.556,12.43,12.43,139886,12.43
2023-10-04,12.3,12.426,12.292,12.413,204942,12.413
2023-10-05,12.378,12.468,12.374,12.468,108785,12.468
2023-10-06,12.448,12.448,12.334,12.359,80216,12.359
2023-10-09,12.478,12.508,12.38,12.508,51608,12.508
2023-10-10,12.596,12.608,12.484,12.608,215670,12.608
2023-10-11,12.674,12.842,12.648,12.834,78231,12.834
2023-10-12,12.88,12.916,12.653,12.653,29630,12.653
2023-10-13,12.712,12.788,12.672,12.726,25156,12.726
2023-10-16,12.66,12.66,12.546,12.562,40697,12.562
2023-10-17,12.44,12.58,12.44,12.535,27616,12.535
2023-10-18,12.516,12.524,12.368,12.428,56688,12.428
2023-10-19,12.354,12.354,12.26,12.274,46322,12.274
2023-10-20,12.3,12.3,12.182,12.287,144226,12.287
2023-10-23,12.24,12.378,12.116,12.378,80720,12.378
2023-10-24,12.51,12.546,12.42,12.465,68395,12.465
2023-10-25,12.462,12.502,12.364,12.375,34417,12.375
2023-10-26,12.62,12.62,12.272,12.374,11900,12.374
2023-10-27,12.376,12.48,12.376,12.473,34298,12.473
2023-10-30,12.492,12.5,12.386,12.478,39289,12.478
2023-10-31,12.61,12.68,12.548,12.548,115551,12.548
2023-11-01,12.49,12.664,12.466,12.612,29913,12.612
2023-11-02,12.66,12.88,12.66,12.797,51344,12.797
2023-11-03,12.818,13.01,12.816,12.99,79398,12.99
2023-11-06,12.91,12.91,12.812,12.812,33604,12.812
2023-11-07,12.776,13,12.776,13,38900,13
2023-11-08,13.024,13.129,13.024,13.129,194023,13.129
2023-11-09,13.112,13.114,12.998,13.03,34003,13.03
2023-11-10,12.976,13.004,12.892,12.938,63416,12.938
2023-11-13,12.92,13.024,12.892,13.002,20529,13.002
2023-11-14,13.054,13.328,12.99,13.328,61444,13.328
2023-11-15,13.442,13.442,13.201,13.201,44823,13.201
2023-11-16,13.2,13.298,13.172,13.207,44735,13.207
2023-11-17,13.344,13.344,13.192,13.192,42915,13.192
2023-11-20,13.202,13.284,13.182,13.238,110836,13.238
2023-11-21,12.98,13.35,12.98,13.278,73633,13.278
2023-11-22,13.192,13.326,13.059,13.059,35852,13.059
2023-11-23,13.11,13.168,12.96,12.96,38291,12.96
2023-11-24,12.91,12.938,12.85,12.897,72479,12.897
2023-11-27,12.954,13.056,12.872,13.056,30995,13.056
2023-11-28,13.048,13.144,13.006,13.14,444944,13.14
2023-11-29,13.15,13.29,13.118,13.166,20906,13.166
2023-11-30,13.168,13.168,12.92,12.958,65698,12.958
2023-12-01,12.886,12.956,12.874,12.954,28632,12.954
2023-12-04,12.932,12.932,12.772,12.772,67210,12.772
2023-12-05,12.886,13.03,12.796,13.03,1019391,13.03
2023-12-06,13.054,13.25,12.996,13.231,32856,13.231
2023-12-07,13.238,13.285,13.168,13.285,50649,13.285
2023-12-08,13.256,13.306,13.126,13.216,35547,13.216
2023-12-11,13.144,13.218,13.056,13.056,42735,13.056
2023-12-12,12.5,13.3,12.5,13.228,57248,13.228
2023-12-13,13.198,13.46,13.198,13.456,110048,13.456
2023-12-14,13.456,13.756,13.456,13.57,81737,13.57
2023-12-15,13.57,13.818,13.55,13.798,94532,13.798
2023-12-18,13.816,13.918,13.744,13.822,32388,13.822
2023-12-19,13.918,14.006,13.872,13.931,66074,13.931
2023-12-20,14.09,14.102,14,14.069,32976,14.069
2023-12-21,14.1,14.216,13.948,14.018,131668,14.018
2023-12-22,13.992,14.036,13.992,14.02,13057,14.02
2023-12-27,14,14.168,14,14.088,161241,14.088
2023-12-28,14.032,14.036,13.91,13.938,47195,13.938
2023-12-29,13.95,13.95,13.746,13.884,36007,13.884
2024-01-02,13.68,13.708,13.6,13.632,15669,13.632
2024-01-03,13.546,13.64,13.53,13.573,147776,13.573
2024-01-04,13.68,13.68,13.446,13.446,185066,13.446
2024-01-05,13.388,13.47,13.274,13.408,163062,13.408
2024-01-08,13.318,13.352,13.258,13.336,34093,13.336
2024-01-09,13.314,13.378,13.208,13.272,35765,13.272
2024-01-10,13.296,13.35,13.242,13.242,108166,13.242
2024-01-11,13.326,13.326,13.175,13.175,32597,13.175
2024-01-12,13.19,13.3,13.19,13.274,38293,13.274
2024-01-15,13.18,13.214,13.125,13.125,44652,13.125
2024-01-16,13.142,13.142,13.036,13.077,16973,13.077
2024-01-17,13,13,12.806,12.816,189956,12.816
2024-01-18,12.744,12.95,12.744,12.899,102709,12.899
2024-01-19,12.952,13.014,12.91,12.954,24462,12.954
2024-01-22,12.958,13.058,12.958,13.003,218362,13.003
2024-01-23,12.976,12.976,12.859,12.859,201670,12.859
2024-01-24,12.876,12.928,12.79,12.826,49306,12.826
2024-01-25,12.79,12.901,12.75,12.901,30819,12.901
2024-01-26,12.9,12.912,12.85,12.882,38428,12.882
2024-01-29,12.99,13.022,12.964,13.01,51372,13.01
2024-01-30,13.07,13.118,13.008,13.02,62466,13.02
2024-01-31,13.176,13.219,13.062,13.219,42684,13.219
2024-02-01,13.13,13.316,13.118,13.274,122728,13.274
2024-02-02,13.236,13.256,13.018,13.043,91573,13.043
2024-02-05,12.966,12.972,12.88,12.908,41443,12.908
2024-02-06,13.036,13.076,12.928,13.03,37441,13.03
2024-02-07,13.074,13.074,12.984,13.022,48480,13.022
2024-02-08,13.034,13.074,12.951,12.951,43115,12.951
2024-02-09,12.898,13.026,12.892,12.946,86378,12.946
2024-02-12,12.962,13.01,12.93,12.951,128986,12.951
2024-02-13,12.882,12.966,12.766,12.911,96374,12.911
2024-02-14,12.932,13.02,12.916,13.013,12296,13.013
2024-02-15,13.13,13.14,12.942,12.942,29066,12.942
2024-02-16,12.932,12.938,12.836,12.902,25321,12.902
2024-02-19,12.828,12.898,12.826,12.872,27783,12.872
2024-02-20,12.932,12.986,12.896,12.932,15799,12.932
2024-02-21,12.888,12.96,12.884,12.892,164953,12.892
2024-02-22,12.848,12.906,12.832,12.88,33957,12.88
2024-02-23,12.856,12.946,12.81,12.946,109949,12.946
2024-02-26,13.022,13.022,12.898,12.906,65385,12.906
2024-02-27,12.932,13.006,12.91,12.932,18580,12.932
2024-02-28,12.954,12.99,12.938,12.988,28933,12.988
2024-02-29,13.016,13.25,12.898,13.25,22140,13.25
2024-03-01,13.116,13.272,13.114,13.184,91607,13.184
2024-03-04,13.194,13.258,13.184,13.216,36348,13.216
2024-03-05,13.28,13.39,13.252,13.375,57135,13.375
2024-03-06,13.318,13.38,13.284,13.357,52407,13.357
2024-03-07,13.306,13.48,13.292,13.436,163253,13.436
2024-03-08,13.43,13.43,13.358,13.367,30285,13.367
2024-03-11,13.418,13.45,13.374,13.382,22940,13.382
2024-03-12,13.438,13.54,13.374,13.404,129524,13.404
2024-03-13,13.392,13.392,13.306,13.34,28791,13.34
2024-03-14,13.306,13.396,13.3,13.302,32848,13.302
2024-03-15,13.304,13.304,13.246,13.28,32159,13.28
2024-03-18,13.236,13.352,13.236,13.322,40447,13.322
2024-03-19,13.38,13.414,13.352,13.358,30717,13.358
2024-03-20,13.454,13.454,13.384,13.448,37631,13.448
2024-03-21,13.486,13.58,13.434,13.434,44828,13.434
2024-03-22,13.504,13.568,13.472,13.498,68188,13.498
2024-03-25,13.5,13.5,13.422,13.461,57934,13.461
2024-03-26,13.474,13.586,13.474,13.547,17099,13.547
2024-03-27,13.566,13.622,13.54,13.548,225016,13.548
2024-03-28,13.548,13.594,13.466,13.572,100627,13.572
2024-04-02,13.31,13.45,13.262,13.315,274011,13.315
2024-04-03,13.284,13.43,13.284,13.368,48281,13.368
2024-04-04,13.582,13.582,13.394,13.394,45368,13.394
2024-04-05,13.408,13.426,13.226,13.312,398097,13.312
2024-04-08,13.324,13.324,13.208,13.278,91117,13.278
2024-04-09,13.248,13.412,13.248,13.412,58293,13.412
2024-04-10,13.4,13.476,13.266,13.286,45333,13.286
2024-04-11,13.162,13.264,13.12,13.128,52363,13.128
2024-04-12,13.232,13.348,13.226,13.278,49507,13.278
2024-04-15,13.238,13.238,13.186,13.211,41958,13.211
2024-04-16,13.18,13.25,13.138,13.25,233959,13.25
2024-04-17,13.154,13.324,13.154,13.244,153878,13.244
2024-04-18,13.292,13.332,13.216,13.216,33538,13.216
2024-04-19,13.248,13.316,13.19,13.258,65013,13.258
2024-04-22,13.166,13.258,13.162,13.252,64730,13.252
2024-04-23,13.258,13.258,13.118,13.14,78635,13.14
2024-04-24,13.1,13.13,12.99,13.042,118491,13.042
2024-04-25,13.014,13.074,12.952,13,115522,13
2024-04-26,13.028,13.088,13.028,13.066,45163,13.066
2024-04-29,13.13,13.17,13.116,13.144,21898,13.144
2024-04-30,13.198,13.198,13.084,13.096,47361,13.096
2024-05-01,13.018,13.062,12.998,13.008,55229,13.008
2024-05-02,13.042,13.092,13.034,13.056,173354,13.056
2024-05-03,13.066,13.228,13.064,13.154,52258,13.154
2024-05-07,13.232,13.332,13.232,13.329,56784,13.329
2024-05-08,13.26,13.37,13.26,13.35,138161,13.35
2024-05-09,13.344,13.386,13.284,13.35,68407,13.35
2024-05-10,13.436,13.452,13.316,13.316,148222,13.316
2024-05-13,13.312,13.382,13.312,13.324,60340,13.324
2024-05-14,13.294,13.38,13.29,13.341,178155,13.341
2024-05-15,13.296,13.552,13.296,13.538,273100,13.538
2024-05-16,13.314,13.38,13.276,13.366,104838,13.366
2024-05-17,13.312,13.312,13.25,13.25,27747,13.25
2024-05-20,13.252,13.252,13.14,13.151,36624,13.151
2024-05-21,13.15,13.18,13.142,13.158,18011,13.158
2024-05-22,13.12,13.12,13.018,13.096,55646,13.096
2024-05-23,13.136,13.136,13.042,13.042,46531,13.042
2024-05-24,13.102,13.102,12.988,13.024,56027,13.024
2024-05-28,12.95,13.076,12.95,12.971,19761,12.971
2024-05-29,12.828,12.92,12.774,12.777,73100,12.777
2024-05-30,12.778,12.87,12.77,12.853,43807,12.853
2024-05-31,12.84,13.022,12.826,13.022,48669,13.022
2024-06-03,13.02,13.146,13.02,13.124,18477,13.124
2024-06-04,13.07,13.232,13.07,13.222,69097,13.222
2024-06-05,13.21,13.228,13.164,13.194,38137,13.194
2024-06-06,13.176,13.216,13.14,13.201,16545,13.201
2024-06-07,13.202,13.206,13.018,13.052,72290,13.052
2024-06-10,13,13.024,12.906,12.907,16231,12.907
2024-06-11,12.98,13.028,12.92,12.934,75168,12.934
2024-06-12,12.888,13.18,12.888,13.164,47310,13.164
2024-06-13,13.102,13.176,13.098,13.174,35660,13.174
2024-06-14,13.264,13.34,13.26,13.304,125682,13.304
2024-06-17,13.288,13.3,13.134,13.158,44666,13.158
2024-06-18,13.1,13.346,13.1,13.326,37611,13.326
2024-06-19,13.244,13.29,13.226,13.29,49060,13.29
2024-06-20,13.21,13.29,13.198,13.212,29942,13.212
2024-06-21,13.248,13.256,13.156,13.182,49567,13.182
2024-06-24,13.166,13.2,13.146,13.146,322110,13.146
2024-06-25,13.194,13.216,13.15,13.15,12370,13.15
2024-06-26,13.138,13.146,13.062,13.062,7799,13.062
2024-06-27,13.178,13.178,13.046,13.092,21686,13.092
2024-06-28,13.1,13.114,13.022,13.076,40029,13.076
2024-07-01,13.062,13.062,12.84,12.851,31824,12.851
2024-07-02,12.898,12.902,12.836,12.84,64980,12.84
2024-07-03,12.87,12.97,12.858,12.958,20069,12.958
2024-07-04,12.94,12.954,12.908,12.941,39191,12.941
2024-07-05,12.956,13.052,12.956,13.047,27373,13.047
2024-07-08,13.006,13.1,12.978,13.092,32456,13.092
2024-07-09,13.08,13.08,12.95,12.95,23650,12.95
2024-07-10,13.066,13.07,12.992,13.038,37202,13.038
2024-07-11,13.006,13.136,13.006,13.136,21274,13.136
2024-07-12,13.072,13.174,13.052,13.126,62190,13.126
2024-07-15,13.2,13.2,13.104,13.152,24716,13.152
2024-07-16,13.174,13.274,13.174,13.274,167791,13.274
2024-07-17,13.272,13.32,13.262,13.32,98794,13.32
2024-07-18,13.3,13.35,13.284,13.304,59516,13.304
2024-07-19,13.264,13.264,13.156,13.156,19124,13.156
2024-07-22,13.138,13.186,13.066,13.066,40899,13.066
2024-07-23,13.058,13.119,13.052,13.119,55446,13.119
2024-07-24,13.094,13.148,13.072,13.104,55906,13.104
2024-07-25,13.08,13.154,13.078,13.078,27867,13.078
2024-07-26,13.05,13.128,12.98,13.068,43544,13.068
2024-07-29,13.068,13.188,13.068,13.155,18346,13.155
2024-07-30,13.152,13.192,13.122,13.15,19049,13.15
2024-07-31,13.248,13.29,13.2,13.28,96224,13.28
2024-08-01,13.356,13.49,13.34,13.458,71842,13.458
2024-08-02,13.494,13.56,13.494,13.526,28527,13.526
2024-08-05,13.746,13.746,13.36,13.36,17410,13.36
2024-08-06,13.44,13.468,13.31,13.372,100133,13.372
2024-08-07,13.502,13.502,13.286,13.324,28537,13.324
2024-08-08,13.284,13.42,13.284,13.308,32577,13.308
2024-08-09,13.35,13.4,13.318,13.318,40010,13.318
2024-08-12,13.292,13.338,13.29,13.32,103069,13.32
2024-08-13,13.32,13.406,13.316,13.406,78817,13.406
2024-08-14,13.448,13.508,13.418,13.498,34288,13.498
2024-08-15,13.48,13.494,13.33,13.39,88017,13.39
2024-08-16,13.428,13.434,13.368,13.37,21728,13.37
2024-08-19,13.532,13.532,13.35,13.35,21274,13.35
2024-08-20,13.366,13.384,13.328,13.378,24043,13.378
2024-08-21,13.332,13.382,13.29,13.37,31266,13.37
2024-08-22,13.416,13.416,13.272,13.291,32650,13.291
2024-08-23,13.296,13.37,13.296,13.37,17011,13.37
2024-08-27,13.22,13.34,13.22,13.31,22999,13.31
2024-08-28,13.462,13.462,13.284,13.328,114306,13.328
2024-08-29,13.298,13.316,13.202,13.215,101187,13.215
2024-08-30,13.278,13.286,13.246,13.255,46535,13.255
2024-09-02,13.25,13.25,13.172,13.174,10077,13.174
2024-09-03,13.22,13.28,13.212,13.27,46783,13.27
2024-09-04,13.31,13.366,13.282,13.366,33647,13.366
2024-09-05,13.352,13.41,13.348,13.398,20131,13.398
2024-09-06,13.428,13.474,13.348,13.368,93363,13.368
2024-09-09,13.332,13.424,13.3,13.416,35947,13.416
2024-09-10,13.4,13.424,13.36,13.392,66623,13.392
2024-09-11,13.35,13.516,13.35,13.46,134942,13.46
2024-09-12,13.432,13.468,13.43,13.454,35523,13.454
2024-09-13,13.482,13.536,13.482,13.514,61375,13.514
2024-09-16,13.504,13.551,13.486,13.551,78057,13.551
2024-09-17,13.594,13.628,13.55,13.576,86993,13.576
2024-09-18,13.564,13.594,13.522,13.594,97484,13.594
2024-09-19,13.426,13.586,13.426,13.45,106240,13.45
2024-09-20,13.48,13.504,13.384,13.388,113237,13.388
2024-09-23,13.39,13.442,13.35,13.38,148657,13.38
2024-09-24,13.348,13.412,13.312,13.412,82669,13.412
2024-09-25,13.406,13.44,13.264,13.264,29943,13.264
2024-09-26,13.278,13.278,13.182,13.232,21338,13.232
2024-09-27,13.266,13.266,13.204,13.204,62378,13.204
2024-09-30,13.23,13.27,13.2,13.228,33729,13.228
2024-10-01,13.194,13.396,13.194,13.396,51310,13.396
2024-10-02,13.28,13.292,13.234,13.242,55444,13.242
2024-10-03,13.252,13.319,13.252,13.319,22793,13.319
2024-10-04,13.23,13.242,13.19,13.234,98206,13.234
2024-10-07,13.214,13.25,13.174,13.21,102890,13.21
2024-10-08,13.254,13.254,13.11,13.144,237582,13.144
2024-10-09,13.15,13.156,13.096,13.126,284038,13.126
2024-10-10,13.088,13.126,13.064,13.122,196761,13.122
2024-10-11,13.15,13.174,13.09,13.172,156778,13.172
2024-10-14,13.152,13.152,13.08,13.122,43430,13.122
2024-10-15,13.144,13.19,13.144,13.186,28749,13.186
2024-10-16,13.26,13.384,13.26,13.272,57447,13.272
2024-10-17,13.318,13.366,13.318,13.358,41081,13.358
2024-10-18,13.36,13.406,13.32,13.386,260207,13.386
2024-10-21,13.36,13.384,13.252,13.252,29674,13.252
2024-10-22,13.178,13.278,13.178,13.248,143212,13.248
2024-10-23,13.286,13.286,13.174,13.198,98130,13.198
2024-10-24,13.144,13.192,13.112,13.114,73038,13.114
2024-10-25,13.154,13.186,13.142,13.177,63075,13.177
2024-10-28,13.104,13.17,13.062,13.068,107777,13.068
2024-10-29,13.06,13.104,13.034,13.034,72230,13.034
2024-10-30,13.12,13.208,12.94,13.082,209739,13.082
2024-10-31,12.93,12.99,12.828,12.932,131079,12.932
2024-11-01,12.932,12.97,12.87,12.905,46591,12.905
2024-11-04,12.916,12.916,12.846,12.875,48359,12.875
2024-11-05,12.87,12.87,12.792,12.792,64996,12.792
2024-11-06,12.79,12.836,12.632,12.731,39303,12.731
2024-11-07,12.836,12.836,12.692,12.766,105624,12.766
2024-11-08,12.8,12.892,12.8,12.854,216279,12.854
2024-11-11,12.81,12.916,12.81,12.889,22172,12.889
2024-11-12,12.81,12.904,12.81,12.872,182116,12.872
2024-11-13,12.902,12.902,12.77,12.798,113668,12.798
2024-11-14,12.29,12.32,12.24,12.318,112371,12.318
2024-11-15,12.55,12.55,12.25,12.319,185653,12.319
2024-11-18,12.27,12.304,12.226,12.298,112537,12.298
2024-11-19,12.23,12.39,12.23,12.347,23469,12.347
2024-11-20,12.3,12.328,12.266,12.316,73223,12.316
2024-11-21,12.386,12.386,12.317,12.317,269115,12.317
2024-11-22,12.166,12.39,12.166,12.39,64953,12.39
2024-11-25,12.464,12.518,12.402,12.482,83893,12.482
2024-11-26,12.438,12.446,12.404,12.429,56221,12.429
2024-11-27,12.51,12.526,12.46,12.48,56473,12.48
2024-11-28,12.53,12.554,12.448,12.554,166226,12.554
2024-11-29,12.56,12.634,12.549,12.549,115532,12.549
2024-12-02,12.548,12.595,12.514,12.595,81972,12.595
2024-12-03,12.548,12.588,12.521,12.521,142469,12.521
2024-12-04,12.512,12.526,12.464,12.497,56588,12.497
2024-12-05,12.5,12.5,12.41,12.415,47077,12.415
2024-12-06,12.4,12.436,12.372,12.376,97163,12.376
2024-12-09,12.4,12.41,12.334,12.334,79819,12.334
2024-12-10,12.314,12.38,12.298,12.372,220015,12.372
2024-12-11,12.344,12.45,12.344,12.379,116218,12.379
2024-12-12,12.34,12.38,12.298,12.322,78689,12.322
2024-12-13,12.31,12.31,12.239,12.239,111131,12.239
2024-12-16,12.37,12.37,12.122,12.122,47780,12.122
2024-12-17,12.07,12.14,12.04,12.055,139109,12.055
2024-12-18,12.042,12.068,11.968,12.027,107674,12.027
2024-12-19,12.018,12.018,11.912,11.996,65116,11.996
2024-12-20,12.012,12.102,11.996,12.102,38210,12.102
2024-12-23,12.038,12.074,12,12.013,60427,12.013
2024-12-24,12.062,12.062,11.92,11.922,25247,11.922
2024-12-27,11.97,12,11.934,11.934,34800,11.934
2024-12-30,11.94,11.954,11.94,11.94,43460,11.94
2024-12-31,11.94,12.06,11.93,12.016,9615,12.016
2025-01-02,11.988,12.028,11.986,12,26969,12
2025-01-03,11.982,12.072,11.982,11.988,48034,11.988
2025-01-06,12.012,12.014,11.94,11.956,41378,11.956
2025-01-07,11.952,11.952,11.857,11.857,111995,11.857
2025-01-08,11.854,11.902,11.68,11.727,368417,11.727
2025-01-09,11.61,11.738,11.61,11.698,172271,11.698
2025-01-10,11.654,11.736,11.64,11.686,111463,11.686
2025-01-13,11.46,11.726,11.46,11.632,267327,11.632
2025-01-14,11.67,11.684,11.604,11.604,78916,11.604
2025-01-15,11.756,11.908,11.668,11.87,38285,11.87
2025-01-16,12.034,12.04,11.86,12.03,34964,12.03
2025-01-17,12.06,12.086,12.02,12.026,203054,12.026
2025-01-20,12,12.042,11.936,11.988,86771,11.988
2025-01-21,11.976,12.053,11.976,12.053,51560,12.053
2025-01-22,12.2,12.2,12.028,12.054,77980,12.054
2025-01-23,12,12.084,12,12.084,46071,12.084
2025-01-24,12.02,12.054,12,12.054,27158,12.054
2025-01-27,12.274,12.274,12.066,12.089,50355,12.089
2025-01-28,12.07,12.082,12.018,12.048,65948,12.048
2025-01-29,12.096,12.122,12.05,12.05,45146,12.05
2025-01-30,12.102,12.188,12.102,12.122,62738,12.122
2025-01-31,12.144,12.192,12.122,12.136,179870,12.136
2025-02-03,12.228,12.278,12.14,12.203,192919,12.203
2025-02-04,12.282,12.282,12.092,12.13,55180,12.13
2025-02-05,12.176,12.3,12.176,12.292,120026,12.292
2025-02-06,12.3,12.378,12.25,12.25,121048,12.25
2025-02-07,12.236,12.274,12.194,12.212,38801,12.212
2025-02-10,12.374,12.374,12.231,12.231,24969,12.231
2025-02-11,12.2,12.21,12.188,12.199,57001,12.199
2025-02-12,12.324,12.324,12.074,12.106,23638,12.106
2025-02-13,12.116,12.202,12.09,12.202,107798,12.202
2025-02-14,12.15,12.167,12.106,12.167,100460,12.167
2025-02-17,12.1,12.126,12.046,12.111,130510,12.111
2025-02-18,12.044,12.1,12.024,12.056,49922,12.056
2025-02-19,12,12.04,11.975,11.975,95421,11.975
2025-02-20,11.994,11.994,11.932,11.983,79588,11.983
2025-02-21,12.002,12.02,11.924,12.018,39513,12.018
2025-02-24,12.046,12.052,12.022,12.032,49343,12.032
2025-02-25,12.076,12.104,12.046,12.1,47889,12.1
2025-02-26,12.14,12.14,12.086,12.088,50482,12.088
2025-02-27,12.1,12.138,12.074,12.079,46168,12.079
2025-02-28,12.116,12.126,12.072,12.076,57849,12.076
2025-03-03,12.054,12.074,11.97,12.005,50272,12.005
2025-03-04,12.066,12.104,12.018,12.042,38937,12.042
2025-03-05,11.9,11.948,11.848,11.88,130040,11.88
2025-03-06,11.77,11.904,11.77,11.904,68824,11.904
2025-03-07,11.924,11.998,11.862,11.922,119879,11.922
2025-03-10,11.806,11.99,11.806,11.92,14288,11.92
2025-03-11,11.938,11.938,11.802,11.802,40575,11.802
2025-03-12,11.804,11.804,11.706,11.746,37600,11.746
2025-03-13,11.748,11.848,11.724,11.84,160139,11.84
2025-03-14,11.842,11.867,11.794,11.867,213175,11.867
2025-03-17,11.856,11.925,11.828,11.925,161320,11.925
2025-03-18,11.854,11.898,11.85,11.882,86728,11.882
2025-03-19,11.912,11.946,11.894,11.937,59086,11.937
2025-03-20,11.972,12.022,11.914,11.943,25238,11.943
2025-03-21,11.922,11.934,11.764,11.764,114168,11.764
2025-03-24,11.8,11.8,11.764,11.774,44629,11.774
2025-03-25,11.75,11.77,11.731,11.731,78356,11.731
2025-03-26,11.77,11.816,11.672,11.803,102938,11.803
2025-03-27,11.82,11.82,11.684,11.752,127829,11.752
2025-03-28,11.8,11.842,11.792,11.808,35371,11.808
2025-03-31,11.824,11.868,11.804,11.804,20064,11.804
2025-04-01,11.918,11.948,11.858,11.882,28162,11.882
2025-04-02,11.854,11.872,11.694,11.824,34323,11.824
2025-04-03,11.9,11.95,11.872,11.914,47193,11.914
2025-04-04,12.016,12.024,11.907,11.907,77146,11.907
2025-04-07,12.05,12.086,11.624,11.663,166305,11.663
2025-04-08,11.814,11.814,11.54,11.639,47643,11.639
2025-04-09,11.45,11.482,11.3,11.34,167019,11.34
2025-04-10,11.2,11.65,11.2,11.555,106987,11.555
2025-04-11,11.53,11.53,11.33,11.388,84765,11.388
2025-04-14,11.524,11.546,11.428,11.49,63002,11.49
2025-04-15,11.544,11.544,11.428,11.447,78947,11.447
2025-04-16,11.534,11.576,11.502,11.576,92789,11.576
2025-04-17,11.712,11.742,11.502,11.704,73662,11.704
2025-04-22,11.722,11.722,11.614,11.624,41211,11.624
2025-04-23,11.776,11.8,11.671,11.671,125036,11.671
2025-04-24,11.658,11.85,11.658,11.85,55027,11.85
2025-04-25,11.836,11.896,11.836,11.868,26420,11.868
2025-04-28,11.858,11.858,11.802,11.809,40272,11.809
2025-04-29,11.804,11.836,11.784,11.814,21602,11.814
2025-04-30,11.882,11.91,11.83,11.858,163601,11.858
2025-05-01,11.88,11.88,11.769,11.769,36409,11.769
2025-05-02,11.87,11.906,11.767,11.767,96269,11.767
2025-05-06,11.592,11.774,11.592,11.722,68492,11.722
2025-05-07,11.742,11.806,11.73,11.797,37106,11.797
2025-05-08,11.786,11.812,11.65,11.65,42508,11.65
2025-05-09,11.742,11.742,11.558,11.576,43215,11.576
2025-05-12,11.362,11.596,11.362,11.57,118483,11.57
2025-05-13,11.55,11.588,11.508,11.545,92851,11.545
2025-05-14,11.564,11.564,11.454,11.47,32951,11.47
2025-05-15,11.11,11.164,11.1,11.148,142627,11.148
2025-05-16,11.33,11.332,11.168,11.168,179112,11.168
2025-05-19,11.27,11.27,11.044,11.129,110995,11.129
2025-05-20,11.19,11.202,11.066,11.106,143488,11.106
2025-05-21,11.054,11.094,11.002,11.03,150630,11.03
2025-05-22,11,11.058,10.98,11.031,59630,11.031
2025-05-23,11.216,11.216,11.05,11.102,54648,11.102
2025-05-27,11.312,11.312,11.144,11.189,54814,11.189
2025-05-28,11.3,11.3,11.1,11.1,31109,11.1
2025-05-29,11.1,11.216,11.052,11.191,24159,11.191
2025-05-30,11.19,11.242,11.156,11.242,125253,11.242
2025-06-02,11.244,11.292,11.156,11.278,83424,11.278
2025-06-03,11.466,11.466,11.32,11.326,42043,11.326
2025-06-04,11.462,11.462,11.294,11.362,38996,11.362
2025-06-05,11.372,11.432,11.346,11.356,59205,11.356
2025-06-06,11.44,11.44,11.314,11.344,55639,11.344
2025-06-09,11.438,11.438,11.3,11.355,28614,11.355
2025-06-10,11.416,11.444,11.372,11.372,308038,11.372
2025-06-11,11.362,11.468,11.36,11.4,53187,11.4
2025-06-12,11.49,11.58,11.478,11.58,71060,11.58
2025-06-13,11.6,11.608,11.474,11.474,12366,11.474
2025-06-16,11.584,11.584,11.442,11.536,69286,11.536
2025-06-17,11.65,11.65,11.502,11.526,59143,11.526
2025-06-18,11.644,11.644,11.482,11.618,52316,11.618
2025-06-19,11.65,11.664,11.586,11.59,112632,11.59
2025-06-20,11.67,11.67,11.608,11.622,29478,11.622
2025-06-23,11.596,11.746,11.596,11.746,22615,11.746
2025-06-24,11.72,11.72,11.586,11.66,119016,11.66
2025-06-25,11.75,11.75,11.62,11.652,46524,11.652
2025-06-26,11.516,11.668,11.516,11.608,38531,11.608
2025-06-27,11.696,11.696,11.542,11.542,108145,11.542
2025-06-30,11.48,11.574,11.48,11.504,31375,11.504
2025-07-01,11.568,11.616,11.568,11.578,7478,11.578
2025-07-02,11.668,11.668,11.31,11.34,200783,11.34
2025-07-03,11.472,11.48,11.388,11.415,152054,11.415
2025-07-04,11.46,11.46,11.391,11.391,34953,11.391
2025-07-07,11.44,11.526,11.31,11.32,51529,11.32
2025-07-08,11.258,11.284,11.228,11.232,77754,11.232
2025-07-09,11.26,11.3,11.25,11.277,61856,11.277
2025-07-10,11.166,11.368,11.166,11.304,53893,11.304
2025-07-11,11.176,11.344,11.176,11.344,28185,11.344
2025-07-14,11.394,11.538,11.34,11.354,49964,11.354
2025-07-15,11.396,11.414,11.278,11.315,47795,11.315
2025-07-16,11.314,11.344,11.286,11.309,96302,11.309
2025-07-17,11.444,11.444,11.28,11.298,29580,11.298
2025-07-18,11.244,11.272,11.244,11.254,75522,11.254
2025-07-21,11.426,11.426,11.31,11.33,43099,11.33
2025-07-22,11.336,11.388,11.278,11.388,80404,11.388
2025-07-23,11.332,11.336,11.312,11.33,47263,11.33
2025-07-24,11.32,11.366,11.27,11.366,33829,11.366
2025-07-25,11.458,11.458,11.284,11.318,70462,11.318
2025-07-28,11.2,11.364,11.2,11.305,22349,11.305
2025-07-29,11.376,11.38,11.298,11.374,26015,11.374
2025-07-30,11.38,11.414,11.368,11.394,45914,11.394
2025-07-31,11.45,11.47,11.444,11.453,37978,11.453
2025-08-01,11.5,11.5,11.384,11.474,26722,11.474
2025-08-04,11.53,11.616,11.45,11.525,73222,11.525
2025-08-05,11.476,11.54,11.474,11.488,54002,11.488
2025-08-06,11.45,11.468,11.45,11.468,22215,11.468
2025-08-07,11.462,11.462,11.366,11.415,77202,11.415
2025-08-08,11.4,11.402,11.33,11.33,14247,11.33
2025-08-11,11.33,11.408,11.204,11.387,55657,11.387
2025-08-12,11.374,11.374,11.264,11.264,108350,11.264
2025-08-13,11.428,11.428,11.286,11.333,67168,11.333
2025-08-14,11.332,11.35,11.229,11.229,81297,11.229
2025-08-15,11.226,11.226,11.138,11.141,45741,11.141
2025-08-18,11.134,11.186,11.023,11.023,56440,11.023
2025-08-19,11.04,11.092,11.024,11.06,64346,11.06
2025-08-20,11.01,11.154,11.01,11.122,142200,11.122
2025-08-21,11.19,11.19,11.062,11.117,195821,11.117
2025-08-22,11.11,11.17,11.078,11.15,53992,11.15
2025-08-26,11.15,11.15,11.048,11.108,695395,11.108
2025-08-27,11.204,11.204,11.09,11.094,67685,11.094
2025-08-28,11.248,11.248,11.092,11.141,102579,11.141
2025-08-29,11.004,11.176,11.004,11.024,49664,11.024
2025-09-01,11.146,11.146,11.092,11.092,1661,11.092
2025-09-02,11.05,11.062,10.992,10.992,108424,10.992
2025-09-03,11.044,11.128,10.98,11.128,87137,11.128
2025-09-04,11.132,11.228,11.132,11.188,435817,11.188
2025-09-05,11.384,11.384,11.224,11.295,181336,11.295
2025-09-08,11.128,11.358,11.128,11.358,39273,11.358
2025-09-09,11.336,11.366,11.312,11.318,53687,11.318
2025-09-10,11.326,11.342,11.306,11.328,99389,11.328
2025-09-11,11.2,11.398,11.2,11.381,96522,11.381
2025-09-12,11.368,11.404,11.317,11.317,57321,11.317
2025-09-15,11.336,11.358,11.336,11.358,87034,11.358
2025-09-16,11.404,11.404,11.32,11.32,37452,11.32
2025-09-17,11.38,11.38,11.366,11.366,28366,11.366
2025-09-18,11.404,11.404,11.326,11.326,47656,11.326
2025-09-19,11.266,11.304,11.252,11.252,139870,11.252
2025-09-22,11.264,11.28,11.25,11.25,101274,11.25
2025-09-23,11.26,11.348,11.26,11.325,164828,11.325
2025-09-24,11.388,11.39,11.342,11.366,101306,11.366
2025-09-25,11.34,11.378,11.264,11.264,84781,11.264
2025-09-26,11.25,11.312,11.25,11.299,31273,11.299
2025-09-29,11.346,11.362,11.332,11.35,133615,11.35
2025-09-30,11.356,11.398,11.312,11.352,132748,11.352
2025-10-01,11.4,11.4,11.3,11.32,193587,11.32
2025-10-02,11.364,11.364,11.304,11.328,61520,11.328
2025-10-03,11.33,11.356,11.33,11.352,33642,11.352
2025-10-06,11.312,11.336,11.234,11.296,140457,11.296
2025-10-07,11.416,11.416,11.26,11.304,252296,11.304
2025-10-08,11.346,11.364,11.342,11.35,47310,11.35
2025-10-09,11.412,11.412,11.29,11.292,104600,11.292
2025-10-10,11.41,11.46,11.36,11.441,41814,11.441
2025-10-13,11.45,11.492,11.334,11.437,44871,11.437
2025-10-14,11.5,11.602,11.5,11.506,46190,11.506
2025-10-15,11.58,11.608,11.562,11.608,111335,11.608
2025-10-16,11.7,11.7,11.6,11.67,88017,11.67
2025-10-17,11.7,11.7,11.588,11.612,99212,11.612
2025-10-20,11.704,11.704,11.604,11.624,124325,11.624
2025-10-21,11.656,11.678,11.63,11.658,229682,11.658
2025-10-22,11.814,11.932,11.716,11.727,271778,11.727
2025-10-23,11.86,11.86,11.692,11.722,217939,11.722
2025-10-24,11.878,11.878,11.664,11.664,167229,11.664
2025-10-27,11.502,11.826,11.502,11.736,105796,11.736
2025-10-28,11.74,11.776,11.7,11.714,101862,11.714
2025-10-29,11.814,11.826,11.744,11.756,153743,11.756
2025-10-30,11.724,11.77,11.71,11.726,76630,11.726
2025-10-31,11.722,11.772,11.71,11.761,67023,11.761
2025-11-03,11.85,11.85,11.704,11.704,56191,11.704
2025-11-04,11.76,11.794,11.722,11.731,71567,11.731
2025-11-05,11.792,11.792,11.596,11.614,180383,11.614
2025-11-06,11.668,11.668,11.612,11.64,67424,11.64
2025-11-07,11.592,11.604,11.568,11.59,122129,11.59
2025-11-10,11.562,11.65,11.562,11.638,120004,11.638
2025-11-11,11.706,11.738,11.692,11.731,241107,11.731
2025-11-12,11.72,11.72,11.66,11.702,419509,11.702
2025-11-13,11,11.332,11,11.214,291437,11.214
2025-11-14,11.2,11.256,11.036,11.049,141264,11.049
2025-11-17,11.01,11.096,11.01,11.096,74364,11.096
2025-11-18,11.136,11.136,11.028,11.028,184671,11.028
2025-11-19,11.018,11.04,10.956,10.958,110868,10.958
2025-11-20,11.034,11.034,10.934,10.972,143700,10.972
2025-11-21,10.97,11.056,10.97,11.012,71645,11.012
2025-11-24,11.046,11.046,11.002,11.016,57582,11.016
2025-11-25,10.97,11.088,10.97,11.042,51102,11.042
2025-11-26,11.024,11.242,10.994,11.242,547328,11.242
2025-11-27,11.394,11.394,11.214,11.272,63264,11.272
2025-11-28,11.356,11.36,11.23,11.23,321849,11.23
2025-12-01,11.24,11.4,11.164,11.164,129183,11.164
2025-12-02,11.264,11.264,11.164,11.197,36241,11.197
2025-12-03,11.26,11.308,11.226,11.298,83123,11.298
2025-12-04,11.3,11.394,11.278,11.394,167190,11.394
2025-12-05,11.38,11.39,11.324,11.326,53145,11.326
2025-12-08,11.3,11.308,11.272,11.279,352718,11.279
2025-12-09,11.286,11.342,11.286,11.338,129777,11.338
2025-12-10,11.298,11.336,11.298,11.312,39800,11.312
2025-12-11,11.344,11.4,11.344,11.371,39147,11.371
2025-12-12,11.362,11.362,11.3,11.302,191981,11.302
2025-12-15,11.336,11.34,11.306,11.306,206042,11.306
2025-12-16,11.276,11.292,11.234,11.281,127994,11.281
2025-12-17,11.2,11.34,11.2,11.33,62098,11.33
2025-12-18,11.326,11.362,11.274,11.345,93725,11.345
2025-12-19,11.25,11.368,11.25,11.277,148074,11.277
2025-12-22,11.28,11.284,11.226,11.24,79001,11.24
2025-12-23,11.276,11.294,11.226,11.28,61908,11.28
2025-12-24,11.202,11.288,11.202,11.244,58448,11.244
2025-12-29,11.312,11.338,11.28,11.338,104550,11.338
2025-12-30,11.354,11.354,11.268,11.292,103306,11.292
2025-12-31,11.32,11.32,11.3,11.306,40330,11.306
2026-01-02,11.226,11.284,11.209,11.209,139905,11.209
2026-01-05,11.2,11.228,11.2,11.203,152273,11.203
2026-01-06,11.19,11.25,11.178,11.234,84857,11.234
2026-01-07,11.23,11.384,11.23,11.384,358837,11.384
2026-01-08,11.38,11.382,11.34,11.382,65483,11.382
2026-01-09,11.4,11.454,11.392,11.454,74861,11.454
2026-01-12,11.496,11.496,11.442,11.456,80669,11.456
2026-01-13,11.444,11.458,11.422,11.422,29712,11.422
2026-01-14,11.45,11.54,11.426,11.534,86197,11.534
2026-01-15,11.53,11.532,11.474,11.474,146739,11.474
2026-01-16,11.56,11.56,11.466,11.51,44433,11.51
2026-01-19,11.574,11.574,11.472,11.472,36836,11.472
2026-01-20,11.45,11.474,11.394,11.449,129401,11.449
2026-01-21,11.438,11.488,11.416,11.434,49589,11.434
2026-01-22,11.498,11.512,11.42,11.43,117004,11.43
2026-01-23,11.454,11.464,11.406,11.406,20850,11.406
2026-01-26,11.5,11.5,11.422,11.43,43053,11.43
2026-01-27,11.436,11.468,11.424,11.458,220279,11.458
2026-01-28,11.42,11.45,11.406,11.428,105085,11.428
2026-01-29,11.412,11.418,11.382,11.406,265652,11.406
2026-01-30,11.38,11.44,11.362,11.424,72223,11.424
2026-02-02,11.504,11.504,11.376,11.376,24039,11.376
2026-02-03,11.37,11.384,11.364,11.38,27655,11.38
2026-02-04,11.292,11.384,11.292,11.346,249118,11.346
2026-02-05,11.244,11.344,11.228,11.288,113403,11.288
2026-02-06,11.256,11.322,11.256,11.29,46590,11.29
2026-02-09,11.324,11.324,11.256,11.294,240417,11.294
2026-02-10,11.3,11.368,11.3,11.352,45240,11.352
2026-02-11,11.374,11.388,11.328,11.388,134197,11.388
2026-02-12,11.388,11.434,11.388,11.432,107232,11.432
2026-02-13,11.408,11.478,11.408,11.478,35352,11.478
2026-02-16,11.566,11.566,11.478,11.514,70005,11.514
2026-02-17,11.598,11.598,11.54,11.558,129066,11.558
2026-02-18,11.5,11.572,11.5,11.572,33330,11.572
2026-02-19,11.538,11.584,11.534,11.584,49912,11.584
2026-02-20,11.6,11.636,11.6,11.6,43308,11.6
2026-02-23,11.622,11.672,11.622,11.672,48812,11.672
2026-02-24,11.638,11.68,11.638,11.68,60631,11.68
2026-02-25,11.612,11.658,11.612,11.658,24605,11.658
2026-02-26,11.66,11.742,11.66,11.742,36136,11.742
2026-02-27,11.748,11.844,11.748,11.844,74314,11.844
2026-03-02,11.83,11.898,11.754,11.754,224741,11.754
2026-03-03,11.754,11.808,11.61,11.766,63963,11.766
2026-03-04,11.772,11.8,11.714,11.714,48306,11.714
2026-03-05,11.582,11.706,11.578,11.578,38611,11.578
2026-03-06,11.686,11.686,11.5,11.536,97947,11.536
2026-03-09,11.422,11.696,11.422,11.676,196093,11.676
2026-03-10,11.73,11.732,11.616,11.628,116889,11.628
2026-03-11,11.56,11.586,11.532,11.573,17973,11.573
2026-03-12,11.6,11.6,11.494,11.566,28453,11.566
2026-03-13,11.544,11.546,11.432,11.446,90316,11.446
2026-03-16,11.524,11.524,11.424,11.48,135244,11.48
2026-03-17,11.416,11.618,11.416,11.618,60184,11.618
2026-03-18,11.642,11.656,11.578,11.61,59385,11.61
2026-03-19,11.618,11.63,11.5,11.518,237554,11.518
2026-03-20,11.44,11.44,11.278,11.278,144426,11.278
2026-03-23,11.212,11.498,11.212,11.326,209656,11.326
2026-03-24,11.278,11.412,11.278,11.332,47783,11.332
2026-03-25,11.322,11.484,11.322,11.478,93493,11.478
2026-03-26,11.356,11.43,11.34,11.342,138075,11.342
2026-03-27,11.38,11.38,11.154,11.274,507775,11.274
2026-03-30,11.246,11.424,11.246,11.348,95471,11.348
2026-03-31,11.372,11.478,11.35,11.454,456319,11.454
2026-04-01,11.628,11.632,11.398,11.478,167603,11.478
2026-04-02,11.454,11.548,11.34,11.512,46612,11.512
2026-04-07,11.474,11.52,11.412,11.462,103836,11.462
2026-04-08,11.6,11.632,11.526,11.6,158905,11.6
2026-04-09,11.48,11.548,11.406,11.548,64963,11.548
2026-04-10,11.466,11.572,11.38,11.38,74969,11.38
2026-04-13,11.38,11.42,11.346,11.382,172379,11.382
2026-04-14,11.438,11.462,11.418,11.462,77061,11.462
2026-04-15,11.562,11.562,11.392,11.392,124624,11.392
2026-04-16,11.472,11.472,11.342,11.356,83615,11.356
2026-04-17,11.358,11.432,11.312,11.424,83090,11.424
2026-04-20,11.45,11.45,11.284,11.3,79845,11.3
2026-04-21,11.278,11.29,11.248,11.256,107437,11.256
2026-04-22,11.252,11.328,11.226,11.328,60774,11.328
2026-04-23,11.27,11.286,11.21,11.25,104345,11.25
2026-04-24,11.202,11.322,11.202,11.322,111519,11.322
2026-04-27,11.294,11.324,11.224,11.268,50326,11.268
2026-04-28,11.27,11.3,11.208,11.246,78248,11.246
2026-04-29,11.26,11.28,11.23,11.23,19945,11.23
2026-04-30,11.232,11.29,11.23,11.258,325932,11.258
2026-05-01,11.2,11.35,11.2,11.35,99068,11.35
2026-05-05,11.65,11.65,11.17,11.19,167847,11.19
2026-05-06,11.372,11.424,11.246,11.296,91361,11.296
2026-05-07,11.286,11.332,11.226,11.226,81647,11.226
2026-05-08,11.294,11.384,11.294,11.33,194101,11.33
2026-05-11,11.382,11.382,11.22,11.274,68290,11.274
2026-05-12,11.19,11.19,11.02,11.172,68473,11.172
2026-05-13,11.234,11.234,11.162,11.227,120003,11.227
2026-05-14,11.302,11.312,11.242,11.268,16422,11.268
2026-05-15,11.18,11.196,11.06,11.06,90057,11.06
2026-05-18,11.06,11.182,11.06,11.114,114981,11.114
2026-05-19,11.254,11.26,11.132,11.146,94881,11.146
2026-05-20,11.282,11.3,11.22,11.272,112380,11.272
2026-05-21,10.912,11.002,10.88,10.912,184756,10.912
2026-05-22,11.046,11.046,10.974,11,77574,11
2026-05-26,11.2,11.2,10.942,10.942,53364,10.942
2026-05-27,10.984,11.028,10.958,10.958,52890,10.958
2026-05-28,11.022,11.05,10.96,11.008,42231,11.008
2026-05-29,11,11.02,10.99,11.006,117890,11.006
2026-06-01,10.9,11.004,10.9,10.96,74692,10.96
2026-06-02,11,11.002,10.972,10.986,38978,10.986
2026-06-03,10.9,10.934,10.862,10.862,246970,10.862
2026-06-04,10.904,10.91,10.888,10.91,36279,10.91
2026-06-05,10.88,10.918,10.872,10.908,78943,10.908
2026-06-08,10.924,10.924,10.85,10.85,28219,10.85
2026-06-09,10.91,10.91,10.864,10.896,45160,10.896
2026-06-10,10.872,10.912,10.872,10.878,55003,10.878
2026-06-11,10.884,10.918,10.876,10.902,50283,10.902
2026-06-12,10.97,10.978,10.918,10.95,44353,10.95
2026-06-15,10.922,11.046,10.904,10.904,359893,10.904
2026-06-16,11.016,11.016,10.91,10.954,83054,10.954
2026-06-17,10.94,11.008,10.94,11.008,197012,11.008
2026-06-18,10.986,11.02,10.96,11.002,30097,11.002
2026-06-19,10.962,10.962,10.882,10.882,19201,10.882
2026-06-22,10.948,10.948,10.892,10.918,21344,10.918
2026-06-23,10.944,11.002,10.942,10.98,116513,10.98
2026-06-24,11.078,11.078,11,11.046,15491,11.046
2026-06-25,11.036,11.058,11.022,11.054,71865,11.054
2026-06-26,11.044,11.044,10.93,10.954,64481,10.954
2026-06-29,10.96,10.998,10.952,10.998,60606,10.998
2026-06-30,11.054,11.054,10.928,10.94,59490,10.94
2026-07-01,10.906,10.932,10.868,10.932,32945,10.932
2026-07-02,10.88,10.938,10.862,10.928,19320,10.928
2026-07-03,10.918,10.918,10.878,10.888,23208,10.888
2026-07-06,10.938,10.946,10.874,10.878,13462,10.878
2026-07-07,10.85,10.868,10.806,10.806,78340,10.806
2026-07-08,10.81,10.81,10.722,10.722,74518,10.722
2026-07-09,10.758,10.8,10.75,10.772,0,10.772
2026-07-10,10.756,10.818,10.756,10.806,0,10.806
2026-07-13,10.796,10.81,10.768,10.768,46455,10.768
2026-07-14,10.744,10.788,10.72,10.76,20210,10.76
2026-07-15,10.76,10.828,10.76,10.828,45683,10.828
2026-07-16,10.814,10.814,10.772,10.772,45445,10.772
2026-07-17,10.75,10.816,10.75,10.776,87765,10.776
2026-07-20,10.786,10.804,10.696,10.696,109015,10.696
2026-07-21,10.73,10.734,10.704,10.734,29942,10.734
2026-07-22,10.75,10.752,10.71,10.752,50800,10.752
2026-07-23,10.752,10.752,10.676,10.676,52133,10.676
2026-07-24,10.74,10.744,10.72,10.73,41075,10.73
2026-07-27,10.742,10.774,10.736,10.76,35632,10.76
2026-07-28,10.78,10.78,10.73,10.73,52566,10.73
2026-07-29,10.73,10.746,10.714,10.714,109886,10.714
2026-07-30,10.73,10.73,10.676,10.688,40288,10.688
2026-07-31,10.766,10.766,10.68,10.69,45557,10.69
2026-08-03,10.77,10.79,10.758,10.782,74841,10.782
2026-08-04,10.762,10.834,10.728,10.834,42319,10.834
2026-08-05,10.842,10.842,10.806,10.806,36304,10.806
2026-08-06,10.78,10.826,10.78,10.796,43420,10.796
2026-08-07,10.796,10.852,10.788,10.788,42531,10.788
2026-08-10,10.748,10.832,10.748,10.796,216835,10.796
2026-08-11,10.73,10.82,10.73,10.82,36653,10.82
2026-08-12,10.81,10.87,10.81,10.87,66199,10.87
2026-08-13,10.828,10.886,10.81,10.868,27981,10.868
2026-08-14,10.898,10.898,10.78,10.792,101049,10.792
2026-08-17,10.784,10.824,10.738,10.738,27785,10.738
2026-08-18,10.788,10.788,10.724,10.724,30670,10.724
2026-08-19,10.782,10.808,10.748,10.808,60023,10.808
2026-08-20,10.772,10.78,10.722,10.73,53661,10.73
2026-08-21,10.72,10.77,10.72,10.76,46185,10.76
2026-08-24,10.75,10.824,10.736,10.778,44029,10.778
2026-08-25,10.748,10.838,10.748,10.838,28299,10.838
2026-08-26,10.794,10.84,10.782,10.808,12601,10.808
2026-08-27,10.832,10.838,10.794,10.818,40611,10.818
2026-08-28,10.796,10.84,10.796,10.806,19573,10.806
2026-09-01,10.73,10.768,10.702,10.764,41288,10.764
2026-09-02,10.746,10.77,10.686,10.748,82726,10.748
2026-09-03,10.806,10.842,10.782,10.832,41389,10.832
2026-09-04,10.836,10.87,10.836,10.868,43099,10.868
2026-09-07,10.854,10.868,10.816,10.86,78717,10.86
2026-09-08,10.912,10.912,10.844,10.864,28384,10.864
2026-09-09,10.874,10.878,10.78,10.78,50072,10.78
2026-09-10,10.85,10.85,10.736,10.742,84333,10.742
2026-09-11,10.732,10.788,10.732,10.782,95373,10.782
2026-09-14,10.766,10.766,10.726,10.754,97275,10.754
2026-09-15,10.766,10.768,10.716,10.754,150706,10.754
2026-09-16,10.776,10.84,10.734,10.834,83392,10.834
2026-09-17,10.786,11.004,10.786,10.996,104366,10.996
2026-09-18,11.038,11.038,10.972,10.992,45074,10.992
2026-09-21,11.03,11.126,11.026,11.026,59996,11.026
2026-09-22,11.02,11.056,10.968,10.994,65482,10.994
2026-09-23,11.062,11.062,10.878,10.878,42517,10.878
2026-09-24,10.892,10.944,10.882,10.882,52557,10.882
