date,open,high,low,close,volume,raw_close
2016-01-04,31.12,31.28,30.82,31.14,2834856,43.03
2016-01-05,31.13,31.55,30.65,31.51,2387577,43.54
2016-01-06,31.29,31.79,31.23,31.71,2069648,43.82
2016-01-07,31.41,31.9,31.41,31.74,3311444,43.85
2016-01-08,31.76,31.88,31.43,31.49,2224038,43.51
2016-01-11,31.51,31.74,31.42,31.5,2437494,43.52
2016-01-12,31.53,31.58,31.11,31.4,1959939,43.38
2016-01-13,31.51,31.66,31.16,31.22,2503396,43.14
2016-01-14,31.16,31.82,31.02,31.63,1612339,43.71
2016-01-15,31.21,31.62,31.05,31.49,2144123,43.51
2016-01-19,31.84,31.84,31.22,31.45,4300783,43.45
2016-01-20,31.22,31.48,30.03,30.64,4034212,42.33
2016-01-21,30.64,30.77,30.22,30.49,2202420,42.13
2016-01-22,30.65,31.13,30.47,31.08,1961927,42.95
2016-01-25,31.16,31.19,30.79,30.88,1832171,42.67
2016-01-26,30.95,31.42,30.79,30.95,1708010,42.76
2016-01-27,31.08,31.45,30.79,31.26,1988348,43.2
2016-01-28,31.1,31.92,30.94,31.74,1619624,43.85
2016-01-29,32.21,32.55,31.9,32.51,2981486,44.92
2016-02-01,32.37,33.15,32.34,33.05,1924205,45.66
2016-02-02,32.95,33.65,32.81,33.57,2703763,46.38
2016-02-03,33.85,34.67,33.82,34.25,4648472,47.33
2016-02-04,34.13,34.3,33.48,33.67,3169695,46.53
2016-02-05,33.42,33.83,32.96,33.65,3287419,46.49
2016-02-08,33.74,33.97,32.97,33.41,2581574,46.17
2016-02-09,33.24,33.65,33.18,33.35,2370739,46.08
2016-02-10,33.31,33.63,32.81,33.44,2634896,46.2
2016-02-11,33.13,33.6,32.81,32.84,1684139,45.37
2016-02-12,32.91,33.08,32.45,32.75,1254584,45.25
2016-02-16,32.85,33.02,32.5,32.99,2444079,45.58
2016-02-17,32.97,32.98,32.7,32.79,1753719,45.31
2016-02-18,32.75,33.72,32.68,33.49,4232380,46.28
2016-02-19,33.16,33.79,32.64,33,4665431,45.6
2016-02-22,33,33.55,32.9,33.46,2712364,46.23
2016-02-23,33.25,33.75,33.12,33.67,1640303,46.52
2016-02-24,33.67,34.42,33.52,34.36,2988450,47.48
2016-02-25,34.49,34.9,34.4,34.83,2301093,48.13
2016-02-26,34.62,34.67,33.63,33.65,2807506,46.49
2016-02-29,33.58,34.33,33.52,33.98,2976988,46.95
2016-03-01,34.15,34.41,33.67,33.96,1982704,46.93
2016-03-02,33.76,34,32.97,33.99,2166441,46.96
2016-03-03,33.98,34.01,33.46,34.01,1613514,47
2016-03-04,33.86,34.45,33.67,34.27,1931980,47.35
2016-03-07,34.2,34.64,34.1,34.42,1570908,47.13
2016-03-08,34.43,34.97,34.28,34.94,2024221,47.85
2016-03-09,34.91,35.35,34.89,35.25,1392870,48.27
2016-03-10,35.2,35.31,34.61,35.01,3119865,47.94
2016-03-11,35.03,35.42,34.96,35.21,1762660,48.22
2016-03-14,35.06,35.35,34.97,35.29,1633005,48.32
2016-03-15,35.19,35.44,35.02,35.18,1759693,48.18
2016-03-16,35.1,35.48,34.72,35.37,1818996,48.43
2016-03-17,35.29,35.8,35.22,35.71,1685010,48.9
2016-03-18,35.81,36.09,35.36,35.77,3548648,48.98
2016-03-21,35.7,35.85,35.17,35.62,1359160,48.78
2016-03-22,35.67,35.88,35.43,35.69,1852336,48.87
2016-03-23,35.62,35.91,35.43,35.78,1581024,48.99
2016-03-24,35.65,35.98,35.58,35.97,1295268,49.25
2016-03-28,36.14,36.27,35.73,35.93,899181,49.2
2016-03-29,35.93,36.44,35.89,36.43,1555358,49.89
2016-03-30,36.44,36.44,36.07,36.33,1705747,49.75
2016-03-31,36.31,36.63,36.04,36.59,2840900,50.1
2016-04-01,36.51,36.94,36.33,36.91,1573373,50.54
2016-04-04,36.93,37.29,36.78,37.12,2848559,50.83
2016-04-05,37.05,37.09,36.13,36.16,2712122,49.52
2016-04-06,36.09,36.21,35.86,36.19,1373119,49.55
2016-04-07,35.99,36.33,35.79,35.9,2070919,49.16
2016-04-08,36.08,37.24,35.56,35.62,5206197,48.78
2016-04-11,35.68,35.88,35.45,35.55,2453518,48.68
2016-04-12,35.62,35.68,35.36,35.57,2044864,48.71
2016-04-13,35.64,35.64,35.14,35.27,1603308,48.3
2016-04-14,35.19,35.43,35.1,35.31,1037643,48.35
2016-04-15,35.43,35.66,35.24,35.59,1160446,48.73
2016-04-18,35.59,35.87,35.43,35.84,1330188,49.08
2016-04-19,35.86,35.98,35.62,35.87,1277549,49.12
2016-04-20,36.16,36.24,35.02,35.06,1499468,47.59
2016-04-21,35.01,35.04,34.1,34.23,1493743,46.47
2016-04-22,34.34,34.59,34.17,34.29,1587827,46.55
2016-04-25,34.24,34.6,34.18,34.6,2252288,46.97
2016-04-26,34.64,34.76,34.35,34.48,1828792,46.81
2016-04-27,34.59,34.98,34.31,34.81,1942254,47.26
2016-04-28,34.49,35.15,34.29,35.13,1647462,47.69
2016-04-29,34.95,35.4,34.68,35.36,2331381,48
2016-05-02,35.57,35.76,35.21,35.46,1992431,48.14
2016-05-03,35.5,35.91,35.5,35.76,1671124,48.55
2016-05-04,35.71,36.26,35.54,35.9,2696761,48.73
2016-05-05,35.9,36.29,35.68,36.01,1754669,48.88
2016-05-06,35.97,35.97,35.23,35.5,1687912,48.19
2016-05-09,35.57,35.76,35.4,35.68,1641561,48.43
2016-05-10,35.74,35.99,35.65,35.85,1445276,48.66
2016-05-11,35.82,36.1,35.32,35.47,3482019,48.15
2016-05-12,35.44,35.93,34.88,35.45,4007922,48.12
2016-05-13,35.45,35.6,35.05,35.41,1654653,48.07
2016-05-16,35.32,35.48,35.08,35.29,1637061,47.9
2016-05-17,35.21,35.33,34.62,34.86,3044320,47.32
2016-05-18,34.73,35.14,34.32,34.49,3444468,46.82
2016-05-19,34.38,34.9,34.11,34.88,2216549,47.35
2016-05-20,34.98,35.07,34.51,34.8,3067148,47.24
2016-05-23,34.84,34.89,34.36,34.39,1532511,46.69
2016-05-24,34.43,34.85,34.42,34.8,938591,47.24
2016-05-25,34.67,34.86,34.52,34.7,1210936,47.11
2016-05-26,34.82,35.46,34.69,35.23,1814696,47.83
2016-05-27,35.2,35.45,35.08,35.44,1347753,48.11
2016-05-31,35.51,36.64,35.34,36.5,7499717,49.55
2016-06-01,36.39,36.55,36.22,36.41,3034207,49.43
2016-06-02,36.29,36.38,35.87,36.17,2869317,49.1
2016-06-03,36.52,37.02,36.46,36.83,2042491,50
2016-06-06,36.77,36.98,36.61,36.81,2005269,49.54
2016-06-07,36.75,37.09,36.67,36.76,1925386,49.48
2016-06-08,36.77,36.93,36.62,36.91,876745,49.68
2016-06-09,36.93,37.85,36.93,37.81,2125432,50.89
2016-06-10,37.7,37.91,37.55,37.86,1854104,50.96
2016-06-13,37.86,37.99,37.68,37.71,1559220,50.76
2016-06-14,37.56,38.18,37.48,38.12,2327938,51.31
2016-06-15,38.16,38.16,37.61,37.82,1499305,50.91
2016-06-16,37.83,38.16,37.79,38.04,1185168,51.2
2016-06-17,37.91,38.12,37.65,38.09,2055842,51.27
2016-06-20,38.19,38.31,37.74,38.15,1946166,51.35
2016-06-21,38.03,38.34,37.88,38.17,1085033,51.37
2016-06-22,38.21,38.25,37.99,38.08,1156326,51.26
2016-06-23,38.08,38.26,37.93,38.26,1126888,51.5
2016-06-24,38.44,38.86,37.78,38.48,2623179,51.79
2016-06-27,38.43,39.09,38.26,38.86,2189985,52.31
2016-06-28,39.07,39.07,38.49,38.84,2005121,52.28
2016-06-29,38.83,39.15,38.72,39.01,1877508,52.5
2016-06-30,39.11,39.82,38.98,39.81,2863102,53.58
2016-07-01,39.95,40.07,39.5,39.93,1672096,53.75
2016-07-05,39.93,40.18,39.82,39.94,3786587,53.76
2016-07-06,39.94,40.05,39.44,39.95,2539637,53.77
2016-07-07,39.85,39.85,38.98,39.12,2736508,52.65
2016-07-08,38.95,39.51,38.62,39.49,1903487,53.15
2016-07-11,39.33,39.44,38.92,39.33,1782519,52.94
2016-07-12,39.01,39.27,38.86,38.98,2024924,52.46
2016-07-13,39.18,39.31,39.02,39.29,1237979,52.88
2016-07-14,39.05,39.15,37.63,38.81,1334707,52.24
2016-07-15,38.89,39.09,38.84,39.01,1389901,52.51
2016-07-18,39.02,39.18,38.97,39.01,1056155,52.51
2016-07-19,39.13,39.15,38.73,38.89,1114937,52.34
2016-07-20,38.89,38.91,38.63,38.79,964262,52.21
2016-07-21,38.66,38.84,38.39,38.81,2283504,52.24
2016-07-22,38.81,39.35,38.81,39.28,1872869,52.87
2016-07-25,39.25,39.33,38.95,39.15,840357,52.7
2016-07-26,39.27,39.27,38.6,38.8,1280711,52.22
2016-07-27,38.68,38.82,38.08,38.46,1600067,51.77
2016-07-28,38.47,38.79,38.36,38.75,1073858,52.15
2016-07-29,38.76,39.12,38.69,38.96,1440216,52.44
2016-08-01,38.95,39.07,38.81,39.02,1587745,52.52
2016-08-02,38.61,38.95,38.55,38.76,1093702,52.17
2016-08-03,38.69,38.73,38.17,38.37,1904656,51.65
2016-08-04,38.42,38.78,38.35,38.52,1537775,51.84
2016-08-05,38.62,38.82,37.79,37.89,2102778,51
2016-08-08,38.02,38.27,37.79,37.85,1365559,50.94
2016-08-09,37.79,38.07,37.68,37.85,966965,50.94
2016-08-10,37.94,38.05,37.79,37.91,1042329,51.02
2016-08-11,37.91,38.01,37.68,37.91,992264,51.02
2016-08-12,38.06,38.26,37.91,37.93,1254742,51.05
2016-08-15,37.89,38.05,37.43,37.45,1038996,50.41
2016-08-16,37.22,37.38,37,37.01,1846581,49.82
2016-08-17,36.96,37.77,36.66,37.68,2092881,50.71
2016-08-18,37.68,38.15,37.64,38.15,1608882,51.35
2016-08-19,38.07,38.08,37.34,37.57,1523226,50.57
2016-08-22,37.67,37.82,37.58,37.63,1427078,50.65
2016-08-23,37.7,37.95,37.46,37.46,875253,50.42
2016-08-24,37.36,37.51,37.11,37.39,1643280,50.32
2016-08-25,37.43,37.58,37.38,37.48,1000525,50.44
2016-08-26,37.51,37.7,36.67,36.7,1465438,49.4
2016-08-29,36.79,37.09,36.78,36.98,1544062,49.77
2016-08-30,36.96,37.18,36.59,36.63,1032236,49.3
2016-08-31,36.65,36.79,36.52,36.72,1655057,49.42
2016-09-01,36.7,36.78,36.46,36.52,1351100,49.15
2016-09-02,36.49,36.9,36.42,36.9,2009573,49.66
2016-09-06,37.11,37.45,36.93,37.35,1413095,49.84
2016-09-07,37.31,37.51,37.15,37.48,1193562,50.02
2016-09-08,37.39,37.65,37.18,37.36,1556503,49.85
2016-09-09,37.05,37.1,35.99,36.02,2087375,48.06
2016-09-12,36.03,36.67,35.97,36.61,1971445,48.86
2016-09-13,36.43,36.54,35.81,36.05,1911145,48.1
2016-09-14,36.14,36.52,36.03,36.34,1385983,48.49
2016-09-15,36.26,36.57,36.14,36.46,1650448,48.65
2016-09-16,36.37,37.06,36.15,37,2284521,49.38
2016-09-19,37.09,37.51,36.99,37.5,2027756,50.04
2016-09-20,37.63,37.98,37.54,37.54,1500206,50.1
2016-09-21,37.51,38.36,37.48,38.32,1717822,51.14
2016-09-22,38.47,38.57,38.11,38.53,1394918,51.41
2016-09-23,38.38,38.86,38.21,38.74,1659750,51.7
2016-09-26,38.74,38.79,38.44,38.58,1258907,51.48
2016-09-27,38.79,38.9,37.82,37.89,1637559,50.56
2016-09-28,38.02,38.08,37.3,37.74,2641968,50.36
2016-09-29,37.55,37.63,36.94,37.17,1586138,49.6
2016-09-30,37.27,37.43,36.64,36.85,2252340,49.18
2016-10-03,36.7,36.78,36.11,36.44,1685593,48.63
2016-10-04,36.35,36.36,35.24,35.51,3748373,47.38
2016-10-05,35.55,35.93,35.43,35.75,4510811,47.71
2016-10-06,35.57,35.84,35.38,35.66,1317077,47.59
2016-10-07,35.96,36.22,35.5,35.54,1754460,47.43
2016-10-10,35.65,35.81,35.53,35.75,1660405,47.7
2016-10-11,35.6,35.74,35.11,35.13,1559510,46.88
2016-10-12,35.3,35.76,35.1,35.66,2278958,47.59
2016-10-13,35.7,36.28,35.63,36,1906136,48.04
2016-10-14,35.84,36.19,35.72,35.99,1755077,48.03
2016-10-17,36.14,36.26,35.88,36.11,1096853,48.18
2016-10-18,36.31,36.68,35.94,36.65,1145709,48.91
2016-10-19,36.56,36.64,36.34,36.49,1314694,48.7
2016-10-20,36.49,36.71,36.34,36.43,837215,48.62
2016-10-21,36.24,36.44,36.09,36.32,1261355,48.47
2016-10-24,36.51,36.67,36.21,36.46,1111470,48.65
2016-10-25,36.33,36.75,36.28,36.74,1378474,49.03
2016-10-26,36.72,36.88,36.45,36.79,767247,49.1
2016-10-27,36.64,36.79,36.31,36.52,1196102,48.74
2016-10-28,36.57,36.9,36.49,36.62,2311762,48.87
2016-10-31,36.83,37.66,36.7,37.43,1645603,49.95
2016-11-01,37.44,37.44,36.81,36.85,1499622,49.17
2016-11-02,36.79,36.79,36.15,36.46,1377915,48.65
2016-11-03,36.37,36.9,36.24,36.77,1711624,49.07
2016-11-04,37.43,37.67,36.92,36.99,1902650,49.36
2016-11-07,37.28,38.09,37,38.08,1937460,50.81
2016-11-08,38.17,38.56,38.04,38.38,1568316,51.21
2016-11-09,37.32,37.46,36.7,36.76,2086207,49.05
2016-11-10,36.5,36.5,35.43,35.82,2458396,47.8
2016-11-11,35.82,36.31,35.68,35.8,2237308,47.77
2016-11-14,35.59,36.47,35.2,36.43,3706896,48.62
2016-11-15,36.64,37.07,36.46,36.92,2268641,49.27
2016-11-16,36.99,37.11,36.11,36.32,1780239,48.47
2016-11-17,36.24,36.58,36.19,36.35,1571034,48.51
2016-11-18,36.29,36.58,36.18,36.33,1539082,48.48
2016-11-21,36.37,36.81,36.32,36.6,962026,48.84
2016-11-22,36.66,37.12,36.55,37.04,1724790,49.43
2016-11-23,36.61,37.05,36.59,36.77,1483865,49.07
2016-11-25,36.88,37.54,36.82,37.46,677793,49.99
2016-11-28,37.58,38.38,37.57,38.28,2228069,51.08
2016-11-29,38.08,38.49,37.98,38.17,1615240,50.93
2016-11-30,37.07,37.72,36.81,36.81,2329270,49.12
2016-12-01,36.61,36.72,36.21,36.65,1589270,48.91
2016-12-02,36.88,37.46,36.88,37.21,1935815,49.66
2016-12-05,37.12,37.18,36.6,37.17,1479219,49.16
2016-12-06,37.29,37.48,37.14,37.3,1708103,49.34
2016-12-07,37.49,37.95,37.37,37.71,2346403,49.88
2016-12-08,37.34,37.78,36.9,37.67,1441478,49.82
2016-12-09,37.67,38.36,37.61,38.36,2903345,50.73
2016-12-12,38.23,38.86,38.07,38.82,2190066,51.34
2016-12-13,38.86,39.27,38.68,39.26,1673495,51.92
2016-12-14,39.34,39.59,38.29,38.33,1462616,50.7
2016-12-15,38.24,38.73,38.08,38.64,1153566,51.1
2016-12-16,38.66,39.2,38.66,39.01,2496048,51.6
2016-12-19,39.27,39.44,38.91,39.23,1064850,51.89
2016-12-20,39.26,39.58,39.1,39.46,1014296,52.19
2016-12-21,39.44,39.72,39.26,39.28,949406,51.95
2016-12-22,39.29,39.65,39.07,39.63,1070011,52.41
2016-12-23,39.69,39.8,39.51,39.66,637727,52.45
2016-12-27,39.64,39.89,39.49,39.74,681707,52.56
2016-12-28,39.75,39.75,39.12,39.18,672284,51.82
2016-12-29,39.52,39.85,39.29,39.74,1036026,52.56
2016-12-30,39.69,39.98,39.51,39.66,1134544,52.46
2017-01-03,39.76,39.76,39.27,39.6,1303538,52.38
2017-01-04,39.68,40.01,39.49,39.65,1185709,52.44
2017-01-05,39.66,39.89,39.25,39.85,2599678,52.7
2017-01-06,39.67,40.37,39.63,40.15,1957887,53.1
2017-01-09,40.17,40.24,39.24,39.31,1958836,51.99
2017-01-10,39.35,39.66,39.06,39.29,1439747,51.97
2017-01-11,39.24,39.65,39.23,39.47,1977705,52.2
2017-01-12,39.46,39.61,39.17,39.29,1537092,51.96
2017-01-13,39.24,39.38,39.09,39.29,1012463,51.97
2017-01-17,39.36,39.77,39.32,39.73,1190702,52.55
2017-01-18,39.61,39.82,39.5,39.59,1032123,52.36
2017-01-19,39.44,39.56,39.05,39.17,996976,51.81
2017-01-20,39.25,39.62,39.15,39.35,888503,52.05
2017-01-23,39.44,39.62,39.26,39.3,725205,51.98
2017-01-24,39.24,39.5,39.16,39.36,1223945,52.06
2017-01-25,39.2,39.37,39.02,39.24,1101686,51.9
2017-01-26,39.26,39.53,39.1,39.38,1120540,52.08
2017-01-27,39.5,39.54,39.07,39.18,721580,51.82
2017-01-30,39.32,39.32,38.83,39.08,671372,51.69
2017-01-31,39.1,39.82,39.04,39.81,1615945,52.65
2017-02-01,39.5,39.8,39.02,39.13,1204434,51.75
2017-02-02,39.21,39.78,39.08,39.76,1118119,52.59
2017-02-03,39.91,40.05,39.72,39.84,691434,52.69
2017-02-06,39.97,40.06,39.72,39.81,966542,52.65
2017-02-07,39.88,39.98,39.74,39.83,613629,52.68
2017-02-08,39.93,40.25,39.9,40.16,1006148,53.12
2017-02-09,40.12,40.31,39.67,40,1335675,52.9
2017-02-10,39.86,40.11,39.75,40.02,1129955,52.93
2017-02-13,40.02,40.23,39.8,40.11,1469647,53.05
2017-02-14,40,40,39.51,39.81,1529910,52.65
2017-02-15,39.42,39.76,39.17,39.72,2454288,52.54
2017-02-16,39.57,40.13,39.32,40.03,2369947,52.94
2017-02-17,40.14,40.44,40,40.35,2044813,53.37
2017-02-21,40.24,40.81,40.15,40.75,1637282,53.89
2017-02-22,40.7,40.9,40.45,40.81,1238542,53.97
2017-02-23,41,41.03,40.59,40.88,1569659,54.07
2017-02-24,40.93,41.28,40.85,41.27,2251084,54.58
2017-02-27,41.24,41.27,40.74,41.05,1736038,54.29
2017-02-28,40.95,41.46,40.9,41.35,2904393,54.69
2017-03-01,40.85,41.63,40.73,41.4,1813785,54.76
2017-03-02,41.23,41.97,41.13,41.68,1040262,55.12
2017-03-03,41.75,41.75,41.15,41.5,992807,54.89
2017-03-06,41.48,41.71,41.33,41.5,1248793,54.89
2017-03-07,41.48,41.56,41.37,41.45,1111023,54.82
2017-03-08,41.04,41.2,40.81,40.92,1164203,54.12
2017-03-09,41.02,41.23,40.91,40.92,1382034,54.12
2017-03-10,41.16,41.33,40.77,41.08,2023348,53.89
2017-03-13,41.04,41.35,40.98,41.31,1888126,54.19
2017-03-14,41.29,41.39,41.09,41.18,2048666,54.02
2017-03-15,41.34,41.94,41.27,41.77,1528276,54.79
2017-03-16,41.52,41.64,41.25,41.43,1516985,54.35
2017-03-17,41.49,42.14,41.45,41.96,2676892,55.05
2017-03-20,41.97,42.1,41.56,41.69,1579515,54.69
2017-03-21,41.63,42.39,41.63,42.3,1502488,55.49
2017-03-22,42.49,42.84,42.34,42.72,1934137,56.04
2017-03-23,42.58,43.07,42.54,42.73,2074544,56.05
2017-03-24,42.79,43.01,42.58,42.83,1249289,56.19
2017-03-27,43.04,43.12,42.66,42.73,1194192,56.05
2017-03-28,42.64,43.02,41.84,42.16,5336817,55.31
2017-03-29,42.08,42.19,41.8,42.02,2096051,55.13
2017-03-30,41.8,41.92,41.53,41.69,1449953,54.69
2017-03-31,41.59,41.85,41.54,41.61,2417431,54.59
2017-04-03,41.56,41.61,41.27,41.6,1590328,54.57
2017-04-04,41.67,41.96,41.53,41.71,1081663,54.72
2017-04-05,41.63,41.99,41.46,41.96,2418994,55.05
2017-04-06,41.96,42.05,41.62,41.7,2417213,54.71
2017-04-07,41.8,41.89,41.52,41.56,2003629,54.52
2017-04-10,41.58,41.74,41.31,41.7,1229053,54.71
2017-04-11,41.54,41.82,41.38,41.77,1624276,54.79
2017-04-12,41.7,42.24,41.59,42.22,2370020,55.39
2017-04-13,42.2,42.2,41.72,41.92,2012036,54.99
2017-04-17,42.05,42.3,41.87,42.25,2592532,55.43
2017-04-18,42.28,42.43,42.07,42.18,1237328,55.34
2017-04-19,42.24,42.24,41.7,41.84,1152668,54.89
2017-04-20,41.4,41.83,41.19,41.57,2740058,54.54
2017-04-21,41.56,42.1,41.51,41.99,1399204,55.09
2017-04-24,42.12,42.44,41.76,42.25,1608817,55.43
2017-04-25,42.08,42.21,41.83,41.99,1916805,55.08
2017-04-26,41.88,42.32,41.77,42.05,1880819,55.16
2017-04-27,42.07,42.22,41.9,41.95,1343771,55.03
2017-04-28,41.92,42.01,41.53,41.69,1266249,54.69
2017-05-01,41.77,41.78,41.22,41.37,1186267,54.27
2017-05-02,41.51,41.64,41.12,41.35,1924576,54.25
2017-05-03,41.34,41.69,41.29,41.35,1743859,54.24
2017-05-04,41.44,41.81,40.95,41.78,1658795,54.81
2017-05-05,41.89,42.02,41.7,41.76,1293232,54.78
2017-05-08,41.77,41.89,41.5,41.64,981909,54.63
2017-05-09,41.64,41.69,41.27,41.32,1008093,54.21
2017-05-10,41.35,41.58,41.28,41.51,1141955,54.45
2017-05-11,41.4,41.51,41.06,41.51,1355325,54.45
2017-05-12,41.52,41.99,41.52,41.87,1464755,54.93
2017-05-15,41.82,42.08,41.77,42.05,1193028,55.17
2017-05-16,42,42.17,41.62,41.67,1736641,54.66
2017-05-17,41.76,41.91,41.48,41.49,2498876,54.43
2017-05-18,41.65,42.19,41.33,42.15,3459990,55.3
2017-05-19,42.14,42.6,41.81,42.38,2097957,55.6
2017-05-22,42.29,43.09,42.29,43.01,2784603,56.42
2017-05-23,43.08,43.52,42.97,43.04,2601078,56.46
2017-05-24,42.93,43.07,42.63,42.79,3588689,56.14
2017-05-25,42.47,42.87,42.09,42.73,2319426,56.05
2017-05-26,42.68,42.85,42.6,42.8,1298584,56.15
2017-05-30,42.82,43.12,42.59,43.04,1248323,56.46
2017-05-31,43.14,43.42,43.12,43.26,2470300,56.75
2017-06-01,43.26,43.37,43.01,43.3,2689130,56.8
2017-06-02,43.47,43.61,43.11,43.58,1677878,57.17
2017-06-05,43.54,43.57,43.35,43.36,899604,56.88
2017-06-06,43.45,43.61,43.27,43.31,1235222,56.82
2017-06-07,43.43,43.56,43.28,43.37,1510570,56.89
2017-06-08,43.27,43.34,42.59,42.95,1444094,56.35
2017-06-09,42.79,43.01,42.7,42.91,1277052,56.29
2017-06-12,43.03,43.15,42.65,43.12,1760566,56.13
2017-06-13,43.03,43.28,42.88,43.25,1181952,56.29
2017-06-14,43.54,43.72,43.19,43.34,847106,56.41
2017-06-15,43.34,43.51,43.2,43.39,2358216,56.48
2017-06-16,43.42,43.85,43.42,43.85,2423568,57.08
2017-06-19,43.9,43.9,43.49,43.63,913198,56.79
2017-06-20,43.67,43.87,43.55,43.86,1322955,57.09
2017-06-21,43.85,43.91,43.14,43.38,1205502,56.47
2017-06-22,43.34,43.42,43.21,43.23,922626,56.27
2017-06-23,43.23,43.37,42.9,42.98,1384723,55.94
2017-06-26,42.82,43.52,42.78,43.35,1483576,56.43
2017-06-27,43.21,43.4,42.79,42.94,2369164,55.89
2017-06-28,43.11,43.26,42.46,42.51,1193891,55.33
2017-06-29,42.19,42.26,41.86,42.02,1708099,54.7
2017-06-30,42.06,42.22,41.78,42,2328565,54.67
2017-07-03,42.14,42.19,41.59,41.59,907444,54.13
2017-07-05,41.58,41.64,41.14,41.38,1770526,53.86
2017-07-06,41.26,41.35,41.13,41.3,1256878,53.75
2017-07-07,41.31,41.78,41.28,41.59,1288016,54.14
2017-07-10,41.63,41.8,41.41,41.45,1842287,53.95
2017-07-11,41.49,41.52,41.17,41.34,966353,53.81
2017-07-12,41.65,41.89,41.6,41.79,1244979,54.4
2017-07-13,41.77,41.77,41.33,41.56,1637814,54.09
2017-07-14,41.86,41.97,41.66,41.82,816089,54.43
2017-07-17,41.85,42.26,41.63,42.17,3448674,54.89
2017-07-18,42.35,42.67,42.11,42.53,2615579,55.36
2017-07-19,42.59,42.78,42.42,42.76,1253266,55.66
2017-07-20,42.93,43.25,42.75,43.13,1385888,56.14
2017-07-21,43.09,43.47,43.06,43.43,1332529,56.53
2017-07-24,43.42,43.54,42.87,42.96,1369182,55.92
2017-07-25,43,43.01,42.71,42.87,1040705,55.8
2017-07-26,42.85,43.33,42.76,43.28,785685,56.34
2017-07-27,43.12,43.32,42.91,43.23,1196864,56.27
2017-07-28,43.29,43.29,43,43.15,814864,56.16
2017-07-31,43.15,43.31,43.04,43.1,1386893,56.1
2017-08-01,43.18,43.54,43.15,43.43,1388941,56.53
2017-08-02,43.3,43.65,43.18,43.58,967944,56.73
2017-08-03,43.45,43.79,43.33,43.79,1758082,57
2017-08-04,43.8,44.29,43.22,44.18,1424951,57.5
2017-08-07,44.23,44.68,44.21,44.51,2713949,57.94
2017-08-08,44.45,45.14,44.43,44.89,1720103,58.43
2017-08-09,45,45.04,44.45,44.62,1970008,58.08
2017-08-10,44.64,45.03,44.44,44.98,1501559,58.54
2017-08-11,44.91,44.94,44.39,44.52,1224985,57.95
2017-08-14,44.61,44.96,44.49,44.91,1006111,58.45
2017-08-15,44.74,45.2,44.74,45.2,1304175,58.83
2017-08-16,45.19,45.46,45.08,45.44,1221182,59.14
2017-08-17,45.42,45.58,45.21,45.26,1481334,58.91
2017-08-18,45.18,45.9,44.99,45.49,2142259,59.21
2017-08-21,45.57,45.61,45.37,45.53,1554033,59.26
2017-08-22,45.5,46.09,45.43,46.03,1942395,59.91
2017-08-23,46,46.3,45.92,46.29,1133102,60.25
2017-08-24,46.25,46.41,46.13,46.3,805533,60.26
2017-08-25,46.47,46.54,46.3,46.38,1159048,60.37
2017-08-28,46.48,46.6,46.32,46.53,681722,60.57
2017-08-29,46.6,46.7,46.4,46.42,890703,60.42
2017-08-30,46.36,46.5,46.2,46.33,767319,60.3
2017-08-31,46.32,46.52,46,46.09,2352907,59.99
2017-09-01,46.23,46.38,45.75,45.94,1301145,59.8
2017-09-05,45.97,46.1,45.81,45.99,1285626,59.86
2017-09-06,46.07,46.1,45.64,45.69,1680769,59.47
2017-09-07,45.72,46.03,45.57,46,1463618,59.88
2017-09-08,46.05,46.31,45.74,46.17,987463,60.09
2017-09-11,46.3,46.8,46.1,46.8,1357334,60.91
2017-09-12,46.65,46.67,45.84,46.01,1912766,59.45
2017-09-13,45.84,45.89,45.38,45.57,3360579,58.89
2017-09-14,45.51,46.09,45.34,46.09,1920210,59.56
2017-09-15,46.32,46.48,45.96,46.29,2992849,59.81
2017-09-18,46.32,46.32,45.5,45.85,1164862,59.25
2017-09-19,45.93,45.94,45.65,45.85,1765633,59.25
2017-09-20,45.91,46.07,45.25,45.46,1535158,58.74
2017-09-21,45.52,45.8,45.37,45.51,854109,58.81
2017-09-22,45.69,45.69,45.15,45.28,1236417,58.51
2017-09-25,45.33,46.26,45.31,45.95,2514206,59.38
2017-09-26,45.85,45.96,45.57,45.77,1483902,59.14
2017-09-27,45.4,45.6,44.73,44.82,2278972,57.92
2017-09-28,44.67,45.41,44.54,45.16,1988903,58.36
2017-09-29,45.01,45.24,44.71,44.76,2152608,57.84
2017-10-02,44.99,45.36,44.83,45.19,1504768,58.39
2017-10-03,45.16,45.16,44.63,44.83,1215015,57.93
2017-10-04,44.87,45.36,44.78,45.31,1294375,58.55
2017-10-05,45.3,45.56,45.13,45.53,1638011,58.84
2017-10-06,45.31,45.58,45.17,45.49,1370893,58.78
2017-10-09,45.57,45.77,45.5,45.77,990055,59.15
2017-10-10,45.87,46.35,45.69,46.32,1834173,59.86
2017-10-11,46.32,46.62,46.08,46.26,1612387,59.78
2017-10-12,46.27,46.73,46.17,46.7,1492634,60.34
2017-10-13,46.81,47,46.46,46.75,1282682,60.41
2017-10-16,46.66,47.24,46.53,46.93,1673019,60.64
2017-10-17,46.76,47.24,46.76,47.17,1255773,60.95
2017-10-18,47.06,47.29,46.96,47.21,977132,61.01
2017-10-19,47.22,47.65,47.22,47.64,878890,61.56
2017-10-20,47.59,47.78,47.38,47.64,1048135,61.56
2017-10-23,47.69,47.79,47.51,47.76,1069995,61.72
2017-10-24,47.68,47.84,47.52,47.77,920043,61.73
2017-10-25,47.59,47.76,46.83,47.28,1892457,61.1
2017-10-26,47.59,47.95,47.38,47.5,1494690,61.38
2017-10-27,47.5,47.83,47.34,47.83,1138517,61.8
2017-10-30,47.83,47.98,47.65,47.85,772446,61.83
2017-10-31,47.76,48.09,47.69,47.97,1333279,61.99
2017-11-01,47.96,48.01,47.58,47.83,1382758,61.8
2017-11-02,47.89,48.36,47.79,48.23,2730756,62.32
2017-11-03,47.65,48.62,47.59,48.13,2152214,62.19
2017-11-06,48.3,48.51,47.94,48.07,1632348,62.12
2017-11-07,48.24,48.76,47.99,48.65,1629605,62.87
2017-11-08,48.58,48.87,48.2,48.49,1877793,62.66
2017-11-09,48.29,48.67,48.13,48.61,1071289,62.82
2017-11-10,48.34,48.58,48.11,48.35,1427234,62.48
2017-11-13,48.47,49.08,48.4,49.06,931991,63.39
2017-11-14,48.96,50.07,48.85,49.95,1170238,64.54
2017-11-15,50.05,50.22,49.47,49.57,1100168,64.05
2017-11-16,49.53,49.69,49.16,49.25,1232973,63.64
2017-11-17,49.09,49.37,48.93,48.99,1387024,63.3
2017-11-20,49.09,49.15,48.78,48.88,1115555,63.16
2017-11-21,49.05,49.26,48.86,48.88,1259752,63.16
2017-11-22,48.91,48.99,48.46,48.69,1057209,62.92
2017-11-24,48.92,48.97,48.67,48.74,434266,62.98
2017-11-27,48.85,49.22,48.73,49.06,1350975,63.39
2017-11-28,49.16,49.47,49.16,49.41,726486,63.85
2017-11-29,49.31,49.71,49.12,49.28,1007076,63.68
2017-11-30,49.3,49.67,49.3,49.5,4542867,63.96
2017-12-01,49.67,49.81,49.04,49.33,1306156,63.75
2017-12-04,49.45,49.54,48.74,48.82,1843927,63.09
2017-12-05,48.87,49.01,48.03,48.35,2129416,62.48
2017-12-06,48.47,48.62,48.28,48.53,1464459,62.71
2017-12-07,48.55,48.55,48.23,48.5,888216,62.67
2017-12-08,48.37,48.92,48.25,48.9,1348798,63.19
2017-12-11,48.68,49.3,48.68,49.26,893652,63.66
2017-12-12,49.18,49.22,47.78,47.83,1838379,61.36
2017-12-13,47.39,48.16,47.02,47.74,2199791,61.25
2017-12-14,47.68,47.76,47.24,47.42,1676342,60.83
2017-12-15,47.55,47.89,47.42,47.5,3338985,60.94
2017-12-18,47.5,47.72,46.89,47.09,1854956,60.41
2017-12-19,47.17,47.3,46.35,46.37,1653426,59.49
2017-12-20,46.37,46.53,45.71,45.75,2099318,58.69
2017-12-21,45.64,45.87,45.44,45.5,1803843,58.37
2017-12-22,45.68,45.86,45.61,45.75,1155536,58.69
2017-12-26,45.77,45.97,45.43,45.44,644284,58.3
2017-12-27,45.75,45.79,45.48,45.76,1154946,58.7
2017-12-28,45.84,46.11,45.66,46.11,1252544,59.15
2017-12-29,46.18,46.33,45.97,45.98,1406797,58.99
2018-01-02,45.97,46.01,45.33,45.51,1521858,58.39
2018-01-03,45.43,45.71,45.07,45.28,1464372,58.09
2018-01-04,45.18,45.6,44.68,44.77,1924633,57.43
2018-01-05,44.91,45.06,44.61,44.73,1468977,57.39
2018-01-08,44.91,45.28,44.65,45.26,1088381,58.07
2018-01-09,45.13,45.2,44.61,44.68,1245824,57.32
2018-01-10,44.41,44.49,43.95,44.02,1107271,56.48
2018-01-11,44.2,44.23,43.56,43.77,1587608,56.15
2018-01-12,43.62,43.8,43.2,43.28,1637547,55.52
2018-01-16,43.39,43.59,42.74,43.23,1820724,55.46
2018-01-17,43.37,43.6,43.1,43.49,1747837,55.79
2018-01-18,43.46,43.49,42.81,43.17,1933208,55.39
2018-01-19,43.35,43.48,42.95,43,1604366,55.16
2018-01-22,43.24,43.53,43.07,43.1,1172041,55.3
2018-01-23,43.11,43.95,43.09,43.71,1465197,56.07
2018-01-24,43.65,43.78,43.39,43.45,2872024,55.74
2018-01-25,43.45,44.31,43.4,44.23,2018568,56.74
2018-01-26,44.33,44.5,43.85,44.37,1702552,56.92
2018-01-29,44.11,44.14,43.54,43.56,1477577,55.88
2018-01-30,43.58,43.91,43.44,43.72,1441306,56.09
2018-01-31,43.74,44.23,43.48,44.14,2353723,56.63
2018-02-01,44.13,44.13,42.84,43.03,3389121,55.21
2018-02-02,42.8,43.19,42.69,42.79,1611643,54.89
2018-02-05,42.76,43.29,42.1,42.21,2232599,54.15
2018-02-06,41.72,41.83,40.45,41.31,2651568,53
2018-02-07,41.31,41.95,41.16,41.46,2873036,53.19
2018-02-08,41.33,42.33,40.98,40.99,4174068,52.59
2018-02-09,41.37,43.43,41.35,43.2,4829727,55.42
2018-02-12,43.2,43.21,42.47,42.93,1951116,55.07
2018-02-13,42.75,43.22,42.34,43.07,1329786,55.25
2018-02-14,42.79,43.08,42.37,42.62,1631022,54.68
2018-02-15,42.77,43.86,42.69,43.85,2782556,56.26
2018-02-16,43.96,44.31,43.39,43.9,2997832,56.32
2018-02-20,43.67,43.86,42.72,42.93,2689143,55.08
2018-02-21,42.89,43.22,42.39,42.4,1911567,54.4
2018-02-22,42.53,43.12,42.27,42.55,1774900,54.59
2018-02-23,42.64,43.95,42.58,43.92,2203854,56.35
2018-02-26,43.95,44.01,43.17,43.46,1588579,55.75
2018-02-27,43.6,43.88,42.72,42.79,1972087,54.89
2018-02-28,42.96,43.06,42.31,42.33,2159931,54.3
2018-03-01,42.31,42.75,41.84,42.06,2010455,53.96
2018-03-02,42.13,42.57,41.68,42.11,1636037,54.03
2018-03-05,42.04,43.12,41.84,42.96,2116356,55.12
2018-03-06,42.89,42.89,41.99,42.04,1939445,53.94
2018-03-07,41.91,42.09,41.37,41.76,1938644,53.58
2018-03-08,41.97,42.15,41.76,41.98,1242763,53.86
2018-03-09,41.95,42.14,41.65,42.08,2788740,53.99
2018-03-12,42.21,42.56,42.17,42.41,1733439,54.41
2018-03-13,42.56,42.96,42.35,42.52,1751707,54.09
2018-03-14,42.62,43.13,42.6,42.94,2472704,54.63
2018-03-15,42.97,43.57,42.87,43.05,1727940,54.77
2018-03-16,43.14,43.74,43.13,43.62,3570811,55.49
2018-03-19,43.61,43.86,43.18,43.39,1339882,55.2
2018-03-20,43.45,43.66,43.23,43.34,1143224,55.13
2018-03-21,43.45,43.93,43.05,43.16,1241253,54.9
2018-03-22,43.14,43.99,43.01,43.17,1446922,54.92
2018-03-23,43.3,43.64,42.38,42.46,1391983,54.01
2018-03-26,42.68,43.2,42.53,43.12,1475187,54.85
2018-03-27,43.29,44.55,43.05,43.93,1941870,55.88
2018-03-28,44.08,44.42,43.86,43.97,1462343,55.94
2018-03-29,44,44.64,44,44.52,2236680,56.63
2018-04-02,44.87,45.33,44.19,44.56,2432348,56.69
2018-04-03,44.5,45.17,44.25,44.92,2300896,57.14
2018-04-04,44.79,44.87,44.14,44.66,2455164,56.81
2018-04-05,44.72,45.32,44.41,45.15,3358500,57.44
2018-04-06,45.22,45.53,44.7,44.91,3116509,57.13
2018-04-09,44.9,45.24,44.57,44.78,1563266,56.96
2018-04-10,44.81,44.9,44.16,44.18,1487667,56.2
2018-04-11,44.14,44.35,43.81,44.03,1361310,56.01
2018-04-12,44.06,44.16,43.24,43.49,1231044,55.33
2018-04-13,43.69,43.89,43.44,43.64,1708063,55.51
2018-04-16,43.78,44.41,43.76,44.3,1984078,56.36
2018-04-17,44.35,44.92,44.21,44.72,1369587,56.89
2018-04-18,44.85,45.19,44.44,44.46,1384304,56.56
2018-04-19,44.34,44.74,44.27,44.69,970922,56.85
2018-04-20,44.59,44.59,44.04,44.23,1128788,56.27
2018-04-23,44.34,44.93,44.26,44.52,1598245,56.63
2018-04-24,44.45,45.25,44.41,44.96,1810798,57.2
2018-04-25,44.88,45.4,44.65,44.97,1326551,57.21
2018-04-26,44.99,45.56,44.77,45.49,1024627,57.87
2018-04-27,45.39,46.15,45.38,46.06,1353746,58.6
2018-04-30,46.2,46.34,45.94,46.08,1791314,58.62
2018-05-01,46.11,46.25,45.81,45.85,1279236,58.33
2018-05-02,45.85,46.13,45.61,45.89,1011751,58.38
2018-05-03,45.81,46.32,45.32,46.17,1002047,58.74
2018-05-04,46.23,46.52,46.13,46.3,908981,58.9
2018-05-07,46.28,46.36,45.94,46.02,1353237,58.54
2018-05-08,45.79,45.84,44.61,44.74,1934468,56.91
2018-05-09,45.4,45.41,44.08,44.19,2103386,56.22
2018-05-10,44.53,44.59,44.08,44.29,1708603,56.34
2018-05-11,44.36,44.83,44.27,44.7,2157685,56.87
2018-05-14,44.79,44.85,44.08,44.48,1578563,56.59
2018-05-15,44.27,44.55,44.08,44.35,2064525,56.42
2018-05-16,44.34,44.48,43.88,43.97,1726506,55.94
2018-05-17,44.03,44.22,43.8,43.89,1750306,55.84
2018-05-18,43.98,44.42,43.86,44.22,1835856,56.26
2018-05-21,44.23,44.4,43.86,44.29,1106530,56.34
2018-05-22,45.17,45.17,44.03,44.57,1322288,56.7
2018-05-23,44.86,45.54,44.82,45.51,2873386,57.89
2018-05-24,45.82,46.56,45.68,46.21,2157315,58.78
2018-05-25,46.23,46.36,45.95,46.28,1488201,58.87
2018-05-29,46.33,46.62,46.04,46.25,2242641,58.83
2018-05-30,46.03,46.78,46.03,46.69,1521657,59.39
2018-05-31,46.56,47,46.33,46.53,1922162,59.19
2018-06-01,46.43,46.46,45.64,45.68,2473625,58.11
2018-06-04,45.91,46.06,45.4,45.58,1548897,57.98
2018-06-05,45.6,45.73,45.01,45.13,1869715,57.41
2018-06-06,45.37,45.43,44.39,44.47,2306192,56.57
2018-06-07,44.49,45.09,44.17,44.73,1991409,56.9
2018-06-08,44.91,45.06,44.43,44.56,1551749,56.69
2018-06-11,44.7,44.82,43.77,43.82,2198846,55.75
2018-06-12,43.89,44.5,43.76,44.43,2750104,56.06
2018-06-13,44.5,44.65,44.1,44.19,2094750,55.76
2018-06-14,44.24,44.76,44.23,44.68,1891125,56.37
2018-06-15,44.61,45.19,44.4,45.15,4031716,56.97
2018-06-18,45.16,45.79,45.15,45.68,2535676,57.64
2018-06-19,45.73,46.29,45.71,46.19,1753393,58.28
2018-06-20,46.18,46.28,45.91,46.22,1549111,58.31
2018-06-21,46.22,46.49,46.11,46.37,826265,58.51
2018-06-22,46.34,46.62,46.18,46.51,2218661,58.68
2018-06-25,46.63,47.37,46.56,47.28,1744942,59.65
2018-06-26,47.15,47.64,47.15,47.51,1682230,59.94
2018-06-27,47.42,48.05,47.32,47.94,1465099,60.49
2018-06-28,48.13,48.43,47.88,48.22,2775509,60.84
2018-06-29,47.99,48.55,47.74,48.23,3063002,60.85
2018-07-02,48.27,48.57,47.94,48.52,1293212,61.22
2018-07-03,48.49,48.91,48.31,48.53,767451,61.23
2018-07-05,48.63,48.78,48.41,48.78,1271430,61.55
2018-07-06,48.79,49.26,48.78,49.16,1430153,62.03
2018-07-09,49.16,49.16,47.36,47.53,1969752,59.97
2018-07-10,47.08,48.2,46.88,47.95,2259066,60.5
2018-07-11,48,48.73,47.86,48.65,1575663,61.38
2018-07-12,48.68,48.74,48.18,48.64,1587590,61.37
2018-07-13,48.43,48.71,48.33,48.66,1119396,61.39
2018-07-16,48.68,48.81,48.42,48.62,974037,61.34
2018-07-17,48.79,48.81,48.38,48.56,893243,61.27
2018-07-18,48.54,48.56,48.13,48.4,1183855,61.07
2018-07-19,48.65,49.12,48.48,48.91,742149,61.71
2018-07-20,48.61,48.91,48.16,48.62,1034249,61.34
2018-07-23,48.67,48.7,48.01,48.29,830403,60.93
2018-07-24,48.05,48.4,47.51,48.35,1411842,61
2018-07-25,48.28,48.76,48.1,48.63,1562942,61.36
2018-07-26,48.99,49.38,48.95,49.26,1445960,62.15
2018-07-27,49.26,49.47,48.94,49.09,1377620,61.94
2018-07-30,49.03,49.03,48.56,48.68,901483,61.42
2018-07-31,48.9,49.23,48.66,49.19,2289858,62.06
2018-08-01,48.79,49.05,48.17,48.63,1662152,61.36
2018-08-02,48.63,49.1,48.27,48.96,1796527,61.77
2018-08-03,49.14,49.74,48.4,49.5,1621258,62.45
2018-08-06,49.68,49.82,49.37,49.59,1360111,62.57
2018-08-07,49.48,49.73,49.11,49.61,1236358,62.59
2018-08-08,49.48,49.82,49.4,49.62,986366,62.6
2018-08-09,49.66,49.85,49.43,49.8,1024609,62.83
2018-08-10,49.93,50.26,49.7,49.76,1010036,62.78
2018-08-13,49.81,49.99,49.62,49.93,1215120,62.99
2018-08-14,49.85,50.27,49.74,50.01,1106135,63.1
2018-08-15,50.16,50.78,49.92,50.42,1171764,63.61
2018-08-16,50.37,51.1,50.17,51.08,2370542,64.45
2018-08-17,51,51.49,50.88,51.33,2076259,64.76
2018-08-20,51.5,51.59,51.02,51.18,1266334,64.57
2018-08-21,51.1,51.1,50.65,50.89,1266302,64.21
2018-08-22,50.89,50.97,50.15,50.38,1033241,63.56
2018-08-23,50.44,50.78,50.27,50.45,1257629,63.65
2018-08-24,50.44,50.74,50.15,50.72,988131,63.99
2018-08-27,50.78,50.89,49.96,50.23,793786,63.37
2018-08-28,50.12,50.19,49.78,50.11,1675536,63.22
2018-08-29,50.15,50.32,49.98,50.3,1444857,63.46
2018-08-30,50.39,50.62,50.22,50.37,1657555,63.55
2018-08-31,50.45,50.69,49.95,50.12,1293081,63.23
2018-09-04,50.29,50.67,50.25,50.53,1198630,63.75
2018-09-05,50.6,51.52,50.57,51.48,1486231,64.95
2018-09-06,51.58,52.21,51.31,52.01,2476436,65.62
2018-09-07,51.61,52.05,51.46,51.79,2472062,65.34
2018-09-10,52.06,52.4,51.87,52.23,1937216,65.9
2018-09-11,52.37,52.66,52.06,52.16,2850155,65.35
2018-09-12,52.29,52.54,52.01,52.17,2728742,65.37
2018-09-13,52.16,52.46,51.9,52.44,1932081,65.71
2018-09-14,52.13,52.24,51.54,52.21,2048297,65.41
2018-09-17,52.29,52.31,51.83,52.07,1665547,65.24
2018-09-18,51.98,52.16,51.45,51.93,2120524,65.06
2018-09-19,51.89,51.89,50.46,51.01,6234054,63.91
2018-09-20,50.87,51.25,50.39,51.18,1921311,64.13
2018-09-21,50.96,51.55,50.75,51.42,3225805,64.42
2018-09-24,51.3,51.48,50.86,50.89,1556043,63.76
2018-09-25,50.82,50.85,50.08,50.3,2152153,63.02
2018-09-26,50.17,50.38,49.53,49.6,2403222,62.14
2018-09-27,49.76,50.2,49.6,49.94,1446456,62.57
2018-09-28,49.87,50.47,49.87,50.46,1980461,63.22
2018-10-01,50.34,50.62,50.04,50.51,1665116,63.29
2018-10-02,50.67,51.46,50.66,51.36,1533003,64.35
2018-10-03,51.31,51.61,50.35,50.83,1573770,63.69
2018-10-04,50.6,51.14,50.18,51,1472221,63.9
2018-10-05,51.03,52.11,51.03,51.96,1669263,65.1
2018-10-08,52.08,52.96,51.93,52.4,1737648,65.65
2018-10-09,52.48,53.19,52.35,52.94,1802783,66.33
2018-10-10,52.91,53.52,52.6,52.63,1622846,65.94
2018-10-11,52.63,53,50.98,51.11,2471729,64.04
2018-10-12,51.14,51.14,50.35,50.92,2703100,63.8
2018-10-15,50.94,51.34,50.74,50.94,2137042,63.82
2018-10-16,50.9,51.94,50.7,51.7,1166710,64.78
2018-10-17,51.76,52.03,51.42,51.69,1308529,64.76
2018-10-18,51.77,52.05,51.57,51.83,1117348,64.94
2018-10-19,51.83,52.95,51.83,52.72,1420936,66.05
2018-10-22,52.56,52.76,52.12,52.4,1646138,65.65
2018-10-23,52.69,53,52.18,52.27,2073347,65.49
2018-10-24,52.48,53.66,52.2,53.31,1676728,66.79
2018-10-25,53.04,53.04,52.11,52.43,2077309,65.69
2018-10-26,52.65,52.88,50.95,51.4,2651831,64.4
2018-10-29,51.55,52.21,51.46,52.04,1145526,65.2
2018-10-30,52.31,52.52,51.53,51.88,1677275,65
2018-10-31,51.36,52.38,50.71,51.54,2717429,64.58
2018-11-01,51.83,51.83,50.82,51.36,1826559,64.35
2018-11-02,51.58,51.72,50.54,50.77,1634789,63.61
2018-11-05,51.06,51.79,50.94,51.6,1363150,64.65
2018-11-06,51.6,51.97,51.49,51.93,1260431,65.07
2018-11-07,52.19,52.76,51.77,52.71,1605929,66.04
2018-11-08,52.66,52.94,52.13,52.92,1625010,66.3
2018-11-09,52.94,53.87,52.85,53.73,1657564,67.32
2018-11-12,53.68,55.03,53.6,54.58,2007757,68.39
2018-11-13,54.63,55.08,54.23,54.94,1313819,68.83
2018-11-14,54.66,55.23,54.45,54.86,1556762,68.74
2018-11-15,54.54,55.45,53.85,55.38,2031440,69.39
2018-11-16,55.87,56.16,55.21,55.31,1860669,69.3
2018-11-19,55.35,55.69,55.25,55.66,2763515,69.74
2018-11-20,55.86,56.41,54.98,55.07,1701027,69
2018-11-21,54.84,55.03,53.75,53.89,1612668,67.52
2018-11-23,53.99,54.22,53.63,54.07,768347,67.75
2018-11-26,54.17,54.35,53.52,54.13,1301113,67.82
2018-11-27,54.1,54.85,53.68,54.82,1456336,68.68
2018-11-28,54.85,55.06,54.3,54.36,1052277,68.11
2018-11-29,53.94,54.22,53.72,54.13,1376153,67.82
2018-11-30,54.29,54.82,53.95,54.77,2833422,68.62
2018-12-03,54.53,55.71,54.2,55.71,1719975,69.8
2018-12-04,55.87,56.63,55.69,55.9,1485225,70.04
2018-12-06,56.1,56.21,54.82,56,2568417,70.16
2018-12-07,55.98,56.4,55.47,56.2,1282126,70.42
2018-12-10,56.31,56.62,55.31,56.44,1006776,70.71
2018-12-11,56.58,56.7,56.16,56.48,1146904,70.29
2018-12-12,56.54,56.76,55.93,56.12,1259209,69.84
2018-12-13,56.13,56.83,56.13,56.6,1269335,70.44
2018-12-14,56.74,56.94,55.86,56.09,1669245,69.81
2018-12-17,56.29,56.32,53.91,54.09,2328366,67.31
2018-12-18,54.26,54.84,53.9,54.14,2239265,67.38
2018-12-19,54.38,54.83,53.78,54,1490072,67.21
2018-12-20,54.05,54.87,53.12,53.86,2468204,67.03
2018-12-21,54.02,55.08,53.5,53.79,5003813,66.94
2018-12-24,53.89,54.19,50.65,50.81,737309,63.24
2018-12-26,50.9,51.75,50.23,51.71,1132805,64.35
2018-12-27,51.71,52.48,50.89,52.47,1662243,65.3
2018-12-28,52.57,53,51.97,52.18,953262,64.94
2018-12-31,52.28,52.45,51.67,52.41,1135512,65.23
2019-01-02,52.29,52.33,50.73,51.05,1495859,63.53
2019-01-03,51.02,51.59,50.89,51.18,1496100,63.69
2019-01-04,50.98,52.06,50.85,51.9,1957685,64.59
2019-01-07,51.59,51.99,51.17,51.31,2639463,63.85
2019-01-08,51.44,52.18,51.18,52.12,1526585,64.86
2019-01-09,51.94,52.25,51.51,51.73,1640883,64.38
2019-01-10,51.85,52.92,51.64,52.88,1247407,65.81
2019-01-11,52.8,52.94,52.3,52.67,1019311,65.55
2019-01-14,52.12,52.35,51.56,52.2,1778711,64.96
2019-01-15,52.04,53.56,51.96,53.06,1965636,66.04
2019-01-16,52.81,53.61,52.61,53.57,1537661,66.67
2019-01-17,53.62,53.95,53.47,53.88,1363407,67.06
2019-01-18,53.86,54.14,53.7,54.03,1256191,67.24
2019-01-22,54.1,54.56,53.63,54.3,1650516,67.58
2019-01-23,54.36,54.74,54.22,54.72,1318390,68.1
2019-01-24,54.79,55.3,54.23,55.24,1208646,68.75
2019-01-25,54.99,55.47,54.47,54.59,1338640,67.94
2019-01-28,54.66,54.88,54.06,54.37,1023747,67.66
2019-01-29,54.54,54.84,54.06,54.21,1707821,67.47
2019-01-30,54.14,54.88,53.81,54.59,1241434,67.94
2019-01-31,54.47,55.94,54.25,55.72,2844126,69.34
2019-02-01,55.72,55.72,54.81,55.32,1291506,68.85
2019-02-04,55.05,55.44,54.56,55.44,1893137,68.99
2019-02-05,55.27,55.43,54.94,55.31,1460130,68.84
2019-02-06,55.27,55.49,55.03,55.35,1044890,68.89
2019-02-07,55.33,56.03,55.22,56.02,1426880,69.72
2019-02-08,55.93,56.63,55.83,56.62,986700,70.47
2019-02-11,56.64,57.02,56.52,56.86,1589932,70.76
2019-02-12,56.78,57.11,56.27,56.4,2355465,70.19
2019-02-13,56.09,56.36,56.09,56.29,1823394,70.06
2019-02-14,55.12,56.17,54.85,55.47,2290231,69.03
2019-02-15,55.85,56.22,55.68,55.99,2261849,69.68
2019-02-19,56.02,56.56,55.93,56.32,1413462,70.09
2019-02-20,56.25,56.64,55.87,56.57,1433533,70.4
2019-02-21,56.35,57.3,56.09,57.21,1522377,71.2
2019-02-22,57.36,58,57.18,58,2094284,72.18
2019-02-25,58.12,58.14,56.71,56.95,2067835,70.88
2019-02-26,57.03,57.06,56.25,56.42,1864733,70.22
2019-02-27,56.25,56.85,56.09,56.58,1266355,70.42
2019-02-28,56.61,57.36,56.43,57.24,1858079,71.24
2019-03-01,57.52,57.54,56.58,56.99,1195074,70.93
2019-03-04,57.32,57.34,56.58,57.29,1516494,71.3
2019-03-05,57.28,57.49,56.91,57.11,1500806,71.07
2019-03-06,57.24,57.4,56.89,57.11,1420722,71.07
2019-03-07,57.28,57.77,57.05,57.23,1753617,71.22
2019-03-08,57.23,57.67,57.07,57.61,1149849,71.7
2019-03-11,57.73,58.34,57.7,58.31,1410439,72.57
2019-03-12,58.54,58.68,58.15,58.53,1989600,72.37
2019-03-13,58.57,59.04,58.45,59,1573359,72.94
2019-03-14,58.95,59.25,58.62,58.73,1696373,72.61
2019-03-15,58.61,59.3,58.51,59.08,2654324,73.04
2019-03-18,59.1,59.13,58.43,58.65,1908597,72.51
2019-03-19,58.59,58.64,57.89,58.23,2028217,72
2019-03-20,58.42,59.01,58.2,58.42,1520748,72.23
2019-03-21,58.36,59.39,58.25,59.25,1126642,73.26
2019-03-22,59.43,60.22,59.38,59.65,1599603,73.75
2019-03-25,59.8,60.22,59.5,60.1,1553403,74.3
2019-03-26,60.14,60.59,59.93,60.46,1149536,74.75
2019-03-27,60.4,60.57,59.83,60.17,1631265,74.39
2019-03-28,60.31,60.43,59.19,59.42,1083318,73.46
2019-03-29,59.36,59.55,59.05,59.49,1679676,73.55
2019-04-01,59.67,59.67,58.33,58.87,1435237,72.79
2019-04-02,58.87,58.92,58.4,58.69,1466976,72.56
2019-04-03,58.87,58.87,58.11,58.43,1608711,72.24
2019-04-04,58.71,58.74,57.74,57.88,2060179,71.56
2019-04-05,58.02,58.57,57.6,58.55,2684452,72.39
2019-04-08,58.53,58.54,57.86,57.97,1267025,71.67
2019-04-09,58.04,58.27,57.85,58.25,896069,72.02
2019-04-10,58.28,58.7,57.75,57.83,1490342,71.5
2019-04-11,57.83,58.13,57.6,58.11,968875,71.84
2019-04-12,57.98,58.25,57.47,58.22,1453866,71.98
2019-04-15,58.39,58.55,58.06,58.26,903848,72.03
2019-04-16,58.19,58.43,57.21,57.3,1075839,70.85
2019-04-17,57.24,57.49,57.03,57.11,1218076,70.61
2019-04-18,57.17,59.12,56.96,57.01,1532946,70.48
2019-04-22,56.91,57.29,56.84,57.04,1381783,70.52
2019-04-23,57.43,57.61,57.02,57.55,1908650,71.15
2019-04-24,57.55,58.44,57.46,58.23,2172637,71.99
2019-04-25,57.99,58.73,57.91,58.45,1307617,72.26
2019-04-26,58.61,59.24,58.36,58.38,1332403,72.18
2019-04-29,58.21,58.32,57.61,57.72,1007628,71.36
2019-04-30,57.73,58.91,57.66,58.86,1853531,72.77
2019-05-01,58.68,58.87,58.2,58.43,1107401,72.24
2019-05-02,58.55,58.91,58.09,58.51,1285634,72.34
2019-05-03,58.61,59.11,58.61,59,758039,72.95
2019-05-06,58.97,59.24,58.72,58.84,976671,72.75
2019-05-07,58.88,59.16,58.57,58.8,1252257,72.7
2019-05-08,58.75,58.79,57.62,57.72,1546948,71.36
2019-05-09,57.74,58.47,57.63,58.15,1732685,71.9
2019-05-10,57.94,59.28,57.86,59.28,1260613,73.29
2019-05-13,59.29,60.43,59.24,60.34,1729382,74.6
2019-05-14,60.34,60.34,59.63,59.73,1378147,73.85
2019-05-15,59.9,59.99,59.49,59.63,1192445,73.72
2019-05-16,59.55,60.29,59.45,60.05,993321,74.24
2019-05-17,59.86,60.66,59.86,60.43,1237453,74.71
2019-05-20,60.68,60.86,60.17,60.41,1216880,74.69
2019-05-21,60.41,60.63,59.96,60.09,1718406,74.29
2019-05-22,60.18,60.59,59.94,60.56,1029577,74.87
2019-05-23,60.7,61.24,60.59,61.24,1460399,75.71
2019-05-24,61.37,61.58,60.93,60.97,895631,75.38
2019-05-28,61.13,61.13,60.1,60.11,1966272,74.32
2019-05-29,60.32,60.43,59.03,59.2,1112872,73.19
2019-05-30,59.17,59.57,58.82,58.98,1195702,72.92
2019-05-31,59.39,59.63,58.87,59.32,2346637,73.34
2019-06-03,59.25,60.36,59.25,60.24,1812125,74.48
2019-06-04,60.24,60.27,59,60.22,1494750,74.45
2019-06-05,60.41,61.71,60.24,61.58,1530578,76.14
2019-06-06,61.79,62,61.47,61.9,1307659,76.53
2019-06-07,62.36,62.72,61.37,61.37,1535947,75.88
2019-06-10,61.17,61.57,60.84,61.41,1180875,75.92
2019-06-11,61.38,61.52,60.56,60.99,1280435,74.93
2019-06-12,61.22,62.07,61.22,62.05,1065761,76.24
2019-06-13,62.09,62.38,61.65,62.03,1139380,76.21
2019-06-14,62.22,62.7,62.09,62.44,1344425,76.71
2019-06-17,62.49,62.83,61.7,62.02,1075670,76.2
2019-06-18,62.46,62.51,61.43,62.21,1534431,76.43
2019-06-19,62.04,62.86,61.88,62.59,1708790,76.9
2019-06-20,62.61,63.25,62.32,62.96,1042456,77.36
2019-06-21,63.01,63.14,62.23,63.04,2099309,77.45
2019-06-24,63.12,63.3,62.52,62.59,1565844,76.9
2019-06-25,62.71,62.71,62.22,62.33,1129628,76.58
2019-06-26,62.18,62.38,60.77,60.82,1306362,74.73
2019-06-27,60.9,61.26,60.52,60.76,1038989,74.65
2019-06-28,60.69,61.55,60.6,61.13,2879666,75.11
2019-07-01,61.14,61.31,60.42,61.21,1246764,75.21
2019-07-02,61.49,61.87,61.27,61.78,1329028,75.9
2019-07-03,62,62.74,61.9,62.28,664340,76.52
2019-07-05,61.41,62.35,61.08,62.22,893236,76.45
2019-07-08,62.31,62.5,61.81,62.24,928331,76.47
2019-07-09,62.14,62.42,61.83,62.35,1039285,76.61
2019-07-10,62.43,62.77,62.11,62.39,921040,76.65
2019-07-11,62.32,62.74,61.85,62.41,988534,76.68
2019-07-12,62.43,62.44,61.67,61.99,783140,76.16
2019-07-15,61.94,62.3,61.69,62.09,754770,76.29
2019-07-16,61.91,62.21,61.51,62.04,1444484,76.23
2019-07-17,62.31,62.9,62.26,62.46,1007186,76.74
2019-07-18,62.51,62.83,61.96,62.8,1008230,77.16
2019-07-19,62.69,62.84,61.82,61.84,975210,75.98
2019-07-22,61.96,62.46,61.39,62.09,1296463,76.28
2019-07-23,62.19,62.4,61.62,62.04,1056579,76.23
2019-07-24,62.35,62.35,61.62,62.21,971582,76.43
2019-07-25,62.59,62.73,61.81,62.06,1324071,76.25
2019-07-26,62.14,62.52,61.78,62.34,1248761,76.59
2019-07-29,62.51,62.82,61.97,62.55,1241512,76.85
2019-07-30,62.48,62.88,61.71,62.03,1009665,76.21
2019-07-31,62,62.42,61.4,61.6,1246974,75.69
2019-08-01,61.53,62.76,61.34,62.38,2497482,76.64
2019-08-02,62.41,63,61.39,61.65,2358881,75.74
2019-08-05,61.92,62.43,60.74,61.08,2527562,75.05
2019-08-06,61.09,61.33,59.96,61.04,5539730,75
2019-08-07,61.13,61.56,60.25,61.22,3531551,75.22
2019-08-08,61.12,62.26,60.56,62.12,2844089,76.32
2019-08-09,62.2,62.59,61.52,62.42,3367011,76.69
2019-08-12,62.65,62.68,62.09,62.26,1145883,76.495
2019-08-13,62.33,62.66,61.99,62.27,3776786,76.51
2019-08-14,62.46,62.48,61.15,61.25,1785805,75.25
2019-08-15,61.08,61.96,60.98,61.7,3433561,75.81
2019-08-16,61.75,62.55,61.67,62.38,2559892,76.64
2019-08-19,62.39,62.92,61.91,62.65,1945578,76.97
2019-08-20,62.83,62.83,62.21,62.39,2320261,76.66
2019-08-21,62.36,62.64,62.18,62.61,1408623,76.92
2019-08-22,62.56,62.73,62.12,62.52,1324079,76.82
2019-08-23,62.71,62.92,61.09,61.31,1935922,75.33
2019-08-26,61.32,61.76,61.23,61.74,1561215,75.85
2019-08-27,61.87,62.23,61.63,61.65,1868622,75.75
2019-08-28,61.67,61.95,61.3,61.65,2335736,75.75
2019-08-29,62.03,62.87,61.75,62.79,2269824,77.15
2019-08-30,63.08,63.09,62.57,62.79,2417494,77.15
2019-09-03,62.85,63.9,62.64,63.88,3076178,78.49
2019-09-04,64.01,64.2,63.46,63.88,1218727,78.49
2019-09-05,63.62,63.82,62.69,62.79,1629830,77.14
2019-09-06,62.9,63.04,61.6,62.01,2385353,76.19
2019-09-09,61.82,61.86,60.96,61.19,2391450,75.18
2019-09-10,61.24,61.24,60.04,60.78,2437000,74.21
2019-09-11,60.65,61.33,60.06,61.24,2726792,74.77
2019-09-12,61.74,63.05,61.71,62.66,3254563,76.5
2019-09-13,62.5,63.48,62.16,62.74,2681107,76.6
2019-09-16,62.74,63.35,62.51,63.21,1693473,77.17
2019-09-17,63.97,64.33,63.26,63.51,2099368,77.54
2019-09-18,63.73,64.31,63.5,64.28,2605300,78.48
2019-09-19,64.38,64.51,64.1,64.43,1779749,78.66
2019-09-20,64.68,64.96,64.27,64.74,2950472,79.04
2019-09-23,64.67,65.03,64.58,64.68,1783614,78.97
2019-09-24,64.99,65.35,64.57,65.17,2236709,79.56
2019-09-25,65.08,65.81,64.63,65.74,2135936,80.26
2019-09-26,65.93,66.22,65.67,65.84,1900157,80.38
2019-09-27,65.98,65.98,65.05,65.53,1144495,80
2019-09-30,65.58,66.03,65.4,65.57,1818941,80.05
2019-10-01,65.29,65.56,64.85,65.25,1959792,79.66
2019-10-02,64.99,65.28,64.36,64.5,1641493,78.75
2019-10-03,64.59,64.74,64.01,64.3,1667238,78.5
2019-10-04,64.36,65.17,64.13,65.14,1388045,79.53
2019-10-07,65.08,65.08,64.45,64.66,1687649,78.94
2019-10-08,64.5,64.53,63.41,63.41,1670445,77.42
2019-10-09,63.6,63.71,62.99,63.35,2038195,77.34
2019-10-10,63.05,63.28,62.57,62.95,1416949,76.85
2019-10-11,62.83,63.52,62.52,63.11,1410881,77.05
2019-10-14,63.23,63.23,62.27,62.49,1118638,76.29
2019-10-15,62.55,62.82,61.75,62.09,1394510,75.8
2019-10-16,62.05,62.23,61.64,62.02,2105535,75.72
2019-10-17,62.05,62.34,61.66,62.09,1582578,75.8
2019-10-18,61.98,62.87,61.84,62.76,2425907,76.62
2019-10-21,62.59,62.98,62.48,62.79,1159454,76.66
2019-10-22,62.73,63.28,62.7,63.11,1739853,77.05
2019-10-23,63.09,63.31,62.74,63.12,1448298,77.06
2019-10-24,63.19,63.81,63.14,63.47,994299,77.49
2019-10-25,63.54,63.62,62.73,62.73,1520540,76.59
2019-10-28,62.37,62.93,61.96,62.12,1844642,75.84
2019-10-29,62.98,63.06,62.14,62.64,1675475,76.48
2019-10-30,62.85,63.66,62.71,63.54,1218593,77.58
2019-10-31,63.55,63.78,63.05,63.64,1969586,77.7
2019-11-01,63.68,63.82,63.14,63.36,1295923,77.36
2019-11-04,63.26,63.26,62.02,62.32,1754875,76.09
2019-11-05,62.1,62.21,61.11,61.4,2375244,74.96
2019-11-06,61.56,62.26,61.43,61.89,1896295,75.56
2019-11-07,61.57,61.57,60.4,61.13,1663365,74.63
2019-11-08,60.7,61.37,60.07,60.46,2748484,73.81
2019-11-11,60.45,60.82,60.28,60.69,1567652,74.09
2019-11-12,60.82,61.18,60.72,60.78,2141344,74.2
2019-11-13,61.03,62.19,60.95,61.91,1824744,75.58
2019-11-14,61.9,62.72,61.81,62.68,2810237,76.53
2019-11-15,62.65,62.93,62.46,62.76,1979075,76.62
2019-11-18,62.82,63.09,61.96,62.03,1771438,75.73
2019-11-19,61.84,62.36,61.46,61.8,1997490,75.45
2019-11-20,61.8,62.13,61.21,61.82,1908270,75.47
2019-11-21,61.79,61.85,61.23,61.59,1767119,75.19
2019-11-22,61.51,61.67,60.83,61.39,1761084,74.95
2019-11-25,61.38,61.42,60.6,60.75,1533659,74.17
2019-11-26,60.51,60.97,60.25,60.72,2029581,74.13
2019-11-27,60.73,60.87,60.37,60.76,1523536,74.18
2019-11-29,60.97,61.18,60.82,60.88,889957,74.33
2019-12-02,60.66,60.95,60.34,60.35,1587889,73.68
2019-12-03,60.56,60.76,60.33,60.46,999723,73.81
2019-12-04,60.24,61.02,60.21,60.91,1128557,74.36
2019-12-05,60.78,61.51,60.73,61.51,1982113,75.09
2019-12-06,61.36,61.88,61.2,61.59,1491902,75.19
2019-12-09,61.66,61.67,61.22,61.39,2241835,74.95
2019-12-10,61.39,61.86,61.25,61.5,2019364,74.59
2019-12-11,61.82,61.99,61.32,61.8,1695487,74.95
2019-12-12,61.66,62,61.34,61.6,1423435,74.71
2019-12-13,61.4,61.99,60.98,61.86,1096304,75.02
2019-12-16,61.89,62.5,61.77,62.47,1786713,75.76
2019-12-17,62.46,62.97,62.28,62.34,1753262,75.61
2019-12-18,62.31,62.78,61.86,62.69,3017575,76.03
2019-12-19,62.72,63.06,62.19,62.21,6919410,75.45
2019-12-20,62.43,63.49,62.26,63.13,5587517,76.57
2019-12-23,63.13,63.13,62.23,62.37,1115594,75.64
2019-12-24,62.38,62.57,62.11,62.46,549567,75.75
2019-12-26,62.53,62.59,62.1,62.37,780504,75.64
2019-12-27,62.61,62.94,62.33,62.91,1885921,76.3
2019-12-30,62.73,63.15,62.71,63.13,1271423,76.56
2019-12-31,63.11,63.52,63.07,63.32,1596309,76.8
2020-01-02,63.44,63.57,62.47,62.71,1645352,76.05
2020-01-03,62.53,63.12,62.53,62.73,1468550,76.08
2020-01-06,62.73,62.98,62.59,62.79,1817766,76.15
2020-01-07,62.57,63.03,62.29,63.02,1365951,76.43
2020-01-08,63.33,63.33,62.82,62.91,1325880,76.3
2020-01-09,62.86,63.23,62.72,63.15,1623322,76.59
2020-01-10,63.32,63.74,63.24,63.5,1248481,77.01
2020-01-13,63.51,64.12,63.51,64.01,1472843,77.63
2020-01-14,63.98,64.21,63.58,63.99,1679277,77.61
2020-01-15,64.15,64.58,63.97,64.48,1919830,78.2
2020-01-16,64.89,65.39,64.89,65.31,2501783,79.21
2020-01-17,65.34,65.88,65.27,65.76,1766206,79.75
2020-01-21,65.76,66.01,65.43,65.99,1976752,80.03
2020-01-22,66.08,66.33,65.86,65.89,2897868,79.91
2020-01-23,65.91,66.26,65.71,66.21,1476234,80.3
2020-01-24,66.17,66.65,65.98,66.28,1322471,80.39
2020-01-27,66.23,66.66,65.76,66.05,1987134,80.11
2020-01-28,66.13,66.51,65.94,66.23,1522492,80.32
2020-01-29,66.56,66.84,66.33,66.8,1784645,81.02
2020-01-30,66.76,67.56,66.6,67.53,1246316,81.9
2020-01-31,67.45,67.95,67.29,67.65,2281830,82.05
2020-02-03,67.8,68.19,67.68,68.13,1263813,82.63
2020-02-04,68.15,68.45,67.7,67.83,1912397,82.27
2020-02-05,67.7,68.22,67.56,68.17,1259786,82.68
2020-02-06,68.21,68.72,68.08,68.58,1553405,83.17
2020-02-07,68.81,69.06,68.66,68.93,1774531,83.6
2020-02-10,69.05,69.29,68.64,69.24,1317335,83.98
2020-02-11,69.39,69.66,69.15,69.48,1632473,84.27
2020-02-12,69.23,69.87,69.1,69.73,1286127,84.57
2020-02-13,69.73,70.79,69.57,70.7,1211817,85.75
2020-02-14,70.91,71.63,70.74,71.56,2015685,86.79
2020-02-18,71.89,72,71.32,71.53,2763124,86.75
2020-02-19,71.44,71.5,70.72,70.81,1777579,85.88
2020-02-20,70.54,70.84,70.17,70.63,2141623,85.66
2020-02-21,70.63,71.26,70.27,70.37,2719736,85.34
2020-02-24,70.09,70.6,69.71,69.94,1900935,84.82
2020-02-25,70,70.35,68.7,68.9,3264502,83.56
2020-02-26,69.86,71.3,69.29,70.26,3222463,85.21
2020-02-27,70.21,70.75,67.26,67.26,2955730,81.57
2020-02-28,66.03,66.19,63.65,65.14,5215213,79
2020-03-02,65.38,69.64,65.26,69.61,3162939,84.42
2020-03-03,69.4,70.91,68.4,68.57,2509788,83.16
2020-03-04,69.07,72.27,69.05,71.79,2179064,87.07
2020-03-05,70.58,71.83,70.18,70.95,2397552,86.05
2020-03-06,69.09,70.65,67.03,70.37,3409833,85.35
2020-03-09,67.61,68.74,65.98,66.98,4527754,81.23
2020-03-10,68.02,69.35,65.67,68.52,3220753,82.59
2020-03-11,67.16,67.91,66.03,67.09,3118631,80.87
2020-03-12,62.63,63.72,58.93,60.06,3203961,72.4
2020-03-13,62.77,63.47,59.07,63.17,2877943,76.15
2020-03-16,58.09,60,53.87,54.71,3564868,65.95
2020-03-17,56.17,65.69,55.47,64.45,4074500,77.69
2020-03-18,59.68,64.19,58.22,63.17,2843421,76.15
2020-03-19,63.67,64.84,58.86,59.63,3526930,71.88
2020-03-20,59.32,59.43,51.44,52.21,3585301,62.93
2020-03-23,52.33,53.87,48.73,50.91,3354039,61.37
2020-03-24,52.6,54.33,50.02,54.16,3088780,65.29
2020-03-25,53.2,57.34,51.1,56.03,2749524,67.54
2020-03-26,55.7,61.13,55.28,60.39,2335961,72.79
2020-03-27,58.79,63.89,58.44,61.59,2085834,74.24
2020-03-30,63.07,65.35,61.94,64.85,2652033,78.17
2020-03-31,63.43,63.67,60.13,60.42,3330836,72.83
2020-04-01,58.07,58.56,54.67,56.19,2161156,67.73
2020-04-02,55.46,59.99,55.38,59.46,2204292,71.67
2020-04-03,58.25,59.44,56.72,57.03,2397346,68.75
2020-04-06,59.07,62.25,58.7,61.63,1556906,74.29
2020-04-07,62.75,62.75,59.07,59.34,3070959,71.53
2020-04-08,59.83,63.8,59.4,63.06,1492429,76.01
2020-04-09,63.49,67.4,63.49,65.54,1810539,79
2020-04-13,64.66,65.45,61.88,62.9,1072755,75.82
2020-04-14,63.07,64.48,62.93,64.02,1325743,77.17
2020-04-15,63.07,63.26,61.53,62.63,1598604,75.5
2020-04-16,63.15,64.48,62.14,64.09,1811674,77.26
2020-04-17,65.33,65.4,63.12,64.57,1774585,77.83
2020-04-20,65.23,65.23,60.66,60.76,1968146,73.24
2020-04-21,59.56,61.68,59.37,61.41,3142842,74.02
2020-04-22,62.47,64.09,61.46,63.7,1679595,76.78
2020-04-23,63.41,63.92,61.17,61.55,1699148,74.19
2020-04-24,61.33,61.6,60.29,61.09,1707705,73.64
2020-04-27,61.5,61.74,60.83,60.91,1222637,73.42
2020-04-28,61.45,62.3,60.76,61.6,1565181,74.25
2020-04-29,62.83,62.83,60.4,61.9,1922829,74.62
2020-04-30,61.49,61.56,59.8,60.35,1990131,72.75
2020-05-01,59.49,59.71,58.4,59.27,1680093,71.45
2020-05-04,59.05,59.46,58.13,59.27,1292784,71.44
2020-05-05,58.98,60.24,58.98,59.85,1525729,72.15
2020-05-06,60.11,60.11,57.91,57.94,2200831,69.84
2020-05-07,58.72,59.12,57.59,57.78,2475904,69.65
2020-05-08,58.41,58.91,58,58.78,1339802,70.86
2020-05-11,58.52,59.3,57.4,58.76,2445352,70.83
2020-05-12,58.25,58.76,56.74,57.22,3245065,68.97
2020-05-13,56.82,56.95,55.58,56.7,2774682,68.35
2020-05-14,56.18,57.13,55.03,57.01,2119090,68.72
2020-05-15,56.74,57.83,55.21,57.04,8673907,68.76
2020-05-18,58.47,60.31,58.03,59.92,2778092,72.23
2020-05-19,59.59,59.63,58.6,58.61,1386969,70.65
2020-05-20,59.07,59.14,58.13,58.34,1696828,70.33
2020-05-21,58.17,58.74,57.29,57.49,1642481,69.3
2020-05-22,57.5,57.99,57.29,57.92,1460379,69.82
2020-05-26,58.92,59.82,58.44,58.7,1915168,70.76
2020-05-27,59.67,59.67,57.49,58.49,2779275,70.51
2020-05-28,59.97,61.71,59.55,61.34,2586267,73.94
2020-05-29,61.07,62.44,60.86,62,2324614,74.73
2020-06-01,61.89,62.48,61.18,61.7,1145806,74.37
2020-06-02,61.75,62.2,61.17,62.14,1627071,74.91
2020-06-03,62.28,63.26,62.22,63.12,1450606,76.08
2020-06-04,62.71,62.92,60.57,61.38,1426261,73.99
2020-06-05,61.91,63.83,61.56,62.7,1863035,75.58
2020-06-08,62.35,64.23,61.81,64.06,1377962,77.22
2020-06-09,63.53,63.53,61.83,62.85,1553654,75.27
2020-06-10,62.74,63.74,62.38,62.5,1217492,74.86
2020-06-11,61.36,61.64,59.34,59.98,1869548,71.84
2020-06-12,61.23,61.39,59.15,59.91,1797015,71.75
2020-06-15,58.79,60.81,58.21,60.4,1870413,72.34
2020-06-16,61.84,62.41,60.24,60.57,2519333,72.55
2020-06-17,60.72,60.98,59.61,60.5,2429618,72.46
2020-06-18,60.04,60.57,58.96,60.5,2246144,72.46
2020-06-19,61.01,61.2,58.23,58.28,4624235,69.8
2020-06-22,58.05,59.56,57.01,58.96,2358655,70.62
2020-06-23,59.56,59.56,57.77,58.45,2034512,70
2020-06-24,57.89,58.34,56.99,57.99,1830921,69.46
2020-06-25,57.98,57.98,56.06,57.45,1507506,68.81
2020-06-26,57.21,58.1,56.48,57.53,4600015,68.9
2020-06-29,57.98,58.28,57.22,58.22,1447513,69.73
2020-06-30,58.2,59.03,58.11,58.75,1667508,70.36
2020-07-01,58.72,60.74,58.66,60.52,1899478,72.49
2020-07-02,60.81,61.64,60.76,61.14,1950809,73.23
2020-07-06,61.47,62.19,60.5,61.23,1970163,73.34
2020-07-07,60.62,61.34,60.15,61.23,1278672,73.34
2020-07-08,61.18,62.04,60.79,61.74,1422775,73.94
2020-07-09,61.41,61.73,59.83,61.49,1475330,73.65
2020-07-10,61.45,62.67,61.45,62.24,1294559,74.54
2020-07-13,62.36,63.49,62.19,63.09,1975358,75.56
2020-07-14,63.19,64.22,62.9,63.93,2394784,76.57
2020-07-15,64.55,64.77,63.28,63.4,1980582,75.93
2020-07-16,63.4,64.57,63.28,64.12,1750472,76.79
2020-07-17,64.47,65.89,64.13,65.74,1550501,78.74
2020-07-20,65.49,66.11,64.9,64.95,1142776,77.79
2020-07-21,64.98,65.69,64.73,65.13,1477357,78
2020-07-22,64.77,67.05,64.55,66.97,1304222,80.21
2020-07-23,66.99,67.48,66.7,67.23,1604268,80.52
2020-07-24,67.3,67.89,66.06,66.39,879057,79.52
2020-07-27,66.42,66.42,65.53,65.97,1262243,79.01
2020-07-28,65.75,67.2,65.62,66.52,1177667,79.67
2020-07-29,66.63,67.13,66.53,66.92,738178,80.15
2020-07-30,66.51,66.72,65.99,66.42,1112794,79.55
2020-07-31,66.48,67.04,65.86,67,1343078,80.24
2020-08-03,66.76,66.8,65.31,66.19,1317074,79.28
2020-08-04,65.99,68.82,65.97,68.62,2795828,82.19
2020-08-05,68.69,68.8,66.59,67.17,2635072,80.45
2020-08-06,67.02,68.04,66.69,67.68,1668939,81.06
2020-08-07,66.24,69.06,66.24,68.62,1605000,82.18
2020-08-10,69.28,70.09,68.58,69.51,1346495,83.25
2020-08-11,69.85,70.1,67.5,67.76,1113711,81.16
2020-08-12,68.06,69.3,67.61,68.45,1284419,81.98
2020-08-13,67.59,68.17,67.15,67.94,1613337,81.37
2020-08-14,68.14,68.41,67.27,67.86,744061,81.27
2020-08-17,67.95,68.66,67.55,67.99,858261,81.43
2020-08-18,68.05,68.31,67.52,67.78,1137672,81.18
2020-08-19,68.1,68.29,67.57,67.76,685981,81.15
2020-08-20,67.38,67.91,66.9,67.19,918595,80.47
2020-08-21,67.5,67.58,66.33,67.4,989687,80.72
2020-08-24,67.71,67.89,66.94,67.84,947195,81.25
2020-08-25,68.08,68.16,66.37,66.46,1384731,79.6
2020-08-26,66.09,66.09,64.83,65.49,1404984,78.44
2020-08-27,65.83,66.24,65.41,65.9,824370,78.93
2020-08-28,66.29,66.29,65.15,65.68,832924,78.66
2020-08-31,65.37,66.22,65.27,66.05,1444719,79.11
2020-09-01,66.05,66.05,64.84,65.53,772656,78.48
2020-09-02,65.58,67.31,65.24,66.99,1648649,80.23
2020-09-03,67.38,67.78,65.41,66.04,1286511,79.1
2020-09-04,66.11,66.47,65,65.93,1198701,78.96
2020-09-08,65.9,65.9,64.38,65.03,1098379,77.4
2020-09-09,65.48,66.9,65.29,65.86,1475308,78.38
2020-09-10,65.63,66.03,64.1,64.24,989798,76.46
2020-09-11,64.45,64.55,63.72,64.36,1073616,76.6
2020-09-14,64.66,65.37,64.4,64.68,1057915,76.98
2020-09-15,64.9,65.86,64.6,65.12,1151896,77.5
2020-09-16,65.1,66.25,64.99,65.49,1439130,77.94
2020-09-17,64.97,65.34,64.35,65.22,1386229,77.62
2020-09-18,65.06,65.6,64.57,64.58,2896731,76.86
2020-09-21,63.65,64.83,63.24,64.38,1938600,76.62
2020-09-22,64.33,65.49,64.32,64.75,1412163,77.06
2020-09-23,64.8,65.15,63.46,63.53,1212468,75.61
2020-09-24,63.67,64.76,63.25,64.44,900996,76.7
2020-09-25,64.28,65.79,64.01,65.71,904887,78.21
2020-09-28,66.35,66.69,65.6,65.89,818759,78.42
2020-09-29,66.23,66.69,65.96,66.39,979278,79.02
2020-09-30,66.63,67.14,65.98,66.44,1736825,79.08
2020-10-01,66.52,67.39,66.43,67.1,1427046,79.86
2020-10-02,66.75,67.82,66.34,67.06,1035009,79.81
2020-10-05,67.09,68.11,66.23,67.82,1202733,80.72
2020-10-06,67.81,68.92,67.07,68.31,1333267,81.3
2020-10-07,68.49,68.78,67.26,67.8,1096138,80.69
2020-10-08,68.21,68.69,67.82,68.67,1439044,81.73
2020-10-09,68.75,69.34,68.33,68.94,1113960,82.05
2020-10-12,68.99,70.07,68.94,69.35,897455,82.54
2020-10-13,68.73,68.73,67.11,68.18,1275158,81.15
2020-10-14,68.26,68.6,68.01,68.35,785788,81.35
2020-10-15,67.69,68.81,67.52,68.18,715191,81.15
2020-10-16,68.28,69.46,68.19,69.22,1072445,82.39
2020-10-19,69.23,69.6,68.24,68.59,980970,81.64
2020-10-20,69.06,69.5,68.33,69.01,1018861,82.14
2020-10-21,68.72,69.91,68.72,69.14,983081,82.29
2020-10-22,69.04,69.89,68.73,69.76,636482,83.03
2020-10-23,70.22,70.22,69.47,70.06,1172896,83.39
2020-10-26,69.49,70.66,69.09,70.63,1132247,84.06
2020-10-27,70.77,71.78,70.53,70.74,1528045,84.19
2020-10-28,69.83,70.71,68.28,68.37,1353515,81.37
2020-10-29,68.2,69.28,67.14,68.34,997365,81.34
2020-10-30,68.01,69.09,67.53,68.16,1552380,81.12
2020-11-02,68.89,69.96,68.52,69.91,1361329,83.21
2020-11-03,70.76,71.63,70.22,70.85,981995,84.32
2020-11-04,70.59,71.91,70.08,70.12,1366219,83.45
2020-11-05,70.66,71.17,68.52,69.29,1791231,82.47
2020-11-06,69.06,69.72,68.43,68.77,1396389,81.85
2020-11-09,71.73,73.01,69.53,69.77,2154841,83.04
2020-11-10,69.81,70.42,69.25,69.28,1674984,82.46
2020-11-11,69.57,70.04,68.85,69.21,2035263,82.37
2020-11-12,69.05,69.65,67.88,68.34,1851726,81.34
2020-11-13,68.42,69.63,68.34,69,1608216,82.12
2020-11-16,70.05,70.96,69.17,70.85,2546609,84.33
2020-11-17,70.29,70.29,67.7,67.72,2154004,80.6
2020-11-18,68.8,68.8,66.19,66.43,2695565,79.06
2020-11-19,66.36,66.6,65.21,65.83,1721953,78.35
2020-11-20,66.08,66.7,65.75,65.91,1557042,78.45
2020-11-23,66.05,66.78,65.83,66.63,2499790,79.3
2020-11-24,66.94,67.13,65.92,66.44,3248699,79.07
2020-11-25,66.54,67.71,66.38,67.7,1916206,80.58
2020-11-27,67.55,67.67,66.32,66.37,508238,78.99
2020-11-30,66.17,66.18,65.17,65.35,1816661,77.78
2020-12-01,65.79,66.59,65.39,65.96,1536309,78.51
2020-12-02,65.63,66.01,64.7,65.95,1100855,78.49
2020-12-03,65.7,65.91,65.17,65.46,1263425,77.91
2020-12-04,65.32,65.7,64.23,64.76,1233226,77.08
2020-12-07,64.64,65.71,64.49,65.7,1815974,78.2
2020-12-08,65.19,66.16,64.97,65.34,1885391,77.26
2020-12-09,65.31,65.98,65.1,65.8,1687923,77.8
2020-12-10,65.73,66.1,64.85,65.41,1267163,77.34
2020-12-11,65.1,65.67,64.83,65.52,1314913,77.47
2020-12-14,65.78,66.48,64.91,65.33,1718859,77.24
2020-12-15,65.53,67.03,65.08,66.59,1598002,78.73
2020-12-16,66.82,67.36,65.62,65.97,1600239,78
2020-12-17,66.28,67.37,66.05,66.6,2027957,78.74
2020-12-18,66.54,67.24,66.33,66.7,3366227,78.86
2020-12-21,65.64,66.24,64.59,65.19,1624237,77.08
2020-12-22,65.12,65.2,64.07,64.74,1874080,76.55
2020-12-23,64.96,65.27,63.89,64.04,1373928,75.72
2020-12-24,64.15,64.74,63.98,64.68,546486,76.47
2020-12-28,64.81,65.29,64.67,64.91,1111643,76.75
2020-12-29,65,65.52,64.74,64.76,1185669,76.57
2020-12-30,64.79,65.29,64.71,65.1,1858516,76.97
2020-12-31,65.34,66.06,64.9,66.02,1467077,78.06
2021-01-04,65.67,65.95,63.91,64.39,3185896,76.13
2021-01-05,64.61,64.77,63.84,64.08,1742375,75.76
2021-01-06,63.92,65.12,63.8,64.61,2523789,76.39
2021-01-07,64.8,64.95,62.58,62.79,2591619,74.24
2021-01-08,62.84,63.54,62.67,63.43,1797926,75
2021-01-11,63.34,63.71,62.9,63.47,2966921,75.04
2021-01-12,63.32,63.61,62.08,62.79,1793645,74.24
2021-01-13,62.96,64.08,62.83,63.86,2198179,75.5
2021-01-14,64.02,64.02,61.77,62.58,1918937,73.99
2021-01-15,62.5,63.25,62.1,62.92,1419227,74.39
2021-01-19,62.99,62.99,61.55,61.73,2908549,72.99
2021-01-20,61.25,61.62,60.76,61.35,2490984,72.54
2021-01-21,61.17,61.5,60.57,60.68,2639098,71.74
2021-01-22,60.61,61.83,60.06,61.64,2976177,72.88
2021-01-25,61.17,63.56,61,63.5,2713616,75.08
2021-01-26,63.31,64.01,62.3,63.61,1345432,75.21
2021-01-27,62.9,64.63,62.63,63.51,1675613,75.09
2021-01-28,63.53,64.42,62.51,62.51,1875058,73.91
2021-01-29,62.13,62.46,61.3,61.5,1966004,72.72
2021-02-01,61.7,62.33,61.27,61.61,1628171,72.84
2021-02-02,61.61,63.04,61.07,61.55,1029917,72.77
2021-02-03,61.55,61.96,61.23,61.52,900433,72.74
2021-02-04,61.43,62.89,61.11,62.53,1608998,73.93
2021-02-05,62.77,63.31,62.46,62.76,1421492,74.2
2021-02-08,62.83,62.97,61.12,61.39,1802524,72.59
2021-02-09,61.9,62.16,61.19,61.96,897398,73.26
2021-02-10,62.37,62.8,61.89,62.11,2114808,73.44
2021-02-11,62.19,62.43,61.09,61.37,1696853,72.56
2021-02-12,61.18,62.09,60.82,61.98,1415004,73.28
2021-02-16,61.92,62.28,60.74,61.45,1833991,72.66
2021-02-17,61.72,62.25,61.14,62,1674977,73.3
2021-02-18,61.94,63.11,61.74,62.66,1567048,74.09
2021-02-19,62.66,62.71,61.12,61.18,2011763,72.33
2021-02-22,61.21,61.32,59.03,60.05,2580852,71
2021-02-23,60.55,61.56,60.24,60.78,1948002,71.86
2021-02-24,60.53,60.9,60.08,60.39,1359461,71.4
2021-02-25,60.23,60.96,60.23,60.4,1413559,71.41
2021-02-26,60.5,61.44,59.42,59.43,2778928,70.27
2021-03-01,60,60.93,59.96,60.46,1591611,71.49
2021-03-02,60.68,61.04,59.92,60.82,1595626,71.91
2021-03-03,60.65,60.65,59.56,60.16,1730852,71.13
2021-03-04,60.32,61.45,59.97,60.2,1534923,71.18
2021-03-05,60.43,62,60.31,61.62,1798156,72.86
2021-03-08,61.85,63.39,61.64,62.75,1542789,74.19
2021-03-09,62.72,63.97,62.72,63.67,3063880,74.72
2021-03-10,63.93,65.01,63.76,64.92,3701956,76.19
2021-03-11,64.84,65.33,64.64,64.82,3623719,76.07
2021-03-12,65.07,66.46,64.75,65.87,1774337,77.3
2021-03-15,66.08,67.2,65.88,67.16,1721295,78.82
2021-03-16,66.83,67.47,66.69,66.88,1567318,78.49
2021-03-17,67.19,67.35,66.48,66.56,1513113,78.11
2021-03-18,66.66,67.2,66.08,66.92,1516013,78.54
2021-03-19,67,67.51,66.44,67.14,4193065,78.8
2021-03-22,66.93,67.18,66.19,66.44,1978173,77.97
2021-03-23,66.53,68.34,66.19,68.15,1199357,79.98
2021-03-24,67.65,69.29,67.46,69.01,1861813,80.99
2021-03-25,69.36,70.25,68.82,69.52,1052049,81.59
2021-03-26,69.39,69.75,68.45,69.41,1860993,81.46
2021-03-29,69.44,70.88,69.28,70.44,1046143,82.67
2021-03-30,69.85,70.26,68.85,69.3,1228018,81.33
2021-03-31,69.13,69.54,68.86,69.33,1804106,81.36
2021-04-01,68.65,69.39,68.43,69.05,1231793,81.03
2021-04-05,68.99,70.2,68.99,69.44,1580953,81.49
2021-04-06,69.27,69.68,68.81,69.45,1116590,81.5
2021-04-07,69.51,69.79,68.87,69.28,1432908,81.3
2021-04-08,69.45,69.71,68.96,69.11,1633011,81.11
2021-04-09,69.1,69.43,68.4,68.62,1580600,80.53
2021-04-12,68.9,69.5,68.5,68.78,1664071,80.72
2021-04-13,69.38,70.26,68.88,70.11,1432113,82.28
2021-04-14,69.68,70.44,69.67,70.4,1279452,82.62
2021-04-15,70.55,71.36,70.55,71.22,1289567,83.58
2021-04-16,71.53,72.13,71.32,71.78,1306970,84.24
2021-04-19,71.94,71.94,71.4,71.4,15482,83.79
2021-04-20,71.64,73.42,71.04,73.19,1364496,85.89
2021-04-21,73.42,73.76,72.45,72.5,1193395,85.08
2021-04-22,72.35,72.66,71.64,72.27,1532072,84.81
2021-04-23,72.24,72.59,71.85,72.24,1166180,84.78
2021-04-26,72.38,72.43,71.7,71.75,944663,84.2
2021-04-27,71.59,71.7,71.09,71.11,858541,83.45
2021-04-28,71.37,71.5,70.98,71.28,798256,83.65
2021-04-29,71.31,72.01,71.31,71.7,1253954,84.14
2021-04-30,71.95,72.39,71.41,72.29,1660545,84.84
2021-05-03,72.38,73.09,72.1,72.56,1353550,85.16
2021-05-04,72.68,72.91,72.12,72.59,1273286,85.19
2021-05-05,72.53,72.53,71.12,71.87,1038314,84.35
2021-05-06,72.15,72.64,71.81,72.56,970575,85.15
2021-05-07,72.44,73.28,72.27,72.41,1311593,84.98
2021-05-10,72.62,73.94,72.56,73.14,983654,85.84
2021-05-11,73.14,73.34,70.31,71.06,2100484,83.39
2021-05-12,71.25,71.48,70.14,70.24,1528296,82.43
2021-05-13,70.05,71.43,69.96,71.16,1073729,83.51
2021-05-14,71.34,72.2,71.26,71.32,759801,83.7
2021-05-17,71.41,71.93,70.98,71.06,1442711,83.4
2021-05-18,70.91,71.81,70.8,71.52,2947062,83.93
2021-05-19,71.47,71.84,70.88,71.75,1928793,84.21
2021-05-20,71.89,72.59,71.83,72,2184064,84.5
2021-05-21,72.04,72.56,71.81,72.52,5706539,85.11
2021-05-24,72.72,73.1,72.09,72.14,3305709,84.66
2021-05-25,72.14,72.16,70.92,71.34,1918459,83.72
2021-05-26,71.38,71.84,71.1,71.52,1935198,83.94
2021-05-27,71.62,71.72,71.14,71.29,3367419,83.67
2021-05-28,71.58,71.95,71.44,71.75,2266299,84.2
2021-06-01,72.04,72.1,71.24,71.73,2971788,84.18
2021-06-02,71.81,72.97,71.47,72.62,2179694,85.22
2021-06-03,72.3,73.15,72.14,72.91,1769581,85.56
2021-06-04,73.31,73.46,72.96,73.39,3022181,86.13
2021-06-07,73.56,73.67,73.24,73.39,2364942,86.13
2021-06-08,73.32,73.61,72.37,72.68,2260088,84.75
2021-06-09,72.84,73.37,72.64,73.2,1914252,85.36
2021-06-10,73.13,73.97,73.06,73.62,2446402,85.85
2021-06-11,73.5,73.61,73.1,73.57,2409604,85.79
2021-06-14,73.5,73.79,72.99,73.61,1326605,85.84
2021-06-15,73.66,74.42,73.24,73.87,2419311,86.14
2021-06-16,73.3,74.02,71.82,71.96,2490254,83.91
2021-06-17,71.92,72.91,71.64,72.46,1879928,84.49
2021-06-18,71.73,72.02,70.26,70.42,4120940,82.11
2021-06-21,70.62,71.75,70.5,71.51,1395902,83.39
2021-06-22,71.24,71.68,70.76,70.77,1818904,82.52
2021-06-23,70.74,70.84,69.93,70.05,2081164,81.69
2021-06-24,70.11,70.19,69.33,69.68,1822895,81.25
2021-06-25,69.57,70.13,69.46,70.1,2112487,81.74
2021-06-28,70.26,70.84,70.02,70.25,1391351,81.92
2021-06-29,70.01,70.16,68.16,68.53,2030992,79.91
2021-06-30,68.58,68.92,68.05,68.64,1609146,80.04
2021-07-01,68.65,69.6,68.48,69.21,1190657,80.7
2021-07-02,69.21,69.28,68.78,69.21,1082812,80.7
2021-07-06,69.09,69.86,68.59,69.81,1219943,81.4
2021-07-07,69.67,70.77,69.33,70.6,1167308,82.32
2021-07-08,70.4,70.91,70.13,70.37,1353229,82.06
2021-07-09,70.66,70.8,69.87,70.25,1756036,81.92
2021-07-12,70.08,71.31,69.93,71.08,1183287,82.88
2021-07-13,71.02,71.53,70.54,70.86,1007073,82.63
2021-07-14,70.73,71.73,70.35,71.37,856107,83.22
2021-07-15,71.2,72.27,71.11,72.1,1849581,84.07
2021-07-16,72.22,73.29,71.95,72.94,953072,85.06
2021-07-19,72.72,73.36,71.15,72.02,1793049,83.98
2021-07-20,72.11,72.99,71.8,72.02,1160373,83.98
2021-07-21,71.98,72.02,70.55,70.58,1357118,82.3
2021-07-22,70.57,70.97,70.23,70.74,843516,82.49
2021-07-23,70.71,71.54,70.53,71.51,658014,83.39
2021-07-26,71.27,71.61,70.84,71.39,756935,83.25
2021-07-27,71.45,73.07,71.02,72.88,832400,84.99
2021-07-28,72.88,72.98,71.72,72.2,848752,84.19
2021-07-29,72.32,72.63,71.86,72.27,792954,84.27
2021-07-30,72.26,72.87,71.87,71.97,1111546,83.92
2021-08-02,72.15,72.92,71.95,72.73,858237,84.81
2021-08-03,72.91,73.73,72.24,73.42,948536,85.61
2021-08-04,73.19,73.19,72.1,73.11,1123041,85.25
2021-08-05,73.23,73.89,72.76,73.86,1033594,86.13
2021-08-06,73.96,75.41,73.55,74.49,1619137,86.86
2021-08-09,74.49,75.3,74.49,75.22,1427466,87.71
2021-08-10,75.3,75.47,74.83,75.19,911782,87.68
2021-08-11,75.35,75.86,75.18,75.6,956961,88.16
2021-08-12,75.78,75.78,75.31,75.4,1102781,87.92
2021-08-13,75.61,76.29,75.33,76.19,864200,88.84
2021-08-16,76.34,77.07,76.19,76.85,833816,89.61
2021-08-17,76.77,77.22,76.43,77.16,855054,89.98
2021-08-18,77.11,77.28,76.28,76.56,748069,89.28
2021-08-19,76.7,77.84,76.59,76.81,1056304,89.57
2021-08-20,76.67,77.27,76.2,76.83,1969707,89.59
2021-08-23,76.74,76.74,75.02,75.08,1649775,87.55
2021-08-24,75.11,75.19,74.27,74.73,1305688,87.14
2021-08-25,74.57,75.23,74.15,74.9,969098,87.34
2021-08-26,74.82,75.27,74.37,75.14,1009246,87.62
2021-08-27,75.38,75.72,75.07,75.48,1049175,88.02
2021-08-30,75.54,76.12,75.3,75.89,828782,88.49
2021-08-31,75.91,76.17,74.84,75.23,1929536,87.72
2021-09-01,75.41,76.43,75.15,76.12,1552687,88.76
2021-09-02,76.34,76.5,75.83,76.31,1292498,88.98
2021-09-03,76.2,76.41,75.53,75.56,887224,88.11
2021-09-07,75.11,75.28,74.05,74.34,1460311,86.14
2021-09-08,74.43,76.54,74.14,76.31,1358096,88.43
2021-09-09,76.35,76.44,75.69,75.84,1059360,87.88
2021-09-10,75.75,75.94,75.05,75.09,1460262,87.01
2021-09-13,75.66,75.87,74.11,74.29,1388471,86.09
2021-09-14,74.63,75,74,74.15,919368,85.93
2021-09-15,73.86,74.33,73.39,73.64,1094377,85.34
2021-09-16,73.87,74.38,73.27,73.39,1437820,85.05
2021-09-17,73.03,73.7,72.04,72.14,2201046,83.6
2021-09-20,71.97,72.73,71.38,72.01,1320660,83.44
2021-09-21,72.19,72.7,71.5,71.56,1183131,82.92
2021-09-22,71.97,72.38,71.31,72.12,1211951,83.57
2021-09-23,71.99,72.68,71.8,71.89,1405009,83.31
2021-09-24,71.9,72.38,71.75,72.12,924761,83.57
2021-09-27,72.19,72.71,70.84,70.94,1206459,82.2
2021-09-28,70.62,70.99,69.84,70.26,1249264,81.42
2021-09-29,70.24,71.53,70.21,71.06,1086000,82.34
2021-09-30,70.99,71.05,69.74,69.9,1828058,81
2021-10-01,70.33,70.34,69.43,69.56,1081238,80.61
2021-10-04,69.33,71,69.27,70.64,1281768,81.86
2021-10-05,70.55,71.09,70.36,70.43,1230568,81.61
2021-10-06,70.37,71.73,69.93,71.6,1116082,82.97
2021-10-07,71.82,72.41,71.25,71.38,938186,82.72
2021-10-08,71.27,71.45,70.77,70.88,708053,82.14
2021-10-11,70.94,71,70,70.13,844266,81.27
2021-10-12,70.15,70.74,69.9,70.43,1015551,81.61
2021-10-13,70.49,71.38,70.12,71.28,851955,82.6
2021-10-14,71.57,72.43,71.28,72.4,2025601,83.9
2021-10-15,72.61,72.73,71.71,71.78,1228560,83.18
2021-10-18,71.28,71.83,70.86,71.35,1401125,82.68
2021-10-19,71.66,72.21,71.5,72.07,789658,83.51
2021-10-20,72.35,73.15,72.33,72.79,694472,84.35
2021-10-21,72.91,73.15,72.65,72.91,688181,84.49
2021-10-22,73.04,73.77,73,73.59,502550,85.28
2021-10-25,73.5,73.64,72.93,73.12,636741,84.73
2021-10-26,73.18,74.05,72.97,73.64,671867,85.34
2021-10-27,73.88,73.94,72.75,72.89,723796,84.46
2021-10-28,72.61,73.3,72.56,73.19,620941,84.81
2021-10-29,73.1,73.6,72.32,72.74,1028017,84.29
2021-11-01,72.87,72.99,72.08,72.73,1010137,84.28
2021-11-02,72.99,73.23,72.09,72.77,1085539,84.33
2021-11-03,72.78,73.39,72.03,72.65,1130127,84.19
2021-11-04,72.51,73.36,71.68,72.81,1538164,84.37
2021-11-05,73.12,74.09,72.95,73.78,851981,85.5
2021-11-08,73.83,73.83,70.89,71.61,1599455,82.98
2021-11-09,71.74,72.44,71.58,71.66,1725057,83.04
2021-11-10,72.01,72.92,71.97,72.85,1199270,84.42
2021-11-11,72.59,72.78,71.94,72.57,727813,84.1
2021-11-12,72.74,73.1,72.22,72.96,856781,84.55
2021-11-15,73.38,74.07,73.09,74.03,944841,85.79
2021-11-16,74.13,74.39,73.43,73.47,829335,85.14
2021-11-17,73.25,73.99,72.88,73.77,686152,85.49
2021-11-18,73.69,73.96,72.71,72.85,1016230,84.42
2021-11-19,73.21,73.79,72.98,73.68,1256154,85.38
2021-11-22,73.56,74.87,73.39,74.46,1019295,86.28
2021-11-23,74.72,74.72,73.85,74.13,875572,85.9
2021-11-24,74.21,74.42,73.71,74.01,770674,85.76
2021-11-26,73.45,74.1,72.82,72.93,628683,84.51
2021-11-29,73.25,73.68,72.58,73.43,1235837,85.09
2021-11-30,73.02,73.29,70.28,70.41,4962309,81.59
2021-12-01,70.75,72.7,70.62,70.95,1624325,82.22
2021-12-02,71.01,72.45,71.01,71.82,1462496,83.23
2021-12-03,72.22,73.39,71.53,73.38,1442392,85.03
2021-12-06,74.13,75.41,74.01,74.16,1459064,85.94
2021-12-07,74.16,75.53,73.88,75.15,1441113,86.53
2021-12-08,75.34,76,75,75.38,1346698,86.79
2021-12-09,75.4,75.77,74.89,75.3,1330986,86.7
2021-12-10,75.6,76.24,75.3,75.77,920421,87.24
2021-12-13,75.81,76.82,75.71,76.39,1208567,87.96
2021-12-14,76.56,76.72,75.66,75.73,1717961,87.19
2021-12-15,76.12,76.82,75.95,76.8,1483071,88.43
2021-12-16,76.66,77.65,76.5,77,1670098,88.66
2021-12-17,76.78,77.04,74.76,75.05,3439928,86.41
2021-12-20,74.54,75.22,73.71,75.04,1740279,86.4
2021-12-21,75.4,76.21,74.89,75.72,2388955,87.18
2021-12-22,75.53,75.92,75.13,75.61,1198313,87.06
2021-12-23,75.61,76.26,75.42,75.58,1041717,87.02
2021-12-27,75.73,76.06,75.42,76.04,1009416,87.55
2021-12-28,75.94,76.81,75.94,76.79,887372,88.42
2021-12-29,76.47,77.38,76.47,77.22,1319187,88.91
2021-12-30,77.34,77.68,76.95,77.35,1005091,89.06
2021-12-31,77.25,77.7,76.81,77.31,911818,89.01
2022-01-03,77.51,77.51,75.9,76.93,1401114,88.58
2022-01-04,76.92,77.69,76.43,76.52,1216611,88.11
2022-01-05,76.52,77.38,76.25,76.72,1500568,88.33
2022-01-06,76.6,77.17,76.14,76.34,1011271,87.9
2022-01-07,76.11,77.05,75.8,76.64,965731,88.24
2022-01-10,76.69,76.86,75.47,76,1608194,87.51
2022-01-11,76,76.41,75,75.53,1774869,86.97
2022-01-12,75.42,76.4,75.01,76.18,1213886,87.71
2022-01-13,76.25,77.73,75.96,77.18,1904595,88.86
2022-01-14,76.94,77.3,76.28,76.51,2351017,88.09
2022-01-18,76.15,76.41,75.08,76.1,1391450,87.62
2022-01-19,76.29,76.72,75.76,76.12,1067527,87.64
2022-01-20,76.31,77.35,76.14,76.33,1146920,87.88
2022-01-21,76.94,77.26,75.96,76.19,1372274,87.72
2022-01-24,75.96,76.54,75.04,75.04,691471,86.4
2022-01-25,74.38,75.53,74.1,74.67,1386427,85.98
2022-01-26,74.77,75.53,73.63,74.33,1351806,85.58
2022-01-27,74.94,75.72,74.49,74.97,2072975,86.32
2022-01-28,74.83,76.13,74.19,76.13,3116976,87.65
2022-01-31,75.65,77.15,75.39,77.07,2524194,88.74
2022-02-01,76.97,77.39,75.52,76.07,2542708,87.59
2022-02-02,76.04,77.12,75.96,76.92,1539886,88.56
2022-02-03,77.11,77.46,76.33,76.44,1094941,88.01
2022-02-04,75.81,76.37,74.94,75.46,947363,86.88
2022-02-07,75.27,76.11,75.04,75.87,1620002,87.36
2022-02-08,76.17,76.34,75.7,75.9,967215,87.39
2022-02-09,76.36,76.64,75.87,76.18,1196364,87.71
2022-02-10,75.53,75.93,74.15,74.31,1298464,85.56
2022-02-11,74.51,74.96,74.07,74.45,1642626,85.72
2022-02-14,74.87,75.09,73.08,73.94,1582740,85.13
2022-02-15,74.38,74.74,72.92,73.29,1070631,84.38
2022-02-16,73.31,73.72,72.56,73.36,971394,84.47
2022-02-17,73.26,73.86,72.56,73.4,1161439,84.51
2022-02-18,72.56,74.2,72.52,73.54,1612203,84.67
2022-02-22,74.08,74.53,72.94,73.75,1152010,84.92
2022-02-23,73.75,74.01,72.65,72.75,995373,83.76
2022-02-24,72.34,72.68,71.02,72.3,1701281,83.25
2022-02-25,73.04,74.74,72.95,74.72,1556978,86.03
2022-02-28,74.1,74.85,73.84,74.65,1908686,85.95
2022-03-01,74.61,75.02,72.96,73.64,1454362,84.79
2022-03-02,73.69,74.91,73.59,74.68,1462384,85.99
2022-03-03,74.81,76.13,74.81,75.82,1028054,87.3
2022-03-04,75.59,77.82,75.4,77.75,1338979,89.52
2022-03-07,77.8,78.04,76.76,77.79,2095076,89.57
2022-03-08,78.22,78.22,76.72,76.72,236078,87.75
2022-03-09,77.44,77.44,75.73,75.83,2199120,86.74
2022-03-10,75.55,76.68,75.39,76.54,1136143,87.55
2022-03-11,76.39,77.4,76.29,76.49,1103708,87.49
2022-03-14,77.07,77.46,76.02,76.39,902006,87.38
2022-03-15,77.15,77.37,76.53,77.34,1437620,88.46
2022-03-16,77.26,77.5,75.95,76.87,1372691,87.93
2022-03-17,77.08,77.93,76.83,77.47,1512553,88.61
2022-03-18,77.43,77.83,76.63,76.8,2997574,87.85
2022-03-21,77,78.37,77,78.21,1515948,89.46
2022-03-22,78.54,78.54,77.29,77.44,1346096,88.58
2022-03-23,77.62,78.33,77.15,77.92,1746023,89.13
2022-03-24,77.85,78.7,77.67,78.29,1020996,89.55
2022-03-25,78.68,79.72,78.3,79.37,1856675,90.78
2022-03-28,79.38,80.43,78.67,80.26,2244547,91.8
2022-03-29,80.45,80.84,79.93,80.78,1764567,92.4
2022-03-30,80.93,82.07,80.58,82.02,2104038,93.82
2022-03-31,81.89,82.82,81.89,81.97,1907541,93.76
2022-04-01,81.94,82.92,81.4,82.87,1456969,94.79
2022-04-04,82.37,82.9,81.49,82.52,1209427,94.39
2022-04-05,82.67,83.77,82.58,83,1610466,94.94
2022-04-06,83.25,85.24,83.13,84.92,2028866,97.13
2022-04-07,84.8,84.91,83.87,84.63,1531251,96.8
2022-04-08,85.01,85.26,84.29,84.87,1361493,97.07
2022-04-11,84.98,85.34,84.13,84.35,1106116,96.48
2022-04-12,84.15,85,83.76,84.59,1004470,96.75
2022-04-13,84.59,84.83,83.75,84.15,1305344,96.25
2022-04-14,84.45,84.74,84.07,84.15,975901,96.25
2022-04-18,84.42,84.8,83.6,84,898653,96.08
2022-04-19,84.4,84.65,84.11,84.47,1301799,96.62
2022-04-20,85.26,86.23,84.98,86.12,1434991,98.51
2022-04-21,86.11,86.73,85.38,85.51,1386364,97.81
2022-04-22,85.41,85.67,84.52,84.7,1288203,96.88
2022-04-25,84.91,85.21,82.92,83.86,1611867,95.92
2022-04-26,83.71,84.54,82.97,82.99,1075182,94.92
2022-04-27,83,83.66,81.98,82.47,1261418,94.33
2022-04-28,82.74,83.62,82.19,83.45,1350427,95.45
2022-04-29,83,83.06,81.12,81.22,1888224,92.9
2022-05-02,81.67,82.2,79.48,80.43,1441859,92
2022-05-03,80.98,82.02,80.34,80.8,1388512,92.42
2022-05-04,81.05,82.23,80.85,82.06,1289660,93.86
2022-05-05,81.69,82.16,80.91,81.53,1450511,93.25
2022-05-06,80.97,81.66,80.19,81,2024522,92.65
2022-05-09,80.6,81.64,79.71,81.03,1968785,92.68
2022-05-10,81.03,82.12,79.45,81.21,2533584,92.89
2022-05-11,81.11,82.93,81.02,81.67,1903933,93.42
2022-05-12,81.78,81.97,79.72,80.97,1580581,92.61
2022-05-13,81.39,81.57,80.08,81.4,1425853,93.11
2022-05-16,81.63,81.73,80.54,81.29,1208559,92.98
2022-05-17,81.7,82.11,80.48,81.74,1579840,93.5
2022-05-18,82.08,82.09,80.7,81.13,1603897,92.8
2022-05-19,80.89,81.13,79.89,80.85,1556161,92.48
2022-05-20,81.18,81.28,80.26,80.99,2294849,92.64
2022-05-23,81.85,82.08,80.75,81.51,1492252,93.23
2022-05-24,81.7,83.76,81.27,83.5,1652550,95.51
2022-05-25,83.68,83.68,83,83.48,1520000,95.49
2022-05-26,84.21,84.53,83.79,83.82,1419561,95.87
2022-05-27,83.6,84.57,83.3,84.41,1390687,96.55
2022-05-31,83.49,83.96,82.66,83.22,2199791,95.19
2022-06-01,83.34,83.34,82.25,82.51,1625117,94.37
2022-06-02,82.84,82.99,81.19,82.28,2922413,94.11
2022-06-03,82.29,82.7,81.53,81.58,1623892,93.31
2022-06-06,81.86,82.21,81.2,81.44,1982687,93.15
2022-06-07,81.06,82.79,80.9,82.46,3044388,93.72
2022-06-08,82.21,82.21,80.99,81.25,2697160,92.34
2022-06-09,81.29,81.57,79.08,79.13,1308974,89.94
2022-06-10,78.33,79.18,78,78.52,1221639,89.24
2022-06-13,77.63,77.87,74.9,75.3,1848108,85.58
2022-06-14,75.28,75.64,72.66,73.29,1555685,83.3
2022-06-15,73.78,74.43,72.44,73.26,1549610,83.26
2022-06-16,72.29,72.53,71.44,72.15,1583934,82
2022-06-17,72.33,72.71,70.91,71.61,3137294,81.39
2022-06-21,71.84,72.98,71.67,72.54,1866422,82.45
2022-06-22,72.24,73.76,72.24,73.27,1832175,83.28
2022-06-23,73.41,75.12,73.33,75.06,1923796,85.31
2022-06-24,75.39,77.88,75.06,77.35,3551047,87.91
2022-06-27,77.07,78.52,76.87,78.28,2033505,88.97
2022-06-28,78.62,79.54,78.35,78.83,1896871,89.6
2022-06-29,79,79.41,78.25,78.87,1443662,89.64
2022-06-30,78.17,80.02,78.17,79.5,2545882,90.36
2022-07-01,79.82,81.31,79.49,81.11,2624234,92.19
2022-07-05,80.73,80.97,76.35,77.42,2159586,87.99
2022-07-06,77.77,78.75,77.07,77.88,1815421,88.51
2022-07-07,77.88,78.67,77.42,77.64,1462873,88.24
2022-07-08,77.52,77.82,76.92,77.21,1478746,87.75
2022-07-11,76.8,77.85,76.46,77.36,1920627,87.92
2022-07-12,76.91,78.1,76.8,77,1544448,87.52
2022-07-13,76.51,77.44,76.28,76.62,873827,87.08
2022-07-14,75.28,76.72,75.17,76.59,1049240,87.05
2022-07-15,77.24,77.32,75.98,77.21,1055256,87.75
2022-07-18,76.9,77.17,75.98,76.04,1082350,86.42
2022-07-19,76.27,76.56,75.97,76.08,1562860,86.47
2022-07-20,76.16,76.27,74.93,75.53,1934454,85.85
2022-07-21,75.33,75.97,75.05,75.94,1095564,86.31
2022-07-22,76.34,77.07,76.17,76.92,760154,87.43
2022-07-25,76.79,77.75,76.63,77.67,855597,88.28
2022-07-26,77.53,78.81,77.53,78.66,795199,89.4
2022-07-27,78.43,78.8,78.02,78.65,836023,89.39
2022-07-28,79.41,81.17,79.21,81,1139827,92.06
2022-07-29,81.04,82.32,80.92,81.93,1273217,93.12
2022-08-01,81.91,82.15,81.16,81.84,1615070,93.02
2022-08-02,82.31,82.64,81.35,81.41,1607213,92.53
2022-08-03,81.1,81.43,79.49,81.21,1844005,92.3
2022-08-04,81.16,81.69,80.49,80.59,1781060,91.59
2022-08-05,80.46,81.83,78.67,80.33,1810979,91.3
2022-08-08,81.07,81.39,80.47,80.85,1383713,91.89
2022-08-09,81.17,82.36,81.03,82.23,1145228,93.46
2022-08-10,82.58,82.86,81.93,82.66,1705254,93.95
2022-08-11,82.62,83.34,81.98,82.73,1521567,94.03
2022-08-12,83.2,83.64,82.91,83.44,1909678,94.83
2022-08-15,83.45,84.56,83.15,84.46,1186782,95.99
2022-08-16,84.29,85.22,84.18,84.48,1345247,96.02
2022-08-17,84.37,84.98,84.19,84.76,937213,96.34
2022-08-18,84.93,85.39,84.75,85.08,1384263,96.7
2022-08-19,85.28,85.81,84.88,85.65,1772875,97.35
2022-08-22,85.2,85.44,84.07,84.32,1470222,95.83
2022-08-23,84.2,84.42,83.3,83.88,905686,95.34
2022-08-24,83.95,84.35,83.44,84.24,1531968,95.74
2022-08-25,84.32,84.78,83.89,84.75,1764621,96.32
2022-08-26,84.61,84.92,83.35,83.4,1303645,94.79
2022-08-29,82.93,84.39,82.49,83.81,1040055,95.25
2022-08-30,84.06,84.06,81.96,82.12,1015583,93.34
2022-08-31,82.07,82.47,81.47,81.49,1998468,92.62
2022-09-01,81.61,82.63,81.19,82.58,1068271,93.86
2022-09-02,82.49,83.4,81.36,81.76,998374,92.93
2022-09-06,82.03,82.81,81.44,81.66,1170344,92.22
2022-09-07,82.15,84.7,82.08,84.66,1548515,95.61
2022-09-08,84.37,84.67,83.63,83.96,1247989,94.82
2022-09-09,84.23,84.93,83.77,84.66,1693135,95.61
2022-09-12,84.93,85.32,84.39,84.94,1284209,95.93
2022-09-13,84.24,84.43,81.99,82.42,1360012,93.08
2022-09-14,82.44,83.67,82.44,82.99,1126066,93.73
2022-09-15,82.54,82.54,80.61,80.74,1343467,91.18
2022-09-16,80.55,81.44,80.55,81.22,3497317,91.73
2022-09-19,80.94,81.79,80.47,81.73,1052796,92.3
2022-09-20,81.1,81.2,79.92,80.79,1456401,91.24
2022-09-21,81.39,82.36,80.06,80.1,1949757,90.46
2022-09-22,79.98,80.57,79.33,80.06,1405016,90.41
2022-09-23,79.21,79.36,77.91,78.88,1293290,89.08
2022-09-26,78.55,78.59,76.35,76.78,2105542,86.71
2022-09-27,77.06,77.36,75.01,75.36,1798831,85.11
2022-09-28,76.42,76.68,75.31,76.15,1466249,86
2022-09-29,75.85,75.85,72.79,73.04,1642099,82.49
2022-09-30,73.5,73.72,71.14,71.32,2800395,80.55
2022-10-03,72.41,73.72,71.75,73.27,1642189,82.75
2022-10-04,73.35,74.54,73.05,74.44,1197446,84.07
2022-10-05,73.49,73.49,71.63,72.11,1623587,81.44
2022-10-06,71.84,71.84,69.58,69.81,1862272,78.84
2022-10-07,69.9,70.1,67.76,68.15,1919015,76.96
2022-10-10,68.21,69.39,68.09,68.79,1441885,77.69
2022-10-11,68.43,69.62,68.19,68.96,1955083,77.88
2022-10-12,68.82,69.04,66.31,66.36,2659939,74.94
2022-10-13,65.5,68.53,64.89,68.35,2868255,77.19
2022-10-14,69.03,69.64,67.28,67.52,1447352,76.25
2022-10-17,68.24,69.55,68.24,68.81,1377495,77.71
2022-10-18,70.1,70.69,69.62,70.27,1468376,79.36
2022-10-19,69.37,70.18,68.88,69.56,1108508,78.56
2022-10-20,69.31,69.31,67.53,67.84,1622668,76.62
2022-10-21,68.07,69.27,67.45,68.69,1443153,77.58
2022-10-24,69.15,69.79,68.4,68.95,2125435,77.87
2022-10-25,69.08,70.55,68.92,70.41,2070657,79.52
2022-10-26,70.85,71.19,70.14,70.4,1197034,79.51
2022-10-27,70.88,72.02,70.74,71.09,1639618,80.28
2022-10-28,71.37,73.02,71.37,72.9,1086131,82.33
2022-10-31,72.9,72.9,71.8,72.18,1413701,81.52
2022-11-01,72.45,72.94,71.77,72.71,1360137,82.12
2022-11-02,72.48,74,71.86,71.87,1995372,81.17
2022-11-03,71.32,72.77,70.73,71.85,2189325,81.14
2022-11-04,71.97,72.93,70.86,71.75,1971337,81.03
2022-11-07,71.96,72.78,70.87,71.74,3203553,81.02
2022-11-08,72.21,73.41,71.94,72.9,2195417,82.33
2022-11-09,72.69,73.19,71.87,72.23,1972191,81.57
2022-11-10,74.18,75.62,73.02,75.53,2052664,85.3
2022-11-11,75.63,75.63,73.3,73.78,1479281,83.32
2022-11-14,73.85,74.19,73.01,73.03,1276197,82.48
2022-11-15,73.66,74.26,72.73,73.87,823972,83.42
2022-11-16,74.05,75.26,73.99,74.8,1193986,84.48
2022-11-17,74.13,74.42,73.59,74.02,1492919,83.59
2022-11-18,74.91,76.39,74.81,76.31,1689813,86.18
2022-11-21,76.5,77.39,76.17,76.82,1578991,86.76
2022-11-22,77.05,77.84,76.67,77.24,957792,87.23
2022-11-23,77.04,78.12,77.04,78.05,923233,88.14
2022-11-25,78.36,78.77,78.26,78.64,350012,88.81
2022-11-28,78.08,78.35,77.3,77.87,1056524,87.94
2022-11-29,77.48,77.62,76.89,77.25,1011049,87.24
2022-11-30,77.1,79.36,76.93,79.09,2240481,89.32
2022-12-01,79.83,80.48,78.47,78.54,1076075,88.7
2022-12-02,77.66,78.26,77.18,77.96,941877,88.04
2022-12-05,77.37,77.62,76.91,77.26,842633,87.25
2022-12-06,77.08,77.85,76.69,77.82,1175802,87.29
2022-12-07,77.75,78.17,76.9,77.21,1031184,86.61
2022-12-08,77.12,78.75,76.95,78.61,1135995,88.18
2022-12-09,78.28,79.49,78.26,79,1188516,88.61
2022-12-12,79.7,80.86,79.09,80.85,1005587,90.69
2022-12-13,82.05,82.41,80.11,81,1269390,90.86
2022-12-14,81.25,82.16,79.63,80.05,1485768,89.79
2022-12-15,79.59,80.03,78.32,78.62,1400588,88.19
2022-12-16,78,78.75,77.23,78.21,2888170,87.73
2022-12-19,77.96,78.51,77.33,77.83,836670,87.3
2022-12-20,77.85,78.09,77.26,77.74,725020,87.2
2022-12-21,77.84,79.01,77.69,78.99,918852,88.6
2022-12-22,78.49,78.8,77.35,78.77,876267,88.36
2022-12-23,78.58,79.92,78.58,79.82,791963,89.53
2022-12-27,80.03,80.59,79.52,80.48,1356744,90.28
2022-12-28,80.67,81.05,79.58,79.68,972933,89.38
2022-12-29,80.2,80.62,80,80.24,805308,90.01
2022-12-30,80.35,80.55,78.59,79.27,716588,88.92
2023-01-03,79.33,79.66,77.91,78.89,1084536,88.49
2023-01-04,79.29,80.27,78.7,79.31,1349952,88.96
2023-01-05,78.58,79,76.37,76.67,1361998,86
2023-01-06,77.37,78.96,77.18,78.74,1587066,88.32
2023-01-09,78.51,80.12,78.51,79.71,1479203,89.41
2023-01-10,79.68,79.69,78.62,79.45,1055479,89.12
2023-01-11,79.59,80.91,79.51,80.79,1427416,90.62
2023-01-12,81.05,81.05,79.87,80.01,1091643,89.75
2023-01-13,79.45,80.54,78.98,80.37,2667718,90.15
2023-01-17,80.6,80.84,79.2,79.56,2124471,89.24
2023-01-18,79.81,79.81,77.19,77.27,2359684,86.68
2023-01-19,77.25,77.25,76.44,76.7,937209,86.04
2023-01-20,76.66,77.33,75.73,77.27,970882,86.68
2023-01-23,76.89,77.51,76.4,76.65,1478145,85.98
2023-01-24,76.64,77.41,75.76,77.09,1118408,86.47
2023-01-25,76.51,77.48,76.23,77.46,1575054,86.89
2023-01-26,77.32,78.07,77.17,77.96,1138709,87.45
2023-01-27,77.77,78.29,77.5,77.72,1122109,87.18
2023-01-30,77.5,78.19,77.21,77.48,1821606,86.91
2023-01-31,77.71,77.83,76.37,77.44,2479236,86.87
2023-02-01,77.08,78.43,76.96,77.82,2930914,87.29
2023-02-02,77.99,78.74,77.12,77.32,2296450,86.73
2023-02-03,76.9,77.11,75.27,76.04,2301132,85.3
2023-02-06,75.92,76.9,75.8,76.58,1863284,85.9
2023-02-07,76.15,76.82,75.86,76.66,2005846,85.99
2023-02-08,76.31,76.31,75.14,75.53,1463799,84.72
2023-02-09,75.39,76.11,74.59,74.64,1109023,83.72
2023-02-10,74.9,76.33,74.64,76.22,1162032,85.5
2023-02-13,76.22,76.66,76.06,76.53,892569,85.84
2023-02-14,76.31,76.73,75.55,75.96,882544,85.2
2023-02-15,75.6,76.63,75.42,76.52,1093476,85.83
2023-02-16,76.01,77.13,75.5,76.53,1846643,85.84
2023-02-17,76.77,78.07,76.34,77.79,1283414,87.26
2023-02-21,77.34,77.56,76.53,76.7,1091420,86.04
2023-02-22,76.85,77.43,76.03,76.22,1134675,85.5
2023-02-23,76.64,76.64,75.3,75.74,1279421,84.96
2023-02-24,74.98,75.48,74.32,75.22,1487470,84.37
2023-02-27,75.47,76.21,74.65,74.8,957244,83.9
2023-02-28,74.42,75.03,73.71,73.74,1659773,82.71
2023-03-01,73.24,73.33,71.71,72.25,1841655,81.04
2023-03-02,72.38,73.58,71.93,73.43,1261111,82.37
2023-03-03,73.74,74.67,72.79,74.65,1543055,83.73
2023-03-06,74.69,75.28,74.38,74.75,773083,83.85
2023-03-07,74.96,75.13,73.16,73.49,955587,82.44
2023-03-08,73.56,74.17,73.22,74.13,844693,83.15
2023-03-09,74.46,75.12,73.37,73.69,887580,82.66
2023-03-10,73.92,74.07,71.88,72.26,870880,81.05
2023-03-13,72.37,75.75,72.25,74.27,1995022,83.31
2023-03-14,74.82,75.93,74.49,75.2,1196728,83.71
2023-03-15,75.04,77.15,74.61,76.57,1441757,85.24
2023-03-16,76.2,77.5,76.08,77.3,1497880,86.05
2023-03-17,77.05,77.25,75.94,76.37,2192064,85.02
2023-03-20,76.67,77.53,76.67,77.23,1022237,85.97
2023-03-21,77.07,77.13,73.7,75.22,1568622,83.74
2023-03-22,74.85,75.23,73.47,73.49,1663758,81.81
2023-03-23,73.58,74.16,72.34,72.41,1334414,80.61
2023-03-24,72.55,75.54,72.47,75.49,1159477,84.04
2023-03-27,75.92,76.3,75.24,75.45,941081,83.99
2023-03-28,75.23,76.55,75.23,75.97,871490,84.57
2023-03-29,76.5,77.36,76.5,77.26,1278380,86.01
2023-03-30,77.42,78.03,77.06,77.66,1515783,86.45
2023-03-31,77.92,78.13,77.05,77.6,1251682,86.39
2023-04-03,77.17,78.1,76.71,77.4,1370676,86.16
2023-04-04,77.59,77.85,77.23,77.62,1038117,86.41
2023-04-05,78.13,80.22,77.98,80.19,1591190,89.27
2023-04-06,80.71,81.06,79.8,80.91,1543764,90.07
2023-04-10,80.25,80.91,79.86,80.86,1592280,90.01
2023-04-11,81.01,81.16,80.47,81,1459240,90.17
2023-04-12,81.21,81.29,80.44,80.82,1629928,89.97
2023-04-13,80.36,81.21,79.38,80.94,940631,90.1
2023-04-14,80.16,80.61,79.92,80.36,1416216,89.46
2023-04-17,80.66,81.2,79.72,80.61,1225662,89.74
2023-04-18,80.24,80.62,79.27,79.31,1191307,88.29
2023-04-19,79.57,80.33,79.53,80.21,790831,89.29
2023-04-20,80.35,80.43,79.71,80.4,704431,89.5
2023-04-21,81.06,81.29,80.16,80.81,777072,89.96
2023-04-24,80.93,81.61,80.22,81.49,1004262,90.72
2023-04-25,81.53,81.91,81.34,81.53,550828,90.76
2023-04-26,80.87,81.56,79.74,79.94,755442,88.99
2023-04-27,79.84,80.8,79.49,80.59,847267,89.72
2023-04-28,80.51,80.96,79.48,79.92,872099,88.97
2023-05-01,79.69,81.34,79.34,80.51,1157168,89.63
2023-05-02,80.51,80.72,79.33,80.05,1315781,89.11
2023-05-03,80.41,80.86,79.54,79.63,789494,88.65
2023-05-04,79.85,81.09,79.25,80.62,1682779,89.75
2023-05-05,80.73,81.44,80.25,81.27,1325935,90.47
2023-05-08,80.79,81.49,79.83,80.07,1253568,89.14
2023-05-09,79.89,80.09,79.45,79.8,989220,88.84
2023-05-10,80.24,80.85,79.84,80.67,621495,89.8
2023-05-11,80.79,80.79,79.52,79.8,801521,88.84
2023-05-12,80.34,80.77,78.31,78.8,2839925,87.72
2023-05-15,79.01,79.18,75.79,76.41,2271071,85.06
2023-05-16,76.58,76.72,74.98,75.03,1780991,83.52
2023-05-17,75,75.16,74.25,74.85,1284332,83.33
2023-05-18,74.29,75.32,73.99,74.88,1256628,83.36
2023-05-19,75.31,76.41,75.03,75.56,1973329,84.12
2023-05-22,75.72,76.21,75.04,75.11,959432,83.62
2023-05-23,74.98,75.49,74.2,74.3,1436446,82.71
2023-05-24,74.21,74.8,73.71,73.78,1345899,82.13
2023-05-25,73.52,73.52,72.42,72.72,1169493,80.95
2023-05-26,72.61,72.61,71.86,72.55,1061164,80.77
2023-05-30,72.33,72.84,71.83,71.99,1268840,80.14
2023-05-31,72.15,73.33,71.76,72.82,1521572,81.07
2023-06-01,72.9,72.95,71.8,72.19,1592774,80.36
2023-06-02,71.68,73.52,71.68,72.91,2018766,81.17
2023-06-05,72.86,74.08,72.86,73.61,1317084,81.94
2023-06-06,73.96,74.41,73.09,73.26,1232614,81.55
2023-06-07,73.19,75.16,72.82,75.09,1481303,83.59
2023-06-08,74.96,75.37,74.06,75.27,972102,83.79
2023-06-09,75.36,75.38,74.81,74.88,1093643,83.36
2023-06-12,75.58,75.89,74.64,75.03,1369577,83.53
2023-06-13,74.4,75.11,74.16,74.7,2060678,82.53
2023-06-14,74.92,75.93,74.74,74.98,1344398,82.84
2023-06-15,74.99,76.16,74.83,76,1301910,83.97
2023-06-16,76.16,76.92,75.99,76.1,2814158,84.08
2023-06-20,75.83,75.93,74.87,75.02,1142170,82.88
2023-06-21,74.62,75.49,73.62,75.31,1248285,83.2
2023-06-22,75.55,75.55,74.23,74.48,785875,82.29
2023-06-23,74.7,75.05,72.91,73.16,1844965,80.83
2023-06-26,73.4,74.36,73.09,74.2,743769,81.98
2023-06-27,74.21,74.95,74.04,74.75,1069718,82.59
2023-06-28,74.74,74.74,72.99,73.18,898821,80.85
2023-06-29,72.6,73.75,72.36,73.31,822412,80.99
2023-06-30,73.33,74.19,73.33,73.92,1089454,81.67
2023-07-03,73.73,74.99,73.59,74.99,538227,82.85
2023-07-05,74.64,76.46,74.54,75.79,1492296,83.74
2023-07-06,75.2,75.82,74.52,75.38,1160510,83.28
2023-07-07,74.91,75.25,74.39,74.45,1422220,82.26
2023-07-10,74.23,74.82,73.68,74.31,1336238,82.1
2023-07-11,74.44,75.56,74.29,75.5,990515,83.42
2023-07-12,75.91,76.83,75.68,76.55,1027000,84.57
2023-07-13,76.4,77.21,76.36,77.16,1091909,85.25
2023-07-14,76.88,77.69,76.25,77.36,1371897,85.47
2023-07-17,77.19,77.34,76.21,76.42,1875691,84.43
2023-07-18,76.48,77.11,75.48,76.31,1843927,84.31
2023-07-19,76.74,77.51,76.61,77.11,1322985,85.19
2023-07-20,77.32,78.7,76.54,78.68,1629891,86.93
2023-07-21,78.93,80.24,78.6,79.91,1363805,88.29
2023-07-24,79.95,80.01,78.84,79,1704345,87.28
2023-07-25,78.87,79.87,78.75,79.67,1527774,88.02
2023-07-26,79.61,80.3,79.26,79.74,1084227,88.1
2023-07-27,79.33,79.8,78.17,78.4,1367942,86.62
2023-07-28,79.02,79.21,77.41,77.69,1090753,85.83
2023-07-31,78,78.19,77.08,77.54,1285417,85.67
2023-08-01,77.37,77.74,76.44,76.61,1194305,84.64
2023-08-02,76.55,77.05,76.17,76.38,1205679,84.39
2023-08-03,76.26,77.6,74.33,75.05,1705863,82.92
2023-08-04,75.14,75.57,73.41,73.68,1392505,81.4
2023-08-07,73.92,74.17,73.45,73.5,1228591,81.21
2023-08-08,73.54,73.69,72.61,73.63,1212140,81.35
2023-08-09,73.36,74.16,73.07,73.32,958416,81.01
2023-08-10,73.51,73.91,72.66,72.83,825331,80.47
2023-08-11,72.91,73.4,72.55,73.23,1034815,80.91
2023-08-14,73.27,73.27,72.16,72.38,1127647,79.97
2023-08-15,71.93,72.01,71.25,71.29,1522900,78.76
2023-08-16,71.77,72.27,71.43,71.98,1177606,79.53
2023-08-17,71.86,72.82,71.66,71.68,1143058,79.19
2023-08-18,71.8,73.09,71.77,72.93,1665104,80.57
2023-08-21,72.73,72.97,71.84,72.47,1373241,80.07
2023-08-22,72.31,72.83,72.2,72.68,1126540,80.3
2023-08-23,72.91,72.94,72.11,72.7,1063108,80.32
2023-08-24,72.4,73.57,72.25,72.39,1449372,79.98
2023-08-25,72.69,73.29,72.52,72.82,1054420,80.45
2023-08-28,72.96,73.39,72.55,72.7,1098998,80.32
2023-08-29,72.93,73.29,72.68,72.9,1328013,80.54
2023-08-30,72.87,73.31,72.38,72.77,735175,80.4
2023-08-31,72.95,73,71.74,71.75,1071051,79.27
2023-09-01,72.33,72.33,70.38,71.01,911319,78.45
2023-09-05,70.89,70.93,69.38,69.95,1123574,77.28
2023-09-06,70.13,70.34,69.73,70.3,1205966,77.67
2023-09-07,70.68,71.71,70.68,71.23,1001951,78.7
2023-09-08,71.31,72.01,71.21,71.88,1393634,79.41
2023-09-11,71.72,72.25,71.57,71.75,980272,79.27
2023-09-12,71.89,71.99,71.28,71.84,1559120,78.74
2023-09-13,72.01,73.56,71.95,73.08,1420263,80.1
2023-09-14,73.31,73.98,73.23,73.94,1094871,81.04
2023-09-15,73.74,74.49,73.55,73.69,1577616,80.77
2023-09-18,73.72,74.13,73.15,73.61,1310410,80.68
2023-09-19,73.68,73.97,73.18,73.19,1219836,80.22
2023-09-20,73.64,74.31,73.12,73.39,1016702,80.44
2023-09-21,73.41,73.84,72.68,73.1,1166887,80.12
2023-09-22,72.74,73.52,72.6,73.18,1934546,80.21
2023-09-25,72.55,73.16,71.73,72.58,1128160,79.55
2023-09-26,72.5,72.69,69.81,70.12,1680514,76.85
2023-09-27,70.02,70.28,69.13,69.44,1668860,76.11
2023-09-28,69.91,69.99,67.81,67.92,1945242,74.44
2023-09-29,68.52,68.97,67.93,68.27,1828969,74.83
2023-10-02,68.02,68.06,64.3,64.9,2623284,71.13
2023-10-03,64.46,66.38,63.6,66.21,2197866,72.57
2023-10-04,66.68,66.71,65.11,66.45,1517598,72.83
2023-10-05,66.33,67.12,65.98,66.83,1728691,73.25
2023-10-06,65.97,67.77,65.17,67.52,1594578,74
2023-10-09,67.52,68.52,67.33,68.48,1567833,75.06
2023-10-10,68.5,69.64,68.42,69.5,2082551,76.17
2023-10-11,69.95,70.66,69.33,70.61,1817680,77.39
2023-10-12,70.3,70.73,69.42,70,2026323,76.72
2023-10-13,70.83,71.27,70.41,71.12,2443258,77.95
2023-10-16,71.26,71.8,70.78,71.46,1992840,78.32
2023-10-17,71,72.03,70.95,71.53,1777932,78.4
2023-10-18,71.54,71.91,70.96,71.61,2760209,78.49
2023-10-19,71.27,71.83,70.78,70.85,1641810,77.65
2023-10-20,71,71.49,69.62,69.64,2380067,76.33
2023-10-23,68.3,69.29,66.73,68.5,2867621,75.08
2023-10-24,69.3,70.06,69.16,69.67,1905105,76.36
2023-10-25,69.37,70.29,69.26,70.12,1752194,76.85
2023-10-26,70.3,71.27,69.84,70.3,1594301,77.05
2023-10-27,69.91,70.28,68.56,68.77,1582135,75.38
2023-10-30,69,69.58,67.83,68.46,1793144,75.04
2023-10-31,68.83,69.28,68.12,69.08,1550533,75.71
2023-11-01,69.22,70.64,68.47,70.11,1585124,76.84
2023-11-02,69.88,71.98,69.85,71.27,1531626,78.12
2023-11-03,72.42,72.51,71.56,71.63,1198555,78.51
2023-11-06,71.58,71.82,71.12,71.42,1323995,78.28
2023-11-07,71.47,71.47,70.75,71.16,1770473,78
2023-11-08,70.85,70.85,69.79,70.79,1535353,77.59
2023-11-09,71.47,72.53,69.02,69.43,2396057,76.1
2023-11-10,70.16,70.24,69.03,69.59,1378071,76.27
2023-11-13,69.57,69.64,68.16,68.23,1960457,74.78
2023-11-14,69.64,71.07,69.6,70.57,1747989,77.35
2023-11-15,70.41,71.68,70.3,70.87,1716793,77.68
2023-11-16,71.36,72.04,69.91,70.05,3168626,76.78
2023-11-17,70.4,70.4,69.64,70.36,1949623,77.12
2023-11-20,70.05,70.6,69.13,70.09,1395666,76.82
2023-11-21,70.12,70.33,69.35,69.98,1608917,76.7
2023-11-22,70.45,70.45,69.65,70.25,1626308,77
2023-11-24,70.17,70.58,69.84,70.41,646314,77.17
2023-11-27,70.4,70.92,69.99,70.67,1731374,77.46
2023-11-28,70.64,71.71,70.48,71.03,1653282,77.85
2023-11-29,71.16,71.81,70.15,70.24,1563919,76.99
2023-11-30,70.42,70.86,70.06,70.79,2940509,77.59
2023-12-01,70.82,72.06,70.59,72.05,1981151,78.97
2023-12-04,71.55,72.37,71.31,71.65,1929361,78.53
2023-12-05,71.79,71.79,70.71,70.91,1487958,77.72
2023-12-06,71.4,72.2,71.04,72.16,1925331,79.09
2023-12-07,72.31,72.54,71.57,71.83,1680500,78.73
2023-12-08,71.89,72.12,70.96,71.18,1619441,78.02
2023-12-11,70.95,71.45,70.77,71.33,2177337,78.18
2023-12-12,71.26,71.77,70.67,71.71,1964619,77.96
2023-12-13,71.66,74.83,71.3,74.8,2416287,81.32
2023-12-14,75.19,75.5,68.59,69,7698224,75.02
2023-12-15,67.58,68.13,65.13,65.98,7428269,71.73
2023-12-18,66.23,67.03,64.98,65.43,4240822,71.14
2023-12-19,65.37,66.61,65.31,66.55,2440866,72.35
2023-12-20,66.53,66.81,66.03,66.26,3392604,72.04
2023-12-21,66.32,66.82,65.43,66.32,2349952,72.1
2023-12-22,66.77,67.25,66.17,66.29,2006022,72.07
2023-12-26,66.27,66.56,65.89,66.01,1658140,71.77
2023-12-27,65.93,66.46,65.57,65.95,1509544,71.7
2023-12-28,65.76,66.66,65.74,66.5,1059950,72.3
2023-12-29,66.2,66.8,66.01,66.54,1181728,72.34
2024-01-02,66.34,68.07,66.06,68.06,1531229,74
2024-01-03,68.06,68.28,67.3,67.76,2090834,73.67
2024-01-04,67.48,68.42,67.31,67.98,1939911,73.91
2024-01-05,67.92,68.39,67.46,68.11,1411100,74.05
2024-01-08,67.93,68.75,67.69,68.67,1612212,74.66
2024-01-09,68.37,68.75,67.88,68.08,1752140,74.02
2024-01-10,67.93,68.37,67.83,67.86,1248699,73.78
2024-01-11,67.56,67.56,65.76,66.41,1780933,72.2
2024-01-12,66.81,67.04,65.94,66.12,1920654,71.89
2024-01-16,65.79,65.98,65.14,65.5,1933852,71.21
2024-01-17,65.34,66.18,64.56,64.68,1531409,70.32
2024-01-18,64.26,64.32,63.46,64.03,2216516,69.61
2024-01-19,64.21,64.36,63.41,63.72,2365620,69.28
2024-01-22,63.62,64.19,63.02,63.33,1847199,68.85
2024-01-23,63.3,63.7,62.88,63.48,1915249,69.02
2024-01-24,63.92,64.08,62.27,62.88,2265784,68.36
2024-01-25,63.29,64.14,63.21,64.09,1779424,69.68
2024-01-26,64.34,64.6,63.5,63.93,2696655,69.51
2024-01-29,64.04,64.49,63.58,64.19,1500231,69.79
2024-01-30,64.06,64.84,63.24,64.41,2351175,70.03
2024-01-31,65.06,65.13,63.6,63.99,1788980,69.57
2024-02-01,63.68,65.18,63.31,65.03,2245579,70.7
2024-02-02,64.33,64.55,63.56,63.84,1765790,69.41
2024-02-05,63.29,63.35,62.41,62.52,2619837,67.97
2024-02-06,62.29,63.2,62.12,62.89,2215922,68.38
2024-02-07,63.08,63.18,62.41,63.18,1715499,68.69
2024-02-08,62.78,62.85,61.92,62.47,1658197,67.92
2024-02-09,62.32,63.32,62.12,63.19,1885819,68.7
2024-02-12,63.24,63.81,62.78,63.62,1263585,69.17
2024-02-13,63.58,63.79,61.65,62.79,1715527,68.27
2024-02-14,62.89,63.29,62.25,63.11,1359198,68.61
2024-02-15,63.28,64.45,63.12,63.96,2583410,69.54
2024-02-16,63.91,64.46,63.1,63.93,3362713,69.51
2024-02-20,64,64.99,63.75,64.26,1530441,69.87
2024-02-21,64.62,65.81,64.36,65.67,2469213,71.4
2024-02-22,65.25,65.42,64.28,65.13,2749255,70.81
2024-02-23,65.25,66.57,64.82,65.86,2918035,71.6
2024-02-26,65.63,65.66,64.64,65.15,2218667,70.83
2024-02-27,65.4,65.88,65.03,65.6,1362640,71.32
2024-02-28,65.62,66.1,65.36,65.76,1324281,71.49
2024-02-29,66.02,66.5,65.46,65.48,3395590,71.19
2024-03-01,65.32,65.66,64.21,65.6,1963672,71.32
2024-03-04,65.03,67.1,65.03,66.84,2185110,72.67
2024-03-05,67.11,67.89,66.19,66.33,2734640,72.12
2024-03-06,66.97,67.72,66.63,67.25,1492391,73.12
2024-03-07,67.76,67.84,67.05,67.22,1525071,73.08
2024-03-08,67.26,67.7,66.69,67.15,1408750,73.01
2024-03-11,67.22,67.96,67.19,67.74,1578287,73.65
2024-03-12,67.44,67.99,66.68,67.13,1748825,72.32
2024-03-13,67.36,67.77,66.78,67.2,1261390,72.4
2024-03-14,66.84,67.12,65.53,66.26,1491765,71.38
2024-03-15,65.72,66.98,65.72,66.44,3478431,71.58
2024-03-18,66.4,67.12,66.2,66.8,1999650,71.97
2024-03-19,66.83,67.45,66.62,66.93,1083135,72.11
2024-03-20,66.79,67.35,66.37,66.88,1235995,72.05
2024-03-21,67,67.36,66.62,66.65,1451347,71.8
2024-03-22,67.27,67.27,66.38,66.54,1148046,71.68
2024-03-25,66.82,66.85,66.04,66.31,1368858,71.44
2024-03-26,66.28,66.59,65.51,65.88,988668,70.97
2024-03-27,66.28,67.91,66.01,67.9,1404035,73.15
2024-03-28,67.91,68.75,67.66,68.65,1945777,73.96
2024-04-01,68.53,68.56,67.57,67.98,1441634,73.24
2024-04-02,67.98,69.01,67.98,68.5,1232588,73.8
2024-04-03,68.49,68.73,67.76,67.9,1935438,73.15
2024-04-04,68.41,68.59,67.02,67.66,1259781,72.89
2024-04-05,67.24,67.86,66.63,67.49,1585467,72.71
2024-04-08,67.47,68.23,67.46,68.08,1370881,73.34
2024-04-09,68.32,68.69,68.01,68.68,1147112,73.99
2024-04-10,66.74,67.27,66.06,67.09,1457752,72.28
2024-04-11,67.54,67.63,66.52,66.88,1008672,72.05
2024-04-12,66.99,67.22,65.96,66.61,971781,71.76
2024-04-15,66.94,67.16,65.9,66.44,1214164,71.58
2024-04-16,66.24,66.3,65.07,65.29,1105316,70.34
2024-04-17,65.88,66.95,65.53,66.77,1279044,71.93
2024-04-18,66.97,67.44,66.49,67.31,1073161,72.51
2024-04-19,67.52,68.8,67.44,68.58,1266327,73.88
2024-04-22,68.47,69.3,68.07,69.04,1480237,74.38
2024-04-23,68.86,69.58,68.5,68.71,1108556,74.02
2024-04-24,68.18,69.58,67.69,69.35,1006238,74.71
2024-04-25,69.37,69.64,68.57,69.39,1106309,74.76
2024-04-26,69.23,69.47,68.36,68.37,1201406,73.66
2024-04-29,68.72,69.19,68.59,69.01,1393094,74.35
2024-04-30,68.65,69.33,67.81,68.57,1447103,73.87
2024-05-01,68.38,69.75,68.16,69.14,1554213,74.49
2024-05-02,69.38,69.87,69.07,69.85,1216744,75.25
2024-05-03,69.7,70.25,67.48,68.77,2662215,74.09
2024-05-06,68.98,69.08,68.39,68.6,1886051,73.9
2024-05-07,69.15,69.15,68.38,69.02,2636180,74.36
2024-05-08,68.91,69.51,68.62,68.9,1642003,74.23
2024-05-09,68.87,69.77,68.64,69.4,1386337,74.77
2024-05-10,69.62,69.79,68.93,69.06,2286300,74.4
2024-05-13,69.25,69.63,68.79,69.12,2167756,74.47
2024-05-14,69.41,69.68,68.93,69.51,2954364,74.88
2024-05-15,70.23,70.68,69.71,69.92,3381992,75.33
2024-05-16,69.98,70.4,69.39,69.52,2781771,74.9
2024-05-17,69.54,69.9,68.75,69.38,1826400,74.74
2024-05-20,69.33,69.49,68.89,69.06,1734456,74.4
2024-05-21,68.96,69.67,68.75,69.21,1548055,74.56
2024-05-22,68.88,69.04,67.9,67.95,1763410,73.2
2024-05-23,67.54,67.55,66.35,66.37,2198347,71.5
2024-05-24,66.51,66.72,65.66,66.22,1376824,71.34
2024-05-28,66.22,66.77,65.95,66.12,1598798,71.23
2024-05-29,65.72,65.72,64.98,65.07,976496,70.1
2024-05-30,65.63,66.42,65.24,66.38,2069649,71.51
2024-05-31,66.74,68.18,66.53,68.1,3160448,73.37
2024-06-03,68.24,68.84,67.96,68.48,1977666,73.77
2024-06-04,68.39,68.63,67.89,68.42,1068278,73.71
2024-06-05,68.18,68.25,67.08,67.18,974446,72.37
2024-06-06,66.97,67.6,66.6,66.92,1216088,72.1
2024-06-07,66.29,66.62,65.96,65.97,1153988,71.07
2024-06-10,66.05,66.65,65.74,66.37,1541264,71.5
2024-06-11,65.7,66.48,65.33,66.34,1032984,71.47
2024-06-12,67.04,67.19,65.45,65.72,1476342,70.14
2024-06-13,65.72,66.12,65.21,65.59,2090065,70
2024-06-14,65.29,65.95,65.14,65.7,1089740,70.12
2024-06-17,65.36,66.17,65.14,65.97,1457419,70.4
2024-06-18,65.74,66.25,65.42,65.77,1483253,70.19
2024-06-20,65.91,66.86,65.56,66.58,1699422,71.06
2024-06-21,66.67,67.23,65.7,65.82,3325424,70.25
2024-06-24,65.83,66.78,65.83,66.67,1197486,71.15
2024-06-25,66.59,66.59,65.68,65.73,1283748,70.15
2024-06-26,65.38,65.85,65.02,65.71,1016042,70.13
2024-06-27,65.76,66.6,65.75,66.47,1381079,70.94
2024-06-28,66.71,66.83,65.86,66.63,2583461,71.11
2024-07-01,66.79,67.25,66.1,66.29,1812695,70.75
2024-07-02,66.46,67.21,66.4,67,2591630,71.5
2024-07-03,67,67.31,66.11,66.12,785499,70.56
2024-07-05,66.05,66.71,65.73,66.01,2445380,70.45
2024-07-08,66.02,66.4,65.77,66.26,1245481,70.71
2024-07-09,66.1,67.01,65.84,66.86,1721916,71.36
2024-07-10,67.18,67.31,66.42,67.29,1063241,71.81
2024-07-11,67.62,68.95,67.34,68.51,1097570,73.12
2024-07-12,68.83,69.87,68.65,69.23,1032279,73.88
2024-07-15,68.73,69.18,67.77,68.17,1014635,72.75
2024-07-16,68.63,69.32,68.07,69.27,931344,73.93
2024-07-17,69.44,71.15,69.44,70.5,886197,75.24
2024-07-18,70.13,71.64,70.13,70.32,1062243,75.05
2024-07-19,71.1,71.1,69.65,70.11,1065100,74.82
2024-07-22,70.26,71.03,70.15,70.97,1332276,75.74
2024-07-23,70.86,71.11,70.28,70.35,1288765,75.08
2024-07-24,71.01,72.38,70.56,72.19,1429395,77.04
2024-07-25,72.63,74.26,72.1,72.66,2258061,77.55
2024-07-26,72.77,73.54,72.49,73.12,976386,78.04
2024-07-29,73.06,73.61,72.23,73.27,1191249,78.2
2024-07-30,73.14,74.6,73.08,74.51,1304625,79.52
2024-07-31,74.42,74.55,73.84,74.28,1267531,79.27
2024-08-01,74.27,76.37,74.27,76.14,1533651,81.26
2024-08-02,77.46,78.55,75.67,77.33,2132414,82.53
2024-08-05,78.97,79.08,75.12,75.14,1708728,80.19
2024-08-06,75.2,76.22,74.9,75.49,1455770,80.56
2024-08-07,75.49,76.48,75.33,75.42,1695628,80.49
2024-08-08,74.9,75.81,74.54,75.15,1458466,80.2
2024-08-09,75.07,75.51,73.94,75.25,1351561,80.31
2024-08-12,75.09,75.33,74.78,75.26,1084744,80.32
2024-08-13,75.64,76.36,74.97,76.18,1438460,81.3
2024-08-14,75.91,76.61,75.62,76.14,827481,81.26
2024-08-15,75.7,76.45,75.49,76.22,1015859,81.34
2024-08-16,76.76,77.25,76.21,76.93,1463807,82.1
2024-08-19,76.98,77.62,76.89,77.31,924097,82.51
2024-08-20,77.33,77.68,76.8,77.04,772250,82.22
2024-08-21,77.05,77.37,76.88,77.16,749256,82.35
2024-08-22,77.23,77.45,76.78,77.11,977076,82.29
2024-08-23,77.39,77.39,76.8,76.88,765117,82.05
2024-08-26,77.13,77.73,76.83,77.37,1100746,82.57
2024-08-27,77.32,77.34,76.41,76.51,966361,81.65
2024-08-28,76.78,77.49,76.37,77.15,1414659,82.34
2024-08-29,77.24,77.53,76.19,77.1,1233726,82.28
2024-08-30,77.17,77.69,76.76,77.31,1168009,82.51
2024-09-03,77.42,78.5,76.95,78.03,2240366,83.28
2024-09-04,78.43,79.19,78.01,78.54,1447326,83.82
2024-09-05,79.22,79.27,78.26,78.47,1235888,83.74
2024-09-06,78.65,78.74,77.87,77.92,1076049,83.16
2024-09-09,77.95,79.33,77.67,79.26,2181925,84.59
2024-09-10,79.21,80.18,79.16,79.56,1480304,84.91
2024-09-11,79.38,79.48,78.19,79.09,1153205,83.74
2024-09-12,79.1,79.47,78.53,78.86,1404512,83.5
2024-09-13,78.9,79.47,78.84,79.33,989127,83.99
2024-09-16,80.43,81.06,79.97,80.72,1158567,85.47
2024-09-17,80.62,80.87,80.06,80.3,1695365,85.02
2024-09-18,80.21,80.5,79.37,79.92,921567,84.62
2024-09-19,79.34,79.8,78.34,78.98,1193986,83.62
2024-09-20,79.66,81.08,79.25,80.86,3814209,85.62
2024-09-23,81.2,81.37,80.66,80.88,1034268,85.64
2024-09-24,80.5,81.7,80.06,80.67,923511,85.41
2024-09-25,81.13,81.57,80.26,81.54,1860376,86.34
2024-09-26,81.02,82.26,81.02,81.28,1357243,86.06
2024-09-27,81.68,82.22,81.28,81.69,1107866,86.49
2024-09-30,81.93,82.74,81.36,82.6,1617528,87.46
2024-10-01,82.75,83.11,81.96,82.64,1014627,87.5
2024-10-02,82.13,82.81,81.68,82.55,1235391,87.4
2024-10-03,82.87,83.22,82.26,83.13,1360062,88.02
2024-10-04,82.08,83.04,81.88,82.87,1182075,87.74
2024-10-07,82.86,82.94,82.14,82.3,2431201,87.14
2024-10-08,82.68,82.77,81.75,81.93,2021774,86.75
2024-10-09,81.56,82.22,81.07,81.58,2310286,86.38
2024-10-10,82.04,82.23,80.99,81.04,1192793,85.81
2024-10-11,81.27,81.8,81.05,81.65,1011943,86.45
2024-10-14,81.72,82.54,81.7,82.4,798383,87.25
2024-10-15,82.95,83.6,82.5,83.05,1287998,87.93
2024-10-16,83.24,83.96,83,83.8,866298,88.73
2024-10-17,83.66,83.94,82.74,83.41,1995271,88.31
2024-10-18,83.29,83.97,82.68,83.91,952324,88.84
2024-10-21,84.04,84.13,83.06,83.33,1208521,88.23
2024-10-22,82.86,83.14,82.37,82.89,884344,87.76
2024-10-23,83.17,84.26,83.07,84.25,937276,89.2
2024-10-24,84.38,84.57,83.9,84.07,945341,89.01
2024-10-25,84.48,84.51,82.83,82.92,772305,87.8
2024-10-28,83.31,83.63,83.13,83.23,693585,88.12
2024-10-29,82.68,82.68,81.16,81.23,1137221,86.01
2024-10-30,81.78,81.97,81.23,81.8,1088342,86.61
2024-10-31,81.93,83.25,81.84,82.27,1664009,87.11
2024-11-01,82.21,82.52,80.69,81.11,1884620,85.88
2024-11-04,80.74,81.39,80.53,81.24,1808211,86.02
2024-11-05,81.22,82.8,80.93,82.79,1391998,87.66
2024-11-06,82.06,83.63,81.99,82.9,1799718,87.77
2024-11-07,82.04,83.57,80.94,81.74,2920539,86.55
2024-11-08,82.24,85.56,81.88,85.18,2268955,90.19
2024-11-11,85.19,87.54,84.79,87.17,2202667,92.3
2024-11-12,87.02,87.62,86.54,86.92,1633245,92.03
2024-11-13,87.44,87.44,85.77,86.31,2798760,91.39
2024-11-14,86.23,86.37,84.68,84.74,1890501,89.72
2024-11-15,84.57,86.21,84.57,86.15,1447521,91.22
2024-11-18,85.93,87.43,85.82,87.22,1564017,92.35
2024-11-19,86.98,87.17,86.2,87,1097015,92.12
2024-11-20,87.03,87.44,86.62,87.12,1000407,92.24
2024-11-21,87.23,88.98,86.84,88.75,1426419,93.97
2024-11-22,88.83,89.21,88.37,88.6,1108525,93.81
2024-11-25,88.78,89.36,88.13,88.34,1511971,93.53
2024-11-26,88.67,89.21,88.41,89.03,803565,94.27
2024-11-27,89.55,90.38,89.34,89.7,1054919,94.98
2024-11-29,89.65,89.77,88.96,89.15,586667,94.39
2024-12-02,89.54,89.54,87.67,87.72,1191641,92.88
2024-12-03,88.19,88.57,86.68,86.7,920372,91.8
2024-12-04,86.83,87.68,86.39,87.3,1216195,92.43
2024-12-05,87.38,87.87,87.09,87.15,1012534,92.28
2024-12-06,87.21,87.49,86.63,86.69,725697,91.79
2024-12-09,86.65,87.04,85.89,86.11,1144805,91.17
2024-12-10,85.95,86.65,84.53,86.17,1583474,91.24
2024-12-11,86.31,86.4,85.23,85.49,1054583,89.85
2024-12-12,85.81,86.54,85.3,85.43,1132685,89.79
2024-12-13,85.29,85.97,85.05,85.48,672852,89.84
2024-12-16,85.4,85.4,84.4,84.42,1099612,88.73
2024-12-17,83.74,84.87,83.74,84.37,1140099,88.68
2024-12-18,84.17,84.62,82.69,82.71,2403535,86.93
2024-12-19,82.7,85.64,82.2,84.27,2888618,88.57
2024-12-20,84.08,84.98,83.61,84.95,3711303,89.29
2024-12-23,84.65,85.5,83.9,85.34,1336326,89.69
2024-12-24,85.23,86.49,85,86.48,845312,90.89
2024-12-26,86.12,86.68,85.85,86.29,1095375,90.69
2024-12-27,85.58,86.44,85.53,85.74,899968,90.12
2024-12-30,85.41,85.49,84.61,85.27,870652,89.62
2024-12-31,85.63,85.78,84.41,84.81,1285518,89.14
2025-01-02,85.59,85.69,84.37,84.67,927223,88.99
2025-01-03,84.73,85.44,84.46,84.54,1059417,88.85
2025-01-06,84.16,84.37,82.6,82.65,1045831,86.87
2025-01-07,82.88,84.17,82.81,83.69,1294153,87.96
2025-01-08,83.49,84.95,83.08,84.91,1476571,89.24
2025-01-10,84.38,84.85,83.64,83.77,1095629,88.04
2025-01-13,83.9,84.63,83.3,84.5,955673,88.81
2025-01-14,84.49,85.56,84.43,85.06,1174573,89.4
2025-01-15,85.95,87.06,85.88,86.7,1304947,91.12
2025-01-16,86.56,89.34,86.43,89.3,1142522,93.86
2025-01-17,89.01,90.32,88.78,89.6,1351308,94.17
2025-01-21,90.76,92.04,90.54,91.57,1506203,96.24
2025-01-22,91.21,91.37,88.59,88.82,1158264,93.35
2025-01-23,89.26,89.53,88.55,88.78,1138387,93.31
2025-01-24,88.28,89.67,88.28,89.55,743578,94.12
2025-01-27,89.94,90.18,87.41,89.56,2453584,94.13
2025-01-28,89.64,89.75,87.96,88.69,1137414,93.22
2025-01-29,88.84,89.35,88.04,88.28,912846,92.79
2025-01-30,89.36,89.64,88.7,89.54,790535,94.11
2025-01-31,89.44,90.16,89.1,89.63,1686934,94.2
2025-02-03,89.4,91.56,88.64,91.35,1724882,96.01
2025-02-04,90.51,90.94,89.53,90.85,2097118,95.49
2025-02-05,91.81,92.57,91.37,91.93,1793526,96.62
2025-02-06,92.2,92.26,90.97,92.05,1745409,96.75
2025-02-07,92.42,92.64,91.4,92.38,1581263,97.09
2025-02-10,92.32,93.23,91.69,92.48,1984326,97.2
2025-02-11,92.17,93.48,91.81,93.41,2005133,98.18
2025-02-12,92.22,93.56,91.93,92.54,2103882,97.26
2025-02-13,92.79,93.9,92.66,93.5,2629020,98.27
2025-02-14,94.04,95.73,92.67,93.31,3561331,98.07
2025-02-18,93.67,93.73,92.79,93.57,2043733,98.34
2025-02-19,93.75,93.87,92.53,93.15,2112475,97.9
2025-02-20,92.8,93.07,91.9,92.49,2594298,97.21
2025-02-21,92.15,93.94,91.99,93.76,4117876,98.54
2025-02-24,94,94.93,93.16,94.04,2142978,98.84
2025-02-25,93.88,94.87,93.67,94.58,1602633,99.41
2025-02-26,94.16,94.87,93.94,94.51,1131815,99.33
2025-02-27,93.89,95.22,93.5,94.64,1374726,99.47
2025-02-28,95.53,96.81,95.02,96.63,1852409,101.56
2025-03-03,96.56,98.83,96.08,98.64,2261473,103.67
2025-03-04,98.75,99.05,95.02,95.14,2791420,100
2025-03-05,94.3,95.29,93.62,93.94,1543214,98.73
2025-03-06,93.7,93.7,91.9,92.42,1600118,97.14
2025-03-07,92.46,94.55,92.26,93.8,2539298,98.59
2025-03-10,94,95.82,93.47,94.43,2308456,99.25
2025-03-11,94.28,95.16,93.47,93.79,2232716,97.87
2025-03-12,93.26,94.13,93.04,93.39,2037832,97.45
2025-03-13,93.64,94.46,93.29,93.88,1491947,97.96
2025-03-14,93.57,95.47,93.38,94.99,1827679,99.12
2025-03-17,95.19,96.67,94.91,96.53,2861923,100.73
2025-03-18,95.88,96.44,94.91,95.69,1358949,99.85
2025-03-19,95.46,96.27,94.95,95.89,2172805,100.06
2025-03-20,96.2,96.28,95.33,95.8,2262674,99.97
2025-03-21,94.8,95.66,94.06,94.79,3577445,98.91
2025-03-24,95.05,95.77,94.54,94.69,1146679,98.81
2025-03-25,94.37,94.81,92.56,93.13,1395199,97.18
2025-03-26,93.14,95.12,92.94,94.76,1334684,98.88
2025-03-27,94.98,95.24,94.33,94.52,1761797,98.63
2025-03-28,95.38,95.9,95.03,95.54,1797846,99.7
2025-03-31,95.81,97.61,95.66,96.21,3045266,100.4
2025-04-01,95.95,96.66,95.44,96.47,1853362,100.67
2025-04-02,96.87,97.39,95.9,96.64,1916702,100.84
2025-04-03,97.64,98.65,96.69,97.44,3775587,101.68
2025-04-04,98.21,98.26,91.09,91.8,3099087,95.79
2025-04-07,90.34,92.64,88.64,90.41,2606325,94.34
2025-04-08,92.47,93.24,89.44,90.3,2440466,94.23
2025-04-09,89.67,93.54,87.94,92.33,2418211,96.35
2025-04-10,92.12,94.24,90.8,92.69,2098124,96.72
2025-04-11,92.33,94.19,91.31,93.46,1321309,97.53
2025-04-14,94,95.21,93.09,94.88,1880993,99.01
2025-04-15,95.16,95.9,94.75,94.9,1668642,99.03
2025-04-16,95.23,95.48,93.49,93.91,1231586,98
2025-04-17,94.3,95.66,93.99,94.54,1747674,98.65
2025-04-21,93.99,94.15,91.3,92.46,1248049,96.48
2025-04-22,92.96,95.27,92.53,95.02,2168695,99.15
2025-04-23,94.66,95.51,93.62,94.52,1055015,98.63
2025-04-24,94.27,95.42,93.84,94.8,847539,98.92
2025-04-25,94.59,94.87,93.68,94.18,1489276,98.28
2025-04-28,94.15,95.27,93.87,94.77,1203225,98.89
2025-04-29,94.44,95.37,94.17,95.07,979961,99.21
2025-04-30,95.52,95.67,93.37,95.1,1755351,99.24
2025-05-01,94.77,95.43,93.79,94,1537828,98.09
2025-05-02,94.76,95.96,92.16,95.33,2663915,99.48
2025-05-05,95.21,95.72,94.42,95.4,1633238,99.55
2025-05-06,95.35,95.94,95.02,95.31,1129958,99.46
2025-05-07,95.2,95.95,95.03,95.39,1105161,99.54
2025-05-08,94.98,95.33,93.48,93.61,2349591,97.68
2025-05-09,93.61,93.72,92.64,93.34,1295275,97.4
2025-05-12,92.89,92.89,91.01,91.44,1314430,95.42
2025-05-13,90.51,91.24,90.16,90.39,3421864,94.32
2025-05-14,90.49,91.32,89.38,91.05,2659115,95.01
2025-05-15,91.79,92.88,91.4,92.78,1659490,96.82
2025-05-16,92.62,93.95,92.36,93.93,1254654,98.02
2025-05-19,93.73,94.87,93.42,94.84,1751045,98.97
2025-05-20,94.51,95.4,94.29,94.47,1236070,98.58
2025-05-21,94.08,94.23,92.16,92.48,1928878,96.5
2025-05-22,91.95,92.18,90.46,91.42,1861300,95.4
2025-05-23,92.25,92.46,90.99,92.28,1451852,96.3
2025-05-27,92.91,92.96,92,92.66,993635,96.69
2025-05-28,92.35,92.55,91.12,91.35,1106931,95.32
2025-05-29,90.81,92.22,90.15,92.16,1042039,96.17
2025-05-30,91.99,93.11,91.99,92.84,2370624,96.88
2025-06-02,92.33,93.23,91.99,93.1,1279173,97.15
2025-06-03,93.26,93.63,92.19,93.26,1887167,97.32
2025-06-04,93.12,93.68,92.36,92.48,2089396,96.5
2025-06-05,92.53,92.77,91.88,92.02,2293784,96.02
2025-06-06,92.22,92.5,91.5,92.04,1458001,96.04
2025-06-09,91.82,92.5,91.24,91.93,2344413,95.93
2025-06-10,92.19,92.64,91.68,92.34,1732363,95.64
2025-06-11,92.5,92.81,92.31,92.54,1512800,95.85
2025-06-12,92.83,93.92,92.67,93.81,2001809,97.17
2025-06-13,93.99,94.07,92.13,92.39,1349987,95.7
2025-06-16,92.79,93.19,90.97,91.53,1203713,94.81
2025-06-17,91.41,91.48,90.27,91.12,1409156,94.38
2025-06-18,91.2,91.56,90.62,91.16,1749346,94.42
2025-06-20,91.28,92.48,91.15,91.42,2508096,94.69
2025-06-23,91.92,93.08,91.92,92.69,1432101,96.01
2025-06-24,92.68,93.43,92.5,93.04,1692928,96.37
2025-06-25,92.95,92.95,91.44,91.81,2028970,95.1
2025-06-26,91.9,92.35,91.38,92.08,1663016,95.38
2025-06-27,92.08,92.81,91.76,92.02,2259869,95.31
2025-06-30,91.74,92.76,91.74,92.72,2377190,96.04
2025-07-01,92.78,93.37,91.84,93.06,1618869,96.39
2025-07-02,92.83,93.2,91.35,92.18,1569649,95.48
2025-07-03,91.79,92.92,91.79,92.7,637604,96.02
2025-07-07,92.7,93.08,92.12,92.62,1468414,95.93
2025-07-08,91.85,92.33,90.95,91.72,1686346,95
2025-07-09,91.96,92.06,90.97,91.91,2150589,95.2
2025-07-10,91.35,93.12,91.1,92.96,1785908,96.29
2025-07-11,92.51,93.27,92.22,92.88,1155767,96.2
2025-07-14,92.83,93.74,92.31,93.18,1549565,96.51
2025-07-15,92.7,93.26,91.89,92.44,1552806,95.75
2025-07-16,92.52,93.57,91.86,93.5,1994975,96.85
2025-07-17,93.2,94.19,92.94,93.92,1327032,97.28
2025-07-18,94.11,95.49,94.11,95.29,1383483,98.7
2025-07-21,95.31,96.43,95.29,95.88,1249401,99.31
2025-07-22,96.13,97.5,95.9,97.43,1319061,100.92
2025-07-23,97.52,98.07,96.08,96.47,1277861,99.92
2025-07-24,96.61,96.94,96.12,96.58,1031615,100.04
2025-07-25,96.72,96.92,96.42,96.64,1059004,100.1
2025-07-28,96.47,96.51,94.65,94.92,1965130,98.32
2025-07-29,95.35,96.42,94.98,96.37,1326615,99.82
2025-07-30,96.42,97.42,96.19,96.39,2117408,99.84
2025-07-31,96.04,97.74,95.7,97.64,2002255,101.13
2025-08-01,99,99.61,96.91,98.58,2179168,102.11
2025-08-04,99.02,100.01,98.81,99.69,1126248,103.26
2025-08-05,99.51,99.96,98.02,98.49,1623597,102.01
2025-08-06,98.49,98.88,97.71,98.11,1492327,101.62
2025-08-07,98.15,99.08,97.89,98.78,1310350,102.32
2025-08-08,99.2,99.3,97.55,97.89,1006093,101.39
2025-08-11,98.08,98.25,96.95,97.86,1555073,101.36
2025-08-12,97.83,97.93,96.15,97.7,1310655,101.2
2025-08-13,97.72,98.71,97.38,98.69,967523,102.22
2025-08-14,98.63,98.91,97.74,97.93,1463047,101.43
2025-08-15,97.66,97.66,96.63,97.09,1905608,100.56
2025-08-18,97.09,97.17,96.4,96.5,1518198,99.95
2025-08-19,96.99,98.51,96.83,98.34,1885928,101.86
2025-08-20,98.85,99.84,98.34,98.47,1570345,101.99
2025-08-21,98.22,98.79,97.79,97.99,1125624,101.5
2025-08-22,98.59,98.92,97.67,98.43,1195982,101.95
2025-08-25,98.13,98.31,97.25,97.25,1562335,100.73
2025-08-26,97.48,97.56,96.75,97.36,1296676,100.84
2025-08-27,97.38,97.78,96.87,97.42,1143455,100.91
2025-08-28,97.24,97.24,95.99,96.29,1487969,99.74
2025-08-29,96.29,96.73,96.19,96.33,985466,99.78
2025-09-02,96.19,96.48,95.59,96.27,1639842,99.72
2025-09-03,96.27,96.59,95.49,96.47,979077,99.92
2025-09-04,97.16,97.5,96.38,97.39,1663454,100.88
2025-09-05,97.44,97.67,96.27,97.15,1481626,100.63
2025-09-08,96.75,97.09,96.01,96.54,1919955,99.99
2025-09-09,96.23,96.99,96.01,96.46,1999536,99.2
2025-09-10,96.26,96.8,95.99,96.54,1336812,99.29
2025-09-11,96.45,97.68,96.31,97.54,998236,100.31
2025-09-12,97.45,98.25,97.35,98,917327,100.79
2025-09-15,97.89,98.25,97.47,97.69,1150508,100.47
2025-09-16,97.29,97.62,95.79,95.84,964880,98.56
2025-09-17,96.43,97.05,96.05,96.23,1053674,98.97
2025-09-18,95.49,96.42,95.19,95.93,1520318,98.66
2025-09-19,96.22,96.8,95.42,96.39,2010017,99.13
2025-09-22,96.45,96.77,96.01,96.35,1578014,99.09
2025-09-23,96.11,98.14,95.91,98.12,1194198,100.91
2025-09-24,98.27,98.87,97.75,98.06,1759746,100.85
2025-09-25,98.49,98.9,97.79,97.99,1120154,100.78
2025-09-26,98.61,99.64,98.36,99.28,1075183,102.1
2025-09-29,99.45,100.83,98.93,100.69,1791703,103.55
2025-09-30,100.83,101.61,100.44,101.49,1497192,104.38
2025-10-01,101.17,101.63,100.54,100.57,2007710,103.43
2025-10-02,100.2,100.85,99.79,100.07,1945419,102.92
2025-10-03,100.19,101.37,99.98,100.87,2126963,103.74
2025-10-06,101.21,102.08,100.78,101.98,2061051,104.88
2025-10-07,102.26,102.75,101.42,101.72,2213008,104.61
2025-10-08,102.02,102.02,100.37,100.83,2062902,103.7
2025-10-09,101.12,101.31,100.11,100.15,2165496,103
2025-10-10,100.38,101.95,100.13,100.8,2098518,103.67
2025-10-13,100.67,101.64,100.41,100.7,1622299,103.56
2025-10-14,100.98,101.87,100.73,101.35,1652179,104.23
2025-10-15,101.51,102.71,101.11,102.48,2351467,105.39
2025-10-16,102.68,103.29,101.81,102.3,2089238,105.21
2025-10-17,102.43,102.89,101.75,102.6,1225244,105.52
2025-10-20,103.22,103.78,102.44,102.77,2216991,105.69
2025-10-21,103.08,103.23,101.59,102.02,890109,104.92
2025-10-22,102.14,102.91,101.59,102.47,1314254,105.38
2025-10-23,102.99,102.99,101.24,101.45,1805501,104.33
2025-10-24,101.84,102.29,101.14,101.4,811881,104.28
2025-10-27,101.49,101.97,100.7,101.91,980532,104.81
2025-10-28,101.96,102.04,100.34,100.46,1399151,103.32
2025-10-29,100.23,100.6,99.09,99.45,1222248,102.28
2025-10-30,99.8,100.45,99.47,99.89,1453955,102.73
2025-10-31,99.29,99.8,98.8,99.2,1590834,102.02
2025-11-03,98.73,99.15,97.37,98.73,1475770,101.54
2025-11-04,99.29,99.39,98.6,99.09,1365707,101.91
2025-11-05,99.04,99.53,98.09,98.48,1785286,101.28
2025-11-06,99.94,101.19,98.07,99.19,2861986,102.01
2025-11-07,99.89,101.93,99.22,101.76,2283391,104.65
2025-11-10,101.15,102.1,100.93,101.46,1492694,104.34
2025-11-11,101.34,102.37,100.95,102.28,1269361,105.19
2025-11-12,102.17,102.99,101.86,102.8,1327643,105.72
2025-11-13,102.51,102.51,101.11,101.87,1898641,104.77
2025-11-14,101.87,102.49,101.45,102.12,1588081,105.02
2025-11-17,102.61,102.79,102.01,102.46,2060782,105.37
2025-11-18,102.7,103.14,101.95,102,1950431,104.9
2025-11-19,101.83,101.91,99.98,100.14,1755076,102.99
2025-11-20,100.72,101.57,100.37,100.6,1221152,103.46
2025-11-21,100.91,102.06,100.2,101.64,1874615,104.53
2025-11-24,101.52,102.08,100.41,101.89,1818254,104.79
2025-11-25,102.63,103.29,101.41,102.02,1441529,104.92
2025-11-26,102.5,103.22,102.11,103.09,1135347,106.02
2025-11-28,103.3,103.66,102.97,103.41,516786,106.35
2025-12-01,103.05,103.18,100.03,100.15,1510478,103
2025-12-02,100.55,100.55,98.7,98.7,1793053,101.51
2025-12-03,98.74,99.23,97.57,98.66,2410095,101.47
2025-12-04,98.3,98.97,97.81,98.06,2771819,100.85
2025-12-05,97.77,98.21,96.88,97.1,2221751,99.86
2025-12-08,97.33,97.59,95.9,96.57,2327775,99.32
2025-12-09,96.94,97.47,96.18,96.31,1430144,98.34
2025-12-10,96.22,96.67,95.56,95.75,986678,97.77
2025-12-11,95.71,96.46,95.09,95.24,1544435,97.25
2025-12-12,94.83,95.93,94.58,95.26,2198897,97.27
2025-12-15,95.82,96.95,95.52,96.83,2741038,98.87
2025-12-16,96.84,97.25,95.83,95.97,2971062,97.99
2025-12-17,95.94,96.96,95.8,96.5,3425473,98.53
2025-12-18,96.89,97.41,96.61,97.15,2810388,99.2
2025-12-19,97.03,97.82,96.43,96.45,4461753,98.48
2025-12-22,96.05,97.58,95.94,97.41,2043149,99.46
2025-12-23,97.34,97.62,96.63,97.3,1474026,99.35
2025-12-24,97.3,97.88,97.18,97.78,477857,99.84
2025-12-26,97.55,97.88,97.16,97.75,644597,99.81
2025-12-29,97.82,98.65,97.75,98.19,923787,100.26
2025-12-30,98.34,98.99,98.14,98.66,1114312,100.74
2025-12-31,98.41,99,97.77,97.8,936759,99.86
2026-01-02,97.68,99.36,96.99,98.78,1322478,100.86
2026-01-05,98.29,98.29,95.87,97.54,1703408,99.6
2026-01-06,97.74,98.81,97.54,98.53,2538676,100.61
2026-01-07,99.19,99.19,96.76,97.02,1445776,99.07
2026-01-08,96.88,98.63,96.88,97.48,1340090,99.54
2026-01-09,98.07,99.04,97.71,97.85,1451149,99.91
2026-01-12,97.81,98.73,97.65,98.13,1379510,100.2
2026-01-13,98.24,99.45,97.83,99.34,1419878,101.43
2026-01-14,99.59,100.68,98.82,100.42,1212288,102.54
2026-01-15,100.83,101.26,100.29,101.11,1083740,103.24
2026-01-16,100.77,101.99,100.42,101.85,1875254,104
2026-01-20,101.8,102.01,100.79,101.59,1609964,103.73
2026-01-21,102.27,102.63,101.14,101.98,1422694,104.13
2026-01-22,101.91,102.17,100.33,100.78,1500241,102.9
2026-01-23,100.43,100.69,99.47,100.21,1195234,102.32
2026-01-26,101.05,101.98,100.6,101.12,1350060,103.25
2026-01-27,101.02,102.22,100.74,101.81,1249528,103.96
2026-01-28,101.75,102.7,101.22,101.44,1087187,103.58
2026-01-29,101.74,102.59,100.69,101.63,1199876,103.77
2026-01-30,101.33,101.49,99.88,101.15,1865707,103.28
2026-02-02,101.46,101.98,100.04,100.29,1610866,102.4
2026-02-03,100.09,102.04,100.09,101.86,2182912,104.01
2026-02-04,102.5,103.37,102.12,102.59,2097142,104.75
2026-02-05,103.19,103.51,102.3,102.65,1667633,104.81
2026-02-06,103.54,103.97,101.82,102.92,1871056,105.09
2026-02-09,102.76,102.76,101.8,102.11,2888541,104.26
2026-02-10,102.51,104.38,102.15,103.6,2574250,105.78
2026-02-11,103.38,104.4,102.83,103.83,2385165,106.02
2026-02-12,106.21,108.22,104.46,107.08,3044709,109.34
2026-02-13,106.9,108.95,106.82,108.68,3059877,110.97
2026-02-17,109.58,110.33,108.08,108.26,1436112,110.54
2026-02-18,108.28,108.65,106.02,106.07,1848182,108.31
2026-02-19,106.49,107.9,106.49,107.53,1526434,109.8
2026-02-20,107.89,108.04,106.55,107.78,2071283,110.05
2026-02-23,108.28,109.69,107.92,108.86,2957614,111.16
2026-02-24,108.83,109.08,107.25,108.97,1690322,111.27
2026-02-25,109.06,109.69,107.39,109.14,1688863,111.44
2026-02-26,109.6,110.15,109.14,109.72,1713666,112.03
2026-02-27,110.17,111.09,109.8,110.94,1748784,113.28
2026-03-02,110.76,111.29,110.42,110.57,1985264,112.9
2026-03-03,109.53,110.76,107.26,109.68,2078407,111.99
2026-03-04,109.58,111.21,108.93,110.99,2114935,113.33
2026-03-05,110.25,110.55,108.56,109.11,1496621,111.41
2026-03-06,108.56,109.53,107.84,109.22,1860635,111.52
2026-03-09,108.68,109,107.68,108.86,1697460,111.16
2026-03-10,108.35,110.12,108.23,108.85,1970081,110.39
2026-03-11,108.75,108.95,107.54,107.82,1253116,109.35
2026-03-12,107.82,109.61,107.53,108.46,1923023,110
2026-03-13,109.57,111.08,109.06,110.47,1525167,112.04
2026-03-16,111.42,111.42,109.72,111.28,1577555,112.86
2026-03-17,111.96,112.34,110.43,110.66,1419547,112.23
2026-03-18,109.71,110.07,108.99,109.2,1504487,110.75
2026-03-19,108.51,109.54,106.6,108.03,1974100,109.56
2026-03-20,107.98,108.35,104.18,104.58,3376328,106.06
2026-03-23,105.64,106.32,104.67,105.4,1465772,106.9
2026-03-24,104.89,107.31,104.85,106.18,1463699,107.69
2026-03-25,107.07,107.33,106.12,106.29,986284,107.8
2026-03-26,105.84,107.22,105.69,107.05,1110206,108.57
2026-03-27,107.16,108.03,106.65,107.2,1483774,108.72
2026-03-30,108.78,109.01,107.79,108.15,1737728,109.68
2026-03-31,108.8,108.8,107.13,108.38,1537399,109.92
2026-04-01,107.64,109.44,107.64,109.24,1696834,110.79
2026-04-02,109.45,110.71,108.81,110.12,1034404,111.68
2026-04-06,109.73,110.86,109.27,109.88,1830164,111.44
2026-04-07,109.8,111,109.71,109.77,1841402,111.33
2026-04-08,109,111.3,108.55,111.28,1780151,112.86
2026-04-09,111.33,113.91,111.19,112.72,1652885,114.32
2026-04-10,112.39,112.94,111.23,111.86,1164379,113.45
2026-04-13,111.6,111.71,109.64,110.22,1672474,111.78
2026-04-14,110.13,110.74,109.18,110.29,1012108,111.86
2026-04-15,109.68,109.95,108.71,109.19,1281593,110.74
2026-04-16,109.01,110.78,109.01,110.71,1628314,112.28
2026-04-17,109.91,111.45,109.11,111.13,1739795,112.71
2026-04-20,110.97,111.54,109.29,109.71,1712125,111.27
2026-04-21,110.43,110.44,108.33,108.42,1733908,109.96
2026-04-22,109.33,109.68,106.99,107.71,2049825,109.24
2026-04-23,108.44,110.69,108.3,110.48,1324803,112.05
2026-04-24,110.33,110.76,109.42,109.56,1268128,111.12
2026-04-27,109.83,110.67,109.26,110.34,1738499,111.91
2026-04-28,111.44,111.7,110.23,110.63,1374221,112.2
2026-04-29,110.03,110.73,109.08,109.73,1421527,111.29
2026-04-30,110.41,112.23,109.47,112.06,1954813,113.65
2026-05-01,112.04,113.97,111.39,111.97,2068745,113.56
2026-05-04,110.98,112.22,110.21,110.82,1789687,112.39
2026-05-05,110.81,111.63,109.88,110.08,1403493,111.64
2026-05-06,107.72,109.94,106.49,108.06,2599524,109.59
2026-05-07,107.67,107.77,106.19,107.25,1495098,108.77
2026-05-08,107.65,108.14,106.81,107.54,1755074,109.07
2026-05-11,108.2,108.93,107.64,108.45,1621146,109.99
2026-05-12,108.35,108.62,107.38,107.96,2038419,109.49
2026-05-13,107.31,107.92,106.43,107.56,1647219,109.09
2026-05-14,107.55,108.07,107.3,108.07,1642096,109.6
2026-05-15,107.47,107.84,104.75,104.87,2487250,106.36
2026-05-18,105.77,106.57,104.28,105.88,1881688,107.38
2026-05-19,105.66,107.77,105.29,107.47,1880352,109
2026-05-20,107.82,108.19,106.92,107.17,2204437,108.69
2026-05-21,108.18,108.94,107.42,108.3,1944644,109.84
2026-05-22,108.5,110.01,107.74,109.73,1816788,111.29
2026-05-26,110.6,110.6,109.07,109.48,1119443,111.03
2026-05-27,109.33,109.9,108.74,109.56,1485778,111.12
2026-05-28,109.3,109.75,107.11,107.41,1612857,108.93
2026-05-29,107.17,107.56,106.07,106.46,3903397,107.97
2026-06-01,105.2,105.47,103.59,103.62,1590195,105.09
2026-06-02,103.62,105.54,103.62,105.29,1867679,106.78
2026-06-03,105.66,107.2,104.63,104.74,1991068,106.23
2026-06-04,105.4,106.33,104.09,105.49,1301614,106.99
2026-06-05,106.19,108.58,106.01,107.74,2020370,109.27
2026-06-08,107.41,108.04,105.55,105.65,1374520,107.15
2026-06-09,106.14,107.82,105.39,107.23,1327872,107.99
2026-06-10,108.35,108.68,107.37,108,1309806,108.77
2026-06-11,108.79,109.48,107.28,107.49,1424927,108.25
2026-06-12,107.93,108.88,107.67,108.23,1331726,109
2026-06-15,107.55,109.33,107.14,108.8,1470233,109.57
2026-06-16,109.14,110.58,108.76,109.7,1638580,110.48
2026-06-17,109.03,109.8,107.58,108.15,1664510,108.92
2026-06-18,108.34,109.31,107.41,107.9,2403758,108.67
2026-06-22,107.9,109.56,107.83,108.93,2024207,109.7
2026-06-23,109.68,111.15,108.84,110.91,2019747,111.7
2026-06-24,112.2,112.67,111.23,112.52,1755525,113.32
2026-06-25,113.24,113.99,112.26,113.72,2000357,114.53
2026-06-26,114.22,117.49,113.5,117.49,4219501,118.32
2026-06-29,115.58,116.56,113.55,113.78,3731279,114.59
2026-06-30,113.05,113.73,112.21,112.24,1826560,113.04
2026-07-01,112.48,112.62,111.19,111.4,3000604,112.19
2026-07-02,112.39,114.43,111.94,114.21,1335742,115.02
2026-07-06,113.8,114.01,112.09,112.19,1639084,112.99
2026-07-07,113.23,115.58,113.18,113.62,1401439,114.43
2026-07-08,113.53,113.91,112.2,112.39,1381143,113.19
2026-07-09,112.2,112.44,110.75,110.98,1468972,111.77
2026-07-10,111.03,112.46,111.03,112.14,1174105,112.94
2026-07-13,112.38,113.34,112.06,112.63,1268705,113.43
2026-07-14,113.47,114.05,111.97,112.15,1706804,112.95
2026-07-15,111.79,112.54,110.22,110.6,1715191,111.38
2026-07-16,110.81,112.3,110.67,112.3,1185829,113.1
2026-07-17,113.34,114.27,110.25,110.76,2018388,111.55
2026-07-20,111.12,111.86,109.38,109.64,1516503,110.42
2026-07-21,109.26,109.68,108.25,109.17,1567831,109.94
2026-07-22,110.29,111.37,109.77,111.22,950826,112.01
2026-07-23,110.97,112.68,110.87,112.47,886551,113.27
2026-07-24,113.14,114.01,112.44,112.98,1090876,113.78
2026-07-27,112.29,113.1,110.86,111.32,1142049,112.11
2026-07-28,112.3,113.94,111.65,111.72,1192116,112.51
2026-07-29,112.1,112.1,109.05,109.2,1120776,109.97
2026-07-30,109.98,109.98,107.02,107.98,1967235,108.75
2026-07-31,108,109.47,106.43,108.84,2759225,109.61
2026-08-03,108.19,109.78,107.75,108.73,2292463,109.5
2026-08-04,108.01,109.18,107.22,108.67,1698606,109.44
2026-08-05,108.21,108.8,106.43,108.18,1664477,108.95
2026-08-06,109.11,109.31,106.28,107.51,1912822,108.27
2026-08-07,107.13,108.79,106.42,108.07,1366767,108.84
2026-08-10,107.56,107.91,106.02,106.25,1876822,107
2026-08-11,106.25,107.36,105.7,107.06,1039178,107.82
2026-08-12,107.23,108.15,106.9,108.05,1506147,108.82
2026-08-13,108.65,109.01,108.09,108.35,2363277,109.12
2026-08-14,108.16,109.29,108.16,108.97,1002920,109.74
2026-08-17,108.47,109.06,107.91,108.7,960032,109.47
2026-08-18,109.74,110.15,108.61,108.9,1339462,109.67
2026-08-19,109.77,110.06,108.28,108.51,1384075,109.28
2026-08-20,107.86,109.24,107.59,108.02,1731423,108.79
2026-08-21,108.13,108.9,105.3,105.38,1587281,106.13
2026-08-24,105.65,106.5,104.99,106.41,1265478,107.16
2026-08-25,106.65,106.93,105.94,106.08,948234,106.83
2026-08-26,106.52,107.36,106.33,106.99,957041,107.75
2026-08-27,105.87,106.3,105.25,106,1105420,106.75
2026-08-28,106.66,106.66,105.09,105.37,1094688,106.12
2026-08-31,104.45,105.64,104.05,105.26,1273548,106.01
2026-09-01,105.64,106.01,104.49,105.34,1237605,106.09
2026-09-02,105.3,105.62,104.18,105.14,1203149,105.89
2026-09-03,105.61,106.49,105.12,105.66,1692681,106.41
2026-09-04,105.06,106.21,105.04,105.72,1666030,106.47
2026-09-08,105.55,107.4,105.375,106.73,1660021,106.73
2026-09-09,106.79,107.12,105.485,106.25,1605825,106.25
2026-09-10,106.46,107.08,104.94,104.95,1448034,104.95
2026-09-11,105.64,105.94,104.705,104.9,888331,104.9
2026-09-14,105.18,105.67,103.77,103.97,2364597,103.97
2026-09-15,104.03,104.83,102.62,103.02,1239940,103.02
2026-09-16,103.67,104.165,102.625,103.04,1080582,103.04
2026-09-17,103.42,104.23,103.325,103.9,1736619,103.9
2026-09-18,102.53,103.075,102.21,102.23,2845199,102.23
2026-09-21,102.03,102.37,101.53,101.83,1852571,101.83
2026-09-22,101.67,102.2,101.24,101.66,1669293,101.66
2026-09-23,101.13,101.13,99.57,99.74,1398750,99.74
