date,open,high,low,close,volume,raw_close
2016-01-04,59,59.215,58.16,58.69,928507,58.69
2016-01-05,58.65,58.92,56.63,56.74,2072200,56.74
2016-01-06,49.655,52.13,47.91,50.76,7515991,50.76
2016-01-07,49.82,51.29,48.74,49.08,2637537,49.08
2016-01-08,49.31,49.98,48.7,48.82,3610498,48.82
2016-01-11,49.16,49.51,47.69,48.53,2028862,48.53
2016-01-12,48.89,48.89,47.25,48.01,1797924,48.01
2016-01-13,48.38,48.52,46.81,46.92,1403682,46.92
2016-01-14,46.96,48.25,46.09,47.57,1175234,47.57
2016-01-15,47.59,47.59,45.51,46.55,1399157,46.55
2016-01-19,46.75,47.49,43.53,44.55,1970107,44.55
2016-01-20,43.78,46.58,43.64,46.01,3018250,46.01
2016-01-21,46.01,47.19,45.52,45.81,1250826,45.81
2016-01-22,46.4,46.66,45.5,45.66,894636,45.66
2016-01-25,45.49,45.75,44.8,45.18,1169727,45.18
2016-01-26,44.68,45.82,44.68,45.49,1231340,45.49
2016-01-27,45.32,45.685,43.58,44.06,1896849,44.06
2016-01-28,42.97,42.99,40.45,41.53,3053880,41.53
2016-01-29,41.68,43.29,41.6,43.25,2611737,43.25
2016-02-01,42.91,45.84,42.51,45.14,3460201,45.14
2016-02-02,44.63,44.68,42.715,43.46,3453630,43.46
2016-02-03,44.16,44.84,43.55,44.47,3277687,44.47
2016-02-04,44.22,46.94,44.17,46.4,3582452,46.4
2016-02-05,46.22,46.85,45.48,45.75,3314042,45.75
2016-02-08,45.29,46.83,44.48,44.71,4053877,44.71
2016-02-09,44.33,46.97,44.03,46.44,2808567,46.44
2016-02-10,46.58,47.71,46.35,46.73,1609240,46.73
2016-02-11,45.84,47.36,45.62,46.78,2195207,46.78
2016-02-12,47.15,48.42,46.32,48.16,2022963,48.16
2016-02-16,48.59,49.89,48.4,49.23,1886884,49.23
2016-02-17,49.88,50.88,49.21,49.66,2268079,49.66
2016-02-18,49.5,50.52,49.33,49.95,1576512,49.95
2016-02-19,49.62,49.62,47.39,47.94,1669800,47.94
2016-02-22,48.75,50.11,48.75,49.83,1970796,49.83
2016-02-23,50.1,52.41,49.73,50.37,2093036,50.37
2016-02-24,49.65,51.54,49.13,51.34,1830172,51.34
2016-02-25,51.57,52.44,51.12,51.94,1348610,51.94
2016-02-26,52.11,52.5,51.15,51.66,1305181,51.66
2016-02-29,51.87,52.43,51.42,51.47,1472815,51.47
2016-03-01,53.09,53.8,51.96,52.53,2601236,52.53
2016-03-02,52.38,52.99,51.13,51.55,1954512,51.55
2016-03-03,51.52,53.08,51.24,52.98,1684652,52.98
2016-03-04,53,53.75,52.48,52.72,1366080,52.72
2016-03-07,52.4,53.05,52.4,52.85,1133192,52.85
2016-03-08,51.28,51.56,49.06,49.52,2385154,49.52
2016-03-09,49.98,50.3,49.44,50.07,917623,50.07
2016-03-10,50.32,50.69,49.42,50.03,897691,50.03
2016-03-11,50.48,51.19,50.12,51.11,1081556,51.11
2016-03-14,50.9,51.19,49.78,49.83,853289,49.83
2016-03-15,49.46,49.59,47.74,48.45,1626092,48.45
2016-03-16,48.4,48.42,46.93,48.08,2368955,48.08
2016-03-17,47.82,47.99,47.06,47.42,2638808,47.42
2016-03-18,47.53,48.7,47.45,48.51,2885423,48.51
2016-03-21,48.5,49.29,48.42,49.16,1723665,49.16
2016-03-22,48.78,49.31,48.66,48.73,1017931,48.73
2016-03-23,48.48,48.525,47.72,47.98,940280,47.98
2016-03-24,47.85,48.04,47.07,47.97,825711,47.97
2016-03-28,47.83,48.02,47,47.28,1261590,47.28
2016-03-29,47.16,48.45,47,48.17,1331427,48.17
2016-03-30,48.38,48.64,47.79,47.97,1294292,47.97
2016-03-31,47.87,47.885,46,46.68,2779519,46.68
2016-04-01,46.14,46.27,44.88,45.84,2385912,45.84
2016-04-04,45.91,46.17,45.17,45.35,2582541,45.35
2016-04-05,45.2,46.27,45.2,45.68,1835621,45.68
2016-04-06,45.92,46.26,45.45,46.03,1544364,46.03
2016-04-07,45.89,46.14,44.89,45.12,2911031,45.12
2016-04-08,45.39,45.74,44.46,44.65,1169525,44.65
2016-04-11,44.76,44.98,43.9,43.95,1683172,43.95
2016-04-12,43.95,44.92,43.78,44.83,1316662,44.83
2016-04-13,45.28,46.63,44.96,46.42,1331001,46.42
2016-04-14,46.63,48.02,46.52,47.28,2056751,47.28
2016-04-15,47.22,47.89,46.9,47.12,755484,47.12
2016-04-18,47,47.97,46.801,47.95,1157079,47.95
2016-04-19,48.12,48.77,47.91,48.23,1460414,48.23
2016-04-20,48.18,48.94,47.98,48.7,1644595,48.7
2016-04-21,48.35,48.58,46.81,48.05,4823484,48.05
2016-04-22,46.17,50.2397,45.5,49.49,4560285,49.49
2016-04-25,49.32,50.63,48.87,49.54,2462729,49.54
2016-04-26,49.48,52.04,49.22,51.08,2761739,51.08
2016-04-27,50.81,51.97,50.475,51.34,1485479,51.34
2016-04-28,51.03,51.975,50.56,50.7,881118,50.7
2016-04-29,50.55,50.78,49.94,50.65,1302765,50.65
2016-05-02,50.99,51.04,49.575,49.68,1607752,49.68
2016-05-03,49.36,49.694,48.25,49.14,1007039,49.14
2016-05-04,48.74,49.34,48.29,48.67,1041235,48.67
2016-05-05,48.62,49.15,48.03,48.2,1039175,48.2
2016-05-06,48.1,48.62,47.84,48.32,1082240,48.32
2016-05-09,48.19,49.04,48.085,48.35,1213468,48.35
2016-05-10,48.46,49.16,48.016,49.03,1291062,49.03
2016-05-11,48.6,48.64,47.06,47.09,1296755,47.09
2016-05-12,47.11,47.44,46.4,46.95,1408349,46.95
2016-05-13,46.69,47.27,46.2,46.4,1192566,46.4
2016-05-16,46.47,46.85,46.15,46.67,1234813,46.67
2016-05-17,46.62,47.56,46.405,46.95,1139434,46.95
2016-05-18,46.46,47.24,46.4,46.61,1042834,46.61
2016-05-19,46.26,47.3199,46.09,46.48,1052084,46.48
2016-05-20,46.48,48.175,46.25,48.13,1721975,48.13
2016-05-23,47.98,48.25,47.11,47.16,1145953,47.16
2016-05-24,47.09,48.26,46.75,47.99,857238,47.99
2016-05-25,48.08,49.73,48.08,49.52,1073810,49.52
2016-05-26,49.66,50.36,49.21,49.36,801274,49.36
2016-05-27,49.39,50.535,49.18,50.5,1140810,50.5
2016-05-31,50.62,51.04,50.14,50.44,1768607,50.44
2016-06-01,50.07,50.255,48.48,49.67,1965759,49.67
2016-06-02,49.55,49.96,48.98,49.51,1024844,49.51
2016-06-03,49.26,49.45,47.64,48.5,1491037,48.5
2016-06-06,48.34,49.165,48.23,49.07,1020560,49.07
2016-06-07,49.05,50.6,48.78,50.3,1258249,50.3
2016-06-08,50.46,50.99,50.1,50.8,1115505,50.8
2016-06-09,50.57,50.61,49.55,50.34,1504306,50.34
2016-06-10,49.1,49.38,47.5,47.63,1390244,47.63
2016-06-13,47.27,47.76,46.52,47.27,1159750,47.27
2016-06-14,47.06,47.32,46.19,46.97,1111750,46.97
2016-06-15,46.99,48.52,46.91,47.49,1320824,47.49
2016-06-16,47.05,47.52,46.05,47.4,706432,47.4
2016-06-17,47.28,48.55,47.19,48.08,2146675,48.08
2016-06-20,48.64,49.92,48.64,49.36,1098743,49.36
2016-06-21,48.99,49.11,47.79,47.89,1414287,47.89
2016-06-22,47.91,48.216,47.41,47.62,780893,47.62
2016-06-23,48.21,49.08,47.83,48.73,666932,48.73
2016-06-24,46.76,47.33,46.369,47.03,2397907,47.03
2016-06-27,46.4,46.57,45.69,46.07,1433307,46.07
2016-06-28,46.57,47.52,46.41,47,987789,47
2016-06-29,47.39,47.84,46.9601,47.57,967029,47.57
2016-06-30,47.75,47.75,45.83,46.98,1519451,46.98
2016-07-01,47.14,48.84,47.03,47.83,1890523,47.83
2016-07-05,47.66,47.66,45.51,45.71,1656249,45.71
2016-07-06,45.71,47.16,45.19,46.86,3038974,46.86
2016-07-07,47.56,49.59,47.54,48.72,1902616,48.72
2016-07-08,49.37,51,49.33,50.77,1380464,50.77
2016-07-11,51.2,52.42,50.73,50.78,1056216,50.78
2016-07-12,51.19,51.56,50.55,50.89,1070204,50.89
2016-07-13,51.19,51.25,49.99,50.65,742502,50.65
2016-07-14,51.05,51.495,50.79,50.79,993922,50.79
2016-07-15,50.91,51.23,50.54,50.82,1038780,50.82
2016-07-18,50.9,51.79,50.63,51.43,843538,51.43
2016-07-19,51.16,51.24,50.44,50.68,1029355,50.68
2016-07-20,51.03,51.53,50.75,51.28,1280143,51.28
2016-07-21,51.51,52.73,51.26,51.63,1562462,51.63
2016-07-22,51.71,52.15,51.06,52.08,792902,52.08
2016-07-25,52.22,52.58,51.9199,51.98,854911,51.98
2016-07-26,51.66,52.61,50.9,52.2,882326,52.2
2016-07-27,52.2,52.41,51.105,51.53,1020818,51.53
2016-07-28,51.27,52.23,51.16,52.12,1568281,52.12
2016-07-29,52.28,54.15,51.8711,53.35,2035896,53.35
2016-08-01,51.35,53.25,50.97,51.82,3220790,51.82
2016-08-02,51.82,52.06,48.73,48.74,2383935,48.74
2016-08-03,48.66,49.39,47.76,49.23,1264613,49.23
2016-08-04,49.38,50.06,49.09,49.46,915851,49.46
2016-08-05,49.89,50.855,49.88,49.99,1011731,49.99
2016-08-08,50.21,50.66,49.721,49.77,635060,49.77
2016-08-09,49.51,49.83,48.91,49.03,663812,49.03
2016-08-10,49.01,49.48,48.42,48.59,1206308,48.59
2016-08-11,49.01,50.06,49.01,49.46,856653,49.46
2016-08-12,49.29,49.54,48.47,48.84,698683,48.84
2016-08-15,48.9,49.59,48.82,49.26,1727659,49.26
2016-08-16,49.15,49.41,48.42,48.87,1330484,48.87
2016-08-17,48.77,48.84,47.92,48.27,1154414,48.27
2016-08-18,48.24,48.84,47.74,48.77,1098574,48.77
2016-08-19,48.59,48.63,48.1,48.4,718090,48.4
2016-08-22,48.4,48.535,47.81,47.99,760453,47.99
2016-08-23,48.4,48.91,48.28,48.36,661585,48.36
2016-08-24,48.22,48.52,47.735,47.84,525707,47.84
2016-08-25,47.74,47.98,47.41,47.56,781269,47.56
2016-08-26,47.57,48.06,47.33,47.56,655206,47.56
2016-08-29,47.74,48.03,47.66,47.96,743525,47.96
2016-08-30,47.89,48.17,47.5,47.69,806132,47.69
2016-08-31,47.57,48,46.78,47.35,1304193,47.35
2016-09-01,47.34,48.41,47.34,48.02,901968,48.02
2016-09-02,48.23,48.405,47.78,48.37,626002,48.37
2016-09-06,48.29,48.32,47.68,48.05,946740,48.05
2016-09-07,48.15,49.07,47.67,49.06,866775,49.06
2016-09-08,49.23,49.86,48.875,49.31,1194477,49.31
2016-09-09,48.81,48.85,47.15,47.16,967975,47.16
2016-09-12,46.8,48.83,46.715,48.62,893594,48.62
2016-09-13,48.18,48.92,47.77,48.52,1029897,48.52
2016-09-14,48.56,49.11,48.13,48.69,917706,48.69
2016-09-15,48.42,49.31,48.25,49.14,694787,49.14
2016-09-16,49.01,49.36,48.53,48.84,2108163,48.84
2016-09-19,49,49.3025,48.24,48.38,827909,48.38
2016-09-20,48.59,48.72,47.67,48,492293,48
2016-09-21,47.34,47.955,47.15,47.62,1088036,47.62
2016-09-22,48.03,48.525,48.03,48.28,545334,48.28
2016-09-23,47.97,48.72,47.7,48.53,564171,48.53
2016-09-26,48.33,48.57,47.56,47.82,743354,47.82
2016-09-27,47.91,48.13,47.25,47.66,939463,47.66
2016-09-28,47.77,48.07,46.83,47.45,712153,47.45
2016-09-29,47.84,47.94,47.15,47.26,1258746,47.26
2016-09-30,47.65,48.94,47.29,48.71,1054525,48.71
2016-10-03,48.51,49.35,48.325,48.84,982932,48.84
2016-10-04,49,49.64,48.71,48.88,988371,48.88
2016-10-05,49.02,50.29,48.79,49.76,1221716,49.76
2016-10-06,50,50.46,49.43,50.16,1167847,50.16
2016-10-07,50.15,50.21,48.95,49.27,938226,49.27
2016-10-10,49.68,49.875,48.975,49.06,707610,49.06
2016-10-11,48.96,48.96,48.08,48.31,832399,48.31
2016-10-12,48.28,48.68,48.11,48.48,455832,48.48
2016-10-13,48.01,48.37,47.39,48.13,1036092,48.13
2016-10-14,48.43,48.96,48.08,48.32,712436,48.32
2016-10-17,48.34,48.56,47.9,47.92,457108,47.92
2016-10-18,48.49,48.49,47.66,47.9,483146,47.9
2016-10-19,47.64,48.89,47.487,48.81,575869,48.81
2016-10-20,47.63,47.91,46.725,46.85,1090568,46.85
2016-10-21,46.53,46.935,46.07,46.82,535101,46.82
2016-10-24,47.38,47.65,46.84,47.21,456103,47.21
2016-10-25,46.83,46.86,45.41,45.81,1105491,45.81
2016-10-26,45.62,46.88,45.42,46.7,975669,46.7
2016-10-27,46.84,46.97,45.76,46.05,950345,46.05
2016-10-28,44.27,44.785,43.26,44.15,2511103,44.15
2016-10-31,43.25,44.06,43.25,43.87,1429980,43.87
2016-11-01,43.61,44.21,42.6,42.95,1723372,42.95
2016-11-02,42.87,42.89,41.77,41.93,2180304,41.93
2016-11-03,41.75,42.21,40.79,40.97,2123907,40.97
2016-11-04,40.78,41.49,40.46,40.86,1547249,40.86
2016-11-07,41.66,41.739,40.97,41.28,923290,41.28
2016-11-08,41,41,39.68,40.26,1225264,40.26
2016-11-09,39.36,41.67,39.28,41.53,1257801,41.53
2016-11-10,41.7,43.21,41.4308,42.37,1112931,42.37
2016-11-11,42.38,43.19,42.15,43.1,1264317,43.1
2016-11-14,43.21,45.97,43.21,45.83,2749154,45.83
2016-11-15,46.3,46.677,44.33,44.73,1020501,44.73
2016-11-16,44.7,44.7,43.97,44.03,1031533,44.03
2016-11-17,44.14,44.175,43.43,44.08,757101,44.08
2016-11-18,43.81,44.33,43.35,43.96,778107,43.96
2016-11-21,44.3,45.17,43.99,45.03,1053468,45.03
2016-11-22,45.26,45.6,44.69,44.79,568849,44.79
2016-11-23,44.83,45.16,44.42,44.92,672651,44.92
2016-11-25,45.14,45.17,44.76,44.79,319288,44.79
2016-11-28,44.79,44.92,43.98,44.64,739665,44.64
2016-11-29,44.84,45.05,44.1,44.23,649012,44.23
2016-11-30,44.38,44.95,44.04,44.66,988841,44.66
2016-12-01,44.95,47.12,44.88,46.34,1336698,46.34
2016-12-02,46.36,46.36,44.6,44.67,875507,44.67
2016-12-05,45.13,46.02,44.67,45.58,1022426,45.58
2016-12-06,45.265,47.18,45.06,46.86,1460950,46.86
2016-12-07,46.98,48.39,46.78,48.37,990233,48.37
2016-12-08,48.55,49.94,48.37,49.88,1602398,49.88
2016-12-09,49.79,49.79,48.52,48.97,1070818,48.97
2016-12-12,48.69,49.06,47.76,48.12,1201724,48.12
2016-12-13,48.38,48.42,47.63,47.99,1018423,47.99
2016-12-14,47.81,48.23,47.21,47.5,904850,47.5
2016-12-15,47.49,48.64,47.34,47.98,740405,47.98
2016-12-16,48.1,48.3396,47.79,47.96,1540891,47.96
2016-12-19,48.13,48.74,47.7,48.6,616931,48.6
2016-12-20,48.54,49.64,48.335,49.41,1037288,49.41
2016-12-21,49.46,49.7,49.16,49.54,559594,49.54
2016-12-22,49.58,49.58,48.56,48.92,965286,48.92
2016-12-23,48.98,49.48,48.8,48.99,513326,48.99
2016-12-27,49.16,49.87,48.98,49.55,1045333,49.55
2016-12-28,49.57,49.9,48.2,48.4,649656,48.4
2016-12-29,48.47,49.15,48.25,48.68,500469,48.68
2016-12-30,48.74,48.95,48.3,48.65,593888,48.65
2017-01-03,49.17,49.49,48.4,49.28,941915,49.28
2017-01-04,49.48,51.27,49.48,51.22,1661414,51.22
2017-01-05,50.78,51.25,50.37,51.12,1594952,51.12
2017-01-06,51.23,51.23,49.9,50.33,1175153,50.33
2017-01-09,50.25,50.61,49.82,50.54,690218,50.54
2017-01-10,50.73,51.65,50.35,51.13,632448,51.13
2017-01-11,51.35,51.47,50.77,51.38,709885,51.38
2017-01-12,51.23,51.67,50.42,51.61,750361,51.61
2017-01-13,51.53,51.97,51.18,51.32,506179,51.32
2017-01-17,51.27,52.37,51.27,51.67,916512,51.67
2017-01-18,51.49,51.83,51.01,51.82,886008,51.82
2017-01-19,51.77,52.29,51.4,51.62,706846,51.62
2017-01-20,51.81,52,51.43,51.69,768748,51.69
2017-01-23,51.41,53.14,51.1501,52.18,1700617,52.18
2017-01-24,52.21,53.15,52.21,53.01,734944,53.01
2017-01-25,53.48,53.74,52.43,52.96,2187587,52.96
2017-01-26,53.13,53.5,52.8,52.86,947710,52.86
2017-01-27,52.7,52.7,52.05,52.18,568289,52.18
2017-01-30,52.2,52.63,51.6,52.62,1273267,52.62
2017-01-31,52.33,53.31,51.76,53.12,1142602,53.12
2017-02-01,53.11,53.5,52.15,52.42,882963,52.42
2017-02-02,52.23,52.56,51.72,51.77,1294912,51.77
2017-02-03,51.63,51.65,49.65,49.77,2364011,49.77
2017-02-06,49.52,49.7,47.96,48.47,3388678,48.47
2017-02-07,48.28,48.89,47.64,48.08,1918854,48.08
2017-02-08,48.08,48.26,47.1,47.65,1274878,47.65
2017-02-09,47.83,48.01,47.29,47.35,1096455,47.35
2017-02-10,47.55,47.94,47.35,47.88,847593,47.88
2017-02-13,48.01,48.12,47.1,47.17,955952,47.17
2017-02-14,47.03,47.97,46.82,47.53,1487325,47.53
2017-02-15,47.21,47.83,47.06,47.43,997703,47.43
2017-02-16,47.44,47.72,46.63,46.92,1248739,46.92
2017-02-17,46.87,47.81,46.5,47.77,1489431,47.77
2017-02-21,48.02,48.745,47.75,48.27,924162,48.27
2017-02-22,48.31,48.37,47.56,47.67,569914,47.67
2017-02-23,47.64,47.69,46.53,46.59,899199,46.59
2017-02-24,46.53,47.2,45.991,46.83,904058,46.83
2017-02-27,46.77,47.11,46.35,47.05,529812,47.05
2017-02-28,46.55,46.68,45.57,45.9,1482330,45.9
2017-03-01,46.99,47.2,46.05,46.61,822911,46.61
2017-03-02,46.65,46.87,46.23,46.44,498034,46.44
2017-03-03,46.15,46.35,45.57,45.82,873735,45.82
2017-03-06,45.74,45.95,45.28,45.33,2009569,45.33
2017-03-07,45.07,45.34,44.43,45.26,1455826,45.26
2017-03-08,45.32,45.92,45.32,45.49,1057643,45.49
2017-03-09,45,45.55,44.53,44.7,983070,44.7
2017-03-10,45,45.22,44.67,44.84,962647,44.84
2017-03-13,44.75,44.91,44.34,44.83,795462,44.83
2017-03-14,44.63,44.88,44.3,44.82,667829,44.82
2017-03-15,44.98,45.73,44.47,45.38,865048,45.38
2017-03-16,45.38,45.58,45.16,45.28,738324,45.28
2017-03-17,45.43,45.53,44.31,44.53,2265815,44.53
2017-03-20,44.6,44.75,43.63,43.92,1315514,43.92
2017-03-21,43.97,43.97,41.91,42.4,1585227,42.4
2017-03-22,42.3,42.58,41.85,42.39,833613,42.39
2017-03-23,42.2,42.58,41.79,42.01,794231,42.01
2017-03-24,42.04,42.33,41.88,42.27,1319958,42.27
2017-03-27,41.68,42.48,41.55,42.28,807159,42.28
2017-03-28,42.28,43.18,42.21,43.06,756676,43.06
2017-03-29,43.02,43.81,43,43.42,897080,43.42
2017-03-30,43.34,43.77,43.3101,43.49,655656,43.49
2017-03-31,43.45,43.545,41.67,42.29,1892974,42.29
2017-04-03,42.31,42.39,40.51,40.84,2505030,40.84
2017-04-04,40.63,40.769,40.15,40.27,1448125,40.27
2017-04-05,40.48,41,39.56,39.66,1623120,39.66
2017-04-06,39.62,41.03,39.13,40.32,2383567,40.32
2017-04-07,40.14,40.3734,39.96,40.14,1015992,40.14
2017-04-10,39.93,40.99,39.76,40.65,900186,40.65
2017-04-11,40.63,40.87,40.09,40.82,861122,40.82
2017-04-12,40.77,40.79,39.95,40.07,1007581,40.07
2017-04-13,40.03,40.23,39.28,39.43,1434224,39.43
2017-04-17,39.69,40.36,39.45,40.33,1111879,40.33
2017-04-18,40.08,41.6415,40.05,41.55,3043976,41.55
2017-04-19,41.72,43.69,41.7,43.3,3716241,43.3
2017-04-20,43.43,44.2,43.41,43.65,2411337,43.65
2017-04-21,43.58,43.63,42.14,42.81,2014683,42.81
2017-04-24,43.58,44.1,43.48,44.06,2047781,44.06
2017-04-25,43.7,45.35,43.03,43.86,3037296,43.86
2017-04-26,43.77,43.88,42.81,43.14,1671309,43.14
2017-04-27,43.45,43.87,42.95,43.65,1643602,43.65
2017-04-28,43.51,43.8305,41.93,42,1533751,42
2017-05-01,42.05,42.49,41.46,41.65,1989441,41.65
2017-05-02,41.33,41.635,39.7,40.28,2775897,40.28
2017-05-03,40.22,40.5,39.88,40.41,1707777,40.41
2017-05-04,40.58,40.77,40,40.43,940456,40.43
2017-05-05,40.59,40.74,40.18,40.74,759802,40.74
2017-05-08,40.91,41.23,40.61,40.74,1095946,40.74
2017-05-09,40.66,40.7,39.97,40.14,1018244,40.14
2017-05-10,40,40.44,39.67,40.18,1167368,40.18
2017-05-11,39.96,40.01,38.94,39.93,1239480,39.93
2017-05-12,39.91,40,39.28,39.36,1612523,39.36
2017-05-15,39.47,41,39.36,40.54,2435375,40.54
2017-05-16,40.5,41.11,40.1,40.4,2286068,40.4
2017-05-17,39.91,40.36,39.045,39.08,2242604,39.08
2017-05-18,39.05,39.8459,39.05,39.24,1004414,39.24
2017-05-19,39.37,39.8809,39.22,39.67,942845,39.67
2017-05-22,39.83,40.22,39.4,39.62,1046294,39.62
2017-05-23,39.47,39.53,38.87,38.99,1208045,38.99
2017-05-24,39,39.56,38.79,39.24,932654,39.24
2017-05-25,39.61,39.7,38.66,38.9,1353995,38.9
2017-05-26,38.63,39.31,38.2,39.27,873277,39.27
2017-05-30,39.13,39.81,39.05,39.33,1480846,39.33
2017-05-31,39.46,39.59,38.85,39.52,1450780,39.52
2017-06-01,39.7,41.02,39.3,40.35,1858950,40.35
2017-06-02,40.32,40.36,39.629,39.86,1002291,39.86
2017-06-05,39.75,40.02,39.47,39.82,848227,39.82
2017-06-06,39.56,40.23,39.16,40.02,1414733,40.02
2017-06-07,40.11,40.9,40.06,40.17,1264439,40.17
2017-06-08,40.79,41.2,39.52,39.68,1480005,39.68
2017-06-09,39.77,40.65,39.29,40.65,1206714,40.65
2017-06-12,40.69,42.57,40.65,42.04,1842056,42.04
2017-06-13,42.11,42.42,41.2,42.11,1370122,42.11
2017-06-14,42.14,42.225,41.44,42.16,795132,42.16
2017-06-15,41.98,43.13,41.785,42.76,2321728,42.76
2017-06-16,42.49,42.61,39.4,40.31,3439795,40.31
2017-06-19,40.12,40.475,39.6,40.25,2021485,40.25
2017-06-20,40.2,40.25,39.48,39.53,1179211,39.53
2017-06-21,40.26,40.68,39.11,39.39,1466861,39.39
2017-06-22,39,39.82,38.73,39.53,1349544,39.53
2017-06-23,39.48,39.65,39.12,39.52,1356031,39.52
2017-06-26,39.74,41.14,39.6,40.84,1253886,40.84
2017-06-27,40.63,41.45,40.62,40.98,942614,40.98
2017-06-28,41.31,42.25,41.31,41.45,1101004,41.45
2017-06-29,41.64,42.32,41.41,41.94,1300726,41.94
2017-06-30,42.2,42.4,41.84,42.16,931621,42.16
2017-07-03,42.43,43.48,42.43,43.02,721257,43.02
2017-07-05,42.81,42.95,41.79,42.03,1479963,42.03
2017-07-06,41.87,42.19,40.9602,41.07,918893,41.07
2017-07-07,41.15,41.915,41.02,41.8,965906,41.8
2017-07-10,41.1,41.58,39.67,40.34,2071801,40.34
2017-07-11,40.47,40.86,40.11,40.55,1127120,40.55
2017-07-12,40.9,42.11,40.71,41.12,1723291,41.12
2017-07-13,41.27,43.155,41.27,42.9,1706669,42.9
2017-07-14,42.84,43.01,41.64,42.01,961559,42.01
2017-07-17,41.86,42.455,41.76,42.29,2498307,42.29
2017-07-18,42,42.29,41.86,42.18,846518,42.18
2017-07-19,42.45,42.72,42.25,42.43,483170,42.43
2017-07-20,42.55,43.46,42.45,42.98,1005228,42.98
2017-07-21,42.96,43.1,42.29,42.97,835492,42.97
2017-07-24,42.67,42.97,42.42,42.85,1176939,42.85
2017-07-25,42.33,43.46,42,42.82,1190663,42.82
2017-07-26,42.81,42.83,41.98,42.48,947964,42.48
2017-07-27,42.66,42.66,41.47,42.27,1973939,42.27
2017-07-28,42.21,42.72,41.63,42.65,994335,42.65
2017-07-31,42.65,42.86,41.47,42.38,1900449,42.38
2017-08-01,42,42.24,41.41,41.97,2011492,41.97
2017-08-02,39.41,40.66,38.735,38.96,4112735,38.96
2017-08-03,38.59,40,38.59,38.72,2602788,38.72
2017-08-04,38.83,39.82,38.65,39.7,2219102,39.7
2017-08-07,39.62,40.77,39.449,40.34,23591128,40.34
2017-08-08,40.46,41.17,39.9,40,1911457,40
2017-08-09,39.71,40.79,39.58,40.78,1484160,40.78
2017-08-10,40.6,40.9,40.09,40.38,1574318,40.38
2017-08-11,40.22,41.23,40.2,41.04,1326970,41.04
2017-08-14,41.45,42.2,41.26,41.72,2962202,41.72
2017-08-15,41.13,42.185,40.34,41.75,1496522,41.75
2017-08-16,42.34,42.84,41.91,41.94,1304670,41.94
2017-08-17,41.9,42.1,40.895,40.96,2179909,40.96
2017-08-18,40.63,42,40.51,41.68,1455783,41.68
2017-08-21,41.71,42.905,41.6,42.45,1172833,42.45
2017-08-22,42.71,42.96,41.9,42.75,1659840,42.75
2017-08-23,42.46,43.08,42.37,42.48,1643601,42.48
2017-08-24,43.01,43.33,41.88,42.15,1628842,42.15
2017-08-25,42.41,43.33,42.32,42.91,1184337,42.91
2017-08-28,42.95,42.95,41.8,42.06,1675702,42.06
2017-08-29,41.7,42.25,41.7,41.77,1471398,41.77
2017-08-30,43.61,43.61,42.25,43.48,2189107,43.48
2017-08-31,44.06,45.62,44.06,45.37,2395133,45.37
2017-09-01,45.57,46.76,45.45,45.52,1669970,45.52
2017-09-05,45.68,46.18,45.22,46.01,1983125,46.01
2017-09-06,46.05,46.28,44.73,44.76,1884946,44.76
2017-09-07,45.31,45.55,44.59,44.74,1367070,44.74
2017-09-08,44.54,45.02,44.5,44.9,1255921,44.9
2017-09-11,44.86,45.75,44.86,45.59,1092948,45.59
2017-09-12,45.9,46.27,45.635,45.8,1008320,45.8
2017-09-13,45.76,46.64,45.76,46.52,1251853,46.52
2017-09-14,46.42,46.5564,45.93,45.99,968674,45.99
2017-09-15,46,46.72,45.85,46.31,1691262,46.31
2017-09-18,46.51,46.6,45.97,46.1,939368,46.1
2017-09-19,46.36,47.28,46.36,46.89,1642236,46.89
2017-09-20,46.81,47.05,46.7,46.8,868368,46.8
2017-09-21,46.8,47.09,46.79,46.94,977470,46.94
2017-09-22,47.17,47.54,47.08,47.36,1037724,47.36
2017-09-25,47.4,48.04,47.37,47.68,1094148,47.68
2017-09-26,47.68,49,47.44,48.82,1693498,48.82
2017-09-27,49.24,49.4,48.27,48.28,1072077,48.28
2017-09-28,47.45,47.9,46.11,47.24,1724539,47.24
2017-09-29,47.28,47.96,47.03,47.46,924938,47.46
2017-10-02,47.4,47.91,47.03,47.82,673386,47.82
2017-10-03,48.44,49.08,48.12,48.37,935431,48.37
2017-10-04,47.66,48.34,47.14,47.61,644969,47.61
2017-10-05,47.86,47.92,47.29,47.56,700067,47.56
2017-10-06,47.32,47.66,47.09,47.53,520911,47.53
2017-10-09,47.49,47.61,46.58,46.75,492874,46.75
2017-10-10,46.7,47.1,46.1,46.26,814635,46.26
2017-10-11,46.13,46.225,45.11,45.21,825619,45.21
2017-10-12,45.01,45.38,44.62,44.79,993687,44.79
2017-10-13,44.6,44.6,43.96,44,1141956,44
2017-10-16,43.9,44.31,43.42,44.15,756388,44.15
2017-10-17,44.01,45.005,43.88,44.84,804935,44.84
2017-10-18,44.97,45.65,44.605,44.63,1314966,44.63
2017-10-19,44.36,44.63,43.92,44.52,703686,44.52
2017-10-20,44.59,45.64,44.56,45.5,733589,45.5
2017-10-23,45.22,45.78,44.99,45.68,727905,45.68
2017-10-24,45.94,46.6,45.72,46.32,704748,46.32
2017-10-25,46.1,46.89,45.28,46.68,1115530,46.68
2017-10-26,47.03,47.87,46.75,47.77,1236283,47.77
2017-10-27,47.85,47.85,47.1,47.6,1453762,47.6
2017-10-30,47.6,47.78,46.85,47.59,653577,47.59
2017-10-31,47.73,47.94,47.38,47.4,1400227,47.4
2017-11-01,47.6625,47.75,46.2,47.6,2070791,47.6
2017-11-02,51.32,55.77,51.05,54.65,4773165,54.65
2017-11-03,55.21,55.36,53.58,53.69,2289245,53.69
2017-11-06,53.94,54.94,53.86,54.46,1422146,54.46
2017-11-07,54.1,54.5799,52.47,52.92,1760265,52.92
2017-11-08,52.85,52.87,51.335,51.97,1181844,51.97
2017-11-09,51.81,52.48,50.92,51.45,1048476,51.45
2017-11-10,51.18,52.55,51.11,52.48,2052698,52.48
2017-11-13,52.36,53.23,52.0963,52.73,759976,52.73
2017-11-14,52.42,53.96,52.3,53.24,866272,53.24
2017-11-15,52.65,53.37,51.91,53.12,794682,53.12
2017-11-16,53.12,53.46,52.01,52.06,768024,52.06
2017-11-17,52.17,52.74,51.68,51.72,1158093,51.72
2017-11-20,51.82,52.04,51.45,51.85,507952,51.85
2017-11-21,51.76,52.24,51.43,52.21,921961,52.21
2017-11-22,52.43,52.585,51.83,52.09,532232,52.09
2017-11-24,52.16,52.98,52.09,52.58,387862,52.58
2017-11-27,52.65,53.1,52.53,52.54,683297,52.54
2017-11-28,52.75,53.43,52.411,53.33,889817,53.33
2017-11-29,53.45,55.56,53.385,55.36,1429611,55.36
2017-11-30,55.31,56.71,55.13,55.37,1255236,55.37
2017-12-01,55.1,55.49,53.435,55.04,552411,55.04
2017-12-04,55.84,56.56,55.36,56.25,1104563,56.25
2017-12-05,57.07,57.83,55.6,55.84,793649,55.84
2017-12-06,55.7,55.92,53.97,55.28,935442,55.28
2017-12-07,55.42,55.66,54.79,55.38,806284,55.38
2017-12-08,55.43,55.7,54.76,55.59,772041,55.59
2017-12-11,55.75,55.75,55.04,55.45,718157,55.45
2017-12-12,55.5,55.97,54.37,54.48,634085,54.48
2017-12-13,54.25,54.77,54.21,54.26,1170464,54.26
2017-12-14,54.28,54.5,51.81,52.42,1239930,52.42
2017-12-15,52.47,52.92,52.14,52.57,2306098,52.57
2017-12-18,53.19,54.02,53.035,53.79,1076796,53.79
2017-12-19,54.21,54.21,52.42,52.61,1492278,52.61
2017-12-20,52.85,53.08,52.13,52.18,482906,52.18
2017-12-21,52.05,52.44,51.37,51.54,814305,51.54
2017-12-22,51.7,51.755,50.76,51.54,626662,51.54
2017-12-26,51.33,52.0885,51.31,51.64,464765,51.64
2017-12-27,51.65,51.92,51.39,51.45,342862,51.45
2017-12-28,51.53,51.7075,50.972,51.38,350806,51.38
2017-12-29,52,52.4095,51.27,51.33,856424,51.33
2018-01-02,51.71,52.59,51.51,52.47,1051227,52.47
2018-01-03,52.27,53.76,52.07,53.75,1349269,53.75
2018-01-04,53.9,54.97,53.76,54.65,1751566,54.65
2018-01-05,54.95,55.78,54.775,55.58,739398,55.58
2018-01-08,55.47,56.87,55.47,56.87,1089562,56.87
2018-01-09,56.91,56.92,56.23,56.38,773297,56.38
2018-01-10,56.25,56.49,55.76,56.1,709067,56.1
2018-01-11,56.21,57.77,56.01,57.7,688669,57.7
2018-01-12,57.86,58.44,57.5,57.96,534549,57.96
2018-01-16,59.05,59.05,56.59,57.24,711996,57.24
2018-01-17,57.25,57.27,56.18,56.37,767046,56.37
2018-01-18,56.54,56.627,55.74,56.43,1181430,56.43
2018-01-19,56.48,59.36,56.48,58.93,2282849,58.93
2018-01-22,58.98,60.12,58.54,60.04,1109771,60.04
2018-01-23,59.96,60.5,59.56,60.1,1113980,60.1
2018-01-24,60.34,61.22,59.703,61.02,1319826,61.02
2018-01-25,61.21,61.31,60.38,61.25,885789,61.25
2018-01-26,61.25,62.02,60.74,62,725550,62
2018-01-29,61.93,61.96,60.95,61.07,822378,61.07
2018-01-30,60.86,61.35,59.86,61.09,1125917,61.09
2018-01-31,61.42,61.6,59.6,60.22,2297831,60.22
2018-02-01,60.1,60.57,57.1,58.04,2266602,58.04
2018-02-02,57.97,59.69,57.15,57.23,1644422,57.23
2018-02-05,56.87,57.11,53.66,53.68,1689016,53.68
2018-02-06,53.16,55.05,52.13,54.42,1586438,54.42
2018-02-07,54.23,55.01,53.35,53.57,1016246,53.57
2018-02-08,53.82,54.41,52.69,52.69,1823325,52.69
2018-02-09,53.45,54.57,51.61,54.02,1531865,54.02
2018-02-12,54.66,54.99,53.52,54.61,722115,54.61
2018-02-13,54.47,54.47,52.69,53.4,1177132,53.4
2018-02-14,52.97,53.42,52.26,52.73,1376175,52.73
2018-02-15,52.97,53.329,51.19,52.6,1124319,52.6
2018-02-16,52.58,53.815,52.18,53.11,900744,53.11
2018-02-20,52.93,52.95,51.91,51.98,795613,51.98
2018-02-21,52.31,52.73,51.69,51.74,1107260,51.74
2018-02-22,52.07,52.54,51.37,51.84,685447,51.84
2018-02-23,52.24,52.53,51.43,52.46,588510,52.46
2018-02-26,52.68,52.68,51.87,52.14,453999,52.14
2018-02-27,52.14,52.64,50.42,50.59,888166,50.59
2018-02-28,50.77,51.24,50.13,50.21,1581481,50.21
2018-03-01,50.07,50.26,48.97,49.16,1527037,49.16
2018-03-02,48.56,49.95,48.01,49.67,939948,49.67
2018-03-05,49.33,50.68,48.78,50.49,938186,50.49
2018-03-06,50.86,51.44,49.95,51.32,1099778,51.32
2018-03-07,50.65,50.97,50.06,50.83,981300,50.83
2018-03-08,50.97,50.97,50.02,50.39,711273,50.39
2018-03-09,50.68,51.64,50.33,51.49,565312,51.49
2018-03-12,51.51,51.74,50.89,50.97,341096,50.97
2018-03-13,51.4,51.595,50.77,50.94,478241,50.94
2018-03-14,51.59,51.65,50.82,51.12,440130,51.12
2018-03-15,51.32,51.5,50.1,50.29,360025,50.29
2018-03-16,50.21,51.09,50.21,50.57,1172885,50.57
2018-03-19,50.61,50.74,49.65,50.18,488571,50.18
2018-03-20,49.4,49.46,47.33,47.82,1384713,47.82
2018-03-21,47.75,49.06,47.54,48.06,680551,48.06
2018-03-22,47.8,48.66,47.08,47.1,711362,47.1
2018-03-23,47.23,47.87,46.38,46.42,907429,46.42
2018-03-26,47.26,47.42,46.46,47.1,894813,47.1
2018-03-27,47.12,47.21,45.79,46.07,853603,46.07
2018-03-28,46.05,47.02,45.75,45.85,1191315,45.85
2018-03-29,46.02,47.1,46.02,46.78,1056872,46.78
2018-04-02,46.73,47.27,44.81,45.41,1115057,45.41
2018-04-03,45.69,46.52,45.69,46.07,928622,46.07
2018-04-04,45.07,47.51,45,47.38,997178,47.38
2018-04-05,47.68,48.05,47,47.66,508678,47.66
2018-04-06,47.29,47.9,46.05,46.47,756841,46.47
2018-04-09,46.95,47.32,46.12,46.17,678960,46.17
2018-04-10,47,47.79,46.5,47.58,872358,47.58
2018-04-11,46.66,47.33,46.51,46.59,492510,46.59
2018-04-12,46.67,46.92,46.28,46.53,625980,46.53
2018-04-13,46.81,46.91,45.83,46.12,767712,46.12
2018-04-16,46.49,47.21,45.98,46.89,571984,46.89
2018-04-17,47.12,48.39,46.7439,47.08,802275,47.08
2018-04-18,46.95,47.72,46.88,47.49,638115,47.49
2018-04-19,47.19,47.845,46.37,46.45,677294,46.45
2018-04-20,46.5,46.775,45.297,45.57,716294,45.57
2018-04-23,45.69,46.2,45.445,45.99,666780,45.99
2018-04-24,46.34,47.105,45.58,45.87,816067,45.87
2018-04-25,45.68,46.75,45.53,46.39,1177427,46.39
2018-04-26,47.03,47.25,45.35,45.91,1075770,45.91
2018-04-27,45.95,46.88,45.55,46.29,1010229,46.29
2018-04-30,46.33,46.82,46,46.19,1628572,46.19
2018-05-01,45.13,47.09,42.945,46.52,2106128,46.52
2018-05-02,46.5,47.65,46.1,47.14,1361874,47.14
2018-05-03,47.15,48,46.72,47.13,1154189,47.13
2018-05-04,46.84,48.16,46.62,47.43,898149,47.43
2018-05-07,47.61,48.19,47.145,47.55,958044,47.55
2018-05-08,47.4,48.3,47.28,47.48,1045724,47.48
2018-05-09,47.64,47.88,46.07,46.61,1004146,46.61
2018-05-10,46.54,46.725,45.72,45.95,744594,45.95
2018-05-11,45.87,46.33,45.62,46.02,687446,46.02
2018-05-14,45.9,46.77,45.55,46.6,676100,46.6
2018-05-15,46.6,47.04,45.87,46.11,1095668,46.11
2018-05-16,46.35,47.24,46.22,46.91,729371,46.91
2018-05-17,46.87,48.18,46.67,47.61,795769,47.61
2018-05-18,47.37,47.37,46.13,46.21,966244,46.21
2018-05-21,46.51,47.37,46.35,47.14,580780,47.14
2018-05-22,48.09,48.24,45.7,45.79,532232,45.79
2018-05-23,45.72,46.03,45.33,45.9,1001284,45.9
2018-05-24,45.78,46.15,45.28,45.94,1382343,45.94
2018-05-25,45.9,46.36,45.68,46.15,510965,46.15
2018-05-29,45.79,46.5,45.65,46.23,633394,46.23
2018-05-30,46.41,47.31,46.05,46.53,927410,46.53
2018-05-31,46.62,46.72,45.43,45.66,6102307,45.66
2018-06-01,45.85,46.99,45.635,46.61,849695,46.61
2018-06-04,46.61,47,46.36,46.89,766207,46.89
2018-06-05,46.85,47.7,46.39,47.53,586662,47.53
2018-06-06,47.73,49.04,47.56,48.91,825975,48.91
2018-06-07,49,49.79,48.08,48.44,1217587,48.44
2018-06-08,48.42,49.205,48.34,49.11,561818,49.11
2018-06-11,49.33,49.83,49.25,49.61,495484,49.61
2018-06-12,49.73,50.04,49.31,49.7,726593,49.7
2018-06-13,49.71,49.71,48.07,48.46,875093,48.46
2018-06-14,48.49,49.11,48.25,49.02,659474,49.02
2018-06-15,48.91,49.54,48.74,49.42,951117,49.42
2018-06-18,49.2,49.75,49.14,49.51,590630,49.51
2018-06-19,49.07,50.3,49.07,50.22,775724,50.22
2018-06-20,50.53,51.33,50.12,51.06,783283,51.06
2018-06-21,50.97,51.21,50.28,50.48,896933,50.48
2018-06-22,51.05,51.99,50.13,50.18,1562598,50.18
2018-06-25,49.96,50.14,48.76,49.82,1881263,49.82
2018-06-26,49.85,50.09,48.92,49.95,904101,49.95
2018-06-27,50.14,50.14,48.92,48.98,1300271,48.98
2018-06-28,48.72,49.26,47.77,49.14,1094316,49.14
2018-06-29,49.24,49.55,48.46,48.58,1310979,48.58
2018-07-02,48.45,48.5,47.64,48.39,644849,48.39
2018-07-03,48.42,48.87,48.15,48.27,321590,48.27
2018-07-05,48.59,49.02,47.68,48.96,983053,48.96
2018-07-06,49.03,50,48.9,49.73,1035356,49.73
2018-07-09,49.93,50.54,49.25,50.48,585399,50.48
2018-07-10,48.7,49.31,47.36,48.38,2947634,48.38
2018-07-11,47.81,47.82,46.55,47.75,1319595,47.75
2018-07-12,47.85,47.98,46.96,47.71,842812,47.71
2018-07-13,47.92,49.19,47.77,48.85,1002239,48.85
2018-07-16,48.87,49.2,48.51,49.17,583546,49.17
2018-07-17,49.1,50.02,49.1,49.64,459957,49.64
2018-07-18,48.48,49.2399,47.44,48.94,1091300,48.94
2018-07-19,49.01,49.9,48.95,49.36,679417,49.36
2018-07-20,49.26,49.34,48.56,48.59,578176,48.59
2018-07-23,48.47,49.27,48.47,48.89,635730,48.89
2018-07-24,49.16,49.759,47.95,48.18,701872,48.18
2018-07-25,47.31,47.31,45.26,46.28,1800907,46.28
2018-07-26,46.14,47.35,45.71,45.86,1291089,45.86
2018-07-27,46.13,46.34,45.66,45.94,992820,45.94
2018-07-30,46.07,47.66,46.01,47.61,1527412,47.61
2018-07-31,47.74,49.21,47.53,48.53,1495136,48.53
2018-08-01,47.525,49.22,45.11,47.26,1881404,47.26
2018-08-02,46.33,47.74,46.11,46.33,1231023,46.33
2018-08-03,46.49,47.29,46.18,47.26,835957,47.26
2018-08-06,47.32,48.38,47.18,47.8,1081561,47.8
2018-08-07,47.93,48.55,47.9,48.35,626903,48.35
2018-08-08,48.22,48.35,47.57,47.7,601828,47.7
2018-08-09,47.7,47.87,46.97,47.05,790683,47.05
2018-08-10,46.77,46.81,45.98,46.31,529298,46.31
2018-08-13,46.43,46.55,45.72,45.8,664212,45.8
2018-08-14,46.08,46.37,45.86,46,673153,46
2018-08-15,45.82,46.15,45.18,46,855735,46
2018-08-16,46.25,47,45.7,46.03,724884,46.03
2018-08-17,46.24,46.62,45.97,46.38,819099,46.38
2018-08-20,46.31,47.01,46.27,46.83,575000,46.83
2018-08-21,47.08,47.82,46.95,47.59,596055,47.59
2018-08-22,47.61,47.705,46.99,47.02,528750,47.02
2018-08-23,47.02,47.13,46.28,46.38,521230,46.38
2018-08-24,46.31,46.4,45.51,45.66,564498,45.66
2018-08-27,45.87,46.38,45.55,46.2,573151,46.2
2018-08-28,46.34,46.69,46.14,46.42,350654,46.42
2018-08-29,46.28,46.3,45.61,45.95,396048,45.95
2018-08-30,45.94,45.94,45.27,45.46,414040,45.46
2018-08-31,45.41,45.6,45.07,45.35,672936,45.35
2018-09-04,45.41,45.66,44.67,44.91,899113,44.91
2018-09-05,44.85,45.15,44.54,44.72,848246,44.72
2018-09-06,44.79,44.82,43.54,43.69,850869,43.69
2018-09-07,43.62,44.45,43.37,43.53,711038,43.53
2018-09-10,43.67,44.4,43.67,44.19,713375,44.19
2018-09-11,44.19,44.46,43.64,43.83,544956,43.83
2018-09-12,43.72,43.92,43.41,43.77,462303,43.77
2018-09-13,43.96,44.21,43.54,43.81,458537,43.81
2018-09-14,43.93,45.05,43.835,44.9,674694,44.9
2018-09-17,44.88,45,43.42,43.53,805912,43.53
2018-09-18,43.41,43.72,42.87,43.09,760070,43.09
2018-09-19,43.33,44.47,43.15,43.91,871162,43.91
2018-09-20,43.96,44.62,43.9,44.47,607191,44.47
2018-09-21,44.63,44.9,44.33,44.39,1255955,44.39
2018-09-24,44.4,44.4,43.09,43.53,485609,43.53
2018-09-25,43.39,43.39,42.43,42.53,696988,42.53
2018-09-26,42.78,43.17,42.2,42.53,611282,42.53
2018-09-27,42.59,42.75,41.92,42.11,522035,42.11
2018-09-28,42.04,42.31,41.45,41.55,857172,41.55
2018-10-01,41.88,42.13,41.11,41.53,516248,41.53
2018-10-02,40.41,41.53,39.56,40.61,1102293,40.61
2018-10-03,40.33,40.54,39.165,40.09,1449192,40.09
2018-10-04,40.17,40.24,38.96,39.34,1736825,39.34
2018-10-05,39.2,39.72,38.62,39.2,1184206,39.2
2018-10-08,39.03,40.02,39.03,39.89,954488,39.89
2018-10-09,39.88,40.11,39.57,39.84,1221580,39.84
2018-10-10,39.8,40.48,39.64,39.85,1153791,39.85
2018-10-11,39.65,39.85,39,39.04,1860127,39.04
2018-10-12,39.54,39.54,37.64,38.06,1344193,38.06
2018-10-15,37.93,38.79,37.93,38.76,846714,38.76
2018-10-16,39.05,40.09,38.58,40.01,794113,40.01
2018-10-17,40.01,40.17,38.82,39.86,1294645,39.86
2018-10-18,39.73,39.78,38.55,38.67,899708,38.67
2018-10-19,38.72,39.45,38.5,38.9,686810,38.9
2018-10-22,38.9,39.24,38.64,38.78,829440,38.78
2018-10-23,38.39,40.73,38.25,40.48,1182348,40.48
2018-10-24,41.99,43.1662,41.33,41.37,2026233,41.37
2018-10-25,41.55,42.79,41.38,42.37,899482,42.37
2018-10-26,41.79,42.86,41.49,42.65,958618,42.65
2018-10-29,43.19,43.64,41.71,42.18,1324218,42.18
2018-10-30,40,41.13,37.955,40.46,2515524,40.46
2018-10-31,40.68,40.825,38.85,40.48,1658423,40.48
2018-11-01,40.54,41.63,40.07,40.6,1137900,40.6
2018-11-02,40.68,41.49,40.3225,40.7,1016560,40.7
2018-11-05,40.52,40.9,39.33,39.44,1184139,39.44
2018-11-06,39.21,39.67,39.07,39.35,791184,39.35
2018-11-07,39.52,39.58,37.93,39.09,1051841,39.09
2018-11-08,39.12,39.63,39,39.37,651451,39.37
2018-11-09,39.29,39.84,38.57,38.98,721472,38.98
2018-11-12,38.93,39.97,38.835,39.41,802024,39.41
2018-11-13,39.5,40.19,39.26,39.27,543876,39.27
2018-11-14,39.33,39.71,38.52,38.57,677144,38.57
2018-11-15,38.24,38.43,36.96,38.07,774437,38.07
2018-11-16,37.81,37.9,36.56,37.16,797951,37.16
2018-11-19,37.3,37.95,37.11,37.57,592610,37.57
2018-11-20,37.34,37.91,36.45,36.53,716715,36.53
2018-11-21,36.55,37.62,36.41,37.09,667564,37.09
2018-11-23,37.09,37.71,36.85,37.25,236887,37.25
2018-11-26,37.43,37.95,37.37,37.7,919872,37.7
2018-11-27,37.7,38.33,37.335,37.55,729838,37.55
2018-11-28,37.58,38.34,36.74,38.29,774618,38.29
2018-11-29,38.07,38.36,37.1,37.15,669548,37.15
2018-11-30,37.03,37.59,36.81,37.13,665478,37.13
2018-12-03,37.58,37.9019,36.88,37.18,495791,37.18
2018-12-04,37.23,37.54,35.165,35.37,1029968,35.37
2018-12-06,35.14,35.24,34.55,35.24,1003050,35.24
2018-12-07,35,35.72,34.25,34.57,491161,34.57
2018-12-10,34.57,34.5761,33.36,33.78,708634,33.78
2018-12-11,34.12,34.79,33.38,33.84,579192,33.84
2018-12-12,34.2,34.72,33.64,34.04,724757,34.04
2018-12-13,34.08,34.26,33.34,33.45,876947,33.45
2018-12-14,33.28,34.09,33.001,33.37,562494,33.37
2018-12-17,33.22,34.47,33.165,33.74,809231,33.74
2018-12-18,34.06,35.19,33.89,34.17,911303,34.17
2018-12-19,34.23,35.63,33.94,34.04,757470,34.04
2018-12-20,33.88,34.55,33.67,34.29,703456,34.29
2018-12-21,34.29,35.35,33.59,33.64,1316001,33.64
2018-12-24,33.42,33.67,33.155,33.24,635088,33.24
2018-12-26,33.29,34.4,32.87,34.36,790122,34.36
2018-12-27,34.02,34.34,33.17,34.31,490718,34.31
2018-12-28,34.41,35.55,34.41,35.11,674576,35.11
2018-12-31,35.22,35.74,34.78,35.7,837396,35.7
2019-01-02,35.36,36.59,35.31,36.05,861705,36.05
2019-01-03,36,36.58,35.55,36.05,580188,36.05
2019-01-04,36.34,37.18,36.1,37.05,685726,37.05
2019-01-07,36.89,37.95,36.59,37.66,710375,37.66
2019-01-08,37.87,37.871,35.79,36.18,1174407,36.18
2019-01-09,36.41,37.24,36.35,36.91,1161587,36.91
2019-01-10,36.83,36.97,35.82,36.57,1206903,36.57
2019-01-11,36.6,37.31,36.52,36.92,608301,36.92
2019-01-14,36.62,37.47,36.62,37.05,452213,37.05
2019-01-15,37.2,37.26,36.15,36.85,501670,36.85
2019-01-16,36.83,37.83,36.83,37.7,654754,37.7
2019-01-17,37.58,37.99,37.48,37.68,505879,37.68
2019-01-18,37.84,38.12,37.49,37.92,403759,37.92
2019-01-22,37.75,37.94,36.66,37.04,522345,37.04
2019-01-23,37.01,37.195,35.94,36.43,637996,36.43
2019-01-24,36.52,37.07,36.2316,36.81,925815,36.81
2019-01-25,37.14,37.36,36.8505,37.2,677211,37.2
2019-01-28,37,37.56,36.785,37.5,498065,37.5
2019-01-29,37.55,37.74,36.885,36.95,426484,36.95
2019-01-30,37.13,37.83,36.79,37.62,772088,37.62
2019-01-31,37.71,38.88,37.36,38.75,1691146,38.75
2019-02-01,38.55,38.7562,38.12,38.46,727447,38.46
2019-02-04,38.31,38.72,37.81,38.71,909673,38.71
2019-02-05,38.78,39.26,38.23,39.24,835970,39.24
2019-02-06,39.07,39.395,38.5,38.88,772214,38.88
2019-02-07,38.85,38.85,37.11,37.28,838582,37.28
2019-02-08,36.91,37.59,36.78,36.94,920743,36.94
2019-02-11,37.02,37.26,36.62,37.18,745705,37.18
2019-02-12,37.32,38.1,37.32,38.06,598141,38.06
2019-02-13,38.12,38.41,37.335,37.95,895515,37.95
2019-02-14,37.84,38.8,37.4755,38.28,684289,38.28
2019-02-15,38.5,39.52,38.34,39.08,1121346,39.08
2019-02-19,38.13,38.85,38.03,38.67,586392,38.67
2019-02-20,38.65,39.38,38.588,39.11,593651,39.11
2019-02-21,39.21,39.71,38.255,38.38,1439349,38.38
2019-02-22,36.52,37.99,35.7,37.23,1771617,37.23
2019-02-25,37.16,37.23,35.71,35.78,1641682,35.78
2019-02-26,35.68,36.14,35.43,35.67,1201709,35.67
2019-02-27,35.46,35.815,34.64,34.73,1165245,34.73
2019-02-28,34.91,35.5,34.22,35.26,1330611,35.26
2019-03-01,35.52,36.05,34.845,34.89,1028492,34.89
2019-03-04,34.9,35.07,34.5,34.6,962779,34.6
2019-03-05,34.69,35.12,34.35,34.88,614787,34.88
2019-03-06,34.84,35.02,34.355,34.43,1063767,34.43
2019-03-07,34.3,34.369,33.56,33.73,1021340,33.73
2019-03-08,33.48,33.75,33.17,33.61,1259934,33.61
2019-03-11,33.83,34.78,33.8,34.43,1196061,34.43
2019-03-12,34.35,34.63,33.93,34.04,727907,34.04
2019-03-13,34.06,34.37,33.75,33.77,1363659,33.77
2019-03-14,33.69,33.69,32.845,32.89,1546167,32.89
2019-03-15,32.98,33.34,32.83,32.87,2171438,32.87
2019-03-18,33.04,33.77,32.92,33.66,1924791,33.66
2019-03-19,33.8,34.11,33.35,33.46,1254284,33.46
2019-03-20,33.47,34.01,33.285,33.61,1002110,33.61
2019-03-21,33.46,34.89,33.27,34.68,979850,34.68
2019-03-22,34.2,34.54,33.48,33.57,1032352,33.57
2019-03-25,33.54,34.18,33.42,34,835237,34
2019-03-26,34.11,34.65,33.96,34.33,669310,34.33
2019-03-27,34.07,35.41,34.07,35.25,961739,35.25
2019-03-28,35.41,36.06,34.95,34.99,1861400,34.99
2019-03-29,35.19,36.16,35.19,35.72,967492,35.72
2019-04-01,36.03,36.25,35.62,36.22,655322,36.22
2019-04-02,36.22,36.22,35.61,35.87,764178,35.87
2019-04-03,36.04,36.79,35.98,36.41,680497,36.41
2019-04-04,36.41,36.96,36.41,36.67,791223,36.67
2019-04-05,36.69,36.7393,35.66,35.82,1177706,35.82
2019-04-08,35.78,36.63,35.4601,36.5,955367,36.5
2019-04-09,36.45,36.52,36.09,36.15,578476,36.15
2019-04-10,36.25,36.9,35.92,36.86,766743,36.86
2019-04-11,36.94,37.13,36.47,36.55,772368,36.55
2019-04-12,36.73,37.41,36.47,37.34,723140,37.34
2019-04-15,37.41,37.73,37.04,37.35,598329,37.35
2019-04-16,37.21,38.14,37.12,38.06,624065,38.06
2019-04-17,37.96,38.36,37.6,37.96,539190,37.96
2019-04-18,38.12,38.29,37.24,37.83,794537,37.83
2019-04-22,37.77,37.89,37.17,37.33,668460,37.33
2019-04-23,37.46,37.91,37.22,37.9,970081,37.9
2019-04-24,38.03,39.06,37.97,38.57,1103645,38.57
2019-04-25,38.33,39.56,38.12,39.5,2025586,39.5
2019-04-26,39.64,43.3645,38.98,42.31,2271408,42.31
2019-04-29,42.82,43.08,41.76,42.27,2111933,42.27
2019-04-30,42.43,43.05,41.72,41.93,1696769,41.93
2019-05-01,41.98,42.245,40.95,40.99,1656688,40.99
2019-05-02,41.19,41.71,40.66,41.04,1187791,41.04
2019-05-03,41.2,41.77,41.02,41.69,1266897,41.69
2019-05-06,41.14,42.04,41.14,41.76,1027029,41.76
2019-05-07,41.49,41.57,40.87,40.95,937770,40.95
2019-05-08,41.07,41.35,40.49,40.51,660247,40.51
2019-05-09,40.1,40.38,39.45,40.1,916749,40.1
2019-05-10,40.05,40.2,39.29,39.8,940200,39.8
2019-05-13,39.06,39.29,38.53,39.13,1183197,39.13
2019-05-14,39.24,39.35,38.8,39.19,879201,39.19
2019-05-15,39.11,39.555,38.69,39.03,1040483,39.03
2019-05-16,39.2,39.81,39.16,39.73,1102588,39.73
2019-05-17,39.82,40.32,39.82,40.05,916142,40.05
2019-05-20,39.8,40.175,39.6,39.73,618474,39.73
2019-05-21,39.83,40.195,39.57,40.09,471153,40.09
2019-05-22,39.85,39.99,39.66,39.88,493351,39.88
2019-05-23,39.75,39.87,38.925,39.09,1032845,39.09
2019-05-24,39.32,39.88,39.31,39.7,572886,39.7
2019-05-28,39.44,39.98,39.385,39.82,915333,39.82
2019-05-29,39.61,39.86,38.85,39.77,1191072,39.77
2019-05-30,39.73,40.19,39.73,40.01,679798,40.01
2019-05-31,39.48,39.615,38.8763,39.47,1448776,39.47
2019-06-03,39.42,41.36,39.38,41.02,1206921,41.02
2019-06-04,41.44,42.75,41.39,42.68,868782,42.68
2019-06-05,42.83,42.97,41.51,41.66,683341,41.66
2019-06-06,41.65,41.93,40.95,41.81,739433,41.81
2019-06-07,41.92,41.98,41.17,41.24,836229,41.24
2019-06-10,41.45,41.75,40.3,40.7,635464,40.7
2019-06-11,40.95,41.32,40.58,40.88,611029,40.88
2019-06-12,40.85,40.85,39.91,40.4,686561,40.4
2019-06-13,40.46,41.24,40.27,41.23,587054,41.23
2019-06-14,41.31,41.39,41.05,41.25,398840,41.25
2019-06-17,41.25,41.93,41.22,41.69,480145,41.69
2019-06-18,41.91,42.42,41.79,42.12,547447,42.12
2019-06-19,42.14,42.16,41.47,41.49,347891,41.49
2019-06-20,41.93,42.15,41.34,42.07,493759,42.07
2019-06-21,42.11,42.79,41.78,42.52,1422513,42.52
2019-06-24,42.45,42.45,41.4,41.67,620773,41.67
2019-06-25,41.67,41.7,40.42,40.5,804480,40.5
2019-06-26,40.6,40.97,40.23,40.73,1098290,40.73
2019-06-27,40.99,42.16,40.74,42.03,404230,42.03
2019-06-28,42.14,42.54,41.72,41.94,1020191,41.94
2019-07-01,42.31,42.78,41.6,42.34,673318,42.34
2019-07-02,42.29,42.36,41.58,42.13,457655,42.13
2019-07-03,42.29,42.58,41.94,42.57,204329,42.57
2019-07-05,42.39,42.695,41.67,42.01,334843,42.01
2019-07-08,42.02,42.27,41.4,41.49,496510,41.49
2019-07-09,41.41,41.64,40.88,41.29,635144,41.29
2019-07-10,41.57,41.57,41.07,41.4,478303,41.4
2019-07-11,41.5,41.84,41.27,41.83,455860,41.83
2019-07-12,41.99,42.47,41.81,41.94,331350,41.94
2019-07-15,42.08,42.08,40.81,41.4,584172,41.4
2019-07-16,41.26,41.81,40.9,41.67,742042,41.67
2019-07-17,41.63,41.85,41.03,41.78,876650,41.78
2019-07-18,41.79,41.98,41.29,41.96,499160,41.96
2019-07-19,42.01,42.66,41.79,42.05,870254,42.05
2019-07-22,42.15,42.55,41.78,41.95,825526,41.95
2019-07-23,44.13,47.99,43.7,46.5,4764431,46.5
2019-07-24,46.7,49,46.34,48.69,2980192,48.69
2019-07-25,48.79,49.08,48.07,48.57,1298642,48.57
2019-07-26,48.68,49.05,48.03,48.9,837897,48.9
2019-07-29,48.9,49.1,48.36,48.97,924313,48.97
2019-07-30,48.6,48.72,48.215,48.65,833355,48.65
2019-07-31,48.75,49.05,48.35,48.68,945888,48.68
2019-08-01,48.83,49.61,47.17,48.18,806839,48.18
2019-08-02,48.22,48.55,47.49,47.54,682827,47.54
2019-08-05,46.73,47.71,46.52,47.53,652424,47.53
2019-08-06,47.59,48.02,47.1201,47.81,697694,47.81
2019-08-07,47.41,47.81,47.17,47.72,784154,47.72
2019-08-08,48.05,48.47,47.65,48.44,961656,48.44
2019-08-09,48.24,48.345,47.46,47.68,608799,47.68
2019-08-12,47.63,48.42,47.39,48.25,537866,48.25
2019-08-13,48.19,49.39,47.83,48.91,746226,48.91
2019-08-14,48.2,48.59,47.95,48.08,999161,48.08
2019-08-15,48.25,48.25,46.31,46.94,852682,46.94
2019-08-16,46.97,47.83,46.97,47.58,611474,47.58
2019-08-19,48.07,48.07,47.52,47.55,734204,47.55
2019-08-20,47.75,47.75,47.21,47.33,662067,47.33
2019-08-21,47.76,47.86,47.24,47.35,678949,47.35
2019-08-22,47.5,47.75,47.12,47.54,562526,47.54
2019-08-23,47.11,47.5,46.23,46.38,686227,46.38
2019-08-26,46.82,47.62,46.4,47.47,502346,47.47
2019-08-27,47.86,47.86,46.22,46.27,604814,46.27
2019-08-28,46.07,46.99,45.925,46.94,618850,46.94
2019-08-29,47.22,48.045,46.98,47.15,522825,47.15
2019-08-30,47.35,47.75,47.05,47.46,503165,47.46
2019-09-03,47.06,47.64,46.74,47.34,680341,47.34
2019-09-04,47.63,48.38,47.63,48.04,673127,48.04
2019-09-05,48.32,49.19,48.09,48.76,789201,48.76
2019-09-06,48.92,49.27,48.6101,48.74,674643,48.74
2019-09-09,48.74,50.14,48.74,49.96,730667,49.96
2019-09-10,49.8,52.09,49.64,52.02,1035030,52.02
2019-09-11,52,52.42,50.09,51.82,903713,51.82
2019-09-12,51.98,52.56,50.78,51.43,698858,51.43
2019-09-13,51.55,51.88,50.08,50.28,756168,50.28
2019-09-16,49.88,50.72,49.6,50.53,561291,50.53
2019-09-17,50.35,50.78,49.56,50.29,515911,50.29
2019-09-18,50.38,50.49,49.52,50.44,497270,50.44
2019-09-19,50.59,51.01,50.3,50.71,638250,50.71
2019-09-20,50.9,51.04,50.13,50.51,1070028,50.51
2019-09-23,50.24,51.38,50.14,51.06,1000336,51.06
2019-09-24,51.87,51.95,49.9,50.3,557862,50.3
2019-09-25,50.36,50.81,49.92,50.15,328430,50.15
2019-09-26,50.05,50.095,49.21,49.74,464732,49.74
2019-09-27,49.88,50.04,49.45,49.76,491000,49.76
2019-09-30,49.67,50.75,49.52,50.7,530849,50.7
2019-10-01,50.85,51.41,49.86,50.31,595237,50.31
2019-10-02,49.96,50.085,48.65,48.97,501656,48.97
2019-10-03,48.56,48.75,47.4,48.11,689068,48.11
2019-10-04,47.98,48.165,47.31,48.15,519032,48.15
2019-10-07,48.06,48.22,47.11,47.63,797397,47.63
2019-10-08,47.19,47.49,46.75,47.1,486244,47.1
2019-10-09,47.5,47.98,47.21,47.62,554111,47.62
2019-10-10,47.76,48.51,47.36,48.25,434917,48.25
2019-10-11,48.72,49.61,48.32,48.51,838087,48.51
2019-10-14,48.41,48.73,48.02,48.68,396138,48.68
2019-10-15,48.98,49.96,48.44,49.77,911247,49.77
2019-10-16,50.02,50.71,49.93,50.21,802114,50.21
2019-10-17,50.37,50.975,50.19,50.88,534529,50.88
2019-10-18,50.67,50.895,50.23,50.71,439261,50.71
2019-10-21,51.22,51.66,50.68,51.2,641037,51.2
2019-10-22,51.06,51.06,49.09,49.3,698217,49.3
2019-10-23,49.6,50.93,49.6,50.64,740472,50.64
2019-10-24,50.76,51.46,50.67,50.86,596649,50.86
2019-10-25,50.63,51.292,50.39,50.85,483469,50.85
2019-10-28,51.36,52.17,51.3,51.79,914242,51.79
2019-10-29,51.25,51.71,48.69,50.67,1183627,50.67
2019-10-30,51,52.23,50.94,51.56,796356,51.56
2019-10-31,51.87,51.875,50.54,50.85,690603,50.85
2019-11-01,51.25,51.88,51.1,51.73,609827,51.73
2019-11-04,52.15,52.68,51.8,52.6,765458,52.6
2019-11-05,52.59,53.19,52.17,52.47,436320,52.47
2019-11-06,52.42,52.555,52.03,52.03,434463,52.03
2019-11-07,52.21,52.59,51.61,51.7,362509,51.7
2019-11-08,51.6,51.83,51.24,51.77,438661,51.77
2019-11-11,51.51,52.175,51.49,51.92,333138,51.92
2019-11-12,51.95,52.63,51.84,52.04,459392,52.04
2019-11-13,51.65,52.33,51.42,52.25,426399,52.25
2019-11-14,52.4,53.16,52.305,52.73,521523,52.73
2019-11-15,53.05,53.05,52.57,52.99,282368,52.99
2019-11-18,53.01,53.12,52.59,52.72,383105,52.72
2019-11-19,52.88,52.97,52.07,52.15,555793,52.15
2019-11-20,52,52.33,51.42,51.9,443997,51.9
2019-11-21,52.21,52.23,51.34,51.38,518324,51.38
2019-11-22,51.36,52.01,51.36,51.6,270589,51.6
2019-11-25,51.65,52.13,51.52,51.69,548202,51.69
2019-11-26,51.91,52,51.48,52,437126,52
2019-11-27,52.16,52.27,51.81,51.98,266746,51.98
2019-11-29,51.76,51.83,51.03,51.09,179759,51.09
2019-12-02,51.14,51.4273,50.77,50.93,365672,50.93
2019-12-03,50.54,50.54,49.62,49.84,468613,49.84
2019-12-04,49.99,51.03,49.78,50.34,522064,50.34
2019-12-05,50.37,51.02,50.3,50.61,477393,50.61
2019-12-06,51.08,51.59,51.01,51.15,332342,51.15
2019-12-09,50.99,51.11,50.68,50.68,289602,50.68
2019-12-10,50.7,51.05,50.56,50.95,297554,50.95
2019-12-11,50.81,52.13,50.57,52,469705,52
2019-12-12,51.67,52.47,51.28,52.33,973120,52.33
2019-12-13,52.33,52.33,49.81,49.91,510263,49.91
2019-12-16,49.97,50.75,49.89,50.45,644045,50.45
2019-12-17,50.44,51.63,50.25,51.58,495954,51.58
2019-12-18,51.86,51.94,50.83,51.36,338010,51.36
2019-12-19,51.2,51.23,50.55,51.14,393815,51.14
2019-12-20,51.01,51.7,50.8,51.5,1168828,51.5
2019-12-23,51.49,51.54,48.69,48.7,890380,48.7
2019-12-24,48.75,49.15,48.75,48.86,835104,48.86
2019-12-26,48.99,49.07,48.18,48.6,412217,48.6
2019-12-27,48.79,49.24,48.43,48.98,431007,48.98
2019-12-30,48.93,48.98,48.16,48.45,291975,48.45
2019-12-31,48.31,48.825,48.31,48.63,486184,48.63
2020-01-02,49.39,49.39,48.09,48.92,373506,48.92
2020-01-03,48.26,48.58,47.64,48.04,398085,48.04
2020-01-06,47.65,47.88,47.1,47.22,620417,47.22
2020-01-07,47,47.3,46.41,46.47,506893,46.47
2020-01-08,46.57,46.81,46.07,46.16,518808,46.16
2020-01-09,46.01,46.7,45.092,45.18,982624,45.18
2020-01-10,45.34,45.87,44.94,45.42,637048,45.42
2020-01-13,45.26,45.91,45.01,45.9,592837,45.9
2020-01-14,45.91,46.335,45.7301,46.14,618534,46.14
2020-01-15,45.91,46.36,45.91,46.25,538208,46.25
2020-01-16,46.46,46.83,45.82,46,607139,46
2020-01-17,46.16,46.16,45.55,45.6,904425,45.6
2020-01-21,45.55,45.8,45.07,45.12,1493849,45.12
2020-01-22,45.13,45.37,44.69,44.87,875486,44.87
2020-01-23,44.82,45.31,44.425,45,1538201,45
2020-01-24,45.1,45.1,44.07,44.35,668764,44.35
2020-01-27,43.78,44.72,43.78,44.19,561383,44.19
2020-01-28,44.23,44.545,43.81,44.07,632143,44.07
2020-01-29,44.17,44.4748,43.7,43.79,690585,43.79
2020-01-30,43.51,44.02,43.46,43.85,416053,43.85
2020-01-31,43.89,43.89,42.34,42.44,1030779,42.44
2020-02-03,42.77,43.92,42.77,43.2,964213,43.2
2020-02-04,43.71,44.09,43.58,43.65,1233839,43.65
2020-02-05,44.09,44.73,43.77,44.55,956633,44.55
2020-02-06,44.7,44.81,43.02,43.46,836101,43.46
2020-02-07,43.24,43.53,43,43.38,510127,43.38
2020-02-10,43.25,43.77,43.0332,43.73,921382,43.73
2020-02-11,48,48.64,45.02,46.49,2942713,46.49
2020-02-12,47.14,48.5,46,47.72,1747972,47.72
2020-02-13,47.31,48.01,47.04,47.86,989517,47.86
2020-02-14,47.95,47.97,47.06,47.5,883068,47.5
2020-02-18,47.53,48.35,47.28,47.44,566450,47.44
2020-02-19,47.6,48.39,47.235,48.02,830293,48.02
2020-02-20,47.98,48.66,47.815,48.63,751996,48.63
2020-02-21,48.5,48.85,47.97,48.65,765531,48.65
2020-02-24,47.65,48.44,47.29,47.44,740504,47.44
2020-02-25,47.47,47.76,44.82,45.32,820281,45.32
2020-02-26,45.57,45.88,43.68,43.71,619093,43.71
2020-02-27,42.79,43.9,42.31,42.45,914965,42.45
2020-02-28,41.23,42.81,40.87,42.73,1190068,42.73
2020-03-02,42.88,44.15,41.99,44.03,1003552,44.03
2020-03-03,43.85,44.88,42.22,42.6,677267,42.6
2020-03-04,43.16,44.16,42.42,43.96,890740,43.96
2020-03-05,42.55,43.14,41.76,43.13,898421,43.13
2020-03-06,41.66,42.49,41.56,42.19,819670,42.19
2020-03-09,40.29,40.945,37.7706,40.38,1111227,40.38
2020-03-10,41.48,41.78,38.9,40.86,947972,40.86
2020-03-11,40.25,40.72,37.53,37.87,1432953,37.87
2020-03-12,35.98,35.98,32.83,32.86,1167577,32.86
2020-03-13,34.69,34.69,31.25,34.01,1360182,34.01
2020-03-16,31,31,26.38,27.51,1042504,27.51
2020-03-17,27.94,28.31,25.555,27.46,1484540,27.46
2020-03-18,25.7,27.06,20.59,22.55,1399798,22.55
2020-03-19,22.17,26.545,20.66,26.1,1632672,26.1
2020-03-20,26.31,27.95,25.76,26.5,2335573,26.5
2020-03-23,26.45,27.13,25.3,27.01,1447756,27.01
2020-03-24,28.82,30.28,28.61,30.26,1207467,30.26
2020-03-25,30.53,33,29.69,31.25,1858411,31.25
2020-03-26,31.82,32.58,30.9,31.35,1260507,31.35
2020-03-27,30.11,30.74,28.98,29.24,1291873,29.24
2020-03-30,28.89,29.65,28.07,28.49,1225075,28.49
2020-03-31,28.41,28.98,27.57,28.06,1254949,28.06
2020-04-01,26.85,27.5,25.71,26.52,1285921,26.52
2020-04-02,26.06,27.11,24.2629,25.21,1314916,25.21
2020-04-03,24.99,25.62,23.12,24.59,1498384,24.59
2020-04-06,26.1,29.13,25.78,26.01,2496827,26.01
2020-04-07,27.86,30.46,26.96,27.1,2048806,27.1
2020-04-08,27.59,31.3,27.04,30.99,917683,30.99
2020-04-09,32.39,36.31,32.07,33.65,2466372,33.65
2020-04-13,33.57,33.79,31.6,32.5,805265,32.5
2020-04-14,32.94,33.72,31.86,32.79,969674,32.79
2020-04-15,30.87,31.42,30.08,30.51,863025,30.51
2020-04-16,30.64,31.2,30.0156,30.4,715971,30.4
2020-04-17,31.6,33.12,30.85,31.46,1428233,31.46
2020-04-20,30.81,31.62,30.09,30.23,823197,30.23
2020-04-21,29.2,29.87,28.86,28.92,654532,28.92
2020-04-22,30.28,30.28,28.79,29.31,729221,29.31
2020-04-23,29.52,31.31,29.52,30.94,1346503,30.94
2020-04-24,33.19,34.09,32.3,33.63,1620312,33.63
2020-04-27,34.94,36.15,34.02,35.79,1564724,35.79
2020-04-28,36.86,37.71,35.46,35.87,1078218,35.87
2020-04-29,37.07,39.64,36.7441,38.43,1202596,38.43
2020-04-30,37.6,37.62,36.37,37.24,1050857,37.24
2020-05-01,36.1,36.36,35.18,35.86,635754,35.86
2020-05-04,35.01,36.63,34.8616,36.49,637518,36.49
2020-05-05,37.39,38.07,36.68,36.73,705357,36.73
2020-05-06,37.24,37.54,36.11,36.63,857139,36.63
2020-05-07,37.01,38.05,36.35,36.46,758518,36.46
2020-05-08,37.55,38.43,36.75,38.32,942410,38.32
2020-05-11,41.62,41.99,39.15,39.39,1901169,39.39
2020-05-12,40,40.0263,36.75,36.77,1382563,36.77
2020-05-13,36.55,36.55,32.54,33.2,1400728,33.2
2020-05-14,32.06,35.38,31.88,35.17,1158590,35.17
2020-05-15,34.82,35.78,34.505,35.7,641218,35.7
2020-05-18,37.82,39.43,37.49,39.21,1276404,39.21
2020-05-19,39.12,39.73,37.7,37.74,898236,37.74
2020-05-20,38.35,39.43,38.076,38.46,836572,38.46
2020-05-21,38.4,39.98,38.4,39.92,892750,39.92
2020-05-22,39.91,40.07,38.725,39.79,558507,39.79
2020-05-26,41.88,42.28,40.475,41.28,899800,41.28
2020-05-27,42.49,43.45,40.93,42.09,1056372,42.09
2020-05-28,42.34,42.47,41.02,41.43,812975,41.43
2020-05-29,41.02,41.045,39.47,39.48,1034644,39.48
2020-06-01,39.39,40.13,39.16,39.38,937933,39.38
2020-06-02,39.98,40.36,39.305,39.95,1732598,39.95
2020-06-03,40.52,42.5,40.52,42.28,770473,42.28
2020-06-04,41.79,42.16,41.11,41.79,871838,41.79
2020-06-05,43.93,44.74,42.69,43.47,1350811,43.47
2020-06-08,44.23,45.35,43.25,43.62,872123,43.62
2020-06-09,43,43.58,41.87,43.24,781083,43.24
2020-06-10,43.13,43.13,40.61,40.73,1131673,40.73
2020-06-11,38.85,39.8,37.88,38.2,942290,38.2
2020-06-12,39.88,40.32,38.16,39.33,921703,39.33
2020-06-15,37.67,39.75,37.13,39.57,802448,39.57
2020-06-16,41.69,41.8727,39.02,40.45,791526,40.45
2020-06-17,40.25,40.25,38.48,38.7,997364,38.7
2020-06-18,38.06,39.615,38.01,39.33,883037,39.33
2020-06-19,39.77,39.93,38.02,38.02,1557001,38.02
2020-06-22,37.73,38.59,37.2,38.22,678802,38.22
2020-06-23,38.77,38.84,37.95,38.52,605423,38.52
2020-06-24,37.83,37.91,35.9,36.17,760490,36.17
2020-06-25,36.03,36.57,35.67,36.32,645524,36.32
2020-06-26,36.01,36.645,35.72,35.78,1137698,35.78
2020-06-29,36.17,37.91,35.6435,37.67,566331,37.67
2020-06-30,37.6,38.27,37.21,37.58,571146,37.58
2020-07-01,37.51,38.09,36.86,36.98,495458,36.98
2020-07-02,37.97,38.56,36.95,37.08,684540,37.08
2020-07-06,37.8,38.05,37.17,37.77,914761,37.77
2020-07-07,37.47,39.1,37.14,38.97,849711,38.97
2020-07-08,39.12,41.39,39.1,41.35,1568986,41.35
2020-07-09,41.32,41.73,40.155,40.68,896437,40.68
2020-07-10,40.64,41.86,40.28,41.74,765096,41.74
2020-07-13,42.15,42.74,41.02,41.07,659226,41.07
2020-07-14,40.66,43.57,40.66,43.55,1009399,43.55
2020-07-15,44.57,45.1,43.74,44.15,1247929,44.15
2020-07-16,43.86,44.925,43.82,44.65,871397,44.65
2020-07-17,43.99,45.12,43.58,44.72,848334,44.72
2020-07-20,44.66,45.34,43.93,44.56,865825,44.56
2020-07-21,45,45.46,44.46,45.16,660942,45.16
2020-07-22,45.53,49.15,45.53,48.85,1831221,48.85
2020-07-23,52.25,53.49,49.66,52.55,3433286,52.55
2020-07-24,53.65,54.92,52.89,54.7,1643112,54.7
2020-07-27,54.91,56.69,54.41,56.5,1671800,56.5
2020-07-28,56.5,57.09,54.47,54.56,1459467,54.56
2020-07-29,54.76,55.37,53.78,54.15,1588295,54.15
2020-07-30,53.42,53.81,51.55,51.63,1538470,51.63
2020-07-31,51.82,52.24,50.87,51.34,1214066,51.34
2020-08-03,51.85,52.965,51.52,52.91,1102374,52.91
2020-08-04,52.92,53.72,52.02,52.62,726947,52.62
2020-08-05,53.29,53.64,52.31,53.31,734506,53.31
2020-08-06,52.82,53.5,52.63,53.19,602322,53.19
2020-08-07,52.8,53.4,52.11,53.32,910974,53.32
2020-08-10,53.85,55.75,53.75,54.28,837844,54.28
2020-08-11,55.25,55.56,54.23,54.59,773387,54.59
2020-08-12,55.93,58.07,55.91,57.51,1272769,57.51
2020-08-13,56.85,57.35,56.0885,56.58,681486,56.58
2020-08-14,56.31,57.09,55.7601,57.02,546629,57.02
2020-08-17,57.77,58.8,57.32,58.44,826372,58.44
2020-08-18,58.39,59.39,57.5,58.47,1005750,58.47
2020-08-19,58.56,58.86,57.29,57.47,727708,57.47
2020-08-20,57.87,58.6993,57.1712,58.16,729979,58.16
2020-08-21,57.78,58.36,57.28,58.1,555798,58.1
2020-08-24,58.45,58.6477,57.39,58.17,709802,58.17
2020-08-25,58.27,58.48,57.5,57.94,774646,57.94
2020-08-26,57.9,57.9,56.61,56.88,820605,56.88
2020-08-27,57.42,58,56.99,57.09,637304,57.09
2020-08-28,57.63,58.88,57.27,57.58,659332,57.58
2020-08-31,57.27,57.45,56.31,56.86,718176,56.86
2020-09-01,56.83,58.43,56.12,58.15,776790,58.15
2020-09-02,58.99,59.578,57.5,58.48,744684,58.48
2020-09-03,58.35,58.35,56.1,56.44,622842,56.44
2020-09-04,57.03,57.68,54.72,56.3,445756,56.3
2020-09-08,55.26,56.97,54.8101,56.13,610387,56.13
2020-09-09,56.41,57,55.56,56.75,386280,56.75
2020-09-10,57,57.86,56.23,56.31,758869,56.31
2020-09-11,56.81,57,54.89,54.9,548084,54.9
2020-09-14,55.59,56.25,55.41,56.07,532756,56.07
2020-09-15,56.77,56.85,55.64,56.3,511095,56.3
2020-09-16,56.69,56.89,54.83,54.98,724334,54.98
2020-09-17,54.11,54.93,53.57,54.13,653584,54.13
2020-09-18,54.19,54.19,52.67,53.36,1416542,53.36
2020-09-21,52.15,52.25,50.52,51.47,659893,51.47
2020-09-22,52.01,53.1899,51.925,52.4,572715,52.4
2020-09-23,53.93,54.5499,52.87,53.03,723081,53.03
2020-09-24,52.31,52.7671,50.72,51.37,611497,51.37
2020-09-25,51.15,52.06,50.55,51.9,1042703,51.9
2020-09-28,52.86,53.82,52.34,53.77,485167,53.77
2020-09-29,53.77,53.77,51.32,52.04,555927,52.04
2020-09-30,52.45,53.23,52.025,52.93,825671,52.93
2020-10-01,53.36,54.645,52.5,54.55,617184,54.55
2020-10-02,53.7,57.96,53.63,57.44,950354,57.44
2020-10-05,57.7,59.93,57.7,59.47,942891,59.47
2020-10-06,60,61.96,58.92,59.03,1192785,59.03
2020-10-07,60.09,61.15,59.9,60.16,971006,60.16
2020-10-08,60.39,61.8699,59.5928,61.61,788916,61.61
2020-10-09,62.27,62.27,60.35,60.56,745403,60.56
2020-10-12,60.5,61.1072,60.14,60.45,475097,60.45
2020-10-13,60,61.52,59.63,61.14,707024,61.14
2020-10-14,61.51,62,60.07,60.69,563719,60.69
2020-10-15,60.01,63.46,59.66,63.02,590727,63.02
2020-10-16,63.03,63.2606,61.51,62.25,975815,62.25
2020-10-19,63.18,64.24,61.75,62.01,1059080,62.01
2020-10-20,62.1,63.33,61.5,63.03,1878232,63.03
2020-10-21,67.76,69.2797,64.17,64.24,2487480,64.24
2020-10-22,64.39,64.41,60.75,62.3,1679714,62.3
2020-10-23,62.51,62.51,60.42,60.65,938652,60.65
2020-10-26,59.76,61.14,59.02,61.02,1259910,61.02
2020-10-27,60.28,61.03,57.25,57.88,1258980,57.88
2020-10-28,56.65,58.25,56.26,57.09,1020400,57.09
2020-10-29,57.05,57.66,56.41,57,627034,57
2020-10-30,56.55,57.54,56.07,56.73,743927,56.73
2020-11-02,57.36,57.96,56.31,57.79,609092,57.79
2020-11-03,58.54,59.64,58.17,59.08,546357,59.08
2020-11-04,58.25,59.385,57.43,58.76,607520,58.76
2020-11-05,59.57,60.98,59.2001,59.95,659987,59.95
2020-11-06,60.33,60.6,58.86,58.92,566600,58.92
2020-11-09,61.43,62.21,60.58,61.04,1144579,61.04
2020-11-10,61.04,63.06,60.7901,62.7,1154423,62.7
2020-11-11,62.79,62.985,60.95,62.25,656597,62.25
2020-11-12,61.82,61.8886,59.015,59.65,731874,59.65
2020-11-13,59.79,61.73,59.79,60.93,550891,60.93
2020-11-16,61.87,62.67,60.98,62.34,663675,62.34
2020-11-17,61.88,62.55,61.335,61.97,830513,61.97
2020-11-18,62.35,63.32,61.66,61.71,774858,61.71
2020-11-19,61.47,61.6784,59.89,60.48,692462,60.48
2020-11-20,60.46,61.29,59.52,60.45,835933,60.45
2020-11-23,61,62.24,61,62.02,602138,62.02
2020-11-24,63,65.3,62.8253,64.84,796602,64.84
2020-11-25,64.35,64.53,62.6,63.34,426642,63.34
2020-11-27,63,63.4855,61.77,63,980548,63
2020-11-30,62.56,62.665,60.4484,61.29,1964537,61.29
2020-12-01,62,65.46,61.48,65,896271,65
2020-12-02,64.23,65.3,63.86,65.15,650546,65.15
2020-12-03,65.29,67.06,65.16,66.2,864976,66.2
2020-12-04,66.44,67.51,66.3,67.4,570549,67.4
2020-12-07,67,67.76,66.79,67.3,607751,67.3
2020-12-08,66.5,67.25,66.03,66.11,446785,66.11
2020-12-09,66.2,67.61,65.86,67.3,558653,67.3
2020-12-10,66.52,66.85,65.5102,66.53,518760,66.53
2020-12-11,66.34,67.67,65.76,66.9,475871,66.9
2020-12-14,67.18,68.76,65.76,65.79,563012,65.79
2020-12-15,66.49,66.7,65.79,66.1,557642,66.1
2020-12-16,66.54,66.91,65.4481,65.92,860495,65.92
2020-12-17,66.08,67.33,65.915,67.33,859232,67.33
2020-12-18,69.22,70.48,67.8,68.67,2422547,68.67
2020-12-21,67.89,68.29,66.91,68.03,1402541,68.03
2020-12-22,68.03,68.25,66.56,66.57,779078,66.57
2020-12-23,66.43,68.17,66.36,67.98,445279,67.98
2020-12-24,68.12,68.13,67.39,68.05,199964,68.05
2020-12-28,68.47,69.29,68,68.61,598836,68.61
2020-12-29,69,69.1,67.28,68.72,845656,68.72
2020-12-30,68.82,70.8755,68.82,69.74,638321,69.74
2020-12-31,69.58,70.331,68.78,69.79,614635,69.79
2021-01-04,69.98,70.28,66.86,68.09,896317,68.09
2021-01-05,67.93,69.71,67.13,69.33,706011,69.33
2021-01-06,69.53,73.73,69.53,73.51,1014482,73.51
2021-01-07,73.75,76.22,73.65,75.76,710970,75.76
2021-01-08,76,76.5,73.41,74.84,574637,74.84
2021-01-11,74.24,76.78,74.12,76.19,434844,76.19
2021-01-12,75.93,78.21,75.93,77,570830,77
2021-01-13,75.96,76.42,74.4,74.86,481225,74.86
2021-01-14,75.53,76.32,74.943,75.89,459400,75.89
2021-01-15,73.39,74.82,72.515,74.17,692877,74.17
2021-01-19,74.73,75.51,73.89,74.57,873222,74.57
2021-01-20,74.6,77.53,74.59,77.46,809679,77.46
2021-01-21,77.5,78.33,77.03,77.19,532699,77.19
2021-01-22,76.38,76.98,75.41,76.69,395419,76.69
2021-01-25,76.22,77.46,74.51,75.46,471298,75.46
2021-01-26,76,76.9,75.275,76.33,371529,76.33
2021-01-27,74.73,74.73,71.32,73.4,1081409,73.4
2021-01-28,73.82,73.82,71.23,72.27,1046176,72.27
2021-01-29,72.37,73.22,70.6372,71.28,565991,71.28
2021-02-01,71.92,74.75,71.92,74.6,655061,74.6
2021-02-02,75.58,76.33,72.72,73.8,683652,73.8
2021-02-03,73.91,75.42,72.54,75.15,666023,75.15
2021-02-04,75.14,77.23,74.99,76.95,315752,76.95
2021-02-05,77.71,78.29,75.73,77.19,553165,77.19
2021-02-08,77.77,79.4,77.27,79.35,672828,79.35
2021-02-09,79.3,79.63,77.79,78.98,302736,78.98
2021-02-10,79.5,79.5,76.71,78.41,481264,78.41
2021-02-11,78.48,79.59,77.19,78.2,388829,78.2
2021-02-12,77.51,78.87,77.51,78.39,404301,78.39
2021-02-16,80.1,82.9,79.23,79.43,1186374,79.43
2021-02-17,78.22,79.93,76.55,79.01,680931,79.01
2021-02-18,78.99,79.92,77.88,77.91,709438,77.91
2021-02-19,78,79.55,78,78.74,666745,78.74
2021-02-22,78.44,79.85,78.18,78.63,848192,78.63
2021-02-23,77.87,78.55,75.212,76.99,1069570,76.99
2021-02-24,76.99,78.27,76,78,1068390,78
2021-02-25,78.22,79.145,75.13,75.61,1170379,75.61
2021-02-26,76.09,77.23,74.23,75.02,1276302,75.02
2021-03-01,76.48,77.9,76.2,76.23,895948,76.23
2021-03-02,76.49,76.995,75.52,76.15,691870,76.15
2021-03-03,76.61,79.87,76.59,78.65,995625,78.65
2021-03-04,78,80.38,76.81,79.16,1189336,79.16
2021-03-05,79.46,86.23,79.31,85.81,1611567,85.81
2021-03-08,86.31,90.78,85.99,89.91,1459714,89.91
2021-03-09,90.1,90.635,85.22,85.25,948435,85.25
2021-03-10,86.34,88,84.87,87.14,1317527,87.14
2021-03-11,87.27,87.5275,84.16,86.39,974791,86.39
2021-03-12,87,89.14,86.19,89.04,442967,89.04
2021-03-15,88.3,88.5,86.53,87.83,776752,87.83
2021-03-16,87.84,90.09,86.662,89.56,917102,89.56
2021-03-17,89.59,90.9799,88.9759,89.93,1239243,89.93
2021-03-18,89.65,92.4,89.24,90.26,1232250,90.26
2021-03-19,89.66,90.645,88.61,89.98,2516057,89.98
2021-03-22,89.43,89.43,86.115,87.71,1003001,87.71
2021-03-23,87.07,88.69,86.08,86.56,1265134,86.56
2021-03-24,87.74,88.96,85.58,85.73,680673,85.73
2021-03-25,85.44,90.22,85.151,89.98,1013842,89.98
2021-03-26,90.96,93.41,89.62,93.4,704431,93.4
2021-03-29,93.55,96.2,92.02,92.09,854208,92.09
2021-03-30,91.82,94.99,91.8,94.81,809227,94.81
2021-03-31,94.85,95.86,93.14,93.22,726734,93.22
2021-04-01,92.45,93.125,90.41,92.06,713870,92.06
2021-04-05,93.56,93.7466,91.8,92.49,649612,92.49
2021-04-06,91.72,92.7,90.55,91.29,811403,91.29
2021-04-07,91.5,91.69,89.83,90.74,706314,90.74
2021-04-08,90.84,91.87,89.25,91.64,523887,91.64
2021-04-09,92,93.2,91.51,93.12,476740,93.12
2021-04-12,93.24,93.91,92.29,93.22,551098,93.22
2021-04-13,92.89,92.94,91.38,92.2,366013,92.2
2021-04-14,92.8,96.22,92.56,95.47,693600,95.47
2021-04-15,95.94,96.47,94.41,96.23,447567,96.23
2021-04-16,96.98,97.98,96,97.21,491513,97.21
2021-04-19,97.2,97.57,97.2,97.57,3905,97.57
2021-04-20,99.44,99.78,91.4,93.23,1330315,93.23
2021-04-21,92.54,95.73,91.75,95.49,917419,95.49
2021-04-22,96.82,98.98,95.44,96.2,1058108,96.2
2021-04-23,97,102.405,96.6,102.01,954894,102.01
2021-04-26,102.01,104.16,101.39,101.5,1376143,101.5
2021-04-27,102.1,103.01,100.95,101.4,1229378,101.4
2021-04-28,100.71,103.53,100.4,102.68,667304,102.68
2021-04-29,103.84,104.35,102.62,103.29,714876,103.29
2021-04-30,102.65,104.14,101.89,102.48,897853,102.48
2021-05-03,103.78,105,102.775,103.47,1502411,103.47
2021-05-04,102.94,105.22,101.9,105.16,1229089,105.16
2021-05-05,106.02,106.32,103.57,104.38,1090025,104.38
2021-05-06,104.95,106.95,103.76,106.89,805244,106.89
2021-05-07,106.96,106.99,104.895,105.77,820415,105.77
2021-05-10,106.15,106.26,104.47,104.61,672366,104.61
2021-05-11,103.2,104.315,100.7,102.8,868614,102.8
2021-05-12,102.1,102.3,98.11,98.16,965278,98.16
2021-05-13,99.11,103.97,98.62,103.26,869067,103.26
2021-05-14,103.78,105.7,103.02,105.29,441068,105.29
2021-05-17,105.23,106.6,104.42,105.38,644816,105.38
2021-05-18,105.35,106.17,103.5,103.57,830832,103.57
2021-05-19,101.05,101.125,98.58,100.13,1599770,100.13
2021-05-20,100.05,100.87,97.31,98.56,1437705,98.56
2021-05-21,100.1,101.75,99.45,99.94,1593904,99.94
2021-05-24,100.96,101.72,99.65,101,906365,101
2021-05-25,101.47,102.82,99.87,99.95,1121595,99.95
2021-05-26,100.07,102.01,100.03,101.51,1138745,101.51
2021-05-27,103.01,104.33,102.06,102.95,1384299,102.95
2021-05-28,103.89,104.21,100.48,102.13,1268657,102.13
2021-06-01,103.68,105.35,102.57,105.33,1095773,105.33
2021-06-02,105.37,105.5,102.34,102.53,1207647,102.53
2021-06-03,101.72,102.14,99.84,100.98,1312584,100.98
2021-06-04,101.32,101.65,97.5,97.64,1639430,97.64
2021-06-07,97.58,98.66,95.07,96.31,1990374,96.31
2021-06-08,95.73,98.34,95.25,97.57,1426808,97.57
2021-06-09,97.14,97.515,95.58,96.5,1707810,96.5
2021-06-10,97.74,98.1799,94.85,95.01,1238739,95.01
2021-06-11,95.57,98.15,95.55,97.92,1746690,97.92
2021-06-14,97.87,98.1241,92.86,93.3,1212591,93.3
2021-06-15,93.3,94.425,92.47,94.02,906805,94.02
2021-06-16,93.4,94.7,92.04,94.29,714778,94.29
2021-06-17,94.8,94.82,89.45,90.69,875328,90.69
2021-06-18,88.93,90.06,88.32,88.77,1536696,88.77
2021-06-21,89.84,92.23,89.39,91.24,781247,91.24
2021-06-22,90.85,92.47,89.25,91.99,737336,91.99
2021-06-23,92.3,92.94,90.97,92.05,675308,92.05
2021-06-24,92.75,93.27,92.08,92.63,688416,92.63
2021-06-25,93.45,95.63,93.32,94.86,1986373,94.86
2021-06-28,94.99,95.5,93.17,93.6,686456,93.6
2021-06-29,93.78,94.34,93.235,93.56,648958,93.56
2021-06-30,93.2,95.07,93.2,94.81,1066625,94.81
2021-07-01,95.8,98.83,94.77,98,1220055,98
2021-07-02,97.88,99.83,97.3041,99.54,789929,99.54
2021-07-06,99.05,99.49,95.739,97.47,980401,97.47
2021-07-07,96.64,99.39,96.51,98.89,696992,98.89
2021-07-08,96.66,100.43,95.06,98.26,980141,98.26
2021-07-09,100.31,103.36,99.73,103.23,962859,103.23
2021-07-12,102.82,106.09,102.2,105.86,1199173,105.86
2021-07-13,105.29,106.1,104.135,104.45,754427,104.45
2021-07-14,105.61,107.67,104.59,105.22,844719,105.22
2021-07-15,104.78,106.54,102.4201,103.39,824952,103.39
2021-07-16,104.3,104.74,102.51,102.6,1436210,102.6
2021-07-19,104.17,109.27,101,106.34,3592274,106.34
2021-07-20,108.37,115.15,108,114.17,2921503,114.17
2021-07-21,116.09,120.9,115.9,117.64,2172684,117.64
2021-07-22,117.03,117.57,115.52,116.45,1393819,116.45
2021-07-23,116.81,117.3445,114.7233,116.72,896141,116.72
2021-07-26,117.04,118.86,114.81,115.55,858093,115.55
2021-07-27,115.29,117.74,114.37,117.66,1283796,117.66
2021-07-28,118.07,119.62,115.8,116.53,1074791,116.53
2021-07-29,117.55,122.2086,116.79,120.86,1678176,120.86
2021-07-30,119.61,122.72,119.05,121.33,1263814,121.33
2021-08-02,122.35,125.21,120.12,120.23,1595534,120.23
2021-08-03,120.54,121.22,118.17,119.4,1645090,119.4
2021-08-04,118.56,119.15,115.67,116.32,1603327,116.32
2021-08-05,117,119.23,116.68,118.54,1070646,118.54
2021-08-06,120.33,121.31,117.19,117.23,875308,117.23
2021-08-09,116.5,118.395,115.18,117.21,776793,117.21
2021-08-10,116.82,118.855,115.95,117.49,789689,117.49
2021-08-11,117.06,117.74,116.01,116.99,1123847,116.99
2021-08-12,117.35,119.08,115.58,117.11,938748,117.11
2021-08-13,117,117.7799,115.445,115.81,871618,115.81
2021-08-16,114.84,123.42,113.801,122.43,2795216,122.43
2021-08-17,120.92,121.57,113.621,114.73,2060527,114.73
2021-08-18,115,117.96,113.54,113.69,1492450,113.69
2021-08-19,111.93,114.42,109.5425,113.5,1298661,113.5
2021-08-20,113.57,115.46,112.94,114.05,1047731,114.05
2021-08-23,114.3,115.41,112.31,113.79,904630,113.79
2021-08-24,114.46,116.33,114.08,114.97,728677,114.97
2021-08-25,115.39,115.39,112.305,112.6,630206,112.6
2021-08-26,112.12,112.195,109.44,109.88,653005,109.88
2021-08-27,110.22,111.79,109.12,110.58,587188,110.58
2021-08-30,110.91,111.65,109.06,110.56,524739,110.56
2021-08-31,110.43,110.85,108.725,109.09,749571,109.09
2021-09-01,109.32,109.43,107.7229,108.21,665075,108.21
2021-09-02,108.16,109.25,107.19,107.48,751739,107.48
2021-09-03,107.29,107.51,105.01,106.26,986219,106.26
2021-09-07,105.94,105.99,102.85,102.98,1684692,102.98
2021-09-08,103.06,105.36,101.59,105.29,1524188,105.29
2021-09-09,104.28,106.15,104.02,105.06,970859,105.06
2021-09-10,106.15,106.15,103.76,104.53,854783,104.53
2021-09-13,105.92,106.19,103.41,105.89,810457,105.89
2021-09-14,105.65,107.36,105.65,106.6,881079,106.6
2021-09-15,107.03,110.85,106.9,110.49,1639179,110.49
2021-09-16,111.74,117.81,111.74,117.29,2302820,117.29
2021-09-17,117.92,124.34,117.5601,120.46,7643545,120.46
2021-09-20,117.45,119.19,116.04,118.82,1296954,118.82
2021-09-21,120.23,123.13,118.455,121.09,1675423,121.09
2021-09-22,122.5,127.219,122.5,125.6,1707938,125.6
2021-09-23,126.5,128,121.3,122.25,1975754,122.25
2021-09-24,122.01,125.51,121.76,123.82,1753642,123.82
2021-09-27,124.97,125.92,123.91,124.41,1257589,124.41
2021-09-28,124.44,125.008,121.89,122.48,860070,122.48
2021-09-29,125.87,129.6464,124.94,129.01,1730087,129.01
2021-09-30,125.84,127.77,121.67,121.76,1705107,121.76
2021-10-01,121.6,122.29,116.81,119.42,1125836,119.42
2021-10-04,119.09,121.46,117.91,120.25,864789,120.25
2021-10-05,120.28,120.42,114.95,115.06,1431988,115.06
2021-10-06,114.07,115.73,113.12,115.15,701088,115.15
2021-10-07,116.37,118.73,116.37,117.49,1090486,117.49
2021-10-08,117.41,120.645,117.36,118.12,646848,118.12
2021-10-11,118.35,119.7794,116.935,117.6,740290,117.6
2021-10-12,118.54,119,116.8552,117.18,446229,117.18
2021-10-13,116.73,117.37,113.9,114.37,1054794,114.37
2021-10-14,115.16,116.905,114.33,116.04,654028,116.04
2021-10-15,117.35,119.03,116.55,116.71,760561,116.71
2021-10-18,115.97,117.92,115.97,117.32,705478,117.32
2021-10-19,118.37,118.37,114.9,115.44,893344,115.44
2021-10-20,117.42,120.66,116.75,116.96,1534120,116.96
2021-10-21,127.65,131.12,122.41,126,3521775,126
2021-10-22,127.14,132.89,126.3,130.48,1377419,130.48
2021-10-25,129.65,131.04,129.65,131.04,100084,131.04
2021-10-26,130.75,131.15,124.32,125.43,1126454,125.43
2021-10-27,124.44,125.01,120.34,120.39,1039892,120.39
2021-10-28,121.36,121.8499,118.1,120.86,926085,120.86
2021-10-29,120.47,122.9368,120.11,121.12,692793,121.12
2021-11-01,121.93,124.14,121.545,123.38,823478,123.38
2021-11-02,123,123.155,119.78,120.11,856979,120.11
2021-11-03,120.67,125.65,120.32,122.38,807929,122.38
2021-11-04,122.52,122.97,119.625,122.03,575034,122.03
2021-11-05,122.89,124.7,122.29,123.65,1019648,123.65
2021-11-08,124.2,124.97,120.66,122.36,947469,122.36
2021-11-09,122.24,126.66,122.24,125.14,943262,125.14
2021-11-10,124.13,127.04,122.535,124.45,1036195,124.45
2021-11-11,124.56,126.21,124.13,124.94,864825,124.94
2021-11-12,125,129.68,125,128.68,913639,128.68
2021-11-15,128.96,130.115,127.23,129.02,471450,129.02
2021-11-16,128.5,131.49,127.18,130.9,746307,130.9
2021-11-17,130.5,130.76,115.4,117.75,2307265,117.75
2021-11-18,117.44,121.76,116.65,120.86,1298428,120.86
2021-11-19,120,120.5692,117.695,117.85,839738,117.85
2021-11-22,119.38,126.9,119.07,125.96,1054624,125.96
2021-11-23,125.31,128.2,124.18,127.62,626440,127.62
2021-11-24,126,127.85,124.28,126.99,484317,126.99
2021-11-26,122.2,128.52,121.9,127.19,407524,127.19
2021-11-29,128.51,129.49,127.12,127.46,555373,127.46
2021-11-30,125.76,128.215,123.62,123.85,860804,123.85
2021-12-01,125.78,128.3,122.57,122.67,627801,122.67
2021-12-02,123.36,128.6579,122.97,126.8,823667,126.8
2021-12-03,126.5,127.4863,123.36,124.04,885194,124.04
2021-12-06,125.58,128.4199,124.45,124.57,782408,124.57
2021-12-07,126.92,126.92,122.7,122.89,1292328,122.89
2021-12-08,122.96,123.29,118.95,120.3,756481,120.3
2021-12-09,119.63,120.8401,119,119.66,830039,119.66
2021-12-10,120.09,120.96,118.67,120.67,1467146,120.67
2021-12-13,120.6,120.6,113.6,114.28,1233768,114.28
2021-12-14,114,117.18,113,115.98,1360897,115.98
2021-12-15,115.62,117.9,115.45,116.2,1380329,116.2
2021-12-16,117.98,119.8,116.07,116.11,1050661,116.11
2021-12-17,115.23,116.8,113.91,113.95,3703062,113.95
2021-12-20,113.49,113.49,109.82,110.56,1422945,110.56
2021-12-21,111.19,111.7,109.16,110.89,1731166,110.89
2021-12-22,112.37,114.4699,111.36,111.74,1408763,111.74
2021-12-23,111.28,112.62,110.065,112.12,561074,112.12
2021-12-27,112.45,114.72,111.18,113.36,811787,113.36
2021-12-28,112.82,113.97,112.47,112.74,869103,112.74
2021-12-29,113.19,113.66,112.61,113.02,1665764,113.02
2021-12-30,113.81,116.89,113.255,115.98,522737,115.98
2021-12-31,115.48,117.45,114.81,116.85,658356,116.85
2022-01-03,117.33,118.3899,113.35,114.05,462584,114.05
2022-01-04,115.38,117.35,114.14,114.58,793263,114.58
2022-01-05,114.89,115.52,111.13,111.23,718351,111.23
2022-01-06,112.02,113.23,109.83,112.28,625877,112.28
2022-01-07,111.97,114.92,111.3902,112.61,587582,112.61
2022-01-10,112.63,116.53,111.03,116.36,793360,116.36
2022-01-11,116.42,116.435,112.13,114.18,638074,114.18
2022-01-12,114.24,114.9,111.22,112.54,1172713,112.54
2022-01-13,113.23,114.01,111.45,111.61,407228,111.61
2022-01-14,110.42,111.7,108.01,109.9,857678,109.9
2022-01-18,110.88,113.065,108.35,109.52,1017458,109.52
2022-01-19,109.17,110.08,106.58,106.83,1086588,106.83
2022-01-20,106.61,110.215,104.72,105.07,1409215,105.07
2022-01-21,104.5,106.2,102.83,104.98,1826331,104.98
2022-01-24,103.6,112.48,102.3248,112.48,394631,112.48
2022-01-25,111.37,111.37,108.44,110.09,1057382,110.09
2022-01-26,111.21,111.21,106.7,107.46,887455,107.46
2022-01-27,107.65,108.93,104.43,104.62,712856,104.62
2022-01-28,105.5,108.07,104.78,107.97,624983,107.97
2022-01-31,107.4,109.11,107.1476,109,714125,109
2022-02-01,108.89,110.39,106.3201,108.67,476007,108.67
2022-02-02,109.22,109.94,105.87,108.33,736990,108.33
2022-02-03,107.88,109.81,107.22,107.36,492270,107.36
2022-02-04,106.95,107.49,103,104.05,1270315,104.05
2022-02-07,104.31,105.76,102.612,103.57,687388,103.57
2022-02-08,103.63,107.68,103.63,106.31,593402,106.31
2022-02-09,108.35,109.93,107.64,108.52,638598,108.52
2022-02-10,107.21,107.91,105.03,105.83,714686,105.83
2022-02-11,105.75,106.65,104.07,105.09,855174,105.09
2022-02-14,104.73,106.33,102.67,104.43,911552,104.43
2022-02-15,105.99,109.36,105.735,108.88,762722,108.88
2022-02-16,108.69,112.08,108.22,111.12,1517787,111.12
2022-02-17,112.09,114.5,105.221,106.93,1824690,106.93
2022-02-18,106.19,110.91,105.275,109.83,1608497,109.83
2022-02-22,109.48,109.53,105.07,105.34,1179081,105.34
2022-02-23,106.32,106.42,102.5,104.2,860439,104.2
2022-02-24,100.93,106.65,100,106.5,854067,106.5
2022-02-25,105.92,113.13,105.92,112.77,1152639,112.77
2022-02-28,110.18,115.13,109.78,114.66,1313748,114.66
2022-03-01,114.05,114.82,111.65,112.86,834232,112.86
2022-03-02,114.38,120.95,114.38,119.83,1195089,119.83
2022-03-03,119.91,120.24,112.77,113.11,1245379,113.11
2022-03-04,111.94,116.56,111.2,113.13,983168,113.13
2022-03-07,111.78,113.8539,108.26,108.85,990890,108.85
2022-03-08,111.58,111.58,111.58,111.58,89298,111.58
2022-03-09,114.04,115.49,109.95,110.22,933487,110.22
2022-03-10,109,110.96,108.39,110.49,628147,110.49
2022-03-11,110.26,111.97,109.01,110.58,530609,110.58
2022-03-14,111.07,114.31,111,113.06,706080,113.06
2022-03-15,113.07,115.96,113.07,115.24,679018,115.24
2022-03-16,116,118.98,115.14,117.91,669203,117.91
2022-03-17,116.3,118.97,114.685,118.91,510339,118.91
2022-03-18,118.79,119.33,115.11,118.45,904538,118.45
2022-03-21,118.9,119.82,116.55,117.98,544747,117.98
2022-03-22,118.33,119.82,116.02,117.98,565005,117.98
2022-03-23,118.08,118.08,115.165,115.91,605142,115.91
2022-03-24,115.75,116.515,112.88,113.39,585008,113.39
2022-03-25,114,114.1275,111.37,112.08,452325,112.08
2022-03-28,111.69,111.69,108.09,109.69,753062,109.69
2022-03-29,111,113.08,109.97,112.71,609959,112.71
2022-03-30,111.54,111.54,107.85,107.89,915160,107.89
2022-03-31,107.7,107.7,99.34,99.58,1562732,99.58
2022-04-01,100,102.55,98.1,98.84,1532964,98.84
2022-04-04,99,101.3689,98.63,100.1,1519015,100.1
2022-04-05,99.49,100.64,97.6,97.94,1598700,97.94
2022-04-06,97.17,99.84,96.61,97.79,1381269,97.79
2022-04-07,97.99,100.91,96.56,100.14,1299852,100.14
2022-04-08,100.07,106.51,99.88,103.36,1326256,103.36
2022-04-11,102.22,108.315,102.18,104.45,1135172,104.45
2022-04-12,104.25,107.68,101.22,101.61,1031199,101.61
2022-04-13,101.13,102.313,98.02,100.46,1016300,100.46
2022-04-14,101.15,103.08,100.63,101.46,658244,101.46
2022-04-18,100.63,103.4,100.04,103.12,798680,103.12
2022-04-19,103.51,108.76,103.51,108.64,1321627,108.64
2022-04-20,110,111.65,105.17,105.61,1090002,105.61
2022-04-21,106.44,107.44,98.93,101.84,2336599,101.84
2022-04-22,102.09,108.765,99.82,106.37,1802224,106.37
2022-04-25,106.48,116.19,106.39,115.57,2209969,115.57
2022-04-26,114.74,117.72,113.81,116.15,1689848,116.15
2022-04-27,116.95,117.7127,112.5,113.81,1007804,113.81
2022-04-28,114.96,117.05,111.8,116.25,895998,116.25
2022-04-29,115.12,117.795,115.06,115.91,743575,115.91
2022-05-02,116.42,120,115.35,119.74,933813,119.74
2022-05-03,119.43,123.575,118.32,123.18,935168,123.18
2022-05-04,123.2,126.39,121.84,126.14,922637,126.14
2022-05-05,125.88,125.88,121.23,122.86,884413,122.86
2022-05-06,123.29,124.98,122,123.82,894006,123.82
2022-05-09,122.8,124.24,120.46,121.51,974832,121.51
2022-05-10,122.09,122.25,114.57,117.43,1290480,117.43
2022-05-11,118.19,122.18,116.66,118.38,987627,118.38
2022-05-12,117.6,120.84,116.31,118.67,1029226,118.67
2022-05-13,120.23,125.66,119.9,123.68,994781,123.68
2022-05-16,122.56,124.55,120.81,122.19,660180,122.19
2022-05-17,123.04,124.665,120.713,122.66,617507,122.66
2022-05-18,120.32,120.34,109.15,110.39,1066454,110.39
2022-05-19,109.24,110.99,108,109.76,825827,109.76
2022-05-20,110.01,110.6572,102.53,108.39,1261146,108.39
2022-05-23,109.07,109.07,105.48,107.41,745149,107.41
2022-05-24,109.99,110.51,107.53,110.2,965192,110.2
2022-05-25,108.55,115.44,108.55,114.84,854023,114.84
2022-05-26,116,118.93,114.08,118.36,788027,118.36
2022-05-27,118.36,122.23,118.36,122.13,991243,122.13
2022-05-31,121.79,121.9,117.72,119.56,903747,119.56
2022-06-01,120.48,121.38,117.19,120.88,585940,120.88
2022-06-02,121.21,122.82,120.08,120.8,516753,120.8
2022-06-03,119.08,121.42,117.67,121.2,610383,121.2
2022-06-06,121.6,124.79,118.77,122.78,640408,122.78
2022-06-07,120.73,123.135,119.03,122.41,571415,122.41
2022-06-08,122,123.925,121.08,121.34,454772,121.34
2022-06-09,121.7,124.47,120.52,122.76,475436,122.76
2022-06-10,121.03,126.14,118.43,120.12,1056201,120.12
2022-06-13,117.75,118.11,110.52,111.41,936611,111.41
2022-06-14,111.72,116.08,110.97,115.07,910299,115.07
2022-06-15,115.9,117.08,111.62,113.4,773990,113.4
2022-06-16,110.8,110.93,103.44,104.77,1278955,104.77
2022-06-17,104.84,111.2,104.45,110.64,2714579,110.64
2022-06-21,112.79,113.95,110.76,111.49,767281,111.49
2022-06-22,110.59,113.08,109.81,112.45,587499,112.45
2022-06-23,113.17,113.39,109.81,111.7,458718,111.7
2022-06-24,112.5,116.82,111.71,116.33,825436,116.33
2022-06-27,117.47,118.17,115.39,116.96,576668,116.96
2022-06-28,117.46,119.48,115.4,115.81,713398,115.81
2022-06-29,116.3,116.85,114.38,116.58,517535,116.58
2022-06-30,114.37,114.815,109.51,111.76,872190,111.76
2022-07-01,112.04,115.98,111.75,114.81,432401,114.81
2022-07-05,112.5,117.57,111.21,116.79,599241,116.79
2022-07-06,116.85,118.0975,111.79,112.66,734330,112.66
2022-07-07,113.22,116.5751,113.04,115.18,1116158,115.18
2022-07-08,116.42,116.429,113.66,113.8,496396,113.8
2022-07-11,113.4,114.78,112.3131,112.66,517286,112.66
2022-07-12,112.8,116.74,112.42,114.3,541371,114.3
2022-07-13,113.12,114.43,110.4,113.78,892829,113.78
2022-07-14,110.79,112.24,108.7466,111.63,831540,111.63
2022-07-15,112.92,115.83,112.06,114.46,604152,114.46
2022-07-18,115.69,119.07,115.59,117.15,893609,117.15
2022-07-19,118.84,124.99,118.84,124.14,1027087,124.14
2022-07-20,123.5,123.93,117.34,122.18,1232660,122.18
2022-07-21,120.19,122.09,114.795,115.62,1491408,115.62
2022-07-22,117,121.7145,115.98,117.07,1094846,117.07
2022-07-25,120.23,120.83,113.74,114.06,1001135,114.06
2022-07-26,111.89,114.81,110.43,111.05,929770,111.05
2022-07-27,112.06,112.74,110.09,112.61,1099856,112.61
2022-07-28,112.24,117.96,110.78,117.4,1062565,117.4
2022-07-29,117.79,119.72,115.15,118.74,587244,118.74
2022-08-01,117.83,121.49,117.83,120.48,599493,120.48
2022-08-02,119.45,119.51,115.67,116.23,963162,116.23
2022-08-03,117.71,120.87,116.65,120.08,587979,120.08
2022-08-04,119.15,121.28,119.15,119.71,488268,119.71
2022-08-05,118.66,121.475,118.04,120.85,526023,120.85
2022-08-08,121.17,125.73,121.13,123.05,702426,123.05
2022-08-09,122.53,122.635,119.27,121.14,509119,121.14
2022-08-10,124.01,125.655,122.13,123.25,783943,123.25
2022-08-11,124.59,126.275,123.57,123.84,756755,123.84
2022-08-12,124,125.23,123,124.71,427757,124.71
2022-08-15,124.22,124.63,122.77,123.52,368809,123.52
2022-08-16,124.29,135.57,124.29,132.49,1083956,132.49
2022-08-17,131.3,131.3,125.6116,127.2,630957,127.2
2022-08-18,126.8,127.21,125.2055,126.64,357491,126.64
2022-08-19,125.46,126.06,124.13,125.58,699652,125.58
2022-08-22,123.32,125.27,123.0045,124.42,698458,124.42
2022-08-23,125.75,126.88,124.71,124.82,613818,124.82
2022-08-24,124.58,126.2882,123.2801,126.08,697631,126.08
2022-08-25,125.63,129.534,125.63,129.14,820594,129.14
2022-08-26,130.15,130.24,125.39,126.35,662558,126.35
2022-08-29,125.34,127.9475,124.5,127.36,512948,127.36
2022-08-30,128.23,128.23,124.31,125.55,527669,125.55
2022-08-31,124.82,125.725,123.01,124.6,684148,124.6
2022-09-01,123.69,125.05,121.81,123.59,762673,123.59
2022-09-02,124.46,125.15,121.71,122.54,811094,122.54
2022-09-06,121.9,122.3286,115.635,116.24,1263346,116.24
2022-09-07,115.84,119.82,115.29,119.45,813142,119.45
2022-09-08,117.86,118.97,116.08,117.58,1002574,117.58
2022-09-09,116.85,119.2,116.51,117.51,938013,117.51
2022-09-12,117.93,120.1,116.29,116.67,805292,116.67
2022-09-13,113.5,114.17,110.45,110.63,1017894,110.63
2022-09-14,110.95,111.36,106.78,111.28,1352514,111.28
2022-09-15,111.05,112.9664,109.26,110.72,910813,110.72
2022-09-16,109.35,111.27,108.62,109.52,2791666,109.52
2022-09-19,108.84,112.02,108.09,110.68,1098261,110.68
2022-09-20,109.5,109.76,106.315,107.52,1253821,107.52
2022-09-21,108.23,110.21,107.435,107.54,928979,107.54
2022-09-22,107.79,109.32,106.21,106.99,1456761,106.99
2022-09-23,104.95,106.99,103.79,106.96,961364,106.96
2022-09-26,106.08,108.03,105.23,105.36,822159,105.36
2022-09-27,106,108.38,105.975,107.41,968305,107.41
2022-09-28,108,112.68,108,112.43,1196668,112.43
2022-09-29,105.08,105.23,98.3501,100.77,2223837,100.77
2022-09-30,100,104.63,99.421,101.87,1670104,101.87
2022-10-03,102.82,108.15,102.6,106.01,1862207,106.01
2022-10-04,107.85,108.76,106.05,107.84,1223433,107.84
2022-10-05,106.57,106.57,103.18,104.94,1203315,104.94
2022-10-06,102.87,104.18,100.06,101.03,1410833,101.03
2022-10-07,100.59,101.12,99.71,100.82,1670236,100.82
2022-10-10,101.18,103.2,101.02,101.95,1157596,101.95
2022-10-11,101.65,104.84,101.61,103.47,1189403,103.47
2022-10-12,103.7,106.2,103.24,104.53,1037518,104.53
2022-10-13,103.36,106.08,101.74,104.94,1132459,104.94
2022-10-14,105.74,106.57,101.15,101.34,959785,101.34
2022-10-17,102.8,104.25,100.89,101.5,1268128,101.5
2022-10-18,103.5,105.01,101.78,102.1,1313308,102.1
2022-10-19,99.99,101.79,95.97,97.65,1905773,97.65
2022-10-20,98.09,99.345,94.92,95.6,1135744,95.6
2022-10-21,95.42,98.27,95.29,96.9,1299318,96.9
2022-10-24,97,100.67,96.24,100.6,1080548,100.6
2022-10-25,100.77,103.7476,100.63,103.21,1197330,103.21
2022-10-26,103.79,104.69,101.275,102.41,1225426,102.41
2022-10-27,103.17,110.8495,103.17,105.22,1770907,105.22
2022-10-28,103.71,106.8,102.35,106.1,1390270,106.1
2022-10-31,106,108.2,105.55,106.31,979988,106.31
2022-11-01,107.74,112.56,106.7,111.75,1253393,111.75
2022-11-02,110.99,111.22,106.1,106.3,1119327,106.3
2022-11-03,104.75,109.23,103.96,106.98,881853,106.98
2022-11-04,108.08,109.63,104.85,106.15,1042245,106.15
2022-11-07,107.22,110.65,106.055,110.54,788188,110.54
2022-11-08,111.46,113.74,110.15,113.01,1093965,113.01
2022-11-09,111.84,114.35,111.17,111.33,865963,111.33
2022-11-10,115,121.67,115,119.66,1289593,119.66
2022-11-11,120.53,122,118.96,120.61,802204,120.61
2022-11-14,119.61,122.255,118.21,120.5,785567,120.5
2022-11-15,122.12,125.17,120.32,120.69,828901,120.69
2022-11-16,118.37,120.36,117.865,120.25,592388,120.25
2022-11-17,118,120.67,116.16,120.63,671526,120.63
2022-11-18,122.47,122.47,118.16,119.7,713331,119.7
2022-11-21,118.88,119.4,116.96,118.34,704362,118.34
2022-11-22,119.77,121.34,118.63,120,614200,120
2022-11-23,119.91,120.45,118.31,119.17,437075,119.17
2022-11-25,118.56,121.19,118.25,120.28,222693,120.28
2022-11-28,119.02,120.63,118.57,119.35,647837,119.35
2022-11-29,118.93,123.22,118.7,122.77,764722,122.77
2022-11-30,122.7,124.48,120.82,123.91,731994,123.91
2022-12-01,124.03,125.37,121.01,121.17,686357,121.17
2022-12-02,119.97,121.895,119.97,121.05,651067,121.05
2022-12-05,119.86,119.86,116.66,117.37,617456,117.37
2022-12-06,117.14,120.03,116.6507,120,603615,120
2022-12-07,119.63,121.25,118.21,119.35,656424,119.35
2022-12-08,119.41,120.55,117.22,117.8,946713,117.8
2022-12-09,116.58,117.85,115.08,116.24,579334,116.24
2022-12-12,116.53,118.16,115.15,117.06,893290,117.06
2022-12-13,119.79,119.8899,113.21,113.76,975833,113.76
2022-12-14,112.72,115.93,111.5,114.43,970033,114.43
2022-12-15,113.59,115.05,112.13,114.41,796643,114.41
2022-12-16,112.18,113.31,110.94,111.69,2277542,111.69
2022-12-19,111.62,111.87,107.19,108.19,1103079,108.19
2022-12-20,107.26,108.04,103.67,103.77,1319127,103.77
2022-12-21,104.9,106,103.19,104.19,1231343,104.19
2022-12-22,101.08,105.03,99.72,104.99,1607164,104.99
2022-12-23,105,107.23,104.72,107.14,795224,107.14
2022-12-27,107.06,108.2329,105.95,107,577698,107
2022-12-28,107,108.08,105.37,105.75,482431,105.75
2022-12-29,106.63,108.35,106.2668,107.5,533954,107.5
2022-12-30,106.59,107.85,106.25,107.3,624819,107.3
2023-01-03,108.42,109.65,106.95,107.22,826627,107.22
2023-01-04,107.99,110.65,107.99,110.64,780540,110.64
2023-01-05,109.05,109.62,107.64,109.11,585140,109.11
2023-01-06,109.98,111.2,108.65,111,518069,111
2023-01-09,111.31,111.89,109.7,110.49,764667,110.49
2023-01-10,111.04,113.315,110.98,113.15,704306,113.15
2023-01-11,113.44,116.94,113.44,115.47,792405,115.47
2023-01-12,116.01,116.5,113.815,115.92,593434,115.92
2023-01-13,111.87,113.25,107.82,110.51,1160686,110.51
2023-01-17,105.41,110.375,104.31,109.88,1275423,109.88
2023-01-18,111.13,113.81,109.59,110.26,713212,110.26
2023-01-19,109.52,110.78,107.7,110.57,673167,110.57
2023-01-20,111.29,113.97,111,113.78,557815,113.78
2023-01-23,114.34,117.3,114.34,115.66,741199,115.66
2023-01-24,115.74,115.88,113.51,114.39,460694,114.39
2023-01-25,114.44,116.23,113.5,115.74,442389,115.74
2023-01-26,116.5,117.59,115,117.5,391891,117.5
2023-01-27,117.83,121.4,117.0564,121.38,675965,121.38
2023-01-30,120.48,124.96,120.48,123.19,791837,123.19
2023-01-31,124,126.73,123.405,126.72,558404,126.72
2023-02-01,126.24,130.63,125.525,130,501472,130
2023-02-02,131.49,140.45,130.34,137.88,1599493,137.88
2023-02-03,136.14,140.52,135.5301,136.88,673079,136.88
2023-02-06,136.74,137.85,132.8078,134.78,794455,134.78
2023-02-07,133.32,134.2,131.115,133.16,661828,133.16
2023-02-08,133.15,134.535,131.7784,133.09,575097,133.09
2023-02-09,133.91,136.2,133.03,133.68,469481,133.68
2023-02-10,133.22,134.01,132.105,133.85,512146,133.85
2023-02-13,133.69,135.81,132.98,135.6,482117,135.6
2023-02-14,134.84,140.56,133.68,140.07,866594,140.07
2023-02-15,137.32,141.04,135.76,140.49,1046240,140.49
2023-02-16,138.28,142.36,137.8,141.26,942519,141.26
2023-02-17,146.75,158.3,146.02,157.3,2954521,157.3
2023-02-21,153.39,154.3999,143.11,143.38,1681147,143.38
2023-02-22,144.46,147.5,143.415,143.85,728152,143.85
2023-02-23,144.94,145.4759,140.365,141.86,631641,141.86
2023-02-24,139.36,141.09,137.72,139.25,642905,139.25
2023-02-27,141.36,141.75,138.66,139.72,532033,139.72
2023-02-28,139.08,140.75,136.47,136.51,695978,136.51
2023-03-01,135.46,137.98,134.65,137.24,558412,137.24
2023-03-02,136.66,137.06,135.485,136.28,502755,136.28
2023-03-03,136.95,140.58,135.85,140.55,870616,140.55
2023-03-06,140.55,142.25,138.88,138.99,870696,138.99
2023-03-07,139.09,141.75,139,140.68,807768,140.68
2023-03-08,141.53,144.58,141,142.53,729736,142.53
2023-03-09,142.42,145.2,140.715,141.03,861506,141.03
2023-03-10,139.81,139.81,134.15,138.22,1076391,138.22
2023-03-13,135.22,135.7,131.23,131.58,1030113,131.58
2023-03-14,134.74,135.59,126.205,127.37,732538,127.37
2023-03-15,123.66,125.7275,120.26,125.51,1384011,125.51
2023-03-16,123.72,130.11,123.3,130.07,1059657,130.07
2023-03-17,128.45,129,125.35,126.55,1498432,126.55
2023-03-20,128.31,131.94,126.9,127.43,869486,127.43
2023-03-21,130.56,132.77,128.915,129.85,603153,129.85
2023-03-22,131.11,131.35,126.36,126.39,614344,126.39
2023-03-23,127.26,128.565,123.02,124.74,771383,124.74
2023-03-24,123.28,125.18,120.85,124.62,667872,124.62
2023-03-27,126.27,127.71,125.8,127.42,642133,127.42
2023-03-28,127,129.78,127,128.31,564536,128.31
2023-03-29,128.86,130.71,127.89,130.42,528552,130.42
2023-03-30,132.17,133.67,131.17,131.43,554214,131.43
2023-03-31,132.39,134.42,132,134.36,454896,134.36
2023-04-03,134.46,136.19,134.105,135.36,621837,135.36
2023-04-04,135.31,135.74,130.41,131.33,502823,131.33
2023-04-05,129.97,131.16,127.26,128.85,801928,128.85
2023-04-06,128.38,128.38,126.14,126.26,572563,126.26
2023-04-10,125.92,130.41,124.47,129,675713,129
2023-04-11,130.49,134.93,130.05,133.39,749103,133.39
2023-04-12,134.91,134.91,130.8,131.8,472799,131.8
2023-04-13,133.09,133.185,129.47,132.54,441201,132.54
2023-04-14,133.23,135.67,132.77,134.9,752718,134.9
2023-04-17,135.06,136.3,133.21,134.64,792188,134.64
2023-04-18,135.84,138.145,135.05,136.77,610337,136.77
2023-04-19,135,137.175,133.13,136.32,867236,136.32
2023-04-20,136.98,137.43,130.63,130.75,1202872,130.75
2023-04-21,130.46,133.73,127.46,133.37,788390,133.37
2023-04-24,132.69,135.05,131.92,132.71,639710,132.71
2023-04-25,131.75,132.25,128.86,129.03,703352,129.03
2023-04-26,128.81,131.34,128,128.46,707349,128.46
2023-04-27,128.09,131.86,128.09,131.83,444398,131.83
2023-04-28,131.47,132.855,130.47,131.7,474189,131.7
2023-05-01,132.56,138.59,131.81,136.99,772213,136.99
2023-05-02,136.23,136.695,132.4,134.84,583737,134.84
2023-05-03,135,137.09,132.16,132.25,602078,132.25
2023-05-04,131.08,131.87,128.25,129.42,845802,129.42
2023-05-05,130.9,134.18,130.51,133.22,554968,133.22
2023-05-08,133.87,135.57,132.5,134.74,490328,134.74
2023-05-09,133.9,136.1,133.33,135.13,421074,135.13
2023-05-10,136.5,137.2,133.07,133.1,668895,133.1
2023-05-11,132.59,134.68,131.52,132.61,400118,132.61
2023-05-12,133.62,134.455,130.8979,131.86,323314,131.86
2023-05-15,131.63,134.29,130.72,133.2,353718,133.2
2023-05-16,131.16,132.5,130.01,131.11,366355,131.11
2023-05-17,131.95,136.93,131.685,135.01,586180,135.01
2023-05-18,134.95,136.425,134.09,136.01,372966,136.01
2023-05-19,136.1,136.1,132.27,133.17,485058,133.17
2023-05-22,133.93,134.64,133.045,134.09,398125,134.09
2023-05-23,133.73,139.1799,133.73,136.98,527886,136.98
2023-05-24,137.63,137.78,134.27,137.37,514233,137.37
2023-05-25,138.04,139.05,133.73,135.86,401730,135.86
2023-05-26,136.1,137.815,135.2,137.31,262728,137.31
2023-05-30,138.13,141.39,138.13,140.6,592222,140.6
2023-05-31,136.7,137.425,129.91,130.92,1029126,130.92
2023-06-01,130.98,132.85,130.02,131.58,475155,131.58
2023-06-02,132.11,140.01,132.11,139.57,826005,139.57
2023-06-05,138.56,138.94,134.93,136.66,480082,136.66
2023-06-06,136.29,140.5,136.29,140.06,464157,140.06
2023-06-07,140.88,145.7,139.98,144.61,754634,144.61
2023-06-08,145.12,145.5,142.41,145.23,369245,145.23
2023-06-09,145.23,146.1599,141.53,141.97,355157,141.97
2023-06-12,141.95,143.91,140,143.58,297962,143.58
2023-06-13,146.96,152,145.83,151.42,1082255,151.42
2023-06-14,150.86,152.48,145.87,148.49,615808,148.49
2023-06-15,147.62,151.82,146.41,151.49,606651,151.49
2023-06-16,151.85,153.2,148.34,149.16,1848610,149.16
2023-06-20,149.13,152.15,148.52,150.02,517676,150.02
2023-06-21,150.48,152.68,148.91,151.68,486000,151.68
2023-06-22,151.28,154.36,150.15,153.22,436901,153.22
2023-06-23,152.79,157.52,152.34,154.61,1135848,154.61
2023-06-26,154.75,156.54,153.38,155.17,607457,155.17
2023-06-27,155,159.725,154.131,159.47,460635,159.47
2023-06-28,158.76,164.17,158.76,164.08,597492,164.08
2023-06-29,164.48,166.27,163.17,163.78,475117,163.78
2023-06-30,164.19,165.55,162.62,164.61,510546,164.61
2023-07-03,166.9,167.67,165.04,166.51,415948,166.51
2023-07-05,166.48,170.48,166.3075,167.78,757599,167.78
2023-07-06,167.35,170.42,166.39,168.99,628025,168.99
2023-07-07,169,173.67,169,171.34,549043,171.34
2023-07-10,170.85,174.24,169.85,173.33,694886,173.33
2023-07-11,174.69,178.13,174.18,177.17,708918,177.17
2023-07-12,178.92,180.68,177.59,177.9,661251,177.9
2023-07-13,177.28,179.5,175.7,178.16,654370,178.16
2023-07-14,177.69,178.475,174.84,176.07,616943,176.07
2023-07-17,175.65,177.77,174.16,177.07,334951,177.07
2023-07-18,176.75,180.91,176.65,179.67,600178,179.67
2023-07-19,181.44,182.0849,178.55,181.47,708130,181.47
2023-07-20,181.46,181.68,176.51,176.92,921296,176.92
2023-07-21,175,175,154.8,155.11,2710258,155.11
2023-07-24,154.38,155.39,149.39,150.16,1705221,150.16
2023-07-25,149.79,153.51,149.5,152.43,1166751,152.43
2023-07-26,152.59,156.445,151.77,156.01,1012939,156.01
2023-07-27,157.53,159.08,155.22,156.42,764549,156.42
2023-07-28,156.7,158.3,154.04,157.8,669124,157.8
2023-07-31,157.74,161,157.22,160.98,637307,160.98
2023-08-01,159.23,161.8127,158.77,159.98,507447,159.98
2023-08-02,159.42,161.4805,157.552,158.54,626353,158.54
2023-08-03,157.56,159.82,156.9727,159.08,438770,159.08
2023-08-04,158.91,158.91,155.93,156,431224,156
2023-08-07,156.58,157.34,155.04,156.52,429795,156.52
2023-08-08,154.44,157.31,153.76,155.88,441479,155.88
2023-08-09,155.88,156.73,152.765,154.18,468827,154.18
2023-08-10,154.41,155.32,152.26,154.25,512788,154.25
2023-08-11,153.86,161.27,152.461,160.03,816321,160.03
2023-08-14,159.1,160.99,158.31,160.69,555945,160.69
2023-08-15,159.89,160.81,156.41,156.64,366559,156.64
2023-08-16,157.13,158.415,154.23,154.56,417276,154.56
2023-08-17,155.63,156.63,154.32,154.34,595556,154.34
2023-08-18,153.8,158.385,153.515,157.98,565662,157.98
2023-08-21,158.79,162.01,158.31,160.77,773281,160.77
2023-08-22,160.4,161.87,157.93,158.19,729841,158.19
2023-08-23,157.03,161.82,156.355,160.85,447715,160.85
2023-08-24,159.16,159.235,154.41,155.76,536717,155.76
2023-08-25,156.64,157.02,152.42,153.93,501495,153.93
2023-08-28,154.16,157.24,153.7301,155.18,330124,155.18
2023-08-29,155.13,158.28,154.76,157.33,333262,157.33
2023-08-30,156.93,160.22,156.86,159.1,389451,159.1
2023-08-31,159.12,159.8541,156.66,157.09,405737,157.09
2023-09-01,158.75,160.975,158.52,160.66,228604,160.66
2023-09-05,158.55,160.28,154.36,159.2,600606,159.2
2023-09-06,159.23,160.67,154.435,156.45,377301,156.45
2023-09-07,156.75,157.13,152.295,152.44,542860,152.44
2023-09-08,152,154.59,150.99,152.04,524946,152.04
2023-09-11,154.3,155.1,149.06,150.8,642703,150.8
2023-09-12,150.73,153.34,150.62,151.36,423749,151.36
2023-09-13,152.26,153.275,150.12,151.68,484489,151.68
2023-09-14,152.86,159.31,152.275,159.22,562066,159.22
2023-09-15,158.16,158.36,149.5,152.61,1792440,152.61
2023-09-18,152.9,156.19,152.83,155.38,444269,155.38
2023-09-19,155.84,156.799,153.45,155.43,289964,155.43
2023-09-20,155.85,157.445,154.08,154.15,281780,154.15
2023-09-21,153.44,154.4,150.15,152.53,376229,152.53
2023-09-22,152.81,154.29,149.78,149.88,414821,149.88
2023-09-25,150,153.5,149.97,151,548445,151
2023-09-26,149.69,151.95,149.02,150.64,450759,150.64
2023-09-27,151.49,154.43,151.46,152.66,499523,152.66
2023-09-28,146.76,153.845,145.56,152.59,744641,152.59
2023-09-29,153.25,154.72,150.8,151.4,624102,151.4
2023-10-02,151.02,152,145.745,145.98,363716,145.98
2023-10-03,144.88,145.9167,142.8,143.46,409272,143.46
2023-10-04,143.35,144.71,141.312,141.73,490556,141.73
2023-10-05,141.08,142.53,134.86,135.3,668338,135.3
2023-10-06,135.09,139.685,133.83,136.76,518495,136.76
2023-10-09,135.45,138.33,133.88,137.48,397592,137.48
2023-10-10,138.35,143.53,137.6,142.61,579349,142.61
2023-10-11,143.07,144.6,138.48,139.72,380324,139.72
2023-10-12,139.64,139.97,134.05,136.13,550629,136.13
2023-10-13,136.63,136.9,133.95,135.11,581918,135.11
2023-10-16,137.08,139.76,135.64,138.67,462770,138.67
2023-10-17,138.01,140.635,137.09,138.33,580764,138.33
2023-10-18,137.09,138.93,135.605,137.45,368262,137.45
2023-10-19,137.14,138.08,133.12,133.85,433720,133.85
2023-10-20,134.27,134.9199,133.04,133.7,464082,133.7
2023-10-23,132.66,133.97,131,131.37,465496,131.37
2023-10-24,129.73,132.3502,128.59,129.37,842520,129.37
2023-10-25,128.56,128.75,125.58,127.87,768701,127.87
2023-10-26,129.33,131.88,128.3,130.42,813478,130.42
2023-10-27,135,135.9996,129.155,130.54,866891,130.54
2023-10-30,130.54,131.12,123.81,129.22,1015984,129.22
2023-10-31,130.28,133.04,128.33,130.08,632123,130.08
2023-11-01,129.48,132.95,126.595,132.95,679562,132.95
2023-11-02,135.66,137.63,133.71,135.12,491460,135.12
2023-11-03,137.43,140.92,136.62,139.96,553156,139.96
2023-11-06,139.48,140.83,134.91,136.77,383485,136.77
2023-11-07,137.31,137.31,134.595,134.91,310273,134.91
2023-11-08,134.99,135.41,133.79,134.37,673349,134.37
2023-11-09,135.5,135.6,131,131.38,412609,131.38
2023-11-10,132.06,133.13,130.04,132.72,219359,132.72
2023-11-13,130.42,132.35,130.045,132.34,288547,132.34
2023-11-14,137.05,141.81,137,138.97,439980,138.97
2023-11-15,139.08,142.05,139.08,140.39,407784,140.39
2023-11-16,138.79,139.475,129.32,131.97,806351,131.97
2023-11-17,133.99,135.73,132.78,135.57,515606,135.57
2023-11-20,135.12,137.12,133.84,135.95,374139,135.95
2023-11-21,134.12,134.4475,132.2675,132.76,395669,132.76
2023-11-22,133.09,135.6,132.96,133.4,275763,133.4
2023-11-24,132.92,135.3825,132.75,135.05,157135,135.05
2023-11-27,134.02,134.02,130.51,130.67,407703,130.67
2023-11-28,131.34,134.46,130.35,132.58,479984,132.58
2023-11-29,134.55,137,133.9748,134.13,743123,134.13
2023-11-30,134.82,135.675,133.23,135.27,492893,135.27
2023-12-01,135.29,140.22,135.035,140.13,404547,140.13
2023-12-04,139.57,141.5,138.04,139.12,441059,139.12
2023-12-05,137.55,137.55,134.225,135.19,513847,135.19
2023-12-06,136.61,140.16,134.83,135.35,416517,135.35
2023-12-07,135.91,136.76,134.415,136.39,367175,136.39
2023-12-08,136.48,138.36,135.5001,136.1,233391,136.1
2023-12-11,136.73,137.98,135.11,136.26,265384,136.26
2023-12-12,135.63,135.73,133.84,133.9,443513,133.9
2023-12-13,133.66,140.21,133.01,140.14,818736,140.14
2023-12-14,143.54,149.535,143.54,149.11,702296,149.11
2023-12-15,149.43,149.43,146.195,147.61,688232,147.61
2023-12-18,148.5,149.515,146.71,146.94,450324,146.94
2023-12-19,147.72,150.91,147.72,150.82,318970,150.82
2023-12-20,149.82,152.04,147.85,147.89,263202,147.89
2023-12-21,152.03,154.38,151.02,152,522431,152
2023-12-22,151.17,152.44,149.71,150.88,251223,150.88
2023-12-26,151,153,150.52,152.22,199790,152.22
2023-12-27,151.6,152.37,150.245,151.11,180013,151.11
2023-12-28,150.34,151.69,150.14,151.5,183928,151.5
2023-12-29,150.98,151.99,149.52,150.18,281576,150.18
2024-01-02,149.84,152.88,148.8,150.69,279229,150.69
2024-01-03,148.43,149.025,142.66,143.35,350110,143.35
2024-01-04,142.83,143.84,140.71,140.82,285007,140.82
2024-01-05,140,142.79,139.8,140.21,260179,140.21
2024-01-08,140.5,144.045,138.9,143.14,271376,143.14
2024-01-09,141.88,143.39,141.085,143.2,248254,143.2
2024-01-10,143.38,144.23,141.18,142.4,341767,142.4
2024-01-11,141.65,141.88,137.7,141.35,390637,141.35
2024-01-12,141.77,142.595,134.45,135.73,409393,135.73
2024-01-16,134.39,138.2025,133.13,137.8,396623,137.8
2024-01-17,137.48,139.62,135.55,139.19,419003,139.19
2024-01-18,140.28,141.38,139.65,140.71,208116,140.71
2024-01-19,140.68,142.535,138.53,140.59,270369,140.59
2024-01-22,141.27,144.09,141.2001,142.65,695955,142.65
2024-01-23,143.6,144.14,139.66,139.77,305501,139.77
2024-01-24,141.65,141.65,136.54,136.97,284547,136.97
2024-01-25,137.9,138.805,136.5,138.24,355083,138.24
2024-01-26,138.4,140.28,138.3,140.2,227066,140.2
2024-01-29,140.28,143.93,140.215,143.24,278045,143.24
2024-01-30,142.54,145.91,142.43,143.25,193886,143.25
2024-01-31,139.71,143.23,137.135,139.66,570719,139.66
2024-02-01,141.11,147.16,140.88,145.63,670501,145.63
2024-02-02,143.18,148.1979,143.18,146.7,414925,146.7
2024-02-05,144.74,146.52,142.39,143.96,408705,143.96
2024-02-06,143.83,145.535,142.9,144.17,471668,144.17
2024-02-07,144.98,146.58,143.2,144.42,375016,144.42
2024-02-08,144.81,147.95,144.44,147.01,329687,147.01
2024-02-09,147.54,152.93,146.98,152.17,449606,152.17
2024-02-12,152.68,154.84,152.68,153.88,545055,153.88
2024-02-13,153.24,155,146.29,147.82,809028,147.82
2024-02-14,146.53,147.385,143.415,144.24,1110619,144.24
2024-02-15,144.12,146.29,141.89,143.98,725933,143.98
2024-02-16,142.67,144.97,140.47,142.75,439799,142.75
2024-02-20,140.44,141.2,137.09,138.38,633452,138.38
2024-02-21,137.32,140.135,136.35,137.54,409158,137.54
2024-02-22,138.84,139.91,136.785,138,417981,138
2024-02-23,138.28,141.75,137.26,140.93,385740,140.93
2024-02-26,140.09,142.15,139.54,142.02,404926,142.02
2024-02-27,143.68,146.355,143.17,144.48,415750,144.48
2024-02-28,144.71,146.675,143.83,144.42,416796,144.42
2024-02-29,146.99,149.96,145.68,149.8,432547,149.8
2024-03-01,149.77,152.5,147.67,151.98,573152,151.98
2024-03-04,151.9,153.05,147.79,147.85,498195,147.85
2024-03-05,146.38,149.11,146.0583,147.28,225774,147.28
2024-03-06,147.38,147.38,143.88,145.18,411755,145.18
2024-03-07,145.81,147.985,145.28,147.74,262016,147.74
2024-03-08,148.29,152.32,148.29,149.01,389060,149.01
2024-03-11,148.56,149.38,147.305,148.38,234305,148.38
2024-03-12,148.87,149.9327,147.94,149.61,200610,149.61
2024-03-13,149.51,154.42,149.51,154,354198,154
2024-03-14,153.77,155.42,152.795,155.24,883135,155.24
2024-03-15,154.9,159.21,154.9,159.1,1174938,159.1
2024-03-18,160,161.67,157.94,158.85,633519,158.85
2024-03-19,158.51,161.44,158.12,159.62,431940,159.62
2024-03-20,160.03,161.83,160.03,161.68,503806,161.68
2024-03-21,162.55,166.6,162.46,165.29,719486,165.29
2024-03-22,165.01,165.81,161.81,162.22,310578,162.22
2024-03-25,162.37,164.195,160.695,161.76,681403,161.76
2024-03-26,162.53,162.9,160.7136,161.94,206822,161.94
2024-03-27,163.44,167.755,163.44,167.46,310023,167.46
2024-03-28,167.57,168.93,165.57,165.58,290059,165.58
2024-04-01,165.34,166.8,163.57,164.76,303143,164.76
2024-04-02,162.83,163.225,159.1,159.92,414596,159.92
2024-04-03,158.85,161.36,158.85,159.95,384371,159.95
2024-04-04,161.18,161.99,156.63,156.79,445824,156.79
2024-04-05,156.62,159.16,156.1465,158.46,420361,158.46
2024-04-08,159.46,160.43,157.96,159.03,457894,159.03
2024-04-09,159.31,161.17,158.675,160.27,320268,160.27
2024-04-10,156.05,156.31,152.7392,154.43,546225,154.43
2024-04-11,153.35,154.76,150.2,153.37,665784,153.37
2024-04-12,152.7,155.45,152.5,154.11,482919,154.11
2024-04-15,156.21,157.14,152.28,152.36,453209,152.36
2024-04-16,151.16,155.41,150.08,154.6,484319,154.6
2024-04-17,156,156,152.27,152.33,717865,152.33
2024-04-18,153.12,155.48,153.015,154.62,498344,154.62
2024-04-19,154.02,156.55,152.96,154.14,505871,154.14
2024-04-22,154.53,155.55,153.315,154.57,403110,154.57
2024-04-23,155.69,158.73,155.42,158.27,393108,158.27
2024-04-24,157.18,160.745,156.16,159.52,537734,159.52
2024-04-25,158.48,160.82,155.5,160.38,793428,160.38
2024-04-26,165.98,178.13,165.105,169.88,1532500,169.88
2024-04-29,169.2,170.41,165.275,165.43,602854,165.43
2024-04-30,163.61,164.52,161.12,161.15,602442,161.15
2024-05-01,160.99,166.32,160.2797,162.85,491421,162.85
2024-05-02,164.52,165.575,161.56,163.27,316113,163.27
2024-05-03,165.54,167.46,164.21,165.18,370301,165.18
2024-05-06,166.95,167.35,165.83,166.44,464688,166.44
2024-05-07,166.55,168.49,164.2,164.27,360536,164.27
2024-05-08,163.11,164.78,161.4534,163.49,515269,163.49
2024-05-09,164.06,166,163.65,165.84,286339,165.84
2024-05-10,166.88,167,163.54,164.3,219927,164.3
2024-05-13,165.66,170.83,165.66,168.81,343873,168.81
2024-05-14,172.09,173.06,169.73,170.57,392400,170.57
2024-05-15,171.56,171.63,168.75,170.42,317418,170.42
2024-05-16,170.76,170.785,169.34,169.51,216740,169.51
2024-05-17,169.65,172.165,169.0226,170.96,329937,170.96
2024-05-20,171.24,171.91,170.17,170.67,296731,170.67
2024-05-21,170.37,170.57,168.455,169.29,205242,169.29
2024-05-22,169.26,170.58,168.07,168.61,519570,168.61
2024-05-23,168.95,168.99,166.105,167.34,360233,167.34
2024-05-24,168.44,170.37,167.3826,169.74,256893,169.74
2024-05-28,170.12,171.82,169.5,169.75,322045,169.75
2024-05-29,167.91,168.76,162.28,163.67,512818,163.67
2024-05-30,164.64,169.525,164.64,169.18,335936,169.18
2024-05-31,169.43,171.42,169.28,170.25,325978,170.25
2024-06-03,170.82,172.01,169.69,170.28,458643,170.28
2024-06-04,168.9,170.045,165.96,166.92,454221,166.92
2024-06-05,167.11,169.75,165.745,168.95,211616,168.95
2024-06-06,169.05,170.28,166,167.03,258427,167.03
2024-06-07,165.43,166.79,164.41,165.82,200285,165.82
2024-06-10,166.34,171.35,165.165,166.31,326586,166.31
2024-06-11,164.39,166.43,163.8,166.04,251787,166.04
2024-06-12,169.5,171.99,168.52,169.42,235313,169.42
2024-06-13,168.83,168.83,165.47,168.15,195286,168.15
2024-06-14,165.84,166.2058,160.82,163.97,291070,163.97
2024-06-17,163.65,168.65,163.0301,168.5,186320,168.5
2024-06-18,168.58,169.49,167.18,167.86,222273,167.86
2024-06-20,166.96,167.17,160.22,161.78,516112,161.78
2024-06-21,161.67,162.0794,159.26,160.47,953884,160.47
2024-06-24,160.55,161.075,157.62,158.44,725621,158.44
2024-06-25,158.04,158.5999,154,155.25,667904,155.25
2024-06-26,155.25,156.78,154.555,156.01,457245,156.01
2024-06-27,155.83,157.415,155.56,156.81,331226,156.81
2024-06-28,157.55,160.01,157.55,159.38,537857,159.38
2024-07-01,160.28,162.42,156.64,161.88,643889,161.88
2024-07-02,162.3,164.12,160.48,160.67,403869,160.67
2024-07-03,161.53,162.01,158.74,159.39,214996,159.39
2024-07-05,158.91,159.075,156.22,156.96,560343,156.96
2024-07-08,158.26,160.64,157.4087,158.98,334305,158.98
2024-07-09,158.14,158.975,156.12,156.14,291358,156.14
2024-07-10,156.8,160.77,156.475,160.69,308341,160.69
2024-07-11,164.24,170.41,164.0001,170.28,551798,170.28
2024-07-12,170.16,173.02,169.4557,170.48,481058,170.48
2024-07-15,170.15,176.98,169.61,173.92,676368,173.92
2024-07-16,175.86,182.39,175.86,181.5,487980,181.5
2024-07-17,178.93,182.81,177.51,179,423692,179
2024-07-18,179.5,181.66,175.13,176.16,306007,176.16
2024-07-19,174.31,176.36,172.28,173.8,316762,173.8
2024-07-22,173.8,174.14,171.53,173.13,368183,173.13
2024-07-23,172.56,173.78,170.76,172.29,481421,172.29
2024-07-24,172.29,175.66,170.4,172.03,318754,172.03
2024-07-25,172.52,176.375,171.95,174.96,288400,174.96
2024-07-26,176.69,178.909,175.1,178.12,375033,178.12
2024-07-29,178.54,180,177.46,178.07,256444,178.07
2024-07-30,178.33,180.195,176.785,179.41,463631,179.41
2024-07-31,181,197.18,180.06,190.72,933750,190.72
2024-08-01,190.89,193.61,181,183.95,573118,183.95
2024-08-02,178.39,178.72,168.62,170.74,672440,170.74
2024-08-05,160.64,169.46,159.69,166.06,623587,166.06
2024-08-06,166.38,170.6,164.755,166.66,313952,166.66
2024-08-07,169.27,172.584,163.98,164.32,411704,164.32
2024-08-08,166.37,170.55,166.085,170.32,257173,170.32
2024-08-09,170.67,171.21,168.5,170.84,368411,170.84
2024-08-12,170.76,171.1,166.71,167.14,268776,167.14
2024-08-13,168.5,172.07,167.395,171.4,267111,171.4
2024-08-14,171.63,172.565,168.1,169.44,289846,169.44
2024-08-15,175.3,178,172.485,173.82,175702,173.82
2024-08-16,173.6,176.93,173.53,175.09,180746,175.09
2024-08-19,174.95,175.25,173.15,174.08,193908,174.08
2024-08-20,173.4,175.94,173.26,173.68,226344,173.68
2024-08-21,176.12,177.78,175.18,176.39,179095,176.39
2024-08-22,176.28,176.39,172.72,173.44,194997,173.44
2024-08-23,174.58,182.27,174.305,180.43,238960,180.43
2024-08-26,181.13,183.74,180.625,182.36,538949,182.36
2024-08-27,181.11,181.755,179.33,179.45,161891,179.45
2024-08-28,178.29,179.775,177.65,177.87,167517,177.87
2024-08-29,179.32,180.225,176.71,179.01,182939,179.01
2024-08-30,179.03,179.745,175.88,177.98,218819,177.98
2024-09-03,175.73,177.34,171.51,171.89,219859,171.89
2024-09-04,170.89,170.89,168.07,168.74,391225,168.74
2024-09-05,168.85,169.09,165.47,165.75,320413,165.75
2024-09-06,165.19,167.43,160.72,161.53,396328,161.53
2024-09-09,162.87,164.79,160,163.88,417620,163.88
2024-09-10,163.5,163.5,151.18,158.96,679165,158.96
2024-09-11,158.51,159.39,155.5,158.67,297033,158.67
2024-09-12,161,162.52,158.24,160.95,259466,160.95
2024-09-13,163.36,168.455,163.36,166.96,284617,166.96
2024-09-16,167.12,170.02,165.705,167.1,224697,167.1
2024-09-17,168.8,170.81,167.68,169.63,306558,169.63
2024-09-18,170.1,176.02,168.86,170.76,341054,170.76
2024-09-19,175.05,178.44,174.4794,178.33,448783,178.33
2024-09-20,177.01,177.01,173.62,174.39,641856,174.39
2024-09-23,174.79,177.22,173.06,176.92,341984,176.92
2024-09-24,178.34,180.61,177.595,178.5,451909,178.5
2024-09-25,182.04,182.04,174.72,175,435335,175
2024-09-26,175.84,179.21,173.655,178.02,268604,178.02
2024-09-27,180.48,182.87,178.79,182.61,392151,182.61
2024-09-30,181.4,181.99,177.14,178.92,266441,178.92
2024-10-01,179.28,179.28,176.16,178.1,301106,178.1
2024-10-02,177.18,177.88,172.76,173.56,514211,173.56
2024-10-03,171.67,171.84,169.01,169.49,318369,169.49
2024-10-04,172.75,174.235,169.77,171.25,591494,171.25
2024-10-07,170.19,170.49,165.13,166.02,452684,166.02
2024-10-08,165.29,166.83,163.12,164.75,482035,164.75
2024-10-09,162.45,164.575,159.45,163.11,557403,163.11
2024-10-10,161.43,165.13,160.74,163.54,539374,163.54
2024-10-11,162.85,165.77,162.51,165.32,551242,165.32
2024-10-14,164.55,168.5,163.98,167.27,587536,167.27
2024-10-15,166.33,170.7,166.33,166.56,473692,166.56
2024-10-16,168.86,171.2799,166.93,169.97,490641,169.97
2024-10-17,170,171.085,168.01,169.04,368058,169.04
2024-10-18,169.52,169.73,167.18,169.14,289791,169.14
2024-10-21,168.17,169.79,163.82,164.09,955881,164.09
2024-10-22,163.12,163.99,161.45,161.76,345826,161.76
2024-10-23,161.81,163.97,160.95,162,649346,162
2024-10-24,163.67,164.055,161.265,163.2,737584,163.2
2024-10-25,157.77,162.0999,151.3,155.83,1365686,155.83
2024-10-28,156,159.56,155.27,158.03,908986,158.03
2024-10-29,156.6,158.26,154.87,157.21,541821,157.21
2024-10-30,156.78,161.77,156.69,159.14,574320,159.14
2024-10-31,158.89,160.205,155.17,155.47,494857,155.47
2024-11-01,156.04,159.37,155.42,156.25,452872,156.25
2024-11-04,155.63,162.58,155.495,159.34,560568,159.34
2024-11-05,157.63,161.425,157.63,161.13,295798,161.13
2024-11-06,167.39,170.22,166.8,168.99,966329,168.99
2024-11-07,168.89,169.33,165.78,167,426224,167
2024-11-08,167,167,163.59,164.39,602421,164.39
2024-11-11,165.85,170.12,165.45,168.04,545078,168.04
2024-11-12,167.31,167.45,164.74,164.98,399091,164.98
2024-11-13,166.68,167.75,165.48,167.06,275096,167.06
2024-11-14,167.49,169.165,165.545,166.97,390527,166.97
2024-11-15,167.89,167.89,164.11,164.8,269910,164.8
2024-11-18,164.84,167.58,164.26,164.27,285707,164.27
2024-11-19,162.16,165.22,161.62,164.83,372829,164.83
2024-11-20,163.81,165.47,163.3515,164.85,439629,164.85
2024-11-21,166.88,171.58,166.28,170.05,429238,170.05
2024-11-22,172,173.32,171.805,172.46,316226,172.46
2024-11-25,175,182.74,174.03,179.58,1730022,179.58
2024-11-26,176.25,179.74,173.55,179.66,615912,179.66
2024-11-27,180.54,182.46,177.79,179.22,334051,179.22
2024-11-29,180.11,181.35,178.68,178.89,167106,178.89
2024-12-02,177.73,181.05,177.27,179.92,411114,179.92
2024-12-03,180.16,180.88,177.33,180.44,523466,180.44
2024-12-04,181.18,184.21,181.18,182.16,332704,182.16
2024-12-05,182.48,183.235,177.37,177.54,570994,177.54
2024-12-06,179.43,180.115,177.23,177.9,464800,177.9
2024-12-09,178.42,179.7797,177,177,416679,177
2024-12-10,176.52,177.855,173.86,175.98,275598,175.98
2024-12-11,177.5,178.01,174.99,175.27,313260,175.27
2024-12-12,175.18,175.51,173.39,174.91,313425,174.91
2024-12-13,175.29,175.29,171.12,172.7,495766,172.7
2024-12-16,171.24,173.91,171.23,172.48,417683,172.48
2024-12-17,171.14,172.45,169.375,170.49,549924,170.49
2024-12-18,171.87,175.15,166.45,167.21,873283,167.21
2024-12-19,170.74,172.23,167.57,169.77,689900,169.77
2024-12-20,168.51,173.18,167.29,170.19,873542,170.19
2024-12-23,170.11,171.55,169.04,171.2,464721,171.2
2024-12-24,171.78,174.16,171.5,173.84,148482,173.84
2024-12-26,172.97,175.08,172.885,173.61,362698,173.61
2024-12-27,172.72,173.055,170.43,171.85,273990,171.85
2024-12-30,170.76,170.76,166.88,168.72,414093,168.72
2024-12-31,169.17,170.7,168.05,169.84,314884,169.84
2025-01-02,170.66,171.66,166.77,166.94,322591,166.94
2025-01-03,167.39,169.84,165.15,169.36,282931,169.36
2025-01-06,171.19,174.515,170.465,172.99,497455,172.99
2025-01-07,174.14,174.89,172.155,173.45,405245,173.45
2025-01-08,171.86,173.31,170.36,173.31,301391,173.31
2025-01-10,170.61,172.44,169.65,170.83,441844,170.83
2025-01-13,168.88,175.4,168.01,175.39,419521,175.39
2025-01-14,176.65,179.21,176.24,179.02,382584,179.02
2025-01-15,184.05,184.81,181.41,182.36,448774,182.36
2025-01-16,182.5,183.96,181.38,182.8,254661,182.8
2025-01-17,184.92,186.2,184.205,185.25,382258,185.25
2025-01-21,187.95,187.95,184.84,185.19,560655,185.19
2025-01-22,184.97,184.97,182.16,182.47,304076,182.47
2025-01-23,181.93,185.8499,181.92,185.18,407373,185.18
2025-01-24,182.27,184.92,181.13,182.7,385748,182.7
2025-01-27,182.32,186.25,182.32,185.56,445571,185.56
2025-01-28,185.81,187.91,185.11,187.87,345121,187.87
2025-01-29,187.76,189.66,185.04,187.79,450858,187.79
2025-01-30,190,193.36,188.7501,191.64,440743,191.64
2025-01-31,191.04,191.35,187.02,188.55,434105,188.55
2025-02-03,183.71,187.22,181.92,186.18,573904,186.18
2025-02-04,186.66,191.66,186.66,191.28,382450,191.28
2025-02-05,192.83,194.95,191.2,194.63,423399,194.63
2025-02-06,195.38,196.49,192.2,193.69,274156,193.69
2025-02-07,193.6,193.6,190.82,191.14,382824,191.14
2025-02-10,193.02,193.86,190.45,192.64,1296376,192.64
2025-02-11,195,198.5,185.36,195.15,1237022,195.15
2025-02-12,192.02,193.97,189.91,191.61,520076,191.61
2025-02-13,193.88,195.025,191.96,191.99,525169,191.99
2025-02-14,192.68,194.4,191.71,192.68,412001,192.68
2025-02-18,193.99,194,191.555,193.36,463343,193.36
2025-02-19,192.49,192.625,188.88,189.91,355296,189.91
2025-02-20,188.96,189.75,187.32,189.16,363960,189.16
2025-02-21,190.86,190.957,180.69,181.36,502801,181.36
2025-02-24,182.88,183,180.31,181.82,347043,181.82
2025-02-25,182.99,184.22,182.07,183.49,313681,183.49
2025-02-26,183.9,185.5,181.99,182.64,369108,182.64
2025-02-27,182.67,184.5,180.52,180.79,246646,180.79
2025-02-28,180.88,182.49,180.37,182.37,342744,182.37
2025-03-03,183,184.785,174.91,175.38,758394,175.38
2025-03-04,173.64,174.45,166.25,171.69,738838,171.69
2025-03-05,171.66,174.56,170.08,174.35,473935,174.35
2025-03-06,171.78,174.865,170.925,171.83,340346,171.83
2025-03-07,170.86,171.76,166.34,171.07,544263,171.07
2025-03-10,168.41,168.78,163.39,164.91,635113,164.91
2025-03-11,164.75,166.46,161.7,164.96,669333,164.96
2025-03-12,166.55,167.6,164.24,165.37,642747,165.37
2025-03-13,165.4,165.465,156.12,156.67,718247,156.67
2025-03-14,158.44,161.33,157.4,160.21,735832,160.21
2025-03-17,158.56,166.05,158.56,164.19,601305,164.19
2025-03-18,163.03,165.41,161.96,163.3,550986,163.3
2025-03-19,163.93,167.865,162.98,166.25,638853,166.25
2025-03-20,164.39,168.225,164.06,165.69,314974,165.69
2025-03-21,163.83,167.31,162.74,166.81,443553,166.81
2025-03-24,170.37,175.84,169.37,175.21,530467,175.21
2025-03-25,175.19,177.6,173.99,177.02,423510,177.02
2025-03-26,177.67,177.83,170.29,170.72,441621,170.72
2025-03-27,169.48,169.48,160.51,163.27,665387,163.27
2025-03-28,162.57,164.98,155.5,159.08,710713,159.08
2025-03-31,155.98,162.54,155.4,161.92,531098,161.92
2025-04-01,161.05,165.2,160.3778,164.12,430637,164.12
2025-04-02,161.98,168.225,161.9246,167.43,394441,167.43
2025-04-03,158.14,160.98,154.84,159.37,844506,159.37
2025-04-04,153.41,162.94,152.34,158.55,688564,158.55
2025-04-07,152.56,163.1,148.33,158,1101654,158
2025-04-08,163.39,166.5,152.66,155.71,643367,155.71
2025-04-09,154.73,176.27,154.73,173.31,928963,173.31
2025-04-10,165.52,169.87,159.965,166.3,784649,166.3
2025-04-11,166.16,170,163.47,167.82,525099,167.82
2025-04-14,170.95,170.95,161.18,165.24,599680,165.24
2025-04-15,166.42,167.01,163.13,163.9,492071,163.9
2025-04-16,161.69,163.98,159.74,162.09,336464,162.09
2025-04-17,162.34,166.875,162.34,165.78,438143,165.78
2025-04-21,164.74,165.74,161.41,163.51,348443,163.51
2025-04-22,166.5,169.83,166.15,169.05,424924,169.05
2025-04-23,173.5,176.39,168.58,168.9,610392,168.9
2025-04-24,169.74,173.45,165.98,173.36,721481,173.36
2025-04-25,163,175.17,155.29,175.09,1273275,175.09
2025-04-28,174.91,176.8347,169.9,171.71,618351,171.71
2025-04-29,170.06,174.53,169.88,174.31,577408,174.31
2025-04-30,171.17,174.6,167.83,174.15,478281,174.15
2025-05-01,176.26,177.4345,172.7,175.02,383421,175.02
2025-05-02,177.04,177.73,173.75,176.76,368662,176.76
2025-05-05,176.01,178.49,173.8701,175.84,275938,175.84
2025-05-06,173.26,176.95,173.26,176.48,423504,176.48
2025-05-07,177,178.855,174.34,175.58,510200,175.58
2025-05-08,176.99,180.99,175.804,179.63,387181,179.63
2025-05-09,179.83,180.4953,178.405,179.69,268453,179.69
2025-05-12,189.99,190.9899,186.59,188.65,567653,188.65
2025-05-13,189.55,193.24,188.755,190.77,436738,190.77
2025-05-14,191.41,192.865,189.43,189.94,466617,189.94
2025-05-15,190.2,191.375,188.87,190.69,366411,190.69
2025-05-16,192.39,192.39,188.65,190.11,386144,190.11
2025-05-19,186.92,189.59,185.88,188.4,335524,188.4
2025-05-20,187.67,188.3,186.07,187.3,257856,187.3
2025-05-21,183.74,184.87,180.36,181.9,417778,181.9
2025-05-22,181.73,182.02,178.87,180.59,450630,180.59
2025-05-23,177.02,182.8182,176.25,182.21,423300,182.21
2025-05-27,184.16,186.7,182.03,185.45,432968,185.45
2025-05-28,186.16,186.16,182.31,182.82,364054,182.82
2025-05-29,183.39,184.11,181.16,182.6,327404,182.6
2025-05-30,181.32,184.21,180.45,183.85,453303,183.85
2025-06-02,183.48,184.13,178.17,181.76,447189,181.76
2025-06-03,181.76,185.96,181.04,185.34,407370,185.34
2025-06-04,184.54,185.31,182.19,183.27,264004,183.27
2025-06-05,182.49,186.47,181.7965,185.86,337957,185.86
2025-06-06,187.71,188.31,185.75,187.08,250072,187.08
2025-06-09,188,190,185.485,189.25,408974,189.25
2025-06-10,189.92,193.91,189.755,193.12,392619,193.12
2025-06-11,194.08,196.0375,193.365,194.28,330652,194.28
2025-06-12,192.5,193.92,190.86,191.96,364659,191.96
2025-06-13,189.52,191.42,188.16,189.62,267220,189.62
2025-06-16,192.74,193.88,191.02,193.04,395839,193.04
2025-06-17,192.23,193.2,189.9,190.47,434303,190.47
2025-06-18,190.68,193.61,190.68,192.91,413305,192.91
2025-06-20,195.5,197.205,194.57,196.58,831605,196.58
2025-06-23,195.83,199.115,194.105,198.23,429178,198.23
2025-06-24,199.7,201.58,198.36,201.03,371159,201.03
2025-06-25,201.03,201.665,199.69,199.92,233160,199.92
2025-06-26,200.05,203.18,197.73,200.03,296913,200.03
2025-06-27,200.69,201.135,197.06,198.94,476624,198.94
2025-06-30,198.4,198.81,196.16,198.65,310905,198.65
2025-07-01,197.93,205.67,197.305,204,525203,204
2025-07-02,205.13,212.35,204.21,211.99,740746,211.99
2025-07-03,211.99,213.38,211.28,212.5,253251,212.5
2025-07-07,210.92,213.03,209.8,211.33,370955,211.33
2025-07-08,211.86,213.62,210.005,210.43,333207,210.43
2025-07-09,212.14,213.36,210.87,213.28,310283,213.28
2025-07-10,214.09,217.4,213.6,214.83,741941,214.83
2025-07-11,213.8,214.04,211.72,212.86,368922,212.86
2025-07-14,212.57,214.97,212.06,214.34,274650,214.34
2025-07-15,214.39,216.21,203.35,205.32,748318,205.32
2025-07-16,205.64,207.4625,203.74,204.4,488264,204.4
2025-07-17,202.63,205.56,194.86,196.41,1039140,196.41
2025-07-18,197.93,198.45,194.57,196.76,420357,196.76
2025-07-21,197.33,201.12,196.355,198.89,388345,198.89
2025-07-22,200.24,202.585,199.67,201.91,372303,201.91
2025-07-23,202.29,206.575,202,204.67,694457,204.67
2025-07-24,202.63,205.1,199.91,200.25,636896,200.25
2025-07-25,208.425,208.425,195.18,203.25,970885,203.25
2025-07-28,203.41,205,194.79,196.26,877385,196.26
2025-07-29,196.11,196.55,190.41,193.23,952282,193.23
2025-07-30,194.96,195.5,191.55,192.28,459516,192.28
2025-07-31,191.25,194.48,191.25,192.64,379184,192.64
2025-08-01,190.61,192.76,188.32,190.58,370783,190.58
2025-08-04,191.07,192.32,188.55,189.27,588866,189.27
2025-08-05,189.97,195.6,189.97,195.5,690026,195.5
2025-08-06,195.91,196.335,194.5,195.51,313107,195.51
2025-08-07,196.96,196.96,193.5224,194.4,458657,194.4
2025-08-08,195.37,196.93,194.99,196.23,241121,196.23
2025-08-11,195.44,198.79,195.44,198.62,330722,198.62
2025-08-12,200.18,205.47,199.02,205.37,403159,205.37
2025-08-13,206.82,212.0251,205.58,211.29,384667,211.29
2025-08-14,208.61,210.29,207.33,208,317094,208
2025-08-15,208.22,208.28,204.845,206.18,339761,206.18
2025-08-18,205.26,208.08,205.26,207.18,310179,207.18
2025-08-19,206.87,211.7,206.7551,210.99,267647,210.99
2025-08-20,209.4,210.28,206.745,209.6,313120,209.6
2025-08-21,208.14,210.89,206.9075,210.31,303339,210.31
2025-08-22,211.45,220,211.45,218.8,357902,218.8
2025-08-25,217.87,219.95,216.76,219.11,495301,219.11
2025-08-26,221.54,222.72,219.395,220.92,397611,220.92
2025-08-27,219.53,224,219.21,222.08,373264,222.08
2025-08-28,222.13,222.995,219.08,222.34,334696,222.34
2025-08-29,222.72,223,218.195,219.08,317126,219.08
2025-09-02,216.79,220.5,215.98,220.14,416327,220.14
2025-09-03,219.15,222.065,218.84,220.29,273424,220.29
2025-09-04,222.27,226.05,221.01,225.66,453160,225.66
2025-09-05,226.8,228.9166,224.92,226.82,437148,226.82
2025-09-08,228.11,228.21,225.98,227.18,604638,227.18
2025-09-09,226.66,227.36,224.155,224.99,556640,224.99
2025-09-10,224.09,225.54,222.81,223.25,372906,223.25
2025-09-11,224.05,228.18,223.94,227,616069,227
2025-09-12,226.45,227.25,221.44,221.98,525277,221.98
2025-09-15,221.71,222.51,219.305,220.12,426196,220.12
2025-09-16,221.23,221.84,217.64,219.9,386129,219.9
2025-09-17,221.05,226.39,219.2075,220.5,371501,220.5
2025-09-18,220,223.21,220,221.1,344224,221.1
2025-09-19,221.24,221.24,217.66,217.82,942298,217.82
2025-09-22,217,219.94,216.99,219.34,420194,219.34
2025-09-23,220.17,223.06,219.96,220.41,624339,220.41
2025-09-24,220.41,224.07,220.41,220.53,375488,220.53
2025-09-25,214.8,216.67,208.39,216.04,469326,216.04
2025-09-26,217.39,218.98,216.185,217.66,367902,217.66
2025-09-29,219.69,219.69,214.925,217.43,523853,217.43
2025-09-30,217.09,219.44,214.94,218.77,325711,218.77
2025-10-01,218.01,223.855,216.79,223.55,413948,223.55
2025-10-02,223.95,224.84,220.53,223.92,301435,223.92
2025-10-03,225.09,226.63,223.25,224.38,288918,224.38
2025-10-06,223.87,224.82,219.35,219.5,376821,219.5
2025-10-07,218.81,220.03,215.04,215.18,301700,215.18
2025-10-08,216.19,218.06,213.5,216.27,328883,216.27
2025-10-09,216.07,218.67,214.65,218.21,225619,218.21
2025-10-10,219.84,221.25,212.92,213.08,335492,213.08
2025-10-13,214.1,217.87,214.1,215.85,369978,215.85
2025-10-14,213.75,222.655,213.54,220.99,410185,220.99
2025-10-15,217.55,221.53,216.31,216.63,373018,216.63
2025-10-16,217.27,217.4999,213.61,213.64,333245,213.64
2025-10-17,214.67,217.24,213.4,214.71,394759,214.71
2025-10-20,215.4,219.71,213.46,216.62,461779,216.62
2025-10-21,215.26,220.63,215.26,218.7,369898,218.7
2025-10-22,217.65,219.5515,215.84,216.44,490143,216.44
2025-10-23,213.48,215.32,205.4562,208.67,772824,208.67
2025-10-24,210.9,210.9,200.09,200.21,570268,200.21
2025-10-27,200.89,202.45,192.84,195.08,759354,195.08
2025-10-28,192.26,197.72,190.5246,197.23,833763,197.23
2025-10-29,195.7,201.195,194.96,196.47,568694,196.47
2025-10-30,197.49,198.29,195.6,195.72,420676,195.72
2025-10-31,196.89,200.95,195.865,199.87,513292,199.87
2025-11-03,198.63,200.125,194.499,198.29,413537,198.29
2025-11-04,197.53,197.53,193.91,194.32,400183,194.32
2025-11-05,195.88,197.01,192.08,193.54,406290,193.54
2025-11-06,189.35,192.65,187.69,190.8,784691,190.8
2025-11-07,190.8,194.09,190.8,193.86,345465,193.86
2025-11-10,193.79,195.035,190.81,192.96,350353,192.96
2025-11-11,193.92,193.92,188.99,191.75,422061,191.75
2025-11-12,193.86,196.66,192.48,193.74,426207,193.74
2025-11-13,194.05,196.97,193.55,196.82,611752,196.82
2025-11-14,196.63,197.655,193.86,196.6,457589,196.6
2025-11-17,195.82,198.45,193.15,193.2,462586,193.2
2025-11-18,192.81,198.11,191.9,197.92,443721,197.92
2025-11-19,197.67,200,196.53,199.61,324502,199.61
2025-11-20,200.5,204.46,196.9,198.27,541061,198.27
2025-11-21,199.32,207.8,199.21,206.97,408997,206.97
2025-11-24,206.99,212,204.83,208.89,396872,208.89
2025-11-25,210.99,218.44,208.17,215.29,372644,215.29
2025-11-26,215.14,216.58,210.49,210.59,370124,210.59
2025-11-28,210.7,213.185,210.5,211.29,181657,211.29
2025-12-01,209.51,214.15,207.72,210.33,356867,210.33
2025-12-02,211.3,212.645,207.32,207.47,337363,207.47
2025-12-03,208.73,214.75,208.375,214.34,380703,214.34
2025-12-04,214.06,216.24,213.53,215.13,334360,215.13
2025-12-05,214.42,217.53,214.07,215.92,224859,215.92
2025-12-08,216.62,218.08,213.36,214.83,326719,214.83
2025-12-09,214.26,217.36,213.82,215.65,356781,215.65
2025-12-10,216.4,222.07,216.4,221.71,446956,221.71
2025-12-11,222.45,223.92,219.11,219.67,577251,219.67
2025-12-12,220.9,220.9,207.88,210.07,664469,210.07
2025-12-15,211.19,211.545,206.02,207.61,454703,207.61
2025-12-16,209.59,210.339,205.731,207.46,373373,207.46
2025-12-17,205.99,209.8683,204.64,206.61,453854,206.61
2025-12-18,206.15,210.21,201.59,202.36,773588,202.36
2025-12-19,201.08,210.7431,201.08,209.12,867658,209.12
2025-12-22,209.65,212.375,209.235,209.91,325674,209.91
2025-12-23,210.18,214.1082,207.695,210.08,269428,210.08
2025-12-24,210.08,214.35,208.9,212.27,117394,212.27
2025-12-26,210.39,213.105,210.04,211.48,176522,211.48
2025-12-29,211.42,212.38,209.27,210.54,232732,210.54
2025-12-30,210.28,212.3,208.7374,209.29,200855,209.29
2025-12-31,209.81,209.81,205.41,206.48,227350,206.48
2026-01-02,205.97,207.1199,203.41,206.48,271124,206.48
2026-01-05,204.98,211.51,204.98,208.79,312915,208.79
2026-01-06,207.72,212.6,206.71,211.78,329770,211.78
2026-01-07,212.06,216.225,212.045,214.72,367404,214.72
2026-01-08,214.72,217.73,214.3,215.3,283920,215.3
2026-01-09,216.26,218.26,213.14,216.38,276905,216.38
2026-01-12,214.41,216.124,212.165,212.82,298043,212.82
2026-01-13,213.18,213.98,209.035,213.67,231060,213.67
2026-01-14,213.35,214.33,210.42,211.97,191728,211.97
2026-01-15,211.65,214.965,209.49,214.35,197273,214.35
2026-01-16,218.64,221.98,214.01,214.9,313473,214.9
2026-01-20,210.89,215.76,210.89,215.29,250325,215.29
2026-01-21,216.94,221.55,214.3,220.63,420257,220.63
2026-01-22,222.05,224.73,217.8,219.08,215633,219.08
2026-01-23,217.28,219.825,212.27,214.26,296051,214.26
2026-01-26,213.86,217,210.1,211.85,260555,211.85
2026-01-27,211.89,215.19,211.44,214.19,279393,214.19
2026-01-28,214.28,217.41,214.11,215.93,270552,215.93
2026-01-29,210.08,211.08,203.085,207.07,764364,207.07
2026-01-30,206.42,207.12,203.7,204.98,506586,204.98
2026-02-02,204.5,207.62,202.72,205.27,753291,205.27
2026-02-03,204.98,212.015,204.5,208.78,388130,208.78
2026-02-04,210.81,216,208.98,214.92,674041,214.92
2026-02-05,213.4,215.39,204,204.02,751450,204.02
2026-02-06,203.1,223.41,203.1,216.65,1182615,216.65
2026-02-09,215.81,217.985,207.9,210.43,865896,210.43
2026-02-10,210.43,212.95,204.78,206.58,889226,206.58
2026-02-11,207.79,212.04,206,207.81,633110,207.81
2026-02-12,208.77,211.1,202.99,206.6,407477,206.6
2026-02-13,207.15,207.495,200.3,201.76,526030,201.76
2026-02-17,199.99,202.99,197.23,200.15,409523,200.15
2026-02-18,200.15,206.42,197.67,205.04,564902,205.04
2026-02-19,204.53,204.82,195,201.11,615144,201.11
2026-02-20,201.68,205.09,198.725,201.47,473127,201.47
2026-02-23,199.4,200.76,193.42,196.77,570200,196.77
2026-02-24,198.22,200.93,197.44,198.1,254036,198.1
2026-02-25,198.03,198.03,194.67,196.48,307817,196.48
2026-02-26,197.25,198.52,194.85,196.63,452501,196.63
2026-02-27,194.51,195.97,191.79,195.16,333066,195.16
2026-03-02,192,193.77,189.43,193.04,551246,193.04
2026-03-03,188.26,195.375,184.58,195,520342,195
2026-03-04,197.92,198,194.32,195.75,392468,195.75
2026-03-05,193.47,196.8,191.03,193.3,408722,193.3
2026-03-06,189.82,193.45,187.16,192.73,361078,192.73
2026-03-09,187.84,194.15,186.36,193.58,764784,193.58
2026-03-10,193.58,194.99,190.8519,191.87,485798,191.87
2026-03-11,192.26,193.71,187.34,190.34,551983,190.34
2026-03-12,187.89,190.1,184.56,184.65,390390,184.65
2026-03-13,186.2,186.81,182.97,183.47,380318,183.47
2026-03-16,184.66,185.69,181.105,182.78,351095,182.78
2026-03-17,184.5,186.84,182.94,184.47,285812,184.47
2026-03-18,183.45,188.48,183.235,186.14,467632,186.14
2026-03-19,184.85,187.545,180.275,184.73,614642,184.73
2026-03-20,183.7,184.07,180.41,181.46,739676,181.46
2026-03-23,185.17,191.495,183.95,189.39,710025,189.39
2026-03-24,187.35,191.89,186.5539,189.66,392769,189.66
2026-03-25,190.75,193.55,188.8108,193.55,376118,193.55
2026-03-26,191.64,196.44,191.64,195,273463,195
2026-03-27,193.63,195.705,191.17,192.48,393114,192.48
2026-03-30,193.37,195.465,191.73,192.71,370852,192.71
2026-03-31,195.6,199.99,191.15,195.26,399177,195.26
2026-04-01,195.68,198.56,194.235,197.97,356964,197.97
2026-04-02,196.68,199.77,194.325,197.68,312217,197.68
2026-04-06,196.45,197.54,190.91,196.82,306260,196.82
2026-04-07,198.9,198.9,192.86,193.51,308806,193.51
2026-04-08,197.94,202.105,196.49,196.91,479447,196.91
2026-04-09,195.61,201.0199,193.1,200.42,379820,200.42
2026-04-10,200.48,201.81,197.43,200.52,327775,200.52
2026-04-13,198.24,202.665,195.76,202.25,363540,202.25
2026-04-14,202.06,203.165,198.27,200,545559,200
2026-04-15,202.02,202.02,195.51,195.81,285899,195.81
2026-04-16,196.34,199.2595,196.28,198.29,276512,198.29
2026-04-17,200.29,210.75,199.65,207.99,332171,207.99
2026-04-20,207.39,210.44,207.32,209.53,278863,209.53
2026-04-21,210.79,211.545,203.85,205.31,226146,205.31
2026-04-22,206.54,207.08,202.245,203.38,275347,203.38
2026-04-23,202.96,204.255,200.955,202.97,285818,202.97
2026-04-24,202.73,204.04,201.8,203.07,213096,203.07
2026-04-27,202.76,207.31,202.13,204,455422,204
2026-04-28,204.87,207.795,199.63,200.97,505511,200.97
2026-04-29,202.13,211.535,202.13,205.69,428285,205.69
2026-04-30,206.4,214.44,203.9501,212.38,816107,212.38
2026-05-01,215.57,217.91,199.52,210,1100812,210
2026-05-04,207.91,208.5644,201.04,202.66,538051,202.66
2026-05-05,205.23,207.67,199.26,202.29,509688,202.29
2026-05-06,205.69,208.46,204.54,204.77,304794,204.77
2026-05-07,204.42,206.995,202,205.29,272447,205.29
2026-05-08,207.18,207.615,203.4,205.97,212037,205.97
2026-05-11,205.97,205.97,200.4,200.48,336121,200.48
2026-05-12,200.06,200.06,195.14,195.36,330355,195.36
2026-05-13,193.93,195.27,190.08,191.11,311997,191.11
2026-05-14,193.98,197.1,192.01,192.65,270909,192.65
2026-05-15,194.78,195.045,183.675,184.15,341287,184.15
2026-05-18,183.55,186.6182,180.57,181.94,340951,181.94
2026-05-19,180.47,181.935,177.56,178.59,361181,178.59
2026-05-20,178.79,184.94,176.62,184.67,489183,184.67
2026-05-21,182.51,188.2499,180.01,186.43,383226,186.43
2026-05-22,185.95,191.92,185.95,189.98,310391,189.98
2026-05-26,190.47,193.7399,189.37,191.76,270150,191.76
2026-05-27,196,199.1899,193.745,194.94,355754,194.94
2026-05-28,194.28,196.93,192.49,193.74,339640,193.74
2026-05-29,193.67,193.67,186.76,187.72,521768,187.72
2026-06-01,185.12,190.64,185.12,189.02,573959,189.02
2026-06-02,189.17,192.83,189.03,191.09,369451,191.09
2026-06-03,189.5,192.25,188.01,190.25,289065,190.25
2026-06-04,191.57,192.81,187.35,188.14,290414,188.14
2026-06-05,187.71,189.67,185.1301,187.72,294136,187.72
2026-06-08,186.18,190.34,185.72,185.83,317868,185.83
2026-06-09,188.62,195.22,188,195,342959,195
2026-06-10,194.99,196.05,192.83,193.21,241346,193.21
2026-06-11,194.33,195.33,190.35,194.07,319925,194.07
2026-06-12,195.28,196.2998,190.76,191.53,293109,191.53
2026-06-15,193.97,196.3,192.01,193.39,507766,193.39
2026-06-16,194.07,197.7599,194.07,195.86,505732,195.86
2026-06-17,196.26,197.15,185.17,186.36,401244,186.36
2026-06-18,188.88,191,186.87,188.74,598146,188.74
2026-06-22,185.2,191.14,184.98,188.3,378247,188.3
2026-06-23,188.23,192.25,187.795,192.16,412253,192.16
2026-06-24,193.38,196.37,193.36,194.85,384243,194.85
2026-06-25,194.86,196.6099,190.27,192.05,419053,192.05
2026-06-26,191.5,193.18,189.115,191.64,597788,191.64
2026-06-29,190.55,191.385,188.03,188.89,446807,188.89
2026-06-30,187.92,188.04,185,185.79,326819,185.79
2026-07-01,184.22,187.17,183.67,184.33,352584,184.33
2026-07-02,185.83,187.06,182.09,186.41,265073,186.41
2026-07-06,185.44,191,182.9,190.72,617056,190.72
2026-07-07,190.88,193.17,189.29,191.68,489262,191.68
2026-07-08,192.12,192.12,186.76,187.65,426370,187.65
2026-07-09,189.22,194.52,187.65,192.31,361324,192.31
2026-07-10,192.97,201.235,192.97,195.8,361807,195.8
2026-07-13,197.08,200.09,193.31,193.43,401158,193.43
2026-07-14,197.67,199.33,194.02,196.28,403762,196.28
2026-07-15,197.43,206.155,197.285,203.54,421290,203.54
2026-07-16,204.65,210.48,204.4201,209,423262,209
2026-07-17,207.76,210.035,205.18,205.72,265467,205.72
2026-07-20,206.31,206.31,197.63,197.91,305675,197.91
2026-07-21,198.4,199.66,192.91,198.48,301028,198.48
2026-07-22,200.98,206.93,200.98,205.97,453963,205.97
2026-07-23,203.4,205.58,202.44,205.1,296177,205.1
2026-07-24,207.19,211.25,206.14,208.18,222866,208.18
2026-07-27,209.46,218.7195,209.46,212.2,388142,212.2
2026-07-28,210.5,220.75,208.74,220.33,497181,220.33
2026-07-29,220.78,235.81,216.62,229.98,795658,229.98
2026-07-30,222.01,223.044,213.32,214.65,697020,214.65
2026-07-31,198.04,213.51,195.09,212.4,1338797,212.4
2026-08-03,213.555,223.8899,212.815,215.43,760248,215.43
2026-08-04,212.99,216.99,210.6991,215.6,562093,215.6
2026-08-05,219.91,221.15,213.59,215.78,386931,215.78
2026-08-06,214.96,218.34,209.31,211.33,401360,211.33
2026-08-07,209.52,212.0299,208.15,209.23,270459,209.23
2026-08-10,212.44,212.44,206.11,208.09,276096,208.09
2026-08-11,208.04,210.6,207.79,208.46,247617,208.46
2026-08-12,207.18,209.32,206.04,208.62,288312,208.62
2026-08-13,209.72,212.12,207.34,208.41,253938,208.41
2026-08-14,206.3,209.8403,206.27,209.41,178630,209.41
2026-08-17,207.63,209.32,204.84,204.96,257518,204.96
2026-08-18,207.57,207.8,196.81,196.9,458955,196.9
2026-08-19,199.06,204.71,199.06,200.52,312600,200.52
2026-08-20,197.77,201.255,196.46,200.09,247799,200.09
2026-08-21,201.65,203.07,198.76,199.49,278049,199.49
2026-08-24,206.22,206.22,195.1,195.13,287730,195.13
2026-08-25,197.4,197.4,192,196.8,452971,196.8
2026-08-26,196.54,199.92,195.97,196.57,326620,196.57
2026-08-27,195.12,200.15,194.05,198.75,346365,198.75
2026-08-28,199.93,202.32,199.93,200.09,320330,200.09
2026-08-31,199.52,203.48,198.34,201.25,532296,201.25
2026-09-01,200.39,204.59,199.9901,204.08,422145,204.08
2026-09-02,204.68,207.615,204.15,205.84,359439,205.84
2026-09-03,202.89,211.825,202.79,207.18,373410,207.18
2026-09-04,206.35,213.21,204.715,212.36,358463,212.36
2026-09-08,210.97,212.85,208.06,209.3,929482,209.3
2026-09-09,207.94,209.685,205.91,209.18,463015,209.18
2026-09-10,209.12,212.26,204.51,207.22,457394,207.22
2026-09-11,209.43,211.005,202.98,203.67,493362,203.67
2026-09-14,203.8,208.61,203.8,205.59,337515,205.59
2026-09-15,203.63,206.53,202.68,203.61,452238,203.61
2026-09-16,203.86,204.14,192.1,195.37,587727,195.37
2026-09-17,198.8,202.07,172.5801,174.88,2028245,174.88
2026-09-18,174.01,175.31,167.05,168.29,1523587,168.29
2026-09-21,168.74,170.67,165.14,168.76,624800,168.76
2026-09-22,171.69,171.99,166.66,169.61,550918,169.61
2026-09-23,169.91,170.3,164.7,165.05,467667,165.05
