date,open,high,low,close,volume,raw_close
2016-01-04,5.778,5.803,5.706,5.758,14065112,50.87
2016-01-05,5.76,5.794,5.674,5.693,17786552,50.3
2016-01-06,5.606,5.63,5.547,5.558,17983392,49.11
2016-01-07,5.451,5.497,5.316,5.358,18202080,47.34
2016-01-08,5.38,5.397,5.263,5.278,17048024,46.63
2016-01-11,5.319,5.35,5.144,5.237,20967336,46.27
2016-01-12,5.304,5.377,5.239,5.368,23715184,47.43
2016-01-13,5.393,5.403,5.247,5.269,25903192,46.55
2016-01-14,5.305,5.329,5.219,5.287,27996824,46.71
2016-01-15,5.156,5.2,5.093,5.149,34941448,45.49
2016-01-19,5.197,5.273,5.109,5.141,28525216,45.42
2016-01-20,5.041,5.35,5.037,5.264,36685896,46.51
2016-01-21,5.312,5.552,5.278,5.408,32457560,47.78
2016-01-22,5.493,5.539,5.478,5.512,16546672,48.7
2016-01-25,5.494,5.513,5.434,5.453,14213664,48.18
2016-01-26,5.471,5.544,5.467,5.498,15623160,48.58
2016-01-27,5.477,5.527,5.435,5.477,18678512,48.39
2016-01-28,5.519,5.535,5.453,5.485,13444744,48.46
2016-01-29,5.522,5.611,5.522,5.611,20376192,49.57
2016-02-01,5.557,5.671,5.55,5.644,14916120,49.87
2016-02-02,5.568,5.63,5.556,5.569,25175544,49.2
2016-02-03,5.598,5.615,5.479,5.552,18828072,49.05
2016-02-04,5.551,5.63,5.522,5.611,13093920,49.57
2016-02-05,5.577,5.62,5.551,5.608,22102408,49.55
2016-02-08,5.542,5.594,5.453,5.544,28533376,48.98
2016-02-09,5.488,5.577,5.47,5.551,21410584,49.04
2016-02-10,5.613,5.688,5.581,5.628,15581232,49.72
2016-02-11,5.517,5.582,5.487,5.547,14441192,49.01
2016-02-12,5.603,5.623,5.531,5.607,14224296,49.54
2016-02-16,5.686,5.761,5.656,5.742,10476368,50.73
2016-02-17,5.774,5.891,5.766,5.888,12152984,52.02
2016-02-18,5.891,5.941,5.871,5.897,9387504,52.1
2016-02-19,5.887,5.913,5.846,5.897,15155528,52.1
2016-02-22,5.941,5.975,5.899,5.942,9977248,52.5
2016-02-23,5.935,5.947,5.895,5.903,11031816,52.15
2016-02-24,5.863,5.941,5.826,5.934,7215552,52.43
2016-02-25,5.934,5.975,5.878,5.967,9284016,52.72
2016-02-26,5.984,6.045,5.961,5.992,6680616,52.94
2016-02-29,5.989,6.073,5.986,6.007,14666496,53.07
2016-03-01,6.063,6.267,6.051,6.209,26447576,54.86
2016-03-02,6.196,6.259,6.176,6.247,10238072,55.19
2016-03-03,6.238,6.325,6.219,6.319,10391144,55.83
2016-03-04,6.338,6.402,6.31,6.361,18402600,56.2
2016-03-07,6.31,6.437,6.302,6.421,14463320,56.73
2016-03-08,6.385,6.39,6.276,6.302,16788464,55.68
2016-03-09,6.317,6.347,6.283,6.313,7813896,55.78
2016-03-10,6.318,6.345,6.21,6.273,7615800,55.42
2016-03-11,6.351,6.383,6.308,6.374,7596792,56.17
2016-03-14,6.298,6.329,6.259,6.317,11751680,55.67
2016-03-15,6.253,6.315,6.239,6.3,14946264,55.52
2016-03-16,6.304,6.419,6.298,6.401,11625616,56.41
2016-03-17,6.386,6.509,6.361,6.48,12709096,57.11
2016-03-18,6.517,6.581,6.497,6.54,17617608,57.64
2016-03-21,6.535,6.54,6.468,6.489,11144304,57.19
2016-03-22,6.472,6.533,6.456,6.498,8070192,57.27
2016-03-23,6.494,6.497,6.44,6.452,5849648,56.86
2016-03-24,6.425,6.517,6.391,6.487,12443656,57.17
2016-03-28,6.504,6.52,6.464,6.493,6775344,57.22
2016-03-29,6.459,6.56,6.438,6.557,6794968,57.79
2016-03-30,6.589,6.621,6.527,6.548,9949800,57.71
2016-03-31,6.556,6.578,6.529,6.561,13545376,57.82
2016-04-01,6.515,6.645,6.464,6.636,11871608,58.48
2016-04-04,6.652,6.653,6.59,6.606,8469392,58.22
2016-04-05,6.573,6.64,6.563,6.605,13464296,58.21
2016-04-06,6.584,6.64,6.564,6.627,8273984,58.4
2016-04-07,6.592,6.618,6.536,6.556,16085144,57.78
2016-04-08,6.603,6.681,6.597,6.623,9836440,58.37
2016-04-11,6.636,6.708,6.604,6.63,7777600,58.43
2016-04-12,6.61,6.626,6.556,6.613,10868960,58.28
2016-04-13,6.672,6.705,6.638,6.7,9397432,59.05
2016-04-14,6.71,6.716,6.648,6.669,5985008,58.77
2016-04-15,6.669,6.678,6.623,6.665,11254664,58.74
2016-04-18,6.657,6.668,6.634,6.638,11302392,58.5
2016-04-19,6.669,6.688,6.601,6.616,15571216,58.31
2016-04-20,6.682,6.705,6.476,6.562,14113112,57.83
2016-04-21,6.587,6.61,6.437,6.45,11615240,56.84
2016-04-22,6.438,6.483,6.415,6.463,12547608,56.96
2016-04-25,6.435,6.459,6.384,6.439,6967640,56.75
2016-04-26,6.461,6.498,6.422,6.472,13498096,57.04
2016-04-27,6.436,6.484,6.408,6.469,10586120,57.01
2016-04-28,6.429,6.472,6.37,6.401,8333944,56.41
2016-04-29,6.366,6.373,6.285,6.335,11491664,55.83
2016-05-02,6.344,6.394,6.3,6.384,7666128,56.26
2016-05-03,6.353,6.365,6.298,6.325,7290016,55.74
2016-05-04,6.299,6.318,6.255,6.284,6552008,55.38
2016-05-05,6.302,6.34,6.281,6.315,10012624,55.65
2016-05-06,6.285,6.351,6.258,6.338,7125928,55.86
2016-05-09,6.345,6.394,6.327,6.374,14278160,56.17
2016-05-10,6.393,6.426,6.366,6.408,12168520,56.47
2016-05-11,6.405,6.438,6.363,6.374,6625040,56.17
2016-05-12,6.402,6.403,6.267,6.332,6865320,55.8
2016-05-13,6.319,6.365,6.236,6.25,10059816,55.08
2016-05-16,6.237,6.343,6.234,6.314,8727872,55.64
2016-05-17,6.293,6.344,6.27,6.289,8703600,55.42
2016-05-18,6.277,6.345,6.252,6.316,10093376,55.66
2016-05-19,6.274,6.308,6.24,6.277,9743760,55.32
2016-05-20,6.328,6.374,6.323,6.359,10500328,56.04
2016-05-23,6.363,6.413,6.352,6.396,7713512,56.37
2016-05-24,6.408,6.552,6.402,6.538,8832496,57.62
2016-05-25,6.553,6.577,6.529,6.543,10729864,57.66
2016-05-26,6.518,6.598,6.518,6.58,8818480,57.99
2016-05-27,6.599,6.641,6.565,6.598,9971976,58.15
2016-05-31,6.601,6.671,6.601,6.663,24532824,58.72
2016-06-01,6.631,6.686,6.619,6.673,9793568,58.81
2016-06-02,6.658,6.706,6.652,6.705,6753384,59.09
2016-06-03,6.703,6.736,6.663,6.724,7967776,59.26
2016-06-06,6.724,6.77,6.711,6.741,10668880,59.41
2016-06-07,6.727,6.792,6.694,6.772,13187016,59.68
2016-06-08,6.771,6.828,6.771,6.821,10183728,60.11
2016-06-09,6.78,6.817,6.778,6.806,6269760,59.98
2016-06-10,6.741,6.78,6.739,6.764,7202216,59.47
2016-06-13,6.733,6.76,6.667,6.671,7560632,58.65
2016-06-14,6.662,6.673,6.631,6.66,5983256,58.56
2016-06-15,6.695,6.71,6.652,6.655,6178576,58.51
2016-06-16,6.611,6.641,6.563,6.632,7510872,58.31
2016-06-17,6.618,6.627,6.544,6.581,18443384,57.86
2016-06-20,6.618,6.693,6.605,6.626,11712632,58.26
2016-06-21,6.646,6.675,6.616,6.629,6764240,58.28
2016-06-22,6.637,6.66,6.615,6.621,6513952,58.21
2016-06-23,6.676,6.774,6.662,6.772,10299472,59.54
2016-06-24,6.541,6.608,6.493,6.511,20925000,57.25
2016-06-27,6.43,6.445,6.283,6.315,24395280,55.52
2016-06-28,6.358,6.359,6.27,6.351,17385944,55.84
2016-06-29,6.4,6.426,6.306,6.412,17672672,56.38
2016-06-30,6.443,6.521,6.407,6.521,12171216,57.33
2016-07-01,6.514,6.558,6.494,6.511,7116856,57.25
2016-07-05,6.46,6.464,6.334,6.366,10710208,55.97
2016-07-06,6.325,6.376,6.296,6.374,12042896,56.04
2016-07-07,6.374,6.45,6.364,6.382,10318368,56.11
2016-07-08,6.447,6.546,6.447,6.524,12094040,57.36
2016-07-11,6.536,6.582,6.526,6.548,9578368,57.57
2016-07-12,6.59,6.591,6.534,6.564,10799120,57.71
2016-07-13,6.592,6.607,6.536,6.597,8552128,58
2016-07-14,6.654,6.705,6.622,6.642,8982528,58.4
2016-07-15,6.673,6.737,6.652,6.721,11736136,59.09
2016-07-18,6.732,6.764,6.71,6.72,9024944,59.08
2016-07-19,6.698,6.718,6.639,6.66,10769376,58.56
2016-07-20,6.665,6.881,6.635,6.731,22356640,59.18
2016-07-21,6.73,6.783,6.701,6.738,14197264,59.24
2016-07-22,6.7,6.73,6.692,6.708,13978088,58.98
2016-07-25,6.717,6.72,6.659,6.671,10548152,58.65
2016-07-26,6.674,6.76,6.66,6.756,13861544,59.4
2016-07-27,6.799,6.799,6.646,6.725,13843840,59.13
2016-07-28,6.707,6.742,6.64,6.73,11952680,59.17
2016-07-29,6.726,6.778,6.707,6.77,13854424,59.52
2016-08-01,6.765,6.793,6.746,6.762,9980720,59.45
2016-08-02,6.762,6.762,6.66,6.679,10014960,58.72
2016-08-03,6.687,6.721,6.679,6.714,6444312,59.03
2016-08-04,6.713,6.768,6.7,6.733,7859376,59.2
2016-08-05,6.753,6.816,6.753,6.815,7600680,59.92
2016-08-08,6.818,6.834,6.795,6.813,5779888,59.9
2016-08-09,6.824,6.846,6.812,6.841,5084416,60.15
2016-08-10,6.841,6.856,6.801,6.837,6948600,60.11
2016-08-11,6.849,6.881,6.833,6.867,7786424,60.38
2016-08-12,6.871,6.882,6.848,6.87,6655656,60.4
2016-08-15,6.881,6.914,6.866,6.883,11668720,60.52
2016-08-16,6.864,6.903,6.806,6.806,8108416,59.84
2016-08-17,6.821,6.828,6.776,6.82,6024496,59.96
2016-08-18,6.814,6.903,6.814,6.882,27979128,60.51
2016-08-19,6.87,6.978,6.856,6.96,10155072,61.19
2016-08-22,6.938,6.997,6.925,6.995,7773352,61.5
2016-08-23,7.023,7.028,6.988,6.993,6537560,61.48
2016-08-24,6.99,7.036,6.973,6.987,7978008,61.43
2016-08-25,6.966,6.996,6.938,6.988,4989080,61.44
2016-08-26,7.015,7.082,6.948,6.996,10534168,61.51
2016-08-29,6.995,7.097,6.985,7.061,10393384,62.08
2016-08-30,7.062,7.096,7.051,7.082,11303824,62.27
2016-08-31,7.064,7.103,7.054,7.087,11466040,62.31
2016-09-01,7.071,7.101,7.035,7.089,9087200,62.33
2016-09-02,7.104,7.127,7.09,7.118,7706440,62.58
2016-09-06,7.12,7.159,7.104,7.127,9012192,62.66
2016-09-07,7.16,7.174,7.111,7.151,11609608,62.87
2016-09-08,7.118,7.176,7.115,7.153,15142968,62.89
2016-09-09,7.084,7.118,6.985,6.986,17844240,61.29
2016-09-12,6.955,7.104,6.95,7.087,12940432,62.17
2016-09-13,7.024,7.089,7,7.023,9949632,61.61
2016-09-14,7.004,7.051,6.997,7.042,7533360,61.78
2016-09-15,7.045,7.18,7.04,7.157,9773200,62.79
2016-09-16,7.131,7.18,7.108,7.176,19634152,62.95
2016-09-19,7.187,7.274,7.179,7.268,13686048,63.76
2016-09-20,7.421,7.43,7.308,7.31,22165208,64.13
2016-09-21,7.327,7.406,7.304,7.398,9864352,64.9
2016-09-22,7.407,7.497,7.407,7.487,9928992,65.68
2016-09-23,7.467,7.467,7.342,7.343,10409992,64.42
2016-09-26,7.326,7.351,7.293,7.3,11707168,64.04
2016-09-27,7.29,7.352,7.244,7.352,28533960,64.5
2016-09-28,7.376,7.413,7.347,7.407,14778600,64.98
2016-09-29,7.374,7.416,7.35,7.373,10728464,64.68
2016-09-30,7.389,7.43,7.379,7.4,15452192,64.92
2016-10-03,7.373,7.409,7.339,7.341,10220456,64.4
2016-10-04,7.363,7.379,7.307,7.33,7552656,64.3
2016-10-05,7.371,7.428,7.33,7.398,9111384,64.9
2016-10-06,7.403,7.473,7.375,7.469,8815328,65.52
2016-10-07,7.458,7.466,7.39,7.452,14646000,65.37
2016-10-10,7.482,7.499,7.38,7.393,9739720,64.86
2016-10-11,7.373,7.392,7.257,7.295,11003736,64
2016-10-12,7.301,7.332,7.254,7.291,7512560,63.96
2016-10-13,7.227,7.234,7.14,7.216,12567368,63.3
2016-10-14,7.255,7.309,7.224,7.245,10654544,63.56
2016-10-17,7.263,7.271,7.178,7.187,9713776,63.05
2016-10-18,7.253,7.268,7.149,7.205,14528024,63.21
2016-10-19,7.409,7.447,7.309,7.376,18712320,64.71
2016-10-20,7.413,7.612,7.405,7.572,37566688,66.43
2016-10-21,7.509,7.555,7.444,7.519,21597912,65.96
2016-10-24,7.578,7.597,7.49,7.522,14242472,65.99
2016-10-25,7.522,7.524,7.388,7.431,11767112,65.19
2016-10-26,7.408,7.495,7.401,7.47,9665464,65.53
2016-10-27,7.499,7.511,7.447,7.452,11493576,65.37
2016-10-28,7.464,7.534,7.43,7.465,9150688,65.49
2016-10-31,7.49,7.535,7.483,7.515,12546056,65.93
2016-11-01,7.535,7.576,7.473,7.526,15684472,66.02
2016-11-02,7.498,7.538,7.401,7.422,14166912,65.11
2016-11-03,7.425,7.44,7.379,7.397,8662112,64.89
2016-11-04,7.4,7.458,7.39,7.399,7286752,64.91
2016-11-07,7.499,7.586,7.499,7.585,9746960,66.54
2016-11-08,7.602,7.63,7.542,7.616,6170688,66.81
2016-11-09,7.482,7.703,7.4,7.677,14810424,67.35
2016-11-10,7.7,7.74,7.568,7.577,16567816,66.47
2016-11-11,7.547,7.618,7.53,7.595,11246520,66.63
2016-11-14,7.621,7.65,7.563,7.595,10510912,66.63
2016-11-15,7.623,7.659,7.579,7.652,8608832,67.13
2016-11-16,7.646,7.735,7.601,7.729,10334912,67.8
2016-11-17,7.737,7.763,7.683,7.752,11082344,68.01
2016-11-18,7.764,7.811,7.715,7.756,30527240,68.04
2016-11-21,7.778,7.811,7.705,7.748,13515984,67.97
2016-11-22,7.773,7.778,7.729,7.754,7617224,68.02
2016-11-23,7.746,7.776,7.724,7.756,6042864,68.04
2016-11-25,7.746,7.828,7.73,7.828,3448736,68.67
2016-11-28,7.82,7.843,7.797,7.807,12969816,68.49
2016-11-29,7.791,7.839,7.784,7.8,11309280,68.43
2016-11-30,7.825,7.887,7.773,7.781,15033944,68.26
2016-12-01,7.778,7.8,7.563,7.608,19038448,66.74
2016-12-02,7.626,7.693,7.623,7.676,14046584,67.34
2016-12-05,7.748,7.77,7.703,7.734,11773592,67.85
2016-12-06,7.738,7.76,7.685,7.706,9473976,67.6
2016-12-07,7.71,7.768,7.67,7.759,14909104,68.07
2016-12-08,7.774,7.86,7.759,7.846,7662744,68.83
2016-12-09,7.855,7.864,7.806,7.828,6838128,68.51
2016-12-12,7.808,7.808,7.71,7.731,12670720,67.66
2016-12-13,7.756,7.819,7.718,7.759,13604824,67.91
2016-12-14,7.759,7.84,7.729,7.742,11133880,67.76
2016-12-15,7.749,7.821,7.724,7.767,15733824,67.98
2016-12-16,7.781,7.813,7.679,7.701,23376992,67.4
2016-12-19,7.701,7.771,7.697,7.769,8001240,68
2016-12-20,7.792,7.82,7.763,7.807,7062336,68.33
2016-12-21,7.792,7.82,7.774,7.795,8348344,68.22
2016-12-22,7.769,7.814,7.719,7.801,7745912,68.28
2016-12-23,7.795,7.833,7.773,7.804,4372864,68.3
2016-12-27,7.806,7.831,7.792,7.808,3444272,68.34
2016-12-28,7.811,7.811,7.716,7.72,4896600,67.57
2016-12-29,7.731,7.772,7.672,7.724,5053656,67.6
2016-12-30,7.756,7.756,7.652,7.678,9012184,67.2
2017-01-03,7.72,7.795,7.665,7.704,7845224,67.43
2017-01-04,7.716,7.785,7.709,7.761,7940104,67.93
2017-01-05,7.816,7.816,7.701,7.72,7669216,67.57
2017-01-06,7.741,7.801,7.7,7.779,5803440,68.08
2017-01-09,7.772,7.797,7.696,7.699,6814232,67.38
2017-01-10,7.703,7.767,7.669,7.745,6141160,67.79
2017-01-11,7.718,7.749,7.695,7.749,6631184,67.82
2017-01-12,7.718,7.772,7.645,7.766,6945016,67.97
2017-01-13,7.795,7.827,7.771,7.782,7463032,68.11
2017-01-17,7.744,7.783,7.689,7.735,7221360,67.7
2017-01-18,7.771,7.827,7.743,7.801,7386264,68.28
2017-01-19,7.783,7.822,7.75,7.793,7367072,68.21
2017-01-20,7.827,7.86,7.803,7.838,11003728,68.6
2017-01-23,7.809,7.859,7.696,7.767,10496480,67.98
2017-01-24,7.803,7.877,7.771,7.856,18964712,68.76
2017-01-25,7.861,7.912,7.588,7.659,26725392,67.03
2017-01-26,7.711,7.711,7.571,7.614,11804968,66.64
2017-01-27,7.641,7.703,7.619,7.646,12292064,66.92
2017-01-30,7.654,7.662,7.575,7.653,11568048,66.98
2017-01-31,7.652,7.725,7.58,7.711,16386056,67.49
2017-02-01,7.72,7.731,7.582,7.609,12766048,66.6
2017-02-02,7.6,7.697,7.541,7.672,11545704,67.15
2017-02-03,7.701,7.733,7.654,7.708,12080656,67.46
2017-02-06,7.689,7.736,7.652,7.663,14300104,67.07
2017-02-07,7.693,7.749,7.676,7.688,11761696,67.29
2017-02-08,7.688,7.816,7.685,7.772,13233520,68.02
2017-02-09,7.773,7.859,7.772,7.803,11346104,68.29
2017-02-10,7.797,7.876,7.779,7.857,9746128,68.77
2017-02-13,7.887,7.909,7.862,7.88,9251112,68.97
2017-02-14,7.864,7.9,7.833,7.898,9145816,69.13
2017-02-15,7.867,7.908,7.835,7.886,12434208,69.02
2017-02-16,7.902,7.934,7.868,7.927,7649936,69.38
2017-02-17,7.929,7.936,7.852,7.936,10831816,69.46
2017-02-21,7.933,7.962,7.901,7.95,9826400,69.58
2017-02-22,7.948,7.996,7.945,7.977,7774104,69.82
2017-02-23,8,8.025,7.904,7.994,20426208,69.97
2017-02-24,7.946,8.024,7.93,8.018,11213288,70.18
2017-02-27,7.999,8.028,7.928,7.937,10260720,69.47
2017-02-28,7.925,7.93,7.882,7.908,12809968,69.21
2017-03-01,7.946,8.112,7.941,8.098,13352504,70.88
2017-03-02,8.086,8.11,8.043,8.053,7019472,70.48
2017-03-03,8.045,8.072,8.024,8.052,7959320,70.47
2017-03-06,8.006,8.046,8.002,8.013,8057264,70.13
2017-03-07,8.018,8.055,7.993,8.029,5757464,70.27
2017-03-08,8.014,8.065,7.989,8.041,8113656,70.38
2017-03-09,8.024,8.07,7.975,8.014,6662312,70.14
2017-03-10,8.039,8.09,8.028,8.061,6285216,70.55
2017-03-13,8.054,8.16,8.031,8.157,11747840,71.39
2017-03-14,8.124,8.133,8.077,8.106,7556848,70.95
2017-03-15,8.151,8.224,8.132,8.21,17893112,71.86
2017-03-16,8.215,8.24,8.158,8.181,10092312,71.44
2017-03-17,8.181,8.209,8.153,8.169,12170624,71.34
2017-03-20,8.166,8.186,8.114,8.169,6344736,71.34
2017-03-21,8.19,8.228,8.043,8.063,10421168,70.41
2017-03-22,8.092,8.134,8.039,8.126,10416272,70.96
2017-03-23,8.122,8.176,8.081,8.119,8596752,70.9
2017-03-24,8.142,8.2,8.107,8.127,10595520,70.97
2017-03-27,8.062,8.135,8,8.128,8008696,70.98
2017-03-28,8.123,8.191,8.083,8.167,8505176,71.32
2017-03-29,8.112,8.178,8.112,8.166,9362496,71.31
2017-03-30,8.161,8.239,8.154,8.232,7952752,71.89
2017-03-31,8.214,8.222,8.141,8.15,14250512,71.17
2017-04-03,8.138,8.142,7.987,8.049,10330640,70.29
2017-04-04,8.036,8.068,7.961,8.004,9095224,69.9
2017-04-05,8.032,8.052,7.961,7.967,10721376,69.57
2017-04-06,7.96,8.043,7.941,8.008,7281112,69.93
2017-04-07,8.001,8.032,7.981,7.989,8262848,69.77
2017-04-10,8.008,8.046,7.965,7.975,6830472,69.64
2017-04-11,7.958,7.994,7.894,7.986,7320992,69.74
2017-04-12,8.002,8.01,7.851,7.883,11249968,68.84
2017-04-13,7.874,7.922,7.861,7.861,7795888,68.65
2017-04-17,7.901,7.965,7.882,7.962,5923912,69.53
2017-04-18,7.955,8.019,7.949,8.011,10330616,69.96
2017-04-19,8.048,8.095,8.017,8.029,8642152,70.12
2017-04-20,8.065,8.141,8.042,8.11,8020160,70.82
2017-04-21,8.11,8.115,8.05,8.07,9794968,70.47
2017-04-24,8.165,8.238,8.146,8.237,10859088,71.93
2017-04-25,8.247,8.302,8.215,8.265,12316488,72.18
2017-04-26,8.359,8.445,8.201,8.214,21074032,71.73
2017-04-27,8.248,8.338,8.233,8.334,8965640,72.78
2017-04-28,8.323,8.331,8.234,8.28,11179640,72.31
2017-05-01,8.31,8.319,8.232,8.232,9751136,71.89
2017-05-02,8.23,8.247,8.157,8.188,9359584,71.5
2017-05-03,8.16,8.176,8.119,8.163,8073840,71.29
2017-05-04,8.191,8.244,8.153,8.226,7450856,71.84
2017-05-05,8.248,8.268,8.21,8.26,4655528,72.13
2017-05-08,8.276,8.326,8.242,8.305,7959120,72.53
2017-05-09,8.297,8.344,8.297,8.32,6628584,72.66
2017-05-10,8.32,8.359,8.276,8.357,9976872,72.98
2017-05-11,8.308,8.331,8.263,8.316,5909464,72.62
2017-05-12,8.307,8.346,8.299,8.342,5669152,72.85
2017-05-15,8.357,8.402,8.338,8.379,14052192,73.17
2017-05-16,8.411,8.458,8.371,8.444,7417848,73.74
2017-05-17,8.378,8.406,8.308,8.309,12500392,72.56
2017-05-18,8.26,8.336,8.173,8.296,8746248,72.45
2017-05-19,8.326,8.386,8.32,8.348,7705664,72.9
2017-05-22,8.359,8.436,8.342,8.428,9055232,73.6
2017-05-23,8.428,8.46,8.394,8.402,8315200,73.37
2017-05-24,8.426,8.495,8.405,8.466,8411920,73.93
2017-05-25,8.515,8.552,8.472,8.539,7900096,74.57
2017-05-26,8.515,8.572,8.512,8.565,8188080,74.8
2017-05-30,8.581,8.587,8.532,8.575,8617304,74.88
2017-05-31,8.588,8.605,8.534,8.542,28321416,74.6
2017-06-01,8.584,8.625,8.569,8.603,10086384,75.13
2017-06-02,8.623,8.659,8.584,8.652,8606648,75.56
2017-06-05,8.654,8.72,8.63,8.656,8515224,75.59
2017-06-06,8.613,8.694,8.613,8.651,7515536,75.55
2017-06-07,8.684,8.701,8.636,8.694,6644784,75.92
2017-06-08,8.681,8.731,8.649,8.723,8980096,76.18
2017-06-09,8.725,8.78,8.619,8.675,11191488,75.76
2017-06-12,8.635,8.657,8.546,8.636,11074856,75.42
2017-06-13,8.658,8.709,8.658,8.694,10214080,75.92
2017-06-14,8.691,8.72,8.657,8.696,10815640,75.94
2017-06-15,8.629,8.735,8.603,8.723,10271344,76.02
2017-06-16,8.722,8.776,8.67,8.679,22832968,75.63
2017-06-19,8.71,8.727,8.64,8.681,12909672,75.65
2017-06-20,8.673,8.692,8.598,8.601,10778248,74.95
2017-06-21,8.598,8.613,8.555,8.575,13101224,74.73
2017-06-22,8.575,8.586,8.513,8.534,9857008,74.37
2017-06-23,8.548,8.629,8.516,8.616,15697664,75.08
2017-06-26,8.641,8.675,8.569,8.579,8912024,74.76
2017-06-27,8.567,8.572,8.518,8.518,10289760,74.23
2017-06-28,8.585,8.634,8.535,8.619,7250808,75.11
2017-06-29,8.618,8.618,8.407,8.464,8003552,73.76
2017-06-30,8.497,8.52,8.416,8.471,13949688,73.82
2017-07-03,8.525,8.528,8.388,8.388,5309048,73.1
2017-07-05,8.439,8.472,8.383,8.465,10857392,73.77
2017-07-06,8.36,8.408,8.302,8.317,12895448,72.48
2017-07-07,8.364,8.453,8.351,8.422,9747792,73.39
2017-07-10,8.391,8.483,8.369,8.465,9831016,73.77
2017-07-11,8.463,8.492,8.419,8.453,6508552,73.66
2017-07-12,8.511,8.569,8.48,8.558,9453240,74.58
2017-07-13,8.563,8.602,8.546,8.559,5888920,74.59
2017-07-14,8.566,8.569,8.53,8.555,10522264,74.55
2017-07-17,8.557,8.628,8.528,8.588,6279112,74.84
2017-07-18,8.563,8.606,8.543,8.596,6919688,74.91
2017-07-19,8.626,8.683,8.609,8.673,7891128,75.58
2017-07-20,8.662,8.695,8.62,8.682,8456536,75.66
2017-07-21,8.658,8.699,8.634,8.672,8077920,75.57
2017-07-24,8.687,8.704,8.638,8.68,11166176,75.64
2017-07-25,8.711,8.742,8.652,8.703,13444624,75.84
2017-07-26,8.735,8.89,8.495,8.6,19301392,74.94
2017-07-27,8.603,8.713,8.586,8.703,17230048,75.84
2017-07-28,8.714,8.75,8.633,8.736,12985752,76.13
2017-07-31,8.776,8.82,8.729,8.792,13374496,76.62
2017-08-01,8.924,8.924,8.813,8.88,9621976,77.38
2017-08-02,8.906,8.948,8.885,8.932,12902808,77.84
2017-08-03,8.921,8.995,8.9,8.931,17814008,77.83
2017-08-04,8.959,8.966,8.89,8.912,10396352,77.66
2017-08-07,8.902,8.961,8.902,8.948,11093464,77.98
2017-08-08,8.909,8.99,8.909,8.947,7403720,77.97
2017-08-09,8.923,9.017,8.896,9.007,9683952,78.49
2017-08-10,8.958,8.992,8.921,8.924,16016872,77.77
2017-08-11,8.952,8.97,8.917,8.947,9882792,77.97
2017-08-14,8.993,9.107,8.982,9.077,13356440,79.1
2017-08-15,9.092,9.109,9.055,9.055,16683600,78.91
2017-08-16,9.084,9.146,9.067,9.102,8422168,79.32
2017-08-17,9.071,9.118,9.053,9.06,11808336,78.95
2017-08-18,9.047,9.063,8.992,8.999,8307112,78.42
2017-08-21,8.983,9.04,8.964,9.032,8099504,78.71
2017-08-22,9.056,9.152,9.056,9.146,8865752,79.7
2017-08-23,9.087,9.173,9.054,9.111,9294848,79.4
2017-08-24,9.121,9.123,9.063,9.11,6220088,79.39
2017-08-25,9.156,9.196,9.133,9.156,11973216,79.79
2017-08-28,9.18,9.18,9.129,9.152,6775328,79.75
2017-08-29,9.103,9.218,9.075,9.199,7066456,80.16
2017-08-30,9.192,9.234,9.178,9.216,9179856,80.31
2017-08-31,9.218,9.31,9.218,9.288,10287472,80.94
2017-09-01,9.293,9.314,9.216,9.28,7936448,80.87
2017-09-05,9.261,9.283,9.164,9.22,7313640,80.35
2017-09-06,9.255,9.265,9.185,9.247,7138976,80.58
2017-09-07,9.262,9.276,9.211,9.239,6447624,80.51
2017-09-08,9.211,9.283,9.187,9.24,6790744,80.52
2017-09-11,9.291,9.418,9.291,9.403,9261816,81.94
2017-09-12,9.404,9.444,9.381,9.423,6809192,82.12
2017-09-13,9.418,9.423,9.342,9.378,7599384,81.72
2017-09-14,9.355,9.443,9.355,9.434,7693616,82.21
2017-09-15,9.451,9.501,9.414,9.498,11762152,82.58
2017-09-18,9.496,9.548,9.458,9.524,10891416,82.8
2017-09-19,9.54,9.564,9.509,9.555,6293960,83.07
2017-09-20,9.573,9.575,9.478,9.545,6004976,82.99
2017-09-21,9.57,9.588,9.52,9.563,6662528,83.14
2017-09-22,9.589,9.64,9.529,9.54,14262800,82.94
2017-09-25,9.53,9.537,9.382,9.422,13034672,81.92
2017-09-26,9.437,9.45,9.38,9.388,7609440,81.62
2017-09-27,9.43,9.459,9.394,9.428,9859696,81.97
2017-09-28,9.4,9.476,9.395,9.464,7043600,82.28
2017-09-29,9.603,9.762,9.55,9.735,16559264,84.64
2017-10-02,9.762,9.765,9.705,9.75,13194448,84.77
2017-10-03,9.777,9.797,9.742,9.777,9933056,85
2017-10-04,9.775,9.877,9.749,9.864,9179384,85.76
2017-10-05,9.897,9.926,9.854,9.926,8973432,86.3
2017-10-06,9.907,9.959,9.889,9.958,7327168,86.58
2017-10-09,9.961,9.985,9.928,9.955,9642232,86.55
2017-10-10,9.965,10.02,9.949,10.01,6985288,87.02
2017-10-11,10.01,10.01,9.95,9.981,5999632,86.78
2017-10-12,9.978,10.1,9.972,10.1,7459600,87.77
2017-10-13,10.1,10.12,10.02,10.03,17950400,87.2
2017-10-16,10.02,10.06,9.985,10,15623112,86.94
2017-10-17,10,10.01,9.946,9.972,9247768,86.7
2017-10-18,9.98,9.99,9.92,9.963,9443048,86.62
2017-10-19,9.934,9.947,9.821,9.903,13396480,86.1
2017-10-20,9.97,10,9.892,9.957,11106672,86.57
2017-10-23,10,10,9.911,9.932,12634560,86.35
2017-10-24,9.966,10.01,9.925,9.966,9652408,86.65
2017-10-25,10.07,10.14,9.95,10.04,17107528,87.25
2017-10-26,10.04,10.04,9.834,9.834,15318968,85.5
2017-10-27,9.834,9.961,9.828,9.961,10813440,86.6
2017-10-30,9.941,9.956,9.851,9.864,7818760,85.76
2017-10-31,9.905,10.02,9.887,10.01,11094544,87
2017-11-01,10.07,10.1,9.977,9.992,10350128,86.87
2017-11-02,10.01,10.11,9.995,10.07,12001992,87.59
2017-11-03,10.08,10.1,9.98,10.04,8764848,87.33
2017-11-06,10.06,10.08,10.02,10.03,11556888,87.24
2017-11-07,10.03,10.09,10.02,10.05,9073680,87.37
2017-11-08,10.07,10.1,10.02,10.09,7784512,87.74
2017-11-09,10.05,10.05,9.908,9.974,7588456,86.72
2017-11-10,9.988,10.16,9.958,10.15,12623752,88.21
2017-11-13,10.12,10.19,10.11,10.18,9110624,88.48
2017-11-14,10.13,10.26,10.13,10.23,9449512,88.98
2017-11-15,10.2,10.22,10.14,10.17,10206760,88.41
2017-11-16,10.2,10.32,10.19,10.27,9240880,89.31
2017-11-17,10.25,10.32,10.23,10.3,9516512,89.52
2017-11-20,10.32,10.37,10.3,10.34,7453144,89.88
2017-11-21,10.44,10.48,10.36,10.45,12999496,90.84
2017-11-22,10.44,10.46,10.34,10.34,10699256,89.9
2017-11-24,10.34,10.48,10.34,10.46,5558800,90.91
2017-11-27,10.44,10.46,10.39,10.4,10481184,90.38
2017-11-28,10.44,10.5,10.42,10.47,12368872,91.04
2017-11-29,10.47,10.5,10.29,10.33,12652008,89.77
2017-11-30,10.4,10.48,10.35,10.42,57321912,90.59
2017-12-01,10.43,10.44,10.13,10.33,11729312,89.8
2017-12-04,10.39,10.42,10.17,10.17,11293904,88.46
2017-12-05,10.18,10.21,10.12,10.14,11178608,88.18
2017-12-06,10.08,10.15,10.05,10.1,9111272,87.78
2017-12-07,10.11,10.15,10.08,10.14,15095776,88.14
2017-12-08,10.2,10.28,10.2,10.28,14720416,89.34
2017-12-11,10.25,10.33,10.23,10.26,9071976,89.24
2017-12-12,10.26,10.35,10.23,10.31,12882688,89.67
2017-12-13,10.31,10.35,10.24,10.29,8099488,89.5
2017-12-14,10.31,10.34,10.26,10.26,8259560,89.23
2017-12-15,10.32,10.33,10.26,10.27,15979664,89.13
2017-12-18,10.32,10.36,10.29,10.31,8550144,89.45
2017-12-19,10.34,10.38,10.23,10.24,11571808,88.8
2017-12-20,10.28,10.28,10.17,10.22,8858232,88.64
2017-12-21,10.27,10.27,10.18,10.2,12000968,88.45
2017-12-22,10.23,10.26,10.11,10.16,6100224,88.14
2017-12-26,10.15,10.15,10.08,10.12,7396280,87.79
2017-12-27,10.15,10.17,10.11,10.15,10884432,88.09
2017-12-28,10.17,10.22,10.12,10.21,7041944,88.6
2017-12-29,10.26,10.28,10.09,10.12,8666672,87.8
2018-01-02,10.2,10.24,10.09,10.12,11978552,87.8
2018-01-03,10.09,10.25,10.09,10.25,13357624,88.94
2018-01-04,10.26,10.29,10.22,10.22,14156616,88.63
2018-01-05,10.27,10.35,10.25,10.34,10021240,89.71
2018-01-08,10.33,10.46,10.33,10.45,12489792,90.67
2018-01-09,10.49,10.55,10.46,10.47,10736688,90.81
2018-01-10,10.44,10.45,10.29,10.32,8300912,89.51
2018-01-11,10.32,10.47,10.3,10.46,7174696,90.79
2018-01-12,10.47,10.6,10.43,10.58,8770040,91.83
2018-01-16,10.6,10.67,10.51,10.52,14068680,91.28
2018-01-17,10.6,10.72,10.5,10.7,8607392,92.85
2018-01-18,10.7,10.75,10.62,10.64,13341352,92.29
2018-01-19,10.74,10.79,10.71,10.73,16048400,93.13
2018-01-22,10.73,10.78,10.58,10.6,17636504,91.98
2018-01-23,10.6,10.63,10.57,10.58,13819400,91.82
2018-01-24,10.68,10.78,10.48,10.51,21155368,91.2
2018-01-25,10.55,10.68,10.49,10.51,18353040,91.2
2018-01-26,10.55,10.69,10.48,10.69,13844120,92.73
2018-01-29,10.65,10.72,10.6,10.62,16986232,92.13
2018-01-30,10.53,10.72,10.51,10.67,13400280,92.55
2018-01-31,10.73,10.73,10.65,10.69,14273968,92.77
2018-02-01,10.54,10.78,10.54,10.7,11955816,92.82
2018-02-02,10.67,10.7,10.51,10.52,15257336,91.25
2018-02-05,10.46,10.61,10.15,10.19,17988832,88.41
2018-02-06,9.996,10.24,9.879,10.21,22058232,88.56
2018-02-07,10.08,10.35,10.08,10.18,16794792,88.28
2018-02-08,10.17,10.2,9.728,9.733,22181872,84.44
2018-02-09,9.791,9.849,9.469,9.772,22941040,84.78
2018-02-12,9.888,10.02,9.877,9.96,15966240,86.41
2018-02-13,9.894,10.04,9.89,10.01,7535032,86.88
2018-02-14,9.947,10.08,9.94,10.07,9709208,87.34
2018-02-15,10.14,10.27,10.12,10.27,14439544,89.14
2018-02-16,10.23,10.46,10.22,10.37,11660568,89.99
2018-02-20,10.32,10.47,10.29,10.42,10110768,90.36
2018-02-21,10.43,10.55,10.42,10.42,8951728,90.42
2018-02-22,10.48,10.51,10.38,10.4,10555464,90.23
2018-02-23,10.43,10.47,10.36,10.47,9116608,90.83
2018-02-26,10.5,10.65,10.45,10.65,7178920,92.41
2018-02-27,10.67,10.78,10.6,10.6,10453384,91.94
2018-02-28,10.65,10.68,10.53,10.53,12672448,91.39
2018-03-01,10.51,10.55,10.17,10.25,13865472,88.95
2018-03-02,10.19,10.36,10.16,10.33,10342848,89.65
2018-03-05,10.26,10.34,10.17,10.28,9975632,89.18
2018-03-06,10.32,10.39,10.27,10.34,9163032,89.75
2018-03-07,10.24,10.43,10.2,10.4,10004096,90.26
2018-03-08,10.41,10.45,10.37,10.44,13657304,90.58
2018-03-09,10.5,10.68,10.47,10.65,10949696,92.44
2018-03-12,10.66,10.73,10.64,10.68,12045840,92.66
2018-03-13,10.74,10.78,10.63,10.66,7973424,92.51
2018-03-14,10.7,10.71,10.51,10.53,5450192,91.37
2018-03-15,10.55,10.65,10.51,10.6,6422968,91.95
2018-03-16,10.64,10.73,10.57,10.63,19954608,92
2018-03-19,10.61,10.64,10.44,10.55,12730720,91.34
2018-03-20,10.59,10.63,10.53,10.59,8096240,91.7
2018-03-21,10.58,10.63,10.49,10.51,6461192,91.03
2018-03-22,10.4,10.45,10.17,10.18,10263992,88.17
2018-03-23,10.19,10.25,9.843,9.856,10015656,85.33
2018-03-26,9.978,10.07,9.862,10.06,10353504,87.09
2018-03-27,10.09,10.16,9.828,9.886,9428616,85.59
2018-03-28,9.909,9.919,9.697,9.8,8429872,84.85
2018-03-29,9.864,10.05,9.825,9.948,15451216,86.13
2018-04-02,9.948,9.966,9.556,9.708,12333456,84.05
2018-04-03,9.674,9.803,9.606,9.795,12960112,84.8
2018-04-04,9.486,9.836,9.486,9.817,14694528,84.99
2018-04-05,9.88,9.903,9.758,9.791,10081976,84.77
2018-04-06,9.739,9.768,9.46,9.537,12938768,82.57
2018-04-09,9.602,9.773,9.561,9.654,13171480,83.58
2018-04-10,9.808,9.901,9.766,9.86,16482328,85.37
2018-04-11,9.803,9.927,9.8,9.85,13708376,85.28
2018-04-12,9.909,9.99,9.855,9.949,8954904,86.14
2018-04-13,9.991,10.01,9.86,9.888,6687616,85.61
2018-04-16,9.968,10.03,9.904,9.987,7398240,86.47
2018-04-17,10.03,10.06,9.967,10.03,8640128,86.82
2018-04-18,10.07,10.13,10.02,10.07,6724512,87.2
2018-04-19,10.06,10.06,9.934,9.956,10225632,86.2
2018-04-20,9.927,9.929,9.78,9.842,13081064,85.21
2018-04-23,9.887,9.897,9.735,9.748,13965512,84.4
2018-04-24,9.818,9.829,9.475,9.56,20899928,82.77
2018-04-25,9.662,9.696,9.289,9.573,23415152,82.88
2018-04-26,9.613,9.68,9.541,9.678,13452608,83.79
2018-04-27,9.691,9.772,9.646,9.735,15038472,84.28
2018-04-30,9.747,9.8,9.669,9.669,14119016,83.71
2018-05-01,9.612,9.718,9.56,9.695,10792856,83.94
2018-05-02,9.725,9.792,9.673,9.698,15228592,83.96
2018-05-03,9.627,9.755,9.567,9.735,11091664,84.28
2018-05-04,9.677,9.886,9.661,9.858,12027968,85.35
2018-05-07,9.872,9.952,9.872,9.912,11921232,85.82
2018-05-08,9.919,9.932,9.837,9.903,11512656,85.74
2018-05-09,9.908,9.987,9.848,9.969,10514048,86.31
2018-05-10,10.03,10.08,9.949,10.08,8520720,87.27
2018-05-11,10.06,10.17,10.05,10.16,10585968,87.98
2018-05-14,10.17,10.2,10.14,10.19,9411496,88.19
2018-05-15,10.17,10.18,10.12,10.15,9829080,87.86
2018-05-16,10.19,10.24,10.12,10.2,10270544,88.35
2018-05-17,10.19,10.24,10.15,10.18,10050344,88.12
2018-05-18,10.15,10.21,10.12,10.16,8258496,87.98
2018-05-21,10.22,10.27,10.19,10.27,8749488,88.93
2018-05-22,10.28,10.3,10.17,10.18,9725336,88.1
2018-05-23,10.12,10.19,10.06,10.19,10836320,88.2
2018-05-24,10.18,10.23,10.09,10.14,7313736,87.8
2018-05-25,10.13,10.14,10.03,10.08,9712480,87.27
2018-05-29,9.996,10.12,9.963,10.05,12570456,86.98
2018-05-30,10.11,10.16,10.09,10.11,8559024,87.57
2018-05-31,9.982,10.14,9.972,10.04,17608408,86.93
2018-06-01,10.11,10.22,10.09,10.21,9297088,88.37
2018-06-04,10.21,10.25,10.16,10.17,10497424,88.09
2018-06-05,10.17,10.39,10.07,10.39,11989552,89.95
2018-06-06,10.4,10.45,10.33,10.45,9619504,90.44
2018-06-07,10.45,10.5,10.42,10.49,13482552,90.81
2018-06-08,10.45,10.51,10.4,10.5,10059664,90.91
2018-06-11,10.51,10.52,10.46,10.48,14414744,90.72
2018-06-12,10.46,10.5,10.34,10.5,11914424,90.87
2018-06-13,10.5,10.54,10.47,10.52,10889952,91.05
2018-06-14,10.53,10.57,10.48,10.53,9836608,91.2
2018-06-15,10.5,10.65,10.44,10.57,19051008,91.32
2018-06-18,10.49,10.51,10.41,10.51,8378904,90.8
2018-06-19,10.37,10.4,10.27,10.38,9087744,89.68
2018-06-20,10.42,10.45,10.35,10.4,9147160,89.84
2018-06-21,10.4,10.4,10.23,10.24,9850600,88.46
2018-06-22,10.3,10.35,10.23,10.33,14056200,89.2
2018-06-25,10.3,10.31,10.06,10.17,11981512,87.79
2018-06-26,10.15,10.23,10.09,10.09,11936296,87.17
2018-06-27,10.11,10.17,9.987,9.99,16129600,86.27
2018-06-28,9.984,10.09,9.907,10.08,13084352,87.06
2018-06-29,10.11,10.18,10.08,10.09,13998216,87.15
2018-07-02,10.02,10.09,9.906,10.09,10008600,87.11
2018-07-03,10.13,10.13,10.03,10.04,4238192,86.71
2018-07-05,10.1,10.17,10.02,10.17,7287504,87.81
2018-07-06,10.19,10.25,10.13,10.21,7159288,88.19
2018-07-09,10.28,10.36,10.24,10.35,8304496,89.37
2018-07-10,10.32,10.37,10.31,10.34,6363320,89.27
2018-07-11,9.95,10.27,9.95,10.15,7076576,87.65
2018-07-12,10.21,10.32,10.2,10.31,7093592,89.05
2018-07-13,10.33,10.34,10.27,10.27,6156144,88.71
2018-07-16,10.28,10.32,10.24,10.25,8027848,88.53
2018-07-17,10.22,10.33,10.19,10.31,9256688,89.01
2018-07-18,10.31,10.36,10.28,10.32,8551080,89.13
2018-07-19,10.27,10.34,10.24,10.26,8209520,88.59
2018-07-20,10.22,10.28,10.2,10.24,10512480,88.4
2018-07-23,10.21,10.22,10.16,10.19,9351400,88
2018-07-24,10.24,10.34,10.23,10.29,14479024,88.88
2018-07-25,10.42,10.79,10.42,10.77,18405432,93.04
2018-07-26,10.83,11.08,10.79,11.06,17229448,95.53
2018-07-27,11.06,11.1,10.84,10.88,19253328,93.96
2018-07-30,10.84,10.89,10.67,10.68,9430920,92.25
2018-07-31,10.71,10.84,10.68,10.83,17011232,93.51
2018-08-01,10.82,10.86,10.75,10.81,9976280,93.38
2018-08-02,10.77,10.91,10.75,10.87,9520720,93.84
2018-08-03,10.9,10.9,10.82,10.87,7995592,93.86
2018-08-06,10.86,10.9,10.84,10.88,6644320,93.97
2018-08-07,10.88,10.97,10.86,10.95,6514720,94.58
2018-08-08,10.96,10.97,10.93,10.94,5765192,94.46
2018-08-09,11,11.07,10.92,10.92,10246840,94.32
2018-08-10,10.87,10.91,10.83,10.86,7538296,93.75
2018-08-13,10.89,10.94,10.84,10.87,10381288,93.85
2018-08-14,10.85,10.94,10.83,10.89,9964648,94.07
2018-08-15,10.82,10.9,10.76,10.88,15810688,93.93
2018-08-16,10.9,10.97,10.87,10.89,10279696,94.06
2018-08-17,10.88,10.91,10.83,10.89,10543168,94.05
2018-08-20,10.94,10.95,10.9,10.92,8405544,94.3
2018-08-21,10.91,10.95,10.88,10.9,8292600,94.15
2018-08-22,10.88,10.89,10.81,10.81,11346600,93.39
2018-08-23,10.83,10.88,10.81,10.83,14178040,93.5
2018-08-24,10.87,10.87,10.8,10.84,19911208,93.6
2018-08-27,10.9,10.98,10.88,10.94,15318424,94.45
2018-08-28,10.99,10.99,10.89,10.96,15668240,94.62
2018-08-29,10.97,11.05,10.97,11,7842184,95.03
2018-08-30,11,11,10.9,10.93,7387064,94.38
2018-08-31,10.9,10.97,10.86,10.95,11100704,94.58
2018-09-04,10.95,10.96,10.87,10.95,9597656,94.53
2018-09-05,10.96,11.03,10.88,11.01,10218616,95.12
2018-09-06,11.01,11.08,10.99,11.06,8859728,95.53
2018-09-07,11.05,11.1,11,11.04,11815840,95.35
2018-09-10,11.06,11.18,11.06,11.15,12336096,96.32
2018-09-11,11.12,11.21,11.11,11.2,13164416,96.71
2018-09-12,11.18,11.21,11.07,11.07,15655712,95.64
2018-09-13,11.12,11.23,11.12,11.23,7848168,96.99
2018-09-14,11.26,11.32,11.19,11.24,12713712,96.83
2018-09-17,11.24,11.3,11.14,11.16,15062464,96.19
2018-09-18,11.19,11.19,11.05,11.07,8796984,95.37
2018-09-19,11.07,11.1,10.99,11.07,9446648,95.37
2018-09-20,11.13,11.18,11.11,11.15,11056536,96.06
2018-09-21,11.14,11.23,11.05,11.07,28940312,95.36
2018-09-24,11.04,11.04,10.92,10.99,14983000,94.68
2018-09-25,10.95,10.97,10.85,10.92,12592768,94.05
2018-09-26,10.91,10.95,10.85,10.86,9640656,93.6
2018-09-27,10.89,10.92,10.84,10.85,8660072,93.47
2018-09-28,10.83,10.93,10.81,10.91,12002872,94.02
2018-10-01,10.97,10.98,10.9,10.97,8236448,94.47
2018-10-02,10.94,11.02,10.9,10.91,7549728,93.96
2018-10-03,10.92,10.94,10.82,10.85,8481200,93.51
2018-10-04,10.81,10.82,10.51,10.63,12089952,91.6
2018-10-05,10.63,10.66,10.44,10.51,12748960,90.52
2018-10-08,10.48,10.5,10.28,10.37,10010376,89.3
2018-10-09,10.48,10.51,10.38,10.47,18061496,90.19
2018-10-10,10.41,10.41,10.01,10.03,13840544,86.4
2018-10-11,10.02,10.06,9.751,9.78,23827568,84.26
2018-10-12,9.932,9.982,9.764,9.869,16926240,85.03
2018-10-15,9.849,9.893,9.79,9.793,10644608,84.37
2018-10-16,9.86,10.03,9.836,10.02,17992712,86.31
2018-10-17,9.936,9.997,9.847,9.962,15455632,85.83
2018-10-18,9.912,9.912,9.652,9.713,16036896,83.68
2018-10-19,9.728,9.795,9.62,9.63,20371824,82.97
2018-10-22,9.67,9.698,9.537,9.601,10948584,82.72
2018-10-23,9.413,9.685,9.387,9.601,21597832,82.72
2018-10-24,9.983,10.21,9.69,9.7,37653192,83.57
2018-10-25,9.811,10.04,9.782,9.988,20284224,86.05
2018-10-26,9.815,10.12,9.767,9.88,22085232,85.12
2018-10-29,10.03,10.13,9.785,9.919,22229416,85.46
2018-10-30,9.956,10.3,9.926,10.27,28420336,88.48
2018-10-31,10.37,10.49,10.31,10.39,34021240,89.5
2018-11-01,10.39,10.51,10.38,10.43,18032512,89.85
2018-11-02,10.48,10.56,10.39,10.49,21704072,90.4
2018-11-05,10.51,10.53,10.36,10.45,17144832,90
2018-11-06,10.46,10.54,10.46,10.5,14072608,90.5
2018-11-07,10.59,10.68,10.52,10.67,9937112,91.93
2018-11-08,10.62,10.72,10.62,10.71,7761944,92.23
2018-11-09,10.64,10.7,10.52,10.58,9026688,91.14
2018-11-12,10.54,10.62,10.23,10.27,19391080,88.45
2018-11-13,10.31,10.38,10.16,10.19,13244408,87.83
2018-11-14,10.3,10.32,10.03,10.06,10550504,86.64
2018-11-15,10.03,10.25,10.02,10.19,16000976,87.78
2018-11-16,10.12,10.4,10.12,10.3,13541720,88.77
2018-11-19,10.26,10.28,9.958,10,18674688,86.16
2018-11-20,9.846,9.946,9.714,9.77,17817064,84.17
2018-11-21,9.853,9.976,9.816,9.851,14772256,84.87
2018-11-23,9.764,9.915,9.758,9.864,6702656,84.98
2018-11-26,9.979,9.984,9.836,9.86,13142440,84.95
2018-11-27,9.793,9.837,9.73,9.807,11866952,84.49
2018-11-28,9.853,9.977,9.821,9.96,18337432,85.81
2018-11-29,9.97,10.15,9.94,10.1,11443760,87.01
2018-11-30,10.13,10.22,10.06,10.21,18447440,87.94
2018-12-03,10.38,10.44,10.29,10.42,13362520,89.78
2018-12-04,10.37,10.42,9.92,9.941,21475848,85.65
2018-12-06,9.702,9.785,9.5,9.741,28709528,83.92
2018-12-07,9.729,9.818,9.629,9.701,24961072,83.58
2018-12-10,9.698,9.924,9.655,9.894,18289256,85.24
2018-12-11,10.01,10.09,9.73,9.736,12330136,83.88
2018-12-12,9.874,9.96,9.793,9.831,14595344,84.7
2018-12-13,9.882,9.916,9.78,9.84,7591888,84.78
2018-12-14,9.768,9.832,9.661,9.688,8360368,83.24
2018-12-17,9.687,9.773,9.547,9.606,15148408,82.54
2018-12-18,9.681,9.737,9.431,9.483,14600184,81.48
2018-12-19,9.502,9.604,9.241,9.269,17005576,79.64
2018-12-20,9.262,9.325,9.047,9.066,18599296,77.9
2018-12-21,8.99,9.293,8.864,8.993,43328352,77.27
2018-12-24,8.915,8.995,8.805,8.805,7745880,75.65
2018-12-26,8.842,9.182,8.743,9.177,11857720,78.85
2018-12-27,9.037,9.36,8.997,9.36,10389024,80.42
2018-12-28,9.416,9.494,9.317,9.366,7641344,80.47
2018-12-31,9.399,9.436,9.306,9.43,10927176,81.02
2019-01-02,9.239,9.343,9.221,9.286,12929368,79.79
2019-01-03,9.106,9.126,8.723,8.737,31714288,75.07
2019-01-04,8.883,9.054,8.845,9.025,28964808,77.54
2019-01-07,9.015,9.175,9.015,9.092,11293752,78.12
2019-01-08,9.156,9.213,9.054,9.211,16094152,79.14
2019-01-09,9.329,9.377,9.255,9.367,9915656,80.48
2019-01-10,9.354,9.531,9.326,9.523,10550896,81.82
2019-01-11,9.452,9.489,9.409,9.485,6315304,81.5
2019-01-14,9.41,9.473,9.333,9.43,8256328,81.02
2019-01-15,9.468,9.512,9.412,9.44,7398280,81.11
2019-01-16,9.426,9.538,9.414,9.468,8282384,81.35
2019-01-17,9.423,9.565,9.407,9.524,7239752,81.83
2019-01-18,9.545,9.679,9.521,9.601,18641376,82.49
2019-01-22,9.519,9.566,9.398,9.447,15115064,81.17
2019-01-23,9.362,9.733,9.293,9.712,23903880,83.45
2019-01-24,9.755,9.931,9.651,9.918,18762840,85.22
2019-01-25,10.01,10.14,9.977,10.04,15520504,86.3
2019-01-28,9.96,9.999,9.886,9.98,10407528,85.75
2019-01-29,10.05,10.09,9.989,10.02,10538848,86.07
2019-01-30,10.09,10.27,10.03,10.27,14013792,88.21
2019-01-31,10.24,10.28,10.18,10.23,12109392,87.92
2019-02-01,10.24,10.34,10.18,10.24,10670840,88
2019-02-04,10.23,10.3,10.19,10.3,11340424,88.51
2019-02-05,10.32,10.45,10.32,10.45,11960080,89.82
2019-02-06,10.44,10.54,10.42,10.45,10737592,89.81
2019-02-07,10.39,10.51,10.36,10.46,8248944,89.86
2019-02-08,10.38,10.51,10.38,10.51,8794216,90.27
2019-02-11,10.53,10.57,10.47,10.48,7729640,90.08
2019-02-12,10.54,10.68,10.51,10.66,9578840,91.58
2019-02-13,10.67,10.74,10.62,10.69,7287544,91.86
2019-02-14,10.67,10.67,10.6,10.61,10421256,91.15
2019-02-15,10.7,10.81,10.68,10.79,12463832,92.69
2019-02-19,10.76,10.8,10.69,10.76,8471064,92.47
2019-02-20,10.78,10.91,10.77,10.88,10096560,93.48
2019-02-21,10.86,10.91,10.82,10.86,10464056,93.33
2019-02-22,10.93,11.03,10.9,10.98,8267384,94.34
2019-02-25,11.03,11.1,11.02,11.07,9860472,95.13
2019-02-26,11.03,11.09,10.94,10.96,12122312,94.21
2019-02-27,10.91,10.98,10.85,10.96,6305976,94.2
2019-02-28,10.94,10.98,10.91,10.94,10793272,93.97
2019-03-01,11.02,11.1,10.95,11.07,9509336,95.11
2019-03-04,11.1,11.12,10.9,10.99,7426136,94.47
2019-03-05,11.05,11.09,11,11.03,8167648,94.77
2019-03-06,11.04,11.04,10.94,10.95,5601128,94.05
2019-03-07,10.92,10.93,10.77,10.87,7473304,93.38
2019-03-08,10.79,10.84,10.75,10.81,8697000,92.86
2019-03-11,10.84,10.96,10.83,10.94,5519736,93.97
2019-03-12,10.95,11.01,10.9,10.94,5573464,94
2019-03-13,11,11.08,10.95,10.99,8104960,94.44
2019-03-14,11.01,11.02,10.94,10.98,9310456,94.32
2019-03-15,11.03,11.16,10.98,11.11,18659752,95.42
2019-03-18,11.11,11.16,11.09,11.13,7558432,95.43
2019-03-19,11.16,11.23,11.13,11.17,11562960,95.71
2019-03-20,11.18,11.18,11.02,11.11,10787680,95.21
2019-03-21,11.1,11.32,11.07,11.27,7170336,96.56
2019-03-22,11.18,11.22,11.02,11.03,8341840,94.54
2019-03-25,11.01,11.08,10.95,10.99,6089392,94.18
2019-03-26,11.09,11.09,10.97,11.02,5365744,94.5
2019-03-27,11.05,11.06,10.87,10.93,10130616,93.72
2019-03-28,11.01,11.03,10.88,10.97,9414008,94.02
2019-03-29,11.04,11.06,10.97,11.02,12259624,94.44
2019-04-01,11.16,11.42,11.12,11.41,15644152,97.81
2019-04-02,11.43,11.65,11.43,11.64,19088936,99.76
2019-04-03,11.67,11.82,11.67,11.77,15067848,100.92
2019-04-04,11.78,11.96,11.76,11.87,12787064,101.71
2019-04-05,11.91,11.98,11.89,11.98,9132080,102.7
2019-04-08,11.96,11.99,11.86,11.99,6896920,102.79
2019-04-09,11.93,11.95,11.81,11.83,7181040,101.43
2019-04-10,11.85,11.89,11.8,11.88,5347128,101.87
2019-04-11,11.9,12.01,11.82,12.01,6239552,102.92
2019-04-12,12.02,12.11,12.02,12.11,4875024,103.79
2019-04-15,12.11,12.16,12.03,12.12,7806800,103.89
2019-04-16,12.14,12.19,12.06,12.08,9288664,103.58
2019-04-17,12.17,12.25,12.1,12.13,9456952,104
2019-04-18,12.16,12.21,12.13,12.2,8984184,104.57
2019-04-22,12.14,12.19,12.1,12.12,6532856,103.91
2019-04-23,12.14,12.31,12.12,12.29,10935824,105.38
2019-04-24,11.13,12.1,11.02,11.96,29976888,102.52
2019-04-25,11.94,11.94,11.66,11.74,13621864,100.63
2019-04-26,11.73,11.73,11.59,11.66,16972336,99.97
2019-04-29,11.66,11.72,11.53,11.54,14326896,98.92
2019-04-30,11.48,11.63,11.46,11.62,15845400,99.56
2019-05-01,11.73,11.75,11.61,11.66,15669688,99.92
2019-05-02,11.68,11.68,11.55,11.57,9310520,99.14
2019-05-03,11.64,11.7,11.62,11.67,10006296,100.01
2019-05-06,11.39,11.54,11.26,11.48,19185256,98.39
2019-05-07,11.34,11.42,11.17,11.23,22646832,96.27
2019-05-08,11.21,11.23,11.02,11.03,28681592,94.57
2019-05-09,10.92,11.06,10.83,11,14566744,94.26
2019-05-10,10.94,11.1,10.82,11.05,13321072,94.72
2019-05-13,10.76,10.87,10.69,10.75,18300872,92.16
2019-05-14,10.8,10.89,10.76,10.77,11647896,92.3
2019-05-15,10.7,10.92,10.69,10.88,9888424,93.25
2019-05-16,10.87,11.01,10.84,10.86,12404568,93.08
2019-05-17,10.74,10.78,10.67,10.69,31619624,91.62
2019-05-20,10.55,10.58,10.46,10.47,11629032,89.71
2019-05-21,10.57,10.67,10.53,10.65,9654944,91.27
2019-05-22,10.64,10.67,10.56,10.57,6944272,90.58
2019-05-23,10.44,10.51,10.38,10.44,8587616,89.49
2019-05-24,10.5,10.53,10.38,10.44,12583464,89.51
2019-05-28,10.5,10.58,10.31,10.35,18369320,88.75
2019-05-29,10.33,10.39,10.2,10.22,19723616,87.61
2019-05-30,10.25,10.33,10.23,10.32,10884232,88.5
2019-05-31,10.24,10.28,10.13,10.15,13536160,87
2019-06-03,10.19,10.25,10.1,10.17,11851968,87.14
2019-06-04,10.25,10.47,10.23,10.45,20636968,89.57
2019-06-05,10.55,10.6,10.4,10.59,8894672,90.79
2019-06-06,10.65,10.77,10.56,10.73,10345896,91.93
2019-06-07,10.8,10.89,10.73,10.87,9649152,93.19
2019-06-10,10.93,11.11,10.93,10.98,10368520,94.15
2019-06-11,11.17,11.32,11.11,11.15,13626304,95.54
2019-06-12,11.13,11.2,10.99,11.14,9700136,95.46
2019-06-13,11.17,11.32,11.15,11.3,12147056,96.89
2019-06-14,11.15,11.22,10.86,11,15632360,94.3
2019-06-17,10.97,10.98,10.85,10.91,11135160,93.5
2019-06-18,10.92,11.04,10.88,11.01,21371376,94.1
2019-06-19,11.08,11.09,10.99,11.04,12371600,94.43
2019-06-20,11.23,11.24,11.15,11.21,13617760,95.88
2019-06-21,11.2,11.24,11.11,11.17,25259608,95.51
2019-06-24,11.18,11.21,11.17,11.18,8666392,95.62
2019-06-25,11.13,11.19,11.08,11.09,7844760,94.79
2019-06-26,11.17,11.2,11.12,11.16,10866040,95.43
2019-06-27,11.21,11.25,11.14,11.19,7783888,95.65
2019-06-28,11.23,11.27,11.14,11.22,21720888,95.94
2019-07-01,11.42,11.5,11.35,11.45,11321928,97.87
2019-07-02,11.45,11.52,11.38,11.51,8874416,98.39
2019-07-03,11.57,11.61,11.44,11.59,6843136,99.11
2019-07-05,11.48,11.51,11.32,11.5,6657896,98.32
2019-07-08,11.43,11.46,11.38,11.41,7850160,97.56
2019-07-09,11.34,11.43,11.31,11.41,10087168,97.58
2019-07-10,11.47,11.51,11.39,11.41,10088048,97.52
2019-07-11,11.38,11.47,11.28,11.33,8272376,96.9
2019-07-12,11.4,11.59,11.4,11.58,7020072,99.05
2019-07-15,11.59,11.61,11.47,11.58,5690288,99.01
2019-07-16,11.52,11.52,11.38,11.44,12321032,97.85
2019-07-17,11.46,11.48,11.34,11.34,8341264,96.99
2019-07-18,11.34,11.35,11.22,11.28,17692936,96.46
2019-07-19,11.37,11.43,11.3,11.3,20260760,96.64
2019-07-22,11.33,11.41,11.31,11.36,11620944,97.15
2019-07-23,11.44,11.53,11.35,11.5,20676032,98.36
2019-07-24,11.05,11.19,10.72,10.8,33364088,92.38
2019-07-25,10.77,10.98,10.71,10.98,28532536,93.86
2019-07-26,10.98,11.16,10.96,11.14,14710016,95.28
2019-07-29,11.16,11.23,11.08,11.21,13133088,95.89
2019-07-30,11.11,11.17,11.06,11.08,10835272,94.76
2019-07-31,11.11,11.13,10.87,10.91,10688064,93.32
2019-08-01,10.9,10.98,10.59,10.62,12967472,90.8
2019-08-02,10.53,10.54,10.36,10.42,18087416,89.09
2019-08-05,10.21,10.23,9.97,10.08,17929320,86.21
2019-08-06,10.18,10.25,10.09,10.21,13369360,87.27
2019-08-07,10.09,10.3,10.02,10.27,11699672,87.78
2019-08-08,10.34,10.42,10.28,10.38,15375624,88.74
2019-08-09,10.35,10.35,10.15,10.16,11645400,86.91
2019-08-12,10.08,10.16,10.02,10.11,11300280,86.41
2019-08-13,10.03,10.45,10.01,10.29,15947952,88.01
2019-08-14,10.08,10.2,9.969,9.973,15869296,85.27
2019-08-15,9.99,10.02,9.798,9.87,15640456,84.39
2019-08-16,9.974,10.15,9.924,10.13,9041920,86.61
2019-08-19,10.26,10.39,10.22,10.32,12180376,88.2
2019-08-20,10.29,10.29,10.14,10.14,10555896,86.74
2019-08-21,10.24,10.33,10.22,10.31,13719720,88.16
2019-08-22,10.37,10.39,10.2,10.27,9020560,87.85
2019-08-23,10.22,10.38,9.952,9.988,13232888,85.4
2019-08-26,10.08,10.09,9.924,9.972,10535312,85.26
2019-08-27,10.04,10.07,9.912,9.946,7191176,85.04
2019-08-28,9.901,10.03,9.834,9.963,8722616,85.19
2019-08-29,10.1,10.27,10.1,10.25,10060272,87.62
2019-08-30,10.33,10.36,10.2,10.24,8880504,87.54
2019-09-03,10.1,10.14,9.983,10.02,9610968,85.69
2019-09-04,10.14,10.21,10.12,10.14,7602232,86.7
2019-09-05,10.27,10.52,10.27,10.5,10291528,89.79
2019-09-06,10.53,10.55,10.39,10.45,9325256,89.32
2019-09-09,10.52,10.52,10.33,10.41,11582896,88.97
2019-09-10,10.35,10.49,10.26,10.48,13733224,89.6
2019-09-11,10.52,10.7,10.41,10.7,10252104,91.5
2019-09-12,10.76,11.02,10.66,10.99,21114056,93.95
2019-09-13,11.03,11.12,10.98,11.08,18112312,94.71
2019-09-16,11.07,11.25,11.05,11.15,16477896,95.05
2019-09-17,11.09,11.17,10.98,11.15,12232344,95.08
2019-09-18,11.11,11.14,10.91,11.06,13637680,94.28
2019-09-19,11.06,11.19,11.03,11.05,9425232,94.24
2019-09-20,11.09,11.12,10.98,11,14898720,93.82
2019-09-23,10.93,11.04,10.87,10.98,11331608,93.64
2019-09-24,11.03,11.09,10.9,11,13916728,93.83
2019-09-25,10.99,11.29,10.95,11.27,12585368,96.09
2019-09-26,11.27,11.36,11.21,11.3,13117560,96.4
2019-09-27,11.35,11.35,11.2,11.23,13804280,95.73
2019-09-30,11.32,11.34,11.24,11.32,9070496,96.5
2019-10-01,11.37,11.45,11.15,11.17,15108920,95.28
2019-10-02,11.07,11.09,10.88,10.95,12329880,93.39
2019-10-03,10.97,11.1,10.86,11.1,8404888,94.62
2019-10-04,11.09,11.28,11.09,11.27,8503256,96.14
2019-10-07,11.22,11.3,11.17,11.18,9413328,95.37
2019-10-08,11.09,11.09,10.9,10.93,8098064,93.18
2019-10-09,11.07,11.2,10.99,11.13,8742040,94.95
2019-10-10,11.13,11.29,11.11,11.2,7039904,95.51
2019-10-11,11.34,11.52,11.32,11.37,11896696,96.98
2019-10-14,11.36,11.42,11.33,11.36,11874560,96.91
2019-10-15,11.42,11.59,11.36,11.54,9541280,98.42
2019-10-16,11.51,11.6,11.5,11.58,11755360,98.78
2019-10-17,11.61,11.67,11.55,11.57,7520144,98.64
2019-10-18,11.56,11.68,11.55,11.61,13108536,99
2019-10-21,11.69,11.79,11.65,11.77,12476640,100.41
2019-10-22,11.66,11.72,11.6,11.62,11073696,99.09
2019-10-23,11.89,11.93,11.54,11.91,17197032,101.59
2019-10-24,11.96,11.99,11.88,11.94,10947288,101.79
2019-10-25,11.92,11.96,11.74,11.75,16533000,100.23
2019-10-28,11.79,11.94,11.76,11.87,13031720,101.19
2019-10-29,11.79,11.9,11.77,11.84,8057328,100.98
2019-10-30,11.79,11.84,11.64,11.82,9156000,100.82
2019-10-31,11.79,11.86,11.66,11.77,9141160,100.33
2019-11-01,11.87,12.05,11.82,12.05,10535472,102.78
2019-11-04,12.11,12.24,12.06,12.22,9767264,104.2
2019-11-05,12.23,12.29,12.13,12.24,12945488,104.41
2019-11-06,12.16,12.2,11.99,12.07,9741376,102.89
2019-11-07,12.18,12.2,12,12.02,9392576,102.53
2019-11-08,11.99,12.06,11.95,12.04,7176616,102.7
2019-11-11,11.96,12.04,11.94,11.98,5279312,102.17
2019-11-12,11.98,12.05,11.87,11.9,8050552,101.51
2019-11-13,11.85,11.97,11.85,11.92,8299184,101.67
2019-11-14,11.91,11.91,11.82,11.86,7197352,101.1
2019-11-15,11.92,12.05,11.91,11.99,9309072,102.25
2019-11-18,12,12.06,11.94,12.01,15543280,102.45
2019-11-19,12.06,12.13,11.99,12.11,7925656,103.26
2019-11-20,12.01,12.08,11.91,11.99,9409112,102.22
2019-11-21,12,12.01,11.88,11.94,8292816,101.78
2019-11-22,11.99,12,11.87,11.93,6087168,101.74
2019-11-25,11.96,12.12,11.92,12.11,10903432,103.25
2019-11-26,12.13,12.13,12.02,12.08,28550288,103.03
2019-11-27,12.08,12.18,12.06,12.17,8598720,103.77
2019-11-29,12.14,12.22,12.1,12.2,4360224,104
2019-12-02,12.2,12.24,12.02,12.04,9289128,102.7
2019-12-03,11.92,11.94,11.78,11.94,11151096,101.78
2019-12-04,12.01,12.22,12,12.08,7163648,102.99
2019-12-05,12.12,12.14,12.06,12.08,9660720,102.98
2019-12-06,12.18,12.24,12.16,12.2,6654800,104.03
2019-12-09,12.19,12.27,12.17,12.25,7382608,104.46
2019-12-10,12.31,12.36,12.22,12.33,9854656,105.12
2019-12-11,12.35,12.48,12.32,12.42,10384360,105.93
2019-12-12,12.41,12.69,12.37,12.67,11738896,108.02
2019-12-13,12.65,12.7,12.54,12.56,9724736,107.14
2019-12-16,12.75,12.85,12.65,12.67,8996416,107.79
2019-12-17,12.67,12.68,12.56,12.56,8877752,106.9
2019-12-18,12.6,12.6,12.46,12.48,15228280,106.22
2019-12-19,12.5,12.58,12.48,12.58,8122816,107.05
2019-12-20,12.67,12.71,12.56,12.59,21345592,107.15
2019-12-23,12.65,12.69,12.54,12.61,7100952,107.26
2019-12-24,12.63,12.63,12.57,12.6,1551320,107.23
2019-12-26,12.64,12.69,12.57,12.69,3971464,107.99
2019-12-27,12.74,12.76,12.66,12.7,6774464,108.06
2019-12-30,12.72,12.77,12.63,12.73,5213288,108.28
2019-12-31,12.67,12.74,12.64,12.72,8026744,108.23
2020-01-02,12.74,12.84,12.67,12.84,11366584,109.23
2020-01-03,12.65,12.73,12.63,12.7,6622496,108.09
2020-01-06,12.61,12.64,12.54,12.64,11666368,107.53
2020-01-07,12.7,12.76,12.64,12.71,7569408,108.11
2020-01-08,12.69,12.8,12.62,12.74,7715552,108.37
2020-01-09,12.81,12.86,12.75,12.78,10444544,108.75
2020-01-10,12.79,12.81,12.7,12.73,7451608,108.32
2020-01-13,12.75,12.83,12.73,12.82,6501360,109.11
2020-01-14,12.8,12.96,12.78,12.87,9719384,109.5
2020-01-15,12.92,12.93,12.72,12.78,6664584,108.71
2020-01-16,12.86,12.9,12.79,12.9,5595112,109.79
2020-01-17,12.83,12.94,12.69,12.86,11390384,109.45
2020-01-21,12.78,12.9,12.71,12.72,15963136,108.26
2020-01-22,12.6,12.83,12.35,12.53,24897072,106.63
2020-01-23,12.43,12.51,12.26,12.5,16634536,106.34
2020-01-24,12.58,12.63,12.33,12.38,10084968,105.36
2020-01-27,12.15,12.21,12.06,12.06,16412552,102.63
2020-01-28,12.17,12.27,12.12,12.15,14246968,103.41
2020-01-29,12.23,12.39,12.14,12.16,9149152,103.42
2020-01-30,12.03,12.14,11.86,11.97,11047800,101.87
2020-01-31,11.92,11.96,11.63,11.69,13922656,99.47
2020-02-03,11.78,11.87,11.72,11.75,13282112,99.95
2020-02-04,11.97,12.21,11.95,12.21,14058904,103.84
2020-02-05,12.42,12.42,12.23,12.3,9027520,104.63
2020-02-06,12.33,12.33,12.17,12.22,6522040,103.96
2020-02-07,12.13,12.17,12.04,12.15,13348832,103.36
2020-02-10,12.06,12.13,12.04,12.08,16803440,102.8
2020-02-11,12.13,12.25,12.06,12.06,11792064,102.62
2020-02-12,12.18,12.23,12.12,12.17,8841392,103.55
2020-02-13,12.08,12.3,12.06,12.27,8937824,104.37
2020-02-14,12.27,12.3,12.18,12.23,6833232,104.07
2020-02-18,12.14,12.15,11.87,11.92,13852960,101.39
2020-02-19,11.99,12.16,11.96,12.12,9539848,103.11
2020-02-20,12.08,12.21,12.05,12.19,10390400,103.71
2020-02-21,12.09,12.15,11.89,11.96,11153488,101.75
2020-02-24,11.52,11.7,11.29,11.48,20372232,97.67
2020-02-25,11.57,11.64,11.19,11.22,22355312,95.47
2020-02-26,11.33,11.52,11.21,11.24,23162768,95.67
2020-02-27,10.99,11.24,10.88,10.88,20113408,92.58
2020-02-28,10.63,10.86,10.48,10.78,27382808,91.68
2020-03-02,10.86,11.16,10.65,11.16,24611600,94.93
2020-03-03,11.12,11.48,10.9,10.93,16724936,92.97
2020-03-04,11.11,11.41,11.01,11.4,12076064,97
2020-03-05,11.09,11.23,10.9,10.98,15208992,93.42
2020-03-06,10.6,10.93,10.59,10.88,14528728,92.56
2020-03-09,10.19,11.53,9.991,10.05,20632552,85.53
2020-03-10,10.38,10.64,9.944,10.64,25988096,90.49
2020-03-11,10.29,10.33,9.682,9.905,21783424,84.27
2020-03-12,9.267,9.675,8.828,8.829,32171752,75.12
2020-03-13,9.311,9.504,8.632,9.356,36755424,79.6
2020-03-16,8.239,8.706,7.558,8.058,31161296,68.34
2020-03-17,8.208,8.624,7.87,8.41,25745000,71.33
2020-03-18,7.73,8.071,7.434,8.066,25552792,68.41
2020-03-19,7.936,8.195,7.584,8.107,26212376,68.76
2020-03-20,8.112,8.571,8.09,8.258,30789824,70.04
2020-03-23,8.129,8.475,7.664,8.136,32862680,69
2020-03-24,8.546,8.842,8.443,8.743,25669584,74.15
2020-03-25,8.777,9.192,8.49,8.834,23221560,74.92
2020-03-26,8.843,9.444,8.785,9.335,23916912,79.17
2020-03-27,8.959,9.117,8.731,8.757,18164560,74.27
2020-03-30,8.791,8.983,8.675,8.941,23627512,75.83
2020-03-31,8.946,8.962,8.535,8.593,22244760,72.88
2020-04-01,8.271,8.492,8.182,8.197,25336872,69.52
2020-04-02,8.215,8.315,7.954,8.107,36403568,68.76
2020-04-03,8.063,8.178,7.969,8.067,19851152,68.42
2020-04-06,8.508,8.934,8.426,8.883,32709416,75.34
2020-04-07,9.323,9.4,8.907,8.927,23061976,75.71
2020-04-08,8.992,9.442,8.962,9.388,20004896,79.62
2020-04-09,9.467,9.801,9.466,9.658,16380432,81.91
2020-04-13,9.475,9.618,9.421,9.51,16002168,80.66
2020-04-14,9.664,9.86,9.582,9.724,20690080,82.47
2020-04-15,9.476,9.586,9.357,9.476,18658624,80.37
2020-04-16,9.477,9.571,9.384,9.534,13456928,80.86
2020-04-17,9.746,10.01,9.74,9.93,19254120,84.22
2020-04-20,9.589,9.775,9.513,9.58,15638864,81.25
2020-04-21,9.433,9.523,8.993,9.07,36078744,76.92
2020-04-22,9.273,9.727,9.116,9.63,30625936,81.67
2020-04-23,9.884,10.16,9.741,9.902,25153912,83.98
2020-04-24,9.954,10.2,9.934,10.16,12914600,86.17
2020-04-27,10.21,10.39,10.21,10.32,12138232,87.53
2020-04-28,10.59,10.68,10.37,10.42,15056976,88.34
2020-04-29,10.61,10.93,10.58,10.87,12269920,92.16
2020-04-30,10.72,10.76,10.4,10.41,17549560,88.26
2020-05-01,10.16,10.22,9.941,10.08,13821576,85.5
2020-05-04,9.986,10.02,9.812,9.895,14288448,83.92
2020-05-05,10.02,10.28,10.02,10.17,8858680,86.25
2020-05-06,10.24,10.31,10.11,10.15,9141280,86.08
2020-05-07,10.31,10.44,10.25,10.29,9712824,87.24
2020-05-08,10.47,10.56,10.43,10.56,9668288,89.56
2020-05-11,10.42,10.42,10.26,10.27,10901208,87.1
2020-05-12,10.33,10.37,9.928,9.936,10930888,84.27
2020-05-13,9.942,9.951,9.495,9.647,13261896,81.82
2020-05-14,9.487,9.823,9.452,9.819,14228224,83.28
2020-05-15,9.729,9.826,9.592,9.705,14096672,82.31
2020-05-18,10,10.49,9.996,10.43,13521800,88.44
2020-05-19,10.39,10.66,10.37,10.51,9857512,89.12
2020-05-20,10.68,10.85,10.65,10.72,8852656,90.96
2020-05-21,10.69,10.76,10.58,10.64,12999056,90.21
2020-05-22,10.63,10.72,10.52,10.71,16193264,90.8
2020-05-26,10.98,11.14,10.96,11.08,18150160,93.99
2020-05-27,11.2,11.32,11.12,11.26,14406488,95.53
2020-05-28,11.36,11.39,11.18,11.24,12453256,95.35
2020-05-29,11.21,11.41,11.1,11.39,19992632,96.56
2020-06-01,11.35,11.59,11.31,11.52,12357256,97.73
2020-06-02,11.58,11.7,11.44,11.67,18399592,98.94
2020-06-03,11.79,12.18,11.73,12.17,17548440,103.19
2020-06-04,12.03,12.19,11.9,11.98,18148568,101.57
2020-06-05,12.28,12.78,12.28,12.62,30649944,107
2020-06-08,12.58,12.64,12.26,12.27,23802928,104.08
2020-06-09,12.09,12.16,11.96,11.99,13437608,101.72
2020-06-10,12.09,12.09,11.75,11.83,9658096,100.34
2020-06-11,11.53,11.58,11.14,11.14,15486224,94.51
2020-06-12,11.49,11.53,10.99,11.2,13052880,95.01
2020-06-15,11.02,11.41,10.85,11.41,12138992,96.48
2020-06-16,11.75,11.91,11.46,11.65,12551608,98.57
2020-06-17,11.73,11.78,11.54,11.64,10321168,98.47
2020-06-18,11.55,11.69,11.5,11.58,8182488,97.96
2020-06-19,11.93,11.93,11.45,11.47,25511088,97.03
2020-06-22,11.45,11.58,11.33,11.53,9382776,97.56
2020-06-23,11.7,11.77,11.49,11.49,10466232,97.15
2020-06-24,11.41,11.44,11.08,11.18,15482128,94.61
2020-06-25,11.14,11.26,10.95,11.25,8472280,95.2
2020-06-26,11.23,11.25,10.99,11.11,29908576,93.97
2020-06-29,11.17,11.32,11.15,11.26,11606200,95.23
2020-06-30,11.26,11.41,11.24,11.33,21614368,95.81
2020-07-01,11.37,11.45,11.19,11.24,13122592,95.08
2020-07-02,11.44,11.51,11.27,11.33,12528712,95.87
2020-07-06,11.53,11.63,11.47,11.6,10133032,98.14
2020-07-07,11.49,11.58,11.36,11.38,8755352,96.22
2020-07-08,11.37,11.41,11.15,11.24,14137424,95.05
2020-07-09,11.21,11.28,11.07,11.17,14800616,94.49
2020-07-10,11.19,11.27,11.06,11.22,10178216,94.93
2020-07-13,11.33,11.37,11.13,11.17,16644688,94.46
2020-07-14,11.17,11.52,11.13,11.51,17513360,97.4
2020-07-15,11.62,11.91,11.62,11.87,21195880,100.44
2020-07-16,11.88,11.98,11.85,11.93,10093784,100.91
2020-07-17,12,12.12,11.95,12.06,11388376,102.02
2020-07-20,12.02,12.06,11.89,12,12901832,101.48
2020-07-21,12.07,12.2,12.04,12.07,11027248,102.1
2020-07-22,12.18,12.57,12.05,12.21,16562096,103.27
2020-07-23,12.35,12.53,12.27,12.48,18930584,105.6
2020-07-24,12.43,12.48,12.27,12.34,12905488,104.39
2020-07-27,12.34,12.58,12.3,12.55,10779888,106.17
2020-07-28,12.52,12.55,12.3,12.32,10181264,104.21
2020-07-29,12.36,12.55,12.31,12.51,11611896,105.83
2020-07-30,12.38,12.46,12.31,12.43,10117360,105.17
2020-07-31,12.41,12.52,12.3,12.5,10908184,105.76
2020-08-03,12.53,12.74,12.53,12.7,9603984,107.39
2020-08-04,12.66,12.83,12.65,12.82,10226672,108.42
2020-08-05,12.86,12.95,12.78,12.84,7035840,108.65
2020-08-06,12.79,12.87,12.75,12.81,6971480,108.35
2020-08-07,12.76,12.82,12.67,12.76,9829680,107.96
2020-08-10,12.73,12.88,12.72,12.78,20698040,108.12
2020-08-11,12.85,13,12.83,12.86,14120096,108.81
2020-08-12,12.92,13.05,12.82,12.98,11801872,109.79
2020-08-13,12.93,13.17,12.86,13.07,9541136,110.57
2020-08-14,13.01,13.04,12.94,12.98,7469936,109.78
2020-08-17,13.03,13.1,12.98,12.99,7795896,109.89
2020-08-18,12.96,12.99,12.89,12.9,7498168,109.15
2020-08-19,12.95,13,12.88,12.9,5599824,109.14
2020-08-20,12.8,12.83,12.66,12.68,8146280,107.3
2020-08-21,12.68,12.84,12.66,12.8,8736224,108.24
2020-08-24,12.41,12.92,12.32,12.86,7330504,108.75
2020-08-25,12.9,13.03,12.83,12.88,9740184,108.91
2020-08-26,12.88,12.95,12.83,12.89,8320376,109.05
2020-08-27,13.01,13.01,12.76,12.78,7144928,108.1
2020-08-28,12.79,13,12.74,12.98,9527408,109.78
2020-08-31,12.96,13.04,12.93,12.98,11016408,109.8
2020-09-01,13,13.13,12.93,13.1,11002752,110.79
2020-09-02,13.18,13.39,13.1,13.35,12816904,112.96
2020-09-03,13.32,13.32,12.73,12.82,11559944,108.47
2020-09-04,12.94,12.96,12.59,12.82,11796832,108.45
2020-09-08,12.61,12.72,12.41,12.42,15626576,105.06
2020-09-09,12.59,12.74,12.51,12.62,22294616,106.78
2020-09-10,12.71,12.76,12.3,12.36,12180536,104.53
2020-09-11,12.46,12.55,12.28,12.33,16796456,104.29
2020-09-14,12.49,12.68,12.47,12.65,12189296,106.78
2020-09-15,12.74,12.95,12.72,12.84,7981360,108.33
2020-09-16,13.04,13.07,12.9,12.93,12569792,109.08
2020-09-17,12.81,13.09,12.78,13.02,18571008,109.88
2020-09-18,13,13.13,12.83,12.9,20640416,108.87
2020-09-21,12.7,12.76,12.2,12.26,14222664,103.49
2020-09-22,12.3,12.43,12.05,12.4,15595792,104.62
2020-09-23,12.38,12.47,12.18,12.24,14685392,103.29
2020-09-24,12.17,12.51,12.14,12.35,11889480,104.19
2020-09-25,12.28,12.58,12.23,12.52,9824760,105.66
2020-09-28,12.74,12.91,12.68,12.82,10471584,108.18
2020-09-29,12.88,12.95,12.75,12.87,13196248,108.63
2020-09-30,12.92,13.01,12.75,12.83,17300448,108.27
2020-10-01,13.03,13.04,12.91,13.01,9249056,109.79
2020-10-02,12.75,13.12,12.68,12.96,10630176,109.36
2020-10-05,13.07,13.35,13.07,13.22,13837968,111.53
2020-10-06,13.19,13.36,13.04,13.05,11243888,110.14
2020-10-07,13.18,13.46,13.18,13.39,7878600,113.03
2020-10-08,13.45,13.57,13.41,13.45,6429968,113.5
2020-10-09,13.57,13.66,13.41,13.45,11073144,113.49
2020-10-12,13.53,13.76,13.48,13.6,18055152,114.76
2020-10-13,13.53,13.56,13.35,13.39,13398000,112.98
2020-10-14,13.48,13.59,13.36,13.45,9343768,113.48
2020-10-15,13.3,13.56,13.23,13.55,11721584,114.36
2020-10-16,13.63,13.74,13.61,13.65,34602112,115.16
2020-10-19,13.64,13.73,13.34,13.4,13921200,113.1
2020-10-20,13.58,13.77,13.45,13.58,12149032,114.6
2020-10-21,13.61,14.11,13.48,13.62,18561200,114.94
2020-10-22,13.63,14.14,13.6,14.04,14422504,118.51
2020-10-23,14.15,14.19,13.97,14.19,13513960,119.75
2020-10-26,13.99,14.02,13.58,13.8,10086168,116.45
2020-10-27,13.79,13.91,13.57,13.63,11245376,115.05
2020-10-28,13.41,13.48,13.17,13.21,10911800,111.51
2020-10-29,13.21,13.57,13.11,13.41,12135688,113.17
2020-10-30,13.35,13.38,13.16,13.37,10313192,112.84
2020-11-02,13.55,13.68,13.46,13.64,14103016,115.07
2020-11-03,13.83,14.08,13.8,13.81,12613112,116.5
2020-11-04,13.82,13.96,13.61,13.74,18988936,115.92
2020-11-05,14.03,14.27,13.97,14.16,14550960,119.46
2020-11-06,14.18,14.29,14.12,14.26,7836736,120.34
2020-11-09,14.87,15.23,14.39,14.41,16753264,121.59
2020-11-10,14.34,14.57,14.28,14.44,17658264,121.85
2020-11-11,14.6,14.86,14.55,14.73,18556328,124.28
2020-11-12,14.63,14.68,14.18,14.25,13707112,120.21
2020-11-13,14.38,14.66,14.34,14.62,11312416,123.4
2020-11-16,14.39,14.97,14.38,14.96,15288160,126.28
2020-11-17,14.82,15.22,14.81,15.06,13320000,127.06
2020-11-18,15.1,15.1,14.88,14.91,12345032,125.8
2020-11-19,14.81,15.12,14.79,15.07,8221536,127.2
2020-11-20,15.09,15.22,15.06,15.1,13738312,127.39
2020-11-23,15.21,15.36,15.11,15.18,9780104,128.07
2020-11-24,15.34,15.58,15.23,15.55,11686952,131.25
2020-11-25,15.47,15.54,15.39,15.5,7676584,130.83
2020-11-27,15.61,15.7,15.53,15.64,4737568,131.95
2020-11-30,15.54,15.66,15.41,15.5,17212008,130.81
2020-12-01,15.72,15.83,15.58,15.6,16939456,131.61
2020-12-02,15.59,15.62,15.43,15.53,12911664,131.09
2020-12-03,15.49,15.67,15.48,15.61,11713936,131.7
2020-12-04,15.71,15.94,15.69,15.75,12345416,132.91
2020-12-07,15.77,15.87,15.62,15.69,14435464,132.43
2020-12-08,15.55,15.81,15.54,15.79,12121848,133.24
2020-12-09,15.88,16.08,15.78,15.83,12913720,133.62
2020-12-10,15.75,15.84,15.55,15.57,12458040,131.41
2020-12-11,15.46,15.6,15.4,15.53,11379520,131.01
2020-12-14,15.69,15.79,15.45,15.48,10145176,130.3
2020-12-15,15.58,15.67,15.45,15.62,11250224,131.55
2020-12-16,15.6,15.63,15.39,15.54,9877176,130.86
2020-12-17,15.66,15.79,15.62,15.7,10080592,132.17
2020-12-18,15.7,15.73,15.42,15.52,25717960,130.65
2020-12-21,15.26,15.43,15.11,15.36,17394968,129.36
2020-12-22,15.38,15.38,15.23,15.31,7661088,128.87
2020-12-23,15.34,15.47,15.28,15.29,8783040,128.76
2020-12-24,15.33,15.37,15.23,15.34,3031600,129.17
2020-12-28,15.46,15.54,15.37,15.42,5680264,129.84
2020-12-29,15.47,15.48,15.2,15.25,7834608,128.44
2020-12-30,15.36,15.49,15.31,15.42,6715752,129.84
2020-12-31,15.42,15.56,15.36,15.53,9363608,130.77
2021-01-04,15.55,15.68,15.18,15.26,9756360,128.52
2021-01-05,15.3,15.61,15.24,15.53,11714328,130.74
2021-01-06,15.57,16.01,15.57,15.91,10732624,133.99
2021-01-07,16.03,16.21,15.91,16.14,8773968,135.91
2021-01-08,16.21,16.29,15.91,16.08,9160520,135.36
2021-01-11,15.83,16.14,15.76,16.11,7114544,135.68
2021-01-12,16.12,16.18,15.97,16.03,6973032,134.94
2021-01-13,16,16.04,15.88,15.97,7508976,134.46
2021-01-14,16.03,16.06,15.87,15.9,7516200,133.84
2021-01-15,15.81,15.86,15.55,15.65,14817640,131.74
2021-01-19,15.84,15.87,15.6,15.72,9803192,132.35
2021-01-20,15.89,15.96,15.8,15.91,7787688,133.95
2021-01-21,15.91,16.13,15.79,15.81,9980840,133.1
2021-01-22,15.72,15.76,15.63,15.71,16139328,132.24
2021-01-25,15.74,15.81,15.49,15.77,17058504,132.82
2021-01-26,15.85,15.89,15.41,15.45,14263776,130.12
2021-01-27,15.06,15.2,14.55,14.91,28317728,125.57
2021-01-28,15.15,15.2,14.84,15.07,19130968,126.85
2021-01-29,15.04,15.08,14.82,14.83,19123912,124.88
2021-02-01,14.96,15.18,14.74,14.92,20858464,125.63
2021-02-02,15.13,15.26,15.03,15.08,10168712,126.98
2021-02-03,15.08,15.2,15.02,15.02,11501448,126.48
2021-02-04,15,15.28,14.96,15.25,7119968,128.37
2021-02-05,15.41,15.45,15.28,15.38,9404000,129.5
2021-02-08,15.47,15.72,15.46,15.71,9206288,132.3
2021-02-09,15.66,15.83,15.63,15.7,7459912,132.21
2021-02-10,15.8,15.85,15.57,15.6,8364800,131.32
2021-02-11,15.71,15.76,15.46,15.75,9538000,132.59
2021-02-12,15.67,16.16,15.67,16.14,12796352,135.9
2021-02-16,16.26,16.41,16.08,16.12,11874040,135.74
2021-02-17,16.05,16.08,15.83,15.91,7640392,133.97
2021-02-18,15.75,15.79,15.5,15.53,17813064,130.74
2021-02-19,15.6,15.86,15.59,15.73,27648240,132.43
2021-02-22,15.58,15.75,15.43,15.44,10831832,129.99
2021-02-23,15.36,15.36,14.89,15.13,22809992,127.39
2021-02-24,15.07,15.47,15.06,15.39,14547304,129.55
2021-02-25,15.33,15.35,14.81,14.87,13553824,125.21
2021-02-26,14.99,15.06,14.79,14.93,17643056,125.68
2021-03-01,15.13,15.47,15.12,15.43,11745960,129.96
2021-03-02,15.45,15.56,15.3,15.32,12404984,129.03
2021-03-03,15.22,15.28,14.92,14.93,14439336,125.7
2021-03-04,14.88,14.9,14.16,14.26,20301552,120.08
2021-03-05,14.56,14.7,13.91,14.62,15897552,61.56
2021-03-08,14.63,14.86,14.41,14.57,14049824,61.34
2021-03-09,14.78,14.95,14.74,14.77,10938000,62.2
2021-03-10,14.8,14.97,14.74,14.75,13763928,62.09
2021-03-11,14.99,15.21,14.9,15.18,15286116,63.92
2021-03-12,15.08,15.25,15.05,15.22,9821272,64.09
2021-03-15,15.22,15.66,15.22,15.64,11648604,65.85
2021-03-16,15.85,15.85,15.41,15.51,14785588,65.31
2021-03-17,15.42,15.57,15.36,15.5,10041568,65.27
2021-03-18,15.4,15.69,15.38,15.44,11460040,65
2021-03-19,15.36,15.45,15.15,15.27,17934124,64.3
2021-03-22,15.3,15.49,15.2,15.41,11272700,64.71
2021-03-23,15.28,15.46,14.89,14.98,14452512,62.93
2021-03-24,15.05,15.34,15.02,15.15,9498396,63.65
2021-03-25,15.05,15.39,14.96,15.36,12534848,64.5
2021-03-26,15.46,15.86,15.4,15.83,11214108,66.49
2021-03-29,15.79,15.91,15.6,15.76,9148760,66.21
2021-03-30,15.73,15.81,15.51,15.61,11530484,65.59
2021-03-31,15.61,15.84,15.57,15.71,15525936,65.97
2021-04-01,15.89,15.99,15.6,15.96,11959032,67.05
2021-04-05,16.16,16.41,16.07,16.38,8313632,68.82
2021-04-06,16.3,16.33,16.15,16.26,10099244,68.28
2021-04-07,16.25,16.34,16,16.02,18177368,67.29
2021-04-08,16.12,16.21,15.93,16.2,13366556,68.06
2021-04-09,16.22,16.31,16.08,16.3,9851756,68.46
2021-04-12,16.14,16.33,16.08,16.12,12211852,67.72
2021-04-13,16.13,16.18,15.97,16.15,14475800,67.83
2021-04-14,16.19,16.3,16.08,16.12,11596208,67.71
2021-04-15,16.22,16.37,16.2,16.31,8404496,68.52
2021-04-16,16.39,16.42,16.27,16.3,24397228,68.48
2021-04-19,16.29,16.29,16.07,16.07,152928,67.51
2021-04-20,16.01,16.1,15.85,15.9,6126944,66.79
2021-04-21,15.9,16.18,15.87,16.12,14361512,67.73
2021-04-22,16.18,16.29,16.06,16.09,14529056,67.6
2021-04-23,16.19,16.42,16.13,16.38,15294604,68.8
2021-04-26,16.41,16.57,16.38,16.42,11192684,68.98
2021-04-27,16.41,16.5,16.13,16.25,13753384,68.26
2021-04-28,16.08,16.29,15.93,16.07,22082156,67.52
2021-04-29,16.27,16.44,16.18,16.34,12602232,68.64
2021-04-30,16.16,16.23,15.92,16.03,17043452,67.34
2021-05-03,16.23,16.26,15.74,15.77,14648480,66.25
2021-05-04,15.69,15.77,15.49,15.73,19587056,66.07
2021-05-05,15.88,16.07,15.77,15.93,14118236,66.9
2021-05-06,15.87,15.99,15.66,15.94,11879604,66.95
2021-05-07,15.99,16.27,15.95,16.21,9662460,68.11
2021-05-10,16.22,16.27,15.96,15.96,11302084,67.06
2021-05-11,15.64,15.82,15.52,15.79,11907140,66.31
2021-05-12,15.62,15.68,15.27,15.28,12663852,64.17
2021-05-13,15.38,15.65,15.32,15.55,8920020,65.3
2021-05-14,15.67,15.88,15.59,15.8,6346632,66.36
2021-05-17,15.72,15.85,15.65,15.83,10507964,66.5
2021-05-18,15.85,15.89,15.63,15.64,14066908,65.7
2021-05-19,15.43,15.72,15.36,15.7,14661548,65.94
2021-05-20,15.79,15.91,15.71,15.85,11445752,66.59
2021-05-21,15.93,16.03,15.71,15.8,25557796,66.35
2021-05-24,15.92,16.01,15.86,15.97,10033536,67.07
2021-05-25,16.03,16.09,15.92,15.94,10417224,66.96
2021-05-26,15.91,16.02,15.89,15.97,9462836,67.1
2021-05-27,16.06,16.11,15.98,16,15785236,67.19
2021-05-28,16.08,16.12,15.95,16.01,13294908,67.26
2021-06-01,16.14,16.24,16.08,16.09,13082684,67.59
2021-06-02,16.11,16.25,16.02,16.13,15592172,67.76
2021-06-03,16.03,16.25,15.93,16.2,13189124,68.04
2021-06-04,16.31,16.48,16.25,16.46,10329416,69.16
2021-06-07,16.46,16.51,16.16,16.23,10439528,68.19
2021-06-08,16.32,16.34,16.17,16.23,7974836,68.17
2021-06-09,16.28,16.28,16.17,16.22,10015452,68.14
2021-06-10,16.31,16.36,16.15,16.25,10931316,68.27
2021-06-11,16.31,16.35,16.19,16.3,19360332,68.45
2021-06-14,16.27,16.29,16.11,16.26,7480880,68.31
2021-06-15,16.24,16.34,16.23,16.29,8339820,68.43
2021-06-16,16.3,16.4,16.15,16.24,12430296,68.22
2021-06-17,16.22,16.28,15.92,16.04,13128648,67.39
2021-06-18,15.87,15.92,15.67,15.78,23505068,66.28
2021-06-21,15.87,16.04,15.8,15.99,11290368,67.03
2021-06-22,15.98,16.16,15.9,16.11,14012028,67.53
2021-06-23,16.13,16.22,16.05,16.09,12502408,67.43
2021-06-24,16.21,16.27,16.11,16.23,7836376,68.04
2021-06-25,16.29,16.33,16.19,16.21,18997912,67.93
2021-06-28,16.29,16.34,16.15,16.32,9611156,68.4
2021-06-29,16.38,16.47,16.33,16.34,9780776,68.5
2021-06-30,16.31,16.41,16.24,16.32,13491220,68.41
2021-07-01,16.34,16.46,16.26,16.45,11147512,68.96
2021-07-02,16.57,16.78,16.56,16.69,13725108,69.95
2021-07-06,16.7,16.73,16.36,16.54,11077360,69.31
2021-07-07,16.56,16.68,16.41,16.66,8822280,69.84
2021-07-08,16.42,16.53,16.26,16.49,9175400,69.1
2021-07-09,16.63,16.79,16.51,16.78,10830360,70.31
2021-07-12,16.81,16.89,16.71,16.79,13133892,70.37
2021-07-13,16.69,16.84,16.67,16.68,12258708,69.93
2021-07-14,16.84,16.95,16.61,16.67,12261040,69.85
2021-07-15,16.57,16.64,16.4,16.48,15296824,69.09
2021-07-16,16.55,16.62,16.2,16.23,38775388,68.03
2021-07-19,15.96,16.16,15.93,16.08,16833564,67.39
2021-07-20,16.17,16.45,16.1,16.37,10707440,68.61
2021-07-21,16.44,16.75,16.44,16.74,15293564,70.15
2021-07-22,16.78,16.85,16.61,16.71,10549612,70.03
2021-07-23,16.86,16.94,16.77,16.94,10270984,71
2021-07-26,16.9,16.97,16.81,16.88,10452100,70.74
2021-07-27,16.79,16.85,16.65,16.79,12262512,70.39
2021-07-28,16.86,17.11,16.8,16.89,19848084,70.77
2021-07-29,17.04,17.25,17.02,17.17,15148288,71.96
2021-07-30,17.1,17.32,17.07,17.3,11268540,72.49
2021-08-02,17.38,17.44,17.26,17.34,14125780,72.68
2021-08-03,17.41,17.65,17.39,17.62,15543940,73.83
2021-08-04,17.61,17.67,17.46,17.55,9545088,73.55
2021-08-05,17.6,17.65,17.48,17.58,8658428,73.68
2021-08-06,17.59,17.62,17.52,17.57,6836484,73.63
2021-08-09,17.5,17.59,17.45,17.52,6651720,73.43
2021-08-10,17.54,17.6,17.46,17.57,6146740,73.63
2021-08-11,17.53,17.6,17.49,17.59,6034040,73.72
2021-08-12,17.58,17.65,17.52,17.63,9217620,73.91
2021-08-13,17.62,17.68,17.57,17.65,5423284,73.99
2021-08-16,17.63,17.78,17.55,17.78,7210532,74.5
2021-08-17,17.71,17.71,17.51,17.68,9347684,74.11
2021-08-18,17.64,17.81,17.6,17.63,10616160,73.91
2021-08-19,17.5,17.72,17.43,17.68,9477744,74.12
2021-08-20,17.69,17.79,17.65,17.77,20954244,74.47
2021-08-23,17.85,17.99,17.77,17.96,8706552,75.26
2021-08-24,17.99,18.09,17.96,17.98,10738356,75.34
2021-08-25,17.96,18.11,17.95,18.08,6985628,75.78
2021-08-26,18.11,18.14,17.99,18.04,7178604,75.62
2021-08-27,18.12,18.37,18.11,18.31,10079992,76.75
2021-08-30,18.35,18.43,18.26,18.35,5891072,76.93
2021-08-31,18.38,18.38,18.16,18.28,10583480,76.63
2021-09-01,18.29,18.31,18.16,18.21,9056688,76.34
2021-09-02,18.29,18.34,18.2,18.33,7676340,76.84
2021-09-03,18.29,18.39,18.27,18.38,6593936,77.04
2021-09-07,18.33,18.36,18.12,18.13,8823172,75.98
2021-09-08,18.1,18.13,17.89,18.03,8806280,75.56
2021-09-09,18.02,18.14,17.94,17.95,9362096,75.22
2021-09-10,18.05,18.22,17.97,17.98,8666888,75.36
2021-09-13,18.11,18.16,17.93,18.11,13468500,75.92
2021-09-14,18.18,18.18,17.96,18.07,8882888,75.73
2021-09-15,18.03,18.25,18.03,18.23,9699568,76.41
2021-09-16,18.19,18.33,18.09,18.25,9122284,76.47
2021-09-17,18.16,18.23,17.99,18.07,25125392,75.72
2021-09-20,17.81,17.87,17.59,17.74,13386560,74.2
2021-09-21,17.86,17.86,17.53,17.66,9997060,73.87
2021-09-22,17.83,18.24,17.8,18.06,11998200,75.56
2021-09-23,18.16,18.46,18.13,18.42,8942428,77.04
2021-09-24,18.31,18.57,18.31,18.52,7054632,77.49
2021-09-27,18.45,18.57,18.37,18.47,9251220,77.27
2021-09-28,18.28,18.49,18.06,18.08,18629112,75.64
2021-09-29,18.14,18.21,17.79,17.82,18510552,74.54
2021-09-30,17.87,17.99,17.5,17.51,16660936,73.23
2021-10-01,17.61,17.93,17.46,17.84,12454712,74.61
2021-10-04,17.73,17.82,17.49,17.58,10632544,73.54
2021-10-05,17.68,17.94,17.6,17.83,9308528,74.59
2021-10-06,17.63,17.83,17.49,17.82,7999624,74.53
2021-10-07,17.99,18.18,17.99,18.07,5680396,75.6
2021-10-08,18.11,18.17,18.02,18.11,6283004,75.74
2021-10-11,18.04,18.16,17.94,17.95,6247232,75.07
2021-10-12,17.97,18.03,17.65,17.69,7161756,74
2021-10-13,17.69,17.82,17.55,17.79,10732616,74.43
2021-10-14,17.96,18.28,17.91,18.27,7652340,76.43
2021-10-15,18.37,18.44,18.29,18.42,11516232,77.07
2021-10-18,18.32,18.59,18.21,18.52,7103920,77.48
2021-10-19,18.65,18.67,18.49,18.61,6006656,77.83
2021-10-20,18.63,18.78,18.59,18.73,6924804,78.35
2021-10-21,18.73,19.06,18.73,19,10680052,79.49
2021-10-22,19,19.15,18.9,18.96,6520412,79.3
2021-10-25,18.99,18.99,18.91,18.91,757680,79.12
2021-10-26,18.94,18.97,18.82,18.83,8851040,78.76
2021-10-27,18.45,18.62,18.07,18.11,13247236,75.77
2021-10-28,18.24,18.36,18.01,18.32,14861316,76.63
2021-10-29,18.24,18.47,18.22,18.35,9060812,76.77
2021-11-01,18.39,18.56,18.31,18.4,8857444,76.96
2021-11-02,18.39,18.81,18.39,18.61,10413564,77.84
2021-11-03,18.55,18.77,18.4,18.73,6321048,78.37
2021-11-04,18.82,18.92,18.68,18.91,6795524,79.12
2021-11-05,19.12,19.49,19.07,19.47,10047008,81.44
2021-11-08,19.6,19.68,19.42,19.52,9757216,81.65
2021-11-09,19.54,19.68,19.46,19.67,7635664,82.29
2021-11-10,19.54,19.74,19.51,19.67,9011064,82.29
2021-11-11,19.71,19.88,19.58,19.8,8454036,82.82
2021-11-12,19.88,20.17,19.75,20.08,7805344,84.02
2021-11-15,20.09,20.32,19.98,20.31,11727216,84.96
2021-11-16,20.25,20.47,20.22,20.33,14010004,85.04
2021-11-17,20.3,20.38,20.19,20.3,8725596,84.9
2021-11-18,20.33,20.41,20.07,20.26,6776080,84.76
2021-11-19,20.3,20.51,20.21,20.35,9004732,85.14
2021-11-22,20.42,20.57,20.13,20.14,8151244,84.26
2021-11-23,20.19,20.29,20.02,20.27,8269696,84.8
2021-11-24,20.18,20.27,20,20.15,9548252,84.3
2021-11-26,19.74,19.81,19.38,19.51,8276200,81.62
2021-11-29,19.7,20,19.68,19.82,10432832,82.93
2021-11-30,19.5,19.76,19.21,19.26,20459508,80.58
2021-12-01,19.65,19.82,19.11,19.12,13059304,79.99
2021-12-02,19.15,19.62,19.13,19.47,9402972,81.46
2021-12-03,19.63,19.81,19.36,19.52,12894904,81.67
2021-12-06,19.73,19.89,19.53,19.78,9929596,82.75
2021-12-07,20.04,20.14,19.93,20.04,8947856,83.85
2021-12-08,20.13,20.15,19.88,19.97,6637440,83.54
2021-12-09,19.84,19.97,19.84,19.87,6229696,83.11
2021-12-10,20,20.17,19.93,20.14,9336560,84.27
2021-12-13,20.14,20.16,19.81,19.98,10515124,83.6
2021-12-14,19.91,19.94,19.57,19.71,7174344,82.47
2021-12-15,19.77,20.18,19.64,20.17,10255028,84.37
2021-12-16,20.25,20.29,19.89,19.97,12512548,83.55
2021-12-17,19.89,20.1,19.64,19.72,20416040,82.48
2021-12-20,19.45,19.56,19.19,19.44,6863672,81.14
2021-12-21,19.64,19.91,19.58,19.9,6603176,83.06
2021-12-22,19.88,20.15,19.83,20.13,8345160,83.99
2021-12-23,20.21,20.52,20.19,20.38,6527272,85.06
2021-12-27,20.44,20.83,20.44,20.83,4630064,86.93
2021-12-28,20.85,20.94,20.74,20.88,5208356,87.12
2021-12-29,20.83,21.17,20.8,21.07,5646712,87.94
2021-12-30,21.11,21.2,20.82,20.85,3919212,87.02
2021-12-31,20.84,21.05,20.83,20.96,6325936,87.46
2022-01-03,21.04,21.09,20.7,20.73,9364148,86.5
2022-01-04,20.83,20.97,20.74,20.79,9822308,86.77
2022-01-05,20.79,20.9,20.39,20.4,8321620,85.12
2022-01-06,20.37,20.53,20.32,20.41,9392028,85.19
2022-01-07,19.98,20.16,19.62,19.68,15393660,82.12
2022-01-10,19.46,19.64,19.27,19.63,11812548,81.92
2022-01-11,19.63,19.8,19.39,19.8,8094280,82.61
2022-01-12,19.89,20.03,19.69,19.86,8486628,82.88
2022-01-13,19.84,19.93,19.56,19.62,7653568,81.86
2022-01-14,19.44,19.76,19.35,19.56,10990036,81.61
2022-01-18,19.35,19.35,19.02,19.13,8533416,79.85
2022-01-19,19.21,19.37,18.79,18.81,11073500,78.51
2022-01-20,18.88,19.13,18.64,18.67,10025988,77.91
2022-01-21,18.7,18.91,18.43,18.46,17251540,77.03
2022-01-24,18.2,18.54,17.99,18.54,4858144,77.35
2022-01-25,18.23,18.38,17.87,18.21,18807040,76.01
2022-01-26,18.86,19.18,18.09,18.29,23315776,76.34
2022-01-27,18.58,18.78,17.87,17.98,24019296,75.03
2022-01-28,18,18.48,17.77,18.48,13591704,77.11
2022-01-31,18.45,19.1,18.36,19.07,15608156,79.59
2022-02-01,19.04,19.12,18.76,18.96,11011176,79.12
2022-02-02,19.01,19.3,18.97,19.28,13376276,80.45
2022-02-03,19.05,19.2,18.92,18.95,11195040,79.07
2022-02-04,18.87,19.07,18.61,18.87,8801548,78.76
2022-02-07,18.95,19.08,18.63,18.68,9921220,77.97
2022-02-08,18.67,18.88,18.47,18.85,12122860,78.65
2022-02-09,19.11,19.29,19.04,19.17,11586468,79.99
2022-02-10,18.88,19.14,18.46,18.6,12978408,77.6
2022-02-11,18.65,18.67,17.91,18.02,15736392,75.18
2022-02-14,17.99,18.26,17.88,18.05,12002328,75.31
2022-02-15,18.4,18.5,18.28,18.4,11234008,76.8
2022-02-16,18.28,18.52,18.14,18.44,13759700,76.95
2022-02-17,18.29,18.34,18.07,18.09,11309064,75.48
2022-02-18,18.08,18.36,18.06,18.27,29751756,76.23
2022-02-22,18.16,18.3,17.86,17.96,13256212,74.94
2022-02-23,18.07,18.15,17.58,17.65,16965584,73.67
2022-02-24,17.16,18.03,17.04,18,16460840,75.11
2022-02-25,18.02,18.44,17.94,18.42,9774036,76.85
2022-02-28,18.14,18.3,17.98,18.21,16089876,76.01
2022-03-01,18.2,18.2,17.62,17.76,11826112,74.12
2022-03-02,17.91,18.34,17.85,18.25,11378880,76.17
2022-03-03,18.36,18.47,18.07,18.3,10845704,76.36
2022-03-04,18.08,18.37,17.96,18.27,9802544,76.23
2022-03-07,18.24,18.27,17.43,17.45,16467268,72.82
2022-03-08,17.44,17.44,17.38,17.38,1223468,72.54
2022-03-09,17.87,18.05,17.59,17.95,12892768,74.91
2022-03-10,17.66,17.95,17.52,17.8,9760164,74.27
2022-03-11,17.97,18.07,17.61,17.64,10557232,73.61
2022-03-14,17.77,17.9,17.02,17.13,18569784,71.49
2022-03-15,17.26,17.63,17.26,17.6,16893784,73.43
2022-03-16,17.77,18.13,17.62,18.03,11163300,75.23
2022-03-17,17.94,18.19,17.9,18.19,9184228,75.92
2022-03-18,18.32,18.45,18.08,18.39,34902560,76.74
2022-03-21,18.32,18.52,18.2,18.27,19318144,76.05
2022-03-22,18.19,18.33,18.16,18.19,32442304,75.7
2022-03-23,18.08,18.18,17.83,17.83,12783472,74.23
2022-03-24,17.94,18.12,17.86,18.12,11100676,75.42
2022-03-25,18.2,18.24,18,18.18,13021632,75.67
2022-03-28,18.19,18.25,18.03,18.21,12543728,75.81
2022-03-29,18.45,18.61,18.31,18.59,8344456,77.36
2022-03-30,18.52,18.58,18.36,18.43,9966572,76.71
2022-03-31,18.37,18.46,18.1,18.1,13080872,75.35
2022-04-01,18.26,18.33,17.9,18.16,10350776,75.57
2022-04-04,18.14,18.33,18.1,18.26,13297560,75.99
2022-04-05,18.2,18.24,17.82,17.87,9611612,74.39
2022-04-06,17.66,17.72,17.45,17.55,12532716,73.06
2022-04-07,17.54,17.85,17.45,17.77,11232092,73.97
2022-04-08,17.72,17.78,17.52,17.61,7638324,73.28
2022-04-11,17.5,17.55,17.2,17.24,10961804,71.74
2022-04-12,17.38,17.54,17.17,17.25,12414328,71.8
2022-04-13,17.26,17.35,17.19,17.28,11277764,71.91
2022-04-14,17.28,17.32,16.89,16.91,15929140,70.38
2022-04-18,16.85,17.07,16.78,16.92,13956420,70.43
2022-04-19,16.97,17.13,16.88,17.08,26472392,71.11
2022-04-20,17.26,17.6,17.26,17.43,11816588,72.54
2022-04-21,17.65,17.68,17.16,17.21,9289148,71.62
2022-04-22,17.1,17.23,16.67,16.68,10221328,69.44
2022-04-25,16.59,17.02,16.42,16.99,10899496,70.71
2022-04-26,16.9,16.95,16.46,16.47,13076356,68.55
2022-04-27,16.67,17.26,16.51,16.86,12304020,70.16
2022-04-28,17.14,17.75,17.04,17.67,17340756,73.55
2022-04-29,17.51,17.69,17.15,17.18,18860160,71.5
2022-05-02,17.16,17.34,16.79,17.2,11260900,71.59
2022-05-03,17.25,17.42,17.17,17.29,8986192,71.97
2022-05-04,17.33,17.78,17.17,17.76,9873612,73.94
2022-05-05,17.56,17.59,16.91,17.1,7982600,71.16
2022-05-06,16.94,17.01,16.61,16.92,10936476,70.42
2022-05-09,16.68,16.93,16.54,16.6,11154732,69.09
2022-05-10,16.9,16.95,16.37,16.59,9223192,69.04
2022-05-11,16.54,16.85,16.4,16.43,10943472,68.37
2022-05-12,16.34,16.57,16.19,16.49,10271620,68.63
2022-05-13,16.64,17.05,16.61,16.93,7723580,70.47
2022-05-16,16.76,16.86,16.58,16.71,7296436,69.54
2022-05-17,17.07,17.12,16.86,17.08,8154424,71.11
2022-05-18,16.87,17,16.29,16.33,9975588,67.97
2022-05-19,16.18,16.43,16.09,16.24,14072780,67.59
2022-05-20,16.43,16.46,16.03,16.44,13929572,68.43
2022-05-23,16.56,16.73,16.41,16.67,9588496,69.4
2022-05-24,16.58,16.67,16.28,16.58,8837220,68.99
2022-05-25,16.47,16.65,16.34,16.52,11965160,68.75
2022-05-26,16.59,16.9,16.48,16.8,9914780,69.92
2022-05-27,17,17.25,17,17.14,14605852,71.33
2022-05-31,17.03,17.16,16.81,17.02,17802580,70.86
2022-06-01,17.06,17.11,16.56,16.64,13502556,69.28
2022-06-02,16.69,17.3,16.61,17.29,8462892,71.98
2022-06-03,17.06,17.13,16.95,17.03,9093788,70.88
2022-06-06,17.2,17.4,17.08,17.12,7150904,71.25
2022-06-07,16.96,17.21,16.89,17.2,7872984,71.59
2022-06-08,17.07,17.16,16.89,16.94,6144840,70.5
2022-06-09,16.86,16.98,16.58,16.61,7374200,69.14
2022-06-10,16.32,16.42,16.05,16.23,11102296,67.55
2022-06-13,15.88,16.03,15.61,15.67,12816996,65.22
2022-06-14,15.75,15.86,15.62,15.74,10183484,65.53
2022-06-15,15.89,16.13,15.65,15.89,10487236,66.12
2022-06-16,15.49,15.53,14.87,15.02,11379108,62.51
2022-06-17,15.06,15.3,14.86,15.16,20872080,62.9
2022-06-21,15.43,15.43,15.18,15.28,12302424,63.41
2022-06-22,15.14,15.42,15.08,15.27,14172100,63.35
2022-06-23,15.32,15.45,15.17,15.43,10057196,64.03
2022-06-24,15.64,15.89,15.58,15.87,17507504,65.85
2022-06-27,15.89,16.07,15.75,15.94,11734780,66.12
2022-06-28,16.02,16.12,15.57,15.6,8197892,64.72
2022-06-29,15.64,15.64,15.26,15.51,9366120,64.37
2022-06-30,15.3,15.66,15.25,15.52,12421000,64.38
2022-07-01,15.41,15.57,15.16,15.37,9056436,63.75
2022-07-05,15.1,15.42,14.89,15.41,10083480,63.95
2022-07-06,15.5,15.67,15.39,15.54,10643220,64.46
2022-07-07,15.67,15.91,15.57,15.86,12277608,65.82
2022-07-08,15.8,15.96,15.69,15.88,8282852,65.88
2022-07-11,15.74,15.81,15.61,15.66,7561812,64.97
2022-07-12,15.67,15.78,15.46,15.52,9548800,64.38
2022-07-13,15.25,15.58,15.2,15.47,5824364,64.17
2022-07-14,15.48,15.63,15.22,15.6,7949456,64.74
2022-07-15,15.85,15.95,15.71,15.94,7829004,66.12
2022-07-18,16,16.07,15.66,15.72,6079724,65.22
2022-07-19,15.92,16.33,15.92,16.31,8033932,67.65
2022-07-20,16.29,16.62,16.26,16.56,6861104,68.7
2022-07-21,16.62,16.86,16.54,16.86,6973496,69.95
2022-07-22,16.87,16.99,16.7,16.83,8840836,69.82
2022-07-25,16.86,16.87,16.63,16.77,6481864,69.59
2022-07-26,16.79,16.83,16.63,16.76,9170816,69.53
2022-07-27,17.23,18.04,17.21,17.94,15116348,74.43
2022-07-28,18.06,18.56,17.99,18.49,12161820,76.71
2022-07-29,18.45,18.66,18.38,18.59,16443292,77.13
2022-08-01,18.36,18.71,18.36,18.44,11660564,76.52
2022-08-02,18.32,18.63,18.31,18.42,10501540,76.44
2022-08-03,18.48,18.7,18.4,18.61,9514728,77.2
2022-08-04,18.64,18.75,18.59,18.68,7817040,77.51
2022-08-05,18.47,18.7,18.41,18.69,6305000,77.54
2022-08-08,18.78,18.87,18.64,18.7,7547644,77.58
2022-08-09,18.55,18.62,18.36,18.41,5454804,76.38
2022-08-10,18.78,18.97,18.68,18.88,8543160,78.33
2022-08-11,18.91,19.04,18.75,18.77,6270436,77.89
2022-08-12,18.87,19.17,18.85,19.16,6773656,79.48
2022-08-15,19.04,19.37,19.04,19.19,5663100,79.63
2022-08-16,19.15,19.26,19.1,19.18,5048512,79.57
2022-08-17,19.03,19.28,18.93,19.2,8616396,79.64
2022-08-18,19.29,19.39,19.21,19.32,6754872,80.14
2022-08-19,19.2,19.24,18.98,19.09,8147592,79.21
2022-08-22,18.76,18.87,18.6,18.66,5082324,77.42
2022-08-23,18.66,18.84,18.63,18.68,5303024,77.5
2022-08-24,18.65,18.69,18.54,18.57,5145300,77.04
2022-08-25,18.67,18.89,18.64,18.89,5941824,78.37
2022-08-26,18.88,18.91,18.17,18.19,6429756,75.47
2022-08-29,18.03,18.21,18.01,18.02,4752592,74.76
2022-08-30,18.08,18.11,17.79,17.88,6096448,74.17
2022-08-31,17.92,17.97,17.71,17.72,8021532,73.53
2022-09-01,17.64,17.72,17.41,17.7,6595104,73.45
2022-09-02,17.99,18.06,17.4,17.49,5557844,72.58
2022-09-06,17.55,17.69,17.38,17.55,7758780,72.82
2022-09-07,17.6,17.95,17.57,17.9,7901572,74.25
2022-09-08,17.8,18.06,17.7,18.05,7006176,74.88
2022-09-09,18.17,18.39,18.11,18.29,6559820,75.9
2022-09-12,18.36,18.41,18.23,18.41,13002044,76.4
2022-09-13,18.04,18.18,17.82,17.88,11413568,74.2
2022-09-14,17.88,17.93,17.65,17.82,8221232,73.93
2022-09-15,17.81,17.87,17.55,17.57,7641764,72.89
2022-09-16,17.37,17.59,17.25,17.53,19429280,72.73
2022-09-19,17.4,17.69,17.36,17.68,11946024,73.17
2022-09-20,17.53,17.56,17.28,17.44,13030220,72.15
2022-09-21,17.51,17.86,17.35,17.36,10259564,71.81
2022-09-22,17.29,17.31,16.8,16.81,9504060,69.55
2022-09-23,16.73,16.73,16.39,16.64,13341892,68.83
2022-09-26,16.58,16.81,16.44,16.51,7770412,68.29
2022-09-27,16.71,16.77,16.37,16.51,12252120,68.29
2022-09-28,16.51,16.85,16.4,16.77,9307064,69.38
2022-09-29,16.58,16.58,16.28,16.42,7687600,67.92
2022-09-30,16.35,16.6,16.16,16.18,12139676,66.96
2022-10-03,16.37,16.87,16.29,16.77,9017356,69.39
2022-10-04,17.09,17.32,17.06,17.31,10528604,71.61
2022-10-05,17.08,17.48,17.06,17.37,7577408,71.88
2022-10-06,17.4,17.68,17.36,17.5,10633588,72.4
2022-10-07,17.25,17.28,16.88,16.96,11463640,70.17
2022-10-10,17.12,17.15,16.62,16.75,7282712,69.32
2022-10-11,16.66,16.7,16.28,16.36,10248756,67.68
2022-10-12,16.43,16.47,16.22,16.23,8494316,67.15
2022-10-13,15.88,16.83,15.76,16.74,12498768,69.26
2022-10-14,16.89,16.96,16.18,16.21,9879452,67.05
2022-10-17,16.5,16.84,16.5,16.77,10376652,69.37
2022-10-18,17.26,17.35,16.77,16.94,11222232,70.07
2022-10-19,16.77,16.96,16.74,16.94,9712212,70.09
2022-10-20,17.14,17.14,16.59,16.71,14063500,69.14
2022-10-21,16.67,17.37,16.67,17.29,13783428,71.55
2022-10-24,17.3,17.48,17.08,17.31,13991328,71.64
2022-10-25,17.21,17.62,17.21,17.58,12650052,72.75
2022-10-26,17.64,17.88,17.26,17.69,16334712,73.19
2022-10-27,17.83,17.97,17.65,17.86,18015344,73.89
2022-10-28,17.96,18.54,17.95,18.47,12348724,76.43
2022-10-31,18.35,18.57,18.31,18.33,11961780,75.83
2022-11-01,18.49,18.63,18.22,18.55,13436432,76.77
2022-11-02,18.41,18.53,17.87,17.89,12237908,74.03
2022-11-03,17.65,18.05,17.57,17.95,11574096,74.25
2022-11-04,18.27,18.47,17.98,18.43,11846860,76.27
2022-11-07,18.49,18.49,18.21,18.33,10964848,75.84
2022-11-08,18.39,18.51,18.17,18.36,9286968,75.95
2022-11-09,18.26,18.35,17.94,18,7392104,74.48
2022-11-10,18.61,19.13,18.54,19.11,13133832,79.06
2022-11-11,19.22,19.39,19.07,19.17,10844464,79.32
2022-11-14,19.12,19.36,19.01,19.01,8348720,78.67
2022-11-15,19.38,19.49,19.01,19.26,9156488,79.7
2022-11-16,19.2,19.35,19.07,19.12,6934084,79.1
2022-11-17,18.83,19.1,18.76,19.08,5427756,78.93
2022-11-18,19.36,19.38,19.1,19.27,7540736,79.71
2022-11-21,19.17,19.35,19.13,19.23,8720732,79.57
2022-11-22,19.16,19.39,19.09,19.35,13109444,80.08
2022-11-23,19.4,19.54,19.3,19.35,5998864,80.07
2022-11-25,19.34,19.5,19.27,19.42,3174760,80.34
2022-11-28,19.27,19.28,18.71,18.81,9245768,77.82
2022-11-29,18.81,18.92,18.6,18.71,6655436,77.4
2022-11-30,18.73,19.44,18.65,19.44,10949300,80.43
2022-12-01,19.58,19.65,19.39,19.55,6623340,80.87
2022-12-02,19.3,19.55,19.2,19.49,5361220,80.62
2022-12-05,19.33,19.35,19.06,19.21,8215280,79.48
2022-12-06,19.2,19.25,18.79,18.92,4889120,78.27
2022-12-07,18.85,19.02,18.75,18.87,6062216,78.06
2022-12-08,19,19.25,18.97,19.23,9106220,79.55
2022-12-09,19.19,19.27,18.96,18.98,5646880,78.51
2022-12-12,19,19.39,18.95,19.38,9521876,80.19
2022-12-13,19.82,20,19.52,19.81,14295400,81.97
2022-12-14,19.8,20.03,19.5,19.75,13385480,81.72
2022-12-15,19.45,19.48,18.86,18.89,8797744,78.15
2022-12-16,18.72,18.87,18.58,18.77,18244200,77.66
2022-12-19,18.75,18.82,18.31,18.41,8866568,75.95
2022-12-20,18.4,18.57,18.35,18.47,9882928,76.23
2022-12-21,18.61,18.71,18.47,18.61,7297960,76.78
2022-12-22,18.41,18.49,18.11,18.43,7395048,76.06
2022-12-23,18.4,18.46,18.18,18.37,5581852,75.81
2022-12-27,18.41,18.6,18.26,18.5,6226984,76.35
2022-12-28,18.47,18.58,18.11,18.15,4570792,74.89
2022-12-29,18.31,18.68,18.31,18.57,4509324,76.62
2022-12-30,18.42,18.48,18.24,18.45,4972448,76.14
2023-01-03,18.59,18.63,18.3,18.52,10170844,76.4
2023-01-04,18.77,18.89,18.56,18.79,8526652,77.53
2023-01-05,18.62,18.75,18.53,18.59,13652972,76.7
2023-01-06,18.9,19.17,18.76,19.04,7284456,78.57
2023-01-09,19.16,19.49,19.06,19.17,7889408,79.12
2023-01-10,19.18,19.3,19.08,19.22,5893036,79.3
2023-01-11,19.35,19.56,19.28,19.55,8552632,80.68
2023-01-12,19.59,19.77,19.42,19.61,8302120,80.9
2023-01-13,19.46,19.59,19.33,19.48,8278996,80.37
2023-01-17,19.51,19.77,19.49,19.56,8053668,80.69
2023-01-18,19.65,19.73,19.08,19.12,14747956,78.91
2023-01-19,19,19.06,18.61,18.75,10745708,77.38
2023-01-20,18.83,18.92,18.67,18.92,11765960,78.07
2023-01-23,18.94,19.29,18.85,19.12,9487428,78.91
2023-01-24,19.1,19.38,18.9,19.25,9937412,79.44
2023-01-25,18.16,19.27,18.05,19.23,15522152,79.36
2023-01-26,19.27,19.31,18.87,19,11669240,78.39
2023-01-27,18.79,19.24,18.7,19.06,10377380,78.65
2023-01-30,18.96,19.14,18.91,18.97,6857324,78.29
2023-01-31,18.97,19.34,18.9,19.33,7970536,79.77
2023-02-01,19.27,19.76,19.21,19.66,9178152,81.14
2023-02-02,19.83,19.99,19.68,19.89,10735056,82.09
2023-02-03,19.69,19.98,19.67,19.78,11650832,81.62
2023-02-06,19.63,19.87,19.55,19.82,9067236,81.8
2023-02-07,19.71,19.77,19.33,19.71,13084820,81.35
2023-02-08,19.59,19.85,19.53,19.7,10451388,81.28
2023-02-09,19.88,19.89,19.39,19.47,10520340,80.32
2023-02-10,19.37,19.41,19.19,19.35,8678916,79.86
2023-02-13,19.42,19.7,19.4,19.66,8282264,81.11
2023-02-14,19.56,19.75,19.42,19.56,8528276,80.73
2023-02-15,19.47,19.76,19.47,19.74,12663580,81.46
2023-02-16,19.52,19.84,19.52,19.72,11707716,81.36
2023-02-17,19.61,19.75,19.56,19.64,6903052,81.03
2023-02-21,19.41,19.44,18.86,18.88,10036828,77.92
2023-02-22,18.86,18.94,18.65,18.71,10365204,77.19
2023-02-23,18.88,18.9,18.56,18.82,9170136,77.64
2023-02-24,18.57,18.64,18.47,18.54,8789824,76.52
2023-02-27,18.74,18.87,18.65,18.65,7037128,76.96
2023-02-28,18.6,18.91,18.53,18.79,13282068,77.52
2023-03-01,18.76,19,18.74,18.83,12733512,77.71
2023-03-02,18.76,19.01,18.69,18.99,6722680,78.36
2023-03-03,19.11,19.25,18.96,19.18,7144456,79.16
2023-03-06,19.29,19.35,19.14,19.18,8367412,79.13
2023-03-07,19.2,19.2,18.86,18.94,8746536,78.15
2023-03-08,19.01,19.24,18.94,19.22,10037308,79.3
2023-03-09,19.29,19.36,18.85,18.89,8980536,77.95
2023-03-10,18.92,18.95,18.41,18.54,7885252,76.5
2023-03-13,18.41,18.67,18.25,18.48,9708944,76.25
2023-03-14,18.73,18.98,18.54,18.81,10968108,77.6
2023-03-15,18.52,18.52,18.12,18.43,10804912,76.04
2023-03-16,18.42,18.86,18.3,18.84,8323972,77.72
2023-03-17,18.86,18.89,18.49,18.61,18913468,76.79
2023-03-20,18.66,18.94,18.62,18.87,9256500,77.67
2023-03-21,19.07,19.15,18.89,19.04,8729624,78.37
2023-03-22,18.99,19.19,18.85,18.87,10612720,77.63
2023-03-23,18.93,19.43,18.87,19.05,11569028,78.38
2023-03-24,19.04,19.11,18.77,19.1,8831464,78.61
2023-03-27,19.15,19.27,19,19.03,9534900,78.29
2023-03-28,18.98,19.03,18.88,18.98,9202500,78.09
2023-03-29,19.19,19.44,19.11,19.39,8876176,79.81
2023-03-30,19.52,19.61,19.43,19.6,10621112,80.66
2023-03-31,19.66,19.88,19.64,19.86,10694636,81.72
2023-04-03,19.73,19.81,19.62,19.74,10720716,81.22
2023-04-04,19.69,19.77,19.3,19.35,11822464,79.63
2023-04-05,19.24,19.27,18.89,18.97,9349200,78.05
2023-04-06,18.84,18.95,18.74,18.87,7264700,77.64
2023-04-10,18.72,19.06,18.66,19.06,7284524,78.42
2023-04-11,19.07,19.17,19,19,5883196,78.2
2023-04-12,19.14,19.25,18.92,18.98,10253996,78.11
2023-04-13,19.07,19.17,18.9,19.11,8087788,78.65
2023-04-14,19.11,19.24,18.87,18.99,9161020,78.14
2023-04-17,18.94,19.12,18.91,19.11,9558508,78.63
2023-04-18,19.27,19.31,18.95,19.06,7872644,78.42
2023-04-19,18.83,18.88,18.66,18.8,14334456,77.35
2023-04-20,18.7,18.84,18.57,18.75,11456828,77.16
2023-04-21,18.74,18.8,18.55,18.67,9044500,76.84
2023-04-24,18.65,18.77,18.63,18.71,13449448,77
2023-04-25,18.65,18.66,18.17,18.19,15648644,74.87
2023-04-26,17.93,18.07,17.5,17.96,20558396,73.91
2023-04-27,17.91,18.24,17.75,18.17,20095588,74.79
2023-04-28,18.16,18.35,18.16,18.34,13231408,75.47
2023-05-01,18.35,18.62,18.32,18.58,8417760,76.44
2023-05-02,18.52,18.58,18.16,18.31,11944232,75.36
2023-05-03,18.42,18.49,18.16,18.18,11247880,74.83
2023-05-04,18.1,18.22,17.95,18.12,11736104,74.58
2023-05-05,18.32,18.45,18.23,18.4,9177236,75.71
2023-05-08,18.48,18.55,18.22,18.31,5361836,75.35
2023-05-09,18.21,18.35,18.15,18.27,6191008,75.19
2023-05-10,18.47,18.5,18.09,18.34,8824568,75.46
2023-05-11,18.35,18.36,18.17,18.26,13521496,75.12
2023-05-12,18.35,18.38,18.08,18.25,13209972,75.1
2023-05-15,18.29,18.42,18.09,18.41,13770124,75.74
2023-05-16,18.31,18.37,18.15,18.17,8549880,74.75
2023-05-17,18.28,18.38,18.09,18.34,11314144,75.47
2023-05-18,18.33,18.55,18.29,18.5,11863824,76.14
2023-05-19,18.48,18.56,18.39,18.42,9845924,75.8
2023-05-22,18.41,18.61,18.31,18.54,6758492,76.29
2023-05-23,18.38,18.45,18.14,18.14,9078064,74.66
2023-05-24,18.02,18.05,17.68,17.73,18167644,72.97
2023-05-25,17.94,18.05,17.81,17.97,37995672,73.94
2023-05-26,18.1,18.69,18.1,18.62,25595940,76.61
2023-05-30,18.78,18.85,18.62,18.66,15157892,76.77
2023-05-31,18.51,18.62,18.26,18.34,30904728,75.45
2023-06-01,18.37,18.45,18.1,18.43,13810620,75.82
2023-06-02,18.59,18.92,18.54,18.85,8472244,77.57
2023-06-05,18.86,18.92,18.59,18.64,9122844,76.7
2023-06-06,18.67,18.87,18.62,18.83,9790132,77.5
2023-06-07,18.89,19.17,18.85,19.14,9625984,78.76
2023-06-08,19.17,19.21,19,19.16,7647932,78.85
2023-06-09,19.25,19.3,18.96,19.01,8765840,78.23
2023-06-12,19.06,19.38,19.04,19.35,7896076,79.61
2023-06-13,19.42,19.65,19.29,19.64,13532544,80.82
2023-06-14,19.62,19.79,19.49,19.63,10624992,80.77
2023-06-15,19.59,20.02,19.59,19.9,9419232,81.87
2023-06-16,20.1,20.13,19.93,20.01,14873928,82.15
2023-06-20,19.81,19.82,19.64,19.75,10546424,81.05
2023-06-21,19.66,19.86,19.63,19.82,8877308,81.37
2023-06-22,19.85,19.85,19.66,19.75,7524916,81.05
2023-06-23,19.54,19.76,19.44,19.54,20217928,80.19
2023-06-26,19.65,19.76,19.56,19.63,6463940,80.56
2023-06-27,19.69,20.09,19.63,20.04,7774456,82.24
2023-06-28,20.01,20.14,19.94,20.1,7916192,82.52
2023-06-29,20.13,20.34,20.1,20.33,8481948,83.45
2023-06-30,20.49,20.76,20.43,20.7,10581036,84.95
2023-07-03,20.59,20.65,20.48,20.49,4922100,84.08
2023-07-05,20.31,20.52,20.24,20.43,6768736,83.86
2023-07-06,20.21,20.41,20.2,20.39,7735464,83.7
2023-07-07,20.35,20.56,20.35,20.37,6067136,83.62
2023-07-10,20.37,20.69,20.24,20.68,8625996,84.88
2023-07-11,20.69,20.72,20.46,20.67,7575360,84.85
2023-07-12,20.83,20.91,20.69,20.85,8598500,85.56
2023-07-13,20.89,20.92,20.78,20.88,8367520,85.72
2023-07-14,20.85,20.87,20.5,20.61,7244372,84.61
2023-07-17,20.6,20.79,20.54,20.75,8271272,85.18
2023-07-18,20.68,20.83,20.68,20.78,6720016,85.31
2023-07-19,20.75,20.79,20.52,20.74,7459384,85.13
2023-07-20,20.68,20.72,20.43,20.54,7131560,84.32
2023-07-21,20.51,20.61,20.36,20.37,10304896,83.62
2023-07-24,20.45,20.53,20.26,20.37,8053688,83.59
2023-07-25,20.32,20.68,20.29,20.54,12375872,84.31
2023-07-26,20.74,21.65,20.69,21.59,21751972,88.6
2023-07-27,21.81,22,21.55,21.63,17499892,88.77
2023-07-28,21.77,21.79,21.23,21.34,18209888,87.57
2023-07-31,21.34,21.62,21.3,21.52,11179952,88.31
2023-08-01,21.49,21.65,21.39,21.59,8317224,88.62
2023-08-02,21.41,21.64,21.4,21.53,11820836,88.38
2023-08-03,21.42,21.63,21.33,21.56,11754300,88.48
2023-08-04,21.54,21.64,21.25,21.27,6447888,87.3
2023-08-07,21.46,21.76,21.44,21.65,8121064,88.88
2023-08-08,21.54,21.68,21.37,21.63,7174192,88.77
2023-08-09,21.67,21.71,21.51,21.55,10211016,88.44
2023-08-10,21.61,21.77,21.39,21.42,6172364,87.91
2023-08-11,21.38,21.38,21.17,21.25,5678376,87.21
2023-08-14,21.22,21.38,21.2,21.32,11196636,87.5
2023-08-15,21.18,21.28,21.09,21.15,7165108,86.81
2023-08-16,21.08,21.16,20.91,20.92,5394220,85.88
2023-08-17,21.05,21.06,20.72,20.8,7680808,85.38
2023-08-18,20.6,20.83,20.57,20.77,5999620,85.23
2023-08-21,20.74,20.89,20.7,20.82,6827936,85.47
2023-08-22,20.91,21.03,20.8,20.9,6133428,85.8
2023-08-23,20.96,21.12,20.74,21.04,8071376,86.36
2023-08-24,21.03,21.18,20.83,20.84,7943440,85.54
2023-08-25,21,21.1,20.78,21.03,5908712,86.3
2023-08-28,21.14,21.21,21.06,21.11,4799388,86.65
2023-08-29,21.1,21.43,21.07,21.42,6057660,87.91
2023-08-30,21.36,21.53,21.36,21.51,3672200,88.29
2023-08-31,21.59,21.68,21.46,21.53,9514636,88.38
2023-09-01,21.68,21.7,21.5,21.58,7113492,88.57
2023-09-05,21.59,21.6,21.41,21.43,6248276,87.97
2023-09-06,21.42,21.64,21.35,21.43,8013440,87.96
2023-09-07,21.23,21.33,21.03,21.14,9087880,86.75
2023-09-08,20.96,21.15,20.86,20.93,9568012,85.89
2023-09-11,21.06,21.06,20.76,21.06,9537112,86.45
2023-09-12,21,21.19,20.99,21.1,8699304,86.6
2023-09-13,21.08,21.17,20.95,21.08,9869948,86.51
2023-09-14,21.17,21.19,20.98,21.08,8346920,86.51
2023-09-15,21,21.14,20.78,20.88,11385028,85.72
2023-09-18,20.87,21.17,20.85,21.06,6841780,86.23
2023-09-19,21.02,21.1,20.86,21.08,7974992,86.29
2023-09-20,21.16,21.17,20.69,20.71,9031880,84.81
2023-09-21,20.6,20.65,20.35,20.35,9270020,83.34
2023-09-22,20.37,20.53,20.32,20.35,7467600,83.33
2023-09-25,20.27,20.43,20.23,20.34,9149012,83.26
2023-09-26,20.22,20.27,19.83,19.9,15858884,81.46
2023-09-27,20.01,20.16,19.87,20.12,13278728,82.36
2023-09-28,20.13,20.64,20.08,20.54,10585644,84.08
2023-09-29,20.65,20.74,20.48,20.51,11437420,83.99
2023-10-02,20.35,20.43,20.08,20.19,8373268,82.65
2023-10-03,20.11,20.27,20,20.07,9479176,82.18
2023-10-04,20.13,20.4,20.06,20.35,8299872,83.34
2023-10-05,20.46,20.68,20.04,20.18,8260368,82.64
2023-10-06,20.11,20.47,20.07,20.36,9642384,83.37
2023-10-09,20.16,20.37,20.06,20.3,8351608,83.11
2023-10-10,20.43,20.58,20.35,20.38,10893080,83.46
2023-10-11,20.44,20.7,20.43,20.67,10748748,84.64
2023-10-12,20.8,20.81,20.38,20.55,11726476,84.14
2023-10-13,20.43,20.44,19.84,20,16686180,81.9
2023-10-16,20.22,20.47,20.16,20.36,11172912,83.38
2023-10-17,20.24,20.49,20.19,20.43,9961496,83.66
2023-10-18,20.24,20.27,19.91,19.91,11065920,81.54
2023-10-19,19.91,20.02,19.63,19.76,12351308,80.89
2023-10-20,19.77,19.77,19.44,19.5,11537392,79.86
2023-10-23,19.42,19.63,19.3,19.34,13060588,79.18
2023-10-24,19.44,19.52,19.25,19.36,11116828,79.26
2023-10-25,19.38,19.65,19.22,19.46,21592900,79.66
2023-10-26,19.67,19.81,19.41,19.59,16344764,80.2
2023-10-27,19.49,19.63,19.28,19.37,8622676,79.31
2023-10-30,19.54,19.65,19.32,19.53,11862248,79.98
2023-10-31,19.5,19.74,19.42,19.67,11125928,80.55
2023-11-01,19.7,19.97,19.63,19.94,11567408,81.63
2023-11-02,20.04,20.32,20.04,20.3,12310908,83.1
2023-11-03,20.49,20.8,20.45,20.7,10684752,84.77
2023-11-06,20.78,20.81,20.5,20.6,8029552,84.35
2023-11-07,20.53,20.76,20.49,20.64,7225576,84.52
2023-11-08,20.71,20.82,20.57,20.8,7925144,85.16
2023-11-09,21,21.05,20.73,20.77,8522456,85.06
2023-11-10,20.92,21.18,20.78,21.15,8895684,86.61
2023-11-13,21.15,21.16,21.03,21.09,7810076,86.37
2023-11-14,21.37,21.75,21.25,21.67,11959540,88.71
2023-11-15,21.75,21.92,21.7,21.75,9423956,89.04
2023-11-16,21.81,22,21.71,21.87,9545660,89.55
2023-11-17,21.98,21.98,21.84,21.91,12886124,89.7
2023-11-20,21.87,21.96,21.74,21.87,8243020,89.55
2023-11-21,21.88,21.98,21.84,21.9,8261452,89.67
2023-11-22,21.96,22.08,21.9,22,8568976,90.09
2023-11-24,22,22.07,21.97,22.07,3560960,90.36
2023-11-27,21.99,22.11,21.89,22.01,11728120,90.12
2023-11-28,21.98,22.07,21.93,21.96,8197200,89.91
2023-11-29,22.1,22.17,21.99,22.03,7134908,90.18
2023-11-30,22.1,22.26,21.99,22.22,15303380,90.99
2023-12-01,22.32,22.6,22.26,22.54,17148128,92.28
2023-12-04,22.36,22.52,22.3,22.44,12614292,91.87
2023-12-05,22.35,22.4,22.21,22.3,14054208,91.32
2023-12-06,22.47,22.64,22.43,22.53,14107292,92.23
2023-12-07,22.54,22.62,22.43,22.59,8130328,92.48
2023-12-08,22.57,22.82,22.54,22.77,23528688,93.23
2023-12-11,22.87,23.3,22.87,23.26,15449708,95.24
2023-12-12,23.26,23.41,23.2,23.31,9119700,95.46
2023-12-13,23.39,23.64,23.3,23.48,15027044,96.13
2023-12-14,23.67,24.15,23.61,24.13,16226816,98.81
2023-12-15,24.17,24.41,24.13,24.25,22495700,99.28
2023-12-18,24.21,24.27,23.98,24.13,9998836,98.56
2023-12-19,24.19,24.22,24.06,24.12,8263664,98.55
2023-12-20,24.03,24.07,23.8,23.81,17112868,97.28
2023-12-21,23.99,24.09,23.81,24.06,9165896,98.29
2023-12-22,24.19,24.31,24.14,24.24,8131068,99.01
2023-12-26,24.22,24.42,24.22,24.35,3821260,99.49
2023-12-27,24.39,24.39,24.26,24.35,4962224,99.47
2023-12-28,24.37,24.39,24.25,24.34,4177280,99.44
2023-12-29,24.32,24.4,24.2,24.26,5362432,99.13
2024-01-02,23.98,23.98,23.59,23.7,10563176,96.83
2024-01-03,23.55,23.55,23.26,23.27,12285920,95.08
2024-01-04,22.99,23.31,22.98,23.16,9887028,94.63
2024-01-05,23.08,23.27,23.02,23.12,8037744,94.46
2024-01-08,23.28,23.65,23.27,23.64,9204840,96.58
2024-01-09,23.36,23.56,23.33,23.46,6498412,95.85
2024-01-10,23.45,23.62,23.38,23.55,7652676,96.21
2024-01-11,23.55,23.63,23.29,23.6,8147820,96.42
2024-01-12,23.71,23.75,23.52,23.62,6177832,96.5
2024-01-16,23.54,23.66,23.35,23.53,8923032,96.14
2024-01-17,23.37,23.52,23.19,23.33,8362256,95.33
2024-01-18,23.46,23.69,23.38,23.67,11336928,96.7
2024-01-19,23.83,23.93,23.63,23.89,14044032,97.61
2024-01-22,23.9,24.11,23.85,23.98,11025764,97.97
2024-01-23,24.02,24.04,23.75,23.97,13556956,97.94
2024-01-24,24.74,25.23,24.26,24.64,26227664,100.66
2024-01-25,24.34,24.91,24.17,24.68,16552736,100.81
2024-01-26,24.68,24.87,24.53,24.65,8966780,100.71
2024-01-29,24.51,24.83,24.47,24.83,9248968,101.45
2024-01-30,25.09,25.23,25.01,25.16,12111680,102.78
2024-01-31,25.06,25.14,24.73,24.75,11350252,101.1
2024-02-01,24.78,25.08,24.71,25.07,10196324,102.42
2024-02-02,24.98,25.48,24.98,25.32,10826496,103.46
2024-02-05,25.29,25.31,24.98,25.21,8358996,102.99
2024-02-06,25.2,25.33,25.04,25.16,10993268,102.77
2024-02-07,25.22,25.55,25.13,25.52,9948968,104.26
2024-02-08,25.54,25.69,25.53,25.67,8155348,104.86
2024-02-09,25.7,25.8,25.59,25.77,6572620,105.29
2024-02-12,25.77,25.86,25.67,25.71,7453656,105.03
2024-02-13,25.25,25.4,25.03,25.23,10089160,103.08
2024-02-14,25.39,25.51,25.31,25.48,8632976,104.11
2024-02-15,25.59,25.89,25.59,25.87,7960184,105.67
2024-02-16,25.93,26.07,25.78,25.83,7271744,105.52
2024-02-20,25.63,25.76,25.49,25.61,8663304,104.61
2024-02-21,25.56,25.74,25.51,25.7,9279748,105
2024-02-22,25.95,26.17,25.89,26.06,12402520,106.45
2024-02-23,26.18,26.36,26.07,26.31,7981696,107.47
2024-02-26,26.31,26.48,26.27,26.46,10233624,108.1
2024-02-27,26.47,26.47,26.32,26.42,7954180,107.94
2024-02-28,26.37,26.68,26.37,26.52,8068512,108.35
2024-02-29,26.65,26.86,26.55,26.74,18572800,109.24
2024-03-01,26.71,27.14,26.67,27.12,8597524,110.81
2024-03-04,27.17,27.51,27.14,27.4,8997024,111.92
2024-03-05,27.25,27.31,26.65,26.84,7755148,109.64
2024-03-06,27.01,27.3,26.99,27.05,8622912,110.51
2024-03-07,27.15,27.36,27.15,27.26,8014468,111.35
2024-03-08,27.29,27.44,26.96,27.03,9155904,110.41
2024-03-11,27.07,27.07,26.64,26.9,8696668,109.88
2024-03-12,26.89,27.14,26.76,27.07,7340012,110.6
2024-03-13,27.05,27.14,26.86,27.06,9142132,110.53
2024-03-14,27.18,27.24,26.62,26.77,8022232,109.38
2024-03-15,26.58,26.83,26.57,26.75,18702124,109.3
2024-03-18,26.93,27.06,26.85,26.88,10437532,109.59
2024-03-19,26.9,27.24,26.85,27.22,9403996,110.97
2024-03-20,27.23,27.52,27.18,27.5,7120432,112.11
2024-03-21,27.72,28.16,27.71,28.06,12057340,114.41
2024-03-22,28.08,28.25,27.93,28.06,9958032,114.42
2024-03-25,28.94,29.33,27.98,28.01,17093876,114.22
2024-03-26,28.12,28.27,27.78,27.8,13698288,113.34
2024-03-27,27.96,28.31,27.94,28.28,18356804,115.3
2024-03-28,28.45,28.7,28.2,28.29,17424048,115.35
2024-04-01,28.16,28.45,27.97,27.97,9189288,114.05
2024-04-02,27.7,27.78,27.5,27.73,9944120,113.06
2024-04-03,28.09,28.47,27.79,28.3,15282108,115.37
2024-04-04,28.95,29.09,28.14,28.23,13651984,115.1
2024-04-05,28.36,28.84,28.35,28.79,13518584,117.38
2024-04-08,28.98,29.08,28.48,28.6,17390316,116.62
2024-04-09,28.7,28.79,28.01,28.2,16280580,114.98
2024-04-10,27.74,28.36,27.6,28.15,16448676,114.76
2024-04-11,28.13,28.5,27.94,28.42,12677848,115.88
2024-04-12,27.95,28.18,27.68,27.79,12193728,113.32
2024-04-15,28.1,28.28,27.48,27.57,10030784,112.39
2024-04-16,27.61,27.7,27.4,27.61,15631972,112.57
2024-04-17,27.61,27.73,27.24,27.35,10566740,111.49
2024-04-18,27.36,27.64,27.19,27.2,11497196,110.88
2024-04-19,27.22,27.44,26.84,27.02,15076152,110.17
2024-04-22,27.26,27.63,27.03,27.44,13099572,111.86
2024-04-23,27.65,28.07,27.5,28.02,20403504,114.26
2024-04-24,29.23,29.28,28.08,28.53,30503604,116.31
2024-04-25,28.26,29.31,27.84,29.19,17019956,119.01
2024-04-26,29.19,29.74,29.19,29.55,16691676,120.49
2024-04-29,29.8,29.97,29.52,29.96,11199876,122.13
2024-04-30,29.92,30.32,29.6,29.62,14335392,120.77
2024-05-01,29.4,29.75,29.14,29.25,17413296,119.26
2024-05-02,29.48,29.69,29.04,29.68,10006308,121
2024-05-03,30.02,30.18,29.68,30.08,13117624,122.64
2024-05-06,30.17,30.62,30.12,30.61,8111288,124.79
2024-05-07,30.66,30.82,30.49,30.59,14862896,124.72
2024-05-08,30.37,31.16,30.32,31.05,11973476,126.61
2024-05-09,31.09,31.34,30.94,31.3,10570344,127.61
2024-05-10,31.44,31.55,31.15,31.29,9437272,127.57
2024-05-13,31.31,31.34,31.08,31.19,9076768,127.16
2024-05-14,31.2,31.56,31.09,31.53,9590704,128.56
2024-05-15,31.81,32.4,31.78,32.37,14528232,131.96
2024-05-16,32.69,32.84,32.24,32.3,16132456,131.71
2024-05-17,32.62,32.69,32.22,32.35,18025256,131.91
2024-05-20,32.41,32.97,32.3,32.71,12471436,133.36
2024-05-21,32.74,33.28,32.69,33.21,12275384,135.4
2024-05-22,33.16,33.43,32.91,33.01,13902060,134.57
2024-05-23,33.45,33.69,33.06,33.46,16908284,136.4
2024-05-24,33.7,33.99,33.4,33.42,15729836,136.24
2024-05-28,33.9,33.99,32.76,32.86,19345588,133.98
2024-05-29,32.45,32.79,32.07,32.64,20269380,133.07
2024-05-30,32.65,32.78,32.47,32.64,14499260,133.07
2024-05-31,32.45,32.67,31.68,32.47,32945572,132.37
2024-06-03,32.56,32.7,32,32.32,15766480,131.78
2024-06-04,31.99,32.15,31.7,31.9,16287208,130.05
2024-06-05,32.17,32.73,32.05,32.69,14303160,133.28
2024-06-06,32.69,32.82,32.01,32.1,12941864,130.86
2024-06-07,32.13,32.28,31.97,32.04,9167200,130.64
2024-06-10,31.91,32.88,31.9,32.83,10841808,133.84
2024-06-11,32.66,32.98,32.63,32.97,9598092,134.43
2024-06-12,33.36,33.83,32.99,33.7,13316230,68.69
2024-06-13,33.75,33.86,33.23,33.84,12305804,68.99
2024-06-14,33.52,33.72,33.05,33.49,7993024,68.27
2024-06-17,33.49,34.04,33.19,33.93,10181136,69.16
2024-06-18,33.9,34.37,33.36,34.26,11270926,69.73
2024-06-20,34.39,34.81,33.57,33.63,21964238,68.44
2024-06-21,33.46,33.79,33.14,33.77,21407910,68.73
2024-06-24,33.5,33.61,33.02,33.05,14270642,67.27
2024-06-25,33.04,33.48,32.95,33.39,12474380,67.96
2024-06-26,33.43,33.43,32.75,33,14836186,67.16
2024-06-27,33.09,33.17,32.82,33.16,9047166,67.49
2024-06-28,33.25,33.8,32.98,33.1,55324848,67.37
2024-07-01,33.28,33.36,32.95,33.17,9397804,67.52
2024-07-02,32.96,33.36,32.69,33.19,10491084,67.56
2024-07-03,33.07,33.35,32.85,33.31,5395222,67.79
2024-07-05,33.31,33.53,33.04,33.42,8742080,68.01
2024-07-08,33.63,33.73,33.32,33.41,9872112,67.99
2024-07-09,33.52,33.88,33.52,33.71,10731154,68.62
2024-07-10,33.9,34.52,33.85,34.4,11730640,70.02
2024-07-11,34.49,34.54,34.09,34.16,9250342,69.53
2024-07-12,34.16,34.76,34.07,34.32,9189196,69.86
2024-07-15,34.45,34.71,34.09,34.25,11775030,69.71
2024-07-16,34.54,34.74,34.2,34.59,12329874,70.41
2024-07-17,34.05,34.15,31.51,31.55,29607346,64.22
2024-07-18,31.85,32.67,31.84,32.34,21397044,65.83
2024-07-19,32.72,32.98,31.56,31.62,15491546,64.35
2024-07-22,31.94,32.74,31.87,32.55,14899672,66.24
2024-07-23,32.49,33.08,32.38,32.56,17519594,66.26
2024-07-24,30.75,31.59,30.16,30.46,28022654,61.99
2024-07-25,30.86,31.03,29.74,30.34,25257602,61.76
2024-07-26,31.05,31.83,30.98,31.38,23990830,63.86
2024-07-29,31.59,31.76,31.13,31.15,11198194,63.39
2024-07-30,31.3,31.5,29.91,30.43,16017234,61.94
2024-07-31,32.38,32.95,31.31,31.57,17697944,64.26
2024-08-01,31.41,31.41,29.89,30.52,18244958,62.12
2024-08-02,29.63,29.69,28.5,29.05,23925376,59.13
2024-08-05,27.3,28.81,26.91,28.69,33102758,58.39
2024-08-06,28.89,29.76,28.7,29.42,20968018,59.88
2024-08-07,29.95,30.27,29.36,29.5,20213518,60.04
2024-08-08,29.96,30.71,29.81,30.64,15193346,62.37
2024-08-09,30.53,30.89,30.43,30.77,10414018,62.62
2024-08-12,30.88,31.24,30.76,30.98,8225778,63.05
2024-08-13,31.24,31.85,31.18,31.83,13646790,64.79
2024-08-14,31.94,32.02,31.6,31.84,9488066,64.81
2024-08-15,32.22,32.55,31.9,32.45,12190062,66.05
2024-08-16,32.37,32.41,32.03,32.33,11827796,65.8
2024-08-19,32.31,32.63,31.95,32.6,7476042,66.35
2024-08-20,32.66,32.99,32.39,32.93,9945216,67.02
2024-08-21,32.95,33.12,32.79,33.02,9341970,67.2
2024-08-22,33.16,33.29,32.7,32.8,8369234,66.76
2024-08-23,32.96,33.26,32.66,33.09,7962406,67.35
2024-08-26,33.04,33.23,32.65,32.75,7619266,66.66
2024-08-27,32.53,32.8,32.21,32.68,13684672,66.52
2024-08-28,32.73,32.94,32.41,32.57,7582882,66.29
2024-08-29,32.71,33.26,32.63,32.82,9454788,66.79
2024-08-30,32.89,33.18,32.65,33.14,11707540,67.45
2024-09-03,32.52,32.57,30.26,30.42,21798836,61.91
2024-09-04,28.5,30.24,28.34,30.12,21333460,61.3
2024-09-05,29.97,30.51,29.97,30.39,10317332,61.86
2024-09-06,30.4,30.6,29.34,29.41,11486508,59.85
2024-09-09,29.82,29.92,29.42,29.84,12678060,60.73
2024-09-10,29.91,30.1,29.65,29.87,7979314,60.79
2024-09-11,30.02,30.54,29.46,30.49,19568448,62.06
2024-09-12,30.53,31.31,30.48,31.17,12444882,63.45
2024-09-13,31.31,31.61,31.1,31.24,12072870,63.58
2024-09-16,31.23,31.33,30.84,31.09,11414170,63.27
2024-09-17,31.38,31.66,31.09,31.52,8626070,63.99
2024-09-18,31.93,32.04,31.15,31.18,11720862,63.3
2024-09-19,32.14,32.31,31.83,32.16,7683652,65.29
2024-09-20,32.11,32.51,32.01,32.47,16009180,65.91
2024-09-23,32.5,32.68,32.3,32.35,9968462,65.67
2024-09-24,32.41,32.63,32.14,32.59,16623462,66.15
2024-09-25,32.57,32.79,32.06,32.2,9868268,65.36
2024-09-26,32.72,33,32.25,32.37,9355738,65.72
2024-09-27,32.43,32.5,31.84,32.03,12625568,65.02
2024-09-30,31.9,32.11,31.55,32.1,18441326,65.16
2024-10-01,32.08,32.17,31.1,31.34,13054678,63.62
2024-10-02,31.14,31.54,30.6,30.61,17214626,62.14
2024-10-03,30.58,30.97,30.5,30.58,13130438,62.07
2024-10-04,30.9,30.92,30.52,30.74,10575758,62.4
2024-10-07,30.53,30.98,30.52,30.96,10040392,62.85
2024-10-08,31.19,31.79,31.19,31.69,13357856,64.33
2024-10-09,31.69,32.09,31.49,31.99,9387490,64.94
2024-10-10,31.69,32.07,31.63,31.8,7727610,64.56
2024-10-11,31.72,32.37,31.67,32.3,10498592,65.56
2024-10-14,32.57,33.21,32.54,33.19,13365338,67.38
2024-10-15,33.32,33.46,32.11,32.36,30167160,65.7
2024-10-16,32.42,33.25,32.38,33,13696778,67
2024-10-17,33.44,33.73,33.11,33.27,13104152,67.54
2024-10-18,33.34,33.48,33.08,33.23,20318448,67.46
2024-10-21,33.12,33.27,32.84,32.94,16425608,66.87
2024-10-22,32.64,33.16,32.53,32.93,15791938,66.85
2024-10-23,33.5,35.07,33.11,33.73,24619416,68.47
2024-10-24,34.22,34.56,33.82,34.38,19666710,69.8
2024-10-25,34.68,34.82,33.95,34.19,14082268,69.41
2024-10-28,34.64,34.65,33.74,33.83,14232740,68.68
2024-10-29,33.83,34.05,33.67,33.93,16234276,68.88
2024-10-30,33.74,33.92,33.41,33.67,12267444,68.36
2024-10-31,33.54,33.54,32.93,33.01,13026290,67.02
2024-11-01,33.36,33.69,33.06,33.43,10799426,67.86
2024-11-04,33.5,33.75,33.28,33.61,9636218,68.22
2024-11-05,33.65,34.37,33.6,34.34,11160546,69.71
2024-11-06,35.65,35.65,34.87,35.55,23441208,72.17
2024-11-07,35.71,36.54,35.42,36.43,21746736,73.95
2024-11-08,36.47,36.75,36.22,36.39,12054186,73.87
2024-11-11,36.55,36.8,35.93,36.16,8841730,73.41
2024-11-12,36.26,36.45,35.29,35.46,15890934,71.99
2024-11-13,35.61,35.88,35.4,35.63,10167884,72.33
2024-11-14,35.95,36.28,35.66,35.74,13171112,72.55
2024-11-15,35.3,35.56,34.6,34.74,14820742,70.52
2024-11-18,34.76,34.83,34.08,34.42,14400784,69.88
2024-11-19,34.07,35.01,34.04,34.97,9724170,70.98
2024-11-20,35.17,35.18,34.48,34.92,8049094,70.89
2024-11-21,35.55,36.41,35.47,36.08,12288064,73.24
2024-11-22,36.28,36.65,36.16,36.6,9789568,74.29
2024-11-25,36.8,36.91,36.05,36.1,21999190,73.29
2024-11-26,36.25,36.35,35.92,36.09,9213372,73.26
2024-11-27,36,36.23,35.57,35.83,9490764,72.74
2024-11-29,35.99,36.15,35.79,35.79,6898390,72.65
2024-12-02,35.93,36.43,35.62,36,9098884,73.08
2024-12-03,35.91,36.06,35.6,36.02,7267612,73.13
2024-12-04,36.25,36.74,36.14,36.65,8006298,74.4
2024-12-05,36.53,36.76,36.38,36.65,13378416,74.39
2024-12-06,36.65,36.86,36.41,36.56,10464524,74.21
2024-12-09,36.56,36.66,36.17,36.29,13596972,73.67
2024-12-10,36.21,36.27,35.65,35.77,18280332,72.61
2024-12-11,36.12,36.34,35.84,36.22,6652946,73.53
2024-12-12,36,36.42,36,36.26,8256042,73.6
2024-12-13,36.37,36.84,36,36.27,10874732,73.63
2024-12-16,36.41,37.33,36.37,37.12,20442998,75.35
2024-12-17,37.03,37.25,36.62,36.66,14476992,74.26
2024-12-18,36.78,36.9,34.48,34.61,21200560,70.1
2024-12-19,35.04,35.46,34.41,34.56,19908202,70.01
2024-12-20,34.22,35.14,34.04,34.84,24386262,70.58
2024-12-23,34.95,35.15,34.62,35.05,5941722,70.99
2024-12-24,35.06,35.41,34.96,35.38,3321876,71.66
2024-12-26,35.18,35.45,35.09,35.33,5765446,71.56
2024-12-27,35.05,35.26,34.69,34.92,8144804,70.74
2024-12-30,34.38,34.6,34.13,34.31,11026962,69.5
2024-12-31,34.31,34.51,34.07,34.29,7872740,69.45
2025-01-02,34.63,34.78,33.9,34.07,8498626,69.01
2025-01-03,34.29,34.69,34.18,34.61,10097360,70.1
2025-01-06,35.11,35.69,35.07,35.12,9645724,71.13
2025-01-07,35.55,35.55,34.98,35.28,10677634,71.46
2025-01-08,34.94,35.74,34.87,35.46,14593182,71.83
2025-01-10,34.99,35.05,34.44,34.66,9061462,70.2
2025-01-13,33.92,33.92,33.27,33.74,13574386,68.34
2025-01-14,34.03,34.77,33.91,34.69,12320230,70.27
2025-01-15,35.48,35.72,34.94,35.03,12122314,70.95
2025-01-16,35.28,35.31,34.24,34.49,13734004,69.86
2025-01-17,34.24,34.55,33.81,34.27,19561816,69.42
2025-01-21,34.9,35.96,34.66,35.9,22797288,72.72
2025-01-22,37.35,38.63,36.15,38.43,28768946,77.84
2025-01-23,38.5,38.91,37.85,38.78,18615752,78.55
2025-01-24,39,39.19,37.97,38.11,12637986,77.19
2025-01-27,35.04,35.92,32.42,33.32,45018666,67.49
2025-01-28,34,34.03,32.77,33.86,20737550,68.58
2025-01-29,34.11,34.6,33.97,34.25,17885990,69.38
2025-01-30,35.37,35.55,34.71,35.38,14206372,71.66
2025-01-31,35.94,36.03,34.84,34.94,12541738,70.78
2025-02-03,34.08,34.88,33.84,34.62,14969002,70.12
2025-02-04,34.06,34.96,33.95,34.42,12432782,69.71
2025-02-05,34.66,34.73,34.07,34.32,15132284,69.52
2025-02-06,34.67,34.9,34.18,34.57,12555332,70.03
2025-02-07,34.69,35.12,34.3,34.46,12496302,69.8
2025-02-10,34.81,35.54,34.7,35.45,19886132,71.8
2025-02-11,34.99,35.1,34.31,34.53,13158854,69.95
2025-02-12,34.06,34.53,34,34.43,15024162,69.73
2025-02-13,34.37,34.52,34.03,34.25,12208690,69.37
2025-02-14,34.41,34.59,33.97,34.01,10936078,68.88
2025-02-18,34.26,34.33,33.57,34.08,12704048,69.03
2025-02-19,34.73,34.83,34.08,34.46,14724568,69.81
2025-02-20,34.34,34.46,33.64,34.25,9389674,69.37
2025-02-21,34.28,34.36,32.97,33.36,16030790,67.58
2025-02-24,33.52,33.79,32.86,33.14,14938022,67.13
2025-02-25,32.52,33.01,31.73,32.09,24744180,65.01
2025-02-26,32.64,33,32.32,32.7,19602988,66.23
2025-02-27,32.78,33.07,32.24,32.32,13897672,65.46
2025-02-28,32.14,32.89,31.91,32.88,20961890,66.6
2025-03-03,32.9,32.97,31.18,31.32,18653436,63.45
2025-03-04,30.86,31.69,30.33,31.13,18789998,63.05
2025-03-05,31.35,31.98,30.97,31.95,15557954,64.71
2025-03-06,31.01,31.26,30.35,30.49,18260990,61.75
2025-03-07,30.49,31.26,29.63,31.07,16240760,62.93
2025-03-10,30.27,30.71,29.96,30.51,17529002,61.79
2025-03-11,30.64,31.03,30.14,30.43,15005206,61.64
2025-03-12,31.21,31.52,30.67,31.02,19615182,62.83
2025-03-13,30.99,31.2,30.29,30.42,14273310,61.62
2025-03-14,30.96,31.32,30.64,31.1,15155594,63
2025-03-17,30.91,31.88,30.91,31.53,13669864,63.86
2025-03-18,31.26,31.82,31.09,31.6,20178820,63.85
2025-03-19,32.36,33.68,32.02,33.37,31939454,67.41
2025-03-20,32.72,33.41,32.72,32.85,15254872,66.36
2025-03-21,32.47,33.19,31.99,32.96,23648774,66.6
2025-03-24,33.58,34.37,33.55,34.3,16951192,69.3
2025-03-25,34.24,34.56,34.01,34.4,10404794,69.49
2025-03-26,34.31,34.47,33.25,33.45,13832436,67.58
2025-03-27,33.3,33.96,32.99,33.74,16067032,68.17
2025-03-28,33.43,33.74,32.77,32.96,18979534,66.59
2025-03-31,32.41,32.72,31.88,32.47,20175828,65.59
2025-04-01,32.46,32.98,32.23,32.7,12722386,66.07
2025-04-02,32.13,33.7,32.1,33.61,11401096,67.9
2025-04-03,31.85,32.08,30.78,31.01,19433656,62.66
2025-04-04,29.97,29.98,28.27,29.25,30922048,59.09
2025-04-07,28.46,31.27,27.94,30.14,31144490,60.9
2025-04-08,31.27,31.66,29.28,29.73,25711838,60.07
2025-04-09,29.59,33.19,29.28,32.76,24122950,66.18
2025-04-10,31.74,32.34,30.69,31.74,26154736,64.13
2025-04-11,31.35,32.49,31.19,32.37,12938172,65.4
2025-04-14,33.17,33.26,32.17,32.4,13571000,65.46
2025-04-15,32.5,33.07,32.38,32.55,12366566,65.76
2025-04-16,31.99,32.56,31.55,32.06,11266852,64.77
2025-04-17,32.18,32.67,31.96,32.2,12105190,65.06
2025-04-21,31.65,32.05,30.96,31.48,13203712,63.59
2025-04-22,31.85,32.66,31.8,32.54,15202438,65.75
2025-04-23,37.63,37.83,35.1,35.22,38108826,71.15
2025-04-24,35.88,37.89,35.06,37.63,29841790,76.03
2025-04-25,37.2,37.93,36.7,37.54,28649252,75.85
2025-04-28,37.66,37.91,37.1,37.56,11759550,75.88
2025-04-29,37.58,38.06,37.45,37.95,10886282,76.68
2025-04-30,36.94,38.19,36.78,38.09,13248208,76.95
2025-05-01,38.85,39.28,38.67,38.92,16873192,78.63
2025-05-02,39.41,40.09,38.98,39.92,15413852,80.66
2025-05-05,39.65,40.04,39.43,39.68,13525292,80.17
2025-05-06,39.42,39.62,39.15,39.45,12108002,79.71
2025-05-07,39.45,40.13,39.24,40.01,16579258,80.84
2025-05-08,40.49,40.5,39.65,39.88,17245224,80.58
2025-05-09,40.07,40.31,39.76,40.03,13836358,80.88
2025-05-12,41.27,42.06,41.02,41.81,19720504,84.46
2025-05-13,41.95,42.96,41.88,42.46,16178450,85.78
2025-05-14,42.57,42.6,42.26,42.38,11502984,85.63
2025-05-15,42.26,42.64,41.93,42.55,11915712,85.97
2025-05-16,42.72,43.04,42.48,43,15381142,86.88
2025-05-19,41.99,42.95,41.99,42.77,16632192,86.41
2025-05-20,42.57,42.82,42.38,42.71,8844036,86.29
2025-05-21,42.4,43.17,42.27,42.41,13015360,85.69
2025-05-22,42.29,42.54,41.96,42.2,10532644,85.26
2025-05-23,41.51,42.57,41.3,42.34,8952242,85.55
2025-05-27,43.02,43.8,42.94,43.72,14984742,88.33
2025-05-28,43.66,43.94,43.48,43.62,12233266,88.13
2025-05-29,44.05,44.12,43.53,44.01,15481104,88.92
2025-05-30,44.07,44.54,43.63,44.51,42917458,89.93
2025-06-02,44.32,44.74,43.94,44.73,12233824,90.36
2025-06-03,44.99,45.48,44.9,45.38,13051798,91.68
2025-06-04,45.52,45.74,45.28,45.49,12140760,91.91
2025-06-05,45.72,46.19,45.48,45.79,17373318,92.52
2025-06-06,46.16,46.37,45.94,46.21,8578996,93.36
2025-06-09,46.3,46.48,45.92,46.01,15404964,92.96
2025-06-10,46.25,46.58,45.07,45.78,17335252,92.49
2025-06-11,45.81,46.18,45.34,46.07,15203390,93.07
2025-06-12,45.9,46.94,45.71,46.82,11697968,94.6
2025-06-13,46.04,46.41,45.58,45.78,14264866,92.49
2025-06-16,46.18,46.55,46.09,46.22,10427968,93.38
2025-06-17,45.91,46.48,45.73,46.01,28481948,92.8
2025-06-18,46,46.7,45.89,46.35,19841254,93.47
2025-06-20,46.68,46.86,46.1,46.52,32880226,93.82
2025-06-23,46.34,47.24,46.1,47.23,22918922,95.25
2025-06-24,47.69,47.94,47.05,47.5,23906008,95.8
2025-06-25,47.67,48.3,47.5,48.11,12457088,97.02
2025-06-26,48.11,48.59,48.04,48.09,24947566,96.98
2025-06-27,48.14,48.63,47.82,48.43,39555858,97.67
2025-06-30,48.58,49.09,48.29,48.96,16503944,98.75
2025-07-01,48.89,48.94,47.8,48.29,13565038,97.39
2025-07-02,47.97,48.85,47.69,48.85,12709404,98.52
2025-07-03,49.2,49.44,48.99,49.32,6361572,99.46
2025-07-07,49.26,49.58,48.69,48.87,19702382,98.55
2025-07-08,48.96,49.16,47.92,48.3,18851694,97.41
2025-07-09,48.54,48.98,48.32,48.7,12489698,98.21
2025-07-10,48.87,49,48.16,48.75,10631964,98.31
2025-07-11,48.7,49.07,48.56,48.97,13434108,98.76
2025-07-14,49,49.98,48.75,49.69,15500368,100.21
2025-07-15,49.95,50.08,49.03,49.31,11015770,99.44
2025-07-16,49.49,49.87,48.9,49.86,12479784,100.55
2025-07-17,49.63,50.62,49.63,50.56,13917934,101.96
2025-07-18,51.07,51.42,50.74,51.24,12637964,103.34
2025-07-21,51.09,51.65,50.83,51.42,13018814,103.71
2025-07-22,51.45,51.51,50.13,50.47,17651434,101.78
2025-07-23,53.17,53.97,47.2,49.94,60116290,100.71
2025-07-24,50.97,52.11,50.67,51.8,28029254,104.46
2025-07-25,51.96,52.57,51.9,52.07,14607178,105.02
2025-07-28,52.52,53.13,52.08,52.91,16737564,106.7
2025-07-29,53.46,53.82,52.05,52.22,18954068,105.31
2025-07-30,52.22,52.56,51.71,52.31,14494932,105.49
2025-07-31,52.96,53.65,52.69,52.81,30535992,106.51
2025-08-01,52.21,52.22,50.95,51.72,17472340,104.31
2025-08-04,53.83,53.92,52.76,53.86,17995932,108.63
2025-08-05,53.88,54.49,53.06,53.52,20869478,107.93
2025-08-06,53.68,54.3,53.32,54.3,13015770,109.5
2025-08-07,54.34,54.73,53.47,53.82,11588314,108.55
2025-08-08,54.13,54.84,53.8,54.53,10105066,109.98
2025-08-11,54.67,55.04,54.17,54.45,9719144,109.81
2025-08-12,54.62,55.47,54.44,55.46,14151868,111.85
2025-08-13,55.59,55.71,53.39,54.46,19743938,109.83
2025-08-14,54.05,54.95,53.93,54.91,12494490,110.74
2025-08-15,54.82,54.9,53.31,54.15,13071658,109.21
2025-08-18,54.54,55.23,54.4,55.07,13618376,111.06
2025-08-19,54.94,55.54,54.14,54.53,14001246,109.98
2025-08-20,54.2,54.28,51.92,53.87,18023334,108.65
2025-08-21,53.81,54.29,53.5,53.95,14641476,108.81
2025-08-22,54.05,55.12,53.76,54.23,15105366,109.36
2025-08-25,54.33,55.28,54.32,54.41,8173712,109.73
2025-08-26,54.45,54.93,54.41,54.49,20618898,109.9
2025-08-27,54.38,54.87,54.25,54.61,8866740,110.13
2025-08-28,54.59,55.56,54.32,55.5,10154388,111.94
2025-08-29,55.05,55.18,53.51,53.98,12393824,108.86
2025-09-02,53,54.2,52.29,54.17,13973626,109.25
2025-09-03,54.26,54.91,54,54.89,13652882,110.69
2025-09-04,55.09,55.92,54.67,55.91,16291374,112.75
2025-09-05,56.03,56.37,53.89,54.77,24817680,110.45
2025-09-08,55.09,55.52,54.73,54.81,18559344,110.54
2025-09-09,54.99,58.13,54.84,57.91,28191594,116.79
2025-09-10,58.51,59.9,57.84,59.05,37826350,119.09
2025-09-11,58.92,59.62,58.92,59.24,19660820,119.47
2025-09-12,59.02,59.3,58.42,58.85,12717864,118.68
2025-09-15,58.75,59.75,58.62,59.12,12126836,119.24
2025-09-16,59.18,59.49,58.7,59.11,15435726,119.04
2025-09-17,59.14,59.34,58.26,58.79,23917868,118.41
2025-09-18,59.09,60.97,59.03,60.61,24260816,122.07
2025-09-19,60.81,61.76,60.22,61.54,31673350,123.94
2025-09-22,61.07,61.54,60.18,61.42,24414480,123.69
2025-09-23,61.58,62.59,61.5,62.27,24026188,125.4
2025-09-24,62.36,62.56,60.34,61.14,16868282,123.13
2025-09-25,60.13,60.77,59.4,60.74,18009314,122.33
2025-09-26,60.96,61.11,60.24,60.87,12425324,122.6
2025-09-29,61.48,61.69,59.72,60.09,16226038,121.01
2025-09-30,60.28,61.51,60.23,61.45,14652342,123.75
2025-10-01,61.28,62.33,60.48,61.9,14700006,124.66
2025-10-02,62.22,62.47,60.53,61.36,12143708,123.58
2025-10-03,61.64,61.91,60.64,60.69,12631148,122.22
2025-10-06,61.77,62.08,60.83,61.27,13137288,123.4
2025-10-07,61.63,61.94,61.03,61.83,14791068,124.53
2025-10-08,61.81,62.62,61.49,62.46,12637318,125.79
2025-10-09,62.62,62.81,61.75,62.69,6645550,126.25
2025-10-10,63.09,63.31,60.27,60.43,11430212,121.7
2025-10-13,61.32,62.15,60.99,61.53,12280074,123.91
2025-10-14,60.44,61.79,59.6,60.89,11824916,122.64
2025-10-15,62.88,63.3,61.62,62.36,20226920,125.6
2025-10-16,63.04,63.62,62.79,63.24,13883708,127.36
2025-10-17,62.68,63.08,61.8,62.39,11768696,125.65
2025-10-20,62.85,63.53,62.41,63.39,10550538,127.67
2025-10-21,63.46,63.6,61.74,61.79,15854306,124.44
2025-10-22,67.21,67.5,62.07,64.02,44269310,128.93
2025-10-23,64.35,67.79,64.1,67.19,23974264,135.31
2025-10-24,68.12,68.35,66.19,66.45,18148026,133.82
2025-10-27,67.37,68.03,67.11,67.48,16944548,135.91
2025-10-28,67.52,68.3,66.87,68.17,13400482,137.29
2025-10-29,69.12,70.37,68.28,69.39,16953922,139.75
2025-10-30,69.02,69.89,68.35,69.07,14805656,139.11
2025-10-31,69.8,70.35,68.69,69.19,12895578,139.34
2025-11-03,69.67,70.76,69.51,70.28,19137470,141.55
2025-11-04,67.84,68.81,67.46,67.88,21409122,136.7
2025-11-05,67.87,70.04,67.78,68.95,16158612,138.87
2025-11-06,69.22,69.51,67.36,68.58,15294884,138.11
2025-11-07,67.91,69.12,66.79,69.06,17498944,139.09
2025-11-10,70.14,71.68,69.89,71.43,15566220,143.85
2025-11-11,70.76,71.45,69.85,71.24,13954552,143.47
2025-11-12,71.49,71.53,69.89,70.47,13077122,141.92
2025-11-13,70.1,70.18,66.95,67.16,20195362,135.25
2025-11-14,64.72,67.87,64.62,66.41,19595108,133.74
2025-11-17,65.84,67.24,65.17,65.71,12001836,132.33
2025-11-18,65.7,66.13,64.43,65.76,16200582,132.44
2025-11-19,65.64,67.91,65.39,67.86,17962508,136.66
2025-11-20,69.86,69.86,64.65,64.73,20626608,130.36
2025-11-21,64.73,65.64,63.15,65.34,16414582,131.6
2025-11-24,65.88,68.68,65.81,68.46,27136766,137.88
2025-11-25,68.28,68.69,66.5,68.43,14205734,137.81
2025-11-26,68.98,69.24,68.4,68.88,12886824,138.72
2025-11-28,69.26,69.99,68.67,69.96,6390188,140.9
2025-12-01,69.34,69.56,68.17,69.13,14675822,139.22
2025-12-02,70.51,71.24,69.96,70.25,17446556,141.49
2025-12-03,69.98,70.04,68.18,68.84,20230782,138.65
2025-12-04,68.52,69.68,68.36,69.25,16389738,139.46
2025-12-05,69.49,69.49,68.03,69.2,14874982,139.36
2025-12-08,69.51,70.64,69.34,69.54,7765510,140.06
2025-12-09,69.35,69.98,68.42,68.81,11195276,138.58
2025-12-10,68.79,69.23,67.71,68.86,13517534,138.68
2025-12-11,68.42,69.09,66.61,69.06,14495906,139.09
2025-12-12,68.58,68.63,63.7,64.17,26522016,129.24
2025-12-15,64.62,65.18,64.26,64.5,16084896,129.9
2025-12-16,64.21,64.88,63.58,64.24,15803342,129.13
2025-12-17,64.41,64.63,62.38,62.94,24094680,126.51
2025-12-18,64.28,64.93,63.62,64.48,16018480,129.61
2025-12-19,64.71,68.08,64.64,67.31,35074968,135.29
2025-12-22,68.16,68.26,66.31,67.23,10697958,135.14
2025-12-23,66.49,68.28,66.31,68.22,9613910,137.12
2025-12-24,68.25,68.73,67.98,68.62,4324742,137.94
2025-12-26,68.62,68.81,68.08,68.37,5336334,137.43
2025-12-29,67.76,68.45,67.57,68.11,8754172,136.9
2025-12-30,68.29,68.58,67.63,67.76,7103598,136.2
2025-12-31,67.98,68.23,67.18,67.23,6606430,135.14
2026-01-02,68.22,69.62,68,69.5,14357208,139.71
2026-01-05,70.17,71.29,69.15,69.59,20300954,139.88
2026-01-06,68.48,70.35,64.98,70.34,25709180,141.38
2026-01-07,69.48,69.81,68.63,69.11,16590488,138.91
2026-01-08,68.53,68.79,66.71,67.78,13942108,136.25
2026-01-09,67.79,69.89,67.62,69.73,10384112,140.16
2026-01-12,70.47,73.26,70.39,72.19,20268560,145.11
2026-01-13,72.73,74.18,71.68,74.11,16123012,148.97
2026-01-14,73.71,73.97,71.83,73.01,18841048,146.75
2026-01-15,74.7,77.75,74.37,76.72,20157864,154.22
2026-01-16,77.11,77.11,75.43,76.81,19204104,154.39
2026-01-20,74.92,76.81,74.39,75.78,21338474,152.33
2026-01-21,76.15,77.53,74.86,76.91,17329324,154.6
2026-01-22,77.61,78.37,74.06,75.87,15599130,152.5
2026-01-23,75.25,75.52,73.58,75.12,14667498,150.99
2026-01-26,74.95,77.95,74.63,77.39,21127774,155.56
2026-01-27,78.54,83.1,78.33,82.71,36625030,166.25
2026-01-28,70.15,76.32,69.65,72.61,75581246,145.96
2026-01-29,73.76,75.33,72.51,74.41,33858724,149.58
2026-01-30,73.6,74.45,71.51,71.68,24667482,144.08
2026-02-02,71.64,73.88,71.64,72.1,19902254,144.93
2026-02-03,73.06,74.25,70.14,73.16,20717044,147.06
2026-02-04,73.04,73.14,64.37,64.67,42508438,130
2026-02-05,64.43,65.01,62.79,63.49,39205142,127.63
2026-02-06,65.75,68.81,65.73,67.77,23062932,136.23
2026-02-09,68.24,72.27,67.96,71.74,18642480,144.2
2026-02-10,72.66,73.32,71.21,71.71,21375288,144.14
2026-02-11,73.51,73.51,69.05,71.66,17821688,144.04
2026-02-12,73.28,74.06,71.48,71.5,22705268,143.73
2026-02-13,71.46,74.04,70.16,72.99,18757538,146.72
2026-02-17,72.01,74.28,71.16,73.91,13689580,148.57
2026-02-18,74.62,75.31,73.17,73.49,14970394,147.73
2026-02-19,73.13,75.31,72.79,75.22,10461614,151.2
2026-02-20,74.47,76.43,74.47,75.14,14934802,151.04
2026-02-23,74.68,75.5,73.23,73.54,12143006,147.82
2026-02-24,73.92,75.47,72.38,75.37,16002620,151.5
2026-02-25,75.34,76.64,74.03,75.94,11308812,152.64
2026-02-26,76.24,76.44,71.55,73.86,15514314,148.47
2026-02-27,72.37,73.38,71.41,72.66,19657284,146.06
2026-03-02,70.39,70.71,67.05,67.24,29498094,135.16
2026-03-03,64.67,65.63,63.48,64.46,30487450,129.58
2026-03-04,65.73,66.4,64.23,66.04,23091398,132.75
2026-03-05,67.66,69.84,66.6,67.78,27848338,136.24
2026-03-06,66.25,67.36,64.96,65.6,15953324,131.87
2026-03-09,64.46,68.02,63.98,67.69,17512460,136.06
2026-03-10,67.85,69.33,67.41,68.03,14314484,136.74
2026-03-11,67.88,68.05,66.01,66.93,13259992,134.54
2026-03-12,65.82,65.91,63.95,65.41,17877084,131.47
2026-03-13,65.63,68.08,65.63,66.62,14495488,133.92
2026-03-16,68.16,69.94,67.48,68.06,20987828,136.8
2026-03-17,69.59,71.76,66.78,67.22,26394948,135.12
2026-03-18,67.31,67.97,62.92,63.58,25241368,127.81
2026-03-19,62.6,65.66,62.39,65,14309602,130.65
2026-03-20,64.74,65.09,62.03,63.05,28554892,126.74
2026-03-23,64.36,66.5,64.09,65.14,15431840,130.67
2026-03-24,64.1,66.34,63.68,63.78,19466568,127.96
2026-03-25,64.73,65.65,63.19,64.17,23441620,128.73
2026-03-26,62.43,63.42,61.11,61.38,19294598,123.13
2026-03-27,61.06,62.82,60.48,61.62,15613956,123.62
2026-03-30,62.51,62.99,58.94,59.39,16346182,119.15
2026-03-31,60.95,63.06,60.32,62.98,20153328,126.35
2026-04-01,63.39,64.67,63.39,63.66,14724440,127.7
2026-04-02,61.4,64.4,61.31,63.8,11177022,128
2026-04-06,63.8,64.04,62.86,63.05,9213454,126.49
2026-04-07,62.41,64,62.15,63.99,8925978,128.38
2026-04-08,67.79,68.09,65.71,67.45,14113430,135.32
2026-04-09,68.14,68.87,66.87,68.63,13617218,137.68
2026-04-10,69.19,71.63,69,70.16,19477174,140.75
2026-04-13,69.79,72.45,69.75,72.41,15272074,145.27
2026-04-14,73.7,74.38,72.64,74.13,16731204,148.72
2026-04-15,73.77,74.13,72.03,73.27,14629716,146.98
2026-04-16,73.28,74.31,72.47,74.25,12922044,148.96
2026-04-17,74.66,75.97,74.65,75.3,13572278,151.06
2026-04-20,76.27,76.89,75.77,76.17,12207636,152.81
2026-04-21,76.76,77.49,75.4,75.73,14745564,151.93
2026-04-22,73.84,75.39,72.48,73.84,18732160,148.13
2026-04-23,74.31,75.77,74.08,74.86,13469142,150.18
2026-04-24,75.45,75.63,74.03,74.63,9326300,149.71
2026-04-27,74.4,74.77,72,74.09,12698196,148.64
2026-04-28,71.78,73.48,70.91,71.64,19745754,143.72
2026-04-29,76.76,77.22,73.05,73.96,28651016,148.38
2026-04-30,75.74,76.19,71.59,73.41,18630704,147.27
2026-05-01,73.02,73.11,70.92,70.93,11550866,142.3
2026-05-04,71.51,71.76,69.88,70.3,14384874,141.03
2026-05-05,71.51,71.84,67.75,68.14,23401070,136.69
2026-05-06,68.79,70.22,68.3,69.02,21071912,138.47
2026-05-07,69.34,69.34,66.99,68.1,18008856,136.62
2026-05-08,68.58,68.69,63.62,63.82,36387294,128.03
2026-05-11,63.79,64.01,60.53,61.05,49518966,122.47
2026-05-12,61.78,63.89,61.61,63.74,31922446,127.87
2026-05-13,64.78,64.79,61.59,62.13,22626872,124.64
2026-05-14,62.27,64.52,61.59,64.4,21702526,129.19
2026-05-15,64,64.15,62.17,62.31,20709772,125
2026-05-18,62.51,62.68,59.89,60.67,19783756,121.72
2026-05-19,59.68,59.98,58.82,59.42,21527594,119.2
2026-05-20,59.8,61.36,59.62,61.34,19130778,123.05
2026-05-21,60.95,62.39,60.52,62.24,17178456,124.86
2026-05-22,63.37,66.09,63.37,65.83,35474500,132.06
2026-05-26,68.23,71.66,67.89,69.57,33193028,139.56
2026-05-27,69.64,70.78,68.87,69.91,20154354,140.24
2026-05-28,70.29,73.94,69.73,73.61,27594360,147.68
2026-05-29,74.24,75.58,72.78,74.15,27401236,148.76
2026-06-01,73.25,74.1,71.88,72.95,17440772,146.34
2026-06-02,73.11,74.54,70.53,73.97,22886934,148.4
2026-06-03,74.07,75.73,72.78,73.58,17165218,147.62
2026-06-04,72.41,73.69,70.69,73.16,11242018,146.77
2026-06-05,71.41,72.26,68.89,69.19,14342016,138.81
2026-06-08,71.79,72.75,70.71,71.58,15016356,143.6
2026-06-09,73.5,77.22,72.39,76.8,30864036,154.07
2026-06-10,76.27,79.66,74.3,74.38,24144234,149.22
2026-06-11,74.99,76.41,73.62,76,23822092,152.46
2026-06-12,76.65,77.41,75.66,76.67,18789828,153.8
2026-06-15,78.04,79.43,77.17,79.05,18076988,158.59
2026-06-16,79.05,80.8,78.29,79.16,16448714,158.81
2026-06-17,80.27,81.84,79.69,80.31,17428644,161.11
2026-06-18,82.41,82.92,81.09,81.73,25641742,163.96
2026-06-22,82.93,84.12,81.77,82.73,17173890,165.96
2026-06-23,79.73,81.01,79.13,79.23,20024352,158.7
2026-06-24,78.55,83.04,77.98,81.26,17335740,162.78
2026-06-25,82.95,84.23,81.77,82.45,16974442,165.15
2026-06-26,81.11,82.84,80.21,81.73,23725292,163.72
2026-06-29,82,83.32,79.74,83.08,12396420,166.42
2026-06-30,83.46,89.12,83.45,88.02,28841362,176.32
2026-07-01,86.94,86.94,83.64,85.98,16026152,172.22
2026-07-02,84.87,86.37,80.56,82.17,16612986,164.59
2026-07-06,83.87,84.55,82.22,83.28,15255560,166.81
2026-07-07,80.79,81.54,78,79.18,10924506,158.61
2026-07-08,77.28,79.15,76.46,78.99,12528914,158.22
2026-07-09,81.62,82.32,80.54,80.99,12253074,162.24
2026-07-10,80.65,81.1,78.45,79.41,11901184,159.06
2026-07-13,79.05,80.07,77.36,77.87,11008018,155.99
2026-07-14,78.92,79.87,77.53,79.06,10417884,158.37
2026-07-15,80.06,80.21,76.95,78.4,14811092,157.04
2026-07-16,77.09,78.38,76.11,76.45,10975554,153.14
2026-07-17,74.76,76.64,72.91,75.48,13401434,151.2
2026-07-20,75.88,77.27,74.99,75.14,9527056,150.51
2026-07-21,77.4,78.92,76.31,78.78,12976044,157.81
2026-07-22,76.88,79.14,76.69,78.63,12097200,157.51
2026-07-23,78.13,79.89,77.94,78.59,12637146,157.43
2026-07-24,78.03,79.31,75.53,76.22,11214318,152.67
2026-07-27,77.63,77.63,73.26,74.52,11137014,149.28
2026-07-28,72.61,72.89,69.73,71.81,20228192,143.85
2026-07-29,76.03,79.52,74.59,75.04,24378436,150.31
2026-07-30,79.73,80.48,77.24,79.79,21533386,159.82
2026-07-31,82.29,83.49,79.8,80.23,18552748,160.7
2026-08-03,78.74,81.95,77.56,81.54,14324824,163.34
2026-08-04,85.1,86.32,82.67,85.53,16350376,171.33
2026-08-05,86.02,87.28,85.17,85.99,12291048,172.24
2026-08-06,84.74,88.03,84.2,85.17,10724068,170.61
2026-08-07,85.69,86.07,83.31,84.46,12128960,169.18
2026-08-10,85.58,85.72,83.69,83.72,11171530,167.7
2026-08-11,85.07,86,83.45,83.49,7908626,167.23
2026-08-12,85.94,86.28,83.96,84.85,10449226,169.96
2026-08-13,84.78,85.07,82.51,82.75,8389150,165.75
2026-08-14,82.7,83.81,82.5,83.43,8966714,167.11
2026-08-17,83.84,85.9,83.1,85.3,12610038,170.87
2026-08-18,82.47,83.06,78.93,79.66,15077522,159.57
2026-08-19,80.87,81.5,77.66,77.9,12081878,156.04
2026-08-20,77.75,78.23,76.29,76.44,10797302,153.11
2026-08-21,78.13,79.08,76.79,78.38,12567104,157.01
2026-08-24,77.38,78.03,75.63,77.65,10532050,155.55
2026-08-25,79.71,79.72,78.51,79.27,10833312,158.78
2026-08-26,79.41,81.18,79.36,80.55,11865986,161.34
2026-08-27,81.52,81.52,80.06,80.57,10263956,161.38
2026-08-28,80.5,80.62,78.69,78.75,8459502,157.74
2026-08-31,78.08,79.72,77.84,79.15,11066876,158.55
2026-09-01,79.43,81.52,78.2,81.46,15436366,163.18
2026-09-02,79.91,81.03,77.58,79.92,13286742,160.08
2026-09-03,80.69,82.03,79.21,81.94,10189600,82.07
2026-09-04,82.71,83.71,81.72,82.65,11222889,82.78
2026-09-08,83.43,83.87,81.45,81.63,10101974,81.76
2026-09-09,80.85,82.15,80.75,81.21,9542064,81.34
2026-09-10,79.88,80.72,79.11,80.13,13080772,80.25
2026-09-11,82.29,84.35,82.05,83.79,11030988,83.92
2026-09-14,81.07,81.47,78.24,78.43,12207634,78.55
2026-09-15,78.36,79.02,76.97,77.53,8665184,77.65
2026-09-16,78.9,78.9,76.62,77.14,8893365,77.26
2026-09-17,78.74,78.96,76.96,78.25,8542603,78.37
2026-09-18,78.21,79.18,77.28,77.43,29782510,77.55
2026-09-21,79.13,81.08,78.76,80.6,11653401,80.72
2026-09-22,80.19,83.37,79.51,82.84,13242893,82.84
2026-09-23,83.38,83.4,81.375,82.19,12999969,82.19
