date,open,high,low,close,volume,raw_close
2017-11-17,245.24,246.59,242.59,245.15,556379,98.7
2017-11-20,253.02,255.8,251.63,253.69,1064030,102.14
2017-11-21,255.03,255.33,253.12,253.34,686351,102
2017-11-22,253.34,254.77,249.64,250.31,716278,100.78
2017-11-24,250.31,250.81,249,250.51,259071,100.86
2017-11-27,250.86,252.03,249.47,250.29,397235,100.77
2017-11-28,250.86,253.24,249.91,252.65,434594,101.72
2017-11-29,253.89,254.46,251.75,253.47,456056,102.05
2017-11-30,254.83,260.77,251.45,259.97,871421,104.67
2017-12-01,258.73,259.6,252.06,257.09,656264,103.51
2017-12-04,257.09,260.77,252.61,259.06,983510,104.3
2017-12-05,73.59,74.23,71.33,73.49,3811657,88.77
2017-12-06,73.22,74.21,70.52,70.67,2830443,85.36
2017-12-07,70.36,70.72,69.44,69.86,3187087,84.38
2017-12-08,70.34,71.14,69.73,70.55,2773254,85.22
2017-12-11,71.45,71.98,70.41,71.11,3811082,85.89
2017-12-12,71.65,71.71,70.69,70.93,2822852,85.67
2017-12-13,71.19,71.26,69.08,69.18,2334278,83.56
2017-12-14,69.2,70.07,68.69,68.76,2205906,83.05
2017-12-15,69.44,69.94,69.06,69.88,4104776,84.4
2017-12-18,70.02,70.76,69.65,69.74,1824639,84.24
2017-12-19,70.17,71.95,70.08,70.89,2356512,85.62
2017-12-20,71.23,71.52,70.62,71.09,1751686,85.87
2017-12-21,71.23,71.85,70.27,70.36,1740079,84.98
2017-12-22,70.53,70.53,69.68,70.2,1008087,84.79
2017-12-26,70.07,70.47,69.93,70.27,374043,84.88
2017-12-27,70.4,70.76,70.05,70.15,754647,84.73
2017-12-28,70.42,70.86,70.14,70.84,1021173,85.56
2017-12-29,70.91,71.18,70.23,70.23,1061511,84.83
2018-01-02,70.25,71.58,69.96,71.29,1571826,86.11
2018-01-03,71.28,72.74,70.98,72.48,1675943,87.54
2018-01-04,72.81,74.03,72.81,73.61,2014893,88.91
2018-01-05,74.43,75.93,74.11,75.81,2449631,91.57
2018-01-08,76.57,76.97,75.44,76.11,1888101,91.93
2018-01-09,76.41,77.57,76.36,76.79,2974472,92.75
2018-01-10,76.45,76.53,74.66,74.89,2461932,90.46
2018-01-11,74.98,76.39,74.63,76.22,2211487,92.06
2018-01-12,76.44,77.24,76.22,76.92,1536365,92.91
2018-01-16,77.79,77.84,76.32,76.63,2486123,92.56
2018-01-17,76.48,77.97,76.11,77.46,2376139,93.56
2018-01-18,77.7,77.82,76.54,77.08,1596447,93.1
2018-01-19,77.34,77.86,76.78,77.43,2818291,93.52
2018-01-22,77.9,78.14,76.32,77.45,2049542,93.55
2018-01-23,77.16,77.45,76.43,76.85,1752372,92.83
2018-01-24,77.58,78.39,76.89,77.44,2115816,93.54
2018-01-25,77.82,78.1,76.23,76.57,1945150,92.49
2018-01-26,77.14,78.44,76.79,78.22,2910582,94.48
2018-01-29,78.65,79.04,77.96,78.56,3478611,94.89
2018-01-30,78.16,78.87,77.82,78.34,1560970,94.63
2018-01-31,78.87,79.45,77.94,78.55,3469663,94.88
2018-02-01,75.2,80.23,75.17,79.5,2903180,96.02
2018-02-02,79.5,79.65,78.09,78.18,2717004,94.21
2018-02-05,77.9,79.35,75.52,75.63,2842445,91.14
2018-02-06,74.53,77.5,73.78,76.84,3576841,92.6
2018-02-07,76.78,79.12,76.54,77.74,1961817,93.69
2018-02-08,77.75,77.84,74.05,74.08,2882412,89.27
2018-02-09,74.93,75.26,71.51,73.49,3402800,88.56
2018-02-12,74.06,76.59,73.55,75.88,2139039,91.44
2018-02-13,75.31,76.33,74.92,75.32,1112103,90.77
2018-02-14,74.82,77.11,74.61,76.92,1785751,92.69
2018-02-15,77.6,77.71,76.04,77.45,1418291,93.33
2018-02-16,76.88,77.92,76.65,76.67,1264657,92.4
2018-02-20,76.13,77.5,76.13,76.62,1700824,92.34
2018-02-21,76.6,78.13,76.14,76.8,1309872,92.55
2018-02-22,77.36,77.89,76.58,77.12,1057695,92.94
2018-02-23,77.35,77.82,76.52,77.22,993246,93.06
2018-02-26,77.85,78.66,77.21,78.6,1024176,94.72
2018-02-27,78.61,78.76,76.84,76.86,1131952,92.62
2018-02-28,77.16,77.31,75.75,75.79,1475398,91.33
2018-03-01,75.61,75.91,71.79,72.83,2411714,87.77
2018-03-02,72.24,74.01,72.12,73.53,1901430,88.61
2018-03-05,73.05,74.09,72.5,73.7,2619119,88.82
2018-03-06,74.21,75.25,73.53,74.64,1518028,89.95
2018-03-07,73.87,74.4,73.33,74.2,1817363,89.42
2018-03-08,74.43,74.71,73.76,74.43,1127577,89.7
2018-03-09,75.32,76.72,75.11,76.57,1281202,92.27
2018-03-12,76.62,77.23,75.66,75.89,909579,91.45
2018-03-13,75.89,76.64,75.24,75.43,926782,90.9
2018-03-14,76.09,76.09,74.09,74.1,1098717,89.3
2018-03-15,74.3,74.57,73.36,73.82,1448027,88.96
2018-03-16,73.96,74.46,73.65,74.12,1639541,89.32
2018-03-19,74.04,74.42,72.37,72.93,1343883,87.89
2018-03-20,73.36,73.62,72.61,72.9,1599811,87.85
2018-03-21,73.02,73.92,72.69,73.14,1292974,88.14
2018-03-22,72.64,73.04,69.26,69.53,2121372,83.79
2018-03-23,69.8,70.83,67.33,67.39,2247739,81.21
2018-03-26,68.63,70.63,68.53,70.57,1840650,85.04
2018-03-27,70.64,72.02,69.43,69.98,2413674,84.33
2018-03-28,69.7,70.25,68.3,68.72,2083126,82.82
2018-03-29,69.08,70.87,68.96,70.51,1790569,84.97
2018-04-02,70.14,70.19,66.9,67.7,2049218,81.58
2018-04-03,68.51,69.59,67.69,68.53,1638167,82.58
2018-04-04,67.63,70,67.25,69.89,1460884,84.22
2018-04-05,70.7,71.47,70.38,71.28,1550497,85.9
2018-04-06,70.43,70.84,68.96,69.55,1764772,83.82
2018-04-09,70.01,70.47,69.4,69.43,1226528,83.67
2018-04-10,70.38,71.6,70.34,71.39,1789012,86.03
2018-04-11,71.12,71.68,70.56,70.87,1771730,85.4
2018-04-12,71.48,71.76,71.04,71.25,1066970,85.86
2018-04-13,71.6,72.08,70.78,70.96,1229659,85.51
2018-04-16,71.78,72.55,71.42,72.13,1056977,86.92
2018-04-17,73.46,73.71,72.82,73.13,1445841,88.13
2018-04-18,73.44,73.79,72.64,72.77,892690,87.7
2018-04-19,72.78,72.78,70.33,71.38,1009124,86.02
2018-04-20,71.58,71.79,70.94,71.62,1183083,86.31
2018-04-23,71.78,72.16,71.32,71.81,1137135,86.54
2018-04-24,72.45,73.13,70.28,71.24,1637667,85.85
2018-04-25,70.93,71.07,69.94,70.71,787354,85.21
2018-04-26,70.78,72.71,70.15,72.54,1667798,87.42
2018-04-27,72.25,72.61,71.31,71.37,1232209,86.01
2018-04-30,71.74,71.84,70.15,70.19,1539511,84.58
2018-05-01,70.29,70.62,69.45,70.14,2089489,84.53
2018-05-02,70.78,75.87,70.78,74.71,3511308,90.03
2018-05-03,75.5,76.25,74.02,75.61,2619393,91.12
2018-05-04,74.97,76.99,74.74,76.83,1417826,92.59
2018-05-07,77.09,78.18,76.64,77.4,1708923,93.28
2018-05-08,77.12,77.98,76.65,77.89,1890480,93.64
2018-05-09,78.2,78.55,77.9,78.51,2026767,94.39
2018-05-10,78.46,79.92,78.1,79.9,2000541,96.06
2018-05-11,79.9,80.55,79.62,80.03,1448571,96.22
2018-05-14,79.9,80.46,79.49,79.62,1086643,95.72
2018-05-15,79.04,79.88,78.71,79.85,1550563,96
2018-05-16,79.91,81.68,79.56,81.4,1391329,97.86
2018-05-17,81.03,82.07,81.01,81.7,1831171,98.23
2018-05-18,81.51,81.71,80.58,80.96,1102288,97.34
2018-05-21,81.6,82.05,81.43,81.66,1337232,98.18
2018-05-22,81.68,82.17,81.46,81.63,905078,98.14
2018-05-23,80.96,81.81,80.86,81.42,1042441,97.89
2018-05-24,81.06,81.41,80.47,81.25,1494740,97.68
2018-05-25,81.06,81.31,80.82,81.22,984845,97.65
2018-05-29,80.95,81.06,79.29,80.02,1680366,96.21
2018-05-30,80.37,80.43,79.66,80.24,1393139,96.47
2018-05-31,80.47,81.47,80.3,81.1,2880864,97.5
2018-06-01,81.77,82.57,81.49,82.41,1536194,99.08
2018-06-04,82.46,82.76,82.03,82.72,804365,99.45
2018-06-05,83.01,83.48,82.74,83.29,1112590,100.13
2018-06-06,83.52,84.02,82.58,84,942005,100.99
2018-06-07,84,84.19,83.15,83.73,1734421,100.66
2018-06-08,83.73,84.04,83.3,83.85,1349560,100.81
2018-06-11,84.01,84.95,83.95,84.69,1463794,101.82
2018-06-12,84.84,85.22,84.36,84.82,1421138,101.97
2018-06-13,84.81,84.91,84.41,84.52,1666069,101.62
2018-06-14,84.82,85.66,84.39,85.35,1309839,102.61
2018-06-15,85.36,85.57,84.45,85.45,2243241,102.73
2018-06-18,84.61,85.86,84.52,85.61,1171194,102.93
2018-06-19,84.55,84.79,83,83.64,2318596,100.56
2018-06-20,84.28,84.96,82.61,82.83,1535753,99.58
2018-06-21,82.42,82.42,80.13,80.91,1276315,97.28
2018-06-22,81.54,81.66,79.35,80.05,2441759,96.24
2018-06-25,79.69,79.75,77.89,79.12,1339643,95.12
2018-06-26,79.18,79.53,78.54,78.92,1678699,94.88
2018-06-27,79.23,79.69,77.59,77.59,1403245,93.28
2018-06-28,77.24,77.33,74.97,76.46,1812902,91.93
2018-06-29,77.2,77.2,76.21,76.22,1599572,91.63
2018-07-02,75.69,76.68,74.44,76.65,1837481,92.15
2018-07-03,76.65,77.08,75.5,75.62,957081,90.91
2018-07-05,76.51,78.3,76.51,77.41,1952447,93.07
2018-07-06,77.35,78.53,76.88,78.4,1559688,94.26
2018-07-09,78.77,79.51,78.41,79.46,1406790,95.53
2018-07-10,79.1,80.22,78.95,80.13,1381137,96.34
2018-07-11,79.23,79.23,77.33,77.39,1082892,93.04
2018-07-12,77.73,77.76,76.77,77.45,1554744,93.11
2018-07-13,77.76,78.18,77.45,77.88,747656,93.63
2018-07-16,77.85,78.22,77.52,77.81,823710,93.55
2018-07-17,77.37,80.23,77.36,80.13,2389626,96.34
2018-07-18,80.02,80.86,79.67,80.5,1350257,96.78
2018-07-19,80.01,80.42,78.85,78.99,1166456,94.97
2018-07-20,78.32,78.37,76.63,77.3,2005346,92.94
2018-07-23,76.93,77.33,76.48,77.13,889117,92.73
2018-07-24,77.8,78.34,77.24,77.54,1726874,93.22
2018-07-25,76.95,79.48,75.47,79.18,2807644,95.2
2018-07-26,79.1,79.78,77.5,77.56,1920169,93.25
2018-07-27,77.9,78.89,77.24,77.86,1446341,93.61
2018-07-30,78.49,78.96,76.86,76.94,1816727,92.5
2018-07-31,77.4,81.85,77.35,81.57,3972432,98.07
2018-08-01,81.51,81.8,79.4,79.76,2514132,95.89
2018-08-02,79.15,80.59,78.19,80.49,1464326,96.77
2018-08-03,80.81,82.02,80.75,81.89,1510347,98.45
2018-08-06,81.96,82.15,81.41,81.53,1372663,98.02
2018-08-07,81.92,82.21,81.08,82.07,1237403,98.45
2018-08-08,81.57,82.12,80.93,81.77,1257379,98.09
2018-08-09,81.95,82.11,80.61,80.63,1284750,96.72
2018-08-10,79.95,80.05,77.82,78.8,1651237,94.53
2018-08-13,78.87,78.9,77.01,77.34,1809001,92.77
2018-08-14,77.8,78.79,77.49,78.39,1398131,94.03
2018-08-15,78.1,78.16,75.18,75.84,2506941,90.98
2018-08-16,76.49,77,76.11,76.51,1618136,91.78
2018-08-17,76.39,77.55,76.04,77.33,1212359,92.76
2018-08-20,77.75,78.88,77.75,78.76,872351,94.48
2018-08-21,78.82,79.2,78.06,78.16,935569,93.76
2018-08-22,76.44,76.95,75.54,75.71,1772026,90.82
2018-08-23,75.86,75.89,74.13,74.27,2129476,89.09
2018-08-24,74.36,74.45,73.22,73.75,3049985,88.47
2018-08-27,74.15,76.85,74.03,76.74,2129263,92.05
2018-08-28,77.35,77.43,75.14,76.75,1676978,92.06
2018-08-29,77.01,77.01,75.53,75.68,1549955,90.78
2018-08-30,75.61,75.74,73.89,74.15,1305175,88.95
2018-08-31,73.59,73.99,72.82,73.37,1626613,88.01
2018-09-04,73.2,73.36,71.94,72.56,2377670,87.04
2018-09-05,72.04,72.46,71.04,71.08,4338832,85.26
2018-09-06,71.07,71.15,69.78,70.68,4586078,84.78
2018-09-07,70.61,70.88,69.56,70.3,2231326,84.33
2018-09-10,70.86,71.38,70.77,71.29,1575252,85.52
2018-09-11,70.98,71.16,70.31,70.83,1347512,84.96
2018-09-12,70.57,71.58,70.18,70.74,1992465,84.86
2018-09-13,71.22,72.19,71.22,71.75,2597009,86.07
2018-09-14,71.89,72.91,71.62,72.43,1688780,86.88
2018-09-17,72.49,72.64,71.14,71.23,1210876,85.45
2018-09-18,71.07,71.78,70.55,71.7,1791607,86.01
2018-09-19,71.95,73.44,71.95,72.78,1765012,87.3
2018-09-20,73.44,75.1,73.36,74.84,2449505,89.77
2018-09-21,75.6,77.51,74.51,75.25,6639115,90.27
2018-09-24,74.56,74.61,72.25,73.35,2189075,87.99
2018-09-25,73.13,73.13,70.44,70.7,3146247,84.81
2018-09-26,70.63,71.72,70.47,70.59,2353380,84.68
2018-09-27,70.84,70.84,69.92,70.14,1278101,84.14
2018-09-28,69.91,70.47,69.23,69.94,1795307,83.9
2018-10-01,71.07,71.18,70.06,70.1,2068419,84.09
2018-10-02,70.31,71.13,69.96,70.81,1812919,84.94
2018-10-03,71.44,72.33,70.93,70.97,1790278,85.13
2018-10-04,70.65,70.9,68.78,69.05,2517182,82.83
2018-10-05,68.45,68.65,65.48,65.87,4385983,79.01
2018-10-08,65.47,66.74,65.38,66.44,3141209,79.7
2018-10-09,66.5,66.66,63.46,63.82,3931345,76.56
2018-10-10,63.44,64.15,62.37,63.05,5133864,75.63
2018-10-11,62.58,63.99,60.75,61.62,3365481,73.92
2018-10-12,62.95,63.12,60.46,61.71,2839447,74.02
2018-10-15,61.53,62.25,61.23,61.4,1730503,73.65
2018-10-16,62.17,62.29,61.37,61.92,2101259,74.28
2018-10-17,61.75,62.04,60.68,61.67,3756840,73.98
2018-10-18,61.51,62.21,60.71,61.86,5575655,74.21
2018-10-19,61.27,62.6,60.71,61.93,3525546,74.29
2018-10-22,62.29,62.6,61.46,61.92,2500526,74.28
2018-10-23,60.79,63.97,60.09,63.63,3683776,76.33
2018-10-24,63.22,63.67,60.65,60.76,3714688,72.88
2018-10-25,61.57,62.06,60.63,61.8,3232650,74.13
2018-10-26,60.35,62.27,59.74,61.46,2882074,73.73
2018-10-29,64.12,66.67,62.64,63.54,4572823,76.22
2018-10-30,63.52,64.1,60.82,61.83,5734199,74.17
2018-10-31,63.72,65.37,63.12,64.02,4847225,76.8
2018-11-01,64.77,64.77,63.03,64.56,2946765,77.44
2018-11-02,65.13,66.56,64.88,66.24,3879066,79.46
2018-11-05,65.88,65.96,63.13,63.44,2710799,76.1
2018-11-06,63.29,64.45,63.29,63.85,1889821,76.37
2018-11-07,64.05,65.58,63.09,65.51,2310010,78.35
2018-11-08,64.67,66.02,64.67,64.95,2157287,77.68
2018-11-09,64.23,64.23,62.6,63.22,3168969,75.62
2018-11-12,63.32,63.87,62.01,62.29,2155108,74.5
2018-11-13,62.43,63.91,62.34,62.7,1662260,75
2018-11-14,62.88,63.71,62.59,62.7,1724163,75
2018-11-15,62.3,62.98,60.61,62.83,2050201,75.15
2018-11-16,62.36,62.88,61.55,62.02,1870076,74.18
2018-11-19,61.99,62.14,59.9,60.4,2281391,72.24
2018-11-20,59.85,60.11,58.87,59.41,2817936,71.06
2018-11-21,60.18,61.76,59.03,61.28,2337826,73.3
2018-11-23,60.64,61.98,60.59,61.02,1067073,72.99
2018-11-26,61.59,62.27,61,62.24,1916815,74.44
2018-11-27,61.58,62.04,59.13,59.44,2063077,71.09
2018-11-28,59.54,60.71,58.99,60.66,1703318,72.55
2018-11-29,60.55,60.8,59.73,59.78,1607905,71.5
2018-11-30,59.64,60.36,59.43,60.11,3325234,71.9
2018-12-03,62.28,64.08,62.28,62.46,2750724,74.71
2018-12-04,62.04,62.72,59.34,59.85,2856976,71.58
2018-12-06,58.62,58.79,57.69,58.42,3104881,69.87
2018-12-07,58.26,59.28,55.97,56.09,1880088,67.09
2018-12-10,55.84,56.28,54.26,54.62,2640625,65.33
2018-12-11,56.38,57.29,55.43,55.82,2971916,66.76
2018-12-12,56.68,57.25,55.94,56.33,2394964,67.37
2018-12-13,56.57,56.9,55.45,55.76,1647687,66.69
2018-12-14,55.15,56.35,54.96,55.14,1889962,65.95
2018-12-17,54.41,55.76,53.4,53.88,2572384,64.44
2018-12-18,54.15,54.79,52.8,53,2437584,63.39
2018-12-19,52.86,54.49,51.64,51.84,2491345,62
2018-12-20,51.69,53.05,51.58,52.14,3689690,62.36
2018-12-21,51.99,53.44,51.37,51.37,4677044,61.44
2018-12-24,51.21,51.86,50.15,50.23,1228846,60.08
2018-12-26,50.49,51.62,49.16,51.62,1852468,61.74
2018-12-27,50.49,51.8,49.56,51.8,1954598,61.96
2018-12-28,51.84,52.01,50.78,51.32,1746178,61.38
2018-12-31,51.42,51.56,50.43,51.48,1728065,61.57
2019-01-02,50.46,51.67,49.5,51.13,2372186,61.15
2019-01-03,50.93,51.07,49.25,50.51,3138767,60.42
2019-01-04,50.92,52.68,50.91,52.35,2383950,62.62
2019-01-07,52.47,53.43,51.99,53.15,1940563,63.57
2019-01-08,54.12,56.04,54.12,56.02,3251065,67.01
2019-01-09,56.65,59.29,56.65,58.14,4578421,69.54
2019-01-10,57.9,58.77,57.52,58.72,2238883,70.23
2019-01-11,58.72,58.8,57.62,58.05,1855431,69.43
2019-01-14,57.79,59.15,57.45,58.83,1879300,70.37
2019-01-15,58.8,59.19,57.25,58.37,2941331,69.82
2019-01-16,57.95,59.44,57.76,58.82,1939709,70.35
2019-01-17,58.48,59.49,58.18,59.48,1950778,71.14
2019-01-18,59.69,61.43,59.29,60.97,2367512,72.93
2019-01-22,60.46,60.71,59.49,59.96,1712447,71.72
2019-01-23,59.95,59.95,57.99,58.73,1730922,70.25
2019-01-24,58.94,60.16,58.81,60.05,1215382,71.82
2019-01-25,60.2,61.44,60.06,61.03,2641718,73
2019-01-28,60.55,61.19,60.05,61.06,1687586,73.03
2019-01-29,60.7,61,60.08,60.56,2079299,72.43
2019-01-30,60.68,61.86,60.13,61.69,2079332,73.79
2019-01-31,63.54,66.65,63.5,66.16,4272946,79.13
2019-02-01,65.39,65.81,64.45,65.23,4549445,78.02
2019-02-04,65.28,65.85,63.91,65.71,3147937,78.59
2019-02-05,65.59,66.23,65.48,65.95,1966947,78.66
2019-02-06,65.79,66.27,65.5,65.63,1689960,78.28
2019-02-07,64.77,65.04,63.43,63.9,2385910,76.22
2019-02-08,63.5,63.56,61.73,63.46,2249979,75.69
2019-02-11,63.47,64.29,63.27,63.77,1577526,76.06
2019-02-12,64.17,65.1,64.05,64.69,2365524,77.16
2019-02-13,66.28,67.04,65.98,66.67,2543181,79.52
2019-02-14,66,67.08,65.31,66.78,1893299,79.65
2019-02-15,67.37,68.06,66.9,67.87,1725955,80.95
2019-02-19,67.69,68.43,67.66,68.16,1312165,81.3
2019-02-20,68.5,69.09,68.33,68.51,1188173,81.71
2019-02-21,68.21,68.77,67.83,68.01,1143256,81.12
2019-02-22,68.27,69.09,68.04,69.05,990837,82.36
2019-02-25,69.61,70.37,69.39,69.63,1467822,83.05
2019-02-26,69.29,69.85,69.08,69.39,962539,82.77
2019-02-27,69.21,70.08,68.76,69.85,1149996,83.31
2019-02-28,69.55,69.85,68.98,69.68,2174635,83.11
2019-03-01,70.42,71.11,69.95,70.65,1833596,84.27
2019-03-04,70.81,71.23,69.48,70.38,3141475,83.95
2019-03-05,70.34,70.73,69.95,70.42,1524599,83.99
2019-03-06,70.12,70.63,69.01,69.13,1546329,82.46
2019-03-07,68.52,69.19,67.78,68.87,1541190,82.14
2019-03-08,68.22,68.84,67.92,68.57,1905479,81.79
2019-03-11,68.74,69.65,68.65,69.24,1406087,82.58
2019-03-12,69.52,69.95,69.11,69.14,1363145,82.47
2019-03-13,69.33,69.95,69.03,69.04,1626337,82.35
2019-03-14,68.66,68.75,67.63,67.99,1371746,81.1
2019-03-15,68.45,69.2,68.17,68.72,2851749,81.96
2019-03-18,68.54,68.72,67.51,67.91,2063621,81
2019-03-19,68.47,70.09,68.39,69.43,2373660,82.81
2019-03-20,69.24,69.36,67.22,67.43,2271635,80.43
2019-03-21,67.41,68.22,67.07,67.83,1429065,80.9
2019-03-22,67.23,67.58,65.04,65.07,1872654,77.61
2019-03-25,65.06,65.89,64.65,65.41,1265236,78.02
2019-03-26,65.91,66.48,65.68,66.22,884824,78.98
2019-03-27,66.39,66.64,64.85,65.15,1795841,77.71
2019-03-28,65.5,66.74,65.46,66.07,1186441,78.81
2019-03-29,66.53,67.04,66.31,66.64,1847491,79.49
2019-04-01,67.64,69.31,67.4,69.24,1384982,82.58
2019-04-02,69.25,69.65,68.78,69.53,1300584,82.93
2019-04-03,70.56,71.94,70.54,71.25,1544509,84.98
2019-04-04,71.37,72.73,71.24,72.47,1130381,86.44
2019-04-05,72.56,73.15,72.43,72.89,1034542,86.94
2019-04-08,72.94,74.3,72.86,74.19,1628715,88.49
2019-04-09,73.24,73.55,72.71,73.37,1743875,87.51
2019-04-10,73.2,74.31,72.98,74.25,829215,88.56
2019-04-11,74.24,74.74,73.73,74.69,962135,89.08
2019-04-12,75.45,76.48,75.3,76.12,1478512,90.79
2019-04-15,76.03,76.19,74.92,75.22,1028183,89.72
2019-04-16,75.21,75.67,74.92,75.56,1289880,90.12
2019-04-17,76.11,76.56,75.79,76.06,1262117,90.72
2019-04-18,75.6,76.02,74.92,75.74,1432354,90.34
2019-04-22,75.25,75.9,75,75.24,1027874,89.74
2019-04-23,75.05,75.28,74.48,75.03,1164890,89.49
2019-04-24,75.03,75.08,74.53,74.58,1283891,88.95
2019-04-25,73.89,74,71.41,71.64,1831694,85.45
2019-04-26,72.36,72.97,71.57,72.53,1489137,86.51
2019-04-29,72.23,72.64,71.86,71.97,1041922,85.84
2019-04-30,71.68,72.22,70.88,71.85,1526650,85.7
2019-05-01,72.09,72.23,70.06,70.12,1619358,83.64
2019-05-02,62.96,67.42,62.06,66.89,3121498,79.78
2019-05-03,66.73,67.62,66.08,67.22,1575218,80.18
2019-05-06,65.31,67.02,64.83,66.82,1889859,79.7
2019-05-07,65.84,66.91,65.63,66.78,2567845,79.43
2019-05-08,66.77,67.96,66.6,67.02,1962743,79.72
2019-05-09,65.53,66.01,64.01,65.5,1952424,77.91
2019-05-10,64.99,65.58,63.69,64.93,1329455,77.23
2019-05-13,63.34,63.4,61.05,61.63,2291887,73.31
2019-05-14,62.07,63.25,61.75,62.83,1377947,74.73
2019-05-15,62,63.58,61.11,63.09,1752692,75.04
2019-05-16,63.32,63.32,61.79,61.97,2099621,73.71
2019-05-17,61.62,62.73,61.51,61.92,1789710,73.65
2019-05-20,61.19,61.79,60.81,61.15,1454135,72.73
2019-05-21,61.58,61.93,60.79,60.85,1259148,72.38
2019-05-22,60.4,60.47,58.02,58.3,2719981,69.35
2019-05-23,57.71,57.73,56.26,56.93,2921370,67.72
2019-05-24,57.51,57.68,56.47,57.01,2232309,67.81
2019-05-28,57.55,58.42,57.34,58.11,2536640,69.12
2019-05-29,57.44,58.09,57.02,57.68,1599553,68.61
2019-05-30,57.78,58.57,57.37,57.73,1384229,68.67
2019-05-31,55.35,55.42,53.27,53.84,4047790,64.04
2019-06-03,53.9,56.45,53.89,56.19,2216751,66.84
2019-06-04,57.5,59.44,57.43,59.28,3431995,70.51
2019-06-05,59.46,61.08,58.97,60.96,2946867,72.51
2019-06-06,60.83,61.63,60.44,61.31,2826036,72.92
2019-06-07,61.75,62.47,61.05,61.71,1363562,73.4
2019-06-10,62.84,64.54,62.63,63.65,1486078,75.71
2019-06-11,64.88,65.2,63.88,64.01,1237805,76.14
2019-06-12,64,64.07,62.87,62.96,1111506,74.89
2019-06-13,62.75,64,62.44,63.97,1370239,76.09
2019-06-14,63.84,63.84,62.42,63.33,1228354,75.33
2019-06-17,63.17,64.02,62.68,63.76,1204003,75.84
2019-06-18,64.32,65.92,64.26,64.57,1111855,76.8
2019-06-19,65.01,65.33,64.33,64.61,1291644,76.85
2019-06-20,65.8,66.17,64.98,65.97,1429656,78.47
2019-06-21,65.98,66.21,65.53,65.93,1924482,78.42
2019-06-24,65.72,66.48,64.83,65.84,1117561,78.31
2019-06-25,65.67,65.97,65.25,65.67,1459961,78.11
2019-06-26,65.78,67.05,64.96,66.35,1420211,78.92
2019-06-27,67.25,68.15,67.13,68.15,1905274,81.06
2019-06-28,68.11,69.37,67.96,67.96,7503965,80.83
2019-07-01,69.39,69.77,67.18,67.86,1529007,80.71
2019-07-02,67.93,68.17,66.27,66.91,1186738,79.58
2019-07-03,67.33,67.4,66.62,66.69,500363,79.32
2019-07-05,66.14,67.02,66.05,66.58,1004690,79.19
2019-07-08,66.18,66.55,64.32,64.54,1308157,76.77
2019-07-09,64.09,64.27,62.98,63.95,1974066,76.07
2019-07-10,64.2,65.31,63.82,65.17,1485140,77.52
2019-07-11,65.04,65.42,64.63,65.34,734255,77.72
2019-07-12,65.69,67.68,65.61,67.43,1043588,80.2
2019-07-15,67.45,68.01,66.18,67.91,1806682,80.78
2019-07-16,66.86,68.02,65.74,67.25,1493789,79.99
2019-07-17,67.09,67.26,65.77,65.88,1261526,78.36
2019-07-18,65.55,66.14,65.33,66.12,1024374,78.65
2019-07-19,66.43,68.93,66.16,67.33,1292290,80.09
2019-07-22,67.59,68.47,67.19,67.33,1427980,80.09
2019-07-23,68.7,69.71,67.38,69.11,1781416,82.2
2019-07-24,68.88,70.35,68.88,70.35,1198234,83.68
2019-07-25,69.97,70.13,68.33,68.86,1836601,81.91
2019-07-26,68.99,69.39,68.16,69.28,1597145,82.4
2019-07-29,69.21,69.57,68.61,69.09,891282,82.18
2019-07-30,68.04,68.7,67.25,68.58,1517426,81.57
2019-07-31,72.08,74.81,71.42,73.69,3793850,87.65
2019-08-01,74.45,74.68,69.23,70.31,2538590,83.63
2019-08-02,69.86,70.26,67.71,69.99,1394984,83.25
2019-08-05,68.01,68.93,67.91,68.09,1958537,80.99
2019-08-06,68.89,70.38,68.89,70.14,1603447,83.2
2019-08-07,68.96,70.55,68.23,70.41,1955655,83.52
2019-08-08,70.72,72.26,70.6,72.04,1559226,85.46
2019-08-09,70.91,71.91,70.03,70.43,1015856,83.54
2019-08-12,69.83,70.53,69.25,69.7,1127933,82.68
2019-08-13,69.28,71.51,68.68,70.44,1189338,83.56
2019-08-14,68.71,68.72,66.9,67.04,1449669,79.52
2019-08-15,67.38,67.88,66.23,66.76,1419724,79.19
2019-08-16,67.52,69.23,67.33,69,904806,81.85
2019-08-19,70.05,70.79,69.56,70.44,1021942,83.56
2019-08-20,69.86,70.16,68.3,69.29,1070644,82.19
2019-08-21,70.57,70.72,70.02,70.33,890538,83.43
2019-08-22,70.88,71.28,70.02,70.41,648628,83.52
2019-08-23,69.56,69.98,66.98,67.34,1466081,79.88
2019-08-26,68.11,68.59,67.43,68.17,757416,80.86
2019-08-27,68.93,69.44,68.26,68.3,890208,81.02
2019-08-28,68.05,69.84,67.55,69.7,834512,82.68
2019-08-29,70.4,71.07,69.69,70.22,931539,83.3
2019-08-30,70.93,71.5,69.83,70.11,1291737,83.17
2019-09-03,69.89,69.89,68.18,68.76,1478397,81.56
2019-09-04,69.89,71.01,69.76,70.97,1030032,84.19
2019-09-05,72.35,74.42,72.05,74.33,1168951,88.17
2019-09-06,74.4,75.1,73.37,74.82,811075,88.75
2019-09-09,75.49,76.53,75.04,76.13,1191269,90.31
2019-09-10,75.4,76.51,74.58,76.51,1266141,90.76
2019-09-11,76.28,76.83,74.89,76.8,890053,91.1
2019-09-12,76.55,77.09,74.99,76.84,1328670,91.15
2019-09-13,76.08,77.19,75.5,76.02,1618412,90.18
2019-09-16,75.5,76.65,74.78,75.53,1522645,89.59
2019-09-17,75.1,75.79,74.13,75.57,1171714,89.64
2019-09-18,75.47,75.99,74.82,75.46,967352,89.51
2019-09-19,75.53,76.07,75.07,75.42,980524,89.47
2019-09-20,75.76,75.91,73.3,73.4,2151329,87.07
2019-09-23,74.24,75.28,73.99,74.18,1223408,87.99
2019-09-24,74.61,75.13,72.77,73.08,1361687,86.69
2019-09-25,73.06,74.45,72.4,74.24,913953,88.07
2019-09-26,74.4,74.47,73.16,73.94,583126,87.71
2019-09-27,74.15,74.68,72.88,73.24,889395,86.88
2019-09-30,73.57,74.15,73.28,73.7,1116053,87.42
2019-10-01,73.84,74.48,71.66,71.75,1244971,85.11
2019-10-02,70.6,71.4,67.92,69.31,2005739,82.22
2019-10-03,68.94,70.4,68.67,69.63,1253789,82.6
2019-10-04,69.95,70.94,69.94,70.33,1572587,83.43
2019-10-07,70.11,71.5,69.63,70.81,1082431,84
2019-10-08,69.41,69.89,67.89,67.91,1058978,80.56
2019-10-09,68.99,69.38,68.33,69,861456,81.85
2019-10-10,69.27,70.79,69.27,70.11,982160,83.17
2019-10-11,71.53,73.53,71.53,72.72,1122520,86.26
2019-10-14,72.42,73.19,72.37,73,541129,86.59
2019-10-15,73.17,74.91,73.16,74.23,920965,88.05
2019-10-16,74.68,75.66,74.4,75.12,1350403,89.11
2019-10-17,75.51,75.52,74.67,75.06,874688,89.04
2019-10-18,74.76,75.64,74.73,74.99,1039021,88.96
2019-10-21,75.73,75.73,74.81,75.33,950431,89.36
2019-10-22,74.91,76.73,74.35,76.2,711101,90.39
2019-10-23,75.96,76.1,74.8,75.34,1111983,89.37
2019-10-24,75.64,76.03,74.9,75.05,637786,89.02
2019-10-25,74.9,75.83,74.52,75.52,1163072,89.58
2019-10-28,76.28,76.46,75.83,75.96,828251,90.11
2019-10-29,75.55,76.23,75.15,76.19,1671141,90.38
2019-10-30,75.04,78.2,72.4,77.91,3032510,92.42
2019-10-31,77.73,77.91,75.1,75.49,1900249,89.55
2019-11-01,76.48,77.97,76.1,77.85,1800868,92.35
2019-11-04,78.81,80.62,78.52,80.61,2020137,95.62
2019-11-05,80.77,81.41,80.2,80.47,2844990,95.23
2019-11-06,80.56,80.96,79.86,80.76,1174096,95.58
2019-11-07,81.48,82.5,81.36,81.53,2264705,96.49
2019-11-08,81.29,81.89,80.37,81.86,977981,96.88
2019-11-11,81.11,82.06,80.88,81.16,735911,96.05
2019-11-12,81.63,81.86,80.19,80.42,1398255,95.18
2019-11-13,79.62,79.62,77.12,77.47,1411765,91.69
2019-11-14,77.3,78.45,77.02,77.95,1339036,92.25
2019-11-15,78.72,78.72,77.68,78,1469134,92.31
2019-11-18,77.71,78.27,77.32,78.01,1357903,92.32
2019-11-19,78.22,78.32,76.69,77.01,1964312,91.14
2019-11-20,76.63,76.86,75.45,75.62,1590440,89.5
2019-11-21,76.02,76.78,75.05,75.19,1250062,88.99
2019-11-22,76.12,77.42,75.89,77.29,3214828,91.47
2019-11-25,78.16,79.44,77.71,79.44,2632343,94.02
2019-11-26,78.92,80.25,78.73,80.16,1902331,94.87
2019-11-27,80.16,80.5,79.49,80,855331,94.68
2019-11-29,79.9,79.98,79.23,79.32,757918,93.88
2019-12-02,80.03,80.75,79.16,79.85,1912866,94.5
2019-12-03,79.26,80.27,77.5,77.59,1442029,91.83
2019-12-04,77.8,78.62,77.8,78.05,1346731,92.37
2019-12-05,78.23,79.15,77.68,78.9,958965,93.38
2019-12-06,79.89,80.13,78.83,79.23,1050245,93.77
2019-12-09,78.87,79.03,78.5,78.55,1009449,92.96
2019-12-10,78.47,78.78,77.92,78.39,866803,92.77
2019-12-11,78.89,79.22,78.14,78.57,938025,92.99
2019-12-12,79.1,81.23,78.82,80.96,1060783,95.81
2019-12-13,80.8,81.42,78.84,79.05,1355570,93.55
2019-12-16,80.14,81.01,79.75,80.24,1638422,94.96
2019-12-17,80.47,81.01,79.9,80.98,1474945,95.84
2019-12-18,81.4,82.95,81.07,82.69,1467250,97.86
2019-12-19,82.57,83.06,82.05,82.68,1203414,97.85
2019-12-20,83.59,83.68,81.33,81.41,2531243,96.35
2019-12-23,81.72,81.89,80.5,80.72,1151779,95.53
2019-12-24,80.95,81.15,80.18,80.18,408065,94.89
2019-12-26,80.58,80.91,80.15,80.88,669794,95.72
2019-12-27,81.26,81.61,80.91,81.38,849763,96.31
2019-12-30,81.35,81.35,80.36,80.48,750118,95.25
2019-12-31,80.5,81.01,80.02,80.25,830561,94.97
2020-01-02,81.07,81.4,80.28,81.38,1880244,96.31
2020-01-03,79.51,80.12,79.09,79.51,1147697,94.1
2020-01-06,78.73,78.73,77.52,78.03,1774402,92.35
2020-01-07,78.02,78.16,76.76,77.05,2319399,91.19
2020-01-08,77.25,78.98,76.86,78.66,2411166,93.09
2020-01-09,79.52,79.72,77.47,77.51,1207426,91.73
2020-01-10,77.51,77.51,75.53,75.63,1544455,89.51
2020-01-13,75.56,75.56,74.89,75.09,2184425,88.87
2020-01-14,75.07,75.82,74.79,75.21,2436531,89.01
2020-01-15,74.97,75.48,74.01,74.26,1698243,87.89
2020-01-16,74.69,77.25,74.69,77.06,2085793,91.2
2020-01-17,76.79,77.89,76.45,77.34,1988434,91.53
2020-01-21,76.93,77.66,76.44,76.89,1637879,91
2020-01-22,77.6,78.08,76.8,77.02,1055557,91.15
2020-01-23,76.5,78.07,75.41,78.02,1649176,92.33
2020-01-24,78.42,78.45,76.68,77.35,1655998,91.54
2020-01-27,75.34,75.71,74.52,74.86,1950836,88.6
2020-01-28,75.68,76.3,74.95,75.74,1615193,89.64
2020-01-29,76.33,76.93,75.62,75.95,1666074,89.88
2020-01-30,71.82,74.47,71.41,74.09,2703103,87.68
2020-01-31,73.29,73.57,71.48,71.64,1808458,84.79
2020-02-03,72.3,73.98,72.03,73.28,1917909,86.72
2020-02-04,74.81,77.1,74.74,76.67,1717048,90.51
2020-02-05,77.78,78.36,76.48,76.68,1250063,90.52
2020-02-06,77.06,77.08,74.27,74.75,1283117,88.24
2020-02-07,74.1,74.11,73.39,73.81,1440275,87.13
2020-02-10,73.66,74,72.87,73.95,1144777,87.3
2020-02-11,74.25,77.17,73.79,76.9,1498913,90.78
2020-02-12,77.67,78.19,76.99,77.52,998029,91.51
2020-02-13,76.58,77.17,76.02,76.68,822647,90.52
2020-02-14,76.59,76.68,74.62,74.82,1137080,88.32
2020-02-18,74.6,75.8,74.18,74.56,1251962,88.02
2020-02-19,74.87,76.98,74.36,76.84,1512704,90.71
2020-02-20,76.21,77.97,76.21,77.16,1515205,91.09
2020-02-21,76.37,76.63,75.32,76.3,1363581,90.07
2020-02-24,73.47,73.85,70.92,71.14,2263833,83.98
2020-02-25,71.81,71.87,67.69,68.71,2769563,81.11
2020-02-26,69.56,70.68,68.45,68.7,1916688,81.1
2020-02-27,68.21,69.22,65.52,66.06,3700680,77.98
2020-02-28,63.8,67.25,62.52,66.17,3967276,78.11
2020-03-02,66.68,69.62,65.76,69.61,2880024,82.17
2020-03-03,69.81,71.89,67.62,68.25,2890184,80.57
2020-03-04,69.59,70.44,67.99,70.39,2056941,83.1
2020-03-05,68.07,69.18,66.02,66.5,1920172,78.5
2020-03-06,63.86,66.04,62.94,64.63,2626526,76.29
2020-03-09,59.81,60.63,57.71,58.37,3005957,68.91
2020-03-10,61.24,62.14,58.98,61.7,3004027,72.84
2020-03-11,59.83,60.68,56.73,56.95,2912909,67.23
2020-03-12,53.26,54.88,49.95,52.13,3814473,61.54
2020-03-13,53.2,56.33,50.96,56.31,3002481,66.47
2020-03-16,49.99,49.99,43.27,43.3,3589631,51.12
2020-03-17,44.77,44.77,38.67,40.92,4438668,48.31
2020-03-18,38.48,38.71,24.75,28.42,6265025,33.55
2020-03-19,28.15,38.42,24.85,34.38,7616832,40.58
2020-03-20,35.79,42.03,35.35,38.26,5954754,45.17
2020-03-23,37.58,41.2,35.67,39.39,4767857,46.5
2020-03-24,42.51,44.15,40.28,41.95,3021574,49.52
2020-03-25,43.35,45.26,40.29,42.97,2462176,50.73
2020-03-26,43.88,47.34,42.37,46.83,2518254,55.28
2020-03-27,44.01,44.74,41.86,43.44,2800804,51.28
2020-03-30,42.58,43.9,40.68,42.29,3001709,49.92
2020-03-31,42.56,44.23,41.03,41.71,2942807,49.24
2020-04-01,38.41,40.21,37.37,38.9,2699008,45.92
2020-04-02,37.88,41.33,37.48,38.62,2677827,45.59
2020-04-03,38.9,39.36,36.46,36.67,2422053,43.29
2020-04-06,39.65,42.96,38.71,42.3,3349918,49.93
2020-04-07,45.82,47.63,44.42,45.32,3760496,53.5
2020-04-08,46.36,51.15,45.99,51,3818037,60.2
2020-04-09,53.49,56.46,52.53,52.72,3764623,62.23
2020-04-13,52.15,52.39,49.29,51.45,1351165,60.74
2020-04-14,52.56,54.76,52,53.22,1943162,62.82
2020-04-15,49.67,51.87,49.56,51.56,1844595,60.87
2020-04-16,51.15,51.92,48.96,50.28,1571339,59.36
2020-04-17,53.25,54.86,52.85,54.15,3140083,63.92
2020-04-20,52.16,52.88,49.74,50.43,2308501,59.53
2020-04-21,47.71,50.59,47.47,49.43,1821042,58.35
2020-04-22,50.85,51.87,50,51.25,1550152,60.5
2020-04-23,52.04,53.07,51.39,51.45,1188733,60.73
2020-04-24,52.85,53.99,51.94,53.15,1354986,62.74
2020-04-27,53.11,55.83,52.94,55.49,1609668,65.51
2020-04-28,57.74,59.1,56.32,56.49,1944151,66.68
2020-04-29,58.33,61.34,57.89,60.7,1932461,71.66
2020-04-30,58.03,60.17,57.77,58.92,2324547,69.55
2020-05-01,57.1,57.1,54.29,55.7,1849551,65.75
2020-05-04,54.3,55.43,53.59,54.44,2340447,64.27
2020-05-05,55.29,56.79,54.78,55.6,2441923,65.64
2020-05-06,57.88,57.93,54.93,55.21,1221132,65.18
2020-05-07,56.32,57.77,55.14,55.26,1364487,65.23
2020-05-08,56.83,58.18,56.28,57.73,1216110,68.15
2020-05-11,56.53,57.72,55.09,56.51,1640956,66.71
2020-05-12,57.15,57.39,54.59,54.64,1278803,64.5
2020-05-13,54.64,54.64,50.94,51.5,1876949,60.79
2020-05-14,49.88,53.53,48.51,53.5,1795768,63.15
2020-05-15,52.76,54.55,52.1,54.27,1339812,64.07
2020-05-18,57.1,59.98,57.1,59.45,1754621,70.18
2020-05-19,60.14,62.87,59.25,59.3,2456543,70
2020-05-20,60.81,62.11,60.37,60.75,2270114,71.71
2020-05-21,61.39,63.03,60.44,60.59,2311554,71.53
2020-05-22,60.43,61.1,59.39,60.9,1584246,71.89
2020-05-26,63.94,64.69,63.07,64.11,2219254,75.68
2020-05-27,67.08,69.43,64.02,65.76,2797399,77.63
2020-05-28,65.82,66.24,62.3,62.37,2842702,73.63
2020-05-29,62.85,64.06,62.01,63.83,3285919,75.35
2020-06-01,64.32,65.27,63.13,64.92,1547077,76.64
2020-06-02,65.94,67.48,65.27,67.48,2058885,79.66
2020-06-03,68.74,71.62,68.74,70.59,5036825,83.33
2020-06-04,69.07,71.34,68.79,70.89,2473425,83.69
2020-06-05,74.92,75.39,72.05,72.72,2739913,85.85
2020-06-08,74.23,76.02,73.72,74.12,3793338,87.5
2020-06-09,69,69.5,63.93,64.3,7763070,75.91
2020-06-10,66.85,69.98,65.65,69.83,23463821,82.43
2020-06-11,64.77,67.17,61.77,61.8,7447496,72.95
2020-06-12,65.17,65.89,62.36,64.09,5052429,75.66
2020-06-15,61.11,64.58,60.82,64,3749422,75.55
2020-06-16,66.5,67.27,63.5,64.51,2270028,76.15
2020-06-17,64.42,64.85,62.9,64.42,3385961,76.05
2020-06-18,63.83,65.46,62.96,64.9,2159774,76.61
2020-06-19,66.4,68.44,65.5,65.85,4253854,77.73
2020-06-22,66.31,67.18,64.89,66.52,2893967,78.52
2020-06-23,67.78,68.51,65.83,66.72,2470456,78.76
2020-06-24,66.23,66.24,62.99,63.21,3085828,74.62
2020-06-25,62.6,65.11,62.14,64.91,2034419,76.63
2020-06-26,64.63,65.25,62.64,62.8,5843903,74.13
2020-06-29,63.05,64.32,62.78,64.1,2380907,75.67
2020-06-30,63.84,66.45,63.33,66.01,3114643,77.92
2020-07-01,66,66.07,63.02,63.89,1811360,75.42
2020-07-02,64.91,67.07,64.91,65.07,2077059,76.81
2020-07-06,67.55,67.96,65.35,66.44,1605478,78.43
2020-07-07,65.47,66.13,65.09,65.32,1506028,77.11
2020-07-08,65.44,65.83,64.1,65.02,1443835,76.76
2020-07-09,65.13,65.24,62.69,63.86,1417469,75.39
2020-07-10,64.03,65.13,63.71,64.62,1485105,76.28
2020-07-13,65.23,67.07,64.69,64.96,2269878,76.68
2020-07-14,65.15,66.42,63.83,66.24,1470522,78.19
2020-07-15,68.01,69.65,67.13,69.28,1716905,81.78
2020-07-16,68.38,69.81,67.61,69.69,1619930,82.27
2020-07-17,70.1,70.13,68.77,69.28,1499009,81.78
2020-07-20,69.01,69.66,67.91,69.41,1384351,81.94
2020-07-21,70.63,70.99,69.06,69.35,1362724,81.87
2020-07-22,69.19,70.14,68.77,70.07,1659406,82.72
2020-07-23,70.34,70.76,68.89,69.74,1623324,82.33
2020-07-24,68.45,70.45,68.42,69.67,1331328,82.25
2020-07-27,69.67,71.45,69.25,70.78,1362462,83.55
2020-07-28,70.88,71.39,69.53,69.61,944274,82.17
2020-07-29,69.64,70.92,69.64,70.88,1874598,83.67
2020-07-30,69.89,70.17,67.69,68.16,2067799,80.46
2020-07-31,68,68.11,64.53,65.86,2651865,77.75
2020-08-03,66.29,68.14,66.29,67.53,1632786,79.72
2020-08-04,69.3,69.3,67.99,68.63,1427049,81.02
2020-08-05,68.85,71.11,68.68,71.02,2266574,83.84
2020-08-06,70.45,72.15,70.45,71.61,1845532,84.53
2020-08-07,70.78,71.84,70.24,71.04,1439113,83.86
2020-08-10,71.7,73.54,71.35,73.22,1374376,86.44
2020-08-11,74.55,76.93,74.54,75.26,2622361,88.84
2020-08-12,76.93,77.52,74.73,75.82,2081993,89.5
2020-08-13,75.07,75.67,74.84,75.08,966942,88.63
2020-08-14,74.99,75.33,74.23,74.83,849468,88.34
2020-08-17,75.33,75.66,74.32,74.68,1588440,88.16
2020-08-18,74.71,75.49,73.86,73.9,881175,87.24
2020-08-19,73.6,73.74,71.81,72.36,1676561,85.42
2020-08-20,71.34,71.89,70.94,71.57,1229544,84.49
2020-08-21,71.8,71.84,70.89,71.06,795031,83.88
2020-08-24,71.62,72.74,71.48,72.43,1653373,85.5
2020-08-25,73.04,73.11,71.62,72.31,1046457,85.36
2020-08-26,72.27,72.78,71.74,72.38,1219419,85.44
2020-08-27,72.72,72.72,71.7,72.29,937123,85.34
2020-08-28,72.32,73.97,72.13,73.91,1471896,87.25
2020-08-31,74.33,74.45,72.66,72.95,1931740,86.12
2020-09-01,72.28,73.8,71.33,73.74,1250031,87.05
2020-09-02,75.12,76.83,74.15,76.24,2449353,90
2020-09-03,76.14,76.29,72.97,73.5,1991711,86.76
2020-09-04,74.43,74.72,71.76,73.03,1446517,86.21
2020-09-08,73.03,73.26,71.29,71.72,3328766,84.66
2020-09-09,72.9,73.39,72.33,72.55,1571200,85.65
2020-09-10,73.7,74.28,70.91,71.23,1200450,84.09
2020-09-11,71.54,72.22,70.69,71.62,1876951,84.55
2020-09-14,72.44,73.23,71.94,72.76,1313586,85.89
2020-09-15,73.21,74.22,72.63,72.86,1699282,86.01
2020-09-16,73.44,73.45,71.46,71.98,2424448,84.97
2020-09-17,71.34,71.47,70,70.56,2012937,83.29
2020-09-18,73.73,75.75,72.85,75.35,5214348,88.95
2020-09-21,73.5,74.16,70.65,71.63,2745127,84.56
2020-09-22,71.45,72.1,70.35,71.59,1270633,84.51
2020-09-23,71.61,72.62,71.09,71.11,1911213,83.95
2020-09-24,70.18,72.54,69.56,71.44,1357027,84.33
2020-09-25,71.21,73.73,70.77,73.19,1669543,86.4
2020-09-28,75.07,76.99,74.84,76.27,1432866,90.03
2020-09-29,75.83,78.18,75.83,77.87,2067432,91.92
2020-09-30,78.09,79.02,77,77.66,2575410,91.68
2020-10-01,78.57,80.45,77.66,79.59,2541784,93.96
2020-10-02,77.48,80.05,77.29,79.26,1286855,93.56
2020-10-05,80.48,82.7,80.33,82.34,1239985,97.2
2020-10-06,84.28,84.32,79.68,80.03,2695323,94.48
2020-10-07,81.38,84.27,81.26,84.02,1792209,99.19
2020-10-08,84.71,85.41,82.63,82.99,1841976,97.97
2020-10-09,84.11,84.11,82.35,83.07,1557874,98.06
2020-10-12,83.62,84.29,83.05,83.24,1460171,98.26
2020-10-13,82.44,82.91,80.98,81.38,1633559,96.07
2020-10-14,82.18,82.59,81.01,81.1,1412207,95.74
2020-10-15,80.46,83.23,80.09,82.75,1780144,97.68
2020-10-16,83.47,84.29,81.95,83.19,1621948,98.2
2020-10-19,83.64,84.87,82.75,84.2,2126894,99.4
2020-10-20,84.71,86.56,84.26,84.87,1718583,100.19
2020-10-21,85.48,86.06,84.16,84.21,1992556,99.41
2020-10-22,84.87,85.66,83.53,84.84,2521124,100.15
2020-10-23,85.63,86.21,84.4,84.96,2093049,100.29
2020-10-26,83.53,83.96,81.97,83.18,1158330,98.19
2020-10-27,82.8,83.68,81.36,81.57,1074480,96.29
2020-10-28,79.04,80.79,78.41,79.26,1869009,93.57
2020-10-29,80.81,85,80.81,83.29,2211625,98.32
2020-10-30,82.99,84.21,81.09,81.74,2306250,96.49
2020-11-02,82.18,83.72,81.03,82.92,2464323,97.88
2020-11-03,84.74,87.38,84.28,86.23,2345513,101.79
2020-11-04,85.69,86.39,83.91,84.08,2385699,99.25
2020-11-05,85.96,89.62,85.68,88.76,1548759,104.78
2020-11-06,88.99,89.68,87.74,88.51,1142754,104.48
2020-11-09,94.26,97.04,89.97,90.38,2357476,106.69
2020-11-10,90.7,93.18,90.39,92.2,2683464,108.84
2020-11-11,93.64,94.61,92.03,94.05,2266055,111.03
2020-11-12,95.17,95.3,91.52,92.18,2301249,108.82
2020-11-13,93.1,93.63,91.18,93.11,2553869,109.91
2020-11-16,95.05,97.03,94.04,96.97,1714781,114.47
2020-11-17,94.88,97.93,94.62,96.99,1943692,114.49
2020-11-18,97.32,99.1,97.17,97.46,1903532,115.05
2020-11-19,96.99,98.24,95.86,97.72,1221026,115.36
2020-11-20,97.3,98,96.5,96.84,1337671,114.32
2020-11-23,97.76,99.4,97.42,98.77,2303163,116.6
2020-11-24,100.81,103.41,100.24,103.06,2099418,121.66
2020-11-25,101.35,101.66,99.37,100.36,1330254,118.47
2020-11-27,100.81,103.25,100.63,103.23,949919,121.86
2020-11-30,103.03,103.32,100.15,100.55,3106120,118.7
2020-12-01,103.66,104.57,102.75,103.53,2762161,122.21
2020-12-02,102.64,103.43,101.88,102.5,1304926,121
2020-12-03,102.99,103.36,101.99,102.64,1353222,121.16
2020-12-04,103.66,105.24,103.08,104.49,1291362,123.35
2020-12-07,104.63,104.74,102.92,104.58,989221,123.46
2020-12-08,104.54,105.64,103.79,104.25,938471,123.07
2020-12-09,105.71,106.53,104.02,104.81,1901548,123.73
2020-12-10,103.45,105.47,103.39,105.17,1183776,124.15
2020-12-11,103.82,104.72,102.73,103.55,1790675,122.24
2020-12-14,105.03,105.29,102.98,103.05,2077098,121.65
2020-12-15,104.55,105.03,101.49,103.86,3098574,122.61
2020-12-16,104.16,104.7,102.6,104.06,1507368,122.84
2020-12-17,105.09,106.08,104.37,105.8,1584111,124.89
2020-12-18,105.89,106.52,103.66,105.3,5014610,124.3
2020-12-21,101.65,104.77,101.44,104.47,1449107,123.32
2020-12-22,104.87,106.74,103.96,105.92,1241723,125.04
2020-12-23,107.58,110.16,107,108.73,1597926,128.35
2020-12-24,109.19,109.45,107.63,108.79,391533,128.42
2020-12-28,109.23,110.14,108.43,108.55,739508,128.14
2020-12-29,109.31,110.42,107.63,108.49,923470,128.07
2020-12-30,109.03,111,109.03,110.79,1117915,130.79
2020-12-31,110.8,111.17,109.87,110.37,958243,130.29
2021-01-04,111.28,111.79,108.23,109.71,2214155,129.51
2021-01-05,109.28,113.34,109.28,113,1944899,133.39
2021-01-06,113.29,117.71,112.67,116.99,2421275,138.11
2021-01-07,119.11,123.55,119.11,122.66,2456206,144.8
2021-01-08,123.91,128.07,121.82,123.31,2726991,145.56
2021-01-11,121.09,124.91,120.04,122.9,2726857,145.08
2021-01-12,124.3,129.42,123.85,127.99,2386229,151.09
2021-01-13,127.08,127.91,122.92,123.73,2428612,146.06
2021-01-14,124.25,124.53,121.23,122.17,2016767,144.22
2021-01-15,121.35,121.87,116.5,120.92,1992309,142.75
2021-01-19,123.76,125.05,119.46,120.77,1957665,142.57
2021-01-20,123.34,123.64,121.16,122.93,2333758,145.12
2021-01-21,123.42,124.16,121.43,121.86,2049559,143.85
2021-01-22,119.68,121.72,117.75,118.16,2474548,139.49
2021-01-25,117.75,118.43,113.6,117.76,2365940,139.01
2021-01-26,117.99,118.89,114.61,114.95,1737841,135.7
2021-01-27,111.62,112.99,107.76,108.4,2450078,127.96
2021-01-28,110.43,114.44,109.51,113.02,3297903,133.42
2021-01-29,113.17,116.1,110.68,113.17,2904550,133.6
2021-02-01,114.56,118,114.56,117.55,1837298,138.77
2021-02-02,120.2,121.43,118.86,119.66,2401618,141.26
2021-02-03,119.66,124.1,119.44,121.26,2591747,143.15
2021-02-04,127.07,128.11,120.42,120.42,4825446,142.15
2021-02-05,122.71,124.89,122.02,124.64,2137940,147.13
2021-02-08,125.57,126.54,123.74,126.02,1837453,148.77
2021-02-09,124.95,126.53,123.45,125.61,1273544,148.28
2021-02-10,126.6,127.06,124.06,126.97,2143037,149.89
2021-02-11,127.97,130.94,125.89,130.41,1968034,153.95
2021-02-12,130.36,132.59,128.28,132.39,1553495,156.29
2021-02-16,133,135.11,131.11,131.38,2068682,155.09
2021-02-17,130.52,133.17,129.54,132.63,1453081,156.57
2021-02-18,131.62,131.81,125.4,126.52,1662480,149.35
2021-02-19,128.23,131.19,127.69,130.29,1952732,153.8
2021-02-22,129.53,134.96,129.19,132.99,2038531,156.99
2021-02-23,130.29,130.62,124.42,128.47,2417841,151.66
2021-02-24,129.78,131.73,127.61,131.49,2191235,155.22
2021-02-25,130.76,131.05,123.51,124.9,2190302,147.44
2021-02-26,125.98,127.56,122.59,126.93,2955674,149.84
2021-03-01,127.96,131.81,127.91,131.1,1965702,154.76
2021-03-02,131.3,132.35,129.16,130.63,1287603,154.21
2021-03-03,131.1,135.66,131.06,131.77,1652299,155.55
2021-03-04,130.29,130.64,120.68,124.02,2564865,146.4
2021-03-05,125.58,125.58,115.03,123.82,3119310,146.17
2021-03-08,125.3,126.98,122.31,122.49,2700063,144.6
2021-03-09,123.95,124.42,120.41,121.56,2857800,143.5
2021-03-10,122.4,127.41,122.32,125.96,1929070,148.69
2021-03-11,127.11,130.4,126.69,129.19,1517012,152.51
2021-03-12,128,128.59,127.15,127.83,1648536,150.9
2021-03-15,127.55,129.68,125.91,129.46,1308176,152.83
2021-03-16,129.25,129.25,124.25,124.82,1765197,147.35
2021-03-17,125.2,130.16,123.88,129.8,2083154,153.23
2021-03-18,129.38,131.79,125.93,126.13,1746182,148.9
2021-03-19,122.96,125.18,121.62,123.63,4414365,145.94
2021-03-22,123.87,123.98,121.23,122.86,2220741,145.04
2021-03-23,121.49,122.58,117.1,118.15,2253571,139.48
2021-03-24,119.61,121.44,118.45,118.47,1566669,139.85
2021-03-25,116.9,121.44,116.12,120.87,1427364,142.68
2021-03-26,121.14,121.61,116.35,119.14,1828435,140.64
2021-03-29,118.47,119.05,114.24,114.43,1867952,135.08
2021-03-30,114.62,116.48,113.2,116.3,2966463,137.29
2021-03-31,118.12,118.41,116.48,116.82,2284745,137.9
2021-04-01,118.35,120.04,117.71,119.22,2058141,140.74
2021-04-05,120.29,122,119.85,120.3,1327960,142.01
2021-04-06,120.81,123.2,120.31,122.22,1748829,144.28
2021-04-07,121.6,122.64,118.67,119.2,1346457,140.71
2021-04-08,118.58,119.63,116.98,118.72,1532965,140.15
2021-04-09,118.97,120.72,118.56,120.65,1062502,142.43
2021-04-12,121.07,121.65,119.96,121.26,895232,143.15
2021-04-13,121.65,122.1,118.29,119.61,1249680,141.2
2021-04-14,120.14,122.86,119.7,120.5,1045034,142.25
2021-04-15,120.7,120.98,118.32,120.15,1272594,141.84
2021-04-16,121.87,123.04,119.34,119.48,1572699,141.05
2021-04-19,119.44,119.44,118.87,118.87,26221,140.32
2021-04-20,118.6,118.73,113.23,114.39,1628157,135.04
2021-04-21,114.16,118.15,113.13,117.9,1211490,139.18
2021-04-22,118.43,119.13,116.47,117.69,1073014,138.93
2021-04-23,119.2,123.48,117.91,122.74,1783191,144.89
2021-04-26,123.47,124.53,122.35,123,1096523,145.2
2021-04-27,123.49,125.25,122.85,124.28,1148169,146.71
2021-04-28,123.49,124.95,122.92,124.46,1155135,146.92
2021-04-29,124.91,125.44,121.39,122.44,1458079,144.54
2021-04-30,121.6,123.92,120.87,121.89,1894818,143.89
2021-05-03,122.87,123.63,121.19,121.51,1754370,143.44
2021-05-04,119.72,120.62,117.02,118.38,2202601,139.74
2021-05-05,119.99,121.88,118.71,121.07,1518107,142.92
2021-05-06,119.02,121.92,116.13,119.83,1676296,141.46
2021-05-07,120.38,126.13,120.14,126.02,1588485,148.77
2021-05-10,125.32,125.53,121.8,121.8,1308393,143.78
2021-05-11,119.15,120.24,116.54,119.13,1930892,140.63
2021-05-12,118.11,119.78,113.05,113.83,1507399,134.37
2021-05-13,114.77,117.74,113.67,115.99,1538564,136.93
2021-05-14,117.24,118.49,115.48,117.9,753343,139.18
2021-05-17,117.06,118.31,115.86,117.78,1404613,139.04
2021-05-18,118.6,119.29,116.19,116.33,1694430,137.33
2021-05-19,114.36,116.4,113.57,115.99,1767555,136.92
2021-05-20,117.04,117.46,115.49,116.32,1712626,137.31
2021-05-21,117.38,119.68,117.04,118.99,2110571,140.46
2021-05-24,119.95,120.74,118.67,119.83,1216230,141.46
2021-05-25,120.11,121.8,119.6,120.17,1329938,141.86
2021-05-26,120.18,121.86,119.88,121.46,1293507,143.38
2021-05-27,123.41,128.72,122.61,127.82,3866861,150.89
2021-05-28,127.51,128.39,125.57,127.42,2054173,150.42
2021-06-01,128.95,131.94,128.09,131.23,2151091,154.91
2021-06-02,131.3,131.6,128.85,131.3,3282013,155
2021-06-03,130.98,134.11,130.12,132.14,3032330,155.99
2021-06-04,133,135.44,132.74,135.33,2549052,159.75
2021-06-07,135.54,135.54,132.17,133.21,1739917,157.25
2021-06-08,133.21,135.21,132.05,134.92,1435152,159.27
2021-06-09,134.69,134.95,133.5,134.12,2106678,158.33
2021-06-10,135.21,135.33,131.36,131.76,1861389,155.54
2021-06-11,132.27,133.2,131.57,132.79,1396261,156.76
2021-06-14,132.54,133.49,131.3,133.39,1040727,157.47
2021-06-15,133.25,133.47,132.49,133,1345066,157
2021-06-16,132.57,133.39,130.22,130.77,2189862,154.37
2021-06-17,130.45,131.9,126.69,128.22,2747450,151.36
2021-06-18,125.99,126.92,124.21,124.75,2659108,147.27
2021-06-21,126.22,128.34,125.4,127.44,2011160,150.44
2021-06-22,127.85,128.76,127.19,128.46,1629236,151.64
2021-06-23,128.54,130.21,128.2,129.4,836114,152.75
2021-06-24,131.82,132.9,130.89,131.41,1265681,155.13
2021-06-25,131.3,132.15,130.8,131.95,3637983,155.77
2021-06-28,131.45,131.84,129.1,131.05,1619876,154.7
2021-06-29,131.51,134.48,131.11,134.1,1461450,158.3
2021-06-30,133.47,134.31,132.82,133.28,1426979,157.33
2021-07-01,134.25,134.83,133.19,134.46,1192285,158.73
2021-07-02,134.53,135.99,133.75,135.43,1390731,159.87
2021-07-06,135.54,135.61,132.03,133.5,1328732,157.6
2021-07-07,133.21,133.28,128.02,130.45,1938479,154
2021-07-08,127.48,128.63,125.26,128.15,1749296,151.28
2021-07-09,129.88,132.73,129.48,131.82,1187266,155.61
2021-07-12,131.46,135.22,130.85,134.28,1190527,158.52
2021-07-13,133.98,134.28,132.55,133.45,1190036,157.53
2021-07-14,134.25,134.89,130.84,131.99,897541,155.81
2021-07-15,130.86,131.69,128.96,130.11,816855,153.59
2021-07-16,131.11,131.12,126.68,126.85,994334,149.75
2021-07-19,122.48,125.49,121.53,124.67,1960177,147.17
2021-07-20,125.5,130.31,124.39,129.73,1261213,153.15
2021-07-21,131.01,132.76,130.58,132.19,1032087,156.05
2021-07-22,131.84,132,129.85,130.87,730051,154.49
2021-07-23,132.5,133.95,131.87,133.33,748957,157.39
2021-07-26,133.52,135.38,132.62,135.33,883249,159.75
2021-07-27,133.57,134.8,132.22,134.61,1041060,158.9
2021-07-28,134.82,138.57,134.7,137.5,1410101,162.32
2021-07-29,139.21,142.25,138.89,142.02,1413457,167.65
2021-07-30,140.28,142.89,139.85,141.34,1486379,166.85
2021-08-02,142.56,143.96,141.45,142.03,1517610,167.66
2021-08-03,142.66,143.44,140.21,143.28,854598,169.14
2021-08-04,142.33,142.87,140.3,140.38,1747754,165.72
2021-08-05,133.28,137.02,131.57,135.24,2293953,159.65
2021-08-06,137.09,139.04,134.68,138.21,1165608,163.15
2021-08-09,137.13,141.31,137.13,140.04,1065774,165.31
2021-08-10,140.9,144.41,140.9,143.81,1386166,169.76
2021-08-11,143.29,144.01,140.43,142.43,1157003,168.14
2021-08-12,142.7,143.02,139.82,141.06,996239,166.52
2021-08-13,141.48,141.68,139.32,139.71,810299,164.93
2021-08-16,138.14,139.27,136.95,139.13,994482,164.24
2021-08-17,136.96,137.4,131.95,134.06,1160322,158.25
2021-08-18,133.56,134.54,132.51,132.64,1023368,156.58
2021-08-19,130.74,130.77,127.21,129.54,1526287,152.92
2021-08-20,129.37,131.25,128.34,131.01,1252930,154.65
2021-08-23,131.99,132.8,131.23,131.47,1338966,155.2
2021-08-24,132.14,133.87,132.14,133.54,1347491,157.64
2021-08-25,134.46,134.46,132.84,133.35,1387292,157.42
2021-08-26,133.03,133.42,130.42,130.63,901629,154.21
2021-08-27,131.3,133.19,131.3,132.5,1611908,156.41
2021-08-30,132.85,133.14,129.64,129.7,1360973,153.11
2021-08-31,130.23,130.47,128.55,128.92,2377421,152.19
2021-09-01,128.56,129.21,126.4,128.25,1388784,151.4
2021-09-02,129.29,129.3,127.8,127.97,1021554,151.07
2021-09-03,127.71,127.71,126.06,127.01,1368236,149.93
2021-09-07,126.52,128.03,126.47,127.58,1770434,150.61
2021-09-08,126.69,127.03,122.97,125.41,1768204,148.04
2021-09-09,125.1,126.4,124.35,126.16,1055734,148.93
2021-09-10,127.54,128.49,124.01,124.05,1356581,146.44
2021-09-13,125.63,126.19,123.85,125.58,1926278,148.25
2021-09-14,126.62,127.89,126.16,126.92,1412929,149.83
2021-09-15,127.35,131.28,126.79,130.68,2888355,154.27
2021-09-16,129.44,129.86,124.94,126.37,1598254,149.18
2021-09-17,125.01,125.97,122.81,124.04,2526303,146.43
2021-09-20,119.83,121.89,119.1,121.54,1646053,143.48
2021-09-21,122.75,123.49,119.49,120.54,1304720,142.3
2021-09-22,122.17,124.04,121.75,122.97,1513553,145.17
2021-09-23,125.08,130.07,124.93,129.4,2140207,152.76
2021-09-24,128.76,129.82,127.74,127.94,921012,151.03
2021-09-27,127.29,131.15,126.67,130.62,1217839,154.2
2021-09-28,131.3,132.4,128.69,130.63,1742344,154.21
2021-09-29,130.66,131.4,127.19,127.61,1299956,150.64
2021-09-30,128.23,129.16,126.09,126.19,1972907,148.97
2021-10-01,127.39,129.52,125.35,129.35,1566758,152.7
2021-10-04,129.9,133.77,129.57,133.56,3189933,157.66
2021-10-05,133.02,135.06,131.98,133.93,2156523,158.1
2021-10-06,131.29,133.67,128.9,133.59,1420443,157.7
2021-10-07,135.58,140.3,134.29,139.6,1535026,164.8
2021-10-08,139.77,141.39,138.27,139.87,1618432,165.12
2021-10-11,139.77,141.38,135.61,135.66,2658267,160.15
2021-10-12,136.62,139.37,135.55,138.1,1528407,163.02
2021-10-13,138.08,139.84,136.34,139.67,1704936,164.88
2021-10-14,140.72,142.34,139.84,141.74,1166223,167.32
2021-10-15,143.42,144,142.3,142.94,1311371,168.74
2021-10-18,141.45,143.18,140.94,142.15,1408598,167.8
2021-10-19,143.11,143.63,140.74,141.11,1055632,166.58
2021-10-20,139.39,143.16,139.32,143.14,1435314,168.98
2021-10-21,143.35,144.45,142.63,143.59,1305241,169.51
2021-10-22,144.01,144.2,141.64,142.64,1174686,168.38
2021-10-25,143.57,144.25,143.57,144.25,142842,170.29
2021-10-26,145.01,145.34,142.42,143.31,1053099,169.18
2021-10-27,142.42,145.7,142.19,143.35,1109499,169.22
2021-10-28,144.33,146.25,143.75,145.76,1068278,172.07
2021-10-29,145.33,146.73,145.11,146.46,1142663,172.89
2021-11-01,147.63,148.91,146.75,148.86,1809288,175.73
2021-11-02,147.83,148.24,145.95,147.91,2048947,174.61
2021-11-03,147.67,152.73,146.88,150.89,1806913,178.12
2021-11-04,152.06,153.17,149.73,150.33,1920708,177.46
2021-11-05,152.19,152.19,147.43,148.27,1729147,175.03
2021-11-08,145.35,147.44,145.28,146.74,2239924,173.23
2021-11-09,147.64,148.57,145.03,146.1,2134530,172.47
2021-11-10,144.82,147.08,143.69,145.21,2116117,171.42
2021-11-11,146.3,146.43,141.94,143.17,1865010,169.01
2021-11-12,143.84,145.38,142.77,144.43,2851718,170.5
2021-11-15,145.8,147.44,144.12,145.81,2235048,172.13
2021-11-16,146.78,148.73,146,147.93,1684782,174.63
2021-11-17,148.7,150,148.06,149.52,1507383,176.51
2021-11-18,150.22,151.97,147.92,149.31,1329399,176.26
2021-11-19,149.66,150.5,148.36,149.14,1357717,176.06
2021-11-22,149.32,150.39,147.4,148.67,1115122,175.5
2021-11-23,147.94,149.09,144.14,144.26,2123490,170.3
2021-11-24,142.74,144.12,140.73,143.64,1179296,169.56
2021-11-26,140.26,141.06,136.53,138.43,930319,163.41
2021-11-29,141.67,142.43,137.88,140.19,1718765,165.49
2021-11-30,140.21,140.21,135.24,135.83,2492599,160.35
2021-12-01,139.7,142.24,135.39,135.54,1845989,160
2021-12-02,137.71,140.99,136.52,140.43,1896424,165.77
2021-12-03,141,141.2,136.11,137.53,1541686,162.35
2021-12-06,140.62,140.76,137.06,139.27,1516456,164.41
2021-12-07,141.09,143.68,141.09,141.99,1643525,167.62
2021-12-08,143.24,144.65,141.81,144.33,1165786,170.38
2021-12-09,143.48,143.7,140.75,141.3,1020780,166.8
2021-12-10,142.87,143.54,140.95,143.14,704516,168.97
2021-12-13,142.33,142.83,137.95,138.05,1473560,162.96
2021-12-14,137.26,138.6,133.6,136.23,1878034,160.82
2021-12-15,135.14,139.32,134.26,139.3,1865519,164.44
2021-12-16,139.69,143.15,137.15,137.37,1472583,162.16
2021-12-17,136.28,137.56,133.22,134.2,3573623,158.42
2021-12-20,131.75,132.15,128.11,129.91,1747809,153.36
2021-12-21,131.73,134.04,131.02,133.86,2503057,158.02
2021-12-22,134.2,137.07,133.87,136.23,1405000,160.82
2021-12-23,137.41,138.75,137.08,137.57,833330,162.4
2021-12-27,137.84,139.18,135.96,138.46,838489,163.45
2021-12-28,138.05,139.33,137.44,137.77,775004,162.63
2021-12-29,138.53,139.45,137.42,138.26,629131,163.21
2021-12-30,139.21,140.64,138.03,138.2,602543,163.14
2021-12-31,137.64,140.38,137.33,139.73,763850,164.95
2022-01-03,140.94,142.51,139.77,140.65,1618457,166.03
2022-01-04,142.02,147.72,141.71,145.88,2021983,172.21
2022-01-05,146.13,147.35,142.53,142.55,1378549,168.28
2022-01-06,143.06,147.62,140.19,147.5,2207455,174.12
2022-01-07,147.2,149.02,143.47,143.56,1642885,169.47
2022-01-10,142.11,143.63,136.24,139.83,1144491,165.07
2022-01-11,134.18,137.48,133.6,135.28,2993534,159.7
2022-01-12,137.05,138.76,133.27,135.36,1709047,159.79
2022-01-13,135.99,138.52,134.27,134.33,2207737,158.57
2022-01-14,132.15,132.46,126.03,129.27,2527095,152.6
2022-01-18,128.44,128.48,125.14,126.69,2152954,149.56
2022-01-19,128.17,128.22,123.46,123.58,1617634,145.88
2022-01-20,124.23,126.15,120.06,120.29,1676021,142
2022-01-21,119.29,122.41,118.3,118.76,3461883,140.19
2022-01-24,114.08,118.5,111.07,118.5,760966,139.89
2022-01-25,115.23,117.12,112.57,115.15,2407723,135.93
2022-01-26,117.66,119.93,112.57,114.54,1496623,135.21
2022-01-27,116.42,118.08,110.17,111.83,2303360,132.01
2022-01-28,111.62,111.85,108.12,110.95,3522051,130.98
2022-01-31,110.88,115.99,110.48,115.7,3975872,136.58
2022-02-01,117.16,119.66,114.73,118.59,4187993,139.99
2022-02-02,118.96,120.13,116.94,118.42,2129635,139.79
2022-02-03,113.94,118.07,111.56,111.7,2829520,131.86
2022-02-04,109.51,113.6,109.14,111.99,2857955,132.2
2022-02-07,112.02,113.67,110.66,110.84,1797108,130.84
2022-02-08,111.23,114.17,110.03,113.72,2196955,134.24
2022-02-09,115.22,118.25,115.14,117.99,1891298,139.28
2022-02-10,115.97,119.56,114.28,115.14,2143154,135.92
2022-02-11,115.14,116.38,112.2,113.51,2261646,134
2022-02-14,113.73,116.88,113.73,115.72,2955246,136.6
2022-02-15,118.13,121.98,117.94,121.65,2766854,143.61
2022-02-16,118.95,124.57,118.95,123.9,2044402,146.26
2022-02-17,121.71,123.53,120.39,121.25,1719326,143.13
2022-02-18,121.73,122.59,118.86,119.57,1433682,141.15
2022-02-22,118.98,120.32,114.97,116.49,1507426,137.52
2022-02-23,117.99,117.99,112.31,112.88,1534385,133.25
2022-02-24,107.87,113.79,106.36,113.7,2700349,134.22
2022-02-25,114.48,115.91,112.61,115.21,1709121,136
2022-02-28,112.49,113.5,108.17,109.65,3186947,129.44
2022-03-01,109.02,109.45,99.11,100,5383004,118.05
2022-03-02,101.25,104.08,100.07,103.1,3508317,121.71
2022-03-03,103.2,103.8,98.37,99,2256611,116.87
2022-03-04,96.88,97.09,88.36,89.68,5915688,105.87
2022-03-07,89.31,90.34,82.42,82.7,5270988,97.63
2022-03-08,84.65,84.83,84.65,84.83,357404,100.14
2022-03-09,91.23,92.01,88.07,88.62,2974428,104.61
2022-03-10,85.64,89.86,85.17,89.52,3297630,105.68
2022-03-11,90.65,91.17,88.48,89.92,3125054,106.15
2022-03-14,89.73,92.72,88.1,88.5,3378741,104.47
2022-03-15,89.75,93.65,89.41,91.55,2184891,108.07
2022-03-16,93.51,99.48,93.51,98.87,3402453,116.71
2022-03-17,96.03,99.69,95.54,98.01,1928135,115.7
2022-03-18,97.62,101.46,96.66,100.55,3773310,118.7
2022-03-21,99.93,100.68,97.37,98.43,3055736,116.19
2022-03-22,99.08,100.52,98.44,100.21,2280810,118.3
2022-03-23,99.96,100.89,99.31,99.91,4481760,117.94
2022-03-24,100.86,101.13,99.56,100.62,1990400,118.78
2022-03-25,100.2,101.22,98.61,100.16,1583843,118.24
2022-03-28,100.16,101.02,99.48,100.68,1834265,118.85
2022-03-29,106.72,109.43,104.49,106.85,2650158,126.14
2022-03-30,104.47,105.47,103.16,103.48,1751400,122.16
2022-03-31,102.04,103.27,101.35,101.41,2895292,119.71
2022-04-01,102.1,103.34,100.35,100.87,2077412,119.07
2022-04-04,100.81,101.32,99.93,100.58,1516855,118.73
2022-04-05,98.75,99.5,94.85,95.54,2524827,112.78
2022-04-06,95.55,95.55,92.73,94.36,2478650,111.39
2022-04-07,93.3,94.09,90.97,93.37,1596991,110.22
2022-04-08,92.63,94.17,91.63,91.8,1777776,108.37
2022-04-11,90.88,95.26,90.36,91.67,2449787,108.21
2022-04-12,93.64,95.89,93.06,93.91,2278133,110.86
2022-04-13,93.32,94.62,91.98,92.25,2150050,108.9
2022-04-14,92.45,93.28,90.77,91.07,1364382,107.51
2022-04-18,87.43,90.67,87.43,89.61,1582121,105.78
2022-04-19,90.11,93.88,90.11,93.58,1283700,110.47
2022-04-20,94.56,96.34,94.02,94.06,1576976,111.04
2022-04-21,97,97.62,92.38,92.72,1359053,109.46
2022-04-22,91.11,92.54,90.01,90.2,1482889,106.48
2022-04-25,89.9,91.43,88.11,91.17,1737281,107.63
2022-04-26,89.86,90.87,86.21,86.84,1748732,102.51
2022-04-27,87.22,89.6,86.69,87.85,1293088,103.71
2022-04-28,89.8,91.91,87.31,91.35,1562880,107.84
2022-04-29,90.98,93.1,89.86,90.13,1684732,106.4
2022-05-02,89.9,92.2,88.09,92.07,1686957,108.69
2022-05-03,91.9,92.5,90.25,91.16,3329156,107.61
2022-05-04,90.89,93.72,89.42,93.54,3304006,110.42
2022-05-05,89.86,93.98,87.59,88.63,2804739,104.63
2022-05-06,88.5,88.69,83.83,86.27,2651750,101.84
2022-05-09,84.66,85.41,80.24,80.65,2342970,95.21
2022-05-10,83,83.17,78.08,81.24,3071833,95.9
2022-05-11,81.62,83.03,76.74,76.87,3081830,90.74
2022-05-12,75.84,79.3,74.67,77.5,2904066,91.49
2022-05-13,79.67,83.58,79,83.13,1666236,98.13
2022-05-16,81.4,82.02,78.15,80.58,3212376,95.12
2022-05-17,83.08,84.08,82.03,84.01,1886887,99.17
2022-05-18,82.09,83.35,79.59,79.76,1931440,94.15
2022-05-19,79.57,82.44,78.73,80.42,2568351,94.93
2022-05-20,82.38,82.73,76.77,79.27,2109211,93.58
2022-05-23,80.76,80.76,78.28,79.63,2251850,94
2022-05-24,78.87,79.24,76.54,77.15,1986439,91.07
2022-05-25,76.67,79.79,76.1,79.2,1392851,93.5
2022-05-26,80.88,86.79,80.87,86.19,3619905,101.75
2022-05-27,87.43,89.33,87.25,88.4,2629444,104.35
2022-05-31,88.4,90.89,86.71,90,3912551,106.24
2022-06-01,90.45,91.89,89.11,91.08,2776679,107.52
2022-06-02,91.49,94.02,91.09,93.94,1950505,110.89
2022-06-03,91.58,92.56,89.81,90.03,1269859,106.28
2022-06-06,91.93,94.05,91.01,93.09,1885120,109.89
2022-06-07,91.68,94.12,90.93,92.89,1488487,109.66
2022-06-08,92.63,94.34,91.42,92.99,1189518,109.77
2022-06-09,92.06,92.96,90.79,90.83,930216,107.22
2022-06-10,88.52,89.76,85.64,85.83,1666763,101.32
2022-06-13,82.83,83.2,79.24,80.68,2001067,95.24
2022-06-14,81.01,81.85,79.67,80.41,1893182,94.92
2022-06-15,81.87,82.88,77.24,80.87,4132535,95.46
2022-06-16,77.96,78.21,72.24,72.99,2992360,86.16
2022-06-17,72.76,74.91,71.28,73.56,4776658,86.84
2022-06-21,76.27,77.37,74.94,76.82,2503410,90.69
2022-06-22,75.98,79.32,75.71,77.05,2100606,90.96
2022-06-23,76.94,78.27,76.03,78.05,2889630,92.14
2022-06-24,78.78,82.31,78.57,82.25,2820833,97.09
2022-06-27,82.93,83.94,81.44,82.59,2436763,97.5
2022-06-28,82.7,84.99,80.92,80.99,1841748,95.61
2022-06-29,80.13,80.45,77.62,78.59,1487163,92.77
2022-06-30,76.61,76.69,73.28,75.45,2795023,89.07
2022-07-01,75.46,78.36,75.1,77.47,2180484,91.45
2022-07-05,74.46,76.81,72.78,76.77,2050392,90.63
2022-07-06,76.44,77.65,73.69,74.16,1814541,87.54
2022-07-07,76.1,78.76,75.49,78.53,1821577,92.7
2022-07-08,78.56,79.31,76.88,78.32,1347911,92.46
2022-07-11,77.15,77.88,73.92,74.13,1947129,87.51
2022-07-12,74.37,77.48,74,76.16,2786238,89.91
2022-07-13,74.22,76.59,72.89,75.94,1704124,89.65
2022-07-14,74.38,75.18,72.05,74.19,1920149,87.58
2022-07-15,76.32,77.87,74.94,77.49,2034819,91.47
2022-07-18,78.93,79.78,76.56,76.93,1258683,90.82
2022-07-19,78.85,82.33,78.85,82.26,1860511,97.11
2022-07-20,81.79,83.83,81.32,83.35,1900524,98.39
2022-07-21,82.74,85.1,82.45,85.06,2868392,100.41
2022-07-22,85.72,85.77,82.03,82.7,1266599,97.63
2022-07-25,83.32,83.53,81.03,82.91,1404456,97.87
2022-07-26,81.7,82.53,80.85,81.53,2050027,96.24
2022-07-27,82.38,85.3,82.07,84.96,2370158,100.29
2022-07-28,86.06,87.77,84.43,87.73,1796469,103.56
2022-07-29,88.01,88.95,87.4,88.85,1848105,104.89
2022-08-01,87.79,91.1,87.28,90.12,2425021,106.38
2022-08-02,89.12,93,88.99,91.86,3289817,108.44
2022-08-03,92.5,93.47,91.69,92.96,2538808,109.74
2022-08-04,85.56,86.79,83.16,83.92,5835199,99.07
2022-08-05,82.35,85.03,81.72,83.36,3489253,98.41
2022-08-08,84.97,87.92,84.43,86.81,2299586,102.48
2022-08-09,86.6,86.6,83.75,84.23,2892885,99.43
2022-08-10,88.01,90.12,87.65,89.23,2094108,105.33
2022-08-11,90.81,92.54,89.82,92.02,2493156,108.63
2022-08-12,93.25,94.68,92.15,94.39,2068163,111.43
2022-08-15,92.78,93.67,92.04,92.16,1859200,108.79
2022-08-16,91.46,92.46,91.04,91.55,1683570,108.07
2022-08-17,89.39,90.64,88.51,89.88,1867432,106.1
2022-08-18,89.8,91.06,89.22,90.43,1251518,106.75
2022-08-19,88.95,89.48,87.24,87.9,1647733,103.77
2022-08-22,84.96,85.13,81.19,81.42,2892698,96.12
2022-08-23,81.82,83.45,81.29,81.35,1744994,96.03
2022-08-24,81.79,83.57,81.58,82.59,1231753,97.5
2022-08-25,83.33,84.84,83.06,84.59,1667492,99.86
2022-08-26,84.53,85.02,80.09,80.09,1476455,94.55
2022-08-29,79.06,80.74,78.86,80.16,1347462,94.63
2022-08-30,81.11,82.03,78.83,79.9,1324989,94.32
2022-08-31,80.42,80.96,78.98,79.15,2656464,93.43
2022-09-01,77.82,79.35,75.99,79.26,1696622,93.56
2022-09-02,80.76,81.02,76.94,77.35,1614384,91.31
2022-09-06,77.11,77.71,74.6,75.32,1917538,88.91
2022-09-07,75.15,78.22,75.15,78.01,2497842,92.09
2022-09-08,76.37,79.18,75.78,79.14,1288602,93.42
2022-09-09,79.86,82.09,79.57,81.95,1565225,96.74
2022-09-12,82.87,84.63,82.52,84.5,1808381,99.75
2022-09-13,80.54,83.51,80.37,82.2,2229792,97.03
2022-09-14,82.37,83.19,80.69,82.71,1995739,97.64
2022-09-15,81.75,86.55,81.66,81.96,2214846,96.75
2022-09-16,80.92,81.52,78.49,79.02,3841881,93.28
2022-09-19,77.78,81.71,77.66,81.49,1598865,96.2
2022-09-20,80.02,80.29,78.34,78.81,2246114,93.03
2022-09-21,79.12,80.36,76.95,76.96,1694800,90.85
2022-09-22,76.67,77.11,72.97,73.59,2103969,86.87
2022-09-23,71.75,72.05,69.44,70.78,2855906,83.55
2022-09-26,70.73,72.83,70.5,70.84,1849040,83.63
2022-09-27,72.25,72.25,69.05,70.31,2149090,83
2022-09-28,70.67,73.34,70.4,72.8,1996627,85.94
2022-09-29,69.85,70.38,66.96,68.15,2322579,80.45
2022-09-30,67.77,69.15,66.14,66.25,2428385,78.21
2022-10-03,67.4,71.88,66.04,70.34,2486058,83.04
2022-10-04,72.69,74.75,72.59,74.66,2328616,88.13
2022-10-05,73.02,74.15,72.02,73.78,1565881,87.1
2022-10-06,73.44,75.13,73.17,74.86,1937509,88.37
2022-10-07,73.05,73.39,70.53,72.17,2637291,85.19
2022-10-10,71.78,72.05,69.19,70.65,1961451,83.4
2022-10-11,70.33,71.51,68.86,69.4,2131644,81.92
2022-10-12,69.73,69.9,68.34,69.3,2265100,81.81
2022-10-13,66.96,71.39,66.31,70.68,2199746,83.44
2022-10-14,71.88,72.9,68.4,68.95,1808281,81.39
2022-10-17,71.42,72.58,70.69,72.29,1484600,85.34
2022-10-18,75.29,75.52,73.5,74.68,2718707,88.16
2022-10-19,73.64,74.77,72.15,72.81,1622530,85.95
2022-10-20,72.7,74.81,71.33,71.72,1796081,84.66
2022-10-21,72.27,74.05,71.28,73.73,2861919,87.04
2022-10-24,74.14,75.91,73.12,75.04,1759601,88.58
2022-10-25,75.22,76.71,75.22,76.49,2699927,90.3
2022-10-26,76.48,77.28,75.55,75.73,2037429,89.4
2022-10-27,76.83,77.17,74.75,74.98,2258078,88.51
2022-10-28,74.61,76.83,73.94,76.7,1923726,90.54
2022-10-31,76.41,77.39,75.53,77.15,1924925,91.07
2022-11-01,78.89,79.3,77.21,77.59,2036652,91.59
2022-11-02,76.74,78.28,74.4,74.55,2980619,88
2022-11-03,78.21,79.81,74.04,77.61,3525340,91.62
2022-11-04,80.17,84.08,79.69,82.7,3346641,97.63
2022-11-07,83.53,84.1,81.79,84.01,2875938,99.17
2022-11-08,83.83,86.36,83.21,85.67,2631454,101.13
2022-11-09,84.69,85.67,82.49,82.57,1939495,97.47
2022-11-10,87.66,92.75,87.4,92.61,3462133,109.32
2022-11-11,92.85,95.95,92.2,94.63,2063664,111.71
2022-11-14,93.86,94.47,92.34,92.87,1957750,109.63
2022-11-15,94.09,96.63,93.72,94.16,1894409,111.15
2022-11-16,92.85,93.22,91.44,92.24,1877692,108.89
2022-11-17,89.99,90.6,88.75,90.4,1421705,106.72
2022-11-18,92.61,92.73,90.05,91.51,1254217,108.03
2022-11-21,90.09,91.04,89.12,89.66,1110200,105.84
2022-11-22,90.48,90.95,89.75,90.7,1146171,107.07
2022-11-23,90.42,91.53,89.88,90.56,759025,106.91
2022-11-25,90.46,90.65,89.05,89.68,614340,105.86
2022-11-28,86.68,88.49,85.58,86.42,1748188,102.02
2022-11-29,87.18,87.21,85.71,86.3,1250477,101.88
2022-11-30,87.26,90.38,86.5,90.36,2968125,106.67
2022-12-01,90.6,91.2,88.52,89.11,1707554,105.19
2022-12-02,86.93,88.12,85.63,87.87,1393321,103.73
2022-12-05,87.48,87.48,84.77,86.09,1570975,101.63
2022-12-06,86.52,86.79,83.39,84.47,1378570,99.71
2022-12-07,83.48,84.9,82.6,82.84,1847102,97.79
2022-12-08,83.02,83.02,78.56,79.17,3447510,93.46
2022-12-09,78.26,79.07,77.52,79.02,2554632,93.28
2022-12-12,78.81,81.69,78.64,81.42,2465934,96.11
2022-12-13,85.13,85.13,81.52,82.66,2527119,97.58
2022-12-14,82.07,83.06,81.04,81.83,1721198,96.6
2022-12-15,80.81,81.87,79.84,81.3,2223053,95.97
2022-12-16,80.39,80.92,78.69,79.19,3960619,93.48
2022-12-19,79.4,79.75,78.27,78.87,3021228,93.11
2022-12-20,78.54,79.87,77.89,79.37,1849307,93.7
2022-12-21,80.29,80.67,79.51,79.75,1561780,94.14
2022-12-22,77.91,78.76,75.93,77.09,1705894,91
2022-12-23,76.93,77.67,76.09,77.31,1304218,91.26
2022-12-27,77.15,78.34,76.36,77.51,921923,91.5
2022-12-28,77.6,77.76,76.29,76.48,1412247,90.28
2022-12-29,77.93,79.6,77.73,79.47,1189772,93.81
2022-12-30,78.58,79.28,77.92,78.89,951577,93.13
2023-01-03,80.31,80.62,77.95,78.74,1340376,92.95
2023-01-04,80.04,81.4,79.64,81.22,1804307,95.88
2023-01-05,80.13,81.86,79.62,81.2,1021686,95.86
2023-01-06,81.89,83.9,81.22,83.28,1405304,98.31
2023-01-09,82.97,84.74,82.42,83,1570874,97.98
2023-01-10,83,84.45,82.16,84.41,1275278,99.64
2023-01-11,84.96,85.47,83.79,84.1,2285163,99.28
2023-01-12,84.41,86.83,83.86,86.13,1627754,101.67
2023-01-13,84.61,86.08,83.44,86.02,1294325,101.55
2023-01-17,86.6,87.74,85.91,86.87,1638565,102.55
2023-01-18,88.14,89.56,86.88,86.95,1949719,102.64
2023-01-19,85.8,86.49,83.59,85.64,1451763,101.1
2023-01-20,85.99,88.34,85.53,88.17,1943250,104.08
2023-01-23,89.29,91.15,88.62,90.94,1955720,107.35
2023-01-24,93.18,93.18,88.89,89.81,1326824,106.02
2023-01-25,88.35,89.76,87.35,89.6,1447891,105.77
2023-01-26,90.66,91.31,88.97,90.47,945858,106.8
2023-01-27,91.49,95.41,91.08,93.68,1928483,110.59
2023-01-30,91.8,94.16,91.5,93.04,1847909,109.83
2023-01-31,93.72,96.04,92.73,95.8,1777452,113.09
2023-02-01,95.51,97.49,94.04,97.21,2165538,114.75
2023-02-02,97.21,103.58,96.64,100.54,3558075,118.68
2023-02-03,96.55,100.49,96.55,98.04,1931682,115.73
2023-02-06,96.73,97.87,96.4,97.38,1128688,114.95
2023-02-07,96.84,98.62,96.37,98.19,1240704,115.91
2023-02-08,96.98,98.43,96.77,98.09,1265637,115.79
2023-02-09,99.81,101.05,97.81,98.27,2306722,116.01
2023-02-10,96.49,96.77,94.56,95.55,2390832,112.8
2023-02-13,95.3,96.23,94.6,95.55,2528448,112.79
2023-02-14,96.19,103.58,95.98,102.59,4074631,121.1
2023-02-15,103.42,105.79,103.35,104.25,2731112,123.07
2023-02-16,102.27,104.46,102.09,102.27,2014866,120.73
2023-02-17,101.11,101.51,99.96,101.35,1428124,119.64
2023-02-21,99.34,101.32,98.46,98.52,1945131,116.3
2023-02-22,98.74,99.63,96.89,98.35,1374504,116.1
2023-02-23,99.09,99.73,96.44,98.64,1441393,116.44
2023-02-24,96.57,97.89,95.66,97.37,1496896,114.94
2023-02-27,98.79,99.7,98.21,98.51,1124663,116.29
2023-02-28,98.54,99.7,98.07,98.5,2126091,116.28
2023-03-01,99.41,102.2,99.16,100.04,2095532,118.1
2023-03-02,98.52,99.26,97.12,99.05,1602692,116.93
2023-03-03,99.79,101.39,99.32,101.06,1041615,119.3
2023-03-06,101.65,101.92,99.92,100.34,1034037,118.45
2023-03-07,100.47,101.33,98.6,98.76,1180816,116.58
2023-03-08,98.84,99.33,97.92,99.03,1356406,116.9
2023-03-09,98.98,99.63,95.89,96.09,1265706,113.43
2023-03-10,96.32,96.37,92.88,94.1,1502422,111.08
2023-03-13,91.57,93.73,89.75,93.39,2421594,110.25
2023-03-14,95.1,97.52,94.35,95.72,2652294,113
2023-03-15,92.29,93.19,90.42,92.13,2532772,108.76
2023-03-16,91.3,95.3,91.28,95.02,1942163,112.17
2023-03-17,93.75,94.16,90.26,90.81,2985607,107.2
2023-03-20,90.82,93.28,90.77,92.17,1652231,108.81
2023-03-21,94.48,95.09,93.55,94.01,1925832,110.98
2023-03-22,94.03,94.18,91.24,91.28,1495143,107.76
2023-03-23,91.81,93.64,90.18,91.23,1781846,107.7
2023-03-24,90.61,91.23,89.73,90.79,2772162,107.18
2023-03-27,91.68,93.04,90.83,91.57,2193363,108.1
2023-03-28,91.97,92.48,91.06,91.47,1292553,107.98
2023-03-29,92.91,93.1,91.59,92.81,1934111,109.56
2023-03-30,94.33,94.77,92.7,93.1,1379076,109.9
2023-03-31,93.82,95.14,93.42,95.04,2585026,112.19
2023-04-03,94.13,95.37,93,93.6,1927033,110.49
2023-04-04,93.49,94.06,90.47,90.83,1696782,107.22
2023-04-05,89.96,90.91,88.13,88.52,1287451,104.5
2023-04-06,87.82,88.04,86.32,87.27,1648427,103.02
2023-04-10,86.89,88.4,86.65,88.39,1107781,104.34
2023-04-11,88.57,89.76,88.29,88.92,1396902,104.97
2023-04-12,90.17,90.54,87.87,88.26,958436,104.19
2023-04-13,89.08,90.12,88.1,89.83,2168033,106.04
2023-04-14,90.03,92.41,89.55,90.7,1679327,107.07
2023-04-17,90.7,91.95,90.02,91.15,1118190,107.6
2023-04-18,91.63,92.39,90.67,91.07,1584800,107.51
2023-04-19,89.83,91.01,89.31,90.99,1608058,107.41
2023-04-20,88.11,90.56,88.08,89.86,2419459,106.08
2023-04-21,89.69,89.69,88.26,89.19,2066598,105.29
2023-04-24,89.68,90.01,89.05,89.46,2151165,105.61
2023-04-25,88.59,88.76,86.33,86.68,2135782,102.32
2023-04-26,86.62,87.81,86.16,87.13,1652841,102.86
2023-04-27,87.21,87.59,83.21,86.11,3305258,101.65
2023-04-28,85.93,87.3,85.38,87.13,1402762,102.86
2023-05-01,87.27,87.99,86.41,86.57,1472725,102.19
2023-05-02,86.06,86.26,84.74,85.75,1596557,101.23
2023-05-03,85.31,86.47,84.5,84.58,1747367,99.84
2023-05-04,82.52,82.99,77.49,77.98,4503049,92.05
2023-05-05,80.11,80.76,78.51,79.14,2561686,93.42
2023-05-08,79.35,79.88,78.36,79.6,1882867,93.97
2023-05-09,78.71,79.65,78.16,79.09,2548199,93.37
2023-05-10,80.97,81.2,79.54,80.4,2681121,94.91
2023-05-11,79.79,80.15,79.04,79.87,1727143,94.29
2023-05-12,80.15,80.58,77.82,78.52,2272135,92.69
2023-05-15,79.07,79.42,78.31,78.72,1872801,92.93
2023-05-16,77.64,78.26,76.93,77,1556179,90.9
2023-05-17,77.7,79.55,76.96,79.51,2392933,93.86
2023-05-18,79.25,80.65,79.04,80.33,2278500,94.83
2023-05-19,80.9,81.22,79.93,79.94,1713918,94.37
2023-05-22,80.09,80.46,79.46,79.99,1298744,94.43
2023-05-23,79.41,80.3,78.25,78.34,1654007,92.48
2023-05-24,77.6,77.85,75.87,76.66,3746854,90.5
2023-05-25,76.24,77.16,75.1,75.99,2649552,89.71
2023-05-26,76.66,78.46,76.6,78.04,2141846,92.13
2023-05-30,79.03,79.2,76.81,77.28,1677854,91.23
2023-05-31,76.26,76.35,73.42,74.61,4347923,88.08
2023-06-01,75.38,76.98,74.6,76.42,2029643,90.21
2023-06-02,78.38,79.53,77.81,79.37,2796434,93.69
2023-06-05,79.35,79.57,77.93,78.16,1950908,92.27
2023-06-06,77.87,80.92,77.87,80.86,1862222,95.45
2023-06-07,80.76,81.66,80.45,81.4,3228003,96.09
2023-06-08,83.41,84.19,82.24,82.51,3606759,97.4
2023-06-09,82.68,83.35,81.75,83.01,4740585,97.99
2023-06-12,83.95,85.24,83.33,84.94,1944093,100.27
2023-06-13,86.17,86.88,85.3,85.69,2093395,101.15
2023-06-14,85.97,87.35,84.8,85.57,2567243,101.01
2023-06-15,84.84,86.21,84.48,85.8,1409822,101.28
2023-06-16,85.77,86.3,85.08,85.93,3241063,101.44
2023-06-20,85.56,85.56,83.64,84.85,2037518,100.16
2023-06-21,84.63,85.13,83.69,84.52,1337312,99.77
2023-06-22,84.03,84.41,83.19,83.53,1520184,98.6
2023-06-23,81.86,83.03,81.2,82.51,2795465,97.4
2023-06-26,82.61,84.07,82.24,82.91,1122008,97.87
2023-06-27,83.8,85.38,83.33,85.17,1679118,100.54
2023-06-28,85.12,86.22,84.63,85.7,1380100,101.17
2023-06-29,86.36,86.79,85.19,85.46,1129703,100.89
2023-06-30,86.16,86.81,85.24,86.48,1108175,102.09
2023-07-03,86.41,87.91,86.41,87.28,938784,103.03
2023-07-05,87.74,88.23,86.84,87.65,1749676,103.47
2023-07-06,89.92,90.01,88.02,88.84,2237226,104.88
2023-07-07,89.07,91.76,89.07,91.11,1699363,107.55
2023-07-10,91.01,92.28,90.77,92.04,1848127,108.65
2023-07-11,92.63,94.55,92.34,93.5,2025769,110.38
2023-07-12,94.99,96.23,94.09,95.22,2313945,112.4
2023-07-13,95.64,95.8,94.16,95.19,2498893,112.37
2023-07-14,94.9,95.11,93.14,94.04,1418298,111.01
2023-07-17,93.26,93.76,92.14,92.53,1036959,109.23
2023-07-18,92,92.62,91.14,92.28,1965759,108.94
2023-07-19,92.28,93.69,91.75,93.5,1924987,110.38
2023-07-20,93.02,93.35,91.66,92.01,1366848,108.62
2023-07-21,93.22,93.46,91.53,92.54,1394416,109.24
2023-07-24,92.76,94.01,92.22,92.7,1096254,109.43
2023-07-25,92.33,93.38,91.93,93.1,1142349,109.9
2023-07-26,92.96,94.26,92.46,93.51,1255112,110.39
2023-07-27,94.88,95.09,92.36,92.55,2323819,109.25
2023-07-28,93.86,94.09,92.27,92.48,1273856,109.17
2023-07-31,92.28,93.23,92.11,92.75,1321470,109.49
2023-08-01,92.17,92.99,91.6,92.75,1408556,109.49
2023-08-02,91.67,92.4,89.97,90.03,2324540,106.28
2023-08-03,94.47,95.84,92.72,92.83,3887381,109.58
2023-08-04,93.79,93.93,90.36,90.47,2490170,106.8
2023-08-07,91.53,91.53,90.05,90.77,1687454,107.15
2023-08-08,88.84,90.09,88.12,90.06,1733274,106.32
2023-08-09,89.41,89.54,87.88,88.37,1891218,104.32
2023-08-10,88.76,89.61,86.46,87.4,1682654,103.18
2023-08-11,86.27,86.89,82.67,83.61,2761295,98.7
2023-08-14,82.75,84.25,82.2,84.23,1886522,99.43
2023-08-15,83.31,83.69,82.23,82.42,2465423,97.3
2023-08-16,81.69,81.98,80.63,81,1636145,95.62
2023-08-17,81.5,82.28,80.8,81.37,2244184,96.06
2023-08-18,80.48,82.12,80.33,81.22,1470493,95.88
2023-08-21,81.89,82.56,81.1,81.8,1185849,96.56
2023-08-22,82.06,82.36,81.24,81.43,1169946,96.13
2023-08-23,81.38,83.28,80.96,83.08,1204776,98.08
2023-08-24,82.7,83.57,81.56,81.63,1010152,96.36
2023-08-25,82.29,83.21,81.25,82.69,1486952,97.61
2023-08-28,84.02,84.71,83.56,83.75,2033638,98.87
2023-08-29,83.39,85.57,83.14,85.41,1186508,100.82
2023-08-30,85.06,86.45,84.9,86.1,1672340,101.64
2023-08-31,86.46,86.72,85.84,85.94,2026282,101.45
2023-09-01,86.35,88.6,86.17,88.51,1621093,104.49
2023-09-05,87.93,88.35,86.95,87.39,1748017,103.16
2023-09-06,87.46,88.57,86.43,86.7,1514325,102.35
2023-09-07,85.44,86.21,84.65,85.29,1397508,100.68
2023-09-08,85.52,85.52,83.91,85.12,1645832,100.48
2023-09-11,86.52,86.52,84.3,84.52,1454225,99.77
2023-09-12,83.9,87.4,83.8,86.97,2325896,102.67
2023-09-13,87.62,88.01,85.23,85.8,2162772,101.29
2023-09-14,86.35,86.82,84.7,86.65,2162561,102.29
2023-09-15,86.3,87.88,86.21,86.79,4737072,102.46
2023-09-18,86.03,86.84,85.47,85.89,1606744,101.39
2023-09-19,85.62,87.13,85.07,86.89,1422088,102.57
2023-09-20,87.52,88.71,86.21,86.28,1102377,101.85
2023-09-21,85.15,85.36,82.92,82.93,1601487,97.9
2023-09-22,83.38,84.08,82.7,82.96,1812757,97.93
2023-09-25,82.18,84.07,82.18,83.93,1360415,99.08
2023-09-26,83.06,83.96,81.41,81.7,1181992,96.45
2023-09-27,82.36,82.6,80.48,81.2,1162478,95.86
2023-09-28,81.03,84.37,80.87,83.98,1602117,99.14
2023-09-29,85.08,85.46,83.41,83.52,1206700,98.59
2023-10-02,83.12,83.74,81.9,82.38,1145766,97.25
2023-10-03,81.57,82.02,79.7,80.11,1493950,94.57
2023-10-04,79.91,82.08,79.73,81.71,1790846,96.46
2023-10-05,81.3,81.65,78.54,79.68,1497235,94.06
2023-10-06,78.61,83.18,78.48,82.14,1965683,96.97
2023-10-09,80.72,82.39,80.37,82.03,844817,96.84
2023-10-10,82.36,83.78,82.22,83.12,925780,98.12
2023-10-11,83.53,83.96,82.86,83.8,851429,98.92
2023-10-12,83.82,84.13,81.56,82.17,1646297,97
2023-10-13,81.93,81.93,79.73,80.44,1063302,94.96
2023-10-16,81.14,82.92,81.14,81.86,1097023,96.63
2023-10-17,81.09,83.25,80.91,81.81,1861059,96.58
2023-10-18,80.66,80.66,77.74,77.94,1867644,92.01
2023-10-19,78.78,79.13,76.1,76.45,2828901,90.25
2023-10-20,76.74,78.77,76.1,77.93,2973148,92
2023-10-23,77.26,78.05,75.74,75.94,1935949,89.65
2023-10-24,76.18,77.37,75.94,76.91,1216991,90.79
2023-10-25,76.24,76.46,74.9,75.71,1534600,89.37
2023-10-26,76.25,77.41,75.48,75.72,2305897,89.39
2023-10-27,75.41,75.44,72.47,72.86,2188999,86.01
2023-10-30,73.86,73.88,72.21,73.18,2988979,86.39
2023-10-31,73.27,74.22,72.71,73.87,2636215,87.2
2023-11-01,74.1,74.11,71.18,72.92,2957998,86.08
2023-11-02,66.29,68.4,60.15,65.4,10208533,77.2
2023-11-03,67.73,68.07,64.56,65.65,6142876,77.5
2023-11-06,66.14,66.37,62.57,63.07,4262513,74.45
2023-11-07,63.13,64.36,62.01,64.14,2828913,75.72
2023-11-08,64.3,64.77,62.06,62.65,3414166,73.96
2023-11-09,62.8,63.52,61.62,61.68,3059226,72.81
2023-11-10,61.93,64.91,61.67,64.32,4254079,75.93
2023-11-13,64.02,64.7,63.22,63.9,2468551,75.43
2023-11-14,65.73,68.25,65.58,67.27,3072935,79.41
2023-11-15,67.07,68.5,67.07,68.01,2949812,80.29
2023-11-16,67.56,68.09,66.07,67.05,2889566,79.15
2023-11-17,67.76,69.09,67.42,68.77,3003683,81.18
2023-11-20,68.77,69.37,68.02,69.01,1994654,81.46
2023-11-21,68,68.75,67.69,68.47,2301162,80.83
2023-11-22,69.19,70.2,68.75,69.15,2181566,81.63
2023-11-24,69.47,70.73,69.47,70.4,1170676,83.11
2023-11-27,70.07,70.64,69.28,69.3,1912669,81.81
2023-11-28,69.53,70.28,68.88,69.42,1644593,81.95
2023-11-29,70.72,71.28,69.49,69.69,1638021,82.27
2023-11-30,69.78,70.61,69.32,70.17,2790299,82.84
2023-12-01,69.89,71.18,69.4,71.17,2653771,84.01
2023-12-04,70.83,71.68,70.06,70.17,1841226,82.83
2023-12-05,69.62,69.94,68.14,68.49,3549210,80.85
2023-12-06,69.71,70.26,68.18,68.51,3027629,80.88
2023-12-07,68.4,68.88,66.91,68.49,2350307,80.85
2023-12-08,68.43,69.15,67.57,67.62,2421724,79.83
2023-12-11,67.22,68.71,66.96,68.29,3792267,80.61
2023-12-12,67.85,68.62,66.41,68.14,2650820,80.44
2023-12-13,67.71,69.13,66.72,69.11,3632264,81.58
2023-12-14,70.51,75.27,69.89,75.27,5038662,88.85
2023-12-15,74.33,74.74,73.29,73.87,5073933,87.2
2023-12-18,74.67,74.93,72.56,73.95,2110041,87.3
2023-12-19,74.38,75.48,74.21,75.26,1964280,88.84
2023-12-20,75.1,75.84,73.3,73.39,1746849,86.64
2023-12-21,74.57,75.67,74.47,75.45,1674633,89.07
2023-12-22,75.3,76.05,74.93,75.41,1079482,89.02
2023-12-26,75.75,76.14,75.1,75.77,2044044,89.44
2023-12-27,75.94,76.32,75.54,75.93,1009368,89.63
2023-12-28,75.74,76.93,75.43,76.64,1377391,90.47
2023-12-29,76.83,77.36,75.82,76,1520008,89.72
2024-01-02,75.49,77.65,75.15,76.38,1481143,90.17
2024-01-03,74.09,74.34,71.19,71.57,2746675,84.49
2024-01-04,68.62,71.45,67.16,70.81,4117933,83.59
2024-01-05,71.03,72.34,70.41,70.72,2199945,83.48
2024-01-08,70.69,71.92,69.3,71.63,2306284,84.56
2024-01-09,70.61,70.76,69.4,69.68,2429860,82.26
2024-01-10,69.78,70.62,69.04,70.24,1983672,82.92
2024-01-11,69.95,70.95,69.4,70.82,2455079,83.6
2024-01-12,71.34,71.58,68.46,68.51,2267969,80.88
2024-01-16,67.4,68.45,66.45,68.44,3305506,80.79
2024-01-17,67.35,67.66,66.24,66.8,2536601,78.86
2024-01-18,67.13,67.29,65.62,66.93,3338338,79.01
2024-01-19,66.65,67.25,66.07,66.92,4232656,79
2024-01-22,67.32,68.35,67.07,67.77,3281074,80
2024-01-23,69.13,70.2,68.66,69.16,4069204,81.64
2024-01-24,69.55,71.07,69.3,70.38,4392965,83.08
2024-01-25,70.6,71.65,69.86,71.6,2791553,84.52
2024-01-26,72.28,73.25,71.97,72.89,3458383,86.04
2024-01-29,72.22,74.1,72,74.07,2581697,87.44
2024-01-30,74.16,74.38,73.2,73.46,4054262,86.72
2024-01-31,72.84,75.3,68.74,68.9,5669916,81.33
2024-02-01,69.27,71,68.1,70.73,4805103,83.5
2024-02-02,70.18,71.67,69.85,70.73,4491342,83.5
2024-02-05,70.15,70.71,69.51,69.66,2699656,82.23
2024-02-06,69.23,72.08,69.01,71.32,3827098,84.19
2024-02-07,69.89,70.63,68.75,69.48,3690697,82.02
2024-02-08,69.2,69.46,68.53,68.86,3701620,81.29
2024-02-09,68.72,69.79,68.49,69.48,2928686,82.02
2024-02-12,69.48,71.35,69.13,70.97,2959002,83.78
2024-02-13,68.29,69.03,66.29,67,4272551,79.09
2024-02-14,67.92,68.29,66.58,67.04,2582363,79.14
2024-02-15,67.76,68.62,67.01,67.27,3658122,79.41
2024-02-16,66.82,67.37,65.75,66.89,3343032,78.96
2024-02-20,66.06,66.22,64.61,65.87,2757943,77.76
2024-02-21,65.49,65.85,65.03,65.76,3122000,77.63
2024-02-22,66.24,66.73,65.5,65.91,1941812,77.8
2024-02-23,65.77,66.3,65.21,65.42,2540406,77.23
2024-02-26,65.17,65.82,64.46,65.67,2782840,77.52
2024-02-27,66.41,67.73,66.13,66.78,2171777,78.83
2024-02-28,65.85,67.28,65.78,66.73,1515813,78.77
2024-02-29,67.32,67.79,66.64,67.34,2668407,79.49
2024-03-01,67.45,67.49,66.44,66.96,2117793,79.05
2024-03-04,66.85,66.9,65.7,66.49,1495555,78.49
2024-03-05,66.07,68.29,65.91,67.29,2632794,79.43
2024-03-06,67.88,67.96,65.72,66.18,2634884,78.13
2024-03-07,66.55,67.73,66.49,66.73,2154119,78.77
2024-03-08,67.23,67.77,66.07,66.24,1356659,78.19
2024-03-11,65.81,66.85,65.61,66.51,1971918,78.51
2024-03-12,66.76,67.57,66.09,66.68,1610457,78.71
2024-03-13,66.47,68.04,66.47,67.53,2067847,79.72
2024-03-14,67.04,67.49,64.34,64.55,2529880,76.2
2024-03-15,64.27,65.63,63.53,65.43,3852437,77.24
2024-03-18,66.52,66.57,65.23,65.91,1753423,77.81
2024-03-19,65.71,66.23,65.19,66.01,1626352,77.92
2024-03-20,66.08,67.09,66.06,66.93,1602363,79.01
2024-03-21,67,68.33,66.91,68.24,2677401,80.56
2024-03-22,67.9,67.92,65.99,66.68,2428661,78.72
2024-03-25,67.08,67.67,66.16,67,1888587,79.09
2024-03-26,67.22,67.43,64.73,64.88,2180382,76.59
2024-03-27,65.26,66.71,65.02,66.62,2751499,78.64
2024-03-28,66.97,67.63,66.47,67.47,2654595,79.65
2024-04-01,67.88,68.45,66.71,66.74,1731418,78.79
2024-04-02,65.66,65.91,64.93,65.36,1596966,77.16
2024-04-03,65.09,65.8,64.77,65.71,1887770,77.57
2024-04-04,66.43,66.88,63.73,63.76,2080289,75.27
2024-04-05,63.98,64.88,62.97,63.3,2315773,74.73
2024-04-08,63.7,65.41,63.68,64.44,3697708,76.07
2024-04-09,64.81,66.91,64.62,66.86,2043870,78.93
2024-04-10,65.23,65.55,62.92,63.49,2082718,74.95
2024-04-11,63.7,64.35,62.56,64.19,1449736,75.77
2024-04-12,63.62,63.66,62.17,62.85,1745687,74.19
2024-04-15,63.07,63.44,61.52,61.85,1794203,73.01
2024-04-16,61.08,61.65,60.65,60.94,1789752,71.94
2024-04-17,60.27,60.89,58.7,58.75,3727609,69.35
2024-04-18,59.35,59.41,58.32,58.72,1727909,69.32
2024-04-19,58.38,59.29,58.38,58.98,1867618,69.63
2024-04-22,59.53,59.68,58.64,59.38,1883810,70.1
2024-04-23,59.4,60.12,59.04,59.51,1902735,70.25
2024-04-24,59.68,61.27,59.46,60.48,1860760,71.4
2024-04-25,59.74,60.06,58.39,59.41,1618805,70.13
2024-04-26,59.31,60.81,59.17,60.32,2108159,71.21
2024-04-29,60.91,61.61,60.8,61.34,2841567,72.41
2024-04-30,59.98,60.55,59.65,60.14,2752020,71
2024-05-01,59.98,60.58,58.95,59.09,4209300,69.75
2024-05-02,63.89,66.7,62.64,65.9,7872692,77.79
2024-05-03,67.3,68.82,66.79,68.46,4769688,80.82
2024-05-06,69.45,72.43,68.72,71.5,4546533,84.4
2024-05-07,71.64,72.48,70.17,70.31,2505290,83
2024-05-08,69.14,70.68,69.12,70.48,1639646,83.2
2024-05-09,70.81,71.61,70.58,70.89,1591765,83.69
2024-05-10,70.9,71.78,69.76,70.12,2046533,82.78
2024-05-13,70.49,71.33,69.95,70.09,1626592,82.74
2024-05-14,71.18,71.5,69.94,70.17,1312073,82.84
2024-05-15,70.89,71.06,68.79,69.23,1893676,81.73
2024-05-16,69.29,70.24,69.16,69.71,1658047,82.29
2024-05-17,69.84,70,68.87,69.56,1821978,82.11
2024-05-20,69.34,70.62,69.25,69.41,2235424,81.94
2024-05-21,68.97,69.89,68.72,69.73,1856301,82.31
2024-05-22,69.08,70.1,68.84,69.22,1660687,81.71
2024-05-23,69.53,70.31,67.8,68.01,3216304,80.28
2024-05-24,68.38,69.95,68.38,69.93,1689349,82.55
2024-05-28,70,71.32,69.72,70.42,1963931,83.13
2024-05-29,69.05,69.67,68.57,69.06,2281765,81.52
2024-05-30,69.29,69.53,68.72,69.43,1974276,81.96
2024-05-31,69.24,70.77,69.12,70.53,4283154,83.26
2024-06-03,70.73,72.3,70.5,71.71,2418180,84.65
2024-06-04,70.93,72.04,70.79,70.98,1777381,83.79
2024-06-05,71.14,71.34,69.07,69.12,2438457,81.59
2024-06-06,68.34,69.86,68.34,68.87,2593322,81.3
2024-06-07,68.3,69.35,68.19,68.97,2723797,81.42
2024-06-10,68.4,68.97,67.22,67.48,2481109,79.66
2024-06-11,67.32,67.32,64.56,64.62,2459959,76.28
2024-06-12,65.21,65.6,63.35,63.76,3039133,75.27
2024-06-13,63.57,64.22,62.56,63.12,2151248,74.51
2024-06-14,62.39,62.52,59.39,59.55,3007356,70.3
2024-06-17,59.7,60.26,58.89,60.1,2987975,70.95
2024-06-18,60.38,61.15,59.12,59.82,2330717,70.62
2024-06-20,60.64,62.17,60.23,62.05,4383599,73.25
2024-06-21,62.26,63.81,62.05,63.71,6794967,75.21
2024-06-24,63.97,65.07,63.95,64.46,3470650,76.09
2024-06-25,63.84,64.16,61.54,62.14,4259665,73.36
2024-06-26,56.66,58.7,55.17,57.21,9322396,67.54
2024-06-27,57.09,58.79,57.09,58.43,7067016,68.98
2024-06-28,58.71,59.74,58.05,59.65,5146771,70.42
2024-07-01,59.87,60.42,57.94,57.98,3529103,68.44
2024-07-02,56.93,59.34,56.93,58.82,3118606,69.44
2024-07-03,59.07,60.05,58.69,59.12,1381888,69.79
2024-07-05,58.67,59.7,58.52,59.45,2913153,70.18
2024-07-08,60.09,60.65,58.99,59.03,2310987,69.68
2024-07-09,58.93,59.28,57.87,58.52,2826591,69.08
2024-07-10,58.81,59.47,58.51,58.96,2869579,69.6
2024-07-11,59.95,61.23,59.74,60.78,2477757,71.75
2024-07-12,60.78,61.72,60.43,61.6,3218331,72.72
2024-07-15,61.03,61.59,60.86,61.21,2361750,72.26
2024-07-16,61.55,62.2,60.78,62.19,1959775,73.41
2024-07-17,61.36,61.57,59.93,61.34,3321938,72.41
2024-07-18,61.62,63.63,60.65,60.72,3218404,71.68
2024-07-19,59.49,59.59,56.98,58.34,5526582,68.87
2024-07-22,59,59.47,58.03,59.24,2601338,69.93
2024-07-23,58,58.89,57.69,58.1,2536894,68.59
2024-07-24,57.67,58.58,56.75,56.82,3196750,67.08
2024-07-25,56.79,58.63,56.42,57.46,3001111,67.83
2024-07-26,57.82,58.32,57.15,58.23,2032880,68.74
2024-07-29,57.99,58.41,57.32,58.37,2412485,68.9
2024-07-30,58.43,58.92,57.03,57.29,2264651,67.63
2024-07-31,58.94,60.24,58.16,58.78,4139812,69.39
2024-08-01,66.9,68.57,61.2,61.95,10013983,73.13
2024-08-02,60.28,60.3,56.8,58.98,6391902,69.63
2024-08-05,56.76,58.98,56.26,58.55,6468352,69.12
2024-08-06,58.28,59.37,57.94,58.49,5191175,69.05
2024-08-07,60.29,61.12,57.5,57.53,3836458,67.91
2024-08-08,58.03,58.79,57.73,58.4,3887275,68.94
2024-08-09,58.37,58.88,57.18,57.3,3321227,67.64
2024-08-12,57.36,57.59,56.53,56.97,2936000,67.25
2024-08-13,57.6,58.04,56.97,57.58,3429425,67.97
2024-08-14,57.54,57.73,56.38,56.74,2517255,66.98
2024-08-15,57.94,58.45,57.61,58.19,5904046,68.69
2024-08-16,58.12,58.71,57.75,58.39,2273896,68.93
2024-08-19,58.9,60.33,58.73,60.14,2694956,70.99
2024-08-20,59.92,60.25,59.09,59.17,1404691,69.85
2024-08-21,59.79,60.07,59.49,60.04,1997088,70.88
2024-08-22,60.03,60.29,59.32,59.38,1918040,70.1
2024-08-23,59.95,61.59,59.73,61.24,2682965,72.29
2024-08-26,61.58,62.5,60.93,61.07,4389439,72.09
2024-08-27,60.9,61.16,59.79,60,5515778,70.83
2024-08-28,59.7,60.25,58.8,59.31,3105822,70.02
2024-08-29,59.8,60.83,59.23,60.08,1899411,70.92
2024-08-30,60.59,60.65,59.75,60.59,2712509,71.53
2024-09-03,59.9,60.58,58.98,59.39,2703641,70.11
2024-09-04,59.31,59.64,58.4,58.84,2988182,69.46
2024-09-05,59.26,60.32,58.68,60.12,2666061,70.97
2024-09-06,59.72,60.82,57.96,58.02,2740651,68.49
2024-09-09,57.95,59.28,57.77,58.52,3108627,69.08
2024-09-10,56.8,57.95,55.05,55.38,3544142,65.38
2024-09-11,55.33,55.57,53.89,55.46,3945791,65.47
2024-09-12,55.4,57.21,55.32,56.76,3797631,67
2024-09-13,58.14,59.09,57.95,58.41,3634218,68.95
2024-09-16,58.56,58.94,57.47,58.27,2822392,68.79
2024-09-17,58.99,60.53,58.75,59.48,4569347,70.22
2024-09-18,59.66,60.3,58.84,59.02,2405853,69.67
2024-09-19,60.8,60.88,59.31,59.74,3771744,70.52
2024-09-20,59.98,60.12,59.05,59.16,7778837,69.84
2024-09-23,59.3,60.92,59.24,60.62,2961371,71.56
2024-09-24,61.37,62.2,60.64,61.09,1988117,72.11
2024-09-25,60.63,60.9,59.54,59.77,2799653,70.56
2024-09-26,60.81,61.47,60.11,61.25,3375276,72.31
2024-09-27,62.36,63.88,61.79,62.89,4028730,74.24
2024-09-30,60.66,61.69,60.39,61,3178399,72.01
2024-10-01,60.75,60.8,59.48,59.74,3518372,70.52
2024-10-02,60.01,60.92,59.3,59.34,3088571,70.05
2024-10-03,58.41,58.79,57.96,58.43,1975836,68.97
2024-10-04,59.51,59.87,59.05,59.58,1917661,70.33
2024-10-07,59.3,60.09,59.11,59.7,1758313,70.47
2024-10-08,59.68,59.99,58.35,58.96,2136143,69.6
2024-10-09,58.91,60.48,58.64,60.45,2670495,71.36
2024-10-10,59.87,60.72,59.49,59.93,2033913,70.75
2024-10-11,59.67,60.56,59.62,60.39,1753432,71.29
2024-10-14,60.27,60.58,59.63,60.22,2298467,71.09
2024-10-15,59.67,60.46,59.19,59.3,2628602,70
2024-10-16,59.86,60.45,59.37,59.6,2512288,70.36
2024-10-17,59.33,59.83,58.43,59.21,4405923,69.9
2024-10-18,61.67,62.24,60.35,60.79,2134913,71.76
2024-10-21,61.38,61.53,59.31,59.38,2289108,70.1
2024-10-22,59.3,59.48,58.58,59.03,2185242,69.68
2024-10-23,58.73,59.08,57.9,58.9,2389444,69.53
2024-10-24,59.59,60.48,57.18,57.87,3187813,68.31
2024-10-25,58.54,59.29,58.07,58.71,2383932,69.31
2024-10-28,59.02,60.12,58.76,59.64,2309740,70.4
2024-10-29,59.04,59.3,58.31,58.58,3089678,69.15
2024-10-30,58.14,59.3,57.82,58.51,3011018,69.07
2024-10-31,52.89,53.54,46.34,48.14,18358362,56.83
2024-11-01,48.7,49.94,47.44,47.75,6184402,56.37
2024-11-04,47.94,48.94,47.38,47.38,4703120,55.93
2024-11-05,47.05,47.14,45.71,46.79,5999071,55.24
2024-11-06,47.34,47.36,44.74,45.6,6886426,53.83
2024-11-07,46.07,47.84,45.83,47.13,4401245,55.64
2024-11-08,46.95,48.1,46.24,47.65,4562655,56.25
2024-11-11,48.36,48.38,47.07,47.38,3265474,55.93
2024-11-12,47.23,48.34,46.64,47.76,5086656,56.38
2024-11-13,47.82,48.28,47.11,47.56,2601292,56.14
2024-11-14,47.56,47.84,45.75,45.77,4147452,54.03
2024-11-15,45.71,45.9,44.17,44.84,7780257,52.93
2024-11-18,44.98,45.32,44.19,44.65,5193838,52.71
2024-11-19,43.82,44.73,43.6,44.14,3575570,52.11
2024-11-20,44.13,45.02,43.93,44.55,3033970,52.59
2024-11-21,44.46,45.33,44.09,45.2,3048792,53.36
2024-11-22,45.37,46.68,45.13,46.07,3568236,54.38
2024-11-25,47.09,48.96,46.97,48.4,6421933,57.13
2024-11-26,47,47.46,46.52,46.83,4252188,55.28
2024-11-27,47.23,48.19,46.74,47.03,2704610,55.52
2024-11-29,46.76,47.07,46.1,47.04,1852115,55.53
2024-12-02,47.46,47.77,46.63,47.5,3074570,56.07
2024-12-03,46.77,47.41,45.77,47.19,4287823,55.71
2024-12-04,47.78,48.24,47.46,47.79,2892500,56.41
2024-12-05,47.9,49.23,47.86,48.21,3383681,56.91
2024-12-06,48.98,49.53,47.29,48.01,3610763,56.67
2024-12-09,48.37,50,48.03,48.62,4935412,57.4
2024-12-10,48.62,49.76,48.05,49.49,3201998,58.42
2024-12-11,49.06,50,48.56,49.89,4001948,58.89
2024-12-12,49.72,49.98,49.12,49.59,2875140,58.54
2024-12-13,49.42,49.59,48.51,49.11,3350667,57.97
2024-12-16,48.38,49.99,48.07,49.13,5256876,58
2024-12-17,48.79,49.55,48.66,49.01,4385791,57.86
2024-12-18,50.03,50.46,47.95,47.99,3996058,56.65
2024-12-19,48.34,48.9,47.22,48.29,5168080,57.01
2024-12-20,48.39,50.39,48.08,49.86,15716024,58.86
2024-12-23,49.54,50.48,49.22,50.38,3102367,59.47
2024-12-24,50.38,50.81,49.98,50.78,1379326,59.95
2024-12-26,50.2,51.38,50.2,50.89,2996862,60.07
2024-12-27,50.17,51.51,50.1,51.11,1961624,60.34
2024-12-30,50.64,51.46,50.24,50.92,3186636,60.11
2024-12-31,51.1,51.81,50.86,51.23,2289532,60.48
2025-01-02,51.39,51.9,50.93,51.08,2928649,60.3
2025-01-03,51,51.36,50.14,51.28,2805729,60.53
2025-01-06,52.32,52.89,51.67,52,2958450,61.38
2025-01-07,52.75,53.08,52.06,52.37,2687007,61.82
2025-01-08,51.67,51.95,51.07,51.5,3171443,60.8
2025-01-10,50.83,51.17,49.89,50.28,3587432,59.35
2025-01-13,50.29,51.54,50.15,51.34,3621452,60.61
2025-01-14,51.94,52.11,51.39,52.07,2191935,61.47
2025-01-15,53.33,53.42,51.05,51.58,3864723,60.89
2025-01-16,51.77,52.34,51.38,51.95,2853956,61.33
2025-01-17,52.44,52.6,51.68,51.81,2919695,61.16
2025-01-21,51.81,52.5,51.4,52.34,2347629,61.79
2025-01-22,55.17,55.54,53.13,53.14,5607840,62.73
2025-01-23,53.45,54.77,53.33,54.15,3456317,63.92
2025-01-24,54.33,54.47,53.33,53.73,3022503,63.43
2025-01-27,54.31,54.48,53.49,54.36,3603606,64.17
2025-01-28,53.96,54.49,52.81,53.2,3486745,62.8
2025-01-29,53.12,53.44,52.76,53.1,2194276,62.68
2025-01-30,53.61,54.26,53,53.29,3086821,62.91
2025-01-31,53.03,54.01,52.2,52.88,4076334,62.42
2025-02-03,48.09,51.78,47.62,51.4,6097400,60.68
2025-02-04,52.1,52.83,51.39,52.01,3117624,61.4
2025-02-05,51.95,52.35,51.5,51.9,2926995,61.27
2025-02-06,55.06,55.71,53.38,53.77,7232922,63.48
2025-02-07,55.06,55.73,53.45,54.3,3818053,64.1
2025-02-10,55.17,55.26,53.66,54.2,2840518,63.98
2025-02-11,53.95,55.16,53.92,54.77,2244967,64.66
2025-02-12,54.42,55.87,54.14,55.44,2590896,65.45
2025-02-13,55.82,56.65,55.74,56.26,2452329,66.41
2025-02-14,56.85,57.1,55.98,56.76,2121451,67
2025-02-18,57.03,57.08,55.99,56.65,2894885,66.88
2025-02-19,56.89,57.18,56.18,56.47,1826641,66.66
2025-02-20,56.79,57.58,56.56,57.28,2617322,67.62
2025-02-21,57.32,57.75,56.12,56.49,3237289,66.68
2025-02-24,57.08,57.32,56.31,56.58,3000573,66.79
2025-02-25,56.73,57.27,55.88,56.46,3556470,66.65
2025-02-26,56.65,56.7,55.72,56.1,2907294,66.22
2025-02-27,55.53,56.56,55.16,55.33,3045337,65.32
2025-02-28,54.98,55.66,54.46,55.16,5230125,65.12
2025-03-03,55.77,56.48,53.38,54.22,3956627,64.01
2025-03-04,53.29,53.93,52.39,53.2,5651463,62.8
2025-03-05,54.32,55.57,54.19,55.14,4128382,65.09
2025-03-06,54.82,55.68,54.55,55.18,3260978,65.14
2025-03-07,55.15,56.93,55.15,56.61,4262743,66.83
2025-03-10,55.49,56.37,54.24,54.5,4225614,64.34
2025-03-11,54.83,55.23,53.27,53.53,4421182,63.19
2025-03-12,54.06,54.55,52.88,54.01,3046871,63.76
2025-03-13,53.48,54.39,52.57,52.66,3970595,62.17
2025-03-14,53.26,53.9,53.19,53.56,3780484,63.23
2025-03-17,53.33,54.22,52.83,53.07,4347590,62.65
2025-03-18,53.2,53.5,52.8,53.22,3146266,62.82
2025-03-19,53.49,53.67,52.76,53.14,3604084,62.73
2025-03-20,52.72,53.3,52.69,52.93,2683651,62.48
2025-03-21,52.28,53.03,51.75,52.9,9010797,62.45
2025-03-24,53.44,54.2,52.94,54.14,3766195,63.91
2025-03-25,54.72,54.82,54.05,54.63,2078531,64.49
2025-03-26,54.48,55.77,54.44,55.74,3373270,65.8
2025-03-27,54.13,54.13,52.22,52.73,6747876,62.25
2025-03-28,52.64,53.01,51,51.33,4530858,60.59
2025-03-31,50.59,50.84,49.86,50.4,4014639,59.5
2025-04-01,50.45,50.83,49.28,50.11,3339718,59.15
2025-04-02,49.76,51.72,49.36,51.49,2254621,60.78
2025-04-03,49.62,50.23,46.76,46.92,4064917,55.39
2025-04-04,44.96,45.54,42.44,44.9,5974170,53
2025-04-07,43.27,46.64,42.83,44.03,4147998,51.98
2025-04-08,45.26,45.37,40.95,41.81,4557329,49.36
2025-04-09,41.31,46.41,40.47,46.1,7429460,54.42
2025-04-10,44.35,44.76,40.57,41.86,6139857,49.42
2025-04-11,41.55,41.72,39.98,40.59,4486246,47.92
2025-04-14,41.41,42.8,40.49,42.44,5435417,50.1
2025-04-15,41.57,43.07,41.42,42.98,2916563,50.74
2025-04-16,43.02,44.99,42.53,42.96,3082212,50.71
2025-04-17,43.26,44.28,43.02,43.8,2759220,51.71
2025-04-21,43.62,43.9,42.41,43.19,1724945,50.99
2025-04-22,43.73,44.57,43.71,44.29,1548503,52.28
2025-04-23,46.11,47.01,45.14,45.16,2532187,53.31
2025-04-24,45.87,47.14,45.17,46.64,2513169,55.06
2025-04-25,46.57,47.58,46.18,47.38,1451967,55.93
2025-04-28,47.44,48.35,47.29,47.68,1798391,56.28
2025-04-29,47.35,49.09,47.23,48.84,1865163,57.65
2025-04-30,47.53,48.48,47.35,48.34,3439481,57.06
2025-05-01,46.76,49.59,46.6,48.25,3560846,56.96
2025-05-02,49.78,50.5,49.21,49.95,2463175,58.97
2025-05-05,49.34,50.39,49.34,49.79,1588145,58.78
2025-05-06,49.36,50.32,49.28,49.29,2142019,58.19
2025-05-07,49.68,50.35,49.33,49.91,2572892,58.92
2025-05-08,50.73,52.3,50.47,51.77,1955560,61.11
2025-05-09,52.28,52.96,52.11,52.5,1606698,61.97
2025-05-12,55.06,56.79,55.05,56.7,4057926,66.93
2025-05-13,56.74,58.43,56.49,58.27,2843116,68.79
2025-05-14,57.98,58.99,57.69,58.81,3315209,69.42
2025-05-15,57.88,58.6,57.09,57.69,2742791,68.1
2025-05-16,57.76,57.91,57.26,57.82,1765310,68.26
2025-05-19,56.5,57.4,56.5,57.04,1820628,67.34
2025-05-20,56.63,57.65,56.6,57.17,1420893,67.49
2025-05-21,56.65,57.69,56.55,56.72,2153610,66.96
2025-05-22,56.68,57.16,56.29,56.73,1762883,66.97
2025-05-23,54.85,56.28,54.32,55.96,1530815,66.06
2025-05-27,56.99,57.97,56.52,57.94,2199136,68.4
2025-05-28,58.03,58.23,57.21,57.36,1528851,67.71
2025-05-29,57.98,58.01,57.32,57.68,1276438,68.09
2025-05-30,56.95,57.32,56.29,56.6,3737739,66.81
2025-06-02,56.08,56.48,54.74,55.32,1927433,65.3
2025-06-03,55.24,56.82,54.86,56.66,1725960,66.89
2025-06-04,56.07,56.3,54.87,55.81,2387089,65.88
2025-06-05,55.81,56.19,55.17,55.47,1930928,65.48
2025-06-06,56.18,56.65,55.93,56.45,1430457,66.64
2025-06-09,56.45,57.31,56.26,56.92,1132098,67.19
2025-06-10,57.45,59.75,57.01,59.61,2289841,70.37
2025-06-11,59.98,60.34,59.26,59.46,2599149,70.19
2025-06-12,58.45,59.39,58.08,59.03,1616717,69.68
2025-06-13,58.32,58.71,56.38,56.97,2105373,67.25
2025-06-16,58.15,58.92,57.51,58.6,2158762,69.18
2025-06-17,58.25,58.71,57.08,57.26,2590254,67.6
2025-06-18,57.26,57.91,57.14,57.32,2742426,67.66
2025-06-20,57.81,57.97,56.2,56.8,6297119,67.05
2025-06-23,55.88,56.51,55.09,56.34,2513874,66.51
2025-06-24,57.1,58.01,56.79,57.98,3698592,68.45
2025-06-25,57.91,58.07,56.74,57.1,2020738,67.41
2025-06-26,57.1,58.48,57.05,57.55,1807189,67.94
2025-06-27,57.69,58.87,57.51,58.26,2147951,68.78
2025-06-30,58.18,58.26,57.46,57.79,2017239,68.22
2025-07-01,57.62,60.72,57.14,60.71,2385533,71.67
2025-07-02,60.95,61.7,60.5,61.15,2512286,72.19
2025-07-03,61.81,61.84,60.87,61.47,1048551,72.56
2025-07-07,60.16,61.45,59.91,61.02,2123245,72.03
2025-07-08,61.53,61.59,60.43,60.53,2888991,71.46
2025-07-09,60.82,60.9,59.91,60.08,2474751,70.92
2025-07-10,60.39,60.59,59.2,59.79,2978943,70.58
2025-07-11,59.74,60.01,58.59,58.69,1995459,69.28
2025-07-14,59.27,60.5,58.75,59.7,2520649,70.48
2025-07-15,59.87,59.95,58.6,58.7,1468268,69.3
2025-07-16,59.3,59.56,58.49,59.41,1834634,70.13
2025-07-17,59.22,59.76,58.75,59.53,1594524,70.27
2025-07-18,59.54,59.68,57.56,57.77,2481534,68.2
2025-07-21,58.25,58.51,57.19,58.45,1894132,69
2025-07-22,58.49,59.47,57.86,59.27,1851081,69.97
2025-07-23,60.58,61.36,60.1,60.92,2083509,71.91
2025-07-24,60.09,60.53,59.09,59.69,2319738,70.46
2025-07-25,59.95,60.33,59.13,60.07,1807192,70.91
2025-07-28,59.91,60.13,59.04,59.19,2013592,69.87
2025-07-29,59.33,59.61,57.76,57.81,2638610,68.24
2025-07-30,58.1,58.19,56.12,56.49,4595504,66.68
2025-07-31,57.8,59.12,56.25,58.15,3932597,68.64
2025-08-01,57.31,57.31,55.32,55.61,2788315,65.65
2025-08-04,56.08,56.15,54.75,54.94,2657365,64.86
2025-08-05,55.64,55.64,53.79,54.88,7144625,64.78
2025-08-06,55.77,55.98,54.9,55.16,2209578,65.12
2025-08-07,55.77,56.15,55.32,55.74,3082704,65.8
2025-08-08,55.62,56.82,55.41,56.67,1948328,66.9
2025-08-11,57.11,57.73,56.42,56.57,2344048,66.78
2025-08-12,56.93,60.8,56.81,60.74,4128122,71.7
2025-08-13,60.89,63.33,60.64,63.3,2879180,74.72
2025-08-14,62.14,63.03,61.37,62.93,2727372,74.29
2025-08-15,63.11,63.41,62.65,62.84,1896384,74.18
2025-08-18,62.77,64.52,62.69,64.13,3216416,75.71
2025-08-19,64.29,65.3,63.92,64.5,1563059,76.14
2025-08-20,63.66,64.42,63.19,63.66,2470908,75.15
2025-08-21,62.99,63.14,62.08,63,1679277,74.37
2025-08-22,63.45,66.45,62.81,66.44,2149473,78.43
2025-08-25,66.09,66.95,66.06,66.78,1601105,78.83
2025-08-26,66.52,67.79,66.5,67.67,3674503,79.88
2025-08-27,68.19,68.73,67.31,67.73,2562787,79.95
2025-08-28,68.01,68.21,67.09,68.02,2062341,80.3
2025-08-29,68.08,68.31,66.99,67.37,1833260,79.53
2025-09-02,66.18,66.83,65.65,66.4,3164281,78.39
2025-09-03,66.8,68.16,66.75,67.46,3122312,79.63
2025-09-04,67.58,68.29,67.19,68.15,1807737,80.45
2025-09-05,68.95,69.51,67.51,68.14,2586462,80.44
2025-09-08,67.99,69.76,67.35,69.72,2073923,82.3
2025-09-09,69.59,70.09,68.43,69.58,1661249,82.14
2025-09-10,69.23,69.56,68.16,69.13,2738619,81.61
2025-09-11,69.89,71.56,69.63,70.92,2394227,83.72
2025-09-12,71.77,71.77,69.96,70.13,1662282,82.79
2025-09-15,70.27,71.23,69.95,70.14,1586484,82.8
2025-09-16,70.09,70.56,68.73,70.41,2903919,83.12
2025-09-17,70.31,71.71,69.38,70.21,1788727,82.88
2025-09-18,70.49,72.49,69.89,72.32,2137017,85.37
2025-09-19,72.08,73.22,71.21,72.24,5223118,85.28
2025-09-22,72.49,72.95,72,72.33,1991987,85.39
2025-09-23,72.79,73.28,72.13,72.39,2121914,85.46
2025-09-24,71.85,72.62,71.35,72.04,2193457,85.04
2025-09-25,70.98,71.87,70.45,71.77,1870130,84.72
2025-09-26,71.89,73.13,71.75,73.04,1255099,86.22
2025-09-29,73.7,73.7,72.36,72.66,1246399,85.77
2025-09-30,72.71,73.17,71.93,73.04,1306242,86.22
2025-10-01,72.88,74.27,72.75,73.78,1912899,87.1
2025-10-02,74.12,74.32,72.83,74,1842702,87.36
2025-10-03,74.02,74.75,73.83,74.53,1918427,87.98
2025-10-06,74.84,75.22,74.02,74.21,1719396,87.6
2025-10-07,74.2,74.22,71.73,72.22,2243737,85.26
2025-10-08,72.92,72.92,71.25,71.55,1750929,84.46
2025-10-09,71.39,71.39,69.47,70.06,2528515,82.71
2025-10-10,71.07,71.53,68.29,68.36,1689849,80.7
2025-10-13,69.06,69.72,68.78,69.21,1380102,81.7
2025-10-14,67.98,70.39,67.74,70.08,1140849,82.73
2025-10-15,70.48,71.21,70.08,70.85,1505571,83.64
2025-10-16,71.11,71.61,70.09,70.73,1513253,83.49
2025-10-17,70.24,71.06,69.58,70.11,1815392,82.76
2025-10-20,70.57,71.1,70.19,70.65,1177063,83.4
2025-10-21,71.08,73.42,70.56,72.5,1900074,85.59
2025-10-22,72.18,72.94,70.88,71.56,1503667,84.48
2025-10-23,71.59,72.64,71.59,71.98,1410697,84.97
2025-10-24,72.84,73.27,72.32,73.01,1195748,86.19
2025-10-27,73.58,73.7,72.45,72.94,1130430,86.11
2025-10-28,72.84,73.97,72.24,73.39,1680903,86.64
2025-10-29,72.72,74.03,72.41,72.66,2739621,85.77
2025-10-30,68.91,71.5,68.34,69.56,2916526,82.12
2025-10-31,68.7,69.56,68.36,68.7,2988791,81.1
2025-11-03,68.5,70.37,68.04,69.27,4010352,81.77
2025-11-04,68.33,69.46,67.83,68.49,2950756,80.85
2025-11-05,68.46,70.98,68.19,70.83,3217315,83.61
2025-11-06,70.4,71.45,68.92,69.55,1994913,82.1
2025-11-07,69.44,70.91,69.17,70.87,2230883,83.66
2025-11-10,71.16,71.38,69.85,69.94,1979240,82.56
2025-11-11,70.02,70.66,69.07,69.12,1933071,81.6
2025-11-12,69.31,70.8,69.26,70.09,1828279,82.74
2025-11-13,70.07,70.84,68.34,68.66,1890496,81.05
2025-11-14,67.46,67.88,66.62,66.85,2296517,78.91
2025-11-17,66.29,66.49,64.85,65.1,2371483,76.85
2025-11-18,64.39,65.07,63.63,64.19,3433942,75.77
2025-11-19,64.22,64.22,61.2,61.3,3703783,72.36
2025-11-20,61.88,62.84,58.98,59.53,3310636,70.28
2025-11-21,60.05,63.27,60.05,62.8,3136727,74.13
2025-11-24,63.28,63.86,62.75,63.41,3084781,74.85
2025-11-25,63.74,65,63.45,64.7,1953697,76.38
2025-11-26,64.38,65.58,64.08,65.08,1455879,76.83
2025-11-28,65.56,66.48,65.4,65.69,907554,77.55
2025-12-01,65.51,66.34,65.05,65.18,2182195,76.94
2025-12-02,65.66,65.95,65.03,65.63,2707554,77.48
2025-12-03,65.55,66.63,65.51,66.15,1746312,78.09
2025-12-04,65.97,66.63,64.29,64.75,1922614,76.44
2025-12-05,64.89,65.85,64.69,64.69,1809042,76.37
2025-12-08,65.13,65.5,63.97,65.3,2474149,77.08
2025-12-09,64.7,65.63,64.62,64.68,1616699,76.35
2025-12-10,64.75,66.63,64.42,66.54,2030382,78.55
2025-12-11,66.68,67.84,66.43,67.68,2002462,79.9
2025-12-12,67.81,68.3,66.44,66.74,1215845,78.78
2025-12-15,66.59,66.92,65.13,65.52,2007218,77.35
2025-12-16,65.72,66.02,64.85,65.58,2372007,77.42
2025-12-17,65.59,65.66,64.33,65.02,2079290,76.75
2025-12-18,65.77,66.84,65.16,65.73,2453673,77.59
2025-12-19,66.02,66.91,65.42,66.32,5779402,78.29
2025-12-22,66.32,66.58,65.23,65.4,2568006,77.2
2025-12-23,65.26,65.31,64.06,64.69,1899446,76.36
2025-12-24,64.89,65.11,64.52,65.03,747505,76.77
2025-12-26,65.02,65.23,64.58,65.15,896778,76.91
2025-12-29,65,65.23,64.66,65.05,993742,76.79
2025-12-30,64.94,65.27,64.67,65.14,1051090,76.9
2025-12-31,65.01,65.04,64.38,64.46,969376,76.09
2026-01-02,65.08,66.53,64.66,66.45,1877797,78.44
2026-01-05,66.29,68.45,66.22,68.21,1691413,80.52
2026-01-06,67.93,70.04,67.63,69.98,2008348,82.61
2026-01-07,69.82,70.27,68.91,69.59,1874821,82.15
2026-01-08,70.78,74.07,70.77,73.23,2765052,86.45
2026-01-09,73.61,75.23,72.6,75.11,2515527,88.67
2026-01-12,74.43,74.56,73.45,73.55,3305266,86.83
2026-01-13,74.63,75.33,73.67,74.76,1990544,88.25
2026-01-14,74.97,75.25,70.23,70.25,4331948,82.93
2026-01-15,71.34,71.98,69.67,69.98,2435353,82.61
2026-01-16,70.01,70.32,65.61,66.59,4573273,78.61
2026-01-20,65.46,66.18,65.13,65.37,2859754,77.17
2026-01-21,66.06,68.72,65.8,68,3075893,80.27
2026-01-22,68.2,69.28,65.54,65.68,1957616,77.53
2026-01-23,65.37,65.98,64.41,64.78,1507858,76.47
2026-01-26,64.77,65.33,64.36,65.26,1275847,77.04
2026-01-27,66.29,66.58,65.16,66.08,1615592,78.01
2026-01-28,66.05,66.87,65.73,65.91,2606062,77.81
2026-01-29,66.26,67.39,65.47,66.78,2116954,78.83
2026-01-30,64.77,65.15,63.21,64.17,3350523,75.75
2026-02-02,63.2,66.92,63.2,66.06,3325301,77.98
2026-02-03,67.37,68.6,65.17,66.24,4162000,78.2
2026-02-04,67.35,70.38,66.78,68.62,2439910,81.01
2026-02-05,68.51,68.96,67.35,67.53,1910492,79.72
2026-02-06,68.01,69.9,67.69,69.78,1069264,82.38
2026-02-09,69.78,71.39,69.56,70.62,1819364,83.37
2026-02-10,70.67,72.28,70.62,72.13,1650021,85.15
2026-02-11,72.41,73.52,70.11,70.95,2603949,83.76
2026-02-12,71.47,73.25,69.72,70.31,2670910,83
2026-02-13,70.42,72.7,70.28,72.17,2458961,85.2
2026-02-17,72,72.64,69.18,70.12,1723127,82.77
2026-02-18,70.05,71.44,69.78,71,1315730,83.81
2026-02-19,69.8,69.8,67.11,68.16,1388169,80.46
2026-02-20,68.09,68.46,66.76,67.4,1826383,79.57
2026-02-23,67.01,67.08,64.77,65.12,1810330,76.87
2026-02-24,65.46,67.14,64.71,65.81,2193279,77.69
2026-02-25,65.99,66.18,64.29,64.75,1406630,76.44
2026-02-26,65.29,66.31,63.96,65.26,1812404,77.04
2026-02-27,64.18,64.44,62.1,62.3,3472493,73.54
2026-03-02,60.88,61.87,59.81,61.39,1999525,72.47
2026-03-03,59.37,60.7,58.55,60.48,2088203,71.4
2026-03-04,61.11,62.49,60.79,62.17,2727521,73.39
2026-03-05,61.66,62.47,60.4,61.17,2119297,72.21
2026-03-06,61.14,62.1,59.7,61.58,2378348,72.7
2026-03-09,60.14,62.09,59.07,61.71,2812513,72.85
2026-03-10,62,62,60.72,61.03,2345831,72.05
2026-03-11,60.57,61.8,59.38,59.57,2240860,70.32
2026-03-12,59.89,60.54,58.68,59.36,2914590,70.07
2026-03-13,59.92,60.31,59.18,59.72,2163974,70.5
2026-03-16,59.94,61.36,59.71,60.63,2685421,71.57
2026-03-17,61.39,61.87,60.43,61.01,2012048,72.02
2026-03-18,59.86,60.92,59.35,59.41,1873566,70.13
2026-03-19,58.48,59.3,57.86,58.59,2489435,69.17
2026-03-20,58.52,58.65,57.16,57.69,7502422,68.1
2026-03-23,59.5,60.46,58.88,60.13,1887024,70.98
2026-03-24,59.37,61.11,59.32,60.08,2135377,70.92
2026-03-25,60.27,61.14,59.76,60.05,1937668,70.89
2026-03-26,59.33,60.73,59.3,60.1,1659134,70.95
2026-03-27,59.24,59.54,56.72,56.79,2758634,67.04
2026-03-30,57.57,57.57,55.59,56.45,2587694,66.64
2026-03-31,57.37,59.5,56.99,58.82,2324415,69.44
2026-04-01,60.16,62.34,59.66,62.09,4785544,62.09
2026-04-02,60.8,62.17,59.16,60.99,4050435,60.99
2026-04-06,60.64,60.945,59.74,60.36,1759104,60.36
2026-04-07,59.84,60.03,57.76,58.22,3040431,58.22
2026-04-08,61.42,62.59,60.27,60.73,3082434,60.73
2026-04-09,60.35,60.88,59.26,60.12,2679495,60.12
2026-04-10,60.57,61.01,59.48,59.65,2365610,59.65
2026-04-13,58.94,59.65,58.28,59.36,2606670,59.36
2026-04-14,59.83,60.595,59.01,59.07,2920152,59.07
2026-04-15,58.92,59.47,57.54,58.46,2383417,58.46
2026-04-16,58.61,59.22,56.56,57.52,4063169,57.52
2026-04-17,59.45,61.62,59.45,59.62,3501278,59.62
2026-04-20,59.24,60.885,59.23,60.83,2004514,60.83
2026-04-21,61.02,62.43,60.68,60.8,2190364,60.8
2026-04-22,61.18,61.67,60.03,60.86,2658581,60.86
2026-04-23,60.48,61.06,59.43,60.41,1942940,60.41
2026-04-24,60.44,61.095,59.65,60.1,1762557,60.1
2026-04-27,60.03,60.89,59.74,60.07,2200023,60.07
2026-04-28,59.95,60.19,58.73,59.12,2664688,59.12
2026-04-29,58.83,59.14,58.26,58.33,2347648,58.33
2026-04-30,58.61,60.49,58.52,60.26,2290111,60.26
2026-05-01,60.29,61.03,59.66,60.49,2473813,60.49
2026-05-04,60.13,60.84,59.235,59.53,3083903,59.53
2026-05-05,58.11,59.28,52.3801,54.83,10166734,54.83
2026-05-06,55.46,57.71,55.46,56.8,4980436,56.8
2026-05-07,57.16,58.05,56.76,57.11,4418620,57.11
2026-05-08,57.93,58.27,57.01,57.94,5007728,57.94
2026-05-11,57.14,57.5999,55.39,55.41,3798377,55.41
2026-05-12,55.71,56.44,54.83,54.95,2750321,54.95
2026-05-13,55.43,56.475,53.99,54.21,4280322,54.21
2026-05-14,55.05,57.78,54.8275,57.56,4035039,57.56
2026-05-15,56.74,56.985,54.3,54.34,4684442,54.34
2026-05-18,54.21,55.02,52.9415,53.01,2894740,53.01
2026-05-19,52.28,53.78,51.68,52.57,4442978,52.57
2026-05-20,53.08,54.65,52.27,54.57,2598000,54.57
2026-05-21,53.7,56.1,53.58,55.85,2448629,55.85
2026-05-22,56.32,57.73,55.87,57.36,2833607,57.36
2026-05-26,57.94,58.98,57.705,58.76,2752642,58.76
2026-05-27,59.59,62.17,59.59,61.9,3623399,61.9
2026-05-28,62.37,63.95,62.2725,63.67,3850872,63.67
2026-05-29,63.73,68.175,63.2069,67.94,8573015,67.94
2026-06-01,67.31,68.835,66.775,68.6,5022054,68.6
2026-06-02,69,74.3,68.84,73.85,6761806,73.85
2026-06-03,73.1,78.49,72.76,76.82,6969613,76.82
2026-06-04,76.31,76.5,72.165,72.92,6390840,72.92
2026-06-05,72.01,73.01,68.345,68.6,5326386,68.6
2026-06-08,69.01,70.73,68.53,69.29,2731846,69.29
2026-06-09,70,70.93,66.24,68.48,4117395,68.48
2026-06-10,67.4,68.52,65.13,65.2,2676790,65.2
2026-06-11,65.55,68.3,64.64,67.96,2691534,67.96
2026-06-12,68.86,69.5999,67.7375,68.05,1966039,68.05
2026-06-15,69.28,70.3617,66.51,66.62,2707957,66.62
2026-06-16,66.66,67.07,65.43,65.68,2588589,65.68
2026-06-17,65.17,65.67,62.555,62.87,3227355,62.87
2026-06-18,63.77,64.86,62.93,63.68,5457299,63.68
2026-06-22,63.85,65.75,63.42,63.57,2914114,63.57
2026-06-23,62.27,62.85,61.39,61.42,2615139,61.42
2026-06-24,61.7,62.38,60.3,60.42,2709723,60.42
2026-06-25,61.29,62.17,60.68,61.97,2494446,61.97
2026-06-26,60.59,61.61,59.41,60.32,4247091,60.32
2026-06-29,60.485,60.53,58.34,59.23,2624447,59.23
2026-06-30,59.06,61.6,59.06,61.38,2823063,61.38
2026-07-01,60.54,62.97,60.19,60.28,3158995,60.28
2026-07-02,61.16,62.13,57.88,58.89,2246631,58.89
2026-07-06,59.35,60.25,58.795,59.73,2333213,59.73
2026-07-07,59.07,59.58,58.15,58.85,3490464,58.85
2026-07-08,57.75,58.805,56.5101,58.57,3138814,58.57
2026-07-09,58.86,60.5297,58.19,59.86,2219501,59.86
2026-07-10,60.24,61.37,60.05,60.57,1816752,60.57
2026-07-13,61.1,61.74,58.73,59.23,2314037,59.23
2026-07-14,59.65,60,57.71,58.06,1984447,58.06
2026-07-15,58.93,59.24,58.11,58.96,1848727,58.96
2026-07-16,58.44,59.6099,58.44,59.26,2373265,59.26
2026-07-17,58.33,59.28,57.31,57.47,1969699,57.47
2026-07-20,57.62,58.07,56.51,57.31,2337615,57.31
2026-07-21,57.97,59.2,57.4008,57.91,1513267,57.91
2026-07-22,57.81,58.73,57.81,58.22,1348114,58.22
2026-07-23,57.55,57.8,55.65,56.1,4077578,56.1
2026-07-24,56.26,57.23,56.25,56.55,1977260,56.55
2026-07-27,57.37,57.73,56.37,57.45,1491435,57.45
2026-07-28,57.48,59.6,57.48,59.4,2181555,59.4
2026-07-29,58.95,59.74,57.83,57.97,1922449,57.97
2026-07-30,58.25,58.715,56.46,58.09,2384912,58.09
2026-07-31,57.62,57.785,55.42,56.47,3830576,56.47
2026-08-03,57,57.78,56.22,57.23,4690909,57.23
2026-08-04,50.45,51,46.415,47.72,16957398,47.72
2026-08-05,47.49,47.66,46.42,47.01,9112698,47.01
2026-08-06,46.63,48.225,46.16,46.3,6225505,46.3
2026-08-07,47.55,49.56,47.14,49.55,5963487,49.55
2026-08-10,49.06,49.89,48.6,49.81,3550734,49.81
2026-08-11,49.63,50.51,49.5,49.62,3623204,49.62
2026-08-12,50.4,50.4,47.855,48.48,3757933,48.48
2026-08-13,49.25,49.45,48.1,49.17,4509728,49.17
2026-08-14,49.19,49.73,48.555,49.56,2420227,49.56
2026-08-17,49.33,50.115,48.92,50.04,3995939,50.04
2026-08-18,50,50.51,48.56,48.6,2904930,48.6
2026-08-19,48.67,49.56,48.51,48.92,2455934,48.92
2026-08-20,48.07,48.4299,46.9,47.03,2962517,47.03
2026-08-21,47.55,49.28,46.99,48.28,3376133,48.28
2026-08-24,48.08,48.25,47.0601,47.34,2557569,47.34
2026-08-25,47.21,47.475,46.08,46.63,4360711,46.63
2026-08-26,46.44,46.72,46.07,46.27,5102963,46.27
2026-08-27,46.3,46.655,45.285,45.44,4798094,45.44
2026-08-28,45.9,46.09,44.88,45.75,4647833,45.75
2026-08-31,45.64,45.82,44.52,44.76,25143732,44.76
2026-09-01,44.68,45.695,44.54,44.85,4035178,44.85
2026-09-02,45.01,46,44.85,45.03,2558045,45.03
2026-09-03,45.5,46.59,44.9,46.53,3516269,46.53
2026-09-04,46.55,48.235,46.06,47.95,3868069,47.95
2026-09-08,47.71,47.8,45.57,45.73,3550702,45.73
2026-09-09,45.61,45.9614,44.47,44.51,3796220,44.51
2026-09-10,44.19,45.71,43.83,45.69,3849331,45.69
2026-09-11,46.27,46.55,45.255,45.54,2409260,45.54
2026-09-14,44.73,45.32,44.17,44.79,3976078,44.79
2026-09-15,44.16,44.36,43.55,43.75,3694839,43.75
2026-09-16,43.86,44.1896,42.99,43.34,3099743,43.34
2026-09-17,44.23,44.23,43.32,43.62,4329877,43.62
2026-09-18,43.46,43.84,43,43.59,14164318,43.59
2026-09-21,44.05,44.35,43.31,43.57,2778308,43.57
2026-09-22,44.09,44.98,43.71,44.61,4079339,44.61
2026-09-23,44.23,45.38,43.88,45.17,3121935,45.17
