date,open,high,low,close,volume,raw_close
2016-01-04,127.81,128.06,125.64,126.67,916166,180.72
2016-01-05,127.17,129.75,126.71,129.59,1041583,184.88
2016-01-06,128.43,129.12,127.85,128.62,903962,183.5
2016-01-07,127.18,129.29,126.78,128.03,959039,182.66
2016-01-08,128.36,129.25,125.7,125.76,967901,179.42
2016-01-11,125.93,127.41,125.59,126.54,910443,180.54
2016-01-12,126.94,126.94,125.19,125.82,1020398,179.51
2016-01-13,125.87,127.62,124.03,124.06,870916,177
2016-01-14,124.56,125.67,123.22,123.49,1018835,176.18
2016-01-15,122.28,125.47,120.19,123.15,1112136,175.7
2016-01-19,124.08,125.56,123,125.01,1192412,178.35
2016-01-20,124.76,124.94,118.66,120.22,1194137,171.52
2016-01-21,121.02,121.73,119.4,120.07,867530,171.3
2016-01-22,121.35,122.56,120.67,122.19,750865,174.33
2016-01-25,122.58,124.4,121.48,122.15,1028952,174.27
2016-01-26,122.47,125.11,122.47,124.76,1016328,178
2016-01-27,124.46,124.78,122.32,123.08,664847,175.59
2016-01-28,122.77,123.4,119.17,119.68,1066926,170.74
2016-01-29,120.85,121.67,116.49,120.2,2130483,171.49
2016-02-01,119.77,121.83,119.17,120.54,894846,171.97
2016-02-02,120.86,121.59,117.91,118.05,1022473,168.42
2016-02-03,119.45,119.49,116.47,118.52,1363381,169.09
2016-02-04,119.01,121.32,117.18,119.94,874331,171.12
2016-02-05,119.14,120.18,116.3,116.54,963758,166.27
2016-02-08,116.44,117.26,113.1,114.64,1132143,163.55
2016-02-09,113.67,115.15,112.61,112.93,971495,161.11
2016-02-10,113.69,116.36,113.21,115.32,867256,164.53
2016-02-11,113.39,114.36,112.72,113.24,1012717,161.56
2016-02-12,114.45,115.53,113.55,115.25,941252,164.42
2016-02-16,116.25,116.26,114.1,115.91,1525709,165.37
2016-02-17,116.4,118.41,115.58,117.59,749841,167.76
2016-02-18,117.3,119.03,117.12,118.01,540001,168.36
2016-02-19,117.66,120.19,116.49,119.23,741619,170.11
2016-02-22,119.81,120.94,119.54,119.91,626630,171.07
2016-02-23,119.56,121.29,117.84,119.49,488886,170.47
2016-02-24,119.07,120.81,117.87,118.97,1170733,169.73
2016-02-25,119.86,121.25,119.11,121.06,607986,172.71
2016-02-26,121.03,121.18,119.75,120.15,712313,171.42
2016-02-29,120.15,121.97,119.89,120.31,1478940,171.64
2016-03-01,121.07,124.5,120.45,124.5,1198206,177.63
2016-03-02,124.24,125.75,122.38,125.14,734035,178.53
2016-03-03,125.13,126.06,123.88,126.02,752395,179.79
2016-03-04,125.86,126.37,124.84,126.18,946595,180.02
2016-03-07,124.59,126.5,124.44,126.31,592364,180.21
2016-03-08,126.29,127.01,125.49,125.71,764820,179.35
2016-03-09,125.47,127.53,125.08,126.48,493971,180.45
2016-03-10,127.22,127.54,124.53,125.77,502547,179.44
2016-03-11,127.11,128.42,126.03,128.42,1036373,183.21
2016-03-14,128.54,128.79,127.31,128.48,728111,183.3
2016-03-15,127.95,129.23,127.53,128.99,511990,184.03
2016-03-16,128.57,130,127.86,129.8,543688,185.18
2016-03-17,130.01,132.67,129.52,132.44,972292,188.95
2016-03-18,132.52,133.47,131.1,131.1,1788447,187.04
2016-03-21,131.1,131.54,129.16,129.69,696566,185.03
2016-03-22,129.74,130.93,129.59,130.27,597948,185.85
2016-03-23,130.31,130.79,129.64,130.03,602758,185.51
2016-03-24,129.74,130.08,128.86,129.73,597090,185.09
2016-03-28,130.41,131.39,129.81,131.02,758947,186.93
2016-03-29,131.11,133.9,131.04,133.87,1012037,189.61
2016-03-30,134.39,134.49,133.24,133.32,707053,188.83
2016-03-31,133.59,134.29,132.89,134.29,1116551,190.2
2016-04-01,134.05,134.5,133.24,134.05,639682,189.87
2016-04-04,134.21,134.73,132.86,133.93,536918,189.7
2016-04-05,133.31,134.19,133.13,133.92,661677,189.68
2016-04-06,133.69,134.07,132.85,133.76,506545,189.45
2016-04-07,133.13,133.78,131.78,132.69,561603,187.94
2016-04-08,133.5,134.44,132.99,133.58,535268,189.2
2016-04-11,132.61,132.83,130.8,131,787681,185.54
2016-04-12,131.34,131.46,129.77,131.04,806931,185.61
2016-04-13,131.4,131.67,128.56,129.27,1037735,183.09
2016-04-14,128.93,129,125.67,125.87,1147562,178.28
2016-04-15,125.62,128.66,125.11,128.09,763640,181.42
2016-04-18,128.34,129.28,127.3,129.28,826746,183.11
2016-04-19,129.19,129.65,128.71,129.64,648304,183.62
2016-04-20,129.85,130.18,126.62,126.67,847482,179.41
2016-04-21,126.38,127.87,124.8,125.4,918757,177.62
2016-04-22,126.22,127.6,125.66,127.2,627109,180.17
2016-04-25,126.86,128.26,126.86,128.25,604735,181.65
2016-04-26,128.5,130.07,127.72,128.32,559035,181.75
2016-04-27,127.42,127.42,124.03,126.75,1274617,179.52
2016-04-28,125.81,129.6,125.29,126.77,686646,179.56
2016-04-29,126.07,126.44,123.33,124.82,1022045,176.79
2016-05-02,125.41,127.97,125.41,127.67,602379,180.83
2016-05-03,127.25,128.16,126.78,128.06,656987,181.38
2016-05-04,126.75,130.78,126.36,130.72,1157744,185.15
2016-05-05,130.48,132.18,130.3,131.69,782217,186.53
2016-05-06,131.55,132.77,130.08,132.53,700503,187.71
2016-05-09,132.73,133.45,132.1,133.42,598209,188.98
2016-05-10,133.69,135.76,132.8,134.85,877819,191
2016-05-11,134.73,134.92,131.25,132.08,727689,187.08
2016-05-12,132.05,132.7,130.59,132.48,592890,187.65
2016-05-13,132.39,132.39,131,131.38,587788,186.09
2016-05-16,131.32,132.97,131.03,132.49,473213,187.66
2016-05-17,132.01,132.05,129.48,130.16,1372206,184.35
2016-05-18,129.25,130.15,126.95,128.4,899826,181.86
2016-05-19,127.23,127.47,125.84,126.6,773126,179.31
2016-05-20,127.02,127.71,126.38,127.39,976927,180.44
2016-05-23,127.83,127.83,126.78,127.23,405434,180.21
2016-05-24,128.33,129.22,126.58,127.15,1058275,180.09
2016-05-25,127.6,128.01,126.2,127.66,969567,180.81
2016-05-26,127.69,127.73,126.55,127.04,983712,179.94
2016-05-27,127.35,128.64,126.31,127.19,903592,180.15
2016-05-31,127.56,127.56,125.67,127,1146275,179.88
2016-06-01,125.74,126.24,123.31,124.56,1391256,176.42
2016-06-02,124.25,124.78,122.81,124.65,864491,176.55
2016-06-03,125.46,125.63,122.37,122.43,1144358,173.41
2016-06-06,122.4,123.11,118.72,120.19,1325167,170.23
2016-06-07,120.37,121.51,119.65,119.88,946947,169.79
2016-06-08,118.82,119.86,117.62,119.75,1028064,169.61
2016-06-09,119.41,121.05,118.77,120.2,863113,170.25
2016-06-10,119.63,120.29,119.25,120.07,861148,170.06
2016-06-13,120.67,122.04,120.26,120.47,732958,170.63
2016-06-14,120.24,120.39,119.45,120.02,1050291,170
2016-06-15,120.3,122.36,119.74,121.87,1489203,172.61
2016-06-16,121.64,123.05,121.11,122.99,949786,174.2
2016-06-17,122.84,122.84,121.7,122.49,1300928,173.5
2016-06-20,123.29,124.78,122.64,122.85,1146490,174
2016-06-21,122.93,123.89,122.93,123.6,747786,175.07
2016-06-22,123.94,124.61,122.97,123.52,661330,174.95
2016-06-23,124.68,124.94,122.93,123.36,607706,174.73
2016-06-24,120.25,123.72,119.88,121.84,1323538,172.57
2016-06-27,121.29,123.91,121.08,123.54,1165121,174.98
2016-06-28,123.88,126.6,122.94,126.58,1161289,177.91
2016-06-29,127.13,128.3,126.09,126.76,927837,178.15
2016-06-30,126.91,128.37,125.8,128.35,946435,180.39
2016-07-01,128.68,129.4,128.11,128.58,864479,180.72
2016-07-05,128.43,130.37,128.43,130.14,743303,182.91
2016-07-06,129.83,130.39,128.71,129.41,764607,181.88
2016-07-07,129.27,129.45,127.68,128.68,592882,180.85
2016-07-08,129.95,131.75,129.15,131.59,1253537,184.94
2016-07-11,131.63,131.63,130.29,131.31,739993,184.55
2016-07-12,131.22,132.13,130.21,132.11,790738,185.67
2016-07-13,132.54,133.58,131.85,133.36,762634,187.43
2016-07-14,133.32,133.76,131.32,131.95,529372,185.45
2016-07-15,131.56,131.56,129.54,130.39,949333,183.26
2016-07-18,130.28,130.6,129.88,130.32,569248,183.16
2016-07-19,130.01,131.25,129.73,131.09,506286,184.24
2016-07-20,131.13,131.34,129.97,130.75,437599,183.77
2016-07-21,130.56,131.52,129.86,130.92,677733,184
2016-07-22,131.04,132.26,130.89,131.86,910035,185.32
2016-07-25,132.04,132.66,130.97,131.75,763040,185.17
2016-07-26,130.83,130.83,128.84,129.79,944914,182.42
2016-07-27,129.26,129.63,125.67,127.9,2301212,179.76
2016-07-28,127.72,130.56,127.41,129.69,1034671,182.28
2016-07-29,129.69,133.36,129.69,132.09,1076797,185.65
2016-08-01,131.92,133.39,130.64,132.86,716888,186.73
2016-08-02,132.55,132.9,131.08,131.48,696932,184.79
2016-08-03,131.22,131.39,129.45,130.09,546118,182.83
2016-08-04,130.3,130.3,128.84,129.13,581065,181.48
2016-08-05,129.21,129.96,128.66,129.94,590716,182.62
2016-08-08,130.21,132.26,129.64,132.22,819819,185.83
2016-08-09,132.01,132.51,130.65,132.33,670904,185.98
2016-08-10,132.59,132.77,130.18,130.73,716162,183.74
2016-08-11,130.85,130.85,128.22,129,641181,181.31
2016-08-12,129.11,130.65,128.31,128.63,639759,180.79
2016-08-15,129.03,129.57,128.85,129.33,1184029,181.77
2016-08-16,128.87,129.37,127.03,127.25,617928,178.84
2016-08-17,127.52,127.57,125.25,126.86,896179,178.3
2016-08-18,126.86,127.27,125.67,126.1,823021,177.23
2016-08-19,125.67,126.23,124.44,125.34,825572,176.16
2016-08-22,125.57,126.08,124.18,125.19,648595,175.95
2016-08-23,125.53,125.65,124.46,124.49,440537,174.97
2016-08-24,124.61,125.05,123.09,124.14,442181,174.48
2016-08-25,124.24,126.08,123.5,124.64,617913,175.18
2016-08-26,124.99,125.81,122.81,123.48,534925,173.55
2016-08-29,123.97,125.45,123.95,124.91,512617,175.55
2016-08-30,125.11,125.11,123.29,124.1,659004,174.42
2016-08-31,124.23,125.06,123.44,124.52,1106953,175.01
2016-09-01,124.66,125.41,123.96,125.09,611546,175.81
2016-09-02,125.45,127.3,124.66,124.84,806708,175.46
2016-09-06,125.99,127.24,124.83,127.24,994740,178.83
2016-09-07,126.89,127.99,125.59,127.94,649661,179.82
2016-09-08,127.23,127.23,125.15,125.18,1382010,175.94
2016-09-09,123.13,123.81,120.74,120.74,958159,169.69
2016-09-12,120.64,123.23,120.27,122.77,1089334,172.55
2016-09-13,121.57,122.1,119.94,120.18,1162694,168.91
2016-09-14,120.47,122.31,120.34,121.85,745768,171.26
2016-09-15,121.71,123.33,121.19,123.29,918759,173.28
2016-09-16,122.93,123.39,122.1,123.33,1348099,173.33
2016-09-19,123.67,124.93,123.27,124.81,473273,175.41
2016-09-20,125.48,125.62,125.04,125.33,590127,176.15
2016-09-21,125.22,127.42,123.83,127.23,751622,178.81
2016-09-22,128.07,129.79,128.07,129.57,1074119,182.11
2016-09-23,128.93,130.88,128.21,130.04,1023045,182.77
2016-09-26,129.88,130.76,129.08,130.55,880795,183.48
2016-09-27,130.92,130.92,128.94,129.32,990563,181.76
2016-09-28,129.84,130.61,128.61,130.17,573653,181.59
2016-09-29,129.64,130.36,128.27,128.6,981432,179.4
2016-09-30,129.7,130.12,127.44,127.48,1390643,177.84
2016-10-03,127.02,127.3,124.4,124.54,1067889,173.73
2016-10-04,124.92,124.97,122.54,123.75,980127,172.63
2016-10-05,124.01,124.38,119.6,119.78,1427797,167.09
2016-10-06,119.53,120.83,118.01,119.68,651416,166.95
2016-10-07,120.08,121.87,118.28,118.73,933484,165.63
2016-10-10,118.77,120.01,118.52,119.8,554440,167.12
2016-10-11,119.76,120.11,118.69,119.63,772674,166.88
2016-10-12,119.96,120.51,119.14,120.18,728750,167.66
2016-10-13,119.5,120.61,119.37,120.51,882529,168.11
2016-10-14,120.65,121.47,119.65,121.1,880973,168.93
2016-10-17,121.04,121.62,120.53,121.21,630801,169.09
2016-10-18,122.04,122.38,120.94,120.98,664007,168.77
2016-10-19,120.77,121.31,120.17,121.25,473770,169.14
2016-10-20,121.68,122.77,120.07,120.51,724596,168.12
2016-10-21,119.53,120.96,119.45,120.39,500516,167.94
2016-10-24,121.06,121.89,120.06,120.59,682823,168.22
2016-10-25,118.23,120.16,114.11,119.62,1915021,166.87
2016-10-26,119.65,121.37,118.34,121.24,935297,169.13
2016-10-27,121.22,121.22,117.76,118.78,1217074,165.7
2016-10-28,119.37,121.59,118.78,120.04,950339,167.46
2016-10-31,120.66,122.77,120.21,122.71,817423,171.18
2016-11-01,122.86,122.86,119.98,121.33,892431,169.26
2016-11-02,121.7,122.66,121.2,121.55,926286,169.57
2016-11-03,121.58,123.32,121.09,122.3,847547,170.61
2016-11-04,122.51,123.71,121.55,123.02,901730,171.61
2016-11-07,124.28,124.85,121.87,122.38,782179,170.72
2016-11-08,122.68,124.42,122.27,123.96,581554,172.92
2016-11-09,121.78,123.31,119.26,121.36,925097,169.3
2016-11-10,120.71,121.31,116.97,119.37,1320468,166.53
2016-11-11,119.42,122.03,119.37,120.18,1367893,167.66
2016-11-14,119.71,124.14,117.7,122.72,1112694,171.2
2016-11-15,123,123.09,118.07,118.37,1592328,165.13
2016-11-16,118.54,120.49,117.97,119.49,734968,166.69
2016-11-17,119.48,120.83,117.09,117.63,716260,164.09
2016-11-18,117.5,118.19,115.62,116.36,1096364,162.32
2016-11-21,116.52,117.62,114.46,114.51,1286220,159.75
2016-11-22,115.11,117.38,114.18,116.41,1543087,162.4
2016-11-23,115.24,115.32,113.49,115.01,1198676,160.44
2016-11-25,114.66,115.77,114.66,115.34,470273,160.9
2016-11-28,115.88,118.08,115.85,117.15,864873,163.42
2016-11-29,117.55,118.86,117.31,118.11,840663,164.76
2016-11-30,117.12,118.87,116.48,117.91,1362945,164.49
2016-12-01,117.16,118.21,115.83,117.2,1207961,163.5
2016-12-02,117.85,120.06,117.17,118.01,901506,164.63
2016-12-05,118,118.69,117.04,118.01,960794,164.62
2016-12-06,118.08,119.26,117.26,117.7,958205,164.2
2016-12-07,117.84,120.56,117.65,120.5,836293,168.1
2016-12-08,120.03,121.42,118.57,120.98,758371,168.77
2016-12-09,120.93,122.49,120.64,121.18,597108,169.05
2016-12-12,121.23,122.56,120.64,122.15,660897,170.4
2016-12-13,122.77,122.92,121.04,122.31,676670,170.63
2016-12-14,122.26,123.96,120.99,121.88,1423333,170.03
2016-12-15,121.85,123.53,120.77,121.58,1062484,169.6
2016-12-16,122.58,125.11,122.41,123.96,1342213,172.93
2016-12-19,124.84,125.5,123.78,125.3,975612,174.79
2016-12-20,124.69,125.97,124.43,125.61,727252,175.23
2016-12-21,125.45,126.57,123.96,123.96,991223,172.93
2016-12-22,123.3,124.78,122.79,124.53,750279,173.72
2016-12-23,124.99,125.66,124.32,125.08,391196,174.49
2016-12-27,124.92,126.81,124.59,126.03,676265,175.82
2016-12-28,126.28,126.66,124.41,125.65,803601,173.94
2016-12-29,125.62,127.26,125.21,126.85,665339,175.6
2016-12-30,126.6,128.42,126.34,127.97,870892,177.15
2017-01-03,128.8,128.8,126.6,127.59,915997,176.62
2017-01-04,127.92,128.87,126.84,128.11,822088,177.35
2017-01-05,127.06,129.04,126.3,128.89,894791,178.43
2017-01-06,128.66,130.53,128.66,130.03,855813,180
2017-01-09,129.91,130.05,127.77,128.02,684659,177.22
2017-01-10,127.57,128.37,126.88,127.73,682398,176.82
2017-01-11,127.57,128.5,125.88,126.54,1194877,175.17
2017-01-12,126.34,127.88,125.43,127.57,716317,176.59
2017-01-13,127.38,127.81,126.76,127.33,510504,176.26
2017-01-17,127.3,128.69,126.31,127.36,892045,176.31
2017-01-18,127.62,128.41,126.76,127.55,756586,176.57
2017-01-19,127.02,127.02,125.64,126.58,635492,175.22
2017-01-20,126.69,128.13,126.29,127.84,645035,176.97
2017-01-23,127.56,128.22,126.97,127.79,551813,176.9
2017-01-24,128.09,128.58,126.06,126.82,816990,175.56
2017-01-25,126.24,126.93,125.2,125.28,1013587,173.43
2017-01-26,125.49,126.45,125.09,125.85,711016,174.21
2017-01-27,126.07,126.21,124.34,125.06,612500,173.12
2017-01-30,124.99,125.6,123.91,124.33,746733,172.11
2017-01-31,124.61,125.99,124.36,125.2,1083928,173.31
2017-02-01,124.4,125.4,122.44,122.52,1257625,169.61
2017-02-02,123.77,127.75,123.59,126.81,1592579,175.54
2017-02-03,127.64,129.31,124.91,125.35,965321,173.53
2017-02-06,125.47,126.8,124.74,126.29,681821,174.82
2017-02-07,126.13,127.51,125.9,126.94,760856,175.72
2017-02-08,126.93,129.54,126.39,128.95,993781,178.5
2017-02-09,128.95,129.39,128.48,128.76,668134,178.25
2017-02-10,128.02,130.22,127.97,129.93,635461,179.87
2017-02-13,130.32,130.32,127.71,128.98,943694,178.55
2017-02-14,128.54,129.02,126.93,128.92,580816,178.46
2017-02-15,128.09,129.02,126.97,128.46,701929,177.83
2017-02-16,128.79,129.49,128.08,129.36,605335,179.07
2017-02-17,129.5,129.96,127.98,128.97,593147,178.54
2017-02-21,128.61,131.24,128.51,130.82,658791,181.1
2017-02-22,130.97,131.36,129.08,130.54,564719,180.71
2017-02-23,131.19,132.29,130.72,132.02,718638,182.75
2017-02-24,132.2,132.43,130.92,132.24,569103,183.06
2017-02-27,132.6,133.02,132.02,132.55,405495,183.49
2017-02-28,132.72,133.23,132.08,132.76,982333,183.78
2017-03-01,131.69,133.55,131.33,132.42,664952,183.31
2017-03-02,132.41,133.12,131.06,132.08,577300,182.84
2017-03-03,131.47,131.69,129.62,130.87,478574,181.17
2017-03-06,130.2,132.41,130.13,132.07,767000,182.83
2017-03-07,132.13,132.4,131.23,132.23,474596,183.05
2017-03-08,132.55,133.09,131,131.13,869438,181.53
2017-03-09,131.3,131.77,128.71,129.06,771690,178.66
2017-03-10,129.69,131.12,127.25,128.42,633831,177.77
2017-03-13,128.37,129.5,128.09,128.59,1001674,178.01
2017-03-14,128.88,129.53,127.92,129.05,683399,178.64
2017-03-15,129.39,133.05,129.39,132.61,1090573,183.57
2017-03-16,132.22,134.55,131.94,133.57,1059658,184.9
2017-03-17,134.15,135,133.47,134.26,2088461,185.86
2017-03-20,134.33,134.78,133.11,133.53,743989,184.84
2017-03-21,133.77,135,133.1,134.05,896829,185.57
2017-03-22,134.76,134.76,133.27,134.46,580694,186.14
2017-03-23,134.26,135.74,134.19,134.9,1099008,186.75
2017-03-24,135.32,135.81,134.5,134.81,585194,186.62
2017-03-27,134.42,135.12,133.32,133.54,531734,184.86
2017-03-28,133.55,134.12,132.1,133.68,707097,185.06
2017-03-29,133.34,134.36,132.8,133.57,772905,183.48
2017-03-30,133.21,133.74,131.89,133.45,483379,183.32
2017-03-31,133.45,134.49,132.85,133.65,802119,183.6
2017-04-03,133.67,133.95,132.5,133.6,449632,183.53
2017-04-04,133.57,135.04,133.1,134.09,536893,184.2
2017-04-05,133.9,135.31,133.21,134.94,588657,185.36
2017-04-06,134.77,135.67,134.27,135.28,673515,185.83
2017-04-07,135.28,135.89,134.41,134.51,880273,184.77
2017-04-10,134.59,136.35,134.42,135.96,443256,186.77
2017-04-11,135.98,136.96,135.74,136.31,481868,187.25
2017-04-12,135.73,137.3,135.62,136.44,726818,187.43
2017-04-13,136.41,136.54,135.49,135.75,499761,186.48
2017-04-17,136.26,137.45,135.44,137.45,620209,188.81
2017-04-18,137.24,138.19,137.06,137.32,608562,188.64
2017-04-19,136.85,137.47,136.22,136.88,877737,188.03
2017-04-20,136.95,136.95,135.68,136.16,653494,187.04
2017-04-21,135.89,136.62,135.74,135.93,518780,186.72
2017-04-24,136.73,136.98,133.47,135.63,829286,186.31
2017-04-25,136.04,137.86,135.47,137.79,743056,189.28
2017-04-26,137.55,139.01,136.56,137.35,818590,188.68
2017-04-27,137.15,137.86,135.1,137.03,669950,188.23
2017-04-28,136.96,138.26,136.21,138.2,871915,189.84
2017-05-01,138.82,139.84,137.77,139.06,677255,191.02
2017-05-02,139.16,140.08,138.66,139.19,868369,191.2
2017-05-03,139.8,139.8,137.04,137.64,798093,189.08
2017-05-04,137.4,139.35,136.15,139.06,825004,191.03
2017-05-05,139.29,140.42,138.08,140.32,915729,192.75
2017-05-08,140.5,140.7,138.87,139.67,769380,191.86
2017-05-09,139.58,139.99,138.53,139.86,632107,192.13
2017-05-10,139.87,140.87,139.48,139.96,583052,192.26
2017-05-11,139.11,140.1,138.28,139.64,444955,191.82
2017-05-12,139.84,140.45,139.46,139.8,487486,192.04
2017-05-15,139.62,140.51,139.14,140,571940,192.31
2017-05-16,140.13,140.84,139.14,139.84,696980,192.1
2017-05-17,138.36,140.62,137.36,139.03,896539,190.99
2017-05-18,139.53,141.31,138.53,139.67,770482,191.86
2017-05-19,139.84,139.92,138.31,139.22,1250002,191.25
2017-05-22,139.29,140.21,137.26,139.75,827740,191.97
2017-05-23,139.89,140.52,139.14,139.59,651960,191.75
2017-05-24,140.1,140.62,139.28,140,645295,192.31
2017-05-25,140.53,141.23,139.07,139.89,778005,192.17
2017-05-26,139.66,140.52,138.75,139.27,731176,191.32
2017-05-30,139.33,139.89,138.63,139.27,874237,191.32
2017-05-31,139.5,140.15,139.22,139.22,2378489,191.24
2017-06-01,139.26,139.59,137.5,138.76,1207521,190.61
2017-06-02,139.25,142.57,138.95,142.42,1024890,195.64
2017-06-05,142.14,145.24,141.36,144.94,929155,199.1
2017-06-06,144.64,144.64,140.9,141,846046,193.69
2017-06-07,141.41,141.86,141.06,141.76,861614,194.74
2017-06-08,142.08,142.08,139.23,141.38,721302,194.21
2017-06-09,141.23,142.12,140.74,141.95,826411,194.99
2017-06-12,141.49,141.9,140.01,140.9,887011,193.55
2017-06-13,141.02,141.47,140.03,141,614655,193.69
2017-06-14,142.33,142.73,141.59,142.2,940095,195.34
2017-06-15,141.66,143.75,141.57,142.65,565044,195.96
2017-06-16,142.72,143.46,142.24,142.75,1424894,196.1
2017-06-19,143.17,143.92,142.44,143.18,642687,196.68
2017-06-20,143.29,143.96,140.95,142.24,884392,195.39
2017-06-21,142.16,142.38,140.02,141.63,665745,194.56
2017-06-22,142.26,142.26,140.6,141.12,727754,193.85
2017-06-23,141.15,141.97,140.88,141.25,894930,194.03
2017-06-26,141.75,141.98,140.96,141.52,448602,194.41
2017-06-27,141.17,142.35,140.18,140.36,945791,192.81
2017-06-28,141.13,141.39,140.43,141.2,826674,192.53
2017-06-29,141.11,141.24,139.52,140.81,686312,192.01
2017-06-30,141.33,142.41,140.54,140.93,711393,192.17
2017-07-03,141.4,142.76,140.83,142.48,804178,194.28
2017-07-05,142.63,143.84,141.35,142.08,688297,193.74
2017-07-06,141.75,141.99,137.9,138.01,958906,188.19
2017-07-07,138.36,139.4,138.18,138.83,476010,189.3
2017-07-10,138.8,139.22,136.91,137.02,492560,186.84
2017-07-11,137.24,137.4,135.38,136.63,501020,186.31
2017-07-12,137.6,138.59,136.82,137.12,577134,186.97
2017-07-13,137.02,138.05,136.59,137.1,544797,186.95
2017-07-14,137.85,138.49,137.4,137.66,589109,187.71
2017-07-17,137.62,139.49,137.17,139.37,505706,190.04
2017-07-18,139.64,139.64,138.09,138.17,646446,188.4
2017-07-19,138.24,139.5,137.99,139.46,523847,190.17
2017-07-20,139.59,140.65,139.33,139.43,481086,190.12
2017-07-21,139.31,140.34,138.53,140.18,442186,191.15
2017-07-24,140.38,140.38,138.72,138.72,606410,189.16
2017-07-25,139.09,139.17,136.73,137.76,694048,187.84
2017-07-26,137.76,140.45,137.42,140.16,471426,191.12
2017-07-27,139.7,140.47,138.42,139.74,789316,190.55
2017-07-28,139.97,141.22,139.65,141.17,503310,192.5
2017-07-31,141.17,141.45,140.13,141.06,715166,192.35
2017-08-01,141.31,141.66,140.43,140.89,665003,192.12
2017-08-02,140.52,141.09,139.72,140.29,560366,191.29
2017-08-03,137.87,139.96,135.48,137.73,1154678,187.81
2017-08-04,137.63,138.89,137.43,137.78,559057,187.87
2017-08-07,137.79,138.72,137.28,138.2,492810,188.44
2017-08-08,138.19,139.13,137.48,138.28,826110,188.55
2017-08-09,138.1,139.08,137.9,138.8,645073,189.27
2017-08-10,138.5,139.31,138.19,138.64,461839,189.05
2017-08-11,138.9,139,137.94,138.25,454941,188.51
2017-08-14,138.69,140.87,138.69,140.49,866692,191.57
2017-08-15,140.37,140.95,139.58,140.86,790462,192.07
2017-08-16,141.23,141.84,139.65,140.22,599015,191.2
2017-08-17,140.29,140.81,139.57,139.62,632795,190.38
2017-08-18,139.44,139.44,138.08,138.6,682031,188.99
2017-08-21,138.79,139.91,138.25,139.57,708298,190.31
2017-08-22,139.66,140.22,137.98,138.67,645145,189.08
2017-08-23,138.61,139.56,138.59,139.18,660515,189.78
2017-08-24,139.34,140.01,138.68,138.86,889157,189.34
2017-08-25,139.15,139.59,138.58,138.6,651738,188.99
2017-08-28,138.64,139.01,137.68,138.12,954467,188.33
2017-08-29,138.2,139.26,137.3,137.35,579077,187.28
2017-08-30,137.26,137.26,136.17,137.08,714239,186.92
2017-08-31,137.39,138.12,137.24,137.68,1205550,187.73
2017-09-01,137.96,138.93,137.62,137.87,623675,188
2017-09-05,136.77,137.7,133.58,136.91,1129626,186.68
2017-09-06,137.06,137.58,135.83,136.06,1347380,185.53
2017-09-07,136.28,137.05,135.67,136.4,1365583,185.99
2017-09-08,136.28,137.93,136.05,136.96,1084512,186.76
2017-09-11,137.29,138.28,136.62,138.28,980179,188.55
2017-09-12,138.06,138.31,134.35,135.4,889702,184.63
2017-09-13,135.36,135.79,134.69,134.82,774630,183.84
2017-09-14,134.82,134.96,133.74,134.74,965978,183.73
2017-09-15,134.87,135.66,133.86,134.77,1886355,183.77
2017-09-18,134.81,135.37,133.71,134.33,1029923,183.17
2017-09-19,134.33,134.65,132.82,133.27,1170082,181.72
2017-09-20,133.36,133.83,132.11,132.59,681847,180.8
2017-09-21,132.64,133.12,131.85,131.87,618119,179.81
2017-09-22,132.04,132.28,130.87,130.92,515526,178.52
2017-09-25,131.63,132.34,130.82,131.5,1336484,179.31
2017-09-26,131.52,131.76,131.04,131.35,1113643,179.1
2017-09-27,131.51,131.51,130.26,130.66,941482,178.16
2017-09-28,130.6,132.07,130.6,132.03,845584,178.6
2017-09-29,131.57,132.52,131.37,131.9,1085189,178.42
2017-10-02,132.33,132.63,131.15,131.29,720400,177.59
2017-10-03,131.29,131.68,130.75,131.36,697867,177.69
2017-10-04,131.42,133.2,130.97,133.07,704420,180
2017-10-05,133.64,135.39,133.26,133.39,737861,180.44
2017-10-06,133.21,133.21,131.67,132.25,726990,178.9
2017-10-09,132.11,132.72,131.97,132.14,712081,178.75
2017-10-10,132.23,133.27,131.91,131.96,784535,178.5
2017-10-11,132.05,133.65,131.96,133.05,780630,179.98
2017-10-12,133.25,134.04,132.81,133.78,632771,180.96
2017-10-13,134.46,134.54,133.47,133.51,907656,180.6
2017-10-16,133.5,133.52,132.4,132.48,593994,179.2
2017-10-17,132.25,133.08,132.23,133.08,641025,180.02
2017-10-18,132.88,133.16,132.31,133.13,558101,180.08
2017-10-19,133.06,133.55,132.52,133.51,794138,180.6
2017-10-20,133.77,134.06,132.81,133.95,791898,181.19
2017-10-23,134.13,134.65,133.58,134.53,666107,181.98
2017-10-24,134.13,134.32,132.56,132.7,709637,179.51
2017-10-25,132.85,133.92,132.55,133.42,596052,180.48
2017-10-26,133.54,134.1,132.93,133.55,582254,180.66
2017-10-27,133.32,134.62,133.14,134.29,511402,181.65
2017-10-30,133.97,134.66,133.51,134.46,625858,181.89
2017-10-31,133.55,135.67,131.54,134.05,735297,181.33
2017-11-01,134.05,135.68,133.63,135.58,661268,183.4
2017-11-02,135.61,135.92,132.12,133.33,811028,180.35
2017-11-03,132.71,135.17,132.02,134.52,528802,181.97
2017-11-06,134.85,136.64,134.85,135.57,531752,183.39
2017-11-07,135.74,136.73,134.82,135.85,596459,183.76
2017-11-08,135.77,138.09,135.42,138.01,658591,186.69
2017-11-09,137.75,139.27,137.56,138.59,669442,187.47
2017-11-10,138.31,139.65,137.91,138.36,516244,187.16
2017-11-13,138.49,139.45,137.9,139.06,432113,188.11
2017-11-14,139.03,139.17,137.86,138.62,797206,187.51
2017-11-15,138.65,139.04,136.39,136.53,647920,184.69
2017-11-16,136.75,138.15,136.28,137.57,819889,186.09
2017-11-17,137.57,137.57,135.88,136.3,576600,184.37
2017-11-20,136.39,136.51,135.77,135.98,461423,183.94
2017-11-21,136.26,136.83,135.81,136.78,515312,185.02
2017-11-22,137.08,137.08,135.7,136.47,359818,184.6
2017-11-24,136.67,136.86,136.28,136.49,221060,184.63
2017-11-27,136.28,136.61,134.86,135.17,639391,182.84
2017-11-28,135.23,135.63,133.54,134.01,776755,181.27
2017-11-29,134.01,134.94,132.35,134.58,591319,182.04
2017-11-30,134.82,135.34,133.78,134.05,1170423,181.33
2017-12-01,134.49,135.97,133.64,134.05,733992,181.33
2017-12-04,134.52,134.86,133.72,133.89,596473,181.12
2017-12-05,134.07,134.15,131.89,132.19,732720,178.81
2017-12-06,132.62,132.72,131.31,132.61,511520,179.38
2017-12-07,132.41,133.04,131.88,133.04,625853,179.96
2017-12-08,133.6,134.83,132.71,134.71,599679,182.22
2017-12-11,134.42,135.22,134.42,135.14,756188,182.81
2017-12-12,135.28,136.3,134.48,135.76,652322,183.64
2017-12-13,136.25,136.32,134.38,134.77,576175,182.31
2017-12-14,134.95,135.53,133.98,134.82,389327,182.37
2017-12-15,135.57,135.57,134.12,134.29,1606782,181.66
2017-12-18,134.35,136.22,134.31,134.89,693964,182.46
2017-12-19,135.14,135.75,130.41,131.38,860635,177.72
2017-12-20,131.26,132.16,131.12,131.31,903643,177.62
2017-12-21,131.43,131.68,129.5,129.78,593876,175.55
2017-12-22,130.32,131.9,130.12,131.68,725670,178.12
2017-12-26,131.78,132.74,131.26,132.32,474356,178.99
2017-12-27,132.74,133.1,131.71,132.01,491615,178.57
2017-12-28,132.13,133.19,131.71,133.08,466504,178.58
2017-12-29,133.43,133.43,132.68,132.95,510288,178.41
2018-01-02,133.08,133.54,131.9,132.08,656000,177.24
2018-01-03,132.46,132.64,131.63,132.49,581240,177.79
2018-01-04,132.08,132.47,130.05,130.12,605083,174.61
2018-01-05,130.09,130.11,129.01,129.86,806124,174.26
2018-01-08,129.54,130.27,129.14,129.95,596239,174.39
2018-01-09,129.89,130.19,128.61,128.97,568481,173.07
2018-01-10,128.45,128.92,126.48,127.4,670059,170.96
2018-01-11,127.88,128.4,126.35,126.51,518431,169.77
2018-01-12,126.52,126.8,124.83,125.36,558447,168.23
2018-01-16,125.58,127.81,125.58,125.96,671843,169.03
2018-01-17,126.77,126.85,125.94,126.61,611063,169.91
2018-01-18,126,126.74,124.51,125.03,725157,167.79
2018-01-19,125.34,125.72,124.95,125.71,845981,168.7
2018-01-22,125.69,126.82,125.37,126.76,705608,170.1
2018-01-23,127.05,128.72,127.04,128.69,827276,172.69
2018-01-24,128.6,128.93,127.65,128.02,639351,171.8
2018-01-25,128.04,128.41,125.68,126.82,753629,170.18
2018-01-26,127.22,127.22,125.47,126.75,615240,170.09
2018-01-29,126.38,126.38,125.06,125.38,438247,168.25
2018-01-30,125.16,125.71,124.33,124.35,660731,166.87
2018-01-31,124.28,126.99,123.86,126.98,1371229,170.4
2018-02-01,126.61,128.04,122.06,122.29,1494211,164.11
2018-02-02,118.25,122.61,118.25,122.18,1876568,163.96
2018-02-05,122.12,123.46,118.35,118.5,1630538,159.02
2018-02-06,117.3,120.24,116.26,119.42,2027877,160.25
2018-02-07,119.11,121.11,117.9,117.95,1286448,158.28
2018-02-08,118.13,120.12,115.37,115.46,1610925,154.94
2018-02-09,116.25,119.74,115.46,118.94,1462710,159.61
2018-02-12,119.24,119.73,116.06,118.3,1614177,158.75
2018-02-13,117.57,119.47,117.47,118.78,1228713,159.4
2018-02-14,117.7,118.54,117.18,118.43,984117,158.92
2018-02-15,118.91,120.44,118.62,120.05,879994,161.1
2018-02-16,120.23,121.47,119.61,121.15,1035896,162.57
2018-02-20,120.66,121.95,119.48,119.54,937542,160.42
2018-02-21,119.17,119.73,116.05,116.26,1116038,156.02
2018-02-22,116.74,117.84,116.58,117.08,952947,157.12
2018-02-23,117.69,119.3,116.97,119.24,571779,160.01
2018-02-26,119.54,119.77,118.46,119.34,675242,160.15
2018-02-27,118.98,119.31,116.03,116.31,1026003,156.08
2018-02-28,116.46,117.29,115.84,116.26,1717868,156.02
2018-03-01,115.64,117.67,114.87,115.54,1344584,155.05
2018-03-02,115.43,115.94,113.95,114.68,991862,153.9
2018-03-05,114.08,116.8,113.75,116.31,1181880,156.08
2018-03-06,116.27,116.69,114.54,116.22,939025,155.96
2018-03-07,116.09,118.21,115.89,117.82,1003045,158.11
2018-03-08,117.92,118.95,117.31,118.86,818970,159.5
2018-03-09,118.94,120.29,118.35,120.29,731101,161.42
2018-03-12,120.02,120.72,119.42,120.38,824970,161.54
2018-03-13,121.06,121.44,120.05,120.36,648782,161.52
2018-03-14,120.6,121.83,120.44,121.82,903363,163.47
2018-03-15,121.63,122.31,121.29,121.96,961755,163.67
2018-03-16,122.23,123.72,121.75,123.51,1763393,165.75
2018-03-19,123.39,123.43,122.06,123.02,895538,165.09
2018-03-20,122.92,123.81,121.88,122.44,1295329,164.31
2018-03-21,122.41,123.5,121.19,121.64,718657,163.24
2018-03-22,121.12,122.38,119.2,119.42,1205164,160.26
2018-03-23,119.45,119.92,117.46,117.75,930225,158.01
2018-03-26,118.55,118.92,117.43,118.36,615453,158.83
2018-03-27,118.29,121.28,116.55,119.71,844186,160.64
2018-03-28,120.72,123.72,120.32,123.38,923588,164.05
2018-03-29,123.7,124.42,121.25,123.69,1046480,164.46
2018-04-02,123.56,123.83,121.34,122.33,773450,162.66
2018-04-03,122.38,124.38,121.47,124.06,786632,164.96
2018-04-04,123.3,125.34,122.96,124.86,722784,166.02
2018-04-05,124.97,125.12,123.5,125.02,663920,166.23
2018-04-06,125.46,125.99,124.39,124.84,697233,166
2018-04-09,124.99,125.43,123.78,124.41,525555,165.42
2018-04-10,125.03,125.6,124.34,125.44,736168,166.79
2018-04-11,125.13,126.32,124.71,124.87,902328,166.03
2018-04-12,125.02,125.02,123.75,124.24,732451,165.2
2018-04-13,124.3,125.4,123.75,125.24,619216,166.53
2018-04-16,125.5,126.52,124.67,124.84,675431,166
2018-04-17,125.08,126.09,124.49,125.57,694065,166.97
2018-04-18,125.74,125.99,124.69,124.81,839772,165.95
2018-04-19,124.47,124.65,121.67,122.24,725998,162.54
2018-04-20,122.52,122.52,120.65,120.99,1412367,160.87
2018-04-23,121.38,121.67,120.42,121.08,655908,161
2018-04-24,121.78,122.27,120.83,121.76,906998,161.9
2018-04-25,121.35,122.3,120.55,121.68,827982,161.79
2018-04-26,120.57,123.06,118.75,121.52,844897,161.58
2018-04-27,121.16,124.06,121.16,123.59,507447,164.33
2018-04-30,123.94,124.45,122.19,122.59,933019,163
2018-05-01,122.7,124.07,122.11,123.75,630976,164.55
2018-05-02,123.2,123.65,122.2,122.3,865206,162.62
2018-05-03,121.9,123.67,121.49,122.47,447047,162.85
2018-05-04,122.25,123.91,122.17,123.6,652404,164.35
2018-05-07,124.07,124.39,123.18,124.24,378863,165.2
2018-05-08,124.05,124.05,123.11,123.69,798956,164.47
2018-05-09,123.96,124.71,123.39,124.63,552869,165.72
2018-05-10,125.36,126.26,124.69,126.12,911375,167.7
2018-05-11,126.51,126.58,124.95,125.13,688637,166.38
2018-05-14,125.1,125.26,122.99,123.75,443557,164.54
2018-05-15,123.2,123.29,120.58,120.82,986675,160.65
2018-05-16,121.13,121.47,119.44,119.96,754274,159.5
2018-05-17,119.77,120.3,118.95,119.22,774339,158.52
2018-05-18,119.35,119.66,118.1,118.65,735239,157.76
2018-05-21,119.06,119.98,118.02,119.41,997790,158.77
2018-05-22,119.47,120.02,118.87,119.77,972722,159.25
2018-05-23,120.08,122.26,119.63,121.45,1144641,161.49
2018-05-24,121.56,121.71,119.92,120.87,976503,160.72
2018-05-25,121.18,122.29,121.03,121.65,534047,161.76
2018-05-29,121.3,122.04,120.71,121.44,727138,161.47
2018-05-30,121.04,125.2,120.8,124.74,841089,165.86
2018-05-31,123.5,124.66,122.75,124.5,1655272,165.54
2018-06-01,124.51,125.92,123.57,125.68,758166,167.11
2018-06-04,126.14,127.1,125.6,127.1,816160,169
2018-06-05,127.48,127.63,125.47,125.52,989667,166.9
2018-06-06,125.31,126.33,124.48,125.92,721355,167.43
2018-06-07,126.06,126.39,125.22,125.49,606669,166.86
2018-06-08,125.97,126.75,125.42,126.21,449709,167.82
2018-06-11,126.02,126.44,124.68,125.3,762396,166.61
2018-06-12,125.14,127.42,124.47,126.74,1022706,168.52
2018-06-13,127.09,127.78,124.49,125.26,869158,166.56
2018-06-14,125.63,127.59,124.9,126.48,928908,168.18
2018-06-15,126.59,127.72,126.28,126.89,1551822,168.72
2018-06-18,126.47,127.09,125.01,126.03,723292,167.58
2018-06-19,125.33,126.64,125.33,125.81,905529,167.29
2018-06-20,126.61,127.54,125.87,127.33,1035131,169.31
2018-06-21,127.54,128.25,127.15,127.78,967508,169.91
2018-06-22,128.15,128.92,125.95,128.48,1655996,170.83
2018-06-25,128.75,129.99,127.95,129.53,1471079,172.23
2018-06-26,129.5,130.24,128.75,128.84,1001724,171.31
2018-06-27,129.23,129.7,127.56,127.56,963365,169.61
2018-06-28,127.63,130.36,127.63,130.04,1068200,171.41
2018-06-29,129.7,131.59,128.8,130.4,1418390,171.89
2018-07-02,130.37,130.93,128.22,129.42,879020,170.6
2018-07-03,129.43,131.08,128.84,129.71,366980,170.98
2018-07-05,130.21,130.85,129.65,130.78,597746,172.39
2018-07-06,131.31,131.72,130.65,131.16,591344,172.89
2018-07-09,131.39,131.73,129.78,130.41,949890,171.9
2018-07-10,130.51,132.03,130.19,131.64,735043,173.52
2018-07-11,131.74,132.62,131.54,131.95,536291,173.93
2018-07-12,132.15,132.76,131.7,132.2,516395,174.26
2018-07-13,132.54,132.88,131.35,131.51,487437,173.35
2018-07-16,131.21,131.67,129.8,130.98,526982,172.65
2018-07-17,131.22,131.34,129.74,130.01,850260,171.37
2018-07-18,129.95,131.18,129.37,129.94,820171,171.28
2018-07-19,129.55,131.89,129.55,130.79,444052,172.4
2018-07-20,130.27,130.49,128.77,129.38,484282,170.54
2018-07-23,129.05,129.49,128.48,129.24,369671,170.35
2018-07-24,129.22,129.58,128.17,129.41,859311,170.58
2018-07-25,129.93,132.25,129.67,130.87,732172,172.5
2018-07-26,131.22,132.25,130.79,131.15,397895,172.88
2018-07-27,131.52,131.53,130.05,130.66,471707,172.23
2018-07-30,130.72,131.34,129.71,130.62,515591,172.17
2018-07-31,131.3,135.93,128.75,134.17,1513565,176.85
2018-08-01,133.41,135.39,131.14,135.2,1056372,178.21
2018-08-02,135.08,136.08,132.48,135.42,666038,178.5
2018-08-03,135.55,136.84,134.58,136.62,896878,180.08
2018-08-06,136.34,138.1,135.78,136.72,786143,180.21
2018-08-07,136.85,137.23,134.5,135.87,912327,179.09
2018-08-08,136.21,136.21,134.85,135.24,349666,178.26
2018-08-09,135.42,135.98,134.96,135.71,392729,178.89
2018-08-10,135.71,136.2,134.4,134.43,540515,177.2
2018-08-13,134.48,135.06,133.95,134.79,515834,177.67
2018-08-14,134.83,135.98,134.45,135.52,546774,178.63
2018-08-15,135.24,137.2,135.04,136.78,673770,180.3
2018-08-16,136.92,137.69,136.37,137.56,447859,181.32
2018-08-17,137.73,139.09,137.19,138.98,654234,183.2
2018-08-20,139.49,139.83,138.59,138.88,609618,183.07
2018-08-21,138.57,138.63,136.94,137.34,452066,181.03
2018-08-22,137.51,137.67,136.76,137.54,421350,181.3
2018-08-23,137.66,137.91,137.2,137.43,280000,181.15
2018-08-24,137.2,138.93,137.2,138.68,371815,182.8
2018-08-27,138.98,139.03,137.11,138.43,648858,182.47
2018-08-28,138.36,140,138.03,139.96,472949,184.49
2018-08-29,140.33,140.61,139.42,139.79,461446,184.26
2018-08-30,140.24,140.24,138.6,138.7,348131,182.83
2018-08-31,139,139.77,138.24,139.05,727780,183.29
2018-09-04,138.49,139.55,138,138.73,441545,182.86
2018-09-05,138.24,140.19,137.56,139.51,620377,183.9
2018-09-06,139.93,140.46,139.45,139.77,641332,184.24
2018-09-07,139.14,139.45,138.18,138.97,525986,183.18
2018-09-10,139.87,140.46,139.39,139.81,586876,184.29
2018-09-11,138.89,140.09,138.89,139.53,603080,183.92
2018-09-12,139.76,140.2,138.74,139.38,393177,183.72
2018-09-13,140.08,140.93,139.47,140.9,646181,185.72
2018-09-14,140.53,140.64,138.16,139.05,710591,183.29
2018-09-17,139.13,140.24,138.82,140.14,796576,184.73
2018-09-18,140.14,140.39,138.98,139.65,452737,184.08
2018-09-19,139.83,139.92,137.66,138.15,568473,182.1
2018-09-20,138.32,139.79,137.56,139.69,533774,184.13
2018-09-21,140.25,141.1,139.21,140.49,1216771,185.19
2018-09-24,140.14,140.5,136.61,137.1,652998,180.72
2018-09-25,137.31,137.8,136.14,137.42,641308,181.14
2018-09-26,137.36,137.56,135.08,135.2,768676,178.21
2018-09-27,136.21,136.86,135.33,135.96,585837,177.73
2018-09-28,135.79,138.63,135.79,138.57,1099551,181.15
2018-10-01,138.35,138.95,137.59,137.66,587552,179.96
2018-10-02,137.85,138.96,137.54,137.68,434786,179.99
2018-10-03,137.98,138.63,135.34,136.63,535502,178.61
2018-10-04,135.96,136.33,134.31,135.57,630056,177.22
2018-10-05,135.83,136.94,135.44,135.63,434661,177.31
2018-10-08,135.71,138.17,135.7,137.18,678208,179.33
2018-10-09,137.14,138.67,136.27,138.56,644718,181.13
2018-10-10,137.78,138.94,136.25,136.44,610807,178.36
2018-10-11,136.83,136.83,132.18,132.48,957218,173.19
2018-10-12,133.18,134.2,131.62,132.18,653018,172.79
2018-10-15,131.74,134,131.74,132.26,548181,172.9
2018-10-16,132.64,135.27,131.91,134.74,591313,176.14
2018-10-17,134.66,135.29,133.71,134.63,612381,176
2018-10-18,134.63,135.78,134.35,134.86,385973,176.3
2018-10-19,135.2,136.46,134.85,136.14,535607,177.97
2018-10-22,135.7,136.23,132,132.21,570686,172.84
2018-10-23,131.54,133.71,130.63,132.88,544526,173.71
2018-10-24,133.21,136.84,132.8,135.14,611921,176.67
2018-10-25,135.08,136.89,134.17,135.92,462107,177.68
2018-10-26,136.02,136.02,132.49,133.78,824037,174.89
2018-10-29,134.5,136.73,134.5,136.27,605206,178.14
2018-10-30,137.71,139.7,135.56,136.63,1031196,178.61
2018-10-31,136.71,136.71,133.41,134.16,1065835,175.38
2018-11-01,134.25,135.21,133.4,134.12,623981,175.33
2018-11-02,134.88,134.88,131.58,132.47,732005,173.18
2018-11-05,133.08,136.31,132.79,135.45,868752,177.07
2018-11-06,135.83,138.25,135.7,137.78,781742,180.11
2018-11-07,138.36,139.75,137.91,139.49,634520,182.35
2018-11-08,139.42,139.78,138.01,139.38,358011,182.21
2018-11-09,139.32,140.12,138.66,139.63,480638,182.53
2018-11-12,139.66,141.47,139.66,140.94,623468,184.25
2018-11-13,141.58,142.47,140.45,142.24,780238,185.95
2018-11-14,142.33,142.84,141.08,141.91,500982,185.52
2018-11-15,141.27,141.33,138.88,139.68,801368,182.6
2018-11-16,139.72,142.66,139.2,141.93,775188,185.54
2018-11-19,141.93,143.66,141.19,143.62,582169,187.75
2018-11-20,143.63,144.26,141.98,142.69,634630,186.53
2018-11-21,142.55,144.27,141.61,142.63,599294,186.45
2018-11-23,142.44,142.92,140.93,142.12,204779,185.79
2018-11-26,142.79,143.09,141.23,142.58,525682,186.39
2018-11-27,142.52,143.96,141.87,143.81,502430,188
2018-11-28,143.83,144.45,143.2,144.43,669856,188.81
2018-11-29,144.26,144.48,143.05,143.86,561348,188.07
2018-11-30,144.74,145.84,143.83,145.78,1205182,190.57
2018-12-03,146.35,146.35,144.48,145.88,770250,190.71
2018-12-04,145.8,145.88,142.9,143.29,839126,187.32
2018-12-06,142.48,146.7,140.9,146.62,1636417,191.67
2018-12-07,146.08,146.8,143.59,144.28,886315,188.61
2018-12-10,144.36,144.36,139.84,143.39,806478,187.45
2018-12-11,144.25,144.85,143.75,143.75,535172,187.92
2018-12-12,144.59,144.62,140.52,140.62,760425,183.83
2018-12-13,140.91,143.71,140.74,142.74,743770,186.6
2018-12-14,142.77,143.6,142.25,142.97,800336,186.9
2018-12-17,143.27,143.82,137.09,137.59,996542,179.87
2018-12-18,138.47,140.02,138.16,139.15,816116,181.91
2018-12-19,139.45,140.22,137.69,138.29,742248,180.78
2018-12-20,138.76,140.06,137,137.99,776091,180.39
2018-12-21,138.24,142.48,135.43,135.43,1868862,177.04
2018-12-24,135.54,135.83,128.69,129.15,710898,168.84
2018-12-26,129.55,132.56,127.75,132.56,772361,173.29
2018-12-27,131.54,132.69,129.02,132.65,1099775,173.41
2018-12-28,133.88,134.61,131.4,133.21,861746,172.67
2018-12-31,133.58,134.29,131.76,134.28,719225,174.05
2019-01-02,133.14,134.27,129.87,130.54,736014,169.2
2019-01-03,130.5,133.28,130.5,131.15,763875,170
2019-01-04,131.59,132.87,131.27,132.08,664232,171.2
2019-01-07,132.29,133.76,131.42,131.71,607817,170.72
2019-01-08,132.22,134.49,131.78,134.44,896902,174.26
2019-01-09,134.78,135.71,133.03,135.6,822686,175.76
2019-01-10,135.43,137.45,134.77,137.32,673480,177.99
2019-01-11,137.33,137.88,136.47,137.78,571616,178.59
2019-01-14,137.45,138.28,136.82,137.46,380819,178.18
2019-01-15,137.64,139.39,137.64,138.71,480808,179.79
2019-01-16,138.71,140.7,137.54,140.54,723069,182.16
2019-01-17,140.52,141.76,140.37,141.45,505737,183.34
2019-01-18,141.85,142.16,140.42,142.02,531317,184.09
2019-01-22,141.95,142.41,140.55,141.98,516485,184.03
2019-01-23,142.09,142.76,141.6,142.68,578779,184.94
2019-01-24,142.55,143,141.18,142.69,519914,184.95
2019-01-25,143.16,144.22,143,144,682284,186.65
2019-01-28,143.7,145.78,143.12,145.69,753565,188.84
2019-01-29,145.76,147.18,145,147.15,604881,190.73
2019-01-30,146.38,148.07,146.14,147.53,660904,191.23
2019-01-31,147.04,149.18,145.84,148.84,1050101,192.92
2019-02-01,149.17,149.53,145.43,146.74,877321,190.2
2019-02-04,146.35,148.4,145.06,148.39,835633,192.34
2019-02-05,150.44,150.44,146.78,150.06,753305,194.5
2019-02-06,150.24,150.24,149.15,149.64,563659,193.96
2019-02-07,149.28,150.93,148.66,150.66,678404,195.28
2019-02-08,150.03,151.34,149.26,150.06,642100,194.5
2019-02-11,150.21,151.31,149.58,150.48,549082,195.05
2019-02-12,150.56,150.56,148.35,149.25,703181,193.46
2019-02-13,148.88,151.37,148.62,151.27,699881,196.07
2019-02-14,151.14,151.95,150.47,151,624377,195.72
2019-02-15,151.94,151.94,150.83,151.27,785463,196.07
2019-02-19,150.82,152.2,150.82,151.56,747020,196.45
2019-02-20,151.39,151.5,148.34,149.75,594754,194.1
2019-02-21,149.1,151.28,148.62,151.14,472292,195.91
2019-02-22,151.34,152.25,149.08,151.24,597279,196.04
2019-02-25,151.47,151.47,149.98,150.15,513882,194.62
2019-02-26,150.65,150.7,149.77,150.39,483191,194.93
2019-02-27,149.67,150.13,148.19,149.88,644742,194.27
2019-02-28,149.61,152.5,149.15,150.16,1485633,194.63
2019-03-01,150.27,150.33,148.22,149.86,638140,194.25
2019-03-04,150,151.35,149.18,150.96,699822,195.67
2019-03-05,150.83,152.35,150.48,151.55,493464,196.44
2019-03-06,151.49,151.91,150.75,150.8,467732,195.47
2019-03-07,150.95,152.42,150.27,150.83,838377,195.5
2019-03-08,150.54,151.98,150.16,151.55,689052,196.44
2019-03-11,151.88,152.57,150.91,152.32,428741,197.44
2019-03-12,152.72,153.71,152.05,153.42,908656,198.86
2019-03-13,153.6,154.6,153.6,153.81,615442,199.37
2019-03-14,153.76,154.5,153.18,154.35,540139,200.07
2019-03-15,154.3,154.45,153.19,153.5,1276825,198.97
2019-03-18,153.64,154.11,151.12,152.14,586181,197.2
2019-03-19,152.08,152.35,151.02,151.54,747816,196.42
2019-03-20,151.7,152.79,150.13,151.72,642288,196.66
2019-03-21,151.07,153.89,151.07,153.28,644998,198.68
2019-03-22,153.57,155.69,153.51,153.98,729109,199.59
2019-03-25,154.14,154.51,153.22,153.66,356704,199.17
2019-03-26,154.16,155.03,153.89,154.97,496958,200.87
2019-03-27,154.82,155.41,153.95,154.95,585657,200.85
2019-03-28,155.39,156.25,154.63,156.19,633339,200.92
2019-03-29,156.41,156.65,155.24,156.04,916472,200.73
2019-04-01,156.06,156.14,153.77,156,735393,200.68
2019-04-02,156.05,157.64,154.46,157.19,741710,202.21
2019-04-03,157.58,157.73,155.9,157.31,605468,202.36
2019-04-04,157.67,157.67,155.92,156.82,406062,201.73
2019-04-05,156.76,157.45,156.3,157.17,464069,202.18
2019-04-08,157.15,157.3,155.85,156.65,431222,201.51
2019-04-09,156.76,156.9,155.72,155.94,509635,200.6
2019-04-10,156.55,157.32,155.93,157.19,682625,202.2
2019-04-11,157.55,158.25,156.68,157.92,399375,203.15
2019-04-12,157.76,158.69,156.56,158.65,445026,204.08
2019-04-15,158.62,159,157.87,158.69,447612,204.13
2019-04-16,158.65,158.86,153.52,153.87,679131,197.94
2019-04-17,154.36,154.36,150.07,150.68,817540,193.83
2019-04-18,150.97,152.77,150.38,152.48,726491,196.15
2019-04-22,152.01,152.03,148.81,150.54,496381,193.65
2019-04-23,151.4,152.99,150.67,152.57,580460,196.26
2019-04-24,153.56,154.29,151.85,154.05,572111,198.16
2019-04-25,152.49,155.82,152.49,155.44,637963,199.95
2019-04-26,156.56,156.61,155.19,155.88,382716,200.52
2019-04-29,155.21,156.01,153.76,153.93,395882,198.01
2019-04-30,154.25,156.29,153.66,156.2,733991,200.93
2019-05-01,156.11,158.19,155.48,156.38,436932,201.16
2019-05-02,156.59,158.06,155.58,156.59,486138,201.44
2019-05-03,156.79,157.29,155.51,157.15,373290,202.16
2019-05-06,156.56,157.36,154.84,155.92,473866,200.57
2019-05-07,155.04,155.8,152.09,152.98,462675,196.79
2019-05-08,152.49,154.36,151.71,152.72,557478,196.45
2019-05-09,152.64,154.49,152.07,154.33,637237,198.53
2019-05-10,154.33,156.31,153.84,156.03,456597,200.71
2019-05-13,154.87,156.17,154.6,155.97,468905,200.64
2019-05-14,155.74,156.7,155.02,155.28,640055,199.75
2019-05-15,155.39,156.6,154.8,156.02,433901,200.7
2019-05-16,156.87,157.89,156.06,157.62,565940,202.76
2019-05-17,156.9,158.03,156.52,157.92,540024,203.14
2019-05-20,157.96,157.96,155.19,155.9,550458,200.55
2019-05-21,156.03,157.5,155.95,157.19,687872,202.21
2019-05-22,157.38,158.13,156.93,158.05,527073,203.31
2019-05-23,157.65,158.62,156.77,158.38,606436,203.74
2019-05-24,158.9,160.15,158.78,159.58,586830,205.28
2019-05-28,160.3,160.6,157.58,157.58,1886512,202.71
2019-05-29,157.96,158.12,155.68,156.49,876484,201.31
2019-05-30,156.56,157.42,156.11,156.56,572015,201.39
2019-05-31,156.34,158.75,155.79,157.82,792717,203.01
2019-06-03,158.17,158.86,157,158.46,704169,203.84
2019-06-04,158.34,158.56,155.69,157.03,648879,202
2019-06-05,157.85,161.56,157.15,161.51,549128,207.76
2019-06-06,161.51,162.4,160.54,162.27,393392,208.74
2019-06-07,162.77,163.97,162.14,162.52,421023,209.06
2019-06-10,162.67,162.77,161.03,162.75,537776,209.36
2019-06-11,162.98,163.29,161.22,162.74,602031,209.34
2019-06-12,162.52,163.69,160.26,161.06,890349,207.19
2019-06-13,161.06,161.38,160.07,160.99,684628,207.09
2019-06-14,160.77,161.92,160.64,161.76,587048,208.09
2019-06-17,162.34,163.4,162.34,162.96,735298,209.63
2019-06-18,163.76,164.61,160.93,162.18,721587,208.62
2019-06-19,161.35,163.3,160.94,162.62,695736,209.19
2019-06-20,163.33,164.59,163.28,163.61,886519,210.47
2019-06-21,163.95,164.06,160.35,161.54,1878800,207.8
2019-06-24,161.91,162.79,160.97,161.8,547037,208.14
2019-06-25,162.08,162.67,158.84,158.9,726319,204.41
2019-06-26,159.04,159.04,155.52,156.47,795131,201.28
2019-06-27,157.21,159,156.92,157.79,553672,201.44
2019-06-28,157.95,159.67,157.59,159.15,1138314,203.18
2019-07-01,159.85,159.85,156.09,158.47,588910,202.31
2019-07-02,158.92,161.13,158.7,161.01,755986,205.56
2019-07-03,161.71,164,161.39,163.97,473630,209.33
2019-07-05,162.89,163.14,160.04,162.82,356582,207.87
2019-07-08,162.9,164.72,162.87,164.58,581092,210.11
2019-07-09,164.43,165.92,163.89,165.67,671554,211.51
2019-07-10,166.62,167.7,165.29,167.44,707689,213.77
2019-07-11,167.14,167.26,164.66,165.59,700700,211.4
2019-07-12,165.67,165.82,164.26,164.87,508346,210.48
2019-07-15,164.91,166.48,164.41,165.5,519931,211.29
2019-07-16,165.5,165.67,164.41,165.28,520196,211.01
2019-07-17,165.46,166.17,163.88,165.25,523528,210.97
2019-07-18,164.97,165.19,163.21,164.64,422052,210.19
2019-07-19,164.87,165.32,161.43,162.01,645721,206.83
2019-07-22,162.2,162.35,160.36,160.69,464529,205.15
2019-07-23,161.06,162.49,159.85,162.02,533911,206.84
2019-07-24,162.38,162.38,161.08,162.02,416583,206.85
2019-07-25,162.02,162.31,160.87,162.02,408849,206.85
2019-07-26,162.13,163.31,161.73,163.22,633158,208.38
2019-07-29,163.83,165.9,163.18,164.84,512120,210.44
2019-07-30,164.41,166.98,164.41,165.16,827945,210.86
2019-07-31,165.16,167.28,162.68,163.54,1007276,208.79
2019-08-01,159.59,160.25,156.16,159.12,1586980,203.14
2019-08-02,159.5,162.5,159.2,161.17,926417,205.76
2019-08-05,160.53,162.13,154.97,157.14,812439,200.62
2019-08-06,157.14,159.53,156.24,159.08,804206,203.09
2019-08-07,158.64,161.48,156.88,160,728231,204.27
2019-08-08,159.78,161.87,158.75,161.77,657900,206.52
2019-08-09,161.43,162.52,159.52,161.37,940547,206.01
2019-08-12,161.26,162.59,160.49,161.23,436629,205.84
2019-08-13,160.94,160.94,158.64,159.95,973680,204.2
2019-08-14,159.8,160.44,157.61,157.9,633597,201.59
2019-08-15,158.38,160.47,158.13,160.12,666248,204.42
2019-08-16,160.67,162.02,159.66,161.23,641137,205.84
2019-08-19,162.07,163.3,160.79,162.7,406197,207.71
2019-08-20,163.13,163.81,161.49,161.78,717697,206.54
2019-08-21,162.21,163.5,161.6,162.89,471070,207.95
2019-08-22,163.12,163.96,162.11,163.61,421876,208.88
2019-08-23,163.42,164.48,160.97,161.48,792714,206.16
2019-08-26,162.27,163.59,161.42,163.48,418120,208.71
2019-08-27,164.38,165.16,162.96,162.99,845879,208.08
2019-08-28,163.07,164.26,162.99,164.06,447605,209.45
2019-08-29,164.94,166.23,164.26,166.03,635232,211.97
2019-08-30,166.94,166.95,165.35,166.5,613566,212.56
2019-09-03,166,168.07,166,167.7,569688,214.09
2019-09-04,168.78,169.82,168.21,169.32,835313,216.16
2019-09-05,168.79,169.38,167.52,168.18,665371,214.71
2019-09-06,168.37,169.63,168.28,169,772462,215.75
2019-09-09,168.82,168.82,166.91,167.53,677024,213.88
2019-09-10,166.84,166.84,163.09,164.69,782327,210.25
2019-09-11,164.29,164.41,162.14,164.27,765255,209.72
2019-09-12,165.92,166.84,163.32,164.12,850844,209.53
2019-09-13,163.43,164.18,160.95,162.23,808587,207.11
2019-09-16,163.11,164.79,161.88,164.41,611059,209.9
2019-09-17,164.91,166.48,164.83,165.67,536565,211.51
2019-09-18,165.96,166.34,164.5,165.52,452442,211.31
2019-09-19,165.92,166.39,164.65,165.09,411063,210.76
2019-09-20,165.27,165.47,163.75,163.76,1209711,209.06
2019-09-23,162.92,165.53,162.92,164.84,527336,210.44
2019-09-24,165.27,166.63,164.71,165.56,653374,211.37
2019-09-25,165.57,167.44,165.53,166.64,1602761,212.74
2019-09-26,167.47,169.29,167.06,168.86,1255147,215.58
2019-09-27,169.11,169.85,167.88,169.03,799276,214.27
2019-09-30,168.8,170.65,168.69,169.86,1196873,215.33
2019-10-01,168.82,169.98,167.33,168.81,797565,214
2019-10-02,167.64,169.73,167.34,169.6,1100154,215
2019-10-03,169.27,172.32,169.27,171.95,1059935,217.97
2019-10-04,172.12,172.89,171.37,172.76,769347,219
2019-10-07,172.74,173.17,171.5,172.92,591220,219.2
2019-10-08,172.01,173.09,170.01,171.76,1110254,217.73
2019-10-09,172.03,173.32,171.66,172.56,817364,218.75
2019-10-10,172.44,173.23,170.82,172.51,543647,218.68
2019-10-11,172.74,172.81,170.94,172.03,497474,218.08
2019-10-14,171.98,172.11,171.02,172.03,540903,218.08
2019-10-15,172.13,172.58,170.08,171.47,748743,217.37
2019-10-16,171.58,173.02,170.31,172.92,692247,219.21
2019-10-17,172.71,173.64,172.52,172.82,601971,219.08
2019-10-18,173.02,173.86,172.16,173.68,659884,220.17
2019-10-21,173.73,175.16,172.83,175.16,957004,222.04
2019-10-22,175.54,175.81,174.2,174.99,810311,221.83
2019-10-23,175.22,175.24,172.92,174.75,663612,221.53
2019-10-24,174.56,175.18,173.14,173.74,451392,220.24
2019-10-25,173.34,174.2,172.64,173.08,579964,219.41
2019-10-28,173.09,173.09,170.7,171.17,1258209,216.99
2019-10-29,170.94,170.94,168.86,169.85,1916887,215.31
2019-10-30,170.48,172.81,169.43,172.74,1151286,218.98
2019-10-31,172.91,173.99,171.39,171.7,1001258,217.66
2019-11-01,171.96,173.08,169.23,171.37,1029877,217.24
2019-11-04,170.91,170.91,168,169,817159,214.24
2019-11-05,168.37,168.37,164.55,166.18,1300516,210.66
2019-11-06,166.67,168.08,166.66,167.47,677250,212.29
2019-11-07,166.91,166.91,163.54,164.98,728695,209.14
2019-11-08,165.03,166.42,164.57,165.54,585902,209.85
2019-11-11,165.25,166.65,165.25,166.04,444754,210.48
2019-11-12,166.15,167.62,164.58,164.86,648476,208.99
2019-11-13,165.45,167.68,164.67,166.91,558845,211.59
2019-11-14,167.33,168.14,166.87,167.73,537701,212.62
2019-11-15,167.75,169.23,167.33,169.23,679766,214.53
2019-11-18,169.7,171.04,169.45,169.82,393584,215.27
2019-11-19,170.87,171.66,169.76,171.23,502207,217.06
2019-11-20,171.64,172.14,170.37,170.68,534337,216.36
2019-11-21,170.28,170.28,167.58,167.78,412276,212.69
2019-11-22,167.92,168.6,166.08,166.67,463402,211.28
2019-11-25,167.32,168.78,166.83,167.36,650783,212.15
2019-11-26,167.64,170.08,167.36,170.08,1435429,215.61
2019-11-27,170.08,170.1,168.81,170.05,667308,215.57
2019-11-29,169.82,171.35,168.74,169.14,372979,214.41
2019-12-02,169.15,169.56,166.42,166.61,676280,211.2
2019-12-03,166.41,168.64,166.05,168.42,840926,213.5
2019-12-04,167.83,170.3,167.83,169.86,698599,215.32
2019-12-05,169.33,170.45,168.48,170.32,806237,215.91
2019-12-06,170.36,170.92,169.46,170.35,566390,215.94
2019-12-09,170.52,170.52,168.8,170.32,461733,215.91
2019-12-10,170.32,171.06,168.28,169.82,453408,215.28
2019-12-11,170.05,170.38,166.89,167.29,498015,212.07
2019-12-12,167.02,167.87,164.18,165,847424,209.16
2019-12-13,165.13,166.31,162.73,164.59,677368,208.64
2019-12-16,164.66,165.63,163.32,165.16,901386,209.37
2019-12-17,165.31,165.66,162.74,163.01,662777,206.64
2019-12-18,163.77,164.25,162.57,163.66,800756,207.47
2019-12-19,163.81,164.73,163.41,163.88,899172,207.74
2019-12-20,164.12,165.19,163.81,164.09,1898132,208.01
2019-12-23,164.84,164.93,163.02,163.36,468845,207.09
2019-12-24,163.7,164.25,163.09,164.03,133368,207.94
2019-12-26,164.47,164.78,163.36,164.33,335916,208.32
2019-12-27,165.12,165.55,164.03,164.74,426171,208.84
2019-12-30,164.22,165.85,164.1,164.98,689497,207.62
2019-12-31,164.86,166.66,164.64,166.64,732991,209.7
2020-01-02,167.24,167.6,163.75,164.68,1165185,207.24
2020-01-03,164,166.53,163.94,166.26,917437,209.23
2020-01-06,166.13,166.77,165.48,166.54,777626,209.58
2020-01-07,165.44,165.75,162.73,162.92,956161,205.02
2020-01-08,163.13,164.35,162.55,163.59,983216,205.87
2020-01-09,163.28,164.39,162.83,163.97,898367,206.35
2020-01-10,164.32,165.98,163.9,165.64,916532,208.45
2020-01-13,165.47,167.69,165.47,167.68,555768,211.02
2020-01-14,167.04,167.04,165.15,166.48,757028,209.51
2020-01-15,168.15,168.82,167.3,168.38,980675,211.9
2020-01-16,168.62,170.8,167.94,170.76,616821,214.89
2020-01-17,171.2,172.32,170.58,171.7,1429408,216.07
2020-01-21,171.98,174.35,171.87,174.26,860414,219.3
2020-01-22,174.7,175.38,171.49,172.15,978806,216.64
2020-01-23,172.33,173.8,171.65,173.62,717578,218.49
2020-01-24,173.89,174.34,172.96,174.29,636971,219.33
2020-01-27,173.58,174.36,172.55,173.91,1086936,218.86
2020-01-28,173.75,175.52,173.26,174.24,643342,219.27
2020-01-29,174.84,174.84,171.88,172.13,1004977,216.62
2020-01-30,171.63,173.51,171.13,173.24,617577,218.01
2020-01-31,173.18,174.13,171.67,172.19,738291,216.69
2020-02-03,172.69,173.85,171.72,172.19,617369,216.69
2020-02-04,172.39,174.56,171.79,173.84,738316,218.77
2020-02-05,173.73,174.64,172.79,172.92,539013,217.61
2020-02-06,172.92,174.24,171.39,174.13,637203,219.13
2020-02-07,174.63,174.91,173.27,174.16,589152,219.17
2020-02-10,175.61,176.21,174.11,176.21,1050452,221.75
2020-02-11,176.01,177.93,175.91,177.11,869175,222.88
2020-02-12,177.06,178.97,176.66,178.31,945221,224.39
2020-02-13,178,179.84,178,179.26,820653,225.59
2020-02-14,179.73,181.18,179.33,180.8,519644,227.53
2020-02-18,181.23,181.35,179.45,181.23,526213,228.07
2020-02-19,181.61,182.29,179.38,179.43,746685,225.8
2020-02-20,179.2,180.53,178.81,180.5,884051,227.15
2020-02-21,180.34,182.02,180.3,181.19,952290,228.02
2020-02-24,180.05,182.04,178.4,179.42,837156,225.79
2020-02-25,180.13,180.71,175.6,175.94,1057177,221.41
2020-02-26,176.34,177.38,175.01,175.79,1080772,221.22
2020-02-27,173.89,174.7,164.9,165.02,1445904,207.67
2020-02-28,161.88,162.37,155.41,159.4,1984883,200.59
2020-03-02,160.33,166.61,158.78,166.61,1434482,209.67
2020-03-03,166.61,172.09,164.79,165.86,1448161,208.73
2020-03-04,168.23,173.25,167.53,173.01,1108876,217.72
2020-03-05,170.52,172.02,167.45,169.5,911297,213.31
2020-03-06,165.66,166.96,161.2,166.13,1068763,209.06
2020-03-09,159.32,161.8,156.68,156.68,1525011,197.17
2020-03-10,160.06,166.08,155.74,165.95,1507058,208.84
2020-03-11,161.49,161.51,154.95,155.63,1331268,195.85
2020-03-12,144.82,156.27,142.34,143.47,1973143,180.55
2020-03-13,150.9,154.1,142.36,153.49,1584697,193.16
2020-03-16,139.73,141.64,129.9,129.9,1635885,163.47
2020-03-17,132.9,144.95,128.78,144.3,2474559,181.59
2020-03-18,134.9,140.45,116.87,122.28,1976305,153.88
2020-03-19,121.97,123.63,115.47,116.47,1398005,146.57
2020-03-20,117.38,119.95,102.17,104.59,1849445,131.62
2020-03-23,104.59,104.59,93.9,96.21,2274831,121.08
2020-03-24,100.28,102.78,97.74,101.28,2404970,127.46
2020-03-25,99.79,118.62,98.3,111.87,2160237,140.78
2020-03-26,111.77,120.72,109.93,120.04,1946440,151.06
2020-03-27,116.03,131.06,115.76,127.36,1519669,160.27
2020-03-30,128.6,129.73,115.71,122.08,2372601,152.1
2020-03-31,120.74,122.19,114.58,118.12,2514396,147.17
2020-04-01,112.08,112.73,104.97,110.77,2425441,138.02
2020-04-02,108.36,114.04,105.89,108.62,1833513,135.34
2020-04-03,107.28,110.81,104.56,106.12,1381918,132.22
2020-04-06,112.14,117.4,111.76,116.43,1308140,145.07
2020-04-07,123.05,123.91,117.13,118.26,1096117,147.35
2020-04-08,119.6,129.68,117.65,129,1421465,160.73
2020-04-09,130.66,138.78,130.66,134.32,1999579,167.36
2020-04-13,132.99,133.64,127.63,129.55,843738,161.41
2020-04-14,133.16,135.29,130.3,134.06,1174924,167.03
2020-04-15,129.4,132.21,127.08,129.28,1079998,161.08
2020-04-16,129.85,132.37,127.62,129.42,953033,161.25
2020-04-17,132.32,137.31,132.03,136.74,1677068,170.37
2020-04-20,133.45,134.6,128.67,128.83,1457883,160.51
2020-04-21,128.42,129.68,126.52,127.01,2277684,158.25
2020-04-22,129.22,130.13,127.54,128.29,1676814,159.84
2020-04-23,127.99,128.4,124.12,126.37,1744165,157.45
2020-04-24,126.86,128.4,124.84,127.12,1092157,158.38
2020-04-27,128.89,130.15,127.76,129.02,1604090,160.75
2020-04-28,132.32,133.93,130.11,130.4,632402,162.47
2020-04-29,133.49,134.81,130.53,133.08,930765,165.81
2020-04-30,131.23,131.82,129.62,130.78,1217406,162.95
2020-05-01,127.71,129.61,126.26,127.16,1065211,158.44
2020-05-04,125.53,127.4,124.67,126.94,1408775,158.16
2020-05-05,128.66,129.89,127.32,127.89,831157,159.34
2020-05-06,127.98,129.72,125.82,125.85,1142809,156.8
2020-05-07,128.11,131.08,124.5,128.77,1284821,160.44
2020-05-08,131.15,131.86,129.11,131.59,1454058,163.96
2020-05-11,130.5,130.77,126.1,126.2,1261218,157.24
2020-05-12,126.65,127.1,121.19,121.59,1994479,151.5
2020-05-13,120.84,122.24,119.81,121.24,1910690,151.06
2020-05-14,119.2,121.88,116.5,121.88,1743548,151.86
2020-05-15,120.57,124.08,117.08,120.67,2689052,150.35
2020-05-18,125.83,128.81,123.61,127.2,1149683,158.48
2020-05-19,126.2,127.69,123.92,124.12,1262074,154.65
2020-05-20,125.59,125.59,122.06,125.07,1519618,155.83
2020-05-21,124.53,126.81,123.38,123.74,939546,154.18
2020-05-22,123.77,124.17,122.77,123.34,1069854,153.67
2020-05-26,127.48,130.47,126.36,128.75,1141454,160.41
2020-05-27,132.43,132.43,126.33,127.53,1116795,158.9
2020-05-28,129.17,129.17,125.74,127.64,1470403,159.03
2020-05-29,126.18,127.5,123.78,125.21,5985792,156.01
2020-06-01,125.2,129.86,124.6,128.75,1141714,160.42
2020-06-02,129.82,129.97,126.01,127.43,1685990,158.77
2020-06-03,128.87,130.82,128.42,130.02,1396692,162
2020-06-04,129.31,129.9,126.62,127.51,1571891,158.87
2020-06-05,132.43,139.66,132.42,138.6,2253080,172.69
2020-06-08,140.84,142.96,138.52,142.92,1488852,178.07
2020-06-09,140.46,140.88,138.36,139.83,1098913,174.22
2020-06-10,138.84,140.46,136.32,137.53,897676,171.35
2020-06-11,131.42,134.06,129.8,129.92,1319220,161.87
2020-06-12,133.58,133.58,128.16,131.43,1696298,163.75
2020-06-15,126.71,130.62,126.71,128.99,1748062,160.71
2020-06-16,134.15,136.91,132.82,134.3,1248774,167.33
2020-06-17,135.11,135.67,129.44,130.62,1693531,162.74
2020-06-18,129.06,129.82,127.35,128.66,1823951,160.31
2020-06-19,131.39,131.71,124.48,124.48,4687552,155.09
2020-06-22,124.78,126.52,122.26,125.39,2143781,156.23
2020-06-23,126.46,127.12,123.92,124.65,1600429,155.31
2020-06-24,123.17,123.72,119.73,121.65,1179061,151.57
2020-06-25,120.93,123.19,120.35,123.09,974254,153.37
2020-06-26,122.56,123.95,120.49,121.5,1566248,151.38
2020-06-29,122.78,124.1,120.83,124.1,784005,153
2020-06-30,123.87,126.02,123.26,125.43,1651360,154.64
2020-07-01,125.75,129.58,125.4,129.01,773568,159.05
2020-07-02,131.05,131.85,127.58,129.71,1068297,159.92
2020-07-06,132.39,132.78,128.41,129.37,1414754,159.49
2020-07-07,127.31,128.35,125.37,125.5,1131647,154.72
2020-07-08,125.72,126.34,124.05,124.34,920375,153.3
2020-07-09,123.66,124.47,121.58,123,1612085,151.64
2020-07-10,122.98,124.83,122.54,123.89,582185,152.74
2020-07-13,124.05,125.16,122.2,123.4,669615,152.14
2020-07-14,123.18,126.04,122.78,125.24,574364,154.4
2020-07-15,126.59,126.7,123.72,125.35,1051978,154.54
2020-07-16,123.91,126.05,123.91,125.21,868595,154.37
2020-07-17,125.55,125.75,123.94,124.82,1029493,153.89
2020-07-20,122.71,124.17,120.09,121.31,1004178,149.56
2020-07-21,122.09,122.64,119.49,119.62,1010942,147.48
2020-07-22,118.94,122.24,118.08,122,2555953,150.41
2020-07-23,122.11,123.19,119.01,120.17,897438,148.15
2020-07-24,120.59,121.12,118.93,119.11,784553,146.85
2020-07-27,118.42,118.63,116.24,118.2,908021,145.72
2020-07-28,118.26,122.35,117.25,121.86,973130,150.24
2020-07-29,122.81,123.09,118.97,122.95,1609008,151.58
2020-07-30,121.47,122.64,118.16,122.64,1408470,151.2
2020-07-31,122.58,124.3,119.21,124.2,1803731,153.12
2020-08-03,122.73,122.88,121.14,121.61,1064026,149.93
2020-08-04,121.42,123.48,120.71,123.05,1274834,151.7
2020-08-05,123.29,124.31,121.59,122.42,820739,150.93
2020-08-06,121.47,123.17,121.47,122.45,674609,150.97
2020-08-07,121.67,124.82,121.47,124.8,956028,153.86
2020-08-10,125.03,127.02,124.6,124.75,568777,153.8
2020-08-11,125.98,127.35,122.5,123.08,713748,151.74
2020-08-12,123.25,124.12,122.37,124.03,662881,152.91
2020-08-13,123.12,125.65,122.15,122.24,906032,150.7
2020-08-14,121.9,125.45,121.51,124.14,743332,153.05
2020-08-17,124.24,126.05,123.7,126.02,659839,155.37
2020-08-18,126.03,126.07,124.45,125.46,868736,154.67
2020-08-19,125.19,125.19,122.61,123.41,1173096,152.15
2020-08-20,123.07,125.64,122.85,124.67,778709,153.7
2020-08-21,124.86,125.69,122.51,123.62,687455,152.41
2020-08-24,123.4,126.36,122.12,126.36,973694,155.78
2020-08-25,126.39,127.19,125.16,126.15,774127,155.52
2020-08-26,125.36,125.64,123.48,124.79,1064393,153.85
2020-08-27,125.47,128.79,125.47,128.52,670528,158.45
2020-08-28,128.84,129.88,127.21,129.47,951477,159.62
2020-08-31,128.7,128.93,127.14,128.21,1198794,158.06
2020-09-01,127.39,128.47,126.4,128.32,1228822,158.2
2020-09-02,128.3,130.86,127.51,130.83,1150804,161.3
2020-09-03,132.11,133.12,128.64,130.04,1065252,160.32
2020-09-04,130.06,132.46,129.09,131.48,952063,162.1
2020-09-08,130.46,130.53,128.11,128.53,1233650,158.46
2020-09-09,128.47,129.2,126.48,126.81,1425417,156.34
2020-09-10,126.31,126.64,122.76,123.71,2041548,152.52
2020-09-11,123.58,123.64,120.45,121.56,1438593,149.87
2020-09-14,122.37,126.6,121.78,125.37,1507180,154.56
2020-09-15,125.35,126.45,123.67,123.75,986555,152.57
2020-09-16,123.84,125.65,123.44,124.17,1117636,153.09
2020-09-17,123.27,125.6,122.08,124.51,987356,153.5
2020-09-18,123.54,124.51,122.45,122.53,2308204,151.06
2020-09-21,121.56,121.57,118.11,118.37,1832206,145.93
2020-09-22,118.46,122.05,118.46,121.02,1346916,149.2
2020-09-23,120.87,122.61,118.85,119.28,1464877,147.06
2020-09-24,118.78,120.55,117.62,119.2,1554097,146.96
2020-09-25,118.8,120.13,117.86,120.08,1343180,148.04
2020-09-28,121.98,123.96,121.33,122.84,1392069,151.45
2020-09-29,122.42,123.6,120.04,120.93,925690,147.52
2020-09-30,121.84,123.35,120.75,122.42,1473578,149.34
2020-10-01,122.73,127.57,122.64,127.55,1274450,155.6
2020-10-02,125.68,130.35,124.26,129.47,1687686,157.94
2020-10-05,130.37,131.84,128.46,131.51,1247541,160.43
2020-10-06,132.38,133.07,129.34,130.01,1247054,158.6
2020-10-07,130.43,131.26,127.67,128.57,1199376,156.85
2020-10-08,129.48,131.83,128.98,131.24,875495,160.1
2020-10-09,131.98,132.65,128.93,129.8,1120856,158.34
2020-10-12,130.33,130.88,128.97,130.42,939691,159.1
2020-10-13,127.47,129.65,125.31,126.98,1165187,154.9
2020-10-14,126.88,127.74,125.91,125.93,947544,153.62
2020-10-15,124.77,127.33,124.77,125.55,800465,153.16
2020-10-16,125.33,125.97,122.09,122.09,1517807,148.94
2020-10-19,122.74,123.42,119.07,119.2,1348410,145.41
2020-10-20,120.35,120.77,118.98,119.31,1106407,145.55
2020-10-21,118.93,120,118.26,119.66,1048401,145.97
2020-10-22,119.94,120.7,118.8,120.07,601744,146.48
2020-10-23,121.09,121.52,119.4,119.51,941210,145.79
2020-10-26,118.86,119.1,116.42,117.53,967536,143.38
2020-10-27,117.24,118.02,114.66,114.66,1083080,139.88
2020-10-28,112.71,112.94,107.7,108.79,2226038,132.71
2020-10-29,108.79,112.97,108.25,111.59,1798204,136.13
2020-10-30,110.89,114.84,110.89,114.05,1449289,139.13
2020-11-02,114.84,119.15,113.04,119.14,1294971,145.34
2020-11-03,120.52,125.66,120.29,123.9,1435239,151.15
2020-11-04,123.43,123.74,120.44,121.59,1430845,148.33
2020-11-05,121.97,123.53,120.72,121.52,1022461,148.24
2020-11-06,121.39,123.29,120.46,121.28,1029865,147.95
2020-11-09,130.32,151.23,130.32,135,3261237,164.69
2020-11-10,135.49,143.03,134.89,140.82,2754383,171.79
2020-11-11,140.34,140.34,137.07,138.39,1660252,168.82
2020-11-12,137.87,138.2,134.77,136.48,1072238,166.5
2020-11-13,137.21,138.96,137.13,138.81,973891,169.34
2020-11-16,144.5,144.92,139.83,142.1,1077533,173.35
2020-11-17,140.55,143.82,139.36,142.73,720117,174.12
2020-11-18,143.42,144,138.99,139.03,946230,169.6
2020-11-19,138.24,139.82,135.12,139.6,1101355,170.3
2020-11-20,140.19,141.52,139.16,140.91,1105634,171.9
2020-11-23,141.28,142.67,139.81,140.21,1419497,171.05
2020-11-24,142.49,143.76,141.29,142.07,996953,173.31
2020-11-25,141.3,141.51,139.12,140.21,791875,171.05
2020-11-27,140.11,140.11,137.06,137.61,380431,167.87
2020-11-30,136.64,138.18,134.66,136.56,3515414,166.59
2020-12-01,138.76,139.12,136.94,137.26,1042467,167.45
2020-12-02,138.13,141.8,137.57,138.76,1080375,169.28
2020-12-03,138.54,140.98,138.3,140.28,1354858,171.13
2020-12-04,141.11,142.79,139.97,142.5,1360855,173.84
2020-12-07,141.36,142.76,141.19,141.55,654315,172.68
2020-12-08,140.7,141.21,138.77,138.82,1368000,169.35
2020-12-09,138.66,139.8,135.06,136.44,1835108,166.45
2020-12-10,135.98,137.56,133.06,133.22,1282828,162.52
2020-12-11,131.98,133.48,131.81,133.09,1174703,162.36
2020-12-14,133.81,135.12,130.82,130.89,1098935,159.67
2020-12-15,131.28,132.78,129.71,132.77,1000124,161.97
2020-12-16,132.8,133.82,130.92,132.39,1231649,161.51
2020-12-17,133.21,133.89,131.57,133.8,1177132,163.23
2020-12-18,133.36,133.96,128.71,129.88,3319722,158.44
2020-12-21,127.06,129.73,127.06,129.48,1107511,157.96
2020-12-22,129.77,130.02,128.05,129.98,927444,158.56
2020-12-23,130.81,131.89,128.3,128.47,659284,156.72
2020-12-24,129.02,129.61,127.96,129.3,282952,157.74
2020-12-28,129.52,131.43,129.07,131.43,1049571,160.33
2020-12-29,131.98,132.5,128.81,128.87,602600,157.21
2020-12-30,129.56,131.5,129.48,130.88,685734,158.05
2020-12-31,131.24,133.04,129.81,132.85,550270,160.43
2021-01-04,132.55,133.9,128.36,128.79,1880596,155.52
2021-01-05,128.94,129.68,128.22,128.41,1505352,155.07
2021-01-06,129.32,132.36,128.68,131.86,1370118,159.23
2021-01-07,131.1,131.55,129.1,130.06,1050347,157.06
2021-01-08,129.93,131.41,129.5,131.2,895816,158.44
2021-01-11,130.84,131.44,129.5,130.33,656321,157.38
2021-01-12,129.66,130.78,128.89,130.33,1077228,157.38
2021-01-13,130.6,132.69,130.34,131.83,1084130,159.19
2021-01-14,132.83,134.38,131.34,132.9,991530,160.49
2021-01-15,132.6,136.07,132.23,135.81,976287,164
2021-01-19,136.48,136.9,133.61,134.49,882085,162.41
2021-01-20,133.85,138.46,133.27,137.4,1206069,165.92
2021-01-21,136.13,137.71,134.83,137.02,612896,165.46
2021-01-22,136.4,137.17,135.05,136.41,1012545,164.73
2021-01-25,136,138.62,134.98,137.97,928943,166.61
2021-01-26,138.29,140.26,137.8,139.21,836587,168.11
2021-01-27,138.14,139.11,134.82,135.7,929278,163.87
2021-01-28,135.9,140.06,134.74,137.48,658299,166.02
2021-01-29,136.23,138.12,134.74,135.54,1121151,163.67
2021-02-01,136.34,137.03,133.41,136.83,1422251,165.23
2021-02-02,137.36,138.76,136.41,137.83,1063266,166.44
2021-02-03,136.68,139.78,135.98,138.95,1694077,167.79
2021-02-04,137.4,144.14,135.97,142.31,2630217,171.85
2021-02-05,142.62,143.17,139.94,142.62,1229311,172.22
2021-02-08,142.43,143.82,141.18,143.53,978975,173.33
2021-02-09,144.03,144.51,142.91,143.95,687020,173.83
2021-02-10,144.18,145.76,143.44,145.62,658699,175.85
2021-02-11,145.91,148.74,144.16,148.17,1265943,178.93
2021-02-12,147.2,148.79,146.52,148.65,835051,179.51
2021-02-16,148.86,149.02,147.38,147.87,916123,178.56
2021-02-17,147.68,148.44,145.63,148.23,922408,179
2021-02-18,147.93,148.35,146.62,147.21,547861,177.77
2021-02-19,147.33,148.09,146.64,147.41,1101051,178.01
2021-02-22,147.97,149.53,146.7,147.63,1000838,178.28
2021-02-23,148.94,150.9,147.94,149.67,1044778,180.74
2021-02-24,149.93,153.45,149.41,153.2,1176524,185
2021-02-25,153.28,153.75,148.68,149.32,833087,180.32
2021-02-26,149.45,149.51,145.48,145.54,1953586,175.75
2021-03-01,147.48,150.16,146.53,146.59,895254,177.02
2021-03-02,145.85,148.48,145.6,147.58,1112462,178.22
2021-03-03,148.04,151.89,147.53,150.22,1288431,181.4
2021-03-04,150.06,150.67,145.76,147.44,1215731,178.05
2021-03-05,148.18,149.06,144.79,147.11,1267714,177.65
2021-03-08,148.18,153.27,146.59,152.3,1235773,183.91
2021-03-09,152.3,154.4,150.67,150.73,793420,182.02
2021-03-10,151,153.97,147.94,153.35,941751,185.18
2021-03-11,153.4,155.93,153.08,154.29,1490859,186.32
2021-03-12,154.82,157.74,154.82,157.74,1213028,190.49
2021-03-15,157.81,161.86,156.32,160.17,852603,193.42
2021-03-16,160.24,160.82,156.55,157.59,845913,190.3
2021-03-17,158.3,158.3,155,157.11,1025974,189.72
2021-03-18,156.87,157.02,155.03,156.26,747866,188.7
2021-03-19,155.41,155.68,151.07,151.37,2280343,182.79
2021-03-22,151.37,154.11,150.25,153.31,791699,185.13
2021-03-23,153.69,154.71,151.94,152.99,939970,184.75
2021-03-24,150.71,154.59,150.09,153.07,1132873,184.85
2021-03-25,153.07,155.29,151.29,155.14,730602,187.34
2021-03-26,155.34,156.89,155.03,156.61,670653,189.12
2021-03-29,156.18,156.82,153.57,155.14,537717,187.35
2021-03-30,155.24,156.81,155.02,156.49,510932,187.37
2021-03-31,154.54,155.89,153.01,154.1,1216558,184.51
2021-04-01,154.44,156.28,153.41,156.1,742752,186.9
2021-04-05,156.91,157.02,153.32,155.34,661713,185.99
2021-04-06,154.68,155.85,154.28,155.76,748069,186.5
2021-04-07,156.33,157.52,154.7,156.83,539623,187.78
2021-04-08,155.62,156.88,154.97,155.05,500538,185.65
2021-04-09,155.8,156.1,154.61,155.3,696399,185.94
2021-04-12,155.65,156.47,154.38,156.28,557748,187.12
2021-04-13,155.99,157.06,155.35,156.85,635669,187.8
2021-04-14,156.6,157.57,155.45,155.56,468415,186.26
2021-04-15,157.07,157.64,156.26,157.4,1127120,188.46
2021-04-16,158.39,158.77,157.15,158.53,798954,189.81
2021-04-19,159.57,159.57,158.99,158.99,58118,190.36
2021-04-20,158.79,161.17,158.79,160.92,830044,192.68
2021-04-21,161.12,162.33,159.73,161.71,700884,193.62
2021-04-22,162.15,163.09,160.63,160.69,994017,192.4
2021-04-23,160.82,162.47,160.42,161.93,645834,193.88
2021-04-26,162.85,163.32,162.19,162.67,695260,194.77
2021-04-27,163.3,164.06,161.78,163.12,589910,195.31
2021-04-28,163.05,163.1,159.81,159.81,1152762,191.35
2021-04-29,160.62,163.87,158.54,159.95,760492,191.51
2021-04-30,160.01,160.82,159.02,160.36,862552,192
2021-05-03,161.29,161.63,159.7,160.06,640067,191.65
2021-05-04,160.35,161.4,158.23,159.01,695379,190.39
2021-05-05,158.38,159.53,155.85,156.98,894479,187.96
2021-05-06,157.3,161.47,157.3,161.43,840681,193.29
2021-05-07,160.85,163.44,160.85,163.3,855706,195.53
2021-05-10,164.37,166.6,164.05,164.52,576625,196.99
2021-05-11,163.7,164.57,162.49,163.85,697011,196.18
2021-05-12,164.27,164.29,160.1,161.06,1113975,192.84
2021-05-13,160.97,165.7,160.97,164.11,923054,196.5
2021-05-14,164.11,166.14,164.11,165.33,1062441,197.96
2021-05-17,165.58,166.28,164.79,165.59,691503,198.27
2021-05-18,165.25,166.88,164.6,166.2,1390709,199
2021-05-19,165.37,165.37,162.54,164.26,2090916,196.67
2021-05-20,163.7,167.25,163.29,166.94,1486686,199.88
2021-05-21,167.47,168.71,166.67,167.38,1193558,200.41
2021-05-24,168.41,170.75,168.24,169.88,1021993,203.4
2021-05-25,170,171.11,169.22,170.71,1254868,204.4
2021-05-26,170.54,172.03,169.68,171.11,1131829,204.87
2021-05-27,171.77,171.87,169.96,170.44,1606168,204.07
2021-05-28,171.09,173.21,170.4,172.83,1348527,206.94
2021-06-01,173.37,176.02,172.55,175.96,1082019,210.68
2021-06-02,177.09,178.45,175.82,177.69,1462326,212.75
2021-06-03,178.2,178.28,176.99,177.98,1186303,213.1
2021-06-04,177.69,178,176.1,176.85,986747,211.75
2021-06-07,177.31,178.91,176.62,177.18,1234034,212.14
2021-06-08,176.88,178.57,176.07,176.25,1731750,211.03
2021-06-09,176.98,177.41,175.64,176.02,2348701,210.76
2021-06-10,175.99,180.94,175.07,179.28,3299244,214.66
2021-06-11,179.11,179.67,177.73,179.26,1610556,214.64
2021-06-14,177.95,178.91,177.4,178.91,662779,214.21
2021-06-15,178.49,178.49,175.71,176.2,665840,210.97
2021-06-16,176.21,177.43,175.01,175.13,1289418,209.69
2021-06-17,175.17,175.8,173.64,175.41,870923,210.02
2021-06-18,175.39,176.08,171.97,172.13,2701208,206.1
2021-06-21,173.1,177.79,172.56,177.14,959300,212.1
2021-06-22,177.21,177.34,175.55,176.71,931926,211.58
2021-06-23,177.01,178.09,175.82,177.65,1263887,212.71
2021-06-24,177.65,178.09,175.97,177.09,887735,212.03
2021-06-25,176.9,178.74,176.69,178.68,1044000,213.94
2021-06-28,178.83,178.83,176.12,177.38,794380,212.38
2021-06-29,176.93,178.88,176.72,176.97,1072733,210.31
2021-06-30,176.73,178.24,174.97,175.61,1100804,208.69
2021-07-01,175.9,178.67,175.16,177.14,808848,210.51
2021-07-02,177.47,178.99,177.47,177.83,591935,211.33
2021-07-06,177.76,179.99,176.22,179.7,808101,213.55
2021-07-07,179.85,181.97,178.69,181.53,796515,215.73
2021-07-08,180.45,183.2,179.91,182.83,698244,217.27
2021-07-09,184.22,186.04,182.88,185.83,838717,220.83
2021-07-12,185.83,188.84,185.44,188.47,771360,223.97
2021-07-13,188.08,188.24,185.43,186.15,403129,221.22
2021-07-14,186.81,188.75,186.42,188.55,425318,224.07
2021-07-15,187.93,189.59,187.74,189.28,730991,224.93
2021-07-16,190.38,191.15,189.48,190.07,722898,225.87
2021-07-19,187.82,189.54,186.1,187.8,772132,223.17
2021-07-20,188.86,193.08,188.47,192.48,710128,228.74
2021-07-21,192.86,194.05,191.78,192.01,689342,228.18
2021-07-22,191.05,191.11,188.52,188.87,1002724,224.45
2021-07-23,188.88,190.98,188.64,190.85,856039,226.8
2021-07-26,190.31,191.7,189.55,190.34,396291,226.2
2021-07-27,190.34,193.1,189.29,192.1,525017,228.28
2021-07-28,192.15,193.12,191.09,191.4,680456,227.45
2021-07-29,191.48,195.44,191.48,193.48,452460,229.92
2021-07-30,194.38,195.83,191.65,191.72,1003285,227.83
2021-08-02,193.3,195.13,191.44,192.54,687939,228.81
2021-08-03,192.89,192.9,190.41,192.62,413991,228.9
2021-08-04,192.7,193.26,191.11,191.76,452140,227.88
2021-08-05,193.08,193.64,190.82,192.86,379022,229.19
2021-08-06,193.54,193.54,191.55,192.63,362076,228.92
2021-08-09,192.39,192.41,190.47,191.47,453775,227.54
2021-08-10,191.46,191.53,187.42,187.47,763851,222.78
2021-08-11,188.49,188.88,186.44,186.98,693822,222.2
2021-08-12,187.63,188.28,186.58,187.06,469756,222.3
2021-08-13,187.71,189.5,187.07,188.96,445497,224.55
2021-08-16,188.63,190.78,187.67,189.43,517495,225.11
2021-08-17,188.4,189.63,187.06,188.99,374019,224.59
2021-08-18,188.37,189.12,186.65,187.54,422056,222.87
2021-08-19,186.43,189.01,185.69,188.45,465912,223.95
2021-08-20,188.04,189.95,186.86,189.02,550961,224.63
2021-08-23,189.54,190.1,186.85,187.78,390087,223.15
2021-08-24,187.86,187.86,185.39,186.63,468801,221.79
2021-08-25,186.43,188.73,185.52,187.03,465810,222.26
2021-08-26,188.07,189.27,187.2,188.82,514382,224.39
2021-08-27,189.74,190.86,189.01,189.86,310011,225.62
2021-08-30,189.91,192.25,189.18,192.04,536624,228.22
2021-08-31,191.47,193.28,190.81,193.19,856809,229.58
2021-09-01,192.86,195.81,192.15,195.73,670881,232.6
2021-09-02,195.75,196.45,193.89,196.08,1011167,233.02
2021-09-03,195.56,196.47,193.49,195.94,586199,232.85
2021-09-07,195.44,195.44,190.44,191.51,774363,227.59
2021-09-08,190.78,195.02,190.34,193.95,502318,230.49
2021-09-09,193.35,193.59,190.12,190.18,589695,226
2021-09-10,190.93,190.93,188.01,188.11,577588,223.55
2021-09-13,190.07,191.29,187.8,188.25,707870,223.71
2021-09-14,189.29,189.85,187.5,188.74,345436,224.29
2021-09-15,188.8,190.43,188.22,189.12,614515,224.75
2021-09-16,188.93,189.73,186.98,188.22,698898,223.68
2021-09-17,187.08,188.45,184.54,185.03,1646039,219.89
2021-09-20,183.55,186.04,182.36,185.53,630944,220.48
2021-09-21,186.82,188.38,185.67,185.73,469409,220.71
2021-09-22,187.47,189.09,187.19,188.06,745835,223.48
2021-09-23,189.34,192.97,189.09,191.25,913746,227.27
2021-09-24,191.38,193.66,190.16,190.52,899501,226.41
2021-09-27,190.93,192.07,186.33,186.52,577460,221.66
2021-09-28,185.3,187.69,184.03,186.94,650006,222.15
2021-09-29,188.03,191.28,187.55,189.33,551333,225
2021-09-30,189.49,190.57,186.4,186.51,743399,221.64
2021-10-01,188.03,189.92,185.42,188.8,405686,222.76
2021-10-04,188.08,191.09,188.08,190.53,650157,224.79
2021-10-05,191.32,191.47,188.72,190.25,1075906,224.46
2021-10-06,189.64,192.36,186.43,191.85,519454,226.35
2021-10-07,193.17,193.78,190.95,191.58,522281,226.04
2021-10-08,191.67,191.9,189.36,189.73,299583,223.85
2021-10-11,190.27,190.82,187.88,189.69,333837,223.81
2021-10-12,191.16,192.66,188.75,191.97,437294,226.5
2021-10-13,191.38,193.61,190.23,193.5,437343,228.3
2021-10-14,194.53,197.28,194.31,196.97,479520,232.39
2021-10-15,198.33,198.33,194.12,195.47,601701,230.63
2021-10-18,194.29,195.97,193.75,194.94,596567,230
2021-10-19,195.63,195.74,192.66,193.67,518155,228.5
2021-10-20,194.07,197.59,193.67,197.48,489945,233
2021-10-21,197.48,197.75,195.82,196.64,503427,232.01
2021-10-22,197.25,198.85,196.74,197.28,417410,232.76
2021-10-25,197.17,197.29,197.17,197.29,62070,232.77
2021-10-26,197.52,199.87,196.21,198.68,404956,234.41
2021-10-27,199.18,202.15,198.02,200.56,676803,236.63
2021-10-28,200.14,204.8,199.23,202.74,846011,239.2
2021-10-29,202.07,203.3,200.05,200.6,1182898,236.68
2021-11-01,201.15,201.15,195.57,199.26,641357,235.1
2021-11-02,200.47,200.96,198.22,199.69,699591,235.6
2021-11-03,200.48,200.97,198.49,200.65,932545,236.73
2021-11-04,200.68,201.63,196.17,198.09,627786,233.72
2021-11-05,199.77,202.3,198.73,201.59,955193,237.84
2021-11-08,204.05,204.26,199.48,202.04,722909,238.38
2021-11-09,202.3,203.6,201.47,203.53,547184,240.13
2021-11-10,202.99,204.45,202.99,203.72,439070,240.36
2021-11-11,204.03,204.34,202.35,204.28,596040,241.02
2021-11-12,204.54,205.25,203.09,204.27,489852,241.01
2021-11-15,204.31,208.05,203.74,208.02,464621,245.43
2021-11-16,208.02,208.42,204.42,205.02,552616,241.89
2021-11-17,204.13,206.83,199.37,206.72,708206,243.9
2021-11-18,206.89,208.79,205.82,208.6,622788,246.12
2021-11-19,208.65,208.65,204.73,205.12,614056,242.01
2021-11-22,205.29,205.54,201.97,202.04,807904,238.38
2021-11-23,202.7,206.46,201.15,205.73,862254,242.73
2021-11-24,205.51,209.73,205.34,209.23,371796,246.86
2021-11-26,206.07,206.85,201.63,202.9,439443,239.39
2021-11-29,204.77,206.29,202.82,204.08,1193941,240.78
2021-11-30,203.1,204.87,201.88,202.46,1660229,238.87
2021-12-01,204.48,204.48,194.94,195.03,1489137,230.1
2021-12-02,196.49,202.73,195.57,202.08,1180538,238.42
2021-12-03,202.69,203.15,199.87,201.69,969304,237.96
2021-12-06,203.96,207.48,203.46,204.15,640637,240.86
2021-12-07,204.48,206.64,201.48,204.46,1837940,241.23
2021-12-08,204.61,209.06,203.88,208.04,1122643,245.46
2021-12-09,207.49,208.1,205.31,205.55,686123,242.52
2021-12-10,208.55,208.55,205.79,207.54,825231,244.87
2021-12-13,207.5,211.37,206.22,210.26,753105,248.07
2021-12-14,210.13,210.55,205.42,207.01,798935,244.24
2021-12-15,207.88,211.71,207.5,210.96,1034945,248.9
2021-12-16,211.09,212.09,206.96,208.43,1290156,245.91
2021-12-17,208.5,210.61,206.75,207.26,2093829,244.53
2021-12-20,205.45,207.4,203.47,204.73,1016842,241.55
2021-12-21,205.87,209.54,205.58,207.8,648373,245.17
2021-12-22,207.59,210.12,207.54,209.5,357047,247.18
2021-12-23,209.78,210.42,207.34,208.31,535367,245.77
2021-12-27,209.04,211.8,207.73,211.64,471189,249.7
2021-12-28,211.15,213.1,210.97,212.24,449098,250.41
2021-12-29,212.86,214.82,210.67,214.05,445032,252.55
2021-12-30,214.09,215.44,213.13,214.31,633068,251.26
2021-12-31,214.45,217.17,214.45,215.44,604710,252.59
2022-01-03,218.28,218.28,212.14,215.47,720753,252.62
2022-01-04,215.85,219.65,215.85,217.6,748926,255.12
2022-01-05,217.13,217.81,213.67,214.22,1034920,251.15
2022-01-06,214.93,216.43,213.3,214.88,687667,251.93
2022-01-07,213.83,214.33,212.05,212.27,693366,248.87
2022-01-10,211.96,213.36,210.16,212.07,849257,248.64
2022-01-11,212.26,213.34,209.22,212.56,615443,249.21
2022-01-12,212.6,214.37,212.13,213.85,529693,250.72
2022-01-13,214.03,215.79,213.64,214.15,508857,251.07
2022-01-14,213.93,213.93,209.73,212.11,721988,248.68
2022-01-18,212.71,212.72,208.38,211.51,995840,247.98
2022-01-19,212.33,213.28,209.6,209.8,903563,245.97
2022-01-20,209.78,212.04,207.21,207.58,999175,243.37
2022-01-21,208.92,209.75,205.23,206.41,756476,242
2022-01-24,204.71,205.33,200.16,205.04,276205,240.39
2022-01-25,202.63,206.74,199.54,205.98,1372343,241.5
2022-01-26,205.99,210.41,203.54,205.13,736570,240.5
2022-01-27,206.85,208.3,202.27,202.33,1153410,237.21
2022-01-28,202.37,207.92,199.6,207.57,998357,243.36
2022-01-31,206.7,208.88,204.92,208.31,1737061,244.23
2022-02-01,208.3,209.41,206.35,208.53,667286,244.48
2022-02-02,208.57,215.59,208.07,214.63,1139845,251.63
2022-02-03,212.09,215.87,209.15,213.41,784764,250.21
2022-02-04,212.2,213.93,209,210.93,779054,247.3
2022-02-07,210.64,212.81,208.17,208.43,675596,244.37
2022-02-08,209.52,209.58,204.48,205.12,835326,240.49
2022-02-09,206.87,212.75,206.87,212.17,776880,248.75
2022-02-10,209.73,212.15,204.97,206.41,957768,242
2022-02-11,207.56,208.06,203.49,205.28,916671,240.67
2022-02-14,205.58,206.88,201.98,203.13,635150,238.15
2022-02-15,204.36,205.97,203.57,204.67,644472,239.96
2022-02-16,205.13,205.24,201.95,204.59,609117,239.87
2022-02-17,203.23,204.13,200.65,201.41,511828,236.14
2022-02-18,202.15,203.57,200.3,200.52,1828484,235.09
2022-02-22,200.44,202.76,199.42,201.51,728839,236.25
2022-02-23,201.8,204.41,199.72,199.91,859387,234.38
2022-02-24,196.85,202.48,195.32,201.61,869410,236.37
2022-02-25,202.84,208.3,201.74,208.16,817280,244.05
2022-02-28,204.77,207.14,200.87,203.5,1199778,238.59
2022-03-01,203.87,204.51,198.48,199.74,913937,234.18
2022-03-02,201.36,206.44,199.81,205.29,968598,240.68
2022-03-03,206.46,207.96,204.53,207.35,986897,243.1
2022-03-04,205.17,210.99,205.17,210.97,919377,247.34
2022-03-07,211.03,213.13,208.57,208.61,845866,244.58
2022-03-08,208.73,208.73,204.66,204.66,72491,239.95
2022-03-09,208.33,210.37,206.98,208.51,592611,244.46
2022-03-10,206.37,208.59,205.2,208.13,523348,244.02
2022-03-11,209.64,210.66,205.25,205.66,531283,241.12
2022-03-14,206.41,207.84,203.24,204.13,482291,239.32
2022-03-15,206.06,206.48,202.33,204.89,624144,240.22
2022-03-16,205.99,208.81,202.87,207.27,769918,243.01
2022-03-17,205.93,209.8,205.79,209.8,661850,245.97
2022-03-18,211.53,211.53,208.1,209.29,1579077,245.38
2022-03-21,209.96,211.07,207.35,208.83,576204,244.83
2022-03-22,209.83,210.57,206.1,207.32,746344,243.07
2022-03-23,207.49,207.49,205.06,205.93,548177,241.44
2022-03-24,205.29,207.56,205.13,207.43,478665,243.2
2022-03-25,208.62,211.01,207.78,210.88,628524,247.24
2022-03-28,211.45,213.46,210,213.23,640702,249.99
2022-03-29,215.34,220.95,215.34,220.28,1263250,258.26
2022-03-30,219.46,219.46,214.5,216.23,753939,251.95
2022-03-31,216.63,217.76,212.99,213.16,1184287,248.37
2022-04-01,214.08,218.43,213.71,218.37,587495,254.44
2022-04-04,218.01,219.29,213.56,215.42,515174,251.01
2022-04-05,214.83,218.3,213.03,214.08,734659,249.44
2022-04-06,214.05,218.88,211.61,218.8,678766,254.95
2022-04-07,212.5,214.93,211.15,213.99,2149080,249.34
2022-04-08,213.7,215.1,212.26,214.22,848005,249.61
2022-04-11,214.56,215.08,210.06,211.34,1445889,246.25
2022-04-12,211.17,213.03,209.84,211.53,811910,246.48
2022-04-13,211.53,213.08,210.6,212.51,667443,247.62
2022-04-14,213.34,214.11,211.27,211.65,770896,246.61
2022-04-18,211.59,213.26,208.12,209.45,971475,244.05
2022-04-19,210.99,213.3,210.75,211.91,726928,246.92
2022-04-20,212.59,218.05,212.53,217.56,1165723,253.5
2022-04-21,219.05,222.12,217.95,219.71,1312747,256.01
2022-04-22,219.85,219.85,215.15,215.29,1010204,250.85
2022-04-25,215.4,215.4,211.14,213.2,1249402,248.42
2022-04-26,212.87,214.82,209.37,209.71,980706,244.35
2022-04-27,209.58,210.99,206.44,206.64,728981,240.78
2022-04-28,205.06,207.51,202.97,205.54,812965,239.5
2022-04-29,203.7,204.79,194.72,195.23,1775106,227.48
2022-05-02,196.09,197.13,186.21,189.8,1482303,221.15
2022-05-03,190.65,192.34,188.69,190.9,975929,222.44
2022-05-04,190.89,191.41,184.99,190.94,976395,222.48
2022-05-05,191.07,191.46,183.94,185.99,1215234,216.72
2022-05-06,183.89,184.61,179.86,182.31,1294185,212.43
2022-05-09,181.09,181.09,173.71,174.84,1242032,203.72
2022-05-10,176.19,177.16,170.79,171.72,1302941,200.09
2022-05-11,172.4,177.53,172.15,174.63,1257513,203.48
2022-05-12,174.65,175.93,173.39,175.15,1276089,204.09
2022-05-13,176.47,178.09,174.89,177.83,784958,207.21
2022-05-16,178.18,178.98,175.58,175.81,685416,204.85
2022-05-17,177.47,178.45,174.54,178.37,1142960,207.84
2022-05-18,178.21,179.16,172.23,172.98,987624,201.56
2022-05-19,171.51,173.16,169.6,171.1,794916,199.36
2022-05-20,172.79,172.97,169.84,172.46,1045021,200.95
2022-05-23,174.36,175.59,170.86,175.24,666051,204.19
2022-05-24,175.09,176.37,171.79,175.94,573282,205.01
2022-05-25,174.98,176.47,173.77,175.88,658942,204.94
2022-05-26,176.96,177.98,176.09,176.32,732119,205.45
2022-05-27,177.04,181.36,176.34,181.01,792569,210.91
2022-05-31,179.43,179.85,177.22,178.48,1688083,207.96
2022-06-01,178.71,179.24,174.35,178.14,629308,207.57
2022-06-02,178.17,179.61,175.33,179.34,681337,208.97
2022-06-03,178.24,178.75,175.72,175.95,763927,205.02
2022-06-06,177.13,177.13,171.42,172.33,883926,200.8
2022-06-07,171.64,176,170.65,175.81,690985,204.85
2022-06-08,174.14,175.35,170.46,172.07,826702,200.49
2022-06-09,171.57,171.98,167.09,167.24,811673,194.87
2022-06-10,165.41,168.55,163.79,166.87,995611,194.44
2022-06-13,163.82,164.8,159.47,160.28,1297756,186.76
2022-06-14,160.94,162.12,158.14,158.93,1130912,185.19
2022-06-15,160.32,163.26,159.08,160.99,755637,187.58
2022-06-16,157.78,160.67,157.36,159.96,824947,186.39
2022-06-17,160.37,164.76,160.35,163.91,3039698,190.99
2022-06-21,164.56,168.42,164.08,164.26,1215528,191.4
2022-06-22,163.16,166.88,162.57,164.68,843308,191.89
2022-06-23,165.09,168.86,165.09,168.63,769975,196.49
2022-06-24,168.71,169.08,166.72,167.48,1441787,195.15
2022-06-27,166.86,173.11,166.52,170.59,1240678,198.77
2022-06-28,170.86,173.46,168.73,169.12,574518,197.06
2022-06-29,168.63,169.2,167.46,168.78,485957,195.08
2022-06-30,167.36,170.9,166.06,168.07,1084823,194.25
2022-07-01,167.82,170.22,166.8,169.8,1114072,196.25
2022-07-05,168.81,168.81,163.27,168.03,983674,194.21
2022-07-06,168.82,170.28,166.9,167.87,701574,194.02
2022-07-07,168.41,169.14,166.03,166.63,1343962,192.59
2022-07-08,166.28,166.83,163.99,164.87,890826,190.56
2022-07-11,164.22,165.58,163.8,164.86,752666,190.55
2022-07-12,163.55,167.25,163.55,165.55,706801,191.34
2022-07-13,164.18,165.64,161.99,164.86,566865,190.55
2022-07-14,161.89,164.66,161.89,163.64,664977,189.14
2022-07-15,166.27,167.55,164.65,166.8,671303,192.79
2022-07-18,167.45,167.46,164.76,165.46,669282,191.24
2022-07-19,166.86,169.41,165.9,169.11,542669,195.46
2022-07-20,168.64,170.53,167.53,168.39,520838,194.63
2022-07-21,168.15,169.76,167.01,169.62,649317,196.05
2022-07-22,170.39,172.63,169.59,171.53,517796,198.25
2022-07-25,171.12,173.07,170.46,170.91,685123,197.54
2022-07-26,170.85,172.35,169.97,170.91,544369,197.54
2022-07-27,171.02,175.11,171.02,174.85,901359,202.09
2022-07-28,175.61,185.02,175.35,183.63,1767133,212.24
2022-07-29,184.23,186.56,183.16,185.1,1083177,213.94
2022-08-01,184.89,184.89,179.3,179.76,967093,207.77
2022-08-02,179.65,181.5,176.25,177,1049077,204.58
2022-08-03,177.81,179.43,174.1,174.81,1132066,202.05
2022-08-04,174.45,176.54,172.69,176.33,799556,203.8
2022-08-05,175.62,177.43,174.23,177.29,535567,204.91
2022-08-08,178.64,180.34,177.76,178.61,404128,206.44
2022-08-09,179.32,182.59,178.66,182.06,699652,210.42
2022-08-10,184.25,185.6,182.81,184.91,554742,213.72
2022-08-11,186.01,188.67,185.67,186.09,781977,215.08
2022-08-12,187.37,188.95,186.98,188.75,432584,218.16
2022-08-15,188.93,190.09,187.1,188.94,377938,218.38
2022-08-16,188.14,190.63,188.14,189.69,363534,219.24
2022-08-17,188.34,190.71,187.91,190.54,478184,220.22
2022-08-18,190.35,190.56,186.4,187.33,538158,216.52
2022-08-19,186.75,187.07,185.13,186,715208,214.98
2022-08-22,184.87,185.15,178.41,181.98,521504,210.33
2022-08-23,181.9,181.9,177.57,178.81,511852,206.67
2022-08-24,179.33,182.06,178.84,181.67,901954,209.97
2022-08-25,182.84,184.74,181.81,184.63,663813,213.39
2022-08-26,184.63,185.98,180.84,181.1,782026,209.32
2022-08-29,180.49,180.49,177.79,177.96,676941,205.68
2022-08-30,178.24,179.01,175,175.73,834343,203.11
2022-08-31,177.06,177.78,173.6,173.83,1407237,200.91
2022-09-01,172.97,176.64,171.14,176.47,795374,203.96
2022-09-02,176.97,179.2,174.94,175.21,794119,202.51
2022-09-06,176.42,179.57,176.11,179.21,647379,207.13
2022-09-07,179.28,182.25,179.28,182.08,662838,210.45
2022-09-08,181.08,183.81,180.97,183.28,452277,211.83
2022-09-09,183.61,186.49,182.09,185.55,633975,214.46
2022-09-12,186.24,186.98,184.94,185.34,1032823,214.22
2022-09-13,182.28,183.28,179.32,179.83,908061,207.85
2022-09-14,179.12,179.49,175.07,177.44,748920,205.08
2022-09-15,177.44,177.66,174.1,174.18,520248,201.32
2022-09-16,174.61,175.08,171.86,174.75,2128266,201.98
2022-09-19,172.9,173.04,169.16,172.72,713460,199.63
2022-09-20,171.14,171.14,165.12,166.88,948479,192.88
2022-09-21,168.26,168.74,163.48,163.5,778380,188.97
2022-09-22,163.43,164.01,161.51,163.07,899675,188.48
2022-09-23,161.33,166.03,161.11,163.37,793110,188.82
2022-09-26,162.6,162.6,157.73,159.36,858385,184.19
2022-09-27,160.51,161.09,156.97,157.29,854862,181.8
2022-09-28,159.09,161.91,157.18,161.28,892101,186.41
2022-09-29,159.69,160.72,157.08,158.39,802786,181.5
2022-09-30,159.92,161.8,158.44,160.73,1406380,184.19
2022-10-03,162.87,163.6,160.72,162.85,764884,186.62
2022-10-04,163.66,165.64,162,164.2,924083,188.16
2022-10-05,161.85,162.11,157.25,159.27,749694,182.51
2022-10-06,158.96,159.42,154.56,155.01,789544,177.63
2022-10-07,153.54,154.3,149.23,150.34,838370,172.28
2022-10-10,151.21,151.54,149.01,149.1,771054,170.86
2022-10-11,149.37,152.91,148.25,152.46,744453,174.71
2022-10-12,152.18,152.18,149.01,149.81,1013659,171.67
2022-10-13,147.65,153.94,146.65,153.47,828280,175.87
2022-10-14,155.43,155.89,147.82,147.98,833150,169.58
2022-10-17,150.94,153.42,150.14,153.04,1147219,175.38
2022-10-18,155.41,157.81,153.6,155.12,706750,177.76
2022-10-19,153.12,153.86,149.74,151.27,656784,173.35
2022-10-20,151.9,153.28,149.99,150.12,1146161,172.03
2022-10-21,150.5,152.7,148.48,152.62,844750,174.89
2022-10-24,153.67,154.66,150.74,151.14,932300,173.2
2022-10-25,152.03,156.1,152.01,156.03,702105,178.8
2022-10-26,155.77,156.85,151.59,152.33,1185029,174.56
2022-10-27,153.05,154.35,149.18,150.39,1293284,172.34
2022-10-28,149.33,153.5,148.61,153.24,1265015,175.6
2022-10-31,152.28,153.87,151.53,152.82,1104186,175.12
2022-11-01,153.82,154.98,152.57,152.97,855955,175.29
2022-11-02,152.24,154.07,149.31,149.38,1147696,171.18
2022-11-03,148.21,150.25,145.27,148.44,938719,170.1
2022-11-04,143.5,146.97,140.17,145.99,1967744,167.29
2022-11-07,143.51,145.98,140.23,141.39,1349150,162.02
2022-11-08,142.42,142.49,139.62,140.54,907206,161.05
2022-11-09,140.62,141.33,138.18,138.73,1011864,158.98
2022-11-10,144.59,150.06,144.42,149.94,1099511,171.82
2022-11-11,149.67,150.12,145.62,145.83,753179,167.11
2022-11-14,145.68,148.79,144.62,145.21,1711601,166.4
2022-11-15,147.14,148,145.47,147.45,1070708,168.97
2022-11-16,147.16,148.15,144.86,144.93,754793,166.08
2022-11-17,142.97,145.13,142.63,144.1,612679,165.13
2022-11-18,146.07,147.97,145.69,147.64,1210768,169.19
2022-11-21,147.2,149.62,146.17,147.21,813804,168.69
2022-11-22,147.91,148.04,146.52,147.39,478270,168.9
2022-11-23,146.8,148.27,145.68,147.06,559726,168.52
2022-11-25,147.69,148.56,147.58,148.4,220012,170.06
2022-11-28,147.81,150.14,146.29,146.67,1788230,168.07
2022-11-29,146.44,149.28,146.02,149.04,707778,170.79
2022-11-30,148.09,152.69,147.17,152.63,1176259,174.9
2022-12-01,154,155.05,150.43,152,706175,174.18
2022-12-02,149.09,151.04,148.86,150.59,734420,172.57
2022-12-05,149.18,150.63,148.02,148.61,919057,170.3
2022-12-06,149.28,149.29,144.96,145.64,599040,166.89
2022-12-07,145.38,148.53,145.38,146.58,1021672,167.97
2022-12-08,146,149.51,145.93,148,666829,169.6
2022-12-09,147.77,149.47,147.63,147.98,483744,169.58
2022-12-12,147.63,149.71,145.65,149.7,680930,171.55
2022-12-13,154.05,154.25,149.37,151.32,791362,173.4
2022-12-14,151.6,153.02,149.05,150.17,715984,172.08
2022-12-15,148.42,149.54,146.52,147.29,1083458,168.79
2022-12-16,144.71,145.62,141.41,143.99,2021795,165
2022-12-19,143.81,143.81,139.97,141.56,783887,162.22
2022-12-20,140.93,141.21,139.35,140.68,642858,161.21
2022-12-21,141.99,142.99,140.83,141.69,718998,162.37
2022-12-22,140.71,141.88,139.18,141.24,650339,161.85
2022-12-23,141.22,142.35,140.02,142.27,396378,163.03
2022-12-27,142.63,142.9,140.82,142.07,455981,162.8
2022-12-28,142.42,143.13,140.13,140.57,420863,161.08
2022-12-29,141.89,143.77,140.8,143.35,839913,162.65
2022-12-30,142.64,143.1,140.63,142.36,613080,161.52
2023-01-03,143.04,144.27,140.63,142.34,646025,161.5
2023-01-04,142.69,146.05,142.22,144.82,539808,164.32
2023-01-05,143.32,143.82,138.98,139.24,890106,157.98
2023-01-06,139.51,144.61,139.26,144.21,586456,163.63
2023-01-09,143.83,145.46,142.48,143.19,1787280,162.47
2023-01-10,142.8,144.16,142.46,143.65,661323,162.99
2023-01-11,144.95,150.01,144.78,149.72,764188,169.88
2023-01-12,150.6,151.08,148.52,150.07,650856,170.27
2023-01-13,148.36,149.7,147.1,147.93,555004,167.85
2023-01-17,149.37,151.11,148.37,149.84,736211,170.01
2023-01-18,150.1,150.64,147.4,148.64,1061054,168.65
2023-01-19,147.97,150.45,147.74,148.68,879484,168.7
2023-01-20,148.71,150.33,147.15,150.14,1568373,170.35
2023-01-23,151.05,151.55,149.49,150.15,715883,170.36
2023-01-24,151.32,153.2,149.73,152.55,454345,173.09
2023-01-25,152.35,153.5,151.75,152.79,802115,173.36
2023-01-26,153.42,154.91,152.44,152.87,681854,173.45
2023-01-27,152.76,157.36,152.76,156.46,835600,177.52
2023-01-30,155.26,156.37,152.61,152.71,554495,173.27
2023-01-31,152.56,156.39,152.53,156.39,1746583,177.44
2023-02-01,155.45,157.69,153.97,156.9,762839,178.02
2023-02-02,158.64,163.74,158.46,162.61,1058850,184.5
2023-02-03,159.52,159.8,157.14,158.86,935375,180.25
2023-02-06,157.19,158.18,156.03,157.58,750562,178.79
2023-02-07,156.2,159.31,155.55,158.39,652151,179.71
2023-02-08,157.2,160.77,156.96,160.05,1064666,181.6
2023-02-09,162.58,162.67,157.6,158.97,881444,180.37
2023-02-10,158.36,159.21,156.82,158.89,793688,180.28
2023-02-13,159.01,161.28,159,159.69,1215543,181.19
2023-02-14,159.63,160.84,157.77,158.71,990499,180.08
2023-02-15,157.89,159.66,157.36,159.65,621528,181.14
2023-02-16,157.69,160.9,156.98,158.75,766921,180.12
2023-02-17,158.75,158.75,155.5,158,2510018,179.27
2023-02-21,157.78,157.78,154.34,154.99,746818,175.86
2023-02-22,155.76,156.9,154.75,155.63,732607,176.58
2023-02-23,156.38,157.7,154.86,156.73,577454,177.83
2023-02-24,154.77,155.43,153.2,154.24,737262,175
2023-02-27,155.96,156.24,152.07,152.68,623564,173.24
2023-02-28,152.52,154.44,151.95,152.05,945496,172.52
2023-03-01,150.77,151.64,146.72,148.25,614362,168.21
2023-03-02,147.21,150.01,146.63,149.56,697365,169.69
2023-03-03,150.71,153.03,150.46,152.19,759160,172.68
2023-03-06,153.3,154.43,152.83,153.97,539984,174.7
2023-03-07,153.89,153.98,150.13,150.49,676632,170.75
2023-03-08,150.33,154.09,150.33,153.09,550288,173.7
2023-03-09,153.31,153.96,150.59,150.69,1030492,170.98
2023-03-10,150.71,151.7,144.26,145.89,1079047,165.53
2023-03-13,145.42,149.85,144.94,148.4,874595,168.38
2023-03-14,150.65,151.58,148.69,150.01,1218660,170.21
2023-03-15,148.87,150.72,147.04,149.77,727308,169.93
2023-03-16,148.98,148.98,144.79,145.83,930707,165.46
2023-03-17,145.72,146.06,142.11,142.35,1099324,161.51
2023-03-20,142.43,143.68,141.29,143.36,709882,162.66
2023-03-21,144.06,144.54,140.41,141.97,879576,161.08
2023-03-22,140.57,141.5,137.15,137.31,847528,155.79
2023-03-23,137.55,139.04,135.75,135.79,735239,154.07
2023-03-24,135.02,139.07,134.91,139.01,679886,157.73
2023-03-27,139.93,141.22,139.52,139.79,803100,158.61
2023-03-28,138.54,140.47,137.96,138.65,805300,157.32
2023-03-29,141.09,143.17,140.64,142.95,814555,162.2
2023-03-30,144.71,145.94,144.49,145.37,520667,163.26
2023-03-31,146.18,149.84,146.18,149.64,1381410,168.06
2023-04-03,149.82,151.66,148.34,148.77,1225028,167.08
2023-04-04,149.25,149.74,146.19,148.07,1206241,166.29
2023-04-05,147.74,149.24,147.45,148.09,1099927,166.32
2023-04-06,149.34,149.77,147.45,149.76,544583,168.19
2023-04-10,149.59,150.37,148.37,150.14,842029,168.62
2023-04-11,149.96,152.81,149.86,151.64,867631,170.3
2023-04-12,153.03,154.36,151.2,151.45,1056680,170.09
2023-04-13,151.52,152.41,149.73,151.43,857231,170.07
2023-04-14,151.81,152.65,149.7,151.24,836098,169.86
2023-04-17,151.53,154.96,151.24,154.95,1425650,174.02
2023-04-18,154.64,155.54,154.01,154.32,921679,173.32
2023-04-19,153.46,156.12,153.46,156.05,737044,175.26
2023-04-20,155.71,156.23,153.36,154.24,707021,173.23
2023-04-21,155.04,155.04,152.37,154.33,423653,173.33
2023-04-24,154.49,154.64,152.62,154.11,1177459,173.08
2023-04-25,153.5,153.77,152.17,152.78,587916,171.59
2023-04-26,152.16,154.45,151.51,152.31,1164884,171.06
2023-04-27,155.4,158.44,155.03,158.18,1575704,177.65
2023-04-28,159.25,162.92,157.9,160.6,1095332,180.37
2023-05-01,160.99,162.28,160.32,161.76,672543,181.67
2023-05-02,160.89,161.58,156.23,158.71,896303,178.25
2023-05-03,159.85,160.69,158.07,158.31,676621,177.8
2023-05-04,158.17,159.53,156.87,158.73,625618,178.27
2023-05-05,159.13,161.36,158.51,160.05,755666,179.75
2023-05-08,159.01,160.93,158.66,160.59,533176,180.36
2023-05-09,159.25,160.34,157.88,159.67,340135,179.32
2023-05-10,160.99,161.83,159.36,160.41,489296,180.15
2023-05-11,159.23,160.85,158.12,160.59,573819,180.36
2023-05-12,161.05,161.05,158.99,160.43,404234,180.18
2023-05-15,161.07,161.86,158.26,159.08,703475,178.66
2023-05-16,159.08,159.26,156.03,156.07,611211,175.28
2023-05-17,156.63,157.84,155.71,157.75,582350,177.17
2023-05-18,156.85,157.97,155.33,156.65,567946,175.93
2023-05-19,157.98,158.94,156.26,156.92,598165,176.24
2023-05-22,156.88,158.38,156.27,157.35,529468,176.72
2023-05-23,157.49,158.46,155.7,155.95,528052,175.14
2023-05-24,155.55,155.55,152.53,153.19,773535,172.05
2023-05-25,153.93,154.03,151.32,151.79,577245,170.47
2023-05-26,150.72,152.97,149.24,152.91,767580,171.73
2023-05-30,153.67,155.18,152.73,153.8,557523,172.73
2023-05-31,154.22,155.87,153.62,154.91,1204485,173.98
2023-06-01,154.83,157.64,153.21,157.33,783214,176.69
2023-06-02,158.9,161.83,158.86,161.34,702004,181.2
2023-06-05,161.61,163.26,160.82,161.62,683450,181.51
2023-06-06,162.43,163.34,160.8,163.01,463028,183.07
2023-06-07,163.72,166.39,163.04,165.71,452413,186.11
2023-06-08,164.89,166.19,163.15,165.97,606750,186.4
2023-06-09,166.74,168.11,166.21,167.67,696993,188.31
2023-06-12,167.5,167.61,165.9,166.98,619528,187.53
2023-06-13,165.93,168.68,165.6,168.36,525644,189.08
2023-06-14,168.98,170.07,167.89,169.32,723566,190.16
2023-06-15,169.44,169.98,167.78,169.65,599470,190.53
2023-06-16,170.44,171.75,169.88,171.36,1636377,192.45
2023-06-20,170.84,171.03,168.53,169.35,975217,190.2
2023-06-21,168.27,168.81,166.65,168.62,741482,189.38
2023-06-22,168.74,168.74,162.61,164.72,617120,184.99
2023-06-23,164.3,164.5,161.33,161.49,965832,181.37
2023-06-26,160.11,165.76,159.83,165.63,605586,186.02
2023-06-27,166.21,167.77,165.04,167.32,445283,187.91
2023-06-28,166.7,167.97,165.48,166.29,577764,186.76
2023-06-29,166.05,169.35,165.33,168.92,583134,188.04
2023-06-30,170.02,171.11,167.4,170.03,1134304,189.27
2023-07-03,169.36,171.99,169.11,171.13,409505,190.5
2023-07-05,170.61,172.91,168.65,170.82,740672,190.15
2023-07-06,168.88,173.13,165.9,172.85,761554,192.41
2023-07-07,172.05,172.78,171.16,171.65,537417,191.07
2023-07-10,170.8,173.01,170.62,172.76,558942,192.31
2023-07-11,173.48,174.48,172.36,174.43,607290,194.17
2023-07-12,176.51,178.05,174.39,174.57,710735,194.33
2023-07-13,174.57,175.92,173.95,175.82,402593,195.72
2023-07-14,175.86,177.9,175.19,177.79,639832,197.91
2023-07-17,177.29,177.71,173.78,174.34,984953,194.07
2023-07-18,174.78,174.78,171.89,173.42,831000,193.05
2023-07-19,174.43,174.71,172.14,174.66,956558,194.43
2023-07-20,174.98,176.96,173.06,176.78,551066,196.79
2023-07-21,177.06,177.87,176.6,177.31,527708,197.37
2023-07-24,177.42,178.46,176.09,176.51,512178,196.48
2023-07-25,175.85,176.7,172.64,172.89,757575,192.46
2023-07-26,172.71,174.4,170.71,172.26,963437,191.75
2023-07-27,172.62,172.69,166.44,167.43,984343,186.38
2023-07-28,168.82,169.85,165.51,167.21,770320,186.13
2023-07-31,167.49,170.58,167.18,169.47,1542852,188.65
2023-08-01,170.23,170.98,167.66,168.77,801448,187.87
2023-08-02,167.72,169.09,166.51,167.2,828023,186.12
2023-08-03,166.67,166.67,162.02,165.65,880374,184.39
2023-08-04,165.79,168.24,165.33,166.06,615485,184.85
2023-08-07,167.06,169.14,166.16,168.76,574961,187.86
2023-08-08,166.88,167.84,165.39,166.59,563692,185.44
2023-08-09,165.91,167.31,165.47,166.49,454245,185.33
2023-08-10,166.9,169.27,165.98,166.35,371718,185.17
2023-08-11,165.82,168.59,165.69,168.24,426320,187.28
2023-08-14,168.12,168.12,163.97,164.16,676288,182.74
2023-08-15,163.11,163.33,161.36,162.11,495005,180.45
2023-08-16,162.16,162.86,161.16,161.65,461501,179.94
2023-08-17,161.71,163.59,160.79,160.81,604754,179.01
2023-08-18,160,162.04,159.22,161.08,365765,179.31
2023-08-21,161.06,161.31,158.1,159.54,458616,177.59
2023-08-22,160.64,161.43,159.4,159.63,651857,177.69
2023-08-23,160.77,162.33,159.56,162.29,317308,180.65
2023-08-24,162.49,165.7,162.07,162.47,550102,180.86
2023-08-25,163.17,164.51,162.76,163,398729,181.45
2023-08-28,163.53,165.37,163.53,163.76,335949,182.29
2023-08-29,163.77,165.37,163.07,165.22,551835,183.92
2023-08-30,165.98,167.12,165.34,166.34,390439,185.16
2023-08-31,166.44,166.45,164.67,165.13,750542,183.82
2023-09-01,165.82,166.28,162.55,162.91,552052,181.35
2023-09-05,163.09,163.97,161.48,161.5,641244,179.78
2023-09-06,161.34,161.77,159.74,161.14,519344,179.37
2023-09-07,160.8,164.72,160.2,162.8,822646,181.22
2023-09-08,163.13,163.21,160.63,161.05,520847,179.28
2023-09-11,161.57,161.79,160,161.28,435279,179.53
2023-09-12,160.85,162.89,159.45,162.55,482760,180.95
2023-09-13,162.57,163.35,160.84,161.7,481846,180
2023-09-14,163.71,165.29,162.73,164.81,717868,183.46
2023-09-15,164.87,165.78,164.15,165.2,1391250,183.89
2023-09-18,165.36,165.36,162.27,163.48,450917,181.98
2023-09-19,163.77,164.25,162.01,162.82,381350,181.25
2023-09-20,164.29,165.24,163.39,164.11,500289,182.68
2023-09-21,163.26,163.44,161.16,161.26,690029,179.51
2023-09-22,161.23,161.67,159.36,159.58,772506,177.64
2023-09-25,159.02,160.2,158.37,159.54,841442,177.59
2023-09-26,158.15,159.23,156.72,157.18,715331,174.97
2023-09-27,157.59,158.34,153.99,154.91,872291,172.44
2023-09-28,155.39,157.23,155.1,155.36,732780,171.29
2023-09-29,157.37,158.28,154.12,155.77,930182,171.74
2023-10-02,154.92,156.03,151.62,152.46,713782,168.09
2023-10-03,151.06,152.28,150.25,151.84,658050,167.41
2023-10-04,152.99,153.57,150.79,152.65,906193,168.3
2023-10-05,152.41,154.66,152.38,154.43,741682,170.26
2023-10-06,153.2,157.28,151.74,156.01,556822,172
2023-10-09,155.05,158.58,155.05,158.01,438252,174.21
2023-10-10,157.46,159.83,157.35,157.81,558859,173.99
2023-10-11,158.94,161.06,158.41,160.92,794771,177.42
2023-10-12,160.42,160.6,159.03,160.23,461409,176.65
2023-10-13,160.87,161,159.15,160.02,603785,176.42
2023-10-16,161.29,162.18,159.08,161.7,648396,178.28
2023-10-17,160.69,163.06,160.64,162.61,815831,179.28
2023-10-18,161.6,162.15,158.8,159.14,545813,175.45
2023-10-19,158.06,159.99,156.63,156.96,773920,173.05
2023-10-20,158.05,158.19,153.68,153.84,831114,169.61
2023-10-23,152.57,153.98,151.18,151.32,842467,166.83
2023-10-24,152,153.72,151.66,153.56,655267,169.3
2023-10-25,152.44,153.15,149.76,149.82,716610,165.18
2023-10-26,150.69,153.99,149.42,152.18,1336874,167.78
2023-10-27,152.31,153.57,146.92,147.47,1053454,162.59
2023-10-30,149.04,149.87,145.53,147.53,767919,162.65
2023-10-31,148.73,150.4,146.93,150.33,1082075,165.74
2023-11-01,149.87,150.23,146.8,148.63,747066,163.87
2023-11-02,151.06,153.7,150.46,152.31,924209,167.92
2023-11-03,154.96,158.56,154.55,155.39,609351,171.32
2023-11-06,154.2,154.49,151.76,153.4,567975,169.12
2023-11-07,153.69,154.5,151.45,151.83,492834,167.39
2023-11-08,152.39,153.73,151.91,153.28,494176,168.99
2023-11-09,153.74,153.74,150.29,150.9,526130,166.37
2023-11-10,152.2,152.97,150.23,152.56,456976,168.2
2023-11-13,151.36,151.97,149.44,149.92,512018,165.29
2023-11-14,154.28,158.75,153.87,155.89,1245276,171.87
2023-11-15,155.56,157.01,154.86,155.06,701915,170.96
2023-11-16,155.75,156.23,153.8,154.03,670801,169.82
2023-11-17,155.51,155.51,151.81,153.32,832964,169.04
2023-11-20,152.63,155.27,151.11,155.25,1035819,171.17
2023-11-21,154.86,156.17,154.07,154.87,682821,170.75
2023-11-22,156.78,157.1,155.6,156.48,799622,172.52
2023-11-24,156.28,157.25,155.58,157.25,414797,173.37
2023-11-27,156.79,157.33,155.64,155.9,881134,171.88
2023-11-28,155.28,157.45,154.46,156.16,890425,172.17
2023-11-29,158.58,158.85,154.67,154.95,899702,170.83
2023-11-30,154.99,157.05,154.69,156.86,1353370,172.94
2023-12-01,156.82,161.43,156.28,161.4,1174601,177.94
2023-12-04,160.24,162.42,160.24,161.21,1011020,177.74
2023-12-05,160.34,160.89,158.15,159.42,1195948,175.76
2023-12-06,159.86,160.61,158.5,158.72,933798,174.99
2023-12-07,158.94,159.84,157.63,159.07,679019,175.38
2023-12-08,158.73,159.46,157.78,159.41,588550,175.75
2023-12-11,158.67,159.31,157.51,159.1,691802,175.41
2023-12-12,159.36,160.3,158.03,158.57,842118,174.83
2023-12-13,158.46,168.08,158.46,166.87,954614,183.98
2023-12-14,169.76,175.35,169.76,173.64,1794511,191.44
2023-12-15,172.86,172.95,167.88,170.42,1646975,187.89
2023-12-18,170.52,172.89,169.48,172.19,844404,189.84
2023-12-19,172.74,173.69,170.19,171.97,834750,189.6
2023-12-20,171.97,172.63,168.78,168.89,902594,186.2
2023-12-21,170.4,170.75,168.3,169.3,841425,186.65
2023-12-22,170.39,171.84,169.61,169.88,627118,187.29
2023-12-26,169.7,171.25,169.7,170.73,700356,188.23
2023-12-27,170.96,171.99,170.14,171.87,637962,189.49
2023-12-28,171.37,173.55,171.15,173.48,538947,189.6
2023-12-29,172.73,173.46,171.2,171.3,800716,187.22
2024-01-02,169.98,172.26,169.97,172.17,758582,188.17
2024-01-03,170.99,170.99,167.29,167.71,1105224,183.29
2024-01-04,167.42,168.88,166.77,167.98,661553,183.59
2024-01-05,166.2,168.66,166.11,167.14,678116,182.67
2024-01-08,166.6,169.4,166.6,168.85,814818,184.54
2024-01-09,167.19,168.58,166.21,167.54,787561,183.11
2024-01-10,168.44,168.81,167.4,168.09,800021,183.71
2024-01-11,166.99,168.48,166.33,167.21,1018770,182.75
2024-01-12,169,169.87,166.79,167.02,1002650,182.54
2024-01-16,166.18,166.77,164.08,164.83,862734,180.15
2024-01-17,162.36,165.21,160.21,163.22,1353840,178.38
2024-01-18,162.67,163.75,161.17,162.41,986071,177.5
2024-01-19,162.41,165.53,161.96,165.09,1046564,180.43
2024-01-22,165.58,166.75,163.9,165.81,701690,181.22
2024-01-23,166.08,166.55,162.95,164.32,639449,179.59
2024-01-24,165.64,165.64,160.92,161.07,908929,176.03
2024-01-25,162.67,162.97,160.51,161.15,1041741,176.12
2024-01-26,161.98,162.55,160.46,162.41,789952,177.5
2024-01-29,162.49,163.86,161.7,163.12,667435,178.28
2024-01-30,162.43,164.32,161.98,163.27,709419,178.44
2024-01-31,164.77,167.2,162.72,163.79,1542473,179.01
2024-02-01,157.66,163.49,157.38,163.01,1716180,178.15
2024-02-02,161.05,162.12,158.58,160.18,1446399,175.06
2024-02-05,158.13,158.66,155.43,155.54,874887,169.99
2024-02-06,155.55,158.27,155.55,158.06,1291410,172.75
2024-02-07,158.2,159.03,156.42,158.68,995481,173.42
2024-02-08,158.52,159.92,158.17,159.69,818525,174.53
2024-02-09,159.35,159.78,158.46,159.78,799582,174.63
2024-02-12,160.01,160.74,158.69,159.54,625706,174.36
2024-02-13,157.01,157.63,154.97,157.48,825455,172.11
2024-02-14,158.32,159.5,157.52,158.48,830422,173.21
2024-02-15,158.79,162.85,158.79,162.68,673489,177.8
2024-02-16,160.96,162.75,160.66,162.06,627630,177.12
2024-02-20,161.33,163.01,160.22,161.35,738619,176.34
2024-02-21,161.67,163.52,161.29,163.11,543654,178.27
2024-02-22,163.15,163.23,161.07,161.15,818103,176.12
2024-02-23,161.03,161.39,160.16,160.49,601353,175.4
2024-02-26,160.64,161.71,158.29,158.86,581665,173.62
2024-02-27,159.95,161.04,158.99,159.55,735932,174.37
2024-02-28,158.57,162.5,158.16,161.38,750482,176.37
2024-02-29,162.81,163.68,161,161.98,1445944,177.03
2024-03-01,161.07,163.31,159.62,163,832846,178.14
2024-03-04,163.48,169.54,163.22,169.43,910916,185.17
2024-03-05,168.46,169.68,167.27,168.12,729913,183.74
2024-03-06,169.12,169.13,167.12,168.58,778060,184.24
2024-03-07,169.36,170.56,168.25,169.3,665124,185.03
2024-03-08,170.53,171.14,168.68,171.06,781868,186.95
2024-03-11,171.06,171.4,168.93,168.99,507611,184.69
2024-03-12,168.31,169.67,166.93,168.2,578858,183.83
2024-03-13,168.39,171.03,168.32,170.41,742281,186.24
2024-03-14,169.59,169.59,165.55,166.88,648999,182.38
2024-03-15,164.65,168.8,164.65,168.19,1318304,183.82
2024-03-18,168.4,168.96,166.64,167.03,839632,182.55
2024-03-19,167.33,167.87,165.93,166.67,386792,182.16
2024-03-20,165.44,168.49,164.59,168.06,751152,183.68
2024-03-21,168.83,170.39,167.6,169.08,570231,184.79
2024-03-22,169.37,169.64,167.16,167.6,544585,183.17
2024-03-25,168.53,168.53,166.37,166.54,481169,182.01
2024-03-26,166.92,167.04,165.29,165.31,552334,180.67
2024-03-27,167.11,169.95,166.67,169.67,984631,183.69
2024-03-28,170.71,172.47,170.71,171.4,730692,185.56
2024-04-01,171.19,171.19,167.39,167.48,456939,181.32
2024-04-02,166.35,167.12,165.15,166.12,581039,179.85
2024-04-03,165.57,166.86,164.7,166.42,531993,180.17
2024-04-04,168.16,169.07,165.89,166.42,414384,180.17
2024-04-05,165.71,167.93,165.53,167.26,392267,181.08
2024-04-08,168.75,172.46,167.92,171.97,635527,186.18
2024-04-09,172.59,174.53,172.59,174.45,873840,188.86
2024-04-10,170.21,172.19,169.36,171.9,1004484,186.1
2024-04-11,172.97,173.4,169.82,171.76,1033572,185.95
2024-04-12,171.23,171.67,168.78,169.75,1393618,183.78
2024-04-15,170.95,170.95,166.05,166.93,658476,180.72
2024-04-16,166.22,166.46,163.86,165.32,901183,178.98
2024-04-17,166.01,168.28,164.68,167.14,790449,180.95
2024-04-18,167.62,168.84,166.42,168.13,671424,182.02
2024-04-19,169.1,170.47,168.87,170.08,543043,184.13
2024-04-22,170.5,173.35,169.88,172.61,633780,186.87
2024-04-23,172.8,175.33,172.8,174.26,746334,188.66
2024-04-24,172.74,177.81,172.12,176.74,904545,191.34
2024-04-25,175.77,177.05,174.52,176.72,1073207,191.32
2024-04-26,179.01,181.11,176.64,176.84,945647,191.45
2024-04-29,178.3,178.54,175.79,176.44,903468,191.02
2024-04-30,174.97,176.73,174.47,175.1,809150,189.57
2024-05-01,174.26,176.45,173.07,173.59,657239,187.93
2024-05-02,174.7,178.93,173.59,177.76,798368,192.45
2024-05-03,179.64,180.52,176.88,178.09,573069,192.81
2024-05-06,178.88,181.2,177.98,180.28,505426,195.18
2024-05-07,181.54,181.72,180.25,180.94,486380,195.89
2024-05-08,180.87,181.65,179.61,180.02,436094,194.9
2024-05-09,180.59,182.29,179.75,182.09,375995,197.14
2024-05-10,182.74,182.89,181.46,181.86,305321,196.89
2024-05-13,181.36,183.44,181.36,181.96,333738,196.99
2024-05-14,183.21,183.72,181.74,182.42,490978,197.49
2024-05-15,185.08,185.39,182.63,183.31,802128,198.46
2024-05-16,183.15,184.61,182.32,182.93,468582,198.05
2024-05-17,183.78,184.31,182.2,183.71,442589,198.89
2024-05-20,183.81,184.37,181.98,182.34,648428,197.41
2024-05-21,182.53,183.49,182.1,183.32,422679,198.47
2024-05-22,183.06,185.37,182.31,182.52,568166,197.6
2024-05-23,182.14,182.14,178.89,179.16,495175,193.96
2024-05-24,180.16,180.97,179.68,180.43,388866,195.34
2024-05-28,181.42,181.91,177.47,177.58,514357,192.25
2024-05-29,175.03,175.1,171.97,174.2,674312,188.59
2024-05-30,175.3,176.12,174.58,175.48,653685,189.98
2024-05-31,176.78,178.41,175.5,177.97,1495049,192.68
2024-06-03,179.32,180.79,178.29,179.62,796654,194.46
2024-06-04,179.54,182.88,179.54,181.9,614356,196.93
2024-06-05,181.6,183.39,179.9,183.33,396031,198.48
2024-06-06,182.39,183.84,181.78,183.14,376345,198.27
2024-06-07,180.8,183.21,180.8,182.16,557513,197.21
2024-06-10,182.15,185.21,181.84,184.13,612791,199.34
2024-06-11,183.62,184.1,181.59,182.15,533127,197.2
2024-06-12,185.17,185.79,182.89,183.59,445278,198.76
2024-06-13,184.09,185.06,182.91,184.65,555664,199.91
2024-06-14,184.05,186.55,183.28,186.48,409989,201.89
2024-06-17,184.69,186.69,183.54,186.21,478797,201.6
2024-06-18,186.61,187.51,185.52,186.95,520005,202.4
2024-06-20,186.3,187.01,185.38,186.52,645486,201.93
2024-06-21,188.62,188.62,185.67,188.33,1251338,203.89
2024-06-24,189.06,192.24,188.05,190.66,932208,206.41
2024-06-25,190.68,191.22,187.89,188.7,508083,204.29
2024-06-26,187.52,189.71,186.55,188.32,861250,203.88
2024-06-27,189.03,190.63,188.18,190.55,709503,206.3
2024-06-28,191.91,194.14,189.94,192.69,1077223,206.89
2024-07-01,192.24,192.37,190.2,190.29,688177,204.32
2024-07-02,190.67,191.17,189.44,190.18,787457,204.2
2024-07-03,190.6,190.85,187.15,187.16,400173,200.95
2024-07-05,187.3,189.35,186.47,189.32,540594,203.27
2024-07-08,189.51,189.98,188.22,189.18,802493,203.12
2024-07-09,189.23,191.3,188.13,189.83,645492,203.82
2024-07-10,190.93,190.96,188.46,189.74,817413,203.72
2024-07-11,192.28,193.6,188.42,188.93,646576,202.86
2024-07-12,189.8,189.8,187.06,188.05,717888,201.91
2024-07-15,189.14,191.23,187.63,189.26,546222,203.21
2024-07-16,189.74,191.87,188.77,191.4,461058,205.51
2024-07-17,191.39,194.65,190.88,193.73,453470,208.01
2024-07-18,192.73,196.7,192.27,194.33,434054,208.65
2024-07-19,195.59,195.59,192.46,193.13,449389,207.37
2024-07-22,193.1,195.58,192.44,194.9,436367,209.27
2024-07-23,194.72,195.12,193.44,193.9,386570,208.19
2024-07-24,194.19,194.9,191.23,191.91,411146,206.06
2024-07-25,192.3,194.41,187.87,188.91,494694,202.83
2024-07-26,189.17,193.5,188.24,192.31,375637,206.48
2024-07-29,192.21,194.78,191.18,194.02,438507,208.32
2024-07-30,194.56,194.83,190,191.99,805541,206.14
2024-07-31,191.63,193.84,190.49,190.85,878374,204.92
2024-08-01,194.98,199.21,194.35,198.41,997513,213.03
2024-08-02,199.55,203.77,193.95,195.6,1051279,210.02
2024-08-05,194.58,196.6,189.67,190.06,1191597,204.07
2024-08-06,189.81,195.55,189.63,194.8,776697,209.16
2024-08-07,195.23,197.32,193.03,193.63,846977,207.9
2024-08-08,193.17,195.9,191.96,194.08,599147,208.39
2024-08-09,194.08,196.51,193.16,196.01,394025,210.46
2024-08-12,195.6,195.63,193.68,194.99,601754,209.36
2024-08-13,196.65,198.23,195.98,197.21,597695,211.75
2024-08-14,197.25,199.78,196.98,198.86,575333,213.52
2024-08-15,198.84,201,197.64,199.94,737375,214.68
2024-08-16,199.51,200.94,198.56,200.44,1603170,215.21
2024-08-19,201.12,202.22,200.59,201.21,411826,216.04
2024-08-20,201.56,201.97,200.55,201.71,360011,216.58
2024-08-21,201.37,202.38,200.41,202.14,457247,217.04
2024-08-22,202.21,203.17,201.3,203.05,424605,218.02
2024-08-23,203.89,206.69,202.89,206.51,420308,221.73
2024-08-26,207.66,207.66,204.22,204.82,455968,219.92
2024-08-27,203.58,206.36,202.51,206.21,526639,221.41
2024-08-28,206.7,208.84,206.5,207.76,610828,223.07
2024-08-29,207.33,208.58,206.76,207.83,522140,223.15
2024-08-30,208.57,210.65,207.45,210.23,875738,225.73
2024-09-03,209.26,212.67,208.84,211.55,906567,227.14
2024-09-04,211.87,214.25,210.08,211.57,674583,227.16
2024-09-05,213.37,214.23,210.13,210.97,590498,226.52
2024-09-06,207.19,208.46,205.36,208.25,1865900,223.6
2024-09-09,209.18,210.54,207.73,210.01,1746916,225.49
2024-09-10,210.6,213.85,209.78,213.62,824559,229.36
2024-09-11,211.85,214.5,209.41,214.16,896330,229.95
2024-09-12,214.43,216.38,212.96,215.79,1046911,231.7
2024-09-13,216.82,218.68,215.14,218.64,608784,234.75
2024-09-16,219.63,220.04,216.47,216.87,685741,232.86
2024-09-17,216.87,218.36,214.54,214.95,875557,230.79
2024-09-18,215.68,217.49,213.77,214.59,597971,230.41
2024-09-19,215.97,215.97,212.87,214.72,657228,230.55
2024-09-20,213.89,214.96,212.85,214.27,1696614,230.06
2024-09-23,216.07,217.79,215.36,217.16,677318,233.17
2024-09-24,215.29,216.43,214.3,214.35,626213,230.15
2024-09-25,215.47,216.05,212.46,213.89,681793,229.65
2024-09-26,213.79,213.99,210.23,210.98,780928,226.53
2024-09-27,211.97,212.36,209.55,209.77,931703,225.23
2024-09-30,209.27,211.65,208.3,211.38,1205011,225.25
2024-10-01,211.36,212.32,207.92,208.51,908089,222.19
2024-10-02,207.1,209.58,206.52,209.37,1149511,223.1
2024-10-03,209.37,209.57,206.7,207.11,362680,220.7
2024-10-04,205.88,207.92,204.72,207.41,367107,221.02
2024-10-07,206.18,206.18,203.57,204.58,536384,218
2024-10-08,205.9,206.19,203.37,205.05,473140,218.5
2024-10-09,205.49,205.49,202.95,205.02,494153,218.47
2024-10-10,204.52,206.13,202.79,203.55,548195,216.9
2024-10-11,204.82,206.37,203.78,206.1,444097,219.62
2024-10-14,206.1,208.63,205.04,207.99,539244,221.63
2024-10-15,209.16,212.31,208.61,209.87,773459,223.64
2024-10-16,210.53,212.04,209.82,211.8,576637,225.69
2024-10-17,211.87,212.22,209.69,211.59,571024,225.47
2024-10-18,212.11,213.7,211.46,213.16,533150,227.14
2024-10-21,212.38,212.59,209.18,210.35,606814,224.15
2024-10-22,210.01,211.88,209.98,210.89,455320,224.72
2024-10-23,210.96,216.13,210.96,215.41,708794,229.54
2024-10-24,216.64,217.14,214.62,215.62,649982,229.77
2024-10-25,215.7,215.84,212.15,212.42,658933,226.35
2024-10-28,213.69,215.06,213.14,214.71,648720,228.8
2024-10-29,214.38,215.41,212.24,213.61,653212,227.62
2024-10-30,213.49,214.97,211.87,213.74,654382,227.76
2024-10-31,211.39,212.19,207.03,207.97,1658825,221.61
2024-11-01,207.31,209.27,202.88,202.97,893726,216.28
2024-11-04,203.65,205.56,202.97,205.05,624571,218.5
2024-11-05,206.93,212.5,205.12,212.44,771731,226.38
2024-11-06,216.8,216.8,209.31,211.08,854848,224.93
2024-11-07,211.17,214.66,210.48,214,654781,228.04
2024-11-08,215.33,220.95,214.72,219.36,782641,233.75
2024-11-11,219.36,220.61,217.76,217.91,586514,232.21
2024-11-12,217.04,218.19,215.84,216.04,423552,230.21
2024-11-13,217.93,219.71,217.93,218.76,511820,233.11
2024-11-14,217.54,220.32,213.45,213.9,640158,227.93
2024-11-15,213.03,215.93,211.96,215.29,645903,229.41
2024-11-18,214.5,216.53,214.22,215.11,549097,229.22
2024-11-19,214.25,215.62,212.73,215.26,486142,229.38
2024-11-20,214.08,215.81,212.35,214.09,429909,228.14
2024-11-21,215.01,217.73,213.85,216.43,453417,230.63
2024-11-22,216.23,219.14,215.41,217.66,333857,231.94
2024-11-25,219.12,221.62,217.42,218.56,977660,232.9
2024-11-26,219.08,221.93,218.69,220.9,730058,235.39
2024-11-27,222.65,224.56,222.16,223.17,532316,237.81
2024-11-29,223.55,224.46,220.68,220.86,616785,235.35
2024-12-02,219.68,220.1,215.91,216.59,652793,230.8
2024-12-03,216.67,216.94,214.17,214.36,447064,228.42
2024-12-04,214.49,214.52,213.08,213.78,444526,227.8
2024-12-05,212.19,213.46,211.62,212.46,342915,226.4
2024-12-06,213.31,213.54,211.88,212.6,383291,226.55
2024-12-09,212.45,213.56,210.74,213.02,621658,226.99
2024-12-10,213.53,214.76,209.83,211.2,620086,225.05
2024-12-11,211.96,213.74,210.97,212.24,717697,226.16
2024-12-12,212.42,216.98,211.81,213.9,475531,227.93
2024-12-13,213.82,214.2,211.81,212.48,331109,226.42
2024-12-16,212.92,216.06,211.73,213.49,464624,227.5
2024-12-17,214.25,215.26,211.64,212.97,761410,226.94
2024-12-18,212.35,214.51,206.14,206.3,890652,219.83
2024-12-19,207.34,209.1,203.19,203.79,757831,217.16
2024-12-20,203.66,210.32,203.48,208.49,2120902,222.17
2024-12-23,207.01,208.69,206.48,208.02,602317,221.67
2024-12-24,208,209.78,207.62,209.53,255403,223.28
2024-12-26,209.53,209.83,208.61,209.56,584167,223.31
2024-12-27,207.57,209.97,206.79,207.56,362533,221.18
2024-12-30,206.65,206.75,203.9,206.26,314695,219.79
2024-12-31,208.22,208.81,206.01,208.04,557948,219.97
2025-01-02,207.7,208.18,204.67,205.29,409252,217.07
2025-01-03,205.24,207.47,204.52,207.28,474311,219.17
2025-01-06,209.01,209.01,200.67,201.24,540414,212.78
2025-01-07,202.66,203.5,198.87,199.77,453608,211.23
2025-01-08,200.23,201.04,197.97,200.85,473032,212.37
2025-01-10,200.5,202.93,198.93,199.34,857433,210.77
2025-01-13,199.56,204.68,198.88,204.07,583318,215.78
2025-01-14,203.67,206.75,203.15,206.37,617773,218.21
2025-01-15,210.98,211.43,204.8,205.33,824167,217.11
2025-01-16,206.1,206.41,203.63,206.08,453212,217.9
2025-01-17,206.52,206.96,205.46,206.31,553917,218.14
2025-01-21,206.69,209.1,205.83,207.35,568621,219.24
2025-01-22,205.9,205.9,202.4,202.78,438228,214.41
2025-01-23,202.89,203.25,199.78,202.2,592749,213.8
2025-01-24,200.97,203.95,199.77,203.1,487515,214.75
2025-01-27,203.7,208.71,203.7,208.4,458227,220.35
2025-01-28,207.47,209.45,206.41,207.45,761631,219.35
2025-01-29,207.18,208.05,202.8,203.29,671241,214.95
2025-01-30,205.53,208.65,205.11,207.95,664416,219.88
2025-01-31,206.97,210.49,206.45,209.49,1062142,221.51
2025-02-03,207.63,210.17,205.32,208.36,778528,220.31
2025-02-04,206.46,209.56,204.84,208.77,677302,220.75
2025-02-05,209.88,213.34,208.93,212.11,578268,224.28
2025-02-06,210.85,210.85,205.65,209.75,1381383,221.78
2025-02-07,210.39,211.57,207.51,208.22,637030,220.16
2025-02-10,208,208,204.58,207.37,1005569,219.26
2025-02-11,205.28,207.25,205.28,207.04,500774,218.92
2025-02-12,203.43,207.22,203.28,205.98,405752,217.8
2025-02-13,207.33,208.68,206.4,208.16,401473,220.1
2025-02-14,208.65,209.83,206.08,206.5,741056,218.35
2025-02-18,205.55,207.38,204.18,206.18,931104,218.01
2025-02-19,205.86,206.77,204.73,205.77,345308,217.57
2025-02-20,204.79,208.3,204.79,207.48,560581,219.38
2025-02-21,207.33,208.22,205.11,207.04,587194,218.92
2025-02-24,207.61,210.27,206.85,208.98,662011,220.97
2025-02-25,209.29,212.49,209.29,211.49,459449,223.62
2025-02-26,211.49,211.69,208.89,209.56,364117,221.58
2025-02-27,209.01,212.23,209.01,210.92,602490,223.02
2025-02-28,212.45,215.16,211.4,213.91,1009695,226.18
2025-03-03,213.82,216.57,212.63,215.71,432040,228.08
2025-03-04,216.57,217.72,210.88,210.89,892861,222.99
2025-03-05,208.4,212.94,208.07,212.29,807816,224.47
2025-03-06,210.27,211.14,205.19,206.65,612466,218.5
2025-03-07,206.71,209.59,205.49,206.6,548027,218.45
2025-03-10,206.98,210.32,204.29,204.63,784184,216.37
2025-03-11,204.81,205.56,200.04,201.39,593458,212.94
2025-03-12,200.96,202.23,198.21,198.65,643091,210.04
2025-03-13,198.65,200.72,195.81,196.58,652534,207.86
2025-03-14,197.35,198.36,195.59,198.26,995726,209.63
2025-03-17,198.11,201.16,197.86,200.26,932921,211.75
2025-03-18,200.03,200.82,197.8,198.84,856775,210.25
2025-03-19,198.88,200.81,197.48,199.4,609847,210.84
2025-03-20,199.88,200.72,198.04,200.03,627563,211.5
2025-03-21,198.87,199.7,196.66,198.19,1487153,209.56
2025-03-24,199.67,203,198.13,202.73,512708,214.36
2025-03-25,202.84,205.11,199.21,201.12,816482,212.66
2025-03-26,202.3,203.12,200.95,202.48,712787,214.09
2025-03-27,203.1,205.53,201.08,201.58,659421,213.14
2025-03-28,203.05,203.33,200.11,201.99,452405,213.58
2025-03-31,203.3,205.8,200.95,204.65,879982,214.62
2025-04-01,205.56,205.89,201.61,204.55,597745,214.51
2025-04-02,204.58,206.42,202.56,205.6,542589,215.61
2025-04-03,202.91,205.53,195.65,196.3,1186102,205.86
2025-04-04,193.75,195.97,182.6,182.8,1707880,191.7
2025-04-07,181.14,186.32,174.08,180.04,1792716,188.81
2025-04-08,184.92,185.58,176.5,178.54,1276927,187.23
2025-04-09,174.91,192.45,172.02,191.08,1695074,200.39
2025-04-10,188.88,191.08,179.65,184.6,1300718,193.59
2025-04-11,183.08,184.99,179.36,184.04,1234629,193
2025-04-14,186.51,192.41,185.06,191.59,1034260,200.92
2025-04-15,192.27,192.95,190.62,191.19,1384834,200.5
2025-04-16,191.47,193.65,189.65,190.77,1028623,200.06
2025-04-17,191.35,195.48,191.35,193.94,1172920,203.38
2025-04-21,192.07,193.39,189.7,192.42,641373,201.79
2025-04-22,195.58,197.6,194.37,196.85,626240,206.44
2025-04-23,198.81,200.5,195.79,196.83,613471,206.42
2025-04-24,196.64,198.94,195.55,197.13,536267,206.73
2025-04-25,197.55,197.55,194.75,196.21,642824,205.76
2025-04-28,196.43,198.62,195.96,198.15,510380,207.8
2025-04-29,197.74,198.54,195.47,197.56,714451,207.18
2025-04-30,197.26,201.11,194.71,200.23,1114410,209.98
2025-05-01,199.3,202.51,195.54,199.3,1195204,209
2025-05-02,202.59,203.43,200.61,202.35,780184,212.2
2025-05-05,200.85,201.82,199.26,200.27,709010,210.02
2025-05-06,198.35,199.51,197.37,198.22,590584,207.87
2025-05-07,198.25,199.93,197.4,198.24,1011970,207.89
2025-05-08,198.54,198.72,194.67,194.96,744883,204.45
2025-05-09,195.66,196.72,194.14,195.99,522050,205.53
2025-05-12,197.9,199.55,197.53,198.9,672598,208.59
2025-05-13,199.03,199.03,194.47,195.19,794844,204.7
2025-05-14,194.14,194.71,191.36,192.24,858393,201.6
2025-05-15,193.27,196.23,192.79,196.03,1029654,205.58
2025-05-16,197,198.69,195.46,198.44,806900,208.1
2025-05-19,196.34,199.03,195.93,198.93,849065,208.62
2025-05-20,197.85,199.5,197.34,198.9,603373,208.59
2025-05-21,197.28,197.86,192.36,192.37,626445,201.74
2025-05-22,192.64,192.64,189.2,190.58,902767,199.86
2025-05-23,190.14,190.15,187.68,188.83,882094,198.03
2025-05-27,191.05,192.74,188.82,192.11,857392,201.46
2025-05-28,192.56,193.51,191.56,192.6,752030,201.98
2025-05-29,193.44,196.63,191.79,196.45,856343,206.02
2025-05-30,196.24,197.66,194.84,197.17,2083709,206.77
2025-06-02,196.14,197.59,193.77,197.53,545088,207.15
2025-06-03,196.42,197.29,191.85,194.49,1001121,203.96
2025-06-04,194.07,196.02,191.83,195.11,943313,204.61
2025-06-05,194.9,196.33,193.25,193.55,875309,202.97
2025-06-06,194.9,195.89,192.7,193.72,597424,203.15
2025-06-09,193.51,198.75,193.42,197.31,1150367,206.92
2025-06-10,198.21,199.78,196.95,198.31,1124970,207.97
2025-06-11,198.03,199.41,196.15,196.95,836193,206.54
2025-06-12,197.06,199.63,197.01,199.13,587682,208.83
2025-06-13,197.47,199.08,194.93,196.61,664873,206.18
2025-06-16,198.45,199.66,197.14,197.6,733336,207.22
2025-06-17,197.53,198.17,195.51,196.72,681319,206.3
2025-06-18,197.09,198.47,196.19,196.93,883320,206.52
2025-06-20,197.59,199.01,196.17,197.4,1264783,207.01
2025-06-23,197.91,200.12,195.61,198.03,975889,207.67
2025-06-24,198.27,199.06,195.96,196.56,1351876,206.13
2025-06-25,194.05,195.14,191.68,191.88,1483909,201.22
2025-06-26,192.51,195.28,191.84,194.65,990062,204.13
2025-06-27,195.14,197.03,194.09,194.89,1483655,204.38
2025-06-30,194.93,195.9,191.98,195.73,1316972,203.5
2025-07-01,195.79,198.59,193.53,195.51,1077763,203.28
2025-07-02,194.69,195.99,191.66,194.28,866406,202
2025-07-03,194.5,196.15,193.5,194.83,347838,202.57
2025-07-07,194.35,196.85,193.78,194.73,883960,202.46
2025-07-08,193.6,195.37,193.3,193.77,782309,201.47
2025-07-09,193.81,195.36,192.87,192.97,934961,200.63
2025-07-10,193.02,196.43,192.86,194.96,825067,202.7
2025-07-11,192.32,195.03,192.32,194.15,513236,201.86
2025-07-14,194.39,195.93,193.85,194.24,678306,201.95
2025-07-15,194.05,194.27,190.87,191.86,621426,199.48
2025-07-16,192.28,194.42,191.73,194.15,606511,201.86
2025-07-17,194.22,195.32,193.05,194.41,667503,202.13
2025-07-18,194.73,195.54,193.61,194.89,474930,202.63
2025-07-21,195.56,197.17,192.53,193.12,645095,200.79
2025-07-22,193.79,196.86,193.64,196.7,662573,204.51
2025-07-23,196.86,196.86,194.66,195.62,500527,203.39
2025-07-24,195.4,195.51,193.66,193.89,506371,201.59
2025-07-25,193.55,195.35,192.75,194.04,319705,201.75
2025-07-28,193.66,194.51,191.05,191.18,588931,198.77
2025-07-29,191.99,195.52,191.18,195.36,533598,203.12
2025-07-30,194.35,194.35,187.02,188.81,1078274,196.31
2025-07-31,185.94,186.78,178.72,179.16,1582994,186.28
2025-08-01,180.41,181.05,174.31,177.39,1843814,184.44
2025-08-04,176.97,179.07,175.3,175.74,1301529,182.72
2025-08-05,177.14,182.26,175.97,179.19,1919239,186.31
2025-08-06,179.59,180.53,177.51,179.38,1283571,186.5
2025-08-07,179.9,182.14,179.9,181.05,1001760,188.24
2025-08-08,181.62,181.87,179.2,179.65,720404,186.78
2025-08-11,179.28,179.99,177.48,178.01,831057,185.08
2025-08-12,178.28,179.89,177.25,179.79,701792,186.93
2025-08-13,181.59,184.22,179.64,183.76,826324,191.06
2025-08-14,181.19,182.67,180.14,182.09,1030232,189.32
2025-08-15,182.06,183.39,181.25,183.3,767538,190.58
2025-08-18,183.03,183.36,180.87,181.06,690205,188.25
2025-08-19,181.65,185.33,181.52,184.14,1436251,191.45
2025-08-20,184.8,186.49,183.23,183.34,843371,190.62
2025-08-21,181.91,184.45,181.91,183.16,681012,190.43
2025-08-22,184.57,187.61,184.38,186.22,1211695,193.62
2025-08-25,185.8,186.85,183.81,184.93,582805,192.27
2025-08-26,185.19,186.29,184.46,184.68,1353383,192.01
2025-08-27,184.7,186.85,184.61,186.7,613517,194.12
2025-08-28,187,187.28,185.26,187.18,894956,194.61
2025-08-29,186.45,188.95,186.21,188.37,885746,195.85
2025-09-02,187.47,187.47,181.28,181.8,877368,189.02
2025-09-03,181,183.79,181,183.77,699502,191.07
2025-09-04,184.71,185.72,183.76,185.36,672593,192.72
2025-09-05,186.52,189.33,186.48,187.95,600302,195.41
2025-09-08,186.06,187.26,185.43,187.04,604582,194.47
2025-09-09,186.59,187.86,186.1,187.78,675075,195.24
2025-09-10,187.05,188.6,184.95,185.28,852516,192.64
2025-09-11,186.72,189.77,185.94,189.31,656698,196.83
2025-09-12,189.44,190.72,187.67,187.7,545794,195.15
2025-09-15,187.75,188.23,185.31,185.47,941823,192.84
2025-09-16,185.16,186.24,184.57,184.93,1051991,192.28
2025-09-17,185.04,187.8,184.58,185.19,781038,192.54
2025-09-18,185.53,186.88,184.83,186.23,727606,193.63
2025-09-19,185.98,187.68,185.37,185.59,1878914,192.96
2025-09-22,186.12,186.54,184.36,185.64,1079562,193.01
2025-09-23,185.48,187.24,185.07,186.97,792466,194.4
2025-09-24,186.97,187.04,185,185.41,1193202,192.77
2025-09-25,185.15,186.51,183.7,184.25,925978,191.57
2025-09-26,184.89,187.84,184.89,187.42,695828,194.86
2025-09-29,186.34,187.43,185.41,186.17,787999,193.56
2025-09-30,186.18,187.62,184.49,187.49,944097,193.17
2025-10-01,186.77,188.11,185.62,185.74,792360,191.37
2025-10-02,185.23,185.83,183.67,184.51,555529,190.1
2025-10-03,184.8,186.96,184.65,185.08,519146,190.69
2025-10-06,185.38,185.4,181.83,182.06,964121,187.58
2025-10-07,182.46,184.17,180.94,182,722471,187.52
2025-10-08,180.96,181.93,180.27,180.93,583565,186.42
2025-10-09,181.55,182,179.56,180.38,403688,185.85
2025-10-10,181.44,181.69,178.26,179.1,742330,184.53
2025-10-13,178.86,180.07,178.41,179.25,490094,184.68
2025-10-14,179.25,180.49,178.34,179.96,606688,185.42
2025-10-15,180.07,181.75,177.89,178.59,889712,184
2025-10-16,178.73,180.3,177.72,179.03,993649,184.46
2025-10-17,179.09,181.56,178.95,181.52,762790,187.02
2025-10-20,182.48,183.55,181.28,181.55,502170,187.05
2025-10-21,181.95,183.77,181.22,181.61,864238,187.12
2025-10-22,182.58,184.84,180.82,183.75,866619,189.32
2025-10-23,183.71,184.43,181.69,183.48,560350,189.04
2025-10-24,183.93,185.21,183.29,183.86,642676,189.43
2025-10-27,183.32,183.95,180.93,182.83,670256,188.37
2025-10-28,182.32,182.32,178.37,178.7,587123,184.12
2025-10-29,177.02,177.02,170.43,171.1,1636829,176.29
2025-10-30,166.45,170.27,161.82,169.57,1574400,174.71
2025-10-31,169.22,171.5,168.22,168.8,1273490,173.92
2025-11-03,166.94,170.54,166.23,170.21,1255956,175.37
2025-11-04,170.15,170.97,167.86,170.88,1283270,176.06
2025-11-05,171.37,173.07,170.15,172.51,1021190,177.74
2025-11-06,172.17,173.72,169.88,170.08,910639,175.24
2025-11-07,170.73,172.44,170.07,172.16,910853,177.38
2025-11-10,172.42,172.42,169.58,171.55,741680,176.75
2025-11-11,172.63,173.88,172.08,173.58,823266,178.84
2025-11-12,172.32,173.82,172.24,172.81,1120332,178.05
2025-11-13,171.38,173.09,171.14,171.77,1435504,176.98
2025-11-14,172.85,173.47,171.22,172.47,836793,177.7
2025-11-17,173.5,173.95,171.68,172.29,1209209,177.51
2025-11-18,172.16,173,170.83,172.19,744223,177.41
2025-11-19,172.62,172.99,171.11,171.76,824536,176.97
2025-11-20,173.02,174.1,171.49,171.83,1263341,177.04
2025-11-21,172.61,176.23,172.61,175.36,1284391,180.68
2025-11-24,174.89,175.65,173.42,175.1,1858576,180.41
2025-11-25,177.42,178.2,176.23,176.3,824939,181.64
2025-11-26,175.67,177.48,174.78,176.52,608752,181.87
2025-11-28,176.64,177.22,175.72,176.59,478182,181.94
2025-12-01,175.3,176.77,173.93,174.36,1054503,179.65
2025-12-02,174.85,176.31,172.96,175.79,1048231,181.12
2025-12-03,176.07,177.03,174.8,176.18,836165,181.52
2025-12-04,173.98,176.4,173.59,174.14,1131140,179.42
2025-12-05,173.41,175.02,172.32,172.78,1549674,178.02
2025-12-08,172.1,172.78,169.07,172.38,1298024,177.61
2025-12-09,173.18,175.01,169.89,170.22,1052497,175.38
2025-12-10,170.26,172.34,169.71,171.15,1311394,176.34
2025-12-11,172.13,173.3,170.08,170.89,1388260,176.07
2025-12-12,171.79,171.79,170.19,171.69,1176812,176.9
2025-12-15,172.19,172.83,171.25,172.56,873019,177.79
2025-12-16,172.72,172.89,170.77,171.73,1022918,176.94
2025-12-17,172.17,177.17,171.8,175.93,1148145,181.26
2025-12-18,176.34,177.56,175.09,175.9,1123630,181.23
2025-12-19,175.41,175.85,173.65,173.86,2031390,179.13
2025-12-22,173.42,177.76,173.12,177.15,1200672,182.52
2025-12-23,177.57,177.57,174.52,176.3,722340,181.64
2025-12-24,176.4,178.13,176.38,177.68,241887,183.07
2025-12-26,177.58,178.19,176.6,177.82,353707,183.21
2025-12-29,178.34,178.7,177.44,178.49,587420,183.9
2025-12-30,180.1,180.18,178.31,179.56,623817,185
2025-12-31,179.67,179.67,177.35,177.66,729052,181.31
2026-01-02,177.33,178.06,174.99,176.84,980087,180.48
2026-01-05,175.72,177.34,175.38,176.65,1759114,180.28
2026-01-06,175.78,180.5,175.65,180.04,738605,183.74
2026-01-07,180.59,183.01,175.75,175.88,1279689,179.5
2026-01-08,174.92,181.64,174.92,180.37,758040,184.08
2026-01-09,180.2,180.59,174.42,175.75,1145583,179.37
2026-01-12,175.54,176.18,174.36,174.79,1086906,178.39
2026-01-13,175.32,176.03,171.47,175.21,932785,178.81
2026-01-14,175.27,178.86,174.7,176.53,1094313,180.16
2026-01-15,176.62,178.27,176.2,177.16,898566,180.8
2026-01-16,176.52,179.31,174.57,178.74,1642489,182.42
2026-01-20,175.48,176.96,173.07,174.67,1143164,178.26
2026-01-21,175.25,175.96,173.61,175.35,931428,178.96
2026-01-22,175.48,175.79,170.95,172.22,2148813,175.76
2026-01-23,171.84,175.23,171.55,175.17,1198849,178.77
2026-01-26,175.93,176.37,173.49,174.19,1047438,177.77
2026-01-27,174.08,175.41,172.4,172.48,1168780,176.03
2026-01-28,172.61,173.16,168.6,169.48,1125460,172.97
2026-01-29,171.07,172.11,169.31,171.28,1968305,174.8
2026-01-30,171.26,174.16,170.28,174.09,1341649,177.67
2026-02-02,174.2,174.4,171.6,171.79,1127247,175.32
2026-02-03,171.08,173.79,169.76,170.78,1387844,174.29
2026-02-04,172.78,176.5,171.29,174.23,1404178,177.81
2026-02-05,173.43,177.71,165.43,166.28,1771180,169.7
2026-02-06,166.12,170.43,166.11,170.33,1803994,173.83
2026-02-09,169.16,170.29,168.3,169.96,839126,173.46
2026-02-10,170.1,174.41,170.1,173.85,1128869,177.43
2026-02-11,173.45,177.53,172.18,176.21,1479379,179.83
2026-02-12,176.69,177.35,170.25,171.73,1896243,175.26
2026-02-13,171.74,174.02,170.72,172.64,979015,176.19
2026-02-17,174.13,174.39,170.04,174.07,1186874,177.65
2026-02-18,174.3,175.07,172.96,174.47,678065,178.06
2026-02-19,173.15,175.3,172.06,173.99,532781,177.57
2026-02-20,174.63,175.6,173.38,173.82,681541,177.4
2026-02-23,174.9,176.08,171.82,172.81,960415,176.36
2026-02-24,172.63,174.12,171.57,174,639647,177.58
2026-02-25,173.79,175.25,172.67,174.68,740506,178.27
2026-02-26,175.62,176.55,174.74,176.05,1470596,179.67
2026-02-27,174.81,175.63,171.19,173.66,2092471,177.23
2026-03-02,173.42,176.17,173,175.4,1303918,179.01
2026-03-03,172.66,174.43,170.86,173.75,1052152,177.32
2026-03-04,171.74,174.54,171.74,174.51,592413,178.1
2026-03-05,172.7,175.71,172.59,175.68,661986,179.29
2026-03-06,174.31,174.62,171.45,174.3,773065,177.89
2026-03-09,172.97,173.74,169.53,173.15,1108605,176.71
2026-03-10,172.33,173.5,169.57,170.93,841391,174.45
2026-03-11,170.33,170.33,166.53,168.36,1119602,171.82
2026-03-12,167.81,170.38,167.1,167.59,1064162,171.04
2026-03-13,169.65,170,165.28,165.55,945960,168.96
2026-03-16,166.89,168.2,165.71,165.73,1053757,169.14
2026-03-17,167.44,167.98,166.39,167.13,853779,170.57
2026-03-18,165.52,166.16,162,162.76,1651842,166.11
2026-03-19,162.08,163.68,161.84,161.91,1029125,165.24
2026-03-20,161.19,161.87,157.48,158.12,1647393,161.37
2026-03-23,160.69,162.3,158.81,159.98,858714,163.27
2026-03-24,158.83,161.53,157.78,160.26,899002,163.56
2026-03-25,161.21,161.59,159.31,160.35,594630,163.65
2026-03-26,159.92,161.87,159.71,160.12,1134037,163.41
2026-03-27,160.12,160.94,157.12,157.57,840574,160.81
2026-03-30,159.05,160.85,157.69,158.3,1061271,161.56
2026-03-31,160.39,161.9,158.62,161.84,1878485,163.35
2026-04-01,161.39,164.32,161.29,163.38,1386024,164.9
2026-04-02,163.12,165.82,162.4,164.49,1108264,166.02
2026-04-06,163.99,165.72,163.61,164.93,673828,166.47
2026-04-07,164.99,167.04,164.63,166.18,889889,167.73
2026-04-08,168.59,169.33,166.33,166.94,933224,168.5
2026-04-09,166.18,168.2,165.87,166.95,915597,168.51
2026-04-10,167.48,169.24,166.97,168.21,717723,169.78
2026-04-13,167.56,168.28,166.14,167.98,1025541,169.55
2026-04-14,167.69,169.67,167.69,169.42,740455,171
2026-04-15,169.42,169.75,167.93,169.71,627844,171.29
2026-04-16,169.79,170.74,167.36,168.06,774171,169.63
2026-04-17,168.65,173.17,168.21,172.28,999789,173.89
2026-04-20,171.45,174.74,171.16,174.73,748795,176.36
2026-04-21,174.38,174.62,170.54,170.55,690709,172.14
2026-04-22,171.15,172.5,168.58,169.73,626171,171.31
2026-04-23,170.35,172.1,169.05,171.75,605742,173.35
2026-04-24,171.54,172.29,170.43,170.79,623563,172.38
2026-04-27,170.81,173.07,170.57,172.67,1310634,174.28
2026-04-28,176.21,182.08,174.98,181.8,1684049,183.5
2026-04-29,182.15,184.47,180.98,182.67,1693252,184.37
2026-04-30,183.46,184.38,180.25,181.31,1436867,183
2026-05-01,181.32,183.5,180.51,181.75,744907,183.45
2026-05-04,181.07,183.35,180.33,180.75,651694,182.44
2026-05-05,180.87,184.76,180.33,183.54,747890,185.25
2026-05-06,183.96,186.18,183.34,184.72,937491,186.44
2026-05-07,184.35,185.26,183.39,184.07,1560396,185.79
2026-05-08,184.35,184.35,181.57,182.38,2001460,184.08
2026-05-11,183.25,185.65,182.92,185.54,715147,187.27
2026-05-12,186.27,186.27,183.5,185.29,845404,187.02
2026-05-13,184.51,185.11,183.08,184.74,948778,186.46
2026-05-14,185.45,185.85,181.49,181.84,1173188,183.54
2026-05-15,182.12,182.93,178.68,179.17,997559,180.84
2026-05-18,179.6,183.7,179.6,183.54,599856,185.25
2026-05-19,182.88,184.39,181.55,183.4,858468,185.11
2026-05-20,184.45,185.65,183.46,184.96,916015,186.69
2026-05-21,183.34,184.12,178.83,182.41,2509989,184.11
2026-05-22,183.41,184.9,181.88,183.93,1312067,185.65
2026-05-26,183.91,185.47,183.37,183.38,1027729,185.09
2026-05-27,184.42,186.35,183.94,184.51,877149,186.23
2026-05-28,183.54,184.68,183.04,183.12,799749,184.83
2026-05-29,181.9,182.11,179.58,180.82,1769354,182.51
2026-06-01,181.82,184.24,180.89,181.18,1276855,182.87
2026-06-02,180.93,181.87,179.8,181.69,896327,183.38
2026-06-03,181.19,183.04,180.59,181.5,758367,183.19
2026-06-04,183.91,187.55,182.82,187.44,1693638,189.19
2026-06-05,187.03,189.13,186.61,187.97,874897,189.72
2026-06-08,188.57,188.63,184.97,185.88,1687309,187.61
2026-06-09,185.51,187.22,183.72,185.12,1293916,186.85
2026-06-10,186.18,186.93,183.88,184.87,1232746,186.59
2026-06-11,184.94,186.12,182.42,182.66,875399,184.36
2026-06-12,183.07,185.32,183.07,185.3,1077311,187.03
2026-06-15,184.88,185.43,181.99,182.78,1146623,184.48
2026-06-16,184.15,185.06,182.22,183.02,900118,184.73
2026-06-17,182.94,183.41,177.43,177.97,1264820,179.63
2026-06-18,179.58,180.56,175.55,175.68,2822244,177.32
2026-06-22,175.54,179.03,174.5,178.23,1364472,179.89
2026-06-23,179.64,180.78,178.52,180.56,1512013,182.24
2026-06-24,181.05,182.62,179.62,181.9,1113526,183.6
2026-06-25,183.19,185.77,182.8,184.41,898289,186.13
2026-06-26,185.75,188.54,185.02,188.36,1437454,190.12
2026-06-29,187.75,190.96,187.5,190.86,1138972,192.64
2026-06-30,188.53,190.59,187,188.69,1377501,188.69
2026-07-01,189.76,193.09,189.505,190.43,920026,190.43
2026-07-02,190.6,193.99,190.52,193.96,659384,193.96
2026-07-06,193.94,195.1,192.0001,194.35,1015416,194.35
2026-07-07,195.79,198.63,194.96,195.39,723098,195.39
2026-07-08,194.39,195.975,188.85,189.12,816040,189.12
2026-07-09,190.02,190.77,188.87,189.46,705833,189.46
2026-07-10,190.25,192.139,189.65,191.84,924485,191.84
2026-07-13,193.39,195.93,192.87,194.53,1075141,194.53
2026-07-14,193.69,194.52,191.61,191.75,685410,191.75
2026-07-15,193.13,193.585,189.88,190.29,1138673,190.29
2026-07-16,191.25,195.73,190.6075,195.5,745363,195.5
2026-07-17,195.5,197.215,191.045,192.53,1014308,192.53
2026-07-20,192.48,193.24,191.25,191.84,776885,191.84
2026-07-21,191.97,192.08,190.24,190.65,613584,190.65
2026-07-22,191.25,191.72,189.52,190.27,621407,190.27
2026-07-23,189.68,192.96,189.59,190.8,950653,190.8
2026-07-24,191.9,192.415,188.495,189.61,710236,189.61
2026-07-27,188.96,190.3,187.47,187.56,539800,187.56
2026-07-28,189.39,191.99,188.63,190.39,965461,190.39
2026-07-29,192.01,192.8499,190.82,192.45,557633,192.45
2026-07-30,190.72,191.85,186.12,187.78,647942,187.78
2026-07-31,186.68,187.235,185.1,185.61,730307,185.61
2026-08-03,185.6,189.22,184.97,188.78,606381,188.78
2026-08-04,187.15,189.57,186.48,189.25,452177,189.25
2026-08-05,190.02,190.52,188.23,189.61,591797,189.61
2026-08-06,191.69,191.69,185.93,186.55,642622,186.55
2026-08-07,187.06,188.41,185.55,187.55,666305,187.55
2026-08-10,186.4,186.4,183.08,183.84,451649,183.84
2026-08-11,183.22,184.13,181.71,181.76,554953,181.76
2026-08-12,181.09,182.09,179.46,179.79,3706294,179.79
2026-08-13,180.27,186,180.27,183.91,1745544,183.91
2026-08-14,184.55,185.62,182.74,184.06,2484499,184.06
