date,open,high,low,close,volume,raw_close
2016-01-04,31.94,32.18,31.55,32.16,2456510,72.11
2016-01-05,32.39,32.56,32.16,32.54,2346914,72.96
2016-01-06,32.06,32.4,32.03,32.23,3067672,72.27
2016-01-07,31.73,31.86,31.29,31.38,3312236,70.36
2016-01-08,31.62,31.66,31.06,31.12,2913894,69.78
2016-01-11,31.13,31.37,30.47,30.84,5644844,69.16
2016-01-12,31.12,31.68,31.08,31.48,4531896,70.59
2016-01-13,31.61,31.66,30.53,30.61,3831896,68.64
2016-01-14,30.6,30.85,30.02,30.69,3271218,68.82
2016-01-15,29.82,30.82,29.66,30.76,4638918,68.97
2016-01-19,30.97,31.38,30.51,30.92,4962728,69.34
2016-01-20,30.14,30.87,29.73,30.59,4004278,68.6
2016-01-21,30.41,30.7,29.89,29.91,3068912,67.06
2016-01-22,30.24,30.71,30.05,30.67,2767950,68.76
2016-01-25,30.47,30.66,29.53,29.72,4213308,66.63
2016-01-26,29.88,30.37,29.75,30.25,1781212,67.83
2016-01-27,30.1,30.16,29.31,29.48,6392388,66.1
2016-01-28,28.09,30.01,28.09,29.84,5449786,66.9
2016-01-29,29.85,29.97,29.33,29.81,5306886,66.83
2016-02-01,29.77,30.07,29.37,29.97,3052690,67.2
2016-02-02,29.66,29.67,29.15,29.25,3847676,65.58
2016-02-03,29.27,29.57,28.91,29.49,2570170,66.12
2016-02-04,29.71,30.39,29.53,30.26,3366012,67.84
2016-02-05,30.17,30.22,28.9,29.09,3758282,65.22
2016-02-08,28.9,28.9,27.79,28.49,5001204,63.89
2016-02-09,28.36,29.27,28.23,29.06,4443256,65.15
2016-02-10,29.1,29.54,28.96,29.11,3227800,65.26
2016-02-11,28.74,28.86,28.32,28.58,2089308,64.08
2016-02-12,28.8,29.25,28.68,29.07,2593968,65.17
2016-02-16,29.4,29.64,29.02,29.55,2876642,66.26
2016-02-17,29.81,30,29.45,29.93,3156124,67.12
2016-02-18,29.85,30.04,29.63,29.67,2555118,66.53
2016-02-19,29.54,29.58,29.06,29.46,2877080,66.06
2016-02-22,29.75,30.1,29.53,29.64,1630180,66.47
2016-02-23,29.43,29.67,29.23,29.45,2405842,66.03
2016-02-24,29.18,29.89,29.1,29.84,2002326,66.9
2016-02-25,29.73,29.86,29.4,29.81,3139172,66.83
2016-02-26,30.02,30.28,29.77,29.94,2149050,67.01
2016-02-29,29.91,30.17,29.6,29.6,2648812,66.23
2016-03-01,29.89,30.53,29.61,30.34,3584612,67.9
2016-03-02,30.1,30.69,30.1,30.42,2485998,68.07
2016-03-03,30.37,30.74,30.25,30.69,1923636,68.69
2016-03-04,30.61,30.68,30.3,30.47,2253458,68.18
2016-03-07,30.27,30.43,29.86,30.06,3763116,67.26
2016-03-08,29.81,30.31,29.76,30.13,2556634,67.42
2016-03-09,30,30.38,30,30.16,1931506,67.5
2016-03-10,29.86,30.18,29.68,30.02,2316632,67.18
2016-03-11,30.34,30.96,30.1,30.84,4736454,69.02
2016-03-14,30.71,31.09,30.54,30.73,3432504,68.77
2016-03-15,30.5,30.94,30.32,30.65,2707124,68.58
2016-03-16,30.56,31.23,30.52,31.13,1821554,69.67
2016-03-17,31.21,32.16,31.21,31.99,2840926,71.59
2016-03-18,32.09,32.13,31.42,31.45,9680720,70.37
2016-03-21,31.37,31.41,31.06,31.23,2948862,69.89
2016-03-22,31.1,31.7,31.08,31.51,3184808,70.52
2016-03-23,31.55,31.79,31.43,31.49,1945422,70.48
2016-03-24,31.33,31.52,31.09,31.39,1430752,70.24
2016-03-28,31.51,31.58,31.21,31.44,1178030,70.36
2016-03-29,31.42,31.77,31.28,31.73,1133652,71.01
2016-03-30,31.89,31.91,31.52,31.68,1177158,70.9
2016-03-31,32.01,32.14,31.76,31.86,3155660,71.29
2016-04-01,31.76,32.05,31.42,32,2920826,71.61
2016-04-04,31.93,32.14,31.49,31.55,1696470,70.6
2016-04-05,31.41,31.66,30.94,31.51,3113344,70.51
2016-04-06,31.51,31.88,31.46,31.86,2645522,71.29
2016-04-07,31.87,31.87,31.43,31.57,4510710,70.64
2016-04-08,31.78,31.78,31.42,31.64,2875024,70.8
2016-04-11,31.7,31.85,31.28,31.49,3226742,70.47
2016-04-12,31.56,31.87,31.4,31.79,2000950,71.15
2016-04-13,31.95,32.15,31.47,32.12,2519666,71.87
2016-04-14,31.92,32.14,31.83,32.11,2462720,71.85
2016-04-15,32.1,32.37,31.98,32.3,3017452,72.28
2016-04-18,32.12,33.36,32.12,33.35,4547038,74.63
2016-04-19,33.38,33.69,33.34,33.51,3843806,74.99
2016-04-20,33.47,33.82,33.3,33.66,1898354,75.33
2016-04-21,33.6,33.72,33.2,33.59,2520070,75.16
2016-04-22,33.58,34.1,33.45,33.89,3141466,75.84
2016-04-25,33.99,34.27,33.34,33.38,4734914,74.7
2016-04-26,33.48,33.59,33.22,33.54,2740260,75.06
2016-04-27,33.44,33.62,33.21,33.45,3693230,74.86
2016-04-28,32.71,33.21,32.11,32.59,6849934,72.93
2016-04-29,32.38,32.52,31.62,31.9,5622506,71.38
2016-05-02,31.89,32.32,31.83,32.2,5037754,72.05
2016-05-03,32.31,32.33,31.55,31.97,3291420,71.55
2016-05-04,31.69,32.23,31.66,32.19,2979764,72.04
2016-05-05,32.2,32.27,32.06,32.1,2397414,71.83
2016-05-06,32.07,32.18,31.71,31.92,2040948,71.44
2016-05-09,31.84,32.37,31.67,32.18,3997608,72.02
2016-05-10,32.22,32.45,32.11,32.25,4139930,72.16
2016-05-11,32.31,32.54,32.14,32.25,1718272,72.16
2016-05-12,32.54,32.78,32.33,32.55,2121518,72.84
2016-05-13,32.41,32.53,32.17,32.24,2034880,72.14
2016-05-16,32.24,32.76,32.24,32.67,2080518,73.11
2016-05-17,32.62,32.67,31.95,32.04,1716334,71.71
2016-05-18,31.94,32.39,31.65,32.06,2790532,71.75
2016-05-19,31.74,31.99,31.48,31.91,3181100,71.42
2016-05-20,32.07,32.17,31.95,32.07,2165468,71.77
2016-05-23,31.96,32.03,31.69,31.7,1479304,70.95
2016-05-24,31.96,32.2,31.78,32.07,2513644,71.76
2016-05-25,32.13,32.46,32.06,32.21,1631980,72.09
2016-05-26,32.28,32.35,31.97,32.09,1340248,71.82
2016-05-27,32,32.36,32,32.35,1144104,72.27
2016-05-31,32.16,32.37,32.03,32.37,3429138,72.3
2016-06-01,32.08,32.27,31.87,32.2,2764600,71.92
2016-06-02,32.11,33,31.98,32.98,3225784,73.68
2016-06-03,32.86,33.32,32.77,33.23,2570408,74.24
2016-06-06,33.23,33.32,33.09,33.26,1910168,74.3
2016-06-07,33.35,33.55,33.18,33.36,2498316,74.52
2016-06-08,33.19,33.58,33.12,33.56,2014614,74.96
2016-06-09,33.29,33.56,33.17,33.52,1576234,74.88
2016-06-10,33.3,33.3,32.85,32.98,1837746,73.68
2016-06-13,32.72,32.77,32.18,32.24,3243094,72.02
2016-06-14,31.78,32.25,31.61,32.2,4855182,71.93
2016-06-15,32.23,32.31,31.97,32.24,4879278,72.01
2016-06-16,31.82,32.2,31.68,32.17,3582970,71.86
2016-06-17,32.18,32.18,31.76,31.99,3837536,71.46
2016-06-20,32.39,32.64,32.21,32.26,3948146,72.06
2016-06-21,32.24,32.46,32.21,32.23,3521204,71.99
2016-06-22,32.38,32.5,32.23,32.45,5497864,72.49
2016-06-23,32.85,33.1,32.63,32.92,2601230,73.53
2016-06-24,31.57,32.14,31.01,31.07,6896116,69.41
2016-06-27,30.71,30.83,30.22,30.59,5778282,68.34
2016-06-28,30.79,31.67,30.49,31.61,8429534,70.6
2016-06-29,31.92,32.08,31.52,31.96,16439954,71.39
2016-06-30,31.87,32.4,31.42,32.36,23141146,72.29
2016-07-01,32.51,32.79,31.35,31.97,9515904,71.41
2016-07-05,31.89,31.96,31.19,31.36,6484776,70.05
2016-07-06,31.38,31.58,31,31.48,15200296,70.33
2016-07-07,31.72,32.08,31.53,31.7,6195814,70.82
2016-07-08,32.09,32.23,31.85,32.06,5152676,71.62
2016-07-11,32.23,32.25,31.81,32.1,3233806,71.7
2016-07-12,32.41,32.41,31.9,31.91,6833720,71.28
2016-07-13,32.15,32.21,31.81,31.93,6756870,71.33
2016-07-14,32.06,32.06,31.51,31.92,12154114,71.3
2016-07-15,32.01,32.17,31.32,31.35,6573852,70.03
2016-07-18,31.19,31.33,30.75,31.31,6077418,69.93
2016-07-19,31.2,31.26,30.91,31.23,4115558,69.77
2016-07-20,31.17,31.64,31.14,31.58,2786790,70.54
2016-07-21,31.66,32.04,31.6,31.75,5051288,70.93
2016-07-22,31.72,31.82,31.61,31.68,2208632,70.76
2016-07-25,31.63,31.83,31.47,31.81,2638772,71.06
2016-07-26,31.75,32.05,31.69,31.99,2937482,71.47
2016-07-27,32.06,32.11,31.69,31.85,2384424,71.15
2016-07-28,31.81,31.88,31.55,31.75,2334594,70.92
2016-07-29,31.59,31.76,31.53,31.64,2978788,70.67
2016-08-01,31.76,31.82,31.56,31.65,2834806,70.7
2016-08-02,31.55,31.67,31.26,31.36,2684622,70.05
2016-08-03,31.37,31.48,31.23,31.38,3478288,70.1
2016-08-04,33.38,35.25,33.38,35.15,14942862,78.51
2016-08-05,35.14,35.56,34.88,35.43,6840406,79.15
2016-08-08,35.42,36.01,35.24,35.9,7049948,80.2
2016-08-09,36.09,36.37,35.65,35.84,4510706,80.07
2016-08-10,35.89,36.16,35.68,35.9,3016548,80.19
2016-08-11,36.1,36.18,35.89,36.06,2279518,80.56
2016-08-12,36.1,36.26,35.79,35.95,2279976,80.3
2016-08-15,35.85,36.23,35.85,36.14,2889894,80.74
2016-08-16,36.02,36.15,35.86,35.94,2317050,80.29
2016-08-17,35.91,35.97,35.72,35.93,2350874,80.26
2016-08-18,35.98,36.02,35.76,35.93,4631476,80.27
2016-08-19,35.73,36.1,35.47,36.07,3322004,80.58
2016-08-22,35.87,36.13,35.84,36.13,2389856,80.7
2016-08-23,35.97,36.16,35.93,36.05,2149536,80.53
2016-08-24,35.97,36.13,35.66,35.73,1730272,79.81
2016-08-25,35.71,35.9,35.56,35.73,1717350,79.82
2016-08-26,35.88,35.88,35,35.23,2783038,78.69
2016-08-29,35.25,35.5,35.11,35.34,2565508,78.94
2016-08-30,35.2,35.44,35.18,35.4,1902832,78.95
2016-08-31,35.21,35.57,35.11,35.51,4113948,79.19
2016-09-01,35.6,35.82,35.29,35.81,5101654,79.85
2016-09-02,36.01,36.18,35.89,36.17,2041782,80.66
2016-09-06,36.33,36.41,36.08,36.31,2732380,80.98
2016-09-07,36.18,36.28,35.89,36.16,2337498,80.65
2016-09-08,36.12,36.22,35.88,35.92,1443836,80.1
2016-09-09,35.71,35.71,34.89,34.89,2278894,77.8
2016-09-12,34.72,35.08,34.68,34.98,6940832,78.01
2016-09-13,34.69,35.17,34.49,34.6,3164042,77.16
2016-09-14,34.56,34.8,34.43,34.57,2797274,77.09
2016-09-15,34.64,35.13,34.37,35.11,3660194,78.3
2016-09-16,35.03,35.22,34.79,35.18,10851398,78.46
2016-09-19,35.42,35.42,35.06,35.14,2552542,78.37
2016-09-20,35.41,35.46,35.18,35.24,2065952,78.6
2016-09-21,35.29,35.49,35.01,35.46,2503894,79.09
2016-09-22,35.64,35.84,35.6,35.73,2091046,79.69
2016-09-23,35.56,35.79,35.45,35.58,1658564,79.34
2016-09-26,35.51,35.66,35.42,35.44,1596780,79.04
2016-09-27,35.2,35.75,35.12,35.68,2484378,79.56
2016-09-28,35.65,36.1,35.6,36.07,1625968,80.43
2016-09-29,36.09,36.41,36.06,36.28,3501964,80.9
2016-09-30,36.44,36.88,36.13,36.75,5356278,81.95
2016-10-03,36.57,36.62,36.13,36.25,2211084,80.85
2016-10-04,36.2,36.28,35.6,35.62,1776586,79.43
2016-10-05,35.78,35.81,35.5,35.6,2184242,79.4
2016-10-06,35.63,35.79,35.42,35.67,1855272,79.55
2016-10-07,35.8,35.8,35.06,35.12,1499596,78.32
2016-10-10,35.36,35.55,35.33,35.52,1572676,79.22
2016-10-11,35.4,35.43,34.87,35.15,1697654,78.38
2016-10-12,35.22,35.36,35.07,35.29,787990,78.69
2016-10-13,34.89,35.33,34.69,35.24,1248966,78.6
2016-10-14,35.49,35.78,35.47,35.54,1221878,79.26
2016-10-17,35.65,35.82,35.48,35.66,2940002,79.52
2016-10-18,35.96,36.36,35.85,36.28,2962436,80.92
2016-10-19,36.33,36.83,36.23,36.78,3411808,82.02
2016-10-20,36.69,36.7,35.68,35.92,2801910,80.11
2016-10-21,35.62,35.97,35.28,35.73,1963320,79.68
2016-10-24,35.98,36.22,35.86,36.01,2289336,80.31
2016-10-25,35.88,35.99,35.72,35.76,1588378,79.75
2016-10-26,35.75,35.98,35.51,35.66,1857680,79.53
2016-10-27,35.49,35.54,35.13,35.14,2694616,78.36
2016-10-28,35.13,35.26,34.33,34.57,4685596,77.1
2016-10-31,34.6,34.81,34.27,34.56,3585106,77.07
2016-11-01,34.63,34.7,34.19,34.47,3329542,76.87
2016-11-02,34.42,34.6,34.08,34.49,3708836,76.92
2016-11-03,34.48,35.3,34.14,35.08,4215364,78.24
2016-11-04,34.98,35.01,34.28,34.29,2614014,76.48
2016-11-07,34.82,35.29,34.65,35.25,3791396,78.62
2016-11-08,35.2,35.72,35.07,35.69,2581216,79.6
2016-11-09,35.2,35.42,34.67,35.24,3915586,78.59
2016-11-10,35.33,35.35,33.7,34.03,6107136,75.89
2016-11-11,33.86,34.1,33.45,34.07,2978556,75.97
2016-11-14,34.19,34.23,33.56,34.16,3722652,76.17
2016-11-15,34.18,34.42,34.07,34.25,2282868,76.39
2016-11-16,34.17,34.33,33.93,34.3,2632628,76.49
2016-11-17,34.34,34.55,34.23,34.3,1983770,76.49
2016-11-18,34.26,34.42,34.16,34.25,1125676,76.39
2016-11-21,34.23,34.31,33.91,34.12,2159956,76.1
2016-11-22,34.23,34.41,33.83,34.38,5285862,76.68
2016-11-23,34.3,35.01,34.29,34.82,3158560,77.66
2016-11-25,34.9,35,34.5,34.55,1293994,77.05
2016-11-28,34.46,34.87,34.39,34.68,1941998,77.34
2016-11-29,34.54,34.95,34.49,34.61,1828818,77.05
2016-11-30,34.74,34.84,33.7,33.71,5391436,75.06
2016-12-01,33.88,33.88,32.53,32.84,4522464,73.11
2016-12-02,32.85,33.39,32.83,33.33,3575296,74.21
2016-12-05,33.46,33.6,32.9,33.05,2650658,73.59
2016-12-06,32.84,33.48,32.84,33.33,2229674,74.2
2016-12-07,33.44,33.95,33.26,33.95,2629254,75.58
2016-12-08,34.15,34.3,33.99,34.17,2424532,76.07
2016-12-09,34.2,34.53,34.15,34.51,2312644,76.84
2016-12-12,34.69,35.13,34.23,34.28,2690784,76.31
2016-12-13,34.25,34.74,34.09,34.71,3018656,77.28
2016-12-14,34.68,34.72,33.62,33.68,3488940,74.98
2016-12-15,33.65,34.54,33.62,34.27,4547826,76.3
2016-12-16,34.46,34.59,34.17,34.43,7087476,76.66
2016-12-19,34.33,34.4,33.99,34.37,2237806,76.53
2016-12-20,34.29,34.31,33.99,34.28,2507058,76.31
2016-12-21,34.32,34.59,34.21,34.28,3817782,76.31
2016-12-22,34.28,34.35,34.1,34.34,1844210,76.45
2016-12-23,34.34,34.39,34.15,34.24,792758,76.22
2016-12-27,34.29,34.52,34.2,34.35,807366,76.47
2016-12-28,34.55,34.59,34.09,34.14,1586348,76.01
2016-12-29,34.28,34.28,33.85,34,1302398,75.69
2016-12-30,34.18,34.18,33.6,33.72,2097346,75.07
2017-01-03,34.01,34.2,33.7,34.02,2022530,75.75
2017-01-04,34.05,34.57,34.03,34.54,2402526,76.9
2017-01-05,34.45,34.64,34.26,34.52,2128380,76.86
2017-01-06,34.55,34.74,34.41,34.68,1090908,77.2
2017-01-09,34.62,34.7,34.07,34.13,1479270,75.98
2017-01-10,34.06,34.32,33.8,33.97,2865976,75.62
2017-01-11,33.86,34.48,33.84,34.46,1708336,76.71
2017-01-12,34.27,34.67,34.09,34.61,1753908,77.05
2017-01-13,34.67,34.69,33.93,34.21,2246846,76.17
2017-01-17,34.15,34.37,34,34.36,1641194,76.49
2017-01-18,34.49,34.69,34.29,34.58,1863936,76.98
2017-01-19,34.57,34.73,33.92,33.96,1390012,75.61
2017-01-20,34.1,34.1,33.43,33.68,2833114,74.98
2017-01-23,33.7,33.91,33.57,33.86,2458222,75.38
2017-01-24,34.01,34.41,34.01,34.34,2021694,76.46
2017-01-25,34.44,34.58,34.3,34.47,1801106,76.75
2017-01-26,34.41,34.43,33.73,34.3,3609846,76.36
2017-01-27,34.39,34.56,34.24,34.56,1531346,76.94
2017-01-30,34.43,34.43,33.79,34.35,1986192,76.48
2017-01-31,34.35,34.39,34.04,34.25,2693678,76.26
2017-02-01,34.38,34.63,33.89,34.37,3333060,76.53
2017-02-02,34.14,34.24,32.75,32.93,7718014,73.32
2017-02-03,33.12,33.6,32.92,33.17,5178918,73.84
2017-02-06,32.89,33.03,32.63,32.76,3867978,72.94
2017-02-07,32.9,32.9,32.4,32.62,3705002,72.62
2017-02-08,32.48,33.46,32.48,33.44,4446006,74.46
2017-02-09,33.33,33.4,33.2,33.27,2176792,74.08
2017-02-10,33.37,33.54,33.24,33.39,1864772,74.33
2017-02-13,33.51,33.62,33.14,33.17,2902020,73.85
2017-02-14,33.15,33.34,32.98,33.12,1651768,73.74
2017-02-15,33.1,33.22,32.82,32.84,3022320,73.12
2017-02-16,32.96,33.16,32.74,32.78,2932468,72.98
2017-02-17,32.77,32.99,32.62,32.91,5806414,73.27
2017-02-21,32.97,33.17,32.91,33.1,3042862,73.7
2017-02-22,32.98,33.17,32.87,32.99,2834078,73.44
2017-02-23,33.13,33.4,33,33.25,4568326,74.03
2017-02-24,33.14,33.18,32.63,32.82,3321012,73.07
2017-02-27,32.83,33.15,32.78,33.07,1598282,73.5
2017-02-28,33.05,33.29,33.05,33.09,2334006,73.53
2017-03-01,33.4,33.79,33.23,33.75,3936752,75
2017-03-02,32.78,33.5,32.78,32.97,3406198,73.27
2017-03-03,33,33.28,32.89,33.21,2977126,73.81
2017-03-06,32.94,33.03,32.54,32.73,2530416,72.73
2017-03-07,32.68,32.77,32.46,32.52,1656452,72.28
2017-03-08,32.52,32.73,32.4,32.7,1725954,72.68
2017-03-09,32.72,33.03,32.57,33,3268858,73.35
2017-03-10,33.1,33.38,32.97,33.18,2250014,73.74
2017-03-13,33.47,33.5,33.26,33.44,3778826,74.32
2017-03-14,33.32,33.47,33.24,33.32,2358070,74.05
2017-03-15,33.48,33.81,33.29,33.72,3073226,74.94
2017-03-16,33.77,33.78,33.55,33.63,2305200,74.75
2017-03-17,33.74,33.83,33.67,33.8,3462218,75.12
2017-03-20,33.79,34.02,33.66,33.89,2625132,75.31
2017-03-21,33.9,33.95,33.24,33.29,2993358,73.98
2017-03-22,33.32,33.51,33.12,33.46,1772300,74.36
2017-03-23,33.41,33.75,33.32,33.44,2192188,74.31
2017-03-24,33.42,33.47,32.88,33.18,2561802,73.73
2017-03-27,32.76,33.18,32.69,33.18,2973608,73.73
2017-03-28,33.06,33.34,32.9,33.3,2625510,74
2017-03-29,33.17,33.27,32.86,33.1,3135698,73.57
2017-03-30,33.07,33.18,33.01,33.13,2363432,73.62
2017-03-31,33.02,33.49,32.98,33.41,4779472,74.26
2017-04-03,33.36,33.45,32.92,33,3844784,73.35
2017-04-04,32.98,33.04,32.74,33.02,2656612,73.39
2017-04-05,33.07,33.22,32.68,32.69,3206748,72.65
2017-04-06,32.69,32.86,32.55,32.58,3333652,72.4
2017-04-07,32.49,32.64,32.37,32.5,1951988,72.23
2017-04-10,32.43,32.69,32.28,32.5,1524466,72.22
2017-04-11,32.44,32.53,32.15,32.51,2011748,72.25
2017-04-12,32.5,32.65,32.17,32.28,3643962,71.74
2017-04-13,32.24,32.41,32.08,32.19,2882874,71.53
2017-04-17,32.33,32.54,32.27,32.53,2295950,72.3
2017-04-18,32.38,32.6,32.3,32.52,2784044,72.28
2017-04-19,32.74,32.96,32.64,32.76,2666158,72.8
2017-04-20,33.01,33.12,32.76,32.97,2106068,73.27
2017-04-21,32.92,33.2,32.91,33.15,2514864,73.68
2017-04-24,33.4,33.5,33.22,33.47,3236654,74.39
2017-04-25,33.54,33.92,33.48,33.81,3832022,75.14
2017-04-26,33.84,34,33.76,33.82,2902442,75.17
2017-04-27,33.82,34.81,33.76,34.8,5017806,77.35
2017-04-28,34.78,34.89,34.55,34.6,4187740,76.89
2017-05-01,34.67,34.8,34.61,34.61,2213028,76.92
2017-05-02,34.64,34.78,34.4,34.56,2664454,76.8
2017-05-03,34.48,34.58,34.24,34.3,4404792,76.22
2017-05-04,35.65,36.56,35.37,36.22,7367228,80.49
2017-05-05,36,36.27,35.91,36.01,5026568,80.04
2017-05-08,35.97,36.02,35.74,35.82,4107820,79.61
2017-05-09,35.81,35.95,35.59,35.83,2746624,79.64
2017-05-10,35.76,36.19,35.7,36.08,2193782,80.19
2017-05-11,36.04,36.13,35.74,36,2307686,80
2017-05-12,35.88,36.32,35.88,36.16,1839950,80.36
2017-05-15,36.13,36.46,36.06,36.35,1615804,80.78
2017-05-16,36.34,36.46,36.19,36.36,1824572,80.81
2017-05-17,36.07,36.34,35.96,35.98,2167221,39.98
2017-05-18,35.63,35.89,35.4,35.77,3228270,39.75
2017-05-19,36.1,36.16,35.78,36.03,2433129,40.04
2017-05-22,36.03,36.35,35.92,36.16,1500445,40.18
2017-05-23,36.25,36.59,36.02,36.11,1707365,40.13
2017-05-24,36.07,36.34,36.07,36.28,2884573,40.32
2017-05-25,36.46,36.71,36.34,36.64,1531830,40.72
2017-05-26,36.57,36.65,36.46,36.62,1647706,40.69
2017-05-30,36.51,36.9,36.28,36.83,2490465,40.83
2017-05-31,36.81,37.03,36.72,36.9,2935343,40.9
2017-06-01,36.96,37.47,36.82,37.37,1495910,41.42
2017-06-02,37.33,37.73,37.25,37.31,2243829,41.36
2017-06-05,37.35,37.48,37.09,37.17,3944377,41.2
2017-06-06,37,37.38,36.97,36.98,1910113,40.99
2017-06-07,37.1,37.1,36.71,36.74,2278042,40.73
2017-06-08,36.67,36.82,36.22,36.55,2621989,40.51
2017-06-09,36.55,36.62,36.21,36.34,2325712,40.28
2017-06-12,36.18,36.5,36.14,36.47,2359360,40.43
2017-06-13,36.5,37.2,36.46,37.18,2587654,41.21
2017-06-14,37.27,37.47,37.16,37.24,3494369,41.28
2017-06-15,36.84,37.14,36.66,37.12,1687435,41.15
2017-06-16,37.29,37.44,36.88,37.13,3612895,41.16
2017-06-19,37.28,37.89,37.08,37.79,2336403,41.89
2017-06-20,37.67,37.98,37.49,37.7,2311365,41.79
2017-06-21,37.67,38.09,37.53,37.69,1876361,41.78
2017-06-22,37.69,37.87,37.59,37.59,2360489,41.67
2017-06-23,37.66,38.16,37.46,37.95,6282474,42.07
2017-06-26,38.04,38.3,37.93,38.15,2003237,42.29
2017-06-27,38.14,38.27,37.8,37.97,2761360,42.09
2017-06-28,38.08,38.55,38.03,38.36,2719627,42.52
2017-06-29,38.39,38.42,37.72,37.92,1756283,42.03
2017-06-30,37.98,38.26,37.98,38.08,1976785,42.21
2017-07-03,38.29,38.58,38.22,38.31,1009289,42.47
2017-07-05,38.35,38.67,38.25,38.41,3038109,42.58
2017-07-06,38.31,38.42,37.87,37.91,2293609,42.02
2017-07-07,38.01,38.23,37.9,38.16,2288365,42.3
2017-07-10,38,38.23,37.92,38.03,2654700,42.16
2017-07-11,38.07,38.07,37.51,37.58,3498104,41.66
2017-07-12,37.73,37.95,37.57,37.85,2126765,41.96
2017-07-13,37.92,37.97,37.57,37.64,1471012,41.72
2017-07-14,37.77,38.16,37.77,37.98,2788182,42.1
2017-07-17,37.95,38.29,37.83,38.28,2034352,42.43
2017-07-18,38.23,38.32,38.12,38.27,1436085,42.42
2017-07-19,38.34,38.45,38.12,38.37,1587804,42.53
2017-07-20,38.34,38.48,38.06,38.27,1550670,42.42
2017-07-21,38.19,38.75,38.13,38.72,1589909,42.92
2017-07-24,38.67,38.77,38.41,38.5,1527002,42.68
2017-07-25,38.75,38.85,38.29,38.35,1798803,42.51
2017-07-26,38.39,38.49,38.2,38.26,1434995,42.41
2017-07-27,38.28,38.3,37.9,38.15,1839597,42.29
2017-07-28,38.16,38.22,37.73,37.79,2041666,41.89
2017-07-31,37.88,37.91,37.44,37.8,3173651,41.9
2017-08-01,37.96,38.11,37.81,37.88,2976651,41.99
2017-08-02,37.75,37.93,37.51,37.78,2509050,41.88
2017-08-03,37.71,37.97,36.23,36.64,4713399,40.61
2017-08-04,36.61,36.81,36.2,36.59,3182541,40.56
2017-08-07,36.72,37.38,36.72,37.14,3772099,41.17
2017-08-08,37.03,37.22,36.93,37.07,3794247,41.09
2017-08-09,36.89,37.25,36.18,36.34,4338274,40.28
2017-08-10,36.28,36.49,36.08,36.13,2224344,40.05
2017-08-11,36,36.39,36,36.23,1833324,40.16
2017-08-14,36.52,36.85,36.52,36.66,1528972,40.64
2017-08-15,36.54,36.63,36.28,36.37,2083333,40.32
2017-08-16,36.57,36.88,36.55,36.83,1350648,40.82
2017-08-17,36.63,36.81,36.26,36.33,4074430,40.27
2017-08-18,36.26,36.37,36,36.19,2686659,40.12
2017-08-21,36.15,36.23,35.61,35.72,2575706,39.59
2017-08-22,35.74,35.97,35.74,35.87,1486411,39.76
2017-08-23,35.71,35.81,35.43,35.54,2017739,39.39
2017-08-24,35.66,35.68,35.13,35.37,1783779,39.21
2017-08-25,35.54,35.54,35.22,35.45,1706962,39.3
2017-08-28,35.48,35.51,35.2,35.26,1795759,39.08
2017-08-29,35.14,35.26,34.99,35.24,1960096,39.06
2017-08-30,35.19,35.82,35.17,35.74,1785257,39.51
2017-08-31,36.01,36.58,35.92,36.17,2438341,39.99
2017-09-01,36.37,36.49,36.2,36.31,1688957,40.15
2017-09-05,36.29,36.4,35.98,36.17,4454565,39.99
2017-09-06,36.26,36.34,35.83,36.18,2487547,40
2017-09-07,36.21,36.41,35.76,36.41,2665384,40.26
2017-09-08,36.4,36.5,36.25,36.43,2128571,40.28
2017-09-11,36.68,37.23,36.55,37.03,3042995,40.94
2017-09-12,37.04,37.15,36.8,36.83,1611011,40.72
2017-09-13,36.78,36.84,36.4,36.5,2058111,40.36
2017-09-14,36.42,36.68,36.27,36.55,2111840,40.41
2017-09-15,36.48,36.67,36.42,36.66,2515970,40.53
2017-09-18,36.84,36.95,36.73,36.88,1768157,40.78
2017-09-19,37.15,37.15,36.46,36.73,1710947,40.61
2017-09-20,36.78,37.02,36.73,36.88,1680046,40.78
2017-09-21,36.82,36.99,36.69,36.9,1345139,40.8
2017-09-22,36.89,37.21,36.79,37.08,1932891,41
2017-09-25,37.14,37.14,36.71,36.91,2632859,40.81
2017-09-26,37,37.12,36.85,37.06,1867901,40.97
2017-09-27,37.07,37.28,36.8,37.07,3370506,40.99
2017-09-28,36.95,37.53,36.95,37.46,2171201,41.42
2017-09-29,37.42,37.44,37.09,37.35,3288215,41.3
2017-10-02,37.3,37.48,37.07,37.41,2546534,41.36
2017-10-03,37.51,37.74,37.31,37.61,2304881,41.58
2017-10-04,37.64,37.91,37.42,37.77,1932686,41.76
2017-10-05,37.82,38.07,37.73,38.01,2284040,42.03
2017-10-06,37.86,38.12,37.77,38.01,1372554,42.02
2017-10-09,38.01,38.12,37.81,38.04,1592493,42.06
2017-10-10,38.22,38.56,38.12,38.44,2254102,42.5
2017-10-11,38.44,38.55,38.15,38.26,2880929,42.3
2017-10-12,38.2,38.35,38.14,38.21,2106716,42.25
2017-10-13,38.28,38.55,38.26,38.3,2198779,42.35
2017-10-16,38.34,38.34,37.94,38.16,2056814,42.19
2017-10-17,38.1,38.21,37.82,37.97,1647452,41.98
2017-10-18,38.04,38.22,38.01,38.09,1528183,42.11
2017-10-19,38.01,38.08,37.7,37.93,2660832,41.94
2017-10-20,38.16,38.26,37.91,38.26,1653308,42.3
2017-10-23,38.57,39,38.31,38.81,2949924,42.91
2017-10-24,38.94,38.96,38.59,38.82,2577640,42.92
2017-10-25,38.76,38.82,38.2,38.39,1852846,42.45
2017-10-26,38.67,38.79,38.41,38.65,1865666,42.73
2017-10-27,38.68,38.82,38.27,38.68,1961068,42.77
2017-10-30,38.6,38.76,38.36,38.57,1336307,42.64
2017-10-31,38.67,38.89,38.48,38.83,1811197,42.93
2017-11-01,39.07,39.11,38.54,38.62,2389467,42.7
2017-11-02,38.56,38.73,36.42,37.81,6144049,41.8
2017-11-03,37.82,38.07,37.47,37.76,3212028,41.75
2017-11-06,37.82,37.82,37.22,37.49,2988546,41.45
2017-11-07,37.53,37.72,37.12,37.13,2594670,41.05
2017-11-08,37.13,37.23,36.78,36.85,3469852,40.74
2017-11-09,36.59,36.89,36.3,36.47,3042978,40.32
2017-11-10,36.35,36.42,36.12,36.16,2999908,39.98
2017-11-13,36.02,36.5,35.98,36.46,5243440,40.31
2017-11-14,36.26,36.44,36.09,36.17,3204319,39.99
2017-11-15,36.02,36.31,35.6,35.62,3627680,39.38
2017-11-16,35.73,36.8,35.68,36.65,3424631,40.52
2017-11-17,36.38,36.63,36.13,36.16,3299861,39.98
2017-11-20,36.17,36.21,35.79,35.94,2691357,39.74
2017-11-21,36.11,36.17,35.78,35.82,2602123,39.6
2017-11-22,35.94,35.97,35.65,35.74,1747159,39.52
2017-11-24,35.92,36.15,35.82,36.12,786374,39.94
2017-11-27,36.18,36.43,36.12,36.21,2151887,40.04
2017-11-28,36.39,36.47,35.64,35.8,2651567,39.58
2017-11-29,35.78,35.92,35.68,35.78,2197340,39.56
2017-11-30,35.77,36.3,35.73,36.19,2949382,39.91
2017-12-01,36.3,36.34,35.35,36.03,1807617,39.74
2017-12-04,36.76,37.33,36.39,36.86,3621679,40.65
2017-12-05,36.87,37.12,36.65,36.99,2501964,40.79
2017-12-06,37,37.24,36.91,37,2705063,40.8
2017-12-07,36.88,37.1,36.85,37,2090546,40.81
2017-12-08,36.51,36.54,35.01,35.91,6971231,39.6
2017-12-11,35.92,36.22,35.65,35.91,3356456,39.6
2017-12-12,35.91,35.99,35.2,35.26,4790900,38.89
2017-12-13,35.27,35.44,34.96,35.04,3524594,38.64
2017-12-14,35.1,35.18,34.69,34.72,2607193,38.29
2017-12-15,35.19,35.86,34.81,35.73,8504156,39.4
2017-12-18,35.94,36.11,34.9,34.94,4523940,38.53
2017-12-19,35.03,35.54,34.69,34.69,4732892,38.26
2017-12-20,34.7,34.83,34.23,34.45,6124439,37.99
2017-12-21,34.64,34.68,34.08,34.12,2497608,37.63
2017-12-22,34.07,34.43,33.88,34.43,2908540,37.97
2017-12-26,34.45,34.46,33.94,34.09,3251903,37.6
2017-12-27,34.17,34.3,33.93,34.06,2062959,37.56
2017-12-28,34.16,34.4,33.96,34.38,1856161,37.92
2017-12-29,34.38,34.54,34.19,34.32,1840755,37.85
2018-01-02,34.57,35.05,34.56,35.03,3150802,38.63
2018-01-03,35.05,35.07,34.77,34.94,2714302,38.53
2018-01-04,35.03,35.22,34.73,34.77,2457695,38.35
2018-01-05,34.87,35.07,34.68,34.99,2568922,38.59
2018-01-08,34.97,35.2,34.88,35.02,3178098,38.62
2018-01-09,35.11,35.2,34.89,34.91,2750376,38.5
2018-01-10,34.82,34.87,34.26,34.32,2793065,37.85
2018-01-11,34.31,34.86,34.18,34.8,3977709,38.38
2018-01-12,34.88,34.88,34.18,34.37,4771849,37.9
2018-01-16,34.37,34.95,34.37,34.81,5415419,38.39
2018-01-17,35.64,36.22,35.29,35.4,4724316,39.04
2018-01-18,35.27,35.62,35.11,35.17,3984081,38.79
2018-01-19,35.21,35.3,34.9,35.11,4545778,38.72
2018-01-22,35.02,35.02,34.07,34.24,4397630,37.76
2018-01-23,34.18,34.83,34.06,34.82,3381374,38.4
2018-01-24,35,35.34,34.95,35.22,3363538,38.84
2018-01-25,35.45,35.64,35.18,35.55,2696681,39.21
2018-01-26,35.62,35.62,34.55,34.57,3478383,38.12
2018-01-29,34.61,34.77,34.01,34.12,5197433,37.63
2018-01-30,34.01,34.34,33.91,34.07,3875157,37.57
2018-01-31,34.16,34.74,34.07,34.71,5211293,38.28
2018-02-01,34.57,35.09,34.43,34.77,3124633,38.35
2018-02-02,34.55,34.63,33.96,33.97,2086982,37.46
2018-02-05,33.84,34.14,33.11,33.11,3527135,36.51
2018-02-06,32.38,33.56,32.28,33.49,6559464,36.93
2018-02-07,36.35,36.72,35.64,35.66,7881430,39.33
2018-02-08,35.42,35.5,34.55,34.86,7641664,38.44
2018-02-09,35.07,35.12,33.32,34.34,6825188,37.87
2018-02-12,34.79,34.95,33.91,34.03,5958193,37.53
2018-02-13,33.89,34.28,33.85,34.24,3996471,37.76
2018-02-14,34,34.65,33.87,34.57,6084472,38.12
2018-02-15,34.89,35.55,34.73,35.47,3272266,39.12
2018-02-16,35.37,36.06,35.08,35.93,2815391,39.62
2018-02-20,35.66,35.77,35.43,35.55,4511725,39.21
2018-02-21,35.51,35.93,35.45,35.49,3996731,39.14
2018-02-22,35.54,36.15,35.54,35.86,3166722,39.55
2018-02-23,35.87,36.05,35.72,36.03,1935456,39.73
2018-02-26,36.12,36.35,35.83,36.34,1455292,40.08
2018-02-27,36.36,36.49,36.23,36.28,2499853,40.01
2018-02-28,36.28,36.8,36.24,36.32,4303501,39.95
2018-03-01,36.41,36.62,35.52,35.91,4352127,39.5
2018-03-02,35.72,36.11,35.06,35.82,2963489,39.4
2018-03-05,35.62,36.31,35.28,36.3,4082798,39.93
2018-03-06,36.36,37,36.14,36.87,2803706,40.56
2018-03-07,36.58,37.34,36.53,37.03,2834507,40.74
2018-03-08,37.01,37.42,36.86,37.29,3015673,41.02
2018-03-09,37.42,38.06,37.19,38.01,4120316,41.81
2018-03-12,38.12,38.12,37.71,37.86,2644741,41.65
2018-03-13,38.03,38.17,37.76,37.83,2223656,41.62
2018-03-14,37.95,38,37.13,37.22,2464700,40.94
2018-03-15,37.34,37.54,37.12,37.24,2275894,40.97
2018-03-16,37.27,37.43,36.76,36.91,5075175,40.6
2018-03-19,36.86,36.87,36.36,36.57,3518736,40.23
2018-03-20,36.62,36.7,36,36.26,2366202,39.89
2018-03-21,36.3,36.48,36.04,36.2,1701063,39.82
2018-03-22,35.96,36.32,35.57,35.58,2617693,39.14
2018-03-23,35.53,35.93,35.17,35.24,3203899,38.77
2018-03-26,35.55,35.75,35.28,35.73,2857900,39.31
2018-03-27,35.72,36.24,35.45,35.62,2636384,39.19
2018-03-28,35.62,35.92,35.3,35.62,2578698,39.19
2018-03-29,35.81,36.29,35.72,36.1,2209436,39.71
2018-04-02,35.96,36.16,35.03,35.35,2159225,38.89
2018-04-03,35.37,36.11,35.15,36.05,2659407,39.66
2018-04-04,35.64,36.57,35.62,36.44,4129635,40.09
2018-04-05,36.59,36.73,36.41,36.62,3333903,40.28
2018-04-06,36.33,36.45,35.43,35.69,2630282,39.26
2018-04-09,35.85,36.05,35.55,35.72,2442573,39.3
2018-04-10,36.08,36.62,36.02,36.49,1831392,40.14
2018-04-11,36.32,36.84,36.21,36.59,1650714,40.25
2018-04-12,36.71,36.97,36.47,36.82,2547933,40.51
2018-04-13,36.96,37.12,36.81,36.94,2516571,40.64
2018-04-16,37.09,37.18,36.8,37.05,1720300,40.76
2018-04-17,37.22,37.73,37.15,37.64,2742000,41.41
2018-04-18,37.62,37.82,37.24,37.5,1820572,41.25
2018-04-19,37.52,37.67,37.02,37.2,1894855,40.92
2018-04-20,37.31,37.49,36.85,36.97,2222974,40.67
2018-04-23,36.92,37.22,36.62,36.81,1888158,40.49
2018-04-24,37.02,37.04,36.07,36.51,2941028,40.16
2018-04-25,36.38,36.82,36.14,36.56,2327933,40.22
2018-04-26,36.75,36.99,36.55,36.75,2416831,40.43
2018-04-27,36.72,36.92,36.39,36.86,2944457,40.55
2018-04-30,36.96,37.14,36.35,36.44,3419969,40.09
2018-05-01,36.34,36.56,35.37,35.69,2815304,39.26
2018-05-02,35.75,35.98,34.69,35,6036004,38.5
2018-05-03,35.17,35.52,33.4,34.47,9353815,37.92
2018-05-04,34.19,35.22,34.18,35.03,3799475,38.54
2018-05-07,35.01,35.21,34.65,34.74,3132144,38.22
2018-05-08,34.73,35.03,34.47,34.61,4936271,38.07
2018-05-09,34.72,35.24,34.62,35.08,3112025,38.59
2018-05-10,35.16,35.39,35.06,35.28,1927763,38.81
2018-05-11,35.29,35.38,34.82,35.04,2543850,38.55
2018-05-14,35.12,35.25,34.79,34.87,2298816,38.36
2018-05-15,34.46,34.72,34.2,34.31,2230916,37.74
2018-05-16,34.37,34.7,34.27,34.68,2724321,38.15
2018-05-17,34.58,34.72,34.41,34.53,1852193,37.99
2018-05-18,34.1,34.66,33.96,34.51,2570834,37.96
2018-05-21,34.63,34.64,34.5,34.56,2090653,38.02
2018-05-22,34.51,35.12,34.45,34.87,2375450,38.36
2018-05-23,34.62,34.88,34.54,34.86,1561569,38.35
2018-05-24,34.88,34.97,34.67,34.86,1498972,38.35
2018-05-25,34.82,34.94,34.68,34.88,1468070,38.37
2018-05-29,34.3,34.75,33.57,34.17,2485189,37.59
2018-05-30,34.26,34.51,34.14,34.24,2234914,37.67
2018-05-31,34.34,34.35,33.59,33.68,5440208,36.95
2018-06-01,33.87,33.9,33.45,33.5,2680791,36.76
2018-06-04,33.55,33.68,33.42,33.55,2570360,36.81
2018-06-05,33.58,33.82,33.35,33.4,3142210,36.65
2018-06-06,33.71,33.71,32.97,33.48,3398017,36.73
2018-06-07,33.55,34.06,33.47,34.02,2931575,37.33
2018-06-08,33.93,34.43,33.82,34.27,3142386,37.6
2018-06-11,34.25,34.59,34.25,34.46,2708294,37.81
2018-06-12,34.41,34.62,34.35,34.47,2215227,37.82
2018-06-13,34.59,34.62,33.81,33.82,2243761,37.11
2018-06-14,33.91,34.01,33.53,33.61,3388609,36.88
2018-06-15,33.48,33.58,33.12,33.4,5947312,36.65
2018-06-18,33.27,33.64,33.05,33.49,4437730,36.74
2018-06-19,33.21,33.41,32.61,32.78,4334599,35.97
2018-06-20,32.92,32.98,32.52,32.56,4976011,35.72
2018-06-21,32.58,32.59,32.01,32.16,3986074,35.28
2018-06-22,32.96,33.1,32.33,32.73,9908045,35.91
2018-06-25,32.58,32.81,32.33,32.74,3641303,35.92
2018-06-26,32.78,32.78,32.47,32.57,3756647,35.74
2018-06-27,32.63,32.81,32.12,32.14,2686353,35.26
2018-06-28,32.07,32.17,31.64,32.13,2111366,35.25
2018-06-29,32.22,32.68,32.16,32.4,2904740,35.55
2018-07-02,31.97,32.59,31.97,32.59,1968636,35.76
2018-07-03,32.77,33.08,32.67,32.91,1775269,36.11
2018-07-05,32.99,33.24,32.64,33.22,3589480,36.45
2018-07-06,33.19,33.7,33.09,33.6,2381506,36.87
2018-07-09,33.75,34.13,33.66,33.78,3178764,37.06
2018-07-10,33.98,34.49,33.81,34.32,3660353,37.65
2018-07-11,34,34.47,34,34.42,2893636,37.76
2018-07-12,34.59,34.79,34.5,34.52,2790348,37.87
2018-07-13,34.35,34.43,34.17,34.29,2541109,37.62
2018-07-16,34.34,34.38,33.95,34.1,2892271,37.41
2018-07-17,34.01,34.98,34.01,34.86,2074435,38.25
2018-07-18,34.84,34.95,34.43,34.71,2071303,38.08
2018-07-19,34.63,35.15,34.28,34.88,2752862,38.27
2018-07-20,34.85,34.85,34.24,34.26,2532460,37.59
2018-07-23,34.26,34.65,34.11,34.53,1616458,37.88
2018-07-24,34.63,35.12,34.62,34.75,1829061,38.13
2018-07-25,34.61,34.85,34.43,34.74,2069001,38.12
2018-07-26,34.8,35.23,34.63,35.14,2204181,38.55
2018-07-27,35.3,35.56,35.16,35.34,1496784,38.77
2018-07-30,35.27,35.51,35.04,35.16,2487765,38.58
2018-07-31,35.27,35.54,35.09,35.52,3265623,38.97
2018-08-01,35.4,36.09,35.38,35.85,5458528,39.33
2018-08-02,35.27,37.2,34.63,36.94,4338553,40.53
2018-08-03,36.83,37.9,36.83,37.75,3881320,41.42
2018-08-06,37.57,38.18,37.55,37.78,3821831,41.45
2018-08-07,37.75,38.22,37.75,38.04,2956209,41.74
2018-08-08,37.94,37.98,37.75,37.79,1559784,41.46
2018-08-09,37.73,38.15,37.56,37.6,3620628,41.25
2018-08-10,37.38,37.41,36.71,36.75,2945333,40.32
2018-08-13,36.77,36.96,36.01,36.14,6180586,39.65
2018-08-14,36.24,36.44,35.98,36.18,3270891,39.7
2018-08-15,36,36.64,35.92,36.56,3631057,40.11
2018-08-16,36.74,36.96,36.66,36.73,2254847,40.3
2018-08-17,36.67,37.17,36.45,37.06,7369714,40.66
2018-08-20,37.2,37.49,37.04,37.3,3610920,40.92
2018-08-21,37.35,37.64,37.3,37.43,2341044,41.07
2018-08-22,37.5,37.51,36.9,37.06,1643275,40.66
2018-08-23,36.99,37.16,36.81,37.08,1635322,40.68
2018-08-24,37.25,37.55,37.11,37.45,1627089,41.09
2018-08-27,37.55,38.34,37.55,38.14,2734959,41.85
2018-08-28,38.14,38.43,37.92,37.98,1718819,41.67
2018-08-29,38.08,38.36,37.97,38.13,2042596,41.84
2018-08-30,38,38.25,38,38.13,2703105,41.84
2018-08-31,38.1,38.39,38.01,38.26,3152567,41.88
2018-09-04,38.05,38.14,37.77,37.84,2805264,41.42
2018-09-05,37.79,38.41,37.78,38.33,2847525,41.95
2018-09-06,38.48,38.71,38.24,38.5,3300266,42.14
2018-09-07,38.38,38.93,38.36,38.76,2549962,42.42
2018-09-10,38.93,39.53,38.88,39.45,2607067,43.18
2018-09-11,39.29,39.31,38.76,39.09,2822369,42.79
2018-09-12,39.09,39.72,39.03,39.47,2562307,43.2
2018-09-13,39.73,40.16,39.58,40.03,2632449,43.81
2018-09-14,40.09,40.53,39.92,40.33,3358216,44.14
2018-09-17,40.36,40.5,40.14,40.33,3270626,44.14
2018-09-18,40.42,41.3,40.4,41.04,4063149,44.92
2018-09-19,40.98,41.04,40.4,40.41,3981950,44.23
2018-09-20,40.74,40.74,40.46,40.56,5734820,44.39
2018-09-21,40.56,40.9,40.46,40.72,5310547,44.57
2018-09-24,40.75,41.08,40.47,40.99,3031730,44.86
2018-09-25,40.99,41.08,40.33,40.4,3984936,44.22
2018-09-26,40.45,40.8,40.22,40.47,2458256,44.3
2018-09-27,40.43,40.76,40.32,40.33,1912234,44.14
2018-09-28,40.27,40.48,40.05,40.19,2573944,43.99
2018-10-01,40.46,40.46,39.98,40.09,3043587,43.88
2018-10-02,40.1,40.84,39.99,40.61,1965046,44.45
2018-10-03,40.91,41.66,40.88,41.41,5018424,45.32
2018-10-04,41.35,41.86,41.23,41.85,4293775,45.81
2018-10-05,41.8,42.19,41.67,41.96,6290865,45.93
2018-10-08,41.96,42.66,41.91,42.35,3469622,46.35
2018-10-09,42.18,42.25,41.74,41.77,5043866,45.72
2018-10-10,41.69,41.7,40,40.07,4925600,43.86
2018-10-11,40.11,40.56,39.68,39.75,6765542,43.51
2018-10-12,40.12,40.56,39.87,40.35,4419031,44.16
2018-10-15,40.26,40.96,40.18,40.75,3069618,44.6
2018-10-16,41.09,42.16,40.98,42.12,3125871,46.1
2018-10-17,42.12,42.42,41.88,42.21,3155445,46.2
2018-10-18,41.74,42.84,41.7,42.21,4730800,46.2
2018-10-19,42.41,42.41,41.67,41.96,3493074,45.93
2018-10-22,42.06,42.16,41.21,41.23,3254604,45.13
2018-10-23,40.77,41.51,40.4,41.21,2503099,45.11
2018-10-24,41.03,41.3,39.86,39.88,3641224,43.65
2018-10-25,40.14,40.28,39.5,39.58,4857931,43.32
2018-10-26,39.26,39.9,38.84,39.64,3758050,43.39
2018-10-29,40.17,40.94,39.6,40.08,3563955,43.87
2018-10-30,40.05,41.17,40.02,41.09,3292465,44.97
2018-10-31,41.39,41.58,40.7,40.93,3730548,44.8
2018-11-01,41.39,43.85,40.66,43.51,6491775,47.62
2018-11-02,43.77,44.28,42.6,43.27,4920947,47.36
2018-11-05,43.3,43.78,43.12,43.31,3453745,47.41
2018-11-06,43.38,43.76,43.18,43.73,2853093,47.86
2018-11-07,44.08,44.63,43.8,44.62,3004183,48.84
2018-11-08,44.57,44.93,44.39,44.51,2549000,48.72
2018-11-09,44.4,44.81,44.14,44.48,4722862,48.68
2018-11-12,44.55,44.94,44.03,44.12,3296622,48.29
2018-11-13,44.19,45.16,44.19,44.86,3871901,49.1
2018-11-14,45.06,45.59,44.64,44.82,3205361,49.06
2018-11-15,44.46,46.08,44.46,46.03,4898415,50.38
2018-11-16,45.8,46.58,45.66,46.14,10285414,50.5
2018-11-19,46.01,46.39,45.21,45.23,4104651,49.51
2018-11-20,44.65,45.45,44.4,44.81,4313400,49.05
2018-11-21,44.97,45.66,44.8,45.05,2361961,49.31
2018-11-23,44.85,45.12,44.59,44.65,1497454,48.87
2018-11-26,44.9,45.18,44.38,44.86,3519268,49.1
2018-11-27,44.74,44.82,43.99,44.46,2976090,48.66
2018-11-28,44.77,45.45,44.31,45.31,3140896,49.59
2018-11-29,45.19,45.53,45.07,45.29,3323837,49.57
2018-11-30,45.32,45.57,44.85,44.96,4858316,49.11
2018-12-03,45.65,45.95,45.03,45.58,3916459,49.79
2018-12-04,45.43,45.88,44.81,44.89,3771905,49.03
2018-12-06,44.34,44.71,43.89,44.6,5749224,48.72
2018-12-07,44.67,45.22,43.92,44.3,4573414,48.39
2018-12-10,44.23,44.51,43.76,44.22,6395856,48.3
2018-12-11,44.85,45.11,43.73,43.79,4577008,47.83
2018-12-12,44.47,44.74,43.97,44.12,3967626,48.19
2018-12-13,44.22,45,44.22,44.43,3759284,48.53
2018-12-14,44.26,44.52,43.62,43.95,4095950,48.01
2018-12-17,44.12,44.12,42.6,42.71,3172104,46.65
2018-12-18,42.91,43.48,42.51,42.83,4629055,46.78
2018-12-19,42.87,43.15,41.64,41.99,5567775,45.87
2018-12-20,41.98,41.98,40.22,40.41,6558617,44.14
2018-12-21,40.15,41.14,39.87,39.93,8326532,43.62
2018-12-24,39.86,39.93,38.74,38.77,1576602,42.35
2018-12-26,38.89,39.82,38.67,39.81,3630668,43.49
2018-12-27,39.23,40.71,39.02,40.69,3127232,44.45
2018-12-28,40.96,41.42,40.84,41.01,3293603,44.8
2018-12-31,41.24,42.14,41.22,42.09,4526935,45.98
2019-01-02,41.42,41.52,40.65,40.89,5084509,44.67
2019-01-03,40.67,41.22,40.16,40.52,3445844,44.26
2019-01-04,41.08,42.18,40.91,41.74,3173567,45.59
2019-01-07,41.76,43.13,41.53,42.51,3434040,46.44
2019-01-08,42.83,43.35,42.08,42.94,3544983,46.91
2019-01-09,42.95,43.3,42.43,43.11,2644146,47.09
2019-01-10,42.86,43.77,42.78,43.62,2299433,47.65
2019-01-11,43.5,44.14,43.5,44.05,1916381,48.12
2019-01-14,43.81,44.4,43.7,44.37,2683337,48.47
2019-01-15,44.29,45.28,44.26,45.13,2963367,49.3
2019-01-16,45.07,45.37,44.26,44.35,3617946,48.44
2019-01-17,44.52,45.41,44.43,45.32,2796666,49.5
2019-01-18,45.5,46.13,45.3,46.01,2482380,50.26
2019-01-22,45.85,46.68,45.7,46.43,3520999,50.72
2019-01-23,46.55,46.88,45.79,46.49,2513082,50.78
2019-01-24,46.74,47.38,46.36,46.56,3599949,50.86
2019-01-25,46.93,47.77,46.56,47.38,3188354,51.75
2019-01-28,47.22,47.23,46.42,46.5,2838738,50.79
2019-01-29,46.49,47.01,46.45,46.98,2557967,51.32
2019-01-30,47.29,47.57,46.84,46.85,3275592,51.18
2019-01-31,45.77,48.23,44.68,47.86,9120959,52.28
2019-02-01,47.94,48.64,47.49,47.63,4665742,52.03
2019-02-04,47.75,48.05,47.13,47.59,2922677,51.98
2019-02-05,47.59,48.55,47.44,48.52,3442690,53
2019-02-06,48.38,48.95,47.97,48.71,2561470,53.21
2019-02-07,48.29,48.84,48.07,48.76,3426586,53.26
2019-02-08,48.59,49.35,48.37,49.34,3161631,53.9
2019-02-11,49.44,49.71,48.94,49.3,3903918,53.85
2019-02-12,49.44,50.29,49.35,50.26,2760208,54.9
2019-02-13,50.43,50.79,50.32,50.53,2251820,55.2
2019-02-14,50.35,50.54,50.01,50.31,2072002,54.95
2019-02-15,50.31,50.46,49.51,49.55,3940205,54.13
2019-02-19,49.64,49.64,49.41,49.49,3296605,54.06
2019-02-20,49.62,50.13,49.52,49.8,2234837,54.4
2019-02-21,50.02,50.07,49.56,49.87,2776755,54.48
2019-02-22,50.12,50.63,49.95,50.59,2069969,55.26
2019-02-25,50.78,50.81,50.16,50.24,1961939,54.88
2019-02-26,50.28,50.41,50.02,50.05,1493454,54.67
2019-02-27,49.97,50.91,49.97,50.81,2730658,55.5
2019-02-28,50.68,51.03,50.17,50.24,3708000,54.78
2019-03-01,50.52,50.9,50.29,50.63,2523105,55.21
2019-03-04,50.84,51.03,49.87,50.67,1738180,55.25
2019-03-05,50.67,51.45,50.54,51.32,2225017,55.96
2019-03-06,51.34,51.37,50.56,50.83,1509084,55.42
2019-03-07,50.59,50.67,49.89,50.15,2112853,54.68
2019-03-08,49.5,50.52,49.27,50.45,2032340,55.01
2019-03-11,50.46,51.11,50.46,50.99,4288282,55.6
2019-03-12,51.05,52.02,51.01,51.94,2935665,56.63
2019-03-13,52.14,52.52,51.94,52.38,5019711,57.11
2019-03-14,52.28,52.63,52.25,52.52,3672905,57.27
2019-03-15,52.58,52.73,52.16,52.73,4060571,57.5
2019-03-18,52.75,53.08,52.5,53.08,2438607,57.88
2019-03-19,53.27,53.41,52.99,53.25,2816885,58.06
2019-03-20,53.25,53.65,52.91,53.3,2078864,58.12
2019-03-21,53.26,54.06,53.16,53.96,1459752,58.84
2019-03-22,53.82,53.92,53.13,53.14,1542579,57.94
2019-03-25,53.04,53.46,52.84,53.29,2835812,58.11
2019-03-26,53.64,53.72,53.1,53.42,2436869,58.25
2019-03-27,53.42,53.73,53,53.37,1922826,58.19
2019-03-28,53.53,53.68,53.05,53.14,2175977,57.94
2019-03-29,53.39,53.56,52.84,53.06,3386285,57.86
2019-04-01,53.28,53.72,53.06,53.56,2567063,58.4
2019-04-02,53.71,53.77,53.16,53.17,1774688,57.98
2019-04-03,53.35,53.46,53.07,53.21,2661158,58.02
2019-04-04,53.38,53.39,52.97,53.19,1477614,58
2019-04-05,53.11,53.51,53.01,53.29,2858592,58.11
2019-04-08,53.23,53.63,52.63,53.38,1789841,58.2
2019-04-09,52.99,52.99,52.68,52.86,2450303,57.64
2019-04-10,53.07,53.62,52.85,53.42,2080269,58.25
2019-04-11,53.47,53.84,53.22,53.76,1879327,58.62
2019-04-12,53.86,53.98,53.16,53.22,2181156,58.03
2019-04-15,53.44,53.87,53.3,53.5,1715376,58.34
2019-04-16,53.35,53.61,52.61,52.79,1774742,57.56
2019-04-17,53.17,53.17,52.28,52.32,1844823,57.05
2019-04-18,52.34,53.93,52.29,53.66,2643005,58.51
2019-04-22,53.59,54.23,53.59,53.84,1522849,58.71
2019-04-23,53.75,54.66,53.72,54.57,1588665,59.5
2019-04-24,54.65,54.69,53.72,54.02,1219530,58.9
2019-04-25,54.07,54.28,53.71,54.07,997292,58.96
2019-04-26,54.14,54.9,54.14,54.75,1143452,59.7
2019-04-29,54.56,54.83,54.21,54.69,2072193,59.63
2019-04-30,54.6,55.05,54.46,54.97,2075861,59.94
2019-05-01,55,55.32,53.8,53.81,2429066,58.67
2019-05-02,52.93,55.09,51.72,55.03,3241354,60
2019-05-03,55.12,56.64,55.11,56.44,2615909,61.54
2019-05-06,55.78,57.01,55.56,56.82,3505627,61.95
2019-05-07,56.42,57.27,56.32,56.83,2758611,61.97
2019-05-08,56.71,57.22,56.44,56.82,2193342,61.95
2019-05-09,56.14,57.23,56.14,57.2,1476582,62.37
2019-05-10,57.22,59.28,57.22,58.98,3639727,64.31
2019-05-13,58.01,59.53,57.98,59.07,3141050,64.41
2019-05-14,59.32,59.9,58.17,58.18,3111290,63.44
2019-05-15,58,58.43,57.19,57.33,2919299,62.51
2019-05-16,57.53,58.03,57.33,57.38,2354415,62.57
2019-05-17,56.85,57.97,56.72,57.38,1969583,62.57
2019-05-20,57.04,57.29,56.79,56.9,3285266,62.04
2019-05-21,57.16,57.56,56.82,57.23,2233597,62.4
2019-05-22,57.36,57.36,56.32,56.4,3028695,61.5
2019-05-23,56.11,56.15,55.54,55.99,2981089,61.05
2019-05-24,56.31,56.42,56.11,56.27,1491863,61.35
2019-05-28,56.32,56.38,55.96,56.13,3218591,61.2
2019-05-29,55.72,56,55.27,55.49,2368053,60.5
2019-05-30,55.39,56.03,55.21,55.98,2483905,61.04
2019-05-31,55.22,56.48,55.22,56.44,2803147,61.39
2019-06-03,56.54,57.15,56.24,57.05,2707942,62.05
2019-06-04,57.29,58,56.99,58,2877740,63.09
2019-06-05,58.66,59.42,58.45,59.25,3730748,64.45
2019-06-06,59.17,60.43,59.15,60.37,3320413,65.66
2019-06-07,60.62,61.04,60.39,60.59,2456111,65.9
2019-06-10,60.85,61.16,60.48,60.97,2175226,66.32
2019-06-11,61.14,61.28,60.54,61.08,2295124,66.44
2019-06-12,61.17,61.4,60.92,61.23,1285406,66.6
2019-06-13,61.41,61.44,59.32,59.69,2262063,64.92
2019-06-14,59.84,60.28,59.49,60.14,2114404,65.41
2019-06-17,60.3,60.49,60.02,60.05,1264782,65.32
2019-06-18,60.54,61.59,60.13,61.09,2436213,66.45
2019-06-19,61.26,61.41,60.68,61.29,2418114,66.66
2019-06-20,61.81,61.92,61.31,61.83,1846219,67.25
2019-06-21,61.87,61.87,61.1,61.67,3062172,67.08
2019-06-24,61.71,62.22,61.47,61.76,3023772,67.18
2019-06-25,62.08,62.7,61.87,62.57,2663616,68.06
2019-06-26,62.66,62.66,61.5,62.29,2461761,67.75
2019-06-27,62.52,62.86,62.1,62.61,2698197,68.1
2019-06-28,62.63,64.71,62.57,64.35,13320995,69.99
2019-07-01,64.89,65.57,64.02,64.6,2559696,70.26
2019-07-02,64.73,65.82,64.6,65.79,3403320,71.56
2019-07-03,66.2,66.51,65.89,66.43,1464877,72.25
2019-07-05,65.96,66.2,65.22,65.98,1691347,71.77
2019-07-08,65.43,65.76,64.77,64.91,2209681,70.6
2019-07-09,64.59,65.21,64.39,65.2,2003170,70.92
2019-07-10,65.28,65.74,64.62,64.75,2388251,70.43
2019-07-11,64.75,65.59,64.44,65.41,2488991,71.15
2019-07-12,65.55,65.55,63.86,64.36,1796977,70
2019-07-15,64.14,64.45,63.56,63.7,2065096,69.29
2019-07-16,63.87,63.95,63.27,63.5,2612568,69.07
2019-07-17,63.65,63.92,62.99,62.99,1951608,68.51
2019-07-18,62.45,65.22,62.14,65.18,3583179,70.9
2019-07-19,65.51,65.56,64.84,65,2303399,70.7
2019-07-22,65,65.64,64.8,65.38,1386367,71.11
2019-07-23,65.76,66.2,65.47,65.99,1203200,71.78
2019-07-24,65.96,66.47,65.76,66.22,1433344,72.03
2019-07-25,66.3,66.58,65.43,65.54,1598035,71.29
2019-07-26,65.74,66.53,65.62,66.32,2062423,72.14
2019-07-29,66.28,66.57,65.86,66.45,1939148,72.28
2019-07-30,66.36,67.05,66.19,66.91,1747561,72.78
2019-07-31,66.73,66.87,65.28,65.72,3277078,71.48
2019-08-01,65.66,70.13,65.28,68.71,3730798,74.74
2019-08-02,68.21,69.06,67.66,68.71,3081079,74.73
2019-08-05,67.34,68,67.07,67.34,2748884,73.25
2019-08-06,68,68.88,67.57,67.99,2613180,73.95
2019-08-07,67.5,69.28,67.05,69.22,2021485,75.29
2019-08-08,69.22,70.46,69.22,69.95,2366897,76.08
2019-08-09,69.98,71.6,69.95,71.22,1834024,77.46
2019-08-12,71.1,71.12,70.1,70.66,1402675,76.86
2019-08-13,70.7,73.05,70.51,72.9,2625190,79.29
2019-08-14,72,72.49,70.36,70.65,3199418,76.85
2019-08-15,70.78,72.26,70.6,71.71,1960348,78
2019-08-16,72.1,73.34,71.93,73.21,1979572,79.63
2019-08-19,73.59,74.16,73.25,73.31,1814527,79.74
2019-08-20,73.1,73.81,72.68,72.81,2180486,79.19
2019-08-21,73.03,74,72.82,73.3,2085401,79.73
2019-08-22,73.54,73.79,72.82,73.33,1681647,79.76
2019-08-23,73.2,73.55,71.6,71.9,2307265,78.2
2019-08-26,72.09,72.77,71.9,72.41,1864043,78.76
2019-08-27,72.8,73.55,72.62,72.65,2492915,79.02
2019-08-28,72.44,72.9,71.53,72.88,2175313,79.27
2019-08-29,73.38,74.18,73.06,73.95,1037992,80.43
2019-08-30,74.38,74.58,73.64,74.07,2484492,80.41
2019-09-03,73.69,73.96,73.2,73.62,1391654,79.93
2019-09-04,74.19,74.47,73.72,74.41,1556338,80.78
2019-09-05,75.42,75.42,72.47,72.5,2483693,78.71
2019-09-06,72.5,72.97,71.96,72.12,2493540,78.3
2019-09-09,72.1,72.18,68.71,69.15,4022856,75.07
2019-09-10,68.09,68.24,65.67,66.22,6773185,71.89
2019-09-11,65.8,66.56,65.18,66.21,5113225,71.88
2019-09-12,66.74,68.78,66.62,67.57,3706324,73.36
2019-09-13,67.34,67.57,66.25,66.99,2716098,72.73
2019-09-16,67.02,67.45,66.49,66.5,1976583,72.2
2019-09-17,66.77,69.26,66.5,69.08,3082151,75
2019-09-18,69.08,69.29,67.76,68.63,3104892,74.51
2019-09-19,68.4,68.83,67.84,68.42,2427480,74.28
2019-09-20,68.63,69.14,67.99,68.01,4927730,73.84
2019-09-23,68.71,68.94,67.81,68.6,2600898,74.48
2019-09-24,69.09,69.84,68.62,68.82,3187016,74.72
2019-09-25,68.71,68.92,67.08,67.7,3221079,73.5
2019-09-26,68.44,69.23,67.93,68.59,2259013,74.47
2019-09-27,68.57,68.97,66.93,67.05,2663252,72.79
2019-09-30,67.24,67.35,66.76,67.07,3495789,72.81
2019-10-01,67.21,67.39,66.21,66.42,2316702,72.11
2019-10-02,65.86,66.13,64.13,65.23,3695237,70.82
2019-10-03,65.29,66.56,64.87,65.99,1884835,71.64
2019-10-04,66.25,67.59,66.19,66.99,2469281,72.73
2019-10-07,66.7,67.39,66.21,66.73,2039000,72.45
2019-10-08,66.13,66.57,65.15,65.78,1770152,71.41
2019-10-09,66.31,67.22,66.16,66.57,2061203,72.27
2019-10-10,66.35,67.34,65.74,67.09,1915122,72.84
2019-10-11,67.53,68.03,66.81,66.88,2502879,72.61
2019-10-14,67.57,67.66,66.81,67.17,1538716,72.92
2019-10-15,67.5,67.77,66.42,66.47,2205065,72.16
2019-10-16,66.6,66.85,65.55,66.85,2049488,72.58
2019-10-17,66.65,69,66.48,68.04,2554672,73.87
2019-10-18,68.2,68.93,67.11,68.26,2297685,74.11
2019-10-21,68.49,68.49,66.09,66.59,2101205,72.29
2019-10-22,66.44,67.37,65.24,65.26,1727579,70.85
2019-10-23,65.43,66.35,65.1,65.47,1919470,71.08
2019-10-24,65.65,66.84,65.65,66.13,1490409,71.8
2019-10-25,66.32,66.6,65.56,66.24,1537685,71.91
2019-10-28,66.69,66.69,65.66,65.71,2690466,71.34
2019-10-29,65.63,67.42,65.56,67,1917277,72.74
2019-10-30,66.9,68.52,66.7,68.12,2760527,73.96
2019-10-31,67.77,68.85,63.41,64.45,5343519,69.97
2019-11-01,64.32,64.82,62.64,62.97,4110872,68.36
2019-11-04,63.17,63.26,61.11,61.3,2990958,66.55
2019-11-05,61.03,61.65,59.37,59.6,4317089,64.71
2019-11-06,59.6,61.51,59.53,61.4,3075348,66.66
2019-11-07,61.46,61.63,59.73,59.94,4081610,65.07
2019-11-08,60.09,60.56,59.13,59.55,2125021,64.65
2019-11-11,59.11,60.03,58.95,59.45,1374423,64.54
2019-11-12,59.33,59.64,58.51,59.29,2022373,64.37
2019-11-13,59.7,60.94,59.42,59.99,1930021,65.13
2019-11-14,59.63,60.7,59.6,60.55,1993434,65.74
2019-11-15,60.68,60.84,60.23,60.42,1538189,65.6
2019-11-18,60.26,62.28,60.25,62.26,3988084,67.59
2019-11-19,62.17,62.65,61.7,61.94,2509838,67.25
2019-11-20,61.55,62.63,61.51,62.12,1631795,67.44
2019-11-21,62.04,62.1,60.84,60.94,2018406,66.16
2019-11-22,61.25,61.35,60.42,60.54,1275951,65.73
2019-11-25,60.71,60.9,59.55,59.84,2826129,64.97
2019-11-26,59.98,61.5,59.67,61.44,2010640,66.7
2019-11-27,61.44,61.91,61.04,61.3,1468560,66.55
2019-11-29,61.19,61.43,60.48,60.99,863614,66.06
2019-12-02,61.39,61.51,60.35,60.74,1560303,65.79
2019-12-03,60.55,61.45,60.47,61.34,2280224,66.44
2019-12-04,61.61,61.71,60.67,60.7,1676215,65.75
2019-12-05,60.93,61.47,60.33,61.06,1739881,66.14
2019-12-06,61.67,61.67,58.18,58.67,4504242,63.55
2019-12-09,58.04,59.92,57.64,59.2,2934891,64.13
2019-12-10,59.24,59.43,58.58,59,1830923,63.91
2019-12-11,59.08,59.22,58.26,58.96,2452419,63.87
2019-12-12,58.89,59.59,58.25,58.54,2377067,63.41
2019-12-13,58.5,60,58.3,58.47,2527183,63.34
2019-12-16,58.75,59.46,58.44,59.06,2209446,63.97
2019-12-17,58.85,59.79,58.85,59.26,2108543,64.19
2019-12-18,59.11,59.79,58.77,59.45,2656139,64.4
2019-12-19,59.55,59.94,58.61,58.82,2848133,63.72
2019-12-20,59.18,60.39,58.92,60.17,5595320,65.18
2019-12-23,60.29,60.39,59.51,60.24,2562607,65.25
2019-12-24,60.24,60.57,60.03,60.22,1029482,65.23
2019-12-26,60.2,60.34,59.29,59.92,1500612,64.91
2019-12-27,60.01,60.19,59.53,59.72,1576193,64.69
2019-12-30,59.67,59.85,59.38,59.49,1536477,64.44
2019-12-31,59.48,59.95,59.27,59.7,2628749,64.67
2020-01-02,59.7,60.25,58.52,58.97,2628528,63.88
2020-01-03,58.48,60.11,58.48,59.79,3016637,64.77
2020-01-06,60.06,60.42,59.15,59.24,3018928,64.17
2020-01-07,59,59.66,58.82,59.01,3000602,63.92
2020-01-08,59,59.7,58.92,59.52,2405325,64.47
2020-01-09,59.93,61.69,59.68,61.59,2878452,66.72
2020-01-10,61.63,61.75,60.86,61.18,1859948,66.27
2020-01-13,61.16,62.54,60.94,62.31,2931532,67.5
2020-01-14,62.09,62.41,61.11,61.44,2607195,66.55
2020-01-15,61.56,63.6,61.56,62.97,2584739,68.21
2020-01-16,63.19,63.87,62.84,63.87,2443176,69.18
2020-01-17,63.95,64.47,63.6,63.92,1863849,69.24
2020-01-21,63.41,64.09,63.28,63.94,1772199,69.26
2020-01-22,64.42,66.59,64.31,66.33,3511189,71.85
2020-01-23,66.03,66.88,65.65,66.35,2749863,71.87
2020-01-24,66.54,67.15,65.77,66.4,2428988,71.93
2020-01-27,65.6,68.92,65.44,68.28,4797831,73.96
2020-01-28,68.27,68.32,66.77,67.09,2939877,72.67
2020-01-29,67.2,67.38,66.87,67.01,1898158,72.59
2020-01-30,66.88,67.54,65.55,67.48,2856222,73.1
2020-01-31,67.13,67.54,66.34,66.64,2270568,72.18
2020-02-03,66.98,68.66,66.87,68.45,3043783,74.15
2020-02-04,68.6,69.49,67.91,69.25,2878863,75.01
2020-02-05,69.81,70.74,69.11,70.74,3429213,76.63
2020-02-06,70.15,76.46,68.31,72.01,5607656,78
2020-02-07,71.82,72.06,70.31,71.01,2915915,76.92
2020-02-10,71.14,71.25,70.15,70.83,2686674,76.72
2020-02-11,70.84,71.88,70.71,71.68,1960602,77.64
2020-02-12,71.11,71.43,69.71,70.65,1940641,76.53
2020-02-13,70.65,71.56,70.02,71.24,1289047,77.17
2020-02-14,71.25,71.97,71.19,71.29,2193873,77.22
2020-02-18,71.45,72.04,71.09,72.04,2538657,78.04
2020-02-19,72.68,72.93,71.05,71.09,1506239,77.01
2020-02-20,70.55,71.5,70.2,70.72,1257730,76.6
2020-02-21,70.81,71.6,70.42,70.96,1777770,76.86
2020-02-24,70.16,71.42,69.69,70.5,3157127,76.37
2020-02-25,70.62,70.72,68.42,68.8,2877869,74.53
2020-02-26,69.33,71,69.22,69.86,4793071,75.67
2020-02-27,69.41,70.36,66.45,66.48,4773630,72.01
2020-02-28,64.88,65.72,63.06,65.18,5152258,70.46
2020-03-02,65.61,69.57,65.49,69.54,2937666,75.17
2020-03-03,69.66,71.42,68.82,70.45,2871215,76.15
2020-03-04,71.39,72.83,70.92,72.68,2570441,78.56
2020-03-05,71.75,71.82,70.2,71.26,2582386,77.03
2020-03-06,69.59,70.73,68.12,70.35,2832345,76.05
2020-03-09,66.64,68.94,64.75,67.08,3472187,72.51
2020-03-10,68.45,68.89,64.06,67.5,3700009,72.96
2020-03-11,65.79,66.46,63.67,64.54,2620558,69.76
2020-03-12,61.51,63.69,57.05,59.7,3520577,64.53
2020-03-13,60.35,60.8,55.12,59.06,5913050,63.84
2020-03-16,54.81,55.41,49.87,53.56,3970948,57.9
2020-03-17,55.23,62.56,53.52,59.79,5539629,64.63
2020-03-18,55.92,59.93,54.33,59.62,3469845,64.45
2020-03-19,59.13,59.74,51.02,55.61,4008070,60.11
2020-03-20,55.2,55.29,50.26,50.78,4473592,54.89
2020-03-23,50.06,50.69,47.42,48.05,4707994,51.94
2020-03-24,50.11,55.12,49.76,53.86,3747375,58.22
2020-03-25,53.71,55.4,51.56,51.82,3410117,56.02
2020-03-26,55.32,58.62,53.66,57.87,3693299,62.56
2020-03-27,56.51,60.86,56.14,59.56,4186359,64.38
2020-03-30,59.97,61.89,59.33,61.05,4008937,65.99
2020-03-31,60.64,61.45,58.97,59.82,6255881,64.66
2020-04-01,57.12,60.45,56.96,59.36,3686666,64.17
2020-04-02,58.96,61.87,58.96,59.72,4047289,64.56
2020-04-03,59.05,61.5,57.18,57.51,3144995,62.17
2020-04-06,59.3,61.67,59.22,60.71,2790992,65.62
2020-04-07,62.14,64.06,60.78,60.93,3089408,65.86
2020-04-08,61.09,62.98,60.11,62.53,3394917,67.59
2020-04-09,63.04,65.19,62.65,64.7,5142580,69.94
2020-04-13,64.08,64.53,61.51,62.28,1913999,67.32
2020-04-14,63.41,63.78,61.41,62.87,3442657,67.96
2020-04-15,61.97,63.26,61.48,62.57,2072674,67.64
2020-04-16,62.48,63.47,61.3,62.72,1912474,67.8
2020-04-17,63.87,65.07,63.07,64.94,1699969,70.2
2020-04-20,64.66,64.76,63.22,63.41,986331,68.54
2020-04-21,62.48,63.4,60.5,60.63,2336669,65.54
2020-04-22,61.61,62.19,59.67,61.63,1260844,66.62
2020-04-23,61.77,62.84,59.92,60.04,2786612,64.9
2020-04-24,60.75,60.85,58.96,60.38,1914059,65.27
2020-04-27,60.59,63.09,60.59,62.51,1539851,67.57
2020-04-28,63.55,63.74,61.56,61.99,1713684,67.01
2020-04-29,62.74,63.29,61.7,61.81,1504616,66.81
2020-04-30,60.58,61.49,60.29,60.68,1737956,65.59
2020-05-01,59.96,60.79,59.03,60.7,1755282,65.61
2020-05-04,60.97,61.28,59.9,61.2,1910612,66.15
2020-05-05,61.46,62.32,60.54,61.3,1166362,66.26
2020-05-06,61.74,62.5,60.8,60.8,1553856,65.72
2020-05-07,60.5,62.37,57.65,60.96,4019868,65.89
2020-05-08,61.12,61.67,58.8,59.72,4406449,64.56
2020-05-11,59.31,59.69,58.23,58.62,2815823,63.37
2020-05-12,58.76,59.06,57.26,57.29,2060785,61.93
2020-05-13,56.93,57.29,55.99,56.59,2930360,61.17
2020-05-14,56.3,57.52,55.31,57.39,1728336,62.04
2020-05-15,56.91,57.62,56.29,57.57,2043328,62.23
2020-05-18,58.98,60.13,58.66,59.53,2515364,64.35
2020-05-19,59.53,61.13,59.25,59.47,2380606,64.28
2020-05-20,60.07,60.76,59.26,59.38,1333327,64.19
2020-05-21,59.4,59.91,58.79,59.24,1538813,64.04
2020-05-22,59.36,59.87,58.85,59.68,1025892,64.51
2020-05-26,60.54,61.82,60.45,61.56,2366048,66.54
2020-05-27,62.53,63.56,61.95,63.46,2120794,68.6
2020-05-28,64.11,65.39,63.92,65.27,2671802,70.55
2020-05-29,65.34,66.29,64.86,66.06,4644412,71.26
2020-06-01,65.76,66.19,65.58,65.98,1658142,71.17
2020-06-02,65.85,66.75,65.7,66.73,2443900,71.98
2020-06-03,67.13,68.87,66.88,68.56,2076996,73.95
2020-06-04,68.18,70.37,68.18,69.9,3109629,75.4
2020-06-05,70.33,70.87,68.36,68.54,3183679,73.93
2020-06-08,67.42,68.7,67.06,68.68,2467919,74.08
2020-06-09,68.09,68.34,66.78,67.16,1325314,72.44
2020-06-10,67.18,68.09,66.8,67.51,1376818,72.82
2020-06-11,66.62,66.65,62.22,62.26,3003096,67.16
2020-06-12,64.02,65.04,62.14,63.35,2639619,68.33
2020-06-15,62.25,63.7,61.42,63.23,2502207,68.2
2020-06-16,65.32,66.62,64.84,65.06,3195266,70.18
2020-06-17,65.43,65.81,64.25,64.52,2120764,69.6
2020-06-18,64.37,65.62,64.37,65.33,1609236,70.47
2020-06-19,66.43,66.56,65.38,65.53,3679118,70.68
2020-06-22,65.37,65.93,64.73,65.9,1534153,71.08
2020-06-23,66.55,66.58,65.41,65.42,1386300,70.57
2020-06-24,65.07,65.41,63.83,63.95,1394464,68.98
2020-06-25,63.8,64.22,62.21,64.15,1436881,69.2
2020-06-26,64.24,64.76,62.33,62.43,3985997,67.34
2020-06-29,63.11,64.03,62.61,63.4,1536280,68.39
2020-06-30,63.4,64.74,63.25,64.42,2009833,69.49
2020-07-01,64.41,65.79,64.14,65.53,2467940,70.68
2020-07-02,66.29,66.77,65.57,66.57,2290998,71.81
2020-07-06,67.37,67.37,66.01,67.16,2976607,72.44
2020-07-07,66.71,67.86,66.55,67.38,2304870,72.68
2020-07-08,67.38,67.86,66.25,66.88,2154350,72.14
2020-07-09,66.67,66.8,65.62,66.52,2168668,71.75
2020-07-10,66.36,67.29,66.05,67.12,1040781,72.4
2020-07-13,67.5,67.64,66.28,66.41,2024335,71.63
2020-07-14,66.42,68.37,66.01,68.24,1681724,73.61
2020-07-15,68.99,69.32,63.76,64.45,4678106,69.52
2020-07-16,64.92,64.93,63.4,64.4,3366522,69.47
2020-07-17,64.85,65.39,64.49,65.16,2301247,70.29
2020-07-20,64.97,68.3,64.9,67.45,3815145,72.76
2020-07-21,67.72,68.1,66.47,67.38,2112836,72.68
2020-07-22,67.95,68.21,67.44,67.84,2004555,73.18
2020-07-23,67.93,68.72,67.48,67.67,1849266,72.99
2020-07-24,67.5,68.4,67.48,67.82,1640983,73.16
2020-07-27,68.05,70.02,67.85,69.13,2399654,74.57
2020-07-28,68.99,69.53,68.12,68.68,1342315,74.08
2020-07-29,68.96,69.24,68.24,68.39,1875523,73.77
2020-07-30,67.78,68.36,67.27,68.09,1981852,73.45
2020-07-31,67.76,68.3,67.23,68.26,2191763,73.63
2020-08-03,68.6,69.56,68.02,68.77,3003571,74.18
2020-08-04,68.43,69.89,68.21,69.65,2463772,75.13
2020-08-05,70.06,70.43,69.36,69.57,2602300,75.04
2020-08-06,69.99,70.05,68.18,69.01,3357481,74.44
2020-08-07,69.33,70.46,69.07,70.02,2153713,75.53
2020-08-10,69.99,70.4,69.76,69.84,2112789,75.33
2020-08-11,69.77,70.53,68.22,68.56,1948137,73.95
2020-08-12,68.98,69.27,68.51,68.96,1135297,74.38
2020-08-13,68.67,69.94,68.62,69.74,1252541,75.23
2020-08-14,69.53,70.39,69.53,69.99,1083153,75.5
2020-08-17,70.37,70.68,69.91,70.65,2678250,76.21
2020-08-18,70.88,71.36,70.27,70.79,1263696,76.36
2020-08-19,71.38,71.65,70.11,70.35,1174258,75.88
2020-08-20,70.05,70.89,69.53,70.24,1105660,75.76
2020-08-21,70.02,71.34,69.77,71.03,1652076,76.62
2020-08-24,71.31,71.84,71.31,71.62,1181882,77.25
2020-08-25,71.77,71.87,71.22,71.82,1205473,77.47
2020-08-26,72.22,73.38,71.46,73.16,2395780,78.92
2020-08-27,73.2,74.03,73.17,73.55,1821693,79.34
2020-08-28,73.43,74.67,72.94,74.42,1643808,80.27
2020-08-31,74.5,75.03,74.39,74.65,1657983,80.37
2020-09-01,74.49,76.14,74.39,76.13,2415500,81.97
2020-09-02,76.16,78.62,75.69,78.57,3024827,84.59
2020-09-03,78.46,78.7,76.22,77.31,2389281,83.24
2020-09-04,77.83,77.83,75.1,76.6,2094126,82.47
2020-09-08,75.67,75.84,74.08,74.82,2122502,80.55
2020-09-09,75.51,77.03,75.27,75.81,2053127,81.62
2020-09-10,75.96,76.44,74.84,75.23,1145866,81
2020-09-11,75.76,76.12,75.25,75.87,1485489,81.68
2020-09-14,76.44,77.64,76.38,77.35,1032631,83.28
2020-09-15,77.91,79.03,77.78,78.42,1151824,84.43
2020-09-16,78.65,79.58,77.99,78.64,1931043,84.67
2020-09-17,78.01,78.37,77.04,78.11,1818006,84.1
2020-09-18,77.59,78.35,76.74,76.99,2406859,82.89
2020-09-21,75.96,76.05,74.2,75.26,2042119,81.03
2020-09-22,75.55,76.19,75.23,75.77,2020316,81.58
2020-09-23,75.73,76.07,73.94,74.17,2291785,79.85
2020-09-24,73.87,75.6,72.99,74.4,1916587,80.1
2020-09-25,74.11,75.92,73.6,75.67,1116451,81.47
2020-09-28,76.39,76.9,75.51,76.39,1064622,82.24
2020-09-29,76.37,77.01,75.93,76.5,1090043,82.36
2020-09-30,76.88,78.02,76.35,77.2,2088924,83.12
2020-10-01,77.68,78.29,76.61,76.72,2045959,82.6
2020-10-02,75.86,77.32,75.63,76.78,1638615,82.67
2020-10-05,77.85,80.25,77.63,79.29,2558600,85.37
2020-10-06,79.48,80.05,78.01,78.31,2151172,84.31
2020-10-07,79.65,80.69,79.43,80.39,1584907,86.55
2020-10-08,81.86,83.04,81.44,82.66,2527091,89
2020-10-09,83.08,84.42,82.85,83.83,1841011,90.26
2020-10-12,84.46,84.52,83.26,83.3,1845180,89.68
2020-10-13,83.21,84.31,82.95,83.83,1105599,90.26
2020-10-14,84.16,84.45,83.55,83.65,1216641,90.06
2020-10-15,82.64,84.7,82.44,84.35,1265073,90.81
2020-10-16,84.9,85.44,84.49,84.91,1294243,91.42
2020-10-19,85.07,85.47,84.25,84.69,1190436,91.18
2020-10-20,85.4,86.71,84.87,84.88,1506413,91.39
2020-10-21,85.27,86.83,85.14,86.18,1454427,92.78
2020-10-22,85.55,86.13,84.21,84.64,2145122,91.13
2020-10-23,85.45,86.18,84.55,86.12,1165120,92.72
2020-10-26,85.21,85.79,84.18,85.04,1285621,91.56
2020-10-27,85.22,85.76,84.58,84.61,1220087,91.1
2020-10-28,83.32,84.09,82.36,82.41,2609808,88.73
2020-10-29,82.24,83.57,81.95,82.87,1742407,89.22
2020-10-30,82.7,83.54,81.72,82.66,1435080,89
2020-11-02,83.77,85.14,82.74,83.78,2650419,90.2
2020-11-03,84.76,87.26,84.61,87.08,1805838,93.75
2020-11-04,87.31,90.12,86.71,87.41,2457931,94.11
2020-11-05,89.85,90.84,88.25,90.24,1860976,97.16
2020-11-06,90.72,91.83,89.96,90.52,1899876,97.46
2020-11-09,93.21,95.44,86.22,86.36,3773679,92.98
2020-11-10,86.55,88.3,85.43,88.22,2292962,94.98
2020-11-11,88.72,89.05,87.8,88.99,1896254,95.81
2020-11-12,88.46,89.02,87.06,87.49,1996533,94.2
2020-11-13,88.19,88.55,87.29,87.91,1715154,94.65
2020-11-16,88.92,89.91,87.95,89.87,1712556,96.76
2020-11-17,89.34,90.61,89.06,90.27,1738664,97.19
2020-11-18,90.56,91.34,89.6,89.69,2516915,96.56
2020-11-19,89.22,91.59,88.71,90.94,2001373,97.91
2020-11-20,91.03,91.84,90.08,90.33,4369056,97.25
2020-11-23,90.28,91.21,88.4,88.65,1532633,95.44
2020-11-24,88.81,89.44,88.71,89.27,2066215,96.11
2020-11-25,89.65,89.91,88.96,89.44,1617310,96.3
2020-11-27,89.08,89.59,88.33,89.5,812186,96.36
2020-11-30,89.77,90.48,88.7,89.31,2799574,96.01
2020-12-01,90.62,91.13,89.25,90.07,3121541,96.82
2020-12-02,89.83,90.46,86.91,87.44,1902032,94
2020-12-03,87.21,87.8,85.95,86.18,1748060,92.64
2020-12-04,86.51,88.03,86.26,87.59,2203127,94.16
2020-12-07,88.03,89.35,87.91,88.84,1936376,95.5
2020-12-08,88.1,90.13,88.1,89.2,1516097,95.89
2020-12-09,89.25,89.45,86.36,86.85,1983422,93.36
2020-12-10,86.67,87.57,86.12,86.76,2022609,93.26
2020-12-11,86.02,86.55,85.05,86.12,2753766,92.58
2020-12-14,86.53,87.25,83.84,84,3601659,90.3
2020-12-15,84.65,86.78,84.32,85.62,2587086,92.04
2020-12-16,85.68,85.85,83.94,84.12,1979657,90.43
2020-12-17,84.64,86.16,84.48,85.57,1563801,91.98
2020-12-18,86.02,86.23,84.67,85.76,3943633,92.19
2020-12-21,84.58,86.47,83.87,86.26,2102078,92.73
2020-12-22,86.02,86.77,85.68,86.04,1623182,92.49
2020-12-23,85.94,86.4,85.01,85.22,1267227,91.61
2020-12-24,85.57,85.97,85.26,85.9,525367,92.34
2020-12-28,86.32,86.51,84.73,85,1041107,91.37
2020-12-29,85.62,86.96,85.52,85.81,1182891,92.24
2020-12-30,86.52,87.1,86.34,86.38,923363,92.86
2020-12-31,86.61,86.82,85.19,86.68,1340435,93.18
2021-01-04,85.33,85.82,82.52,83.5,3988184,89.76
2021-01-05,83.49,84.64,83.39,84.3,1781064,90.62
2021-01-06,84.66,86.48,84.38,85.28,2058428,91.67
2021-01-07,85.52,85.68,83.99,84.36,1672809,90.68
2021-01-08,84.6,84.82,83.45,84.25,1642583,90.57
2021-01-11,83.95,84.64,83.91,84.24,1639464,90.56
2021-01-12,83.92,84.49,83.53,83.95,1945308,90.24
2021-01-13,84.39,85.43,83.64,84.74,1649751,91.09
2021-01-14,85.05,85.15,83.59,83.66,3388425,89.93
2021-01-15,83.49,84.15,83,84.11,2285200,90.42
2021-01-19,84.51,85.02,83.76,84.11,1754870,90.42
2021-01-20,83.93,86.51,83.85,85.83,1860795,92.26
2021-01-21,85.33,86.12,84.6,84.93,1741634,91.3
2021-01-22,84.77,84.92,83.58,84.41,1606578,90.74
2021-01-25,84.43,84.58,82.19,83.59,1569136,89.86
2021-01-26,83.65,84.52,82.56,82.61,2241086,88.8
2021-01-27,81.44,81.54,79.21,79.38,2483265,85.33
2021-01-28,80.17,82.51,79.99,82.1,1814966,88.26
2021-01-29,81.67,82.79,81.17,81.88,2233742,88.02
2021-02-01,82.51,83.45,81.91,83.18,2660964,89.42
2021-02-02,83.84,85.25,83.81,84.2,1267033,90.51
2021-02-03,84.24,84.93,83.76,84.62,1827237,90.96
2021-02-04,84.17,85.27,81.12,82.7,3403695,88.9
2021-02-05,83.33,83.33,81.51,83.16,2535774,89.39
2021-02-08,83.8,84.22,83.19,83.46,1703483,89.72
2021-02-09,83.41,84.31,82.57,82.6,1438342,88.79
2021-02-10,83.43,84.16,82.87,83.64,1233175,89.91
2021-02-11,83.66,83.8,81.61,82.36,1765423,88.53
2021-02-12,81.95,83.44,81.87,83.43,1191188,89.68
2021-02-16,83.82,84.33,82.91,83.89,1457657,90.18
2021-02-17,83.45,83.9,82.91,83.59,1154364,89.86
2021-02-18,83.26,84.62,83.16,84.07,1444634,90.37
2021-02-19,84.16,84.9,83.69,84.17,2784499,90.48
2021-02-22,83.54,83.54,81.71,81.93,1569573,88.07
2021-02-23,82.17,82.22,80.19,80.48,2190801,86.51
2021-02-24,80.47,80.93,79.36,80.24,2085992,86.26
2021-02-25,80.2,80.84,79.83,80.24,1731299,86.26
2021-02-26,80.32,81.05,79.44,79.57,2566932,85.39
2021-03-01,79.52,81.36,79.4,80.61,2034295,86.5
2021-03-02,80.91,81.12,80.33,80.47,1925412,86.35
2021-03-03,79.78,80.39,78.59,78.84,2646914,84.6
2021-03-04,78.74,79.49,76.29,77.81,2240104,83.5
2021-03-05,77.96,78.09,75.24,76.61,3525884,82.21
2021-03-08,76.61,78.72,75.66,76.96,2027421,82.59
2021-03-09,77.77,80.61,77.24,80.38,2928229,86.26
2021-03-10,80.65,80.76,79.32,79.41,1450666,85.22
2021-03-11,79.69,79.77,77.46,77.84,1865993,83.53
2021-03-12,78.17,79.3,77.9,78.87,1562015,84.64
2021-03-15,78.66,80.21,77.89,79.58,2246430,85.4
2021-03-16,79.41,79.41,77.78,78.18,2987459,83.9
2021-03-17,77.76,78.32,77.49,77.83,2692686,83.52
2021-03-18,77.46,77.66,76.06,77,3167785,82.63
2021-03-19,76.79,77.46,75.67,75.72,5699590,81.25
2021-03-22,75.92,79,75.72,78.58,4661695,84.32
2021-03-23,78.11,80.43,78.1,79.52,3340037,85.33
2021-03-24,79.14,80.55,79.02,79.54,1851293,85.35
2021-03-25,79.86,80.04,78,78.32,2368144,84.05
2021-03-26,78.5,78.71,77.32,78.36,2397542,84.09
2021-03-29,77.87,79.49,77.02,79.3,2820388,85.1
2021-03-30,78.99,79.03,78.05,78.77,1522565,84.53
2021-03-31,78.87,79.59,78.12,78.97,3352070,84.74
2021-04-01,79.58,80.82,79.19,80.39,2698644,86.27
2021-04-05,80.59,81.19,79.75,80.95,2036585,86.87
2021-04-06,81.14,82.3,80.21,82,2217692,87.99
2021-04-07,81.96,82.2,80.22,80.64,1938846,86.53
2021-04-08,80.87,81.67,80.8,81.66,1648816,87.63
2021-04-09,82.76,83.78,82.61,83.74,2476831,89.86
2021-04-12,83.74,85.09,83.32,84.52,2370358,90.7
2021-04-13,84.16,85.19,83.93,84.58,1619783,90.76
2021-04-14,84.33,84.8,82.58,83.38,1597852,89.47
2021-04-15,83.95,84.61,83.72,84.38,2216663,90.55
2021-04-16,84.93,85.09,83.97,84.81,5455685,91.01
2021-04-19,84.9,84.9,84.71,84.71,19151,90.9
2021-04-20,85.45,86.56,84.88,86,1761748,92.29
2021-04-21,85.84,86.76,85.74,86.57,2060487,92.9
2021-04-22,86.57,87.21,85.79,86.38,1664940,92.69
2021-04-23,86.53,87.78,86.36,87.58,1400573,93.98
2021-04-26,87.75,87.87,86.31,86.57,1151291,92.9
2021-04-27,86.22,87.08,85.64,86.57,863170,92.9
2021-04-28,86.76,87.09,84.92,85.13,1278919,91.35
2021-04-29,85.64,87.27,85.64,87.02,1094855,93.38
2021-04-30,86.7,87.32,86.52,87.26,1568801,93.64
2021-05-03,87.6,87.74,86.77,86.91,1147949,93.26
2021-05-04,86.82,87.6,86.74,87.27,1970402,93.65
2021-05-05,87.3,87.55,86.45,86.54,1581353,92.87
2021-05-06,85.86,86.53,83.4,84.39,1889639,90.56
2021-05-07,84.31,85.95,83.83,84.52,2096094,90.7
2021-05-10,85.41,85.89,83.54,83.75,1930227,89.87
2021-05-11,83.3,84.44,82.63,84.43,3404952,90.6
2021-05-12,83.99,84.4,81.79,81.85,1656180,87.83
2021-05-13,82,83.02,81.96,82.43,1471204,88.46
2021-05-14,82.73,83.56,82.43,83.03,1014449,89.1
2021-05-17,82.97,83.19,82.43,82.59,1558714,88.63
2021-05-18,82.4,82.45,81.07,81.12,2496098,87.05
2021-05-19,80.37,80.6,79.52,79.97,2026620,85.82
2021-05-20,80.99,81.94,80.82,81.33,2203383,87.28
2021-05-21,81.46,82.09,80.68,80.87,2548065,86.78
2021-05-24,81.17,81.75,80.65,81.18,2084070,87.11
2021-05-25,81.27,81.33,79.49,80.02,3209459,85.87
2021-05-26,78.09,78.91,75.95,76.64,7311941,82.24
2021-05-27,77.23,77.84,76.65,77.02,6494408,82.65
2021-05-28,76.91,77.16,76.35,76.7,4430386,82.16
2021-06-01,77.15,77.37,76.24,76.76,3298790,82.22
2021-06-02,76.94,77.23,75.97,76.38,3071205,81.81
2021-06-03,75.9,78.13,75.9,77.83,3783873,83.37
2021-06-04,78.08,78.2,76.17,77.06,3486150,82.54
2021-06-07,76.91,77.2,75.66,75.96,2796705,81.36
2021-06-08,76.01,76.27,74.8,75.24,2318404,80.59
2021-06-09,75.51,75.72,74.91,75.53,2532785,80.9
2021-06-10,75.54,75.85,74.85,75.12,4127663,80.46
2021-06-11,75.64,76.14,74.99,76.11,3911896,81.53
2021-06-14,76.21,76.44,75.2,75.73,1877736,81.12
2021-06-15,75.88,76.4,75.74,76,2799235,81.41
2021-06-16,76.26,76.45,75,75.14,2190553,80.49
2021-06-17,74.94,75.25,74.37,74.63,2792645,79.94
2021-06-18,73.86,74.56,73.46,73.93,4429915,79.19
2021-06-21,74.39,74.86,73.95,74.65,1863646,79.96
2021-06-22,75.65,76.62,75.45,76.25,2570262,81.68
2021-06-23,76.27,76.65,75.95,76.08,2161311,81.49
2021-06-24,76.23,77.11,76.06,76.58,2243749,82.03
2021-06-25,77,77.92,76.94,77.31,8045807,82.81
2021-06-28,77.2,77.25,75.95,76.43,1883152,81.87
2021-06-29,76.63,76.87,76.02,76.21,1686931,81.63
2021-06-30,76.18,76.57,75.35,75.64,1700467,81.02
2021-07-01,75.92,77.16,75.92,76.92,2269148,82.39
2021-07-02,77.18,77.18,76.12,76.39,1221132,81.83
2021-07-06,76.55,77.02,76.16,76.62,1456310,82.07
2021-07-07,76.53,77.47,76.53,77.32,1640757,82.82
2021-07-08,76.73,80.23,76.7,79.62,4782808,85.29
2021-07-09,79.62,79.84,78.5,79.16,2351091,84.79
2021-07-12,78.54,79.21,77.89,79.13,2597528,84.76
2021-07-13,79.18,79.61,78.31,78.71,1776264,84.31
2021-07-14,78.5,79.44,78,78.97,2066480,84.59
2021-07-15,79.05,79.4,78.42,79.3,2216311,84.94
2021-07-16,79.54,80.92,79.24,80.05,8552532,85.75
2021-07-19,79.59,79.59,77.4,78.19,2345175,83.75
2021-07-20,78.77,79.86,78.37,78.81,2108149,84.42
2021-07-21,78.73,79.14,77.17,77.21,1804684,82.7
2021-07-22,77.31,77.79,76.08,76.3,1798551,81.73
2021-07-23,75.62,76.02,73.22,74.69,4040926,80
2021-07-26,74.69,76.13,74.12,75.78,1491989,81.17
2021-07-27,75.74,76.28,75.39,75.73,1228033,81.12
2021-07-28,75.67,76.06,75.45,75.78,1165150,81.17
2021-07-29,76.28,76.81,75.48,75.63,1200711,81.01
2021-07-30,75.57,76.26,75.31,75.51,1437073,80.88
2021-08-02,75.59,76.24,75.4,75.98,1467922,81.39
2021-08-03,75.82,76.01,74.69,75.1,1398236,80.44
2021-08-04,74.92,75.15,73.41,73.78,1970754,79.03
2021-08-05,74.73,75.58,72.77,75.41,3020647,80.78
2021-08-06,75.92,80.59,75.92,79.58,4229167,85.24
2021-08-09,79.55,82.04,79.55,81.55,3630195,87.35
2021-08-10,81.55,83.68,81.44,82.93,2224214,88.83
2021-08-11,83.19,84.49,82.68,83.59,3291697,89.54
2021-08-12,83.34,83.94,82.81,83.51,2382961,89.45
2021-08-13,83.67,83.68,82.6,82.79,1679779,88.68
2021-08-16,82.51,83.48,81.89,83.15,2025308,89.07
2021-08-17,83.53,84.13,82.83,83.45,1731335,89.39
2021-08-18,83.45,84.91,83.45,84.68,2712960,90.71
2021-08-19,84.68,86.68,84.43,86.36,2770511,92.5
2021-08-20,86.68,88.58,86.49,88.34,2915440,94.63
2021-08-23,88.14,88.64,87.49,88.55,1896164,94.85
2021-08-24,88.68,88.92,87.84,88.23,2388468,94.51
2021-08-25,87.84,88.69,87.65,88.37,2057581,94.66
2021-08-26,88.29,88.4,87.72,88.05,1293206,94.31
2021-08-27,88.05,88.59,87.91,88.1,1321445,94.37
2021-08-30,88.39,89.79,88.31,89.33,1465871,95.69
2021-08-31,89.61,90.03,88.96,89.77,3091412,95.96
2021-09-01,89.05,90.6,88.35,90.43,1488153,96.66
2021-09-02,90.75,91.54,90.43,91.49,2221906,97.79
2021-09-03,91.4,91.77,91.01,91.1,1678586,97.38
2021-09-07,91.11,91.17,90.02,90.68,2059571,96.93
2021-09-08,90.46,90.96,90.3,90.45,2924521,96.68
2021-09-09,89.62,90.15,88.74,89.31,2924452,95.46
2021-09-10,89.21,89.54,88.51,88.72,2662251,94.83
2021-09-13,89.08,89.29,87.81,88,2737219,94.06
2021-09-14,87.97,88.22,86.31,86.68,2820531,92.65
2021-09-15,86.62,88.01,86.49,87.2,2510985,93.21
2021-09-16,86.99,87.21,86.43,86.77,1706695,92.75
2021-09-17,86.74,86.83,85.49,86.41,4115078,92.36
2021-09-20,86.14,86.85,85.95,86.77,2317074,92.75
2021-09-21,86.56,87.2,86.3,86.56,1889638,92.53
2021-09-22,86.3,87.32,85.64,86.96,2038070,92.95
2021-09-23,87.09,87.67,87,87.24,1505605,93.25
2021-09-24,86.93,87.02,86.14,86.35,1806857,92.3
2021-09-27,86.01,86.25,84.79,84.96,2305511,90.82
2021-09-28,84.43,84.86,83.65,83.93,2878735,89.71
2021-09-29,83.66,84.19,83.52,83.95,1713230,89.74
2021-09-30,84.1,84.96,84.01,84.17,2470034,89.97
2021-10-01,84.24,84.97,82.78,84.06,2522223,89.85
2021-10-04,83.91,84.81,83.54,84.03,1654300,89.82
2021-10-05,84.14,86.07,83.85,85.59,1942689,91.49
2021-10-06,85.67,86.77,85.28,86.49,2128028,92.45
2021-10-07,86.94,87.25,85.81,85.98,1991951,91.91
2021-10-08,86.03,86.54,85.25,85.51,1271300,91.4
2021-10-11,85.35,85.98,85.08,85.08,1271434,90.94
2021-10-12,85.16,85.49,84.38,84.63,2399656,90.46
2021-10-13,85.18,85.6,84.38,84.93,1864563,90.78
2021-10-14,83.47,86.27,83.39,86.09,1967084,92.02
2021-10-15,86.35,86.55,85.19,85.41,1651927,91.3
2021-10-18,84.77,85.08,84.23,84.3,1613877,90.11
2021-10-19,84.23,84.87,83.9,84.8,1162799,90.64
2021-10-20,85.4,86.68,85.3,86.61,1685504,92.58
2021-10-21,86.56,87.27,86.24,87.04,1380781,93.04
2021-10-22,87,87.53,86.16,86.27,1895381,92.21
2021-10-25,86.04,86.04,81.83,81.84,233414,87.48
2021-10-26,82.23,83.95,81.22,83.39,2808033,89.14
2021-10-27,83.64,85.75,83.64,85.55,2691537,91.45
2021-10-28,85.8,87.07,85.41,85.89,1573502,91.81
2021-10-29,85.58,86.41,85.19,85.58,1607180,91.48
2021-11-01,85.56,87.29,85.21,86.91,2137326,92.9
2021-11-02,86.68,87.51,85.86,87.22,1967193,93.23
2021-11-03,86.97,88.33,86.97,88.05,1817465,94.12
2021-11-04,85.86,87.14,84.2,85.58,2280993,91.48
2021-11-05,85.34,86.44,84.64,84.66,1905886,90.49
2021-11-08,85.35,85.66,84.07,85.15,1629856,91.02
2021-11-09,85.24,86.8,85.12,85.4,1402358,91.28
2021-11-10,84.89,85.94,84.89,85.37,1296998,91.25
2021-11-11,85.76,85.84,85.14,85.75,1083507,91.66
2021-11-12,87,88.01,86.71,87.54,2940044,93.57
2021-11-15,87.58,89.79,87.58,89.7,1802345,95.88
2021-11-16,89.75,91.31,89.41,90.63,1541776,96.88
2021-11-17,90.65,90.68,88.64,88.93,2114004,95.06
2021-11-18,88.93,89.48,87.71,88.15,1778279,94.22
2021-11-19,88.32,90.63,88.32,89.53,4932711,95.7
2021-11-22,89.53,90.18,88.73,88.84,1196835,94.96
2021-11-23,88.55,89.12,87.86,88.04,1289153,94.11
2021-11-24,88.16,88.26,87.28,87.58,1283751,93.62
2021-11-26,86.86,90.22,86.43,88.59,1975987,94.7
2021-11-29,89.37,90.43,88.56,88.7,1972781,94.81
2021-11-30,87.97,89.14,87.14,87.61,4111657,93.45
2021-12-01,87.91,89.2,85.19,85.23,2288239,90.91
2021-12-02,85.49,87.99,85.14,87.73,1834266,93.58
2021-12-03,87.38,88.91,87.07,87.4,3970518,93.23
2021-12-06,87.99,88.15,86.72,86.89,2262357,92.68
2021-12-07,87.49,87.93,84.86,87.61,1674847,93.45
2021-12-08,87.66,88.32,86.96,88.07,1824130,93.94
2021-12-09,87.89,88.18,86.21,86.83,2459127,92.62
2021-12-10,87.11,87.92,86.5,87.66,1562661,93.5
2021-12-13,87.62,88.65,87.32,87.81,2141691,93.66
2021-12-14,88.02,88.18,86.53,86.55,1994849,92.32
2021-12-15,86.86,87.34,85.54,86.12,2598714,91.86
2021-12-16,86.44,87.33,85.61,86.57,2649197,92.34
2021-12-17,86.67,88.24,86.06,86.99,5730029,92.79
2021-12-20,86.4,86.73,83.79,84.38,2199994,90
2021-12-21,84.68,85.23,83.79,84.37,2516470,89.99
2021-12-22,84.28,84.77,83.94,84.4,1607727,90.03
2021-12-23,84.6,84.92,84.22,84.38,1709997,90
2021-12-27,84.69,86.19,84.51,86.18,1433744,91.92
2021-12-28,86.81,88.42,86.42,88.41,1509965,94.3
2021-12-29,88.6,89.64,88.56,89.28,1402797,95.23
2021-12-30,89.63,90.2,89.16,89.49,1074214,95.45
2021-12-31,89.37,90.34,89.22,90.25,1267214,96.27
2022-01-03,89.96,90.04,87.04,87.43,1908176,93.26
2022-01-04,86.25,86.9,84.16,84.39,2865809,90.01
2022-01-05,84.52,86.86,83.56,85.71,2206355,91.42
2022-01-06,86.1,86.78,85.41,85.84,1371407,91.56
2022-01-07,85.22,86.72,84.82,84.85,1194695,90.51
2022-01-10,84.88,84.99,82.81,84.32,1484182,89.94
2022-01-11,84.4,84.94,83.97,84.24,1873922,89.85
2022-01-12,84.52,85.38,84.36,85.26,1468007,90.94
2022-01-13,85.35,86.22,84.97,85.33,1678260,91.02
2022-01-14,84.74,85.04,83.32,84.93,1692972,90.59
2022-01-18,84.06,84.65,82.7,83.95,1986513,89.55
2022-01-19,84.28,86.49,84.17,86.02,1690537,91.75
2022-01-20,85.96,86.67,84.66,84.88,2183542,90.54
2022-01-21,84.57,84.96,82.32,82.81,8186409,88.33
2022-01-24,81.47,81.78,80.38,81.78,829046,87.23
2022-01-25,80.65,81.65,78.62,81,2423389,86.4
2022-01-26,81.29,82.24,80.37,81.16,2401787,86.57
2022-01-27,85.17,88.97,84.57,88.12,4100510,93.99
2022-01-28,88.35,89.63,86.75,87.66,3389442,93.5
2022-01-31,88.11,91.34,87.7,91.03,3077749,97.1
2022-02-01,91.41,91.87,89.46,90.54,2972043,96.57
2022-02-02,90.46,90.52,88.24,88.56,2121329,94.46
2022-02-03,87.99,88.57,86.78,87.3,1760746,93.12
2022-02-04,86.99,88.75,86.76,87.83,2556437,93.68
2022-02-07,88.25,88.31,86.42,86.64,1613870,92.41
2022-02-08,87.03,88.16,86.52,87.61,1600067,93.45
2022-02-09,88.19,88.94,87.62,88.17,2327029,94.05
2022-02-10,87.45,88.76,86.39,86.88,1476195,92.67
2022-02-11,86.79,88.44,86.16,86.66,1961288,92.44
2022-02-14,87.09,87.32,85.09,86.51,1452878,92.28
2022-02-15,87.4,88.07,85.64,86.1,1276724,91.84
2022-02-16,86.1,86.64,85.05,86.29,1389660,92.04
2022-02-17,85.84,86.63,85.02,85.24,1274436,90.92
2022-02-18,85.34,85.95,84.88,84.95,1525014,90.61
2022-02-22,84.84,85.48,84.07,84.41,1476835,90.04
2022-02-23,85.07,85.18,82.95,83.03,1520871,88.56
2022-02-24,81.56,82.52,80.39,82.36,2550479,87.85
2022-02-25,82.74,85.39,82.65,85.19,1804727,90.87
2022-02-28,84.48,84.74,83.17,84.32,2693957,89.74
2022-03-01,84.46,84.46,80.84,81.59,2551750,86.84
2022-03-02,81.74,83.53,81.47,82.84,1907792,88.17
2022-03-03,85.68,86.06,83.85,84.69,1694929,90.14
2022-03-04,83.5,85.03,82.5,84.75,1584587,90.2
2022-03-07,85.82,87.18,84.04,84.27,2338711,89.69
2022-03-08,84.06,84.06,82.49,82.49,213779,87.79
2022-03-09,83.95,84.23,80.72,81.19,3506837,86.41
2022-03-10,80.38,81.94,79.07,81.8,1956425,87.06
2022-03-11,82.16,83.27,80.35,80.39,1170157,85.56
2022-03-14,81.96,84.42,80.99,83.1,3466703,88.44
2022-03-15,83.53,85.49,83.33,85.27,1716131,90.75
2022-03-16,85.31,86.2,83.59,84.94,2419922,90.4
2022-03-17,84.49,86.56,84.23,86.04,1681611,91.57
2022-03-18,86.38,87.68,84.88,87.38,3454559,93
2022-03-21,87.04,87.95,86.22,87.93,1400777,93.58
2022-03-22,88.41,88.94,87.51,88.5,1363318,94.19
2022-03-23,87.8,88,85.83,85.89,2140605,91.41
2022-03-24,86.15,87.34,84.78,87.33,1777213,92.95
2022-03-25,87.63,89.06,87.31,88.54,2041919,94.23
2022-03-28,88.65,88.65,87.12,87.64,1732426,93.28
2022-03-29,86.15,86.42,83.18,85.4,2813938,90.89
2022-03-30,85.3,86.36,84.49,85.96,1621784,91.49
2022-03-31,86.35,87.17,84.53,84.56,2100535,90
2022-04-01,85,85.27,82.95,83.83,2360817,89.22
2022-04-04,83.59,84.71,82.57,84.41,1673584,89.84
2022-04-05,84,85.19,83.58,84.32,1295030,89.74
2022-04-06,83.69,84.1,82.7,83.03,1400241,88.37
2022-04-07,82.61,82.94,81.46,82.43,1554485,87.73
2022-04-08,82.44,83.1,81.74,82.14,1812039,87.42
2022-04-11,82.37,83.24,82,82.73,1753133,88.05
2022-04-12,82.54,83.11,80.85,81.09,1532521,86.31
2022-04-13,80.88,82.67,80.51,82.64,1774074,87.95
2022-04-14,82.57,83.03,81.6,81.88,6899685,87.15
2022-04-18,81.71,82.4,80.61,80.91,1254905,86.11
2022-04-19,81.11,82.44,80.92,82.34,1467730,87.63
2022-04-20,82.88,84.45,82.53,83.62,1774514,89
2022-04-21,84.01,84.24,82.86,83.27,1651207,88.63
2022-04-22,83.1,83.1,81.11,81.23,1691722,86.45
2022-04-25,80.94,81.15,79.42,80.77,1718209,85.96
2022-04-26,80.83,80.84,75.97,76,2469781,80.89
2022-04-27,76.12,77.49,75.92,76.12,2127577,81.01
2022-04-28,76.59,78.48,75.73,77.92,2028023,82.93
2022-04-29,77.99,78.91,75.98,76.26,2640304,81.16
2022-05-02,77.13,77.33,74.64,75.77,1656360,80.64
2022-05-03,75.96,77.38,75.61,76.77,1775809,81.71
2022-05-04,76.84,78.19,75.82,78.19,2463471,83.22
2022-05-05,76.85,76.93,69.65,72.16,3958488,76.8
2022-05-06,70.31,71.02,66.08,67.56,4581198,71.91
2022-05-09,66.35,67.85,64.92,65.29,3237646,69.49
2022-05-10,67.93,68.33,63.69,64.92,1692908,69.09
2022-05-11,64.25,66.8,63.06,63.21,2957157,67.28
2022-05-12,63.12,66.47,63.12,65.08,2465992,69.26
2022-05-13,65.4,67.18,64.69,65.54,6405476,69.75
2022-05-16,65.99,68.16,65.29,67.38,2388770,71.71
2022-05-17,70.77,70.77,68.12,68.87,2725703,73.3
2022-05-18,68.49,69.18,66.2,66.91,3062922,71.21
2022-05-19,65.7,66.82,64.94,65.49,4137124,69.7
2022-05-20,65.82,66.63,63.66,64.81,3216638,68.98
2022-05-23,65.55,66.64,64.89,66.53,2304076,70.81
2022-05-24,66.63,66.63,64.56,65.87,1979473,70.11
2022-05-25,65.5,66.29,65.16,66.04,1811374,70.29
2022-05-26,66.11,68.07,66.05,67.42,1593825,71.76
2022-05-27,68.18,69.28,67.58,69.28,1620614,73.73
2022-05-31,68.11,68.51,66.62,66.79,3583231,70.89
2022-06-01,67.1,67.56,66.62,67.15,1809004,71.27
2022-06-02,67.29,68.45,66.94,68.31,1140664,72.51
2022-06-03,67.36,69.75,67.36,69.34,1786337,73.6
2022-06-06,69.73,70.18,69.11,69.5,1574015,73.77
2022-06-07,68.95,69.93,68.57,69.88,2073902,74.17
2022-06-08,69.43,69.78,68.02,68.47,1381204,72.68
2022-06-09,66.89,67.45,66.28,66.34,2301511,70.42
2022-06-10,65.94,65.94,64.38,64.52,2150370,68.48
2022-06-13,62.65,63.62,61.95,63.52,3380969,67.42
2022-06-14,63.35,64.1,62.19,62.65,2480237,66.5
2022-06-15,63.53,63.96,60.6,62.44,2905848,66.27
2022-06-16,61.37,61.9,59.27,59.65,3075115,63.31
2022-06-17,59.5,61.26,59.26,61.15,4813903,64.91
2022-06-21,61.84,62.91,61.02,61.7,2406707,65.49
2022-06-22,60.97,62.26,60.97,61.67,3306587,65.46
2022-06-23,61.36,62.12,60.53,61.92,1939716,65.72
2022-06-24,62.28,67.51,62.28,67.45,5303541,71.59
2022-06-27,67.33,68.07,66.54,66.91,3371714,71.02
2022-06-28,66.84,67.47,65.47,65.9,2226414,69.95
2022-06-29,66.13,66.13,64.19,64.39,1374728,68.35
2022-06-30,63.59,65.53,63.41,64.79,2568863,68.77
2022-07-01,64.52,67.39,64.36,66.83,3948439,70.93
2022-07-05,65.93,66.15,63.58,65.98,2150658,70.03
2022-07-06,66.05,67.39,66,67.32,2434843,71.45
2022-07-07,67.8,68.23,66.27,66.34,1850363,70.42
2022-07-08,65.9,65.97,63.99,64.65,1598117,68.62
2022-07-11,64.36,64.96,64.13,64.46,931823,68.42
2022-07-12,64.3,65.03,63.58,63.74,2605311,67.66
2022-07-13,63,64.23,62.65,63.68,2371244,67.59
2022-07-14,62.72,63.07,61.6,62.79,1627293,66.65
2022-07-15,64,64.08,62.17,62.63,2106392,66.48
2022-07-18,62.94,63.87,62.89,63.16,1453032,67.04
2022-07-19,63.63,66.19,63.52,65.93,1513563,69.98
2022-07-20,65.71,66.87,65.53,66.66,1302049,70.75
2022-07-21,65.69,67.72,65.69,67.66,2762622,71.82
2022-07-22,68,68.14,66.16,66.62,2429017,70.71
2022-07-25,66.5,66.88,65.15,65.82,2576893,69.86
2022-07-26,65.58,66.23,65.11,66.1,1688215,70.16
2022-07-27,66.44,68.36,65.8,68.17,1485004,72.36
2022-07-28,68.67,69.46,67.73,69.3,1582787,73.56
2022-07-29,69.5,70.05,68.71,69.17,2084313,73.42
2022-08-01,68.71,69.17,68.4,68.93,1712954,73.16
2022-08-02,68.71,68.94,67.52,67.64,2645622,71.79
2022-08-03,68.25,68.85,66.58,68.6,3122887,72.81
2022-08-04,63.03,63.12,55.27,55.85,8833574,59.28
2022-08-05,55.07,55.41,52.27,53.1,9635939,56.36
2022-08-08,53.25,55.48,53.2,53.68,5803217,56.98
2022-08-09,53.54,53.69,51.6,51.7,3238893,54.88
2022-08-10,52.9,54.45,52.72,54.15,4202388,57.48
2022-08-11,54.33,55.03,53.74,54.44,2839233,57.78
2022-08-12,54.79,56.42,54.76,56.03,2654649,59.47
2022-08-15,56,56.99,55.87,56.76,1891500,60.25
2022-08-16,56.38,58.59,56.01,58.12,2833361,61.69
2022-08-17,57.47,58.05,56.98,57.71,2556293,61.25
2022-08-18,57.55,58.34,57.19,58.14,2110717,61.71
2022-08-19,57.89,58.56,57.37,58.33,3047953,61.91
2022-08-22,57.33,57.59,56.74,56.99,2799768,60.49
2022-08-23,57.1,57.88,56.8,57.53,2366378,61.06
2022-08-24,57.39,58.19,57.17,57.75,1598538,61.3
2022-08-25,57.94,58.01,56.6,56.99,2402064,60.49
2022-08-26,56.79,56.97,54.37,54.37,2291713,57.71
2022-08-29,53.87,54.14,53.24,53.51,2330001,56.8
2022-08-30,53.73,54.13,52.85,53.53,1807651,56.82
2022-08-31,53.94,53.94,52.71,52.77,3249116,55.81
2022-09-01,52.32,52.63,51.58,52.59,2090501,55.62
2022-09-02,53.65,54.22,52.48,52.77,2068647,55.81
2022-09-06,52.44,52.73,51.91,52.51,2117523,55.54
2022-09-07,52.73,55.5,52.46,55.44,2865812,58.64
2022-09-08,54.44,55.73,54.25,55.66,2207736,58.87
2022-09-09,55.85,56.48,55.71,56.09,1861254,59.33
2022-09-12,56.44,57.47,56.44,57.38,1592678,60.69
2022-09-13,55.83,56.14,55.1,55.39,2653777,58.58
2022-09-14,55.31,55.4,53.65,54.28,3183980,57.41
2022-09-15,54.16,55.76,53.69,54.52,2861539,57.66
2022-09-16,53.55,54.92,52.84,53.57,6948966,56.66
2022-09-19,53.25,53.95,52.95,53.88,2084590,56.99
2022-09-20,53.31,53.75,51.76,52.26,2880204,55.27
2022-09-21,52.78,53.01,50.94,50.96,1892547,53.9
2022-09-22,51.17,51.17,46.33,46.55,6126733,49.23
2022-09-23,45.42,46.48,44.64,46.46,6403540,49.14
2022-09-26,45.79,47.18,45.1,45.68,3898660,48.31
2022-09-27,46.21,46.69,44.69,44.9,3688937,47.49
2022-09-28,45.39,46.78,44.94,46.55,1931347,49.23
2022-09-29,46.05,46.1,44.4,45.05,2460074,47.65
2022-09-30,45.16,46.3,44.99,45.68,3589312,48.32
2022-10-03,46.42,47.29,45.7,46.68,2258099,49.37
2022-10-04,47.68,48.18,47.39,47.8,3585957,50.56
2022-10-05,47.02,48.62,46.84,48.16,2728627,50.94
2022-10-06,47.97,48.43,47.13,47.22,2298359,49.94
2022-10-07,46.45,46.6,45.63,45.87,1950737,48.52
2022-10-10,46.24,47,46.15,46.64,2114431,49.33
2022-10-11,46.49,47.4,45.55,45.83,1896731,48.47
2022-10-12,45.88,46.67,45.48,46.27,2026069,48.94
2022-10-13,44.93,46.82,44.45,46.27,1805956,48.94
2022-10-14,46.6,46.8,44.79,44.87,1571213,47.46
2022-10-17,45.85,46.72,45.68,46.53,2481248,49.21
2022-10-18,47.55,48.46,46.73,47.4,1420581,50.13
2022-10-19,46.99,47.33,45.81,46.27,1172858,48.94
2022-10-20,46.43,47.07,45.53,45.86,1615640,48.51
2022-10-21,45.75,46.88,45.43,46.52,2115908,49.2
2022-10-24,46.75,47.31,46.24,46.7,2019411,49.39
2022-10-25,45.06,46.56,43.49,45.78,4713425,48.42
2022-10-26,46.19,46.77,45.49,45.56,2745394,48.19
2022-10-27,45.66,46.47,45.15,45.16,2219143,47.77
2022-10-28,45.44,47.14,44.74,46.89,2941929,49.6
2022-10-31,46.74,47.06,46.09,46.7,2907765,49.39
2022-11-01,47.1,47.37,46.52,46.76,4024661,49.46
2022-11-02,46.91,47.15,45.2,45.24,4429256,47.85
2022-11-03,49.5,50.74,47.2,48.25,5109158,51.03
2022-11-04,47.98,48.24,46.42,48.08,3458028,50.85
2022-11-07,48.53,48.86,47.13,48.23,1731591,51.01
2022-11-08,47.94,48.8,47.41,47.78,1848666,50.54
2022-11-09,47.59,47.78,46.68,46.85,1502489,49.55
2022-11-10,48.63,50.7,48.28,50.58,2220128,53.5
2022-11-11,50.88,54.27,50.21,53.71,3279063,56.81
2022-11-14,53.58,54.15,52.44,52.51,2309146,55.54
2022-11-15,54.14,54.87,52.12,52.46,2242960,55.49
2022-11-16,52.36,52.72,51.67,51.75,1505163,54.74
2022-11-17,50.87,51.66,50.45,51.4,1621899,54.37
2022-11-18,52.28,52.48,51.41,52.09,1211555,55.09
2022-11-21,51.57,52.25,51.21,52.18,1217913,55.19
2022-11-22,52.2,52.75,51.8,52.38,1310892,55.4
2022-11-23,52.42,53.09,52.12,53.06,1590657,56.12
2022-11-25,53.27,53.52,52.63,53.11,526913,56.17
2022-11-28,52.61,53.13,51.81,52.17,2221779,55.18
2022-11-29,52.09,52.83,51.52,51.75,1977564,54.74
2022-11-30,51.56,53.33,50.53,53.22,4503084,56.08
2022-12-01,53.53,53.93,52.53,53,1590997,55.85
2022-12-02,52.24,53.34,51.77,52.96,1628982,55.81
2022-12-05,52.31,52.49,51.2,51.57,2267478,54.35
2022-12-06,51.34,52.12,50.93,52,1621449,54.8
2022-12-07,51.96,52.27,49.59,49.81,1567748,52.49
2022-12-08,50.69,51.24,50.21,51.14,1394651,53.89
2022-12-09,50.99,51.41,50.66,50.82,1518377,53.56
2022-12-12,50.76,51.55,50.47,50.86,2078290,53.6
2022-12-13,52.86,53.01,50.68,51.07,2061118,53.82
2022-12-14,51.01,52.67,51.01,51.68,1612275,54.46
2022-12-15,50.57,51,48.97,49.01,2000146,51.65
2022-12-16,48.45,49.13,48.41,48.7,3484830,51.32
2022-12-19,48.76,49.26,47.89,48.03,1720114,50.61
2022-12-20,47.97,48.69,47.56,48.04,1832204,50.63
2022-12-21,48.22,49.11,48.19,49.1,1476337,51.74
2022-12-22,48.75,48.75,47.29,48.54,1182970,51.15
2022-12-23,48.46,49.03,48.17,48.99,745655,51.63
2022-12-27,48.8,49.34,48.35,49.14,975327,51.79
2022-12-28,48.87,49.42,47.93,48,984114,50.58
2022-12-29,48.35,49.3,48.21,48.98,812706,51.62
2022-12-30,48.55,48.84,48.04,48.53,982766,51.14
2023-01-03,48.92,49.89,48.64,49.32,1248840,51.97
2023-01-04,50.05,50.55,49.42,49.81,1084544,52.49
2023-01-05,49.2,50.42,49.05,50.14,1410101,52.84
2023-01-06,50.97,51.62,49.87,51.49,1154549,54.26
2023-01-09,51.88,53.63,51.62,52.73,1739980,55.57
2023-01-10,52.81,53.42,52.22,53.23,1457197,56.09
2023-01-11,53.5,53.81,52.94,53.53,1863068,56.41
2023-01-12,53.87,54.35,53.22,54.23,1896712,57.15
2023-01-13,53.78,54.22,53.57,54.2,1804293,57.12
2023-01-17,54.12,54.28,53.31,54.05,1924478,56.96
2023-01-18,54.37,54.66,53.53,53.91,2532291,56.81
2023-01-19,53.46,53.96,53.26,53.74,1689965,56.63
2023-01-20,54.16,55.34,53.91,55.26,1529801,58.23
2023-01-23,55.23,56.09,54.99,56.01,1202444,59.02
2023-01-24,55.67,55.96,54.03,54.14,1251415,57.05
2023-01-25,53.51,53.75,52.65,53.75,1168620,56.64
2023-01-26,54.24,54.4,53.49,54.12,963842,57.03
2023-01-27,53.6,54.93,53.18,54.69,1422123,57.63
2023-01-30,54.29,55.45,54.21,54.51,2105586,57.44
2023-01-31,54.41,55.28,53.88,55.27,1918110,58.24
2023-02-01,54.91,55.59,54.35,55.46,2657061,58.44
2023-02-02,55.21,58.97,51.42,57.78,5522812,60.89
2023-02-03,57.06,57.97,55.88,55.96,2449327,58.97
2023-02-06,55.45,55.92,54.67,55.69,2016729,58.69
2023-02-07,55.91,56.57,54.02,54.66,2117265,57.6
2023-02-08,54.15,54.57,52.99,53.03,1701296,55.88
2023-02-09,53.18,53.65,51.96,52.22,1752532,55.03
2023-02-10,51.85,52.11,51.23,51.82,1528499,54.61
2023-02-13,51.88,53.09,51.64,53.06,1631462,55.92
2023-02-14,52.98,54.03,52.62,54.02,1470655,56.93
2023-02-15,53.72,56.06,53.65,55.97,1465731,58.98
2023-02-16,55.05,55.33,54.25,54.46,1806647,57.39
2023-02-17,54.49,54.78,54.05,54.6,1548006,57.54
2023-02-21,54.11,54.38,53.64,54.14,2786270,57.05
2023-02-22,54.38,54.98,54.04,54.61,1990755,57.55
2023-02-23,54.56,54.8,53.6,54.57,1975993,57.51
2023-02-24,53.97,54.46,53.29,53.95,1548546,56.85
2023-02-27,54.41,54.63,53.08,53.23,1728092,56.1
2023-02-28,53.09,53.95,52.89,53.53,2224641,56.21
2023-03-01,53.34,53.95,52.03,52.05,2266318,54.66
2023-03-02,51.63,53.35,51.53,53.33,2162896,56
2023-03-03,53.79,54.63,53.61,54.35,1202573,57.07
2023-03-06,54.5,54.7,53.38,53.41,1659443,56.08
2023-03-07,53.18,53.6,52.2,52.22,1052276,54.83
2023-03-08,52.03,53,51.9,52.86,1079313,55.51
2023-03-09,53.03,53.21,51.87,52.08,1612800,54.69
2023-03-10,52,52,49.89,50.04,1658542,52.54
2023-03-13,49.67,50.83,49.28,49.92,2016452,52.42
2023-03-14,50.65,51.12,49.83,50.45,1967509,52.98
2023-03-15,49.64,50.13,48.94,49.62,1775010,52.1
2023-03-16,49.38,50.14,48.6,49.64,2042817,52.12
2023-03-17,49.48,49.68,48.44,49.03,2766042,51.48
2023-03-20,49.35,49.64,48.55,49.27,1382961,51.74
2023-03-21,50.01,50.42,49.27,50.16,1660354,52.67
2023-03-22,50.16,51.19,49.89,50.16,2022274,52.67
2023-03-23,50.11,50.89,49.5,50.03,1461710,52.53
2023-03-24,49.67,50.45,49.03,50.44,1442769,52.97
2023-03-27,50.79,50.94,49.7,50.14,1418587,52.65
2023-03-28,49.97,50.79,49.89,50.76,1009292,53.3
2023-03-29,51.19,51.74,51.06,51.33,1286171,53.9
2023-03-30,51.87,51.99,51.24,51.69,1002090,54.28
2023-03-31,52.02,52.52,51.79,52.48,1101886,55.11
2023-04-03,52.3,52.85,52.16,52.45,1384464,55.08
2023-04-04,52.42,52.42,51.24,51.66,1914711,54.25
2023-04-05,51.59,51.98,50.41,50.64,1691223,53.18
2023-04-06,50.37,50.54,49.51,50.12,1931143,52.63
2023-04-10,49.7,49.88,49,49.56,1711600,52.04
2023-04-11,49.84,50.5,49.44,49.89,1686863,52.39
2023-04-12,50.19,50.24,48.15,48.33,1915146,50.75
2023-04-13,48.44,49.51,48.4,49.3,1498257,51.77
2023-04-14,49.01,49.01,47.56,47.64,1608847,50.03
2023-04-17,47.85,48.8,47.33,48.77,1879041,51.21
2023-04-18,48.71,49.57,48.33,49.45,2128246,51.93
2023-04-19,49.42,49.98,49.25,49.73,1372262,52.22
2023-04-20,49.18,49.46,48.85,49.15,1241831,51.61
2023-04-21,49.38,49.65,48.82,49.61,929495,52.09
2023-04-24,49.99,50.11,49.38,49.79,1002681,52.28
2023-04-25,49.74,50.9,49.27,49.27,1583946,51.74
2023-04-26,48.99,49.27,48.65,48.8,993425,51.24
2023-04-27,49.22,50.26,48.96,50.2,1192886,52.71
2023-04-28,50.33,51.02,50.24,50.64,1155877,53.18
2023-05-01,50.64,51.35,50.64,51.07,1419532,53.63
2023-05-02,50.8,50.85,49.44,49.86,1318031,52.36
2023-05-03,50.22,50.86,49.65,49.77,1566831,52.26
2023-05-04,54.24,58.22,53.71,56.43,5444458,59.26
2023-05-05,56.63,56.66,54.23,55.81,2760562,58.6
2023-05-08,55.64,55.68,54.22,54.95,1793483,57.7
2023-05-09,54.75,54.75,54.09,54.31,1504385,57.03
2023-05-10,54.31,54.46,53.27,53.93,1556615,56.63
2023-05-11,54.08,54.47,53.52,54.37,2309834,57.09
2023-05-12,54.53,54.92,52.65,53.52,1643068,56.2
2023-05-15,53.75,54.2,53.17,53.87,1098178,56.57
2023-05-16,53.43,53.6,52.92,53.09,1696886,55.75
2023-05-17,53.14,53.37,52.37,52.75,1257278,55.39
2023-05-18,52.54,52.65,51.69,52.43,999025,55.06
2023-05-19,52.78,53.02,51.58,52,1368280,54.6
2023-05-22,51.62,52.06,51.21,51.65,1151005,54.24
2023-05-23,51.49,52.62,51.39,52.15,1675398,54.76
2023-05-24,51.79,52.13,51.05,51.13,1103649,53.69
2023-05-25,50.93,51.02,50.04,50.75,1601356,53.29
2023-05-26,50.81,51.3,50.61,51.24,1016920,53.81
2023-05-30,51.36,51.48,49.24,49.53,2189191,52.01
2023-05-31,49.43,49.69,48.75,48.91,4118437,51.16
2023-06-01,48.95,49.6,48.58,49.36,1890060,51.63
2023-06-02,50.2,52.09,50.02,52.04,2474150,54.44
2023-06-05,52.29,52.58,51.37,51.75,1821510,54.13
2023-06-06,51.44,52.96,51.32,52.23,1395986,54.63
2023-06-07,52.25,52.81,50.32,50.55,2576830,52.88
2023-06-08,50.35,51.1,49.13,50.88,1703084,53.22
2023-06-09,50.74,51.18,49.86,50.27,1571757,52.58
2023-06-12,50.3,50.97,50.02,50.95,1883879,53.3
2023-06-13,50.95,52.64,50.95,51.93,2219072,54.32
2023-06-14,52.19,52.87,51.59,52.06,1937312,54.46
2023-06-15,51.83,52.6,51.3,52.09,1830275,54.49
2023-06-16,51.34,56.16,50.89,55.86,11573436,58.43
2023-06-20,54.04,55.01,52.97,53.54,3559030,56
2023-06-21,53.59,53.92,52.81,53.05,2285604,55.49
2023-06-22,53.37,54.03,52.8,53.87,1393097,56.35
2023-06-23,53.25,53.83,52.66,53.35,4595962,55.81
2023-06-26,53.49,54.28,53.11,53.56,1240001,56.03
2023-06-27,53.83,55.08,53.57,54.98,1410326,57.51
2023-06-28,54.83,54.83,53.59,54.16,1379300,56.65
2023-06-29,54.01,55.25,53.79,55.17,1169569,57.71
2023-06-30,55.54,55.75,54.87,55.65,1344615,58.21
2023-07-03,55.33,56.03,55.12,55.95,767796,58.52
2023-07-05,54.93,55.16,54.02,54.17,1729581,56.66
2023-07-06,53.81,54.03,53.32,53.78,1556364,56.26
2023-07-07,53.66,55.34,53.66,54.93,1892437,57.46
2023-07-10,53.4,54.64,53.4,53.56,1594895,56.03
2023-07-11,53.88,54.16,52.92,53.72,1489280,56.19
2023-07-12,54.32,54.82,53.74,54.23,1432444,56.73
2023-07-13,53.98,54.49,53.76,53.88,1242542,56.36
2023-07-14,53.76,53.96,52.86,53.8,1535645,56.28
2023-07-17,53.63,53.8,53.09,53.51,1109992,55.97
2023-07-18,53.47,54.09,53.08,53.71,1405665,56.18
2023-07-19,53.54,54.52,53.49,54.49,1383117,57
2023-07-20,54.74,55.04,54.37,54.9,911750,57.43
2023-07-21,54.86,55.19,54.35,55.06,908696,57.59
2023-07-24,55,55.57,54.83,55.4,947734,57.95
2023-07-25,55.39,56.85,55.19,56.6,1491310,59.21
2023-07-26,56.27,57.35,55.96,56.84,1232980,59.46
2023-07-27,57.06,57.25,55.41,55.48,1500955,58.03
2023-07-28,56.46,56.68,55.72,56.16,981465,58.75
2023-07-31,56.38,56.74,55.84,56.11,1261496,58.69
2023-08-01,55.66,55.91,55.35,55.52,1414763,58.08
2023-08-02,55.05,55.34,54.47,54.57,1652522,57.08
2023-08-03,55.28,58.22,55.28,56.47,4232211,59.07
2023-08-04,56.23,57.04,55.12,55.28,2112736,57.82
2023-08-07,55.39,55.48,54.2,54.58,1396807,57.09
2023-08-08,53.96,54.04,53.12,53.79,1165005,56.27
2023-08-09,53.79,53.79,52.63,52.81,1397132,55.24
2023-08-10,53.24,54.4,53.11,54.35,1666093,56.85
2023-08-11,54.49,55.04,53.96,54.88,1493187,57.41
2023-08-14,54.61,54.61,53.92,54.17,1200829,56.66
2023-08-15,53.77,53.87,53.01,53.07,1111644,55.51
2023-08-16,53.06,55.14,51.57,52.11,4073557,54.51
2023-08-17,52.64,54.07,52.48,52.96,2378282,55.4
2023-08-18,52.48,53.05,52.09,52.17,1796633,54.57
2023-08-21,52.18,52.49,50.44,50.71,1552772,53.04
2023-08-22,50.64,50.79,49.76,50.2,1634052,52.51
2023-08-23,50.16,50.33,49.97,50.08,1358003,52.38
2023-08-24,49.83,50.69,49.65,50.44,1105020,52.76
2023-08-25,50.53,50.8,49.93,50.3,1106802,52.62
2023-08-28,50.17,50.85,49.84,50.17,1051254,52.48
2023-08-29,50.3,51.51,49.9,51.48,1170624,53.85
2023-08-30,51.57,52.04,51.28,52.02,1237061,54.41
2023-08-31,52.21,52.48,51.92,52.25,1387557,54.45
2023-09-01,52.47,53.33,52.14,52.71,1097974,54.93
2023-09-05,52.3,52.32,51.3,51.52,1281589,53.69
2023-09-06,51.36,51.77,50.66,50.79,1595762,52.93
2023-09-07,50.04,50.38,49.12,49.21,1820622,51.29
2023-09-08,49.19,50.07,48.76,49.98,2309983,52.09
2023-09-11,50.38,50.64,49.9,49.9,1330151,52.01
2023-09-12,49.9,50.06,49.52,49.78,1196924,51.88
2023-09-13,49.19,49.52,48.69,48.82,1660527,50.88
2023-09-14,49.41,50.8,49.13,50.45,1990346,52.58
2023-09-15,50.3,50.46,49.44,49.59,2445082,51.68
2023-09-18,49.39,49.9,48.94,49.38,1342117,51.46
2023-09-19,49.25,49.32,48.43,48.5,2019408,50.55
2023-09-20,48.76,50.35,48.5,49.86,2486003,51.96
2023-09-21,49.43,49.63,48.27,48.36,1637917,50.4
2023-09-22,48.46,48.82,47.47,47.53,2156334,49.54
2023-09-25,47.46,47.83,46.97,47.3,1324071,49.29
2023-09-26,47.09,47.33,46.04,46.2,1341406,48.15
2023-09-27,46.26,46.63,45.78,46.28,1394416,48.23
2023-09-28,46.09,46.59,45.7,46.22,2821849,48.17
2023-09-29,47.8,48.31,47.5,47.77,3288274,49.78
2023-10-02,47.73,48.32,47.02,47.27,1812531,49.26
2023-10-03,46.67,47.9,46.67,46.76,1727818,48.73
2023-10-04,47.25,47.65,46.68,47.28,1776400,49.27
2023-10-05,47.06,47.3,45.34,45.79,1984307,47.72
2023-10-06,45.64,45.82,44.22,44.26,2956725,46.13
2023-10-09,44.08,44.24,43.3,44.08,2713480,45.94
2023-10-10,44.13,44.62,43.87,44.38,2114276,46.25
2023-10-11,45.29,45.93,43.74,44.13,2201088,45.99
2023-10-12,43.95,44.15,41.87,42.08,3236375,43.85
2023-10-13,42.49,42.86,41.82,42.3,2352644,44.08
2023-10-16,42.52,43.57,41.62,43.17,2151711,44.99
2023-10-17,42.76,44.04,42.62,43.73,1844937,45.57
2023-10-18,43.27,43.73,42.85,43.33,2317111,45.16
2023-10-19,43.39,44.3,43.23,43.33,2344318,45.16
2023-10-20,43.39,43.49,42.33,42.35,1633131,44.14
2023-10-23,42.29,42.36,41.08,41.09,1943987,42.82
2023-10-24,41.66,44.2,41.54,44.11,3637153,45.97
2023-10-25,43.73,44.5,43.57,43.62,3112513,45.46
2023-10-26,43.7,45.55,43.65,45.1,3368165,47
2023-10-27,45.12,45.33,44.44,45.16,3928395,47.06
2023-10-30,45.58,46.32,45.19,45.97,3094155,47.91
2023-10-31,45.94,46.59,45.73,46.2,2687302,48.15
2023-11-01,46.5,46.66,45.05,45.63,4647486,47.55
2023-11-02,46.18,48.59,45.64,46.86,3738002,48.84
2023-11-03,47.3,49.48,46.61,49.15,3138370,51.22
2023-11-06,49.13,49.18,48.21,48.45,1727409,50.49
2023-11-07,48.22,48.75,47.84,48.07,1866672,50.1
2023-11-08,48.21,48.24,47.66,47.97,1485329,49.99
2023-11-09,48.32,48.46,46.51,46.67,2008129,48.64
2023-11-10,46.67,46.94,46.11,46.83,1519368,48.81
2023-11-13,46.72,47.18,46.39,46.63,1296484,48.6
2023-11-14,47.55,48.94,46.98,48.88,1500114,50.94
2023-11-15,49.08,50,49.08,49.87,1796922,51.97
2023-11-16,49.62,50.2,49.53,49.77,2100742,51.87
2023-11-17,50.1,50.38,49.69,50.24,2168149,52.36
2023-11-20,50.14,51.28,49.56,50.82,1938217,52.96
2023-11-21,50.78,51.97,50.78,51.57,2948760,53.75
2023-11-22,51.57,51.79,51.08,51.42,1191134,53.59
2023-11-24,51.57,52.44,51.52,52.08,573858,54.28
2023-11-27,51.69,52.16,51.4,51.96,1589491,54.15
2023-11-28,52.21,52.21,51.52,51.54,1456058,53.71
2023-11-29,51.72,52.75,51.61,52.6,2148309,54.82
2023-11-30,52.78,53.49,52.47,53.25,2378471,55.29
2023-12-01,53.1,54.4,52.98,54.26,1784757,56.34
2023-12-04,54.07,55.1,53.87,54.58,2430481,56.67
2023-12-05,54.41,54.57,53.53,54.18,2291058,56.26
2023-12-06,54.4,55.51,54.4,55.24,2354676,57.36
2023-12-07,55.34,55.48,54.27,55.1,2495403,57.21
2023-12-08,54.93,55.56,54.89,55.38,2048798,57.51
2023-12-11,55.23,55.63,54.89,55.45,1257611,57.58
2023-12-12,55.4,55.4,54.3,55.11,1738994,57.22
2023-12-13,54.85,57.1,54.72,56.77,1741066,58.95
2023-12-14,57.54,58.51,56.83,56.95,2870248,59.14
2023-12-15,56.8,57.46,56.07,56.27,4433411,58.43
2023-12-18,56.35,56.69,55.14,55.34,3236643,57.46
2023-12-19,55.7,55.97,54.99,55.27,2361452,57.39
2023-12-20,55.1,55.1,53.55,53.64,2998439,55.7
2023-12-21,54.03,54.7,53.7,54.63,1337430,56.73
2023-12-22,54.71,55.49,54.71,55.09,1014706,57.2
2023-12-26,54.88,55.78,54.84,55.48,686214,57.61
2023-12-27,55.48,55.83,55.28,55.77,803565,57.91
2023-12-28,55.77,56.38,55.59,55.81,1066350,57.95
2023-12-29,55.75,56.13,55.35,55.39,936023,57.52
2024-01-02,54.22,55.28,53.93,54.87,2129493,56.98
2024-01-03,53.95,54.19,53.12,53.79,2755586,55.85
2024-01-04,53.75,54.77,53.6,54.56,1790264,56.65
2024-01-05,54.52,55.32,54.21,55.27,1587058,57.39
2024-01-08,55.37,55.73,54.33,55.06,1937153,57.17
2024-01-09,54.68,55.16,54.44,54.96,1320964,57.07
2024-01-10,54.58,55.38,54.2,55.18,1014746,57.3
2024-01-11,55.32,55.54,54.14,54.55,1805354,56.64
2024-01-12,54.93,55.15,54.12,54.28,1090944,56.36
2024-01-16,53.1,53.9,52.79,53.43,1792345,55.48
2024-01-17,52.79,53.43,52.44,52.61,1689503,54.63
2024-01-18,52.61,53.13,52.47,52.82,1209332,54.85
2024-01-19,52.93,53.52,52.06,53.48,1982022,55.53
2024-01-22,53.55,54.34,53.34,54.27,1137109,56.35
2024-01-23,54.84,55.24,54.38,54.63,1170541,56.73
2024-01-24,55.1,55.36,53.75,53.81,981073,55.87
2024-01-25,54.49,54.79,53.8,54.77,1828142,56.87
2024-01-26,55.07,55.65,54.95,55.12,1760834,57.24
2024-01-29,54.85,54.91,54.22,54.89,1008058,57
2024-01-30,54.47,54.98,54.12,54.45,1266738,56.54
2024-01-31,54.71,54.77,53.33,53.4,1998422,55.45
2024-02-01,56.64,57.54,52.82,57.21,5448566,59.41
2024-02-02,56.64,57.64,54.94,57.28,2668247,59.48
2024-02-05,56.15,56.54,55.19,56.31,2812750,58.47
2024-02-06,55.66,56.22,54.5,55.13,4284221,57.25
2024-02-07,55.98,56.54,55.37,56.33,1748226,58.49
2024-02-08,56.41,57.37,56.18,56.95,1973324,59.14
2024-02-09,56.96,57.07,56.06,56.98,1703293,59.17
2024-02-12,57.17,58.42,57.01,58.28,1537842,60.52
2024-02-13,57.43,57.9,56.63,57.61,2172424,59.82
2024-02-14,58.61,60.27,58.45,59.71,3482589,62
2024-02-15,59.71,60.17,59.28,59.94,2256902,62.24
2024-02-16,59.65,60.36,59.29,59.8,1654161,62.09
2024-02-20,59.74,60.2,59.34,59.59,1689012,61.88
2024-02-21,59.59,59.59,58.74,59.39,1565003,61.67
2024-02-22,59.35,59.56,58.98,59.34,1788772,61.62
2024-02-23,59.74,60.61,59.69,60.57,1503499,62.89
2024-02-26,60.37,60.95,60.06,60.07,2107139,62.38
2024-02-27,60.4,61.2,60,60.3,1720485,62.61
2024-02-28,59.91,60.99,59.89,60.5,1563016,62.82
2024-02-29,60.79,62.31,60.79,61.85,3167267,64.02
2024-03-01,61.55,62.17,60.95,62.1,1594954,64.28
2024-03-04,62.99,63.28,62.16,62.33,2254261,64.52
2024-03-05,62.33,62.65,61.51,61.68,1423275,63.84
2024-03-06,62.01,62.3,61.47,61.89,1314309,64.06
2024-03-07,62.5,63.07,62.17,62.97,1957146,65.18
2024-03-08,62.94,63.52,62.85,63.06,1485472,65.27
2024-03-11,62.9,64.15,62.89,63.7,1698903,65.93
2024-03-12,63.76,64,62.65,63.28,1646065,65.5
2024-03-13,63.31,63.52,62.59,63.09,1286303,65.3
2024-03-14,62.74,62.92,61.98,62.48,1717098,64.67
2024-03-15,61.69,62.58,61.38,61.91,3474035,64.08
2024-03-18,62.49,63.25,62.39,62.58,2112209,64.78
2024-03-19,62.33,63.09,61.85,62.43,1642496,64.62
2024-03-20,62.21,63.36,62.21,63.04,1195427,65.25
2024-03-21,63.15,63.84,62.94,63.31,1270296,65.53
2024-03-22,63.57,64.05,63.2,63.98,1629869,66.22
2024-03-25,63.99,64.44,63.77,64.25,1301368,66.5
2024-03-26,64.36,64.47,63.95,64.21,1672495,66.46
2024-03-27,64.54,65.11,64.33,64.86,2044420,67.14
2024-03-28,64.95,65.55,64.79,65.08,1555886,67.36
2024-04-01,65.35,65.67,64.7,65.54,1278389,67.84
2024-04-02,65.08,65.22,64.15,65.14,1355988,67.42
2024-04-03,64.82,65.25,64.33,64.48,1428959,66.74
2024-04-04,63.96,64.76,63.5,63.75,2679184,65.99
2024-04-05,63.7,64.52,63.64,64.22,1159327,66.47
2024-04-08,64.43,64.82,64.21,64.35,1513832,66.61
2024-04-09,64.68,65.34,64.41,65.08,1446437,67.36
2024-04-10,63.47,64.55,63.46,64.51,1721032,66.77
2024-04-11,64.5,64.52,63.98,64.1,1237664,66.35
2024-04-12,63.46,63.94,62.98,63.3,1976647,65.52
2024-04-15,63.9,64.19,62.18,62.43,2016002,64.62
2024-04-16,62.31,62.35,61.41,61.61,2377198,63.77
2024-04-17,62.08,62.23,61.63,61.77,1530461,63.94
2024-04-18,62.07,62.6,61.73,62.17,1478676,64.35
2024-04-19,62.08,62.84,61.96,62.75,1513650,64.95
2024-04-22,62.96,63.7,62.46,63.21,1877040,65.43
2024-04-23,62.99,63.72,62.59,63.28,1297936,65.5
2024-04-24,63.05,63.37,62.36,62.98,1901847,65.19
2024-04-25,63.48,63.58,62.29,63.23,2233930,65.45
2024-04-26,64.25,68.35,64.13,67.43,4554059,69.8
2024-04-29,67.87,68.42,67.52,68.32,2588198,70.72
2024-04-30,67.98,68.9,67.08,67.21,3500554,69.57
2024-05-01,67.22,67.41,65.62,65.97,3401114,68.28
2024-05-02,66.66,66.81,65.49,65.69,2116919,67.99
2024-05-03,66.09,66.59,65.86,66.27,2208429,68.59
2024-05-06,66.53,67.23,66.22,66.57,1929325,68.9
2024-05-07,66.66,67.3,66.33,66.86,1768391,69.21
2024-05-08,66.6,67.73,66.41,67.52,2062242,69.89
2024-05-09,67.79,68.07,67.04,67.25,2017040,69.61
2024-05-10,67.42,67.44,66.52,66.82,1809967,69.16
2024-05-13,67.16,67.46,66.67,66.92,1717649,69.27
2024-05-14,67.35,67.78,66.9,67.66,1973878,70.03
2024-05-15,68.21,68.57,67.86,68.14,1677623,70.53
2024-05-16,68.14,68.4,67.8,67.84,1538012,70.22
2024-05-17,67.94,68.15,67.35,67.73,1111435,70.11
2024-05-20,67.7,68.33,67.38,67.72,1273853,70.09
2024-05-21,67.72,68.04,67.4,67.93,1141234,70.31
2024-05-22,67.26,67.86,67.04,67.74,1631245,70.12
2024-05-23,67.68,67.9,66.05,66.24,1593657,68.56
2024-05-24,66.64,66.79,65.71,66.55,1640199,68.88
2024-05-28,66.5,66.55,64.92,65.17,1877600,67.46
2024-05-29,64.69,65.07,64.2,64.29,2018334,66.54
2024-05-30,64.34,66.4,64.34,66.33,1904374,68.66
2024-05-31,66.23,67.16,66.11,67.08,3792760,69.43
2024-06-03,66.88,67.56,66.22,67.49,1940220,69.66
2024-06-04,66.94,67.12,66.25,66.95,1807779,69.1
2024-06-05,66.82,67.87,66.54,67.81,1534622,69.99
2024-06-06,67.73,67.89,66.87,67.62,1404511,69.79
2024-06-07,67.26,67.55,66.2,66.34,1533702,68.47
2024-06-10,65.97,66.29,65.37,66.27,1506111,68.4
2024-06-11,66.18,66.18,65.4,65.75,2217704,67.86
2024-06-12,66.38,66.71,64.77,65.05,2056372,67.14
2024-06-13,64.94,65.12,63.31,64.16,1809310,66.22
2024-06-14,63.82,64.11,63.18,63.96,1320262,66.01
2024-06-17,63.86,64.54,63.86,64.37,1616702,66.44
2024-06-18,64.46,64.89,59.96,60.32,5058794,62.26
2024-06-20,59.98,60.14,57.28,58.55,7354616,60.43
2024-06-21,58.93,59.46,58.42,58.77,4669041,60.66
2024-06-24,58.8,59.95,58.43,59.67,2439647,61.58
2024-06-25,60.02,60.65,58.88,59.49,2406446,61.4
2024-06-26,59.33,59.85,58.68,58.77,1418146,60.66
2024-06-27,58.63,59.61,58.63,59.18,1891948,61.08
2024-06-28,59.3,59.59,57.71,58.15,4798208,60.02
2024-07-01,58.43,58.68,57.43,57.7,1507627,59.55
2024-07-02,57.55,57.86,57.11,57.85,1515501,59.71
2024-07-03,57.78,58.55,57.59,58.16,1097593,60.03
2024-07-05,57.96,57.99,57.15,57.79,1670539,59.64
2024-07-08,58.07,58.58,57.89,58.06,1336577,59.92
2024-07-09,57.47,57.81,56.89,57.03,1556939,58.86
2024-07-10,57.49,58.01,57.31,57.45,1904537,59.29
2024-07-11,58.13,59,57.72,58.62,2344235,60.5
2024-07-12,59.15,59.57,58.5,58.91,2455497,60.8
2024-07-15,58.82,59.8,58.78,59.21,1526355,61.11
2024-07-16,59.25,60.29,59.1,60.17,1017141,62.1
2024-07-17,59.65,60.69,59.46,59.99,1421288,61.92
2024-07-18,59.62,60.85,59.62,59.79,1059283,61.71
2024-07-19,59.8,59.8,58.8,59.14,1672667,61.04
2024-07-22,59.2,59.59,58.37,59.4,1957320,61.31
2024-07-23,61.22,61.72,60.24,60.76,2343790,62.71
2024-07-24,60.87,61.17,59.95,60.13,1253609,62.06
2024-07-25,60.01,61.01,59.93,60.12,1016194,62.05
2024-07-26,60.67,61.45,60.12,61.28,1155070,63.25
2024-07-29,61.52,61.69,60.84,61.27,1015148,63.24
2024-07-30,61.2,61.45,60.81,61.28,1264892,63.25
2024-07-31,61.28,62.52,60.92,61.85,1747827,63.83
2024-08-01,60.39,62.86,59.1,62.53,3057761,64.54
2024-08-02,62.1,62.79,60.84,62.75,2380943,64.76
2024-08-05,61.65,62.36,60.45,60.73,2278316,62.68
2024-08-06,60.92,62.55,60.72,61.33,1638288,63.3
2024-08-07,61.72,62.27,60.93,60.99,1361273,62.95
2024-08-08,61.32,61.66,61.07,61.23,1845776,63.2
2024-08-09,61.23,61.52,60.24,60.36,1605185,62.3
2024-08-12,60.35,60.77,59.92,60.12,1721305,62.05
2024-08-13,60.48,60.93,60.21,60.63,1247399,62.58
2024-08-14,61.19,61.63,60.08,60.27,1447258,62.2
2024-08-15,60.65,61.29,60.32,61.04,1246506,63
2024-08-16,60.93,61.52,60.69,61.45,1026158,63.42
2024-08-19,61.53,61.94,61.33,61.69,1116499,63.67
2024-08-20,61.68,61.68,61.06,61.32,1215147,63.29
2024-08-21,61.49,62.02,61.35,61.96,862730,63.95
2024-08-22,62.03,62.03,61.51,61.82,870905,63.8
2024-08-23,62.1,63,61.76,62.55,743587,64.56
2024-08-26,62.73,63.1,62.25,62.34,968819,64.34
2024-08-27,62.24,62.32,61.83,62.07,1299467,64.06
2024-08-28,61.92,62.18,61.28,61.52,1658649,63.49
2024-08-29,61.88,61.88,60.28,60.45,1987770,62.39
2024-08-30,60.8,61.89,60.44,61.83,2131997,63.81
2024-09-03,61.38,62.4,61.25,62.11,1475812,63.9
2024-09-04,63.2,64.11,62.63,63.04,1674030,64.86
2024-09-05,63.18,63.35,62.48,62.74,1282738,64.55
2024-09-06,62.5,63.18,62.3,62.5,1535829,64.3
2024-09-09,62.55,63.14,62.34,62.49,1430098,64.29
2024-09-10,62.55,63.03,62.01,62.78,1078779,64.59
2024-09-11,62.6,63.38,61.42,63.32,1356823,65.15
2024-09-12,63.24,64.04,62.91,63.79,1003616,65.63
2024-09-13,64.26,64.51,63.93,64.15,1087116,66
2024-09-16,64.47,65.16,64.21,65.12,1146779,67
2024-09-17,65.12,65.92,65.1,65.33,1180830,67.22
2024-09-18,65.82,65.82,64.6,64.65,1393366,66.52
2024-09-19,65.44,65.67,64.6,65.23,1346516,67.11
2024-09-20,65.1,65.1,64.06,64.45,4607753,66.31
2024-09-23,64.63,65.39,64.17,65.35,1421927,67.24
2024-09-24,65.09,65.56,65.09,65.26,959758,67.14
2024-09-25,65.36,65.5,64.38,64.57,1051340,66.43
2024-09-26,65.24,65.49,64.72,65.12,1496109,67
2024-09-27,65.12,65.97,64.97,65.58,1560280,67.47
2024-09-30,65.22,66.04,65.09,66.01,1258150,67.91
2024-10-01,65.98,66.21,65.59,65.71,1283946,67.61
2024-10-02,65.46,65.61,64.62,64.63,822345,66.49
2024-10-03,64.39,64.39,63.44,63.52,1276792,65.35
2024-10-04,63.89,64.28,63.46,64.17,873509,66.02
2024-10-07,63.53,63.59,61.58,62.16,1751933,63.95
2024-10-08,62.11,62.55,61.78,62.26,992930,64.06
2024-10-09,62.46,63.23,62.46,62.98,1177425,64.8
2024-10-10,62.76,63.14,62.21,62.66,1201728,64.47
2024-10-11,62.78,63.48,62.52,62.83,1350364,64.64
2024-10-14,62.75,63.85,62.53,63.56,2222938,65.39
2024-10-15,64.06,65.03,64.05,64.18,1843623,66.03
2024-10-16,64.29,65.6,64.28,65.4,1592181,67.29
2024-10-17,64.87,65.47,64.73,64.94,2113966,66.81
2024-10-18,65.45,65.94,64.98,65.36,1792313,67.25
2024-10-21,65.22,65.32,64.09,64.33,1376618,66.19
2024-10-22,64.39,64.44,63.36,63.63,1151588,65.47
2024-10-23,63.79,63.91,63.24,63.64,1362750,65.48
2024-10-24,63.59,63.6,62.68,62.81,1504438,64.62
2024-10-25,62.95,63.07,62.11,62.23,1318494,64.03
2024-10-28,62.76,63.24,62.63,62.78,1291997,64.59
2024-10-29,62.34,62.44,61.51,61.51,1812456,63.29
2024-10-30,61.36,62.46,61.2,62.39,2283862,64.19
2024-10-31,62.94,62.98,57.57,57.59,3159519,59.25
2024-11-01,58.33,59.16,57.31,57.35,2331850,59.01
2024-11-04,57.47,58.31,57.2,57.79,1857579,59.46
2024-11-05,57.6,58.48,57.4,58.3,1535530,59.98
2024-11-06,60,60,58.01,58.58,2072113,60.27
2024-11-07,58.96,59.09,57.88,58.26,2233219,59.94
2024-11-08,58.36,59.09,58.11,58.57,1368325,60.26
2024-11-11,58.66,59.13,58.5,58.62,1084888,60.31
2024-11-12,58.43,59.16,58.43,58.93,1576155,60.63
2024-11-13,58.94,60.88,58.94,60.73,2524848,62.48
2024-11-14,60.57,61.39,60.16,60.2,2060397,61.94
2024-11-15,59.85,60.19,59.17,59.21,2020557,60.92
2024-11-18,58.93,59.45,58.74,59.15,2524841,60.86
2024-11-19,58.64,58.93,58.17,58.23,2271645,59.91
2024-11-20,58.2,58.74,57.96,58.73,1769692,60.42
2024-11-21,58.39,59.42,57.93,59.12,1402164,60.83
2024-11-22,59.4,60.2,59.27,60.12,1164302,61.86
2024-11-25,60.68,61.11,60.43,60.71,2565430,62.46
2024-11-26,60.69,60.76,60.12,60.62,1169375,62.37
2024-11-27,61.1,61.57,60.47,60.84,1667389,62.6
2024-11-29,60.76,61.15,60.14,60.42,820125,62.16
2024-12-02,60.35,61.39,59.77,61.26,2025579,62.83
2024-12-03,61.14,61.32,60.46,60.6,1797563,62.15
2024-12-04,60.48,60.52,59.46,59.54,2167157,61.06
2024-12-05,59.16,59.2,55.02,56.12,5253378,57.55
2024-12-06,56.57,56.73,55.65,55.69,2990899,57.11
2024-12-09,55.72,56.83,55.51,56.23,2726796,57.67
2024-12-10,57.29,57.29,55.48,55.66,2830170,57.08
2024-12-11,55.9,56.07,55.16,55.98,2493072,57.41
2024-12-12,55.84,57.1,55.77,56.55,2363789,57.99
2024-12-13,56.28,56.91,56.19,56.79,1737157,58.24
2024-12-16,56.81,57.47,56.26,56.39,2198549,57.83
2024-12-17,55.91,56.69,55.89,56.31,1813349,57.75
2024-12-18,55.96,56.49,54.14,54.22,2183290,55.61
2024-12-19,54.12,55.1,53.77,53.98,2357313,55.36
2024-12-20,53.86,55.04,53.69,54.41,6714058,55.8
2024-12-23,54.04,54.55,54,54.33,2122798,55.72
2024-12-24,54.21,54.78,54.21,54.76,696346,56.16
2024-12-26,54.27,55.09,54.27,54.79,1018410,56.19
2024-12-27,54.5,55.14,54.26,54.44,1414078,55.83
2024-12-30,54.1,54.27,53.5,53.62,1285730,54.99
2024-12-31,53.83,54.09,53.4,53.76,921810,55.13
2025-01-02,54.32,54.49,53.01,53.08,2020398,54.44
2025-01-03,53.08,53.24,52.51,52.68,2221810,54.03
2025-01-06,52.88,53.92,52.6,52.67,2685667,54.02
2025-01-07,52.91,53.53,52.22,52.35,2203120,53.69
2025-01-08,52.04,52.3,51.65,52.13,1947363,53.46
2025-01-10,51.41,51.8,50.67,50.71,3735955,52.01
2025-01-13,50.77,52.13,50.71,51.92,3116102,53.25
2025-01-14,52.11,53.04,52.01,53.03,2272364,54.38
2025-01-15,53.52,54.27,52.69,52.91,2822866,54.26
2025-01-16,52.09,53.06,51.76,52.9,2161941,54.25
2025-01-17,53.33,53.51,52.92,52.94,2119755,54.29
2025-01-21,53.14,54.02,53.02,53.67,2113032,55.04
2025-01-22,53.43,53.5,52.92,52.98,2695265,54.33
2025-01-23,53.13,53.86,52.85,53.81,2334066,55.18
2025-01-24,54.11,54.46,53.57,53.63,1456006,55
2025-01-27,54.1,55.29,53.71,55.12,2072533,56.53
2025-01-28,54.8,55.21,54.14,54.21,1854946,55.59
2025-01-29,54.18,54.79,53.9,53.95,1995275,55.33
2025-01-30,55.54,55.6,54.4,54.64,3694433,56.04
2025-01-31,54.56,55.16,54.16,54.31,2366534,55.7
2025-02-03,53.22,54.45,53.1,54.29,3447849,55.68
2025-02-04,50.78,51.36,49.54,50.55,6584771,51.84
2025-02-05,51.22,51.37,49.8,49.91,3912297,51.19
2025-02-06,51.19,51.23,49.5,49.99,3024073,51.27
2025-02-07,49.91,50.17,49.18,49.21,2521094,50.47
2025-02-10,49.64,49.64,48.98,49.1,2926172,50.35
2025-02-11,48.75,49.5,48.75,49.11,2679054,50.36
2025-02-12,48.02,48.71,47.81,48.34,3584299,49.58
2025-02-13,48.69,48.75,47.78,48.1,3158334,49.33
2025-02-14,48.34,49.22,48.29,48.61,2816069,49.85
2025-02-18,48.59,48.88,48.11,48.61,2685517,49.85
2025-02-19,48.23,48.39,47.73,47.82,2774028,49.04
2025-02-20,48.08,49.32,47.99,49.19,3205361,50.45
2025-02-21,49.32,50.23,49.06,50.07,3493194,51.35
2025-02-24,50.15,50.36,49.43,49.52,2053389,50.78
2025-02-25,49.68,50.34,49.46,50.3,2415517,51.59
2025-02-26,50.44,50.82,50.09,50.69,2315065,51.99
2025-02-27,50.29,51.13,50.25,50.76,2330062,52.06
2025-02-28,50.81,51.55,50.74,51.38,3631435,52.69
2025-03-03,51.41,52.11,50.71,51.03,2940667,52.14
2025-03-04,51.18,51.54,49.91,49.95,3429006,51.03
2025-03-05,50.26,51.04,50.02,50.77,2418101,51.87
2025-03-06,50.43,51.1,50.01,51.07,2346393,52.18
2025-03-07,51.07,53.34,50.82,53.11,2330469,54.26
2025-03-10,52.86,54.13,52.63,52.83,2233360,53.97
2025-03-11,52.92,53,50.96,51.2,2739796,52.31
2025-03-12,50.78,50.9,49.77,50.18,2070377,51.27
2025-03-13,50.41,50.94,49.67,49.89,1854610,50.97
2025-03-14,50.3,50.83,50.01,50.79,1773243,51.89
2025-03-17,50.91,51.79,50.73,51.17,1545658,52.28
2025-03-18,51.04,51.32,50.35,50.8,3082951,51.9
2025-03-19,50.71,51.01,50.19,50.74,2589976,51.84
2025-03-20,50.53,51,50.35,50.48,3432860,51.57
2025-03-21,49.94,50.1,49.27,49.62,4067923,50.69
2025-03-24,49.77,50.19,48.91,49.7,2569068,50.78
2025-03-25,49.83,50.13,49,49.31,2474347,50.38
2025-03-26,49.39,50.27,49.23,50.22,1970429,51.31
2025-03-27,50.35,51.12,50.07,50.96,1743922,52.06
2025-03-28,50.88,51.08,50.1,50.37,1765819,51.46
2025-03-31,50.15,51.14,49.98,50.97,2322117,52.07
2025-04-01,50.97,51.37,50.69,51.29,1839209,52.4
2025-04-02,50.76,51.25,50.49,51.2,2026448,52.31
2025-04-03,49.26,50.08,48.98,49.43,2244154,50.5
2025-04-04,48.85,49.04,47.48,47.57,2745617,48.6
2025-04-07,46.11,47.92,45.16,46.17,3945771,47.17
2025-04-08,46.87,47.12,43.41,43.99,4049305,44.94
2025-04-09,43.7,46.13,42.59,45.69,7981124,46.68
2025-04-10,45.33,45.69,43.81,44.99,3882426,45.96
2025-04-11,44.83,47.45,44.57,47.07,3255243,48.09
2025-04-14,47.66,47.89,47.13,47.77,1813227,48.8
2025-04-15,47.41,47.81,46.53,46.59,1476453,47.6
2025-04-16,47.06,47.06,45.81,46.07,1117724,47.07
2025-04-17,46.06,46.81,45.94,46.38,5596373,47.38
2025-04-21,45.99,46.4,45.72,46.3,2360034,47.3
2025-04-22,46.86,47.68,46.46,47.34,2511201,48.37
2025-04-23,47.61,48.64,47.1,47.47,2347015,48.5
2025-04-24,47.87,49.62,47.3,49.45,2292424,50.52
2025-04-25,49.31,49.74,49,49.49,2094073,50.56
2025-04-28,49.42,49.87,48.77,49.44,1624696,50.51
2025-04-29,49.61,51.53,49.6,51.28,2962633,52.39
2025-04-30,51.1,51.55,50.26,50.84,2569010,51.94
2025-05-01,50.32,50.75,50.06,50.13,2345320,51.22
2025-05-02,50.92,50.93,50.05,50.57,2518064,51.66
2025-05-05,50.33,51,50.11,50.75,2623338,51.85
2025-05-06,52.16,52.85,50.52,50.58,4375668,51.68
2025-05-07,51.49,51.49,49.58,49.59,2965505,50.66
2025-05-08,50.1,51.04,49.8,50.68,2116215,51.78
2025-05-09,50.4,51.12,50.36,51.03,1711322,52.13
2025-05-12,52.55,52.94,51.41,52.1,3246370,53.23
2025-05-13,52.25,52.53,51.4,51.67,2542469,52.79
2025-05-14,52.27,52.27,51.41,51.78,3182978,52.9
2025-05-15,51.79,52.28,51.24,52.24,1796837,53.37
2025-05-16,52,52.65,51.99,52.63,1800665,53.77
2025-05-19,52.1,53.25,51.92,53.18,2246011,54.33
2025-05-20,52.92,53.33,52.63,53.18,3128210,54.33
2025-05-21,52.8,53.24,52.42,52.69,3962812,53.83
2025-05-22,52.62,52.62,51.19,52.19,4706126,53.32
2025-05-23,51.74,51.86,50.55,50.66,3813551,51.76
2025-05-27,51.05,52.29,50.9,52.23,2922641,53.36
2025-05-28,52.18,52.36,51.62,51.73,2469862,52.85
2025-05-29,51.94,52.44,51.75,52.42,2221063,53.55
2025-05-30,52.17,52.8,51.82,52.44,5447728,53.58
2025-06-02,51.98,52.31,50.78,51.24,2511656,52.15
2025-06-03,51.05,52.61,50.83,52.52,2394834,53.46
2025-06-04,52.52,52.91,52.23,52.31,2046641,53.24
2025-06-05,52.52,52.82,51.97,52.55,1702102,53.49
2025-06-06,52.9,53.27,52.46,52.79,1267387,53.73
2025-06-09,52.55,53.6,52.15,53.28,2000712,54.23
2025-06-10,53.49,54.38,53.22,54.06,2158377,55.02
2025-06-11,53.85,54.02,53.4,53.97,2927738,54.93
2025-06-12,53.66,54.42,53.51,54.18,1542628,55.15
2025-06-13,53.56,53.95,53.13,53.42,1636367,54.37
2025-06-16,54.1,55.14,53.68,55.02,2311108,56
2025-06-17,54.73,54.93,54.23,54.34,3511811,55.31
2025-06-18,54.25,55.56,53.96,54.85,3376297,55.83
2025-06-20,54.97,55.51,54.55,55.24,8579514,56.23
2025-06-23,55.06,55.88,54.81,55.69,3026905,56.68
2025-06-24,55.95,56.19,55.5,55.98,3033592,56.98
2025-06-25,55.44,55.91,55.01,55.76,1905009,56.75
2025-06-26,56.1,56.64,55.88,55.99,2236867,56.99
2025-06-27,56.21,56.21,55.26,55.42,2974438,56.41
2025-06-30,55.32,55.32,54.8,55.11,2973588,56.09
2025-07-01,55.11,57.31,54.79,56.87,2827335,57.88
2025-07-02,57.1,57.84,56.65,57.71,1520952,58.74
2025-07-03,57.97,58,57.57,57.7,876958,58.73
2025-07-07,57.63,58,57.23,57.39,1856584,58.41
2025-07-08,57.45,58.1,57.24,57.73,2250959,58.76
2025-07-09,56.62,57.4,56.33,56.92,1736720,57.94
2025-07-10,57,57.79,56.89,57.38,1609700,58.4
2025-07-11,57.08,57.46,56.77,57.29,1691300,58.31
2025-07-14,57.13,57.37,56.79,57.18,1161349,58.2
2025-07-15,57.33,57.47,56.47,56.59,1359441,57.6
2025-07-16,56.61,57.32,56.34,57.27,1678826,58.29
2025-07-17,57.18,57.38,56.48,57.05,1802462,58.07
2025-07-18,57.14,57.28,56.69,56.84,2130615,57.85
2025-07-21,56.92,57.12,56.41,56.99,1781477,58.01
2025-07-22,57.07,58.75,56.91,58.65,1766614,59.7
2025-07-23,58.94,59.23,58.37,58.58,2371980,59.62
2025-07-24,58.59,59,57.89,57.92,2117515,58.95
2025-07-25,57.99,58.2,57.12,57.98,1593150,59.01
2025-07-28,57.67,58.02,57.3,57.65,1948732,58.68
2025-07-29,57.71,57.87,57.33,57.75,1429680,58.78
2025-07-30,57.35,57.79,56.83,57.07,2321099,58.09
2025-07-31,56,56.77,55.94,56.26,3128100,57.26
2025-08-01,56.08,56.36,55,56.14,4335629,57.14
2025-08-04,55.96,56.63,55.52,56.6,2445685,57.61
2025-08-05,57.77,58.13,53.1,53.35,5604783,54.3
2025-08-06,53.31,53.93,51.5,51.63,4772604,52.55
2025-08-07,51.94,53.35,51.85,53.09,3077475,54.04
2025-08-08,53.22,53.43,52.7,53.11,1729427,54.06
2025-08-11,53.17,53.53,52.47,52.72,2380028,53.66
2025-08-12,52.98,52.98,51.94,52.56,1401271,53.5
2025-08-13,52.66,53.98,52.37,53.93,1982527,54.89
2025-08-14,53.51,53.61,51.95,52.7,2036207,53.64
2025-08-15,52.69,52.96,52.31,52.91,1398881,53.85
2025-08-18,53.05,53.27,51.92,51.92,2579868,52.85
2025-08-19,52.21,52.69,51.94,52.21,3650362,53.14
2025-08-20,52.32,52.62,51.94,52.2,2867800,53.13
2025-08-21,51.98,52.18,51.51,51.79,2560622,52.71
2025-08-22,52.07,53.31,51.87,52.79,2529459,53.73
2025-08-25,52.56,52.87,51.89,52.08,1572966,53.01
2025-08-26,52.1,52.35,51.58,51.74,2593216,52.66
2025-08-27,51.46,51.81,51.02,51.39,1994930,52.31
2025-08-28,51.65,51.65,50.56,51.16,2186764,52.07
2025-08-29,51.08,51.76,50.97,51.72,1786061,52.64
2025-09-02,50.99,51.03,49.93,50.36,2450278,51.06
2025-09-03,50.2,50.2,48.44,49.46,3467236,50.15
2025-09-04,49.65,49.75,48.99,49.73,2064972,50.42
2025-09-05,49.94,50.53,49.63,50.24,1193721,50.94
2025-09-08,50.13,50.33,49.63,50.26,2329117,50.96
2025-09-09,50.27,50.38,49.71,49.72,1540884,50.41
2025-09-10,49.47,49.63,49.01,49.38,1772745,50.07
2025-09-11,49.4,50.52,49.31,50.42,1687901,51.12
2025-09-12,49.81,50.69,49.59,50.48,1995084,51.19
2025-09-15,50.56,50.57,49.08,49.22,2200889,49.91
2025-09-16,49.31,49.54,48.77,49.04,1939582,49.73
2025-09-17,49.2,49.95,48.29,48.36,2770457,49.04
2025-09-18,48.3,48.7,47.95,48.52,1922658,49.2
2025-09-19,48.68,48.68,47.99,48.04,5401815,48.71
2025-09-22,47.97,48.5,47.93,48.02,1809912,48.69
2025-09-23,48.18,48.43,47.53,47.85,3014664,48.52
2025-09-24,47.77,48.32,47.68,48.05,2359652,48.72
2025-09-25,48.04,48.04,47.06,47.8,2970162,48.47
2025-09-26,47.83,48.9,47.83,48.8,2172605,49.48
2025-09-29,48.94,49.05,48.22,48.92,1549024,49.6
2025-09-30,48.69,49.82,48.6,49.73,2460025,50.42
2025-10-01,49.9,50.06,49.14,49.77,2044879,50.47
2025-10-02,49.74,50.1,49.58,49.78,1871295,50.48
2025-10-03,49.41,50.13,49.23,49.56,1730400,50.25
2025-10-06,49.41,49.55,48.8,48.95,2290410,49.63
2025-10-07,49.06,49.06,47.38,47.87,2676775,48.54
2025-10-08,47.92,48.26,47.55,48.03,2411383,48.7
2025-10-09,48.04,48.37,47.02,47.11,3323818,47.77
2025-10-10,47.34,47.39,46.41,46.44,2409774,47.09
2025-10-13,46.55,47.05,46.36,46.39,2595280,47.04
2025-10-14,46.24,47.15,46,46.92,3437049,47.58
2025-10-15,46.94,47.92,46.7,46.89,3216522,47.55
2025-10-16,46.91,47.76,46.88,47.4,4448343,48.06
2025-10-17,47.48,47.83,47.25,47.66,2315204,48.33
2025-10-20,47.73,48.29,47.58,48.04,2599881,48.71
2025-10-21,49.03,49.19,48.56,48.66,2534592,49.34
2025-10-22,48.85,49.41,48.65,49.06,2692067,49.75
2025-10-23,49.17,49.97,48.73,49.02,2458836,49.7
2025-10-24,49.31,49.43,48.93,49.14,2150423,49.83
2025-10-27,49.42,49.65,48.97,49.16,3032375,49.85
2025-10-28,49.07,49.19,48.36,48.41,1914465,49.09
2025-10-29,48.1,48.27,46.91,47.12,2539140,47.78
2025-10-30,46.97,47.35,46.61,46.64,2524169,47.29
2025-10-31,46.21,46.47,45.69,46.35,3309755,47
2025-11-03,46.05,46.72,45.73,46.46,4134536,47.11
2025-11-04,45.8,47.61,44.21,47.17,4952201,47.83
2025-11-05,47.22,48.37,46.41,48.22,3657412,48.89
2025-11-06,48.33,48.79,47.59,47.71,2746560,48.38
2025-11-07,48.45,48.45,47.7,48.31,3501758,48.98
2025-11-10,46.75,47.9,45.42,45.77,4715813,46.41
2025-11-11,45.92,46.97,45.92,46.6,3347740,47.25
2025-11-12,46.7,47.01,45.77,45.83,3547846,46.47
2025-11-13,46.1,47.6,45.92,47.28,3626550,47.94
2025-11-14,47.15,47.52,46.52,46.94,4141596,47.6
2025-11-17,47.7,47.86,46.7,46.87,3054796,47.52
2025-11-18,47.06,47.25,46.65,46.88,2377393,47.53
2025-11-19,46.79,46.95,46.5,46.91,2638900,47.57
2025-11-20,46.79,47.41,46.7,47.25,3315149,47.91
2025-11-21,47.55,49.64,47.43,49.18,4251647,49.87
2025-11-24,48.8,49.14,47.95,48.16,6497950,48.83
2025-11-25,48.56,48.99,48.49,48.7,2287483,49.38
2025-11-26,48.48,49.07,48.28,48.95,1501887,49.63
2025-11-28,49.04,49.34,48.57,48.85,1054473,49.53
2025-12-01,48.72,49.2,48.5,48.55,2250203,49.03
2025-12-02,48.79,48.79,47.79,47.94,1951651,48.41
2025-12-03,48.13,48.72,47.98,48.3,1624178,48.78
2025-12-04,48.16,48.47,48,48.37,2447613,48.85
2025-12-05,48.26,48.98,47.96,48.55,2783702,49.03
2025-12-08,48.43,48.43,47.04,47.24,2183969,47.71
2025-12-09,47.07,47.07,46.39,46.41,1721789,46.87
2025-12-10,46.32,47.83,46.2,47.3,2770824,47.77
2025-12-11,47.28,48.88,47.07,48.73,4011654,49.21
2025-12-12,48.96,50.54,48.85,50.41,3602789,50.91
2025-12-15,50.5,51.13,50.13,51.08,3597828,51.58
2025-12-16,51.22,51.62,51.06,51.25,3656743,51.76
2025-12-17,51.46,51.88,50.91,51.56,3509058,52.07
2025-12-18,51.63,52.45,51.31,51.94,3701495,52.45
2025-12-19,51.7,52.04,51.34,51.52,5537357,52.03
2025-12-22,51.22,51.88,51.07,51.81,2374375,52.32
2025-12-23,51.57,51.99,51.31,51.72,1493348,52.23
2025-12-24,51.69,51.99,51.65,51.76,1208441,52.27
2025-12-26,51.82,52.22,51.75,52.14,965133,52.66
2025-12-29,52.04,52.8,51.96,52.64,1702183,53.16
2025-12-30,52.53,52.96,52.35,52.72,1361581,53.24
2025-12-31,52.52,52.74,52.39,52.45,1361542,52.97
2026-01-02,52.54,53.03,51.71,52.83,2243839,53.35
2026-01-05,52.3,53.76,52.19,53.38,2801779,53.91
2026-01-06,54.27,55.04,53.73,53.77,4932204,54.3
2026-01-07,53.81,54.32,52.46,53.01,2827089,53.53
2026-01-08,52.61,54.69,52.27,54.29,2040132,54.83
2026-01-09,54.71,55.17,54.06,55.08,1711161,55.62
2026-01-12,55.07,55.21,54.69,54.93,1730755,55.47
2026-01-13,54.83,54.96,54.27,54.96,1520996,55.5
2026-01-14,55.04,55.69,54.53,55.48,1703250,56.03
2026-01-15,55.69,55.79,54.86,55.34,1405295,55.89
2026-01-16,55.1,55.66,54.72,55.53,2401006,56.08
2026-01-20,54.95,55.42,54.73,54.83,1869496,55.37
2026-01-21,55.17,55.38,54.41,55.37,1970057,55.92
2026-01-22,55.25,56.29,55.25,55.74,1568541,56.29
2026-01-23,55.83,56.94,55.72,56.8,1736624,57.36
2026-01-26,56.97,57.04,56.25,56.65,1814053,57.21
2026-01-27,56.44,56.81,56.15,56.45,1268524,57.01
2026-01-28,56.31,56.51,55.34,55.71,1584014,56.26
2026-01-29,56.14,56.47,55.46,56.02,1882770,56.57
2026-01-30,55.81,56.39,55.37,56.31,2164762,56.87
2026-02-02,55.96,56.59,55.44,56.14,3617354,56.69
2026-02-03,58.88,62.16,57.63,61.17,5886484,61.77
2026-02-04,61.95,64.41,61.65,64.18,4619813,64.81
2026-02-05,64.63,66.31,63.95,65.54,3976290,66.19
2026-02-06,65.93,66.08,65.17,65.82,3374976,66.47
2026-02-09,65.37,66.03,64.7,66,2279117,66.65
2026-02-10,66.16,67.12,65.63,67.1,2216533,67.76
2026-02-11,66.91,67.62,66.27,66.68,2161567,67.34
2026-02-12,67.01,67.48,65.97,66.07,1900686,66.72
2026-02-13,66.1,67.04,65.18,66.63,1853040,67.29
2026-02-17,66.8,67.16,65.64,65.9,1680168,66.55
2026-02-18,65.94,66.36,65.51,65.66,2262633,66.31
2026-02-19,65.6,65.93,64.65,65.38,1467492,66.03
2026-02-20,65.6,66,65.16,65.88,2157162,66.53
2026-02-23,65.63,66.48,65.33,66.48,1740836,67.14
2026-02-24,66.6,67.04,65.69,65.87,2212630,66.52
2026-02-25,65.78,66.03,64.58,65.38,1595900,66.03
2026-02-26,65.67,66.05,64.85,65.98,1705245,66.63
2026-02-27,66.1,66.6,65.55,66.47,2660543,67.13
2026-03-02,66.12,66.36,65.3,65.97,2113416,66.42
2026-03-03,64.69,65.06,63.86,64.76,1655029,65.2
2026-03-04,64.82,65.07,63.7,64.34,1656161,64.78
2026-03-05,63.91,64.4,62.49,62.79,2024607,63.22
2026-03-06,63.05,63.05,61.33,62.1,2025021,62.53
2026-03-09,61.37,62.26,60.34,61.96,1835997,62.39
2026-03-10,61.35,62.55,60.83,61.6,1477343,62.02
2026-03-11,61.33,61.58,60.65,61.09,1373498,61.51
2026-03-12,61.04,61.88,60.43,61.27,2347061,61.69
2026-03-13,61.9,61.98,61.02,61.77,2025394,62.19
2026-03-16,62.11,62.56,61.56,61.68,1788977,62.1
2026-03-17,62.07,62.11,60.73,61.34,1568527,61.76
2026-03-18,60.73,61.01,59.25,59.49,1899692,59.9
2026-03-19,59.23,59.32,58.37,58.59,2085464,58.99
2026-03-20,58.63,58.68,56.24,56.67,4389147,57.06
2026-03-23,58.08,58.79,57.28,57.86,2157053,58.26
2026-03-24,57.33,59.2,57.01,58.72,1370248,59.12
2026-03-25,59.13,60.68,58.66,60.34,2571713,60.75
2026-03-26,59.85,60.8,59.15,59.23,2118807,59.64
2026-03-27,59.14,60.72,58.64,58.87,2596541,59.27
2026-03-30,58.62,58.72,57.09,57.63,3683921,58.03
2026-03-31,58.13,59.1,57.69,58.71,2973704,59.11
2026-04-01,58.77,60.52,58.6,59.96,3112475,60.37
2026-04-02,59.53,60.12,58.83,59.56,1523163,59.97
2026-04-06,59.17,59.53,58.79,59.32,1168349,59.73
2026-04-07,59.2,59.52,58.53,58.86,1543841,59.26
2026-04-08,59.97,61.78,59.69,61.68,1887516,62.1
2026-04-09,61.12,62.64,60.88,62.44,1882570,62.87
2026-04-10,62.8,63.2,61.67,61.87,1748260,62.29
2026-04-13,61.18,63.38,61.18,63.17,2514523,63.6
2026-04-14,63.01,63.33,62.31,63.08,1887832,63.51
2026-04-15,62.64,62.64,61.99,62.33,2288517,62.76
2026-04-16,63.01,63.27,62.11,62.94,3236717,63.37
2026-04-17,63.27,64.91,63.24,64.04,2469369,64.48
2026-04-20,63.85,64.4,63.41,63.59,2269770,64.03
2026-04-21,64.13,64.63,62.7,62.93,2547731,63.36
2026-04-22,63.13,63.27,61.76,62.24,2803156,62.67
2026-04-23,63,63.56,62.51,62.69,1598628,63.12
2026-04-24,62.54,62.54,60.62,60.9,2828503,61.32
2026-04-27,61.03,61.67,60.64,60.65,2775100,61.07
2026-04-28,61.13,61.92,60.44,61.01,3818254,61.43
2026-04-29,60.65,61.56,59.46,59.88,2064603,60.29
2026-04-30,59.4,60.91,59.4,60.66,3685263,61.08
2026-05-01,60.82,61.19,60.34,60.91,1635443,61.33
2026-05-04,60.48,61.01,59.39,60.51,3647511,60.93
2026-05-05,61.2,61.2,56.67,56.72,5112099,57.11
2026-05-06,58.13,59.87,57.95,58.6,5556908,59
2026-05-07,58.91,59.11,57.88,58.01,3658435,58.41
2026-05-08,58.39,59.31,57.99,58.12,3155800,58.52
2026-05-11,58.63,58.9,57.14,57.33,2501093,57.72
2026-05-12,57.44,57.67,56.83,57.18,2177805,57.57
2026-05-13,57.08,57.85,56.03,56.06,2076908,56.45
2026-05-14,56.42,56.76,56.02,56.23,1629411,56.62
2026-05-15,56.19,56.19,54.69,54.82,1957001,55.2
2026-05-18,55.56,56.22,55.13,55.42,2415046,55.8
2026-05-19,55.12,55.31,54.21,54.73,2435499,55.11
2026-05-20,54.81,56.47,54.23,56.42,3821724,56.81
2026-05-21,55.96,56.47,55.31,55.97,2518592,56.35
2026-05-22,56.08,56.21,55.07,56.12,1659033,56.51
2026-05-26,56.52,56.61,55.96,56.16,2213002,56.55
2026-05-27,56.56,57.15,56.04,56.12,2497326,56.51
2026-05-28,55.49,56.11,55.1,55.86,2300495,56.24
2026-05-29,55.55,55.74,54.1,54.3,8187945,54.67
2026-06-01,53.68,54.52,53.4,53.53,2862613,53.7
2026-06-02,53.64,54.39,53.49,53.58,2593122,53.75
2026-06-03,53.37,53.65,52.48,52.66,2470865,52.83
2026-06-04,53.56,53.84,52.2,52.53,3640931,52.7
2026-06-05,52.58,53.4,52.51,52.75,2391752,52.92
2026-06-08,52.23,52.55,51.79,52.45,2629097,52.62
2026-06-09,52.98,54.31,52.9,54.01,4090727,54.18
2026-06-10,54.23,55.72,53.86,54.55,3945297,54.72
2026-06-11,54.63,56.27,54.55,56.16,3132620,56.34
2026-06-12,56.79,57.26,56.18,56.8,2336779,56.98
2026-06-15,57.27,58.22,57.04,57.17,3025124,57.35
2026-06-16,57.29,58.13,57.29,58.01,2261043,58.19
2026-06-17,57.66,58.99,57.15,57.54,2638979,57.72
2026-06-18,58.53,58.56,57.42,57.54,4360610,57.72
2026-06-22,57.36,58.18,56.9,58.02,7203729,58.2
2026-06-23,58.1,60.71,57.94,60.3,5135686,60.49
2026-06-24,60.81,62.34,60.57,60.79,4655234,60.98
2026-06-25,61.23,62.09,60.84,61.18,3109207,61.37
2026-06-26,60.95,61.99,60.71,61.59,4634733,61.79
2026-06-29,61.2,61.82,60.74,61.82,2172374,62.02
2026-06-30,61.47,62.57,61.04,62.2,2572436,62.4
2026-07-01,61.81,62.23,61.23,61.55,2170924,61.75
2026-07-02,62.09,63.2,61.6,63.19,1886123,63.39
2026-07-06,63.74,63.74,61.11,62.75,2648704,62.95
2026-07-07,63.21,63.69,62.44,62.46,1615351,62.66
2026-07-08,61.58,61.59,59.75,60.1,2200777,60.29
2026-07-09,60.87,61.38,60.12,60.81,1246649,61
2026-07-10,61.02,61.87,60.71,61.49,1338421,61.69
2026-07-13,61.66,62.02,60.33,61.11,1447756,61.3
2026-07-14,61.57,61.57,60.06,60.27,1673395,60.46
2026-07-15,60.32,61,59.91,60.61,2591218,60.8
2026-07-16,60.89,62.99,60.89,62.95,1905735,63.15
2026-07-17,63.19,63.92,62.03,62.51,1783396,62.71
2026-07-20,62.61,62.61,61.83,62.05,1741775,62.25
2026-07-21,61.4,63.13,61.4,62.35,1594828,62.55
2026-07-22,62.72,62.79,61.9,62.15,1544236,62.35
2026-07-23,61.82,62.53,61.39,62.03,2190255,62.23
2026-07-24,61.96,63.67,61.49,63.64,1338311,63.84
2026-07-27,64,65.01,63.93,64.46,2195825,64.67
2026-07-28,65.43,67.34,65.24,66.68,2439796,66.89
2026-07-29,65.95,66.05,64.69,65.63,2187784,65.84
2026-07-30,65.9,65.94,64.18,65.1,1443251,65.31
2026-07-31,64.92,64.99,63.9,64.69,2169159,64.9
2026-08-03,65.22,65.86,64.55,64.94,2195913,65.15
2026-08-04,61.66,63.79,60.61,63.55,3463619,63.75
2026-08-05,63,63.78,62.62,63.29,2381467,63.49
2026-08-06,63.6,63.67,62.54,62.93,1783289,63.13
2026-08-07,63.26,63.36,62.2,63.25,1762743,63.45
2026-08-10,62.73,63.07,61.76,62.38,2166188,62.58
2026-08-11,62.08,63.11,62.08,62.7,1723615,62.9
2026-08-12,62.25,62.69,61.55,61.94,1423023,62.14
2026-08-13,62.47,62.77,61.7,61.73,1387421,61.93
2026-08-14,61.37,61.84,60.71,61.62,1603872,61.82
2026-08-17,62.23,62.23,60.92,60.99,1309103,61.18
2026-08-18,61.53,61.69,60.75,61.47,1832189,61.67
2026-08-19,61.89,62.97,61.8,62.42,1777398,62.62
2026-08-20,61.61,62.69,61.57,62.41,1634502,62.61
2026-08-21,62.75,63.45,62.58,63.39,1386387,63.59
2026-08-24,63.68,64.47,63.43,64.22,1605960,64.42
2026-08-25,64.34,64.4,63.24,63.88,1123753,64.08
2026-08-26,64.09,64.71,63.75,63.85,1049053,64.05
2026-08-27,64.29,64.3,62.87,63.17,1509155,63.37
2026-08-28,63.71,64.14,63.11,63.57,1358520,63.77
2026-08-31,63.33,63.51,62.59,62.77,2305147,62.97
2026-09-01,62.92,63.2127,62.37,62.77,1594538,62.77
2026-09-02,63.29,63.93,62.68,63.3,1994928,63.3
2026-09-03,63.65,63.81,62.38,62.93,2111719,62.93
2026-09-04,62.43,62.99,62.205,62.67,1885226,62.67
2026-09-08,62.17,62.18,60.975,61.02,1825446,61.02
2026-09-09,60.75,60.79,60.09,60.29,2012069,60.29
2026-09-10,60.13,60.37,59.34,59.74,1496370,59.74
2026-09-11,60.36,60.675,59.88,59.9,2772688,59.9
2026-09-14,60.23,60.97,59.9,60.71,1795493,60.71
2026-09-15,60.66,61.23,60.2401,61.01,2133571,61.01
2026-09-16,61.08,61.94,60.77,61.26,1723055,61.26
2026-09-17,61.8,61.8,60.73,60.75,1503281,60.75
2026-09-18,61.13,61.31,60.14,60.15,3596137,60.15
2026-09-21,60.57,60.81,59.71,59.71,2045899,59.71
2026-09-22,61.24,61.24,59.85,59.97,1798129,59.97
2026-09-23,59.71,59.8,58.635,58.82,2090236,58.82
