date,open,high,low,close,volume,raw_close
2016-01-04,19.96,20.79,19.91,20.5,6766006,30.65
2016-01-05,20.55,20.87,20.39,20.84,5091279,31.15
2016-01-06,20.42,20.55,19.89,20.03,9227248,29.95
2016-01-07,19.76,20.51,19.65,20.22,6208963,30.23
2016-01-08,19.89,19.92,19.16,19.36,7654879,28.95
2016-01-11,19.46,19.79,19.38,19.68,6170781,29.43
2016-01-12,19.8,20.29,19.66,20.15,4991387,30.13
2016-01-13,20.17,20.28,19.46,19.57,6429695,29.26
2016-01-14,18.11,18.22,17.13,17.68,20603225,26.43
2016-01-15,16.96,18.3,16.93,18.13,15929393,27.11
2016-01-19,18.09,18.13,16.99,17.3,10510843,25.87
2016-01-20,17.02,17.99,17,17.74,8282336,26.53
2016-01-21,17.71,18.52,17.7,18.25,7085923,27.28
2016-01-22,18.51,18.73,18.11,18.24,4738527,27.27
2016-01-25,18.19,18.35,18,18.11,6423817,27.07
2016-01-26,18.19,18.82,18.07,18.75,4411893,28.04
2016-01-27,18.74,19.02,18.19,18.24,6005909,27.27
2016-01-28,18.27,18.43,17.99,18.04,5673518,26.97
2016-01-29,18.19,18.82,18.17,18.68,6436233,27.93
2016-02-01,18.57,19.2,18.5,19.11,5158659,28.57
2016-02-02,19.02,19.16,18.67,18.94,4537415,28.31
2016-02-03,18.92,19.03,18.4,18.95,4061903,28.33
2016-02-04,18.61,19.08,18.39,18.97,5035895,28.36
2016-02-05,18.92,19.17,18.57,18.86,4614401,28.2
2016-02-08,18.71,19.28,18.69,19.14,6617951,28.62
2016-02-09,19.05,19.28,18.4,18.67,5492260,27.92
2016-02-10,18.69,18.86,18.19,18.26,6585233,27.3
2016-02-11,18.04,18.33,17.87,18.01,7148138,26.93
2016-02-12,17.64,18.86,17.46,18.81,7235558,28.12
2016-02-16,18.96,19.78,18.74,19.73,6989612,29.5
2016-02-17,19.93,20.29,19.86,20.1,5481386,30.05
2016-02-18,19.86,20.67,19.78,20.57,6683822,30.75
2016-02-19,19.97,20.25,19.63,20.03,8887964,29.95
2016-02-22,20.09,20.87,20.09,20.55,6184832,30.73
2016-02-23,20.71,21.04,20.51,20.68,5365215,30.92
2016-02-24,20.25,21.13,19.66,21.05,8350596,31.47
2016-02-25,21.54,21.71,20.39,21.56,10615707,32.24
2016-02-26,21.48,21.84,20.99,21.7,7204717,32.45
2016-02-29,21.74,21.96,21.45,21.66,4759050,32.39
2016-03-01,21.9,22.12,21.63,22.1,5220760,33.04
2016-03-02,22.14,22.23,21.7,22.14,4374901,33.1
2016-03-03,22.25,22.45,21.88,22.42,4591364,33.52
2016-03-04,22.31,22.72,22.19,22.45,4258262,33.57
2016-03-07,22.47,23.14,22.24,22.98,4080755,34.35
2016-03-08,23.04,23.38,22.57,22.77,5367710,34.04
2016-03-09,22.97,23.04,22.63,22.83,3733156,34.14
2016-03-10,22.98,23.04,22.57,22.98,4729156,34.36
2016-03-11,23.13,23.14,22.62,22.82,5165066,34.12
2016-03-14,22.63,22.76,22.31,22.37,6394866,33.45
2016-03-15,22.26,22.34,21.68,21.74,7596428,31.79
2016-03-16,21.72,22,21.63,21.91,5780948,32.04
2016-03-17,21.72,22.27,21.61,22.05,7781086,32.24
2016-03-18,22.12,22.26,21.99,22.24,9534203,32.52
2016-03-21,22.13,22.28,21.92,22.02,3459639,32.21
2016-03-22,22.05,22.09,21.55,21.73,4272387,31.78
2016-03-23,21.88,21.88,21.46,21.48,2698930,31.42
2016-03-24,21.5,21.65,21.2,21.4,3266993,31.29
2016-03-28,21.4,21.68,21.36,21.46,3269165,31.38
2016-03-29,21.69,21.72,21.32,21.68,4371213,31.7
2016-03-30,21.64,21.9,21.47,21.59,3247123,31.57
2016-03-31,21.83,22.55,21.83,22.18,7286348,32.44
2016-04-01,22.02,22.14,21.61,21.96,4410556,32.12
2016-04-04,21.99,22.26,21.81,21.81,4092073,31.9
2016-04-05,21.74,21.82,21.33,21.35,3451928,31.22
2016-04-06,21.3,21.35,21.12,21.3,3621253,31.15
2016-04-07,21.35,21.35,20.57,20.66,4303178,30.22
2016-04-08,20.73,20.88,20.55,20.59,2904883,30.11
2016-04-11,20.59,21.09,20.58,20.88,3736634,30.54
2016-04-12,20.94,21.08,20.38,21.07,4972369,30.82
2016-04-13,21.17,22.02,21.17,21.99,5424357,32.16
2016-04-14,22.04,22.22,21.83,22.11,3838230,32.33
2016-04-15,22.05,22.38,22.05,22.15,4966870,32.4
2016-04-18,22.07,22.48,22.07,22.41,2711742,32.78
2016-04-19,22.4,22.65,22.34,22.5,2789710,32.9
2016-04-20,22.54,22.82,22.43,22.65,3751630,33.12
2016-04-21,22.63,22.89,22.46,22.47,3056188,32.86
2016-04-22,22.48,22.82,22.46,22.72,2187699,33.22
2016-04-25,22.53,22.61,22.13,22.2,3523110,32.47
2016-04-26,22.26,22.7,22.24,22.67,2217073,33.15
2016-04-27,22.09,23.02,22.02,22.89,5167785,33.48
2016-04-28,22.69,22.86,22.27,22.33,2806883,32.65
2016-04-29,22.28,22.37,21.79,21.94,3301351,32.08
2016-05-02,22.08,22.22,21.6,22.07,3379789,32.27
2016-05-03,21.93,21.93,21.4,21.7,3620677,31.74
2016-05-04,21.6,21.74,21.33,21.54,3354103,31.5
2016-05-05,21.43,21.68,21.18,21.61,3644794,31.61
2016-05-06,21.76,22.05,21.52,21.87,2880409,31.98
2016-05-09,21.89,22.39,21.83,22.33,3576932,32.66
2016-05-10,22.38,22.61,22.05,22.54,4052266,32.97
2016-05-11,22.35,22.35,21.5,21.56,4446347,31.53
2016-05-12,21.67,21.69,21.09,21.37,4334058,31.25
2016-05-13,21.09,21.7,21.02,21.16,4775540,30.95
2016-05-16,21.15,21.87,21.14,21.69,4011138,31.72
2016-05-17,21.7,22.33,21.61,21.81,4721452,31.89
2016-05-18,21.12,21.37,20.75,21.03,7704511,30.75
2016-05-19,21.06,21.58,21.04,21.56,5128847,31.53
2016-05-20,21.54,22.16,21.54,22.11,5007317,32.34
2016-05-23,22.26,22.72,22.13,22.56,10246924,33
2016-05-24,21.38,21.7,20.55,20.89,30564454,30.55
2016-05-25,20.72,22.05,20.69,21.93,13873625,32.07
2016-05-26,22.12,22.29,21.74,21.85,6274283,31.95
2016-05-27,21.83,22.09,21.8,21.9,4825282,32.03
2016-05-31,22.04,22.13,21.86,22,6024573,32.17
2016-06-01,22,22.22,21.89,22.03,3976141,32.22
2016-06-02,21.98,22.35,21.92,22.2,4049608,32.46
2016-06-03,22.15,22.21,21.74,22.12,2988858,32.35
2016-06-06,21.88,21.92,21.03,21.42,8496317,31.33
2016-06-07,21.5,21.74,21.33,21.6,5086702,31.59
2016-06-08,21.73,21.74,21.44,21.48,3503972,31.42
2016-06-09,21.42,21.43,20.54,20.58,6402617,30.1
2016-06-10,20.46,20.47,19.93,20.32,6773006,29.44
2016-06-13,20.29,20.53,20.18,20.25,6715257,29.34
2016-06-14,20.22,20.46,19.88,20.13,6536626,29.17
2016-06-15,19.88,20.6,19.85,20.25,7779653,29.34
2016-06-16,20.14,20.6,19.97,20.48,6309715,29.67
2016-06-17,20.48,21.36,20.39,20.91,9079260,30.3
2016-06-20,21.18,21.36,20.94,20.97,4377517,30.38
2016-06-21,21.02,21.11,20.71,20.75,4351240,30.06
2016-06-22,20.8,20.86,20.64,20.74,3780322,30.05
2016-06-23,20.95,21.32,20.88,21,3791426,30.43
2016-06-24,20.46,20.94,20.36,20.81,4545944,30.15
2016-06-27,20.68,20.78,20.05,20.27,4139671,29.37
2016-06-28,20.44,20.89,20.37,20.72,4050658,30.02
2016-06-29,21.06,21.22,20.84,21.05,5369226,30.5
2016-06-30,21.04,21.27,20.82,21.12,4059855,30.6
2016-07-01,21.22,21.84,21.16,21.64,4366576,31.36
2016-07-05,21.58,21.71,20.81,20.95,5485916,30.36
2016-07-06,20.8,21.15,20.56,21.14,5490582,30.63
2016-07-07,21.15,21.25,21,21.12,3438889,30.6
2016-07-08,21.38,21.54,21.19,21.36,4043362,30.95
2016-07-11,21.38,21.76,21.38,21.57,3160333,31.25
2016-07-12,21.76,22.09,21.73,21.76,4165130,31.53
2016-07-13,21.77,21.93,21.35,21.67,5542829,31.4
2016-07-14,21.84,22.04,21.73,21.92,5749622,31.76
2016-07-15,21.96,21.96,21.4,21.66,4336283,31.38
2016-07-18,21.78,22.19,21.73,22.07,3449358,31.98
2016-07-19,22.07,22.11,21.79,21.87,3214016,31.69
2016-07-20,22.02,22.07,21.88,21.94,2690227,31.79
2016-07-21,21.98,22.52,21.89,22.28,4984393,32.28
2016-07-22,22.18,22.41,22.02,22.18,4345255,32.14
2016-07-25,22.19,22.44,22.07,22.41,3852421,32.47
2016-07-26,22.45,22.96,22.43,22.91,5208557,33.19
2016-07-27,22.67,22.99,22.56,22.87,5258681,33.14
2016-07-28,22.83,23.05,22.51,22.97,4996691,33.28
2016-07-29,22.94,23.21,22.8,23.19,4654428,33.6
2016-08-01,23.06,23.19,22.83,23.1,3851804,33.47
2016-08-02,23.12,23.12,22.47,22.68,5062067,32.86
2016-08-03,22.46,23.1,22.1,23.06,4297407,33.41
2016-08-04,23.05,23.37,22.9,23.09,2805990,33.45
2016-08-05,23.21,23.65,23.2,23.64,4436282,34.25
2016-08-08,23.67,23.87,23.54,23.56,3502392,34.14
2016-08-09,23.55,23.67,23.15,23.16,4433803,33.56
2016-08-10,23.29,23.49,23.18,23.28,3427572,33.73
2016-08-11,23.6,24.01,23.53,23.89,5004677,34.62
2016-08-12,23.79,24.47,23.65,24.07,6717280,34.87
2016-08-15,23.54,24.14,23.54,23.82,5317904,34.51
2016-08-16,23.81,23.87,23.65,23.68,3107465,34.31
2016-08-17,23.1,23.25,22.64,22.98,6798682,33.3
2016-08-18,23.18,23.18,22.74,22.91,5518632,33.2
2016-08-19,22.67,22.68,22.22,22.49,7797978,32.59
2016-08-22,22.5,23.19,22.42,22.64,12038370,32.8
2016-08-23,26.48,27.17,25.99,27.08,41910944,39.23
2016-08-24,27.06,28.01,26.9,27.26,21532278,39.5
2016-08-25,26.91,27.33,26.69,27.27,8246100,39.51
2016-08-26,27.41,27.46,27.08,27.25,5693371,39.48
2016-08-29,27.25,27.27,26.83,26.93,6114687,39.02
2016-08-30,26.93,27.13,26.85,26.85,4135487,38.9
2016-08-31,26.87,26.96,26.39,26.56,6743413,38.48
2016-09-01,26.61,26.77,26.21,26.6,5561200,38.54
2016-09-02,26.6,27.1,26.44,26.75,3752628,38.75
2016-09-06,26.68,26.79,26.26,26.39,4342321,38.24
2016-09-07,26.44,26.67,26.35,26.63,6440558,38.59
2016-09-08,26.53,26.57,26.1,26.17,6805220,37.92
2016-09-09,25.92,26.24,25.64,25.64,5380922,36.87
2016-09-12,25.48,26.04,25.39,25.93,6018460,37.29
2016-09-13,25.87,26.44,25.8,26.05,6612187,37.47
2016-09-14,26.04,26.45,25.88,26.19,6485407,37.66
2016-09-15,26.06,26.4,25.88,26.2,4782945,37.68
2016-09-16,26.19,26.48,26.05,26.42,6352118,38
2016-09-19,26.46,26.74,26.44,26.52,7006530,38.14
2016-09-20,26.59,26.68,26.26,26.3,3841020,37.82
2016-09-21,26.49,26.62,26.24,26.61,3170335,38.27
2016-09-22,26.76,27.03,26.67,26.75,4141832,38.47
2016-09-23,26.65,26.96,26.34,26.42,4239193,37.99
2016-09-26,26.31,26.41,26.04,26.08,4764651,37.51
2016-09-27,26.18,26.64,26.14,26.6,3711004,38.25
2016-09-28,26.6,26.6,26.04,26.2,4477118,37.68
2016-09-29,26.23,26.47,25.99,26.01,3484685,37.41
2016-09-30,26.19,26.73,26.08,26.55,5407703,38.18
2016-10-03,26.53,26.81,26.33,26.55,3758808,38.18
2016-10-04,26.56,26.92,26.34,26.41,3008015,37.98
2016-10-05,26.51,26.69,26.35,26.35,4384842,37.89
2016-10-06,26.23,26.62,26.16,26.55,3885060,38.18
2016-10-07,26.71,27.29,26.56,27.05,7376483,38.9
2016-10-10,27.24,27.53,26.91,27.06,3855122,38.91
2016-10-11,26.98,27.14,26.63,26.65,4192090,38.33
2016-10-12,27.01,27.8,26.87,27.65,7175695,39.77
2016-10-13,27.43,27.8,26.95,27.7,6866674,39.83
2016-10-14,27.69,27.96,27.32,27.33,4891765,39.31
2016-10-17,27.23,27.88,26.92,27.44,5584763,39.47
2016-10-18,27.74,27.77,27.36,27.41,3557809,39.42
2016-10-19,27.55,27.57,27.12,27.5,4731948,39.55
2016-10-20,27.44,27.74,27.4,27.45,3320703,39.48
2016-10-21,27.32,27.55,27.24,27.44,2455889,39.46
2016-10-24,27.58,27.66,27.26,27.44,2841518,39.46
2016-10-25,27.35,27.47,26.95,27.3,3812861,39.26
2016-10-26,27.15,27.47,26.98,27.32,2659732,39.29
2016-10-27,27.4,27.4,26.67,26.76,3880416,38.48
2016-10-28,26.73,27.33,26.73,26.97,4218126,38.78
2016-10-31,26.97,27.26,26.89,27.06,3213570,38.91
2016-11-01,27.07,27.18,26.67,26.89,3111439,38.67
2016-11-02,26.66,27.02,26.53,26.69,3604855,38.39
2016-11-03,26.67,26.94,26.4,26.5,5865625,38.11
2016-11-04,26.57,27.01,26.31,26.55,3079160,38.19
2016-11-07,26.92,27.24,26.91,27.17,3842512,39.07
2016-11-08,26.33,26.73,26.33,26.42,6453305,37.99
2016-11-09,26,26.91,25.8,26.78,6752357,38.51
2016-11-10,27.23,27.86,27.22,27.8,6647985,39.98
2016-11-11,26.9,27.17,26.18,26.67,15055814,38.36
2016-11-14,26.81,28.01,26.81,27.77,9746491,39.94
2016-11-15,27.5,28.01,27.14,27.73,9247196,39.88
2016-11-16,27.64,28.23,27.42,28.13,12395382,40.45
2016-11-17,29.82,32.49,29.59,31.98,26262117,45.99
2016-11-18,31.76,31.76,31.06,31.14,13590489,44.79
2016-11-21,31.35,32.09,31.17,31.74,7923564,45.65
2016-11-22,31.58,32.67,31.51,32.4,6860525,46.6
2016-11-23,32.37,32.88,32.24,32.65,5592752,46.96
2016-11-25,32.69,32.8,32.18,32.39,2836533,46.58
2016-11-28,32.39,32.43,31.48,31.52,7378768,45.33
2016-11-29,31.7,31.99,31.56,31.72,3877215,45.62
2016-11-30,31.55,32,31.34,31.78,6064479,45.7
2016-12-01,31.64,32.03,31.5,31.6,5198346,45.45
2016-12-02,31.78,32.17,31.66,31.76,4142032,45.67
2016-12-05,32.03,33.17,32.03,32.56,9185008,46.82
2016-12-06,32.56,32.94,32.56,32.83,5381599,46.93
2016-12-07,33.13,33.98,33.13,33.94,6624508,48.52
2016-12-08,33.96,34.56,33.93,34.49,7733074,49.31
2016-12-09,34.4,34.42,34.01,34.28,5076475,49
2016-12-12,34.21,34.3,33.97,34.12,3403517,48.77
2016-12-13,34.14,34.28,33.74,34.04,4188688,48.66
2016-12-14,34.19,34.33,33.7,33.72,4541556,48.21
2016-12-15,33.77,34.02,33.63,33.69,5044844,48.16
2016-12-16,33.58,33.65,32.84,32.88,11370130,47
2016-12-19,33.03,33.27,32.45,32.57,6192057,46.56
2016-12-20,32.63,33.25,32.62,33.06,4936707,47.26
2016-12-21,32.81,33.21,32.6,32.75,3679875,46.82
2016-12-22,32.81,33.04,31.3,31.55,6739627,45.1
2016-12-23,31.49,31.74,31,31.32,4017884,44.77
2016-12-27,31.45,31.74,31.23,31.3,2870366,44.75
2016-12-28,31.47,31.48,30.16,30.58,4837916,43.71
2016-12-29,30.55,30.94,29.87,30.13,5162016,43.07
2016-12-30,30.3,30.53,29.62,29.85,4016228,42.67
2017-01-03,30.11,30.19,29.54,29.91,5715263,42.76
2017-01-04,30.32,30.9,30.3,30.62,5163898,43.77
2017-01-05,29.9,29.95,29.23,29.83,6093707,42.64
2017-01-06,29.99,30.11,29.66,29.92,4144855,42.77
2017-01-09,30.02,30.65,29.94,30.32,6326845,43.34
2017-01-10,30.44,30.98,30.21,30.68,5176027,43.86
2017-01-11,30.81,30.9,30.08,30.37,3171403,43.42
2017-01-12,30.63,30.95,30.43,30.94,4324078,44.23
2017-01-13,30.87,31.04,30.61,30.66,4229868,43.83
2017-01-17,30.79,32.06,30.79,31.39,5990697,44.88
2017-01-18,30.93,31.32,30.57,31.32,4194504,44.77
2017-01-19,31.3,31.35,30.36,30.52,4959961,43.63
2017-01-20,30.44,30.49,29.73,30.33,6525863,43.36
2017-01-23,30.25,30.58,29.96,30.46,2658637,43.54
2017-01-24,30.42,31,30.42,30.9,2554275,44.17
2017-01-25,31.11,31.44,31.09,31.25,3347403,44.67
2017-01-26,31.34,31.74,31.28,31.64,3843908,45.23
2017-01-27,31.68,31.73,30.07,30.41,6957856,43.47
2017-01-30,30.37,30.99,30.28,30.93,3582618,44.22
2017-01-31,30.65,31.23,30.33,31.14,5076862,44.52
2017-02-01,31.18,31.29,30.81,31.13,3191974,44.5
2017-02-02,31.09,31.46,30.94,31,4022399,44.31
2017-02-03,31.11,31.66,30.96,31.29,4807070,44.73
2017-02-06,31.29,31.6,30.68,30.75,4425490,43.96
2017-02-07,30.76,30.99,30.39,30.45,4135227,43.53
2017-02-08,30.58,30.69,30.27,30.69,4175340,43.87
2017-02-09,30.81,31.56,30.66,31.29,3883032,44.73
2017-02-10,31.45,31.48,30.99,31.25,2595321,44.68
2017-02-13,31.42,31.54,30.75,30.76,4042262,43.97
2017-02-14,30.85,31.79,30.84,31.68,5264606,45.29
2017-02-15,31.78,32.25,31.66,32.12,4389626,45.92
2017-02-16,32.09,32.34,31.58,31.74,3389002,45.37
2017-02-17,31.67,31.85,31.29,31.65,3230348,45.24
2017-02-21,31.94,32.23,31.75,32.16,4071205,45.98
2017-02-22,32.23,32.32,31.86,31.98,2748581,45.72
2017-02-23,32.05,32.14,30.82,31,4335095,44.31
2017-02-24,31.02,32.03,30.89,31.87,7025661,45.56
2017-02-27,31.94,32.49,31.85,32.28,7022571,46.15
2017-02-28,31.91,31.91,30.6,30.87,9305430,44.13
2017-03-01,29.73,29.94,29.15,29.48,16896496,42.14
2017-03-02,29.53,31.55,29.53,31.37,13928943,44.85
2017-03-03,31.3,31.41,30.94,31.23,7225275,44.65
2017-03-06,31.2,31.22,30.69,30.7,5330385,43.89
2017-03-07,30.68,31.25,30.6,31.16,6016125,44.55
2017-03-08,31.19,31.79,31.11,31.55,4318758,45.1
2017-03-09,31.56,31.7,31.27,31.37,2774187,44.84
2017-03-10,31.42,31.6,31.14,31.34,4069618,44.8
2017-03-13,31.32,31.57,31.07,31.37,3407700,44.85
2017-03-14,31.31,31.42,30.78,31.04,4401365,44.37
2017-03-15,30.81,31.16,30.6,31.07,3618617,44.41
2017-03-16,31.05,31.36,30.86,31.13,4093678,44.5
2017-03-17,31.27,32.02,31.21,32,7980830,45.74
2017-03-20,32.01,32.23,31.73,32.1,6219648,45.55
2017-03-21,32.14,32.17,30.83,31.05,7301389,44.06
2017-03-22,31,31.83,30.81,31.73,5048257,45.02
2017-03-23,31.66,31.88,31.39,31.45,3505901,44.62
2017-03-24,31.43,31.78,31.4,31.61,2685697,44.85
2017-03-27,31.76,32.71,31.59,32.56,5034013,46.2
2017-03-28,32.59,33.16,32.43,33.1,3514809,46.97
2017-03-29,33.19,33.81,33.13,33.67,3636441,47.77
2017-03-30,33.62,34.31,33.57,34.24,3456362,48.59
2017-03-31,34.11,34.78,34.04,34.64,4674319,49.15
2017-04-03,34.51,34.71,34.12,34.2,6124882,48.53
2017-04-04,34.11,34.39,33.94,34.29,6713503,48.65
2017-04-05,34.39,34.49,33.79,33.81,3143230,47.97
2017-04-06,34.06,34.41,33.74,33.82,4591430,47.99
2017-04-07,33.83,34.05,33.6,33.98,5065817,48.22
2017-04-10,34.15,34.6,34.1,34.22,4068240,48.55
2017-04-11,34.24,34.37,33.95,34.29,2980496,48.65
2017-04-12,34.29,34.3,34.03,34.08,2331995,48.36
2017-04-13,34.06,34.34,34,34.02,3403717,48.27
2017-04-17,34.16,34.18,33.85,34.08,3194521,48.36
2017-04-18,34.08,34.75,33.94,34.19,3187326,48.52
2017-04-19,34.31,35.23,34.31,34.8,4069182,49.38
2017-04-20,35.11,35.85,35.01,35.61,5170434,50.53
2017-04-21,35.58,35.89,35.28,35.69,3806249,50.64
2017-04-24,35.94,36.24,35.74,36.05,2873056,51.15
2017-04-25,36.95,37.08,35.93,36.49,4764074,51.77
2017-04-26,36.53,37.05,36.52,36.82,3056036,52.25
2017-04-27,36.8,37.12,36.65,36.89,3347238,52.35
2017-04-28,36.94,36.96,36.29,36.51,3362193,51.81
2017-05-01,36.64,36.64,36.21,36.27,2388689,51.46
2017-05-02,36.3,36.46,36.11,36.3,3603133,51.51
2017-05-03,36.12,36.47,35.99,36.4,2788130,51.65
2017-05-04,36.4,36.53,35.77,35.85,5891967,50.87
2017-05-05,36.03,36.41,35.92,36.38,3177749,51.62
2017-05-08,36.46,36.65,36.41,36.48,2897222,51.76
2017-05-09,36.57,36.67,36.46,36.52,2131768,51.82
2017-05-10,36.57,36.8,36.39,36.65,2504542,52
2017-05-11,36.44,36.66,36.07,36.63,2958440,51.97
2017-05-12,36.46,36.48,35.82,36.02,3461567,51.11
2017-05-15,36.15,36.37,35.94,36.06,2981635,51.16
2017-05-16,36.01,36.53,35.73,36.52,3721146,51.82
2017-05-17,36.31,36.68,35.64,35.67,4856877,50.61
2017-05-18,35.84,36.18,35.49,35.68,3439936,50.63
2017-05-19,35.85,36.3,35.59,36.18,2795700,51.33
2017-05-22,36.3,36.59,36.26,36.47,4308355,51.75
2017-05-23,36.5,36.73,36.06,36.33,3476382,51.55
2017-05-24,36.3,36.53,35.44,35.53,8063825,50.42
2017-05-25,40.49,43.66,39.68,43.17,34045448,61.25
2017-05-26,42.57,42.91,41.5,41.56,15420842,58.97
2017-05-30,41.44,42.16,41.37,41.78,5479957,59.28
2017-05-31,41.81,41.89,41.38,41.86,7031578,59.39
2017-06-01,41.86,42.53,41.7,42.5,3628695,60.3
2017-06-02,42.48,42.53,41.74,42.05,5345327,59.67
2017-06-05,42.15,42.19,41.71,41.95,3680608,59.52
2017-06-06,41.93,41.98,41.17,41.25,4548792,58.53
2017-06-07,41.45,42.01,41.36,41.85,5087321,59.38
2017-06-08,41.9,42.26,41.56,41.66,3639680,59.11
2017-06-09,41.59,41.82,40.74,40.97,6411061,58.13
2017-06-12,40.74,40.93,40,40.26,8046638,57.12
2017-06-13,40.24,41.21,40.2,41.01,4199398,57.85
2017-06-14,40.75,40.99,40.14,40.75,4883884,57.48
2017-06-15,40.22,40.41,39.51,40.09,4575360,56.55
2017-06-16,39.77,40.03,39.11,39.45,8058397,55.65
2017-06-19,39.72,39.78,39.26,39.55,3647527,55.79
2017-06-20,39.62,39.72,38.89,38.94,2481125,54.93
2017-06-21,39.07,39.33,38.83,39.11,2200163,55.17
2017-06-22,39.07,39.47,38.75,39.15,2378958,55.22
2017-06-23,38.99,39.32,38.87,39.12,5618521,55.18
2017-06-26,39.47,40.09,39.43,39.91,4584838,56.29
2017-06-27,39.98,40.5,39.76,39.83,2583906,56.18
2017-06-28,40.07,40.66,39.98,40.25,2557716,56.77
2017-06-29,40.31,40.65,39.96,40.6,4539021,57.26
2017-06-30,40.84,41.17,40.64,40.65,3594411,57.33
2017-07-03,41.03,42.09,41.01,41.99,3080028,59.22
2017-07-05,41.91,42.32,41.17,41.23,3906131,58.15
2017-07-06,41.12,41.23,40.64,40.71,2085077,57.42
2017-07-07,40.78,41.18,40.65,41.03,2816808,57.87
2017-07-10,39.12,39.35,37.65,38.45,12343217,54.23
2017-07-11,38.51,38.75,37.6,38.07,5399207,53.69
2017-07-12,38.36,38.41,37.58,37.79,4422463,53.3
2017-07-13,38.07,38.92,38,38.75,4664946,54.66
2017-07-14,39.02,40.04,38.99,39.18,3842788,55.26
2017-07-17,39.09,39.94,39.04,39.7,3304979,56
2017-07-18,39.7,40.08,39.48,39.55,2517834,55.79
2017-07-19,39.8,40.06,39.68,39.82,2428511,56.17
2017-07-20,39.73,39.83,37.55,38.26,8257469,53.96
2017-07-21,37.75,38.64,37.69,38.38,5040676,54.14
2017-07-24,38.28,39.19,38.28,38.85,3497860,54.8
2017-07-25,39.17,39.65,38.97,39.22,3661903,55.32
2017-07-26,39.31,39.61,39.01,39.4,2327287,55.57
2017-07-27,39.32,40.51,39.16,40.45,3566225,57.05
2017-07-28,40.55,40.97,40.45,40.87,2634222,57.64
2017-07-31,40.97,41.67,40.89,41.36,3332863,58.34
2017-08-01,41.55,42.26,41.51,42.17,4345254,59.48
2017-08-02,42.19,42.61,41.31,42.1,4307452,59.38
2017-08-03,42.12,42.9,42.05,42.32,2348102,59.69
2017-08-04,42.45,42.86,42.39,42.74,2101382,60.28
2017-08-07,42.89,43.8,42.79,43.79,3941009,61.76
2017-08-08,43.84,44.21,43.52,43.59,2607734,61.48
2017-08-09,43.29,43.88,43.04,43.3,2750110,61.07
2017-08-10,42.91,43.04,42.37,42.38,2951221,59.78
2017-08-11,42.38,42.93,42.38,42.59,2313187,60.07
2017-08-14,42.95,43.17,42.76,43.04,2438993,60.71
2017-08-15,42.94,43,41.78,41.81,3907315,58.97
2017-08-16,42.38,43.18,41.96,43.01,2968176,60.67
2017-08-17,42.82,43.15,42.64,42.65,2392671,60.15
2017-08-18,42.59,42.65,42.1,42.16,3259352,59.47
2017-08-21,42.16,43.01,42.13,42.86,3523193,60.45
2017-08-22,43.26,43.84,43.22,43.81,3046073,61.79
2017-08-23,43.62,44.2,43.51,44.03,4819643,62.1
2017-08-24,44.42,44.89,43.45,43.81,3829931,61.8
2017-08-25,43.85,44.23,43.59,43.86,2357776,61.87
2017-08-28,44.28,44.52,43.71,44.29,6137469,62.47
2017-08-29,41.24,41.72,38.82,39.01,35403938,55.02
2017-08-30,39.23,39.28,37.89,38.42,14874635,54.19
2017-08-31,38.57,38.61,38.05,38.47,9020381,54.26
2017-09-01,38.6,38.9,38.21,38.63,6133857,54.48
2017-09-05,38.5,39.2,38.46,39.18,5700518,55.26
2017-09-06,39.14,39.53,38.78,39.46,5432833,55.66
2017-09-07,39.46,39.8,39.23,39.71,5990254,56.01
2017-09-08,39.58,39.8,39.17,39.35,4643183,55.5
2017-09-11,39.57,39.7,39.23,39.67,4076536,55.96
2017-09-12,39.77,40.48,39.71,40.26,3861007,56.79
2017-09-13,40.26,41.57,40.16,41.55,6229586,58.6
2017-09-14,41.33,41.5,40.92,41.39,4160403,58.38
2017-09-15,41.5,41.66,41.18,41.55,4517733,58.61
2017-09-18,41.84,41.85,40.83,40.9,3866974,57.35
2017-09-19,40.04,40.42,36.8,37.62,22913865,52.76
2017-09-20,37.45,37.65,37.12,37.5,7828632,52.59
2017-09-21,37.35,38.74,37.31,38.47,6851820,53.95
2017-09-22,38.36,39.12,38.26,38.44,4585374,53.9
2017-09-25,38.31,39.03,38.23,38.63,4397427,54.17
2017-09-26,38.66,39.12,38.27,38.96,3549623,54.64
2017-09-27,38.96,40.55,38.94,40.41,5202648,56.67
2017-09-28,40.15,40.81,40.11,40.53,3753578,56.83
2017-09-29,40.53,40.78,40.19,40.62,2962021,56.96
2017-10-02,40.73,41.15,40.59,40.95,2504988,57.42
2017-10-03,40.88,41.27,40.53,40.58,2873721,56.91
2017-10-04,40.58,40.98,40.53,40.75,2457982,57.15
2017-10-05,40.95,41.42,40.78,41,3139451,57.49
2017-10-06,40.83,41.98,40.83,41.9,4815767,58.76
2017-10-09,42.07,42.4,41.77,42.1,2893197,59.04
2017-10-10,41.67,41.75,40.65,40.77,4266960,57.17
2017-10-11,40.68,40.85,39.35,39.56,6454741,55.47
2017-10-12,39.56,39.65,38.82,39.31,4422578,55.13
2017-10-13,39.43,39.46,38.52,39.29,3278255,55.1
2017-10-16,39.19,39.52,38.93,39.16,3180880,54.91
2017-10-17,39.03,39.33,38.63,38.97,3842718,54.65
2017-10-18,38.97,39.7,38.91,39.55,2436390,55.46
2017-10-19,39.29,39.75,39.07,39.55,2658699,55.46
2017-10-20,39.78,39.94,39.47,39.81,3046248,55.83
2017-10-23,39.95,40.28,39.89,39.95,4126757,56.02
2017-10-24,40.23,40.69,39.98,40.4,3361538,56.65
2017-10-25,40.4,40.43,39.12,39.34,3664764,55.17
2017-10-26,39.27,40.27,39.24,39.9,4624709,55.95
2017-10-27,39.58,39.59,38.69,39.36,2902264,55.2
2017-10-30,39.32,39.61,39.2,39.49,2991060,55.38
2017-10-31,39.58,40.21,39.51,39.92,2355640,55.98
2017-11-01,39.95,40.19,39.59,39.94,2469480,56.01
2017-11-02,40.08,40.98,39.84,40.89,4254922,57.34
2017-11-03,40.76,41.23,40.53,40.59,3048706,56.92
2017-11-06,40.48,40.83,40.09,40.21,3880942,56.39
2017-11-07,40.36,40.43,38.97,39.31,3775950,55.13
2017-11-08,39.24,40.49,39.02,40.33,3756419,56.55
2017-11-09,40.05,40.28,39.41,39.88,3668256,55.93
2017-11-10,40.07,40.68,39.94,40.42,4315393,56.68
2017-11-13,40.43,40.95,40.21,40.63,4423492,56.97
2017-11-14,40.35,41.09,40.29,40.79,3422981,57.2
2017-11-15,40.69,40.95,39.98,40.86,5723677,57.3
2017-11-16,39.36,40.58,37.74,39.4,18827793,55.25
2017-11-17,39.63,39.93,38.75,39.81,5342225,55.83
2017-11-20,39.93,40.66,39.93,40.18,4717951,56.35
2017-11-21,40.25,40.48,39.8,39.98,3334850,56.06
2017-11-22,40.32,40.75,40.18,40.28,3460427,56.49
2017-11-24,40.47,40.9,40.06,40.65,2833910,57
2017-11-27,41.04,41.61,40.51,40.66,4269945,57.02
2017-11-28,40.56,41.45,40.56,41.4,2836265,58.05
2017-11-29,41.44,42.4,41.01,41.95,5450723,58.83
2017-11-30,42.11,43.16,42.07,42.51,6233579,59.61
2017-12-01,42.6,43.38,41.95,43.04,6122999,60.35
2017-12-04,43.44,44.78,43.21,44.61,7403227,62.55
2017-12-05,44.56,44.71,43.89,44.2,3845534,61.98
2017-12-06,44.24,44.34,43.69,43.72,4205635,60.97
2017-12-07,43.75,44.16,43.63,44.09,4853124,61.49
2017-12-08,44.34,45.98,44.06,45.74,4475178,63.79
2017-12-11,45.6,45.69,45.1,45.62,5316090,63.62
2017-12-12,45.7,46.01,45.44,45.55,3926235,63.52
2017-12-13,45.75,46.4,45.51,46.17,3917557,64.39
2017-12-14,46.47,46.47,45.65,45.71,4296602,63.75
2017-12-15,46.17,46.99,46.01,46.84,8856297,65.32
2017-12-18,47.07,48.14,47.06,48.05,4273470,67.01
2017-12-19,48.11,48.24,47.17,47.18,4576141,65.8
2017-12-20,47.71,47.96,47.3,47.85,2963912,66.73
2017-12-21,47.85,48.26,47.4,48.1,2960325,67.08
2017-12-22,48.14,48.23,47.96,48.12,1773851,67.11
2017-12-26,48,48.8,47.81,48.77,2520938,68.02
2017-12-27,48.83,49.15,48.57,49.02,2188146,68.36
2017-12-28,49.13,49.28,48.82,49.06,1554837,68.42
2017-12-29,49.17,49.46,49.03,49.1,2323470,68.47
2018-01-02,48.95,49.76,48.67,49.59,4364649,69.16
2018-01-03,49.56,49.76,48.86,49.05,3694124,68.4
2018-01-04,49.39,49.48,47.41,48.24,5404453,67.28
2018-01-05,48.69,49.46,48.37,49.38,4497011,68.87
2018-01-08,49.25,50.27,49.06,49.97,4145259,69.69
2018-01-09,50.16,50.35,49.58,50.04,3510094,69.78
2018-01-10,49.72,50.82,49.51,50.44,3039758,70.34
2018-01-11,50.4,51.64,50.14,51.42,3047272,71.71
2018-01-12,51.48,52.67,51.44,52.52,3882079,73.25
2018-01-16,52.83,53.14,51.49,51.91,4499513,72.4
2018-01-17,51.81,53.51,51.81,53.25,3388501,74.26
2018-01-18,53.19,53.6,52.99,53.56,2949138,74.69
2018-01-19,53.85,55.26,53.62,55.11,3702154,76.86
2018-01-22,55.18,56.01,54.89,55.97,2522417,78.06
2018-01-23,55.95,56.35,55.36,55.59,2705320,77.52
2018-01-24,55.59,55.77,54.59,55.06,2702444,76.79
2018-01-25,54.55,54.72,53.91,54.69,3692675,76.27
2018-01-26,54.83,55.84,54.76,55.82,3533141,77.85
2018-01-29,55.52,55.84,54.85,54.92,2907509,76.59
2018-01-30,54.64,54.86,53.91,54.7,3163374,76.29
2018-01-31,54.04,54.09,51.96,52.39,5639379,73.06
2018-02-01,51.91,53.32,51.68,52.42,3425582,73.1
2018-02-02,52.03,52.33,50.92,51.08,5697198,71.24
2018-02-05,50.58,51.59,48.75,48.77,4325043,68.02
2018-02-06,47.74,50.7,46.64,50.41,4974035,70.3
2018-02-07,50.27,51.85,50.1,51.1,3881278,71.26
2018-02-08,51.26,51.68,49.31,49.33,4056736,68.79
2018-02-09,49.84,51.2,48.46,50.74,3603406,70.76
2018-02-12,50.99,51.1,49.44,50.44,3504432,70.35
2018-02-13,50.24,50.82,49.98,50.27,3126405,70.1
2018-02-14,50.01,52.21,49.77,52,3823921,72.52
2018-02-15,52.39,52.57,51.51,52.57,2507324,73.32
2018-02-16,52.54,53.24,52.18,52.47,2348392,73.18
2018-02-20,52.08,52.66,51.43,51.57,3013533,71.92
2018-02-21,51.8,52.27,50.72,50.76,3057481,70.79
2018-02-22,51.2,51.58,51,51.12,2653728,71.29
2018-02-23,51.69,52.57,51.36,52.47,2439325,73.17
2018-02-26,52.83,53.24,51.99,52.04,4082953,72.57
2018-02-27,52.37,52.65,50.99,51.26,4604554,71.49
2018-02-28,51.64,53.01,51.37,51.94,5627539,72.44
2018-03-01,53.38,54.52,52.15,53.99,13634601,75.3
2018-03-02,53.67,53.91,51.82,52.37,7104920,73.04
2018-03-05,51.99,54.14,51.99,53.82,6943286,75.06
2018-03-06,54.05,55.44,54.05,55.05,4728097,76.77
2018-03-07,53.54,54.05,52.26,52.8,5742637,73.64
2018-03-08,53.12,53.25,52.09,52.52,4134890,73.25
2018-03-09,52.97,53.03,51.77,52.93,3920176,73.82
2018-03-12,52.93,53.21,50.62,51.66,3439980,72.05
2018-03-13,52.07,52.6,51.04,51.28,3794809,71.52
2018-03-14,51.6,51.62,50.01,50.12,5472674,69.9
2018-03-15,50.09,50.44,49.43,49.47,4056273,68.99
2018-03-16,49.48,50.29,49.22,50,7122650,69.73
2018-03-19,49.89,50.02,48.97,49.14,3581764,68.53
2018-03-20,48.98,50.35,48.98,50.22,4469164,70.04
2018-03-21,50.17,50.38,49.37,49.39,3879070,68.44
2018-03-22,49,49.34,48.34,48.53,3402574,67.25
2018-03-23,48.66,49.48,48.1,48.12,3505926,66.68
2018-03-26,49,50.48,48.9,50.16,3826846,69.51
2018-03-27,50.27,50.28,48.63,48.89,3333484,67.74
2018-03-28,49.14,50.27,48.96,49.48,4028751,68.56
2018-03-29,49.79,50.99,49.79,50.51,4124709,69.99
2018-04-02,50.42,50.83,49.07,49.74,3189245,68.92
2018-04-03,49.98,51.01,49.96,50.76,2871024,70.34
2018-04-04,50.04,52.8,49.9,52.58,4146666,72.86
2018-04-05,52.73,52.79,51.91,52.05,3354527,72.12
2018-04-06,51.71,52.4,50.59,50.87,3681728,70.49
2018-04-09,51.2,51.6,50.38,50.39,3792877,69.82
2018-04-10,51.08,52.08,50.82,51.76,2320675,71.72
2018-04-11,51.36,52.03,51.07,51.17,1844231,70.91
2018-04-12,51.48,51.9,51.35,51.46,2954647,71.3
2018-04-13,51.95,52.9,51.12,51.33,2937596,71.13
2018-04-16,51.92,52.4,51.48,51.9,2982368,71.91
2018-04-17,52.57,52.93,51.98,52.5,2324906,72.75
2018-04-18,53.77,54.7,53.67,54.42,4702636,75.4
2018-04-19,54.01,54.36,52.63,52.93,3687027,73.34
2018-04-20,53.33,53.55,51.93,52.18,3905052,72.3
2018-04-23,52.32,53.2,52.31,53.04,2068729,73.5
2018-04-24,53.14,53.59,52.3,52.81,3076843,73.17
2018-04-25,52.68,53.85,52.57,53.68,2812334,74.38
2018-04-26,53.92,54.86,53.66,54.57,2919484,75.62
2018-04-27,54.79,55.75,54.66,55.6,2608136,77.04
2018-04-30,55.93,56.45,55.11,55.23,3405075,76.53
2018-05-01,55,55.14,53.55,54.4,3830374,75.38
2018-05-02,54.51,55.08,54.06,54.75,2442669,75.87
2018-05-03,54.53,54.53,53.36,54.13,2866171,75.01
2018-05-04,54.02,55.34,53.89,55.01,2466233,76.22
2018-05-07,55.09,55.35,54.04,54.49,1975371,75.5
2018-05-08,54.39,54.76,54.13,54.58,2251746,75.63
2018-05-09,54.65,55.22,54.18,55.01,2402871,76.22
2018-05-10,55.33,55.55,54.8,55.45,2892566,76.83
2018-05-11,55.22,56.5,55,56.13,2246641,77.78
2018-05-14,56.22,56.84,56.13,56.47,2549249,78.25
2018-05-15,56.22,57.07,55.87,56.72,2342485,78.6
2018-05-16,56.98,57.66,56.54,56.66,3175181,78.51
2018-05-17,56.93,57.44,56.75,56.85,2580344,78.78
2018-05-18,56.69,57.24,56.2,56.47,2913198,78.25
2018-05-21,56.93,57.29,56.39,56.51,3837417,78.3
2018-05-22,56.96,57,54.23,54.47,5049168,75.47
2018-05-23,54.18,55.25,53.87,54.81,5025311,75.95
2018-05-24,51.16,52.58,50.31,51.17,16738033,70.9
2018-05-25,51.24,51.27,49.31,49.4,9003266,68.45
2018-05-29,49.15,50,48.91,49.2,5037703,68.18
2018-05-30,49.41,50.44,48.75,50.23,4989176,69.6
2018-05-31,50.12,50.18,49.22,49.26,6995027,68.25
2018-06-01,49.44,50.11,49.01,49.69,3813669,68.85
2018-06-04,49.75,50.56,49.54,50.42,3463256,69.86
2018-06-05,50.13,51.86,50.03,51.79,5090403,71.76
2018-06-06,51.78,52.02,51.06,51.64,3423498,71.56
2018-06-07,51.81,52.45,51.49,51.72,3723241,71.66
2018-06-08,51.38,52.35,51.17,52.19,3127431,72.31
2018-06-11,52.29,53.57,52.21,53.15,4484025,73.64
2018-06-12,53.44,53.59,52.63,53.44,3473974,74.05
2018-06-13,53.51,53.54,52.86,53.19,4377100,73.26
2018-06-14,53.17,53.75,53.03,53.24,3846498,73.32
2018-06-15,52.92,54.44,52.23,54.32,8397311,74.81
2018-06-18,53.8,56,53.71,55.95,4497645,77.06
2018-06-19,55.18,55.76,54.54,55.48,4679916,76.41
2018-06-20,55.46,55.64,54.59,55.08,3546906,75.86
2018-06-21,55.08,56.45,55.01,56.08,3077257,77.23
2018-06-22,56.41,56.61,55.22,55.37,4945979,76.26
2018-06-25,55.13,55.7,54.15,54.54,3906472,75.11
2018-06-26,54.76,56.08,54.62,55.56,3148183,76.52
2018-06-27,55.58,55.86,53.77,53.79,3176699,74.08
2018-06-28,53.5,54.66,53.12,54.45,3427039,74.99
2018-06-29,54.74,55.27,54.15,54.15,3394493,74.58
2018-07-02,53.97,54.06,52.89,53.99,2943292,74.35
2018-07-03,53.97,54.38,53.4,53.46,1286542,73.63
2018-07-05,53.72,53.96,53.19,53.54,2749886,73.74
2018-07-06,53.61,54.01,53.15,53.93,1596134,74.28
2018-07-09,54.15,54.76,54.02,54.61,2704145,75.21
2018-07-10,54.96,55.01,54.38,54.97,2424264,75.71
2018-07-11,54.12,54.28,53.03,53.93,3834054,74.28
2018-07-12,54.2,54.52,53.88,54.23,1402842,74.69
2018-07-13,54.3,55.75,54.3,55.1,3391364,75.88
2018-07-16,55,55.34,54.62,54.81,1735280,75.48
2018-07-17,55.02,55.79,54.81,55.59,2065023,76.56
2018-07-18,55.62,55.82,55.16,55.44,2111616,76.35
2018-07-19,55.44,57.21,55.33,56.62,3928770,77.98
2018-07-20,56.28,56.45,55.21,55.26,3259721,76.11
2018-07-23,55.05,55.85,55,55.47,1708763,76.4
2018-07-24,55.98,56.36,54.36,54.64,2624355,75.25
2018-07-25,54.6,54.78,54.02,54.69,2667151,75.32
2018-07-26,54.91,55.82,54.82,55.19,2312998,76.01
2018-07-27,55.11,55.55,53.99,54.23,3026952,74.68
2018-07-30,54.13,54.36,53.57,54.05,3610160,74.44
2018-07-31,54.15,54.81,54.02,54.48,2439962,75.03
2018-08-01,54.6,55.52,54.25,54.37,2459774,74.88
2018-08-02,54.01,55.23,53.96,55.13,1678882,75.92
2018-08-03,55.26,56.07,54.96,55.24,1507814,76.08
2018-08-06,55.21,55.64,55.1,55.49,1607397,76.42
2018-08-07,55.63,56.37,55.57,56.12,1791577,77.29
2018-08-08,55.82,56.29,55.64,56.12,1695405,77.29
2018-08-09,56.68,57.4,56.48,57.13,2592103,78.68
2018-08-10,56.78,57.54,56.64,57.15,1897673,78.71
2018-08-13,57.33,57.53,55.92,55.96,2421916,77.07
2018-08-14,56.24,57.37,56.13,57.02,3526359,78.53
2018-08-15,56.82,56.82,54.99,55.46,3937604,76.38
2018-08-16,56.73,56.9,55.53,55.84,4083711,76.91
2018-08-17,55.85,57.14,55.68,56.98,1922606,78.48
2018-08-20,57,57.88,56.84,57.64,3031710,79.38
2018-08-21,57.65,59.41,57.49,59.13,4898431,81.43
2018-08-22,59.47,61.26,58.55,58.78,4212222,80.95
2018-08-23,58.81,60.07,58.81,59.98,3842420,82.6
2018-08-24,60.3,60.34,58.76,59.6,4518122,82.08
2018-08-27,60.3,60.41,59.12,59.29,5581413,81.66
2018-08-28,56.27,57.54,54.28,56.32,18684202,77.57
2018-08-29,56.48,56.63,55.63,56.37,5663261,77.63
2018-08-30,56.32,57,56.05,56.64,3389772,78.01
2018-08-31,56.6,57.83,56.36,57.77,5687713,79.56
2018-09-04,57.73,58.8,57.48,58.58,3816683,80.68
2018-09-05,58.41,58.99,57.17,57.41,4101909,79.07
2018-09-06,57.72,58.07,57.34,57.53,3461134,79.23
2018-09-07,57.36,57.78,56.53,56.77,3296465,78.19
2018-09-10,57.08,57.17,55.85,56.13,3731225,77.31
2018-09-11,56.05,56.6,55.68,56.32,2906300,77.57
2018-09-12,56.32,56.87,55.95,56.82,3139743,78.25
2018-09-13,56.82,57.5,56.54,57.04,2859542,78.56
2018-09-14,57.08,57.41,56.37,56.92,3441824,78.39
2018-09-17,57.15,57.62,56.17,56.26,3099033,77.04
2018-09-18,56.07,56.9,55.82,56.74,3772324,77.7
2018-09-19,56.81,57.09,56.32,56.77,2840744,77.74
2018-09-20,56.88,58.2,56.74,58.1,3848483,79.56
2018-09-21,58.28,59.54,58.27,58.89,6465928,80.64
2018-09-24,59.13,59.64,57.9,58,4049088,79.42
2018-09-25,57.88,58.42,56.41,56.86,3014050,77.86
2018-09-26,57.26,58.73,57.11,58.15,2795096,79.63
2018-09-27,58.08,58.28,57.01,57.15,2927302,78.26
2018-09-28,56.93,58.53,56.93,57.96,3653827,79.36
2018-10-01,58.11,58.29,57.17,57.7,2275251,79.01
2018-10-02,57.69,57.74,54.83,54.92,4447895,75.2
2018-10-03,55.06,55.31,54.31,54.78,3493042,75.01
2018-10-04,54.77,54.93,53.31,53.42,4058110,73.15
2018-10-05,53,54.48,52.34,52.98,3206592,72.55
2018-10-08,52.72,53.06,51.24,52.13,4010872,71.38
2018-10-09,51.78,53.27,51.68,52.1,4273803,71.34
2018-10-10,52.43,52.79,51.57,51.69,3788158,70.78
2018-10-11,51.67,52.96,51.26,51.67,3863247,70.75
2018-10-12,52.54,53.28,52.04,52.91,4022403,72.45
2018-10-15,53.11,53.87,52.98,53.3,3416986,72.99
2018-10-16,53.48,54.76,53.17,54.63,2496265,74.81
2018-10-17,54.47,54.82,52.98,53.92,3026226,73.83
2018-10-18,53.65,53.93,52.48,53.06,2803563,72.65
2018-10-19,53.22,53.26,51.46,51.7,3271500,70.79
2018-10-22,51.8,52.96,51.56,52.72,2354531,72.19
2018-10-23,51.78,52.57,50.81,52.34,3138480,71.67
2018-10-24,52.33,53.22,50.22,50.35,4476349,68.95
2018-10-25,50.58,51.45,50.3,50.51,2878250,69.17
2018-10-26,49.98,50.63,48.26,49.99,4197428,68.45
2018-10-29,50.37,51.14,48.93,49.65,3438154,67.98
2018-10-30,49.7,51.77,49.43,51.49,3392847,70.51
2018-10-31,52.04,52.37,51.22,51.24,2780008,70.16
2018-11-01,51.17,53.41,50.54,53.37,3214462,73.08
2018-11-02,53.96,54.85,51.46,52.5,4427266,71.89
2018-11-05,52.46,52.62,50.77,51.92,3349737,71.1
2018-11-06,51.88,52.52,51.19,52.35,2547211,71.68
2018-11-07,52.54,53.21,51.53,53.17,2542484,72.81
2018-11-08,52.91,53.74,52.59,53.48,3389215,73.23
2018-11-09,53.42,53.52,49.45,49.51,6776999,67.79
2018-11-12,49.37,49.94,48.6,49.04,4432455,67.15
2018-11-13,47.43,49.44,47.36,48.97,5798466,67.05
2018-11-14,49.39,50.46,48.26,48.6,4606396,66.55
2018-11-15,48.15,49.86,47.33,49.5,5989671,67.78
2018-11-16,49.25,49.34,47.85,48.51,5537966,66.43
2018-11-19,48.27,49.14,45.41,45.42,7853184,62.2
2018-11-20,44.55,47.86,43.87,46.4,12267836,63.53
2018-11-21,47.05,47.47,44.43,45.34,9437411,62.09
2018-11-23,45.27,45.99,45.19,45.68,3958587,62.55
2018-11-26,46.46,47.36,46.34,46.99,6152477,64.34
2018-11-27,46.74,47.45,46.24,47.24,4376222,64.68
2018-11-28,47.45,48.06,46.77,47.9,4368272,65.59
2018-11-29,47.48,47.53,46.67,46.79,4803969,64.07
2018-11-30,46.44,47.47,46.26,47.17,4959292,64.59
2018-12-03,48.26,49.34,48.03,48.92,6998575,66.99
2018-12-04,48.73,48.97,45.3,45.47,7604099,62.26
2018-12-06,44.74,45.54,44.07,45.48,5905595,62.28
2018-12-07,45.28,46.48,44.08,44.24,3838768,60.58
2018-12-10,44.42,44.42,42.73,43.16,4192767,58.66
2018-12-11,43.73,44.14,42.36,42.74,3734582,58.09
2018-12-12,43.22,44.04,42.98,43.39,4940831,58.98
2018-12-13,43.21,43.28,40.88,41.15,6018672,55.93
2018-12-14,40.65,42.23,40.51,40.74,5570325,55.37
2018-12-17,38.52,40,37.94,38.43,10756810,52.23
2018-12-18,38.85,39.36,37.94,38.24,7233730,51.97
2018-12-19,38.99,39.39,37.33,37.49,5251296,50.96
2018-12-20,37.38,38.24,36.53,37.09,6693405,50.41
2018-12-21,37.35,37.97,35.77,35.95,7695812,48.86
2018-12-24,35.71,37.53,35.11,35.49,1891543,48.24
2018-12-26,35.76,37.98,35.65,37.94,4838725,51.57
2018-12-27,37.32,38.24,36.79,38.23,3955712,51.96
2018-12-28,38.41,38.61,37.38,37.77,3018366,51.34
2018-12-31,38.11,38.97,38.05,38.97,3762257,52.96
2019-01-02,38.4,39.76,38.26,39.44,3611567,53.6
2019-01-03,38.77,39.72,37.48,38.63,6513976,52.5
2019-01-04,39.08,39.5,38.66,38.81,5435638,52.75
2019-01-07,38.95,41.36,38.95,41.03,4671824,55.76
2019-01-08,41.47,42.32,40.58,42.23,4506211,57.4
2019-01-09,42.07,42.88,41.3,42.55,5747675,57.83
2019-01-10,41.49,41.89,40.55,41.84,4007132,56.87
2019-01-11,41.51,42.34,41.2,41.58,3813432,56.51
2019-01-14,41.2,42.66,41.08,42.14,2837943,57.28
2019-01-15,42.12,42.25,41.27,41.7,4722013,56.67
2019-01-16,41.66,41.84,41.18,41.45,2842602,56.33
2019-01-17,41.48,42.75,41.22,42.54,3701127,57.82
2019-01-18,42.86,43.76,42.84,43.2,3123486,58.71
2019-01-22,42.88,43.17,42.09,42.5,2782421,57.77
2019-01-23,42.66,42.73,41.49,42.17,2883535,57.31
2019-01-24,42.28,42.45,41.73,42.38,2044822,57.6
2019-01-25,42.78,43.74,42.78,43.66,3044104,59.34
2019-01-28,43.22,43.81,42.73,43.78,3204278,59.5
2019-01-29,43.73,43.74,42.92,43.25,2638780,58.78
2019-01-30,43.31,43.61,42.94,43.39,2666355,58.98
2019-01-31,43.39,43.76,43.28,43.59,4253100,59.24
2019-02-01,43.59,43.59,42.51,43.02,3455806,58.47
2019-02-04,43.12,43.7,42.84,43.56,2073042,59.21
2019-02-05,43.65,43.85,43.34,43.79,3342266,59.52
2019-02-06,43.85,44.06,43.27,43.75,2149665,59.46
2019-02-07,43.53,43.67,42.73,43.31,2004584,58.86
2019-02-08,42.83,43.42,42.78,43.37,1838376,58.95
2019-02-11,43.42,43.48,42.84,43.01,2438949,58.45
2019-02-12,43.23,44.53,43.23,44.04,3164611,59.86
2019-02-13,44.23,44.42,43.58,43.77,3326507,59.49
2019-02-14,43.45,44.22,43.16,43.83,3139094,59.57
2019-02-15,44.22,44.46,43.87,44.28,2144003,60.18
2019-02-19,44.29,44.53,43.78,44.4,3190490,60.34
2019-02-20,44.51,44.71,44.25,44.38,3140394,60.32
2019-02-21,44.48,44.72,43.73,43.98,2627567,59.77
2019-02-22,44.04,44.59,43.67,44.47,2467241,60.44
2019-02-25,44.99,45.18,44.43,44.55,4597258,60.55
2019-02-26,44.51,44.65,43.84,44.37,4569194,60.31
2019-02-27,50.23,52.04,50.02,50.63,18331650,68.82
2019-02-28,51.13,51.6,50.13,50.65,7333742,68.84
2019-03-01,51.24,51.39,49.75,49.89,5772435,67.81
2019-03-04,50.03,50.47,49.03,49.34,4635791,67.06
2019-03-05,49.7,49.89,48.88,49.16,3590194,66.81
2019-03-06,49.51,50.02,49.01,49.51,4014899,67.29
2019-03-07,49.17,49.9,49,49.77,3985544,67.64
2019-03-08,49.21,49.61,48.82,49.57,3364358,67.37
2019-03-11,49.74,50.91,49.74,50.56,4307588,68.72
2019-03-12,50.76,50.9,50,50.64,2874714,68.83
2019-03-13,50.77,50.88,50.29,50.29,4036489,68.35
2019-03-14,50.21,51.01,50.03,50.66,4913866,68.85
2019-03-15,50.69,51.26,50.26,51.23,9234301,69.63
2019-03-18,51.25,51.71,51.05,51.68,3767174,70.24
2019-03-19,52.06,52.33,51.66,51.79,4192940,69.89
2019-03-20,51.61,51.81,50.52,51.21,3668730,69.11
2019-03-21,51.18,52.41,51,52.29,2883378,70.56
2019-03-22,53.45,54.35,51.95,51.95,4231495,70.11
2019-03-25,51.74,52.85,51.7,52.53,2467774,70.89
2019-03-26,52.94,53.25,52.06,52.24,3125960,70.5
2019-03-27,52.15,52.75,51.89,52.24,4444956,70.5
2019-03-28,52.5,53.12,52.16,52.69,4414879,71.1
2019-03-29,52.82,53.01,52.47,52.66,3158085,71.06
2019-04-01,52.88,53.54,52.68,53.42,2940520,72.09
2019-04-02,53.38,53.38,52.7,52.95,2173166,71.45
2019-04-03,53.24,53.93,53.17,53.75,2552992,72.54
2019-04-04,53.71,55.27,53.57,55.26,2649342,74.57
2019-04-05,55.54,55.68,55.08,55.41,3491954,74.77
2019-04-08,55.3,55.79,55.12,55.44,2419918,74.82
2019-04-09,55.21,55.73,55.13,55.39,1975689,74.75
2019-04-10,55.41,55.97,54.99,55.2,2504870,74.49
2019-04-11,55.23,55.24,54.54,54.82,2002817,73.98
2019-04-12,55.02,55.07,54.42,54.52,1856053,73.57
2019-04-15,54.05,54.48,53.87,54.27,2552473,73.24
2019-04-16,54.38,54.65,54.09,54.21,2285370,73.16
2019-04-17,54.56,55.14,54.22,54.39,1840352,73.4
2019-04-18,54.37,54.9,54.08,54.57,2502387,73.64
2019-04-22,54.25,54.56,53.77,53.8,2611656,72.6
2019-04-23,54.03,54.76,53.51,54.55,2344597,73.62
2019-04-24,55.94,56.25,55.18,55.35,2300554,74.69
2019-04-25,55.19,55.19,54.15,54.68,2435050,73.79
2019-04-26,53.66,54.34,52.91,53.95,3225462,72.8
2019-04-29,54.01,54.85,53.95,54.38,2459112,73.39
2019-04-30,54.2,55.24,54.2,55.14,2929280,74.41
2019-05-01,55.14,55.56,54.66,54.71,1916795,73.83
2019-05-02,54.84,55.71,54.73,55.71,2432432,75.18
2019-05-03,55.76,55.97,55.27,55.6,2234483,75.03
2019-05-06,54.65,55.63,54.01,55.55,3075340,74.96
2019-05-07,55.04,55.7,53.91,54.31,3699181,73.29
2019-05-08,54.19,55.35,53.7,54.45,3053819,73.48
2019-05-09,53.95,54.06,52.43,53.57,3596679,72.29
2019-05-10,53.41,53.5,50.79,52.85,4199273,71.32
2019-05-13,52.09,52.12,48.91,49.72,5770448,67.1
2019-05-14,49.83,50.78,49.3,50.11,4079298,67.62
2019-05-15,49.76,50.5,49.66,50.29,2608315,67.86
2019-05-16,50.72,51.6,50.43,50.94,3994958,68.74
2019-05-17,50.4,51.74,50.39,51.08,2632661,68.93
2019-05-20,50.76,51.35,50.61,51.01,2932466,68.84
2019-05-21,51.08,52.05,50.76,51.84,2865577,69.95
2019-05-22,51.65,52.43,51.26,51.26,4706480,69.17
2019-05-23,51.18,51.87,47.73,48.77,8309877,65.82
2019-05-24,48.36,49.06,46.94,48.86,6349992,65.94
2019-05-28,48.67,49.43,48.44,48.46,4088644,65.4
2019-05-29,47.92,48.64,46.98,47.83,3939748,64.54
2019-05-30,48.34,48.53,47.73,48.17,3761970,65.01
2019-05-31,47.29,47.43,46.22,46.44,3934384,62.67
2019-06-03,46.21,47.25,46.11,46.85,4159390,63.22
2019-06-04,47.43,48.02,47.3,47.38,3014551,63.94
2019-06-05,47.53,48.06,46.63,46.85,2700585,63.22
2019-06-06,46.71,46.99,45.63,46.17,2914847,62.3
2019-06-07,46.41,47.52,46.34,47.22,2823440,63.72
2019-06-10,47.86,48.94,47.38,48.31,3634092,65.19
2019-06-11,48.53,48.94,48.03,48.55,2386517,65.52
2019-06-12,48.59,48.82,48.06,48.13,1914937,64.45
2019-06-13,48.4,49.18,48.4,49.16,1834998,65.84
2019-06-14,49.27,49.5,48.5,49.31,2586378,66.03
2019-06-17,49.23,49.96,49.01,49.75,2127628,66.63
2019-06-18,49.99,52.05,49.82,51.26,3711973,68.65
2019-06-19,51.29,51.52,50.26,50.49,2960647,67.62
2019-06-20,50.97,51.16,50.28,51.07,1936007,68.39
2019-06-21,51.03,51.15,50.19,50.43,3453038,67.54
2019-06-24,50.41,50.56,49.9,50.38,1606659,67.47
2019-06-25,50.43,50.78,49.47,49.58,2297493,66.39
2019-06-26,50.14,51.3,49.83,50.88,2719091,68.14
2019-06-27,51.08,51.22,50.79,51.13,1816216,68.47
2019-06-28,50.9,52.14,50.9,52.07,3822178,69.73
2019-07-01,53.2,55,52.95,54.09,4279271,72.43
2019-07-02,54.09,54.15,53,53.5,2299949,71.64
2019-07-03,53.68,53.97,53.6,53.74,1446501,71.97
2019-07-05,53.56,53.87,53.22,53.68,1546015,71.89
2019-07-08,53.86,54.62,53.4,53.76,2962325,72
2019-07-09,53.52,54,53.39,53.66,3878938,71.86
2019-07-10,53.76,53.93,53.25,53.71,3031066,71.93
2019-07-11,53.73,55.08,53.55,55.07,2935742,73.75
2019-07-12,55.22,56.17,55.22,55.83,2440622,74.77
2019-07-15,55.82,56.48,55.58,56.38,2456531,75.5
2019-07-16,56.22,56.36,55.4,55.84,2532742,74.78
2019-07-17,55.8,56.01,55.3,55.43,1855906,74.23
2019-07-18,55.21,55.57,54.82,55.14,1966967,73.84
2019-07-19,55.24,56.06,55.24,55.79,1975174,74.71
2019-07-22,56,56.7,55.8,56.53,3173261,75.7
2019-07-23,56.63,57.35,56.39,57.13,2096207,76.51
2019-07-24,57.11,58.34,57.06,58.14,1988967,77.86
2019-07-25,57.35,58.64,57.35,57.55,1989925,77.07
2019-07-26,58,58.3,56.91,58.06,1837489,77.75
2019-07-29,58.04,58.15,57.54,57.95,1320111,77.6
2019-07-30,57.75,58.14,57.3,57.5,2191290,77
2019-07-31,57.37,57.96,56.42,57.15,2084140,76.53
2019-08-01,57.28,57.67,50.68,50.98,7937838,68.27
2019-08-02,50.97,51.5,50.05,51.17,4137308,68.53
2019-08-05,49.88,49.88,48.43,49.39,4064817,66.14
2019-08-06,49.69,50.68,49.19,50.55,2799592,67.7
2019-08-07,50.05,50.76,49.11,50.56,3196218,67.71
2019-08-08,51.14,51.64,50.82,51.46,1975240,68.91
2019-08-09,51.41,51.62,50.09,50.3,1807979,67.36
2019-08-12,49.78,50.11,49.58,49.91,1158757,66.84
2019-08-13,49.84,55.62,49.17,53.23,5899004,71.29
2019-08-14,51.15,51.26,49.58,50.01,3527754,66.97
2019-08-15,50.52,50.52,47.01,47.74,3986050,63.93
2019-08-16,48.22,49.21,48.18,48.9,2044280,65.48
2019-08-19,49.7,50.19,49.22,49.48,1560914,66.26
2019-08-20,49.28,50.22,49.08,49.31,1417051,66.04
2019-08-21,50.56,51.23,50.37,50.67,1959941,67.86
2019-08-22,50.78,51.9,50.43,51.38,2574561,68.8
2019-08-23,50.79,50.93,48.72,49.44,5022294,66.21
2019-08-26,50.17,50.59,49.23,50.52,2905260,67.65
2019-08-27,51.26,51.62,50.51,50.64,3726184,67.82
2019-08-28,50.49,51.88,50.43,51.52,3648903,69
2019-08-29,48.75,49.2,46.33,47.41,14131931,63.49
2019-08-30,46.96,48.08,46.95,47.53,4972082,63.65
2019-09-03,47.07,48.42,46.66,47.2,4247111,63.21
2019-09-04,47.57,48.14,47.42,47.74,2987021,63.93
2019-09-05,48.57,49.43,48.27,49.11,3016889,65.76
2019-09-06,49.32,50.03,49.31,49.55,3260488,66.35
2019-09-09,50.08,51.75,50.04,51.69,2954216,69.22
2019-09-10,51.52,52.2,50.97,51.54,3458825,69.02
2019-09-11,51.34,51.89,50.37,50.66,2683516,67.84
2019-09-12,50.69,51.73,49.89,50.67,2988424,67.86
2019-09-13,51.04,51.41,50.17,50.43,2818072,67.54
2019-09-16,50.24,51.54,49.97,51.46,2522816,68.91
2019-09-17,51.29,51.43,50.46,51.09,2821084,68.42
2019-09-18,51.05,51.59,50,50.51,1893699,67.15
2019-09-19,50.85,51.15,50.72,50.84,1551582,67.59
2019-09-20,51.15,51.43,50.03,50.23,2724676,66.77
2019-09-23,50.1,51.01,49.91,50.71,1756161,67.41
2019-09-24,50.9,51.61,50.25,50.93,2373474,67.71
2019-09-25,51.29,51.32,50.15,50.72,2349177,67.43
2019-09-26,50.75,50.91,49.84,50.37,1970313,66.96
2019-09-27,50.56,51.55,50.56,51.35,1956880,68.27
2019-09-30,51.51,52.14,51.41,51.9,2210946,68.99
2019-10-01,52.05,52.6,51,51.16,2457154,68.01
2019-10-02,50.59,50.75,48.42,48.91,2626927,65.02
2019-10-03,48.67,49.41,47.78,49.39,2246239,65.66
2019-10-04,49.73,50.35,49.51,50.32,1888665,66.89
2019-10-07,50.14,50.84,50.08,50.26,2053394,66.82
2019-10-08,49.67,49.9,48.81,49.11,1825166,65.28
2019-10-09,49.56,49.86,49.26,49.42,1876508,65.7
2019-10-10,49.53,50.52,49.53,50.2,2119931,66.73
2019-10-11,51.03,52.79,51.03,52.3,2845706,69.53
2019-10-14,51.87,51.87,51.19,51.69,1461581,68.72
2019-10-15,51.74,51.94,51.11,51.11,2193206,67.94
2019-10-16,50.93,51.93,50.78,51.46,2460932,68.41
2019-10-17,51.83,52.72,51.66,52.57,1921208,69.88
2019-10-18,52.21,53.38,52.08,53.05,2494305,70.52
2019-10-21,53.51,54.22,53.45,53.76,1697070,71.47
2019-10-22,53.93,54.73,53.63,54.46,1664408,72.4
2019-10-23,54.46,54.72,54.05,54.21,1964721,72.07
2019-10-24,54.62,54.88,53.26,54.25,1688506,72.12
2019-10-25,54.05,55.62,53.77,55.03,1599401,73.15
2019-10-28,55.88,56.79,55.69,55.94,2314278,74.37
2019-10-29,55.76,56.24,55.52,55.59,2287804,73.9
2019-10-30,55.54,55.6,53.56,54.69,1956238,72.7
2019-10-31,54.4,54.69,53.5,54.03,2204574,71.83
2019-11-01,54.46,55.28,54.25,54.85,2490252,72.92
2019-11-04,55.39,56.38,55.36,56.27,1670506,74.81
2019-11-05,56.42,57.17,56.07,56.3,3020490,74.84
2019-11-06,56.39,56.63,55.37,56.45,2707358,75.05
2019-11-07,57.15,57.84,57.02,57.18,1900675,76.01
2019-11-08,56.93,57.82,56.73,57.81,2208797,76.85
2019-11-11,57.55,57.88,56.91,57.36,2680166,76.25
2019-11-12,57.31,57.31,56.4,56.56,2312657,75.19
2019-11-13,56.21,56.73,55.81,56.43,1755986,75.02
2019-11-14,56.36,57.16,56.32,56.87,1905727,75.6
2019-11-15,57.12,58,57.1,57.99,2406859,77.09
2019-11-18,57.67,58.44,57.39,58.14,2694248,77.29
2019-11-19,57.49,57.62,56.27,56.69,2618749,75.36
2019-11-20,56.36,56.67,55.51,55.78,2414159,74.15
2019-11-21,55.91,56.04,54.18,54.32,3567958,72.21
2019-11-22,54.38,54.76,54.08,54.64,2602285,72.64
2019-11-25,55.1,56.03,54.27,55.85,4494952,74.25
2019-11-26,58.07,62.91,57.95,61.36,14464352,81.57
2019-11-27,61.9,62.04,60.26,60.73,6289989,80.74
2019-11-29,60.38,61.26,59.81,60.66,3179260,80.64
2019-12-02,60.93,60.93,58.94,59.58,4550027,79.2
2019-12-03,58.3,58.81,57.96,58.76,4531900,78.11
2019-12-04,59.16,59.88,58.9,59.56,3369553,79.18
2019-12-05,59.36,60.46,59.34,60.42,3242538,80.32
2019-12-06,61.1,62.05,61.1,61.72,3957209,82.05
2019-12-09,61.43,62.92,61.28,62.11,3093024,82.57
2019-12-10,62.02,62.71,61.9,62.34,2357371,82.88
2019-12-11,62.12,63.23,61.7,63.06,2597184,83.83
2019-12-12,63.12,64.35,62.81,64.2,3161494,85.35
2019-12-13,64.32,64.4,63.16,63.78,2780581,84.79
2019-12-16,64.38,65.73,64.33,64.92,4202701,85.79
2019-12-17,64.89,65.44,63.98,65.35,2247600,86.36
2019-12-18,65.59,66.41,65.46,65.84,3737436,87.01
2019-12-19,66.3,67.22,65.87,67.07,3659350,88.64
2019-12-20,67.5,67.72,66.25,66.38,4759698,87.73
2019-12-23,66.72,66.83,66.02,66.32,1968869,87.64
2019-12-24,66.6,66.97,66.16,66.54,794643,87.93
2019-12-26,66.58,66.74,66.07,66.48,1482698,87.85
2019-12-27,66.59,66.69,65.79,65.84,1473187,87.01
2019-12-30,65.94,66.56,65.46,66.26,1754724,87.57
2019-12-31,66.02,66.72,65.79,66.44,2044429,87.8
2020-01-02,66.88,66.92,65.8,66.07,2696426,87.31
2020-01-03,65.08,66.32,65.01,65.97,1953583,87.18
2020-01-06,65.43,66.53,65.26,66.52,2504073,87.91
2020-01-07,66.43,67.5,66.18,66.9,2193239,88.41
2020-01-08,66.75,67.63,66.48,67.08,2345893,88.65
2020-01-09,67.67,67.72,66.91,67.63,2433529,89.37
2020-01-10,67.78,68.66,67.6,68.59,2721355,90.65
2020-01-13,68.59,69.07,68.37,69.06,2509073,91.26
2020-01-14,68.84,69.49,68.3,68.46,2261879,90.47
2020-01-15,66.29,68,66.05,67.28,4070595,88.92
2020-01-16,67.75,67.96,67,67.31,2365810,88.95
2020-01-17,67.44,68.35,66.85,68.06,3648710,89.94
2020-01-21,67.69,69.39,67.66,68.28,3986719,90.24
2020-01-22,68.81,68.99,67.32,67.55,2308612,89.27
2020-01-23,67.24,68.34,66.86,67.97,1854563,89.82
2020-01-24,68.31,68.31,67.17,67.68,1361155,89.44
2020-01-27,66.43,67.22,66.1,66.44,1905165,87.8
2020-01-28,66.89,67.57,66.45,67.26,1667242,88.89
2020-01-29,67.63,68.18,66.66,66.68,3134314,88.12
2020-01-30,65.87,66.28,65,65.91,2217936,87.1
2020-01-31,65.6,65.8,63.96,64.08,3293433,84.69
2020-02-03,64.61,65.36,64.25,64.52,2422631,85.26
2020-02-04,65.48,66.01,65.41,65.6,2129315,86.69
2020-02-05,66.35,68.01,66.1,67.72,2548291,89.5
2020-02-06,68.12,68.54,67,67.07,2235735,88.64
2020-02-07,66.71,67.17,65.44,65.85,2174021,87.02
2020-02-10,65.75,67.14,65.73,67.12,2524558,88.7
2020-02-11,67.63,68.16,67.13,68.02,1999602,89.89
2020-02-12,68.31,69.01,68.11,68.81,1770312,90.93
2020-02-13,68.48,69.09,68.25,68.4,2033804,90.4
2020-02-14,68.86,68.97,68,68.26,1359504,90.21
2020-02-18,67.73,68.68,67.5,68.22,1759953,90.16
2020-02-19,68.5,69.03,68.25,68.81,1556567,90.94
2020-02-20,68.92,69.61,68.53,69.56,2454064,91.93
2020-02-21,69.12,69.33,67.81,68.3,2107917,90.26
2020-02-24,65.2,66.59,64.36,64.7,3132588,85.5
2020-02-25,65.57,65.65,61.8,61.97,3174213,81.89
2020-02-26,62.68,64.19,62.16,62.18,3734338,82.18
2020-02-27,60.16,62.4,59.02,59.26,6055883,78.31
2020-02-28,57.55,59.01,55.5,57.24,5307579,75.65
2020-03-02,57.7,60.25,56.23,60.24,4378218,79.61
2020-03-03,59.93,61.62,57.37,57.92,3083290,76.55
2020-03-04,59.4,60.9,58.33,60.85,3398824,80.41
2020-03-05,58.89,60.06,58.27,58.92,3061003,77.87
2020-03-06,57.02,58.03,54.53,55.86,3287755,73.82
2020-03-09,51.26,52.76,49.99,51.52,4346833,68.09
2020-03-10,52.51,53.43,50.26,53.06,3018514,70.12
2020-03-11,51.33,51.49,48.31,49.46,4148137,65.37
2020-03-12,45.39,45.58,41.77,41.92,4396735,55.4
2020-03-13,44.64,46.52,41.16,46.2,4693566,61.06
2020-03-16,40.86,43.43,37.09,43.36,5658532,57.3
2020-03-17,44.13,46.33,41.86,45.64,7451661,60.32
2020-03-18,42.15,44.25,38.11,41.24,5321228,54
2020-03-19,40.1,45.22,36.74,41.81,4471464,54.75
2020-03-20,42.47,44.29,39.4,39.44,4356511,51.65
2020-03-23,38.55,40.47,37.43,38.71,5106550,50.69
2020-03-24,41.36,46.48,40.68,45.21,4234952,59.2
2020-03-25,45.71,49.62,43.17,46.25,4232749,60.56
2020-03-26,47.16,49.15,46.21,48.02,2814507,62.88
2020-03-27,46.19,49.47,45.55,47.71,2808219,62.47
2020-03-30,47.18,47.52,44.6,45.63,4940033,59.75
2020-03-31,45.61,46.38,43.07,43.53,5664838,57
2020-04-01,41.77,42.95,40.49,41.16,3924038,53.9
2020-04-02,40.57,42.05,39.49,40.29,3705883,52.76
2020-04-03,39.98,41.37,39.56,40.84,2762859,53.48
2020-04-06,43.49,46.35,42.69,45.93,2872755,60.15
2020-04-07,49.26,49.87,47.05,47.16,2792382,61.75
2020-04-08,48.19,49.9,47.76,49.22,3636078,64.45
2020-04-09,50.36,52,49.45,50.39,2891120,65.99
2020-04-13,50.1,52.49,49.42,52.19,3399347,68.34
2020-04-14,53.43,53.46,51.95,53.34,2874151,69.85
2020-04-15,50.94,51.87,49.1,49.45,3009987,64.76
2020-04-16,49.32,50.19,48.56,49.62,1974017,64.98
2020-04-17,51.43,54.21,51.36,53.76,3850099,70.4
2020-04-20,52.97,54.69,52.43,53.3,2496358,69.79
2020-04-21,51.97,52.74,51.2,51.78,2055018,67.8
2020-04-22,53,53.38,51.87,52.68,1382202,68.98
2020-04-23,52.49,53.9,52,53.15,1763931,69.6
2020-04-24,53.75,55.21,53.25,54.89,1682052,71.88
2020-04-27,55.16,57.41,55.14,56.95,2647573,74.57
2020-04-28,58.8,60.47,58.57,59.25,3322728,77.59
2020-04-29,60.5,61.77,60.16,61.13,3238830,80.05
2020-04-30,60.28,60.32,57.88,58.6,4861175,76.73
2020-05-01,57.15,57.75,54.86,55.18,2702494,72.26
2020-05-04,54.3,56.95,54,56.79,2791031,74.36
2020-05-05,58.18,58.83,57,57.08,2320523,74.75
2020-05-06,57.46,58.2,56.31,56.5,2022391,73.99
2020-05-07,57.53,58.87,57.43,58.23,1861958,76.25
2020-05-08,58.61,60.23,58.6,60.05,1552955,78.63
2020-05-11,59.4,60.57,58.84,59.58,1955030,78.02
2020-05-12,60.25,60.78,58.78,58.84,1664567,77.05
2020-05-13,58.32,59.1,56.65,57.3,1939388,75.03
2020-05-14,56.72,59.35,56.2,58.95,2730191,77.19
2020-05-15,58.14,60.95,57.92,60.03,6554195,78.61
2020-05-18,62.92,66.96,62.86,66.56,5442366,87.16
2020-05-19,65.89,66.11,63.65,63.75,3421047,83.48
2020-05-20,65.47,65.54,61.66,62.27,4336053,81.54
2020-05-21,60.62,62.55,58.71,59.55,6495700,77.98
2020-05-22,60.32,60.32,57.9,58.74,4859531,76.92
2020-05-26,60.91,61.98,60.56,60.69,3206076,79.47
2020-05-27,62.12,62.12,59.82,60.39,3087182,79.08
2020-05-28,61.24,61.24,58.18,58.37,3385960,76.43
2020-05-29,58.27,60.11,57.68,59.63,5082653,78.09
2020-06-01,58.81,59.56,58.09,59.18,2421441,77.5
2020-06-02,59.16,61.51,59.09,61.5,2989319,80.53
2020-06-03,62.13,62.96,61.87,62.79,2459204,82.22
2020-06-04,62.36,62.86,60.46,61.03,2848653,79.92
2020-06-05,63.25,63.84,62.54,63.02,3303770,82.53
2020-06-08,63.99,64.8,63.38,63.9,2129863,83.68
2020-06-09,62.83,63.02,61.79,62.33,2214955,81.62
2020-06-10,63.18,63.29,61.55,62.81,3031612,81.7
2020-06-11,61.08,61.08,58.87,59.39,2810393,77.25
2020-06-12,61.05,61.26,58.18,59.78,2694629,77.76
2020-06-15,58.07,62.26,57.84,61.51,2682549,80.01
2020-06-16,63.47,64.68,61.83,64.17,4002716,83.47
2020-06-17,64.17,64.84,63.17,64,2441280,83.24
2020-06-18,63.41,64.47,62.62,63.28,2490857,82.3
2020-06-19,64.46,64.47,61.91,62.43,6678455,81.2
2020-06-22,62.11,65.34,61.79,65.18,3545331,84.78
2020-06-23,66.03,66.58,65.03,66,2903135,85.84
2020-06-24,65.35,66.58,64.11,64.44,4298485,83.82
2020-06-25,64.08,65.24,63.69,65.13,2382343,84.71
2020-06-26,65.43,66.91,65.1,65.2,6014600,84.8
2020-06-29,65.8,66.72,65.18,66.37,3254565,86.33
2020-06-30,66.12,67.83,65.84,67.1,3504739,87.27
2020-07-01,67.21,67.75,66.38,67.16,2530277,87.35
2020-07-02,68.39,68.63,67.07,67.23,2697538,87.45
2020-07-06,68.43,68.99,66.94,67.43,2369108,87.7
2020-07-07,66.87,67.3,65.65,65.8,2473296,85.59
2020-07-08,65.79,67.06,65.72,67.03,2250474,87.18
2020-07-09,67,67,64.64,65.31,2151122,84.95
2020-07-10,65.34,65.9,64.95,65.27,1861051,84.9
2020-07-13,65.9,67.91,65.66,65.81,1993374,85.6
2020-07-14,65.81,66.95,64.9,66.8,2009928,86.89
2020-07-15,68.36,68.41,66.91,67.98,2174304,88.42
2020-07-16,67.85,68.97,67.54,67.93,1595434,88.35
2020-07-17,68.3,68.3,67.22,67.63,1523178,87.96
2020-07-20,67.42,68.41,66.49,67.95,2280165,88.38
2020-07-21,68.3,70.06,68.12,69.41,2341085,90.28
2020-07-22,73.4,76.44,73.29,74.85,8443466,97.36
2020-07-23,74.67,75.75,73.79,73.87,3084796,96.08
2020-07-24,73.67,75.15,73.46,74.57,2396245,96.99
2020-07-27,74.48,75.58,74.07,75.28,2587964,97.92
2020-07-28,75.22,75.96,74.62,74.72,1581810,97.19
2020-07-29,75.05,76.02,74.78,75.42,1583477,98.1
2020-07-30,74.68,77.41,74.42,76.91,2380016,100.03
2020-07-31,77.08,77.24,75.57,76.57,2327180,99.59
2020-08-03,76.94,78.41,76.69,77.57,1769764,100.89
2020-08-04,77.34,78.1,76.77,77.28,1365844,100.51
2020-08-05,77.98,78.45,76.83,78.35,2088798,101.91
2020-08-06,78.34,79.03,77.36,79,2812024,102.75
2020-08-07,79.1,79.74,78.35,79.11,1905226,102.9
2020-08-10,79.77,81.06,79.11,80.13,2151958,104.22
2020-08-11,80.73,81.18,79.74,80.05,1632986,104.12
2020-08-12,80.39,81.14,80.04,80.71,1367792,104.98
2020-08-13,81.29,83.37,81.11,82.96,2400199,107.9
2020-08-14,83.3,84.82,83.03,84.18,2753383,109.49
2020-08-17,85.3,85.64,84.48,85.18,2454339,110.79
2020-08-18,86.02,86.22,84.82,84.97,2416753,110.52
2020-08-19,85.08,87.39,85.08,86.08,3166629,111.96
2020-08-20,85.66,86.16,84.91,85.88,2340175,111.7
2020-08-21,86.11,87.99,86.07,87.65,4012530,114
2020-08-24,90.72,91.86,88.26,90.24,5621450,117.37
2020-08-25,87.07,87.54,83.5,86.6,10665576,112.64
2020-08-26,87.19,87.79,85.79,86.35,4470593,112.31
2020-08-27,86.53,86.53,84.75,85.51,2965743,111.22
2020-08-28,85.86,85.88,84.66,85.52,2502411,111.23
2020-08-31,85.72,86.24,84.46,85.27,2948784,110.91
2020-09-01,85.33,87.98,85.13,87.26,2617955,113.5
2020-09-02,87.6,87.8,85.86,87.66,2771939,114.02
2020-09-03,87.61,87.65,82.92,83.57,2634846,108.7
2020-09-04,84.18,84.91,80.2,81.73,2834776,106.31
2020-09-08,80.19,82.12,79.06,80.93,3234867,105.26
2020-09-09,81.71,84.01,80.87,83.69,2445044,108.85
2020-09-10,83.89,84.57,82.34,82.56,2344330,107.38
2020-09-11,83.47,83.86,81.63,82.35,1514402,107.11
2020-09-14,83.73,84.34,82.45,83.23,2927582,107.7
2020-09-15,83.88,84.54,83.01,83.43,1758501,107.96
2020-09-16,84.23,84.34,82.54,82.75,2042616,107.08
2020-09-17,81.92,82.71,80.8,81.63,1912872,105.63
2020-09-18,81.47,82.98,80.87,81.59,2927796,105.58
2020-09-21,80.37,81.89,79.98,81.89,2423868,105.97
2020-09-22,82.23,83.66,81.84,83.18,1933483,107.63
2020-09-23,83.52,84.84,82.22,82.3,2142507,106.49
2020-09-24,81.96,82.58,80.46,80.97,2703685,104.77
2020-09-25,81.22,82.41,80.56,81.89,2040762,105.97
2020-09-28,82.88,83.9,82.42,83.8,1669408,108.44
2020-09-29,84.96,85.95,84.11,85.07,2521838,110.08
2020-09-30,84.62,86.87,84.62,86.01,2600835,111.29
2020-10-01,87.09,88.66,86.45,88.17,4160787,114.09
2020-10-02,85.81,87.68,85.79,86.88,2064909,112.42
2020-10-05,86.99,90.22,86.99,89.7,2137006,116.07
2020-10-06,89.63,89.98,86.75,86.9,2531860,112.45
2020-10-07,88.1,89.21,87.91,88.48,1706829,114.49
2020-10-08,88.97,89.37,88.03,88.81,1652297,114.92
2020-10-09,89.16,91.38,88.96,90.1,2949713,116.59
2020-10-12,91.09,91.73,90.31,91.45,1441275,118.33
2020-10-13,91.28,92.08,90.58,91.35,1398383,118.21
2020-10-14,91.91,92.66,90.72,91.53,1864761,118.44
2020-10-15,90.75,93.31,90.34,93.17,1818398,120.56
2020-10-16,93.42,93.59,92.2,92.23,2116464,119.35
2020-10-19,92.83,95.22,92.51,93.38,2400938,120.83
2020-10-20,93.73,95.57,93.34,93.42,1816753,120.89
2020-10-21,93.86,94.11,91.62,91.72,1962388,118.69
2020-10-22,91.95,92.44,89.47,90.77,2104565,117.46
2020-10-23,89.26,91.38,89.03,91.35,2002172,118.21
2020-10-26,90.53,90.56,87.23,88.38,1497013,114.36
2020-10-27,88.88,89.74,87.56,87.77,2287262,113.58
2020-10-28,86.17,88.33,85.27,85.87,2445999,111.11
2020-10-29,86.77,88.06,86.17,86.77,2246474,112.28
2020-10-30,86.21,87.06,84.7,86.21,2197610,111.55
2020-11-02,87.3,89.49,87.14,89.43,3296685,115.72
2020-11-03,90.77,92.53,89.78,91.82,2167325,118.82
2020-11-04,92.5,93.82,91.62,92.63,2306840,119.86
2020-11-05,94.44,96.52,94.09,95.1,2623147,123.06
2020-11-06,95.05,95.63,93.98,95.1,1787090,123.06
2020-11-09,92.98,95.22,85.72,85.78,5116611,111
2020-11-10,86.24,87.88,85.77,87.04,4604234,112.63
2020-11-11,87.97,88.73,86.63,88.53,2214612,114.56
2020-11-12,88.45,89.26,86.82,88.1,2454459,114
2020-11-13,88.59,89.52,87.71,88.33,1981330,114.3
2020-11-16,88.87,91.85,87.81,91.69,3628119,118.65
2020-11-17,91.28,93.41,90.7,91.98,2920362,119.02
2020-11-18,92.04,92.86,90.99,91.01,3233125,117.77
2020-11-19,91.52,93.12,91.01,91.83,1886106,118.83
2020-11-20,92.64,93.31,91.94,92.07,2039612,119.14
2020-11-23,92.9,96.07,92.66,94.31,4628756,122.04
2020-11-24,89.48,90.46,87.48,87.74,12042292,113.54
2020-11-25,88.15,89.99,87.39,88.02,5847256,113.9
2020-11-27,88.87,88.94,86.62,87.04,3362632,112.63
2020-11-30,87.08,87.08,83.9,84.08,7313060,108.8
2020-12-01,84.07,84.61,82.81,84.13,5693286,108.86
2020-12-02,83.49,84.6,82.84,83.05,3597992,107.47
2020-12-03,82.64,83.02,81.69,82.33,4766116,106.54
2020-12-04,82.35,82.4,81.03,81.58,4055908,105.57
2020-12-07,81.27,81.49,78.4,79.39,5744902,102.73
2020-12-08,78.98,79.99,78.84,79.59,3129974,102.99
2020-12-09,79.68,81.26,79.29,80.96,5128011,104.76
2020-12-10,78.63,79.92,76.97,79.62,4645861,103.03
2020-12-11,79.42,79.62,77.44,77.74,4257699,100.6
2020-12-14,78.52,79.1,77.43,78.7,4280206,101.28
2020-12-15,78.95,80.04,78.64,80.03,3554460,102.99
2020-12-16,80.42,80.93,79.72,80.42,3484123,103.5
2020-12-17,81.05,81.17,79.44,79.52,3303717,102.34
2020-12-18,79.3,79.82,78.88,79.22,6307852,101.95
2020-12-21,78.27,80.29,78.1,80.27,3204713,103.3
2020-12-22,80.46,81.81,80.14,80.91,3746692,104.13
2020-12-23,81.11,81.82,79.5,79.52,2432905,102.34
2020-12-24,79.33,80.38,79.13,79.69,1183761,102.55
2020-12-28,80.04,80.46,78.62,79.71,2754400,102.58
2020-12-29,80.07,80.46,78.05,78.3,2343122,100.76
2020-12-30,78.45,79.19,78.45,78.78,1747558,101.38
2020-12-31,78.85,78.85,77.12,77.54,2528620,99.79
2021-01-04,77.41,78.58,76.66,78.09,3908107,100.49
2021-01-05,78.19,79.01,77.8,78.48,2552204,101
2021-01-06,77.71,82.4,77.71,82.3,5011564,105.91
2021-01-07,82.56,84.26,82.3,83.7,4020710,107.71
2021-01-08,83.92,85.05,82.49,83.59,3790080,107.57
2021-01-11,83.28,86.41,82.81,86.08,3758220,110.78
2021-01-12,85.78,89.74,85.71,89.14,4840549,114.71
2021-01-13,88.91,89.42,87.91,87.98,3283460,113.22
2021-01-14,88.08,89.53,87.83,88.52,2135905,113.92
2021-01-15,88.3,89.94,86.71,88.58,3465672,114
2021-01-19,89.36,89.36,86.38,86.73,2909094,111.62
2021-01-20,87.15,87.53,86.09,87.21,2107151,112.23
2021-01-21,87.25,90.15,87.25,88.97,2733668,114.5
2021-01-22,88.68,89.63,87.32,89.31,1795147,114.93
2021-01-25,89.19,91.68,88.16,88.38,2375430,113.74
2021-01-26,88.7,89.75,87.81,89.13,2295406,114.7
2021-01-27,88.23,90.32,87.67,88.25,2654869,113.57
2021-01-28,88.22,90.58,87.22,87.27,2613559,112.31
2021-01-29,87.12,87.33,84.21,84.56,2794637,108.82
2021-02-01,85.05,85.48,82.1,83.68,2927464,107.69
2021-02-02,83.88,86.2,82.86,84.53,2685682,108.78
2021-02-03,84.98,86.38,84.58,85.72,1634611,110.32
2021-02-04,87.53,89.17,87.04,88.46,2628046,113.84
2021-02-05,88.74,89.28,88.07,89,1734314,114.53
2021-02-08,89.36,91.66,89.35,91.61,1882165,117.9
2021-02-09,91.56,92.76,90.71,92.05,1653400,118.46
2021-02-10,92.31,92.69,90.91,92.32,1394436,118.81
2021-02-11,92.47,93.98,92.13,92.93,1796059,119.59
2021-02-12,92.24,94.12,92.08,93.64,1998127,120.51
2021-02-16,93.66,95.81,93.63,93.83,2073867,120.75
2021-02-17,93.25,94.96,91.86,91.96,2403907,118.34
2021-02-18,91.61,92.04,90.46,90.73,2091254,116.76
2021-02-19,91.4,92.48,91.25,91.69,2262027,118
2021-02-22,91,91.85,90.06,90.71,1898130,116.73
2021-02-23,90.02,90.05,87.91,89.75,2378946,115.5
2021-02-24,90.22,91.02,87.57,88.16,3684997,113.46
2021-02-25,80.67,87.26,78.84,79.99,10258689,102.94
2021-02-26,78.56,79.54,77.54,77.98,4998791,100.35
2021-03-01,78.09,79.72,78.09,79.02,3924763,101.69
2021-03-02,79.35,80.62,78.84,79.66,3272969,102.52
2021-03-03,79.55,79.83,77.71,77.99,3033279,100.37
2021-03-04,77.5,78.02,74.54,76.34,4484447,98.24
2021-03-05,77.4,80.19,75.6,79.92,5416541,102.85
2021-03-08,80.26,83.47,79.83,82.81,4005001,106.57
2021-03-09,82.46,85.2,82.1,82.23,3538338,105.82
2021-03-10,83.49,85.07,82.85,84.04,3587021,108.15
2021-03-11,84.42,85.04,83.51,84.37,2525416,108.58
2021-03-12,84.66,86.48,83.77,86.24,2155855,110.99
2021-03-15,86.64,89.04,86.45,88.52,3705367,113.92
2021-03-16,88.32,88.94,87.57,88.16,2496935,113.45
2021-03-17,87.7,88.23,85.99,87.77,2997709,112.25
2021-03-18,87.27,90.9,87.03,88.65,3108253,113.38
2021-03-19,89,94.05,88.88,92.41,11578039,118.19
2021-03-22,92.34,94.83,91.57,94.58,3039690,120.96
2021-03-23,94.33,94.9,92.45,92.89,3837496,118.81
2021-03-24,93.12,93.43,89.31,89.38,3071654,114.32
2021-03-25,89.47,91.1,88.7,90.84,2581550,116.18
2021-03-26,91.13,93.32,90.84,93.25,2053359,119.26
2021-03-29,93.43,93.9,89.54,89.76,2873231,114.8
2021-03-30,89.28,90.74,88.62,90.48,2111646,115.72
2021-03-31,90.94,90.94,89.31,89.77,2387694,114.81
2021-04-01,90.65,90.93,89.14,90.51,2674414,115.76
2021-04-05,90.94,92.63,90.46,92.25,1774420,117.99
2021-04-06,92.21,95.15,91.91,94.4,3791198,120.74
2021-04-07,94.22,95.18,92.66,94.29,2700014,120.59
2021-04-08,94.54,94.6,93.13,93.53,1994246,119.62
2021-04-09,93.87,96.04,93.54,95.76,2490748,122.48
2021-04-12,95.62,96.85,94.76,95.04,2394478,121.56
2021-04-13,95.29,95.29,93.24,94.47,2449617,120.82
2021-04-14,94.25,94.87,93.37,93.96,1525811,120.17
2021-04-15,94.54,94.94,93.07,93.28,1453870,119.3
2021-04-16,93.77,93.93,92.25,93.72,1845123,119.87
2021-04-19,94.22,94.22,92.92,92.92,27051,118.84
2021-04-20,92.89,93.2,91.1,92.61,1750384,118.45
2021-04-21,92.89,93.65,92.39,93.02,1752256,118.97
2021-04-22,93.2,94.54,92.07,92.29,2554629,118.04
2021-04-23,92.39,92.5,91.11,92.06,1724003,117.74
2021-04-26,91.88,91.97,89.43,91.49,2648005,117.02
2021-04-27,91.83,93.26,91.48,92.53,1519615,118.35
2021-04-28,92.86,93.39,91.5,91.63,1323569,117.19
2021-04-29,92.05,92.87,91.53,92.49,1497329,118.29
2021-04-30,91.88,92,90.53,90.91,1925356,116.27
2021-05-03,91.77,93.18,91.47,91.85,1709467,117.47
2021-05-04,91.73,92.1,90.81,92.05,1426906,117.73
2021-05-05,92.53,92.64,90.75,90.99,1398419,116.38
2021-05-06,91.85,94,91.39,93.86,2293554,120.04
2021-05-07,93.85,95.85,93.48,95.65,1973456,122.34
2021-05-10,95.83,100.53,95.41,98.35,3980452,125.79
2021-05-11,96.91,96.92,93.83,95.13,2162689,121.67
2021-05-12,94.61,94.76,90.44,90.81,2392904,116.15
2021-05-13,91.53,93.55,91.53,93.04,1837792,119
2021-05-14,93.51,94.53,93.02,94.13,1687810,120.39
2021-05-17,94.29,95.04,93.07,93.91,2099883,120.11
2021-05-18,93.44,93.94,91.31,91.42,3088253,116.92
2021-05-19,90.16,90.38,88.09,88.89,4099241,113.69
2021-05-20,88.93,89.93,88,89.54,3214880,114.52
2021-05-21,90.39,91.16,89.62,89.86,4019817,114.93
2021-05-24,90.99,91.65,89.56,89.68,3389665,114.7
2021-05-25,89.74,90.34,89.13,89.46,3017372,114.42
2021-05-26,90.7,92.57,90.09,91.45,4868675,116.96
2021-05-27,94.61,96.03,91.19,92.37,12915854,118.14
2021-05-28,94.25,94.25,89.24,90.89,7598065,116.24
2021-06-01,91.74,91.76,89.37,89.84,4481529,114.9
2021-06-02,89.88,93.5,89.48,92.53,5222899,118.35
2021-06-03,91.97,92.25,89.71,90.35,3949957,115.56
2021-06-04,90.31,90.83,90.06,90.69,2571489,115.99
2021-06-07,90.77,91.76,90.33,91.56,2375418,117.1
2021-06-08,91.98,93.03,91.22,92.43,2238286,118.22
2021-06-09,92.57,92.57,89.9,89.91,3634378,114.99
2021-06-10,90.63,91.23,87.36,87.99,5730690,112.54
2021-06-11,88.01,89.95,87.97,89.49,3853482,114.45
2021-06-14,89.56,89.71,88.18,89.16,2067496,114.03
2021-06-15,89.06,89.44,87.88,88.56,2289830,113.26
2021-06-16,88.41,88.48,85.49,86.46,3276392,109.9
2021-06-17,86.28,86.8,84.76,86.15,2761971,109.5
2021-06-18,84.88,85.57,83.91,84.68,5965989,107.63
2021-06-21,85.2,86.97,85.05,85.5,2377191,108.68
2021-06-22,85.72,87.75,85.2,87.36,2812240,111.04
2021-06-23,88.15,88.15,86.88,87.52,1743978,111.25
2021-06-24,88.32,88.51,87.34,87.63,1861726,111.38
2021-06-25,88.11,89.35,87.72,88.94,3510335,113.05
2021-06-28,89.44,90.75,88.8,90.34,2094276,114.83
2021-06-29,90.62,91.97,90.13,90.45,2052806,114.97
2021-06-30,90.33,91.46,90.31,90.46,2210255,114.98
2021-07-01,90.95,91.9,90.34,91.55,1706519,116.37
2021-07-02,91.83,91.83,90.44,90.99,1838725,115.65
2021-07-06,90.83,90.83,86.86,86.97,3217660,110.55
2021-07-07,86.8,87.6,86.21,86.34,2276675,109.75
2021-07-08,85.27,85.74,84.34,85.09,2294096,108.16
2021-07-09,85.63,87.45,85.63,87.22,2237154,110.86
2021-07-12,87.15,88.1,86.56,87.52,1906047,111.25
2021-07-13,87.41,87.78,85.99,86.44,2450146,109.87
2021-07-14,86.75,87.28,86.16,86.47,1480407,109.91
2021-07-15,85.76,88.98,85.7,88.11,3053445,112
2021-07-16,88.23,89.47,86.97,87.01,2078064,110.59
2021-07-19,85.68,86.04,84.23,85.35,2935781,108.48
2021-07-20,85.72,87.73,85.14,87.02,2015002,110.61
2021-07-21,87.61,87.93,86.6,87.15,1919970,110.78
2021-07-22,87.25,87.38,84.97,86.53,1910682,109.98
2021-07-23,87.64,89.4,87.56,89.12,1751685,113.28
2021-07-26,89.04,90.92,88.92,90.34,1954938,114.83
2021-07-27,90.1,90.32,89.03,89.97,1563106,114.36
2021-07-28,89.97,90.14,88.17,88.95,1545214,113.06
2021-07-29,89.66,90.31,89.04,89.89,1508198,114.26
2021-07-30,89.19,90.4,88.26,88.39,2047837,112.35
2021-08-02,88.97,89.29,88.39,88.5,1417476,112.49
2021-08-03,88.9,90.61,88.61,90.2,1383032,114.65
2021-08-04,89.68,90.3,88.9,89.11,1277034,113.27
2021-08-05,89.69,91.56,89.58,90.77,2058541,115.37
2021-08-06,90.51,91.6,90.33,90.35,1914363,114.84
2021-08-09,90.21,90.21,87.8,88.54,1473234,112.54
2021-08-10,88.48,90.56,88,90.49,1451053,115.02
2021-08-11,91.01,93.74,90.57,92.88,2768332,118.06
2021-08-12,93.54,93.86,92.22,92.94,1466673,118.13
2021-08-13,92.81,92.81,89.26,89.51,2467065,113.78
2021-08-16,89.09,91.19,88.3,90.76,2013928,115.36
2021-08-17,89.56,89.75,86.31,87.13,2355275,110.75
2021-08-18,87.13,89.77,86.57,86.62,2205368,110.1
2021-08-19,85.75,87.22,85.53,86.35,2111750,109.76
2021-08-20,86.52,89.3,86.16,88.61,2407414,112.63
2021-08-23,88.9,90.14,88.15,88.24,4029155,112.16
2021-08-24,92.24,97.58,91.55,95.58,12290452,121.49
2021-08-25,96.33,98.27,94.53,95.9,3948944,121.89
2021-08-26,95.85,95.86,92.78,92.91,2942360,118.09
2021-08-27,93.05,93.54,92.21,92.44,2207561,117.5
2021-08-30,92.85,93.97,92.39,93.11,1923130,118.35
2021-08-31,93.76,93.76,91.42,91.66,3589518,116.51
2021-09-01,91.69,92.3,89.85,91.88,2929355,116.78
2021-09-02,92.05,92.39,91.12,91.47,1992084,116.26
2021-09-03,90.91,91.14,89.59,89.7,1891484,114.02
2021-09-07,89.55,90.07,87.5,87.72,2577796,111.5
2021-09-08,87.58,87.7,86.49,87.32,2684587,110.99
2021-09-09,86.93,88.95,86.64,88.42,2347885,112.39
2021-09-10,88.62,89.42,87.49,87.6,1862288,111.35
2021-09-13,88.5,89.31,87.37,88.73,1792076,112.07
2021-09-14,89.1,89.1,87.1,87.22,1712434,110.17
2021-09-15,86.99,87.16,86.03,86.51,2370259,109.27
2021-09-16,86.15,87.22,86.05,86.74,1688579,109.56
2021-09-17,86.61,87.97,86.44,86.79,3600851,109.62
2021-09-20,85.58,86.55,83.39,84.45,2337956,106.67
2021-09-21,84.71,85.62,83.84,84.63,2545128,106.89
2021-09-22,85.29,85.96,84.32,84.56,1657745,106.8
2021-09-23,85.11,85.47,84,84.06,2231784,106.17
2021-09-24,83.98,84.07,82.51,82.92,3652170,104.74
2021-09-27,83.37,87.77,83.37,87.23,4857056,110.18
2021-09-28,87.98,88.51,85.01,86.61,3131825,109.39
2021-09-29,86.89,87.32,85.57,86.64,1892304,109.43
2021-09-30,85.62,86.02,83.41,83.69,4063654,105.71
2021-10-01,84.46,84.6,81.88,83.38,2261294,105.31
2021-10-04,83.21,84.66,83,83.52,1872070,105.49
2021-10-05,83.7,85.3,83.57,84.21,2255302,106.37
2021-10-06,83.66,84.59,82.95,83.74,2101683,105.77
2021-10-07,84.87,86.47,84.67,85.18,2398193,107.59
2021-10-08,85.51,87.39,84.78,84.91,1841159,107.25
2021-10-11,85.23,86.98,84.92,86.2,1922047,108.88
2021-10-12,86.72,87.63,86.13,86.55,1702029,109.32
2021-10-13,86.7,88.2,85.58,87.71,2287815,110.78
2021-10-14,88.17,89.54,87.23,89.19,2304145,112.66
2021-10-15,89.91,90.8,89.54,89.97,2358821,113.64
2021-10-18,89.29,92.14,89.25,91.53,2563482,115.61
2021-10-19,92.04,92.35,90.17,90.21,2216673,113.94
2021-10-20,90.15,91.36,90.15,90.68,1718771,114.53
2021-10-21,90.58,93.16,90.58,93.11,1946771,117.6
2021-10-22,93.07,93.87,92.55,93.73,1846709,118.39
2021-10-25,93.96,95.39,93.96,95.39,190903,120.48
2021-10-26,96.06,97.95,95.9,95.98,2783095,121.23
2021-10-27,95.99,96.79,93.94,94.02,2328872,118.75
2021-10-28,94.74,96.14,94.36,95.89,1808693,121.12
2021-10-29,95.52,97.75,95.41,96.78,2596605,122.24
2021-11-01,97.38,98.34,97.14,98.1,2229298,123.91
2021-11-02,98.04,98.66,97.37,98.04,2031770,123.83
2021-11-03,98.25,99.83,97.94,99.04,2515047,125.1
2021-11-04,99.76,101.98,99.3,101.82,3139955,128.61
2021-11-05,102.88,103.36,101.62,102.19,2373251,129.07
2021-11-08,102.13,103.23,101.59,102.99,2798803,130.09
2021-11-09,102.66,105.51,102.62,105.25,2283323,132.94
2021-11-10,104.78,105.63,103.84,103.91,2073231,131.25
2021-11-11,104.01,105.73,103.97,105.22,2002112,132.9
2021-11-12,105.57,108.26,105.34,107.38,2481656,135.63
2021-11-15,108.26,108.29,104.36,104.79,2866699,132.36
2021-11-16,104.97,107.36,104.73,106.83,2498466,134.93
2021-11-17,106.35,107.09,104.7,105.19,2145512,132.86
2021-11-18,106.48,107.77,105.92,107.36,2592467,135.61
2021-11-19,107.82,108.92,106.88,107.78,2218116,136.13
2021-11-22,108.64,112.4,108.64,109.26,5650906,138
2021-11-23,91.84,96.15,91.05,95.81,16466163,121.01
2021-11-24,95.18,96.49,91.76,92.39,6298292,116.69
2021-11-26,90.73,92.01,90.16,90.87,2364549,114.77
2021-11-29,91.68,91.84,87.33,87.84,4922852,110.95
2021-11-30,87.1,88.39,84.14,84.6,6707713,106.86
2021-12-01,85.62,85.83,80.94,80.95,4922300,102.25
2021-12-02,82.53,83.78,81.25,82.27,4519107,103.92
2021-12-03,82.77,83.96,82.06,83.82,4262748,105.87
2021-12-06,84.9,86.29,82.18,82.86,4802683,104.66
2021-12-07,84.4,85.7,84.18,84.46,3488422,106.68
2021-12-08,83.72,84.91,83.64,84.66,2845095,106.93
2021-12-09,84.56,84.95,82.21,82.64,3156393,104.38
2021-12-10,82.62,82.86,80.87,82.2,3452818,103.82
2021-12-13,82.1,82.43,78.67,79.9,4369970,100.24
2021-12-14,79.1,82.06,78.89,80.8,4394939,101.37
2021-12-15,80.34,81.79,79.99,81.69,3535555,102.49
2021-12-16,81.53,82.2,79.76,79.88,3882428,100.22
2021-12-17,79.96,80.7,79.05,79.73,6607934,100.03
2021-12-20,78.12,78.67,75.36,76.34,4993868,95.77
2021-12-21,76.91,78.39,76.91,77.7,3257110,97.48
2021-12-22,78.03,78.92,77.08,77.61,2497528,97.37
2021-12-23,77.89,78.55,76.61,78.18,2706567,98.08
2021-12-27,78.82,79.29,77.53,78.98,2697265,99.08
2021-12-28,78.91,80.21,78.82,79.33,2267174,99.52
2021-12-29,79.29,81.01,79.29,80.39,2787251,100.86
2021-12-30,80.41,81.92,80.4,80.94,2417330,101.55
2021-12-31,80.8,81.52,80.32,80.98,2218797,101.6
2022-01-03,81.65,82.56,80.86,81.4,3104239,102.12
2022-01-04,82.12,84.77,81.92,83.81,4350163,105.14
2022-01-05,83.93,84.77,82.03,82.1,3017148,103
2022-01-06,82.12,82.45,79.72,82,3902431,102.88
2022-01-07,82.12,83.56,81.24,81.7,3406626,102.5
2022-01-10,81.1,82.07,78.29,81.9,5703879,102.75
2022-01-11,81.78,83.61,81.27,82.97,2774744,104.09
2022-01-12,82.99,83.8,80.37,81.85,3315262,102.68
2022-01-13,81.47,82.93,80.98,81.78,2547454,102.6
2022-01-14,80.59,82.1,78.84,79.74,4054484,100.04
2022-01-18,78.75,78.82,76.79,78.62,4109531,98.64
2022-01-19,79.1,81.12,78.75,79.19,2805774,99.35
2022-01-20,79.73,80.57,75.47,75.64,4165449,94.9
2022-01-21,75.51,78.32,75.26,76.88,3640683,96.45
2022-01-24,75.57,80.81,74.07,80.81,1552715,101.38
2022-01-25,78.62,79.43,76.18,78.14,4041593,98.03
2022-01-26,78.96,79.97,76.73,77.25,2639939,96.92
2022-01-27,78.82,79.65,76.16,76.6,2414049,96.1
2022-01-28,76.78,77.85,75.29,77.83,2111288,97.64
2022-01-31,77.29,79.23,77.29,79.13,2863422,99.28
2022-02-01,79.15,80.25,77.91,80.07,1989946,100.45
2022-02-02,79.9,80.11,77.41,78.95,2628978,99.05
2022-02-03,78.37,79.11,77.14,77.4,2205382,97.1
2022-02-04,77.52,78.06,75.91,77.18,2344085,96.83
2022-02-07,77.88,78.24,76.52,77.78,1674382,97.58
2022-02-08,77.99,79.82,77.52,79.28,2048531,99.46
2022-02-09,80.22,81.59,79.84,81.48,1920613,102.22
2022-02-10,80.38,81.91,79.78,80.08,2643363,100.47
2022-02-11,79.94,82.17,79.2,80.16,3817845,100.57
2022-02-14,79.76,81.3,78.79,80.22,2528504,100.64
2022-02-15,81.3,82.01,80.86,81.45,1871536,102.19
2022-02-16,80.91,80.91,78.19,79.41,2507287,99.63
2022-02-17,78.72,79.86,78.19,78.62,1585535,98.63
2022-02-18,78.31,79.13,76.95,77.88,2075795,97.71
2022-02-22,76.87,77.15,71.29,72.18,6000136,90.55
2022-02-23,72.89,72.89,70.02,70.65,3797573,88.63
2022-02-24,68.54,73.21,68.21,73,3485957,91.58
2022-02-25,73.83,76.55,72.89,76.38,3253181,95.83
2022-02-28,75.03,77.4,75.03,77.03,3982890,96.64
2022-03-01,76.31,78.56,76.08,77.46,2952567,97.18
2022-03-02,77.18,81.26,76.97,80.38,6602525,100.84
2022-03-03,84.49,90.04,83.58,87.79,18757470,110.14
2022-03-04,86.02,87.11,81,84.57,8118160,106.1
2022-03-07,84.12,86.99,82.32,83.46,4914540,104.71
2022-03-08,82.85,82.85,80.61,80.61,290306,101.13
2022-03-09,82.2,82.71,80.2,81.1,3158523,101.74
2022-03-10,80.62,80.62,77.78,78.64,3259769,98.66
2022-03-11,78.91,79.56,75.32,75.4,3494508,94.59
2022-03-14,75.36,77.44,74.28,75.44,2732949,94.64
2022-03-15,75.73,79.37,75.61,78.96,3223455,99.06
2022-03-16,79.53,80.4,76.11,78.78,2704382,98.84
2022-03-17,78.66,79.67,77.94,79.14,2260465,99.29
2022-03-18,78.3,81.6,78.04,81.18,6503347,101.84
2022-03-21,81.16,82.28,78.03,78.94,2672201,99.04
2022-03-22,79.68,80.12,78.13,79.15,3243949,99.3
2022-03-23,78.72,79.2,76.98,77.68,1957639,96.59
2022-03-24,77.88,78.48,76.61,77.78,2021644,96.71
2022-03-25,78.17,78.31,76.3,77.45,1922358,96.3
2022-03-28,77.57,77.95,76.55,77.79,2485068,96.73
2022-03-29,78.98,81.17,78.31,81.02,2800631,100.75
2022-03-30,79.85,80.13,77.29,77.55,2592096,96.43
2022-03-31,74.7,74.91,72.03,73.1,6202208,90.9
2022-04-01,74.25,74.33,72.1,72.68,3350085,90.38
2022-04-04,73.39,76.07,72.98,75.87,2911253,94.34
2022-04-05,75.63,76.21,74.03,74.41,2609763,92.52
2022-04-06,73.18,73.64,71.18,73.23,2925691,91.06
2022-04-07,73.21,74.64,72.49,74.04,2654360,92.07
2022-04-08,72.21,77.13,71.58,75.08,4224420,93.36
2022-04-11,74.57,77.15,74.5,75.72,2037560,94.16
2022-04-12,77.02,78.51,74.75,74.98,3426525,93.23
2022-04-13,74.75,77,74.2,76.59,2079902,95.23
2022-04-14,76.8,77.82,75.19,75.47,2352452,93.84
2022-04-18,75.35,76.01,73.96,75.18,1807040,93.48
2022-04-19,75.04,77.31,74.62,76.86,2008291,95.57
2022-04-20,77.23,77.35,75.57,75.92,1564875,94.4
2022-04-21,77.04,77.81,74.98,75.31,1802866,93.64
2022-04-22,74.91,74.99,72.83,73.41,2190325,91.28
2022-04-25,72.82,74.99,71.82,74.85,1888305,93.07
2022-04-26,74.62,76.03,73.53,74.66,2972488,92.83
2022-04-27,75.09,76.24,73.51,74.82,2534685,93.03
2022-04-28,75.26,75.93,73.79,75.26,1602218,93.58
2022-04-29,74.83,75.25,72.08,72.32,2602074,89.93
2022-05-02,72.38,75.51,71.48,75.44,2366406,93.81
2022-05-03,75.11,76.88,74.44,76.12,2281736,94.65
2022-05-04,75.81,78.96,75.52,78.64,2509959,97.79
2022-05-05,77.43,77.43,73.19,74.16,2514457,92.21
2022-05-06,73.74,75.27,71.58,73.51,2160535,91.41
2022-05-09,72.23,74.11,72.07,73.25,2900107,91.08
2022-05-10,73.71,74.6,70.2,71.37,2870616,88.74
2022-05-11,71.56,72.36,67.06,67.39,3250556,83.79
2022-05-12,67.47,72.04,67.47,70.26,3433617,87.36
2022-05-13,70.03,71.03,68.43,69.45,3293866,86.36
2022-05-16,68.92,69.52,65.96,68.17,3215502,84.77
2022-05-17,69.16,69.82,65.78,67.96,4661509,84.5
2022-05-18,63.32,63.99,59.55,60.81,9857088,75.62
2022-05-19,59.5,61.46,58.19,58.97,5743148,73.32
2022-05-20,59.51,59.57,55.55,58.19,5251858,72.36
2022-05-23,58.19,58.82,55.78,58.38,8172278,72.59
2022-05-24,58.69,61.04,57.49,59.09,15256030,73.47
2022-05-25,57.11,64.88,56.96,64.39,10233337,80.06
2022-05-26,65.33,67.88,65.24,65.99,5066491,82.05
2022-05-27,66.13,68.25,66.09,67.55,3562789,83.99
2022-05-31,67.37,68.6,65.46,65.99,5964888,82.06
2022-06-01,66.45,66.68,64.03,64.4,3677435,80.08
2022-06-02,64.79,65.38,63.69,65.35,2429160,81.26
2022-06-03,64.76,65.64,64.46,64.65,2455706,80.39
2022-06-06,64.84,64.84,63.54,63.75,2784432,79.27
2022-06-07,61.66,63.22,60.8,63.01,3789723,78.35
2022-06-08,62.55,63.5,61.28,62.02,2982983,77.12
2022-06-09,61.63,62.25,60.26,60.26,3414760,74.93
2022-06-10,58.97,59.84,57.92,58.39,4046830,72.6
2022-06-13,57.32,57.73,55.86,56.54,4746562,69.45
2022-06-14,56.99,58.26,56.5,57.47,4975412,70.59
2022-06-15,57.67,59.17,57.3,58.42,3815753,71.76
2022-06-16,56.62,57.19,55.08,55.75,4343319,68.48
2022-06-17,55.37,58.14,55.36,57.4,12049106,70.51
2022-06-21,58.67,58.84,57.06,57.37,3853111,70.47
2022-06-22,57.25,57.87,56.6,56.89,3419426,69.88
2022-06-23,57.08,58.44,57.01,58.04,2744292,71.29
2022-06-24,58.7,60.84,58.14,60.8,7121685,74.69
2022-06-27,61.04,61.42,58.48,58.73,3003293,72.14
2022-06-28,58.39,58.61,55.9,56.05,2855744,68.85
2022-06-29,55.59,55.85,54.22,54.67,3729258,67.15
2022-06-30,53.57,53.93,52.34,53.07,3906744,65.19
2022-07-01,53.56,54.43,52.92,54.36,3226001,66.77
2022-07-05,53.82,56.98,53.65,56.97,3633655,69.98
2022-07-06,56.83,57.09,54.72,55.78,2876801,68.52
2022-07-07,55.95,57.78,55.78,57.71,2613168,70.89
2022-07-08,57.14,58.22,56.29,57.94,2427545,71.17
2022-07-11,57.97,58.54,56.74,56.91,2018519,69.91
2022-07-12,57.29,58.68,56.92,57.33,2490869,70.42
2022-07-13,56.08,58.41,56.03,58.04,2496192,71.29
2022-07-14,57.43,58.17,56.58,57.91,2280949,71.14
2022-07-15,59,59.08,57.91,59,2789481,72.47
2022-07-18,59.59,61.26,59.38,59.7,2839103,73.34
2022-07-19,60.22,62.27,59.97,61.85,2972095,75.97
2022-07-20,62.04,63.78,61.62,63.6,3649179,78.12
2022-07-21,63.33,63.69,61.85,63.66,2612144,78.2
2022-07-22,64.17,65.19,62.07,62.52,3138346,76.8
2022-07-25,62.78,62.91,61.25,61.74,2400650,75.84
2022-07-26,59.44,59.86,58.31,58.62,3575987,72.01
2022-07-27,59.12,60.95,58.31,60.64,2650171,74.49
2022-07-28,61.37,63.82,59.21,63.49,8309910,77.99
2022-07-29,62.46,63.18,60.79,62.68,6684168,76.99
2022-08-01,62.27,63.45,62.05,62.67,2935872,76.98
2022-08-02,62.12,62.24,60.71,60.74,2643329,74.61
2022-08-03,61.78,62.74,61.16,61.62,3324975,75.69
2022-08-04,61.79,63.47,61.7,62.11,2232096,76.29
2022-08-05,61.3,62.68,60.97,62.18,1497902,76.38
2022-08-08,62.78,65.53,62.66,63.94,2752356,78.54
2022-08-09,63.24,63.48,61.24,62.15,2320788,76.34
2022-08-10,63.93,64.91,63.47,63.91,2637851,78.51
2022-08-11,64.96,66.36,64.76,65.47,2215530,80.42
2022-08-12,66.1,66.19,64.8,65.37,2309831,80.3
2022-08-15,65.11,66.29,63.98,66.21,2023418,81.33
2022-08-16,66.35,70.4,66.32,69.16,4017895,84.95
2022-08-17,67.79,68.76,66.48,66.97,2915397,82.26
2022-08-18,66.74,67.12,65.86,67.1,1408073,82.42
2022-08-19,66.32,66.49,64,64.74,3014645,79.53
2022-08-22,63.68,64.31,62.88,63.03,2205481,77.42
2022-08-23,63.77,65.03,63.65,64.18,2231801,78.84
2022-08-24,63.9,64.28,63.16,63.2,2019616,77.63
2022-08-25,63.37,64.61,62.97,63.65,1873365,78.19
2022-08-26,63.72,63.97,60.32,60.36,2929951,74.15
2022-08-29,60,60.67,59.23,60,3365839,73.7
2022-08-30,61.15,64.56,60.77,60.97,11983143,74.89
2022-08-31,60.64,60.67,57.4,57.55,8817652,70.69
2022-09-01,57.19,58.63,56.19,58.49,3740078,71.85
2022-09-02,59.53,59.53,57.6,57.91,2360208,71.14
2022-09-06,58.6,58.74,56.72,58.11,2948779,71.38
2022-09-07,57.99,59.68,57.66,59.62,2436408,73.24
2022-09-08,59.03,60.86,58.8,60.81,2507809,74.7
2022-09-09,61.07,62.4,60.92,62.07,2613108,76.24
2022-09-12,62.68,63.39,62.32,63.35,2804639,77.82
2022-09-13,61.71,61.72,59.53,59.99,3428655,73.69
2022-09-14,60.16,60.42,58.78,59.88,2571838,73.55
2022-09-15,59.98,61.12,58.4,58.96,4561665,72.42
2022-09-16,58.04,59.43,57.3,59.13,4045406,72.63
2022-09-19,58.78,61.02,58.62,60.96,2519095,73.97
2022-09-20,60.27,60.35,57.69,58.44,2329827,70.92
2022-09-21,58.95,59.7,57.64,57.67,2067113,69.98
2022-09-22,57.36,57.38,56.16,56.51,2103875,68.57
2022-09-23,55.78,56.74,55.61,56.68,2161261,68.78
2022-09-26,56.32,57.48,53.74,53.83,3328704,65.32
2022-09-27,54.45,55.69,53.7,53.9,3098163,65.41
2022-09-28,54.59,55.92,54.32,55.58,3444894,67.44
2022-09-29,54.73,54.73,52.76,53.63,2974102,65.08
2022-09-30,53.06,54.01,51.44,52.2,3329617,63.34
2022-10-03,52.93,53.53,51.81,52.47,3626425,63.67
2022-10-04,53.67,55.73,53.67,55.54,2791908,67.4
2022-10-05,54.54,56.51,54.54,55.95,3157217,67.9
2022-10-06,55.83,56.04,54.97,55.06,1989221,66.81
2022-10-07,54,54.21,52.89,53.18,2134421,64.53
2022-10-10,53.33,53.42,51.43,52.2,2254948,63.34
2022-10-11,52.3,53.89,52.15,52.62,2688278,63.85
2022-10-12,52.58,52.86,51.96,52.08,1865512,63.2
2022-10-13,50.92,53.56,50.09,53.16,2960614,64.51
2022-10-14,53.81,54.14,51.96,52.2,2019145,63.35
2022-10-17,53.23,54.73,53.04,54.05,3045521,65.59
2022-10-18,55.45,56.61,54.29,54.85,2552257,66.56
2022-10-19,52.98,53.88,52.05,52.53,4909989,63.74
2022-10-20,52.56,53.89,51.52,51.79,2130953,62.85
2022-10-21,51.55,52.93,50.97,52.55,2622668,63.77
2022-10-24,52.92,53.55,52.06,52.58,3089252,63.8
2022-10-25,52.94,54.22,52.8,54.13,2900415,65.69
2022-10-26,54.32,55.6,53.7,54.38,2547030,65.99
2022-10-27,54.74,54.95,53.68,54.26,2693359,65.84
2022-10-28,54.29,56.41,54.17,56.33,2563415,68.35
2022-10-31,56,57.12,55.44,56.37,5350450,68.41
2022-11-01,57.25,57.66,56.13,56.76,3358546,68.88
2022-11-02,56.56,57.05,54.36,54.4,3414853,66.01
2022-11-03,53.88,55.75,53.58,55.27,2798619,67.07
2022-11-04,56.28,57.31,55.07,56.2,2306853,68.2
2022-11-07,56.79,57.23,55.53,56.58,1978512,68.66
2022-11-08,57.1,58.24,55.85,56.71,1917722,68.82
2022-11-09,55.94,56.97,55.4,55.46,2138449,67.3
2022-11-10,58.17,60.41,57.83,59.36,2653902,72.03
2022-11-11,59.45,62.17,59.28,61.43,2400398,74.55
2022-11-14,61.12,62.28,61.09,61.2,2472122,74.26
2022-11-15,62.74,63.85,61.76,62.3,2277542,75.6
2022-11-16,59.42,59.42,56.95,56.96,4475854,69.12
2022-11-17,56.22,57.75,55.54,57.71,3350883,70.03
2022-11-18,58.67,59.48,58.34,59.37,3266467,72.05
2022-11-21,58.86,58.92,57.16,58.37,4034809,70.83
2022-11-22,63.62,65.89,62.63,65.83,17603088,79.88
2022-11-23,65.92,67.89,65.75,67.89,6270950,82.39
2022-11-25,67.78,68.64,66.83,66.94,2343631,81.23
2022-11-28,66.88,68.02,66.87,67.65,4056672,82.09
2022-11-29,67.75,69.65,67.61,69.35,4073590,84.16
2022-11-30,69.3,70.58,68.64,70.29,6200976,85.3
2022-12-01,70.46,71.5,69.96,71.26,3357711,86.47
2022-12-02,70.39,71.81,69.97,71.36,2693125,86.6
2022-12-05,70.75,71.56,69.11,69.49,3812254,84.32
2022-12-06,69.37,69.73,68.18,68.63,3617471,83.28
2022-12-07,68.09,69.34,66.83,67.05,3710062,81.37
2022-12-08,67.32,69.11,66.79,68.73,3105907,83.4
2022-12-09,67.98,68.67,67.2,67.42,2442344,81.81
2022-12-12,67.62,68.92,67.2,68.7,2801076,82.47
2022-12-13,70.91,71.17,69.04,70.03,3229654,84.07
2022-12-14,67.43,68.9,66.96,67.33,4318304,80.82
2022-12-15,66.62,67.43,65.99,67.29,3623330,80.78
2022-12-16,66.67,67.59,65.71,66.21,4093273,79.48
2022-12-19,66.6,67.46,66.1,66.48,2312218,79.8
2022-12-20,65.59,66.46,65.23,66.01,2322663,79.24
2022-12-21,66.98,67.48,66.48,67.17,1811002,80.63
2022-12-22,66.23,67.13,65.67,67.03,2067882,80.46
2022-12-23,67.03,67.85,66.34,67.77,1422088,81.35
2022-12-27,67.73,68.27,67.32,68.19,1560106,81.86
2022-12-28,68.03,68.89,66.66,66.78,1694784,80.17
2022-12-29,67.35,68.01,66.68,67.68,1606721,81.24
2022-12-30,67.04,67.31,66.14,66.82,1396692,80.21
2023-01-03,67.42,67.42,65.5,66.98,2542157,80.41
2023-01-04,67.85,69.11,67.34,68.26,1937324,81.94
2023-01-05,67.53,68.03,66.68,67.9,2122363,81.51
2023-01-06,68.35,69.41,68.09,69.17,1705592,83.04
2023-01-09,69.4,69.57,68.2,68.36,1796534,82.06
2023-01-10,68.85,70.21,68.58,70.2,1555011,84.27
2023-01-11,70.76,72.38,70.2,71.52,2899027,85.85
2023-01-12,71.93,72.22,70.67,71.97,2584248,86.4
2023-01-13,70.79,72.07,70.79,71.46,1738972,85.78
2023-01-17,70.95,71.22,70.04,70.32,2092903,84.42
2023-01-18,70.97,72.01,69.02,69.11,2172735,82.96
2023-01-19,68.61,69.14,67.3,67.91,1880923,81.52
2023-01-20,68.03,69.14,67.38,68.87,2416799,82.67
2023-01-23,69.37,70.57,68.84,70.17,2266546,84.24
2023-01-24,69.94,70.79,69.55,69.67,2050635,83.63
2023-01-25,69.12,70,68.04,69.97,2645670,84
2023-01-26,70.43,71.05,69.56,69.93,1442786,83.95
2023-01-27,69.62,71.21,69.24,70.96,1986378,85.18
2023-01-30,70.35,72.47,70.08,71.96,2462792,86.38
2023-01-31,72.4,73.91,72.18,73.91,2787741,88.72
2023-02-01,73.52,75.08,71.83,74.68,2689709,89.65
2023-02-02,75.63,77.74,75.3,76.16,2893264,91.42
2023-02-03,74.98,76.08,74.56,75.24,1427939,90.32
2023-02-06,74.45,75.2,73.17,73.28,1682659,87.97
2023-02-07,72.94,73.32,71.47,73.13,1966733,87.79
2023-02-08,72.39,73.11,71.89,71.97,1291058,86.4
2023-02-09,73.12,73.4,70.53,70.77,1273411,84.96
2023-02-10,70.18,71.29,69.91,71.24,1639680,85.52
2023-02-13,71.67,72.88,71.09,72.69,1580025,87.26
2023-02-14,72.36,73.91,71.92,73.56,2123452,88.31
2023-02-15,72.91,74.3,72.62,74.1,1908002,88.95
2023-02-16,73.23,74.33,72.72,73.47,1394494,88.2
2023-02-17,73.31,73.49,71.81,72.42,2307269,86.94
2023-02-21,70.96,70.96,69.11,69.25,1860254,83.13
2023-02-22,69.31,69.83,68.78,69.29,2905102,83.18
2023-02-23,69.34,69.86,68.34,69.14,1743991,83
2023-02-24,68.29,70.31,68.01,69.82,2460938,83.82
2023-02-27,69.96,70.66,68.75,68.83,3333023,82.63
2023-02-28,69.16,69.92,68.96,69.23,2387536,83.11
2023-03-01,68.53,69.24,68.06,68.76,3240996,82.54
2023-03-02,67.72,70.21,66,67.3,5525968,80.79
2023-03-03,67.96,69.49,67.82,69.36,3027840,83.26
2023-03-06,69.81,70.23,68.4,68.56,2503875,82.3
2023-03-07,69.06,69.62,68.36,68.52,1889410,82.26
2023-03-08,68.42,68.52,66.49,67.6,2018710,81.15
2023-03-09,67.78,67.96,65.72,65.81,2051377,79
2023-03-10,65.74,66.34,64.72,65.48,2171664,78.61
2023-03-13,63.98,64.54,63.04,63.12,3794747,75.77
2023-03-14,63.95,64.04,61.69,62.34,3326835,74.84
2023-03-15,61.22,62.95,60.99,62.94,3135353,75.55
2023-03-16,62.24,64.43,62.14,64.22,2949823,77.09
2023-03-17,64.18,64.38,62.86,63.92,7806042,76.73
2023-03-20,64.04,65.58,63.88,65.08,3113285,78.13
2023-03-21,65.9,66.21,64.43,64.78,3634204,77.77
2023-03-22,65.21,65.75,63.98,64.02,2522364,75.94
2023-03-23,64.07,64.62,62.33,62.88,2161073,74.59
2023-03-24,62.62,63.17,62.29,62.65,1603992,74.32
2023-03-27,62.99,63.23,61.91,62.26,2021854,73.85
2023-03-28,61.75,62.98,61.67,61.81,2022295,73.32
2023-03-29,62.2,63.13,61.33,63.11,2026969,74.86
2023-03-30,63.65,63.87,62.94,63.49,1588359,75.32
2023-03-31,63.93,66.07,63.83,65.98,2621499,78.27
2023-04-03,65.95,66.7,65.37,66.18,2220825,78.51
2023-04-04,66.18,66.59,65.44,65.62,2178320,77.84
2023-04-05,65.25,65.25,63.87,64.3,2529892,76.28
2023-04-06,64.13,64.13,63.11,63.29,1791260,75.08
2023-04-10,62.96,63.8,62.75,63.19,2074202,74.96
2023-04-11,63.39,63.93,62.89,63.44,2334813,75.25
2023-04-12,63.92,64,61.57,61.68,1945054,73.17
2023-04-13,61.73,62.12,61.17,61.7,1868998,73.19
2023-04-14,61.72,63.12,61.44,61.86,1736293,73.38
2023-04-17,61.99,62.16,61.24,61.8,1541718,73.31
2023-04-18,62.09,62.37,61.61,62.37,1965987,73.98
2023-04-19,61.71,61.94,61.13,61.29,2068026,72.71
2023-04-20,61.16,62.41,60.94,61.18,1906670,72.58
2023-04-21,61.79,61.85,61.08,61.34,1686487,72.76
2023-04-24,61.11,62.13,61.08,62,1844430,73.55
2023-04-25,61.67,61.98,60.15,60.16,2061277,71.37
2023-04-26,60.24,60.91,59.96,60.28,1868131,71.51
2023-04-27,60.4,62.04,60.32,61.99,1683075,73.53
2023-04-28,62.08,62.91,61.54,62.82,1645638,74.52
2023-05-01,62.93,63.21,61.91,62.09,1985137,73.65
2023-05-02,61.84,61.92,60.64,61.71,1431078,73.2
2023-05-03,61.88,62.65,61.24,61.35,1662897,72.78
2023-05-04,61.06,61.46,59.82,60.36,1658906,71.6
2023-05-05,61.22,62.37,61.06,62.02,1383854,73.57
2023-05-08,61.95,62.21,60.88,61.08,1645697,72.46
2023-05-09,60.63,61.48,60.16,61.24,1808813,72.65
2023-05-10,61.78,61.88,59.94,60.88,1401068,72.22
2023-05-11,60.73,61.06,60.26,60.38,2153231,71.62
2023-05-12,60.41,60.6,59.64,60.47,2147256,71.73
2023-05-15,59.85,61.29,59.45,61.29,2800865,72.7
2023-05-16,60.56,60.97,59.39,59.63,2480859,70.74
2023-05-17,59.82,62.47,59.82,62.33,2541440,73.94
2023-05-18,61.96,62.2,60.59,61.57,2048666,73.04
2023-05-19,61.17,61.17,59.33,59.46,3443980,70.53
2023-05-22,59.23,60.07,59.19,59.28,2941449,70.32
2023-05-23,59.41,60.31,58.52,58.58,2526158,69.49
2023-05-24,59.3,59.3,57.69,58.29,3316702,69.15
2023-05-25,60.25,60.7,58.42,60.09,6052792,71.28
2023-05-26,60.01,63.07,59.81,62.66,4690443,74.33
2023-05-30,63.58,64.06,61.12,61.88,3303018,73.4
2023-05-31,61.23,61.79,60.55,61.26,4305185,72.67
2023-06-01,60.98,61.71,59.34,61.45,2343891,72.9
2023-06-02,61.95,62.61,61.61,61.72,2522260,73.21
2023-06-05,61.65,62.07,61.24,61.4,1910334,72.83
2023-06-06,61.18,63.1,61.04,62.68,2254134,74.35
2023-06-07,62.91,63.97,62.58,63.8,2016727,75.68
2023-06-08,63.08,63.73,62.39,63.53,2221211,75.36
2023-06-09,64.01,64.07,63.33,63.43,2595053,75.24
2023-06-12,64.03,64.73,63.59,64.41,2044158,76.4
2023-06-13,64.89,65.68,64.82,65.21,2690097,77.36
2023-06-14,65.33,65.92,64.59,65.39,2274576,76.64
2023-06-15,65.46,67.54,65.41,67.38,2585371,78.98
2023-06-16,67.59,68.96,66.86,68.07,6435115,79.79
2023-06-20,67.65,67.87,66.89,67.25,2157149,78.82
2023-06-21,67.39,68.14,67.16,67.42,1672722,79.02
2023-06-22,67.55,67.56,66.97,67.44,1342284,79.05
2023-06-23,67.11,68.32,66.75,67.51,2815776,79.13
2023-06-26,67.39,69.61,67.19,69.45,2448678,81.4
2023-06-27,69.43,70.94,69.42,70.73,2568460,82.91
2023-06-28,70.29,70.43,69.77,70.2,2121749,82.28
2023-06-29,70.24,71.23,70.09,70.99,1719934,83.21
2023-06-30,71.16,71.16,69.82,69.92,2341917,81.95
2023-07-03,70.12,70.45,69.69,70.1,1355069,82.17
2023-07-05,69.9,70.09,69,69.15,2274094,81.05
2023-07-06,68.68,68.93,67.51,68.76,3145889,80.59
2023-07-07,68.5,68.91,67.54,67.65,2749405,79.3
2023-07-10,67.58,69.08,67.57,68.15,1578758,79.88
2023-07-11,68.61,69.93,68.61,69.75,1633069,81.76
2023-07-12,70.17,70.65,69.15,69.17,1602866,81.08
2023-07-13,69.39,69.98,68.9,69.36,1606465,81.3
2023-07-14,69.4,69.53,68.38,68.45,1342801,80.23
2023-07-17,68.47,70.27,68.28,70.19,1777265,82.27
2023-07-18,70.02,72.12,69.71,71.3,2662264,83.57
2023-07-19,71.24,71.98,70.67,71.85,2485574,84.22
2023-07-20,71.66,71.78,70.68,71.34,1516190,83.62
2023-07-21,71.78,71.92,70.57,70.61,1500122,82.76
2023-07-24,70.79,72.58,70.71,72.34,2618941,84.79
2023-07-25,72.09,72.76,71.83,72.47,1758119,84.95
2023-07-26,72.51,72.86,71.49,71.85,1500358,84.22
2023-07-27,72.22,72.53,70.77,71.27,1685488,83.54
2023-07-28,71.99,72.09,70.5,70.73,1893961,82.9
2023-07-31,70.98,71.55,70.45,70.85,2350259,83.05
2023-08-01,70.83,71.11,70.34,70.61,1958219,82.77
2023-08-02,70.15,70.26,69.05,69.31,1757899,81.24
2023-08-03,69.36,69.67,68.83,69.37,1877066,81.31
2023-08-04,69.46,69.65,67.71,68.11,2054542,79.83
2023-08-07,68.39,68.63,67.8,68.31,1595278,80.07
2023-08-08,67.61,67.71,66.28,67.54,1972694,79.16
2023-08-09,67.46,68.09,67.19,67.44,1560946,79.05
2023-08-10,68.06,68.69,67.8,68.6,1980128,80.41
2023-08-11,68.3,68.75,67.46,67.65,1494231,79.29
2023-08-14,67.36,68.08,67.07,67.55,1259955,79.18
2023-08-15,67.05,67.25,66.04,66.95,2037913,78.48
2023-08-16,66.91,67.88,66.46,66.92,2104539,78.44
2023-08-17,67.07,67.74,66.14,66.31,1548689,77.72
2023-08-18,65.94,67.28,65.86,67.05,1645341,78.59
2023-08-21,67.07,67.83,66.94,67.3,1458325,78.88
2023-08-22,65.9,66.18,63.15,63.33,3612718,74.23
2023-08-23,63.06,64.03,62.91,63.73,2904871,74.7
2023-08-24,63.66,64.13,62.31,62.39,2068425,73.13
2023-08-25,62.6,63.12,61.72,62,2414263,72.67
2023-08-28,62.48,63.47,61.61,63.19,4469578,74.07
2023-08-29,64.77,67.32,63.67,65.63,7571198,76.93
2023-08-30,65.64,66.04,64.01,64.78,3055055,75.93
2023-08-31,64.93,65.42,64.6,65.22,3089511,76.45
2023-09-01,65.43,65.59,63.68,64.22,2610045,75.27
2023-09-05,64.22,64.41,63.05,63.09,2364875,73.95
2023-09-06,62.71,63.31,62.13,62.91,2452307,73.74
2023-09-07,62.54,62.65,61.96,62,2767877,72.67
2023-09-08,61.96,62.49,61.56,62.48,1631440,73.23
2023-09-11,62.94,63.12,61.87,61.98,2156455,72.65
2023-09-12,62.03,62.55,61.69,62.09,1411407,72.78
2023-09-13,62.67,62.68,61.26,61.66,1433446,72.27
2023-09-14,62.6,63.12,62.13,62.66,1992278,73.45
2023-09-15,62.45,62.69,61.73,61.76,2463072,72.39
2023-09-18,61.6,61.71,60.75,61.04,1788334,70.64
2023-09-19,60.91,61.98,60.63,61.73,2137259,71.44
2023-09-20,62.14,62.33,61.14,61.14,1912749,70.75
2023-09-21,60.49,61.44,60.49,60.88,2288773,70.45
2023-09-22,60.97,61.15,59.65,59.84,2319364,69.25
2023-09-25,59.62,60.46,59.62,60.31,1923616,69.79
2023-09-26,60.02,60.39,58.69,58.79,2185779,68.03
2023-09-27,58.93,59.37,58.5,59.08,1939042,68.37
2023-09-28,58.9,59.69,58.55,59.54,1364461,68.9
2023-09-29,59.93,60.31,59.48,60.03,1927673,69.47
2023-10-02,60.1,60.35,59.41,59.7,2143583,69.09
2023-10-03,59.6,59.81,57.89,58.42,1875008,67.61
2023-10-04,59.38,59.93,58.78,59.24,2334074,68.56
2023-10-05,58.72,59.05,58.18,58.44,1827653,67.63
2023-10-06,58.17,59.99,58,59.42,2256327,68.76
2023-10-09,59.11,60.96,58.99,60.71,2052215,70.25
2023-10-10,61.02,61.88,60.75,60.82,2167511,70.38
2023-10-11,60.85,61.52,60.59,61.31,1659027,70.95
2023-10-12,61.28,61.38,60.39,60.82,1910946,70.38
2023-10-13,60.62,60.76,59.84,60.05,2047661,69.49
2023-10-16,60.43,61.38,60.22,61.15,1760483,70.76
2023-10-17,61.18,61.8,60.9,61.38,1650727,71.03
2023-10-18,61,61.39,60.34,60.66,1999831,70.2
2023-10-19,62.63,62.64,59.7,60.06,2803060,69.5
2023-10-20,60,60.06,59.12,59.35,1903854,68.68
2023-10-23,59.24,59.86,58.75,58.93,1893150,68.2
2023-10-24,59.32,59.8,58.42,58.75,1667277,67.99
2023-10-25,58.57,59.06,58.2,58.41,1833462,67.59
2023-10-26,58.08,58.46,57.09,57.13,2080712,66.11
2023-10-27,56.91,57.51,55.39,55.66,2223287,64.41
2023-10-30,55.77,56.2,55.36,55.73,1891226,64.49
2023-10-31,56,57.98,55.74,57.74,2982813,66.82
2023-11-01,57.61,57.64,56.18,57.01,1989814,65.97
2023-11-02,57.64,58.22,57.3,57.33,2195162,66.35
2023-11-03,58.1,58.7,57.97,58.06,2010108,67.19
2023-11-06,58.23,58.65,57.57,57.86,2595073,66.96
2023-11-07,57.6,57.74,56.35,56.66,2791231,65.57
2023-11-08,56.17,56.81,55.17,55.25,3205441,63.94
2023-11-09,55.44,55.51,54.16,54.34,2177148,62.88
2023-11-10,54.53,55.53,53.84,55.41,2575487,64.12
2023-11-13,54.97,55.43,54.78,55.17,2372336,63.84
2023-11-14,56.55,57.9,56.18,57.45,3889547,66.48
2023-11-15,58.78,59.83,58.35,59.52,5425080,68.88
2023-11-16,58.98,59.39,57.02,57.68,4205359,66.75
2023-11-17,58.51,59.38,58.28,58.95,4317345,68.22
2023-11-20,58.94,59.09,58.38,58.86,5177241,68.11
2023-11-21,56.17,58.8,54.37,58.43,8199617,67.62
2023-11-22,58.75,59.56,58.23,58.79,3632286,68.03
2023-11-24,59.1,60.22,58.59,60.07,1701461,69.51
2023-11-27,59.69,60.08,58.86,59.94,3034966,69.36
2023-11-28,60.12,61.61,59.34,61.37,2951510,71.02
2023-11-29,61.41,61.91,60.97,61.16,2775376,70.78
2023-11-30,61.59,61.59,60.27,61.3,4275567,70.94
2023-12-01,61.32,63.51,61.16,63.44,3064919,73.42
2023-12-04,63.31,64.8,63.25,64.54,2916355,74.69
2023-12-05,63.6,64.29,63.51,63.95,2759624,74
2023-12-06,64.29,65.46,64.13,64.89,2595081,75.09
2023-12-07,64.79,65.46,64.26,64.43,2824687,74.56
2023-12-08,64.75,64.77,63.76,63.94,2834089,73.99
2023-12-11,65.63,66.07,64.85,64.87,3109647,74.14
2023-12-12,64.31,64.76,63.89,64.06,2411646,73.21
2023-12-13,63.67,63.88,61.85,63.32,4435983,72.37
2023-12-14,64.5,68.29,64.23,67.81,6269625,77.5
2023-12-15,68.29,68.61,66.98,67.66,6057220,77.32
2023-12-18,67.81,67.84,67.04,67.66,2397791,77.32
2023-12-19,67.81,68.11,67.08,67.76,2272939,77.44
2023-12-20,67.38,67.52,66.13,66.16,2448020,75.61
2023-12-21,66.71,66.73,66,66.34,1800207,75.82
2023-12-22,66.26,67.08,66.1,66.62,2100128,76.14
2023-12-26,66.82,68.27,66.75,68.15,2505494,77.88
2023-12-27,68.08,68.25,67.54,68.21,1497122,77.95
2023-12-28,68.25,68.83,68.07,68.65,1470505,78.46
2023-12-29,68.64,69.08,68.25,68.5,1834659,78.28
2024-01-02,68.47,69.6,67.45,67.6,3204355,77.26
2024-01-03,67.27,67.34,65.65,66,2116757,75.43
2024-01-04,65.74,66.27,65.58,65.89,1890479,75.3
2024-01-05,65.87,67.33,65.65,66.35,3027244,75.83
2024-01-08,66.23,66.62,65.74,66.1,2346177,75.54
2024-01-09,65.44,66.02,64.84,65.77,2653052,75.16
2024-01-10,65.97,66.61,65.85,66.3,1757330,75.77
2024-01-11,66.5,66.5,64.46,65.32,2447829,74.65
2024-01-12,65.62,66.18,64.22,64.63,2383499,73.86
2024-01-16,64.09,64.3,62.23,62.88,2970784,71.86
2024-01-17,62.27,62.94,61.73,62.25,2364018,71.14
2024-01-18,62.5,63.09,61.55,62.07,2296548,70.94
2024-01-19,62.13,62.5,60.95,62.13,2219189,71
2024-01-22,62.35,64.52,61.96,64.3,3636600,73.49
2024-01-23,64.97,65.57,63.64,63.94,2492258,73.07
2024-01-24,64.51,65.42,63.74,64.16,1917933,73.33
2024-01-25,64.75,66.27,64.75,65.81,3480462,75.21
2024-01-26,66.06,66.76,65.26,65.47,1973209,74.82
2024-01-29,65.4,65.5,63.47,64.17,3007842,73.34
2024-01-30,63.59,64.61,62.65,64.16,2442198,73.32
2024-01-31,63.9,64.4,63.05,63.43,9978894,72.49
2024-02-01,63.74,65.85,63.35,65.84,2374540,75.24
2024-02-02,65.22,66.65,64.09,66.23,2399692,75.69
2024-02-05,65.28,65.36,64.28,64.93,1859737,74.21
2024-02-06,64.75,65.78,64.37,65.49,1683703,74.84
2024-02-07,65.88,66.16,64.94,66.05,2014542,75.48
2024-02-08,66.12,66.45,65.66,66.05,1877548,75.49
2024-02-09,66.06,66.22,65.42,66.15,1532922,75.6
2024-02-12,66.32,67.51,65.34,66.43,2578000,75.92
2024-02-13,64.8,65.34,63.38,63.79,2719718,72.9
2024-02-14,63.91,65.31,63.62,65.28,2427051,74.6
2024-02-15,65.44,66.35,65.18,65.32,1873775,74.65
2024-02-16,65.01,65.56,64.35,64.53,1919827,73.75
2024-02-20,64.07,64.42,63.39,64.11,3180286,73.27
2024-02-21,63.88,65.47,63.77,64.86,1821385,74.12
2024-02-22,65.22,66.15,65.09,65.81,1791427,75.21
2024-02-23,66.03,67.34,65.86,66.75,1896013,76.28
2024-02-26,66.56,67.53,66.31,66.89,2426458,76.45
2024-02-27,67.07,69.33,66.96,69.18,3756633,79.06
2024-02-28,69.49,70.27,69.17,69.72,4756157,79.68
2024-02-29,72.63,75.35,70.17,70.77,9020668,80.88
2024-03-01,71.15,71.56,67.83,68.18,4911827,77.92
2024-03-04,68.68,69.41,67.72,67.85,4453154,77.54
2024-03-05,66.47,66.95,65.71,66.47,5229209,75.96
2024-03-06,66.35,69.12,65.56,68.43,4223568,78.21
2024-03-07,68.6,69.66,68.34,69.58,2773306,79.52
2024-03-08,69.9,70.34,68.5,68.76,3295879,78.58
2024-03-11,68.78,68.78,66.72,66.85,2455982,76.4
2024-03-12,66.82,69.11,66.81,67.67,2825079,77.34
2024-03-13,68.01,69.37,67.71,67.83,2517646,77.52
2024-03-14,68.11,68.43,67.04,67.78,2685623,77.46
2024-03-15,67.29,68.42,67.1,68.27,8646933,78.02
2024-03-18,67.95,68.34,66.88,67.49,3451755,77.13
2024-03-19,67.06,69.2,66.84,68.45,3597175,78.23
2024-03-20,70.42,70.58,69.09,69.6,4083792,78.59
2024-03-21,69.59,71.5,69.59,71.24,4898114,80.44
2024-03-22,73.51,73.83,71.69,72.32,4950015,81.66
2024-03-25,72.11,72.96,71.36,71.49,2813711,80.72
2024-03-26,71.4,72.44,70.86,70.91,2106669,80.06
2024-03-27,71.16,73.23,71.16,72.51,3906812,81.87
2024-03-28,72.69,73.47,72.33,72.65,2571276,82.03
2024-04-01,72.71,73.43,72.28,72.3,1888154,81.64
2024-04-02,71.88,72.12,70.78,71,2020327,80.17
2024-04-03,70.97,71.29,70.06,70.24,2063047,79.31
2024-04-04,71.14,71.6,69.41,69.97,2252673,79
2024-04-05,69.86,70.72,69.79,70.51,1680105,79.61
2024-04-08,70.83,72.1,70.67,70.98,2444284,80.14
2024-04-09,71.48,73.79,71.44,73.11,3370902,82.55
2024-04-10,71.67,72.67,70.64,70.75,4456723,79.89
2024-04-11,71.18,71.6,69.99,70.86,2461609,80.01
2024-04-12,69.97,70.09,68.2,69.08,2710481,78
2024-04-15,69.83,70.48,67.35,67.57,3084696,76.29
2024-04-16,67.3,67.68,66.57,66.57,3936727,75.17
2024-04-17,67.09,67.92,66.72,67.51,2307495,76.23
2024-04-18,67.93,68.48,66.98,67.31,1659918,76
2024-04-19,67.23,68.05,67.23,67.44,1368396,76.15
2024-04-22,67.82,68.02,66,66.53,2504837,75.12
2024-04-23,66.54,67.31,65.84,66.46,2412086,75.04
2024-04-24,66.07,66.34,65.13,65.92,3495043,74.43
2024-04-25,65.11,66.68,64.72,66.64,1857831,75.24
2024-04-26,66.6,67.44,66.43,66.47,2125289,75.05
2024-04-29,66.71,67.14,66.15,66.42,1859109,75
2024-04-30,66.04,66.56,65.01,65.22,3431131,73.64
2024-05-01,65.18,65.31,63.47,63.79,2466362,72.03
2024-05-02,64.72,64.86,63.53,64.16,1894227,72.44
2024-05-03,64.83,66.14,64.76,65.95,2058529,74.47
2024-05-06,66.27,66.59,65.73,65.89,2066164,74.4
2024-05-07,65.95,66.8,64.56,64.71,2615337,73.06
2024-05-08,64,65.42,63.6,64.86,1699674,73.23
2024-05-09,64.71,65.72,64.71,65.68,1284035,74.16
2024-05-10,65.88,65.94,65.29,65.69,1415230,74.17
2024-05-13,66.14,67.11,65.92,66.16,2108493,74.7
2024-05-14,66.87,67.74,65.79,65.85,2443671,74.35
2024-05-15,66.49,66.85,64.87,64.95,2412304,73.34
2024-05-16,64.92,66.14,64.78,65.22,2208820,73.64
2024-05-17,64.92,65.2,64.24,64.96,1603929,73.35
2024-05-20,65.02,65.84,64.8,65.46,2399797,73.91
2024-05-21,65.37,65.46,64.13,64.36,2452591,72.67
2024-05-22,63.55,64.49,62.25,62.44,4399403,70.5
2024-05-23,62.55,62.56,61.37,61.67,2247724,69.63
2024-05-24,62.01,63.37,62.01,63.32,2983427,71.5
2024-05-28,63.65,65.02,63.5,64.25,3371285,72.55
2024-05-29,63.77,64.23,62.77,63.68,5864440,71.9
2024-05-30,69.04,72.47,68.55,72.22,13938443,81.55
2024-05-31,71.91,75.13,69.97,75.12,9814637,84.82
2024-06-03,75.91,77.69,75.36,77,9941070,86.94
2024-06-04,77,77.99,76.25,77.8,4427667,87.85
2024-06-05,77.94,78.79,76.68,78.77,3443226,88.94
2024-06-06,78.31,78.78,77.86,78.08,2883789,88.16
2024-06-07,77.75,78.82,77.53,77.87,2380483,87.92
2024-06-10,77.78,77.85,76.58,77.18,3247564,87.15
2024-06-11,76.86,77.28,76.07,77.15,2331928,87.11
2024-06-12,77.89,78.73,75.93,76.5,2674062,86.38
2024-06-13,76.5,77.99,75.79,77.7,2944188,87.73
2024-06-14,77.05,77.66,76.5,77.24,2857587,87.21
2024-06-17,79.88,81.35,78,80.82,5237664,91.26
2024-06-18,80.82,83,80.43,82.92,5575901,93.63
2024-06-20,82.57,82.96,81.81,82.64,3586551,92.37
2024-06-21,82.59,82.77,80.69,80.87,7165835,90.4
2024-06-24,81.2,81.41,79.89,79.92,2308871,89.33
2024-06-25,79.7,79.8,76.96,77.4,3942141,86.52
2024-06-26,77.15,77.28,75.08,75.38,3970071,84.26
2024-06-27,75.11,75.6,74.45,75.44,2392820,84.32
2024-06-28,75.24,76.21,74.99,75.41,3623257,84.29
2024-07-01,75.44,75.73,73.49,73.62,2571900,82.29
2024-07-02,72.96,73.55,72.04,73.51,3112437,82.17
2024-07-03,74.17,74.92,73.55,73.66,1471263,82.33
2024-07-05,73.63,74.06,73.03,73.76,3627790,82.45
2024-07-08,74.27,77.32,74.27,76.5,4763097,85.51
2024-07-09,76.8,77.66,76.46,77.31,3608898,86.42
2024-07-10,78.28,78.62,76.14,76.55,3623267,85.57
2024-07-11,77.26,78.72,76.56,76.95,2738426,86.01
2024-07-12,77.31,78.11,76.86,77.18,2423799,86.27
2024-07-15,76.75,77.32,76.22,76.49,2442128,85.5
2024-07-16,77.04,78.58,76.57,78.06,2590056,87.25
2024-07-17,77.22,80.28,77.05,79.77,3977372,89.16
2024-07-18,79.39,81.03,78.61,78.82,3610439,88.1
2024-07-19,78.95,79.64,78.48,79.26,3024049,88.6
2024-07-22,79.93,79.93,77.64,79.59,3756922,88.96
2024-07-23,79.14,80.05,78.76,79.58,2589706,88.95
2024-07-24,79.58,79.66,77.8,78.49,2586525,87.73
2024-07-25,78.22,79.17,77.94,78.15,1823888,87.35
2024-07-26,78.82,79.35,77.63,78.15,1734759,87.35
2024-07-29,78.21,78.5,75.84,76.47,2973776,85.48
2024-07-30,76.47,77.04,75.58,76.36,2326480,85.35
2024-07-31,76.4,78.12,75.9,77.4,5801862,86.52
2024-08-01,77.6,78.19,75.44,76.64,2521174,85.67
2024-08-02,75.15,75.29,73.26,73.68,2875392,82.36
2024-08-05,71.12,72.3,70.27,71.78,3048361,80.23
2024-08-06,72.1,73.76,71.41,73.36,2871855,82
2024-08-07,74.19,74.88,72.13,72.2,2055702,80.7
2024-08-08,72.53,73.96,72.4,73.86,1688543,82.56
2024-08-09,73.79,74.96,73.3,74.91,1679514,83.73
2024-08-12,74.08,74.48,72.52,72.64,2493329,81.2
2024-08-13,73.16,75.01,73.14,74.38,2111552,83.14
2024-08-14,75.04,75.3,73.84,74.17,1403600,82.91
2024-08-15,76.8,77.25,75.01,75.2,2300821,84.06
2024-08-16,75.18,76.36,74.99,76.26,1919730,85.24
2024-08-19,76.06,76.84,75.42,76.08,1464097,85.04
2024-08-20,75.72,76.25,75.33,75.81,1193675,84.74
2024-08-21,76.94,77.9,76.62,77.87,1902262,87.04
2024-08-22,77.29,77.61,76.31,76.71,2184244,85.75
2024-08-23,77.2,78.96,77.03,78.86,2067168,88.15
2024-08-26,79.11,80.22,78.54,79.52,3658613,88.89
2024-08-27,78.79,80.04,78.48,79.51,2838897,88.88
2024-08-28,78.35,79.5,78.12,78.54,4293729,87.79
2024-08-29,91.83,92.78,87.36,89.62,12091229,100.18
2024-08-30,90.15,91.34,88.44,89.82,5553076,100.4
2024-09-03,89.46,91.93,89.19,90.3,3501366,100.94
2024-09-04,90.04,90.38,88.62,89.43,3301861,99.96
2024-09-05,89.66,90.37,88.49,88.94,1965398,99.41
2024-09-06,88.84,89.84,87.69,88.12,2463218,98.5
2024-09-09,88.37,88.73,87.04,87.75,3263725,98.09
2024-09-10,87.42,87.48,85.36,86.22,3651746,96.37
2024-09-11,85.95,87.42,84.84,87.32,3063175,97.6
2024-09-12,87.09,88.05,86.32,87.45,1957358,97.75
2024-09-13,88.13,88.98,87.65,88.08,1942976,98.45
2024-09-16,88.34,88.69,86.86,88.38,2617815,98.79
2024-09-17,88.9,89.71,88.58,89,2128074,99.48
2024-09-18,89.02,89.79,88.4,88.63,2319243,99.07
2024-09-19,89.83,91.17,88.75,88.93,2897367,98.46
2024-09-20,88.85,88.97,87.4,87.88,3241760,97.3
2024-09-23,88.4,88.72,87.34,88.39,2079147,97.86
2024-09-24,88.71,89.42,88.38,89.4,2047249,98.98
2024-09-25,89.24,89.24,88.13,88.37,2147002,97.84
2024-09-26,89.02,90.49,88.73,90.32,2839739,100
2024-09-27,91.59,92.72,91.05,92.36,4033504,102.26
2024-09-30,92.63,93.46,92.34,93.3,2807317,103.3
2024-10-01,92.69,93.12,90.59,91.54,2375673,101.35
2024-10-02,90.88,91.6,89.71,90.06,1782655,99.71
2024-10-03,89.34,89.65,87.25,88.69,3608278,98.19
2024-10-04,89.61,91.26,89.11,89.97,2171504,99.61
2024-10-07,90.15,90.4,87.48,88.35,3012531,97.82
2024-10-08,88.26,89.25,88.14,88.81,1988663,98.33
2024-10-09,88.69,89.16,88.13,89.09,1689926,98.64
2024-10-10,88.41,88.81,87.37,88.08,1981153,97.52
2024-10-11,88.13,89.23,87.65,88.01,2137664,97.44
2024-10-14,87.27,87.66,86.21,87.53,2321480,96.91
2024-10-15,87.75,89.76,87.73,88.13,2369590,97.57
2024-10-16,88.73,90.14,88.38,89.13,2454411,98.68
2024-10-17,89.42,89.42,86.79,86.96,2392945,96.28
2024-10-18,87.17,87.4,86.68,86.83,1864675,96.14
2024-10-21,86.67,86.99,83.94,84.15,2323444,93.17
2024-10-22,83.82,84.78,82.97,84.69,2032925,93.77
2024-10-23,84.28,84.86,83.64,84.31,1500828,93.35
2024-10-24,84.53,85.11,84,85.01,1324498,94.12
2024-10-25,85.01,85.35,83.23,83.71,2023236,92.68
2024-10-28,84.22,84.87,82.65,82.68,2197779,91.54
2024-10-29,81.89,82.36,80.57,81.26,3407992,89.97
2024-10-30,81.27,82.48,80.9,81.66,2201720,90.41
2024-10-31,81.24,81.94,80.66,81.68,2670412,90.43
2024-11-01,81.77,82.7,81.49,82.1,1975668,90.9
2024-11-04,82.47,85.06,82.39,83.84,2585508,92.82
2024-11-05,82.88,83.85,82.26,83.85,2260635,92.84
2024-11-06,80.27,81.29,77.5,80.75,4943185,89.4
2024-11-07,81.26,82.67,81.05,81.39,2453515,90.11
2024-11-08,81.99,82.05,79.78,80.57,2631707,89.2
2024-11-11,80.53,81.34,79.65,80.65,2609217,89.29
2024-11-12,81,82.41,80.47,81.47,2773637,90.2
2024-11-13,81.97,82.83,81.46,81.92,2452045,90.7
2024-11-14,82.07,83.73,81.74,82.72,2669920,91.58
2024-11-15,82.89,83.97,82.86,83.69,3766490,92.66
2024-11-18,83.93,83.93,80.29,80.39,3501453,89
2024-11-19,79.25,79.4,77.77,78.6,2880064,87.02
2024-11-20,77.64,78.99,77.05,78.37,4051820,86.77
2024-11-21,78.4,79.37,77.77,78.14,3295315,86.51
2024-11-22,78.9,81.49,78.58,80.87,4553058,89.54
2024-11-25,83.89,86.25,83.07,84.02,8716813,93.03
2024-11-26,78.18,80.29,75.7,79.92,10598099,88.48
2024-11-27,79.92,81.18,78.63,79.64,4011994,88.17
2024-11-29,80.64,82.25,80.43,81.29,2411691,90
2024-12-02,81.49,82.84,80.03,82.13,4253229,90.93
2024-12-03,82.14,82.14,80.14,80.36,3994057,88.97
2024-12-04,79.94,82.3,79.33,81.73,3654550,90.49
2024-12-05,81.74,82.51,80.78,81.11,2873639,89.8
2024-12-06,81.52,81.62,79.57,79.64,3295477,88.17
2024-12-09,79.93,80.11,78.78,78.87,3610059,87.32
2024-12-10,78.43,79.08,77.67,78.32,5305718,86.71
2024-12-11,78.82,79.73,78.43,78.64,2892907,87.07
2024-12-12,78.49,80.48,78.36,79.84,2829171,88.4
2024-12-13,79.91,80.57,78.6,79.12,2238124,87.6
2024-12-16,80.38,82.68,79.39,79.99,4909704,88.56
2024-12-17,79.49,80.14,78.4,79.86,2619209,87.48
2024-12-18,80.13,81.65,78.5,78.52,3440848,86.01
2024-12-19,79.08,79.49,76.84,77.78,2854133,85.2
2024-12-20,76.52,78.45,76.18,78.1,5213777,85.55
2024-12-23,77.97,78.65,77.17,77.89,2049240,85.32
2024-12-24,77.92,79.28,77.76,79.28,1025004,86.85
2024-12-26,78.88,81.86,78.88,81.59,2630185,89.37
2024-12-27,81.06,81.29,79.99,80.36,1773835,88.03
2024-12-30,79.71,79.79,78.2,78.37,2045336,85.85
2024-12-31,78.57,79.1,77.71,78.33,1962207,85.8
2025-01-02,78.77,79.77,78.34,78.66,1758597,86.17
2025-01-03,78.94,79.15,75.98,76.34,3413240,83.62
2025-01-06,76.74,78.27,76.68,77.39,2804864,84.77
2025-01-07,77.76,78.12,76.7,76.94,1921041,84.28
2025-01-08,76.68,76.92,75.53,76.86,2208013,84.19
2025-01-10,76.39,77.47,75.92,76.02,2139404,83.27
2025-01-13,76.07,77.5,75.43,76.97,2756651,84.31
2025-01-14,77.04,77.22,74.86,75.59,1943132,82.8
2025-01-15,76.95,77.27,75.46,75.96,2429231,83.21
2025-01-16,75.69,75.69,74.49,75.05,2354483,82.21
2025-01-17,75.39,75.63,74.12,74.77,2975015,81.9
2025-01-21,75.05,77.25,75.01,77.17,2713743,84.53
2025-01-22,76.49,76.83,75.84,76.61,1742835,83.92
2025-01-23,76.75,78.22,76.38,78.17,1863082,85.63
2025-01-24,78.44,78.94,77.26,77.35,2082789,84.73
2025-01-27,77.21,77.88,76.69,77.81,2453901,85.24
2025-01-28,77.85,79.4,77.32,79.22,2770709,86.78
2025-01-29,79.19,79.71,77.56,77.68,2116619,85.09
2025-01-30,78.05,80.11,77.85,79.29,2236192,86.86
2025-01-31,78.98,79.73,77.86,78.38,2864032,85.86
2025-02-03,76.14,76.84,74.04,76.48,3818460,83.78
2025-02-04,76.66,77.8,76.12,77.64,2444716,85.05
2025-02-05,78.08,79.24,77.12,78.95,2181099,86.48
2025-02-06,79.39,79.47,78.24,78.45,1640781,85.94
2025-02-07,78.15,78.34,77.34,77.5,2796489,84.89
2025-02-10,78.65,80.88,78.51,80.4,3053070,88.07
2025-02-11,80.44,81.04,79.78,80.34,2028606,88.01
2025-02-12,79.14,79.41,78.08,79.23,1874166,86.79
2025-02-13,79.46,81.88,79.4,81.4,1699749,89.17
2025-02-14,82.16,83.3,81.81,83.16,2721439,91.1
2025-02-18,83.16,83.33,81.76,83.14,3397502,91.07
2025-02-19,82.56,83.37,81.98,83.16,2284192,91.1
2025-02-20,82.82,83.69,82.3,83.02,3452746,90.94
2025-02-21,83.07,83.08,81.07,81.96,2728111,89.78
2025-02-24,81.76,81.98,79.94,80.97,2676955,88.7
2025-02-25,81.38,82.76,81.13,82.24,2992780,90.09
2025-02-26,82.86,83.26,81.53,82.53,1990846,90.41
2025-02-27,82.17,82.48,80.19,80.9,3213885,88.62
2025-02-28,80.85,82.49,80.53,82.08,3352779,89.91
2025-03-03,81.13,82.95,78.93,79.18,4065806,86.74
2025-03-04,72.52,73.15,66.57,68.65,14831570,75.2
2025-03-05,68.89,70.54,68.31,68.95,5763989,75.53
2025-03-06,68.47,72.38,68.34,71.75,4627735,78.6
2025-03-07,71.21,72.92,70.48,72.49,3116617,79.41
2025-03-10,72.29,74.13,71.37,71.99,3257997,78.86
2025-03-11,71.95,72.38,68.19,68.3,4017983,74.82
2025-03-12,68.01,68.39,65.81,66.31,4249632,72.64
2025-03-13,65.75,66.31,64.08,64.18,3387319,70.3
2025-03-14,65.15,65.53,64.11,65.26,4177086,71.49
2025-03-17,66.03,67.44,65.24,67.34,4399374,73.77
2025-03-18,66.54,67.26,66.26,66.76,2396896,73.13
2025-03-19,67.13,67.75,66.29,67.36,2489090,73.79
2025-03-20,67.13,68.63,67.02,67.08,2664750,73.48
2025-03-21,66.24,67.3,65.16,67.15,6849589,73.56
2025-03-24,67.62,69.25,67.56,69.08,3256081,75.67
2025-03-25,69.17,69.88,68.52,68.99,2310817,74.62
2025-03-26,69.17,69.98,68.4,69.18,2398276,74.83
2025-03-27,68.93,70.02,68.93,69.22,2327613,74.87
2025-03-28,68.77,69.22,66.8,66.98,2547781,72.45
2025-03-31,65.94,68.7,65.73,68.05,3529014,73.61
2025-04-01,68.1,69.08,67.63,68.75,2346605,74.37
2025-04-02,68.04,70.53,67.75,70.01,2160669,75.73
2025-04-03,61.29,62.09,57.19,57.52,10734596,62.22
2025-04-04,54.79,57.57,53.01,55.88,8429459,60.44
2025-04-07,54.97,60.18,53.96,56.61,9968218,61.23
2025-04-08,59.17,59.59,50.85,51.93,7836705,56.17
2025-04-09,52.22,59.01,50.84,58.84,12480809,63.65
2025-04-10,56.66,56.78,52.93,55.24,7115385,59.75
2025-04-11,54.47,56.05,52.93,55.87,5163791,60.43
2025-04-14,59.66,59.66,56.49,57.1,9499282,61.76
2025-04-15,57.15,58.2,56.18,56.52,4036810,61.14
2025-04-16,55.97,56.8,54.69,55.13,3158071,59.63
2025-04-17,55.5,57.67,55.5,57.29,3862549,61.97
2025-04-21,56.66,57.59,55.75,57.42,3088529,62.11
2025-04-22,58.37,59.55,57.72,58.59,4699347,63.38
2025-04-23,61.65,63.14,58.56,58.68,4941709,63.47
2025-04-24,59.17,61.17,58.13,61.02,3671655,66
2025-04-25,61.01,63.06,60.99,62.6,5171811,67.71
2025-04-28,62.87,63.56,61.19,62.39,3462329,67.48
2025-04-29,61.79,62.04,61.11,61.65,2453212,66.68
2025-04-30,60.57,61.72,59.75,61.65,3534901,66.69
2025-05-01,62.21,62.7,61.67,61.98,2596273,67.04
2025-05-02,63.39,64.06,62.39,62.93,3315535,68.07
2025-05-05,62.08,63.71,62.08,62.55,2103699,67.66
2025-05-06,61.75,62.07,61.08,61.65,2235821,66.68
2025-05-07,62.25,63.61,61.98,63.22,2983545,68.38
2025-05-08,63.92,65.08,63.04,64.18,2519304,69.42
2025-05-09,64.24,64.33,63.33,63.65,1881824,68.85
2025-05-12,69.6,70.63,66.44,67.83,5019260,73.37
2025-05-13,68.84,69.09,68,68.2,2935706,73.77
2025-05-14,67.88,68.72,67.5,67.85,3529120,73.39
2025-05-15,67.42,67.81,66.92,67.34,2148487,72.84
2025-05-16,67.88,68.3,67.18,68.23,2137780,73.8
2025-05-19,66.88,67.15,65.69,66.19,3356691,71.6
2025-05-20,66.1,67.28,65.53,65.78,4254566,71.15
2025-05-21,64.71,66.25,64.22,64.85,3541131,70.15
2025-05-22,64.62,65.72,64.5,65.42,3125242,70.76
2025-05-23,62.63,65.38,62.46,64.64,3591184,69.92
2025-05-27,66.05,66.82,65.25,66.77,3619872,72.22
2025-05-28,66.97,67.41,66.11,66.12,4761970,71.52
2025-05-29,63.21,63.7,59.45,61.31,11678831,66.32
2025-05-30,61.05,62.09,60.89,61.28,6442231,66.28
2025-06-02,61.75,63.2,61.11,63.12,4785817,68.27
2025-06-03,63.17,65.01,63,64.57,4007423,69.84
2025-06-04,64.31,64.7,63.73,64.41,2496318,69.67
2025-06-05,64.16,65.99,63.49,65.14,3325544,70.46
2025-06-06,65.71,67.83,65.71,67.51,3845723,73.02
2025-06-09,68.26,68.27,67.08,67.26,4425001,72.75
2025-06-10,67.71,69.74,67.48,69.25,4247307,74.91
2025-06-11,69.43,69.71,66.92,67.16,3485708,72.65
2025-06-12,66.88,67.14,66.4,67.06,2455931,72.54
2025-06-13,65.96,66.62,63.99,64.35,2916820,69.6
2025-06-16,65.22,65.94,64.45,65.85,2989265,71.23
2025-06-17,65.1,65.36,63.98,64.15,4375057,69.39
2025-06-18,64.12,64.41,63.48,63.51,2799138,67.76
2025-06-20,63.8,64.04,62.71,63.29,5188012,67.52
2025-06-23,62.57,62.67,60.6,62.21,3985173,66.37
2025-06-24,62.86,64.8,62.7,64.53,4386404,68.84
2025-06-25,64.28,64.69,63.14,63.74,2837641,68
2025-06-26,64.08,64.45,63.34,64.14,2148147,68.43
2025-06-27,64.69,65.14,62.99,63.94,4742994,68.22
2025-06-30,64.2,64.3,62.58,62.92,3711762,67.13
2025-07-01,63.07,67.65,62.89,66.22,5341174,70.65
2025-07-02,66.86,67.42,65.87,67.1,3687538,71.59
2025-07-03,67.68,68.28,67.18,67.58,1784955,72.1
2025-07-07,67.1,67.33,65.43,66.09,4196100,70.51
2025-07-08,66.58,68.21,66.38,67.71,3915112,72.24
2025-07-09,67.98,68.51,67.37,67.92,2800133,72.46
2025-07-10,68.02,70.07,67.84,69.1,3650413,73.72
2025-07-11,68.12,68.56,67.24,67.29,3039934,71.79
2025-07-14,66.06,66.56,65,66.5,4043414,70.95
2025-07-15,66.46,67.38,64.54,64.55,3330113,68.87
2025-07-16,64.79,64.79,62.22,62.66,4334625,66.85
2025-07-17,62.8,63.58,62.51,63.43,3058857,67.67
2025-07-18,63.65,63.67,62.31,63.32,3540311,67.55
2025-07-21,63.55,63.79,61.64,62.04,4405273,66.19
2025-07-22,62.35,64.21,62.32,63.88,3466748,68.15
2025-07-23,64.51,64.85,63.88,64.17,4195981,68.46
2025-07-24,64.74,65.43,62.78,63.07,3232534,67.29
2025-07-25,63.55,63.94,62.61,63.21,2553494,67.44
2025-07-28,63.47,64.66,63.06,63.54,2443416,67.79
2025-07-29,63.59,63.63,62,62.28,3172012,66.44
2025-07-30,62.28,62.94,61.3,61.67,3284721,65.79
2025-07-31,61.23,61.62,60.73,60.98,3149417,65.06
2025-08-01,60.48,60.55,59.42,60.1,3189002,64.12
2025-08-04,60.61,62.42,60.61,62.07,2822761,66.22
2025-08-05,62.31,63.01,61.96,62.78,2047188,66.98
2025-08-06,63.28,63.75,62.91,63.2,3191200,67.43
2025-08-07,64.06,64.41,62.57,63.32,2135740,67.55
2025-08-08,63.24,64.72,63.12,64.65,2441579,68.97
2025-08-11,64.69,65.69,63.26,64.29,2862507,68.59
2025-08-12,64.99,66.26,64.78,65.84,3175822,70.24
2025-08-13,65.97,68.39,65.72,68.17,3560266,72.73
2025-08-14,67,67.68,66.36,67.24,2650595,71.74
2025-08-15,67.63,67.87,66.46,67.14,2297460,71.63
2025-08-18,67.36,67.53,66.74,67.3,3490228,71.8
2025-08-19,68.61,70.93,68.31,69.46,5736079,74.1
2025-08-20,68.43,69.24,67.2,67.74,2593810,72.27
2025-08-21,67.23,68.18,66.98,67.85,2805932,72.39
2025-08-22,68.77,71.14,68.59,70.67,4186390,75.39
2025-08-25,70.11,70.34,68.72,69.66,3488389,74.32
2025-08-26,69.44,70.13,68.7,69.05,4830535,73.67
2025-08-27,69.48,70.89,69.24,70.72,4001492,75.45
2025-08-28,72.78,73.62,66.03,68.11,9369590,72.66
2025-08-29,68.25,70,67.62,69.03,4435297,73.64
2025-09-02,68.45,69.83,67.25,69.79,4838981,74.46
2025-09-03,69.38,70.67,69.04,70.2,3391157,74.89
2025-09-04,70.3,72.25,70.25,72.22,4477624,77.05
2025-09-05,72.14,73.29,71.33,71.4,2332494,76.17
2025-09-08,71.97,73.06,70.81,72.73,3770910,77.59
2025-09-09,72.48,72.59,71.68,72.19,2842242,77.02
2025-09-10,71.33,72.08,70.84,71.81,2858486,76.61
2025-09-11,72.01,73.83,72.01,73.54,2720572,78.46
2025-09-12,73.11,73.11,71.08,71.12,2140315,75.87
2025-09-15,71.19,71.25,69.21,69.88,2713670,74.55
2025-09-16,69.89,70.15,68.84,69.4,2708463,74.04
2025-09-17,70.03,72.11,69.42,69.85,4525611,74.52
2025-09-18,70.68,71.14,69.51,70,4474502,73.73
2025-09-19,70.03,70.28,68.23,68.58,5600585,72.23
2025-09-22,68.54,69.37,68.11,68.67,3626658,72.33
2025-09-23,68.78,70.9,68.73,69.32,3342143,73.01
2025-09-24,69.66,70.44,69.47,70.42,3169627,74.17
2025-09-25,69.78,71.08,69.75,70.44,3022967,74.19
2025-09-26,70.38,72.34,70.11,72.3,3016274,76.15
2025-09-29,72.79,72.86,71.08,71.83,2683873,75.66
2025-09-30,71.54,72.05,70.56,71.8,2265503,75.62
2025-10-01,71.87,73.51,71.26,73.44,3139722,77.35
2025-10-02,73.3,74.69,72.65,72.75,2533218,76.62
2025-10-03,72.88,74.27,72.59,72.97,2172647,76.86
2025-10-06,73.08,73.95,71.59,71.78,3043621,75.6
2025-10-07,71.82,72.21,70.84,71.43,2348713,75.23
2025-10-08,72.76,73.48,71.92,73.06,2555694,76.95
2025-10-09,72.62,72.8,70.86,71.43,2337872,75.23
2025-10-10,72.11,72.11,66.85,66.87,4963257,70.43
2025-10-13,69.07,73.62,68.47,73.53,4981619,77.45
2025-10-14,72.38,74.49,72.1,73.31,4214578,77.21
2025-10-15,73.68,75.43,73.47,74.45,3292265,78.41
2025-10-16,74.52,74.95,73.46,74.57,3189188,78.54
2025-10-17,74.55,75.78,74.21,75.68,2332086,79.71
2025-10-20,75.95,77.07,75.86,76.91,4272929,81.01
2025-10-21,76.71,78.8,76.31,78.48,3971215,82.66
2025-10-22,78.22,78.8,77.21,77.26,2896874,81.37
2025-10-23,77.01,78.41,76.47,78.26,2055376,82.43
2025-10-24,78.8,79.44,78.76,79.05,3804914,83.26
2025-10-27,80.51,80.69,78.47,78.69,5060899,82.88
2025-10-28,78.43,80.23,77.48,79.62,4529359,83.86
2025-10-29,79.28,80.26,78.87,79.75,3640120,84
2025-10-30,79.27,80.39,78.61,78.97,2490473,83.18
2025-10-31,78.51,79.49,77.93,77.99,3305692,82.14
2025-11-03,77.68,77.76,75.75,77.4,3287599,81.52
2025-11-04,76.21,77.06,75.11,75.36,4082827,79.37
2025-11-05,75.44,78.42,75.05,76.79,3327665,80.88
2025-11-06,76.79,77.01,74.3,74.69,2330237,78.67
2025-11-07,74.58,75.35,73.56,75.03,3130859,79.03
2025-11-10,75.16,75.19,72.79,74.2,3036126,78.15
2025-11-11,74.26,74.59,73.41,73.75,2658020,77.68
2025-11-12,73.79,74.54,73.23,73.78,2232216,77.71
2025-11-13,73.5,74.1,71.91,72.33,3566029,76.18
2025-11-14,73.26,73.42,71.79,71.89,2601058,75.72
2025-11-17,71.69,72.13,70.3,70.88,3195148,74.65
2025-11-18,70.19,71.11,69.32,70.64,3248228,74.4
2025-11-19,70.64,72.33,70.34,70.62,3316499,74.38
2025-11-20,71.51,72.35,69.8,70.05,3017265,73.78
2025-11-21,70.95,74.52,70.66,72.58,4072702,76.45
2025-11-24,73.06,73.51,71.4,71.8,7166147,75.62
2025-11-25,72.76,76.49,71.21,75.63,7625390,79.66
2025-11-26,76.58,79.44,76.51,76.89,5607862,80.98
2025-11-28,76.6,77.2,75.03,75.27,2491692,79.28
2025-12-01,74.06,74.79,72.64,73.33,6989530,77.24
2025-12-02,73.88,73.88,70.48,71.1,6596475,74.89
2025-12-03,71.51,72.08,70.6,70.62,3669841,74.38
2025-12-04,70.74,71.91,70.25,70.32,4592257,74.06
2025-12-05,70.35,70.81,69.55,70.42,3977721,74.17
2025-12-08,70.32,70.47,68.87,68.89,4759378,72.56
2025-12-09,68.36,70.93,68.17,69.47,4269135,73.17
2025-12-10,69.4,70.57,68.95,70.37,5666382,74.12
2025-12-11,70.4,71.97,70.09,71.18,3877594,74.97
2025-12-12,71.49,72.18,69.56,69.75,3328620,73.46
2025-12-15,70.26,70.6,69.05,69.2,6194558,72.89
2025-12-16,69.36,70.49,68.83,69.86,7247862,72.62
2025-12-17,69.14,70.13,68.53,68.73,5296766,71.45
2025-12-18,69.76,71.08,68.89,69.03,4829971,71.76
2025-12-19,69.06,69.44,68.04,69.1,7236531,71.83
2025-12-22,69.26,69.44,67.93,68.59,3964773,71.3
2025-12-23,68.65,68.73,66.8,66.93,4065216,69.58
2025-12-24,67.1,67.15,66.3,67.09,1870546,69.74
2025-12-26,66.73,67.05,66.46,66.96,2735533,69.61
2025-12-29,66.1,66.28,65,65.26,5936426,67.84
2025-12-30,64.98,65.43,64.73,65.25,2918955,67.83
2025-12-31,65.09,65.1,64.33,64.38,2168511,66.93
2026-01-02,64.86,66.62,64.13,66.55,4167044,69.18
2026-01-05,66.4,68.24,66.38,67.39,4641476,70.05
2026-01-06,66.53,69.47,65.9,69.43,5434388,72.17
2026-01-07,69.36,70.06,66.1,66.21,4614038,68.83
2026-01-08,65.49,70.33,65.44,69.08,5573493,71.81
2026-01-09,69.7,70.62,67.12,67.92,5148145,70.61
2026-01-12,67.13,67.35,64.42,64.62,5277287,67.17
2026-01-13,65.39,65.6,64.43,64.91,4361505,67.48
2026-01-14,64.6,66.1,64.1,64.14,4460953,66.68
2026-01-15,64.39,65.77,63.59,65.55,3787392,68.14
2026-01-16,64.93,65.2,63.49,65.18,6554535,67.76
2026-01-20,64.15,64.79,62.92,63.33,5528306,65.83
2026-01-21,63.11,64.13,62.58,64.03,4306482,66.56
2026-01-22,64.42,65.05,64.06,64.51,3249044,67.06
2026-01-23,64.26,64.88,63.87,64.5,3154458,67.05
2026-01-26,64.53,65.75,64.13,64.21,2909125,66.75
2026-01-27,64.21,64.29,62.57,63.24,3976604,65.74
2026-01-28,63.81,63.81,62.31,63.07,3823307,65.56
2026-01-29,63.22,63.59,62.38,62.67,3681852,65.15
2026-01-30,62.56,64.03,61.66,62.62,7273763,65.1
2026-02-02,61.09,63.41,60.38,63.39,4869956,65.9
2026-02-03,62.86,64.85,61.95,63.08,3339524,65.57
2026-02-04,63.84,66.42,63.54,65.9,4690177,68.5
2026-02-05,65.92,66.38,63.91,65.59,3579234,68.18
2026-02-06,65.75,67.84,65.65,67.73,3051600,70.41
2026-02-09,66.73,66.96,64.39,64.53,4914024,67.08
2026-02-10,65.02,66.67,65.02,65.45,4477398,68.04
2026-02-11,65.61,65.76,64.19,64.53,3924475,67.08
2026-02-12,64.54,65.6,61.95,62.4,4200870,64.87
2026-02-13,62.22,63.81,61.81,63.3,4175260,65.8
2026-02-17,63.91,64.17,61.96,63.59,4102203,66.1
2026-02-18,63.85,65.12,62.79,64.37,3191184,66.91
2026-02-19,63.87,64.3,62.89,63.78,3666793,66.3
2026-02-20,63.25,65.62,60.58,62.03,9402166,64.48
2026-02-23,61.57,61.76,58.84,60.33,4568297,62.71
2026-02-24,60.38,61.79,60.13,60.34,4102065,62.73
2026-02-25,59.61,60.14,59.14,59.96,3382443,62.33
2026-02-26,60.88,61.7,60.13,60.47,4215653,62.86
2026-02-27,59.64,59.9,58.69,59.61,5963892,61.97
2026-03-02,58.29,59.94,58.21,59.25,8518735,61.59
2026-03-03,62.15,64.49,60.89,63.44,16608079,65.95
2026-03-04,63.8,65.78,63.15,64.83,5646697,67.39
2026-03-05,64.37,64.67,62.59,63.11,5268364,65.6
2026-03-06,62.97,64.19,61.6,64.14,5426259,66.68
2026-03-09,62.62,63.69,60.64,63.45,5551596,65.96
2026-03-10,63.15,63.75,61.64,62.34,4649613,64.8
2026-03-11,62.41,62.55,60.33,60.75,4431500,63.15
2026-03-12,60.29,62.04,59.7,60.22,5447269,62.6
2026-03-13,60.82,61.32,59.98,60.21,3330177,62.59
2026-03-16,60.53,60.91,59.57,60.5,3466457,62.89
2026-03-17,60.96,61.85,60.16,60.24,3763507,62.62
2026-03-18,60.42,61.26,59.97,60.48,3488462,62.87
2026-03-19,60.05,62.64,59.57,61.75,3645041,64.19
2026-03-20,61.57,61.66,59.74,60.41,9930990,62.8
2026-03-23,61.57,62.14,60.63,61.58,4290236,64.01
2026-03-24,60.41,60.64,59.49,60.27,5656056,61.71
2026-03-25,60.66,61.2,58.48,58.99,3740740,60.4
2026-03-26,58.63,64.79,58.5,61.73,11506048,63.21
2026-03-27,61.1,61.72,60.14,61.51,5401842,62.98
2026-03-30,62.03,63.67,61.83,62.42,4587670,63.91
2026-03-31,63.11,64.1,62.09,62.7,2962250,64.2
2026-04-01,63.3,63.47,62.13,62.81,2837052,64.31
2026-04-02,62.29,63.64,61.54,62.99,2565460,64.5
2026-04-06,62.37,63.08,61.36,62.7,2657006,64.2
2026-04-07,62.81,63.35,61.78,62.52,2850824,64.02
2026-04-08,63.92,64.71,62.96,62.97,3265290,64.48
2026-04-09,62.52,63.34,62.26,63.02,2732926,64.53
2026-04-10,63.63,64.13,60.66,60.91,2788534,62.37
2026-04-13,58.65,59.89,58.37,59.43,5511957,60.85
2026-04-14,59.49,60.95,59.45,60.61,3001938,62.06
2026-04-15,60.84,62.06,60.45,61.91,2919069,63.39
2026-04-16,62.24,63.6,62.06,63.16,2972366,64.67
2026-04-17,63.47,64.52,63.22,64.19,4835787,65.73
2026-04-20,64.16,65.83,63.37,65.37,2573092,66.94
2026-04-21,64.27,66.61,63.79,65.03,2674773,66.59
2026-04-22,62.22,63.05,61.37,62.04,4839335,63.53
2026-04-23,61.77,62.03,59.55,60.06,2789139,61.5
2026-04-24,59.94,60.16,58.84,59.04,3096827,60.45
2026-04-27,58.93,59.35,57.82,57.88,3657868,59.27
2026-04-28,58.42,59.25,57.19,57.73,2801229,59.11
2026-04-29,57.7,58.27,56.81,57.36,3326116,58.73
2026-04-30,57.28,59.24,57.28,59.08,3204019,60.49
2026-05-01,59.43,59.85,58.56,58.65,2390020,60.05
2026-05-04,58.06,58.06,56.18,56.29,2926529,57.64
2026-05-05,56.66,56.95,55.35,55.93,3622370,57.27
2026-05-06,56.48,57.63,56.4,57.32,2883779,58.69
2026-05-07,57.33,58.23,56.63,57.17,3323524,58.54
2026-05-08,57.44,58.09,56.64,58.01,2329128,59.4
2026-05-11,58.6,58.62,56.2,56.27,3833499,57.62
2026-05-12,56.3,56.81,55.74,55.86,2801411,57.2
2026-05-13,55.37,55.66,53.81,54.22,2974269,55.52
2026-05-14,54.5,55.94,54.5,55.35,3045158,56.68
2026-05-15,55.09,55.57,54.7,54.96,4252251,56.28
2026-05-18,55.16,57.02,54.79,56.53,4595864,57.88
2026-05-19,56.71,58.33,56.42,57.9,4748586,59.29
2026-05-20,57.35,59.61,55.68,59.55,4128657,60.98
2026-05-21,58.82,59.98,58.46,59.72,3893124,61.15
2026-05-22,59.77,60.87,59.76,60.19,5502899,61.63
2026-05-26,61.04,61.83,60.41,61.74,5089057,63.22
2026-05-27,62.16,63.12,61.83,63.03,6961187,64.54
2026-05-28,68.07,75.3,66.89,72.99,14366383,74.74
2026-05-29,72.27,76.37,70.5,76.13,10248791,77.95
2026-06-01,74.77,75.21,72.63,73.23,6663166,74.98
2026-06-02,72.79,73.23,71.07,71.08,4535744,72.78
2026-06-03,71.08,71.08,68.96,70.05,5800604,71.73
2026-06-04,70.95,71.21,68.91,69.33,4160899,70.99
2026-06-05,69.4,70.03,68.08,69.87,3902614,71.54
2026-06-08,69.39,72.94,69.1,72.44,3937851,74.17
2026-06-09,73,74.77,72.54,73.36,3058688,75.12
2026-06-10,73.25,74.66,72.71,73.87,4788463,75.64
2026-06-11,74.13,75.64,73.47,75.3,3254182,77.1
2026-06-12,75.97,77.09,75.27,76.69,2908718,78.53
2026-06-15,77.15,77.65,75.43,75.6,3719408,77.41
2026-06-16,75.58,76.27,73.63,73.81,3716673,75.58
2026-06-17,73.81,74.4,71.33,71.39,3875162,73.1
2026-06-18,72.01,74.92,71.76,73.95,6121242,74.73
2026-06-22,75.11,77.08,74.65,75.22,4637730,76.01
2026-06-23,73.07,74.57,71.77,74.37,5359047,75.15
2026-06-24,75.27,77.14,74.93,76.82,3145330,77.63
2026-06-25,76.33,77.81,76.04,76.09,3536985,76.89
2026-06-26,77.01,77.45,76.23,76.9,3806330,77.71
2026-06-29,76.7,77.33,74.97,76.83,3544823,77.64
2026-06-30,76.1,76.15,73.97,75.09,4175687,75.88
2026-07-01,74.53,76.48,74.31,76.43,4082359,77.23
2026-07-02,77.19,77.55,75.72,77.18,3487570,77.99
2026-07-06,77.62,77.85,76.21,77.19,3215533,78
2026-07-07,77.93,79.32,77.19,77.9,4270594,78.72
2026-07-08,77.41,77.75,75.68,77.26,2746768,78.07
2026-07-09,77.76,79.56,77.63,79.16,3450852,79.99
2026-07-10,79.74,82.28,79.34,81.94,3626878,82.8
2026-07-13,81.42,82.96,80.41,80.8,5310447,81.65
2026-07-14,80.86,83.25,79.41,83.11,3891372,83.98
2026-07-15,83.24,85.45,82.93,84.48,5149421,85.37
2026-07-16,84.66,86.44,84.13,84.4,3698514,85.29
2026-07-17,85.01,86.2,83.63,84.52,3182419,85.41
2026-07-20,84.82,84.96,83.25,84.25,2481205,85.13
2026-07-21,83.74,84.35,82.22,84.34,2943526,85.22
2026-07-22,85.11,86.33,84.48,86.21,2416215,87.11
2026-07-23,86.12,86.12,82.58,83.55,3121602,84.43
2026-07-24,82.98,85.14,82.88,84.54,2087696,85.43
2026-07-27,85.59,88.35,85.38,87.53,2822899,88.45
2026-07-28,88.17,89.78,87.92,88.54,2711480,89.47
2026-07-29,88.08,90.32,87.33,89.23,3793024,90.17
2026-07-30,88.07,88.82,86.81,86.91,2869098,87.82
2026-07-31,86.54,86.66,85.19,85.36,3799758,86.26
2026-08-03,84.6,85.66,81.96,84.36,3951850,85.25
2026-08-04,82.8,86.13,82.22,85.45,3810667,86.35
2026-08-05,83.61,84.22,82.88,83.62,2915503,84.5
2026-08-06,83.53,83.53,78.96,79.19,6055325,80.02
2026-08-07,78.8,81.32,78.18,81.15,3779189,82
2026-08-10,81.39,82.03,80.82,81.57,2573808,82.43
2026-08-11,83.27,84.69,82.26,82.42,2662487,83.28
2026-08-12,81.8,82.72,81.44,82.14,1910540,83
2026-08-13,83.04,84.89,82.65,84.46,3084349,85.35
2026-08-14,86.66,87.41,84.87,85.52,2921422,86.42
2026-08-17,85.13,86.64,84.25,84.55,2380960,85.44
2026-08-18,85.5,87.11,85.1,86.36,4263273,87.27
2026-08-19,86.7,89.32,86.7,88.28,3004776,89.21
2026-08-20,86.59,87.01,84.4,84.84,2743609,85.73
2026-08-21,85.6,87.09,84.98,85,2574871,85.89
2026-08-24,86.05,87.95,85.82,86.57,2768745,87.48
2026-08-25,85.63,86.92,83.86,84.4,4191808,85.29
2026-08-26,84.31,87.47,83.5,86.53,6810015,87.44
2026-08-27,79.76,84.07,75.9,82.69,8970135,83.56
2026-08-28,82.98,83.13,79.98,81.58,5154727,82.44
2026-08-31,81.09,81.23,78.46,79.32,5786249,80.15
2026-09-01,79,81.9,78.2,81.77,4609624,82.63
2026-09-02,82,87.52,81.99,86.1,7452665,87
2026-09-03,86.65,87.36,86.04,86.58,3363006,87.49
2026-09-04,86.57,89.88,86.23,89.33,3953222,90.27
2026-09-08,88.87,89.57,86.99,88.4,3127936,89.33
2026-09-09,88.57,89.79,87.01,87.12,3491215,88.03
2026-09-10,86.28,88.73,85.87,87.18,2729240,88.09
2026-09-11,88.12,90.42,87.15,89.86,2999783,90.8
2026-09-14,89.71,93.93,89.59,93.85,4890221,94.83
2026-09-15,94.01,94.82,92.01,92.27,3676064,93.24
2026-09-16,92.27,92.44,90.43,91.49,4018618,92.45
2026-09-17,92.74,95.85,92.59,94.56,3819363,94.56
2026-09-18,94.19,94.53,92.7991,92.85,5109117,92.85
2026-09-21,92.76,94.34,92.58,93.22,2629947,93.22
2026-09-22,94.42,95.66,94.39,94.82,2576806,94.82
2026-09-23,95.27,96.53,90.12,90.8,4864200,90.8
