date,open,high,low,close,volume,raw_close
2016-01-04,137.1,137.92,134.52,136.19,152874,136.19
2016-01-05,135.8,136.95,135.13,136.18,146902,136.18
2016-01-06,134.68,136.72,134.12,134.81,122425,134.81
2016-01-07,132.38,132.84,131.28,131.99,198324,131.99
2016-01-08,132.83,134.01,130.1,130.51,101891,130.51
2016-01-11,131.5,134.39,128.1,130.49,183821,130.49
2016-01-12,131.17,132.81,127.59,130.45,120492,130.45
2016-01-13,130.79,130.99,125.55,126,91730,126
2016-01-14,126.32,128.37,125.21,127.17,155824,127.17
2016-01-15,124.78,126.35,123.02,124.63,205334,124.63
2016-01-19,125.49,126.389,123.22,125.34,299806,125.34
2016-01-20,124.06,128.02,122.03,126.26,97291,126.26
2016-01-21,126.4,127.57,124.81,124.83,128883,124.83
2016-01-22,126,127.73,125.52,127.07,82741,127.07
2016-01-25,126.66,127.98,125.26,126.01,53643,126.01
2016-01-26,125.94,128.77,125.065,127.85,77399,127.85
2016-01-27,127.41,128.26,124.95,125.64,55392,125.64
2016-01-28,126.68,126.68,122.71,123.93,80603,123.93
2016-01-29,124.34,127.71,123.87,127.61,129274,127.61
2016-02-01,126.95,128.42,124.87,126.83,103277,126.83
2016-02-02,126.83,128.87,125.385,127.86,110567,127.86
2016-02-03,128.38,128.76,125.02,127.39,130611,127.39
2016-02-04,126.74,127.93,125.57,127.45,116186,127.45
2016-02-05,127.06,128.55,124.89,125.54,134643,125.54
2016-02-08,124.18,125.47,122.98,124.43,125463,124.43
2016-02-09,123.01,126.05,122.96,124.66,132971,124.66
2016-02-10,125.8,127.8,124.61,124.77,91551,124.77
2016-02-11,123.14,126.46,123.07,125.15,136727,125.15
2016-02-12,126.22,127.86,124.75,126.4,101777,126.4
2016-02-16,127.36,128.02,123.68,127.36,185597,127.36
2016-02-17,128.5,131.885,127.51,130.33,295885,130.33
2016-02-18,130.25,131.79,128.93,129.5,118113,129.5
2016-02-19,128.55,131.36,128.12,131.17,148112,131.17
2016-02-22,131.87,132.98,131,132.33,101483,132.33
2016-02-23,132.44,132.91,130.16,131.47,62310,131.47
2016-02-24,130.03,131.68,129.07,130.79,118571,130.79
2016-02-25,131.26,132.54,130.12,132.05,134601,132.05
2016-02-26,134.82,137.48,131.49,137.06,178026,137.06
2016-02-29,136.67,137.18,134.53,134.64,164876,134.64
2016-03-01,135.7,138.31,132.99,138.12,130608,138.12
2016-03-02,137.36,138.98,137.36,138.97,119713,138.97
2016-03-03,139.35,139.35,136.02,138.82,193294,138.82
2016-03-04,138.8,139.63,138.45,138.86,121942,138.86
2016-03-07,138.06,139,136.85,138.49,178361,138.49
2016-03-08,137.95,137.95,134.51,134.97,150785,134.97
2016-03-09,135.78,136.45,134.84,135.33,120932,135.33
2016-03-10,135.82,136.705,133.83,134.99,97286,134.99
2016-03-11,135.92,137.57,135.45,137.36,226391,137.36
2016-03-14,137.04,139,136.2,137.64,131395,137.64
2016-03-15,136.63,136.63,134.22,134.75,136230,134.75
2016-03-16,134.51,135.17,132.58,133.73,119932,133.73
2016-03-17,133.59,134.4597,131.69,131.99,312920,131.99
2016-03-18,130.75,133.875,130.17,132.02,247842,132.02
2016-03-21,132.31,135.015,131.34,134.49,141424,134.49
2016-03-22,133.99,136.41,133.99,135.33,105831,135.33
2016-03-23,134.71,135.3,133.54,133.66,105660,133.66
2016-03-24,133.24,133.95,131.78,133.92,76231,133.92
2016-03-28,134.08,134.455,132.29,134.09,103740,134.09
2016-03-29,133.73,137.12,132.765,137.12,320461,137.12
2016-03-30,137.6,138.64,135.68,136.47,105219,136.47
2016-03-31,137.6,138.27,135.45,136.72,144818,136.72
2016-04-01,136.06,139.42,135.81,139.42,102693,139.42
2016-04-04,138.37,139.73,137.39,137.86,130502,137.86
2016-04-05,136.82,137.235,135.02,135.03,375613,135.03
2016-04-06,135.28,139.39,135.28,139.19,140254,139.19
2016-04-07,138.6,139.25,135.7,136.03,128055,136.03
2016-04-08,137.42,137.615,135.22,136.55,61415,136.55
2016-04-11,136.7,137.795,135.44,136.55,107537,136.55
2016-04-12,136.47,137.31,135.91,136.93,96701,136.93
2016-04-13,137.93,139.73,137.41,139.55,89487,139.55
2016-04-14,139.2,140.7,138.3,139.55,89676,139.55
2016-04-15,139.69,140.605,138.89,140.18,118695,140.18
2016-04-18,140.44,141.1,139.0601,140.67,192093,140.67
2016-04-19,141,141.2,139.45,140.05,112674,140.05
2016-04-20,139.9,140.59,137.92,140.04,84727,140.04
2016-04-21,139.69,141.62,139.48,140.56,66479,140.56
2016-04-22,140.95,142.21,140.29,142.05,94115,142.05
2016-04-25,141.28,142.08,140.67,141.59,91518,141.59
2016-04-26,142.22,142.73,141.18,142.32,103121,142.32
2016-04-27,142.11,143.13,141.41,142.98,92920,142.98
2016-04-28,142.08,144.52,142.08,142.96,144144,142.96
2016-04-29,142.45,142.7,140.54,141.85,166588,141.85
2016-05-02,141.68,144.32,140.8,144.07,141897,144.07
2016-05-03,142.76,144.14,142.12,143.22,95412,143.22
2016-05-04,143.05,144.29,141.71,142.33,110795,142.33
2016-05-05,142.72,144,141.27,143.39,109202,143.39
2016-05-06,142.07,143.7,138.81,141.63,327406,141.63
2016-05-09,141.1,142.8,140.85,141.86,133956,141.86
2016-05-10,142.72,142.97,142.06,142.72,75608,142.72
2016-05-11,142.85,143.28,141.68,141.87,231807,141.87
2016-05-12,142.55,143.56,141.94,143.19,141127,143.19
2016-05-13,142.34,144.585,142.12,143.07,139122,143.07
2016-05-16,142.91,144.782,142.91,144.31,69793,144.31
2016-05-17,143.92,144.4,141.83,142.38,98934,142.38
2016-05-18,141.11,143.5,141.11,143.15,152993,143.15
2016-05-19,142.06,143.53,141.4,142.55,135215,142.55
2016-05-20,143.04,144.5,143.04,144.36,128794,144.36
2016-05-23,144.48,145.06,143.3,144.15,95819,144.15
2016-05-24,145.24,148.43,144.75,148.05,81721,148.05
2016-05-25,147.6,148.58,147.11,147.99,156369,147.99
2016-05-26,147.89,148.85,147.54,147.81,120216,147.81
2016-05-27,148.38,148.905,147.73,148.72,70809,148.72
2016-05-31,149.05,149.87,148.26,148.85,97696,148.85
2016-06-01,148.36,149.42,147.61,149.14,99000,149.14
2016-06-02,148.99,149.88,148.64,149.49,101860,149.49
2016-06-03,149.36,149.36,147.14,148.3,59195,148.3
2016-06-06,148.86,149.38,148.15,148.56,77671,148.56
2016-06-07,148.39,149.51,147.63,149.45,105340,149.45
2016-06-08,149.01,150,148.6,149.99,95749,149.99
2016-06-09,149.12,149.61,148.29,148.64,62278,148.64
2016-06-10,148.03,149.96,146.35,146.58,59183,146.58
2016-06-13,146.04,147.6,144.77,144.84,70142,144.84
2016-06-14,144.86,144.99,143,144.17,57718,144.17
2016-06-15,144.13,144.33,141.06,141.16,224539,141.16
2016-06-16,140.78,141.89,138.79,140,200030,140
2016-06-17,140.17,141.5,140.105,140.92,399576,140.92
2016-06-20,142,143.51,141.43,142.92,85649,142.92
2016-06-21,142.69,143.62,141.03,141.83,117708,141.83
2016-06-22,141.55,143.53,140.96,141.9,174510,141.9
2016-06-23,142.21,143.95,141.311,142.39,143831,142.39
2016-06-24,137.59,139.14,137.59,138.69,357842,138.69
2016-06-27,137.24,138.5,135.94,137.17,208142,137.17
2016-06-28,138.01,139.14,137.24,138.74,100507,138.74
2016-06-29,140.12,140.12,138.66,139.18,95375,139.18
2016-06-30,139.15,143.04,139.15,143.02,162810,143.02
2016-07-01,142.87,144.89,142.01,143.02,82366,143.02
2016-07-05,142.93,142.93,140.58,141.34,93741,141.34
2016-07-06,140.53,142.79,140.53,142.5,189339,142.5
2016-07-07,142.69,143.29,141.98,142.67,71833,142.67
2016-07-08,143.22,144.05,142.68,143.81,83183,143.81
2016-07-11,143.85,144.72,142.91,143.92,66663,143.92
2016-07-12,144.83,145.22,144.33,144.9,55936,144.9
2016-07-13,145.47,145.62,143.92,144.21,56993,144.21
2016-07-14,145.35,145.64,144.28,145.11,60511,145.11
2016-07-15,145.15,145.25,142.36,144.07,71821,144.07
2016-07-18,144.47,145.68,143.96,144.81,99690,144.81
2016-07-19,144.47,145.8245,143.59,144.42,78034,144.42
2016-07-20,144.37,145.705,144.13,144.81,86553,144.81
2016-07-21,144.4,144.78,142.89,143.51,80106,143.51
2016-07-22,143.76,144.11,142.41,142.99,105494,142.99
2016-07-25,143.36,143.58,142.06,143.26,139255,143.26
2016-07-26,143.26,145.24,143.26,145.04,64501,145.04
2016-07-27,144.97,146.09,144.72,144.99,126777,144.99
2016-07-28,144.9,145.39,144.14,144.58,152352,144.58
2016-07-29,144.4,146.51,144.4,145.09,221655,145.09
2016-08-01,144.88,149.95,144.63,148.65,165923,148.65
2016-08-02,148.67,148.69,144.95,146.05,93490,146.05
2016-08-03,145.74,146.46,143.39,145.77,184491,145.77
2016-08-04,145,158.5,144.99,155.02,398219,155.02
2016-08-05,156.06,156.36,155.1,155.9,316663,155.9
2016-08-08,155,155.66,153.46,153.63,95253,153.63
2016-08-09,153.99,154.99,153.49,153.77,67099,153.77
2016-08-10,153.45,154.18,153.02,154.13,71927,154.13
2016-08-11,154.2,154.56,153.23,154.44,115830,154.44
2016-08-12,153.55,154.91,153.27,153.98,106836,153.98
2016-08-15,153.99,154.58,153.34,154.12,70260,154.12
2016-08-16,154.27,154.78,152.72,153.43,57596,153.43
2016-08-17,153.1,153.88,151.85,153.17,67659,153.17
2016-08-18,153,154.8,152.69,153.85,104628,153.85
2016-08-19,153.27,154.14,152.57,153.67,85703,153.67
2016-08-22,153.39,153.96,151.98,153.28,116361,153.28
2016-08-23,153.3,155.49,152.55,153.11,78638,153.11
2016-08-24,153.47,153.47,150.495,150.64,83438,150.64
2016-08-25,149.01,152.26,149.01,151.18,78585,151.18
2016-08-26,151.24,152.2,150.055,151.29,83251,151.29
2016-08-29,151.21,152.07,150.13,151.25,87591,151.25
2016-08-30,151.42,152.18,149.39,150.15,90203,150.15
2016-08-31,150.2,150.74,148.5,148.81,86592,148.81
2016-09-01,148.63,149.68,147.68,149.49,78597,149.49
2016-09-02,150.39,152.15,148.53,151.14,144372,151.14
2016-09-06,151.02,152.32,148.81,151.66,209687,151.66
2016-09-07,152.11,159.73,151.62,159.32,290408,159.32
2016-09-08,159.06,161.7,157.94,160.37,149153,160.37
2016-09-09,158.96,160.5,157.54,157.71,160140,157.71
2016-09-12,155.21,159.84,154.7,159.32,164183,159.32
2016-09-13,158.09,158.48,155.48,156.91,152096,156.91
2016-09-14,156.97,157.83,155.48,157.06,121990,157.06
2016-09-15,156.72,159.73,156.43,158.83,136910,158.83
2016-09-16,159.08,160.1299,158.1,159.92,267145,159.92
2016-09-19,159.52,160.48,159.24,159.72,179983,159.72
2016-09-20,160.94,161.39,159.48,159.62,115137,159.62
2016-09-21,159.98,160.86,158.99,160.59,89611,160.59
2016-09-22,161.19,162.195,160.6401,161.87,107124,161.87
2016-09-23,161.31,161.83,160.295,161.34,89502,161.34
2016-09-26,160.93,161.31,159.82,160.02,68590,160.02
2016-09-27,160.48,162.505,160.31,162.34,87207,162.34
2016-09-28,161.92,162.51,161.03,162.26,91586,162.26
2016-09-29,162.06,162.97,161,161.96,149502,161.96
2016-09-30,162.61,164.45,161.51,163.81,196797,163.81
2016-10-03,163.38,164.869,161.43,163.73,159488,163.73
2016-10-04,163.55,164.09,161.57,162.18,121907,162.18
2016-10-05,162.4,163.74,162.11,162.58,271033,162.58
2016-10-06,162.54,162.98,160.35,161.2,151131,161.2
2016-10-07,161.47,163.66,160.74,163.27,281514,163.27
2016-10-10,163.65,164.89,163.02,164.44,95791,164.44
2016-10-11,163.51,163.84,160.482,161.77,209661,161.77
2016-10-12,162.1,162.67,160.84,161.06,136976,161.06
2016-10-13,160.4,161.65,159.825,161.01,120724,161.01
2016-10-14,161.88,162.3,160.535,161.33,161005,161.33
2016-10-17,161.14,162.205,160.48,161.39,86292,161.39
2016-10-18,162.48,162.8663,161.46,162.33,76299,162.33
2016-10-19,162.06,163.8,160,163.1,167339,163.1
2016-10-20,163.37,165.6325,163.24,164.53,157590,164.53
2016-10-21,163.48,163.64,162.43,163.07,76744,163.07
2016-10-24,166.48,166.48,162.805,162.89,127768,162.89
2016-10-25,162.8,162.96,160.07,160.37,228939,160.37
2016-10-26,160.07,161.2,156.09,156.49,179914,156.49
2016-10-27,156.94,159.7,156.82,157.55,159004,157.55
2016-10-28,157.53,159.51,156.14,157.65,103658,157.65
2016-10-31,157.57,158.66,155.4,158.08,171420,158.08
2016-11-01,158,158.79,154.89,155.52,146038,155.52
2016-11-02,156.88,168.71,156.88,165.64,457339,165.64
2016-11-03,165.41,166.825,163.27,164.53,224235,164.53
2016-11-04,164.82,167.05,164.62,164.74,175697,164.74
2016-11-07,165.46,168.79,164.44,168.58,165277,168.58
2016-11-08,168.02,172.73,166.45,172.04,232849,172.04
2016-11-09,173.37,174.02,170.22,170.85,207603,170.85
2016-11-10,171.45,173.645,168.47,169.35,210061,169.35
2016-11-11,169.38,170.23,166.18,166.7,162560,166.7
2016-11-14,166.35,169.43,165.54,169.3,239346,169.3
2016-11-15,170,173.87,169.83,172.96,348249,172.96
2016-11-16,172.75,173.99,171.33,172.08,160159,172.08
2016-11-17,171.41,174,171.41,173.76,173475,173.76
2016-11-18,173.15,173.57,169.49,170.93,199325,170.93
2016-11-21,170.54,172.97,170.01,172.83,131760,172.83
2016-11-22,173.54,173.67,170.84,171.59,142118,171.59
2016-11-23,169.91,172.78,169.185,172.12,129660,172.12
2016-11-25,172.16,173.74,172.16,172.76,50419,172.76
2016-11-28,172.39,173.805,170.81,171.18,134248,171.18
2016-11-29,172.24,174.58,172.24,174.28,264298,174.28
2016-11-30,174.33,174.77,172.3,173.5,335655,173.5
2016-12-01,173.56,174.85,172.63,174.57,424156,174.57
2016-12-02,174.38,178.37,173.5,177.39,283914,177.39
2016-12-05,178.41,178.41,176.89,177.8,277524,177.8
2016-12-06,178.62,178.76,176.73,178.71,197217,178.71
2016-12-07,177.98,178.09,176.51,176.76,221623,176.76
2016-12-08,177.15,178.91,175.55,178.87,177218,178.87
2016-12-09,178.56,180.4,178.49,179.36,170668,179.36
2016-12-12,179,180.23,178.57,179.43,206634,179.43
2016-12-13,180.43,182.2,179.76,180.89,130938,180.89
2016-12-14,179.75,182.055,178.915,179.21,224859,179.21
2016-12-15,179.34,181.72,179.19,181.08,218339,181.08
2016-12-16,182.5,184.51,180.06,180.71,458618,180.71
2016-12-19,180.3,180.5,179.13,179.9,174272,179.9
2016-12-20,180.81,181.94,177.68,180.27,208413,180.27
2016-12-21,180.71,182.96,179.88,181.82,160850,181.82
2016-12-22,181.6,183.08,180.27,182.57,160620,182.57
2016-12-23,183.14,184,181.57,183.43,80482,183.43
2016-12-27,183.36,184.89,182.591,183.36,78388,183.36
2016-12-28,184.19,184.19,182.595,183.46,94672,183.46
2016-12-29,183.63,183.87,182.71,183.23,75214,183.23
2016-12-30,183,183.84,181.91,182.28,104963,182.28
2017-01-03,182.96,184.81,181.87,182.91,142363,182.91
2017-01-04,183.55,185.55,182.3,185.32,170791,185.32
2017-01-05,185.38,187.16,184.135,185.93,211967,185.93
2017-01-06,185.93,188,185.93,187.51,136220,187.51
2017-01-09,188,189.27,187.34,188.38,153497,188.38
2017-01-10,192.1,194.2,187.5,188.48,241427,188.48
2017-01-11,188.49,188.76,183.45,187.17,273853,187.17
2017-01-12,187.19,187.76,185.86,186.41,144073,186.41
2017-01-13,185.88,189.24,185.88,188.46,131528,188.46
2017-01-17,187.17,189.29,186.5,187.96,197976,187.96
2017-01-18,187.57,188.56,186.1,187.87,346714,187.87
2017-01-19,187.7,188.4,185.9,187.43,345772,187.43
2017-01-20,188.12,188.58,186.48,186.91,164071,186.91
2017-01-23,186.09,188.325,185.3,185.73,591519,185.73
2017-01-24,185.72,187.54,183.43,185.1,253858,185.1
2017-01-25,185.52,187.98,185.43,187.2,157441,187.2
2017-01-26,186.37,188.72,186.34,188.01,395848,188.01
2017-01-27,188,188.98,186.26,186.5,101659,186.5
2017-01-30,186.35,188.07,184.5391,186.61,124061,186.61
2017-01-31,186.51,190.36,184.97,190.08,198908,190.08
2017-02-01,190.5,192.6,188.81,189.63,130129,189.63
2017-02-02,189.54,189.84,188.43,189.31,99980,189.31
2017-02-03,189.68,191.489,189.42,191.1,102957,191.1
2017-02-06,190.96,191.5,189.76,191.44,108429,191.44
2017-02-07,192.06,192.06,188.26,189.71,148340,189.71
2017-02-08,189.94,190,187.57,189.29,154000,189.29
2017-02-09,190.06,190.88,189.33,190.88,176819,190.88
2017-02-10,191.25,191.845,189.63,190.31,108135,190.31
2017-02-13,191.37,191.4896,188.24,189.17,185358,189.17
2017-02-14,189.12,191.83,188.11,191.75,182193,191.75
2017-02-15,191.64,192.64,190.9,192.21,90685,192.21
2017-02-16,192.89,193.2783,190.53,191.85,102570,191.85
2017-02-17,191.86,193.6,190.09,193.27,121868,193.27
2017-02-21,193.27,194.25,191.3,192.06,155611,192.06
2017-02-22,192.27,193.12,191.235,191.67,99398,191.67
2017-02-23,192.5,193.31,190.49,192,157771,192
2017-02-24,190.98,192.73,186.98,191.92,373751,191.92
2017-02-27,192.16,197.63,191.61,196.83,252445,196.83
2017-02-28,196.14,197.35,194.64,194.64,311239,194.64
2017-03-01,195.44,197.705,193.11,196.02,243301,196.02
2017-03-02,195.72,197.81,195.04,195.41,146938,195.41
2017-03-03,196.34,198.21,195.73,198.02,204195,198.02
2017-03-06,196.73,197.78,194.97,195.08,182699,195.08
2017-03-07,195.02,197.16,193.65,195.5,129805,195.5
2017-03-08,195,196.98,194.99,196.13,146776,196.13
2017-03-09,195.52,196.88,195.24,195.71,153130,195.71
2017-03-10,196.51,197.71,195.78,197.25,334117,197.25
2017-03-13,197,198.2052,195.02,197.61,326775,197.61
2017-03-14,198.41,203.39,198.2,201.93,552148,201.93
2017-03-15,202.14,209.5,200.86,207.83,765903,207.83
2017-03-16,208.24,208.6,200.35,200.96,471533,200.96
2017-03-17,200.81,200.81,196.4,197.31,774916,197.31
2017-03-20,197.21,197.21,194.01,196,606011,196
2017-03-21,197.2,199.34,194.75,195.69,258612,195.69
2017-03-22,195.86,199.23,195.61,199.02,254513,199.02
2017-03-23,199.11,201.53,197.82,200.19,170945,200.19
2017-03-24,200.4,203.34,200,200.41,180521,200.41
2017-03-27,198.68,200.42,198.44,199.64,216045,199.64
2017-03-28,199.43,201.24,199.165,200.13,233572,200.13
2017-03-29,200.15,200.38,198,198.55,105983,198.55
2017-03-30,198.36,199.71,198.34,199.25,103049,199.25
2017-03-31,198.83,200.76,195.5,199.34,168419,199.34
2017-04-03,199.4,201.64,199.2,201.48,149654,201.48
2017-04-04,201.44,201.92,200.63,201.87,193302,201.87
2017-04-05,202.35,202.68,198.97,199.47,299549,199.47
2017-04-06,200.33,201.2,198.25,201.02,184132,201.02
2017-04-07,200.28,202.96,199.94,202.56,155931,202.56
2017-04-10,202.85,204.335,201.78,202.33,135625,202.33
2017-04-11,202.16,203.79,201.49,202.71,190983,202.71
2017-04-12,202.74,206.5,201.85,202.6,140497,202.6
2017-04-13,201.75,203.445,200.65,202.73,104213,202.73
2017-04-17,202.95,204.44,201.9,203.87,108508,203.87
2017-04-18,203.51,205.4399,202.255,205.22,164081,205.22
2017-04-19,206,210.69,205.83,210.27,273899,210.27
2017-04-20,210.71,211.45,209.4,211.1,164699,211.1
2017-04-21,210.69,211.66,210,211.59,252459,211.59
2017-04-24,213.58,213.96,211.975,213.45,125563,213.45
2017-04-25,214.58,215.48,212.715,213.14,243002,213.14
2017-04-26,213,215.51,212.47,214.92,169536,214.92
2017-04-27,215.21,219.34,215.09,217.78,208424,217.78
2017-04-28,218.07,218.94,216.52,218.26,304204,218.26
2017-05-01,219.43,220.73,216.85,220.01,139924,220.01
2017-05-02,220.12,221.57,219.78,220.6,206437,220.6
2017-05-03,220.33,221.39,218.24,219.98,230938,219.98
2017-05-04,220.58,221.67,218.63,220.77,218284,220.77
2017-05-05,223,224.24,215.56,218.14,359599,218.14
2017-05-08,217.94,217.94,216.09,217.85,99327,217.85
2017-05-09,217.92,223.47,216.541,223.12,506854,223.12
2017-05-10,222.02,223.42,220.25,223,195850,223
2017-05-11,222.62,222.7118,219.68,221.14,144369,221.14
2017-05-12,220.86,222.75,220.31,220.51,126280,220.51
2017-05-15,220.26,223.15,220.26,222.32,96434,222.32
2017-05-16,222.88,223.57,220.68,223.29,121986,223.29
2017-05-17,220.9,221.29,218.4,219.54,173896,219.54
2017-05-18,219.4,221.82,217.56,221.61,306157,221.61
2017-05-19,221.51,221.8,219.05,219.22,147763,219.22
2017-05-22,220,221.34,218.77,219.15,162200,219.15
2017-05-23,219.32,219.72,218.14,219.36,103766,219.36
2017-05-24,219.15,220.38,218.23,218.95,118111,218.95
2017-05-25,219.33,221.6,218.5,221.41,96659,221.41
2017-05-26,218.705,221.68,217.9501,220.98,94782,220.98
2017-05-30,220.62,222.14,219.83,221.71,84105,221.71
2017-05-31,221.73,223.65,221.73,223.48,118398,223.48
2017-06-01,224.5,225.405,222.5001,225.05,90240,225.05
2017-06-02,224.9,229.97,224.03,228.35,106812,228.35
2017-06-05,228,229.27,227.02,227.58,102448,227.58
2017-06-06,226.82,228.05,225.31,226.35,109189,226.35
2017-06-07,225.55,228.98,225.55,228.78,87972,228.78
2017-06-08,228.48,230.31,226.53,229.26,159559,229.26
2017-06-09,229.43,230.4,225.16,227.31,295442,227.31
2017-06-12,227.15,227.15,220.38,221.73,206405,221.73
2017-06-13,222.11,224.28,221.63,222.63,170707,222.63
2017-06-14,223.79,224.5,219.37,220.61,181151,220.61
2017-06-15,219.26,220.85,218.16,220.37,65903,220.37
2017-06-16,220.71,221.63,219.68,220.61,493432,220.61
2017-06-19,220.8,225.68,219.975,225.03,216441,225.03
2017-06-20,224.64,226.91,221.03,223.67,76219,223.67
2017-06-21,224.7,226.98,224.14,226.11,114196,226.11
2017-06-22,226.22,226.62,222.61,223.35,133348,223.35
2017-06-23,223.89,224.23,221.865,222.5,241970,222.5
2017-06-26,222.63,223.19,220.98,221.44,77538,221.44
2017-06-27,220.49,221.335,218.1,218.23,85018,218.23
2017-06-28,224,226.99,222.2,226.41,375108,226.41
2017-06-29,227.44,228.26,222.6,224.16,146457,224.16
2017-06-30,225.86,226.98,223.61,226.31,145838,226.31
2017-07-03,226.75,228.24,225.885,227.18,59288,227.18
2017-07-05,227.03,233.51,227.03,231.69,199047,231.69
2017-07-06,230.62,230.865,225.49,225.49,205165,225.49
2017-07-07,225.81,230,225.81,229,70219,229
2017-07-10,228.87,229.74,225.33,225.59,159525,225.59
2017-07-11,225.77,227.58,224.72,225.79,70231,225.79
2017-07-12,227.28,227.9,225.82,226.94,123839,226.94
2017-07-13,227.59,231.72,226.085,231.65,157630,231.65
2017-07-14,231.2,232.07,230.06,231.37,73348,231.37
2017-07-17,231.13,232.7,231.13,232.01,65309,232.01
2017-07-18,231.22,233.76,230.771,233.53,65846,233.53
2017-07-19,234.01,236.09,232.73,236,191875,236
2017-07-20,237.03,238,233.6,233.84,114686,233.84
2017-07-21,233.6,234.58,231.17,231.59,123129,231.59
2017-07-24,230.79,235.47,230.54,235.14,134412,235.14
2017-07-25,235.25,236.745,233.875,235.42,313179,235.42
2017-07-26,236.32,239.91,232.64,238.95,178173,238.95
2017-07-27,239.56,239.6,234.96,237.72,184216,237.72
2017-07-28,237.59,239.38,234.36,236.36,111955,236.36
2017-07-31,236.65,236.65,234.58,235.63,78471,235.63
2017-08-01,236.38,238.105,234.365,237.71,105482,237.71
2017-08-02,237.79,239.67,235.58,238.6,93039,238.6
2017-08-03,238.22,242.79,234.57,242.28,116206,242.28
2017-08-04,220,229.175,215,227.31,621239,227.31
2017-08-07,226.86,226.86,223.6,223.8,314433,223.8
2017-08-08,223.55,223.55,220.66,220.99,174676,220.99
2017-08-09,220.44,221.83,216.74,218.94,204906,218.94
2017-08-10,217.76,219.48,215,215,219779,215
2017-08-11,213.42,218.34,213.42,215.89,237667,215.89
2017-08-14,218.99,223.765,217.68,220,302634,220
2017-08-15,219.67,219.67,215.2935,216.28,164643,216.28
2017-08-16,216.82,217.79,214.8,217.03,111194,217.03
2017-08-17,216.34,217.39,212.26,212.4,204255,212.4
2017-08-18,211.9,215.17,208.95,212.43,221730,212.43
2017-08-21,212.21,213.44,210.57,212.27,206638,212.27
2017-08-22,212.78,220.84,212.78,220.36,192443,220.36
2017-08-23,219.42,221,216.38,217.77,153857,217.77
2017-08-24,218.04,218.28,216.12,216.59,83189,216.59
2017-08-25,217.33,217.76,215.29,215.84,140524,215.84
2017-08-28,216.31,218.08,215.23,216.93,107348,216.93
2017-08-29,215.58,217.42,214.69,216.76,97351,216.76
2017-08-30,216.56,218.855,216.56,217.84,105183,217.84
2017-08-31,218.48,219.19,216.5,217.82,162022,217.82
2017-09-01,218.26,219.76,216.4,219.03,156213,219.03
2017-09-05,218.45,219.46,215.57,215.98,174078,215.98
2017-09-06,216.38,217.79,213.995,216.68,108128,216.68
2017-09-07,216.86,217.13,215.44,215.44,144037,215.44
2017-09-08,213.77,220.36,212.02,218.42,233699,218.42
2017-09-11,218.4,220.5295,218.32,218.86,245597,218.86
2017-09-12,217.26,219.385,216.96,218.04,157688,218.04
2017-09-13,217.01,221.79,216.53,220.47,281664,220.47
2017-09-14,220.15,225.87,219.74,224.37,337556,224.37
2017-09-15,224.37,227.98,224.02,227.91,538507,227.91
2017-09-18,228.47,231.71,227.19,229.59,196789,229.59
2017-09-19,229.77,230.7,229.1,230.35,172665,230.35
2017-09-20,230.84,233.97,229.93,233.15,223561,233.15
2017-09-21,232.64,232.64,229.825,230.89,221102,230.89
2017-09-22,231.22,231.76,227.32,228.68,194400,228.68
2017-09-25,228.6,228.78,224.695,225.37,173127,225.37
2017-09-26,226.05,226.05,222.06,223,193776,223
2017-09-27,223.25,224.67,220.59,224.44,181926,224.44
2017-09-28,224.54,224.62,221.48,222.38,127960,222.38
2017-09-29,222.15,223.24,219.52,222.22,190976,222.22
2017-10-02,222.03,226.12,221.62,222.83,132574,222.83
2017-10-03,222.44,224.23,221.64,223.97,101153,223.97
2017-10-04,224.41,226,223.97,225.37,73142,225.37
2017-10-05,225.45,227.07,222.17,223.27,131833,223.27
2017-10-06,223.44,226.47,223.17,226.26,81737,226.26
2017-10-09,227.16,227.41,223.96,224.66,115365,224.66
2017-10-10,225,225.18,221.45,222.67,78820,222.67
2017-10-11,222,223.8,220.86,223.77,194824,223.77
2017-10-12,224.42,224.92,222.59,223.89,73227,223.89
2017-10-13,224.15,224.3925,222.37,223.11,77743,223.11
2017-10-16,222.67,224.43,221.78,222.96,181025,222.96
2017-10-17,221.79,223.67,216.31,218.94,314643,218.94
2017-10-18,219.16,220.08,215.5,218.21,269112,218.21
2017-10-19,217.31,219.19,216.4,219.04,188374,219.04
2017-10-20,220.51,223.225,219.87,221.94,160342,221.94
2017-10-23,222.43,225.19,221.685,223.57,179470,223.57
2017-10-24,223.66,224.99,220.82,221.97,93313,221.97
2017-10-25,222.31,223.3,220.45,222.22,194300,222.22
2017-10-26,221.75,223.09,220.28,220.63,134457,220.63
2017-10-27,220.64,222.2,219,222.11,136407,222.11
2017-10-30,221.25,222.83,217.8,219.01,118498,219.01
2017-10-31,219.46,222.33,218.67,219.79,146306,219.79
2017-11-01,219.96,220.98,217.5,217.86,221639,217.86
2017-11-02,218,220.97,214.44,216.94,262551,216.94
2017-11-03,237.11,262.49,236.34,261.42,760402,261.42
2017-11-06,261.42,265.88,258.5479,259.82,362123,259.82
2017-11-07,260.99,263.77,257.59,262.22,314497,262.22
2017-11-08,263.15,267.8,261.85,266.31,215341,266.31
2017-11-09,265.98,268.4,264.49,267.27,223685,267.27
2017-11-10,265.99,268.29,257.49,258.19,248158,258.19
2017-11-13,256.72,256.72,253.58,254.43,285740,254.43
2017-11-14,252.36,253.805,251.74,253.22,138719,253.22
2017-11-15,253.18,256.66,251.13,254.14,148932,254.14
2017-11-16,256.08,257.235,255.415,256.26,204485,256.26
2017-11-17,255.84,256.93,253.97,255.49,141957,255.49
2017-11-20,255.48,256.98,252.865,255.29,181791,255.29
2017-11-21,255.45,256.62,254.71,255.68,124607,255.68
2017-11-22,255.91,258.955,253.895,258.69,123833,258.69
2017-11-24,258.52,262.77,253.91,262.14,81817,262.14
2017-11-27,262.14,264.56,260.76,261.47,184104,261.47
2017-11-28,263.67,264.68,259.89,263.3,190887,263.3
2017-11-29,264.42,272.03,263.31,269.58,188049,269.58
2017-11-30,270.22,273.87,269.85,271.3,148638,271.3
2017-12-01,271.3,272.02,264.595,268.8,125929,268.8
2017-12-04,270.28,271.65,256.52,257.49,193206,257.49
2017-12-05,257.35,258.095,252.32,253.8,225984,253.8
2017-12-06,253.44,257.2,251.77,253.63,136631,253.63
2017-12-07,253.43,260.75,251.62,254.97,206153,254.97
2017-12-08,255.44,255.44,252.88,255.08,162693,255.08
2017-12-11,254.99,254.99,251,253.18,119851,253.18
2017-12-12,253.18,253.86,251.36,253.35,193080,253.35
2017-12-13,253.85,253.85,250.75,251.71,194642,251.71
2017-12-14,252.16,252.93,249.015,249.72,124610,249.72
2017-12-15,250.36,253.01,250.36,251.94,450659,251.94
2017-12-18,252.35,252.85,248.56,249.24,368659,249.24
2017-12-19,249.8,249.8399,246.89,247.16,202348,247.16
2017-12-20,247.88,248.455,243.83,245.29,187125,245.29
2017-12-21,244.98,245.86,241.79,245.04,260257,245.04
2017-12-22,245.78,246.49,242.97,244.19,158019,244.19
2017-12-26,243.84,244.3099,240.71,242.04,202569,242.04
2017-12-27,241.52,242.28,239.545,240.36,183168,240.36
2017-12-28,240.64,240.9,237.37,239.31,238594,239.31
2017-12-29,238.89,241,237.515,238.67,200403,238.67
2018-01-02,238.67,241.98,238.23,241.42,189169,241.42
2018-01-03,242.34,251.85,242.34,250.47,258435,250.47
2018-01-04,251.52,251.52,247.62,248.49,162363,248.49
2018-01-05,249.13,250.02,248.08,249.05,107053,249.05
2018-01-08,248.52,251.88,247.41,251,239100,251
2018-01-09,252.18,257.36,250.05,256.12,222847,256.12
2018-01-10,255.34,255.34,249.62,249.8,175360,249.8
2018-01-11,250.16,252.16,247.59,251.21,175617,251.21
2018-01-12,251.48,251.48,246.45,248.37,182959,248.37
2018-01-16,249.18,251.06,245.615,249.11,116643,249.11
2018-01-17,250.54,254.63,250.1377,252.64,208465,252.64
2018-01-18,251.74,252.72,248.83,252.5,132074,252.5
2018-01-19,252.9,255.89,251.27,254.54,275814,254.54
2018-01-22,253.28,255.8,250.945,254.65,143650,254.65
2018-01-23,255.4,258.2,254.36,254.83,156897,254.83
2018-01-24,255.95,257.12,252.4,254.41,150636,254.41
2018-01-25,255.76,259.21,254.4841,259.11,124508,259.11
2018-01-26,259.23,263.65,254.55,261.89,223475,261.89
2018-01-29,261.06,266.98,261.06,263.41,141255,263.41
2018-01-30,261.11,261.86,256.94,259.2,125325,259.2
2018-01-31,261.01,264.89,256.085,258.53,120289,258.53
2018-02-01,257.81,259.99,256.23,258.75,239328,258.75
2018-02-02,257.62,259.83,253.92,254.34,101943,254.34
2018-02-05,252.47,255.02,245.6,247.23,198543,247.23
2018-02-06,243.44,249.255,240.54,246.47,228959,246.47
2018-02-07,245.58,248.2,243.04,243.76,220511,243.76
2018-02-08,244.11,245.85,233.48,233.97,213834,233.97
2018-02-09,235.34,240.3,231,236.72,190158,236.72
2018-02-12,238.07,242.09,233.96,239.69,210319,239.69
2018-02-13,239,240.43,235.71,237.36,167126,237.36
2018-02-14,235.49,249.5799,235.49,247.91,174782,247.91
2018-02-15,248.34,250.18,243.02,246.83,124795,246.83
2018-02-16,244.9,251.39,240.15,249.04,275048,249.04
2018-02-20,247.62,254.23,246.31,251.12,212302,251.12
2018-02-21,251.74,255.69,245.28,245.62,183479,245.62
2018-02-22,246.75,250.21,243.04,248.08,239021,248.08
2018-02-23,249.1,254.83,246.6349,254.31,214793,254.31
2018-02-26,254.72,259.24,253.21,257.85,176410,257.85
2018-02-27,257.56,258.98,252.905,254,158906,254
2018-02-28,275,279.59,264.6,270.04,442153,270.04
2018-03-01,271.29,271.29,260.41,264.82,227415,264.82
2018-03-02,262.12,264.46,259.655,263.04,267441,263.04
2018-03-05,261.23,261.5985,256.275,259.98,160837,259.98
2018-03-06,260.4,263.81,257.565,262.34,220213,262.34
2018-03-07,260.87,272.04,259.85,265.63,268015,265.63
2018-03-08,266.4,267.58,264.01,265.84,112891,265.84
2018-03-09,266.98,275.34,265.485,274.11,148755,274.11
2018-03-12,273.96,276,267.53,273.84,84551,273.84
2018-03-13,274.57,274.99,268.86,270.94,73877,270.94
2018-03-14,272.08,272.84,265.31,269.4,102822,269.4
2018-03-15,269.1,271.4,266.1501,268.58,91475,268.58
2018-03-16,269.77,269.77,259.95,263,338824,263
2018-03-19,262.24,264.14,258.65,262.27,178322,262.27
2018-03-20,263.97,264.0499,260.625,262.64,75643,262.64
2018-03-21,261.88,263.88,258.53,260.91,89804,260.91
2018-03-22,259.42,261.48,252.67,252.69,158737,252.69
2018-03-23,252.5,254.8,246.71,247.06,116645,247.06
2018-03-26,250.92,254.49,246.18,253.5,142561,253.5
2018-03-27,254.07,254.07,245.84,249.58,188502,249.58
2018-03-28,250.46,254.6,246.145,247.62,302982,247.62
2018-03-29,248.98,254.5736,248.91,250.08,129053,250.08
2018-04-02,248.43,252.02,243.24,247.38,130474,247.38
2018-04-03,248.04,250.48,245.68,249.11,117827,249.11
2018-04-04,246.08,251.7,245.1128,250.52,156855,250.52
2018-04-05,251.29,251.64,245.33,247.47,156154,247.47
2018-04-06,246.96,247.875,240.01,244.1,136673,244.1
2018-04-09,245.21,248.3658,244.13,244.8,86415,244.8
2018-04-10,246.77,252.35,245.25,250.02,129112,250.02
2018-04-11,248.45,251.22,245.49,247.44,109189,247.44
2018-04-12,248.46,251.94,247.955,250.48,129725,250.48
2018-04-13,251.17,252.53,246.2,247.06,99452,247.06
2018-04-16,249,262.85,248.69,262.13,215961,262.13
2018-04-17,263.12,266.29,258.57,264.68,265315,264.68
2018-04-18,264.51,265.37,260.63,264.19,181175,264.19
2018-04-19,264.08,267.66,260.355,262.26,105427,262.26
2018-04-20,262.24,264.01,259.88,260.68,118015,260.68
2018-04-23,260.65,264.485,260.425,261.48,79555,261.48
2018-04-24,262.09,263.58,257.205,258.93,128097,258.93
2018-04-25,259.46,261.135,256.64,258.85,117578,258.85
2018-04-26,259.89,260.75,258.15,259.48,50596,259.48
2018-04-27,260.63,260.63,257.54,259.5,82371,259.5
2018-04-30,259.79,259.79,253.57,253.71,146735,253.71
2018-05-01,253.82,254.18,250.64,253.25,97579,253.25
2018-05-02,254.32,258,251.4,252.59,171807,252.59
2018-05-03,250.08,254.05,245.73,250.83,157818,250.83
2018-05-04,249.96,254.42,246.2575,252.82,90755,252.82
2018-05-07,253.86,258.98,252.97,254.75,209448,254.75
2018-05-08,254.36,255.89,251.4429,253.69,266685,253.69
2018-05-09,262,283.96,262,275.95,417822,275.95
2018-05-10,276.59,285.69,273.23,278.82,251117,278.82
2018-05-11,279.86,286.84,279.54,284.98,164539,284.98
2018-05-14,284.96,287.555,282.26,286.9,308818,286.9
2018-05-15,285.7,285.96,282.84,284.04,143100,284.04
2018-05-16,283.88,293.43,283.505,291.71,267805,291.71
2018-05-17,291.26,291.26,284.2,286.82,569761,286.82
2018-05-18,286.05,292.59,286.05,291.66,133947,291.66
2018-05-21,293.55,297.59,290.325,292.28,94530,292.28
2018-05-22,292.74,294.44,288.96,289.36,72886,289.36
2018-05-23,287.29,290.93,286.05,288.91,139820,288.91
2018-05-24,288.77,291.125,287.25,289.06,123971,289.06
2018-05-25,288.68,289.03,285,287.93,134160,287.93
2018-05-29,284.8,287.89,282.97,286.06,92194,286.06
2018-05-30,288.29,293.146,287.71,290.89,272911,290.89
2018-05-31,288.6,292.39,285.76,287.13,121214,287.13
2018-06-01,289.26,292.75,287.27,290.64,165601,290.64
2018-06-04,290.97,293.31,289.61,292.88,185038,292.88
2018-06-05,293.03,294.8,289.1,291.22,197988,291.22
2018-06-06,290.64,297.59,290.64,297.47,197144,297.47
2018-06-07,299.37,299.37,293.97,297,219547,297
2018-06-08,297.43,300.43,295.08,299.59,117760,299.59
2018-06-11,299.92,301.58,297.56,301,70693,301
2018-06-12,300.31,304.36,300.04,300.79,90852,300.79
2018-06-13,301.23,304.32,300.22,301.06,225957,301.06
2018-06-14,300.32,303.87,300.01,303.7,96555,303.7
2018-06-15,302.36,304.31,299.6401,303.88,227309,303.88
2018-06-18,301.91,303.015,299.5403,301.46,239460,301.46
2018-06-19,300.31,302.565,296.7501,299.87,136431,299.87
2018-06-20,298.5,302.38,294,296.76,142332,296.76
2018-06-21,298.84,302.82,297.67,299.84,161186,299.84
2018-06-22,301.34,301.34,297.41,298.32,175910,298.32
2018-06-25,299.4,300.77,285.835,289.62,160123,289.62
2018-06-26,289.5,292.8104,289.24,290.41,146295,290.41
2018-06-27,289.91,294.3,284.3,284.46,119464,284.46
2018-06-28,284.51,288.33,282.66,288.26,138356,288.26
2018-06-29,289.34,291.885,287.02,288.54,130035,288.54
2018-07-02,287.26,290.9,285.83,289.28,169370,289.28
2018-07-03,291.06,294.7,289.2048,292.9,64433,292.9
2018-07-05,294.23,297.66,290.65,294.94,359381,294.94
2018-07-06,295.39,300.28,295.17,297.92,93216,297.92
2018-07-09,299.59,304.82,296.05,303.07,120482,303.07
2018-07-10,303.98,305,300.29,302.95,109002,302.95
2018-07-11,301.6,301.77,297.85,299.47,135334,299.47
2018-07-12,301.88,303.885,299.28,302.27,90236,302.27
2018-07-13,302.39,306.39,301.66,303.95,110649,303.95
2018-07-16,304.93,306.1825,298.69,300.52,74348,300.52
2018-07-17,299.63,303.18,298.88,302.62,81803,302.62
2018-07-18,302.29,304.23,300.35,303.5,80315,303.5
2018-07-19,303.15,307.63,303.15,306.39,106117,306.39
2018-07-20,306.84,307.48,305,305.44,57506,305.44
2018-07-23,305.87,309.62,302.2625,308.12,125324,308.12
2018-07-24,309.62,311.2,305.14,307.99,146974,307.99
2018-07-25,308.5,311.79,307.8,311.79,89174,311.79
2018-07-26,312.04,313.83,309.1491,313.61,100900,313.61
2018-07-27,314.23,314.23,302.86,307.44,122087,307.44
2018-07-30,307.32,307.71,301.61,304.14,90320,304.14
2018-07-31,305.04,309,304.43,306.65,119165,306.65
2018-08-01,308.82,314.33,308.31,311.73,137158,311.73
2018-08-02,309.83,314.12,309.06,311.72,203116,311.72
2018-08-03,311.17,313.89,308.1,312.18,86803,312.18
2018-08-06,313,316.76,313,315.45,165642,315.45
2018-08-07,316,317.28,307.34,308.97,250380,308.97
2018-08-08,337.15,345.15,314.425,316.4,336377,316.4
2018-08-09,316.79,321.41,316.08,318.11,112931,318.11
2018-08-10,315.98,321.48,315.98,319.8,101290,319.8
2018-08-13,320.16,324.67,318.91,322.93,189444,322.93
2018-08-14,323.52,328.95,321.64,325.03,130044,325.03
2018-08-15,323.34,324.6,316.12,320.12,137806,320.12
2018-08-16,320.6,323.0037,316.7763,317.88,95764,317.88
2018-08-17,317.85,319.2307,314,316.56,152321,316.56
2018-08-20,316.72,318.935,311.45,315.33,110693,315.33
2018-08-21,315.2,321.29,315.2,318.62,106603,318.62
2018-08-22,317.47,321.545,315.89,321.32,87747,321.32
2018-08-23,320.92,321.715,316.37,317.05,164781,317.05
2018-08-24,316.73,319.925,316.73,318.76,85000,318.76
2018-08-27,319.96,325.645,319.96,324.76,113370,324.76
2018-08-28,325.59,326,321.63,324.66,186332,324.66
2018-08-29,324.67,325.4,322.79,324.58,77478,324.58
2018-08-30,324.11,328.59,323.71,325.78,103136,325.78
2018-08-31,325.55,326.35,321.73,325.3,79490,325.3
2018-09-04,324.76,326.6,323.34,326.15,92785,326.15
2018-09-05,325.01,325.33,314.49,315.5,130749,315.5
2018-09-06,314.55,320.45,313.41,316.77,164483,316.77
2018-09-07,315.56,317.175,313.02,313.74,102984,313.74
2018-09-10,314.52,314.93,307.85,308,171495,308
2018-09-11,306.57,311.7,305.46,308.37,180308,308.37
2018-09-12,307.13,308.42,303.65,305.73,185775,305.73
2018-09-13,306.49,309.37,303.71,307.55,143112,307.55
2018-09-14,307.01,311.01,305.83,309.11,222094,309.11
2018-09-17,308.64,308.64,295.42,295.96,232272,295.96
2018-09-18,296.45,299.05,294.1,298.55,241569,298.55
2018-09-19,298.92,299.1599,296.44,298.47,108556,298.47
2018-09-20,299.37,302.38,297.07,301.03,172990,301.03
2018-09-21,301.46,301.46,295.675,298.49,439505,298.49
2018-09-24,308.89,311.61,303.4101,308.97,231126,308.97
2018-09-25,309.88,312.37,307.79,310.41,192625,310.41
2018-09-26,310.88,314.98,307.52,308.15,148524,308.15
2018-09-27,313.71,315.34,310.25,312.34,174597,312.34
2018-09-28,311.66,313.94,311.66,312.99,177382,312.99
2018-10-01,315,315,307.97,309,135587,309
2018-10-02,308.45,308.4999,303.55,304.35,236551,304.35
2018-10-03,305.72,309.695,305.3,306.19,125256,306.19
2018-10-04,306,306.93,299.03,300.61,139744,300.61
2018-10-05,301.22,303.53,295.035,298.29,160215,298.29
2018-10-08,297.86,298.91,288.9016,291.43,182889,291.43
2018-10-09,289.81,294.88,288.98,289.82,186590,289.82
2018-10-10,289.91,290.34,281.82,281.82,222983,281.82
2018-10-11,281.24,282.84,273.05,275.31,199634,275.31
2018-10-12,280.54,286.07,278,281.68,173559,281.68
2018-10-15,279.85,281.325,274.57,277.78,214455,277.78
2018-10-16,280.52,292.42,278.25,289.31,229147,289.31
2018-10-17,293.99,293.99,285.25,287.69,108010,287.69
2018-10-18,288.13,288.69,281.45,284.42,134411,284.42
2018-10-19,285.86,288.46,279.61,280.96,69627,280.96
2018-10-22,282.08,282.08,273.74,278.48,174606,278.48
2018-10-23,275.57,277.97,266.48,276.35,209946,276.35
2018-10-24,276.27,277.57,266.66,267.28,252742,267.28
2018-10-25,269.31,274.16,268.91,270.73,97755,270.73
2018-10-26,266.56,272.19,263.42,268.79,117390,268.79
2018-10-29,272.78,273.9011,262.57,265.92,307081,265.92
2018-10-30,264.44,271.15,263.22,269.5,118290,269.5
2018-10-31,272.36,278.35,270.17,272.85,128061,272.85
2018-11-01,273.46,277.7,262.455,275.34,401071,275.34
2018-11-02,262.0056,270.99,260,269.77,726155,269.77
2018-11-05,269.8,279.39,269.8,276.24,317111,276.24
2018-11-06,275.1,282.73,275.1,278.88,211855,278.88
2018-11-07,279.63,283.8,278.01,283.17,214915,283.17
2018-11-08,282.16,285.46,281.95,283.2,142252,283.2
2018-11-09,281.29,281.29,276.01,276.42,392850,276.42
2018-11-12,275.82,278.45,269.01,269.88,232170,269.88
2018-11-13,272.32,276.14,267.66,268.83,180894,268.83
2018-11-14,271.01,271.53,267.71,268.28,305874,268.28
2018-11-15,267.26,274.07,264.47,273.22,164012,273.22
2018-11-16,271.31,279.06,270.58,276.17,144059,276.17
2018-11-19,274.92,274.92,268.01,268.39,320751,268.39
2018-11-20,265.44,270.05,261.99,264.78,272335,264.78
2018-11-21,265.95,270.31,265.95,269.16,171240,269.16
2018-11-23,267.72,275.25,267.72,273.04,77602,273.04
2018-11-26,274.85,275.17,269.3229,272.59,324845,272.59
2018-11-27,270.54,273.1,269.04,269.98,221990,269.98
2018-11-28,270.66,276.25,268.29,274.75,290359,274.75
2018-11-29,273.54,278.415,273.54,275.32,354890,275.32
2018-11-30,274.12,275.91,272.665,274.46,189611,274.46
2018-12-03,277.34,278.85,273.27,277.45,163614,277.45
2018-12-04,277.85,277.85,265.72,266.4,236398,266.4
2018-12-06,262.52,264.05,259.45,262.98,275890,262.98
2018-12-07,262.96,264.13,255.66,256.23,272281,256.23
2018-12-10,255.98,255.98,250.19,251.7,264847,251.7
2018-12-11,254.81,256.435,250.55,252.06,293608,252.06
2018-12-12,256.11,259.62,253.76,254.25,249833,254.25
2018-12-13,255.3,255.5159,246.82,250.28,207940,250.28
2018-12-14,248.04,249.94,246.76,247.82,220845,247.82
2018-12-17,247.58,249.37,241.56,243.02,206626,243.02
2018-12-18,244.4,247.19,237.04,239.95,164454,239.95
2018-12-19,240.43,243.36,232.08,234.93,272353,234.93
2018-12-20,233.92,236.935,228.6541,231.04,165569,231.04
2018-12-21,231.62,232,224.815,225.45,288378,225.45
2018-12-24,224.54,224.54,220.1,220.1,48085,220.1
2018-12-26,221,227.75,220.05,227.43,224390,227.43
2018-12-27,225,229.88,222.67,229.88,175603,229.88
2018-12-28,231.34,234.47,228.2015,229.66,105985,229.66
2018-12-31,231.32,233.695,227.5,232.22,191092,232.22
2019-01-02,229.73,231.23,226.73,228.08,191191,228.08
2019-01-03,228.18,231.26,223.89,224.3,192877,224.3
2019-01-04,224.5,228.34,224.11,226.28,474429,226.28
2019-01-07,227.52,234.82,227.26,233.67,382534,233.67
2019-01-08,235,236.91,232.48,235.53,248193,235.53
2019-01-09,236.61,241.4,236.61,237.37,270836,237.37
2019-01-10,235.88,242.15,235.68,240.87,239461,240.87
2019-01-11,240.3,242,238.2,241.42,139182,241.42
2019-01-14,238.5,239.45,236.37,236.37,296019,236.37
2019-01-15,236.68,239.28,236.68,237.9,307205,237.9
2019-01-16,238.75,240.53,236.32,236.56,231030,236.56
2019-01-17,236.23,239.65,235.44,237.84,297965,237.84
2019-01-18,239.07,242.55,237.89,239.65,337420,239.65
2019-01-22,238.87,240.9,234.29,235.52,180518,235.52
2019-01-23,236.31,237.71,233.18,237.09,171651,237.09
2019-01-24,237,239.03,236.29,237.07,175832,237.07
2019-01-25,238.55,240.68,236.53,240.31,241904,240.31
2019-01-28,237.86,238.21,235.52,238.07,139637,238.07
2019-01-29,238.04,241.9,238.01,239.3,196691,239.3
2019-01-30,240,245.1,238.48,244.98,213467,244.98
2019-01-31,244.56,250.11,243.74,249.87,236329,249.87
2019-02-01,249.75,252.625,248.08,251.12,277138,251.12
2019-02-04,251.38,251.38,247.8952,250.7,195258,250.7
2019-02-05,250.85,253.2,249.73,250.15,181510,250.15
2019-02-06,250.14,253.36,248.43,252.7,213239,252.7
2019-02-07,251.51,252.6415,246.7,248.03,236378,248.03
2019-02-08,246.44,249.02,245.59,248.85,287276,248.85
2019-02-11,250.3,254.855,250.05,252.93,524100,252.93
2019-02-12,254.41,259.35,253.11,258.1,453941,258.1
2019-02-13,258.6,262.38,256.246,261.79,332088,261.79
2019-02-14,261.48,265.735,260.37,261.42,240708,261.42
2019-02-15,262.99,270.49,262.38,270.34,281989,270.34
2019-02-19,269.33,270.34,266.9459,270.06,319320,270.06
2019-02-20,270.23,273.045,269.23,272.74,215386,272.74
2019-02-21,273.28,275.8,271.25,274.34,240512,274.34
2019-02-22,275.35,275.71,271.7,274.26,264619,274.26
2019-02-25,276.02,277.36,274,275.22,316358,275.22
2019-02-26,273.48,275.71,271.83,272.87,221098,272.87
2019-02-27,272.31,275.5,271.13,273.99,251638,273.99
2019-02-28,273.71,275.58,268.96,270.9,431984,270.9
2019-03-01,302,323.945,302,317.41,943973,317.41
2019-03-04,315.5,316.35,309.33,312.79,508140,312.79
2019-03-05,313.72,316.525,311.005,312.32,357231,312.32
2019-03-06,311.58,312.76,307.26,308.73,319737,308.73
2019-03-07,306.81,306.81,301.87,302.6,354393,302.6
2019-03-08,300.41,305.21,299.55,303.86,463717,303.86
2019-03-11,305.18,309.36,304.58,308.27,447801,308.27
2019-03-12,308.95,310.91,306.33,308.87,242488,308.87
2019-03-13,310.55,313.07,308.47,309.42,295910,309.42
2019-03-14,309.52,312.98,307.79,311.87,250014,311.87
2019-03-15,312.24,313.11,309.07,310.33,373299,310.33
2019-03-18,310.17,313.8,308.44,313.67,457376,313.67
2019-03-19,315,317.52,312.615,314.12,262445,314.12
2019-03-20,313.82,314.74,310.72,310.72,252374,310.72
2019-03-21,308.7,315.74,308.435,315.57,131817,315.57
2019-03-22,314.07,314.95,305.4,305.59,228763,305.59
2019-03-25,305.03,308.95,302.325,307.19,211750,307.19
2019-03-26,309.44,310.87,306.795,307.69,224938,307.69
2019-03-27,307.12,308.02,299.54,302.42,189612,302.42
2019-03-28,302.74,304.32,297.09,303.75,121835,303.75
2019-03-29,306.01,307.4,304.65,305.68,292709,305.68
2019-04-01,308.44,310.505,305.12,307.4,220667,307.4
2019-04-02,307.7,311.54,305.28,309.14,208039,309.14
2019-04-03,311.62,311.73,304.85,305.88,275228,305.88
2019-04-04,306.49,307.09,302.31,305.8,138835,305.8
2019-04-05,305.99,310.51,305.99,308.61,197014,308.61
2019-04-08,307.34,310.15,305.02,309.84,105948,309.84
2019-04-09,307.87,308.44,304.95,305.92,205284,305.92
2019-04-10,306.84,308.06,305.03,307.6,378358,307.6
2019-04-11,307.87,308.435,305.425,305.98,197819,305.98
2019-04-12,308.06,310.665,305.42,308.53,365942,308.53
2019-04-15,308.58,309.945,306.39,306.74,357907,306.74
2019-04-16,308.16,309.83,300.65,301.44,298987,301.44
2019-04-17,301.96,301.96,287.89,291.83,429794,291.83
2019-04-18,293.37,295.6,288.39,294.13,291379,294.13
2019-04-22,293.49,297.43,292.47,293.49,185715,293.49
2019-04-23,293,295.98,289.03,295.14,312563,295.14
2019-04-24,294.85,295.75,291.4,293.78,211934,293.78
2019-04-25,293.36,299.32,291.73,298.9,200920,298.9
2019-04-26,298.75,301.9,296.86,301.8,253992,301.8
2019-04-29,301.65,302.44,298.97,299.24,89142,299.24
2019-04-30,298.67,301.63,295.94,300.93,129621,300.93
2019-05-01,301.35,301.35,296.58,297.08,130421,297.08
2019-05-02,296.87,302.945,293.98,302.2,174018,302.2
2019-05-03,303.93,309.34,302.27,308.36,172312,308.36
2019-05-06,303.64,308.165,301.45,306.3,291393,306.3
2019-05-07,303.78,304.72,296.33,297.69,163007,297.69
2019-05-08,297.93,299.45,295,296.51,355391,296.51
2019-05-09,306,319.99,306,309.28,429302,309.28
2019-05-10,307,312.86,301.09,311.1,428947,311.1
2019-05-13,304.19,304.19,295.23,296.28,316489,296.28
2019-05-14,297.32,298.055,291.015,291.97,298373,291.97
2019-05-15,289.88,294.66,287.31,294.35,192299,294.35
2019-05-16,289.71,300.94,289.71,299.26,178294,299.26
2019-05-17,295.29,304,295.29,296.72,226661,296.72
2019-05-20,294.45,295.285,290.69,292.84,175730,292.84
2019-05-21,294.6,298.77,291.61,294.35,192242,294.35
2019-05-22,293.87,296.78,292.24,295.35,188586,295.35
2019-05-23,292.86,295.1,291.64,293.96,135841,293.96
2019-05-24,295.49,298.51,293.21,293.37,93135,293.37
2019-05-28,294.33,296.54,288.91,289.12,131326,289.12
2019-05-29,287.12,290.14,286.23,288.08,97278,288.08
2019-05-30,288.69,288.69,284.4,287.25,79781,287.25
2019-05-31,283.95,287.82,281.66,286.93,151239,286.93
2019-06-03,287.25,290.23,286,288.24,155780,288.24
2019-06-04,290.51,294.58,290.36,291.8,204661,291.8
2019-06-05,293.03,293.46,286.02,287.7,440771,287.7
2019-06-06,288.41,291.65,286.48,287.87,213088,287.87
2019-06-07,289.21,291.36,287.355,289.95,205963,289.95
2019-06-10,291.29,293.53,290.395,291.62,487358,291.62
2019-06-11,291.37,296.81,291.37,296.14,168774,296.14
2019-06-12,295.59,298.34,293.59,297.31,173650,297.31
2019-06-13,298.91,298.91,296.255,298.74,283574,298.74
2019-06-14,298.43,301.27,296.92,298.43,124593,298.43
2019-06-17,298.72,303.25,298.06,302.21,151582,302.21
2019-06-18,304.3,308.96,303,307.21,253715,307.21
2019-06-19,306.95,308.81,305.26,307.93,221169,307.93
2019-06-20,310,310,306.63,309.07,107419,309.07
2019-06-21,307.89,309,302.35,304.57,215386,304.57
2019-06-24,305.43,305.52,300.53,301,114326,301
2019-06-25,300.91,303.79,300.51,301.47,104527,301.47
2019-06-26,302.82,306.05,300.5,303.02,100705,303.02
2019-06-27,304.29,307.09,302.38,306.8,125645,306.8
2019-06-28,307,313.33,304.54,312.59,216539,312.59
2019-07-01,313.99,316.995,313.05,315.3,230456,315.3
2019-07-02,314.95,318.87,312.71,314.66,166378,314.66
2019-07-03,315.34,319.985,314.01,319.17,100790,319.17
2019-07-05,317.07,317.07,311.49,313.33,73071,313.33
2019-07-08,311.81,311.94,307.82,309.31,88746,309.31
2019-07-09,308.45,308.48,303.82,305.05,113182,305.05
2019-07-10,305.84,308.945,304.175,304.55,136312,304.55
2019-07-11,305.86,310.79,305.86,310.41,176097,310.41
2019-07-12,309.53,310.525,307.33,309.23,134764,309.23
2019-07-15,309.49,313.365,307.47,312.35,205520,312.35
2019-07-16,312.09,313.155,307.26,309.39,115755,309.39
2019-07-17,309.82,311.47,308.0267,308.53,138148,308.53
2019-07-18,309.65,311.85,309.6,310.06,194455,310.06
2019-07-19,311.61,316.21,310.01,315.18,158806,315.18
2019-07-22,316.16,316.16,310.82,311.62,132688,311.62
2019-07-23,312.64,316.67,310.815,316.12,88462,316.12
2019-07-24,315.52,324.485,313.72,323.48,180616,323.48
2019-07-25,323.34,324,319.375,319.67,169927,319.67
2019-07-26,320.46,324.44,320.38,324.38,151215,324.38
2019-07-29,324.55,324.55,319.94,320.94,122563,320.94
2019-07-30,317.75,320.91,316.38,320.89,115838,320.89
2019-07-31,321.65,321.65,312.18,314.9,234098,314.9
2019-08-01,315.93,318.14,307.395,310.37,345440,310.37
2019-08-02,338.66,338.67,322.09,336,559705,336
2019-08-05,321.47,329.06,317.57,318.8,411498,318.8
2019-08-06,321.18,325.42,317.62,320.81,178994,320.81
2019-08-07,317.58,322.51,312.64,320.35,358437,320.35
2019-08-08,323,332.04,322.41,331.66,221571,331.66
2019-08-09,329.21,329.93,324.61,325.46,266654,325.46
2019-08-12,322.9,324.37,317.26,319.39,123369,319.39
2019-08-13,319.23,327.71,319.23,326.25,323291,326.25
2019-08-14,320.89,325.93,315.58,315.83,389531,315.83
2019-08-15,319.48,322.08,316.62,319.13,367819,319.13
2019-08-16,322.3,329.45,318.22,327.5,248728,327.5
2019-08-19,331.65,333.47,330.13,330.95,333358,330.95
2019-08-20,336.9,344.77,332.5,340.48,228603,340.48
2019-08-21,341.42,345.5,340.745,344.2,358159,344.2
2019-08-22,342.99,344.14,338.5,341.95,98776,341.95
2019-08-23,341.05,341.695,331.18,332.67,175346,332.67
2019-08-26,333.68,336.185,331,335.25,182311,335.25
2019-08-27,336.48,338.18,332.01,334.7,175687,334.7
2019-08-28,333.31,337.93,332.7,335.11,202914,335.11
2019-08-29,338.31,339.36,334.95,337.31,227145,337.31
2019-08-30,339.6,340.81,336.14,337.71,110893,337.71
2019-09-03,335.72,337.3,330.2067,333.34,128692,333.34
2019-09-04,336.3,338.32,332.46,335.2,194533,335.2
2019-09-05,336.35,342.185,334.88,339.48,172951,339.48
2019-09-06,337.46,340.49,334.05,335.59,288932,335.59
2019-09-09,334.79,340.275,333.23,335.47,207090,335.47
2019-09-10,333.97,334.3,321.84,322.93,249534,322.93
2019-09-11,323.21,327.97,323.21,326.42,261066,326.42
2019-09-12,321.76,339.7099,321.76,335.89,205086,335.89
2019-09-13,336.01,338.98,333.88,334.49,374490,334.49
2019-09-16,333,336.29,331.66,334.15,114913,334.15
2019-09-17,335.02,338.57,329.46,337.45,462162,337.45
2019-09-18,337.13,339.6,335,338.34,209136,338.34
2019-09-19,338.98,343.98,337.675,339.73,148974,339.73
2019-09-20,342.32,347.27,342.16,345.24,574326,345.24
2019-09-23,345.73,348.39,341.96,342.02,223384,342.02
2019-09-24,344.89,347.495,339.56,341.62,219314,341.62
2019-09-25,340.68,344.01,336.585,342.99,259169,342.99
2019-09-26,343.26,344.6,336.89,340.21,128958,340.21
2019-09-27,341.58,342.23,333.05,333.99,324349,333.99
2019-09-30,333.82,337.01,332.22,332.74,134963,332.74
2019-10-01,333.55,336.4,325.59,327.28,161692,327.28
2019-10-02,326.02,328.5,323.8,327.16,322792,327.16
2019-10-03,327.62,335.04,322.11,333.56,206132,333.56
2019-10-04,334.11,339.57,334.11,339.37,216401,339.37
2019-10-07,337.44,341.4,335.76,338.52,216377,338.52
2019-10-08,333.03,335.57,319.26,319.73,320052,319.73
2019-10-09,323,327.13,322.84,323.33,154310,323.33
2019-10-10,322.81,326.29,322.44,324.29,372089,324.29
2019-10-11,328.11,335.53,327.54,331.24,271591,331.24
2019-10-14,332.34,334.53,330,331.55,394057,331.55
2019-10-15,332.82,336.005,332.82,334.51,142515,334.51
2019-10-16,334.08,338.66,333.21,337.6,312891,337.6
2019-10-17,339.9,344.45,339.115,343.45,252424,343.45
2019-10-18,343.07,345.15,341.745,343.27,155945,343.27
2019-10-21,344.44,346.855,342,345.56,204515,345.56
2019-10-22,345.87,348.11,342.13,343.54,146356,343.54
2019-10-23,344.26,349.99,343.565,348.48,391251,348.48
2019-10-24,349,349,339.33,340.63,249758,340.63
2019-10-25,339.43,348.67,337.27,345.67,210782,345.67
2019-10-28,345.82,347.745,341.03,341.5,144071,341.5
2019-10-29,340.73,341.88,336.65,337.92,172923,337.92
2019-10-30,338.96,344.78,337.285,344.5,267973,344.5
2019-10-31,344.14,345.77,331.09,331.62,363991,331.62
2019-11-01,329,358.89,327.97,352.33,503637,352.33
2019-11-04,353.1,354.7284,347.03,349.44,221414,349.44
2019-11-05,348.18,351.09,346.18,348.41,336366,348.41
2019-11-06,348.51,351.09,346.64,347.33,195312,347.33
2019-11-07,349.13,350.94,344.16,345.48,131998,345.48
2019-11-08,344.38,352.91,342.83,352.45,206412,352.45
2019-11-11,351.15,354.085,349.26,349.93,158456,349.93
2019-11-12,350.21,357.61,349.62,352.72,206907,352.72
2019-11-13,351.64,355.79,350.43,351.92,190835,351.92
2019-11-14,352.53,355.2,350.15,354.13,228460,354.13
2019-11-15,355.58,357.6,354.68,355.89,148428,355.89
2019-11-18,355.06,363,354.23,358.28,221290,358.28
2019-11-19,359.59,365.79,358.64,364.12,142051,364.12
2019-11-20,362.45,366.03,359.53,362.84,211771,362.84
2019-11-21,364.23,364.97,357.46,360.21,254891,360.21
2019-11-22,361.03,364.94,359.29,362.18,354528,362.18
2019-11-25,363.6,370.725,363.52,368.83,280091,368.83
2019-11-26,368.23,373.56,368.23,371.48,1611140,371.48
2019-11-27,372.73,374.61,371.09,373.04,130066,373.04
2019-11-29,370.92,374.35,369.26,369.38,107568,369.38
2019-12-02,369.41,372.63,368.195,371.68,198665,371.68
2019-12-03,368.565,372.59,367.81,371.58,176274,371.58
2019-12-04,371.64,374.925,369.41,371.36,213369,371.36
2019-12-05,371.21,372.215,368.33,369.02,597720,369.02
2019-12-06,373.42,376.43,370.995,374.2,234679,374.2
2019-12-09,373.65,373.65,357.4,357.61,366484,357.61
2019-12-10,357.2,357.99,339,353.94,554910,353.94
2019-12-11,352.98,354.07,348.53,351.88,258520,351.88
2019-12-12,355.4,364.05,353.04,362.69,280739,362.69
2019-12-13,361.9,364.73,353.89,354.62,140004,354.62
2019-12-16,355,368.2,354.625,366.89,472848,366.89
2019-12-17,368.24,368.24,363.46,365.09,674501,365.09
2019-12-18,365.94,367.36,358.21,359.66,273558,359.66
2019-12-19,360.3,361.41,356.08,360.02,306206,360.02
2019-12-20,362.5,373.23,361.5,372.77,453653,372.77
2019-12-23,371.36,372.29,368.55,370.91,318366,370.91
2019-12-24,372,372.82,367.94,368.76,128820,368.76
2019-12-26,369.42,370,366.06,367.55,97018,367.55
2019-12-27,368.5,368.82,364.43,368.35,100935,368.35
2019-12-30,367.86,370.45,366.5,369.64,158849,369.64
2019-12-31,368.05,372.44,368.05,370.03,127348,370.03
2020-01-02,372.08,373.7,367.16,372.16,160158,372.16
2020-01-03,366.9,370.785,364.19,366.78,148276,366.78
2020-01-06,363.45,372.23,363.19,372.03,196229,372.03
2020-01-07,374.94,384.22,372.98,380.54,271332,380.54
2020-01-08,384.25,386.92,380.72,381.79,330134,381.79
2020-01-09,384.6,390.6,384.6,388.73,305758,388.73
2020-01-10,391.22,391.22,382.31,383.52,168182,383.52
2020-01-13,385.15,388.4325,383.155,384.14,193690,384.14
2020-01-14,381.85,387.24,380.26,384.16,249226,384.16
2020-01-15,383.28,387.09,375.32,376.43,165292,376.43
2020-01-16,379.69,380.61,377.51,379.7,172181,379.7
2020-01-17,380.13,381.19,375.52,376.89,394298,376.89
2020-01-21,375.94,380.786,375.52,378.88,272371,378.88
2020-01-22,379.77,383.025,377.59,378.52,112230,378.52
2020-01-23,377.11,379.34,375.28,375.34,209045,375.34
2020-01-24,376.13,376.13,368.27,369.97,98351,369.97
2020-01-27,363.39,369.3,362.935,365.34,224441,365.34
2020-01-28,368.09,370.19,366.04,366.99,109771,366.99
2020-01-29,369.17,375.22,367.96,368.64,107689,368.64
2020-01-30,366.45,367.98,362.17,367.12,115359,367.12
2020-01-31,366.37,366.37,358.675,360.92,324665,360.92
2020-02-03,363.22,370.7,362.84,364.01,127474,364.01
2020-02-04,368.69,371.04,362.18,363.72,210616,363.72
2020-02-05,367.3,372.79,366.965,371.19,110388,371.19
2020-02-06,373.9,375.415,369.96,374.24,119617,374.24
2020-02-07,373.56,375.3089,369.73,370.3,103367,370.3
2020-02-10,368.02,370.28,366.405,369.67,143696,369.67
2020-02-11,371.03,375.13,368.34,371.48,106249,371.48
2020-02-12,373.86,377.57,372.4725,375.58,245660,375.58
2020-02-13,373.1,381.37,373.1,379.34,152902,379.34
2020-02-14,380.7,404.825,380.7,403.63,529233,403.63
2020-02-18,401.39,409,393.85,407.45,299066,407.45
2020-02-19,407.47,410.63,406.5,409.01,245516,409.01
2020-02-20,408.7,413.02,401.78,409.07,144340,409.07
2020-02-21,406.69,406.69,397.04,400.5,192254,400.5
2020-02-24,386.15,390.905,378.85,385.33,146551,385.33
2020-02-25,385.82,385.82,366.56,368.38,334564,368.38
2020-02-26,372.4,378.4,365.69,369,170136,369
2020-02-27,361.83,376.33,352.09,360.8,256055,360.8
2020-02-28,349.36,355.9,343.335,352.02,366506,352.02
2020-03-02,353.83,369.44,344.02,368.95,284427,368.95
2020-03-03,370.32,390.19,364.41,370,280059,370
2020-03-04,377.27,385.28,371.5,384.93,174897,384.93
2020-03-05,375.6,389.45,373.68,386.68,282694,386.68
2020-03-06,377.03,377.03,363.75,374.56,322257,374.56
2020-03-09,355.45,358.31,345.77,351.34,200445,351.34
2020-03-10,360.78,368.53,351.02,367.59,389154,367.59
2020-03-11,359.17,365.14,341.56,345.79,274833,345.79
2020-03-12,320,335.65,319.51,320.01,387154,320.01
2020-03-13,337.06,348.81,321.625,347.79,288708,347.79
2020-03-16,315,349.4423,315,335.71,349729,335.71
2020-03-17,342.79,364.36,338.805,358.78,511927,358.78
2020-03-18,341.05,362.57,340.62,359,508022,359
2020-03-19,357.71,358.86,340,346.8,488824,346.8
2020-03-20,347.35,360,321.43,329.01,471247,329.01
2020-03-23,329.6,337.17,309.3801,326.34,279846,326.34
2020-03-24,337.34,344.97,330.02,343.15,290878,343.15
2020-03-25,345.71,349.495,330.305,333,217092,333
2020-03-26,337.37,343.73,330.01,341.26,275851,341.26
2020-03-27,332.84,337.23,320.3,322.41,272616,322.41
2020-03-30,326.18,351.445,322.135,349.11,204624,349.11
2020-03-31,349.26,357.9234,341.055,350.56,222895,350.56
2020-04-01,340.1,347.12,331.82,334.87,161989,334.87
2020-04-02,330,360.74,330,360.74,238168,360.74
2020-04-03,356.88,369.58,354.44,365.78,633499,365.78
2020-04-06,374.95,384.42,370.38,381.29,244489,381.29
2020-04-07,386.21,386.31,364.32,370.37,252780,370.37
2020-04-08,374.85,404.95,373.39,403.06,425242,403.06
2020-04-09,405.37,408.7,392.59,393.14,297548,393.14
2020-04-13,391.14,405.38,390.93,405.38,154509,405.38
2020-04-14,410,411.6441,400.14,405.58,194528,405.58
2020-04-15,401.6,409.05,396.1623,403.82,196877,403.82
2020-04-16,408.12,419.475,403.01,414.54,272151,414.54
2020-04-17,421.65,439.9579,416,427.21,775032,427.21
2020-04-20,426.12,434.67,422.35,424.95,292332,424.95
2020-04-21,420.56,429.38,414.91,417.71,271215,417.71
2020-04-22,419.84,425.27,407.14,421.47,221230,421.47
2020-04-23,422.29,429.58,419.84,423.35,152828,423.35
2020-04-24,426.43,435,414.26,433.01,339536,433.01
2020-04-27,440,450.885,434.53,443.57,244355,443.57
2020-04-28,449,450,429.5,430.68,188155,430.68
2020-04-29,437.34,440.31,428.835,436.27,242759,436.27
2020-04-30,433.86,443.67,430.24,440.1,388771,440.1
2020-05-01,433.4,447.55,427.27,431.79,237741,431.79
2020-05-04,431.79,437.39,425,434.04,443964,434.04
2020-05-05,436.6,455,433.3627,443,269832,443
2020-05-06,445.53,450.815,439.04,449.99,553826,449.99
2020-05-07,464.46,470,449.99,460.42,361061,460.42
2020-05-08,465.68,466.5,455.44,456.35,150716,456.35
2020-05-11,453.21,471.27,453.21,470.35,260379,470.35
2020-05-12,472,474.4466,460.28,461.52,130713,461.52
2020-05-13,460.88,467.41,447.7,455,246651,455
2020-05-14,449.4,460,446,457.76,213235,457.76
2020-05-15,456.5,469.285,451.7027,466.72,320281,466.72
2020-05-18,470.74,479.52,464.68,471.42,364637,471.42
2020-05-19,473.9,478.41,462.82,463.75,214272,463.75
2020-05-20,471.24,473.02,465.6,472.94,139156,472.94
2020-05-21,474.9,474.9,460.51,466.79,197664,466.79
2020-05-22,468.15,479.94,466.71,472.45,245742,472.45
2020-05-26,480.79,484.71,475.64,481.15,225377,481.15
2020-05-27,480.89,480.89,465.37,470.72,325858,470.72
2020-05-28,472.32,483.88,472.32,477.13,300393,477.13
2020-05-29,479.66,492,474.65,491.32,346874,491.32
2020-06-01,490.53,497.42,484.95,492.42,162439,492.42
2020-06-02,496.37,496.88,489.4,493.06,176458,493.06
2020-06-03,493.23,493.23,469.38,470.74,260465,470.74
2020-06-04,469.24,475.03,463.0393,463.85,177470,463.85
2020-06-05,464.85,466.53,445.595,452.52,321677,452.52
2020-06-08,442.67,456.71,438.05,456.54,285520,456.54
2020-06-09,458.6,464.87,453.155,459.94,180623,459.94
2020-06-10,462.97,474.87,456.59,468.84,284804,468.84
2020-06-11,461.18,461.18,438.64,438.64,168627,438.64
2020-06-12,444.54,450.9,437.57,448.85,332647,448.85
2020-06-15,433.99,453.88,433.39,453.88,297955,453.88
2020-06-16,462.3,463.97,448.545,455.01,233653,455.01
2020-06-17,456.27,459.43,450.595,455.49,211239,455.49
2020-06-18,451.01,456.43,445.99,454.18,270156,454.18
2020-06-19,456.5,459.04,448.66,451.96,5954790,451.96
2020-06-22,451.26,457.56,444.34,456.49,273166,456.49
2020-06-23,458.21,461.41,451.39,451.78,274979,451.78
2020-06-24,452,452,425.52,432.42,678831,432.42
2020-06-25,432.41,437.91,425.43,437.24,221646,437.24
2020-06-26,436.73,437.91,429.48,432.55,527235,432.55
2020-06-29,436.92,436.92,429.63,432.34,207697,432.34
2020-06-30,433.18,453.84,433.16,451.49,272505,451.49
2020-07-01,446.13,455.23,443.8,454.43,235902,454.43
2020-07-02,456.18,463.56,455.53,458.36,200243,458.36
2020-07-06,460.6,470.285,460.6,465.46,237653,465.46
2020-07-07,457.0275,474.485,457.0275,468.34,206498,468.34
2020-07-08,469.88,473.25,464.01,467.49,195117,467.49
2020-07-09,470.22,478.34,467.045,478.04,309516,478.04
2020-07-10,479.97,479.97,473,477.66,255725,477.66
2020-07-13,481.25,484.73,465.16,467.91,237739,467.91
2020-07-14,466.23,489.31,466.23,488.96,204363,488.96
2020-07-15,492.47,500.51,489.71,498.35,262022,498.35
2020-07-16,500.46,505.4,498.06,501.99,226918,501.99
2020-07-17,505.73,518.97,505.73,516.7,235585,516.7
2020-07-20,520,524.48,517.66,520.37,280308,520.37
2020-07-21,521.6,525.925,514.405,519.04,167563,519.04
2020-07-22,520.62,526.695,517.38,520.27,159321,520.27
2020-07-23,522.71,536.24,517.295,520.32,205975,520.32
2020-07-24,520.6,520.6,508.48,515.75,360476,515.75
2020-07-27,520.53,532,517.56,530.47,134852,530.47
2020-07-28,529.08,529.08,520.44,521.75,95447,521.75
2020-07-29,521.3,531.95,521.3,530.77,130136,530.77
2020-07-30,526.28,540.0628,523.27,535.6,172559,535.6
2020-07-31,524.93,528.9,496.14,524.89,319604,524.89
2020-08-03,531.19,536.44,528.6,531.04,174605,531.04
2020-08-04,525.99,531.83,520.9,526.86,178480,526.86
2020-08-05,524.1,530.25,521.74,527.3,169052,527.3
2020-08-06,528.93,529.19,520.52,525.22,146902,525.22
2020-08-07,524.64,527.41,518.62,524.13,233193,524.13
2020-08-10,524.36,528.51,506.39,506.95,189211,506.95
2020-08-11,507.37,509.52,492.88,496.34,181576,496.34
2020-08-12,497.34,506.52,494.87,501.85,119694,501.85
2020-08-13,503.15,510.66,499.1269,509.78,202117,509.78
2020-08-14,510.56,510.56,503,506.37,103422,506.37
2020-08-17,508.31,514.48,507.95,511.91,124790,511.91
2020-08-18,512.41,521.15,510.89,520.82,171217,520.82
2020-08-19,521,523.415,517.34,520.89,181273,520.89
2020-08-20,518.8,522,514.87,515.58,200633,515.58
2020-08-21,515.21,519.03,512.37,517.95,588780,517.95
2020-08-24,518.44,523.075,507.15,511.17,473485,511.17
2020-08-25,512.68,516.36,508.17,511.98,128469,511.98
2020-08-26,511.6,516.07,508.86,513.21,192587,513.21
2020-08-27,511.58,511.58,485.82,497.15,220017,497.15
2020-08-28,493.7,499.77,490.815,498.84,184483,498.84
2020-08-31,497.82,512.36,497.82,508.59,178079,508.59
2020-09-01,515.14,515.14,503.09,509.66,182083,509.66
2020-09-02,508.35,528.95,503.56,524.3,209769,524.3
2020-09-03,522.51,525.16,491,494.24,164087,494.24
2020-09-04,489.45,493.76,472.84,484.23,212305,484.23
2020-09-08,480.1,484.685,473.43,478.82,295919,478.82
2020-09-09,483.29,504.735,483.29,501.49,187242,501.49
2020-09-10,500.3,514.73,499.715,503.45,271929,503.45
2020-09-11,506.38,513.31,502.38,505.02,148719,505.02
2020-09-14,508.63,514.385,506.83,508.84,174862,508.84
2020-09-15,515.22,518.33,511.06,512.82,115464,512.82
2020-09-16,517.59,519.27,512.6,513.16,127610,513.16
2020-09-17,508.31,513.75,504.98,511.5,135837,511.5
2020-09-18,514.98,515.72,503.68,513.48,633933,513.48
2020-09-21,511.26,517.92,500.6,517.91,143158,517.91
2020-09-22,515.46,517.93,504.65,515.68,279450,515.68
2020-09-23,513.71,523.76,510.39,511.77,110799,511.77
2020-09-24,512.45,512.45,490.725,494.17,212112,494.17
2020-09-25,491.58,506.58,491.58,504.15,177345,504.15
2020-09-28,508.85,519.465,508.85,513.92,118509,513.92
2020-09-29,517.06,521.06,513.54,515.1,106354,515.1
2020-09-30,518.9,525.61,510.74,515.46,240617,515.46
2020-10-01,519.19,521.23,512.665,520.81,169256,520.81
2020-10-02,513.26,518.52,507.82,510.68,85836,510.68
2020-10-05,511.76,534.555,511.76,530.66,291718,530.66
2020-10-06,529.51,537.695,520.36,533.33,166638,533.33
2020-10-07,539,549.56,536.795,545.39,201649,545.39
2020-10-08,549.95,551.14,540.76,551.1,107837,551.1
2020-10-09,552.9,567.33,551.94,566.14,112052,566.14
2020-10-12,572.71,572.71,560.34,568.49,148941,568.49
2020-10-13,568.05,573.795,563.3273,565.74,95640,565.74
2020-10-14,566.23,569.66,552.04,557.39,142601,557.39
2020-10-15,552.9,554.14,543.9197,552.61,119444,552.61
2020-10-16,556.97,566.56,554.56,556.57,254402,556.57
2020-10-19,561.13,563.35,551.01,554.34,108302,554.34
2020-10-20,553.96,566.59,552.61,562.58,167467,562.58
2020-10-21,565.28,568.7,553.965,559.43,164247,559.43
2020-10-22,560,584.38,557.89,579.04,149292,579.04
2020-10-23,580.85,586.2,574.03,581.71,113316,581.71
2020-10-26,576.65,585.5938,573.185,583.82,121244,583.82
2020-10-27,582.16,592.66,579.83,589.54,160143,589.54
2020-10-28,577.5,581.89,558.36,559.46,200705,559.46
2020-10-29,559.81,572.57,554.6803,568.03,176860,568.03
2020-10-30,568.03,598.06,567.54,586.42,257629,586.42
2020-11-02,595,609.45,583.465,591.02,164964,591.02
2020-11-03,598.61,606.02,590.8201,601.57,169285,601.57
2020-11-04,610.01,631.55,609.005,624.79,288921,624.79
2020-11-05,638.46,641.2399,627.085,630.57,146329,630.57
2020-11-06,632.39,647.91,623.41,643.45,184251,643.45
2020-11-09,646.49,648.39,577.95,579.96,322189,579.96
2020-11-10,572.91,572.91,550.45,555.78,362873,555.78
2020-11-11,562.69,588.85,562.69,585.45,164946,585.45
2020-11-12,590.92,602.39,584.91,602.25,149447,602.25
2020-11-13,601.88,609.704,601.62,602.36,104876,602.36
2020-11-16,598.45,602.2,590.69,597.21,167754,597.21
2020-11-17,598.04,600.63,588.525,592.57,120351,592.57
2020-11-18,594.91,594.91,578.62,578.98,135854,578.98
2020-11-19,582.69,583.99,570.47,574.38,231321,574.38
2020-11-20,578.12,578.84,566.37,569.98,262475,569.98
2020-11-23,570,573.49,554.07,554.98,258191,554.98
2020-11-24,553.46,553.71,507.22,516.56,904889,516.56
2020-11-25,519.96,531.245,516.37,523.23,316738,523.23
2020-11-27,525.78,536.35,521.4,535.07,283775,535.07
2020-11-30,535.07,544.15,528.3,538.5,1010749,538.5
2020-12-01,540.65,560.27,540.65,557.28,404566,557.28
2020-12-02,557.92,557.92,543.16,549.6,268759,549.6
2020-12-03,549.6,557.34,548.42,553.27,484086,553.27
2020-12-04,555.94,562.66,549.27,559.4,527976,559.4
2020-12-07,560.93,566.27,558.5,560.55,163038,560.55
2020-12-08,562.27,562.63,554.82,559.27,148509,559.27
2020-12-09,555.98,558.47,537.12,541.87,220660,541.87
2020-12-10,543.86,561.79,543.85,554.78,150988,554.78
2020-12-11,556.81,569.08,554.15,567.26,272612,567.26
2020-12-14,570.03,587.91,570,579.65,353032,579.65
2020-12-15,583.08,593.04,574.44,587.91,235587,587.91
2020-12-16,591.41,591.59,570.79,576.72,209078,576.72
2020-12-17,581.3,589.02,579.625,584.24,248016,584.24
2020-12-18,585.95,609.59,580.62,605.87,703070,605.87
2020-12-21,597.89,605.06,580.32,590.86,327388,590.86
2020-12-22,588.78,594.85,581.17,583.48,390651,583.48
2020-12-23,584.14,584.5826,572.365,574.42,120054,574.42
2020-12-24,575.32,579.2166,569.89,575.07,47497,575.07
2020-12-28,581.71,583.24,569.69,571.99,103430,571.99
2020-12-29,573.11,576.85,568.735,574.92,101067,574.92
2020-12-30,574.28,579.61,573.06,574.83,80137,574.83
2020-12-31,572.48,584.22,569.56,582.94,185322,582.94
2021-01-04,580.99,584.33,560.97,575.26,360304,575.26
2021-01-05,574.75,589.25,566.985,584.13,269665,584.13
2021-01-06,575.2,614.1,575.2,612.2,239131,612.2
2021-01-07,620,636.97,619.94,629.12,251239,629.12
2021-01-08,629.4,635.19,613.4,621.37,203939,621.37
2021-01-11,618.64,623.49,609.665,615.79,205653,615.79
2021-01-12,617.33,617.33,604.48,610.04,282561,610.04
2021-01-13,611.97,611.97,602.62,604.32,263308,604.32
2021-01-14,606,606.98,590.84,593.14,218315,593.14
2021-01-15,592.43,606.48,589.84,601.15,814516,601.15
2021-01-19,610.97,612.5,598.7,608.97,195488,608.97
2021-01-20,610.35,617.47,598.88,600.81,266428,600.81
2021-01-21,601.41,601.41,586.175,589.19,283093,589.19
2021-01-22,589.08,596.82,588.54,594.83,191317,594.83
2021-01-25,599.35,601.91,584.58,588.34,218448,588.34
2021-01-26,591.86,592.73,568.64,570.76,166394,570.76
2021-01-27,565.65,566.83,545,547.01,219147,547.01
2021-01-28,554.37,570.68,548.9,566.44,180880,566.44
2021-01-29,566.68,584.4799,564.295,573.77,279982,573.77
2021-02-01,577.75,593.385,573.03,591.68,220147,591.68
2021-02-02,598.81,611.855,595,596.64,169589,596.64
2021-02-03,596.64,600.7,581.775,591.37,229019,591.37
2021-02-04,589.24,607.615,587.125,605.01,238589,605.01
2021-02-05,608.62,619.84,607.85,616.48,240962,616.48
2021-02-08,620,636.27,619.9,628.68,281120,628.68
2021-02-09,628.55,645,627.88,636.46,315459,636.46
2021-02-10,642.5,647.15,626.905,631.92,365329,631.92
2021-02-11,636.3,644.29,626.11,643.81,381311,643.81
2021-02-12,649.95,689,649.95,662.35,553321,662.35
2021-02-16,662.36,665.95,647.46,649.62,381012,649.62
2021-02-17,651.45,658.45,646.5,655.72,154104,655.72
2021-02-18,653.77,667.71,649,651.5,225947,651.5
2021-02-19,653.58,656.71,634.12,637.01,562616,637.01
2021-02-22,632.81,632.81,602.5,603.54,280903,603.54
2021-02-23,599.17,599.17,582.14,594.48,291138,594.48
2021-02-24,592.08,605.1,584.01,594.74,237818,594.74
2021-02-25,593.83,596.51,579.12,582.45,279150,582.45
2021-02-26,588.6,592.92,578,584.5,278413,584.5
2021-03-01,590.26,602.36,590.26,597.3,175733,597.3
2021-03-02,598.88,600.21,586.68,591.22,164846,591.22
2021-03-03,588.11,589.715,566.06,566.87,155914,566.87
2021-03-04,563.39,573.92,553.02,562,260855,562
2021-03-05,566.41,571.43,552.855,567.92,221823,567.92
2021-03-08,565.18,575,553.975,554.11,239636,554.11
2021-03-09,562.2,575.67,561.03,561.94,211617,561.94
2021-03-10,566,571.46,557.4,559.22,162786,559.22
2021-03-11,567.1,574.59,563.06,568.9,236251,568.9
2021-03-12,561.67,562.94,555.44,559.98,375228,559.98
2021-03-15,562.47,574.31,562.47,569.55,208645,569.55
2021-03-16,568.38,574.53,554.76,560.84,147985,560.84
2021-03-17,555.87,570.685,553.05,566.44,171008,566.44
2021-03-18,564.57,584.28,562.19,570.05,287579,570.05
2021-03-19,570.68,576.305,566.22,568.93,307260,568.93
2021-03-22,571.55,589.29,571.55,580,192160,580
2021-03-23,581.48,581.48,569.4204,571,134090,571
2021-03-24,573.32,574.46,555.16,559.38,142441,559.38
2021-03-25,559.8,561.7,547.22,559.06,230770,559.06
2021-03-26,563.8,579.41,559.34,578.59,185033,578.59
2021-03-29,574.28,576.28,563.24,570.04,262632,570.04
2021-03-30,568.45,569.184,563.09,564.15,100380,564.15
2021-03-31,570.01,576.62,564.67,571.17,217478,571.17
2021-04-01,572.84,582.34,569.46,579.91,96168,579.91
2021-04-05,582.49,588.59,580.87,582.8,99491,582.8
2021-04-06,579.95,593.81,578.27,587.55,158382,587.55
2021-04-07,586.92,586.92,575.85,576.64,118649,576.64
2021-04-08,581.86,595.37,581.035,592.23,136048,592.23
2021-04-09,596.27,602.85,593.53,602.57,152394,602.57
2021-04-12,602.05,606.27,599.02,603.99,98906,603.99
2021-04-13,607.11,621,607.11,614.85,99720,614.85
2021-04-14,613.32,620.225,604.19,612.11,120573,612.11
2021-04-15,617.8,632.27,616.5113,624.79,114347,624.79
2021-04-16,624.75,627.96,618.53,626.12,160231,626.12
2021-04-19,626.49,629.59,626.49,629.59,17342,629.59
2021-04-20,632.54,634.335,621.425,628.3,119645,628.3
2021-04-21,627.17,637.17,626.27,634.31,135805,634.31
2021-04-22,632.41,640.37,629.93,639.73,182586,639.73
2021-04-23,641.6,645.58,634.36,640.42,99247,640.42
2021-04-26,640.7,648.48,638.63,648.34,165780,648.34
2021-04-27,648,650.68,641.8,648.72,128076,648.72
2021-04-28,645.2,651.72,640.83,649.04,114502,649.04
2021-04-29,651.81,651.81,625,640.73,178222,640.73
2021-04-30,640.03,657.79,622.905,630.13,282224,630.13
2021-05-03,631.97,634.4918,607.15,610,183018,610
2021-05-04,603.87,607.96,593.29,598.1,157907,598.1
2021-05-05,600.83,606.14,589.19,601.37,264600,601.37
2021-05-06,598.14,605.64,592.07,602.17,254711,602.17
2021-05-07,607.05,615.32,605.88,608.01,146985,608.01
2021-05-10,611.32,615.59,602.2114,603.65,112414,603.65
2021-05-11,593.93,598.16,590.28,596.38,183575,596.38
2021-05-12,592.03,598.52,582.495,583.89,115384,583.89
2021-05-13,586.46,595.235,582.66,590.97,119665,590.97
2021-05-14,593.22,603.615,592.1,600.75,112739,600.75
2021-05-17,597.34,600.14,587.97,589.74,161941,589.74
2021-05-18,587.01,593.07,581.75,588.15,150350,588.15
2021-05-19,586.61,589.55,581.2531,588.63,101278,588.63
2021-05-20,588.59,599.26,588.59,598.32,147781,598.32
2021-05-21,602.22,602.22,591.75,594.74,124407,594.74
2021-05-24,599.64,600.485,592.05,593.06,123570,593.06
2021-05-25,592.74,596.02,584.89,592.93,221067,592.93
2021-05-26,590.9,592.06,580.01,591.57,209013,591.57
2021-05-27,593.46,600.81,591.01,598.57,271362,598.57
2021-05-28,603.66,610,601.71,602.37,151793,602.37
2021-06-01,603.37,607.11,581.195,581.46,250355,581.46
2021-06-02,580,584.6,576.74,581.32,176949,581.32
2021-06-03,576.4,584.295,575,581.59,180954,581.59
2021-06-04,582.97,584.25,575.02,581.28,254102,581.28
2021-06-07,578.66,583.37,577.75,579.58,244814,579.58
2021-06-08,584,584,575,581.66,232906,581.66
2021-06-09,585.18,586.31,578.55,581.16,447458,581.16
2021-06-10,580.5,606.6778,577.85,602.97,396781,602.97
2021-06-11,605.92,605.92,598.3,601.68,137726,601.68
2021-06-14,602.97,607,598.31,606.67,157984,606.67
2021-06-15,608.76,610.98,602.96,609.27,114208,609.27
2021-06-16,610.52,615.75,608.84,612.26,180808,612.26
2021-06-17,611.26,619,607.94,617.6,130869,617.6
2021-06-18,616.01,626.62,616.01,622.8,250373,622.8
2021-06-21,626,627.32,616.9,625.67,96180,625.67
2021-06-22,624.27,626.9,621.08,624.82,72564,624.82
2021-06-23,626.5,627.94,622.33,625.85,78440,625.85
2021-06-24,629.19,633.165,626.68,631.9,96870,631.9
2021-06-25,633.73,636.62,630.88,633.56,153626,633.56
2021-06-28,635.14,646.21,633.92,643.7,233983,643.7
2021-06-29,642,647.96,642,645.56,90134,645.56
2021-06-30,644.29,645.32,636.805,644.29,139022,644.29
2021-07-01,645.02,659.45,644.335,657.71,158085,657.71
2021-07-02,660,667.8,656.17,666.72,111505,666.72
2021-07-06,667.85,672.535,665.86,667.4,170969,667.4
2021-07-07,669.89,675.62,665.5,673.4,191512,673.4
2021-07-08,664.19,677.575,663.99,672.7,92072,672.7
2021-07-09,672.85,678.275,669.33,675.17,157276,675.17
2021-07-12,677.01,680.77,671.675,673.98,129165,673.98
2021-07-13,672.3,675.99,664.18,664.54,129367,664.54
2021-07-14,665.29,668.75,658.54,658.6,104251,658.6
2021-07-15,655.5,671.72,655.5,666.77,95150,666.77
2021-07-16,666.4,676.95,665.87,674.78,126283,674.78
2021-07-19,673.02,676.52,667.79,673.84,89646,673.84
2021-07-20,673.83,679.91,667.4,668.42,137854,668.42
2021-07-21,669.27,669.27,647.77,663.05,146284,663.05
2021-07-22,667.39,677.76,666.19,675.41,88094,675.41
2021-07-23,676.91,685.66,672.54,682.92,76869,682.92
2021-07-26,682,687.73,677.07,685.56,97734,685.56
2021-07-27,686.7,703.82,684.93,702.79,143070,702.79
2021-07-28,701.29,710.79,701.09,705.98,109269,705.98
2021-07-29,707.34,714.81,704.86,707.13,110588,707.13
2021-07-30,713.11,756.515,713.11,739.51,317209,739.51
2021-08-02,742.96,746.02,720.31,736.47,157045,736.47
2021-08-03,738.84,756.635,738.43,745.69,130005,745.69
2021-08-04,746.84,765.115,746.84,762.12,146550,762.12
2021-08-05,765.96,766.25,752.2793,763.66,137937,763.66
2021-08-06,762.51,762.71,749.65,753.63,158074,753.63
2021-08-09,753.63,758.605,747.86,756.61,172316,756.61
2021-08-10,757.93,769.77,757.93,763.8,167457,763.8
2021-08-11,760.98,760.98,744.38,752.69,174618,752.69
2021-08-12,752.71,766.58,750.08,766.55,111093,766.55
2021-08-13,764.07,778.3,763.12,778.3,89397,778.3
2021-08-16,779.64,783.8,771.4893,781.98,91413,781.98
2021-08-17,777.5,781.95,771.975,780.48,133444,780.48
2021-08-18,778.78,782.05,768.04,770.75,86897,770.75
2021-08-19,767.52,779.99,766.6,776.25,118246,776.25
2021-08-20,779.17,782.77,772.69,780.03,89890,780.03
2021-08-23,783.5,787.87,780.08,782.87,92656,782.87
2021-08-24,779.68,789.93,778.6,788.79,156352,788.79
2021-08-25,789.24,802.39,786.95,798.53,91058,798.53
2021-08-26,798.45,800.96,787.7,797.74,70701,797.74
2021-08-27,800.99,806.53,791.73,792.41,110249,792.41
2021-08-30,792.41,814.35,792.41,813.54,99537,813.54
2021-08-31,816.78,816.78,797.4,804.82,181855,804.82
2021-09-01,801.43,818.205,801.43,814.95,95727,814.95
2021-09-02,817.17,832.7,817.17,825.77,132313,825.77
2021-09-03,822.73,825.63,811.35,819.7,95469,819.7
2021-09-07,813.41,817.2,789.35,806.32,204684,806.32
2021-09-08,805.94,818.51,800.04,813.56,199050,813.56
2021-09-09,815.45,815.45,803.05,810.79,114147,810.79
2021-09-10,816.61,822.09,811.21,820.1,141455,820.1
2021-09-13,821.65,821.65,780.18,791.99,157760,791.99
2021-09-14,796.42,811.665,788.08,802.89,188501,802.89
2021-09-15,798.42,807.05,784.71,790.08,333712,790.08
2021-09-16,789.39,789.9899,776.178,785.22,300265,785.22
2021-09-17,786.15,794.4799,780.64,788.35,530757,788.35
2021-09-20,776.05,785.15,774.09,782.52,283663,782.52
2021-09-21,784.92,790.775,777.845,785.51,361831,785.51
2021-09-22,789.71,791.56,781.135,785.64,105887,785.64
2021-09-23,790.22,801.765,786.805,797.34,115209,797.34
2021-09-24,796.19,804.65,790.635,802.96,156020,802.96
2021-09-27,797.52,797.52,756.61,766.5,144473,766.5
2021-09-28,760.59,760.59,740.41,753.03,143748,753.03
2021-09-29,758.31,769.785,746.89,749.27,130488,749.27
2021-09-30,753.9,764.86,744.715,745.95,214602,745.95
2021-10-01,747.41,747.41,717.195,741.92,121510,741.92
2021-10-04,738.2,746.57,725.7,730.01,138755,730.01
2021-10-05,733.35,740.62,722.84,723.87,138482,723.87
2021-10-06,723.2,725.175,713.62,722.77,101483,722.77
2021-10-07,727.2,740.81,726.75,731.44,120286,731.44
2021-10-08,733.87,739.52,716.59,722.43,73869,722.43
2021-10-11,719.84,726.18,715.11,718.5,66010,718.5
2021-10-12,723.48,725.47,703.67,709.08,123539,709.08
2021-10-13,716.75,726.05,708.7,708.84,136019,708.84
2021-10-14,718.28,729.17,718.22,720.11,87572,720.11
2021-10-15,720.08,725.47,713.22,721.48,113095,721.48
2021-10-18,721.87,731.49,715.15,727.17,128082,727.17
2021-10-19,732.36,739.87,731.66,732.76,93539,732.76
2021-10-20,739.37,750.27,738.71,747.06,86515,747.06
2021-10-21,753.07,764.7,745.97,759.85,116215,759.85
2021-10-22,763.24,768.87,749.6716,753.58,118552,753.58
2021-10-25,753.8,770.48,753.8,770.48,15003,770.48
2021-10-26,772,779.5699,766.25,773.15,84956,773.15
2021-10-27,774.1,774.1,760.93,764.62,94325,764.62
2021-10-28,769.71,794.81,760.58,788.82,213413,788.82
2021-10-29,780.61,798.97,762.3,794.68,184694,794.68
2021-11-01,797.27,797.27,782.19,784.16,129816,784.16
2021-11-02,790.06,795.905,776.54,779.08,136719,779.08
2021-11-03,782.07,782.07,763.27,779.85,86173,779.85
2021-11-04,776.86,784.11,774.19,783.22,64670,783.22
2021-11-05,773.82,773.82,712.22,725.61,252841,725.61
2021-11-08,730.87,736.59,721.75,732.13,131638,732.13
2021-11-09,731.09,737,726.8,732.08,103442,732.08
2021-11-10,733.51,742.21,731.27,733.96,276822,733.96
2021-11-11,737.75,752.93,736.09,752.09,145044,752.09
2021-11-12,754.49,759.49,740.765,756.28,78652,756.28
2021-11-15,759.95,766.955,752.275,753.84,65116,753.84
2021-11-16,753.84,779.35,753.84,770.98,101198,770.98
2021-11-17,776.86,784.39,767.3775,779.99,74800,779.99
2021-11-18,780.7,780.7,764.96,772.35,81720,772.35
2021-11-19,781.66,783.94,775.405,776.63,140240,776.63
2021-11-22,774.87,774.87,757.56,757.6,91091,757.6
2021-11-23,751.94,751.965,732.725,741.16,93763,741.16
2021-11-24,738.34,739.47,732.29,736.8,68396,736.8
2021-11-26,744.94,768.98,741.36,750.17,71517,750.17
2021-11-29,751.22,761.3,744.47,749.56,98856,749.56
2021-11-30,752.57,764.7,744.89,753.2,254489,753.2
2021-12-01,753.68,771.69,737.48,755.56,167600,755.56
2021-12-02,752.12,764.21,745.75,748.22,114983,748.22
2021-12-03,753.44,756.84,733.37,741.38,105716,741.38
2021-12-06,743.73,749.95,730.6,742.36,131913,742.36
2021-12-07,749.57,765.62,748.83,752.37,139156,752.37
2021-12-08,758.98,770.24,751.04,770.22,128208,770.22
2021-12-09,770.76,770.76,752.53,753.79,101743,753.79
2021-12-10,755,761.765,740.6,746.05,173527,746.05
2021-12-13,746,768.485,744.46,752.2,186558,752.2
2021-12-14,744.76,746.31,714.97,723.93,245364,723.93
2021-12-15,724.88,747.46,720.62,744.35,255138,744.35
2021-12-16,742.66,749.92,733.26,734.34,146102,734.34
2021-12-17,733.84,743.825,728,731.46,521422,731.46
2021-12-20,731.91,737.35,718.2,728.57,134019,728.57
2021-12-21,731.51,740.64,721.3,739.91,142758,739.91
2021-12-22,739.91,748.73,737.52,743.83,110083,743.83
2021-12-23,742.07,754.96,737.775,746.26,102138,746.26
2021-12-27,751.67,765.4,749.82,764.32,82492,764.32
2021-12-28,763.69,763.81,746.51,747.76,74217,747.76
2021-12-29,747.5,753.65,741.38,750.74,72807,750.74
2021-12-30,755.24,761.525,750.28,758.65,64182,758.65
2021-12-31,756.26,762.5,752.62,755.57,109145,755.57
2022-01-03,752.17,752.17,721.79,735.42,126277,735.42
2022-01-04,732.56,742.625,695,702.09,162534,702.09
2022-01-05,705,715.33,689.671,694.43,156390,694.43
2022-01-06,685.14,698.27,677.75,683.52,212379,683.52
2022-01-07,681.32,695.61,656.62,663.16,135554,663.16
2022-01-10,655.31,664.87,643.65,664.48,156516,664.48
2022-01-11,668.25,678.69,658.6,674.98,166561,674.98
2022-01-12,672.85,685.29,662.82,669.7,176688,669.7
2022-01-13,674.13,674.13,638.58,639.16,151207,639.16
2022-01-14,633.56,641.45,619.87,628.23,196950,628.23
2022-01-18,614.61,621.165,597.78,599.8,237949,599.8
2022-01-19,602.53,608.27,597.595,598.44,320197,598.44
2022-01-20,602.53,606.05,586.57,587.4,240696,587.4
2022-01-21,586.91,596.45,579.66,585.68,229591,585.68
2022-01-24,583.4,583.96,570.18,583.96,50330,583.96
2022-01-25,574.66,587.13,558.505,574.93,418025,574.93
2022-01-26,582.7,587.93,565.765,572.05,237595,572.05
2022-01-27,574.65,576.5331,560.6201,564.67,293649,564.67
2022-01-28,569.86,597.24,562.61,593,245603,593
2022-01-31,594.93,604.715,590.96,599.73,250972,599.73
2022-02-01,606.38,611.85,593.805,609.88,266468,609.88
2022-02-02,615.58,624.96,610.175,618.8,250621,618.8
2022-02-03,610,631.17,610,622.9,272698,622.9
2022-02-04,620.57,635.1,619.66,626.69,243370,626.69
2022-02-07,630.46,637.45,620.31,625.06,212376,625.06
2022-02-08,618.88,624.965,614.015,617.6,290492,617.6
2022-02-09,627.07,643.2599,627.07,637.21,254495,637.21
2022-02-10,624.8,638.96,623.48,625.17,279457,625.17
2022-02-11,635,670.615,629,629.8,531239,629.8
2022-02-14,623.51,637.705,616.82,620.98,353204,620.98
2022-02-15,628.39,640.53,615.341,617.69,294961,617.69
2022-02-16,612.91,617.375,603.245,612.69,368938,612.69
2022-02-17,609.81,613.19,587.69,588.23,332799,588.23
2022-02-18,591.01,591.69,577.85,583.76,222703,583.76
2022-02-22,578.93,588.67,575.3,582.88,312734,582.88
2022-02-23,584.91,595.395,571,572.42,192317,572.42
2022-02-24,564.05,598.58,563,598.43,287029,598.43
2022-02-25,606.29,651.825,605.25,641.29,694714,641.29
2022-02-28,636.13,638.635,618.8,625.96,331527,625.96
2022-03-01,624.33,631.48,611.82,616.75,252654,616.75
2022-03-02,615.01,623.365,607.3782,611.88,259609,611.88
2022-03-03,611.95,620.13,605.03,608.74,243471,608.74
2022-03-04,606.17,606.17,577.11,582.54,222424,582.54
2022-03-07,584.59,585.32,549.665,550.16,229883,550.16
2022-03-08,524.57,524.57,524.57,524.57,20759,524.57
2022-03-09,547.89,555.98,540.32,554.27,272253,554.27
2022-03-10,543.65,551.62,539.4,541.34,168720,541.34
2022-03-11,548.52,553.93,529.1,529.89,173952,529.89
2022-03-14,536.69,557.79,533.46,541.06,158759,541.06
2022-03-15,546.18,556.69,538.53,548.74,236913,548.74
2022-03-16,558.24,574.83,549.51,562.81,309147,562.81
2022-03-17,560.84,575.48,557.1,574.84,153714,574.84
2022-03-18,571.03,589.7,571.03,588.22,397949,588.22
2022-03-21,580.32,588.615,573.35,579.98,140779,579.98
2022-03-22,581.79,593.165,579.58,589.45,236748,589.45
2022-03-23,582.37,584.04,563.95,565.39,203023,565.39
2022-03-24,570.7,573.78,559.7,567.7,142890,567.7
2022-03-25,569.7,569.7,557.51,564.3,151034,564.3
2022-03-28,567.22,576.5,562.14,574.08,164108,574.08
2022-03-29,585.61,600.55,581.19,581.96,263887,581.96
2022-03-30,584.04,586.7,574.765,580.23,187989,580.23
2022-03-31,579.27,581.595,562.58,563.23,267392,563.23
2022-04-01,573.51,573.61,562.1935,570.89,220229,570.89
2022-04-04,573.24,574.33,561.7,569.55,245600,569.55
2022-04-05,566.82,576.48,564.23,574.85,311665,574.85
2022-04-06,567.03,579.93,563.45,576.64,391106,576.64
2022-04-07,577.47,604.26,571.83,596.6,318444,596.6
2022-04-08,593.4,607.54,591.57,597.16,453003,597.16
2022-04-11,584.78,594.07,578.97,589.71,437986,589.71
2022-04-12,587.3,595.45,557.55,558.24,420704,558.24
2022-04-13,554.51,567.35,554.51,564.85,191339,564.85
2022-04-14,564.71,566.53,547.12,548.19,245139,548.19
2022-04-18,542.65,547.2575,537.55,542.34,124786,542.34
2022-04-19,541.9,557.47,541.785,556.46,132673,556.46
2022-04-20,559.43,568.03,552.385,562.01,140400,562.01
2022-04-21,566.87,574.8,543.705,545.24,202902,545.24
2022-04-22,540.49,541.75,533.07,534.29,153531,534.29
2022-04-25,528.19,530.99,514.72,529.95,194583,529.95
2022-04-26,526.76,526.76,493.37,493.53,298226,493.53
2022-04-27,495.64,508.49,495.64,500.96,206694,500.96
2022-04-28,508.76,517.325,500.05,513.11,282650,513.11
2022-04-29,535.99,539,511.58,512.06,436166,512.06
2022-05-02,506.66,509.31,488.165,501.42,279688,501.42
2022-05-03,501.71,513.59,498.88,500.93,278195,500.93
2022-05-04,497.13,516.15,485.96,513.58,267946,513.58
2022-05-05,509.12,509.12,494.21,507.45,304841,507.45
2022-05-06,500,505.46,489.75,501.46,301849,501.46
2022-05-09,493.08,500.6753,478.13,479.05,275842,479.05
2022-05-10,489.46,494.5083,479.01,490.17,307435,490.17
2022-05-11,486.5,493.19,474.21,475.22,303736,475.22
2022-05-12,468.86,487.52,468.86,482.81,317858,482.81
2022-05-13,490.92,505.83,490.76,502.11,178576,502.11
2022-05-16,497.07,503.33,494.85,499.09,211194,499.09
2022-05-17,507.85,518.2,503.48,514.36,250705,514.36
2022-05-18,505.78,510,498.42,503.49,239113,503.49
2022-05-19,500.04,527.06,500.04,523.32,264211,523.32
2022-05-20,526.14,534.745,511.69,522.2,252169,522.2
2022-05-23,529.83,529.83,516.33,520.75,177406,520.75
2022-05-24,520.87,521.99,510.12,518.73,242866,518.73
2022-05-25,518.59,518.59,505.2,508.57,198005,508.57
2022-05-26,509.35,523.66,504.88,522.46,213382,522.46
2022-05-27,526.82,548.38,524,547.25,262209,547.25
2022-05-31,543.6,543.6,527.52,537.79,872525,537.79
2022-06-01,542.89,544.75,521.98,527.79,247930,527.79
2022-06-02,527.58,552.76,527.505,552.53,176048,552.53
2022-06-03,546.08,549.19,533.53,535.58,141634,535.58
2022-06-06,540.68,543.38,534.365,534.98,109440,534.98
2022-06-07,530.06,542.47,529.06,540.37,155361,540.37
2022-06-08,536.72,544.61,533.75,534.71,102260,534.71
2022-06-09,530.26,536.62,520.67,520.81,196661,520.81
2022-06-10,512.54,512.985,504.89,506.32,181050,506.32
2022-06-13,491.35,492.44,478.965,481.53,156119,481.53
2022-06-14,480.15,480.15,465.85,469.96,229297,469.96
2022-06-15,475.8,488.12,472.8,480.44,169023,480.44
2022-06-16,468.29,471.77,463.65,470.38,187131,470.38
2022-06-17,469.31,481.0358,462.61,463.67,427611,463.67
2022-06-21,471,476.535,468.445,475.09,177125,475.09
2022-06-22,468.99,487.04,468.99,479.98,164887,479.98
2022-06-23,480.9,507.565,479.9579,505.58,173056,505.58
2022-06-24,509.94,511.7091,502.91,507.84,216880,507.84
2022-06-27,512.82,514.9,502.92,507.69,164313,507.69
2022-06-28,506.06,513.4548,495.05,495.16,185251,495.16
2022-06-29,493.26,499.06,485.08,496.07,141910,496.07
2022-06-30,490.65,501.97,485.94,495,157707,495
2022-07-01,495.01,503.475,491.44,502.34,129823,502.34
2022-07-05,493.49,507.47,490.4,506,186606,506
2022-07-06,507.36,512.1389,501.87,509.67,320935,509.67
2022-07-07,508.55,518.995,508.09,512.54,145048,512.54
2022-07-08,506.13,517.86,506.13,517.12,262933,517.12
2022-07-11,514.43,528.84,509.46,521.87,260830,521.87
2022-07-12,516.78,518.06,495.535,500.29,250222,500.29
2022-07-13,493.18,505.385,492.93,499.17,119263,499.17
2022-07-14,491.89,491.89,472.445,487.95,221327,487.95
2022-07-15,496.9,496.9,483.4,494.04,188720,494.04
2022-07-18,494.93,500.42,472.7975,475.79,218636,475.79
2022-07-19,482.83,491.6665,481.37,490.09,175368,490.09
2022-07-20,492.71,500.93,492.38,496.04,146233,496.04
2022-07-21,505,536.75,505,534.41,225541,534.41
2022-07-22,535.02,535.02,519,524.62,122559,524.62
2022-07-25,522.65,528.5,519.33,528.18,113486,528.18
2022-07-26,528.37,535.5,517.84,534.68,180677,534.68
2022-07-27,532.61,547.435,532.61,546.69,163930,546.69
2022-07-28,550,563.78,542.98,559.86,252827,559.86
2022-07-29,560.99,569.89,554.94,563.26,278037,563.26
2022-08-01,558.45,564.5,552.59,553.61,197345,553.61
2022-08-02,550.13,561.26,545.02,547.96,120728,547.96
2022-08-03,552.14,559.03,547.92,548.55,155047,548.55
2022-08-04,548.57,550.18,534.61,538.84,130528,538.84
2022-08-05,531.92,540.9,528.77,539.65,97976,539.65
2022-08-08,539.17,544.8818,534.5,535.08,124529,535.08
2022-08-09,533,533,516.28,518.86,116495,518.86
2022-08-10,529.25,549.66,528.995,548.49,198282,548.49
2022-08-11,552.49,572.7,546.13,549.12,147908,549.12
2022-08-12,553.89,556.32,542.32,548.74,88882,548.74
2022-08-15,547,552.46,541.97,546.52,181554,546.52
2022-08-16,537.88,542.2833,531.87,533.97,83627,533.97
2022-08-17,529.78,541.15,521.39,524.11,108485,524.11
2022-08-18,525.04,527.34,515.45,519.57,104751,519.57
2022-08-19,518.87,524.09,509.21,510.2,133765,510.2
2022-08-22,503.03,511.12,499.03,500.1,99720,500.1
2022-08-23,497.25,503.16,493.03,494.62,74192,494.62
2022-08-24,497.46,501.28,494.659,499.09,74875,499.09
2022-08-25,505.55,515.225,502.215,514.63,105110,514.63
2022-08-26,514.01,516.9,493.85,495.28,135394,495.28
2022-08-29,492.05,498.035,488.02,488.31,140396,488.31
2022-08-30,492.15,492.525,477.21,483.5,161988,483.5
2022-08-31,485,491.54,483.38,485.04,235457,485.04
2022-09-01,482.24,486.785,473.24,486.25,107238,486.25
2022-09-02,488.69,492.62,477.61,478.32,111728,478.32
2022-09-06,477.54,480.85,468.48,477.91,139672,477.91
2022-09-07,478.34,493.06,475.3539,491.38,134662,491.38
2022-09-08,484.88,501.05,484.88,500.33,165514,500.33
2022-09-09,501.36,513.65,499.1646,509.38,104430,509.38
2022-09-12,511.3,514.25,509.33,512.79,103192,512.79
2022-09-13,500.72,500.72,478.26,479.4,159407,479.4
2022-09-14,478.95,483.79,471.1905,477.48,133343,477.48
2022-09-15,477.4,484.78,470.91,472.75,138971,472.75
2022-09-16,467.93,467.93,445.14,448.54,417059,448.54
2022-09-19,445.57,446.45,437.13,445.5,184669,445.5
2022-09-20,443.24,443.24,433.79,437.39,153572,437.39
2022-09-21,437.78,447.3,430.97,430.97,203169,430.97
2022-09-22,427.83,428.61,414.83,418.55,292838,418.55
2022-09-23,414.23,422.61,406.24,421.93,274098,421.93
2022-09-26,419.14,427.43,412.3117,414.52,137785,414.52
2022-09-27,420.56,420.56,409.48,412.59,131582,412.59
2022-09-28,416.22,431.99,414.66,428.71,203200,428.71
2022-09-29,425.46,429.39,416.845,418.24,358058,418.24
2022-09-30,420.19,427.48,416.86,417.14,296503,417.14
2022-10-03,418.82,433.33,414.65,427.84,199621,427.84
2022-10-04,436.18,449.77,436.18,449.39,193204,449.39
2022-10-05,442.03,457.93,440.32,456.01,227079,456.01
2022-10-06,453.5,456.5,447.35,452.85,192298,452.85
2022-10-07,446.68,446.68,428.39,428.93,152454,428.93
2022-10-10,431.6,442.78,385.4675,392.95,720142,392.95
2022-10-11,387.12,395.07,379.94,390.13,377984,390.13
2022-10-12,392.83,396.295,382.5,384.07,186883,384.07
2022-10-13,373.97,401.04,368.42,394.89,243105,394.89
2022-10-14,397.23,401.15,389.98,394.71,239652,394.71
2022-10-17,404.5,410.32,401.16,404.13,218386,404.13
2022-10-18,415.4,418.705,404.505,406.69,167289,406.69
2022-10-19,395.64,398.205,376.2,385.23,247788,385.23
2022-10-20,384.04,387.685,372.99,375.8,244188,375.8
2022-10-21,377.06,379.65,370.34,378.21,252557,378.21
2022-10-24,380.44,382.08,372.37,377.94,386052,377.94
2022-10-25,382.18,389.84,381.205,389,569258,389
2022-10-26,388.83,399.75,387.565,394.11,367677,394.11
2022-10-27,393.94,395.01,380,385.02,325478,385.02
2022-10-28,365.7,377.78,350.26,354.3,567640,354.3
2022-10-31,349.89,356.92,344.63,351.71,475516,351.71
2022-11-01,357.64,358.825,347.71,358.35,267766,358.35
2022-11-02,356.97,370.8,352.9641,356.02,421209,356.02
2022-11-03,351.2,368.095,346.17,365.15,354561,365.15
2022-11-04,368.83,378.745,362.17,378.2,331465,378.2
2022-11-07,381.07,382.51,371.74,378.89,355328,378.89
2022-11-08,380.81,402.91,378.13,381.83,460746,381.83
2022-11-09,380.15,406.41,379.89,403.49,647020,403.49
2022-11-10,420.75,430.17,419.78,427.58,427975,427.58
2022-11-11,428.91,450.81,427.97,435.68,365772,435.68
2022-11-14,433.1,435.61,422.1,422.1,230269,422.1
2022-11-15,434.28,434.28,417.335,421.11,232802,421.11
2022-11-16,421.5,421.5,405.4909,408.06,228094,408.06
2022-11-17,405,409.8,387.625,394.56,208378,394.56
2022-11-18,404.12,405.33,392.095,398.12,147077,398.12
2022-11-21,395.56,401,392.46,398.17,199069,398.17
2022-11-22,402.05,405.54,395.78,405.48,116300,405.48
2022-11-23,404.88,409.88,402.01,403.94,141839,403.94
2022-11-25,402.89,406.5399,400.765,404.06,54007,404.06
2022-11-28,401.64,402.765,396.45,398.41,203527,398.41
2022-11-29,397.32,406.57,393.15,399.55,129178,399.55
2022-11-30,404.36,417.345,399.08,414.71,368397,414.71
2022-12-01,421.09,425.88,415.09,418.04,248129,418.04
2022-12-02,412.15,419.15,406.4886,419.06,130458,419.06
2022-12-05,412.77,412.77,403.83,405.79,152093,405.79
2022-12-06,404.25,410.075,395.33,399.59,180038,399.59
2022-12-07,401.97,411.44,399.25,403.88,196827,403.88
2022-12-08,404.04,421.92,400.27,420.1,174660,420.1
2022-12-09,418.41,423.59,415.7,416.09,138648,416.09
2022-12-12,417.77,420.09,414.9235,418.28,147849,418.28
2022-12-13,434.43,443.33,430.88,435.03,203905,435.03
2022-12-14,432.31,441.175,427.3211,429.9,198896,429.9
2022-12-15,422.82,427.57,416.09,420.48,180106,420.48
2022-12-16,417.06,419.48,406.12,407.98,303466,407.98
2022-12-19,406.45,406.45,397.44,401.82,147930,401.82
2022-12-20,399.59,402.1,393.7208,400.8,208127,400.8
2022-12-21,403.59,414.15,403.59,412.64,132134,412.64
2022-12-22,407.19,412.17,400.0797,411.75,76980,411.75
2022-12-23,411.3,413.45,406.29,412.69,76514,412.69
2022-12-27,413.09,415.67,405.2379,413.05,83504,413.05
2022-12-28,413.05,418.35,408.24,409.37,68319,409.37
2022-12-29,414.69,427.37,409.76,424.57,93824,424.57
2022-12-30,425,427.66,413.81,420.49,120142,420.49
2023-01-03,427.08,431.22,417.61,422.43,243174,422.43
2023-01-04,429.05,438.46,425.99,433.7,218614,433.7
2023-01-05,427.87,435.7025,420.48,430.37,181032,430.37
2023-01-06,434.05,434.6,415.04,418.68,166281,418.68
2023-01-09,424.8,431.6,422.1,425.99,168400,425.99
2023-01-10,425.46,441.4,425.46,432.92,117580,432.92
2023-01-11,437,466.33,437,461.17,313555,461.17
2023-01-12,460.15,462.635,447.406,451.78,141421,451.78
2023-01-13,449.31,456.995,443.3961,455.2,102944,455.2
2023-01-17,455.18,459.35,447.885,454.92,120621,454.92
2023-01-18,457,464.225,451.28,452.36,115996,452.36
2023-01-19,447.15,451.74,442.09,450.55,73643,450.55
2023-01-20,451.81,457.495,448.82,457.29,107616,457.29
2023-01-23,457.44,470.0685,457.44,467.04,126149,467.04
2023-01-24,460.32,462.68,453.46,457,142022,457
2023-01-25,451.52,457.59,446.57,456.69,107277,456.69
2023-01-26,464.13,485.21,464.13,475.91,199792,475.91
2023-01-27,471.55,481.25,468.955,478.96,132984,478.96
2023-01-30,474.38,477.41,463.24,464.26,127834,464.26
2023-01-31,466.43,470.92,456.665,467.46,175134,467.46
2023-02-01,471.7,479.93,460.43,473.42,164130,473.42
2023-02-02,481.22,486.99,477.1925,480.49,159040,480.49
2023-02-03,472.63,479.03,470,470.88,92788,470.88
2023-02-06,463.62,474.4,461.11,469.69,140589,469.69
2023-02-07,466.17,480.02,464.77,476.94,82076,476.94
2023-02-08,474.58,480.95,468.52,469.46,74076,469.46
2023-02-09,472.11,476.07,460.95,465.76,120766,465.76
2023-02-10,462.88,472.175,462.88,471.18,166127,471.18
2023-02-13,473.31,476.51,467.8975,471.92,133623,471.92
2023-02-14,467.29,471.56,460.6,462.52,183150,462.52
2023-02-15,458.62,463,456.85,460.52,192660,460.52
2023-02-16,454.47,460.92,451.92,455.91,180422,455.91
2023-02-17,455,488.88,452.2952,483.23,380908,483.23
2023-02-21,476.28,476.28,460.93,468.16,271369,468.16
2023-02-22,467.23,478.28,463.58,476,219259,476
2023-02-23,481.22,487.15,476.5001,487,259080,487
2023-02-24,476.735,483.25,475.76,480,172765,480
2023-02-27,484.64,489.725,477.01,483,240842,483
2023-02-28,481.17,486.91,477.83,477.84,252660,477.84
2023-03-01,475.56,478.02,469.42,475.41,194889,475.41
2023-03-02,470.66,505.275,469.325,502.79,288715,502.79
2023-03-03,505.56,509.6225,500.255,503,199352,503
2023-03-06,502,502,491.6,494.16,175559,494.16
2023-03-07,493.68,494.045,484.95,489.59,122895,489.59
2023-03-08,488.81,488.81,477.01,481.14,189071,481.14
2023-03-09,483.51,501.41,478.93,487.44,185861,487.44
2023-03-10,486.39,487.07,476,478.24,165784,478.24
2023-03-13,475.1,491.265,466.16,488.71,156153,488.71
2023-03-14,496.04,499.27,487.69,492.55,231520,492.55
2023-03-15,484.225,487.41,474.395,478,203521,478
2023-03-16,476.85,490.23,470.66,488.28,174536,488.28
2023-03-17,485.83,485.83,468.25,469.87,302576,469.87
2023-03-20,469.9,477.28,462.92,467.52,211173,467.52
2023-03-21,470.76,480.61,470.76,480.29,156118,480.29
2023-03-22,480.05,482.945,465.74,466.21,155518,466.21
2023-03-23,467.42,469.8,451,456.32,194118,456.32
2023-03-24,452.75,460.9,450.05,460.78,138433,460.78
2023-03-27,464.49,471.63,463.35,470.55,150442,470.55
2023-03-28,468.53,472.91,467.36,471,98278,471
2023-03-29,473.7,477.55,468.99,471.97,89485,471.97
2023-03-30,477.53,480.74,468.8,471.78,115661,471.78
2023-03-31,471.78,479.41,469.705,479.02,142969,479.02
2023-04-03,476.47,477.83,461,464.82,146000,464.82
2023-04-04,465.26,468.42,461.11,462.32,116086,462.32
2023-04-05,459.99,468.83,459.99,463.8,80067,463.8
2023-04-06,462.61,466.43,456.6468,466.24,95581,466.24
2023-04-10,463.17,470.31,459.37,469.95,107219,469.95
2023-04-11,473.33,477.35,470.435,472.01,82236,472.01
2023-04-12,476.57,482.815,475.6,476.83,116205,476.83
2023-04-13,478.85,486.96,476.7525,485.71,90116,485.71
2023-04-14,486.5,494.05,478.76,479.25,134752,479.25
2023-04-17,479.89,485.42,476.085,481.51,122715,481.51
2023-04-18,481.55,481.55,475.44,479.16,99880,479.16
2023-04-19,476.44,489.355,475.25,486.4,117240,486.4
2023-04-20,473.76,473.76,456.95,459.07,161132,459.07
2023-04-21,462.06,468.82,458.69,467.25,105478,467.25
2023-04-24,466.64,469.06,461.2,461.8,147525,461.8
2023-04-25,457.39,457.39,436.31,437.27,203011,437.27
2023-04-26,433.79,445.3,433.79,436,148524,436
2023-04-27,435.61,436.86,425.74,436.45,136872,436.45
2023-04-28,437.92,454.9,434.6,450.79,148097,450.79
2023-05-01,448.7,456.54,448.7,453.91,109229,453.91
2023-05-02,451.1,453.15,443.315,451.48,105889,451.48
2023-05-03,453.47,473.5,453.47,463.86,158432,463.86
2023-05-04,467.76,468.45,458.78,462.61,126555,462.61
2023-05-05,400,400,373.07,385.24,838922,385.24
2023-05-08,384.69,390.71,376,378.39,482846,378.39
2023-05-09,374.44,375.54,364,366.86,257707,366.86
2023-05-10,372.65,373.16,365.1319,365.69,260249,365.69
2023-05-11,362.97,367.07,357.96,364.34,307094,364.34
2023-05-12,363.63,374.86,361.0064,372.51,250874,372.51
2023-05-15,375.35,383.98,371.2,381.75,255242,381.75
2023-05-16,380.89,386,377.98,384.67,230877,384.67
2023-05-17,386.97,386.97,379.79,380.43,317572,380.43
2023-05-18,380.74,383.125,376.13,380.3,212651,380.3
2023-05-19,382.83,391.395,382.12,382.14,259437,382.14
2023-05-22,382.15,391.085,382.15,387.15,218155,387.15
2023-05-23,386.23,393.06,380.92,382.56,231354,382.56
2023-05-24,376.92,376.92,369.045,373.76,281754,373.76
2023-05-25,372.54,376.38,368.835,372.96,244647,372.96
2023-05-26,375.79,381.9,369.87,379,204129,379
2023-05-30,379.87,385.36,378.08,379.76,276596,379.76
2023-05-31,378.1,378.96,367.65,373.35,312153,373.35
2023-06-01,374.25,377.995,369.67,371.36,305960,371.36
2023-06-02,375.19,376.35,370.075,372.36,178734,372.36
2023-06-05,372.63,375.66,362.67,368.6,278987,368.6
2023-06-06,369.46,374.4,366.28,370.78,211535,370.78
2023-06-07,371.03,373.89,366.22,372.56,175504,372.56
2023-06-08,370.92,370.92,359.45,359.49,207084,359.49
2023-06-09,361.12,365.99,357,361.03,199959,361.03
2023-06-12,361.61,376.559,361.61,375.91,223709,375.91
2023-06-13,376,380.93,373.13,374.86,226625,374.86
2023-06-14,377.16,377.16,369.61,370.87,178156,370.87
2023-06-15,368.57,379.735,368.57,379.06,154691,379.06
2023-06-16,386.92,388,373.64,376.56,513445,376.56
2023-06-20,362.5,372.397,356.51,370.75,318966,370.75
2023-06-21,368.79,370,365.4,366.47,170967,366.47
2023-06-22,366.5,373.067,362.21,364.78,138763,364.78
2023-06-23,362.78,370.06,362.04,365.8,286112,365.8
2023-06-26,365.21,367.5603,362.525,365.54,101592,365.54
2023-06-27,365.93,367.34,360.89,365.75,154110,365.75
2023-06-28,366.93,368.36,360.7501,364.38,266263,364.38
2023-06-29,364.37,375.38,361.74,375.24,151818,375.24
2023-06-30,377.58,380.74,376.32,379.12,152368,379.12
2023-07-03,378.11,379.62,373.66,377.56,114143,377.56
2023-07-05,375.77,379.82,372.115,377.33,208848,377.33
2023-07-06,372.8,381.3012,369.42,377.68,143054,377.68
2023-07-07,376.94,386.48,376.155,386.12,214373,386.12
2023-07-10,385.66,394.6,385.5,389.46,173356,389.46
2023-07-11,387.86,395.46,385.41,395.19,204863,395.19
2023-07-12,399.41,403.65,396.06,396.39,193784,396.39
2023-07-13,398.67,401.58,395.9,397.78,162056,397.78
2023-07-14,398.88,398.88,391.57,396.57,171925,396.57
2023-07-17,397.21,397.7599,387.25,387.71,213799,387.71
2023-07-18,390.3,393.05,379.395,384.61,254090,384.61
2023-07-19,387.85,397.3199,385.35,397.07,353561,397.07
2023-07-20,398.63,401.52,394.615,398.21,174224,398.21
2023-07-21,405.23,415.83,402.225,414.18,355649,414.18
2023-07-24,413.07,419.88,413.07,416.9,205609,416.9
2023-07-25,413.91,423.26,410.04,420.5,172501,420.5
2023-07-26,417.25,423.21,412.8766,422.63,225394,422.63
2023-07-27,425,431.79,421.395,422.14,377509,422.14
2023-07-28,426.74,426.74,406.45,416.61,276131,416.61
2023-07-31,415.29,417.1218,403.7,405.36,234270,405.36
2023-08-01,403.06,408.57,396.62,407.31,248482,407.31
2023-08-02,405.17,412.42,403.42,403.75,227528,403.75
2023-08-03,402.88,405,396.92,401.8,244549,401.8
2023-08-04,408.79,419,399.61,400,493283,400
2023-08-07,398.54,404.07,398.01,401.52,334963,401.52
2023-08-08,400.52,403.85,398.315,402.81,184923,402.81
2023-08-09,401.95,403.34,395.24,396.74,158165,396.74
2023-08-10,398.41,402.55,395.51,397.94,184957,397.94
2023-08-11,395.56,399.37,392.05,397.12,133470,397.12
2023-08-14,395.04,399.48,393.735,395.13,98983,395.13
2023-08-15,393.24,396.15,390.27,394.71,117819,394.71
2023-08-16,393.04,393.205,385.69,386.46,117107,386.46
2023-08-17,387.41,389.34,383.24,385.67,110325,385.67
2023-08-18,382.67,385.335,375.92,380.43,170803,380.43
2023-08-21,380.22,382.0526,376.105,380.15,90316,380.15
2023-08-22,378.46,384.33,378.46,379.07,90756,379.07
2023-08-23,380.03,386.23,380.03,385.96,74731,385.96
2023-08-24,385.54,388.6,380.7601,382.27,110031,382.27
2023-08-25,381.95,384.4,378.14,381.78,110289,381.78
2023-08-28,383.05,387.7,383.05,385.38,116273,385.38
2023-08-29,387,395.64,385.72,395.6,96514,395.6
2023-08-30,396.11,399.54,390.72,396.85,101946,396.85
2023-08-31,398.11,404.09,395.82,400.2,174569,400.2
2023-09-01,403.94,406.44,392.6,394.6,123218,394.6
2023-09-05,392.32,394.5115,381.29,382.24,166126,382.24
2023-09-06,380.51,380.51,367.415,369.98,305747,369.98
2023-09-07,368.06,369.26,365,367.88,160272,367.88
2023-09-08,365.67,365.71,350.77,357.91,229156,357.91
2023-09-11,356.23,367.36,356.23,362.71,211372,362.71
2023-09-12,360.51,363.44,358.19,361.95,141208,361.95
2023-09-13,359.53,371.7,359.53,368.58,184535,368.58
2023-09-14,370.16,374.65,365.0178,373.28,140005,373.28
2023-09-15,370.93,384.37,370.93,376.23,530760,376.23
2023-09-18,375.6,377.8817,366.68,367.72,166994,367.72
2023-09-19,366.47,368.28,359.61,360.37,150957,360.37
2023-09-20,364.39,370.57,363.545,364.42,100851,364.42
2023-09-21,361.61,361.61,354.775,357.3,143814,357.3
2023-09-22,357.4,358.7701,351.96,353.03,104276,353.03
2023-09-25,351.61,354.76,349.27,353.18,88545,353.18
2023-09-26,351.52,356.69,349.81,350.25,83388,350.25
2023-09-27,353.2,354.7,351.39,352.47,111385,352.47
2023-09-28,352.74,358.65,350.8342,356.12,99917,356.12
2023-09-29,359.76,362.015,356.19,358.45,165577,358.45
2023-10-02,355.54,358.8399,347,351.55,125840,351.55
2023-10-03,348.74,352.87,347.24,350.46,128095,350.46
2023-10-04,351.12,356.785,348.85,355.2,104760,355.2
2023-10-05,355.95,357.36,351.22,355.22,128231,355.22
2023-10-06,353.12,358.999,352.805,356.76,93996,356.76
2023-10-09,354.85,361.03,350.4,358.92,136928,358.92
2023-10-10,358.99,366.3,356.2978,365.04,141051,365.04
2023-10-11,365.19,365.19,355.63,357,96550,357
2023-10-12,356.27,361.41,343.92,346.69,275141,346.69
2023-10-13,344.36,348.97,340.09,344.73,164370,344.73
2023-10-16,346.24,354.725,340.23,351.08,154412,351.08
2023-10-17,346.41,346.41,336.93,341.05,335970,341.05
2023-10-18,329.14,329.14,309.0201,314,517069,314
2023-10-19,317.84,325.19,313.08,315.99,285922,315.99
2023-10-20,315.51,317.84,309.015,310.79,252387,310.79
2023-10-23,309,309,301.77,301.9,217929,301.9
2023-10-24,300.45,306.06,298.61,303.71,240741,303.71
2023-10-25,297.49,297.49,288.115,290.07,293125,290.07
2023-10-26,289.8,292.765,285.7,291.53,377994,291.53
2023-10-27,274.4,276.2653,266.19,270.68,847667,270.68
2023-10-30,275.08,275.08,261.59,269.37,449693,269.37
2023-10-31,273.85,284.74,272.62,275.28,251823,275.28
2023-11-01,274.17,278.09,267.86,277.5,227280,277.5
2023-11-02,281.29,284.67,279.99,281.19,271381,281.19
2023-11-03,288.87,293.8427,286.195,287.88,238725,287.88
2023-11-06,287.76,295.45,285,288.86,437283,288.86
2023-11-07,288.3,303.29,288.3,302.82,456080,302.82
2023-11-08,304.63,310.61,301.26,305.14,490685,305.14
2023-11-09,307.02,311.23,305.2,306.78,557436,306.78
2023-11-10,305.96,307.32,298.455,304.04,382703,304.04
2023-11-13,301.31,307.6799,298.05,303.75,299959,303.75
2023-11-14,313.35,314.82,306.94,307.48,438486,307.48
2023-11-15,307.46,313.195,303.9,306.89,414039,306.89
2023-11-16,309.14,311.66,299.38,304.5,421366,304.5
2023-11-17,308.14,309.59,297.22,299.36,394408,299.36
2023-11-20,298.54,304.86,296.73,304.52,187436,304.52
2023-11-21,305.24,314.49,305.24,306.18,197997,306.18
2023-11-22,308.31,311.24,305.7579,309.88,112507,309.88
2023-11-24,308.73,312.575,307.9622,311.19,65002,311.19
2023-11-27,308.98,309.143,305.68,307.14,408380,307.14
2023-11-28,307.23,308.3846,303.2576,304.4,149343,304.4
2023-11-29,305.18,308.88,304.085,304.49,293540,304.49
2023-11-30,304.1,306.13,300.3122,304.92,213503,304.92
2023-12-01,305,308.265,300.98,307,249303,307
2023-12-04,305.03,310.5537,302.655,308.93,437498,308.93
2023-12-05,307.42,307.42,303.29,305.78,224607,305.78
2023-12-06,307.74,314.73,304.96,310.73,293713,310.73
2023-12-07,312.14,312.14,306.91,310.18,172353,310.18
2023-12-08,308.2,310.93,303.16,304.13,218355,304.13
2023-12-11,305.16,306.25,302.31,304.05,349669,304.05
2023-12-12,303.84,303.84,294.36,294.76,377289,294.76
2023-12-13,294.36,314.26,293.0201,314.26,364033,314.26
2023-12-14,316.35,324.36,311.19,311.99,548437,311.99
2023-12-15,312.88,312.88,304.32,306.12,525817,306.12
2023-12-18,309.48,310.245,305.67,307.94,292459,307.94
2023-12-19,310.49,315.61,307.62,315.17,472882,315.17
2023-12-20,314.65,316.8657,307.2203,308.31,348076,308.31
2023-12-21,309.02,319.58,308.72,319.57,264081,319.57
2023-12-22,319.57,324.62,319.57,320.74,180380,320.74
2023-12-26,321,322.375,318.22,320.94,114087,320.94
2023-12-27,320.43,322.15,317.21,322.15,115011,322.15
2023-12-28,322.4,326.6,322.4,324.62,124449,324.62
2023-12-29,323.2,326.115,322.46,322.89,119023,322.89
2024-01-02,320.73,331.37,320.05,327.99,205545,327.99
2024-01-03,326.53,326.53,317.305,318.86,137500,318.86
2024-01-04,318.34,321.53,313.605,316.48,121931,316.48
2024-01-05,314.23,319.97,314.23,316.38,157091,316.38
2024-01-08,316.61,323.22,315.775,321.98,119086,321.98
2024-01-09,319.57,329.72,316.99,317.77,207089,317.77
2024-01-10,316.68,321.025,313.03,320.76,158795,320.76
2024-01-11,318.81,323.61,316.91,320.83,183221,320.83
2024-01-12,323.11,325.42,316.3,318.56,150192,318.56
2024-01-16,316.08,317.3,312.37,315.22,171600,315.22
2024-01-17,311.6,319.16,303.21,304.12,134035,304.12
2024-01-18,304.46,308.26,303.215,304.11,306986,304.11
2024-01-19,304.55,307.59,302.65,306.62,280990,306.62
2024-01-22,307.71,315.05,307.71,312.84,147761,312.84
2024-01-23,316.44,316.76,311.075,315.25,150780,315.25
2024-01-24,316.31,318.61,314.37,316.56,210311,316.56
2024-01-25,321.34,324.6,316.01,316.3,312280,316.3
2024-01-26,333.51,338.19,327.66,329.05,358645,329.05
2024-01-29,327.69,331.94,326.335,330.04,230817,330.04
2024-01-30,330.44,334.59,329.05,332.41,155019,332.41
2024-01-31,334.68,334.68,320.89,320.89,186317,320.89
2024-02-01,320.36,329.41,320.36,328.96,145539,328.96
2024-02-02,325.6,327.17,318.431,320.43,172086,320.43
2024-02-05,319,322.015,316.22,318.72,102129,318.72
2024-02-06,319.8,325.725,319.305,325.01,184652,325.01
2024-02-07,327.74,328.39,321.62,325.16,180091,325.16
2024-02-08,322.74,328.52,322.74,326.11,131864,326.11
2024-02-09,326.11,327.485,322.6242,325.22,116135,325.22
2024-02-12,325.92,328.79,324.56,326.31,155215,326.31
2024-02-13,322,323.195,312.175,316.1,200525,316.1
2024-02-14,317.84,328.13,315.8938,327.91,174035,327.91
2024-02-15,326.75,334.85,326.75,328.73,230836,328.73
2024-02-16,350,364.24,335.71,340.52,518564,340.52
2024-02-20,337.3,346.11,337.3,343.76,296819,343.76
2024-02-21,341.86,350.33,335.15,338.64,571119,338.64
2024-02-22,341.27,342,336.08,338.47,390382,338.47
2024-02-23,340.6,341.37,336.375,337.99,277109,337.99
2024-02-26,336.67,339.01,335.82,338.16,267368,338.16
2024-02-27,340.21,340.21,328.41,329.74,200257,329.74
2024-02-28,329.73,331.68,326.76,330.35,223295,330.35
2024-02-29,331.66,334.99,325.19,325.88,279300,325.88
2024-03-01,324.93,335.9843,322.03,332.3,310192,332.3
2024-03-04,332.87,338.68,331.91,334.67,145460,334.67
2024-03-05,332.91,336.5,329.93,330.94,196773,330.94
2024-03-06,334.22,339.49,331.14,333.25,145729,333.25
2024-03-07,335.82,339.4,334.22,339.4,116794,339.4
2024-03-08,339.4,345.31,339.4,343.76,141105,343.76
2024-03-11,343.72,347.99,341.6446,344.25,112420,344.25
2024-03-12,344.31,344.31,336.345,337.22,148803,337.22
2024-03-13,338.42,340.79,334.78,336.43,129212,336.43
2024-03-14,334.47,335.68,329.16,332.4,152994,332.4
2024-03-15,328.14,336.364,328.14,333.51,166887,333.51
2024-03-18,333.87,336.725,332.63,333.43,146282,333.43
2024-03-19,331.68,337.23,329.28,336.48,127922,336.48
2024-03-20,334.5,338.0399,332.22,336.29,172239,336.29
2024-03-21,339.65,352.565,337.25,351.99,210996,351.99
2024-03-22,354.07,360.13,350.43,350.46,327577,350.46
2024-03-25,350.06,350.06,337.1485,341.11,167589,341.11
2024-03-26,342.77,343.83,340.035,340.52,109912,340.52
2024-03-27,342.63,350.09,339.2,349.56,189652,349.56
2024-03-28,350.32,350.32,345.045,345.87,137931,345.87
2024-04-01,346.83,346.83,337.21,338.98,261935,338.98
2024-04-02,335.77,337.445,328.435,328.72,225677,328.72
2024-04-03,322.13,333.295,322.13,328.18,200259,328.18
2024-04-04,330.5,331.93,322.02,322.83,130209,322.83
2024-04-05,322.38,328.3675,322.38,324.59,159031,324.59
2024-04-08,324.6,329.31,324.52,326.32,201320,326.32
2024-04-09,330.26,339.9,329.355,339.48,101522,339.48
2024-04-10,330.29,332.01,326.6,331.09,105624,331.09
2024-04-11,330.41,330.49,311.66,311.87,271148,311.87
2024-04-12,309.06,309.8,300,300.45,251154,300.45
2024-04-15,304.78,305.77,297.72,300.41,173137,300.41
2024-04-16,300,300,292.52,292.75,199571,292.75
2024-04-17,297.04,299.22,290.4,290.86,214091,290.86
2024-04-18,275.83,286.65,268.916,281.02,373365,281.02
2024-04-19,283.12,285.27,276.24,279.73,294125,279.73
2024-04-22,281.73,283.42,277.71,280.13,217079,280.13
2024-04-23,286.04,294.33,284.045,285.28,250549,285.28
2024-04-24,283.79,285.27,277.36,278.21,209104,278.21
2024-04-25,277.88,278.07,272.35,275.6,164776,275.6
2024-04-26,275.27,279.77,274.91,275.94,179207,275.94
2024-04-29,277.44,281.44,275.51,277.11,154843,277.11
2024-04-30,274.2,274.745,269.045,269.75,307258,269.75
2024-05-01,270,279.7,268.3325,274.06,383476,274.06
2024-05-02,275.99,279.33,272.48,279.31,236927,279.31
2024-05-03,280.75,283.4962,279.57,279.83,196160,279.83
2024-05-06,280.07,284.88,280,281.97,207587,281.97
2024-05-07,281.47,283.01,278.88,279.91,201719,279.91
2024-05-08,272.52,279.15,267.685,268.26,270417,268.26
2024-05-09,268.83,277.44,266.52,277.31,200723,277.31
2024-05-10,279.06,286.01,277.785,282,239380,282
2024-05-13,281.29,286.95,279.3001,285.44,186563,285.44
2024-05-14,288.17,294.85,288,294.01,197240,294.01
2024-05-15,298.04,302.69,295,300.97,234834,300.97
2024-05-16,299.79,302.71,295.17,295.73,224249,295.73
2024-05-17,296,296,290.855,293.85,189761,293.85
2024-05-20,293,294.99,290,291.88,195188,291.88
2024-05-21,291.21,292.86,288.71,289.45,175907,289.45
2024-05-22,288.92,295.59,288.92,291.84,166240,291.84
2024-05-23,292.57,293.23,287.97,290.25,241991,290.25
2024-05-24,292.05,292.18,286.16,287.21,141582,287.21
2024-05-28,287,289.5573,284.61,286.09,283707,286.09
2024-05-29,283.19,285.95,280.99,285,193588,285
2024-05-30,282.63,285.43,281.17,282.01,240940,282.01
2024-05-31,283.07,287.74,282.91,286.86,323901,286.86
2024-06-03,286.96,292.68,284.54,288.96,233221,288.96
2024-06-04,288.74,289.27,284.5518,288.42,178678,288.42
2024-06-05,289.13,289.855,284.25,289.1,154158,289.1
2024-06-06,288.94,294.74,286.56,289,232389,289
2024-06-07,287.71,288.82,284.735,287.02,210323,287.02
2024-06-10,284.71,288.94,283.44,284.45,223193,284.45
2024-06-11,282.78,283.6,281.12,281.17,191948,281.17
2024-06-12,284.9,287.1,280.47,283.29,162252,283.29
2024-06-13,281.28,283.94,280.49,281.8,297453,281.8
2024-06-14,281.4,283.41,280.545,282.26,203946,282.26
2024-06-17,286.89,299.1,286.47,295.77,383311,295.77
2024-06-18,295.95,296.7,287.6,288.99,398628,288.99
2024-06-20,284,287.35,280,285.62,359422,285.62
2024-06-21,287.89,290.0045,282.975,287.98,1318032,287.98
2024-06-24,289.15,289.5699,281.05,283.88,310832,283.88
2024-06-25,282.31,284.39,279.745,280.25,306566,280.25
2024-06-26,279.99,281.3,276.915,278.03,217160,278.03
2024-06-27,277.9,278.185,271.53,271.99,188045,271.99
2024-06-28,273.11,275.525,269.205,273.11,427563,273.11
2024-07-01,273.68,276.228,263.39,263.97,300985,263.97
2024-07-02,263.5,270.34,262.12,267.55,307628,267.55
2024-07-03,268.87,271.07,267,270.07,150135,270.07
2024-07-05,271.38,277.63,270.59,276.94,193966,276.94
2024-07-08,279.45,279.68,273.86,274.94,195612,274.94
2024-07-09,275.36,276.105,271.88,274.88,266393,274.88
2024-07-10,274.68,281.94,272.585,280.35,225782,280.35
2024-07-11,284.06,295.69,283.82,295.52,246549,295.52
2024-07-12,297.57,304.44,297.54,304.15,301850,304.15
2024-07-15,304.63,307.82,298.61,302.11,231378,302.11
2024-07-16,304.47,314.98,303.37,314.52,185493,314.52
2024-07-17,313.07,320.225,312.43,318.64,217667,318.64
2024-07-18,317.16,323.17,299.94,300.27,341724,300.27
2024-07-19,299.01,299.37,291.48,296.82,298868,296.82
2024-07-22,297.82,303.06,291.66,301.92,235083,301.92
2024-07-23,307.25,311.72,304.99,305.22,210330,305.22
2024-07-24,306.19,313.0599,306.19,309.91,177216,309.91
2024-07-25,309.39,324.38,309.39,315.17,214763,315.17
2024-07-26,316.1,323.56,313.955,319.42,243348,319.42
2024-07-29,319.8,327.05,316.43,325.63,166550,325.63
2024-07-30,327.79,342.17,327.74,340.23,242869,340.23
2024-07-31,338.85,344,333.2801,338.36,325818,338.36
2024-08-01,339.14,343,332.98,341.25,294578,341.25
2024-08-02,336.54,353.09,324.8,335.93,448637,335.93
2024-08-05,325.77,336.6,316.6,328.68,263689,328.68
2024-08-06,329.46,340.075,326.92,326.93,217197,326.93
2024-08-07,329.39,329.8,318.305,318.69,163822,318.69
2024-08-08,318.6,330.88,318.095,328.36,240793,328.36
2024-08-09,327.68,328.44,322.25,325.29,172218,325.29
2024-08-12,325.06,325.06,313.16,318.41,229502,318.41
2024-08-13,319.79,328.48,319.45,326,166195,326
2024-08-14,325.57,325.94,318.7,320.45,123903,320.45
2024-08-15,322.24,328.66,319.1,325.62,177952,325.62
2024-08-16,325.59,328.1,321.54,325.58,372852,325.58
2024-08-19,325.7,327.65,321.49,326.33,176273,326.33
2024-08-20,327.89,327.89,318.69,318.69,293374,318.69
2024-08-21,319.98,320.535,316.07,316.23,161075,316.23
2024-08-22,318.04,318.04,309.115,310.03,176721,310.03
2024-08-23,311.26,318.785,309.21,314.94,184108,314.94
2024-08-26,315.27,316.93,312.5,313.42,118067,313.42
2024-08-27,315,320.58,311.11,319.37,171321,319.37
2024-08-28,318.25,331.11,318.25,328.75,244627,328.75
2024-08-29,330.41,334.86,327.79,333.71,173008,333.71
2024-08-30,334.9,338,332.28,337.32,205414,337.32
2024-09-03,333.52,338.79,330.37,334.31,410888,334.31
2024-09-04,331.11,334.38,326.405,330.91,234551,330.91
2024-09-05,330.17,334.905,327.76,333.28,156541,333.28
2024-09-06,333.54,337.5,327.4826,329.75,133048,329.75
2024-09-09,331.37,332.04,319.31,323.09,485150,323.09
2024-09-10,322.51,328.315,319.01,324.21,209343,324.21
2024-09-11,322.18,322.71,314.48,319.2,210680,319.2
2024-09-12,318.32,322.22,311.04,321.93,147794,321.93
2024-09-13,323.61,326.26,319.47,326.22,182417,326.22
2024-09-16,329.55,333.6,325.5,330.26,199269,330.26
2024-09-17,332.01,340.565,330.16,333.66,244117,333.66
2024-09-18,335.1,345.68,331.72,340.45,284264,340.45
2024-09-19,345.56,347.7,341.99,344.6,264504,344.6
2024-09-20,343.6,343.6,325.88,330.01,5791402,330.01
2024-09-23,330.7,331.55,322.39,326.6,252164,326.6
2024-09-24,328.2,331.09,324.85,327.89,235257,327.89
2024-09-25,329.51,329.96,315.31,315.55,174778,315.55
2024-09-26,319.32,332.1,319.32,332.1,209760,332.1
2024-09-27,333.46,337,331.27,331.77,141663,331.77
2024-09-30,330.9,335.48,328.64,334.58,162059,334.58
2024-10-01,338.55,339.45,330.49,337.69,207723,337.69
2024-10-02,335.68,343.97,333.26,342.62,267414,342.62
2024-10-03,339.47,340.98,333.11,337.09,201939,337.09
2024-10-04,338.57,343.86,332.46,343.7,211259,343.7
2024-10-07,340.71,343.86,335.78,341.02,178525,341.02
2024-10-08,339.43,344.155,336.64,339.22,137021,339.22
2024-10-09,339.04,339.04,334.87,338.61,177538,338.61
2024-10-10,336.23,337.745,330.9278,333.4,185018,333.4
2024-10-11,334.07,339.9899,334.07,336.92,157405,336.92
2024-10-14,336.91,342.64,334.355,341.06,151904,341.06
2024-10-15,342.36,346.089,340.74,342.16,133313,342.16
2024-10-16,340.99,340.99,329.075,329.79,204649,329.79
2024-10-17,345,350.53,339.15,343.98,241600,343.98
2024-10-18,343.95,347.13,338.84,346.37,190992,346.37
2024-10-21,343.76,344.7,340.27,343.12,134231,343.12
2024-10-22,339.89,341.405,335.22,339.84,156022,339.84
2024-10-23,341.85,341.85,332.91,335.08,164427,335.08
2024-10-24,335.21,336.0099,327.65,328.08,171760,328.08
2024-10-25,328.51,330.4,319.57,320.23,197864,320.23
2024-10-28,323.5,329.34,319.745,328.59,177999,328.59
2024-10-29,327.6,332.76,325.66,331.64,220730,331.64
2024-10-30,331.6,337.846,328.17,330.58,221992,330.58
2024-10-31,348.47,359.215,340,358.19,407163,358.19
2024-11-01,362.9,372.27,357.3,368.42,284333,368.42
2024-11-04,367.06,372.1,365.13,368.92,202085,368.92
2024-11-05,363.14,376.3799,361.13,374.28,189112,374.28
2024-11-06,377.45,387.99,359.61,372.93,215380,372.93
2024-11-07,375.48,377.46,369.905,372.87,155520,372.87
2024-11-08,371.17,372.4,368.37,369.25,149609,369.25
2024-11-11,370.17,371.84,363.05,365.95,173346,365.95
2024-11-12,365.71,371.84,363.22,364.53,212246,364.53
2024-11-13,363.36,366,358.55,363.2,132336,363.2
2024-11-14,360.83,361.4099,348.6,350.23,148115,350.23
2024-11-15,349.07,349.07,319.25,320.31,286588,320.31
2024-11-18,317.63,318.38,306.42,313.15,311967,313.15
2024-11-19,310.02,321.46,310.02,320.66,235247,320.66
2024-11-20,319.84,331,319.6,323.69,276632,323.69
2024-11-21,323.03,326.45,320.32,325.58,159589,325.58
2024-11-22,324.3,334.71,321.62,332.91,184506,332.91
2024-11-25,334.98,343.66,333.045,336.09,330701,336.09
2024-11-26,337.6,339.21,326.66,337.73,167708,337.73
2024-11-27,341.75,345.49,336.77,338.48,127564,338.48
2024-11-29,340.18,342.29,337.985,340.53,78237,340.53
2024-12-02,337.49,341.08,335.8224,338.77,124522,338.77
2024-12-03,337.62,337.62,329.9901,332.28,112327,332.28
2024-12-04,328.5,340.62,325.44,338.44,332679,338.44
2024-12-05,337.49,337.49,321.42,322.36,144972,322.36
2024-12-06,324.41,329.93,320.37,325.5,151252,325.5
2024-12-09,324.83,347.8,324.83,345.6,228412,345.6
2024-12-10,348.13,348.13,338.585,339.87,171925,339.87
2024-12-11,341.26,343.09,337.7178,341.51,159822,341.51
2024-12-12,337.76,342.49,337.3001,340.01,106449,340.01
2024-12-13,340.54,340.54,329.075,336.28,160755,336.28
2024-12-16,333.6,344.59,333.6,342.95,221122,342.95
2024-12-17,342.98,351.08,337.16,337.85,226465,337.85
2024-12-18,337.54,338.575,322.62,323.94,171899,323.94
2024-12-19,322.99,330.435,318.27,325.94,182456,325.94
2024-12-20,325.72,334.0996,325.72,327.47,691290,327.47
2024-12-23,325.44,328.885,323.7,328.36,102987,328.36
2024-12-24,329.95,330.53,323.5625,330.53,40545,330.53
2024-12-26,328.35,332.34,328.35,331.39,86181,331.39
2024-12-27,329.59,332.13,326.56,330.87,77926,330.87
2024-12-30,328,328.74,323.05,326.34,101317,326.34
2024-12-31,329.39,329.39,325.745,328.51,103813,328.51
2025-01-02,330.19,335.79,324.56,326.16,108632,326.16
2025-01-03,326.78,335.0623,324.22,330.75,111502,330.75
2025-01-06,331.44,346.87,331.44,343.47,174451,343.47
2025-01-07,344.48,351.96,340.72,343.99,116725,343.99
2025-01-08,339.32,347.11,337.365,344.38,139020,344.38
2025-01-10,335.63,344.37,335.42,341.75,132666,341.75
2025-01-13,342.34,352.795,342.34,351.7,121472,351.7
2025-01-14,351.7,355.05,336.6704,342.23,206292,342.23
2025-01-15,344.63,350.82,334.57,341.79,247178,341.79
2025-01-16,341.79,345.485,335.6,344.47,147255,344.47
2025-01-17,341.77,345.7579,341.38,342.41,124273,342.41
2025-01-21,344.51,354.73,342.955,353.86,144397,353.86
2025-01-22,353.29,360.93,351.625,360.54,153113,360.54
2025-01-23,359.03,362.775,343.66,352.48,217010,352.48
2025-01-24,353.42,357.61,350.685,354.79,121751,354.79
2025-01-27,356.83,360.07,352.84,358.87,154784,358.87
2025-01-28,368.95,373.69,365.53,367,200372,367
2025-01-29,362.67,362.67,351.36,355.97,140528,355.97
2025-01-30,360.23,368.65,355.39,358.86,180319,358.86
2025-01-31,361.26,363.96,356.655,360.88,162710,360.88
2025-02-03,353.25,358.3992,352.42,353.11,167986,353.11
2025-02-04,354.88,354.88,342.76,346.03,173365,346.03
2025-02-05,346.03,351.02,346.03,350.94,113373,350.94
2025-02-06,350,350,339.635,345.41,118699,345.41
2025-02-07,345.7,345.7,336.3,342.13,230455,342.13
2025-02-10,341.78,341.78,323.59,327.07,253992,327.07
2025-02-11,324.2,326.35,314.14,314.73,155099,314.73
2025-02-12,310.7,313.74,306.445,312.36,231563,312.36
2025-02-13,314.64,315,300.635,306.36,375665,306.36
2025-02-14,301.98,301.98,273.6725,277.16,1065499,277.16
2025-02-18,275.5,284.99,275.5,283.21,496000,283.21
2025-02-19,283.2,286.84,281.535,283.73,401069,283.73
2025-02-20,286.68,289.965,284.15,285.63,390841,285.63
2025-02-21,286.28,286.91,275.97,280.08,334710,280.08
2025-02-24,280.08,283.71,278.52,280.15,273531,280.15
2025-02-25,279.59,281.8,273.65,277.36,315406,277.36
2025-02-26,276.97,281.735,276.0028,276.19,250905,276.19
2025-02-27,274.93,277.65,265,265.63,288595,265.63
2025-02-28,267.33,269.3,262.11,265.16,301776,265.16
2025-03-03,266.38,266.38,256.12,256.45,267048,256.45
2025-03-04,255.44,255.79,248.22,250.5,291097,250.5
2025-03-05,249.67,261.8999,248.89,260.34,538396,260.34
2025-03-06,258.84,268.8841,257.68,257.97,397429,257.97
2025-03-07,256.56,263.88,250,261.19,480971,261.19
2025-03-10,257.86,260.895,244.19,247.76,416785,247.76
2025-03-11,251.33,254.295,245.55,251.01,429898,251.01
2025-03-12,253.63,258.82,249.83,251.15,369735,251.15
2025-03-13,249.29,250.94,244,245.01,198494,245.01
2025-03-14,246.48,256.42,245.0239,254.45,232742,254.45
2025-03-17,254.16,257.84,250.86,257,518860,257
2025-03-18,257.3,260.42,250.45,260.03,352868,260.03
2025-03-19,260,260.105,252.05,254.17,401802,254.17
2025-03-20,252.52,256.93,249.47,254.47,280625,254.47
2025-03-21,252.58,256.74,250.7,256.68,1439996,256.68
2025-03-24,257.96,259.95,254.6795,256.65,268461,256.65
2025-03-25,257.14,258.89,246.33,247.31,361124,247.31
2025-03-26,246.75,248.28,243.76,245.32,324122,245.32
2025-03-27,245.54,249.37,244.73,247.16,186595,247.16
2025-03-28,245,246.815,241.87,243,328130,243
2025-03-31,241.36,245.6415,235.8382,243.56,395197,243.56
2025-04-01,242.7,245.52,237.9175,240,348064,240
2025-04-02,237.63,248,237.63,245.52,249121,245.52
2025-04-03,238.31,239.94,233.34,234.75,364844,234.75
2025-04-04,230.52,231.31,221.18,225.6,766924,225.6
2025-04-07,221.5,233.5,215.38,229.4,591444,229.4
2025-04-08,236.19,236.19,220.09,220.51,826705,220.51
2025-04-09,216.37,249.58,216.29,249.17,567739,249.17
2025-04-10,244.2,244.2,226.54,232.29,442141,232.29
2025-04-11,235.04,246.11,231.72,245.8,362886,245.8
2025-04-14,251.16,252.41,245.2484,249.62,376975,249.62
2025-04-15,248.67,250.74,243.27,244.98,306323,244.98
2025-04-16,246.75,248.67,240.6271,245.21,339366,245.21
2025-04-17,243.06,243.06,235.16,238.18,231483,238.18
2025-04-21,237.1,238.789,232.53,236.88,358642,236.88
2025-04-22,240.82,245.87,240.22,244.98,215069,244.98
2025-04-23,250.99,260,247.51,248.85,272444,248.85
2025-04-24,249.08,250.485,242.095,249.74,222602,249.74
2025-04-25,246.02,247.52,235.8095,242.63,377689,242.63
2025-04-28,244.62,246.59,236.665,240.17,238634,240.17
2025-04-29,240.6,244.72,233.44,242.32,224646,242.32
2025-04-30,241.5,244.24,237.965,244.08,307212,244.08
2025-05-01,243.01,245.175,238.53,240.43,406924,240.43
2025-05-02,250,255,235.5625,236.34,697422,236.34
2025-05-05,235.87,243.13,233.105,240.19,286794,240.19
2025-05-06,238.68,240.39,228.91,231.57,393257,231.57
2025-05-07,235.66,236.15,229.835,232.55,280579,232.55
2025-05-08,233.09,243.75,233.09,241.02,258274,241.02
2025-05-09,240.94,243.145,238.09,238.68,244720,238.68
2025-05-12,248.18,257.51,247.21,256.68,387303,256.68
2025-05-13,257.66,257.66,249.65,253.15,354574,253.15
2025-05-14,252.45,253.15,237.05,237.07,355927,237.07
2025-05-15,236.71,245.45,231.745,243.19,468314,243.19
2025-05-16,238.7,249.94,238.7,248.67,254958,248.67
2025-05-19,245.34,248.66,243.89,248.66,196883,248.66
2025-05-20,247.69,249.7,245.13,247.05,178728,247.05
2025-05-21,243.22,243.22,227.78,227.98,312409,227.98
2025-05-22,225.76,228.4,222.86,227.14,362680,227.14
2025-05-23,223.85,224.92,220.31,223.78,219261,223.78
2025-05-27,226.7,230.69,225.7,230.36,307104,230.36
2025-05-28,230.36,230.83,227.76,229.15,271860,229.15
2025-05-29,232.18,233.28,226.685,227.61,263243,227.61
2025-05-30,226.37,228.33,221.545,226.93,1388848,226.93
2025-06-02,225,225.86,216.05,216.56,294591,216.56
2025-06-03,215.75,222.245,211.43,220.57,374092,220.57
2025-06-04,222.08,227,220.59,222.05,246313,222.05
2025-06-05,222.1,223.57,218.14,219.31,263162,219.31
2025-06-06,222.47,224.4,219.42,219.42,245545,219.42
2025-06-09,222.81,230.295,219.94,225.56,453918,225.56
2025-06-10,227.64,230.89,224.665,230.52,393895,230.52
2025-06-11,231.41,236.065,228.01,230.19,486155,230.19
2025-06-12,227.84,232.77,224.41,232.42,380898,232.42
2025-06-13,228.38,231.6729,226.67,226.91,452344,226.91
2025-06-16,228.23,232.6052,222.8,231.7,490755,231.7
2025-06-17,229.68,231.99,227.53,230.46,648327,230.46
2025-06-18,230.29,234.31,228.64,232,352041,232
2025-06-20,234,236.98,230.41,236.74,1498413,236.74
2025-06-23,234.29,237.57,228.4,235.54,413239,235.54
2025-06-24,237.49,239.57,235.8475,237.91,275640,237.91
2025-06-25,236.5,243.79,235.01,240.98,331758,240.98
2025-06-26,241.98,246.5,239.7,243.47,268203,243.47
2025-06-27,244.4,244.86,237.4225,243.98,322852,243.98
2025-06-30,244.18,246.755,238.535,241.32,297190,241.32
2025-07-01,241.43,254.82,238.895,247.99,273201,247.99
2025-07-02,249.16,252.9035,247.53,250.65,194503,250.65
2025-07-03,250.85,252.98,249.95,251.56,109086,251.56
2025-07-07,248.92,252.32,245.87,247.06,261538,247.06
2025-07-08,247.06,255.13,247.06,250.73,280141,250.73
2025-07-09,251.22,253.58,247.64,253.07,190526,253.07
2025-07-10,254.13,264.68,254.13,259.88,274950,259.88
2025-07-11,257.28,259.625,256.3725,256.97,298849,256.97
2025-07-14,254.97,255.57,248.5401,250.81,246532,250.81
2025-07-15,252.37,252.67,246.89,247.35,212615,247.35
2025-07-16,248.37,249.3845,244.445,247.26,208012,247.26
2025-07-17,247.97,250.63,246.3186,249.65,174517,249.65
2025-07-18,251.84,252.49,244.615,246.4,250935,246.4
2025-07-21,246.53,247.92,242.525,244.25,236119,244.25
2025-07-22,237.63,251.55,237.63,245.47,553672,245.47
2025-07-23,249.03,259.29,249.03,257.07,338270,257.07
2025-07-24,257.44,262.395,256.51,262.06,212512,262.06
2025-07-25,262.5,267.49,260.56,264.19,247164,264.19
2025-07-28,261.41,262.045,249.4101,253.23,323149,253.23
2025-07-29,253.36,256.035,251.485,252.6,312306,252.6
2025-07-30,253.06,255.15,247.8,250.08,424403,250.08
2025-07-31,247.19,251.345,241.02,241.95,431119,241.95
2025-08-01,270.93,291.865,270.93,284.6,1108352,284.6
2025-08-04,284.01,285.581,268.39,276.8,530933,276.8
2025-08-05,275.66,278.74,270.97,272.18,309160,272.18
2025-08-06,265.53,268.12,262.11,264.32,313145,264.32
2025-08-07,267.33,268.055,261.65,265.26,201605,265.26
2025-08-08,265.11,266.2,262.05,264.21,211847,264.21
2025-08-11,264.5,270.71,262.7684,264.53,169863,264.53
2025-08-12,264.79,275.01,264.33,274.76,243125,274.76
2025-08-13,276.21,288,275.205,287.16,206705,287.16
2025-08-14,284.53,287.26,280.64,287.21,132041,287.21
2025-08-15,287.21,289.75,285.1,285.66,157844,285.66
2025-08-18,285.28,287.2,282,284.65,163780,284.65
2025-08-19,286.79,290.265,284.97,288.37,199063,288.37
2025-08-20,287.92,290.7713,285.98,288.16,129060,288.16
2025-08-21,286.28,291.9999,283.96,285.03,167031,285.03
2025-08-22,289.46,308.44,287.31,303.82,783334,303.82
2025-08-25,301.52,301.52,294.2,297.37,241574,297.37
2025-08-26,298.3,299.89,295.87,296.6,191691,296.6
2025-08-27,291.77,297.34,290.25,292.84,243069,292.84
2025-08-28,290.75,294.63,288.98,293.67,189617,293.67
2025-08-29,292.81,300.85,292.81,297.88,199633,297.88
2025-09-02,293.83,296.405,286.89,290.71,215809,290.71
2025-09-03,288.5,291.17,286.33,288.05,202265,288.05
2025-09-04,286.83,290.72,278.775,289.43,187656,289.43
2025-09-05,289.43,298,289.43,295.43,237433,295.43
2025-09-08,293.44,293.44,286.37,290.38,192612,290.38
2025-09-09,292.31,292.31,285.75,285.95,231851,285.95
2025-09-10,284.88,287.9425,276.52,276.91,230130,276.91
2025-09-11,280.29,286.49,278.225,285.9,168499,285.9
2025-09-12,284.55,285.45,278.635,280.34,242384,280.34
2025-09-15,280.92,282.21,277.4,280.21,203565,280.21
2025-09-16,280.21,284.33,277.815,282.26,188718,282.26
2025-09-17,283,286.515,276.485,280.29,267890,280.29
2025-09-18,283.25,288.15,281.19,286.49,176442,286.49
2025-09-19,285.51,287.27,282.72,284.07,388412,284.07
2025-09-22,283.31,284.585,278.88,283.36,195067,283.36
2025-09-23,283.17,286.84,279,282.07,185054,282.07
2025-09-24,281.86,282.93,274.08,276.62,232204,276.62
2025-09-25,273.62,274.285,266.71,270.41,227165,270.41
2025-09-26,272.74,274.29,268.39,271.36,211846,271.36
2025-09-29,274.7,274.7,268.39,270.11,191053,270.11
2025-09-30,270.6,280.97,268.39,280.39,177827,280.39
2025-10-01,280.61,298.5,280.61,297.95,305800,297.95
2025-10-02,298,301,294.07,294.24,177465,294.24
2025-10-03,296.52,306.02,295.3,305.49,241597,305.49
2025-10-06,304.44,309.68,300.9801,309.17,195187,309.17
2025-10-07,309.25,311.43,296.325,296.52,174810,296.52
2025-10-08,294.81,304.9145,294.81,302.83,217262,302.83
2025-10-09,303.8,305.115,299.87,300.63,111594,300.63
2025-10-10,300.48,302.305,292.56,297.72,170700,297.72
2025-10-13,300.2,306.81,297.57,303.71,220239,303.71
2025-10-14,298.87,309.59,298.87,305.05,134180,305.05
2025-10-15,308.54,310.69,304.1,305.85,141814,305.85
2025-10-16,310.04,322.29,309.215,312.39,270378,312.39
2025-10-17,308.8,313.6325,308.8,310.02,131201,310.02
2025-10-20,312.99,322.535,305.32,321.9,199074,321.9
2025-10-21,326.08,335.85,323.75,331.27,375599,331.27
2025-10-22,329.01,337.775,327.85,333.97,573598,333.97
2025-10-23,331.63,340.93,326.635,338.67,287346,338.67
2025-10-24,341.03,342.16,337.215,339.75,161557,339.75
2025-10-27,337.74,343.12,334.91,336.12,289942,336.12
2025-10-28,336.44,340.68,327.4,330.42,305175,330.42
2025-10-29,328.03,334.975,315.1,319.47,510291,319.47
2025-10-30,316,328.96,298.22,304.61,429218,304.61
2025-10-31,305.75,321.59,300.04,319.55,285192,319.55
2025-11-03,317.04,319.85,308.36,311.43,252595,311.43
2025-11-04,309.87,316.2,301.92,310.96,196084,310.96
2025-11-05,308.65,312.865,303.44,310.01,179617,310.01
2025-11-06,308.59,310.845,304.12,306.55,134895,306.55
2025-11-07,304.92,307.505,302.3,305.56,136235,305.56
2025-11-10,307.99,314.05,305.97,307.38,116462,307.38
2025-11-11,309.85,315.855,306.9,313.33,116392,313.33
2025-11-12,313.28,328.52,312.64,327.28,247359,327.28
2025-11-13,322.68,326.79,316.56,316.89,176080,316.89
2025-11-14,314.11,316.88,307.67,313.15,107292,313.15
2025-11-17,313.67,315.35,303.3,304.06,165038,304.06
2025-11-18,303.41,311.47,296.15,307.78,149366,307.78
2025-11-19,310.5,310.5,301.33,304.79,192716,304.79
2025-11-20,309.05,311.55,298.35,303.61,214108,303.61
2025-11-21,303.63,320.14,303.63,316.7,126652,316.7
2025-11-24,314.85,324,311.63,322.48,383303,322.48
2025-11-25,322.69,334.53,321.73,332.21,145512,332.21
2025-11-26,330.38,334,326.64,327.03,126340,327.03
2025-11-28,323.65,327.69,321.1,324.86,86310,324.86
2025-12-01,321.44,328.0699,319.52,321.5,133109,321.5
2025-12-02,320.48,323.99,317.5,318.56,210135,318.56
2025-12-03,321.75,322.5,317.025,320.34,271826,320.34
2025-12-04,320,321,311.81,320.06,114275,320.06
2025-12-05,322.74,325.326,316.94,317.69,174009,317.69
2025-12-08,314.86,316.73,308.0454,308.53,134082,308.53
2025-12-09,308,312.98,307.35,308.05,152446,308.05
2025-12-10,309.74,316.2,307.08,315,169734,315
2025-12-11,315,319.495,310.11,313.97,108186,313.97
2025-12-12,313.97,314.97,306.3601,308.13,110658,308.13
2025-12-15,310,312.81,301.3,307.92,202306,307.92
2025-12-16,308.1,309.79,298.02,302.02,173119,302.02
2025-12-17,301.04,304.91,298.744,301.28,179531,301.28
2025-12-18,303.87,307.78,298.97,299.86,163961,299.86
2025-12-19,299.98,302.63,295.01,301.53,425765,301.53
2025-12-22,302.02,307.07,298.8,304.85,194379,304.85
2025-12-23,304.21,304.21,298.85,301.03,156953,301.03
2025-12-24,301,302.72,298.78,301.75,76223,301.75
2025-12-26,302.46,304.4244,300.465,303.88,93972,303.88
2025-12-29,303.88,305.62,301.068,303.73,148792,303.73
2025-12-30,301.27,305,300.3201,304.51,97459,304.51
2025-12-31,305.81,305.98,300.26,302.99,99757,302.99
2026-01-02,303.22,307.31,300.42,305.27,137105,305.27
2026-01-05,302.25,322.605,302.25,322.34,262710,322.34
2026-01-06,323.94,328.25,320,325.5,373724,325.5
2026-01-07,325.81,326.9,320.22,324.09,200614,324.09
2026-01-08,321.12,324.75,313.875,319.08,223780,319.08
2026-01-09,321.36,326.4299,318.18,323.82,191091,323.82
2026-01-12,325.8,325.8,319.91,323,198207,323
2026-01-13,323.49,328.555,316.57,322.17,183801,322.17
2026-01-14,320.83,325.93,316.595,318.25,230751,318.25
2026-01-15,318.81,323.32,315,322.06,236015,322.06
2026-01-16,322.82,322.82,313.47,313.53,150274,313.53
2026-01-20,308.35,315.2499,306.52,312.76,130351,312.76
2026-01-21,313.73,316.63,308.42,311.54,457475,311.54
2026-01-22,313.11,315.7,304.17,305.22,301892,305.22
2026-01-23,303.5,308.565,293.94,296.57,227536,296.57
2026-01-26,295.59,301.57,294.16,299.28,233349,299.28
2026-01-27,295.96,300.59,295.96,297.71,138014,297.71
2026-01-28,297.52,302.59,294.82,299.79,290883,299.79
2026-01-29,298.73,299.255,287.46,294.91,347284,294.91
2026-01-30,290.89,295.76,289.19,293.7,173163,293.7
2026-02-02,289.11,297.905,289.11,297.43,159003,297.43
2026-02-03,298.14,313.41,296.45,298.98,367224,298.98
2026-02-04,300.93,306.72,298.9,305.9,277124,305.9
2026-02-05,304.83,307.41,298.09,299.54,166601,299.54
2026-02-06,301.66,307.39,298.35,301.5,201716,301.5
2026-02-09,298.17,299.11,287.59,294.9,256272,294.9
2026-02-10,297.78,301.47,294.58,299.96,188736,299.96
2026-02-11,297.22,298.96,291.9,293.69,227163,293.69
2026-02-12,292.5,296.34,282.66,292.42,426697,292.42
2026-02-13,251,272.785,251,256.56,1060713,256.56
2026-02-17,256,268.52,254.59,264.93,504668,264.93
2026-02-18,264.28,271.8399,263.51,270.67,341911,270.67
2026-02-19,268.95,272.6199,265.06,271.9,249495,271.9
2026-02-20,270,272.59,267.65,271.3,257082,271.3
2026-02-23,269.26,271.03,267.13,268.25,282221,268.25
2026-02-24,268.26,275.985,267.8177,268.7,241773,268.7
2026-02-25,275.19,275.87,267.82,269.65,253486,269.65
2026-02-26,270.94,275.71,268,275.21,260465,275.21
2026-02-27,272.07,280.52,271.7142,278.44,376955,278.44
2026-03-02,275.41,282.32,273.56,279.59,302975,279.59
2026-03-03,274.16,281.57,273.68,280.19,270604,280.19
2026-03-04,282.15,285.75,279.96,284.68,272553,284.68
2026-03-05,280.81,288.81,278.65,279.03,292316,279.03
2026-03-06,275.96,275.96,267.55,269.85,276911,269.85
2026-03-09,268.2,272.035,264.92,271.44,314977,271.44
2026-03-10,271.25,271.32,265.36,267.85,198834,267.85
2026-03-11,266.42,270.77,265.57,269.89,206697,269.89
2026-03-12,267.03,270.05,259.56,261.82,364144,261.82
2026-03-13,265.2,270,261.375,262.8,161811,262.8
2026-03-16,265.57,267.82,258.95,261.24,209721,261.24
2026-03-17,264.41,272.4,263.78,269.48,258306,269.48
2026-03-18,266.27,270.9,266.27,267.99,286616,267.99
2026-03-19,266.24,270.67,263.24,265,356899,265
2026-03-20,267.43,267.73,262.05,264.49,462468,264.49
2026-03-23,268.7,270.555,263.65,265,360951,265
2026-03-24,261.29,273.79,260.585,272.12,543720,272.12
2026-03-25,273.92,276.135,269.1,273.6,252467,273.6
2026-03-26,272.48,277.82,272.48,276.53,436711,276.53
2026-03-27,276.51,276.51,264.23,265.4,339775,265.4
2026-03-30,268.76,272.745,265.6401,270.36,589815,270.36
2026-03-31,273.7,280.595,270.85,278.75,196394,278.75
2026-04-01,280.38,282.89,277.86,278.36,177012,278.36
2026-04-02,275.31,284.45,274.08,279.99,253743,279.99
2026-04-06,279.57,280.78,276.32,278.85,272894,278.85
2026-04-07,272.21,279.24,270.37,278,219293,278
2026-04-08,285.37,288.72,280.91,281.15,388978,281.15
2026-04-09,278.54,280.97,273.035,277.5,293823,277.5
2026-04-10,278.25,279.525,275.4,279.25,276615,279.25
2026-04-13,278.83,289.5,278.83,288.17,213576,288.17
2026-04-14,289.53,294.71,289.53,292.23,200384,292.23
2026-04-15,293.73,297.5,292.15,295.96,208886,295.96
2026-04-16,294.68,294.685,289.7,291.09,286918,291.09
2026-04-17,294.93,302.32,292.19,299.02,186600,299.02
2026-04-20,297.46,304.6,295.98,303.34,171799,303.34
2026-04-21,305.05,312.85,301.545,305.67,228486,305.67
2026-04-22,307.5,308.38,298.22,300.78,232593,300.78
2026-04-23,294.82,294.82,274.895,281.42,423612,281.42
2026-04-24,281.61,288.49,280.35,287.84,218826,287.84
2026-04-27,287.8,294.05,284.65,287.29,223058,287.29
2026-04-28,287.49,288.52,276.66,279.34,339293,279.34
2026-04-29,278.7,283.52,273.455,275.15,293050,275.15
2026-04-30,277.93,281.97,273.15,280.12,650188,280.12
2026-05-01,261.47,264.3,242.28,256.55,997880,256.55
2026-05-04,255.85,262.46,255.155,257.86,624056,257.86
2026-05-05,259.87,263.07,251.79,257.12,520769,257.12
2026-05-06,260.47,264.06,258.6,259.02,498520,259.02
2026-05-07,260.49,262.83,254.93,257.32,268633,257.32
2026-05-08,256.41,258.8106,251.32,254.32,230854,254.32
2026-05-11,254.35,254.35,242.62,243.79,430950,243.79
2026-05-12,245.03,246.195,240.715,241.71,277766,241.71
2026-05-13,239.3,245.975,236.73,243.51,425932,243.51
2026-05-14,243.69,249.3484,243.425,246.27,403573,246.27
2026-05-15,248.46,250.095,242.79,247.53,374721,247.53
2026-05-18,274.72,283.63,267.83,281.82,1264649,281.82
2026-05-19,281.82,284.98,274.33,281.05,678327,281.05
2026-05-20,282.58,288.56,275.08,287.86,551191,287.86
2026-05-21,285.77,290.555,281.86,286.74,230873,286.74
2026-05-22,287.49,291.465,286.2,287.74,273320,287.74
2026-05-26,287.26,297.59,284.27,296.9,454810,296.9
2026-05-27,299,305.81,297.5,305.29,574535,305.29
2026-05-28,307.25,319.86,305.25,318.22,652602,318.22
2026-05-29,318.82,319.5,310.815,312.48,521686,312.48
2026-06-01,311.1,311.1,304.84,305.46,442312,305.46
2026-06-02,300.99,308.63,299.58,306.13,405460,306.13
2026-06-03,303.57,306.78,297.89,304.83,327497,304.83
2026-06-04,308.66,312.2699,305.525,307.47,279110,307.47
2026-06-05,305.84,307.35,291.4,294.32,346967,294.32
2026-06-08,296.5,298.265,291.12,291.31,431017,291.31
2026-06-09,294.3,297.915,290.35,297.17,436909,297.17
2026-06-10,296.08,298.575,290.21,291.01,370854,291.01
2026-06-11,292.41,297.13,287.73,292.44,370703,292.44
2026-06-12,293.57,293.83,284.57,285.94,184444,285.94
2026-06-15,288.77,292.51,285.03,289.28,226702,289.28
2026-06-16,290.65,294.43,288.94,289.95,266683,289.95
2026-06-17,288.78,293.11,282.6871,284.67,207010,284.67
2026-06-18,284.61,285.75,280.48,282.44,402819,282.44
2026-06-22,281.15,281.93,276.51,281.11,236858,281.11
2026-06-23,281.62,283.755,270.28,270.32,645390,270.32
2026-06-24,273.35,284.025,270,280.05,322492,280.05
2026-06-25,284,301.76,280.78,298.29,591843,298.29
2026-06-26,296.8,305,293.4625,300.79,482042,300.79
2026-06-29,300,301.27,294.07,295.3,329397,295.3
2026-06-30,296.79,299.32,287.94,293.61,237415,293.61
2026-07-01,293.11,299.54,293.06,297.09,204330,297.09
2026-07-02,298,302.55,295.8425,296.86,344782,296.86
2026-07-06,298.82,298.82,290.925,295.15,270858,295.15
2026-07-07,298.37,298.65,290,292.5,294441,292.5
2026-07-08,289.19,290.5,281.79,283.86,253165,283.86
2026-07-09,284.23,298.2,284.23,297.28,225520,297.28
2026-07-10,300,302.16,295.955,296.11,204581,296.11
2026-07-13,295.17,299.15,292.72,297.58,340006,297.58
2026-07-14,294.42,299.87,294.42,298.34,227825,298.34
2026-07-15,299.74,301.71,294.82,295.73,250740,295.73
2026-07-16,295.93,302.1299,295.93,300.98,237520,300.98
2026-07-17,298.88,305.68,297.06,304.36,287244,304.36
2026-07-20,301.71,307.49,300.16,301.9,454336,301.9
2026-07-21,290.5,302.925,285.39,301.7,302983,301.7
2026-07-22,301,307.1,298.74,305.96,275168,305.96
2026-07-23,308.47,318.7,308.47,316.38,352841,316.38
2026-07-24,316.48,317.13,311.66,314.46,355539,314.46
2026-07-27,313.45,320.335,312.29,316.41,348987,316.41
2026-07-28,320.01,334.605,320.01,331,592400,331
2026-07-29,331.43,337.97,326.205,327.25,361886,327.25
2026-07-30,325.63,328.52,318.55,326.72,195090,326.72
2026-07-31,329.5,329.5,318.81,325.48,190144,325.48
2026-08-03,324.98,335.53,319.49,334.71,295579,334.71
2026-08-04,336.52,338.415,325.31,332.88,274390,332.88
2026-08-05,340,352.63,329.6,347.86,522255,347.86
2026-08-06,345.05,345.05,336.09,342.43,305102,342.43
2026-08-07,339.18,353.33,339.18,352.47,266942,352.47
2026-08-10,350.49,355.85,347.86,354.54,221221,354.54
2026-08-11,349.37,358.69,349.37,356.25,252060,356.25
2026-08-12,353.06,362.42,351,362.08,233968,362.08
2026-08-13,364,365,352.12,361.19,207565,361.19
2026-08-14,361.06,362.49,355.07,356.26,173926,356.26
2026-08-17,359.29,359.29,353.86,355.23,213582,355.23
2026-08-18,356.17,356.485,351.8013,352.69,210730,352.69
2026-08-19,356.89,367.95,352.7,364.26,258098,364.26
2026-08-20,360.29,380.71,360.25,376.46,337723,376.46
2026-08-21,385.8,385.92,373.4697,380.03,341290,380.03
2026-08-24,384.09,384.09,373.4,381.76,300240,381.76
2026-08-25,384,390.83,377.8,390.34,295816,390.34
2026-08-26,393.1,393.1,385.5,388.64,221436,388.64
2026-08-27,389.03,396.23,386.69,389.94,245999,389.94
2026-08-28,390.82,392.29,382.102,387.7,207049,387.7
2026-08-31,393.85,394.02,382.13,386.12,301510,386.12
2026-09-01,387.88,387.88,380.27,380.96,256191,380.96
2026-09-02,380.62,389.83,380.225,388.51,285423,388.51
2026-09-03,390,394.29,381.06,387.9,148088,387.9
2026-09-04,380.84,386.78,376.2,386.11,113034,386.11
2026-09-08,390.73,390.73,379.49,380.12,138921,380.12
2026-09-09,380,380.06,373.34,376.97,177070,376.97
2026-09-10,379.92,382.01,368.56,368.75,334443,368.75
2026-09-11,370.45,373.71,368.69,369.32,344875,369.32
2026-09-14,365.66,370.52,365.66,368.55,292960,368.55
2026-09-15,366.33,380.91,366.28,378,518827,378
2026-09-16,378.25,385.325,375,379.03,262372,379.03
2026-09-17,384.23,385.71,377.69,382.41,204981,382.41
2026-09-18,383.05,383.05,374.805,376.41,324367,376.41
2026-09-21,381.58,381.58,373.47,377.33,311518,377.33
2026-09-22,377.53,383.25,374.01,379.57,374728,379.57
2026-09-23,379.27,382.85,374.77,378.88,177270,378.88
