date,open,high,low,close,volume,raw_close
2016-01-04,30.92,30.92,30.29,30.67,8242165,39.97
2016-01-05,30.65,30.88,30.38,30.56,7254432,39.82
2016-01-06,30.04,30.1,29.69,29.79,7370108,38.82
2016-01-07,29.27,29.64,28.95,29.04,8784406,37.84
2016-01-08,29.31,29.39,28.45,28.51,7509430,37.15
2016-01-11,28.89,28.95,28.36,28.71,6216531,37.42
2016-01-12,29.16,29.24,28.51,28.94,6870076,37.72
2016-01-13,29.17,29.24,27.83,27.98,9400094,36.46
2016-01-14,28.19,28.71,27.7,28.45,7941089,37.07
2016-01-15,27.33,27.78,27.12,27.46,8518537,35.78
2016-01-19,27.52,28,27.41,27.57,8535141,35.93
2016-01-20,26.77,27.55,26.67,27.22,13495317,35.47
2016-01-21,27.4,27.62,26.27,26.33,12774337,34.31
2016-01-22,26.72,27.16,26.58,26.97,9670002,35.15
2016-01-25,26.87,27.01,26.52,26.6,9234263,34.67
2016-01-26,26.67,27.42,26.67,27.29,7786962,35.56
2016-01-27,27.17,27.92,26.98,27.19,7469831,35.43
2016-01-28,27.43,27.61,26.85,27.14,7660304,35.37
2016-01-29,27.43,27.94,27.32,27.93,8870651,36.22
2016-02-01,27.65,27.8,27.16,27.37,6874109,35.5
2016-02-02,26.94,27.08,26.26,26.44,8671379,34.29
2016-02-03,26.64,26.67,25.57,26.48,8815255,34.34
2016-02-04,26.42,27.15,26.33,26.95,6373126,34.95
2016-02-05,26.99,27.27,26.47,26.57,5888422,34.46
2016-02-08,25.98,26.08,25.3,25.68,9879609,33.3
2016-02-09,25.14,26.15,25,25.91,7086019,33.6
2016-02-10,26.26,26.42,25.86,25.88,8172586,33.56
2016-02-11,24.91,25.48,24.83,25.24,10147616,32.74
2016-02-12,25.77,26.17,25.44,26.08,9714605,33.83
2016-02-16,26.57,26.86,26.35,26.64,8691110,34.55
2016-02-17,27.02,27.26,26.88,26.92,9472896,34.91
2016-02-18,26.96,27.07,26.54,26.63,7564793,34.54
2016-02-19,26.53,26.99,26.47,26.93,8001868,34.93
2016-02-22,27.26,27.52,27.19,27.32,5789303,35.43
2016-02-23,27.21,27.23,26.76,27.03,5337526,35.06
2016-02-24,26.44,26.9,26.08,26.81,6187381,34.77
2016-02-25,26.82,27.26,26.62,27.24,4890847,35.33
2016-02-26,27.44,28.07,27.43,27.85,7106649,36.12
2016-02-29,27.71,27.84,27.28,27.29,7862866,35.39
2016-03-01,27.46,28.4,27.44,28.37,7630238,36.8
2016-03-02,28.29,28.87,28.29,28.85,7167828,37.42
2016-03-03,28.81,29.08,28.68,29.06,5400806,37.69
2016-03-04,29.18,29.63,29.15,29.37,7886014,38.09
2016-03-07,29.05,29.49,28.88,29.43,4888037,38.17
2016-03-08,28.98,29.22,28.69,28.91,6640335,37.49
2016-03-09,29.14,29.18,28.53,28.64,6157884,37.14
2016-03-10,28.81,28.96,27.97,28.43,7499549,36.87
2016-03-11,28.78,29.15,28.7,29.11,6538281,37.75
2016-03-14,28.85,29.13,28.7,29.01,5179135,37.63
2016-03-15,28.71,28.91,28.52,28.91,4889559,37.49
2016-03-16,28.81,29.19,28.44,28.66,6529594,37.17
2016-03-17,28.58,28.88,28.3,28.82,10619365,37.38
2016-03-18,28.97,29.54,28.93,29.42,13787851,38.15
2016-03-21,29.45,29.73,29.19,29.4,5523778,38.13
2016-03-22,29.11,29.37,28.96,29.19,4890711,37.86
2016-03-23,29.22,29.25,28.85,28.93,5338872,37.52
2016-03-24,28.6,28.78,28.37,28.75,4043414,37.28
2016-03-28,28.78,28.93,28.57,28.79,3987049,37.34
2016-03-29,28.44,28.57,28.21,28.51,5160034,36.97
2016-03-30,28.76,29.04,28.58,28.64,5643871,37.14
2016-03-31,28.53,28.79,28.31,28.4,5312550,36.83
2016-04-01,28.27,28.54,28.05,28.48,6924880,36.93
2016-04-04,28.47,28.68,28.38,28.56,4992687,37.04
2016-04-05,28.22,28.44,28.06,28.16,6816953,36.52
2016-04-06,28.12,28.61,28.09,28.51,11090105,36.97
2016-04-07,28.22,28.33,27.4,27.5,5318721,35.67
2016-04-08,27.8,27.86,27.33,27.36,6175678,35.49
2016-04-11,27.57,27.87,27.48,27.65,4261693,35.86
2016-04-12,27.77,28.01,27.69,27.86,5755476,36.13
2016-04-13,28.1,29.13,28.09,29.13,6380433,37.78
2016-04-14,29.08,29.62,28.92,29.35,4843804,38.06
2016-04-15,29.32,29.51,29.07,29.18,5933181,37.85
2016-04-18,29.06,29.55,28.95,29.54,4902706,38.31
2016-04-19,29.59,30.07,29.59,29.95,5335102,38.84
2016-04-20,29.93,30.63,29.93,30.63,7625248,39.72
2016-04-21,30.97,31.57,30.78,31.38,8810031,40.7
2016-04-22,31.29,31.92,31.25,31.66,7362278,41.06
2016-04-25,31.51,31.73,31.3,31.36,6819070,40.67
2016-04-26,31.54,31.83,31.5,31.79,6296222,41.23
2016-04-27,31.66,32.08,31.61,31.83,5347201,41.28
2016-04-28,31.51,31.74,31.28,31.34,6122742,40.64
2016-04-29,31.12,31.37,30.78,31.16,6477242,40.24
2016-05-02,31.19,31.63,30.99,31.57,7098872,40.77
2016-05-03,31.04,31.06,30.51,30.82,5330393,39.81
2016-05-04,30.5,30.79,30.25,30.41,4649135,39.28
2016-05-05,30.41,30.62,30.24,30.51,3977346,39.4
2016-05-06,30.31,30.65,30.18,30.61,3876825,39.53
2016-05-09,30.57,30.77,30.38,30.48,5424503,39.37
2016-05-10,30.73,31.18,30.65,31.16,4354110,40.24
2016-05-11,31.03,31.27,30.87,30.87,5557269,39.87
2016-05-12,31.06,31.28,30.55,30.77,7596652,39.74
2016-05-13,30.78,31.09,30.43,30.54,5747649,39.44
2016-05-16,30.45,30.93,30.43,30.77,4287122,39.74
2016-05-17,30.62,31.1,30.55,30.85,9766251,39.84
2016-05-18,30.89,31.87,30.86,31.85,8519891,41.14
2016-05-19,31.63,31.95,31.35,31.61,5899005,40.83
2016-05-20,31.75,32.08,31.72,31.8,4875879,41.07
2016-05-23,31.69,31.89,31.48,31.72,3808270,40.97
2016-05-24,31.92,32.49,31.85,32.27,5020504,41.68
2016-05-25,32.51,32.95,32.46,32.68,5861010,42.21
2016-05-26,32.59,32.75,32.33,32.54,3908352,42.03
2016-05-27,32.64,32.8,32.43,32.73,4326196,42.27
2016-05-31,32.92,32.95,32.45,32.57,6887091,42.06
2016-06-01,32.27,32.76,32.02,32.71,4603240,42.25
2016-06-02,32.66,32.68,32.47,32.64,6070592,42.16
2016-06-03,31.96,32.24,31.72,32.15,7675212,41.52
2016-06-06,32.26,32.99,32.26,32.82,5321996,42.39
2016-06-07,32.79,32.92,32.54,32.55,5001803,42.04
2016-06-08,32.54,32.78,32.48,32.57,3900912,42.06
2016-06-09,32.4,32.4,32.03,32.25,6303047,41.65
2016-06-10,31.8,31.99,31.75,31.93,6190979,41.24
2016-06-13,31.82,32.16,31.72,31.72,6051040,40.96
2016-06-14,31.59,31.88,30.98,31.09,6761562,40.15
2016-06-15,31.3,31.51,31.13,31.17,4451446,40.26
2016-06-16,30.79,31.12,30.51,31.1,4210583,40.16
2016-06-17,31.16,31.31,30.88,31.02,7049304,40.06
2016-06-20,31.65,31.83,31.25,31.3,5526672,40.42
2016-06-21,31.51,31.51,31.22,31.31,3962173,40.44
2016-06-22,31.35,31.61,31.3,31.44,4897079,40.6
2016-06-23,31.82,32.16,31.82,32.16,4804435,41.54
2016-06-24,30.49,30.66,29.39,29.42,14840163,37.99
2016-06-27,28.82,28.85,27.66,27.78,11460752,35.88
2016-06-28,28.28,28.49,27.91,28.49,6982642,36.79
2016-06-29,28.83,29.44,28.63,29.42,8745026,38
2016-06-30,29.76,30.1,29.4,30.08,8191840,38.85
2016-07-01,29.89,29.99,29.42,29.45,6039577,38.04
2016-07-05,29.15,29.15,28.55,28.75,10632078,37.13
2016-07-06,28.48,28.96,28.26,28.89,8803179,37.31
2016-07-07,28.87,29.54,28.87,29.24,5997937,37.76
2016-07-08,29.51,29.84,29.51,29.8,5151615,38.49
2016-07-11,30.06,30.28,29.83,29.88,4255081,38.59
2016-07-12,30.24,30.55,30.22,30.48,7161907,39.37
2016-07-13,30.44,30.69,30.22,30.52,4658975,39.41
2016-07-14,31.49,31.49,30.65,30.73,4084722,39.69
2016-07-15,31.04,31.04,30.57,30.81,4843049,39.79
2016-07-18,30.86,30.99,30.72,30.92,4180840,39.93
2016-07-19,30.76,30.8,30.58,30.75,3163323,39.71
2016-07-20,30.97,31,30.6,30.98,5009746,40.01
2016-07-21,30.39,30.82,29.86,29.89,8733382,38.6
2016-07-22,29.92,30.39,29.9,30.34,5259293,39.19
2016-07-25,30.36,30.54,30.1,30.24,4835305,39.05
2016-07-26,30.34,30.72,30.28,30.66,6517863,39.6
2016-07-27,30.65,31.2,30.56,30.92,7292637,39.93
2016-07-28,30.81,30.93,30.63,30.84,4344250,39.83
2016-07-29,30.71,30.93,30.61,30.65,4829020,39.4
2016-08-01,30.77,30.89,30.43,30.5,4072461,39.2
2016-08-02,30.51,30.53,29.98,30.19,4647392,38.8
2016-08-03,30.24,30.63,30.18,30.51,3979194,39.22
2016-08-04,30.45,30.56,30.21,30.3,5805052,38.94
2016-08-05,30.76,31.53,30.67,31.51,5900518,40.5
2016-08-08,31.51,31.77,31.49,31.58,3220496,40.59
2016-08-09,31.56,31.66,31.33,31.34,3143745,40.28
2016-08-10,31.35,31.41,30.96,31,2880292,39.84
2016-08-11,31.02,31.28,30.92,31.15,2813751,40.04
2016-08-12,30.79,30.93,30.67,30.91,3346290,39.73
2016-08-15,31.1,31.33,31.03,31.24,2432356,40.16
2016-08-16,31.03,31.37,31.03,31.11,3942041,39.99
2016-08-17,31.14,31.34,31.11,31.28,4153322,40.21
2016-08-18,31.17,31.42,31.1,31.31,2999031,40.24
2016-08-19,31.17,31.39,31.02,31.31,3503650,40.25
2016-08-22,31.24,31.37,31.1,31.26,2383132,40.18
2016-08-23,31.43,31.52,31.31,31.31,2262574,40.25
2016-08-24,31.39,31.47,31.24,31.35,2860096,40.29
2016-08-25,31.29,31.53,31.28,31.53,3297301,40.53
2016-08-26,31.63,31.9,31.53,31.78,5336144,40.85
2016-08-29,31.84,32.21,31.77,32.1,3375068,41.26
2016-08-30,32.02,32.46,32.02,32.45,3782783,41.71
2016-08-31,32.51,32.67,32.05,32.42,5623856,41.67
2016-09-01,32.52,32.69,31.97,32.26,3669624,41.47
2016-09-02,32.35,32.49,32.12,32.4,2800924,41.65
2016-09-06,32.33,32.49,32.04,32.27,4636490,41.48
2016-09-07,32.12,32.34,32.02,32.12,4635138,41.29
2016-09-08,32.15,32.48,32.1,32.24,4471201,41.44
2016-09-09,32.16,32.47,31.84,31.84,6317948,40.93
2016-09-12,31.66,32.36,31.51,32.26,5929032,41.46
2016-09-13,31.82,32.02,31.48,31.7,5595147,40.74
2016-09-14,31.63,31.83,31.45,31.54,4638459,40.54
2016-09-15,31.51,31.91,31.45,31.78,4880772,40.85
2016-09-16,31.5,31.56,31.12,31.17,8241223,40.06
2016-09-19,31.31,31.61,31.08,31.19,5595521,40.09
2016-09-20,31.48,31.73,31.22,31.26,5379603,40.18
2016-09-21,31.45,31.63,31.25,31.52,4658711,40.52
2016-09-22,31.8,31.82,31.31,31.39,4813348,40.35
2016-09-23,31.27,31.55,31.12,31.28,6191541,40.2
2016-09-26,30.99,31.09,30.68,30.77,4822430,39.55
2016-09-27,30.69,30.84,30.42,30.73,8865064,39.5
2016-09-28,30.79,30.85,30.58,30.73,8492723,39.5
2016-09-29,30.73,31.04,30.17,30.39,13253618,39.06
2016-09-30,30.72,31.18,30.58,31.03,9803805,39.88
2016-10-03,30.95,31.04,30.75,30.88,4020562,39.69
2016-10-04,30.99,31.43,30.83,31.28,6961335,40.2
2016-10-05,31.51,31.82,31.42,31.77,6113171,40.83
2016-10-06,31.82,31.85,31.48,31.69,4696689,40.73
2016-10-07,31.74,31.88,31.39,31.56,4491593,40.57
2016-10-10,31.81,31.86,31.61,31.65,3172801,40.68
2016-10-11,31.59,31.63,30.95,31.08,4376057,39.95
2016-10-12,31.15,31.38,30.94,31.21,4254261,40.12
2016-10-13,30.92,30.92,30.09,30.41,6182583,39.09
2016-10-14,30.79,30.98,30.63,30.71,5138220,39.47
2016-10-17,30.79,30.85,30.49,30.58,3758170,39.3
2016-10-18,30.95,31.2,30.82,31.14,4517795,40.03
2016-10-19,31.38,31.49,31.07,31.45,5121896,40.43
2016-10-20,32.33,32.94,32.27,32.87,14694160,42.25
2016-10-21,32.69,33.58,32.62,33.49,13029689,43.05
2016-10-24,33.79,33.91,33.55,33.77,9531393,43.41
2016-10-25,33.67,33.84,33.59,33.77,8104988,43.4
2016-10-26,33.58,34.02,33.55,33.93,7065272,43.61
2016-10-27,34.04,34.14,33.69,34,8415721,43.7
2016-10-28,34.01,34.21,33.73,33.99,5787286,43.5
2016-10-31,34,34.23,33.8,33.81,6293622,43.27
2016-11-01,33.95,34.07,33.55,33.91,5001592,43.4
2016-11-02,33.73,33.8,33.39,33.5,5763543,42.87
2016-11-03,33.73,33.92,33.54,33.63,5212579,43.04
2016-11-04,33.63,33.81,33.41,33.59,6887868,42.99
2016-11-07,34.16,34.41,34.11,34.41,8107354,44.03
2016-11-08,34.29,34.58,34.15,34.31,6503190,43.91
2016-11-09,34.36,35.75,34.34,35.59,14908151,45.54
2016-11-10,35.93,37.2,35.61,36.11,16196422,46.21
2016-11-11,35.98,36.56,35.88,36.52,6944360,46.73
2016-11-14,36.71,37.41,36.69,37.14,10657974,47.53
2016-11-15,36.77,37.48,36.52,37.45,8321249,47.93
2016-11-16,37.07,37.12,36.66,36.77,6873080,47.05
2016-11-17,36.73,37.39,36.67,37.19,6723783,47.6
2016-11-18,37.14,37.25,36.85,37.07,6788401,47.44
2016-11-21,37.02,37.19,36.92,37.05,5411635,47.42
2016-11-22,37,37.16,36.65,36.92,6061660,47.25
2016-11-23,37.02,37.28,36.86,37.09,4273700,47.47
2016-11-25,37.09,37.09,36.95,37.09,2598197,47.47
2016-11-28,36.73,37.03,36.66,36.75,5066461,47.03
2016-11-29,36.8,36.96,36.6,36.77,6349181,47.05
2016-11-30,37.09,37.3,37.02,37.05,10431659,47.42
2016-12-01,37.25,38.03,37.17,37.98,7944966,48.6
2016-12-02,37.86,37.95,37.18,37.23,5005904,47.65
2016-12-05,37.67,37.91,37.31,37.4,7090307,47.86
2016-12-06,37.62,37.69,37.18,37.5,6043075,47.99
2016-12-07,37.65,37.94,37.42,37.94,10074133,48.55
2016-12-08,38.01,38.71,37.8,38.42,6457533,49.17
2016-12-09,38.27,38.3,37.77,37.99,6913503,48.62
2016-12-12,37.97,38.27,37.66,37.68,7652264,48.22
2016-12-13,37.94,38.12,37.45,37.73,5842568,48.28
2016-12-14,37.41,38.15,37.26,37.56,6576158,48.07
2016-12-15,37.72,38.16,37.43,37.78,6548420,48.35
2016-12-16,37.99,37.99,37.09,37.16,9680411,47.56
2016-12-19,37.08,37.13,36.74,36.94,6799140,47.28
2016-12-20,37.28,37.41,37.11,37.26,6144592,47.68
2016-12-21,37.3,37.31,36.97,37.16,4000602,47.55
2016-12-22,37.16,37.35,37.11,37.2,4764180,47.61
2016-12-23,37.2,37.27,36.91,37.18,3909975,47.58
2016-12-27,37.34,37.4,37.12,37.3,2440602,47.73
2016-12-28,37.82,37.91,37.23,37.23,6538446,47.65
2016-12-29,37.32,37.47,36.7,36.99,7722730,47.34
2016-12-30,37.06,37.21,36.91,37.02,4297139,47.38
2017-01-03,37.53,38.01,37.27,37.48,6697433,47.96
2017-01-04,37.7,38.09,37.57,38.06,8173330,48.71
2017-01-05,37.9,38.26,37.18,37.58,5687864,48.09
2017-01-06,37.46,37.85,37.23,37.64,4871296,48.17
2017-01-09,37.39,37.54,37.11,37.23,6011957,47.64
2017-01-10,37.31,37.62,37.2,37.29,4950906,47.72
2017-01-11,37.23,37.55,36.96,37.53,4294246,48.03
2017-01-12,37.36,37.48,36.74,37.09,4672580,47.46
2017-01-13,37.3,37.63,37.15,37.3,5151434,47.74
2017-01-17,37.02,37.08,36.24,36.28,5632429,46.43
2017-01-18,36.31,36.34,35.52,36.12,8808800,46.23
2017-01-19,36.08,36.38,34.92,35.04,13143390,44.84
2017-01-20,34.92,35.23,34.55,34.82,14137670,44.56
2017-01-23,34.7,34.98,34.26,34.28,8450125,43.87
2017-01-24,34.44,35.03,34.3,34.87,6392091,44.63
2017-01-25,35.2,35.34,34.69,35.09,7689505,44.91
2017-01-26,35.2,35.3,34.96,35.14,7122847,44.97
2017-01-27,35.18,35.28,34.9,35.14,6234816,44.78
2017-01-30,34.93,35.07,34.71,35.05,6579218,44.67
2017-01-31,34.94,35.2,34.84,35.1,6981967,44.73
2017-02-01,35.37,35.61,35.23,35.33,9524580,45.02
2017-02-02,35.04,35.38,34.92,35.16,5759228,44.8
2017-02-03,35.65,36.03,35.46,35.84,7303895,45.67
2017-02-06,35.58,36.06,35.55,35.83,4228010,45.66
2017-02-07,36,36.04,35.58,35.67,3911337,45.45
2017-02-08,35.47,35.57,35.24,35.42,4986651,45.14
2017-02-09,35.56,35.81,35.46,35.7,4854107,45.5
2017-02-10,35.74,35.87,35.64,35.75,4295807,45.56
2017-02-13,36.02,36.31,36,36.19,4551724,46.12
2017-02-14,36.2,36.77,36.18,36.74,4949729,46.82
2017-02-15,36.9,37.3,36.72,37.22,5159228,47.43
2017-02-16,37.16,37.25,36.81,36.94,3744292,47.07
2017-02-17,36.67,37,36.46,36.99,4040075,47.14
2017-02-21,37.06,37.38,37.06,37.27,4783357,47.5
2017-02-22,37.09,37.31,36.94,37.11,4385198,47.29
2017-02-23,37.13,37.19,36.89,37.15,3967341,47.34
2017-02-24,36.76,36.96,36.65,36.95,4220066,47.09
2017-02-27,36.91,37.16,36.9,36.97,3995654,47.11
2017-02-28,36.86,37.03,36.63,36.99,6949034,47.14
2017-03-01,37.65,38.28,37.57,38.06,9143613,48.5
2017-03-02,38.07,38.07,37.41,37.66,6720648,47.99
2017-03-03,37.53,37.84,37.47,37.63,6689620,47.95
2017-03-06,37.46,37.61,37.3,37.59,4506245,47.9
2017-03-07,37.6,37.66,37.34,37.41,4013588,47.67
2017-03-08,37.85,38.02,37.64,37.82,5506225,48.19
2017-03-09,37.9,38.04,37.51,37.61,4779403,47.93
2017-03-10,37.89,37.95,37.48,37.8,3942486,48.17
2017-03-13,37.88,38.08,37.77,37.94,4278829,48.35
2017-03-14,37.82,37.96,37.52,37.87,3963692,48.26
2017-03-15,38.06,38.26,37.83,37.93,4607205,48.33
2017-03-16,38.02,38.25,37.93,38.04,3986424,48.47
2017-03-17,38.17,38.18,37.53,37.6,10890949,47.91
2017-03-20,37.42,37.48,37.04,37.05,4731346,47.21
2017-03-21,37.26,37.27,36.18,36.43,8655700,46.42
2017-03-22,36.25,36.35,35.88,36.22,6295428,46.16
2017-03-23,36.19,36.63,36.04,36.32,5237238,46.28
2017-03-24,36.42,36.57,36.04,36.29,3911831,46.25
2017-03-27,35.54,36.33,35.41,36.29,5296842,46.25
2017-03-28,36.17,37.14,36.14,36.88,3443123,47
2017-03-29,36.88,36.91,36.63,36.66,3174852,46.72
2017-03-30,36.72,37.39,36.59,37.3,3302004,47.53
2017-03-31,37.13,37.36,37.04,37.06,3368957,47.23
2017-04-03,37.06,37.19,36.33,36.98,5678795,47.13
2017-04-04,36.87,37.13,36.72,36.86,4029816,46.97
2017-04-05,37.13,37.63,36.85,36.88,4485465,47
2017-04-06,36.85,37.27,36.62,37.13,3640773,47.31
2017-04-07,36.83,37.25,36.76,37,3380865,47.15
2017-04-10,37,37.2,36.76,36.93,3380352,47.06
2017-04-11,36.73,37.09,36.57,37.09,4111121,47.26
2017-04-12,36.91,37.02,36.62,36.8,4014705,46.89
2017-04-13,36.75,37.01,36.39,36.43,4064289,46.42
2017-04-17,36.62,36.98,36.33,36.92,3438446,47.05
2017-04-18,36.74,36.94,36.49,36.8,5045760,46.89
2017-04-19,37.08,37.17,36.58,36.77,4932475,46.86
2017-04-20,37.09,37.27,36.01,36.61,9054732,46.65
2017-04-21,36.67,37.08,36.59,36.69,8175507,46.75
2017-04-24,37.47,37.68,37.28,37.31,5243361,47.55
2017-04-25,37.56,37.72,37.02,37.06,6673217,47.23
2017-04-26,37.08,37.39,36.94,37,6715490,47.15
2017-04-27,37.08,37.24,36.79,37.05,4569897,47.22
2017-04-28,37.08,37.42,36.99,37.08,4546574,47.06
2017-05-01,37.23,37.5,37.02,37.17,4758470,47.18
2017-05-02,37.22,37.28,36.87,37.13,5012282,47.12
2017-05-03,36.94,37.39,36.87,37.35,3523423,47.4
2017-05-04,37.66,37.69,37.3,37.51,5297113,47.61
2017-05-05,37.57,37.64,37.35,37.54,2910009,47.65
2017-05-08,37.61,37.76,37.46,37.57,3577778,47.68
2017-05-09,37.58,37.69,36.95,37.13,5268789,47.12
2017-05-10,37.06,37.17,36.95,37.16,5213677,47.16
2017-05-11,36.95,37.16,36.7,36.98,5647585,46.93
2017-05-12,36.75,36.86,36.51,36.84,7315461,46.76
2017-05-15,36.9,37.2,36.9,37.12,4668822,47.11
2017-05-16,37.16,37.27,36.98,37.17,4357442,47.18
2017-05-17,36.57,36.87,36.29,36.47,9023063,46.29
2017-05-18,36.43,36.76,36.38,36.4,6894355,46.2
2017-05-19,36.57,36.86,36.46,36.67,6607053,46.54
2017-05-22,36.84,36.93,36.63,36.87,4044118,46.8
2017-05-23,36.87,37.2,36.72,37.05,3576209,47.03
2017-05-24,37.17,37.19,36.81,37,3506347,46.96
2017-05-25,37.14,37.44,37.06,37.33,4451572,47.38
2017-05-26,37.16,37.5,37.11,37.35,3754232,47.41
2017-05-30,37.2,37.25,36.9,37.11,5710225,47.1
2017-05-31,37.11,37.25,36.71,37.13,8338844,47.12
2017-06-01,37.2,37.39,36.96,37.36,6019576,47.42
2017-06-02,37.12,37.58,37.09,37.43,6495829,47.51
2017-06-05,37.5,37.78,37.42,37.46,4893124,47.54
2017-06-06,37.13,37.31,36.85,37.21,7518479,47.23
2017-06-07,37.28,37.82,37.2,37.74,5952599,47.9
2017-06-08,37.75,38.36,37.72,38.13,6033928,48.39
2017-06-09,38.35,38.97,38.21,38.92,5451369,49.4
2017-06-12,38.81,39.13,38.58,38.69,3969144,49.1
2017-06-13,38.88,39.2,38.81,39.06,4403049,49.57
2017-06-14,38.71,39.28,38.61,39.21,3798156,49.77
2017-06-15,39,39.33,38.96,39.22,3477767,49.78
2017-06-16,39.24,39.35,39.1,39.31,6545510,49.89
2017-06-19,39.39,39.7,39.33,39.62,3524098,50.28
2017-06-20,39.5,39.65,39.28,39.28,4082572,49.86
2017-06-21,39.39,39.39,39.03,39.07,3526868,49.59
2017-06-22,39,39.19,38.84,39.04,2816467,49.55
2017-06-23,39.17,39.17,38.61,38.74,7593874,49.17
2017-06-26,38.88,39.11,38.75,39.04,3448023,49.55
2017-06-27,39.26,39.4,39.1,39.14,3989352,49.68
2017-06-28,39.39,40,39.36,39.87,4907889,50.6
2017-06-29,40.61,40.65,39.83,40.19,5310689,51.01
2017-06-30,40.52,40.52,40.06,40.2,3968458,51.02
2017-07-03,40.43,41.02,40.39,40.84,2874155,51.83
2017-07-05,40.99,41.24,40.67,41.18,4709361,52.27
2017-07-06,41.13,41.15,40.34,40.36,5671380,51.23
2017-07-07,40.51,40.85,40.36,40.77,3442639,51.75
2017-07-10,40.71,41.03,40.66,40.88,2568977,51.88
2017-07-11,40.88,40.93,40.54,40.55,3467746,51.47
2017-07-12,40.35,40.54,40.29,40.54,3444274,51.45
2017-07-13,40.62,41.03,40.52,41.02,3084920,52.06
2017-07-14,40.73,41.36,40.66,41.25,4254468,52.36
2017-07-17,41.66,42.18,41.27,42.03,7211239,53.35
2017-07-18,41.69,42.18,41.62,42.18,6673292,53.53
2017-07-19,41.99,42.25,41.46,41.81,9725325,53.06
2017-07-20,42.2,43.01,41.96,42.48,7721868,53.91
2017-07-21,42.35,42.57,41.93,42.04,6348339,53.36
2017-07-24,42.07,42.22,41.99,42.13,4346119,53.47
2017-07-25,42.7,42.87,42.29,42.33,3945363,53.73
2017-07-26,42.33,42.6,41.94,42.07,3721863,53.39
2017-07-27,42.06,42.13,41.27,41.65,3849657,52.86
2017-07-28,41.73,41.92,41.43,41.68,2465837,52.66
2017-07-31,41.87,42.09,41.84,41.97,4343517,53.03
2017-08-01,42.23,42.61,42.08,42.51,6203295,53.71
2017-08-02,42.49,42.68,42.39,42.67,4852101,53.91
2017-08-03,42.6,42.7,42.48,42.6,3037806,53.82
2017-08-04,42.69,42.97,42.64,42.76,3505144,54.02
2017-08-07,42.76,42.76,42.42,42.51,3339762,53.71
2017-08-08,42.43,42.81,42.4,42.57,3177990,53.79
2017-08-09,42.41,42.82,42.33,42.77,4582065,54.04
2017-08-10,42.38,42.5,41.09,41.12,8706099,51.95
2017-08-11,41.2,41.7,41.19,41.31,6470000,52.19
2017-08-14,41.71,42.06,41.68,41.81,5391187,52.83
2017-08-15,42.19,42.38,41.91,42.07,4050589,53.15
2017-08-16,42.25,42.29,41.69,41.85,4470280,52.88
2017-08-17,41.7,41.78,40.98,41,5532858,51.8
2017-08-18,40.81,41.53,40.69,41.24,5928859,52.1
2017-08-21,41.19,41.45,41.07,41.31,4230832,52.19
2017-08-22,41.38,41.78,41.38,41.68,4416945,52.66
2017-08-23,41.36,42.03,41.36,41.77,3916992,52.77
2017-08-24,41.83,41.92,41.58,41.78,3610055,52.79
2017-08-25,41.86,42.13,41.63,41.67,2914865,52.65
2017-08-28,41.77,41.79,41.22,41.37,2416464,52.27
2017-08-29,40.98,41.33,40.79,41.23,3495447,52.09
2017-08-30,41.24,41.57,41.19,41.44,2683909,52.36
2017-08-31,41.56,41.64,41.18,41.38,3630619,52.28
2017-09-01,41.51,41.7,41.34,41.42,3143443,52.33
2017-09-05,41.14,41.16,40.33,40.52,5470619,51.2
2017-09-06,40.75,40.75,40.33,40.58,3267689,51.27
2017-09-07,40.57,40.65,39.69,39.8,5506723,50.28
2017-09-08,39.84,40.31,39.69,39.91,5265166,50.43
2017-09-11,40.3,40.81,40.29,40.79,5001839,51.53
2017-09-12,40.92,41.19,40.84,41.15,4126789,51.99
2017-09-13,40.99,41.15,40.33,40.83,4746101,51.59
2017-09-14,40.8,40.86,40.37,40.47,3359539,51.13
2017-09-15,40.44,40.9,40.36,40.81,7328830,51.56
2017-09-18,40.9,41.1,40.79,40.92,3494085,51.7
2017-09-19,40.94,41.26,40.85,41.19,3467550,52.04
2017-09-20,41.28,41.58,40.81,41.47,3846176,52.4
2017-09-21,41.51,41.68,41.19,41.49,3549651,52.42
2017-09-22,41.32,41.52,41.08,41.45,3981919,52.37
2017-09-25,41.45,41.53,40.95,41.32,3269953,52.2
2017-09-26,41.45,41.47,41.2,41.25,2380187,52.12
2017-09-27,41.92,41.92,41.53,41.76,3825327,52.76
2017-09-28,41.75,41.96,41.58,41.96,2927264,53.01
2017-09-29,41.96,42.2,41.79,41.96,3304629,53.02
2017-10-02,41.88,42.48,41.84,42.46,2625698,53.65
2017-10-03,42.71,42.71,42.3,42.58,2138453,53.8
2017-10-04,42.46,42.8,42.42,42.58,2167846,53.8
2017-10-05,42.58,43.19,42.53,43.08,2849237,54.43
2017-10-06,43.23,43.38,42.77,43.11,2911896,54.47
2017-10-09,43.15,43.25,42.86,43,2081478,54.33
2017-10-10,43.03,43.32,42.96,43.26,3602942,54.66
2017-10-11,43.31,43.48,43.02,43.44,2861622,54.88
2017-10-12,43.49,43.76,43.26,43.33,3678901,54.74
2017-10-13,43.19,43.61,43,43.27,3641915,54.67
2017-10-16,43.36,43.5,43.11,43.3,2688657,54.71
2017-10-17,43.34,43.34,42.55,42.71,3841734,53.96
2017-10-18,42.92,43.25,42.82,43.1,3740465,54.46
2017-10-19,42.75,42.85,41.35,41.83,8735226,52.85
2017-10-20,42.34,42.61,41.89,42.04,7429106,53.12
2017-10-23,42.02,42.04,41.39,41.56,5681518,52.51
2017-10-24,41.74,41.99,41.72,41.85,4783116,52.88
2017-10-25,41.96,42.04,40.66,40.96,8777718,51.75
2017-10-26,41.19,41.62,41.02,41.33,5197674,52.22
2017-10-27,41.21,41.39,40.88,41.27,5551291,52.14
2017-10-30,41.15,41.39,41.03,41.07,4032084,51.65
2017-10-31,41.07,41.27,40.86,40.91,4412594,51.45
2017-11-01,41.09,41.41,41,41.07,3807252,51.65
2017-11-02,40.89,41.24,40.67,40.87,6274586,51.4
2017-11-03,40.79,40.95,40.59,40.81,5857384,51.33
2017-11-06,40.76,40.93,40.71,40.83,4110815,51.35
2017-11-07,40.93,41.12,40.53,40.61,4422438,51.07
2017-11-08,40.61,40.89,40.46,40.73,3674365,51.22
2017-11-09,40.43,40.74,40.23,40.41,4616607,50.82
2017-11-10,40.46,40.56,40.18,40.5,3837111,50.93
2017-11-13,40.23,40.61,40.21,40.57,3253850,51.02
2017-11-14,40.29,41.33,40.27,41.23,7218387,51.85
2017-11-15,40.85,41.48,40.71,41.3,5520336,51.94
2017-11-16,41.44,41.91,41.43,41.53,5534319,52.23
2017-11-17,41.35,41.98,41.28,41.72,4573839,52.47
2017-11-20,41.75,41.96,41.64,41.76,4783508,52.52
2017-11-21,41.86,41.86,41.37,41.68,5253447,52.42
2017-11-22,41.72,41.82,41.59,41.69,5243425,52.43
2017-11-24,41.75,41.78,41.5,41.53,1454836,52.23
2017-11-27,41.64,41.8,41.38,41.49,5229952,52.18
2017-11-28,41.59,42.36,41.47,42.25,4777485,53.13
2017-11-29,42.51,43.46,42.49,43.26,7417105,54.41
2017-11-30,43.51,43.96,43.28,43.53,8641000,54.74
2017-12-01,43.67,43.86,42.68,43.3,6166057,54.45
2017-12-04,43.9,44.05,43.6,43.71,6354608,54.97
2017-12-05,43.89,43.89,43.21,43.28,4531562,54.43
2017-12-06,43.21,43.24,42.79,42.95,4164071,54.02
2017-12-07,42.78,43.26,42.75,43.11,4793908,54.22
2017-12-08,43.43,43.53,43.16,43.47,4791336,54.67
2017-12-11,43.42,43.61,43.23,43.37,4493398,54.54
2017-12-12,43.47,43.92,43.39,43.71,5380718,54.97
2017-12-13,43.69,43.89,43.22,43.24,4702130,54.38
2017-12-14,43.4,43.45,42.91,42.95,4095771,54.02
2017-12-15,42.99,43.44,42.87,43.1,11648911,54.2
2017-12-18,43.47,43.73,43.22,43.27,4419216,54.42
2017-12-19,43.52,43.73,43.07,43.1,4580875,54.2
2017-12-20,43.47,43.57,42.79,42.9,4100095,53.95
2017-12-21,43.1,43.49,43.07,43.22,3969717,54.36
2017-12-22,43.36,43.43,42.79,42.94,2903092,54
2017-12-26,43.02,43.24,42.71,42.79,2293041,53.81
2017-12-27,42.86,42.89,42.71,42.81,2465182,53.84
2017-12-28,42.95,43.14,42.81,43.03,4362988,54.12
2017-12-29,43.25,43.27,42.82,42.83,2971667,53.86
2018-01-02,43.15,43.26,42.68,42.79,4194544,53.82
2018-01-03,42.87,43.14,42.67,43.06,2726779,54.15
2018-01-04,43.18,43.77,43.14,43.49,3206997,54.69
2018-01-05,43.61,43.67,43.28,43.6,2900475,54.83
2018-01-08,43.61,43.94,43.53,43.78,4441094,55.06
2018-01-09,43.83,44.35,43.8,44.18,4379149,55.56
2018-01-10,44.49,45.63,44.33,45.56,5380474,57.3
2018-01-11,45.78,46.01,45.51,45.98,3740679,57.83
2018-01-12,46.25,46.66,46.09,46.45,3967007,58.42
2018-01-16,46.66,46.91,45.61,45.75,6668817,57.54
2018-01-17,45.96,46.27,45.41,46.03,4593183,57.89
2018-01-18,44.06,44.4,43.47,44.01,11789065,55.35
2018-01-19,44.18,45.32,44.09,45.01,9601939,56.61
2018-01-22,45.01,45.97,44.9,45.9,5903419,57.72
2018-01-23,45.7,46.09,45.47,45.9,4302260,57.72
2018-01-24,46.01,46.38,45.62,45.94,4411336,57.77
2018-01-25,45.92,46.03,45.09,45.2,4869492,56.85
2018-01-26,45.21,45.94,45.06,45.94,5856804,57.78
2018-01-29,45.82,46.26,45.72,45.93,4466598,57.52
2018-01-30,45.64,46,45.27,45.27,4726437,56.7
2018-01-31,45.26,45.64,45.02,45.27,4106146,56.7
2018-02-01,45.17,45.95,45.02,45.91,3662796,57.5
2018-02-02,45.61,46.13,44.89,44.98,4800544,56.33
2018-02-05,44.51,45.29,43.33,43.42,7944512,54.38
2018-02-06,42.57,44.43,42.06,44.31,11249444,55.49
2018-02-07,44.09,44.88,44.08,44.19,6759189,55.34
2018-02-08,44.15,44.43,42.51,42.55,7743254,53.29
2018-02-09,43.1,43.48,41.61,43.18,6790417,54.08
2018-02-12,43.52,44.05,43.04,43.6,5441606,54.61
2018-02-13,43.4,43.92,43.21,43.76,3406474,54.81
2018-02-14,43.54,44.76,43.54,44.7,4495909,55.98
2018-02-15,45.11,45.26,44.45,44.84,3614423,56.16
2018-02-16,44.7,45.19,44.63,44.91,3574771,56.25
2018-02-20,44.87,45.37,44.75,45.05,3176629,56.42
2018-02-21,45.09,45.8,44.95,45.07,4186896,56.45
2018-02-22,45.3,45.84,44.55,44.63,4527014,55.9
2018-02-23,44.87,45.46,44.83,45.43,3600595,56.9
2018-02-26,45.69,46.49,45.42,46.45,4322125,58.18
2018-02-27,46.47,46.85,46.29,46.3,4956027,57.99
2018-02-28,46.5,46.55,45.5,45.54,6264425,57.03
2018-03-01,45.54,45.66,44.01,44.32,7344315,55.51
2018-03-02,44.07,44.29,43.2,44.21,5684966,55.37
2018-03-05,43.9,45.26,43.76,45.04,4743422,56.41
2018-03-06,45.38,45.64,44.95,45.41,7273098,56.87
2018-03-07,45.03,45.59,44.77,45.43,5844557,56.9
2018-03-08,45.83,45.96,44.03,44.47,8617123,55.69
2018-03-09,44.67,45.87,44.5,45.7,7301381,57.23
2018-03-12,45.72,45.84,44.96,45.07,5213523,56.44
2018-03-13,45.26,45.38,44.57,44.68,5520103,55.96
2018-03-14,44.91,44.92,43.55,43.81,6320606,54.87
2018-03-15,43.92,43.99,43.52,43.8,5183614,54.85
2018-03-16,43.92,44.31,43.81,43.92,13488912,55
2018-03-19,43.93,44.12,42.93,43.39,6023142,54.34
2018-03-20,43.49,43.73,43.27,43.46,4366916,54.43
2018-03-21,43.52,44.21,43.13,43.6,5553539,54.61
2018-03-22,43.12,43.16,41.4,41.54,7222235,52.02
2018-03-23,41.62,41.85,40.41,40.51,8350664,50.73
2018-03-26,41.11,41.75,40.61,41.63,5218184,52.14
2018-03-27,41.62,41.74,40.03,40.5,6871601,50.72
2018-03-28,40.57,41.02,40.01,40.41,6962875,50.61
2018-03-29,40.65,41.52,40.61,41.14,4566239,51.53
2018-04-02,40.93,41.18,39.44,40.04,7729801,50.15
2018-04-03,40.34,40.79,39.88,40.71,4883265,50.99
2018-04-04,39.97,41.19,39.84,41.1,4138843,51.48
2018-04-05,41.33,41.63,41.11,41.3,3152203,51.73
2018-04-06,40.87,41.15,39.78,40.2,5694507,50.35
2018-04-09,40.52,41.32,40.29,40.34,5134180,50.52
2018-04-10,41.03,41.34,40.73,41.02,5083062,51.38
2018-04-11,40.61,41.01,40.44,40.68,4047501,50.95
2018-04-12,41.02,41.73,40.99,41.53,4089544,52.01
2018-04-13,41.86,41.95,40.92,41.18,4594874,51.57
2018-04-16,41.44,41.75,41.33,41.51,3642096,51.99
2018-04-17,41.86,42.18,41.63,41.67,5039282,52.19
2018-04-18,41.87,42.33,41.58,41.73,4463657,52.26
2018-04-19,42.89,44.12,42.72,44.11,8286232,55.24
2018-04-20,44.25,44.65,43.5,44.25,7469467,55.42
2018-04-23,44.19,44.98,44.19,44.5,6816966,55.73
2018-04-24,44.75,45.21,43.89,44.23,5141851,55.39
2018-04-25,44.08,44.82,43.72,44.23,5584833,55.4
2018-04-26,44.23,44.55,43.92,44.27,4854746,55.44
2018-04-27,44.25,44.43,43.87,44.17,3219187,55.32
2018-04-30,44.27,44.54,43.71,43.71,4412074,54.51
2018-05-01,43.62,43.71,42.87,43.46,4591548,54.19
2018-05-02,43.3,43.66,42.8,43.3,4965240,53.99
2018-05-03,42.99,43.48,42.23,43.18,4238125,53.85
2018-05-04,42.78,43.99,42.66,43.7,2876617,54.49
2018-05-07,43.78,44.64,43.63,44.58,5146404,55.59
2018-05-08,44.54,45.25,44.51,44.97,6078094,56.08
2018-05-09,45.06,45.6,44.86,45.6,5122398,56.86
2018-05-10,45.59,45.97,45.42,45.93,4302226,57.27
2018-05-11,45.9,46.13,45.73,45.86,3513977,57.18
2018-05-14,46.05,46.21,45.77,45.95,2982717,57.3
2018-05-15,45.77,45.99,45.34,45.62,4884770,56.89
2018-05-16,45.55,45.92,45.39,45.76,3560271,57.06
2018-05-17,45.72,46.3,45.45,45.94,3735543,57.28
2018-05-18,45.82,45.9,45.55,45.68,4232781,56.96
2018-05-21,46.03,46.37,45.85,46.29,4317524,57.72
2018-05-22,46.31,46.58,46.16,46.18,4175886,57.59
2018-05-23,45.81,46.08,45.33,46.07,3538044,57.45
2018-05-24,45.98,46.22,45.41,45.9,4445079,57.24
2018-05-25,45.72,45.89,45.4,45.71,3806462,57
2018-05-29,45.13,45.3,43.93,44.26,9519225,55.19
2018-05-30,44.76,45.05,44.07,44.43,7737603,55.4
2018-05-31,44.25,44.32,43.61,43.91,8142846,54.75
2018-06-01,44.47,44.91,44.27,44.39,5489610,55.35
2018-06-04,44.57,44.81,44.29,44.72,5229996,55.77
2018-06-05,44.45,44.85,44.24,44.58,5408651,55.59
2018-06-06,44.75,45.37,44.74,45.37,4533742,56.57
2018-06-07,46.29,46.69,45.89,46.23,8613436,57.65
2018-06-08,46.06,46.42,45.63,46.16,4070855,57.56
2018-06-11,46.22,46.52,46.04,46.27,3835749,57.7
2018-06-12,46.38,46.46,45.96,46.25,3641349,57.67
2018-06-13,46.25,46.46,45.75,45.97,3967184,57.32
2018-06-14,45.97,46.03,45.36,45.55,3960407,56.8
2018-06-15,45.43,45.78,44.98,45.65,7993682,56.93
2018-06-18,45.24,45.92,45.14,45.9,4574413,57.24
2018-06-19,45.39,46.1,45.32,45.98,5087979,57.34
2018-06-20,46.27,46.41,46.01,46.01,4100563,57.37
2018-06-21,45.88,46.14,45.37,45.83,4617036,57.15
2018-06-22,46.16,46.29,45.46,45.51,7738855,56.75
2018-06-25,45.44,45.5,44.27,44.64,5053616,55.67
2018-06-26,44.54,44.59,43.97,44.25,3991966,55.18
2018-06-27,44.26,44.56,43.41,43.47,4629081,54.2
2018-06-28,43.6,43.77,43.05,43.55,4301425,54.3
2018-06-29,43.99,44.21,43.22,43.25,8433481,53.93
2018-07-02,42.88,43.38,42.73,43.38,4606128,54.09
2018-07-03,43.56,43.82,42.55,42.66,2865403,53.19
2018-07-05,42.92,43.06,42.54,42.66,3211829,53.2
2018-07-06,42.53,42.94,42.38,42.66,3794050,53.2
2018-07-09,42.89,43.43,42.89,43.39,3057810,54.11
2018-07-10,43.47,43.63,43.16,43.33,3494586,54.03
2018-07-11,43.06,43.22,42.7,42.82,4367373,53.39
2018-07-12,42.9,43.05,42.48,42.9,3525227,53.5
2018-07-13,42.78,43.02,42.29,42.53,4626652,53.03
2018-07-16,42.6,43.13,42.46,43.06,4861166,53.7
2018-07-17,42.88,43.43,42.88,43.34,5023685,54.05
2018-07-18,43.5,44.66,43.5,44.62,7945546,55.64
2018-07-19,43.59,43.71,41.78,42.29,18264268,52.73
2018-07-20,42.27,42.53,42.01,42.07,14566564,52.46
2018-07-23,42.07,42.79,41.96,42.7,8796109,53.25
2018-07-24,42.94,43.68,42.85,43.46,5573483,54.19
2018-07-25,43.51,43.51,42.73,42.74,11423213,53.3
2018-07-26,42.78,43.14,42.71,42.82,7392625,53.4
2018-07-27,42.87,43.15,42.75,42.83,4041770,53.41
2018-07-30,42.9,43.36,42.87,43.1,4614861,53.46
2018-07-31,43.37,43.38,42.9,43.11,4548894,53.47
2018-08-01,43.21,43.65,42.69,42.95,7449761,53.28
2018-08-02,42.68,42.73,42.18,42.43,5759684,52.63
2018-08-03,42.44,42.65,42.3,42.54,5139221,52.77
2018-08-06,42.55,43.05,42.44,42.75,4490750,53.03
2018-08-07,42.85,43.17,42.67,42.68,5258468,52.94
2018-08-08,42.76,42.98,42.63,42.84,3743608,53.14
2018-08-09,42.8,42.87,42.14,42.15,5039487,52.29
2018-08-10,41.62,41.65,40.76,41.13,14205914,51.02
2018-08-13,41.2,41.2,40.41,40.42,9332284,50.14
2018-08-14,40.56,41.23,40.56,41.09,5434993,50.97
2018-08-15,40.78,41.26,40.77,41.08,5125862,50.96
2018-08-16,41.21,41.73,41.2,41.53,5137408,51.52
2018-08-17,41.44,41.71,41.35,41.67,4226772,51.69
2018-08-20,41.72,41.9,41.71,41.87,3970618,51.94
2018-08-21,41.71,42.57,41.63,42.36,4735310,52.54
2018-08-22,42.28,42.52,42.07,42.32,3250554,52.5
2018-08-23,42.27,42.29,42.06,42.19,3679006,52.33
2018-08-24,42.36,42.5,42.24,42.37,3187274,52.56
2018-08-27,42.6,43.08,42.53,42.71,4076052,52.98
2018-08-28,42.77,42.83,42.58,42.64,3843370,52.89
2018-08-29,42.65,42.65,42.16,42.32,4529401,52.5
2018-08-30,42.21,42.34,42.02,42.11,4715424,52.23
2018-08-31,41.94,42.07,41.68,42.04,4443328,52.15
2018-09-04,42.04,42.48,41.84,42.24,4235113,52.4
2018-09-05,42.25,42.63,42.03,42.12,4790543,52.25
2018-09-06,42.1,42.2,41.79,42.07,4199943,52.19
2018-09-07,42.16,42.29,41.81,42.07,3844464,52.18
2018-09-10,42.11,42.28,41.87,41.94,4297771,52.03
2018-09-11,41.82,42.32,41.67,42.11,4012922,52.24
2018-09-12,42.08,42.15,41.84,41.93,4366882,52.01
2018-09-13,41.95,41.99,41.1,41.29,7206072,51.22
2018-09-14,41.45,41.72,41.41,41.64,4155226,51.65
2018-09-17,41.66,41.67,41.09,41.29,5218940,51.22
2018-09-18,41.44,41.57,41.2,41.48,3912881,51.45
2018-09-19,41.54,42.61,41.49,42.27,5312294,52.43
2018-09-20,42.53,43.03,42.48,42.99,5122674,53.33
2018-09-21,43.05,43.14,42.75,43.04,33661818,53.39
2018-09-24,43.02,43.02,42.1,42.22,3986585,52.37
2018-09-25,42.32,42.44,42.09,42.17,6026168,52.31
2018-09-26,42.32,42.44,41.75,41.86,5689440,51.92
2018-09-27,41.86,41.98,41.37,41.55,4438367,51.54
2018-09-28,41.26,41.53,41.03,41.11,6017229,50.99
2018-10-01,41.24,41.86,41.06,41.84,4910062,51.9
2018-10-02,41.76,41.97,41.3,41.72,3589664,51.75
2018-10-03,41.98,42.34,41.84,42.07,4133314,52.18
2018-10-04,42.13,42.66,41.99,42.47,5152879,52.68
2018-10-05,42.59,42.84,42.26,42.4,4824290,52.59
2018-10-08,42.25,42.61,42.16,42.55,4373644,52.78
2018-10-09,42.28,42.34,41.89,42.11,4022087,52.23
2018-10-10,42.23,42.31,40.87,40.89,6693937,50.72
2018-10-11,40.65,41.06,39.61,39.66,8659042,49.19
2018-10-12,40.72,40.72,38.9,39.58,6421377,49.1
2018-10-15,39.47,39.62,39.06,39.06,6945121,48.45
2018-10-16,39.29,39.79,38.96,39.78,5020115,49.35
2018-10-17,39.16,39.86,38.79,39.62,8205447,49.15
2018-10-18,38.34,38.95,37.93,38.53,8466203,47.79
2018-10-19,37.96,38.39,37.38,38.21,10207941,47.4
2018-10-22,38.24,38.41,37.45,37.46,7630659,46.47
2018-10-23,36.73,37.56,36.41,37.31,10181027,46.28
2018-10-24,37.29,37.39,36.44,36.54,7841954,45.33
2018-10-25,36.89,37.63,36.75,37.2,7116742,46.15
2018-10-26,36.85,37.11,36.52,36.66,9885824,45.47
2018-10-29,37.17,37.61,36.64,37.13,6536922,45.77
2018-10-30,37.39,38.1,37.25,38.06,7994575,46.92
2018-10-31,38.3,38.84,38.21,38.39,7188088,47.33
2018-11-01,38.62,38.79,38.3,38.55,4380918,47.52
2018-11-02,38.94,39.17,38.04,38.29,6480849,47.21
2018-11-05,38.42,39.03,38.42,38.91,5916396,47.97
2018-11-06,38.9,39.23,38.68,39.2,3927264,48.32
2018-11-07,39.34,39.64,38.73,39.56,5170528,48.77
2018-11-08,39.37,39.94,39.29,39.77,6154552,49.03
2018-11-09,39.6,39.67,39.11,39.34,4836251,48.5
2018-11-12,39.2,39.33,38.84,38.92,5192543,47.98
2018-11-13,39.07,39.54,38.98,39.1,5155342,48.2
2018-11-14,39.39,39.76,38.62,39.12,7247069,48.23
2018-11-15,38.73,39.94,38.49,39.93,7481632,49.22
2018-11-16,39.75,40.24,39.67,40.06,4929976,49.39
2018-11-19,40.02,40.82,39.9,40.66,7010245,50.12
2018-11-20,40.38,40.47,39.72,40.06,7798628,49.38
2018-11-21,40.25,40.94,40.11,40.53,5520902,49.96
2018-11-23,40.23,40.75,40.01,40.44,2359171,49.86
2018-11-26,40.94,41.7,40.87,41.31,6236265,50.93
2018-11-27,41.09,41.68,41,41.67,3916191,51.37
2018-11-28,41.81,41.91,40.83,41.86,7384482,51.61
2018-11-29,41.32,41.73,41,41.11,5360771,50.68
2018-11-30,41.04,41.69,41.04,41.62,6352528,51.31
2018-12-03,42.02,42.16,40.83,41.08,7021978,50.64
2018-12-04,40.99,41.2,39.28,39.5,9963752,48.7
2018-12-06,38.77,38.94,37.86,38.81,12219290,47.84
2018-12-07,38.77,39.41,38.44,38.7,6964257,47.71
2018-12-10,38.49,38.69,37.78,38.58,6692760,47.56
2018-12-11,39.25,39.75,38.6,38.67,9611597,47.67
2018-12-12,39.1,39.71,38.64,38.98,9066528,48.06
2018-12-13,39.07,39.5,38.71,39.01,7697480,48.09
2018-12-14,38.6,39.75,38.6,39.48,10874789,48.67
2018-12-17,39.25,40.47,39.05,39.73,10555381,48.98
2018-12-18,39.91,40.11,37.87,37.91,13831947,46.73
2018-12-19,37.81,38.29,36.72,36.91,14076555,45.5
2018-12-20,36.6,37.64,36.48,36.51,14006372,45.01
2018-12-21,36.16,37.22,35.79,36.21,19672906,44.64
2018-12-24,35.9,36.92,35.87,36.09,7589999,44.49
2018-12-26,36.22,37.44,35.42,37.44,7998416,46.16
2018-12-27,36.83,37.98,36.83,37.98,8378546,46.82
2018-12-28,38.21,38.34,37.6,37.84,5046152,46.65
2018-12-31,38.04,38.57,37.83,38.18,4407053,47.07
2019-01-02,37.76,38.57,37.65,38.53,4751754,47.5
2019-01-03,38.4,38.43,37.71,37.77,4794810,46.56
2019-01-04,38.43,38.91,38.05,38.86,5595801,47.91
2019-01-07,38.65,39.2,38.34,38.77,4572293,47.8
2019-01-08,39,39.11,38.14,38.63,5020547,47.62
2019-01-09,38.69,38.92,38.44,38.74,5635912,47.76
2019-01-10,38.46,38.87,38.3,38.51,4894513,47.47
2019-01-11,38.21,39.17,38.01,39,4127013,48.08
2019-01-14,38.64,39.66,38.64,39.28,5222845,48.42
2019-01-15,39.13,40.14,39.05,40.08,6565798,49.41
2019-01-16,40.63,41.16,39.55,40.91,8250809,50.43
2019-01-17,40.47,41.84,40.39,41.8,8113351,51.53
2019-01-18,42.02,43.02,41.77,42.72,9548479,52.66
2019-01-22,42.4,42.99,42.35,42.66,7540658,52.59
2019-01-23,43.08,43.14,42.32,43.04,6516526,53.06
2019-01-24,42.86,43.61,42.81,43.57,6286626,53.71
2019-01-25,43.85,43.94,43.52,43.54,8553474,53.4
2019-01-28,43.23,43.6,43.09,43.58,5656837,53.44
2019-01-29,43.5,43.79,42.84,42.9,4557654,52.61
2019-01-30,42.83,43.4,42.37,42.83,5271031,52.53
2019-01-31,42.59,42.71,42.2,42.66,4703147,52.32
2019-02-01,42.69,43,42.59,42.91,5028055,52.62
2019-02-04,42.97,42.97,42.61,42.71,4947383,52.38
2019-02-05,42.81,43.01,42.58,42.91,3830837,52.62
2019-02-06,42.74,42.96,42.48,42.66,3732260,52.32
2019-02-07,42.65,42.89,42.12,42.49,4136764,52.11
2019-02-08,42.22,42.43,41.74,42.26,4239264,51.83
2019-02-11,42.4,42.49,42.17,42.41,3766135,52.01
2019-02-12,42.83,43.27,42.83,43.09,4884844,52.84
2019-02-13,43.18,43.31,42.74,42.75,4430551,52.43
2019-02-14,42.47,42.51,41.57,42.21,3734959,51.77
2019-02-15,42.5,43.21,42.47,43.21,4697909,52.99
2019-02-19,42.95,43.35,42.7,43.21,4066019,52.99
2019-02-20,43.22,43.53,42.89,43.48,4970235,53.32
2019-02-21,43.36,43.5,43.06,43.18,3139216,52.95
2019-02-22,43.34,43.49,43.08,43.4,3152794,53.22
2019-02-25,43.51,43.76,43.14,43.16,4712121,52.93
2019-02-26,43.11,43.53,42.94,43.25,3750974,53.04
2019-02-27,43.25,43.31,42.96,43.01,3816934,52.75
2019-02-28,43.05,43.22,42.7,42.79,5351791,52.48
2019-03-01,43.04,43.46,42.73,42.96,4552182,52.69
2019-03-04,43.09,43.55,42.08,42.33,4254929,51.91
2019-03-05,42.25,43.08,42.07,42.93,5479838,52.65
2019-03-06,42.93,43.05,42.45,42.45,4001200,52.06
2019-03-07,42.26,42.28,41.68,41.77,4567237,51.23
2019-03-08,41.45,42.01,41.3,41.98,3443688,51.48
2019-03-11,42.21,42.4,41.98,42.26,3882623,51.83
2019-03-12,42.37,42.52,42.28,42.33,4202953,51.91
2019-03-13,42.55,42.89,42.27,42.76,4636585,52.44
2019-03-14,42.7,43.13,42.61,43.02,4587530,52.76
2019-03-15,42.85,43.39,42.76,43.31,13710785,53.12
2019-03-18,43.61,44.17,43.45,44.02,3788055,53.98
2019-03-19,44.18,44.25,43.29,43.31,5186610,53.12
2019-03-20,43.2,43.22,42.33,42.39,4436420,51.98
2019-03-21,42.08,42.44,41.59,42.31,5102713,51.89
2019-03-22,41.98,42.06,40.66,41.18,5968032,50.5
2019-03-25,41.17,41.6,40.79,41,2931441,50.28
2019-03-26,41.31,41.58,40.98,41.46,4016576,50.84
2019-03-27,41.39,41.48,40.68,40.85,7945205,50.1
2019-03-28,40.99,41.26,40.8,41.09,4050912,50.39
2019-03-29,41.36,41.55,41.03,41.12,5550717,50.43
2019-04-01,41.45,42.03,41.4,41.96,3763538,51.46
2019-04-02,42.03,42.34,41.85,41.87,3500985,51.35
2019-04-03,42.23,42.49,41.68,41.78,5367348,51.24
2019-04-04,41.92,42.15,41.72,41.95,6276429,51.45
2019-04-05,42.05,42.21,41.6,41.73,4627557,51.18
2019-04-08,41.49,41.86,41.49,41.79,7450293,51.25
2019-04-09,41.64,41.84,41.24,41.58,4097655,50.99
2019-04-10,41.58,41.85,41.33,41.82,2958686,51.29
2019-04-11,42.03,42.4,41.85,42.15,4202389,51.69
2019-04-12,42.81,43.16,42.64,43.06,5122607,52.81
2019-04-15,43.05,43.33,42.74,42.89,4972268,52.6
2019-04-16,43,43.71,43,43.58,5797869,53.44
2019-04-17,40.53,40.77,39.21,39.43,14004770,48.35
2019-04-18,39.44,39.72,39.05,39.47,8936455,48.41
2019-04-22,39.34,39.61,39.05,39.29,8345803,48.19
2019-04-23,39.2,39.77,38.63,39.52,8742596,48.47
2019-04-24,39.32,39.51,38.95,39.26,8019789,48.15
2019-04-25,39.16,39.92,38.94,39.59,7141906,48.55
2019-04-26,39.52,39.74,38.97,39.72,5698982,48.43
2019-04-29,39.6,40.96,39.59,40.5,6415713,49.38
2019-04-30,40.59,40.83,40.17,40.73,6936902,49.66
2019-05-01,40.76,41.23,40.47,40.54,6659362,49.43
2019-05-02,40.64,41.34,40.46,40.87,5870709,49.83
2019-05-03,40.95,41.24,40.84,40.98,4604251,49.97
2019-05-06,40.24,40.6,39.81,40.46,3578468,49.33
2019-05-07,39.97,40.13,39.24,39.48,4657531,48.14
2019-05-08,39.24,39.84,39.24,39.41,4393137,48.05
2019-05-09,38.98,39.26,38.7,39.19,3520855,47.78
2019-05-10,39.1,39.57,38.69,39.45,4361277,48.1
2019-05-13,38.75,39.21,38.49,38.67,5352374,47.15
2019-05-14,38.67,38.84,38.33,38.55,4288769,47.01
2019-05-15,38.18,38.35,37.83,38.14,3560253,46.51
2019-05-16,38.19,38.51,38.1,38.17,3398494,46.54
2019-05-17,37.83,38.36,37.74,37.79,4116269,46.08
2019-05-20,37.8,37.98,37.53,37.7,3509580,45.97
2019-05-21,37.84,38.05,37.81,37.9,3911692,46.21
2019-05-22,37.79,37.9,37.63,37.86,3420270,46.16
2019-05-23,37.63,37.67,36.91,37.1,6721968,45.24
2019-05-24,37.22,37.22,36.89,37.04,4626339,45.16
2019-05-28,36.94,37.02,36.35,36.36,12690339,44.33
2019-05-29,35.96,36.21,35.51,36.14,6416173,44.06
2019-05-30,36.11,36.2,35.19,35.47,5512619,43.25
2019-05-31,34.92,35.3,34.8,35.01,7515479,42.69
2019-06-03,35.01,35.48,34.86,35.31,7879120,43.05
2019-06-04,35.8,36.36,35.61,36.32,4670933,44.29
2019-06-05,36.25,36.39,35.62,35.77,3908039,43.61
2019-06-06,35.77,36.07,35.39,35.94,4043342,43.82
2019-06-07,35.91,36.69,35.88,36.41,5085044,44.4
2019-06-10,36.78,37.19,36.53,36.82,5352535,44.9
2019-06-11,37.02,37.19,36.21,36.5,5704531,44.5
2019-06-12,36.5,36.63,36.08,36.17,4533611,44.1
2019-06-13,36.29,36.69,36.18,36.52,2948063,44.53
2019-06-14,36.54,36.66,36.12,36.49,3151173,44.49
2019-06-17,36.5,36.55,36,36.05,2867011,43.95
2019-06-18,35.73,36.26,35.41,35.46,11262581,43.24
2019-06-19,35.68,35.68,34.8,35.01,14841598,42.69
2019-06-20,35,35.42,34.55,35.36,11706033,43.12
2019-06-21,35.36,36.14,35.35,35.6,11088872,43.41
2019-06-24,35.53,36.1,35.24,35.33,4482229,43.08
2019-06-25,35.33,35.7,34.99,35.62,6846055,43.43
2019-06-26,35.66,35.74,35.18,35.36,6133979,43.12
2019-06-27,35.48,35.9,35.39,35.59,3225320,43.39
2019-06-28,36.15,36.55,35.9,36.21,10107122,44.15
2019-07-01,36.82,36.89,36.26,36.47,4384385,44.47
2019-07-02,36.47,36.69,36.13,36.27,5740178,44.23
2019-07-03,36.34,36.62,36.05,36.61,3247055,44.64
2019-07-05,36.79,37,36.22,36.52,3833625,44.53
2019-07-08,35.96,36.09,35.12,35.29,6824514,43.03
2019-07-09,34.96,35.61,34.82,35.59,4445460,43.4
2019-07-10,35.64,35.66,35.2,35.3,4110445,43.04
2019-07-11,35.4,35.87,35.28,35.8,4544810,43.65
2019-07-12,35.91,35.99,35.39,35.73,3617233,43.56
2019-07-15,35.76,35.76,35.24,35.39,5419858,43.15
2019-07-16,35.48,35.79,35.31,35.36,5087539,43.11
2019-07-17,35.57,36.67,35.57,36.18,6959235,44.12
2019-07-18,36.32,36.89,36.18,36.79,6020466,44.86
2019-07-19,36.96,37.54,36.88,37.13,8234242,45.27
2019-07-22,37.06,37.73,36.94,37.58,5178062,45.82
2019-07-23,37.94,38.51,37.76,38.32,6633788,46.72
2019-07-24,38.19,38.8,38.06,38.63,5767226,47.1
2019-07-25,38.79,38.9,38.28,38.78,5306183,47.29
2019-07-26,39.01,39.34,38.48,39.3,5096910,47.6
2019-07-29,39.16,39.27,38.64,38.65,4818977,46.82
2019-07-30,38.3,38.93,38.21,38.83,4449586,47.04
2019-07-31,38.73,39.1,38.52,38.74,7498151,46.92
2019-08-01,38.29,39.21,37.83,37.95,7239066,45.97
2019-08-02,37.95,38.21,36.57,38,5112618,46.03
2019-08-05,37.36,37.66,36.79,37.2,6093457,45.06
2019-08-06,37.31,37.53,36.79,37.52,5408572,45.45
2019-08-07,36.74,37.15,36.02,36.93,6872375,44.73
2019-08-08,37.15,37.95,37.1,37.62,5564957,45.57
2019-08-09,37.51,38.06,37.32,37.82,5417303,45.81
2019-08-12,37.36,37.57,36.59,36.74,4108678,44.505
2019-08-13,36.55,36.87,35.97,36.05,6768336,43.67
2019-08-14,35.29,35.55,34.61,34.64,5770338,41.96
2019-08-15,34.69,34.96,34.19,34.4,3873125,41.67
2019-08-16,34.66,35.09,34.61,34.95,3216651,42.33
2019-08-19,35.52,35.56,35.26,35.27,3076963,42.72
2019-08-20,35.1,35.16,34.6,34.64,2735885,41.96
2019-08-21,34.78,34.98,34.52,34.62,3523642,41.94
2019-08-22,34.86,35.06,34.52,34.81,4161567,42.17
2019-08-23,34.59,34.87,33.66,33.86,4330650,41.02
2019-08-26,34.12,34.22,33.72,33.94,5168981,41.11
2019-08-27,34.13,34.29,33.76,33.81,4344298,40.95
2019-08-28,33.67,34,33.45,33.89,4566595,41.05
2019-08-29,34.2,34.72,34.18,34.44,3279335,41.72
2019-08-30,34.69,34.88,34.53,34.72,3589664,42.06
2019-09-03,34.38,34.54,33.86,34.29,4003474,41.53
2019-09-04,34.64,34.71,34.25,34.61,3207454,41.92
2019-09-05,35.13,35.79,34.94,35.35,5019022,42.82
2019-09-06,35.45,35.58,35.17,35.52,3707382,43.03
2019-09-09,35.64,37.81,35.64,37.55,8358260,45.48
2019-09-10,37.79,38.18,37.39,37.79,6293899,45.78
2019-09-11,37.94,38.27,37.4,38.26,4523520,46.34
2019-09-12,38.08,38.44,37.74,38.23,3447503,46.31
2019-09-13,38.7,38.94,38.45,38.72,3708608,46.9
2019-09-16,38.29,38.8,38.09,38.59,3082236,46.75
2019-09-17,37.5,38.28,37.45,38.26,5320181,46.35
2019-09-18,38.28,39,37.92,38.8,5135206,47
2019-09-19,38.76,39.17,38.51,38.78,3828837,46.98
2019-09-20,38.78,38.97,38.17,38.29,11908669,46.38
2019-09-23,38.04,38.67,38,38.61,2743515,46.77
2019-09-24,38.57,38.71,37.98,38.18,3325062,46.25
2019-09-25,38.28,38.79,38.21,38.71,3254721,46.89
2019-09-26,38.65,38.73,38.29,38.5,2851684,46.63
2019-09-27,37.96,38.09,36.39,36.76,14289828,44.53
2019-09-30,37.05,37.55,36.97,37.32,6145851,45.21
2019-10-01,37.32,37.38,35.99,36.1,5283293,43.73
2019-10-02,35.83,35.91,35.03,35.08,8117245,42.49
2019-10-03,35.13,35.33,34.69,35.03,10031738,42.43
2019-10-04,35.16,35.31,34.79,35.19,15058373,42.63
2019-10-07,35.11,35.17,34.81,34.87,9038270,42.24
2019-10-08,34.61,35.25,34.39,34.95,8464571,42.33
2019-10-09,35.18,35.49,34.93,35.36,4126723,42.83
2019-10-10,35.44,36.15,35.33,35.91,4554386,43.5
2019-10-11,36.65,36.89,36.37,36.42,5940552,44.12
2019-10-14,36.26,36.43,35.84,36.25,5773927,43.91
2019-10-15,36.38,36.71,35.96,36.62,11924792,44.36
2019-10-16,37.15,37.7,36.67,36.69,8168551,44.44
2019-10-17,37.14,37.32,36.6,36.64,4498504,44.38
2019-10-18,36.59,37.9,36.53,37.43,7649270,45.34
2019-10-21,37.59,37.95,37.54,37.7,7991199,45.67
2019-10-22,37.66,38.57,37.42,38.09,6052530,46.14
2019-10-23,38.04,38.76,38.01,38.58,7163914,46.73
2019-10-24,38.61,38.68,37.94,38.21,6092987,46.28
2019-10-25,38.18,38.85,38.12,38.55,6028007,46.38
2019-10-28,38.85,39.08,38.74,38.97,5364410,46.89
2019-10-29,38.74,39.21,38.74,38.76,9645776,46.63
2019-10-30,38.71,38.93,38.5,38.75,5962128,46.62
2019-10-31,38.6,38.85,38.38,38.85,9085191,46.75
2019-11-01,39.14,39.56,39.01,39.2,7571218,47.16
2019-11-04,39.68,40.51,39.56,40.49,6999219,48.72
2019-11-05,40.68,41.27,40.62,40.87,7804147,49.17
2019-11-06,40.85,41.13,40.67,40.83,3818635,49.13
2019-11-07,41.17,41.58,41.05,41.06,5648262,49.4
2019-11-08,41,41.28,40.71,40.89,4110008,49.2
2019-11-11,40.89,41.2,40.71,40.77,3195186,49.06
2019-11-12,40.9,40.98,40.54,40.64,4378208,48.9
2019-11-13,40.21,40.53,39.93,40.18,3222280,48.35
2019-11-14,40.16,40.42,40.04,40.24,2293049,48.42
2019-11-15,40.36,40.41,40.05,40.37,4697164,48.57
2019-11-18,40.42,40.75,40.25,40.5,3341638,48.73
2019-11-19,40.72,40.73,40.36,40.47,3561059,48.69
2019-11-20,40.36,40.68,40.21,40.63,3704506,48.88
2019-11-21,40.72,40.82,40.31,40.37,3101664,48.57
2019-11-22,40.44,40.81,40.36,40.56,3846806,48.8
2019-11-25,40.64,41.09,40.6,41,2721722,49.33
2019-11-26,41.03,41.08,40.35,40.54,4458056,48.78
2019-11-27,40.73,40.85,40.54,40.69,3165251,48.96
2019-11-29,40.63,40.81,40.43,40.7,3497146,48.97
2019-12-02,40.82,41.05,40.69,40.83,4264774,49.13
2019-12-03,40.4,40.47,39.82,39.99,4406406,48.12
2019-12-04,39.99,40.63,39.99,40.54,2562856,48.78
2019-12-05,40.75,40.97,40.64,40.95,2738918,49.27
2019-12-06,41.41,41.5,41.23,41.26,4103139,49.64
2019-12-09,41.2,41.46,41.07,41.31,3217723,49.7
2019-12-10,41.36,41.48,41.17,41.42,3732755,49.84
2019-12-11,41.5,41.86,41.39,41.46,4850099,49.88
2019-12-12,41.66,42.72,41.49,42.57,5114411,51.22
2019-12-13,42.41,42.72,41.69,41.74,4299194,50.22
2019-12-16,42.15,42.42,41.64,41.69,3950583,50.16
2019-12-17,42.07,42.6,41.98,42.52,4623530,51.16
2019-12-18,42.48,42.6,42.32,42.39,6042618,51
2019-12-19,42.35,42.6,42.16,42.26,5334606,50.85
2019-12-20,42.34,42.48,41.96,42.08,11877594,50.63
2019-12-23,42.1,42.14,41.63,41.86,2407669,50.37
2019-12-24,41.88,41.95,41.69,41.85,890116,50.35
2019-12-26,41.94,42.1,41.8,41.96,1435451,50.49
2019-12-27,41.97,42.08,41.7,41.82,2188257,50.32
2019-12-30,42,42.15,41.63,41.71,4758389,50.18
2019-12-31,41.67,41.96,41.61,41.83,2706486,50.33
2020-01-02,41.94,42.32,41.73,42.32,3013123,50.92
2020-01-03,41.77,41.91,41.39,41.78,2656129,50.27
2020-01-06,41.81,42.18,41.57,42.17,4905815,50.74
2020-01-07,42.13,42.74,42.13,42.6,3920069,51.25
2020-01-08,42.76,42.86,42.4,42.64,4618520,51.31
2020-01-09,42.81,42.89,42.61,42.79,3059542,51.48
2020-01-10,42.71,42.71,41.91,42,3610718,50.54
2020-01-13,42.11,42.3,42.01,42.29,3937462,50.88
2020-01-14,42.25,42.56,42.09,42.4,3654741,51.01
2020-01-15,42.16,42.3,41.86,42.13,4716877,50.69
2020-01-16,38.85,39.44,38.53,38.83,12931837,46.72
2020-01-17,38.94,39.03,38.12,38.38,13159658,46.18
2020-01-21,38.49,39.48,38.42,38.88,8451380,46.78
2020-01-22,39,39.12,38.65,38.84,7245231,46.73
2020-01-23,38.63,39.43,38.44,39.08,6133479,47.02
2020-01-24,39.07,39.07,38.1,38.44,6801225,45.95
2020-01-27,37.79,38.28,37.68,37.69,6332227,45.05
2020-01-28,37.98,38.01,37.49,37.62,9416527,44.97
2020-01-29,37.73,37.8,37.05,37.2,10476112,44.46
2020-01-30,36.95,38.05,36.9,37.98,5572891,45.4
2020-01-31,37.68,37.81,37.1,37.46,7752599,44.78
2020-02-03,37.68,38.38,37.58,37.82,7305105,45.21
2020-02-04,38.35,39.01,38.34,38.44,7605109,45.95
2020-02-05,38.89,39.49,38.86,39.31,5723145,46.98
2020-02-06,39.53,39.84,39.37,39.77,6328422,47.54
2020-02-07,39.51,39.74,39.31,39.53,4299433,47.25
2020-02-10,39.26,39.37,38.77,38.9,3637939,46.49
2020-02-11,39.04,39.15,38.74,38.84,3780071,46.42
2020-02-12,39.16,39.49,38.92,38.95,3317481,46.56
2020-02-13,38.85,38.99,38.45,38.51,3019093,46.03
2020-02-14,38.57,38.68,38.23,38.4,4252852,45.9
2020-02-18,38.32,38.51,37.8,37.89,3550985,45.29
2020-02-19,37.9,38.49,37.82,38.42,4330373,45.92
2020-02-20,38.32,38.74,38.15,38.34,3250643,45.83
2020-02-21,38.08,38.27,37.51,37.68,6218066,45.04
2020-02-24,36.83,36.91,35.89,36.08,5633988,43.13
2020-02-25,36.15,36.33,34.58,34.8,6884519,41.59
2020-02-26,34.99,35.2,34.46,34.61,7681382,41.37
2020-02-27,33.83,35.82,33.66,34.27,11825502,40.96
2020-02-28,33.06,33.52,32.24,33.38,16442886,39.9
2020-03-02,33.49,34.27,32.8,34.27,12556672,40.96
2020-03-03,34.21,34.25,31.88,32.49,15770030,38.83
2020-03-04,32.89,34.23,32.34,33.88,13161181,40.5
2020-03-05,32.26,33.57,31.93,32.88,12202803,39.3
2020-03-06,31.43,32.41,31.26,31.85,10046275,38.07
2020-03-09,29.12,31.32,28.61,29.24,9128258,34.95
2020-03-10,30.55,30.63,29.32,30.58,9454629,36.55
2020-03-11,29.8,30.05,28.19,28.61,9447177,34.2
2020-03-12,26.65,27.06,24.6,24.7,10824183,29.52
2020-03-13,26.56,28.55,25.48,28.55,10218450,34.13
2020-03-16,24.38,27.29,24.26,24.41,10826121,29.18
2020-03-17,25.21,25.6,23.58,25.07,13360675,29.97
2020-03-18,23.51,24.71,22.09,24.06,10820614,28.76
2020-03-19,23.81,26.2,23.17,25.1,8671172,30
2020-03-20,25.35,26.2,24.15,24.32,11104605,29.07
2020-03-23,24.02,24.23,22.53,23,9324087,27.49
2020-03-24,24.44,26.43,24.4,25.94,10403775,31
2020-03-25,26.35,27.51,24.69,26.47,10780277,31.64
2020-03-26,26.71,27.75,25.88,27.61,9238973,33
2020-03-27,26.48,28.06,26.17,27.22,6260732,32.54
2020-03-30,27.27,28.6,26.54,28.45,6845321,34
2020-03-31,28.08,29.18,27.85,28.18,7759795,33.68
2020-04-01,26.67,27.69,26.25,27.36,8600089,32.7
2020-04-02,27.11,28.4,26.83,28.14,7186743,33.64
2020-04-03,27.99,28.64,27.58,28.24,5748338,33.75
2020-04-06,29.57,29.88,28.82,29.48,7398177,35.24
2020-04-07,31.11,31.21,29.06,29.12,8943375,34.8
2020-04-08,29.36,30.04,29.04,29.83,6541931,35.65
2020-04-09,30.4,31.69,30.26,31.07,8681412,37.14
2020-04-13,30.91,30.96,29.63,30.12,8904125,36
2020-04-14,30.73,30.91,29.7,30.4,5736994,36.34
2020-04-15,29.16,29.44,28.81,28.97,5731569,34.63
2020-04-16,30.95,31.6,29.72,30.24,10528167,36.14
2020-04-17,31.35,31.6,30.81,31.28,9175187,37.39
2020-04-20,30.75,30.85,30.04,30.46,6737525,36.41
2020-04-21,29.56,30.21,29.17,29.46,7609849,35.21
2020-04-22,30.04,30.04,29.41,29.72,4581699,35.52
2020-04-23,29.88,30.07,29.37,29.55,5107257,35.32
2020-04-24,29.91,30.18,29.35,29.92,4593694,35.76
2020-04-27,30.26,31.42,30.12,31.18,5999947,36.94
2020-04-28,32.11,32.28,31.49,31.56,4415115,37.4
2020-04-29,32.4,32.4,31.59,32.09,9733861,38.02
2020-04-30,31.46,31.83,31.17,31.68,5078105,37.54
2020-05-01,30.93,31.01,30.25,30.38,4441872,36
2020-05-04,29.98,30.16,29.58,29.99,4517549,35.54
2020-05-05,30.41,30.53,29.64,29.66,4061498,35.14
2020-05-06,29.88,29.99,29.11,29.12,5438356,34.5
2020-05-07,29.52,30.26,29.29,29.41,6077691,34.85
2020-05-08,30.01,30.06,29.39,29.83,5121699,35.34
2020-05-11,29.37,29.46,29.02,29.07,5387889,34.45
2020-05-12,29.18,29.38,27.83,27.84,7102557,32.99
2020-05-13,27.53,27.62,26.71,27.42,7564133,32.49
2020-05-14,26.97,27.52,26.36,27.38,7548025,32.44
2020-05-15,27.06,27.33,26.75,27.06,4468931,32.06
2020-05-18,27.91,28.65,27.65,28.47,7621684,33.73
2020-05-19,28.34,28.66,27.94,28.29,6016817,33.52
2020-05-20,28.75,29.5,28.7,29.4,7417863,34.84
2020-05-21,29.24,29.73,29.2,29.52,6578325,34.98
2020-05-22,29.59,29.59,28.95,29.12,5645515,34.5
2020-05-26,30.12,31.8,30,31.13,8816145,36.89
2020-05-27,32.4,32.86,31.72,32.55,7988985,38.57
2020-05-28,33.09,33.09,31.71,31.72,6095184,37.59
2020-05-29,31.27,31.81,30.96,31.37,7143062,37.17
2020-06-01,31.54,32.14,31.45,31.82,3549258,37.7
2020-06-02,32.13,32.53,32.02,32.35,4963149,38.33
2020-06-03,32.96,33.42,32.8,33.2,5033360,39.34
2020-06-04,33.06,34.14,32.87,34.13,5727732,40.44
2020-06-05,36.2,36.28,35.12,35.7,7963529,42.3
2020-06-08,36.19,36.43,35.04,35.69,6196610,42.29
2020-06-09,34.74,35.25,34.56,34.96,5321009,41.42
2020-06-10,34.76,34.76,33.6,33.72,7232355,39.95
2020-06-11,32.34,33.07,31.67,31.8,9031937,37.68
2020-06-12,33.13,33.14,31.46,32.44,7538489,38.44
2020-06-15,31.29,32.62,31.1,32.43,4566989,38.43
2020-06-16,33.52,33.63,32.26,32.68,5556546,38.72
2020-06-17,32.69,33.23,32.34,32.69,5494191,38.73
2020-06-18,32.32,33.04,32.24,32.6,4159521,38.63
2020-06-19,33.21,33.25,32.32,33.11,18916708,39.23
2020-06-22,32.73,33.04,32.43,32.52,4583769,38.53
2020-06-23,33.02,33.35,32.65,32.68,5856282,38.72
2020-06-24,32.26,32.32,31.4,31.42,8138107,37.23
2020-06-25,31.3,32.27,31.21,32.2,7665450,38.15
2020-06-26,31.69,31.84,30.42,30.65,9632200,36.32
2020-06-29,31.1,31.47,30.91,31.18,4736072,36.95
2020-06-30,31.21,32.81,31.13,32.62,8983907,38.65
2020-07-01,32.65,32.71,31.59,31.72,6714142,37.59
2020-07-02,32.34,32.82,31.9,32.02,4525006,37.94
2020-07-06,32.66,32.88,32.32,32.53,4506881,38.55
2020-07-07,32.2,32.27,31.75,31.88,4677751,37.77
2020-07-08,31.96,32.86,31.88,32.76,8154892,38.82
2020-07-09,32.52,32.72,31.21,31.35,7256232,37.15
2020-07-10,31.35,32.48,31.29,32.39,3792575,38.38
2020-07-13,32.84,33.16,32.11,32.8,5182187,38.86
2020-07-14,32.65,33.16,32.31,32.89,6008792,38.97
2020-07-15,31.19,31.56,30.38,31.11,15277595,36.86
2020-07-16,30.93,31.55,30.53,31.01,6878265,36.74
2020-07-17,31.1,31.14,30.42,30.48,6971932,36.12
2020-07-20,30.26,30.53,30.15,30.33,4307313,35.94
2020-07-21,30.45,31,30.21,30.96,7431222,36.69
2020-07-22,30.8,30.87,29.97,30.42,7822431,36.04
2020-07-23,30.34,30.95,30.09,30.84,5864030,36.54
2020-07-24,30.94,31.28,30.72,30.84,6168996,36.23
2020-07-27,30.57,30.62,30.02,30.43,4752742,35.75
2020-07-28,30.24,30.83,30.22,30.7,6953569,36.07
2020-07-29,30.76,31.09,30.32,30.94,6758408,36.35
2020-07-30,30.49,30.57,30.17,30.52,5061038,35.86
2020-07-31,30.44,30.63,30.27,30.51,5420533,35.85
2020-08-03,30.58,30.77,30.23,30.67,4491806,36.03
2020-08-04,30.61,30.88,30.33,30.51,5176740,35.84
2020-08-05,30.7,30.95,30.52,30.9,6393051,36.3
2020-08-06,30.74,31.05,30.54,30.63,3666616,35.99
2020-08-07,30.61,32.2,30.59,32.13,6368979,37.75
2020-08-10,32.17,32.46,31.95,32.29,5781548,37.94
2020-08-11,32.82,33.33,32.4,32.46,5120794,38.14
2020-08-12,33.14,33.14,32.03,32.33,4325108,37.98
2020-08-13,31.82,32.19,31.4,31.73,5022330,37.28
2020-08-14,31.6,32.16,31.6,31.94,2999920,37.53
2020-08-17,31.98,32.04,31.42,31.57,5270289,37.09
2020-08-18,31.5,31.57,31.22,31.31,4694726,36.79
2020-08-19,31.51,32.09,31.33,31.48,5180337,36.99
2020-08-20,31.11,31.19,30.41,30.53,5035809,35.87
2020-08-21,30.57,30.71,30.3,30.41,2933368,35.73
2020-08-24,30.41,31.07,30.27,30.98,6233960,36.4
2020-08-25,31.27,31.45,31.04,31.21,4617787,36.67
2020-08-26,31.21,31.37,30.89,31.17,3591886,36.62
2020-08-27,31.18,32.14,31.16,31.96,5058734,37.55
2020-08-28,32.11,32.11,31.68,31.97,3474737,37.56
2020-08-31,31.97,31.97,31.31,31.48,4724904,36.98
2020-09-01,31.32,31.8,31.1,31.67,3584147,37.21
2020-09-02,31.61,32.17,31.54,32.06,4380129,37.67
2020-09-03,32.27,32.73,31.06,31.37,5545089,36.85
2020-09-04,32.04,32.53,31.77,31.92,7103860,37.5
2020-09-08,31.54,31.66,30.63,30.68,5730947,36.04
2020-09-09,30.86,30.96,30.5,30.55,5057176,35.89
2020-09-10,30.68,30.79,30.23,30.28,4431849,35.57
2020-09-11,30.28,30.84,30.23,30.64,3902693,36
2020-09-14,30.87,31.25,30.52,30.61,4546024,35.96
2020-09-15,30.39,30.54,29.35,29.68,7254718,34.87
2020-09-16,29.71,30.78,29.65,30.28,7203863,35.57
2020-09-17,29.87,30.31,29.83,30.27,3586562,35.56
2020-09-18,30.17,30.53,30.08,30.13,7839058,35.4
2020-09-21,29.34,29.64,28.4,28.91,5360563,33.97
2020-09-22,28.85,29.08,28.13,28.5,5451168,33.48
2020-09-23,28.61,29.11,28.28,28.3,4917464,33.25
2020-09-24,28.35,28.45,27.81,28.21,4178143,33.14
2020-09-25,27.94,28.5,27.79,28.43,3829789,33.4
2020-09-28,28.91,29.46,28.82,29.19,3761125,34.29
2020-09-29,29.01,29.08,28.63,28.83,4535357,33.87
2020-09-30,28.83,29.38,28.83,29.23,9668238,34.34
2020-10-01,29.33,29.54,28.86,29.08,8669899,34.17
2020-10-02,28.84,29.75,28.78,29.57,6220825,34.74
2020-10-05,29.83,30.33,29.8,30.11,4090367,35.38
2020-10-06,30.47,30.81,29.93,29.99,5576853,35.23
2020-10-07,30.15,31.21,30.15,31.03,6621194,36.46
2020-10-08,31.16,31.67,31.04,31.65,4070002,37.18
2020-10-09,31.75,32.33,31.62,32.09,6473143,37.7
2020-10-12,32.02,32.34,31.96,32.18,6053019,37.81
2020-10-13,32.21,32.21,31.22,31.39,4790113,36.88
2020-10-14,31.39,31.63,31.14,31.14,6978809,36.59
2020-10-15,30.87,31.69,30.83,31.69,8556293,37.23
2020-10-16,32.5,32.98,31.9,32.36,7831944,38.02
2020-10-19,32.4,32.51,31.39,31.46,4159623,36.96
2020-10-20,31.82,32.09,31.47,31.58,3668472,37.1
2020-10-21,31.43,31.94,31.37,31.42,4558730,36.91
2020-10-22,31.33,32.03,31.11,31.97,4200727,37.56
2020-10-23,32.23,32.49,32,32.06,4189944,37.67
2020-10-26,31.64,31.81,30.94,31.26,4918158,36.73
2020-10-27,31.17,31.32,30.48,30.53,4825208,35.56
2020-10-28,29.94,30.12,29.19,29.25,10462311,34.08
2020-10-29,29.14,29.7,28.49,29.46,6943167,34.32
2020-10-30,29.32,29.51,28.88,29.5,6065385,34.36
2020-11-02,30.06,30.29,29.63,30.13,6079406,35.1
2020-11-03,30.76,31.19,30.57,30.89,6452346,35.99
2020-11-04,30.16,30.6,29.52,29.79,10093694,34.7
2020-11-05,29.95,30.84,29.92,30.56,6625941,35.6
2020-11-06,30.67,30.77,29.97,30.1,4824924,35.07
2020-11-09,33,34.39,32.97,33.62,10376197,39.16
2020-11-10,33.62,33.92,32.99,33.67,7141657,39.22
2020-11-11,34.08,34.08,32.82,33.14,6817059,38.6
2020-11-12,32.73,32.95,32.04,32.39,4881132,37.73
2020-11-13,32.79,33.44,32.65,33.23,4265807,38.71
2020-11-16,34.14,34.29,33.67,34.09,5232142,39.71
2020-11-17,33.5,34.07,33.34,33.86,4350771,39.44
2020-11-18,34.04,34.52,33.24,33.26,8286644,38.74
2020-11-19,32.5,33.14,32.42,33.04,4577941,38.49
2020-11-20,32.39,32.7,32.21,32.52,6725676,37.88
2020-11-23,32.9,33.33,32.72,33.09,4430444,38.55
2020-11-24,33.65,35.05,33.61,34.93,6838777,40.69
2020-11-25,34.72,34.89,34.19,34.65,7065102,40.37
2020-11-27,35.02,35.02,34.22,34.29,2471804,39.95
2020-11-30,34.35,34.39,33.43,33.58,7901827,39.12
2020-12-01,34.17,34.42,33.77,33.87,7008060,39.46
2020-12-02,33.86,34.47,33.73,34.33,5405290,39.99
2020-12-03,34.35,34.58,34,34.44,5948752,40.12
2020-12-04,34.54,35.02,34.54,34.89,5816713,40.65
2020-12-07,34.58,34.83,34.23,34.63,5484556,40.34
2020-12-08,34.36,35.07,34.35,35.01,5201178,40.78
2020-12-09,35.23,35.63,34.93,35.01,6442298,40.79
2020-12-10,34.65,35.62,34.58,35.5,7131692,41.36
2020-12-11,34.96,35.11,34.45,34.54,7191421,40.24
2020-12-14,35.05,35.18,34.16,34.19,5162569,39.83
2020-12-15,34.65,34.77,34.09,34.5,5807450,40.19
2020-12-16,34.59,34.91,34.43,34.72,5509417,40.45
2020-12-17,34.8,34.93,34.47,34.69,5536355,40.41
2020-12-18,34.62,35.12,34.53,35.01,14207483,40.79
2020-12-21,35.65,36.17,34.68,35.56,8098819,41.42
2020-12-22,35.5,35.5,34.55,34.58,4723693,40.28
2020-12-23,34.8,35.47,34.71,35.18,4315272,40.98
2020-12-24,35.32,35.37,34.87,35.23,1385492,41.04
2020-12-28,35.49,35.96,35.26,35.57,3597438,41.44
2020-12-29,35.69,35.77,35.38,35.57,3548158,41.44
2020-12-30,35.61,35.94,35.53,35.79,3314657,41.69
2020-12-31,35.79,36.47,35.69,36.43,3492386,42.44
2021-01-04,36.48,36.6,35.39,35.79,6935707,41.69
2021-01-05,35.79,36.42,35.49,36.19,5248319,42.16
2021-01-06,37.36,38.99,37.28,38.64,9332262,45.01
2021-01-07,39.14,39.52,38.83,38.87,5825341,45.28
2021-01-08,38.93,39.02,38.14,38.46,4066141,44.8
2021-01-11,38.14,39.12,37.86,39.11,5399724,45.56
2021-01-12,39.41,40.06,39.36,39.97,5365979,46.56
2021-01-13,39.93,40.2,39.65,39.76,5100432,46.32
2021-01-14,39.83,40.21,39.32,39.94,3922327,46.53
2021-01-15,39.45,39.6,38.9,39.12,5106535,45.57
2021-01-19,39.27,39.77,38.83,39.33,7715211,45.82
2021-01-20,37.14,37.77,36.28,36.47,11310496,42.49
2021-01-21,36.53,36.73,35.8,36.28,9330868,42.26
2021-01-22,35.89,36.29,35.6,35.99,6154904,41.93
2021-01-25,35.62,35.79,35.29,35.45,9142703,41.3
2021-01-26,35.61,35.77,35.09,35.49,6277803,41.34
2021-01-27,34.99,35.06,33.98,34.18,9584854,39.82
2021-01-28,34.41,35.25,34.37,34.93,8242094,40.69
2021-01-29,34.78,35.12,34.13,34.45,8547285,39.83
2021-02-01,34.71,35.53,34.62,35.01,7658197,40.47
2021-02-02,35.25,36.01,35.06,35.34,10253929,40.85
2021-02-03,35.22,35.74,35.08,35.52,6009904,41.06
2021-02-04,35.72,36.59,35.61,36.53,5585223,42.23
2021-02-05,36.8,36.83,36.23,36.36,4054077,42.03
2021-02-08,36.46,36.71,36.15,36.29,4450284,41.95
2021-02-09,36.2,36.46,35.81,36.3,4657468,41.96
2021-02-10,36.43,36.67,36.08,36.11,5223089,41.74
2021-02-11,37.2,37.92,36.36,36.44,11592862,42.13
2021-02-12,36.24,36.8,35.97,36.27,9594107,41.93
2021-02-16,36.49,37.5,36.43,36.98,9261177,42.75
2021-02-17,37.01,37.45,36.7,37.11,5530696,42.9
2021-02-18,36.81,37.02,36.24,36.49,4170037,42.18
2021-02-19,36.69,37.1,36.54,36.61,6437602,42.32
2021-02-22,36.42,38.04,36.4,37.83,10982106,43.73
2021-02-23,38.04,38.53,37.76,37.91,8669549,43.83
2021-02-24,38.03,38.55,37.91,38.29,8039570,44.26
2021-02-25,38.59,38.88,37.41,37.56,7510727,43.42
2021-02-26,37.23,37.37,36.31,36.47,8198337,42.16
2021-03-01,37.07,37.95,36.93,37.78,7345102,43.68
2021-03-02,37.81,38.34,37.7,37.71,5157885,43.6
2021-03-03,37.87,39.41,37.87,38.52,7939839,44.53
2021-03-04,38.52,39.23,38.1,38.72,7437600,44.76
2021-03-05,39.27,39.55,38.41,38.95,6437168,45.03
2021-03-08,39.42,39.93,39.06,39.47,4848565,45.63
2021-03-09,38.95,39.73,38.36,38.87,6630516,44.94
2021-03-10,39.02,40.02,38.84,39.7,5397034,45.9
2021-03-11,39.36,39.79,39.1,39.56,4110762,45.73
2021-03-12,40.26,40.57,39.96,40.36,5219462,46.66
2021-03-15,40.41,40.47,39.81,40.39,4178179,46.69
2021-03-16,40.15,40.34,39.72,40,4231673,46.24
2021-03-17,40.37,40.5,39.69,40.23,5608669,46.51
2021-03-18,40.68,41.31,40.25,40.4,6982513,46.7
2021-03-19,39.95,40.4,39.45,40.09,21500587,46.35
2021-03-22,39.25,39.62,38.82,39.11,6898863,45.21
2021-03-23,38.87,39.22,38.23,38.38,4216650,44.37
2021-03-24,39.35,39.83,39.14,39.14,5993432,45.25
2021-03-25,39.22,40.11,38.66,40.08,7873857,46.33
2021-03-26,40.56,41.14,40.45,41.08,7912684,47.49
2021-03-29,40.34,41.44,40.19,41.11,5895033,47.52
2021-03-30,41.35,41.65,41.09,41.4,4825844,47.86
2021-03-31,41.2,41.42,40.85,40.91,5935540,47.29
2021-04-01,40.86,41.1,40.53,41.06,4667627,47.47
2021-04-05,41.5,41.95,41.24,41.63,4000964,48.13
2021-04-06,41.56,41.63,41.01,41.33,3724458,47.78
2021-04-07,41.55,41.77,41.17,41.38,3712615,47.84
2021-04-08,41.2,41.56,40.99,41.52,3479004,48
2021-04-09,41.78,42.12,41.67,42.06,3537790,48.62
2021-04-12,42.06,42.5,41.98,42.46,3134250,49.09
2021-04-13,42.22,42.32,41.75,41.81,3795819,48.34
2021-04-14,41.78,42.36,41.6,42.07,4622406,48.64
2021-04-15,42.15,42.21,41.48,41.53,8359205,48.01
2021-04-16,40.7,41.09,39.62,39.85,10685905,46.07
2021-04-19,40.06,40.49,40.06,40.49,534386,46.81
2021-04-20,40.34,40.84,40.03,40.29,7673381,46.58
2021-04-21,40.06,41.01,39.95,40.82,5460854,47.19
2021-04-22,40.54,40.85,40.12,40.27,5834808,46.55
2021-04-23,40.27,41.43,40.01,41.17,5010986,47.6
2021-04-26,41.38,41.99,41.3,41.62,6138265,48.11
2021-04-27,41.68,42.36,41.42,42.27,6389090,48.55
2021-04-28,42.32,42.87,42.32,42.82,6432135,49.18
2021-04-29,43.1,43.75,43.03,43.6,7910721,50.08
2021-04-30,43.5,43.74,43.27,43.43,8203743,49.88
2021-05-03,43.75,43.92,43.27,43.73,4528020,50.23
2021-05-04,43.64,44.1,43.52,43.96,6784273,50.49
2021-05-05,44.06,44.92,43.65,44.79,4809086,51.45
2021-05-06,44.93,45.21,44.7,45.18,5868058,51.89
2021-05-07,44.55,45.23,44.04,45.12,5065203,51.82
2021-05-10,45.44,45.99,45.27,45.51,5181763,52.27
2021-05-11,45.16,45.82,44.71,44.91,6862880,51.58
2021-05-12,45.39,45.57,44.28,44.43,4653486,51.03
2021-05-13,44.19,45.28,44.07,45,5100058,51.69
2021-05-14,45.25,45.52,44.95,45.08,4965902,51.78
2021-05-17,45.1,45.52,44.77,45.35,6691705,52.09
2021-05-18,45.31,45.54,44.17,44.18,8879682,50.75
2021-05-19,43.71,44.31,43.37,44.28,8438448,50.86
2021-05-20,44.27,44.39,43.89,44.06,4734280,50.61
2021-05-21,44.23,45.06,44.16,44.89,6324499,51.56
2021-05-24,44.93,45.15,44.81,45.05,4574390,51.74
2021-05-25,45.07,45.49,44.4,44.51,5014096,51.12
2021-05-26,44.76,45.02,44.38,44.89,6396707,51.56
2021-05-27,45.46,45.87,45.12,45.36,11377769,52.1
2021-05-28,45.43,45.46,44.97,45.34,5798406,52.08
2021-06-01,45.98,46.06,45.31,45.53,5244725,52.3
2021-06-02,45.47,45.65,45.05,45.38,5497525,52.12
2021-06-03,45.32,45.69,45.04,45.45,4721346,52.2
2021-06-04,45.43,45.49,44.95,45.46,3732004,52.21
2021-06-07,45.56,45.56,45.07,45.12,3928988,51.82
2021-06-08,44.76,44.96,44.27,44.77,4642937,51.42
2021-06-09,44.47,44.47,44.01,44.07,4832861,50.62
2021-06-10,44.44,44.62,43.39,43.42,5409152,49.87
2021-06-11,43.5,43.92,43.44,43.89,6117426,50.41
2021-06-14,43.66,43.98,42.51,43.22,6467418,49.64
2021-06-15,43.35,44.03,43.23,43.92,4200658,50.45
2021-06-16,43.83,45.23,43.22,44.6,10572565,51.23
2021-06-17,45.12,45.14,42.8,43.08,8120688,49.48
2021-06-18,42.55,42.62,41.82,41.98,16626276,48.22
2021-06-21,42.32,43.3,42.23,43.24,4660456,49.66
2021-06-22,43.26,43.3,42.7,43.04,4576523,49.44
2021-06-23,43.16,43.42,42.97,42.98,5440391,49.37
2021-06-24,43.19,43.92,42.99,43.75,4189506,50.25
2021-06-25,43.89,44.52,43.77,44.39,5189950,50.99
2021-06-28,44.23,44.32,43.67,44.28,3152535,50.86
2021-06-29,44.62,44.99,44.29,44.42,4301894,51.02
2021-06-30,44.16,44.73,44.01,44.6,6308288,51.23
2021-07-01,44.89,45.05,44.54,44.78,3283735,51.43
2021-07-02,44.75,44.86,44.39,44.61,3392587,51.24
2021-07-06,44.39,44.49,42.84,43.09,6953706,49.49
2021-07-07,42.84,43.26,42.58,43.08,3602345,49.48
2021-07-08,42.43,42.63,41.82,42.09,5080591,48.34
2021-07-09,42.94,43.61,42.74,43.47,4035545,49.93
2021-07-12,43.15,44,42.88,43.77,3280719,50.28
2021-07-13,43.79,43.95,43.22,43.5,3019453,49.96
2021-07-14,43.44,43.87,42.65,42.9,5381017,49.28
2021-07-15,42.04,43.24,41.42,42.38,7372743,48.68
2021-07-16,42.63,43.17,42.23,42.99,8909504,49.38
2021-07-19,42.09,42.28,41.2,41.42,8187153,47.58
2021-07-20,41.42,43.49,41.21,43.04,6862835,49.44
2021-07-21,43.37,43.96,43.18,43.58,5603093,50.06
2021-07-22,43.52,43.58,43.1,43.38,5175195,49.83
2021-07-23,43.71,44,43.26,43.5,4730789,49.97
2021-07-26,43.39,44.25,43.36,44.05,4968263,50.25
2021-07-27,43.51,44.57,43.33,44,6357211,50.19
2021-07-28,44.19,44.6,43.75,44.14,7091112,50.35
2021-07-29,44.63,45.37,44.34,44.97,4780110,51.3
2021-07-30,44.75,45.3,44.67,45,5164254,51.33
2021-08-02,45.35,46.07,44.89,44.95,5763912,51.28
2021-08-03,45.1,45.85,44.54,45.58,4922866,52
2021-08-04,45.23,45.64,44.9,45.14,4750663,51.49
2021-08-05,45.42,45.8,45.22,45.41,5195779,51.8
2021-08-06,45.93,46.91,45.89,46.6,6097054,53.16
2021-08-09,46.46,47.09,46.22,46.79,4939599,53.38
2021-08-10,46.65,47.37,46.6,47.19,4946779,53.83
2021-08-11,47.35,48.09,47.15,48.01,5474967,54.77
2021-08-12,48.01,48.23,47.71,48.12,4191107,54.89
2021-08-13,47.97,48.2,47.13,47.22,7302880,53.87
2021-08-16,46.91,47.66,46.61,47.57,4830835,54.27
2021-08-17,47.24,47.62,46.81,47.16,4966189,53.8
2021-08-18,46.98,47.81,46.69,46.92,4981694,53.53
2021-08-19,46.4,46.74,46.06,46.26,5741284,52.77
2021-08-20,46.25,46.91,45.97,46.74,4546070,53.32
2021-08-23,47.01,47.68,47.01,47.39,3878248,54.06
2021-08-24,47.54,48.1,47.37,47.8,3731918,54.53
2021-08-25,47.95,49.06,47.8,48.71,5229015,55.57
2021-08-26,48.7,48.98,48.56,48.63,4604259,55.48
2021-08-27,48.64,49.53,48.56,49.45,4634852,56.41
2021-08-30,49.61,49.65,48.35,48.37,2720299,55.18
2021-08-31,48.47,48.74,48.11,48.41,4802663,55.22
2021-09-01,48.42,48.69,47.5,47.69,5154193,54.4
2021-09-02,47.77,47.92,47.4,47.61,4005151,54.31
2021-09-03,47.7,47.77,47.09,47.27,3343952,53.93
2021-09-07,47.24,47.34,46.46,46.56,4338350,53.12
2021-09-08,46.47,46.54,46.04,46.44,4522344,52.98
2021-09-09,46.34,47.04,46.28,46.35,4428510,52.88
2021-09-10,46.66,46.68,45.46,45.5,7263264,51.91
2021-09-13,45.84,46.1,45.42,45.79,4342429,52.24
2021-09-14,45.87,46.02,44.6,44.83,4814859,51.14
2021-09-15,44.88,45.74,44.75,45.64,6554717,52.07
2021-09-16,45.95,46.07,44.69,45.03,6644023,51.37
2021-09-17,44.86,45.14,44.24,44.84,15957960,51.15
2021-09-20,43.69,43.78,42.72,43.47,6748220,49.59
2021-09-21,43.67,43.82,43.07,43.22,4956832,49.3
2021-09-22,43.82,44.17,43.64,43.77,4902557,49.93
2021-09-23,44.34,45.58,44.24,45.14,5265327,51.5
2021-09-24,44.98,45.71,44.98,45.19,3054108,51.55
2021-09-27,45.62,47.15,45.55,46.81,5216800,53.4
2021-09-28,46.92,47.59,46.28,46.38,5947616,52.91
2021-09-29,46.29,46.44,45.89,46.13,3180436,52.63
2021-09-30,46.43,46.61,45.43,45.44,5426416,51.84
2021-10-01,45.44,46.78,45.43,46.39,5327189,52.92
2021-10-04,46.24,47.24,46.17,46.33,5701518,52.85
2021-10-05,46.63,47.98,46.5,47.7,5282716,54.42
2021-10-06,47.2,48.02,46.93,47.81,5800637,54.54
2021-10-07,48.33,48.58,47.69,47.8,6121048,54.53
2021-10-08,47.92,49.21,47.87,48.95,5182265,55.84
2021-10-11,48.99,49.66,48.63,48.67,5246601,55.52
2021-10-12,48.66,49.14,48.46,48.66,5073394,55.51
2021-10-13,48.65,48.77,47.73,48.47,5864975,55.29
2021-10-14,49,49.64,48.65,49.59,7196692,56.57
2021-10-15,50,50.57,49.73,50.11,6256885,57.16
2021-10-18,50.03,50.83,49.97,50.32,5949731,57.41
2021-10-19,49.08,50.58,48.65,50.54,6227021,57.65
2021-10-20,50.54,52.29,50.38,51.99,6923314,59.31
2021-10-21,52.14,52.65,51.83,52.37,4791184,59.74
2021-10-22,52.59,53.05,52.17,52.34,5760942,59.71
2021-10-25,52.37,52.37,52.07,52.07,339848,59.4
2021-10-26,52.18,52.24,51.67,51.81,4445119,59.1
2021-10-27,51.53,52.15,51.18,51.24,5066496,58.45
2021-10-28,51.27,52.17,51.27,52.1,4214318,59.44
2021-10-29,52.17,52.68,52.04,52.19,5354702,59.2
2021-11-01,52.77,52.95,52.44,52.92,4512636,60.02
2021-11-02,52.88,53.31,52.71,52.84,3607006,59.93
2021-11-03,52.61,53.32,52.48,52.98,3635548,60.09
2021-11-04,52.8,52.91,51.58,52.07,3762802,59.06
2021-11-05,52.42,52.62,51.81,51.86,4444421,58.82
2021-11-08,52.16,52.42,51.76,52,3708394,58.98
2021-11-09,51.67,51.9,51.28,51.65,4154330,58.58
2021-11-10,51.54,52.55,51.51,52.16,4611482,59.16
2021-11-11,52.14,53.29,51.96,52.89,4101223,59.99
2021-11-12,52.9,53.03,52.55,52.97,3955750,60.08
2021-11-15,53.15,53.23,52.66,52.82,2635944,59.91
2021-11-16,52.75,52.84,52.13,52.15,3883132,59.15
2021-11-17,52.02,52.18,50.98,51.18,3467391,58.05
2021-11-18,51.24,51.5,50.76,50.93,3314316,57.77
2021-11-19,50.39,50.68,49.69,50.31,4659040,57.07
2021-11-22,50.96,51.89,50.83,51.32,3529264,58.21
2021-11-23,51.69,52.08,51.41,52.02,2990139,59.01
2021-11-24,51.88,52.3,51.52,51.95,3023511,58.92
2021-11-26,50.09,50.4,49.34,50.03,3651899,56.75
2021-11-29,50.61,50.87,49.99,50.26,4491367,57.01
2021-11-30,49.65,49.65,48.12,48.3,9440185,54.79
2021-12-01,49.45,49.8,47.69,47.73,5565932,54.14
2021-12-02,48.15,49.83,48.04,49.5,4653135,56.15
2021-12-03,49.6,49.69,47.95,48.38,6162678,54.88
2021-12-06,48.69,49.51,48.26,48.87,4208170,55.43
2021-12-07,49.34,49.68,48.98,49.49,5071597,56.13
2021-12-08,49.44,50.62,49.21,49.65,6123482,56.32
2021-12-09,49.55,50.8,49.25,50.32,6309367,57.08
2021-12-10,50.62,50.67,49.91,50.01,5172189,56.73
2021-12-13,49.95,49.95,49.23,49.49,4042040,56.13
2021-12-14,49.53,50.63,49.49,50.06,4183447,56.78
2021-12-15,50.16,50.31,49.27,50.16,4316476,56.9
2021-12-16,51.51,51.8,50.85,51.5,6208854,58.42
2021-12-17,51.26,51.45,50.15,50.69,22585366,57.5
2021-12-20,49.97,50.25,48.79,49.79,4890043,56.48
2021-12-21,50.39,51.25,50.37,51.04,4077413,57.89
2021-12-22,51,51.36,50.86,51.06,2630244,57.91
2021-12-23,51.29,51.86,51.15,51.23,2150326,58.11
2021-12-27,51.31,51.6,51.07,51.59,2673250,58.52
2021-12-28,51.48,52,51.44,51.54,2015978,58.46
2021-12-29,51.68,51.88,51.39,51.46,2138269,58.37
2021-12-30,51.39,51.73,51.07,51.11,1820904,57.97
2021-12-31,51.1,51.4,51.01,51.2,2423910,58.08
2022-01-03,51.66,52.03,51.44,51.58,4024915,58.51
2022-01-04,52.33,53.97,52.31,53.43,5455717,60.6
2022-01-05,53.96,54.33,52.95,53.06,4166789,60.18
2022-01-06,53.78,54.17,53.11,54.04,4001811,61.3
2022-01-07,54.1,55,53.77,54.95,6306438,62.33
2022-01-10,55.66,55.91,54.68,55.37,5748533,62.8
2022-01-11,55.28,55.79,54.62,55.6,4733292,63.07
2022-01-12,55.85,56.35,55.43,56.03,7194987,63.55
2022-01-13,56.04,56.89,55.97,56.12,4527744,63.65
2022-01-14,55.72,56.15,54.8,56.07,6350486,63.6
2022-01-18,54.39,55.74,54.22,55.47,7548738,62.92
2022-01-19,55.71,55.72,52,52.23,6822891,59.24
2022-01-20,52.25,53.96,51.97,52.83,7608571,59.92
2022-01-21,52.62,52.69,50.12,50.41,6676545,57.18
2022-01-24,49.42,51.93,48.64,51.93,2231636,58.9
2022-01-25,51.43,52.54,50.29,52.03,6690766,59.02
2022-01-26,52.59,53.21,51.28,51.95,5764443,58.92
2022-01-27,52.47,53.5,50.77,51.46,5374860,58.37
2022-01-28,51.31,51.89,50.55,51.86,4529447,58.48
2022-01-31,51.5,52.61,51.03,52.55,8628687,59.26
2022-02-01,52.84,54.01,52.37,53.82,5407942,60.69
2022-02-02,53.7,54.2,53.38,54.14,5192175,61.05
2022-02-03,54.4,54.69,53.77,53.89,3520286,60.77
2022-02-04,53.98,55.57,53.75,54.81,4834962,61.81
2022-02-07,54.95,55.46,54.65,55.2,3198779,62.25
2022-02-08,55.97,56.73,55.59,56.42,5405044,63.62
2022-02-09,56.68,56.68,55.97,56.45,3727930,63.66
2022-02-10,55.71,57.31,55.71,56.28,6541722,63.47
2022-02-11,56,57.02,54.9,55.27,6986555,62.33
2022-02-14,55.29,55.45,53.89,54.51,5946828,61.47
2022-02-15,55.1,55.48,54.81,55.19,5052606,62.23
2022-02-16,54.81,55.77,54.62,55.42,4038629,62.5
2022-02-17,54.52,54.71,50.81,50.86,10628189,57.35
2022-02-18,50.63,50.96,49.67,50,8363794,56.38
2022-02-22,49.66,50.21,48.95,49.34,6741432,55.64
2022-02-23,49.66,49.88,47.08,47.31,7309668,53.35
2022-02-24,45.83,46.73,44.88,46.56,10431388,52.5
2022-02-25,46.97,48.31,46.83,48.21,7068236,54.37
2022-02-28,46.64,47.44,46.42,47.13,12050009,53.15
2022-03-01,46.79,46.79,44.17,44.85,9330727,50.58
2022-03-02,45.37,46.75,45.37,46.24,5293907,52.14
2022-03-03,46.33,46.88,45.73,46.43,5704453,52.36
2022-03-04,45.16,45.43,44.52,45.16,6766301,50.92
2022-03-07,44.69,45.08,44.18,44.35,8844305,50.01
2022-03-08,44.95,44.99,44.95,44.99,560548,50.73
2022-03-09,46.83,47.32,46.13,46.27,7658104,52.18
2022-03-10,44.98,45.38,43.31,44.34,10131727,50
2022-03-11,45.1,45.33,44.16,44.34,6266206,50
2022-03-14,45.03,45.5,44.56,44.81,6859497,50.53
2022-03-15,45.08,45.22,44.3,44.83,6552585,50.55
2022-03-16,45.73,46.74,45.15,46.03,8175914,51.91
2022-03-17,45.28,46.59,44.67,46.57,8005601,52.51
2022-03-18,46.57,46.63,45.33,46.38,29751563,52.3
2022-03-21,46.68,46.92,45.93,46.27,8151842,52.18
2022-03-22,46.88,47.41,46.38,46.73,6218863,52.69
2022-03-23,46.47,46.71,45.83,45.87,4267601,51.73
2022-03-24,46.15,46.29,45.63,46.15,4400822,52.04
2022-03-25,46.19,47.01,46.14,46.77,4999019,52.74
2022-03-28,46.81,46.82,46.02,46.57,5085974,52.51
2022-03-29,47.34,47.56,46.38,46.77,4030921,52.74
2022-03-30,46.2,46.49,45.72,45.97,5225617,51.84
2022-03-31,45.68,45.91,43.99,44.01,6825845,49.63
2022-04-01,44.6,44.77,43.54,43.85,4764300,49.45
2022-04-04,43.9,44.19,43.07,43.91,6486044,49.51
2022-04-05,43.68,44,43.22,43.42,4986815,48.96
2022-04-06,43.19,43.21,42.53,42.74,5890171,48.2
2022-04-07,42.66,42.93,41.64,42.35,5159488,47.76
2022-04-08,42.53,43.11,42.36,42.87,3675528,48.34
2022-04-11,42.57,43.38,42.38,42.63,4216170,48.07
2022-04-12,42.4,43.12,42.05,42.26,4557665,47.65
2022-04-13,41.93,42.91,41.57,42.87,6879059,48.34
2022-04-14,42.96,43.43,41.91,41.94,8072605,47.29
2022-04-18,40.44,41.38,39.89,40.98,6659489,46.21
2022-04-19,41.09,41.52,40.93,41.25,7040486,46.52
2022-04-20,41.65,42.15,41.49,41.7,5592217,47.02
2022-04-21,42.18,42.36,40.82,40.93,5477137,46.15
2022-04-22,40.7,40.84,39.14,39.21,5389247,44.21
2022-04-25,38.83,39.44,38.26,39.35,7163288,44.37
2022-04-26,39.01,39.48,38.35,38.36,6733268,43.26
2022-04-27,37.97,38.35,37.7,37.85,7556042,42.35
2022-04-28,38.62,38.92,37.85,38.85,6237020,43.46
2022-04-29,38.85,39.04,37.5,37.59,5323179,42.06
2022-05-02,37.87,38.38,37.33,38.17,8647166,42.7
2022-05-03,38.38,39.05,38.01,38.53,7896523,43.11
2022-05-04,38.64,40.08,38.4,40.04,6434543,44.8
2022-05-05,39.62,39.62,38.66,39.42,6404383,44.1
2022-05-06,39.4,39.45,38.61,39.11,5282798,43.76
2022-05-09,38.66,39.17,38.34,38.62,5463017,43.21
2022-05-10,38.99,39.37,37.76,38.4,5759355,42.96
2022-05-11,38.53,39.34,37.86,37.92,6040127,42.43
2022-05-12,37.68,38.59,37.45,38.26,5791180,42.81
2022-05-13,38.71,39.16,38.37,38.85,4753114,43.46
2022-05-16,38.72,39.02,37.99,38.65,3993862,43.24
2022-05-17,39.5,40.01,39.22,39.86,4546052,44.59
2022-05-18,39.51,39.56,38.56,38.69,4762857,43.29
2022-05-19,37.97,39.1,37.93,38.72,7909657,43.32
2022-05-20,39.12,39.44,38.39,39.12,5886735,43.77
2022-05-23,39.95,40.39,39.53,39.94,4716571,44.68
2022-05-24,39.65,39.86,38.56,39.63,4859616,44.34
2022-05-25,39.52,40.23,39.43,39.97,4830987,44.72
2022-05-26,40.53,41,40.48,40.81,3677295,45.66
2022-05-27,40.89,41.54,40.85,41.54,3753156,46.48
2022-05-31,41.28,41.99,40.79,41.66,9760731,46.61
2022-06-01,41.63,41.71,40.24,40.8,4624706,45.65
2022-06-02,40.91,41.56,40.56,41.54,3982855,46.47
2022-06-03,41.21,41.35,40.72,40.75,2792809,45.59
2022-06-06,41.17,41.77,40.96,41.07,3376504,45.95
2022-06-07,40.69,41.51,40.5,41.42,3587234,46.34
2022-06-08,40.95,41.2,40.42,40.53,3332882,45.34
2022-06-09,40.22,40.56,39.34,39.36,3171224,44.04
2022-06-10,38.54,38.81,38.02,38.25,5368426,42.79
2022-06-13,37.5,37.67,36.76,37.07,6820370,41.47
2022-06-14,37.27,37.6,35.99,36.29,6575062,40.6
2022-06-15,36.91,37.95,36.91,37.42,6765706,41.87
2022-06-16,36.67,36.89,36.14,36.83,6065424,41.21
2022-06-17,36.97,37.5,36.64,36.76,13200216,41.13
2022-06-21,37.75,37.94,37.37,37.83,4163772,42.32
2022-06-22,37.32,37.98,37.32,37.75,6137466,42.23
2022-06-23,37.66,37.87,36.83,37.54,5109950,42
2022-06-24,37.57,39.14,37.57,38.97,21307306,43.6
2022-06-27,39.07,39.13,38.32,38.49,3644131,43.06
2022-06-28,38.92,39.37,38.21,38.31,3534358,42.86
2022-06-29,38.29,38.47,37.73,37.91,5027468,42.41
2022-06-30,37.14,37.67,36.74,37.28,3991802,41.71
2022-07-01,36.99,38.04,36.78,37.92,3304814,42.42
2022-07-05,37.16,37.63,36.63,37.61,3506309,42.08
2022-07-06,37.32,37.53,36.76,37.16,2915081,41.58
2022-07-07,37.6,38.08,37.49,37.8,3055995,42.29
2022-07-08,37.99,38.1,37.25,37.44,2225641,41.89
2022-07-11,37.05,37.49,36.83,37.28,2633770,41.71
2022-07-12,36.91,38.21,36.89,37.33,3661196,41.77
2022-07-13,36.83,37.08,36.33,36.89,4597103,41.27
2022-07-14,36.02,36.32,35.56,36.15,5716644,40.44
2022-07-15,37.29,39.1,36.82,38.8,5786678,43.41
2022-07-18,39.27,39.69,38.01,38.23,4853012,42.77
2022-07-19,38.74,39.2,38.62,38.95,4199867,43.58
2022-07-20,38.79,38.81,38.07,38.55,4465572,43.13
2022-07-21,38.7,38.93,38.4,38.86,3400298,43.48
2022-07-22,38.89,39.17,38.17,38.51,3512061,42.72
2022-07-25,38.9,38.96,38.44,38.78,2609397,43.02
2022-07-26,38.48,38.73,37.81,37.96,3197508,42.11
2022-07-27,38.25,38.82,37.92,38.66,3468184,42.88
2022-07-28,38.84,38.94,37.88,38.79,2455163,43.03
2022-07-29,38.81,39.29,38.74,39.18,3022135,43.46
2022-08-01,38.81,39.15,38.42,39.03,2837267,43.29
2022-08-02,38.63,39.14,38.39,38.72,2838677,42.95
2022-08-03,39.19,39.49,38.79,39.4,2893693,43.71
2022-08-04,39.43,39.59,38.79,38.82,2375777,43.06
2022-08-05,38.76,39.48,38.62,39.21,2919187,43.5
2022-08-08,39.49,39.61,38.81,38.84,3087695,43.08
2022-08-09,38.98,39.1,38.58,38.94,2585356,43.19
2022-08-10,39.21,39.96,39.21,39.66,2942401,43.99
2022-08-11,40.08,40.18,39.7,40,3078033,44.37
2022-08-12,40.22,40.5,39.94,40.48,3105427,44.9
2022-08-15,39.98,40.59,39.8,40.31,2891054,44.71
2022-08-16,40.04,40.97,40.04,40.59,3475812,45.03
2022-08-17,40.06,40.67,39.93,40.4,2631617,44.81
2022-08-18,40.28,40.31,39.68,40.26,3003017,44.66
2022-08-19,39.99,40,39.31,39.57,4413437,43.89
2022-08-22,38.94,39.33,38.75,38.98,4030143,43.24
2022-08-23,39.1,39.31,38.72,38.74,2317816,42.97
2022-08-24,38.63,39.03,38.48,38.75,2657491,42.98
2022-08-25,38.9,39.44,38.76,39.21,2837983,43.5
2022-08-26,39.47,39.53,37.85,37.86,3693817,42
2022-08-29,37.66,38.02,37.38,37.65,3031907,41.76
2022-08-30,37.86,37.98,37.28,37.57,2582966,41.68
2022-08-31,37.84,37.93,37.43,37.44,4022560,41.53
2022-09-01,37.37,37.37,36.5,37.29,3467492,41.36
2022-09-02,37.81,38.19,36.79,37.07,3576234,41.12
2022-09-06,37.31,37.38,36.56,37.09,4065094,41.14
2022-09-07,36.93,38.36,36.88,38.25,5065258,42.43
2022-09-08,37.95,39.52,37.88,39.5,5462566,43.82
2022-09-09,39.77,39.95,39.49,39.79,4892907,44.14
2022-09-12,40.12,40.4,39.61,39.92,4890699,44.28
2022-09-13,39.53,40.44,39.46,39.76,6577979,44.11
2022-09-14,39.85,40.19,39.02,39.41,5724848,43.72
2022-09-15,39.53,40.58,39.4,40.06,4607559,44.44
2022-09-16,39.75,39.95,39.19,39.57,8819818,43.89
2022-09-19,39.18,40.13,39.13,39.85,3457388,44.21
2022-09-20,39.52,39.58,38.67,39.01,3362664,43.27
2022-09-21,39.27,39.32,38.12,38.13,3628470,42.3
2022-09-22,38.29,38.37,36.88,36.9,6071497,40.93
2022-09-23,36.5,36.63,35.46,36.21,6379306,40.17
2022-09-26,35.9,36.31,35.37,35.58,7539470,39.47
2022-09-27,35.84,35.96,34.53,35.1,5988045,38.94
2022-09-28,35.21,35.89,34.93,35.69,6814207,39.59
2022-09-29,35.21,35.38,34.69,35.05,5350034,38.88
2022-09-30,35.15,35.62,34.68,34.73,5428876,38.52
2022-10-03,35.06,35.99,34.64,35.75,8445877,39.66
2022-10-04,36.53,37.34,36.51,37.29,7173547,41.37
2022-10-05,36.92,37.47,36.71,37.29,4661036,41.36
2022-10-06,37.05,37.34,36.59,36.67,3772356,40.68
2022-10-07,36.28,36.43,35.32,35.59,4514788,39.48
2022-10-10,35.87,36,35.32,35.35,5330197,39.21
2022-10-11,35.08,35.32,34.5,34.69,5638698,38.48
2022-10-12,34.48,34.75,33.6,33.62,9189671,37.29
2022-10-13,33.19,35.5,32.65,35.35,7913417,39.21
2022-10-14,35.49,35.95,34.53,34.63,7263674,38.41
2022-10-17,35.59,36.93,35.59,36.38,8324533,40.36
2022-10-18,37.01,37.43,35.49,36.02,10291882,39.96
2022-10-19,35.68,36.22,34.87,35.18,9412895,39.02
2022-10-20,35.13,35.72,34.59,34.64,7551968,38.42
2022-10-21,34.68,36.42,34.36,36.27,9754367,40.23
2022-10-24,36.45,37.02,36.27,36.82,7478756,40.84
2022-10-25,36.69,37.63,36.45,37.5,6866235,41.6
2022-10-26,37.67,38.09,37.22,37.53,8391763,41.26
2022-10-27,37.95,38.37,37.76,37.88,6880011,41.65
2022-10-28,38.08,38.68,37.9,38.49,6854858,42.32
2022-10-31,38.14,38.57,37.97,38.3,5205311,42.11
2022-11-01,38.59,38.68,38.07,38.41,4343846,42.23
2022-11-02,38.46,39.36,38.23,38.24,5162898,42.04
2022-11-03,37.84,38.11,37.41,37.77,5427068,41.53
2022-11-04,38.25,38.98,38.13,38.65,5924941,42.49
2022-11-07,38.94,38.98,38.46,38.58,5968690,42.42
2022-11-08,38.65,39.12,38.42,38.84,4825781,42.7
2022-11-09,38.66,38.85,38.23,38.29,2820505,42.1
2022-11-10,39.68,40.52,39.46,40.09,8734165,44.07
2022-11-11,40.25,40.65,39.99,40.49,5808730,44.52
2022-11-14,40.32,40.57,39.61,39.64,4189475,43.58
2022-11-15,39.87,40.19,39.34,39.87,5454485,43.83
2022-11-16,39.87,40.12,39.58,39.85,3010291,43.81
2022-11-17,39.27,40.02,39.08,39.91,5799342,43.88
2022-11-18,40.5,40.9,40.19,40.53,3913469,44.56
2022-11-21,40.4,40.68,40.21,40.61,2985577,44.65
2022-11-22,40.88,41.67,40.72,41.15,3793322,45.24
2022-11-23,41.06,41.61,40.95,41.38,2981617,45.49
2022-11-25,41.4,41.7,41.29,41.54,1146691,45.67
2022-11-28,41.16,41.34,40.64,40.75,3626699,44.8
2022-11-29,40.74,40.94,40.5,40.79,3003211,44.84
2022-11-30,40.82,41.8,40.24,41.75,6045982,45.9
2022-12-01,41.75,41.84,40.94,41.62,4608133,45.76
2022-12-02,41.18,41.48,40.81,41.13,3022063,45.22
2022-12-05,40.91,41.02,39.81,40.06,3534970,44.04
2022-12-06,39.29,39.72,38.72,38.97,5192786,42.84
2022-12-07,38.74,40.84,38.42,40.58,11740743,44.61
2022-12-08,40.75,40.94,40.32,40.56,5331213,44.59
2022-12-09,40.5,41.13,40.45,40.67,4406210,44.71
2022-12-12,40.67,40.93,40.49,40.79,4732914,44.85
2022-12-13,41.84,42.14,41.11,41.59,6162871,45.72
2022-12-14,41.52,41.62,40.58,40.88,4285157,44.94
2022-12-15,40.14,40.54,39.87,40.24,3761104,44.24
2022-12-16,39.68,40.21,39.61,40.1,5047644,44.09
2022-12-19,40.06,40.55,39.94,40.18,3739087,44.17
2022-12-20,40.33,40.76,40.19,40.29,3099319,44.29
2022-12-21,40.75,40.99,40.59,40.73,3291796,44.78
2022-12-22,40.43,40.74,39.72,40.46,2669872,44.48
2022-12-23,40.42,40.66,40.2,40.61,2273440,44.65
2022-12-27,40.76,40.85,40.48,40.77,2109641,44.82
2022-12-28,40.77,40.86,40.53,40.59,2013128,44.63
2022-12-29,40.85,41.6,40.75,41.53,3088408,45.66
2022-12-30,41.22,41.44,41.07,41.4,3116054,45.52
2023-01-03,41.82,42.7,41.63,42.11,5319253,46.3
2023-01-04,43.28,43.69,42.84,43.15,7777666,47.44
2023-01-05,42.95,43.23,42.69,42.94,4269119,47.21
2023-01-06,43.18,43.72,42.87,43.61,4277096,47.95
2023-01-09,43.64,44.34,43.64,43.79,4109799,48.14
2023-01-10,43.75,43.99,43.53,43.67,3746724,48.01
2023-01-11,43.69,44.53,43.57,43.82,6987295,48.18
2023-01-12,44.09,44.35,43.56,43.81,8980976,48.16
2023-01-13,43.35,45.17,43.32,44.6,13424126,49.03
2023-01-17,44.54,45.56,44.2,45.19,11402016,49.68
2023-01-18,44.89,45.43,44.73,44.78,10813182,49.23
2023-01-19,44.31,44.61,43.89,44.5,7254002,48.92
2023-01-20,44.72,45.13,44.4,45.13,6801715,49.24
2023-01-23,45.13,45.47,44.99,45.22,5320540,49.34
2023-01-24,45.17,45.61,44.8,45.33,4304440,49.46
2023-01-25,44.96,45.83,44.95,45.82,3606406,49.99
2023-01-26,46.05,46.48,45.77,46.38,4308234,50.61
2023-01-27,46.35,46.44,45.87,45.88,7450548,50.06
2023-01-30,45.54,46.05,45.5,45.61,4589964,49.77
2023-01-31,45.54,46.36,45.42,46.35,6531425,50.57
2023-02-01,45.8,46.98,45.74,46.56,6485627,50.8
2023-02-02,46.75,46.84,45.71,45.98,7285507,50.17
2023-02-03,45.72,46.5,45.62,46.04,7106619,50.23
2023-02-06,45.7,46.34,45.6,46.32,4795338,50.54
2023-02-07,46.1,47.28,46.1,47.14,6652926,51.43
2023-02-08,46.97,47.64,46.82,47.46,4441394,51.78
2023-02-09,47.67,47.86,47.2,47.26,6053459,51.57
2023-02-10,47.01,47.28,46.84,47.11,3768621,51.4
2023-02-13,47.08,47.67,46.99,47.59,3269349,51.92
2023-02-14,47.33,47.9,47.29,47.39,3558189,51.71
2023-02-15,47.03,47.5,47.03,47.45,3274948,51.77
2023-02-16,47.08,47.26,46.93,47.01,3833513,51.29
2023-02-17,46.84,47.32,46.71,47.2,3036195,51.5
2023-02-21,46.93,47.02,46.02,46.22,4759766,50.43
2023-02-22,46.29,46.52,45.72,45.97,3608499,50.16
2023-02-23,46.29,46.44,45.86,46.09,4337431,50.29
2023-02-24,45.81,46.42,45.51,46.25,4243449,50.46
2023-02-27,46.71,46.97,46.48,46.6,3919451,50.84
2023-02-28,46.63,46.88,46.47,46.63,5744840,50.88
2023-03-01,46.05,46.62,46.05,46.3,4165784,50.52
2023-03-02,46.15,46.18,45.45,46,3902708,50.19
2023-03-03,46.16,47.29,46.16,47.04,5540208,51.33
2023-03-06,47.1,47.51,46.82,46.87,4328529,51.14
2023-03-07,46.75,46.93,45.28,45.37,6113332,49.5
2023-03-08,45.44,46.17,45.37,45.64,4988750,49.8
2023-03-09,45.45,45.6,43.67,43.99,7043523,48
2023-03-10,43.41,44.41,42.6,43.36,8287305,47.31
2023-03-13,42.03,42.24,40.36,40.44,14691129,44.12
2023-03-14,41.76,42.36,41.43,41.91,9702788,45.73
2023-03-15,40.5,40.67,39.62,40.34,10377791,44.01
2023-03-16,39.89,41.01,39.42,40.69,7326137,44.4
2023-03-17,40.11,40.16,38.77,39.03,11173430,42.58
2023-03-20,39.57,40.26,39.33,39.66,7227664,43.27
2023-03-21,40.96,41.66,40.85,41.37,6479388,45.14
2023-03-22,41.44,41.55,40.23,40.28,4974282,43.95
2023-03-23,40.23,40.47,39.29,39.63,5203497,43.24
2023-03-24,38.89,39.31,38.1,39.18,5972872,42.75
2023-03-27,40.01,40.1,39.4,40,5272162,43.64
2023-03-28,39.76,40.29,39.76,40.24,3567500,43.91
2023-03-29,40.85,41.34,40.73,41.3,6486607,45.06
2023-03-30,41.78,41.97,41,41.15,5727915,44.9
2023-03-31,41.26,41.66,41.02,41.65,5195613,45.44
2023-04-03,41.65,41.78,41.05,41.38,4744455,45.15
2023-04-04,41.68,41.7,40.55,40.95,3070348,44.68
2023-04-05,40.45,41.21,40.4,41.13,3473869,44.88
2023-04-06,41.16,41.49,41.04,41.11,3207345,44.85
2023-04-10,41.11,41.7,40.99,41.45,3621201,45.23
2023-04-11,41.45,42.1,41.28,41.92,5603289,45.74
2023-04-12,42.11,42.15,41.32,42,6261203,45.83
2023-04-13,42.03,42.4,41.87,42.34,6259742,46.2
2023-04-14,42.93,43.3,42.31,42.49,4597521,46.36
2023-04-17,40.04,40.6,38.9,40.54,17075647,44.23
2023-04-18,40.23,41.19,39.16,41.14,12528656,44.89
2023-04-19,40.62,41.66,40.62,41.46,6742187,45.24
2023-04-20,41.17,41.41,40.76,41.1,5452736,44.84
2023-04-21,40.8,40.84,40.3,40.37,5165860,44.05
2023-04-24,40.37,40.48,39.98,40.19,3839427,43.85
2023-04-25,39.72,39.73,38.92,38.94,5385681,42.49
2023-04-26,38.81,39.21,38.21,38.3,4174332,41.79
2023-04-27,38.57,39.02,38.36,38.85,6731408,42.01
2023-04-28,38.56,39.61,38.52,39.38,3667974,42.59
2023-05-01,39.6,39.75,38.94,38.97,4199443,42.14
2023-05-02,38.91,38.99,37.87,38.48,6363616,41.61
2023-05-03,38.61,38.82,37.61,37.72,4715353,40.79
2023-05-04,37.44,37.73,36.76,37.06,5724658,40.08
2023-05-05,37.83,38.19,37.49,38.07,5034084,41.17
2023-05-08,38.4,38.56,38.09,38.38,3216933,41.5
2023-05-09,38.15,38.52,37.97,38.41,4023580,41.54
2023-05-10,38.74,38.92,37.68,37.93,3657707,41.02
2023-05-11,37.55,37.89,37.21,37.62,4660397,40.68
2023-05-12,37.96,37.96,36.81,37.13,5724144,40.15
2023-05-15,37.27,37.82,37.24,37.64,3246390,40.7
2023-05-16,37.34,37.52,36.66,36.68,3409341,39.67
2023-05-17,37.12,37.76,37.03,37.6,4246293,40.66
2023-05-18,37.42,38.02,37.35,37.99,4175490,41.08
2023-05-19,38.26,38.64,37.74,37.81,4661773,40.89
2023-05-22,37.95,38.23,37.72,38.14,3248289,41.25
2023-05-23,38.14,38.51,37.97,38.04,4455112,41.14
2023-05-24,37.84,37.92,37.26,37.38,3300420,40.42
2023-05-25,37.22,37.67,37.07,37.34,5302790,40.38
2023-05-26,37.38,37.9,37.35,37.71,3107773,40.78
2023-05-30,37.73,37.88,37.27,37.63,3877132,40.69
2023-05-31,37.26,37.48,36.9,37.17,7645868,40.2
2023-06-01,37.48,38.4,37.27,38.14,6258229,41.25
2023-06-02,38.66,39.91,38.55,39.52,6904816,42.74
2023-06-05,39.63,39.75,39.08,39.32,5208530,42.52
2023-06-06,39.37,40.59,39.24,40.14,4823873,43.41
2023-06-07,40.17,40.62,39.95,40.42,4020856,43.71
2023-06-08,40.34,40.58,40.05,40.55,4346271,43.85
2023-06-09,40.67,41.11,40.59,41.08,5022484,44.43
2023-06-12,41,41.12,40.08,40.43,6342023,43.72
2023-06-13,40.46,41.27,40.44,40.82,3892380,44.14
2023-06-14,41.05,41.57,40.55,40.84,3727583,44.17
2023-06-15,40.65,41.5,40.64,41.49,3553349,44.87
2023-06-16,41.61,41.72,41,41.29,12631960,44.65
2023-06-20,41.11,41.16,40.68,41.02,4586268,44.36
2023-06-21,41.08,41.17,40.66,40.69,3149251,44
2023-06-22,40.59,40.7,39.85,39.99,3668504,43.25
2023-06-23,39.52,39.79,39.24,39.61,5123868,42.84
2023-06-26,39.72,40.17,39.51,39.79,3594945,43.03
2023-06-27,39.83,40.54,39.57,40.54,5965987,43.84
2023-06-28,40.48,40.5,39.98,40.28,2581094,43.56
2023-06-29,40.57,40.88,40.36,40.87,3857749,44.2
2023-06-30,41.28,41.37,40.87,41.17,3283932,44.52
2023-07-03,41.26,41.91,41.22,41.68,1428596,45.07
2023-07-05,41.32,41.72,41.11,41.13,3297970,44.48
2023-07-06,40.51,40.61,39.96,40.52,3372008,43.82
2023-07-07,40.5,41.3,40.43,41.04,3898494,44.38
2023-07-10,40.83,41.26,40.65,40.79,3865891,44.11
2023-07-11,41.17,41.4,40.91,41.29,3825455,44.65
2023-07-12,41.8,42.11,41.62,41.81,5945165,45.22
2023-07-13,41.97,42.23,41.67,42.13,4943767,45.56
2023-07-14,42.24,42.26,38.91,39.33,12803736,42.53
2023-07-17,39.45,40.28,39.37,40.26,8248221,43.54
2023-07-18,40.46,42.37,39.85,41.92,10867011,45.33
2023-07-19,42.18,43.05,41.86,42.17,8211340,45.6
2023-07-20,42.19,42.38,41.7,42.19,6894251,45.63
2023-07-21,42.22,42.29,41.53,41.61,4710856,45
2023-07-24,41.66,42.66,41.61,42.08,4043048,45.51
2023-07-25,42.16,42.3,41.38,41.43,3634552,44.8
2023-07-26,41.61,42.47,41.52,42.18,4537379,45.62
2023-07-27,42.3,42.9,42.03,42.13,3690070,45.14
2023-07-28,42.83,42.86,41.74,41.98,2715128,44.98
2023-07-31,42.2,42.49,42.07,42.33,2533976,45.36
2023-08-01,42.19,42.37,41.7,42.15,3401540,45.16
2023-08-02,41.65,42.26,41.45,42.21,4119989,45.23
2023-08-03,42.13,42.72,41.97,42.52,5054894,45.56
2023-08-04,42.46,43.02,42.25,42.36,3626248,45.39
2023-08-07,42.55,43.4,42.49,43.24,4616563,46.33
2023-08-08,42.25,42.76,41.94,42.67,3902981,45.72
2023-08-09,42.64,42.95,42.22,42.25,3661931,45.27
2023-08-10,42.42,42.94,42.35,42.83,3921249,45.89
2023-08-11,42.58,43.06,42.53,42.94,3630527,46.01
2023-08-14,42.8,42.84,42.1,42.17,3536526,45.18
2023-08-15,41.65,41.93,41.2,41.44,3190720,44.4
2023-08-16,41.29,41.47,41.11,41.18,2514763,44.12
2023-08-17,41.48,41.59,40.99,41.16,2960451,44.1
2023-08-18,40.79,41.33,40.72,41.08,2614359,44.02
2023-08-21,41.07,41.19,40.33,40.84,2943502,43.76
2023-08-22,41.01,41.03,39.92,39.95,2906646,42.81
2023-08-23,40.08,40.68,39.9,40.63,3070229,43.53
2023-08-24,40.48,41.4,40.48,40.66,3081326,43.57
2023-08-25,40.78,41.06,40.4,40.81,2951460,43.73
2023-08-28,41.05,41.6,41.03,41.3,1996374,44.25
2023-08-29,41.41,41.62,41.11,41.38,2571306,44.34
2023-08-30,41.43,41.76,41.32,41.52,2849184,44.49
2023-08-31,41.69,41.91,41.46,41.88,5077253,44.87
2023-09-01,42.23,42.7,42.06,42.39,5147647,45.42
2023-09-05,42.37,42.86,42.14,42.18,4542861,45.2
2023-09-06,42,42.24,41.55,41.7,3894961,44.68
2023-09-07,41.64,42.05,41.64,41.86,3860531,44.85
2023-09-08,41.82,41.96,41.31,41.79,5480481,44.78
2023-09-11,42.23,42.76,41.77,41.92,8149207,44.92
2023-09-12,41.99,42.75,41.76,42.35,5926857,45.38
2023-09-13,42.68,42.72,42.03,42.25,5613396,45.27
2023-09-14,42.65,43.17,42.36,42.76,4336012,45.82
2023-09-15,42.39,42.57,42,42.19,16217223,45.21
2023-09-18,42.05,42.09,41.62,41.81,3872436,44.8
2023-09-19,41.82,41.96,41.11,41.18,3372814,44.12
2023-09-20,41.4,41.55,40.74,40.78,4152400,43.7
2023-09-21,40.64,40.76,40.22,40.28,3411180,43.16
2023-09-22,40.32,40.39,39.73,39.85,2981110,42.7
2023-09-25,39.61,40.11,39.48,40.03,2196522,42.89
2023-09-26,39.66,39.97,39.32,39.43,3160434,42.25
2023-09-27,39.61,39.67,39.11,39.36,3107978,42.17
2023-09-28,39.36,40.04,39.33,39.83,2793150,42.68
2023-09-29,40.13,40.47,39.66,39.8,3394782,42.65
2023-10-02,39.75,39.83,39.07,39.26,2738187,42.07
2023-10-03,38.76,38.93,38.43,38.56,3426320,41.32
2023-10-04,38.55,38.67,37.99,38.49,3056522,41.24
2023-10-05,38.2,38.99,38.14,38.91,3936379,41.69
2023-10-06,38.78,39.54,38.41,39.34,3673146,42.15
2023-10-09,38.86,39.32,38.85,39.13,3415461,41.93
2023-10-10,39.36,39.76,39.21,39.48,3103740,42.3
2023-10-11,39.37,39.73,39.12,39.34,2979288,42.15
2023-10-12,39.5,39.51,38.06,38.5,6274716,41.25
2023-10-13,38.68,39.18,38.29,38.43,3921098,41.18
2023-10-16,38.77,39.29,38.64,39.05,4290040,41.84
2023-10-17,38.26,40.99,37.01,40.54,17157910,43.44
2023-10-18,40.42,41.17,40.22,40.27,6832282,43.15
2023-10-19,40.36,40.52,39.3,39.38,5829336,42.19
2023-10-20,39.24,39.43,38.41,38.88,4388846,41.66
2023-10-23,38.78,39.1,38.6,38.72,4688173,41.49
2023-10-24,38.8,39.55,38.63,38.98,3848172,41.77
2023-10-25,38.82,39.19,38.52,39.06,5640290,41.85
2023-10-26,39.07,40.09,39.06,39.71,5049410,42.12
2023-10-27,39.58,39.62,39.12,39.25,5848681,41.63
2023-10-30,39.69,40.11,39.41,39.92,3817757,42.34
2023-10-31,39.9,40.21,39.77,40.07,3661996,42.5
2023-11-01,40.07,40.89,39.99,40.7,5906044,43.17
2023-11-02,41.1,41.81,40.97,41.71,7494368,44.24
2023-11-03,42.34,42.92,42.16,42.66,4432843,45.25
2023-11-06,42.73,42.82,42,42.41,4017698,44.99
2023-11-07,42.13,42.62,42.01,42.04,3717615,44.59
2023-11-08,42.17,42.51,41.78,42.4,4320868,44.97
2023-11-09,42.82,43.38,42.36,42.46,6671274,45.04
2023-11-10,42.73,43.1,42.55,43.05,3596980,45.66
2023-11-13,42.73,43.03,42.63,42.8,2005235,45.4
2023-11-14,43.37,44.18,43.37,43.79,7886536,46.45
2023-11-15,43.9,44.45,43.89,43.9,8012788,46.57
2023-11-16,43.89,44.19,43.4,43.82,3904133,46.48
2023-11-17,44.28,44.5,44,44.5,5924953,47.2
2023-11-20,44.54,44.68,44.08,44.42,4790145,47.12
2023-11-21,44.39,44.65,44.21,44.24,9193236,46.93
2023-11-22,44.32,44.6,44.04,44.52,2850944,47.22
2023-11-24,44.55,44.75,44.35,44.64,1552192,47.35
2023-11-27,44.42,44.52,44.13,44.31,4074533,47
2023-11-28,44.33,44.68,44.13,44.4,3977160,47.1
2023-11-29,44.56,45.13,44.53,44.83,2818583,47.55
2023-11-30,44.99,45.6,44.72,45.55,6043953,48.32
2023-12-01,45.47,46.17,45.3,45.92,3274186,48.71
2023-12-04,45.53,46.16,45.38,45.89,3668388,48.68
2023-12-05,45.8,45.94,45.31,45.66,2862048,48.43
2023-12-06,45.9,46.52,44.76,44.8,6061497,47.52
2023-12-07,45.05,45.67,44.88,45.66,4773142,48.43
2023-12-08,45.72,46.42,45.57,46.25,3668815,49.06
2023-12-11,46.34,46.89,46.34,46.71,4174407,49.55
2023-12-12,46.7,47.26,46.65,47.05,3382391,49.91
2023-12-13,47.09,48.04,46.88,48.03,5107413,50.95
2023-12-14,48.53,49.01,48.38,48.66,7383102,51.62
2023-12-15,48.35,48.78,48.17,48.67,8085685,51.63
2023-12-18,49.07,49.1,48.38,48.49,4751151,51.43
2023-12-19,48.47,48.83,48.19,48.75,3933760,51.71
2023-12-20,48.56,48.96,47.96,47.99,3440861,50.9
2023-12-21,48.13,48.53,47.99,48.46,3020275,51.4
2023-12-22,48.64,48.91,48.39,48.52,2484629,51.47
2023-12-26,48.5,49,48.41,48.99,1497693,51.97
2023-12-27,48.97,49.16,48.7,49.09,1651330,52.07
2023-12-28,49.03,49.32,49.03,49.23,1783270,52.22
2023-12-29,49.21,49.31,48.91,49.07,1853115,52.05
2024-01-02,49.02,49.57,48.97,49.38,2778572,52.38
2024-01-03,49.44,49.49,48.83,48.83,3172976,51.8
2024-01-04,49,49.53,48.9,49.03,3868353,52.01
2024-01-05,48.89,49.74,48.89,49.39,2778836,52.39
2024-01-08,49.4,49.76,49.11,49.68,3496273,52.7
2024-01-09,49.51,50.14,49.35,49.92,4932476,52.95
2024-01-10,49.76,49.9,49.41,49.71,4502618,52.73
2024-01-11,49.49,49.79,49.22,49.71,6656151,52.73
2024-01-12,51.85,52.12,50.96,51.71,8419410,54.85
2024-01-16,51.85,52.29,51.46,52.22,7344519,55.39
2024-01-17,51.7,52.15,51.49,51.72,5553127,54.86
2024-01-18,51.71,51.83,50.9,51.51,3682297,54.64
2024-01-19,51.81,52.43,51.57,52.29,7174034,55.04
2024-01-22,52.36,52.79,52.01,52.09,5682789,54.83
2024-01-23,51.87,52.26,51.78,52.07,3234703,54.81
2024-01-24,52.21,52.55,51.99,52.17,3884470,54.91
2024-01-25,52.39,52.79,52.12,52.58,5024665,55.34
2024-01-26,52.69,53.04,52.38,52.57,3115547,55.33
2024-01-29,52.41,53.14,52.39,53.11,5418945,55.9
2024-01-30,53.36,53.44,52.93,53.24,3817194,56.04
2024-01-31,53.09,53.61,52.68,52.69,3993397,55.46
2024-02-01,52.73,53.04,51.95,52.73,3594584,55.5
2024-02-02,52.72,53.33,52.66,52.85,4148492,55.63
2024-02-05,52.51,52.6,52.04,52.26,4354413,55.01
2024-02-06,52.16,52.56,52.14,52.31,3844197,55.06
2024-02-07,52.38,52.68,51.93,52.51,3391026,55.27
2024-02-08,52.32,52.63,51.94,52.36,2901344,55.11
2024-02-09,52.26,52.6,52.09,52.46,2625835,55.22
2024-02-12,52.37,53.25,52.29,52.84,4404297,55.62
2024-02-13,52.26,52.39,50.73,51.2,3888798,53.89
2024-02-14,51.67,51.89,51.48,51.76,3624510,54.48
2024-02-15,52.05,52.65,51.99,52.53,3641505,55.29
2024-02-16,52.45,52.91,52.04,52.4,3057636,55.15
2024-02-20,51.34,52.43,51.33,52.13,4865826,54.87
2024-02-21,52.22,52.54,51.9,52.37,3154302,55.12
2024-02-22,52.55,52.85,52.29,52.6,3041411,55.36
2024-02-23,52.82,53.26,52.57,52.86,3745167,55.64
2024-02-26,52.57,53.37,52.43,52.52,3677776,55.28
2024-02-27,52.54,52.81,52.41,52.78,2530332,55.55
2024-02-28,52.77,53.3,52.61,52.86,3186495,55.64
2024-02-29,53.1,53.44,52.85,53.29,7158726,56.09
2024-03-01,53.15,53.39,52.51,52.72,2833518,55.49
2024-03-04,52.41,53.4,52.41,52.72,3890343,55.49
2024-03-05,52.63,53.55,52.58,53.1,3945398,55.89
2024-03-06,53.03,53.15,52.25,52.99,4466920,55.78
2024-03-07,53.09,53.31,52.72,52.95,2745753,55.73
2024-03-08,52.99,53.36,52.66,52.7,3290139,55.47
2024-03-11,52.29,53.09,52.14,52.83,3013054,55.61
2024-03-12,52.97,53.03,52.21,52.37,3223580,55.12
2024-03-13,52.48,52.79,52.29,52.52,4519568,55.28
2024-03-14,52.3,52.52,51.51,51.73,5194446,54.45
2024-03-15,51.23,51.92,51.18,51.69,8966963,54.41
2024-03-18,51.84,52.21,51.5,52.2,3178748,54.94
2024-03-19,52.24,52.53,52.12,52.48,3589227,55.24
2024-03-20,52.39,53.41,52.21,53.35,2352716,56.15
2024-03-21,53.67,54.48,53.57,54.42,3447324,57.28
2024-03-22,54.43,54.58,53.59,53.65,2769135,56.47
2024-03-25,53.74,54.23,53.6,53.72,2862886,56.54
2024-03-26,53.77,54.14,53.65,53.78,2607577,56.61
2024-03-27,54.06,54.37,53.64,54.09,3021668,56.93
2024-03-28,54.26,54.99,54.2,54.74,3116295,57.62
2024-04-01,54.59,54.64,53.92,54.12,2450010,56.96
2024-04-02,54.13,54.48,54.01,54.2,2766596,57.05
2024-04-03,54.15,54.84,54.15,54.78,3289625,57.66
2024-04-04,55.1,55.36,53.86,53.93,2465297,56.77
2024-04-05,53.81,54.12,53.27,53.91,3671135,56.74
2024-04-08,54.12,54.46,53.86,54.17,3564822,57.02
2024-04-09,54.38,54.55,53.55,54.34,2759822,57.2
2024-04-10,53.68,53.89,52.75,52.9,3432000,55.68
2024-04-11,52.81,52.94,51.94,52.6,3396491,55.37
2024-04-12,52.45,53.18,51.93,52.3,4933875,55.05
2024-04-15,53.02,53.27,51.84,52.34,6132678,55.09
2024-04-16,52.6,52.91,50.01,51.3,8232834,54
2024-04-17,51.44,52.23,51.38,51.74,4513903,54.46
2024-04-18,52.14,52.76,52.02,52.49,3473895,55.25
2024-04-19,52.65,53.59,52.65,53.48,4420732,56.29
2024-04-22,53.89,54.6,53.5,54.31,2936327,57.16
2024-04-23,54.29,54.95,54.24,54.57,2861357,57.44
2024-04-24,54.18,55.11,54.14,55.06,3226049,57.95
2024-04-25,54.84,55.21,54.31,54.72,3254122,57.18
2024-04-26,54.79,55.22,54.62,54.85,2058025,57.32
2024-04-29,54.92,55.33,54.62,54.86,2638539,57.33
2024-04-30,54.73,54.84,54.03,54.06,3530011,56.49
2024-05-01,54.1,54.48,53.67,54.03,4053956,56.46
2024-05-02,54.47,54.71,53.89,54.17,3187564,56.6
2024-05-03,54.46,54.75,54.05,54.55,2214001,57
2024-05-06,55.03,55.12,54.53,55.01,2402975,57.48
2024-05-07,54.95,55.48,54.89,54.93,2820108,57.4
2024-05-08,54.77,55.27,54.66,55.04,2939841,57.51
2024-05-09,54.85,56,54.85,55.84,3793636,58.35
2024-05-10,56.02,56.21,55.82,55.93,3255507,58.44
2024-05-13,56.09,56.22,55.35,55.36,2144250,57.85
2024-05-14,55.41,55.94,55.32,55.84,2879104,58.35
2024-05-15,56.11,56.41,55.89,56.27,2710847,58.8
2024-05-16,56.27,56.67,56.22,56.24,2604214,58.77
2024-05-17,56.52,56.99,56.17,56.94,2903163,59.5
2024-05-20,56.96,57.13,56.24,56.41,1928008,58.95
2024-05-21,56.39,56.63,56.16,56.54,2557909,59.08
2024-05-22,56.33,56.63,55.96,56.43,3219925,58.97
2024-05-23,56.45,56.45,55.61,55.82,2554927,58.33
2024-05-24,56.05,56.59,55.99,56.55,2098327,59.09
2024-05-28,56.44,56.61,55.64,55.74,2402310,58.24
2024-05-29,55.17,55.49,54.8,55.28,2873535,57.76
2024-05-30,55.45,56.3,55.31,55.91,4526440,58.42
2024-05-31,55.98,57.12,55.87,57.05,5168619,59.61
2024-06-03,57.03,57.07,56.24,57.01,2427211,59.57
2024-06-04,56.56,56.84,55.89,56.34,2646123,58.87
2024-06-05,56.51,56.61,56,56.36,2282894,58.89
2024-06-06,56.35,57.35,55.93,57.33,3822320,59.91
2024-06-07,57.07,58.06,57.02,57.72,3317200,60.31
2024-06-10,57.34,58.25,57.23,58.13,3844263,60.74
2024-06-11,57.77,58.2,56.08,56.23,3446094,58.76
2024-06-12,57.02,57.15,55.84,56.09,3105422,58.61
2024-06-13,55.87,56.07,55.23,55.98,2634361,58.5
2024-06-14,55.52,55.89,55.26,55.52,2329752,58.02
2024-06-17,55.33,55.71,54.72,55.67,3062024,58.17
2024-06-18,55.66,56.18,55.3,56.16,3376976,58.68
2024-06-20,56.02,56.59,55.99,56.31,2781311,58.84
2024-06-21,56.3,56.41,55.9,56.29,12367201,58.82
2024-06-24,56.45,57.26,56.35,56.92,2929486,59.48
2024-06-25,56.55,56.7,56.09,56.26,2067868,58.79
2024-06-26,55.96,56.28,55.68,56.15,4273982,58.67
2024-06-27,57.01,57.14,56.46,56.98,3901098,59.54
2024-06-28,57.2,57.49,56.9,57.31,5889723,59.89
2024-07-01,57.89,57.96,57.2,57.52,2637351,60.11
2024-07-02,57.41,57.93,57.31,57.9,3034901,60.5
2024-07-03,58.13,58.29,57.7,57.87,1528637,60.47
2024-07-05,57.79,57.79,57.09,57.3,2225053,59.88
2024-07-08,57.46,57.59,56.64,56.98,3977598,59.54
2024-07-09,57.06,58.03,56.85,57.62,3871085,60.21
2024-07-10,57.61,58.13,57.44,58.09,3097180,60.7
2024-07-11,58.11,58.9,57.87,58.83,4173039,61.47
2024-07-12,60.41,62.13,59.94,61.91,9394513,64.69
2024-07-15,61.87,63.07,61.87,62.88,6332588,65.71
2024-07-16,62.73,63.07,62,62.22,5198256,65.02
2024-07-17,62.41,62.83,61.16,61.33,7343052,64.09
2024-07-18,61.25,61.63,60.05,60.75,6165433,63.48
2024-07-19,61.04,61.04,59.97,59.99,3569393,62.69
2024-07-22,60.13,61.03,59.86,61,4426921,63.26
2024-07-23,61.04,62.6,61.03,61.35,6740943,63.63
2024-07-24,61.5,62.32,61.3,61.61,4727935,63.9
2024-07-25,61.79,62.99,61.64,62.49,4124750,64.81
2024-07-26,62.73,63.5,62.61,63.01,3898661,65.35
2024-07-29,62.92,63.09,62.03,62.28,3089674,64.59
2024-07-30,62.68,63.28,62.53,62.91,3208732,65.24
2024-07-31,63.2,63.26,62.46,62.74,4972568,65.07
2024-08-01,62.91,63.14,61.83,62.33,4958588,64.64
2024-08-02,61.57,62.35,60.4,60.86,6162182,63.12
2024-08-05,59.4,60.01,58.75,59.22,5604846,61.42
2024-08-06,59.25,60.71,59.06,59.96,3628809,62.19
2024-08-07,60.86,61.25,59.35,59.49,3704821,61.7
2024-08-08,59.91,61.42,59.67,61.14,3698643,63.41
2024-08-09,61.1,61.53,60.97,61.5,3460649,63.78
2024-08-12,61.58,61.96,60.86,61.01,3803727,63.27
2024-08-13,61.32,61.35,60.58,61.28,2355701,63.55
2024-08-14,61.33,62.08,61.23,61.82,2791098,64.11
2024-08-15,62.45,62.93,62.19,62.66,3811144,64.98
2024-08-16,62.72,63.38,62.7,63.26,7017893,65.61
2024-08-19,63.29,63.57,63.01,63.39,2309815,65.74
2024-08-20,63.41,63.41,62.78,63,2478615,65.34
2024-08-21,63.12,63.23,62.68,62.91,3026466,65.24
2024-08-22,63.06,63.61,62.91,63.15,3126748,65.49
2024-08-23,63.44,64.14,63.16,64.02,2747238,66.4
2024-08-26,64.22,64.91,64.07,64.6,2440636,67
2024-08-27,64.59,65.2,64.52,64.81,2541926,67.21
2024-08-28,64.57,65.32,64.32,64.6,3393692,67
2024-08-29,64.85,65.24,64.38,64.84,2485597,67.25
2024-08-30,64.93,65.92,64.72,65.78,4351992,68.22
2024-09-03,65.42,65.87,65.15,65.46,3259339,67.89
2024-09-04,65.8,66.09,65.16,65.32,2942670,67.74
2024-09-05,65.82,66.04,64.99,65.57,3850147,68
2024-09-06,65.71,66.15,63.85,64.03,4114892,66.41
2024-09-09,64.62,65.84,64.54,65.3,4495558,67.72
2024-09-10,65.51,65.51,63.67,65.09,4946174,67.51
2024-09-11,64.82,65.74,63.65,65.66,4167487,68.1
2024-09-12,65.81,66.63,65.58,66.55,4083965,69.02
2024-09-13,66.88,67.24,66.06,66.24,3617599,68.7
2024-09-16,66.53,68.08,66.53,68.01,3409959,70.53
2024-09-17,67.93,68.38,67.74,68.28,3263324,70.81
2024-09-18,68.19,69.23,67.84,68.5,2974911,71.04
2024-09-19,68.94,69.35,68.07,69.15,3701278,71.72
2024-09-20,68.93,69.39,68.63,69.25,8684506,71.82
2024-09-23,70.26,70.57,69.5,69.56,3635061,72.14
2024-09-24,69.18,69.65,68.82,69.25,3583290,71.82
2024-09-25,69.55,69.81,69.3,69.59,3725455,72.17
2024-09-26,69.69,69.71,68.93,68.94,4790383,71.5
2024-09-27,69.11,69.69,68.76,69.13,3311623,71.7
2024-09-30,68.8,69.42,68.32,69.29,5564990,71.86
2024-10-01,69.12,69.17,68.32,68.57,5149788,71.11
2024-10-02,68.5,68.9,68,68.41,5251655,70.95
2024-10-03,68.34,68.47,67.89,68.29,3074339,70.82
2024-10-04,68.98,69.45,68.56,69.4,2361483,71.98
2024-10-07,69.42,70.13,69.27,69.85,3084346,72.44
2024-10-08,70.09,70.72,70.06,70.58,3788810,73.2
2024-10-09,70.75,71.55,70.64,71.37,3820546,74.02
2024-10-10,71.13,71.81,71.02,71.79,4036805,74.45
2024-10-11,72.53,73.43,70.16,71.5,10109152,74.15
2024-10-14,72.09,73.87,71.79,73.77,5628739,76.51
2024-10-15,74.24,74.89,73.43,73.5,6490869,76.23
2024-10-16,73.58,74.7,73.33,74.53,3340254,77.3
2024-10-17,74.93,75.24,74.61,74.97,3111456,77.75
2024-10-18,74.96,74.97,73.76,73.93,4827920,76.67
2024-10-21,73.93,74.01,73.37,73.62,2306278,75.88
2024-10-22,73.4,73.81,73.17,73.65,3114693,75.91
2024-10-23,73.54,74.12,73.43,74.09,4645869,76.37
2024-10-24,74.22,74.44,73.83,74.22,2823093,76.5
2024-10-25,74.19,74.31,72.92,72.96,2727656,75.2
2024-10-28,73.46,74.68,73.29,74.23,3847666,76.51
2024-10-29,74.23,74.79,74.13,74.28,2390205,76.56
2024-10-30,74.22,74.65,73.45,73.66,4104048,75.93
2024-10-31,73.66,73.94,72.79,73.11,3508567,75.36
2024-11-01,73.21,74.06,73.03,73.06,3339487,75.31
2024-11-04,73.1,73.36,72.08,72.76,3994811,75
2024-11-05,72.92,73.94,72.86,73.74,2583254,76.01
2024-11-06,77.83,77.89,75.46,75.87,6241334,78.2
2024-11-07,75.53,75.86,74.96,75.37,3731517,77.69
2024-11-08,75.67,75.81,74.76,74.76,3176365,77.06
2024-11-11,75.66,76.77,75.49,76.33,3201615,78.68
2024-11-12,76.18,76.47,75.54,75.62,3461969,77.95
2024-11-13,75.79,76.4,75.19,75.29,5321534,77.61
2024-11-14,75.47,75.97,75.11,75.26,4220357,77.57
2024-11-15,75.18,76.09,75.18,75.95,4211855,78.29
2024-11-18,75.77,76.33,75.55,76.3,2638929,78.65
2024-11-19,75.49,76.1,75.28,75.29,2168509,77.61
2024-11-20,75.58,75.65,74.83,75.55,3482669,77.87
2024-11-21,76.16,76.84,75.78,76.53,2844402,78.88
2024-11-22,76.66,77.84,76.6,77.75,2757874,80.14
2024-11-25,78.1,79.19,77.96,78.8,5329271,81.22
2024-11-26,78.5,78.97,77.86,78.85,3239904,81.27
2024-11-27,79.06,79.63,78.82,79.3,2823693,81.74
2024-11-29,79.7,80.25,79.43,79.43,2180286,81.87
2024-12-02,79.65,79.8,78.54,78.69,2840921,81.11
2024-12-03,79.43,79.63,78.39,78.44,2952414,80.85
2024-12-04,78.36,78.57,77.51,77.8,2761258,80.19
2024-12-05,77.88,79.73,77.81,79.06,3635994,81.49
2024-12-06,78.9,79.25,77.68,78.11,2509660,80.51
2024-12-09,78.94,79.16,78.1,78.21,5712196,80.61
2024-12-10,78.22,78.6,77.59,78.21,3607313,80.62
2024-12-11,78.55,78.73,76.25,77.29,4817311,79.67
2024-12-12,77.13,77.63,76.64,77.2,4468810,79.57
2024-12-13,77.7,77.7,76.21,76.48,2982509,78.83
2024-12-16,76.69,77.17,76.3,76.72,3496143,79.08
2024-12-17,76.31,76.91,75.94,76.11,4064932,78.45
2024-12-18,75.91,76.19,73.52,73.56,4648433,75.82
2024-12-19,74.31,75.17,73.61,74.13,5814251,76.41
2024-12-20,74.61,75.69,73.82,75.3,13075251,77.62
2024-12-23,74.64,75.33,74.53,75.26,2669984,77.57
2024-12-24,75.27,75.96,75.02,75.72,1236499,78.05
2024-12-26,75.43,76.15,75.26,76.01,1970170,78.35
2024-12-27,75.59,76.12,74.79,75.26,2072453,77.57
2024-12-30,74.45,75,73.95,74.81,1891046,77.11
2024-12-31,75.02,75.18,74.34,74.54,2380728,76.83
2025-01-02,74.94,75.61,74.62,75.1,3443323,77.41
2025-01-03,74.71,75.05,73.87,74.64,3369250,76.93
2025-01-06,75.46,76.34,75.29,75.6,3381305,77.92
2025-01-07,75.8,76.15,74.76,75.63,4498809,77.96
2025-01-08,75.58,75.68,74.49,75.62,3031602,77.95
2025-01-10,75.09,75.53,73.14,73.17,3577419,75.42
2025-01-13,72.91,73.87,72.68,73.84,4068724,76.11
2025-01-14,73.7,74.45,73.46,73.67,4689918,75.94
2025-01-15,76.74,79.69,76.74,79.59,9274288,82.04
2025-01-16,79.28,80.01,78.62,79.8,5143384,82.25
2025-01-17,79.88,81.17,78.93,80.81,4695759,83.29
2025-01-21,80.85,82.46,80.85,82.4,4830082,84.93
2025-01-22,82.26,83.25,81.37,81.81,4289085,84.33
2025-01-23,81.87,83,81.61,82.2,4041643,84.73
2025-01-24,81.94,83.76,81.9,83.23,4305997,85.79
2025-01-27,83.11,83.83,82.65,83.8,2964030,85.9
2025-01-28,83.32,84.57,83.3,84.23,3248265,86.34
2025-01-29,83.73,85.55,83.73,83.93,3398297,86.04
2025-01-30,84.61,85.39,83.94,84.38,2859329,86.5
2025-01-31,84.32,84.74,83.68,83.83,3905697,85.93
2025-02-03,82.54,83.55,81.7,83.1,3491226,85.19
2025-02-04,82.95,83.19,82.35,82.78,3090372,84.86
2025-02-05,83.3,83.86,82.81,83.64,3217039,85.74
2025-02-06,84.2,84.38,83.73,84.28,2483508,86.4
2025-02-07,84.48,84.85,83.81,84.04,3430634,86.15
2025-02-10,84.04,84.27,82.61,82.95,2443682,85.03
2025-02-11,82.77,83.48,82.37,83.41,2329322,85.5
2025-02-12,82.67,83.62,82.27,83.23,2961424,85.32
2025-02-13,83.63,85.07,83.42,84.75,3373201,86.88
2025-02-14,85.26,86.09,85.14,85.69,5104314,87.84
2025-02-18,86.69,87.25,85.95,86.72,6665100,88.9
2025-02-19,86.25,86.75,85.45,86.15,4055390,88.31
2025-02-20,86.33,86.36,83.91,85.03,5921945,87.16
2025-02-21,85.35,85.74,84.71,85.11,5988911,87.25
2025-02-24,85.34,86.22,84.44,85.85,6665719,88.01
2025-02-25,86.22,86.26,83.76,84.63,5937097,86.75
2025-02-26,85.05,86,84.07,84.23,3709852,86.34
2025-02-27,84.58,85.84,84.33,84.76,3081516,86.89
2025-02-28,85.06,86.77,84.93,86.77,7190973,88.95
2025-03-03,87.4,88.13,85.55,86.19,4375718,88.35
2025-03-04,85.3,85.72,82.24,83.45,4968115,85.54
2025-03-05,83.56,85.05,83.1,84.44,4391104,86.56
2025-03-06,83.44,83.94,81.91,82.62,3664930,84.69
2025-03-07,82.25,84.03,81.84,83.74,6459154,85.84
2025-03-10,81.8,84.46,81.32,82.18,5259957,84.24
2025-03-11,81.82,82.05,78.81,79.07,8531251,81.05
2025-03-12,79.99,80.06,77.3,78.78,5488715,80.76
2025-03-13,79.09,79.09,77.31,77.71,4164370,79.66
2025-03-14,78.39,79.94,77.95,79.75,4354160,81.75
2025-03-17,79.69,81.19,79.44,80.4,4496572,82.42
2025-03-18,80.37,80.99,79.94,80.62,4576982,82.64
2025-03-19,80.77,82.37,80.18,81.85,3748455,83.9
2025-03-20,81.22,82.3,81.12,81.87,3119858,83.93
2025-03-21,81.57,82.07,80.65,81.5,9720941,83.55
2025-03-24,82.53,83.32,82.2,82.63,2607051,84.7
2025-03-25,83.06,83.85,82.52,83.16,2538827,85.25
2025-03-26,83.52,83.96,82.56,83.01,2453035,85.09
2025-03-27,82.86,83.13,81.81,82.41,3171277,84.48
2025-03-28,82.18,82.77,80.46,80.68,2643715,82.71
2025-03-31,79.81,82.24,79.35,81.82,4254581,83.87
2025-04-01,81.68,82.09,80.56,81.72,2881914,83.77
2025-04-02,80.98,82.48,80.54,82.16,3191062,84.22
2025-04-03,79.25,79.94,77.83,77.95,5262466,79.91
2025-04-04,75.15,76.8,71.14,71.51,6696944,73.31
2025-04-07,69.59,74.44,68.73,72.28,7460992,74.09
2025-04-08,75.08,75.76,70.36,71.7,4831593,73.5
2025-04-09,70.34,78.19,70.34,77.41,6399853,79.35
2025-04-10,75.73,76.6,72.8,74.73,5387153,76.61
2025-04-11,71.81,76.74,70.72,75.77,6804438,77.67
2025-04-14,76.11,77.11,75.04,75.62,4435368,77.52
2025-04-15,76.31,77.12,75.54,75.87,3813811,77.77
2025-04-16,75.78,75.93,73.37,73.88,5147348,75.73
2025-04-17,74.09,75.6,73.42,74.47,4318572,76.34
2025-04-21,74,74.33,72.19,72.67,2627415,74.04
2025-04-22,74.01,75.29,73.96,74.9,3789221,76.31
2025-04-23,76.47,78.21,76.05,76.3,3764119,77.73
2025-04-24,76.26,77.76,76.06,77.27,4898015,78.72
2025-04-25,77.26,77.7,76.73,77.2,2508275,78.65
2025-04-28,77.49,78.03,77.08,77.45,2995504,78.91
2025-04-29,77.3,78.88,77.11,78.56,3142162,80.04
2025-04-30,77.43,79.11,76.34,78.93,4856972,80.41
2025-05-01,78.53,80.03,78.25,79.42,3275889,80.91
2025-05-02,80.83,81.77,80.46,80.62,4335045,82.14
2025-05-05,79.97,81.25,79.69,80.66,2710609,82.18
2025-05-06,79.62,82.01,79.62,81.38,4368683,82.91
2025-05-07,81.38,82.71,81.38,82.4,4827901,83.95
2025-05-08,82.98,84.6,82.98,83.92,4467652,85.5
2025-05-09,84.41,84.79,84.11,84.33,3855268,85.91
2025-05-12,86.33,86.92,84.92,85.49,4648688,87.1
2025-05-13,85.64,86.83,85.37,86.31,3073779,87.93
2025-05-14,86.45,86.6,86,86.32,3006779,87.94
2025-05-15,86.26,87.88,86.15,87.74,3692255,89.39
2025-05-16,87.96,88.83,87.7,88.41,6290943,90.07
2025-05-19,87.99,88.95,87.36,88.66,3429501,90.33
2025-05-20,88.17,88.76,87.84,88.44,3286939,90.1
2025-05-21,88,88.31,87.19,87.26,6474951,88.9
2025-05-22,87.11,88,86.9,87.54,3696017,89.18
2025-05-23,86.54,87.84,86.26,87.45,2974340,89.09
2025-05-27,87.9,88.6,87.54,88.57,3793052,90.23
2025-05-28,88.4,88.57,87.1,87.16,3223529,88.8
2025-05-29,87.7,88.21,86.89,87.43,3767714,89.07
2025-05-30,87.16,87.21,86.34,86.98,6337730,88.61
2025-06-02,86.57,87.37,86.18,87.34,2449633,88.98
2025-06-03,87.14,88.14,86.81,87.67,3199545,89.32
2025-06-04,87.57,88.01,86.69,86.7,4026670,88.33
2025-06-05,86.96,87.24,86.5,86.95,3214338,88.58
2025-06-06,87.76,88.72,87.48,88.65,2263353,90.32
2025-06-09,88.64,88.83,88.05,88.35,2536010,90.01
2025-06-10,88.03,88.79,87.83,88.34,2745613,90
2025-06-11,88.18,88.45,87.63,87.91,3067576,89.56
2025-06-12,87.46,88.06,87.05,88.06,3002568,89.71
2025-06-13,87.09,87.96,86.56,86.97,3527984,88.6
2025-06-16,87.59,88.89,87.16,88.82,3941534,90.49
2025-06-17,88.38,88.87,87.53,88.11,3622105,89.77
2025-06-18,88.29,90.38,88.2,89.91,5008611,91.6
2025-06-20,90.42,90.93,89.83,89.93,6110726,91.62
2025-06-23,89.31,89.31,85.8,87.98,9338035,89.63
2025-06-24,88.72,89.87,88.56,89.52,3910776,91.2
2025-06-25,89.69,89.73,88.13,88.34,4496330,90
2025-06-26,88.55,88.9,88.09,88.38,4527851,90.04
2025-06-27,88.38,90.08,87.8,89.5,6279106,91.18
2025-06-30,89.99,90.26,88.68,89.43,5596567,91.11
2025-07-01,89.07,89.43,87.99,88.98,4343324,90.65
2025-07-02,89.26,90.6,88.91,90.39,4257302,92.09
2025-07-03,90.49,91.13,90.26,90.73,2408224,92.43
2025-07-07,90.96,92.06,90.76,91.53,4348231,93.25
2025-07-08,91.53,91.82,90.77,90.98,4319198,92.69
2025-07-09,91.71,91.99,91.1,91.33,3991589,93.05
2025-07-10,91.28,92.19,90.95,91.93,4662227,93.66
2025-07-11,91.39,92.07,90.96,91.99,4276942,93.72
2025-07-14,91.96,93.6,91.66,93.49,7011357,95.25
2025-07-15,91.97,94.69,91.73,93.4,8709072,95.16
2025-07-16,94.23,94.23,91.65,93.73,5438164,95.49
2025-07-17,93.58,96.35,93.38,96.11,5686086,97.92
2025-07-18,96.2,97.21,95.9,97.02,5658147,98.84
2025-07-21,96.88,97.59,96.2,96.78,3337058,98.6
2025-07-22,96.97,97.4,96.22,97.08,3237499,98.9
2025-07-23,97.66,97.99,96.56,97.79,3857633,99.63
2025-07-24,98.1,99.17,97.66,98.13,4245153,99.97
2025-07-25,98.13,99.82,97.46,99.59,4123370,100.92
2025-07-28,99.59,99.64,98.88,99.3,2331407,100.63
2025-07-29,100.03,100.67,99.56,100.52,3561490,101.87
2025-07-30,100.33,101.8,100.17,100.95,3188288,102.3
2025-07-31,100.68,101.34,99.76,100.11,4076464,101.45
2025-08-01,99.01,99.23,97.1,98.49,3665823,99.81
2025-08-04,99.13,100.23,98.92,100.07,2344425,101.41
2025-08-05,100.51,100.65,98.9,99.33,3630145,100.66
2025-08-06,99.68,101.04,99.33,100.94,3765032,102.29
2025-08-07,101.43,102.04,100.07,100.86,4098850,102.21
2025-08-08,101.45,102.6,101.01,101.73,3083405,103.09
2025-08-11,101.81,102.37,101.38,101.91,2812773,103.27
2025-08-12,102.28,103.09,101.99,102.24,2870455,103.61
2025-08-13,102.16,102.7,98.76,100.56,4605233,101.91
2025-08-14,102.58,102.62,100.81,101.98,2943113,103.35
2025-08-15,101.99,102.14,99.5,99.67,3736909,101
2025-08-18,99.58,100.47,99.5,100.4,2966179,101.74
2025-08-19,99.93,100.78,99.51,99.74,3206892,101.08
2025-08-20,99.46,100.28,98.35,99.91,2581340,101.25
2025-08-21,99.68,100.56,99.11,100.44,2454219,101.78
2025-08-22,100.8,101.76,100.56,101.19,3471636,102.54
2025-08-25,100.95,102.3,100.36,101.76,2467677,103.12
2025-08-26,101.53,103.38,101.19,103.21,3620580,104.59
2025-08-27,103.08,104.12,102.92,103.64,2384454,105.03
2025-08-28,103.63,104.89,103.32,104.7,2778007,106.1
2025-08-29,104.84,105.16,103.53,104.2,2931190,105.6
2025-09-02,103.16,103.61,101.97,103.32,3308423,104.7
2025-09-03,103.31,103.64,102.24,103.3,2258201,104.68
2025-09-04,103.72,104.29,103.4,104.17,2308562,105.56
2025-09-05,104.25,104.65,101.54,102.32,2780333,103.69
2025-09-08,102.47,103.27,102.12,102.65,3055255,104.02
2025-09-09,102.52,104.78,101.81,103.39,3918525,104.77
2025-09-10,103.13,103.57,101.27,102.63,2737614,104
2025-09-11,102.63,104.93,102.29,104.2,3698026,105.6
2025-09-12,103.77,105.11,103.66,105.07,2609412,106.48
2025-09-15,105.6,105.6,104.7,105.01,2523287,106.42
2025-09-16,105.03,105.59,103.39,104.1,2369522,105.49
2025-09-17,104.43,105.79,104.41,105.6,2935711,107.01
2025-09-18,105.72,107.26,105.4,107.09,2784212,108.52
2025-09-19,107.36,107.77,106.74,107.27,8770772,108.71
2025-09-22,106.52,108.27,105.85,108.01,2905260,109.46
2025-09-23,107.83,109.41,106.67,107.22,2282780,108.66
2025-09-24,107.74,108.05,106.4,106.68,2292811,108.11
2025-09-25,106.74,108.02,106.23,107.64,2961549,109.08
2025-09-26,107.83,108.82,107.44,108.08,2095350,109.53
2025-09-29,108.62,108.7,107.26,108.3,2457784,109.75
2025-09-30,107.89,109.28,106.64,107.52,3707098,108.96
2025-10-01,107.15,107.63,105.37,105.42,2586198,106.83
2025-10-02,105.66,105.9,104.38,104.97,3009366,106.38
2025-10-03,105.75,106.14,104.32,105.19,3613669,106.6
2025-10-06,105.4,106.08,103.98,105.02,2580554,106.43
2025-10-07,105.2,105.77,104.6,105.52,2395314,106.93
2025-10-08,106.08,106.11,104.04,104.61,3413315,106.01
2025-10-09,105.04,105.97,104.39,105.41,3180032,106.82
2025-10-10,105.75,105.99,102.99,103.16,3809811,104.54
2025-10-13,104.16,105.3,103.16,104.9,3045406,106.3
2025-10-14,104.38,106.77,104.11,105.69,4087048,107.11
2025-10-15,106.54,107.8,105.36,107.49,5545520,108.93
2025-10-16,106.28,108.73,104.63,105.31,6858847,106.72
2025-10-17,105.68,105.68,101.75,104.58,7925271,105.98
2025-10-20,105.11,107.61,105.11,107.07,3982189,108.5
2025-10-21,106.9,107.23,105.59,105.59,4875331,107
2025-10-22,105.72,106.06,103.97,105.62,3368079,107.03
2025-10-23,105.95,105.95,104.84,105.27,2720241,106.68
2025-10-24,105.83,107.15,105.83,106.56,2250601,107.99
2025-10-27,107.27,107.54,106.62,106.68,2324278,107.58
2025-10-28,107.08,108.01,106.58,107.54,3162709,108.45
2025-10-29,107.23,107.55,105.73,106.16,4248052,107.05
2025-10-30,105.84,107.85,105.59,107.02,2369668,107.92
2025-10-31,106.42,107.38,105.82,107.03,2770619,107.93
2025-11-03,107.12,107.63,105.97,107.16,3386825,108.06
2025-11-04,106.18,107.66,105.37,107.1,3738615,108
2025-11-05,107.28,108.15,106.39,107.78,2036540,108.69
2025-11-06,107.62,108.13,106.84,107.52,3254557,108.42
2025-11-07,107.16,108.75,106.46,108.72,3293004,109.64
2025-11-10,108.64,110.53,108.54,110.03,2547058,110.96
2025-11-11,109.97,111,109.94,110.32,2088776,111.25
2025-11-12,110.89,112.79,110.68,111.7,3090943,112.64
2025-11-13,111.31,111.91,109.83,110.11,2830476,111.04
2025-11-14,109.7,111.08,108.59,109.56,4468254,110.48
2025-11-17,109.54,109.81,105.81,105.88,3547600,106.77
2025-11-18,105.61,107.23,104.97,106.6,3766506,107.5
2025-11-19,106.38,107.24,105.97,106.61,3242904,107.51
2025-11-20,107.88,108.71,105.33,105.57,2565946,106.46
2025-11-21,106.06,106.72,104.54,105.54,4199055,106.43
2025-11-24,105.71,107.3,104.61,107.17,5511408,108.07
2025-11-25,107.54,108.39,106.51,108.22,3155616,109.13
2025-11-26,108.69,111.08,108.36,110.46,3075190,111.39
2025-11-28,111.12,111.79,110.52,111.16,1723950,112.1
2025-12-01,110.84,111.7,110.5,110.88,2887004,111.81
2025-12-02,111.29,112.08,110.88,111.14,2962748,112.08
2025-12-03,111.16,112.82,111.06,112.15,2596187,113.09
2025-12-04,112.27,113.47,112.27,113,2561168,113.95
2025-12-05,112.46,114,112.45,113.07,2631589,114.02
2025-12-08,113.44,114.03,112.83,113.48,3061763,114.44
2025-12-09,113.59,116.31,113.56,114.96,3826277,115.93
2025-12-10,115.19,117.89,113.74,117.39,5255113,118.38
2025-12-11,116.87,118.4,116.6,117.69,4791252,118.68
2025-12-12,117.98,118.19,115.78,116.05,3422546,117.03
2025-12-15,116.58,117.03,115.53,115.98,3550650,116.96
2025-12-16,116.05,116.08,113.13,113.4,5193811,114.35
2025-12-17,113.4,114.48,112.5,112.61,3766282,113.56
2025-12-18,113.4,114.35,112.96,113.49,2875125,114.45
2025-12-19,113.62,115.12,113.62,114.87,8474457,115.84
2025-12-22,115.42,116.61,115.07,116.28,3826645,117.26
2025-12-23,116.22,117.14,115.98,116.24,2656842,117.22
2025-12-24,116.35,117.44,116.04,117.23,1424048,118.22
2025-12-26,117.03,117.37,116.3,116.49,1534239,117.47
2025-12-29,116.63,117.02,116.06,116.49,2694241,117.47
2025-12-30,116.71,116.71,115.61,115.89,2206630,116.87
2025-12-31,116.02,116.12,115.07,115.12,1913690,116.09
2026-01-02,115.04,116.08,114.35,116.06,3174551,117.04
2026-01-05,116.52,121.34,116.17,120.03,6010273,121.04
2026-01-06,120.99,121.02,118.86,120.3,3607509,121.31
2026-01-07,120.6,121.09,119.18,119.44,2820580,120.45
2026-01-08,119.32,120.27,118.42,119.05,2869916,120.05
2026-01-09,118.73,119.77,118.03,118.05,3002605,119.04
2026-01-12,118.06,119.69,117.51,119.65,3794067,120.66
2026-01-13,120.25,121.98,118.88,121.9,7293686,122.93
2026-01-14,121.86,123.89,121.65,123.55,6128374,124.59
2026-01-15,124.18,124.84,122.05,122.94,3698660,123.97
2026-01-16,122.75,123.31,120.26,120.32,4721241,121.33
2026-01-20,118.84,120.76,118.4,119.67,5028498,120.68
2026-01-21,119.99,120.8,118.19,118.76,4291728,119.76
2026-01-22,119.71,120.46,118.95,119.18,3436284,120.18
2026-01-23,118.68,119.05,116.88,117.14,3862178,117.61
2026-01-26,117.67,118.71,117.21,118.55,3103906,119.02
2026-01-27,118.78,119.35,118.1,118.4,2660074,118.87
2026-01-28,118.48,118.67,117.49,118.43,2455482,118.9
2026-01-29,119.27,121.1,118.37,121.01,3902033,121.49
2026-01-30,119.63,120.09,118.62,119.45,3059623,119.92
2026-02-02,119.42,121.32,119.38,121.13,3056821,121.61
2026-02-03,121.61,122.11,117.36,118.85,3419276,119.32
2026-02-04,119.06,121.55,118.39,120.84,4160529,121.32
2026-02-05,119.87,120.91,118.83,120.03,3224143,120.51
2026-02-06,121.58,123.97,121.58,123.83,3904492,124.32
2026-02-09,123.74,127.49,123.3,127.11,3614787,127.61
2026-02-10,126.91,128.25,122.97,125.95,5230546,126.45
2026-02-11,126.4,127.32,121.15,121.22,5801184,121.7
2026-02-12,121.69,122.62,113.01,114.46,6563595,114.91
2026-02-13,113.7,117.37,112.38,117.27,3676419,117.74
2026-02-17,117.53,119.72,117.53,118.33,2960914,118.8
2026-02-18,118.59,120.06,118.2,119.02,4359748,119.49
2026-02-19,118.05,118.65,116.09,117.69,2212161,118.16
2026-02-20,117.65,118.73,116.67,117.72,3453152,118.19
2026-02-23,117.21,118.53,113.67,115.08,3465143,115.54
2026-02-24,114.47,116.97,113.66,116.09,4149515,116.55
2026-02-25,117.53,119.98,116.54,119.83,4018802,120.31
2026-02-26,120.04,122.65,120.04,121.13,3566153,121.61
2026-02-27,119.25,121.38,116.3,118.63,5822965,119.1
2026-03-02,116.55,119.93,116.15,119,2645772,119.47
2026-03-03,116.54,118.48,114.64,117.48,2779698,117.95
2026-03-04,118.36,118.71,117.15,117.92,2426147,118.39
2026-03-05,117.31,117.8,114.84,116.25,3194298,116.71
2026-03-06,114.52,114.83,111.71,114.77,2923525,115.23
2026-03-09,112.7,115.24,111.27,114.64,3558058,115.1
2026-03-10,114.92,116.69,113.76,114.96,2459518,115.42
2026-03-11,114.55,116.76,113.61,116.66,3013369,117.12
2026-03-12,114.82,116.78,114.13,116.66,4331151,117.12
2026-03-13,117.25,117.58,114.91,115.71,2984803,116.17
2026-03-16,116.66,117.58,114.76,114.92,3436364,115.38
2026-03-17,116.2,117.33,115.11,115.66,2076223,116.12
2026-03-18,115.12,116.6,114,114.21,2919281,114.66
2026-03-19,113.21,115.09,112.49,114.45,3743450,114.9
2026-03-20,114.4,114.91,113.31,114.49,7451248,114.94
2026-03-23,116.48,116.9,114.69,115.9,3819680,116.36
2026-03-24,115.44,118.43,114.7,117.43,3788101,117.9
2026-03-25,118.44,119.2,116.49,117.52,3726805,117.99
2026-03-26,116.93,117.65,115.66,116.19,2620417,116.65
2026-03-27,114.91,116,113.85,114.21,2149380,114.66
2026-03-30,115.25,115.64,113.95,114.72,4893084,115.18
2026-03-31,116.12,118.48,114.94,118.16,4917289,118.63
2026-04-01,119.85,121.43,119.2,120.49,3854907,120.97
2026-04-02,118.56,121.95,118.11,121.65,3249225,122.13
2026-04-06,121.7,123.65,121.69,123.14,3308422,123.63
2026-04-07,122.69,124.75,122.48,124.13,3668956,124.62
2026-04-08,125.77,127.88,125.68,127.43,4289720,127.94
2026-04-09,127.05,128.21,126.61,128.07,3036712,128.58
2026-04-10,128.06,128.14,126.4,127.06,2893863,127.56
2026-04-13,126.25,128.71,125.92,128.64,3574737,129.15
2026-04-14,129.05,130.07,127.97,129.99,3803359,130.51
2026-04-15,130.58,131.83,129.52,131.44,4235854,131.96
2026-04-16,134.15,135.26,131.6,134.31,7184118,134.84
2026-04-17,135.42,137,134.3,134.57,6833537,135.1
2026-04-20,134.23,136.23,134.03,134.83,3848405,135.37
2026-04-21,135.57,138.6,134.78,137.37,4530966,137.92
2026-04-22,137.98,138.09,134.94,135.34,3351660,135.88
2026-04-23,135.13,136.45,133.2,134.88,2939250,135.42
2026-04-24,134.88,135.03,133.47,133.52,2790776,134.05
2026-04-27,133.34,134.91,133.34,134.47,3966444,134.47
2026-04-28,134.88,135.91,133.47,133.54,2887093,133.54
2026-04-29,133.62,134.17,130.9,132.27,3495450,132.27
2026-04-30,132.02,135.48,131.475,134.37,6068442,134.37
2026-05-01,134.77,135.94,133.72,133.78,2601165,133.78
2026-05-04,133.34,133.43,131.17,131.88,2600296,131.88
2026-05-05,132.03,133.35,131.5,132.36,3436444,132.36
2026-05-06,132.47,134.355,132.09,133.64,4045148,133.64
2026-05-07,133.45,134.7,130.44,130.69,3943247,130.69
2026-05-08,131.34,131.615,130.16,130.5,3882131,130.5
2026-05-11,130.46,132.55,130.23,132.49,3607188,132.49
2026-05-12,132.15,134.08,131,133.44,2924674,133.44
2026-05-13,132.39,136.27,132.2,134.99,4098535,134.99
2026-05-14,135.77,136.36,134.74,135.98,2874426,135.98
2026-05-15,134.61,137.785,134.2226,135.02,4156637,135.02
2026-05-18,135.07,137.16,134.39,136.58,2513391,136.58
2026-05-19,135.93,137.81,134.75,136.32,3374174,136.32
2026-05-20,136.91,138.625,135.7,137.16,3073666,137.16
