date,open,high,low,close,volume,raw_close
2016-01-04,81.84,82.24,80.26,81.11,919937,124.2
2016-01-05,80.86,83.4,80.86,83.11,737070,127.26
2016-01-06,82.72,83.16,82.48,83.1,856926,127.24
2016-01-07,81.97,83.08,81.6,81.62,996217,124.98
2016-01-08,81.63,82.14,79.2,79.34,893863,121.48
2016-01-11,79.73,80.48,79.43,80.12,852467,122.68
2016-01-12,80.59,81.03,78.68,79.03,1012921,121.01
2016-01-13,79.12,79.86,77.44,77.54,777077,118.73
2016-01-14,77.94,79.03,77.77,78.28,1052623,119.87
2016-01-15,77.28,77.57,76.23,77.36,959346,118.45
2016-01-19,78.25,78.64,77.2,77.93,688439,119.33
2016-01-20,77.17,77.32,74.35,75.66,1352828,115.85
2016-01-21,76,76.87,75.4,75.78,667784,116.04
2016-01-22,76.71,78.2,76.7,77.85,718865,119.2
2016-01-25,77.85,78.62,76.8,76.94,772814,117.81
2016-01-26,77.35,78.82,77.35,78.6,851706,120.35
2016-01-27,77.95,78.85,77.4,77.81,639701,119.14
2016-01-28,77.37,79.13,74.63,75.39,1947079,115.44
2016-01-29,76.61,77.03,74.58,75.89,2121867,116.21
2016-02-01,75.25,77.3,74.99,75.96,1168474,116.31
2016-02-02,75.71,76.6,74.6,74.99,1328697,114.82
2016-02-03,75.63,75.83,74.48,74.91,1162772,114.7
2016-02-04,74.88,77.48,74.69,76.57,1145092,117.25
2016-02-05,75.78,76.57,75.1,75.16,924716,115.09
2016-02-08,75.1,75.19,71.87,72.58,1187494,111.14
2016-02-09,72.05,72.43,70.53,71.17,1228496,108.97
2016-02-10,71.71,73.45,71.3,72.62,733546,111.19
2016-02-11,71.56,71.78,70.41,70.65,999209,108.18
2016-02-12,71.23,71.68,70.06,70.93,777592,108.61
2016-02-16,72.03,72.19,71.1,72.03,1158793,110.29
2016-02-17,72.82,73.99,72.76,73.12,788664,111.97
2016-02-18,73,73.42,72.18,72.9,1016877,111.62
2016-02-19,72.52,73.91,71.81,73.41,912357,112.4
2016-02-22,74.36,75.18,73.9,74.95,1040198,114.76
2016-02-23,74.57,75.96,74.1,74.68,1713792,114.35
2016-02-24,74.27,74.71,73.39,74.27,739312,113.72
2016-02-25,74.82,75.87,74.35,75.22,739146,115.18
2016-02-26,75.04,75.16,74.29,74.39,791373,113.9
2016-02-29,74.51,75.82,74.23,74.54,1498382,114.14
2016-03-01,75.1,77.13,74.64,77.1,905705,118.06
2016-03-02,76.75,77.13,76.27,77.08,646910,118.03
2016-03-03,76.85,77.49,76.62,77.32,828526,118.4
2016-03-04,77.28,77.54,76.9,77.44,828849,118.58
2016-03-07,76.68,77.91,76.68,77.49,519908,118.65
2016-03-08,77.02,77.66,76.34,76.48,654606,117.1
2016-03-09,76.69,77.25,76.42,76.63,738487,117.34
2016-03-10,77.11,77.43,75.55,76.49,393772,117.12
2016-03-11,77,80.24,76.42,80.13,1290215,122.7
2016-03-14,79.88,80.3,79.34,80.15,786403,122.72
2016-03-15,79.75,80.81,79.37,80.57,866404,123.37
2016-03-16,80.03,82.18,79.93,81.88,897364,125.37
2016-03-17,82.03,83.36,81.44,82.94,964178,127
2016-03-18,83.02,83.28,82.45,82.72,1491136,126.66
2016-03-21,82.35,82.94,81.87,82.25,1669575,125.95
2016-03-22,82.1,82.62,81.27,81.84,1007350,125.32
2016-03-23,81.8,82.11,81.1,81.14,1061706,124.25
2016-03-24,80.84,81.14,79.9,80.9,755581,123.87
2016-03-28,80.99,81.93,80.79,81.59,555740,124.93
2016-03-29,81.52,83.34,81.34,83.22,641686,126.77
2016-03-30,83.09,83.88,83.03,83.19,642056,126.72
2016-03-31,83.17,83.53,82.74,83.43,836570,127.08
2016-04-01,83.19,83.99,82.83,83.56,691452,127.29
2016-04-04,83.55,83.91,83.26,83.7,600439,127.5
2016-04-05,83.44,84.07,83.15,83.39,574465,127.03
2016-04-06,83.28,84.02,82.4,83.97,529100,127.9
2016-04-07,83.6,83.89,82.53,82.86,659712,126.21
2016-04-08,83.28,84.46,82.76,83.45,612993,127.12
2016-04-11,83.72,84.02,83.13,83.31,519096,126.9
2016-04-12,83.7,85.17,83.62,84.82,891719,129.2
2016-04-13,85.24,85.27,83.9,84.26,799817,128.35
2016-04-14,84.28,84.58,83.96,84.24,511721,128.32
2016-04-15,84.31,85.21,83.85,85.07,599487,129.58
2016-04-18,84.61,85.45,84.26,85.35,846619,130.01
2016-04-19,85.54,86.11,85.14,86.09,481699,131.14
2016-04-20,86.15,86.22,84.35,84.48,465852,128.68
2016-04-21,83.94,85.17,83.66,83.97,714035,127.9
2016-04-22,84.35,84.99,83.97,84.95,469956,129.4
2016-04-25,84.42,85.45,84.11,85.34,621595,130
2016-04-26,85.86,86.16,85.13,85.7,657092,130.55
2016-04-27,85.54,86.38,84.63,85.74,658971,130.6
2016-04-28,85.51,86.1,84.8,85.11,510231,129.65
2016-04-29,84.68,85.13,84.06,84.6,943111,128.86
2016-05-02,85.06,86.3,84.52,86.07,491627,131.11
2016-05-03,85.53,86.04,84.76,85.3,522650,129.94
2016-05-04,84.66,86.01,84.27,85.72,871376,130.58
2016-05-05,85.67,86.09,85.27,85.91,631560,130.86
2016-05-06,85.86,86.19,85.04,85.93,985166,130.9
2016-05-09,86.14,86.87,85.9,86.83,819754,132.27
2016-05-10,87.28,87.7,86.89,87.4,893350,133.13
2016-05-11,87.31,87.31,85.59,85.93,1047249,130.9
2016-05-12,86.08,86.39,85.42,86.25,665338,131.38
2016-05-13,85.98,85.98,84.96,85.38,680173,130.06
2016-05-16,85.44,86.01,85.01,85.88,497277,130.81
2016-05-17,85.59,86.06,85.04,85.6,1018045,130.39
2016-05-18,85.28,85.82,82.56,83.54,1602121,127.25
2016-05-19,82.83,82.83,81.04,81.21,1244044,123.71
2016-05-20,81.87,82.18,81.2,81.66,1179586,124.39
2016-05-23,81.86,82.06,81.24,81.69,748729,124.44
2016-05-24,82.34,83.42,81.91,82.63,832034,125.86
2016-05-25,82.8,82.8,81.57,82.23,909541,125.26
2016-05-26,82.23,82.31,81.71,81.93,684162,124.8
2016-05-27,82.15,82.9,81.84,82.33,608766,125.41
2016-05-31,82.65,83.15,82.11,82.47,1117344,125.63
2016-06-01,82.19,83.5,82,83.45,787240,127.11
2016-06-02,83.22,83.64,82.61,83.55,669720,127.26
2016-06-03,83.98,84.46,83.3,83.89,781400,127.78
2016-06-06,83.56,84.03,82.84,83.41,800955,127.06
2016-06-07,83.55,84.3,83.55,83.96,416882,127.89
2016-06-08,83.89,84.21,83.78,84.08,536113,128.07
2016-06-09,83.41,84.86,83.41,84.67,496378,128.98
2016-06-10,84.17,84.75,83.76,84.18,693003,128.23
2016-06-13,84.37,85.08,83.28,83.45,1080428,127.12
2016-06-14,83.36,83.74,82.41,82.86,788604,126.22
2016-06-15,82.94,83.91,82.64,83.17,839602,126.69
2016-06-16,82.83,83.21,82.34,83.09,899736,126.56
2016-06-17,82.88,83.41,82.33,83.17,1048496,126.69
2016-06-20,83.81,84.57,83.2,83.28,1128457,126.85
2016-06-21,83.76,84.31,83.45,83.76,602456,127.59
2016-06-22,84.04,85.01,83.8,84.14,857375,128.17
2016-06-23,84.79,85.35,84.63,85.33,543844,129.98
2016-06-24,83.34,84.92,82.78,84.05,3203165,128.03
2016-06-27,83.47,83.67,82.17,83.05,1258916,126.5
2016-06-28,83.65,85.1,83.48,85.08,1064192,128.93
2016-06-29,85.58,86.77,85.58,86.77,1188449,131.5
2016-06-30,87.1,87.1,85.92,87.04,938119,131.9
2016-07-01,87.16,87.79,86.98,87.12,538019,132.03
2016-07-05,87.05,88.17,86.96,88.07,946102,133.47
2016-07-06,87.8,88.07,86.71,86.76,1024372,131.48
2016-07-07,86.64,86.64,85.45,85.8,853450,130.03
2016-07-08,86.42,88.17,86.22,87.98,734689,133.32
2016-07-11,88.42,88.96,87.6,88.77,511313,134.53
2016-07-12,88.71,89.83,88.31,89.72,957391,135.97
2016-07-13,90.09,90.17,89.45,90.15,602340,136.61
2016-07-14,90.09,90.49,89.5,89.65,498763,135.86
2016-07-15,89.77,89.89,88.89,89.78,649093,136.05
2016-07-18,89.95,90.15,89.15,90.09,518362,136.53
2016-07-19,90.09,90.81,89.75,90.7,702315,137.45
2016-07-20,90.69,90.69,90.15,90.5,525465,137.15
2016-07-21,90.19,90.79,89.97,90.77,418205,137.56
2016-07-22,90.75,91.97,90.33,91.67,616535,138.92
2016-07-25,91.62,91.8,91.06,91.77,479277,139.07
2016-07-26,92.03,92.03,90.74,91.62,604339,138.85
2016-07-27,91.63,91.93,90.65,91.49,789632,138.65
2016-07-28,91.56,92.72,91.43,92.01,681144,139.44
2016-07-29,91.84,94.12,91.84,93.79,976219,142.13
2016-08-01,93.79,94.26,93.58,94.01,681962,142.47
2016-08-02,91.95,94.32,91.95,92.81,737338,140.64
2016-08-03,92.75,93.1,92.09,92.65,666979,140.41
2016-08-04,92.84,93.12,92.06,92.96,635320,140.87
2016-08-05,93.18,93.98,92.97,93.78,914571,142.11
2016-08-08,93.7,94.34,93.29,94.23,669684,142.8
2016-08-09,93.82,94.67,93.74,94.63,560464,143.4
2016-08-10,94.77,95.04,94.24,94.62,701400,143.39
2016-08-11,94.77,94.77,93.34,93.93,495551,142.35
2016-08-12,94.01,94.98,94.01,94.24,351936,142.82
2016-08-15,94.53,94.96,94.42,94.77,749043,143.61
2016-08-16,94.3,94.3,93.5,93.93,465544,142.35
2016-08-17,93.91,94.32,93.08,94.28,588092,142.88
2016-08-18,94.28,94.59,93.54,93.95,686293,142.37
2016-08-19,93.49,93.68,92.78,93.27,837697,141.35
2016-08-22,93.35,93.89,93.03,93.62,517343,141.87
2016-08-23,93.98,94.13,93.26,93.27,547577,141.35
2016-08-24,93.45,93.45,92.5,92.61,522985,140.35
2016-08-25,92.69,93.82,92.53,92.71,614962,140.49
2016-08-26,92.94,93.38,91.11,91.84,617604,139.17
2016-08-29,92.03,92.98,91.88,92.69,528904,140.46
2016-08-30,92.84,92.84,91.68,92.68,614359,140.45
2016-08-31,92.21,92.64,91.86,92.47,1438640,140.13
2016-09-01,92.57,93.19,92.07,93.08,895420,141.06
2016-09-02,93.42,94.79,93.29,93.9,561575,142.3
2016-09-06,93.97,94.2,93.21,94.2,658344,142.75
2016-09-07,94.03,94.56,93.59,94.48,401288,143.17
2016-09-08,94.03,94.25,93.21,93.58,1354638,141.82
2016-09-09,92.36,92.69,89.22,89.23,1165982,135.22
2016-09-12,88.91,91.64,88.91,91.35,1460223,138.43
2016-09-13,90.46,90.83,88.95,89,894765,134.87
2016-09-14,89.17,89.7,88.56,88.95,456001,134.79
2016-09-15,88.85,89.25,88.32,88.93,742121,134.76
2016-09-16,88.49,89,87.65,88.89,1552750,134.7
2016-09-19,89.38,89.71,89.02,89.24,562312,135.24
2016-09-20,89.72,89.9,89,89.3,550036,135.32
2016-09-21,89.43,90.69,88.02,90.5,600476,137.15
2016-09-22,91.41,92.09,91.37,91.75,667804,139.04
2016-09-23,91.49,92.56,90.8,92.17,753235,139.68
2016-09-26,91.8,92.32,91.64,91.78,602160,139.09
2016-09-27,91.99,92.05,90.85,91.14,631449,138.12
2016-09-28,91.28,91.96,91.08,91.75,770644,138.38
2016-09-29,91.16,91.81,90.37,90.37,760663,136.31
2016-09-30,91.09,91.43,90.08,90.36,1003309,136.29
2016-10-03,89.78,89.82,88.18,88.44,558469,133.39
2016-10-04,89.11,89.11,86.61,87.14,798016,131.43
2016-10-05,87.56,87.57,84.96,85.08,807943,128.33
2016-10-06,84.35,85.63,83.68,85.45,1080705,128.89
2016-10-07,85.59,86.55,84.84,85.55,900192,129.03
2016-10-10,85.69,86.41,85.12,85.33,607926,128.71
2016-10-11,85.2,85.53,84.26,84.49,678550,127.44
2016-10-12,84.57,85.06,84.44,84.98,819671,128.18
2016-10-13,84.47,85.55,84.47,85.37,1202230,128.76
2016-10-14,84.92,85.47,83.87,84.13,1179073,126.9
2016-10-17,84.14,84.8,83.81,83.88,920190,126.51
2016-10-18,84.31,84.8,83.53,84.32,908486,127.18
2016-10-19,84.45,84.63,83.94,84.39,585404,127.28
2016-10-20,84.48,84.8,83.25,83.6,669420,126.1
2016-10-21,82.97,83.56,82.8,83.46,720334,125.88
2016-10-24,83.94,84.41,83.29,83.66,681271,126.18
2016-10-25,83.41,83.65,82.79,83.09,966990,125.33
2016-10-26,82.56,82.88,80.16,81.48,1167769,122.89
2016-10-27,80.73,80.83,78.53,79.41,1691752,119.78
2016-10-28,79.73,80.19,78.52,78.86,1092373,118.94
2016-10-31,79.08,80.03,78.51,79.88,1015962,120.48
2016-11-01,79.75,79.81,77.41,77.66,1060796,117.14
2016-11-02,77.64,78.18,75.77,75.8,1395549,114.33
2016-11-03,75.6,76.23,75.38,75.63,973127,114.07
2016-11-04,75.68,77.05,75.42,76.96,1152918,116.08
2016-11-07,78.19,78.62,77.36,78.24,1630425,118.01
2016-11-08,78.1,78.75,77.85,78.29,965769,118.08
2016-11-09,76.95,78.94,75.95,78.1,1148474,117.8
2016-11-10,78.42,81.28,77.04,81.09,2251775,122.31
2016-11-11,80.99,83.12,80.98,81.22,2346760,122.5
2016-11-14,81.22,83.85,81.16,83.58,1688457,126.07
2016-11-15,83.64,84.49,82.38,82.56,1885577,124.52
2016-11-16,82.48,82.89,80.85,81.39,969424,122.76
2016-11-17,81.3,81.98,80.62,80.66,570747,121.66
2016-11-18,80.69,81.29,80.25,80.33,2254595,121.16
2016-11-21,80.42,81.33,79.97,80.18,1014747,120.93
2016-11-22,80.58,81.62,79.84,81.38,1040720,122.75
2016-11-23,80.94,81.22,80.46,81.17,509482,122.43
2016-11-25,81.2,82.1,81.2,81.54,267735,122.99
2016-11-28,81.25,82.46,81.25,82.07,1074136,123.78
2016-11-29,82.27,83.58,82.05,83.05,1127554,125.26
2016-11-30,82.56,82.94,81.62,82.13,1591229,123.88
2016-12-01,81.57,81.85,80.34,80.75,1147717,121.79
2016-12-02,81.39,82.38,80.81,81.62,918546,123.11
2016-12-05,81.96,82.52,81.44,82.29,911900,124.12
2016-12-06,82.59,84.15,82.37,83.56,852864,126.03
2016-12-07,83.66,85.56,83.66,85.42,890020,128.84
2016-12-08,85.09,86.63,84.11,85.86,797549,129.5
2016-12-09,85.31,85.98,84.71,85.35,718570,128.74
2016-12-12,84.88,85.78,84.69,85.76,700692,129.35
2016-12-13,86.24,86.45,84.41,85.54,870694,129.02
2016-12-14,85.49,85.49,82.88,82.95,1181289,125.12
2016-12-15,83.04,83.54,80.8,81.18,1352879,122.45
2016-12-16,82,83.11,81.53,82.44,1593554,124.34
2016-12-19,82.68,84.24,82.68,83.64,708970,126.15
2016-12-20,83.72,84.42,83.46,84.39,615309,127.29
2016-12-21,84.55,84.86,82.56,82.6,1321232,124.59
2016-12-22,82.45,82.71,81.08,82.56,817603,124.53
2016-12-23,82.64,82.64,81.56,82.26,532211,124.07
2016-12-27,82.31,82.87,81.75,82.38,508371,124.25
2016-12-28,82.31,82.39,81.2,81.68,585239,122.46
2016-12-29,81.96,82.9,81.02,82.49,567942,123.67
2016-12-30,82.59,84.37,82.38,83.9,911086,125.78
2017-01-03,85.18,85.33,84.04,84.83,896779,127.18
2017-01-04,85.15,87.79,84.86,87.53,1441973,131.22
2017-01-05,86.85,88.41,85.89,87.95,1516844,131.85
2017-01-06,87.77,88.39,87.52,87.75,837708,131.55
2017-01-09,87.38,87.65,86.69,86.87,876645,130.24
2017-01-10,86.59,86.87,85.85,85.91,750473,128.79
2017-01-11,85.81,86.36,84.54,84.71,1009708,127
2017-01-12,84.67,86.13,84.39,86.05,736773,129.01
2017-01-13,85.99,86.4,85.57,85.71,586450,128.5
2017-01-17,85.92,86.37,85.72,86.31,800415,129.4
2017-01-18,86.44,87.03,85.99,86.95,671613,130.36
2017-01-19,86.93,87.03,85.65,85.68,1016334,128.45
2017-01-20,85.79,86.29,85.5,86.21,728107,129.25
2017-01-23,85.97,87.32,85.83,87.11,652072,130.6
2017-01-24,87.49,88.33,86.97,88.19,754903,132.21
2017-01-25,88.45,88.45,86.68,86.87,960733,130.24
2017-01-26,87.13,87.71,86.92,87.61,468985,131.35
2017-01-27,87.77,87.84,86.67,87.21,568038,130.75
2017-01-30,87.31,87.31,86.21,86.89,820795,130.27
2017-01-31,87.01,88.29,86.98,87.31,1139190,130.9
2017-02-01,87.55,89.63,86.13,86.23,1074359,129.27
2017-02-02,86.11,87.48,86.11,87.03,727004,130.47
2017-02-03,87.45,89.03,86.94,87.19,680424,130.72
2017-02-06,87.23,88.01,87.03,87.59,651680,131.32
2017-02-07,87.74,88.92,86.93,87.14,633531,130.64
2017-02-08,87.2,88.13,87.14,87.76,777264,131.57
2017-02-09,88.13,88.37,87.52,88.03,460448,131.98
2017-02-10,87.93,89.42,87.69,89.38,616214,134
2017-02-13,89.62,90.06,88.9,89.89,720970,134.76
2017-02-14,89.69,90.74,88.82,90.58,1038826,135.79
2017-02-15,90.26,91.03,89.73,90.7,1362504,135.98
2017-02-16,90.86,92.19,90.36,91.28,932670,136.84
2017-02-17,91.52,91.72,90.54,91.51,1931338,137.19
2017-02-21,91.3,92.8,91.28,92.6,790947,138.83
2017-02-22,92.74,92.82,91.06,92.49,944846,138.66
2017-02-23,92.7,93.11,92.26,92.83,712443,139.17
2017-02-24,92.78,92.78,91.47,92.13,981656,138.12
2017-02-27,92.34,93.47,91.82,93.3,858949,139.88
2017-02-28,93.2,93.2,92.44,92.74,1069633,139.03
2017-03-01,92.64,92.95,91.84,91.94,966456,137.84
2017-03-02,91.73,91.84,90.24,90.42,1229508,135.56
2017-03-03,90.22,90.6,89.48,90.37,876504,135.48
2017-03-06,90.19,90.48,89.61,90.34,755751,135.43
2017-03-07,90.34,90.55,89.95,90.49,554038,135.66
2017-03-08,90.22,90.22,89.33,89.44,787613,134.09
2017-03-09,89.64,90.19,87.95,88.07,1033662,132.03
2017-03-10,88.88,89.34,86.55,87,922127,130.43
2017-03-13,87.06,87.75,86.6,87.03,1048078,130.48
2017-03-14,86.94,87.19,86.27,86.67,643620,129.93
2017-03-15,86.63,89.06,86.59,88.71,1124655,132.99
2017-03-16,88.57,89.16,88.17,88.35,578788,132.46
2017-03-17,88.52,89.3,88.18,88.84,1267786,133.19
2017-03-20,88.83,89.35,88.29,88.79,553239,133.11
2017-03-21,89.2,89.44,88.05,88.46,963917,132.62
2017-03-22,88.75,88.98,87.26,88.21,622875,132.24
2017-03-23,88.09,89.82,88.07,89.28,1083752,133.85
2017-03-24,89.26,89.62,88.06,88.37,953969,132.48
2017-03-27,88.17,88.63,87.28,87.59,709190,131.32
2017-03-28,87.61,87.99,86.31,87.59,752344,131.32
2017-03-29,87.68,88.04,87.3,87.98,1136189,131.14
2017-03-30,87.77,88.27,87.25,88.14,719540,131.38
2017-03-31,87.98,88.93,87.38,88.83,1069063,132.41
2017-04-03,88.89,89.49,88.54,89.24,696402,133.02
2017-04-04,89.19,90.14,88.35,89.79,1190275,133.85
2017-04-05,89.82,90.53,89.72,90.01,628950,134.17
2017-04-06,89.87,90.38,89.49,90.27,819765,134.56
2017-04-07,90.19,91.26,90.04,90.35,838477,134.68
2017-04-10,90.23,91.28,89.98,91,836156,135.65
2017-04-11,91.03,91.84,90.77,91.79,690852,136.83
2017-04-12,91.57,92.14,91.34,91.63,1109542,136.59
2017-04-13,91.29,91.73,90.61,90.91,688855,135.52
2017-04-17,91.35,91.83,90.81,91.82,504366,136.87
2017-04-18,91.6,92,90.75,91.06,542212,135.74
2017-04-19,91.02,91.23,90.07,90.35,749148,134.68
2017-04-20,90.55,90.55,89.28,90.32,604093,134.64
2017-04-21,90.32,90.58,90.01,90.13,490677,134.35
2017-04-24,90.26,90.61,88.47,89.08,640403,132.79
2017-04-25,89.27,89.93,88.76,89.88,687800,133.97
2017-04-26,88.92,89.56,85.35,85.43,1282678,127.35
2017-04-27,85.46,85.79,84.33,84.52,1010263,125.99
2017-04-28,84.35,84.99,84.23,84.93,901579,126.6
2017-05-01,85.1,85.41,84.51,85.18,643758,126.97
2017-05-02,85.07,85.33,84.52,85.11,590606,126.86
2017-05-03,85.41,85.43,83.39,83.72,736340,124.79
2017-05-04,83.52,83.52,82.14,82.76,1066391,123.37
2017-05-05,83.17,83.23,82.61,83.12,784365,123.9
2017-05-08,83.37,83.65,82.19,82.88,844275,123.55
2017-05-09,82.82,82.93,82.13,82.6,497395,123.12
2017-05-10,82.36,82.92,81.92,82.53,901306,123.02
2017-05-11,81.93,82.03,80.96,81.34,941429,121.24
2017-05-12,81.35,81.52,80.92,81.13,766372,120.94
2017-05-15,81.1,81.66,80.54,80.86,702275,120.53
2017-05-16,81.15,81.3,80.46,81.1,802337,120.89
2017-05-17,80.99,81.55,80.64,80.8,846256,120.44
2017-05-18,80.95,82.23,80.22,80.68,1028278,120.27
2017-05-19,80.66,81.86,80.19,81.18,728161,121.01
2017-05-22,81.16,81.77,81.05,81.19,960492,121.03
2017-05-23,81.42,82.63,81.14,81.74,921871,121.84
2017-05-24,81.78,82.07,81.46,81.76,673132,121.87
2017-05-25,81.62,82.31,81.62,81.84,554202,122
2017-05-26,81.64,81.84,81,81.41,432194,121.35
2017-05-30,81.38,81.72,81.05,81.05,511625,120.82
2017-05-31,81.25,81.66,81.03,81.39,1046713,121.32
2017-06-01,81.12,81.9,80.85,81.68,669436,121.75
2017-06-02,82.18,82.4,81.72,82.09,674081,122.36
2017-06-05,82.01,82.28,81.35,82.01,439279,122.24
2017-06-06,81.97,81.97,80.65,81.13,568454,120.93
2017-06-07,81.24,81.77,81.24,81.66,841368,121.73
2017-06-08,81.79,82.25,81.09,82.25,536640,122.6
2017-06-09,82.08,84.33,81.9,84.02,958393,125.24
2017-06-12,83.98,85.57,83.92,85.27,849844,127.11
2017-06-13,84.88,85.76,84.17,85.08,716784,126.82
2017-06-14,85.4,85.72,84.55,84.94,609852,126.62
2017-06-15,84.46,85.6,84.46,85.39,683281,127.28
2017-06-16,85.56,85.9,84.29,84.61,1288311,126.12
2017-06-19,84.53,84.72,83.67,84.41,569230,125.83
2017-06-20,84.33,84.78,83.42,84.5,528841,125.96
2017-06-21,84.51,84.84,83.39,83.94,458165,125.12
2017-06-22,83.78,84.43,83.32,83.75,623372,124.84
2017-06-23,83.73,84.7,83.69,84.24,1055785,125.57
2017-06-26,84.6,84.87,84.12,84.35,648118,125.73
2017-06-27,84.14,84.44,82.95,83.02,913878,123.75
2017-06-28,83.5,83.61,82.88,83.28,626039,123.39
2017-06-29,82.96,83.56,82.57,83.14,690446,123.18
2017-06-30,83.36,83.71,82.77,83.03,669779,123.02
2017-07-03,83.42,84.42,83.31,84.34,335124,124.95
2017-07-05,84.39,84.43,82.76,83.01,725254,122.99
2017-07-06,82.69,82.94,80.94,80.97,717700,119.97
2017-07-07,80.97,81.54,80.72,81.08,539139,120.13
2017-07-10,81.09,81.67,79.45,79.63,911922,117.98
2017-07-11,79.56,79.77,78.81,79.44,763398,117.7
2017-07-12,79.68,80.68,79.68,80.49,554309,119.25
2017-07-13,80.82,81.68,80.49,81.24,642360,120.37
2017-07-14,81.57,82.6,81.48,82.14,608435,121.7
2017-07-17,82.13,82.62,81.69,82.05,704081,121.56
2017-07-18,81.99,82.3,80.24,80.41,897777,119.14
2017-07-19,80.39,81.42,80.23,81.24,819252,120.36
2017-07-20,81.2,81.39,80.15,80.19,566686,118.81
2017-07-21,80.05,80.51,79.83,80.26,435639,118.91
2017-07-24,80.38,80.68,79.9,80.33,556525,119.01
2017-07-25,80.66,80.66,79.87,80.5,569244,119.27
2017-07-26,80.56,81.28,80.16,81.24,456255,120.37
2017-07-27,81.1,81.97,80.13,81.81,656366,121.21
2017-07-28,81.83,82.65,81.47,82.57,762144,122.33
2017-07-31,82.86,82.86,80.94,81.61,1172760,120.91
2017-08-01,81.82,82.77,81.57,82.26,654076,121.87
2017-08-02,83.01,84.37,81.76,82.23,936063,121.83
2017-08-03,82.24,83.57,82.24,83.5,759611,123.71
2017-08-04,83.49,84.17,83.24,83.84,825102,124.22
2017-08-07,83.84,83.84,82.69,82.85,483974,122.75
2017-08-08,82.69,83.34,82.44,82.99,723308,122.96
2017-08-09,82.88,82.88,81.95,82.12,530502,121.67
2017-08-10,81.8,81.99,81.31,81.85,602446,121.27
2017-08-11,81.64,82.01,80.33,81.03,627356,120.05
2017-08-14,81.28,82.87,81.28,82.69,748118,122.51
2017-08-15,82.58,82.8,81.29,82.63,816827,122.43
2017-08-16,82.67,83.09,82,82.36,726431,122.03
2017-08-17,81.69,82.26,81.41,81.71,830916,121.06
2017-08-18,81.49,81.5,79.85,80.88,922471,119.83
2017-08-21,80.95,82.18,80.57,81.51,514277,120.77
2017-08-22,81.51,81.64,80.56,80.74,680253,119.62
2017-08-23,80.68,82.11,80.56,81.7,471394,121.05
2017-08-24,81.84,82.55,80.84,80.92,1253971,119.89
2017-08-25,81.25,82.35,80.7,81.98,577763,121.46
2017-08-28,82.21,82.51,80.54,81.16,712706,120.25
2017-08-29,81.14,81.37,80.24,80.66,532840,119.5
2017-08-30,80.47,81.32,79.79,81.12,445740,120.19
2017-08-31,81.3,81.85,81.03,81.4,1042429,120.6
2017-09-01,81.62,82.38,81.24,81.87,551962,121.3
2017-09-05,81.87,82.33,80.78,81.24,585741,120.37
2017-09-06,81.63,82.27,81.42,81.62,462075,120.93
2017-09-07,81.78,81.99,80.85,81.61,507942,120.91
2017-09-08,81.41,81.62,80.96,81.11,502935,120.17
2017-09-11,81.55,81.92,81.17,81.47,655984,120.71
2017-09-12,81.47,82.07,80.8,81.13,452201,120.2
2017-09-13,80.99,81.25,80.55,80.97,600103,119.96
2017-09-14,80.95,82.59,80.72,82.57,596402,122.33
2017-09-15,82.8,82.8,81.41,82.61,1034435,122.4
2017-09-18,82.45,82.84,81.74,82.13,994387,121.68
2017-09-19,82.07,82.09,80.64,80.75,939100,119.64
2017-09-20,81.01,81.56,80.92,81.52,666180,120.78
2017-09-21,81.44,83.48,81.44,82.91,1100055,122.84
2017-09-22,82.8,83.53,82.11,82.13,517828,121.68
2017-09-25,81.9,83.34,81.76,82.77,509304,122.63
2017-09-26,82.81,83.77,82.68,83.53,671177,123.75
2017-09-27,83.36,83.57,82.68,82.9,512348,122.82
2017-09-28,82.96,83.48,82.8,83.37,610091,122.77
2017-09-29,83.12,83.77,83.05,83.45,879372,122.88
2017-10-02,83.48,83.74,82.69,82.8,715659,121.93
2017-10-03,82.67,83.26,81.98,83.09,935539,122.36
2017-10-04,82.73,84.13,82.73,84,908935,123.7
2017-10-05,84.13,85.59,84.13,84.93,790228,125.06
2017-10-06,84.85,86.2,84.49,86.19,1284608,126.92
2017-10-09,85.99,86.44,85.84,86.36,780058,127.17
2017-10-10,86.29,86.91,85.91,86.31,514034,127.1
2017-10-11,86.25,87.42,86.25,87.11,694896,128.28
2017-10-12,86.99,87.25,86.42,86.92,640398,128
2017-10-13,87.13,87.6,86.38,87.12,599398,128.29
2017-10-16,87.13,87.41,86.77,87.18,472989,128.38
2017-10-17,87.03,87.42,86.88,86.97,578045,128.06
2017-10-18,87.01,87.37,86.01,86.02,555831,126.67
2017-10-19,85.95,85.97,83.84,83.96,966691,123.63
2017-10-20,84.12,84.16,82.84,83.48,757075,122.93
2017-10-23,83.75,83.99,83.08,83.45,481667,122.88
2017-10-24,83.26,83.56,82.42,82.46,519002,121.42
2017-10-25,82.49,82.97,81.66,82.5,611567,121.49
2017-10-26,83.02,83.02,81.76,82.36,446553,121.28
2017-10-27,82.74,82.74,81.87,82.33,516817,121.23
2017-10-30,82.23,82.72,81.7,82.04,442753,120.81
2017-10-31,81.83,82.52,81.44,82.29,664462,121.18
2017-11-01,82.33,83.35,82.23,82.84,668493,121.98
2017-11-02,82.85,84,82.47,83.37,753386,122.77
2017-11-03,82.9,82.94,81.32,81.95,1142758,120.68
2017-11-06,82.14,84.07,82.14,83.82,691700,123.43
2017-11-07,83.88,84.63,83.58,84.34,640270,124.19
2017-11-08,84.26,85.06,84.15,84.71,669484,124.74
2017-11-09,84.63,85.65,84.28,85.57,806629,126.01
2017-11-10,84.96,86.01,84.95,85.46,628430,125.85
2017-11-13,85.7,85.81,85.08,85.52,426670,125.93
2017-11-14,85.38,85.84,84.33,84.74,567040,124.78
2017-11-15,84.79,84.9,84.17,84.31,482821,124.15
2017-11-16,84.13,85.39,84.1,85.01,680502,125.18
2017-11-17,84.59,85.22,84.57,84.91,414123,125.04
2017-11-20,85.06,85.15,84.49,84.6,527034,124.57
2017-11-21,84.97,85.18,84.5,85.02,535476,125.2
2017-11-22,84.67,85.29,84.6,84.89,408661,125
2017-11-24,85.17,85.4,84.89,85,155757,125.16
2017-11-27,85.22,85.58,84.86,85.04,399114,125.23
2017-11-28,85.19,85.35,84.31,84.68,439867,124.69
2017-11-29,84.7,85.16,84.33,84.92,605337,125.05
2017-11-30,85.21,85.75,84.62,85.15,1238363,125.38
2017-12-01,85.52,86.33,85.12,86.33,866278,127.13
2017-12-04,86.3,87.14,86.14,86.82,1873704,127.84
2017-12-05,87.05,87.28,85.17,85.22,598542,125.49
2017-12-06,85.45,85.66,84.53,85.17,1485639,125.41
2017-12-07,84.91,85.15,84.07,84.17,911679,123.95
2017-12-08,84.6,84.91,83.73,84.66,578901,124.66
2017-12-11,84.52,85,84.39,84.92,594031,125.05
2017-12-12,85.29,85.93,84.69,85.69,573418,126.18
2017-12-13,85.82,86.27,85.44,85.82,839479,126.37
2017-12-14,85.82,86.34,85.46,86.05,663255,126.71
2017-12-15,86.42,88.13,86.3,87.88,2426687,129.41
2017-12-18,87.91,89.64,87.91,88.93,2401364,130.96
2017-12-19,88.88,88.88,87.15,87.49,1038635,128.84
2017-12-20,87.41,87.49,86.71,86.82,2013991,127.85
2017-12-21,86.82,87.21,86.05,86.2,756358,126.94
2017-12-22,86.45,86.76,86.09,86.48,445943,127.34
2017-12-26,86.45,87.33,86.2,87.26,352508,128.49
2017-12-27,87.57,87.83,86.92,87.66,597461,129.09
2017-12-28,87.51,88.07,87.24,88.04,503927,128.84
2017-12-29,88.22,89.12,88.17,88.85,762804,130.03
2018-01-02,89.1,89.1,88.07,88.34,762491,129.28
2018-01-03,88.54,88.7,87.97,88.39,624812,129.35
2018-01-04,88.15,88.15,86.41,86.43,2137232,126.48
2018-01-05,86.67,87.45,86.45,87.37,1098877,127.86
2018-01-08,87.15,87.47,85.98,86.61,782710,126.74
2018-01-09,86.13,86.37,85.57,85.69,654246,125.4
2018-01-10,85.07,85.4,84.47,85.18,643560,124.65
2018-01-11,85.36,85.52,84.55,84.64,497380,123.86
2018-01-12,84.73,84.92,83.52,83.59,745224,122.33
2018-01-16,83.87,85.1,82.98,83.07,979022,121.56
2018-01-17,83.59,83.78,82.58,83.71,911084,122.5
2018-01-18,83.58,83.58,82.46,82.81,1205258,121.18
2018-01-19,82.61,83.58,82.61,83.33,1170968,121.95
2018-01-22,83.33,84.51,83.16,84.37,1204049,123.47
2018-01-23,84.29,84.93,84.24,84.84,1167027,124.15
2018-01-24,84.79,85.16,83.97,84.21,679510,123.24
2018-01-25,84.13,84.47,83.02,83.83,910172,122.68
2018-01-26,84.25,84.47,83.26,84.03,612854,122.97
2018-01-29,83.62,83.8,82.82,82.92,666234,121.34
2018-01-30,82.61,83.19,81.56,81.6,1227202,119.42
2018-01-31,81.98,85.67,81.98,84.54,2218667,123.71
2018-02-01,84.45,84.65,81.4,81.45,1115134,119.19
2018-02-02,80.69,81.72,80.18,81.55,1110665,119.34
2018-02-05,80.97,82.49,78.31,78.41,1237791,114.74
2018-02-06,76.76,79.03,76.44,78.8,1857702,115.32
2018-02-07,78.56,79.93,78.56,78.82,1031224,115.34
2018-02-08,78.56,79.59,76.57,76.59,1261787,112.09
2018-02-09,77.28,79.53,76.41,78.82,1020735,115.35
2018-02-12,78.99,79.15,76.24,78.68,916511,115.14
2018-02-13,78.62,79.72,77.93,79.4,834907,116.19
2018-02-14,79.04,79.04,77.44,78.9,1172978,115.46
2018-02-15,79.62,80.97,79.56,80.22,1157094,117.4
2018-02-16,80.26,82.13,80.26,81.75,997025,119.64
2018-02-20,81.65,82.8,81.38,81.58,1005531,119.39
2018-02-21,81.32,81.71,79.16,79.16,1186950,115.85
2018-02-22,79.6,81.95,79.45,80.95,968987,118.47
2018-02-23,81.05,82.68,80.87,82.66,719490,120.97
2018-02-26,82.96,83.3,81.91,82.98,771137,121.43
2018-02-27,83.31,83.52,81.45,81.67,1064002,119.51
2018-02-28,81.99,82.49,81.21,81.23,1318572,118.87
2018-03-01,80.54,81.79,80,80.63,1080234,118
2018-03-02,80.63,81.42,80.06,81.27,776701,118.93
2018-03-05,81.5,83.24,81.26,82.93,571233,121.36
2018-03-06,82.75,83.54,82.21,83.43,553189,122.1
2018-03-07,83.16,83.95,82.76,83.87,757212,122.74
2018-03-08,84.28,84.28,83,83.58,629858,122.31
2018-03-09,83.67,84.57,82.98,84.47,836973,123.62
2018-03-12,84.25,86.05,84.25,85.8,970987,125.56
2018-03-13,85.97,86.37,85.23,85.59,774166,125.26
2018-03-14,85.87,85.93,84.94,85.82,656525,125.59
2018-03-15,85.99,86.18,85.18,86.04,745372,125.91
2018-03-16,85.9,87,85.28,86.89,1140250,127.16
2018-03-19,87.02,87.07,85.81,86.29,501513,126.28
2018-03-20,86.46,87.15,85.68,85.87,776255,125.67
2018-03-21,85.77,86.12,84.39,84.97,862151,124.35
2018-03-22,84.73,85.84,83.69,83.76,772852,122.58
2018-03-23,83.4,83.89,80.59,80.93,1364667,118.43
2018-03-26,81.85,82.09,81.11,81.91,932951,119.87
2018-03-27,81.98,84.06,81.13,82.59,791230,120.87
2018-03-28,83.13,85.15,82.42,84.89,871309,123.4
2018-03-29,84.91,85.62,84.16,84.76,831285,123.22
2018-04-02,84.91,85.11,82.76,83.55,870842,121.46
2018-04-03,83.55,84.59,82.68,84.05,1014365,122.19
2018-04-04,83.23,84.87,83.23,84.55,948430,122.92
2018-04-05,84.65,84.73,83.54,84.11,625620,122.27
2018-04-06,84.08,84.6,82.75,83.21,666194,120.96
2018-04-09,83.34,83.56,82.57,82.63,718186,120.12
2018-04-10,83.06,83.92,82.63,83.54,956172,121.45
2018-04-11,83.3,84.03,83.15,83.2,703766,120.95
2018-04-12,83.52,83.52,81.37,81.74,1072212,118.83
2018-04-13,81.76,82.53,81.4,82.48,583053,119.9
2018-04-16,82.79,83.38,82.11,82.9,621481,120.52
2018-04-17,83.36,84.26,82.67,83.66,811223,121.62
2018-04-18,83.97,84.13,82.92,83.12,472488,120.84
2018-04-19,82.93,83.06,81.33,82.09,719836,119.34
2018-04-20,82.46,82.53,81.38,81.69,576746,118.75
2018-04-23,81.76,81.91,80.87,81.56,584686,118.56
2018-04-24,81.64,81.95,80.85,81.47,1062137,118.44
2018-04-25,81.62,81.91,80.09,81.39,1487096,118.32
2018-04-26,81.52,83.06,81.45,82.94,976926,120.57
2018-04-27,82.72,84.7,82.72,84.23,649638,122.45
2018-04-30,84.7,84.81,83.45,83.52,832707,121.41
2018-05-01,83.72,84.58,83.14,84.38,830987,122.67
2018-05-02,83.81,84.19,81.64,83.1,953172,120.81
2018-05-03,82.85,84.15,82.79,83.8,579576,121.82
2018-05-04,83.65,85.63,83.64,85.33,626589,124.04
2018-05-07,85.67,85.92,85.14,85.4,508301,124.15
2018-05-08,85.3,85.3,83.85,84.45,1268328,122.77
2018-05-09,84.36,85.57,84.17,85.47,568257,124.25
2018-05-10,85.75,86.11,85.17,85.9,566179,124.87
2018-05-11,86.06,86.19,85.29,85.56,719733,124.38
2018-05-14,85.3,85.53,84.11,84.22,630849,122.44
2018-05-15,83.64,83.94,81.65,81.86,1333421,119
2018-05-16,82.13,82.47,80.25,80.57,1160390,117.12
2018-05-17,80.37,81.1,80.26,80.65,826849,117.24
2018-05-18,80.63,81.08,80.1,80.54,2618407,117.09
2018-05-21,80.99,81.71,79.79,81.3,908618,118.19
2018-05-22,81.42,82.22,80.92,82.02,926161,119.24
2018-05-23,82.02,83.18,81.78,82.53,866029,119.97
2018-05-24,82.68,82.79,81.71,82.2,890295,119.49
2018-05-25,82.3,82.53,82.11,82.26,659222,119.59
2018-05-29,81.94,82.53,81.48,82.13,831975,119.4
2018-05-30,82.2,84.28,81.91,84.01,737614,122.13
2018-05-31,83.35,84.12,83.31,83.76,1367259,121.77
2018-06-01,83.7,84.38,83.52,83.58,678281,121.5
2018-06-04,84.11,85.02,83.63,85,647313,123.57
2018-06-05,85.17,85.39,83.97,84,858854,122.12
2018-06-06,84,84.62,83.67,84.34,510393,122.61
2018-06-07,84.44,84.67,83.36,84.18,794954,122.38
2018-06-08,84.38,84.48,83.98,84.37,643250,122.65
2018-06-11,84.55,84.65,83.93,84.14,471969,122.31
2018-06-12,83.96,84.51,83.5,83.97,793775,122.07
2018-06-13,84.11,84.35,82.34,82.41,731391,119.8
2018-06-14,82.61,83.07,82.17,82.46,733737,119.88
2018-06-15,82.74,83.32,82.39,82.6,1457293,120.08
2018-06-18,82.35,82.65,81.16,81.77,1063155,118.87
2018-06-19,81.61,82.24,81.52,81.71,893698,118.78
2018-06-20,81.81,83.46,81.64,83.39,698683,121.23
2018-06-21,83.71,84.25,83.08,84.18,1283096,122.37
2018-06-22,85.14,86.6,84.2,86.4,2007327,125.6
2018-06-25,86.32,86.51,85.04,86.1,799298,125.17
2018-06-26,86.27,86.3,85.37,85.69,1188912,124.57
2018-06-27,85.83,86.3,85.18,85.46,580675,124.24
2018-06-28,85.65,86.76,85.5,86.5,642489,124.94
2018-06-29,86.25,87.37,85.55,86.83,997487,125.42
2018-07-02,86.72,86.92,85.34,86.33,823223,124.69
2018-07-03,86.24,87.29,85.84,86.25,485170,124.58
2018-07-05,86.31,87.35,86.04,87.28,831638,126.07
2018-07-06,87.44,87.87,87.12,87.44,598733,126.3
2018-07-09,87.73,87.73,86.6,87.26,727984,126.04
2018-07-10,87.24,87.57,86.89,87.13,668393,125.85
2018-07-11,87.1,87.51,86.87,87.19,539345,125.94
2018-07-12,87.36,87.98,86.9,87.9,628152,126.96
2018-07-13,87.93,88.71,87.84,88.15,668789,127.32
2018-07-16,87.8,88.18,87.12,87.88,777003,126.93
2018-07-17,87.99,88.08,86.71,87.01,816075,125.67
2018-07-18,86.85,87.53,86.32,86.66,539601,125.17
2018-07-19,86.6,88.22,86.39,87.79,561624,126.8
2018-07-20,87.48,87.62,86.58,86.67,441693,125.19
2018-07-23,86.53,86.58,85.39,86,412184,124.22
2018-07-24,86.01,86.72,85.36,86.32,682185,124.68
2018-07-25,86.51,86.88,86.11,86.45,537529,124.87
2018-07-26,86.69,87.17,86.12,86.21,691396,124.52
2018-07-27,86.52,86.73,84.87,85.07,500555,122.87
2018-07-30,84.9,85.16,84.3,84.51,567456,122.07
2018-07-31,85.1,87.09,84.46,86.91,1157453,125.53
2018-08-01,84.71,90.02,84.71,89.89,1080500,129.84
2018-08-02,89.4,90.36,88.79,89.24,1189696,128.9
2018-08-03,88.99,89.82,88.41,89.38,755155,129.1
2018-08-06,89.42,90.06,89.32,89.71,763090,129.57
2018-08-07,89.91,90.04,89.13,89.82,712446,129.74
2018-08-08,89.91,90.01,89.13,89.77,526525,129.66
2018-08-09,89.54,89.84,89.29,89.53,1009406,129.31
2018-08-10,89.26,89.98,89.04,89.27,952384,128.94
2018-08-13,89.53,90.06,89.4,89.65,870640,129.49
2018-08-14,89.86,90.37,89.23,89.86,1296094,129.79
2018-08-15,89.95,90.91,89.6,90.48,682928,130.68
2018-08-16,90.5,91.45,90.36,91.13,797460,131.63
2018-08-17,91.3,91.81,90.99,91.49,875611,132.15
2018-08-20,91.8,91.96,91.08,91.11,677730,131.6
2018-08-21,90.86,91.06,89.86,89.87,736342,129.8
2018-08-22,90.23,90.36,89.32,89.5,758773,129.27
2018-08-23,89.73,89.77,88.86,89.04,592780,128.61
2018-08-24,88.89,89.6,88.59,89.34,863787,129.04
2018-08-27,89.41,89.55,88.41,89.06,723582,128.63
2018-08-28,89.15,90.69,88.83,90.57,989479,130.82
2018-08-29,90.75,90.79,90.35,90.44,550212,130.63
2018-08-30,90.7,90.71,90.04,90.18,517629,130.26
2018-08-31,90.47,90.68,90.12,90.32,618753,130.45
2018-09-04,90.07,90.79,88.94,89.4,696867,129.13
2018-09-05,89.11,90.96,88.91,90.73,1216351,131.05
2018-09-06,90.97,90.97,89.92,89.93,1617580,129.89
2018-09-07,89.31,89.66,88.99,89.05,531462,128.62
2018-09-10,89.5,90.21,88.92,88.99,599889,128.53
2018-09-11,88.5,89.29,88.5,88.56,694111,127.92
2018-09-12,88.72,89.1,88.27,88.27,602540,127.5
2018-09-13,88.66,88.66,88.02,88.3,731233,127.54
2018-09-14,88.09,88.26,86.75,87.21,740606,125.96
2018-09-17,87.5,87.96,86.92,87.93,606340,127.01
2018-09-18,87.78,88.43,87.28,87.33,541951,126.14
2018-09-19,87.51,87.53,85.93,86.02,658060,124.25
2018-09-20,86.09,87.19,85.75,87.01,662245,125.67
2018-09-21,86.91,88.09,86.62,87.83,1685629,126.86
2018-09-24,87.55,87.74,84.97,85.54,664119,123.55
2018-09-25,85.58,86.29,85.1,85.84,669828,123.99
2018-09-26,86.05,86.12,83.95,84.04,1172104,121.38
2018-09-27,84.17,84.99,84.17,84.24,942541,120.72
2018-09-28,84.43,85.94,84.43,85.89,1438012,123.09
2018-10-01,85.81,86.3,84.37,84.41,890227,120.96
2018-10-02,84.43,85.03,84.25,84.29,827684,120.8
2018-10-03,84.43,85.1,83.28,83.84,859731,120.15
2018-10-04,83.29,83.79,82.7,83.15,701642,119.16
2018-10-05,83.72,83.79,82.76,82.94,719588,118.86
2018-10-08,83,84.08,83,83.57,957269,119.76
2018-10-09,83.6,84.13,82.98,83.95,918335,120.31
2018-10-10,83.83,84.45,82.94,83.08,720670,119.06
2018-10-11,83.36,83.36,79.77,79.81,1196441,114.37
2018-10-12,80.44,80.99,79.54,80.04,915483,114.7
2018-10-15,80.63,81.78,80.6,80.93,944057,115.98
2018-10-16,81.05,82.62,80.86,82.35,793855,118.02
2018-10-17,82.25,82.42,81.32,82.01,676553,117.52
2018-10-18,82.03,82.79,81.09,81.28,843368,116.48
2018-10-19,81.77,82.05,81.43,81.61,887618,116.95
2018-10-22,81.89,82.19,80.18,80.25,617362,115.01
2018-10-23,79.88,80.95,79.58,80.42,902140,115.24
2018-10-24,80.42,81.59,80.25,80.62,1172612,115.54
2018-10-25,80.73,82.13,80.29,81.62,793822,116.96
2018-10-26,81.32,81.38,79.51,80.18,1053058,114.91
2018-10-29,81.02,82.18,80.76,81.65,884716,117.01
2018-10-30,81.93,82.88,81.14,81.63,915468,116.98
2018-10-31,83.19,86,82.47,84.27,2209333,120.76
2018-11-01,84.23,85.77,83.27,83.68,1199448,119.92
2018-11-02,83.79,83.88,82.16,83.05,1015921,119.01
2018-11-05,83.66,84.94,83.66,84.41,885876,120.96
2018-11-06,84.65,85.8,83.84,85.44,670323,122.44
2018-11-07,85.46,86.43,85.4,86.35,573713,123.74
2018-11-08,86.32,87.32,85.91,86.83,791659,124.44
2018-11-09,86.86,87.32,86.05,86.71,653379,124.26
2018-11-12,86.71,87.53,86.69,86.83,588863,124.44
2018-11-13,87.04,87.43,86.4,87.09,809143,124.81
2018-11-14,87.23,87.51,86.44,86.85,493491,124.46
2018-11-15,86.36,86.67,85.26,86.65,756971,124.17
2018-11-16,86.58,87.67,86.03,87.62,708961,125.57
2018-11-19,88.04,88.54,86.8,87.67,843388,125.63
2018-11-20,87.5,88.06,87.09,87.53,982300,125.44
2018-11-21,87.53,88.9,87.05,87.67,797529,125.63
2018-11-23,87.69,88.13,86.83,87.65,238035,125.61
2018-11-26,88.13,88.23,87.05,87.68,750492,125.65
2018-11-27,87.47,89.03,87.43,88.69,1185816,127.1
2018-11-28,88.6,90.69,88.49,90.69,1382946,129.97
2018-11-29,90.55,90.98,89.83,90.59,1002194,129.82
2018-11-30,90.67,91.6,90.25,91.55,1589417,131.2
2018-12-03,91.78,92.33,89.97,92.25,965902,132.2
2018-12-04,92.08,92.62,90.53,90.84,1185290,130.18
2018-12-06,90.35,92.55,88.96,92.45,1273427,132.48
2018-12-07,92.24,92.33,89.72,90.07,1340336,129.08
2018-12-10,89.85,89.85,87.63,88.61,1404008,126.98
2018-12-11,89.1,90.19,88.66,88.68,749104,127.08
2018-12-12,89.49,89.65,86.67,86.79,825709,124.37
2018-12-13,86.95,88.83,86.95,87.82,632760,125.85
2018-12-14,87.55,87.92,87.06,87.74,717904,125.74
2018-12-17,87.8,88.03,83.42,83.77,1168758,120.05
2018-12-18,84.57,84.85,83.67,84.12,703982,120.55
2018-12-19,84.11,84.11,81.88,82.35,1060614,118.02
2018-12-20,82.22,82.42,79.78,80.25,1266357,115.01
2018-12-21,80.32,81.6,79.09,79.18,1811442,113.47
2018-12-24,79.17,79.74,76.1,76.12,506122,109.09
2018-12-26,76.44,78.67,75.25,78.67,775400,112.74
2018-12-27,77.92,78.63,76.24,78.63,951184,112.68
2018-12-28,79.42,79.69,77.7,78.77,850800,111.93
2018-12-31,78.97,79.21,77.62,79.21,681034,112.55
2019-01-02,78.61,78.61,75.96,76.81,928618,109.15
2019-01-03,76.7,78.35,76.58,77.14,831644,109.61
2019-01-04,77.86,79.11,77.44,78.47,691669,111.51
2019-01-07,78.69,79.51,78.35,78.97,896244,112.21
2019-01-08,79.29,81.33,79.16,81.3,1465676,115.53
2019-01-09,82.44,82.83,81.33,82.65,981211,117.44
2019-01-10,82.4,84.11,82.27,83.9,779388,119.22
2019-01-11,83.6,83.96,83.18,83.85,492776,119.15
2019-01-14,83.51,83.95,82.84,83.13,532326,118.13
2019-01-15,83.16,83.96,83.08,83.79,504413,119.07
2019-01-16,83.91,84.37,83.34,84.33,652511,119.83
2019-01-17,84.29,85.07,83.99,84.74,748458,120.42
2019-01-18,84.92,85.57,84.36,85.52,923937,121.52
2019-01-22,85.47,85.6,84.42,85.3,941793,121.21
2019-01-23,84.96,85.47,84.38,85,730412,120.78
2019-01-24,84.52,85.34,83.91,85.2,578133,121.07
2019-01-25,85.83,86.95,85.52,86.9,871014,123.48
2019-01-28,86.76,88.18,86.17,87.88,692216,124.87
2019-01-29,87.73,88.98,87.35,88.95,655506,126.39
2019-01-30,89.73,91.84,88.82,91.81,1215446,130.46
2019-01-31,91.73,92.95,90.81,92.8,1025073,131.87
2019-02-01,92.95,92.95,91.03,92.32,1237273,131.18
2019-02-04,92.22,93.22,91.66,93.22,1136539,132.46
2019-02-05,93.25,93.25,92.41,92.93,1278661,132.05
2019-02-06,93.04,93.08,91.95,92.61,805510,131.6
2019-02-07,92.22,93.36,91.51,93.32,926941,132.61
2019-02-08,92.76,93.34,92.49,93.17,574996,132.4
2019-02-11,93.3,93.92,93.03,93.82,606105,133.32
2019-02-12,93.84,94.1,93.1,93.38,663111,132.69
2019-02-13,93.27,94.32,93.16,94.1,517538,133.71
2019-02-14,93.96,94.24,93.35,93.67,580386,133.11
2019-02-15,94.39,94.47,93.69,94.03,797840,133.62
2019-02-19,93.98,94.95,93.77,94.73,466504,134.61
2019-02-20,94.55,94.55,93.46,94.21,492476,133.87
2019-02-21,93.83,94.81,92.94,94.69,451113,134.56
2019-02-22,94.91,95.7,94.46,95.48,518616,135.67
2019-02-25,95.78,95.86,94.69,94.81,516474,134.73
2019-02-26,95.14,95.17,94.22,94.31,546431,134.01
2019-02-27,93.77,93.98,92.41,93.17,810414,132.4
2019-02-28,93.25,94.91,92.94,93.38,1231355,132.69
2019-03-01,93.52,93.78,92.35,92.77,1118486,131.83
2019-03-04,93.04,93.52,92.44,93.1,1006995,132.3
2019-03-05,92.95,94.15,92.95,93.8,970404,133.29
2019-03-06,94.2,94.35,93.24,93.25,568509,132.5
2019-03-07,93.15,94.09,92.85,93.22,1301845,132.46
2019-03-08,92.98,93.98,92.61,93.2,782226,132.43
2019-03-11,93.5,93.92,93.03,93.74,802064,133.2
2019-03-12,94.01,95.26,93.89,95,685876,135
2019-03-13,94.39,95.35,94.39,95.03,670378,135.04
2019-03-14,94.91,95.35,94.61,95.19,531161,135.27
2019-03-15,95,95.19,93.2,93.41,1739805,132.74
2019-03-18,93.83,94.17,93.08,93.52,798690,132.89
2019-03-19,93.55,94.04,92.75,93.06,566312,132.24
2019-03-20,93.01,93.53,91.94,92.82,977445,131.89
2019-03-21,92.5,93.86,92.5,93.53,850784,132.91
2019-03-22,93.53,94.2,92.52,92.55,1215577,131.51
2019-03-25,92.89,92.89,91.87,92.27,889827,131.11
2019-03-26,92.51,93.58,92.47,93.44,999564,132.77
2019-03-27,93.46,93.6,92.3,93.11,920693,132.31
2019-03-28,93.46,94.79,93.03,94.7,756442,133.6
2019-03-29,94.81,95.41,94.48,94.9,1451317,133.88
2019-04-01,95.24,96.06,94.68,96.02,1114393,135.46
2019-04-02,96.1,97.66,95.17,97.54,1132866,137.61
2019-04-03,97.83,98.25,97.06,98.08,1004912,138.37
2019-04-04,97.94,98.31,96.83,97.76,674597,137.92
2019-04-05,97.64,98.13,97.32,98.09,500834,138.38
2019-04-08,98.15,98.17,97.28,97.83,558893,138.02
2019-04-09,97.7,97.73,97.12,97.31,805095,137.28
2019-04-10,97.43,98.14,97.29,98.09,698165,138.39
2019-04-11,98.31,98.82,97.75,98.14,568151,138.45
2019-04-12,98.12,98.12,97.02,97.74,1325434,137.89
2019-04-15,97.99,97.99,96.71,97.14,816632,137.05
2019-04-16,97,97.48,94.62,95.17,878767,134.26
2019-04-17,95.34,95.34,93.4,93.42,967607,131.79
2019-04-18,93.45,94.6,93.35,94.27,640974,132.99
2019-04-22,94.09,94.19,92.23,93.25,617220,131.55
2019-04-23,94.21,95.64,93.73,95.54,724306,134.79
2019-04-24,96.05,96.66,95.57,96.36,618500,135.94
2019-04-25,96.44,96.57,95.54,96.32,583267,135.89
2019-04-26,96.52,97.24,96.34,97.07,444710,136.95
2019-04-29,96.85,97.56,95.87,95.96,429432,135.38
2019-04-30,96.81,97.62,95.81,97.55,897583,137.62
2019-05-01,97.63,99.48,97.52,97.76,1077266,137.92
2019-05-02,97.73,98.2,95.58,95.86,981558,135.24
2019-05-03,96.04,96.47,95.15,95.5,801606,134.73
2019-05-06,94.66,95.42,94.09,94.85,592810,133.81
2019-05-07,94.45,94.8,92.37,93.27,625910,131.58
2019-05-08,93.42,94.23,92.52,92.55,604521,130.57
2019-05-09,92.28,92.76,91.42,92.76,533384,130.87
2019-05-10,92.65,93.92,91.96,93.71,445894,132.21
2019-05-13,92.86,93.12,92.23,92.83,638144,130.96
2019-05-14,93.08,94.31,92.72,94.28,865427,133.01
2019-05-15,94.08,95.12,93.64,94.9,697339,133.89
2019-05-16,94.86,96.22,94.62,95.49,730144,134.71
2019-05-17,94.78,95.27,94.13,94.73,742487,133.65
2019-05-20,94.68,94.9,93.08,93.66,496031,132.14
2019-05-21,94.22,94.53,93.92,94.1,739314,132.75
2019-05-22,94.08,94.2,93.54,93.89,571948,132.46
2019-05-23,93.64,93.64,92.38,93.27,961759,131.58
2019-05-24,93.64,94.16,93.25,93.58,628900,132.02
2019-05-28,94.03,94.58,93.66,94.1,2326150,132.75
2019-05-29,94.02,94.02,92.65,93.25,953781,131.55
2019-05-30,93.37,94.07,92.42,92.72,942733,130.81
2019-05-31,91.92,93.51,91.47,92.74,727295,130.83
2019-06-03,93.03,93.85,92.77,93.44,997999,131.83
2019-06-04,93.56,93.91,92.57,93.64,770392,132.11
2019-06-05,94.08,95.88,94.08,95.82,652048,135.18
2019-06-06,95.92,96.34,95.22,96.32,604106,135.89
2019-06-07,96.66,97.29,96.51,96.51,625094,136.16
2019-06-10,96.8,96.8,95.21,95.43,585519,134.63
2019-06-11,95.85,95.85,94.07,94.76,741938,133.69
2019-06-12,94.45,95.49,93.86,95.17,525836,134.26
2019-06-13,95.64,95.86,94.7,95.83,601011,135.2
2019-06-14,95.77,96.3,95.46,95.83,568888,135.2
2019-06-17,96.58,97.14,96.47,96.97,657682,136.8
2019-06-18,97.47,98.45,96.11,96.65,553207,136.35
2019-06-19,96.44,97.72,95.94,97.32,609981,137.3
2019-06-20,98,98.7,97.68,98.36,1088862,138.77
2019-06-21,98.17,98.17,96.19,96.45,2435475,136.07
2019-06-24,96.54,96.68,94.48,94.77,871405,133.7
2019-06-25,94.95,95.22,92.66,92.71,662211,130.8
2019-06-26,93.4,93.4,89.95,91.08,1454638,128.5
2019-06-27,91.8,92.51,91.11,91.43,1003019,128.03
2019-06-28,91.58,93.08,91.58,92.12,1428538,129
2019-07-01,92.66,92.66,90.88,92.19,743703,129.1
2019-07-02,92.39,93.82,92.13,93.7,689276,131.21
2019-07-03,93.97,95.14,93.55,95,394706,133.04
2019-07-05,94.29,94.67,92.54,94.17,480265,131.87
2019-07-08,94.05,94.78,93.71,94.51,680316,132.35
2019-07-09,94.35,94.78,93.88,94.3,963925,132.05
2019-07-10,94.31,95.82,94.31,95.6,775221,133.87
2019-07-11,95.51,96.26,94.26,94.61,938165,132.49
2019-07-12,94.57,94.91,94.2,94.48,355342,132.3
2019-07-15,94.88,94.88,94.14,94.33,424554,132.1
2019-07-16,93.94,94.22,93.62,93.85,542668,131.42
2019-07-17,94.04,94.24,92.35,92.93,480838,130.14
2019-07-18,93.02,93.39,92.26,93.11,648333,130.38
2019-07-19,93.36,93.56,91.38,91.46,644257,128.07
2019-07-22,91.26,91.85,90.76,91.69,859283,128.4
2019-07-23,92.16,92.99,91.69,92.87,602244,130.05
2019-07-24,92.51,93.25,92.31,93.06,576976,130.31
2019-07-25,92.97,93.44,92.58,93.26,515162,130.6
2019-07-26,93.43,93.94,93.04,93.76,530535,131.3
2019-07-29,94.02,94.99,93.72,94.47,777772,132.29
2019-07-30,94.97,95.89,94.3,94.98,610251,133.01
2019-07-31,96.05,97.57,94.42,94.94,1058479,132.95
2019-08-01,94.53,94.95,92.08,93.08,1144000,130.34
2019-08-02,93.14,93.72,92.53,92.94,575722,130.15
2019-08-05,92.21,92.21,89.76,90.93,1044210,127.34
2019-08-06,91.21,92.11,90.31,90.83,1076764,127.19
2019-08-07,90.08,92.64,89.51,91.74,896351,128.47
2019-08-08,91.86,93.75,91.49,93.48,747819,130.9
2019-08-09,93.34,93.54,91.6,92.36,645273,129.34
2019-08-12,92.03,92.08,90.26,90.66,851578,126.955
2019-08-13,90.51,91.47,90.3,90.89,672334,127.28
2019-08-14,90.32,90.6,89.43,89.71,691476,125.62
2019-08-15,89.66,91.01,89.66,90.76,863220,127.09
2019-08-16,91.03,91.95,90.46,91.56,716529,128.21
2019-08-19,92.21,92.28,91.53,91.68,454822,128.39
2019-08-20,91.33,91.84,90.94,91.11,571959,127.59
2019-08-21,91.23,91.76,90.56,91.17,815026,127.67
2019-08-22,91.56,91.61,90.18,91.36,550459,127.93
2019-08-23,91.04,91.54,89.54,89.86,691456,125.83
2019-08-26,90.54,90.77,89.65,90.71,510238,127.03
2019-08-27,91.23,91.52,90.06,90.15,754895,126.24
2019-08-28,90.12,90.68,89.96,90.43,394717,126.64
2019-08-29,91,91.87,90.73,91.47,422762,128.09
2019-08-30,91.86,92.11,91.31,91.71,563873,128.42
2019-09-03,91.24,92.03,91.01,91.98,636794,128.8
2019-09-04,92.64,93.2,92.2,92.63,685621,129.72
2019-09-05,92.76,92.76,91.26,92.56,708937,129.62
2019-09-06,92.78,93.26,92.58,92.96,563415,130.17
2019-09-09,92.72,93.51,90.11,93.09,1099128,130.36
2019-09-10,92.6,93.48,92.15,93.48,1136095,130.91
2019-09-11,93.34,94.28,92.6,94.28,821923,132.02
2019-09-12,94.7,95.37,93.08,95.28,1236003,133.43
2019-09-13,95.33,95.75,93.3,93.83,932731,131.4
2019-09-16,93.78,94.35,93.03,94.28,864244,132.03
2019-09-17,94.19,94.43,92.86,93.69,921365,131.2
2019-09-18,93.89,93.89,92.33,93.15,959297,130.44
2019-09-19,93.51,93.56,92.56,92.86,925266,130.03
2019-09-20,93.21,94.34,92.66,92.91,5493260,130.11
2019-09-23,92.49,93.86,92.14,93.01,1081123,130.25
2019-09-24,93.27,93.56,91.87,92.49,1337857,129.52
2019-09-25,92.56,93.49,92.09,92.96,1085906,130.17
2019-09-26,93.37,94.73,93.16,94.68,841659,132.59
2019-09-27,94.91,94.91,92.9,93.59,1053829,130.12
2019-09-30,93.43,93.88,92.91,93.26,953319,129.66
2019-10-01,93.42,93.71,91.73,92.55,726144,128.68
2019-10-02,92.07,92.23,89.88,90.22,1970300,125.44
2019-10-03,90.22,92.19,89.61,91.99,1114513,127.89
2019-10-04,92.09,92.69,91.73,92.58,627308,128.71
2019-10-07,92.17,93.03,91.94,92.17,380233,128.15
2019-10-08,91.78,92.27,91.04,91.4,931252,127.08
2019-10-09,91.99,92.31,91.46,91.96,1263663,127.86
2019-10-10,92.01,92.25,91.43,91.48,467830,127.18
2019-10-11,91.91,92.97,91.81,92.21,644704,128.2
2019-10-14,92.15,92.15,90.81,91.76,453516,127.57
2019-10-15,91.58,92.72,91.11,92.68,611015,128.85
2019-10-16,92.32,93.17,91.91,92.31,578511,128.34
2019-10-17,92.12,92.3,91.4,91.82,598371,127.66
2019-10-18,92,92.48,91.27,92.32,618544,128.36
2019-10-21,92.14,93.5,92.14,93.49,623734,129.98
2019-10-22,93.61,94.33,92.69,94.11,715169,130.84
2019-10-23,93.62,94.41,93.36,94.2,857808,130.97
2019-10-24,94.39,95.39,93.92,95.21,591567,132.37
2019-10-25,95.01,96.04,94.42,95.07,571246,132.18
2019-10-28,95.2,95.55,94.86,95.43,577521,132.68
2019-10-29,95.86,96.3,95.42,95.88,1167470,133.3
2019-10-30,97.79,100.74,96.62,99.93,1265819,138.93
2019-10-31,99.53,99.93,97.7,98.68,1079646,137.2
2019-11-01,99.09,99.57,97.63,98.86,692356,137.44
2019-11-04,98.77,99.7,98.52,99.64,592435,138.53
2019-11-05,99.27,99.71,97.52,98.05,963536,136.32
2019-11-06,98.5,99.54,98.42,99.2,825052,137.92
2019-11-07,99.02,99.42,98.6,99.23,757120,137.96
2019-11-08,99.19,99.7,98.55,99.5,427922,138.34
2019-11-11,99.14,99.77,98.55,99.67,499971,138.57
2019-11-12,99.44,99.8,97.27,97.55,623858,135.62
2019-11-13,97.41,98.55,97.4,98.33,660848,136.71
2019-11-14,98.51,99.16,98.26,99.12,655674,137.81
2019-11-15,99.31,99.77,98.83,98.94,726843,137.56
2019-11-18,99.18,99.8,98.54,99.76,563156,138.7
2019-11-19,100.27,100.27,98.7,99.45,477951,138.27
2019-11-20,99.44,99.44,98.51,99.29,417286,138.05
2019-11-21,99.05,99.05,97.89,98.36,417187,136.75
2019-11-22,98.73,99.67,97.75,98.96,530806,137.59
2019-11-25,98.97,100.43,98.89,98.93,412522,137.54
2019-11-26,98.85,99.87,98.72,99.62,732943,138.51
2019-11-27,99.58,100.06,99.03,99.98,390132,139.01
2019-11-29,99.8,100.25,99.59,99.65,445387,138.54
2019-12-02,99.57,99.6,98.34,98.45,620761,136.87
2019-12-03,98.22,99.71,98.22,99.6,450591,138.47
2019-12-04,99.54,100.62,99.24,99.26,584687,138
2019-12-05,99.22,100.08,99.02,100.06,507282,139.12
2019-12-06,100.18,100.91,100.02,100.18,660606,139.28
2019-12-09,100.24,100.81,99.85,100.6,657817,139.87
2019-12-10,100.73,100.78,99.78,100.42,520310,139.61
2019-12-11,100.68,100.68,98.35,98.75,760884,137.29
2019-12-12,98.9,98.99,96.73,97.19,1043772,135.13
2019-12-13,97.55,97.93,96.22,97.18,929020,135.11
2019-12-16,97.6,97.76,96.58,97.57,628253,135.65
2019-12-17,98,98.05,96.42,96.72,859448,134.47
2019-12-18,96.58,97.89,96.1,97.43,1082361,135.46
2019-12-19,97.3,98.24,97.04,97.6,763828,135.69
2019-12-20,98.16,98.31,97.66,97.66,1646199,135.78
2019-12-23,97.93,98.21,97.26,97.68,666302,135.81
2019-12-24,97.87,98.45,97.62,97.78,157032,135.94
2019-12-26,98.11,98.65,97.68,98.64,275416,137.14
2019-12-27,98.95,99.03,98.31,99.03,401366,137.68
2019-12-30,99.06,99.37,98.63,99.01,349051,136.67
2019-12-31,98.82,99.87,98.82,99.87,629585,137.86
2020-01-02,100.19,100.36,97.89,98.22,698473,135.58
2020-01-03,97.41,99.15,97.38,98.98,605209,136.64
2020-01-06,99.29,100.08,98.37,99.68,772309,137.6
2020-01-07,99.06,99.4,97.52,97.95,711416,135.21
2020-01-08,98.17,98.39,96.86,97.43,761291,134.49
2020-01-09,97.47,98.1,97.19,97.48,857347,134.56
2020-01-10,97.57,98.19,97.29,97.85,622436,135.08
2020-01-13,97.94,99.22,97.8,99.08,616962,136.77
2020-01-14,99.01,99.01,97.94,98.81,562489,136.4
2020-01-15,99.11,99.77,98.46,99.48,705122,137.33
2020-01-16,99.74,100.9,99.57,100.9,529007,139.28
2020-01-17,101.15,101.95,100.76,101.1,898305,139.56
2020-01-21,101.1,102,100.63,101.68,778152,140.36
2020-01-22,102.14,102.25,100.96,101.35,637128,139.9
2020-01-23,101.28,103.01,100.59,102.97,751569,142.14
2020-01-24,102.94,103.04,102.26,102.87,523049,142.01
2020-01-27,102.29,102.68,101.93,102.17,713125,141.04
2020-01-28,102.4,103.24,102.16,102.27,886200,141.18
2020-01-29,102.82,104.27,101.22,103.54,1061536,142.93
2020-01-30,103.25,104.06,102.77,104.02,841121,143.59
2020-01-31,103.83,104.56,103.51,103.85,1075638,143.35
2020-02-03,104.32,104.89,103.62,103.71,917467,143.17
2020-02-04,104.03,105.36,103.86,104.72,1033388,144.56
2020-02-05,104.99,105.82,104.53,105.08,694351,145.06
2020-02-06,105.32,105.76,104.27,104.59,1063779,144.38
2020-02-07,104.52,104.53,103.01,103.38,746496,142.71
2020-02-10,103.56,104,103.02,103.71,949205,143.16
2020-02-11,103.87,104.67,103.87,104.48,598675,144.22
2020-02-12,104.63,105.56,104.19,105.05,648832,145.02
2020-02-13,104.84,105.79,104.84,105.46,592581,145.58
2020-02-14,105.61,106.69,105.3,106.66,758153,147.23
2020-02-18,106.85,106.86,105.76,106.86,635041,147.51
2020-02-19,107.06,107.09,104.95,104.97,848880,144.9
2020-02-20,105.02,106.5,104.82,106.43,603989,146.92
2020-02-21,106.11,106.45,105.24,105.61,1045613,145.78
2020-02-24,104.36,105.29,104.09,104.57,914619,144.35
2020-02-25,104.65,104.68,98.85,99.06,1264945,136.75
2020-02-26,99.42,99.82,98.07,98.09,1411425,135.41
2020-02-27,97.43,98.01,92.9,92.91,1434633,128.25
2020-02-28,91.12,93.41,89.18,93.41,2538126,128.94
2020-03-02,93.91,97.47,93.04,97.46,1543307,134.54
2020-03-03,97.38,99.55,95.52,96.27,1402300,132.9
2020-03-04,97.63,100.24,97.13,100.06,957151,138.12
2020-03-05,98.48,99.84,97.13,99.05,1012310,136.73
2020-03-06,96.46,97.19,92.89,96.04,1206308,132.58
2020-03-09,89.99,92.2,87.85,89,1972366,122.86
2020-03-10,91.74,94.45,89.2,94.37,1915755,130.27
2020-03-11,91.8,92.13,87.05,87.86,1568209,121.29
2020-03-12,81.63,85.08,78.32,81.05,2144217,111.89
2020-03-13,85.55,85.66,80.91,84.8,1869605,117.06
2020-03-16,77.17,80.17,70.04,70.22,1795059,96.93
2020-03-17,71.93,79.25,68.27,76.67,1795033,105.84
2020-03-18,70.31,72.28,61.96,63.9,1629677,88.21
2020-03-19,62.45,64.35,59.92,61.99,1771059,85.57
2020-03-20,62.91,69.43,58.41,59.4,2684625,82
2020-03-23,59.4,60.81,55.93,56.45,2882969,77.93
2020-03-24,58.68,63.99,56.7,63.45,2101786,87.59
2020-03-25,63.74,70.83,62.76,65.82,2221566,90.86
2020-03-26,66.62,67.67,64.65,67.3,1936849,92.9
2020-03-27,64.81,70.18,63.03,67.96,1817585,93.82
2020-03-30,68.76,70.34,65.15,68.05,1821189,92.96
2020-03-31,67.38,68.72,65.19,67.52,1874006,92.23
2020-04-01,64.08,64.98,60.46,62.41,1865684,85.25
2020-04-02,61.35,64.03,58.5,60.53,2200751,82.69
2020-04-03,59.96,62.39,59.1,60.79,2099618,83.04
2020-04-06,64.55,67.31,63.07,66.41,1987660,90.72
2020-04-07,70.64,72.22,67.73,67.83,2238837,92.66
2020-04-08,68.84,73.76,67.62,73.14,1502664,99.91
2020-04-09,74.87,78.44,74.8,77.6,2127270,106
2020-04-13,76.74,77.84,72.23,73.62,1393036,100.56
2020-04-14,75.29,77.66,75.29,77.36,999909,105.68
2020-04-15,74.73,75.75,72.23,72.97,1220540,99.68
2020-04-16,73.08,73.08,68.31,68.87,1258352,94.07
2020-04-17,71.04,72.01,69.44,69.91,1841621,95.5
2020-04-20,68.82,69.36,66.87,66.94,1298144,91.44
2020-04-21,64.42,65.64,63.43,64.74,1866040,88.43
2020-04-22,66.64,67.27,65.24,66.38,1328270,90.67
2020-04-23,66.58,66.85,64.64,65.1,1308258,88.92
2020-04-24,65.39,66.44,64.55,66.15,1247057,90.36
2020-04-27,66.84,69.08,66.5,68.92,1521815,94.14
2020-04-28,71.5,72.37,70.36,71.06,1335151,97.07
2020-04-29,73.94,75.36,71.77,71.93,1659222,98.25
2020-04-30,70.72,71.73,69.59,71.14,1610636,97.18
2020-05-01,69.24,69.46,67.7,68.03,1125681,92.93
2020-05-04,66.89,67.27,64.93,65.64,2055823,89.67
2020-05-05,66.6,67.17,63.92,64,1482475,87.43
2020-05-06,64.01,64.48,60.86,60.97,1612576,83.28
2020-05-07,62.09,63.5,61.43,62.85,2143243,85.85
2020-05-08,64.32,64.86,63.05,63.62,1951360,86.91
2020-05-11,63.11,63.79,61.37,61.39,1817737,83.86
2020-05-12,61.49,61.58,57.52,57.66,2902139,78.77
2020-05-13,56.98,57.01,54.44,54.76,3293925,74.8
2020-05-14,53.76,56.24,52.39,56.15,3157596,76.7
2020-05-15,54.89,55.4,53.47,54.87,3964583,74.95
2020-05-18,57.38,60.15,57.38,59.25,3059331,80.93
2020-05-19,58.92,59.49,56.63,56.97,2130451,77.82
2020-05-20,57.59,59.3,57.07,59.17,2187001,80.83
2020-05-21,59.1,59.78,58.04,58.5,1978061,79.91
2020-05-22,58.48,59.1,56,57.11,2090187,78.01
2020-05-26,59.89,62.04,59.6,61.87,2348778,84.52
2020-05-27,64.21,65.43,61.05,65.01,3026141,88.81
2020-05-28,65.89,66.4,63.33,64.25,1920502,87.76
2020-05-29,63.33,64.21,61.74,62.94,3188919,85.98
2020-06-01,62.82,65.38,62.67,65.15,1233584,89
2020-06-02,66.21,67.42,65.38,66.04,1848904,90.21
2020-06-03,67.04,70.64,66.63,69.94,2882912,95.54
2020-06-04,69.45,71.07,68.06,71,2181688,96.99
2020-06-05,75.5,77.8,74.26,74.7,2592239,102.04
2020-06-08,76.76,78.99,76.65,78.45,2072311,107.16
2020-06-09,75.94,77.52,75.5,76.38,2041043,104.33
2020-06-10,75.68,76.16,73.3,73.32,2069872,100.15
2020-06-11,68.59,71.89,67.43,67.78,2355060,92.59
2020-06-12,70.96,71.14,67.46,70.67,1979787,96.54
2020-06-15,67.42,69.97,67.36,69.51,1272277,94.95
2020-06-16,72.75,73.54,70.59,72.6,1265134,99.17
2020-06-17,72.96,73.14,71.12,71.29,1851704,97.38
2020-06-18,69.97,71.01,69.18,69.42,2286863,94.83
2020-06-19,70.89,71.43,66.36,66.44,5267081,90.76
2020-06-22,66.62,68.84,65.83,68.54,3228431,93.63
2020-06-23,69.33,69.71,66.68,67.79,1724830,92.6
2020-06-24,66.62,67.59,63.98,65.66,1575249,89.69
2020-06-25,65.1,66.24,64.63,65.92,1914211,90.05
2020-06-26,65.61,66.15,63.71,63.87,2409464,87.24
2020-06-29,65.15,66.75,64.33,66.39,1454542,89.67
2020-06-30,66.52,67.16,65.48,66.92,1822663,90.38
2020-07-01,67.1,68.5,66.3,66.67,833109,90.05
2020-07-02,68.09,69.05,66.93,67.78,808050,91.55
2020-07-06,69.37,69.4,67.14,67.63,1122840,91.35
2020-07-07,66.39,66.39,65.19,65.36,1148828,88.28
2020-07-08,65.36,65.97,64.58,64.84,1046174,87.58
2020-07-09,64.46,64.61,62.38,62.98,1748668,85.06
2020-07-10,62.41,64.99,61.74,64.7,1823583,87.39
2020-07-13,65.29,67.86,64.73,66.8,1578428,90.22
2020-07-14,66.8,69.01,66.67,68.45,1813765,92.45
2020-07-15,69.46,70.06,68.16,68.99,2575591,93.18
2020-07-16,68.13,68.91,67.52,67.58,1092686,91.28
2020-07-17,67.72,69.01,67.13,68.91,1201336,93.07
2020-07-20,68.11,68.6,66.18,66.29,1445311,89.53
2020-07-21,66.57,68.37,66.57,67.77,1367450,91.54
2020-07-22,67.11,69.07,66.93,68.96,1184567,93.14
2020-07-23,68.49,69.07,66.66,67.73,1273711,91.48
2020-07-24,67.68,68.33,66.58,67.13,1625518,90.67
2020-07-27,66.27,66.6,64.31,66.43,1780300,89.73
2020-07-28,66.43,67.72,65.73,67.47,1668818,91.13
2020-07-29,67.37,67.37,64.49,67.07,1638274,90.59
2020-07-30,65.13,65.69,63.76,65.35,1543045,88.27
2020-07-31,65.29,66.04,64.15,65.96,2617199,89.09
2020-08-03,65.16,65.3,63.58,63.85,1080295,86.24
2020-08-04,63.85,64.96,63.76,64.57,1341625,87.21
2020-08-05,65.18,65.43,63.71,64.14,1461565,86.63
2020-08-06,63.81,65.48,63.75,65.38,1397967,88.3
2020-08-07,64.62,66.68,64.38,66.66,1156388,90.04
2020-08-10,66.92,68.34,66.63,67.34,1304761,90.95
2020-08-11,68.23,68.94,66.38,66.6,1357123,89.96
2020-08-12,67.15,67.42,65.15,65.28,1445897,88.17
2020-08-13,64.67,65.71,63.81,63.85,1798135,86.24
2020-08-14,63.67,64.69,63.44,63.99,1501414,86.43
2020-08-17,63.99,63.99,62.88,63.87,973576,86.26
2020-08-18,63.69,63.69,62.68,63.4,1213310,85.63
2020-08-19,63.3,63.69,62.12,62.32,1326293,84.17
2020-08-20,61.98,63.36,61.76,63.13,956693,85.27
2020-08-21,63.24,63.5,62.17,62.38,1234690,84.26
2020-08-24,62.08,64.56,61.57,64.51,1461855,87.13
2020-08-25,64.68,65.54,63.82,65.46,1769748,88.41
2020-08-26,65.43,65.43,63.13,63.64,1622962,85.95
2020-08-27,63.79,65.61,63.79,65.51,1013543,88.48
2020-08-28,65.45,66.12,64.81,65.85,1174876,88.94
2020-08-31,65.61,65.78,63.76,64.32,1420547,86.87
2020-09-01,63.66,63.99,63.08,63.2,947526,85.36
2020-09-02,63.19,64.55,62.84,64.42,1415957,87.01
2020-09-03,64.75,66.82,64.2,64.88,1018565,87.63
2020-09-04,65.01,65.9,63.84,65.01,1206512,87.81
2020-09-08,64.73,64.97,63.87,64.1,1876050,86.58
2020-09-09,64.4,65.06,63.07,63.31,1793518,85.51
2020-09-10,63.11,63.93,62.31,62.56,1894178,84.5
2020-09-11,62.59,62.66,61.08,61.61,1580280,83.21
2020-09-14,62.18,64.07,62.18,63.61,1068215,85.91
2020-09-15,63.86,66.31,63.86,64.98,1100804,87.77
2020-09-16,64.98,67.14,63.99,66.58,2221751,89.93
2020-09-17,65.85,66.57,64.7,65.06,1960992,87.87
2020-09-18,64.39,64.81,62.72,62.84,2910980,84.87
2020-09-21,62.19,62.47,59.82,60.05,2496838,81.11
2020-09-22,60.01,61.72,59.38,59.6,2702907,80.5
2020-09-23,59.29,60.58,58.45,58.49,1816682,79
2020-09-24,58.63,59.55,58.07,58.77,1094207,79.38
2020-09-25,58.18,59.59,58.05,59.51,966247,80.38
2020-09-28,60.87,62.22,60.63,61.25,1602457,82.73
2020-09-29,60.92,61.26,59.19,60.15,1044120,80.28
2020-09-30,60.55,61.52,59.4,60.17,1684463,80.3
2020-10-01,60.39,62.11,60.22,62.06,1012057,82.83
2020-10-02,60.87,64.09,60.48,63.89,1298304,85.27
2020-10-05,64.38,64.69,62.43,63.31,1067326,84.5
2020-10-06,63.69,64.22,61.9,62.14,1481977,82.94
2020-10-07,62.33,62.93,61.45,61.72,1492702,82.38
2020-10-08,62.24,63.5,61.99,63.06,1698297,84.17
2020-10-09,63.31,63.31,61.44,62.02,1066858,82.78
2020-10-12,62.02,62.36,61.33,61.96,884070,82.7
2020-10-13,61.12,61.29,59.27,59.76,1714498,79.76
2020-10-14,59.76,60.24,59.29,59.65,1195019,79.61
2020-10-15,59.19,60.16,59.04,59.57,803546,79.5
2020-10-16,59.31,59.35,57.87,58.19,1192916,77.67
2020-10-19,57.57,58.07,56.78,56.94,1242201,76
2020-10-20,57.84,58.19,56.91,57.05,835852,76.14
2020-10-21,56.7,57.18,56.12,56.98,977234,76.05
2020-10-22,57,58.05,56.8,57.86,744489,77.22
2020-10-23,58.33,58.62,57.56,58.19,594217,77.67
2020-10-26,57.69,57.72,55.92,56.5,1153970,75.41
2020-10-27,56.17,56.6,55.1,55.25,1352663,73.74
2020-10-28,54.71,54.71,52.89,53.31,2181039,71.15
2020-10-29,52.99,54.12,52.22,53.68,1705384,71.64
2020-10-30,53.2,54.36,53.2,54.25,1199183,72.41
2020-11-02,54.89,57.03,54.19,56.98,1348410,76.05
2020-11-03,57.62,58.69,57.16,58.37,1094668,77.9
2020-11-04,58.27,58.27,55.75,55.81,1180984,74.49
2020-11-05,56.18,56.79,55.55,56,1807059,74.74
2020-11-06,56.46,56.83,54.34,55,1370400,73.41
2020-11-09,62.4,72.26,62.4,66.51,4907024,88.77
2020-11-10,66.98,69.94,66.41,69.33,3818044,92.53
2020-11-11,68.92,68.92,66.13,68.03,1761066,90.8
2020-11-12,67.34,67.61,64.68,65.25,1540481,87.09
2020-11-13,65.94,68.71,65.9,68.65,1867332,91.62
2020-11-16,71.97,72.95,70.63,72.38,1773856,96.6
2020-11-17,71.29,74.45,70.59,73.77,1930146,98.46
2020-11-18,73.96,74.84,72.02,72.02,1770918,96.12
2020-11-19,71.33,73.4,70.52,72.99,1563826,97.42
2020-11-20,73.52,73.89,72.25,73.71,1786619,98.38
2020-11-23,74.5,76.13,74.3,75.22,2469446,100.39
2020-11-24,76.66,79.37,76.66,78.24,1898638,104.43
2020-11-25,77.49,77.68,75.61,76.69,1856465,102.35
2020-11-27,77,77.29,75.72,76.75,471448,102.43
2020-11-30,76.22,76.67,73.46,73.55,2764588,98.16
2020-12-01,74.91,75.47,74.39,74.8,1302598,99.83
2020-12-02,74.86,76.2,74.25,75.71,1350381,101.05
2020-12-03,75.86,77.8,75.71,77.42,976804,103.33
2020-12-04,78.18,79.41,77.81,78.91,901725,105.32
2020-12-07,78.81,78.81,76.97,77.14,910058,102.95
2020-12-08,76.48,77.23,75.7,76.02,1147504,101.46
2020-12-09,76.25,76.57,74.5,75.29,1548738,100.48
2020-12-10,74.59,76.53,74.23,76.35,1808915,101.9
2020-12-11,75.44,76.39,74.3,74.91,840701,99.98
2020-12-14,74.93,76.04,73.51,73.8,1428592,98.5
2020-12-15,74.17,75.7,72.94,75.67,1716215,101
2020-12-16,77.83,79.01,74.75,75.45,1500758,100.7
2020-12-17,77.02,77.02,74.74,75.24,1475886,100.42
2020-12-18,75.54,75.71,71.25,72.01,4006085,96.11
2020-12-21,70.98,71.06,69.31,70.47,1771349,94.05
2020-12-22,70.99,71.01,69.18,69.6,1666870,92.89
2020-12-23,70.24,70.87,69.04,69.38,1125646,92.6
2020-12-24,69.83,70.44,68.53,70.38,412860,93.93
2020-12-28,70.4,71.54,69.97,71.28,828370,95.14
2020-12-29,71.61,72.26,69.69,69.9,871619,93.29
2020-12-30,70.38,71.55,70.28,71.08,832464,93.87
2020-12-31,70.71,71.71,69.91,71.58,703911,94.53
2021-01-04,72.16,72.66,68.72,68.77,1539354,90.82
2021-01-05,69.15,70.28,68.14,68.22,1504195,90.09
2021-01-06,68.65,70.25,67.97,69.22,2233498,91.42
2021-01-07,69.25,69.25,67.68,68.34,1389185,90.25
2021-01-08,68.19,68.82,67.5,68.18,1282769,90.04
2021-01-11,67.43,68.36,67.23,67.84,1922625,89.59
2021-01-12,68.29,69.42,67.54,69.25,1191752,91.46
2021-01-13,69.32,70.37,69.17,69.73,1494403,92.09
2021-01-14,70.4,71.93,69.66,71.59,1344486,94.55
2021-01-15,71.34,72.27,70.17,72.05,1175325,95.15
2021-01-19,72.34,72.34,70.31,70.64,1337950,93.29
2021-01-20,70.31,71.83,70.06,70.84,1113749,93.56
2021-01-21,70.43,71.03,68.73,69.65,1652831,91.98
2021-01-22,68.97,69.36,68.26,69.13,900944,91.3
2021-01-25,68.68,69.63,67.77,69.12,1199935,91.28
2021-01-26,69.63,70.5,69.08,70.21,1013567,92.72
2021-01-27,69.66,69.72,66.97,67.94,1719866,89.72
2021-01-28,68.1,71.22,67.76,69.6,1776841,91.92
2021-01-29,68.77,70.86,68.2,69.11,1886411,91.27
2021-02-01,69.36,69.63,67.3,68.32,1719475,90.23
2021-02-02,68.66,68.66,67.31,68.53,1362695,90.5
2021-02-03,68.13,69.35,67.31,68.92,1226054,91.02
2021-02-04,69.29,70.57,68.96,69.98,1193117,92.42
2021-02-05,70.72,70.72,69.19,69.75,984567,92.12
2021-02-08,69.89,72.32,69.68,72.2,1311663,95.35
2021-02-09,72.47,72.82,71.74,72.68,888510,95.98
2021-02-10,73.15,74.04,71.54,71.69,1492517,94.67
2021-02-11,71.72,72.01,70.66,71.88,1131837,94.93
2021-02-12,71.51,72.04,70.67,71.25,668425,94.1
2021-02-16,71.56,71.87,70.03,70.21,1528959,92.72
2021-02-17,70.63,70.63,69.42,70.23,1208968,92.75
2021-02-18,69.88,70.26,68.88,69.41,974630,91.67
2021-02-19,69.52,70.28,69.03,69.85,1164249,92.24
2021-02-22,70.16,73.26,69.88,73.04,1821706,96.46
2021-02-23,73.45,76.95,72.85,76.58,2526222,101.14
2021-02-24,77.02,79.64,76.58,79.27,1489154,104.69
2021-02-25,79.57,80.98,77.08,77.78,1612260,102.72
2021-02-26,77.19,77.78,75.04,75.06,1623264,99.13
2021-03-01,76.32,78.21,75.93,76.7,1368651,101.29
2021-03-02,76.24,77.01,75.18,76.77,1606516,101.39
2021-03-03,77.03,80.17,76.94,79.16,1583176,104.54
2021-03-04,79.32,80.07,75.33,76.42,1770995,100.92
2021-03-05,77.11,77.9,75.32,77.43,958593,102.26
2021-03-08,77.88,82.04,77.31,81.63,1412433,107.8
2021-03-09,81.63,82.27,80.06,80.09,1759018,105.77
2021-03-10,80.11,81.48,79.35,80.65,959382,106.51
2021-03-11,80.65,82.27,80.01,81.24,1530219,107.29
2021-03-12,81.71,83.57,81.15,82.23,1432425,108.59
2021-03-15,81.35,82.18,80.1,81.05,942903,107.04
2021-03-16,81,81.22,79.36,80.28,843154,106.02
2021-03-17,80.06,80.68,79.22,80.35,883686,106.11
2021-03-18,80.51,81.4,79.56,80.03,1165783,105.69
2021-03-19,79.71,80.51,78.88,79.05,1851253,104.39
2021-03-22,78.75,79.39,77.48,77.57,1584259,102.44
2021-03-23,77.44,78.33,76.83,77.42,1123450,102.25
2021-03-24,77.78,79.2,77.78,77.8,1305277,102.75
2021-03-25,77.42,79.47,76.26,79.26,842261,104.67
2021-03-26,79.66,81.17,79.28,81.07,885368,107.07
2021-03-29,80.61,80.82,77.95,78.05,1570341,103.08
2021-03-30,78.32,79.22,77.86,78.75,1215279,103.01
2021-03-31,78.27,78.61,76.85,77.41,1615025,101.26
2021-04-01,77.66,79.81,77.66,79.7,913262,104.26
2021-04-05,80.09,80.37,78.16,79.52,1376480,104.02
2021-04-06,79.1,79.93,78.92,79.7,1659143,104.26
2021-04-07,79.9,80.59,79.19,80.04,991059,104.7
2021-04-08,79.73,79.98,78.94,79.41,897993,103.87
2021-04-09,79.73,80.36,79.27,80.07,1187908,104.74
2021-04-12,80.35,80.6,79.35,80.42,947515,105.19
2021-04-13,80.42,80.9,79.64,80.73,1185365,105.6
2021-04-14,80.88,81.58,80.38,80.81,935926,105.71
2021-04-15,81.09,81.42,80.17,80.64,817155,105.48
2021-04-16,81.03,81.06,79.88,80.61,1193553,105.44
2021-04-19,80.87,81.15,80.87,81.15,8691,106.15
2021-04-20,80.23,81.18,80.12,81.13,1052139,106.13
2021-04-21,81.16,82.18,80.66,82.1,1709294,107.4
2021-04-22,82.18,82.49,80.51,81.03,1707109,106
2021-04-23,81,81.49,80.73,81.07,963386,106.05
2021-04-26,81.28,82.49,81.28,82.05,1255796,107.33
2021-04-27,82.27,83.16,81.52,82.64,1022764,108.1
2021-04-28,82.85,82.85,81.77,82.21,1498994,107.54
2021-04-29,82.63,84.26,82.63,83.65,858018,109.42
2021-04-30,83.43,83.76,82.82,83.6,1583582,109.35
2021-05-03,83.81,84.09,82.34,82.62,1031842,108.08
2021-05-04,82.82,83.65,81.97,82.88,890551,108.42
2021-05-05,82.46,82.87,80.55,81.18,1315701,106.19
2021-05-06,81.55,82.52,81.07,82.19,919613,107.51
2021-05-07,81.8,83.04,81.59,82.69,1031836,108.16
2021-05-10,83.42,84.51,82.66,82.72,1065467,108.21
2021-05-11,82.18,82.8,81.17,82.25,777511,107.59
2021-05-12,82.27,82.58,79.15,79.36,1576649,103.81
2021-05-13,79.16,81.62,78.89,81.04,1342773,106.01
2021-05-14,81.19,82.82,81.12,82.72,1142545,108.2
2021-05-17,82.72,84.46,82.32,84.2,2306726,110.14
2021-05-18,84.19,86.5,83.82,85.93,2448859,112.41
2021-05-19,85.58,85.58,82.71,83.66,2159311,109.44
2021-05-20,83.56,85.06,82.95,84.47,2211914,110.5
2021-05-21,84.76,86.26,84.6,85.68,1845180,112.08
2021-05-24,86.25,88.14,85.94,87.91,1684364,114.99
2021-05-25,86.81,87.77,86.41,87.48,2639365,114.43
2021-05-26,87.75,89.2,86.97,88.73,2033809,116.06
2021-05-27,89.21,89.7,88.75,89.18,3135688,116.65
2021-05-28,89.57,90.18,89.1,89.87,1067409,117.56
2021-06-01,90.21,91.9,90.06,91.74,1808453,120
2021-06-02,92.64,92.86,91.32,92.82,1506228,121.42
2021-06-03,92.54,92.82,91.45,91.83,1439126,120.12
2021-06-04,92.04,92.33,91.14,91.94,1312463,120.27
2021-06-07,92.25,94.57,91.88,94.15,1363966,123.15
2021-06-08,93.88,94.58,93.4,93.53,1587602,122.35
2021-06-09,93.82,94.17,93.43,93.56,856505,122.38
2021-06-10,93.98,94.22,93.15,93.79,2351770,122.69
2021-06-11,93.49,94.22,92.95,94.16,1704844,123.17
2021-06-14,94.41,94.98,94.23,94.82,1268284,124.03
2021-06-15,94.56,94.93,92.85,93.27,1485687,122
2021-06-16,93.27,94.11,92.37,92.58,1640333,121.1
2021-06-17,92.88,93.08,90.94,91.17,1304486,119.26
2021-06-18,90.22,90.97,89.61,89.64,2599463,117.26
2021-06-21,90.4,91.82,90.23,91.45,1346906,119.63
2021-06-22,91.17,91.26,89.83,90.02,1529706,117.76
2021-06-23,90.53,91.45,89.93,90.76,1463837,118.72
2021-06-24,90.99,91.45,89.74,91.03,1333563,119.07
2021-06-25,91.15,91.92,90.6,91.58,1107320,119.8
2021-06-28,91.43,91.59,87.93,89.24,1609426,116.73
2021-06-29,89.01,89.69,87.72,87.76,1139716,113.83
2021-06-30,87.55,88.78,87.55,88.34,1140744,114.59
2021-07-01,88.35,89.65,88.03,88.61,951600,114.94
2021-07-02,88.74,89.66,88.32,89.48,975483,116.07
2021-07-06,89.34,89.82,88.03,89.65,1703637,116.28
2021-07-07,88.71,88.91,87.7,88.18,1769906,114.38
2021-07-08,87.35,88.34,86.64,87.46,1160923,113.45
2021-07-09,88.53,90.39,88.1,90.33,1030233,117.17
2021-07-12,89.84,91.74,89.82,91.52,1040140,118.71
2021-07-13,91.5,91.72,89.46,89.68,559575,116.32
2021-07-14,89.48,90.45,89.32,90.05,801856,116.8
2021-07-15,89.88,90.23,89.35,89.9,506151,116.61
2021-07-16,90.26,90.43,89.28,89.54,654644,116.14
2021-07-19,88.04,88.07,84.42,85.35,1829539,110.71
2021-07-20,85.87,89.66,85.57,89.46,1275191,116.04
2021-07-21,90.13,91.92,89.68,90.23,787296,117.04
2021-07-22,89.8,89.82,87.66,88.27,1246026,114.5
2021-07-23,89.03,89.3,87.7,88.58,862587,114.9
2021-07-26,88.43,89.56,88.13,88.95,790648,115.38
2021-07-27,88.93,90.01,88.12,89.62,869381,116.24
2021-07-28,90.79,92.02,87.53,90.97,1440480,118
2021-07-29,91.7,92.44,91.23,91.29,667424,118.41
2021-07-30,91.65,92.7,90.4,90.49,1160666,117.38
2021-08-02,91.2,92.69,89.61,89.69,592521,116.34
2021-08-03,90.28,90.28,87.97,89.48,703027,116.07
2021-08-04,88.84,89.97,88.36,88.42,589922,114.69
2021-08-05,89.32,90.19,89.08,90.1,591328,116.87
2021-08-06,90.76,91.52,90.46,90.9,650408,117.9
2021-08-09,90.24,90.84,89.58,90.37,408914,117.22
2021-08-10,90.53,90.61,89.52,89.64,581365,116.27
2021-08-11,90.11,91.1,89.42,91.05,1002155,118.1
2021-08-12,90.96,91.33,89.96,90.69,619953,117.64
2021-08-13,90.69,91.16,90.47,90.9,534712,117.91
2021-08-16,90.59,91.7,89.95,90.2,609914,117
2021-08-17,89.38,89.92,87.66,89.4,1135339,115.96
2021-08-18,88.86,88.91,87.17,87.32,711910,113.26
2021-08-19,86.89,87.99,85.97,87.02,1110764,112.87
2021-08-20,86.55,87.8,85.74,87.21,905208,113.12
2021-08-23,87.73,88.08,87.21,87.77,765521,113.84
2021-08-24,87.9,88.37,87.09,88.14,559721,114.32
2021-08-25,88.13,88.8,87.16,87.87,574105,113.98
2021-08-26,87.97,87.97,86.2,86.32,699558,111.97
2021-08-27,86.74,87.63,86.73,87.19,814639,113.09
2021-08-30,87.16,87.63,85.31,86.32,1000409,111.97
2021-08-31,86.32,87.87,86.1,87.11,1026663,112.99
2021-09-01,87.81,89.72,87.53,89.01,854052,115.46
2021-09-02,89.24,89.54,87.87,88.67,546173,115.02
2021-09-03,88.24,88.46,86.5,87.8,677634,113.88
2021-09-07,88.15,88.95,86.67,87.52,997779,113.52
2021-09-08,87.05,88.2,86.83,87.65,447599,113.69
2021-09-09,86.89,87.39,85.86,85.88,599743,111.4
2021-09-10,85.88,86.03,83.3,83.35,800884,108.11
2021-09-13,83.99,85.65,83.42,85.29,670450,110.63
2021-09-14,85.87,85.91,84.49,85.1,508888,110.38
2021-09-15,85.06,86.1,84.84,85.87,667378,111.38
2021-09-16,85.66,86.52,85.47,85.71,590410,111.17
2021-09-17,85.33,85.81,84.71,84.8,1909017,109.99
2021-09-20,83.73,85.07,83.02,84.43,750879,109.51
2021-09-21,85.17,85.77,83.82,83.88,616996,108.8
2021-09-22,84.6,86.4,84.13,85.74,845092,111.21
2021-09-23,86.38,87.93,86.35,86.69,980661,112.45
2021-09-24,86.67,87.63,86.48,86.94,1143370,112.77
2021-09-27,87.87,88.91,87.23,87.31,746100,113.25
2021-09-28,87.3,87.93,86.65,87.07,680812,112.94
2021-09-29,87.18,88.14,86.43,86.5,641635,111.22
2021-09-30,86.83,86.83,84.23,84.26,947385,108.35
2021-10-01,84.78,87.27,84.55,86.96,678179,111.82
2021-10-04,86.71,87.82,86.44,87.09,618155,111.98
2021-10-05,87.11,87.39,85.9,86.41,646720,111.11
2021-10-06,85.79,87.91,84.93,87.8,922942,112.9
2021-10-07,88.55,89,87.76,88.24,734578,113.46
2021-10-08,88.37,89.19,87.89,88.54,701590,113.85
2021-10-11,88.3,89.32,88.3,89.19,673761,114.68
2021-10-12,88.96,90.95,88.25,90.31,923464,116.12
2021-10-13,89.9,90.11,88.32,90.04,807401,115.78
2021-10-14,90.81,90.81,89.72,90.41,791583,116.25
2021-10-15,90.95,91.51,90.62,90.96,757899,116.96
2021-10-18,90.48,90.7,89.61,90.1,796984,115.86
2021-10-19,90.57,90.8,89.66,90.31,761137,116.13
2021-10-20,90.28,92.76,90.16,92.59,906629,119.05
2021-10-21,92.69,92.69,90.31,90.94,612809,116.93
2021-10-22,91.32,92.05,90.6,91.64,493907,117.83
2021-10-25,91.72,91.72,91.19,91.19,84440,117.26
2021-10-26,91.19,92.75,90.69,92.31,849259,118.69
2021-10-27,93.32,93.41,89.34,89.61,1212884,115.22
2021-10-28,90.04,90.22,87.37,88.78,985738,114.16
2021-10-29,88.55,89.14,88.22,88.38,1528423,113.64
2021-11-01,88.84,89.33,87.59,89.08,772848,114.54
2021-11-02,89.59,89.59,88.13,88.54,836610,113.85
2021-11-03,88.17,91.39,88.17,91.05,729764,117.07
2021-11-04,91.18,91.23,88.67,89.22,631950,114.72
2021-11-05,90.75,91.92,89.92,90.92,1168756,116.91
2021-11-08,91.75,92.73,91.5,92.12,624990,118.45
2021-11-09,92.16,92.48,90.91,91.39,429117,117.51
2021-11-10,91.07,92.2,91.07,91.32,454886,117.42
2021-11-11,91.27,92.17,90.61,91.93,421993,118.21
2021-11-12,91.94,92.71,91.52,91.77,471134,118
2021-11-15,92.33,93.87,91.85,93.84,633900,120.66
2021-11-16,93.77,93.87,91.19,91.65,680892,117.85
2021-11-17,91.28,91.36,88.69,91.18,722802,117.24
2021-11-18,91.54,93.03,91.08,92.76,632260,119.28
2021-11-19,92.7,92.7,89.76,90.94,968912,116.94
2021-11-22,90.99,92.98,90.54,91.87,794054,118.13
2021-11-23,92.52,93.06,91.47,91.7,700700,117.91
2021-11-24,91.26,92.13,90.93,91.85,441833,118.11
2021-11-26,89.24,89.24,85.27,86.85,766419,111.68
2021-11-29,87.48,87.48,84.79,85.81,880089,110.34
2021-11-30,84.57,84.73,82.79,83.87,2189914,107.84
2021-12-01,85.76,86.68,81.8,81.89,917548,105.3
2021-12-02,82.49,86.65,82.34,85.93,1153291,110.49
2021-12-03,86.37,87.09,84.57,85.72,1042164,110.22
2021-12-06,87.74,89.76,86.46,88.21,1104533,113.43
2021-12-07,88.84,89.61,88.49,89.58,1002913,115.18
2021-12-08,89.65,92.04,89.39,91.26,878223,117.35
2021-12-09,90.52,90.52,88.07,89.29,1056682,114.81
2021-12-10,90.01,90.01,87.5,88.74,818593,114.1
2021-12-13,88.28,89.02,86.17,88.5,791194,113.8
2021-12-14,87.88,89.45,87.88,88.88,950626,114.28
2021-12-15,89.45,90,88.04,89.95,936169,115.66
2021-12-16,90.37,90.37,87.91,88.67,1075358,114.02
2021-12-17,88.86,89.77,88.1,88.81,2529774,114.2
2021-12-20,87.46,87.69,84.45,86.57,953101,111.32
2021-12-21,87.49,90.12,87.2,89.28,1071753,114.8
2021-12-22,88.72,89.48,88.11,89.18,818391,114.67
2021-12-23,89.09,89.61,88.25,88.86,1028222,114.26
2021-12-27,88.86,90.17,88.21,90.14,626924,115.9
2021-12-28,89.72,90.43,89.05,89.68,561071,115.31
2021-12-29,89.96,90.15,88.73,89.89,411291,115.58
2021-12-30,90.2,91.58,90.1,90.76,591412,115.72
2021-12-31,90.66,91.33,90.33,90.34,552839,115.18
2022-01-03,91.46,94.12,91,94.07,1213618,119.94
2022-01-04,95.05,97.93,95.05,97.2,1474642,123.93
2022-01-05,97.48,98.31,95.6,95.89,1158901,122.26
2022-01-06,96.83,98.03,95.83,97.89,1146609,124.8
2022-01-07,98.04,100.4,97.93,98.54,1194763,125.63
2022-01-10,98.69,98.96,97.57,98.13,718754,125.11
2022-01-11,98.04,98.04,96.02,96.84,938905,123.47
2022-01-12,96.8,97.41,96.16,96.88,619725,123.52
2022-01-13,96.87,99.15,96.77,98.6,793231,125.71
2022-01-14,98.08,98.73,97.02,98.11,894246,125.08
2022-01-18,98.05,98.47,96.33,96.81,1107084,123.43
2022-01-19,97.37,97.43,94.07,94.15,831915,120.04
2022-01-20,93.91,95.24,91.32,91.48,897068,116.63
2022-01-21,91.68,91.7,89.13,89.76,1163664,114.44
2022-01-24,87.73,90.22,86.48,90.22,639016,115.03
2022-01-25,89.27,90.26,87.89,89.61,1179202,114.25
2022-01-26,90.44,93.1,88.99,89.92,1143694,114.64
2022-01-27,91.04,91.55,86,86.65,1618468,110.47
2022-01-28,86.44,88.89,84.47,88.87,1380272,113.3
2022-01-31,87.83,88.43,86.62,87.91,3891587,112.08
2022-02-01,87.53,91.09,87.24,90.58,1434634,115.48
2022-02-02,90.79,92.07,90.22,90.62,1037780,115.53
2022-02-03,90.45,90.56,88.77,89.15,649959,113.66
2022-02-04,88.63,89.54,87.24,88.4,761088,112.7
2022-02-07,88.47,89.89,88.24,89.3,946847,113.85
2022-02-08,89.96,90.26,88.67,89.24,1166411,113.77
2022-02-09,90.18,91.46,89.93,91.4,1260516,116.53
2022-02-10,90.91,93.2,90.04,90.66,986624,115.58
2022-02-11,90.76,93.22,90.63,92.29,2094304,117.67
2022-02-14,92.66,93.13,91.55,91.73,1540009,116.95
2022-02-15,92.62,94.57,92.11,94.04,1190293,119.9
2022-02-16,94.15,96.22,94.15,96.15,1425983,122.58
2022-02-17,95.67,96.6,95.08,95.71,1069835,122.02
2022-02-18,95.53,96.79,94.86,95.06,1258184,121.2
2022-02-22,94.96,95.57,93.28,95.07,1300737,121.21
2022-02-23,95.84,96.38,92.84,92.87,1201891,118.4
2022-02-24,90.86,94.45,89.88,94.13,1592214,120.01
2022-02-25,94.89,97,94.61,96.84,967309,123.46
2022-02-28,94.91,96.79,94.61,95.93,1420249,122.31
2022-03-01,95.8,96.51,93.71,94.78,722247,120.84
2022-03-02,95.52,96.71,95.36,96.4,790655,122.9
2022-03-03,96.07,96.6,94.75,96.09,775140,122.51
2022-03-04,94.56,96.65,94.25,96.6,741593,123.16
2022-03-07,96.32,97.12,94.6,94.99,703426,121.11
2022-03-08,95.6,95.73,95.6,95.73,91545,122.05
2022-03-09,97.36,98.2,96.89,97.28,1078377,124.02
2022-03-10,96.2,98.19,95.26,98.02,561062,124.97
2022-03-11,98.64,99.16,96.75,96.82,837778,123.44
2022-03-14,97.78,98.58,95.88,96.32,1001168,122.8
2022-03-15,96.84,97.45,95.24,96.21,781344,122.66
2022-03-16,97.35,98.04,95.23,97.09,919494,123.78
2022-03-17,96.69,97.85,96.38,97.84,703262,124.74
2022-03-18,97.53,97.8,96.15,97.69,1862969,124.55
2022-03-21,98.12,99.11,97.53,98.44,578378,125.51
2022-03-22,99.24,99.73,98.17,98.37,934042,125.42
2022-03-23,98.58,98.67,96.44,96.69,727166,123.28
2022-03-24,96.68,98.99,96.6,98.92,903264,126.12
2022-03-25,99.24,101.88,99.24,101.79,903980,129.78
2022-03-28,101.6,101.89,100.73,101.77,787892,129.75
2022-03-29,101.97,104.4,101.77,103.93,954090,132.51
2022-03-30,103.67,104.64,102.69,103.4,831062,130.86
2022-03-31,103.48,104.23,101.72,101.78,1074642,128.8
2022-04-01,102.6,102.94,101.05,102.91,632100,130.24
2022-04-04,103.09,103.1,100.4,101.4,454303,128.32
2022-04-05,101.18,102.58,99.15,99.41,752602,125.8
2022-04-06,99.2,99.47,97.94,98.84,986686,125.08
2022-04-07,98.55,98.55,95.24,96.7,1092356,122.37
2022-04-08,96.9,97.45,95.72,96.96,634785,122.7
2022-04-11,97.3,98.07,96.37,97.28,614370,123.11
2022-04-12,97.11,98.32,96.72,97.54,771648,123.44
2022-04-13,97.9,98.77,97.26,98.65,692936,124.84
2022-04-14,99.03,99.87,98.39,98.45,408415,124.59
2022-04-18,98.69,99.24,97.23,97.8,824472,123.77
2022-04-19,98.32,100.11,97.89,99.73,609298,126.21
2022-04-20,99.83,101.42,99.83,100.9,622597,127.69
2022-04-21,101.88,101.92,100.24,100.46,607893,127.13
2022-04-22,101.39,101.39,99.22,99.32,725961,125.69
2022-04-25,98.94,99.68,96.96,99.42,711340,125.82
2022-04-26,98.8,99.77,98.04,98.09,680957,124.14
2022-04-27,98.32,98.32,96.42,96.59,848634,122.24
2022-04-28,96.99,97.98,96.02,97.61,808079,123.53
2022-04-29,96.64,97.01,92.65,92.93,1592330,117.6
2022-05-02,93.23,94.13,90.53,92.64,1405529,117.24
2022-05-03,95.97,97.12,92.5,95.91,1317698,121.38
2022-05-04,95.53,97.53,94.25,97.14,1299585,122.93
2022-05-05,96.9,97.11,93.79,94.56,926642,119.67
2022-05-06,94.23,95,93.12,94.13,1088386,119.12
2022-05-09,93.24,93.46,89.76,90.09,1354996,114.01
2022-05-10,90.71,91.53,86.33,87.13,952584,110.27
2022-05-11,87.15,89.23,86.05,86.26,982695,109.16
2022-05-12,86.19,87.97,85.72,87.79,914176,111.1
2022-05-13,88.7,89.41,87.43,89.06,1006190,112.71
2022-05-16,89.24,89.75,87.91,88.84,877134,112.43
2022-05-17,89.55,90.71,89.17,90.7,1318234,114.78
2022-05-18,90.35,90.35,86.48,86.76,803396,109.8
2022-05-19,85.93,87.12,83,83.03,1585695,105.08
2022-05-20,83.84,83.84,82.04,83.15,1309776,105.23
2022-05-23,84.48,84.64,82.93,83.82,1201637,106.07
2022-05-24,83.37,83.68,80.99,83.43,1156629,105.58
2022-05-25,82.9,85.78,82.49,85.2,773525,107.82
2022-05-26,85.87,87.18,85.26,86.65,1139840,109.66
2022-05-27,86.97,89.07,86.97,89.04,935767,112.68
2022-05-31,88.67,88.79,87.59,87.85,1689509,111.18
2022-06-01,88.2,88.2,84.5,85.48,534292,108.17
2022-06-02,85.01,86.2,84.26,86.19,776527,109.07
2022-06-03,85.74,85.78,83.81,84.09,622615,106.42
2022-06-06,84.46,84.55,82.83,83.2,726997,105.29
2022-06-07,82.63,85.12,82.12,84.9,795999,107.44
2022-06-08,84.02,84.36,81.26,81.5,718015,103.14
2022-06-09,81.26,81.26,77.85,77.89,944155,98.57
2022-06-10,76.58,77.15,76.3,76.59,1787630,96.92
2022-06-13,74.86,75.4,71.8,72.07,1224075,91.21
2022-06-14,72.11,72.8,71.07,71.62,1276807,90.64
2022-06-15,72.48,73.99,71.73,72.73,1215607,92.04
2022-06-16,70.97,71.41,69.63,69.97,1472544,88.55
2022-06-17,71.31,71.95,70.34,71.38,2462480,90.33
2022-06-21,72.23,72.59,71.1,71.12,1061792,90
2022-06-22,70.05,71.48,69.55,70.41,1785080,89.1
2022-06-23,70.72,71.42,70.22,71.12,1369171,90
2022-06-24,71.83,73.41,71.45,72.7,2548039,92
2022-06-27,72.7,73.27,71.74,72.67,2065795,91.97
2022-06-28,73.91,74.9,72.11,72.22,1261425,91.4
2022-06-29,71.98,72.36,71.22,71.9,910585,90.01
2022-06-30,70.93,72.13,69.98,71.07,1545206,88.98
2022-07-01,71.06,72.69,71.01,72.37,1078569,90.6
2022-07-05,71.25,72.93,70.05,72.81,1285376,91.16
2022-07-06,72.58,73.25,71.61,71.91,1365994,90.03
2022-07-07,72.6,72.92,71.85,72.36,1416553,90.59
2022-07-08,72.41,72.41,71.12,71.21,1107048,89.15
2022-07-11,70.63,71.02,69.3,69.71,1243692,87.27
2022-07-12,69.26,70.84,69.17,70.28,1573900,87.99
2022-07-13,69.5,70.09,68.85,69.16,922601,86.59
2022-07-14,67.78,68.7,67.78,68.35,1322030,85.57
2022-07-15,69.81,70.23,69.12,69.8,1772304,87.39
2022-07-18,70.54,71.13,69.84,69.99,1537166,87.62
2022-07-19,70.75,71.96,70.41,71.85,1569583,89.95
2022-07-20,71.63,72.43,71.25,71.58,2145356,89.61
2022-07-21,71.09,71.1,69.57,70.3,1391269,88.01
2022-07-22,70.81,71.67,70.21,70.73,1587198,88.55
2022-07-25,70.87,71.94,70.85,71.22,1421412,89.16
2022-07-26,71.04,71.72,70.1,70.55,1647766,88.33
2022-07-27,71.85,72.8,71.09,71.89,2254787,90
2022-07-28,71.44,72.5,71.2,71.95,1852050,90.08
2022-07-29,72.04,73.14,71.46,72.81,2465829,91.16
2022-08-01,72.38,72.6,71.01,71.5,1097772,89.51
2022-08-02,71.29,71.67,70.23,70.33,1262237,88.05
2022-08-03,70.8,71.51,70.54,70.61,1649969,88.4
2022-08-04,70.3,70.77,68.97,69.22,1209685,86.66
2022-08-05,68.86,69.31,68.17,69.16,852779,86.59
2022-08-08,69.88,70.75,69.05,69.24,1306320,86.68
2022-08-09,69.49,69.49,68.54,68.8,983234,86.14
2022-08-10,69.88,70.59,69.64,70.1,1404888,87.76
2022-08-11,70.66,72.29,70.36,71.66,1921401,89.72
2022-08-12,72.25,72.54,71.28,71.98,1013284,90.11
2022-08-15,71.52,71.52,70.45,71.12,981419,89.04
2022-08-16,70.94,72.06,70.56,71.75,1245515,89.83
2022-08-17,70.87,71.19,69.96,70.12,1001052,87.79
2022-08-18,70.21,70.89,69.37,69.61,1262218,87.15
2022-08-19,69.26,69.59,68.45,68.97,1080989,86.35
2022-08-22,68.24,68.33,66.66,66.72,830280,83.53
2022-08-23,66.91,67.53,66.49,66.62,1457661,83.41
2022-08-24,66.53,66.82,65.98,66.03,871586,82.67
2022-08-25,66.32,67.51,66.21,67.19,877287,84.12
2022-08-26,67.1,67.16,65.09,65.11,1458308,81.51
2022-08-29,64.72,64.89,63.92,64.24,1033633,80.43
2022-08-30,64.2,64.51,63.69,63.75,923747,79.81
2022-08-31,64.16,64.76,63.29,63.45,1711992,79.43
2022-09-01,63.1,63.86,62.32,63.84,1555120,79.92
2022-09-02,64.74,65.39,64.01,64.33,1428809,80.54
2022-09-06,64.8,64.95,63.31,64.72,1657395,81.03
2022-09-07,64.54,66.25,64.51,66.19,1862871,82.87
2022-09-08,65.66,68.45,65.56,68.41,2384908,85.64
2022-09-09,68.49,68.93,68.01,68.53,1712390,85.8
2022-09-12,69.22,69.98,68.95,69.66,1606900,87.21
2022-09-13,68.11,68.49,67.3,67.51,1302758,84.52
2022-09-14,67.27,67.78,66.38,66.87,1844887,83.72
2022-09-15,66.75,67.56,65.99,66.11,1249986,82.77
2022-09-16,65.86,66.77,64.77,66.64,2908838,83.43
2022-09-19,65.68,66.26,65.15,65.48,2800486,81.98
2022-09-20,64.54,64.73,63.25,63.53,1239412,79.53
2022-09-21,64.18,64.44,61.86,61.88,1549664,77.47
2022-09-22,61.82,62.58,60.63,62.18,1757314,77.84
2022-09-23,61.46,61.81,60.58,61.59,1619673,77.11
2022-09-26,61.11,61.12,59.16,59.52,2032846,74.51
2022-09-27,60.21,60.74,58.64,58.84,1631171,73.66
2022-09-28,59.41,61.74,58.68,61.1,2425323,76.5
2022-09-29,60.38,60.97,59.21,60.43,2497008,74.68
2022-09-30,61.12,61.28,60.26,60.66,2997174,74.97
2022-10-03,62.02,62.29,60.68,61.28,1887989,75.74
2022-10-04,62.04,63.35,61.83,62.27,1723694,76.96
2022-10-05,61.13,61.5,58.69,60.28,1775161,74.5
2022-10-06,60.09,60.26,58.56,59.41,1641156,73.42
2022-10-07,58.53,59.21,57.54,57.7,1630111,71.31
2022-10-10,57.54,57.96,56.74,56.79,1218950,70.19
2022-10-11,56.63,58.12,55.93,57.62,1174279,71.21
2022-10-12,57.44,57.88,56.82,57.59,1140564,71.17
2022-10-13,56.57,59.79,55.67,59.45,1690051,73.47
2022-10-14,60.26,60.51,59.03,59.21,1184184,73.18
2022-10-17,60.58,61.14,60.08,60.52,1719418,74.8
2022-10-18,61.5,61.63,59.66,60.2,1314711,74.4
2022-10-19,58.7,59.33,57.57,58.11,1249324,71.82
2022-10-20,58.38,59.37,57.97,58.5,1663541,72.3
2022-10-21,58.77,58.77,57.57,58.66,1724622,72.5
2022-10-24,59.04,59.53,58.33,58.92,1801176,72.82
2022-10-25,59.01,60.95,59.01,60.95,4386635,75.33
2022-10-26,59.67,60.18,57.97,58.98,3358147,72.89
2022-10-27,59.82,59.92,57.06,57.38,2119801,70.92
2022-10-28,57.21,58.93,57.09,58.9,2350783,72.8
2022-10-31,58.56,59.13,57.75,58.82,2353563,72.7
2022-11-01,59.47,59.47,58.14,58.42,1186808,72.2
2022-11-02,58,59.49,57.58,57.64,1328739,71.24
2022-11-03,57.45,57.52,56.01,57.09,1219271,70.56
2022-11-04,57.6,58.65,57.15,57.97,2179911,71.64
2022-11-07,58.43,58.96,57.53,58.25,1512133,71.99
2022-11-08,58.67,58.71,57.43,57.88,1166631,71.53
2022-11-09,57.16,57.84,56.89,57.25,1116980,70.75
2022-11-10,59.42,61.09,59.42,61.07,2683389,75.48
2022-11-11,61.61,62.22,60.9,61.56,1430837,76.08
2022-11-14,61.15,61.74,60.21,60.21,1474585,74.42
2022-11-15,61.02,61.17,59.55,60.19,1123072,74.39
2022-11-16,59.9,59.9,57.53,57.59,1281655,71.17
2022-11-17,56.6,57.18,56.19,57.14,1789572,70.62
2022-11-18,58.02,58.14,56.4,57.36,1768983,70.89
2022-11-21,57.03,57.59,56.53,57.16,1454962,70.64
2022-11-22,57.56,57.8,56.69,57.06,1718172,70.52
2022-11-23,56.64,57.09,56.19,56.75,1293468,70.14
2022-11-25,56.74,58.28,56.53,57.97,933796,71.65
2022-11-28,57.38,57.84,56.15,56.31,2402811,69.59
2022-11-29,56.59,57.97,56.31,57.2,1563720,70.69
2022-11-30,56.9,58.32,56.08,58.32,4584288,72.08
2022-12-01,58.7,59.54,57.84,57.97,1917938,71.65
2022-12-02,57.26,57.49,56.71,57.21,1626261,70.71
2022-12-05,56.46,56.83,54.41,54.9,2874403,67.85
2022-12-06,54.91,55.01,52.7,52.87,2251730,65.34
2022-12-07,52.59,53.44,52.13,52.59,1397519,65
2022-12-08,52.59,54.42,52.59,53.62,1793484,66.27
2022-12-09,53.46,54.23,53.2,53.9,1545481,66.61
2022-12-12,54.2,54.91,53.08,54.76,1197381,67.68
2022-12-13,56.44,56.92,54.76,55.05,2334096,68.04
2022-12-14,54.78,56.75,54.78,56.27,3208441,69.54
2022-12-15,56.08,56.48,55.63,55.93,2273119,69.12
2022-12-16,55.01,55.59,53.64,54.44,3320075,67.28
2022-12-19,54.22,54.52,53.01,53.82,1476913,66.52
2022-12-20,53.42,54.68,53.33,54.18,1858665,66.96
2022-12-21,54.83,55.31,54.53,54.62,1782775,67.51
2022-12-22,54.09,55.25,53.54,55.22,1369734,68.25
2022-12-23,55.04,55.42,54.53,55.34,982839,68.4
2022-12-27,55.34,55.93,55.02,55.75,1077275,68.9
2022-12-28,55.74,55.92,53.53,53.68,1107477,66.34
2022-12-29,53.94,55.64,53.85,55.47,964911,67.54
2022-12-30,54.97,55.75,54.68,55.5,1180932,67.58
2023-01-03,55.97,56.74,54.49,54.71,1746127,66.62
2023-01-04,54.38,55.78,54.38,54.79,1769216,66.71
2023-01-05,54.28,54.36,52.71,52.71,1680691,64.18
2023-01-06,52.96,55.21,52.58,55.07,1458862,67.05
2023-01-09,55.01,55.6,53.96,53.97,1285060,65.72
2023-01-10,53.72,55.36,53.58,55.34,1076928,67.39
2023-01-11,55.9,57.32,55.89,57.29,1044630,69.76
2023-01-12,57.79,58.75,57.51,58.49,1236633,71.22
2023-01-13,57.71,59.17,57.49,58.47,931603,71.2
2023-01-17,58.72,59.22,58.18,58.97,908537,71.8
2023-01-18,58.94,59.88,57.67,58.42,1233193,71.13
2023-01-19,57.96,58.51,57.48,57.84,796805,70.43
2023-01-20,57.8,58.51,57.31,58.47,861521,71.2
2023-01-23,58.75,59.28,58.24,58.45,943804,71.17
2023-01-24,58.14,58.64,57.84,58.19,898157,70.85
2023-01-25,57.73,58.57,57.36,58.38,1045226,71.09
2023-01-26,58.61,58.93,57.35,57.52,1386700,70.04
2023-01-27,57.31,60.77,57.31,60.53,1215321,73.7
2023-01-30,59.89,60.46,59.24,59.29,1403962,72.19
2023-01-31,59.32,61.26,58.93,61.22,3884385,74.54
2023-02-01,59.01,61.78,58.96,61.09,2694123,74.39
2023-02-02,62.83,65.22,61.42,64.36,2166960,78.37
2023-02-03,63.23,63.29,61.36,61.99,1691869,75.48
2023-02-06,60.96,61.19,59.52,60.25,1655623,73.36
2023-02-07,59.66,60.84,59.23,60.36,1215877,73.5
2023-02-08,60.1,60.5,59.61,59.98,889369,73.04
2023-02-09,60.34,60.76,58.57,58.95,797203,71.78
2023-02-10,58.73,59.7,58.58,59.57,968113,72.54
2023-02-13,59.62,60.17,59.23,60.14,987990,73.23
2023-02-14,59.95,60.42,59.34,59.41,848175,72.34
2023-02-15,58.97,60.12,58.77,60.11,619495,73.19
2023-02-16,59.4,59.4,58.54,58.61,1035443,71.37
2023-02-17,58.54,58.54,57.27,57.85,1116094,70.44
2023-02-21,57.62,57.8,55.98,56.21,860613,68.44
2023-02-22,56.49,56.96,55.66,55.98,859715,68.16
2023-02-23,56.31,56.78,55.54,56.31,759966,68.57
2023-02-24,55.95,56.01,54.39,54.79,942719,66.72
2023-02-27,55.39,55.55,53.94,54.25,1144492,66.06
2023-02-28,54.44,54.88,53.73,53.78,1610183,65.48
2023-03-01,53.37,53.65,52.76,53.23,1214166,64.81
2023-03-02,52.96,53.65,52.06,53.49,1155720,65.13
2023-03-03,53.82,54.01,53.21,53.92,1187272,65.66
2023-03-06,54.42,55.1,54.05,54.33,1027110,66.15
2023-03-07,54.2,54.46,51.93,51.98,1202565,63.29
2023-03-08,51.93,53.07,51.83,52.7,794130,64.17
2023-03-09,52.2,52.45,50.79,50.87,1572171,61.94
2023-03-10,50.71,50.93,47.1,47.17,2771147,57.44
2023-03-13,46.42,46.71,45.42,45.86,3550974,55.84
2023-03-14,47.25,47.48,43.46,43.88,3524383,53.43
2023-03-15,42.72,45.23,42.38,45.11,3635265,54.93
2023-03-16,45.33,45.33,42.94,43.95,3755201,53.51
2023-03-17,43.6,43.69,41.21,41.97,4518287,51.1
2023-03-20,41.06,43.69,41.05,42.48,2388480,51.72
2023-03-21,43.45,44.88,43.13,44.01,2584563,53.59
2023-03-22,43.67,43.67,40.99,41.02,2092101,49.95
2023-03-23,40.53,41.53,38.72,38.9,4107966,47.37
2023-03-24,38.32,40.91,37.93,40.59,3704252,49.42
2023-03-27,41.7,42.12,40.9,41.34,2403233,50.34
2023-03-28,40.83,42.22,40.6,41.8,2341264,50.9
2023-03-29,42.62,43.95,42.42,43.65,2905140,53.15
2023-03-30,44.39,45.36,43.95,44.6,3289479,53.3
2023-03-31,44.89,45.31,43.99,45.28,2803686,54.12
2023-04-03,45.51,46.27,44.47,44.87,1895752,53.63
2023-04-04,45.29,45.38,43.72,44.2,1920016,52.83
2023-04-05,43.81,44.24,43.3,43.95,2041342,52.53
2023-04-06,44.34,44.62,43.78,44.43,1351943,53.1
2023-04-10,44.13,44.89,43.01,44.17,1885263,52.79
2023-04-11,44.54,45.77,44.3,45.19,1954093,54.01
2023-04-12,45.76,45.88,43.03,43.16,1650131,51.58
2023-04-13,43.16,43.62,42.75,43.24,1450658,51.68
2023-04-14,43.8,44.34,42.41,42.64,1337644,50.96
2023-04-17,42.81,44.62,42.6,44.4,1702152,53.07
2023-04-18,44.36,44.39,43.21,44.05,1345051,52.65
2023-04-19,43.61,45.37,43.34,45.1,1231661,53.9
2023-04-20,44.32,44.89,43.37,43.74,1945949,52.28
2023-04-21,43.91,44.02,43.06,43.61,1473596,52.12
2023-04-24,43.62,43.93,42.81,43.53,1257220,52.03
2023-04-25,43.09,43.29,41.6,42.09,2399175,50.3
2023-04-26,43.52,44.34,42.12,42.82,2749233,51.18
2023-04-27,42.55,44.4,42.11,44.19,1997837,52.82
2023-04-28,44.04,45.57,43.93,44.65,1484823,53.36
2023-05-01,44.52,45.11,43.93,44.19,1648394,52.81
2023-05-02,43.63,44.01,41.77,42.85,1574408,51.21
2023-05-03,43.06,43.44,41.86,42.06,1866787,50.27
2023-05-04,41.62,42.62,41.13,42.39,1659712,50.66
2023-05-05,43.09,43.65,42.5,43.45,1191910,51.93
2023-05-08,43.52,43.57,42.5,42.6,1004858,50.92
2023-05-09,41.93,42.97,41.47,42.66,1526241,50.99
2023-05-10,43.28,43.41,41.77,42.34,1385257,50.61
2023-05-11,41.68,42.1,41.18,41.36,1586920,49.43
2023-05-12,41.52,41.73,40.13,40.51,1688111,48.42
2023-05-15,40.96,41.32,40.23,41.09,1349390,49.11
2023-05-16,40.92,41.08,39.33,39.37,1509812,47.06
2023-05-17,39.68,41.32,39.32,41.13,1503493,49.16
2023-05-18,40.74,41.34,40.29,41.29,1386871,49.35
2023-05-19,41.63,42.41,41.05,41.06,1425994,49.08
2023-05-22,41.29,42.11,40.77,41.88,1377831,50.06
2023-05-23,42.02,43.67,41.98,42.55,2184378,50.86
2023-05-24,42.24,42.34,40.44,40.45,1546767,48.35
2023-05-25,40.16,40.27,39.38,39.83,1115267,47.6
2023-05-26,39.92,40.06,39.16,39.94,1334558,47.74
2023-05-30,40.19,41.06,39.91,40.98,1617453,48.98
2023-05-31,40.78,41.2,40.33,40.72,2859054,48.67
2023-06-01,40.72,41.04,39.81,40.2,1492232,48.05
2023-06-02,41.4,42.59,40.97,42.37,1653341,50.64
2023-06-05,42.3,42.52,41.56,41.57,1123517,49.69
2023-06-06,41.86,44.08,41.57,43.54,1672851,52.04
2023-06-07,44.17,46.06,43.54,45.58,2628274,54.48
2023-06-08,45.25,45.48,43.84,45.08,1855645,53.88
2023-06-09,45.27,45.71,44.79,45.27,1705198,54.11
2023-06-12,45.21,46.38,44.97,45.5,1833935,54.38
2023-06-13,45.74,46.95,45.22,45.96,1719668,54.93
2023-06-14,46.44,47.2,45.02,45.37,1541629,54.23
2023-06-15,44.99,46.29,44.74,46.21,1509027,55.23
2023-06-16,46.31,46.42,45.52,46.05,1989532,55.04
2023-06-20,45.64,45.68,44.49,45.27,1491670,54.11
2023-06-21,45.03,45.74,44.24,45.33,966108,54.18
2023-06-22,45.46,45.46,43.3,43.76,1303247,52.3
2023-06-23,43.45,43.83,42.81,43.09,2638774,51.5
2023-06-26,43.43,47.46,43.4,47.35,3046384,56.59
2023-06-27,47.11,48.64,46.37,48.32,2890477,57.75
2023-06-28,48.31,48.4,47.15,47.53,2681400,56.81
2023-06-29,47.68,48.72,46.95,48.61,1972763,57.1
2023-06-30,49.18,49.79,47.83,49.03,2097338,57.59
2023-07-03,48.94,50.15,48.83,49.75,1005512,58.44
2023-07-05,49.38,50.39,48.57,49.44,1469672,58.07
2023-07-06,48.43,48.95,47.2,48.89,1407974,57.42
2023-07-07,48.72,51.16,48.72,50.3,2586796,59.08
2023-07-10,49.77,50.55,49.34,50.53,1262236,59.35
2023-07-11,51.07,52.01,50.45,51.89,1185904,60.95
2023-07-12,53.1,53.87,51.95,51.95,2663109,61.02
2023-07-13,52.01,53.04,51.66,52.88,1109112,62.11
2023-07-14,52.76,52.99,52.04,52.33,1194333,61.46
2023-07-17,52.12,52.44,51.55,51.86,1238190,60.91
2023-07-18,52.14,53.4,51.87,52.94,1287450,62.18
2023-07-19,53.61,54.98,53.46,54.85,1800405,64.42
2023-07-20,54.46,54.58,53.21,53.97,2086001,63.39
2023-07-21,54.3,54.61,53.18,53.97,1443424,63.39
2023-07-24,54.05,55.45,54.01,54.88,1664870,64.46
2023-07-25,54.67,55.01,53.84,53.91,1429814,63.32
2023-07-26,53.83,55.84,53.83,55.82,1426851,65.57
2023-07-27,56.16,56.91,54.95,55.02,1994685,64.62
2023-07-28,56.34,56.57,55.64,56.15,1109660,65.95
2023-07-31,56.23,57.35,56.22,56.73,4553191,66.63
2023-08-01,56.62,56.66,54.85,55.09,2398652,64.71
2023-08-02,54.6,57.37,54.1,57.08,2415681,67.04
2023-08-03,57.25,57.28,55.76,57.13,1460365,67.1
2023-08-04,56.76,58.86,56.62,58.34,1784032,68.53
2023-08-07,58.41,59.55,58.41,59.38,1594576,69.75
2023-08-08,58.02,58.53,57.25,58.42,1222736,68.62
2023-08-09,58.28,58.34,56.68,57.1,1558390,67.07
2023-08-10,57.71,58.49,57,57.29,1052778,67.29
2023-08-11,56.71,58.22,56.37,58,812057,68.12
2023-08-14,57.19,57.34,56.46,56.77,1051663,66.68
2023-08-15,55.73,55.79,54.69,54.9,1842337,64.48
2023-08-16,54.57,54.93,54.19,54.37,1178881,63.86
2023-08-17,54.46,54.6,53.69,53.69,1419344,63.06
2023-08-18,53.1,54.15,52.67,53.89,851187,63.3
2023-08-21,53.81,53.81,52.7,53.48,959977,62.82
2023-08-22,53.85,53.9,53.16,53.24,994915,62.53
2023-08-23,53.5,55.39,53.09,55,1320089,64.6
2023-08-24,54.91,56.22,54.91,55.13,802337,64.76
2023-08-25,55.42,55.76,54.09,54.5,929000,64.01
2023-08-28,54.87,56.23,54.87,55.66,1345898,65.38
2023-08-29,55.82,57.33,55.36,57.14,1577434,67.12
2023-08-30,57.04,57.63,56.72,57.3,740748,67.3
2023-08-31,57.41,57.64,56.64,56.85,2250787,66.77
2023-09-01,57.28,57.68,56.62,56.77,1690476,66.68
2023-09-05,56.66,57.61,56.5,56.96,1730349,66.9
2023-09-06,56.55,57.16,55.42,56.28,1609119,66.11
2023-09-07,55.93,56.45,55.4,56.14,1728434,65.94
2023-09-08,56.46,56.76,55.71,56.68,992522,66.58
2023-09-11,56.79,56.96,55.94,56.33,833692,66.16
2023-09-12,56.01,56.39,55.55,56.15,648748,65.95
2023-09-13,56.06,56.19,53.69,54.32,1472460,63.8
2023-09-14,55.15,56.64,55.15,56.39,1043288,66.24
2023-09-15,56.4,56.83,55.82,56.43,2257473,66.28
2023-09-18,56.3,56.39,55.25,55.63,860655,65.34
2023-09-19,55.56,56.62,55.56,55.81,865505,65.55
2023-09-20,56.61,57.25,55.63,55.82,979094,65.56
2023-09-21,55.1,55.19,51.78,51.83,2026755,60.88
2023-09-22,51.89,52.17,50.72,51.35,1610357,60.31
2023-09-25,50.99,51.49,50.08,50.78,1152910,59.64
2023-09-26,50.04,50.62,48.83,49.14,1509878,57.72
2023-09-27,49.33,50.53,49.23,50.12,2291957,58.87
2023-09-28,50.28,52.02,50.28,51.25,2052054,59.2
2023-09-29,52.04,52.31,51.06,51.5,1384664,59.48
2023-10-02,51.47,51.76,49.25,49.75,1656994,57.46
2023-10-03,49.36,49.54,46.68,47.14,2316012,54.45
2023-10-04,47.48,47.78,46.85,47.56,2778539,54.93
2023-10-05,47.44,47.73,46.48,47.3,2439581,54.63
2023-10-06,46.3,46.68,44.41,46.09,3312450,53.23
2023-10-09,45.34,47.24,45.34,46.93,2037767,54.2
2023-10-10,47.01,48.52,46.95,47.62,1835283,55
2023-10-11,48.17,49.43,48.02,49.34,1475067,56.99
2023-10-12,49.08,49.08,47.82,48.66,1061526,56.2
2023-10-13,49.02,49.37,47.64,48,1168875,55.44
2023-10-16,48.64,49.75,47.93,49.14,1327175,56.76
2023-10-17,48.54,50.74,48.51,50.35,1250513,58.16
2023-10-18,49.52,49.79,48.93,48.99,1016931,56.59
2023-10-19,48.48,49.16,47.21,47.23,1195028,54.55
2023-10-20,47.34,47.9,46.6,46.67,1285617,53.9
2023-10-23,46.1,46.69,45.75,45.88,923459,52.99
2023-10-24,46.27,47.05,45.94,46.6,606125,53.82
2023-10-25,46.22,46.56,44.86,45.16,1287107,52.16
2023-10-26,45.39,46.8,45.39,46.41,1473495,53.61
2023-10-27,46.87,46.87,45.14,45.38,1074984,52.42
2023-10-30,46.19,47.2,45.35,46.15,1480657,53.31
2023-10-31,46.78,46.92,45.56,46.38,1472445,53.57
2023-11-01,46.35,46.85,45.49,46.32,1687213,53.5
2023-11-02,47.51,49.05,47,48.35,1971765,55.84
2023-11-03,49.73,51.87,49.73,51,2229299,58.91
2023-11-06,50.53,50.97,49.63,49.68,1627104,57.38
2023-11-07,49.41,49.54,47.96,48.05,1077937,55.5
2023-11-08,48.35,48.41,47.13,47.58,995259,54.96
2023-11-09,47.94,48.09,45.11,45.19,1519311,52.19
2023-11-10,45.64,45.64,44.75,45.4,2002507,52.44
2023-11-13,44.78,45.29,43.84,44.34,1211720,51.21
2023-11-14,47.44,50.15,47.33,49.08,3142040,56.69
2023-11-15,48.92,51.12,48.92,49.37,2230209,57.02
2023-11-16,49.22,49.36,47.54,47.82,1177864,55.23
2023-11-17,48.61,48.71,47.49,47.69,1931453,55.08
2023-11-20,47.99,47.99,47.07,47.7,1978175,55.09
2023-11-21,47.09,47.53,46.11,46.42,1420447,53.62
2023-11-22,47.12,47.12,46.48,46.73,1279007,53.98
2023-11-24,46.66,46.93,46.19,46.5,520560,53.71
2023-11-27,46.15,46.6,45.55,46.28,1235586,53.46
2023-11-28,46.15,47.93,45.62,47.84,2258735,55.26
2023-11-29,48.33,51.19,48.09,49.35,2579672,57
2023-11-30,49.41,49.81,48.73,49.29,2216068,56.93
2023-12-01,49.37,54.98,48.89,54.79,3318826,63.28
2023-12-04,54.6,55.89,54.17,55.17,1684044,63.72
2023-12-05,54.58,54.75,52.92,53.66,1401748,61.98
2023-12-06,54.54,55.97,54.38,54.78,1367886,63.27
2023-12-07,54.8,56.28,54.75,55.94,1130798,64.61
2023-12-08,55.53,55.82,54.59,55.48,3591376,64.08
2023-12-11,55.41,56.22,54.84,55.48,2493360,64.08
2023-12-12,55.38,55.38,54.11,54.33,1266089,62.75
2023-12-13,53.98,59.12,53.57,58.95,2432348,68.09
2023-12-14,61.57,64.04,61.57,63.18,3093162,72.98
2023-12-15,62.92,63.12,60.37,61.83,2625247,71.42
2023-12-18,62.3,62.3,60.72,60.86,1130367,70.3
2023-12-19,61.47,62.11,61.12,61.82,1472793,71.4
2023-12-20,61.82,63.52,61.13,61.24,1250680,70.73
2023-12-21,62.3,62.3,60.73,61.69,895921,71.25
2023-12-22,62.22,63.05,60.74,61.36,807150,70.87
2023-12-26,61.58,62.78,61.25,62.39,584376,72.06
2023-12-27,62.42,62.46,61.54,62.1,839881,71.73
2023-12-28,61.89,63.16,61.41,63.16,844533,71.95
2023-12-29,62.88,62.96,61.56,61.59,915420,70.17
2024-01-02,61.93,63.52,61.27,63.29,1525012,72.1
2024-01-03,61.8,62.94,59.78,60.88,1398501,69.36
2024-01-04,60.66,61.47,60.07,60.78,1275834,69.24
2024-01-05,59.93,62.52,59.5,61.76,2257933,70.36
2024-01-08,61.44,63,61.2,62.4,975268,71.09
2024-01-09,61.56,62.86,61.07,62.6,1296062,71.32
2024-01-10,62.52,63.83,62.31,63.26,1183339,72.07
2024-01-11,62.51,63.01,61.36,61.38,1432406,69.93
2024-01-12,62.3,62.62,60.4,61.41,1854046,69.96
2024-01-16,60.52,61.4,59.46,60.99,1696341,69.48
2024-01-17,59.32,60.13,57.74,58.74,1547734,66.92
2024-01-18,58.75,59.24,57.68,58.37,991977,66.5
2024-01-19,58.59,60.04,57.89,59.98,1192539,68.33
2024-01-22,60.46,61.2,60.16,61.18,1468136,69.7
2024-01-23,61.86,62.41,60.83,61.87,2077099,70.49
2024-01-24,63.26,63.26,61.49,61.85,1753762,70.46
2024-01-25,63.23,63.59,61.94,62.76,1132877,71.5
2024-01-26,63.06,63.29,62.3,62.5,1146347,71.2
2024-01-29,62.7,63.72,62.12,63.38,1701304,72.21
2024-01-30,62.54,63.08,60.72,61.44,2474241,70
2024-01-31,61.01,61.01,57.72,58.37,3157570,66.5
2024-02-01,58.42,58.85,55.13,57.31,3050762,65.29
2024-02-02,55.4,56.22,54.3,55.91,2344430,63.69
2024-02-05,54.81,55.64,54.39,54.99,1604830,62.65
2024-02-06,54.7,56,54.46,55.57,1568680,63.31
2024-02-07,55.86,56.38,55.22,55.98,1455153,63.77
2024-02-08,55.79,57.43,55.76,57.12,1163713,65.07
2024-02-09,56.92,57.37,55.83,56.34,1334264,64.18
2024-02-12,56.71,57.88,56.66,57.44,1471697,65.44
2024-02-13,55.12,55.19,53.32,54.9,1890470,62.54
2024-02-14,55.83,56.05,55.1,55.49,1317654,63.22
2024-02-15,56.29,58.61,56.16,58.56,1289324,66.71
2024-02-16,57.31,59.79,56.88,59.13,1757051,67.36
2024-02-20,58.06,58.81,57.51,57.96,1546084,66.03
2024-02-21,57.72,58.16,57.2,57.69,1297916,65.72
2024-02-22,58.06,58.97,57.39,57.43,1390294,65.43
2024-02-23,57.4,57.75,57,57.08,824498,65.03
2024-02-26,56.91,57.48,55.94,56.25,936607,64.08
2024-02-27,56.92,57.56,56.64,56.99,842028,64.92
2024-02-28,56.49,57.34,56.02,56.02,1130522,63.82
2024-02-29,57.02,58.08,56.68,56.81,2119870,64.72
2024-03-01,56.73,58.31,55.96,58.15,1449886,66.25
2024-03-04,57.92,58.22,57.06,57.77,925835,65.81
2024-03-05,57.25,58.25,56.63,56.7,1549784,64.6
2024-03-06,57.54,57.54,54.36,55.41,2761258,63.12
2024-03-07,55.98,56.05,54.91,55.43,1518862,63.15
2024-03-08,56.41,57.03,55.91,56.12,1038286,63.94
2024-03-11,55.84,56.73,55.58,56.03,838032,63.83
2024-03-12,55.8,56.47,55,55.82,729962,63.59
2024-03-13,55.72,56.63,55.72,56.41,1193958,64.26
2024-03-14,56.15,56.29,54.39,54.95,1248423,62.6
2024-03-15,54.1,55.56,54.1,54.95,2255700,62.6
2024-03-18,55.33,55.55,54.8,55.15,1029253,62.83
2024-03-19,54.86,55.41,54.2,55.32,1171874,63.02
2024-03-20,54.9,56.91,54.54,56.57,1030000,64.45
2024-03-21,57.06,58.77,57.01,58.03,1326595,66.11
2024-03-22,57.84,58.42,55.48,55.54,1381919,63.27
2024-03-25,55.8,56.54,55.1,55.2,1733079,62.89
2024-03-26,55.48,55.55,53.49,53.61,1761966,61.07
2024-03-27,54.31,56.44,54.2,56.34,1228320,63.15
2024-03-28,56.75,58.46,56.48,58.26,1834113,65.31
2024-04-01,58.3,58.43,56.32,56.46,775195,63.29
2024-04-02,55.73,55.73,54.77,55.41,1461685,62.11
2024-04-03,55.1,56.08,54.94,55.94,943596,62.71
2024-04-04,56.64,56.88,54.61,54.79,1525838,61.42
2024-04-05,54.42,55.06,53.86,54.73,1089264,61.35
2024-04-08,55.35,56.87,55.18,56.42,853950,63.24
2024-04-09,56.56,58.41,56.3,58.25,1415695,65.3
2024-04-10,56.02,56.17,54.24,54.71,1455361,61.33
2024-04-11,55.19,55.97,54.53,55.34,882363,62.03
2024-04-12,55,55.47,53.73,54.07,1122307,60.61
2024-04-15,54.6,54.78,52.01,52.34,1333916,58.67
2024-04-16,51.93,52.14,50.9,51.72,1474362,57.98
2024-04-17,51.85,52.7,51.61,51.7,1424682,57.95
2024-04-18,52.12,52.46,51.49,52.36,955829,58.69
2024-04-19,52.5,53.76,52.5,53.7,1446314,60.2
2024-04-22,53.93,55.07,53.47,54.72,1159551,61.34
2024-04-23,54.69,57.29,54.69,56.14,1600322,62.93
2024-04-24,55.49,56.28,55.13,56.15,1030346,62.94
2024-04-25,55.04,55.48,54,55.26,1178419,61.95
2024-04-26,55.38,56.75,54.8,54.87,845634,61.51
2024-04-29,55.55,56.3,55.55,56.06,909609,62.84
2024-04-30,55.56,56.53,55.09,55.21,1261606,61.89
2024-05-01,51.74,54.65,50.67,52.86,2343349,59.25
2024-05-02,53.72,53.82,52.21,53.59,1254378,60.07
2024-05-03,55.01,55.79,53.81,54.22,891709,60.78
2024-05-06,55.18,55.21,54.45,54.94,811989,61.59
2024-05-07,55.29,55.7,54.08,54.29,986821,60.86
2024-05-08,53.93,54.29,53.39,53.63,649843,60.12
2024-05-09,53.93,54.91,53.78,54.8,672616,61.43
2024-05-10,55.05,55.05,54.26,54.86,787383,61.5
2024-05-13,55.53,56.62,55.24,55.98,1306360,62.75
2024-05-14,56.86,57.58,56.67,57.14,1251642,64.05
2024-05-15,58.65,58.73,57.63,57.7,1664344,64.68
2024-05-16,57.66,57.91,56.77,56.78,1133547,63.65
2024-05-17,56.92,57.08,55.98,56.38,887260,63.2
2024-05-20,56.5,56.77,55.33,55.4,873853,62.1
2024-05-21,55.18,55.79,54.92,55.62,990270,62.35
2024-05-22,55.33,56.06,54.71,55.07,614552,61.73
2024-05-23,55.29,55.29,53.07,53.31,879822,59.76
2024-05-24,53.77,54.1,52.69,52.91,949809,59.31
2024-05-28,53.46,53.94,51.81,51.82,1142744,58.09
2024-05-29,50.98,51.17,50.37,51,1132795,57.17
2024-05-30,51.38,51.94,51.06,51.91,1213273,58.19
2024-05-31,52.51,54.19,51.98,54.12,2268313,60.67
2024-06-03,54.23,54.36,53.18,53.56,975271,60.04
2024-06-04,53.2,54.25,53.17,53.48,942215,59.95
2024-06-05,53.49,54.02,53.04,53.28,870436,59.72
2024-06-06,52.82,54.43,52.72,54.27,1322079,60.83
2024-06-07,53.2,53.79,52.63,52.87,1536818,59.26
2024-06-10,52.28,53.45,52,52.7,1554193,59.08
2024-06-11,52.21,52.99,51.88,52.09,1383825,58.39
2024-06-12,54.45,55.65,53.14,53.49,1888087,59.96
2024-06-13,53.51,55.05,53.3,54.69,1685062,61.3
2024-06-14,54.19,55.47,54.18,54.99,1566202,61.64
2024-06-17,54.77,55.19,54.09,54.82,968187,61.45
2024-06-18,54.91,55.81,54.72,55.35,977017,62.05
2024-06-20,54.87,55.63,54.74,54.78,1057252,61.41
2024-06-21,54.87,55.16,54.47,54.86,1563801,61.5
2024-06-24,55.07,55.93,54.8,55.48,829853,62.19
2024-06-25,55.35,55.46,54.87,55.05,1250897,61.71
2024-06-26,54.57,54.96,54.26,54.5,800233,61.09
2024-06-27,54.36,54.62,53.8,54.58,935684,61.18
2024-06-28,55.04,55.84,54.67,55.81,1977970,61.56
2024-07-01,55.85,56.17,54.61,55.02,755602,60.69
2024-07-02,54.98,55.84,54.57,55.8,1010295,61.55
2024-07-03,56.03,56.44,55.4,55.74,743443,61.48
2024-07-05,55.59,56.04,54.33,54.67,1445565,60.3
2024-07-08,55,55.23,54.52,55.08,1026998,60.75
2024-07-09,54.97,55.65,54.13,55.54,1087678,61.26
2024-07-10,55.87,56.23,55.41,56.06,890550,61.83
2024-07-11,57.66,59.4,57.23,59.14,2619621,65.23
2024-07-12,60.02,61.79,60,61.43,1768932,67.76
2024-07-15,61.97,62.59,61.28,62,1368860,68.39
2024-07-16,62.47,63.18,61.99,62.87,1688695,69.35
2024-07-17,62.52,63.5,61.9,62.15,1184830,68.55
2024-07-18,61.81,63.92,60.37,60.95,1429135,67.23
2024-07-19,61.01,61.25,59.9,60.53,793978,66.76
2024-07-22,60.53,61.58,59.9,61.53,718374,67.87
2024-07-23,61.21,63.19,60.93,62.72,918607,69.18
2024-07-24,62.51,63.65,60.68,60.76,958936,67.02
2024-07-25,60.86,62.89,60.67,61.57,776342,67.91
2024-07-26,62.3,63.97,62.23,63.92,914271,70.5
2024-07-29,64.12,64.96,63.47,64.69,1271114,71.35
2024-07-30,65.17,66.05,63.5,65.85,1752773,72.63
2024-07-31,64.94,66.52,62.56,64.65,3384373,71.31
2024-08-01,65.61,66.27,63.02,63.73,1478301,70.29
2024-08-02,62.29,62.36,59.36,60.68,1596157,66.93
2024-08-05,57.88,60.76,56.65,59.52,1960891,65.65
2024-08-06,60.29,63.39,59.56,61.97,1644293,68.35
2024-08-07,62.96,63.52,60.84,61.24,1605006,67.55
2024-08-08,61.76,62.46,61.25,62.33,1041813,68.75
2024-08-09,62.48,62.6,61.27,62.21,634995,68.62
2024-08-12,62.01,62.2,60.4,60.92,712661,67.2
2024-08-13,61.61,62.47,61.04,62.41,577619,68.84
2024-08-14,62.66,62.94,61.93,62.13,668547,68.53
2024-08-15,62.93,64.03,62.34,63.13,1073934,69.63
2024-08-16,63.1,63.93,62.57,63.45,762734,69.99
2024-08-19,63.45,64.73,63.44,64.62,823076,71.28
2024-08-20,64.37,64.62,63.44,63.63,777176,70.18
2024-08-21,63.84,64.13,63.05,63.97,785121,70.56
2024-08-22,63.88,64.61,63.27,64.25,839126,70.87
2024-08-23,64.77,67.23,64.37,66.29,1250342,73.12
2024-08-26,66.64,67.91,66.36,67.06,1319575,73.97
2024-08-27,66.35,67.5,66.24,67.27,750056,74.2
2024-08-28,67.02,67.56,66.84,67.34,654754,74.28
2024-08-29,67.45,67.89,66.64,67.45,835213,74.4
2024-08-30,68.15,68.66,67.68,68.2,1595592,75.22
2024-09-03,67.73,68.2,66.84,67.38,1054332,74.32
2024-09-04,67.48,68.42,67.05,67.48,844581,74.43
2024-09-05,68.07,68.65,67.56,67.69,1006881,74.66
2024-09-06,67.88,68.16,66.97,67.6,1042852,74.56
2024-09-09,67.55,67.66,66.61,67.36,1144512,74.3
2024-09-10,67.56,67.76,66.25,67.55,936354,74.51
2024-09-11,66.93,69.24,66.39,69.17,1332493,76.29
2024-09-12,69.36,71.71,69.19,71.27,1435247,78.61
2024-09-13,72.11,73.05,71.78,72.58,1209538,80.06
2024-09-16,72.76,74.11,71.9,73.89,1016875,81.5
2024-09-17,74.02,74.72,72.65,72.9,1301678,80.41
2024-09-18,73.35,75.59,72.89,73.7,1436030,81.29
2024-09-19,75.38,76.02,74.14,74.62,1694987,82.31
2024-09-20,74.21,74.42,73.25,73.45,2453872,81.02
2024-09-23,73.93,74.53,73.54,74.5,891620,82.17
2024-09-24,74.36,75.24,74.06,74.79,712049,82.49
2024-09-25,74.92,75.17,72.8,73.25,1105649,80.8
2024-09-26,74.15,74.2,72.39,72.76,1052663,80.26
2024-09-27,73.63,73.85,72.44,73.23,942099,80.77
2024-09-30,73.04,74.18,72.79,73.84,1212828,80.46
2024-10-01,73.8,73.8,72.29,73.13,640951,79.68
2024-10-02,72.51,73.68,72.39,73.55,631726,80.14
2024-10-03,73.23,73.3,72.46,73.25,750994,79.82
2024-10-04,73.55,74.6,73.08,74.1,950891,80.74
2024-10-07,73.61,73.61,72.66,73.33,905869,79.9
2024-10-08,73.5,74.5,73.12,74.26,1190261,80.92
2024-10-09,74.47,75.85,74.18,75.62,1339601,82.4
2024-10-10,75.58,76.55,74.7,75.47,1336281,82.23
2024-10-11,75.7,76.37,75.59,76.15,863391,82.97
2024-10-14,75.99,77.67,75.54,77.45,763226,84.39
2024-10-15,77.85,80.44,77.83,79.37,1537489,86.48
2024-10-16,79.84,80.57,79.75,80.21,907896,87.4
2024-10-17,79.88,81.79,79.58,81.61,972141,88.92
2024-10-18,81.69,82.7,80.84,82.34,1058557,89.72
2024-10-21,82.04,82.37,79.69,79.78,1303053,86.93
2024-10-22,79.55,80.41,79.22,79.68,765890,86.82
2024-10-23,80.32,81.28,79.27,79.81,1244133,86.96
2024-10-24,79.95,80.65,79.49,80.39,922300,87.6
2024-10-25,80.76,80.86,79.56,79.83,990175,86.99
2024-10-28,80.66,81.42,80.17,80.2,977778,87.39
2024-10-29,80.32,80.85,78.98,79.1,1311365,86.19
2024-10-30,78.3,78.73,75.03,75.94,2179907,82.75
2024-10-31,74.92,75.53,73.88,73.93,1890009,80.56
2024-11-01,74.81,75.17,72.23,72.65,1595614,79.16
2024-11-04,72.52,74.23,72.49,73.72,873060,80.33
2024-11-05,73.26,75.12,73.14,74.69,899482,81.38
2024-11-06,76.03,77.04,71.83,74.29,2451611,80.95
2024-11-07,73.66,76.05,73.61,75.82,2028830,82.62
2024-11-08,75.93,76.29,75.28,76.08,1280050,82.9
2024-11-11,76.47,76.61,74.85,75.22,962540,81.96
2024-11-12,74.64,75.35,72.4,72.53,1112142,79.03
2024-11-13,73.63,74.06,72.38,72.86,1128320,79.39
2024-11-14,73.34,74.3,72.84,72.93,1273789,79.47
2024-11-15,72.65,72.65,71.11,72.07,1379695,78.53
2024-11-18,71.9,72.34,70.92,71.96,1066375,78.41
2024-11-19,71.47,73.2,71.21,72.89,820118,79.42
2024-11-20,72.39,73.18,72.25,73.02,731630,79.56
2024-11-21,73.42,74.96,73.09,74.13,792410,80.77
2024-11-22,74.29,75.12,73.81,74.03,1326432,80.66
2024-11-25,74.83,75.49,74.28,75.37,3005859,82.12
2024-11-26,75.01,76.64,74.43,76.37,968338,83.22
2024-11-27,76.97,77.78,75.82,76.04,899069,82.86
2024-11-29,76.17,76.92,75.06,75.25,957531,81.99
2024-12-02,75.23,75.43,73.69,74.23,1054057,80.88
2024-12-03,74.33,74.45,73.14,73.56,762196,80.15
2024-12-04,73.58,73.9,72.85,73.21,866331,79.77
2024-12-05,73.03,73.42,72.24,72.71,803808,79.23
2024-12-06,73.17,73.87,72.6,73.73,854236,80.34
2024-12-09,73.97,76.44,73.97,76.18,1164461,83.01
2024-12-10,76.18,76.27,73.88,74.51,1108498,81.19
2024-12-11,75.05,75.22,72.92,73.41,1741802,79.99
2024-12-12,73.32,74.34,73.1,73.36,815649,79.94
2024-12-13,72.98,73.52,72.19,73.36,679908,79.93
2024-12-16,72.99,74.88,72.99,73.94,1267888,80.57
2024-12-17,73.31,74.12,73.18,73.75,893444,80.36
2024-12-18,73.73,74.17,67.88,68.12,1598447,74.23
2024-12-19,68.45,68.91,66.72,67.3,1745747,73.33
2024-12-20,67.48,69.81,67.3,68.5,3032229,74.64
2024-12-23,68.09,69.69,67.86,69.39,1287872,75.61
2024-12-24,69.23,69.9,68.9,69.87,246484,76.13
2024-12-26,69.57,70.56,69.03,69.96,677606,76.23
2024-12-27,69.19,70.11,68.33,68.47,593289,74.61
2024-12-30,67.89,68.37,66.88,68.07,616460,74.17
2024-12-31,68.48,69.85,68.44,69.16,980746,74.36
2025-01-02,68.58,69.86,68.13,68.54,936021,73.7
2025-01-03,68.76,69.78,68.54,69.67,747768,74.91
2025-01-06,69.38,69.58,66.87,66.95,1227695,71.99
2025-01-07,67.12,67.91,65.3,65.41,1448062,70.33
2025-01-08,65.2,65.65,63.94,65.04,1199920,69.93
2025-01-10,63.44,64.27,62.68,63.38,1886375,68.15
2025-01-13,63.22,64.65,62.97,64.47,1387468,69.32
2025-01-14,64.8,65.82,64.67,65.37,1148768,70.29
2025-01-15,67.7,67.93,66.84,66.96,1422453,72
2025-01-16,66.94,67.59,66.58,67.37,575263,72.44
2025-01-17,67.89,68.76,67.52,68.07,1086611,73.19
2025-01-21,68.47,69.31,68.31,68.86,961520,74.04
2025-01-22,68.39,68.52,67.62,67.64,740590,72.73
2025-01-23,67.63,67.74,65.65,66.83,1074549,71.86
2025-01-24,66.55,68.94,66.5,68.41,1906155,73.56
2025-01-27,68.19,70.64,68.12,69.37,1182107,74.59
2025-01-28,68.61,68.89,67.06,68.06,1534953,73.18
2025-01-29,65.49,67.03,63.94,64.02,3227960,68.84
2025-01-30,66.12,68.89,65.77,67.33,1834383,72.4
2025-01-31,67.33,68.61,67.33,68.02,1506225,73.14
2025-02-03,66.13,67.54,65.4,66.66,920133,71.68
2025-02-04,66.58,67.6,65.85,67.21,955381,72.27
2025-02-05,67.77,68.26,65.92,67.87,1275356,72.98
2025-02-06,68.55,68.71,66.94,67.33,1316730,72.39
2025-02-07,67.59,67.83,66.32,67.65,791551,72.74
2025-02-10,67.7,67.75,66.03,66.14,1010670,71.12
2025-02-11,65.15,66.71,65.1,66.54,976675,71.55
2025-02-12,64.96,65.67,64.54,65.5,1049228,70.43
2025-02-13,65.69,66.5,65.29,66.27,901597,71.26
2025-02-14,66.72,67.47,65.89,65.92,847100,70.88
2025-02-18,65.93,66.53,65.65,66.19,1118310,71.17
2025-02-19,65.81,65.81,64.28,65,1158004,69.89
2025-02-20,64.99,65.18,64.07,64.7,1164031,69.57
2025-02-21,64.99,65,63.3,64.04,1205159,68.86
2025-02-24,64.47,64.73,63.8,64.02,1124110,68.84
2025-02-25,64.19,65.85,64.19,65.01,1444978,69.9
2025-02-26,65.36,65.9,64.8,65.09,1030767,69.99
2025-02-27,65.42,66.46,64.67,65.14,1097419,70.04
2025-02-28,65.42,66.13,65.12,65.97,2958392,70.93
2025-03-03,65.83,66.72,62.67,63.27,1385481,68.03
2025-03-04,62.76,63.32,61.04,62.37,1576835,67.06
2025-03-05,61.92,63.23,60.82,62.94,2133943,67.68
2025-03-06,61.81,62.63,61.18,62.01,1614286,66.67
2025-03-07,62.17,64.33,62.01,64.17,1357768,69
2025-03-10,63.75,65.01,62.81,63.4,2282991,68.17
2025-03-11,63.71,63.71,60.43,60.98,1579388,65.57
2025-03-12,61.37,62,60.72,61.47,1123132,66.09
2025-03-13,61.45,62.17,59.26,59.49,1518948,63.97
2025-03-14,60.43,61.07,59.87,60.93,1182503,65.51
2025-03-17,61.65,64.41,61.6,63.84,1765124,68.64
2025-03-18,63.24,64.17,62.87,63.62,1418693,68.41
2025-03-19,63.61,64.96,63.46,64.04,1462708,68.86
2025-03-20,63.92,64.48,63.41,63.68,1346525,68.47
2025-03-21,63.74,64.18,62.72,63.56,2903247,68.34
2025-03-24,64.17,64.98,64.04,64.62,1555378,69.48
2025-03-25,64.86,65.01,63.07,63.72,1139135,68.51
2025-03-26,63.79,64.31,63.21,64.1,1106661,68.92
2025-03-27,63.99,64.57,63.36,63.54,1063103,68.32
2025-03-28,63.72,64.01,62.38,62.94,1216729,67.68
2025-03-31,62.85,63.87,62.19,63.41,1582161,67.19
2025-04-01,63.67,63.88,62.01,63.19,1340087,66.96
2025-04-02,62.55,64.12,61.82,64,1148154,67.82
2025-04-03,62.08,62.71,58.97,59.08,1449756,62.6
2025-04-04,57.77,58.42,55.57,57.02,2530803,60.42
2025-04-07,55.55,58.53,53.26,55.2,2276607,58.49
2025-04-08,56.58,57.91,52.82,53.66,1984096,56.86
2025-04-09,52.66,58.48,51.17,58.12,2482038,61.59
2025-04-10,56.43,56.78,53.67,56.3,2200456,59.66
2025-04-11,55.74,57.37,54.31,57.23,1907234,60.64
2025-04-14,58.5,59.79,57.82,59.3,1903332,62.84
2025-04-15,59.21,60.25,58.89,60.01,1486629,63.59
2025-04-16,60.01,60.5,58.96,59.52,1412175,63.07
2025-04-17,59.9,61.16,59.8,60.28,1413428,63.88
2025-04-21,59.33,59.7,58.11,59.05,1388564,62.57
2025-04-22,60.15,60.71,59.4,60.33,1588174,63.93
2025-04-23,61.94,63.66,61.35,61.61,1742533,65.29
2025-04-24,61.6,62.56,61.42,62.31,1004147,66.03
2025-04-25,62.01,62.32,61.64,62.14,770198,65.85
2025-04-28,61.81,63.01,61.64,62.51,1330964,66.24
2025-04-29,62.24,62.52,60.3,61.45,2443220,65.12
2025-04-30,58.62,60.59,57.36,60.14,3881227,63.73
2025-05-01,60.8,61.6,59.64,60.66,1244125,64.28
2025-05-02,61.68,62.38,60.83,61.39,1254801,65.05
2025-05-05,60.89,61.88,60.73,61.1,691820,64.74
2025-05-06,60.73,61.22,60.12,60.38,1038423,63.98
2025-05-07,60.82,61.45,60.33,60.44,1337091,64.05
2025-05-08,60.78,61.03,59.9,59.96,1402806,63.54
2025-05-09,60.13,60.79,59.72,60.59,1105282,64.21
2025-05-12,62.41,63.37,62.25,62.85,1216094,66.6
2025-05-13,63.17,63.33,61.79,62.32,1215795,66.04
2025-05-14,62.13,63.04,61.69,62.39,2143498,66.11
2025-05-15,62.39,63.25,62.1,63.21,923197,66.98
2025-05-16,63.28,64.11,62.77,64.02,1103305,67.84
2025-05-19,63.39,64.16,63.12,64.08,1044501,67.9
2025-05-20,63.7,64.51,63.7,63.79,1217802,67.6
2025-05-21,63.7,63.7,61.28,61.33,1257900,64.99
2025-05-22,61.15,61.77,60.32,60.99,999816,64.63
2025-05-23,60.44,61.36,60.26,60.97,1369760,64.61
2025-05-27,61.93,63.54,61.69,63.31,1619271,67.09
2025-05-28,63.38,64.03,62.76,63.95,1392294,67.77
2025-05-29,64.47,65,63.91,64.97,1643754,68.85
2025-05-30,64.67,64.67,63.07,63.54,2502768,67.33
2025-06-02,63.05,63.93,62.11,63.78,1110567,67.59
2025-06-03,63.69,66.83,63.34,66.42,1838313,70.38
2025-06-04,66.39,67.66,65.84,67.22,1886629,71.23
2025-06-05,67.3,68.35,66.96,67.77,1314252,71.81
2025-06-06,68.55,70.16,68.31,69.95,1741039,74.12
2025-06-09,70.25,70.39,68.29,68.49,3455136,72.58
2025-06-10,68.8,69.27,67.09,68.79,2044230,72.89
2025-06-11,69.1,70.03,68.54,68.87,1693701,72.98
2025-06-12,68.82,69.47,68.58,69.34,806085,73.48
2025-06-13,68.76,69.41,67.47,68.04,1065743,72.1
2025-06-16,68.67,69.47,68.02,68.72,2143335,72.82
2025-06-17,69.09,69.1,67.5,67.7,1669042,71.74
2025-06-18,67.74,68.33,67.44,67.67,1775269,71.71
2025-06-20,67.84,68.6,67.32,67.45,3225831,71.47
2025-06-23,68.48,68.48,65.14,66.99,2169535,70.99
2025-06-24,67.35,67.8,65.8,66.38,2004740,70.34
2025-06-25,65.46,65.6,62.82,62.89,2886904,66.64
2025-06-26,63.46,64.07,62.98,63.95,2988909,67.76
2025-06-27,64.47,65.33,64.06,64.74,1996949,68.6
2025-06-30,64.87,65.06,63.83,64.59,1473071,67.47
2025-07-01,64.08,66.92,63.67,65.22,1392874,68.12
2025-07-02,65.11,65.59,64.58,65.36,1222220,68.27
2025-07-03,65.03,66.26,65.03,65.9,774253,68.83
2025-07-07,65.58,65.66,64.13,64.46,1560594,67.33
2025-07-08,64.31,65.72,64.09,65.39,1149863,68.3
2025-07-09,65.65,66.71,65.63,66.09,1479836,69.03
2025-07-10,66.03,67.58,65.93,67.28,1400867,70.28
2025-07-11,66.33,68.01,66.33,67.75,1490529,70.77
2025-07-14,67.72,68.64,67.71,68.19,1605751,71.23
2025-07-15,68.5,68.61,66.89,66.94,1042139,69.92
2025-07-16,67.23,68.1,66.26,67.11,1654430,70.1
2025-07-17,66.99,67.23,65.41,66.09,1366507,69.03
2025-07-18,66.42,66.6,65.87,66.01,1369037,68.95
2025-07-21,66.49,66.73,65.79,66.07,873918,69.01
2025-07-22,66.44,68.22,66.21,68.09,848734,71.12
2025-07-23,68.43,68.97,67.89,68.44,1055813,71.49
2025-07-24,67.83,68.39,67.45,67.72,1175102,70.74
2025-07-25,67.93,68.98,67.55,68.74,1540335,71.8
2025-07-28,68.48,68.56,66.55,66.63,1287202,69.6
2025-07-29,66.84,67.68,66.41,67.43,2059164,70.43
2025-07-30,66.8,67.4,62.89,63.6,3158484,66.43
2025-07-31,63.02,63.95,62.52,62.64,4179681,65.43
2025-08-01,63.52,63.52,60.57,61.87,2711945,64.62
2025-08-04,62.07,63.36,61.71,62.94,2056325,65.74
2025-08-05,63.08,63.71,62.36,63.28,2195178,66.1
2025-08-06,63.43,63.6,62.81,63.21,1537490,66.02
2025-08-07,63.64,63.71,62.42,62.89,1255128,65.69
2025-08-08,62.76,63.11,60.34,60.55,2107620,63.25
2025-08-11,60.31,61.06,59.35,59.46,1535094,62.11
2025-08-12,60.15,60.97,59.59,60.96,2294290,63.67
2025-08-13,61,62.91,60.96,62.71,1183318,65.5
2025-08-14,61.86,62.66,61.23,62.43,1105626,65.21
2025-08-15,62.66,62.88,61.79,62.65,937218,65.44
2025-08-18,62.86,63.14,62.19,62.38,1156022,65.16
2025-08-19,62.8,64.05,62.65,64.02,1306462,66.87
2025-08-20,64.14,64.34,63.25,63.6,1188487,66.43
2025-08-21,63.04,63.68,62.82,63.59,1031030,66.42
2025-08-22,63.79,66.88,63.72,66.41,1286898,69.37
2025-08-25,66.2,67,65.81,66.71,1128441,69.68
2025-08-26,66.67,67.24,66.15,66.52,2430086,69.48
2025-08-27,66.52,68.17,66.39,68.02,1120602,71.05
2025-08-28,68.25,68.75,67.34,68.62,1303762,71.67
2025-08-29,68.53,69.55,68.46,69.42,1086898,72.51
2025-09-02,68.47,69.52,68.15,69.31,1486008,72.4
2025-09-03,69.09,70.75,69.01,70.64,1363978,73.78
2025-09-04,71.05,72.39,70.74,72.08,2322187,75.29
2025-09-05,72.8,74.12,72.45,73.56,2049664,76.83
2025-09-08,71.8,72.87,70.19,72.56,3498775,75.79
2025-09-09,71.8,71.8,68.94,69.31,3222929,72.4
2025-09-10,68.16,71.16,68.16,70.72,2389085,73.87
2025-09-11,70.81,73.34,70.5,72.98,1508313,76.23
2025-09-12,73.06,74.6,72.8,73.89,2141897,77.18
2025-09-15,74.38,74.62,73.03,74.49,2099906,77.81
2025-09-16,74.63,75.84,74.35,75.57,2682944,78.93
2025-09-17,75.58,75.95,73.09,73.17,1667689,76.43
2025-09-18,73.2,74.85,72.99,74.44,1479997,77.75
2025-09-19,74.7,74.9,72.87,73.18,6244849,76.44
2025-09-22,72.41,73.13,71.83,72.42,1454009,75.64
2025-09-23,72.81,73.98,72.64,72.94,1105253,76.19
2025-09-24,72.04,72.99,71.66,72.24,2856419,75.46
2025-09-25,71.61,72.27,70.6,72.15,5472226,75.36
2025-09-26,72.15,72.32,70.86,71.63,2563256,74.82
2025-09-29,72.31,72.43,71.14,72.16,1982756,75.37
2025-09-30,72.33,72.67,70.56,71.84,2480928,74.34
2025-10-01,72.47,73.8,71.52,73.75,1843999,76.32
2025-10-02,73.8,73.8,72.23,73.07,1465692,75.61
2025-10-03,73.57,73.8,72.84,73.07,1509917,75.61
2025-10-06,72.86,73.38,72.01,72.1,1015817,74.61
2025-10-07,72.38,72.49,71.09,71.29,2118664,73.77
2025-10-08,71.39,71.46,70.39,70.57,2479304,73.03
2025-10-09,70.58,70.65,68.86,69.05,1309936,71.45
2025-10-10,69.27,69.44,67.07,67.15,1541847,69.49
2025-10-13,68.06,68.42,67.43,67.74,1847652,70.1
2025-10-14,67.24,68.21,67.1,68.16,2539940,70.53
2025-10-15,68.3,70.2,68.16,69.32,2067355,71.73
2025-10-16,69.38,69.66,67.64,68.02,2236964,70.39
2025-10-17,68.29,68.97,67.75,68.67,1403923,71.06
2025-10-20,68.91,69.43,68.25,68.29,905863,70.67
2025-10-21,68.29,69.89,68.16,69.55,1938540,71.97
2025-10-22,69.77,70.85,69.53,70.74,1505331,73.2
2025-10-23,70.91,71.54,69.74,71.25,1333928,73.73
2025-10-24,71.83,72.44,71.47,71.68,1350369,74.18
2025-10-27,71.41,72.15,71.04,72.02,1586080,74.53
2025-10-28,72.23,72.25,70.97,71.6,1913079,74.09
2025-10-29,70.59,71.38,67.63,67.99,3187171,70.36
2025-10-30,68.45,69.34,67.4,68.06,2219159,70.43
2025-10-31,67.78,69.06,67.48,68.79,2345103,71.19
2025-11-03,67.9,68.49,67.09,68.23,1369016,70.61
2025-11-04,67.53,68.48,67.16,67.38,1702298,69.73
2025-11-05,67.37,67.45,65.72,67.04,1547471,69.37
2025-11-06,67.96,68.37,66.65,67.74,1681339,70.1
2025-11-07,67.83,70.1,67.74,69.93,1903451,72.36
2025-11-10,69.93,69.94,68.62,69.2,1307297,71.61
2025-11-11,69.59,70.41,69.19,69.98,1875728,72.42
2025-11-12,69.71,70.57,69.24,69.24,1535560,71.65
2025-11-13,69.07,69.72,68.27,68.42,1392660,70.8
2025-11-14,68.15,68.72,67.68,68.26,1059435,70.64
2025-11-17,68.17,68.38,66.4,66.78,1064340,69.11
2025-11-18,66.9,67.14,66.16,66.8,1117259,69.13
2025-11-19,66.96,67.33,66.25,67.05,976738,69.38
2025-11-20,67.63,68.51,66.32,66.35,1135377,68.66
2025-11-21,66.54,68.08,66.49,67.68,1252895,70.04
2025-11-24,67.85,68.66,67.37,68.28,1500417,70.66
2025-11-25,68.39,70.71,68.39,69.99,1447007,72.43
2025-11-26,69.91,70.66,69.66,70.26,1231315,72.71
2025-11-28,70.06,70.36,69.82,69.93,414049,72.36
2025-12-01,69.29,70.27,68.82,69.55,1465738,71.97
2025-12-02,69.6,69.96,68.93,69.34,889350,71.75
2025-12-03,69.46,70.06,68.35,68.76,1081685,71.15
2025-12-04,69.15,69.24,67.89,68.19,1082099,70.56
2025-12-05,68.18,68.43,66.39,66.95,1915933,69.28
2025-12-08,66.76,66.76,65.76,66.22,1279689,68.53
2025-12-09,66.21,67.51,65.75,66.66,909659,68.98
2025-12-10,66.73,68.37,66.68,67.97,1805223,70.34
2025-12-11,68.22,69.36,68.08,69.21,940315,71.62
2025-12-12,69.27,69.81,68.56,69.01,1118037,71.41
2025-12-15,69.44,69.88,68.78,69.21,1258744,71.62
2025-12-16,69.16,69.5,67.42,68.32,1816491,70.7
2025-12-17,68.48,69.17,66.43,67.2,1730794,69.54
2025-12-18,67.64,67.64,66.36,66.86,1562886,69.19
2025-12-19,66.67,67.11,66.06,66.4,2810446,68.71
2025-12-22,66.28,67.24,66,67.11,1220583,69.45
2025-12-23,66.93,66.93,66.25,66.48,1131623,68.8
2025-12-24,66.37,67.09,66.24,66.89,446349,69.22
2025-12-26,66.89,67.08,66.63,67.01,529341,69.34
2025-12-29,67.16,67.31,66.59,66.69,910405,69.01
2025-12-30,66.69,67.03,66.38,66.94,849680,69.27
2025-12-31,67.18,67.22,65.74,65.88,1106334,67.48
2026-01-02,65.96,66.6,65.32,66.21,1078913,67.82
2026-01-05,65.47,66.3,65.31,65.49,2629800,67.09
2026-01-06,65.2,66.63,65.2,66.48,1808227,68.1
2026-01-07,66.87,67.27,64.26,64.56,1940243,66.13
2026-01-08,64.21,66.12,64.21,65.46,1186426,67.05
2026-01-09,65.54,66.47,65.12,66.36,1126590,67.98
2026-01-12,66.12,66.16,64.72,65.32,1666460,66.91
2026-01-13,66.05,66.37,64.39,64.74,1476762,66.32
2026-01-14,64.33,64.8,63.61,64.79,1667783,66.37
2026-01-15,64.89,66.05,64.29,65.51,1623866,67.11
2026-01-16,65.32,66.4,64.85,66.33,2207305,67.95
2026-01-20,65.2,65.6,63.91,64.07,1436892,65.63
2026-01-21,64.52,65.24,64.04,64.36,1527467,65.93
2026-01-22,64.96,65.9,63.8,63.84,1674432,65.4
2026-01-23,63.55,64.12,63.15,63.93,1629720,65.49
2026-01-26,63.79,64.36,62.95,63.23,1626398,64.77
2026-01-27,63.06,63.79,62.43,63.67,3458194,65.22
2026-01-28,62.38,64.72,61.26,62.62,4016846,64.15
2026-01-29,62.92,63.74,61.92,63.46,2381158,65.01
2026-01-30,63.66,64.08,62.48,63.13,2621926,64.67
2026-02-02,63.26,63.51,61.49,61.56,1712571,63.06
2026-02-03,61.57,62.36,60.93,61.27,3116110,62.76
2026-02-04,61.89,63.02,61.62,62.21,2853986,63.73
2026-02-05,63.03,63.09,61.39,61.67,1956705,63.17
2026-02-06,61.59,63.29,61.37,63.18,3461951,64.72
2026-02-09,62.82,63.6,62.49,63.46,2032070,65.01
2026-02-10,63.59,64.98,63.39,64.53,2123633,66.1
2026-02-11,64.59,65.18,59.98,60.31,4349454,61.78
2026-02-12,60.92,60.92,56.22,57.67,6361163,59.07
2026-02-13,58,60.52,58,60.03,2517870,61.49
2026-02-17,59.45,60.57,58.51,59.22,2657252,60.66
2026-02-18,59.07,60.36,58.96,60.09,2366906,61.55
2026-02-19,59.99,60.81,59.19,60.74,2462194,62.22
2026-02-20,60.88,61.19,59.31,59.43,2482832,60.88
2026-02-23,59.47,60.08,57.88,58.2,2736200,59.62
2026-02-24,57.3,58.62,56.62,58.08,2546173,59.5
2026-02-25,58.33,59.14,57.65,58.87,2628581,60.3
2026-02-26,59.2,60.19,58.71,59.72,1817113,61.17
2026-02-27,58.82,59.27,56.08,56.21,18749832,57.58
2026-03-02,55.63,55.91,54.32,54.9,2731136,56.24
2026-03-03,53.63,55.18,52.09,53.94,3266651,55.25
2026-03-04,53.81,55.35,53.2,55.02,3548824,56.36
2026-03-05,54.47,54.98,53.73,54.15,2551752,55.47
2026-03-06,53.46,53.69,51.56,51.68,2488263,52.94
2026-03-09,51.16,51.5,48.54,51.23,3778446,52.48
2026-03-10,50.79,52.31,50.43,52.17,3385846,53.44
2026-03-11,52,52,50.21,50.91,1705414,52.15
2026-03-12,50.23,51.54,49.57,51.48,3305962,52.73
2026-03-13,50.97,52.99,50.7,50.77,1856399,52.01
2026-03-16,51.58,51.8,50.62,51.05,2326386,52.29
2026-03-17,51.43,52.42,51.43,52.22,1535308,53.49
2026-03-18,51.78,52.36,51.51,51.67,1710235,52.93
2026-03-19,51.31,52.47,51.13,52.14,1607491,53.41
2026-03-20,52.16,52.28,50.56,50.84,4290582,52.08
2026-03-23,51.89,52.88,51.26,51.78,2335293,53.04
2026-03-24,51.16,52.43,50.93,51.64,1630541,52.9
2026-03-25,52.4,52.67,50.85,51.58,1601472,52.84
2026-03-26,51.21,52.47,51.21,51.9,1656170,53.16
2026-03-27,51.59,51.59,50.01,50.21,2127479,51.43
2026-03-30,51.31,51.46,50.2,50.59,2441963,51.82
2026-03-31,51.8,52.69,50.95,51.36,3076156,51.9
2026-04-01,51.39,52.13,50.21,50.49,2124556,51.02
2026-04-02,49.96,51.72,49.55,51.24,2000131,51.78
2026-04-06,51.31,51.78,50.98,51.36,1839882,51.9
2026-04-07,51.06,51.71,50.67,51.16,1532096,51.7
2026-04-08,52.42,53.06,51.59,51.99,2639176,52.54
2026-04-09,51.52,52.55,50.37,51.93,1921112,52.48
2026-04-10,52.03,52.93,51.97,52.45,1593459,53
2026-04-13,52.23,53.03,51.81,53.01,1757455,53.57
2026-04-14,52.94,54.61,52.83,54.46,1592325,55.03
2026-04-15,54.45,55.59,54.03,55.35,2374638,55.93
2026-04-16,55.38,56.26,55.1,55.58,1768889,56.17
2026-04-17,56.05,57.79,55.91,57.44,2646218,58.05
2026-04-20,57,58.42,57,58.3,1496899,58.91
2026-04-21,58.41,59.26,57.4,57.89,1484974,58.5
2026-04-22,58.33,58.88,57.33,57.68,1645755,58.29
2026-04-23,57.86,58.16,55.76,56.41,1715263,57
2026-04-24,56.41,57.45,56.2,57.13,1889396,57.73
2026-04-27,57.16,57.93,56.91,57.42,2412380,58.03
2026-04-28,57.82,58.66,56.88,58.54,2748057,59.16
2026-04-29,57.86,58.51,56.31,57,2099308,57.6
2026-04-30,57.12,58.25,56.84,57.85,1894260,58.46
2026-05-01,58.43,58.8,57.5,58.75,1843300,59.37
2026-05-04,58.32,59.03,57.7,57.97,1249170,58.58
2026-05-05,58.18,58.5,57.31,57.92,1539900,58.53
2026-05-06,58.52,59.95,58.52,59.22,2194426,59.84
2026-05-07,59.34,60.01,58.58,58.84,1861445,59.46
2026-05-08,59.01,59.45,58.54,58.81,1836671,59.43
2026-05-11,58.93,59.17,58.1,58.32,1553551,58.94
2026-05-12,58.44,58.84,57.75,58.39,1179081,59.01
2026-05-13,58.1,58.17,57.22,57.79,1449576,58.4
2026-05-14,58.15,60.04,57.86,58.34,1591304,58.96
2026-05-15,57.45,58.37,56.64,57.89,1384370,58.5
2026-05-18,58.04,59.46,58.04,59.29,1429525,59.92
2026-05-19,59.21,59.21,57.9,58.06,1478087,58.67
2026-05-20,58.38,59.48,57.7,59.27,1222013,59.9
2026-05-21,58.45,59.71,58.2,59.5,1167565,60.13
2026-05-22,59.65,59.8,59.09,59.66,1062574,60.29
2026-05-26,60.09,60.5,59.67,59.98,999916,60.61
2026-05-27,60.1,60.75,59.76,60.09,1038795,60.72
2026-05-28,59.85,60.52,59.31,60,851107,60.63
2026-05-29,59.79,60.41,59.29,59.38,2007247,60.01
2026-06-01,58.98,59.54,58.42,58.51,1035367,59.13
2026-06-02,58.37,60.62,58.21,60.57,1310979,61.21
2026-06-03,60.09,60.85,59.68,60.26,1019784,60.9
2026-06-04,60.8,61.75,60.56,61.4,1327107,62.05
2026-06-05,60.76,61.78,60.75,61.68,1306530,62.33
2026-06-08,62.04,64.22,61.58,63.86,2418485,64.53
2026-06-09,64.74,66.55,64.37,65.91,2615496,66.61
2026-06-10,65.69,66.74,64.76,64.8,1304583,65.48
2026-06-11,65.39,66.06,64.31,65.54,1382229,66.23
2026-06-12,65.61,66.57,65.27,65.59,1421869,66.28
2026-06-15,65.92,66.5,64.93,65.29,1096556,65.98
2026-06-16,65.58,66.21,64.55,65.04,1272033,65.73
2026-06-17,64.9,65.2,62.3,62.4,1550192,63.06
2026-06-18,63.79,64.58,63.33,64.02,3366588,64.7
2026-06-22,64.33,64.79,63.52,64.23,1779910,64.91
2026-06-23,64.01,64.62,63.53,63.67,1862975,64.34
2026-06-24,64,64.49,62.74,63.47,1546807,64.14
2026-06-25,63.92,65.08,63.67,64.98,1144734,65.67
2026-06-26,65.11,66.78,64.86,66.7,1847018,67.4
2026-06-29,66.19,66.54,65.63,66.37,1465284,67.07
2026-06-30,65.83,66.87,65.545,66.31,1001246,66.31
2026-07-01,66.05,68.465,65.86,67.76,1449804,67.76
2026-07-02,68.22,69.405,68.115,69.32,1244145,69.32
2026-07-06,69.54,70.23,68.54,69.97,1372798,69.97
2026-07-07,70.25,70.55,68.55,68.59,1368721,68.59
2026-07-08,68.06,68.06,66.35,66.78,1591724,66.78
2026-07-09,67.79,67.79,66.83,66.93,774235,66.93
2026-07-10,67.43,67.62,66.305,66.82,625457,66.82
2026-07-13,67.21,67.97,66.75,67.04,889108,67.04
2026-07-14,67.32,67.89,66.82,67.72,1056428,67.72
2026-07-15,68.25,69.51,68.18,68.94,1350932,68.94
2026-07-16,68.25,70.69,68.23,70.65,1388092,70.65
2026-07-17,70.35,71.41,69.38,69.85,1128469,69.85
2026-07-20,69.87,69.87,67.63,67.9,1363164,67.9
2026-07-21,68.92,69.28,67.79,68.31,1306619,68.31
2026-07-22,68.96,68.96,67.29,67.41,1184520,67.41
2026-07-23,67.21,69.1,67.21,67.84,1932967,67.84
2026-07-24,68.37,69.5,68.22,69.11,1297938,69.11
2026-07-27,69.44,69.94,68.85,69.21,1737389,69.21
2026-07-28,69.55,70.285,68.38,69.96,2090808,69.96
2026-07-29,70.33,74.94,68.95,72.97,3898520,72.97
2026-07-30,73.68,73.68,70.378,71.67,1986099,71.67
2026-07-31,72.22,72.22,70.08,70.12,1834082,70.12
2026-08-03,70.85,71.135,70.12,70.41,1813399,70.41
2026-08-04,70.14,70.84,69.21,70.67,1184580,70.67
2026-08-05,70.52,70.76,69.48,70.01,995866,70.01
2026-08-06,70.76,71.28,68.545,68.81,841984,68.81
2026-08-07,69.39,70.04,68.72,69.71,911563,69.71
2026-08-10,69.23,69.41,67.275,67.9,1216965,67.9
2026-08-11,68.56,68.6,67.35,67.49,1379335,67.49
2026-08-12,67.85,68.26,66.9409,67.95,881408,67.95
2026-08-13,68.23,69.42,68.13,69.18,1084205,69.18
2026-08-14,68.68,69.95,67.965,68.45,939929,68.45
2026-08-17,67.85,68.12,66.64,66.69,1397222,66.69
2026-08-18,66.92,67.135,66.165,66.19,1084767,66.19
2026-08-19,66.92,68.77,66.69,67.22,1082931,67.22
2026-08-20,67.06,68.155,66.75,67.78,872825,67.78
2026-08-21,68.14,68.165,66.97,67.67,1670599,67.67
2026-08-24,68.04,70.09,67.785,69.99,1521007,69.99
2026-08-25,70.64,72.16,69.985,72.13,1330174,72.13
2026-08-26,71.8,72.25,70.245,70.3,1301511,70.3
2026-08-27,69.8,70.72,69.51,69.97,821321,69.97
2026-08-28,70.43,70.72,69.29,69.32,858599,69.32
2026-08-31,69.22,69.7,67.935,67.99,1320147,67.99
2026-09-01,67.78,68.59,66.68,67.06,1358592,67.06
2026-09-02,67.13,67.87,66.55,67.1,1147066,67.1
2026-09-03,67.93,68.43,67.215,68.23,1037164,68.23
2026-09-04,67.8,68.45,67.6,67.69,848476,67.69
2026-09-08,67.3,68.02,65.68,65.74,1276293,65.74
2026-09-09,65.81,65.875,64.05,64.29,1437151,64.29
2026-09-10,64.23,64.53,63.19,63.72,1217564,63.72
2026-09-11,64.26,64.99,63.855,64.7,992899,64.7
2026-09-14,64.01,65.55,64.01,64.5,1085210,64.5
2026-09-15,64.29,64.63,63.78,63.84,911015,63.84
2026-09-16,63.98,64.53,62.94,64.04,1657553,64.04
2026-09-17,64.63,64.825,63.56,63.93,1407910,63.93
2026-09-18,63.7,63.96,63.17,63.17,4820878,63.17
2026-09-21,63.64,64.32,63.3,64.13,1305246,64.13
2026-09-22,64.45,64.645,63.38,64.31,1588095,64.31
2026-09-23,64.07,64.19,62.27,62.36,1379506,62.36
