date,open,high,low,close,volume,raw_close
2016-01-04,26.02,26.21,25.61,25.86,5031642,35.61
2016-01-05,25.83,26.16,25.39,26.06,2307485,35.89
2016-01-06,25.93,26.2,25.81,26.1,1942731,35.94
2016-01-07,25.85,26.32,25.8,26.26,3372920,36.16
2016-01-08,26.26,26.43,26.14,26.22,3224501,36.1
2016-01-11,26.25,26.45,26.02,26.2,2837723,36.08
2016-01-12,26.31,26.34,25.78,26.08,3036600,35.91
2016-01-13,26.1,26.48,26.1,26.24,3449624,36.13
2016-01-14,26.22,26.83,26.08,26.66,3707977,36.71
2016-01-15,26.32,26.68,26.05,26.28,3272612,36.19
2016-01-19,26.51,26.86,26.35,26.78,4095134,36.87
2016-01-20,26.63,26.76,25.77,26.12,2882384,35.96
2016-01-21,26.16,26.34,25.85,26.12,2647391,35.96
2016-01-22,26.3,26.61,26.01,26.54,2555818,36.55
2016-01-25,26.61,26.62,26.29,26.42,1818778,36.38
2016-01-26,26.5,27.06,26.46,26.78,3499046,36.88
2016-01-27,26.81,27.31,26.68,27.14,3635917,37.37
2016-01-28,27.13,27.82,26.9,27.5,3008840,37.87
2016-01-29,27.77,28.4,27.63,28.24,4881937,38.88
2016-02-01,28.23,28.64,28.08,28.46,3095435,39.19
2016-02-02,28.53,28.77,28.3,28.66,3412876,39.46
2016-02-03,29.12,29.12,28.7,28.87,4880939,39.44
2016-02-04,27.5,29.1,27.5,28.74,4134094,39.26
2016-02-05,28.59,29.28,28.28,29.19,2808616,39.88
2016-02-08,29.26,29.7,28.83,29.16,3921110,39.84
2016-02-09,29.16,29.43,28.94,29.18,3301646,39.87
2016-02-10,29.08,29.37,28.52,28.9,3512756,39.48
2016-02-11,28.88,28.99,28.61,28.75,2662583,39.27
2016-02-12,28.79,29.01,28.44,28.69,3606777,39.19
2016-02-16,28.8,28.8,28.28,28.68,3030891,39.18
2016-02-17,28.69,28.75,28.4,28.55,2707687,39
2016-02-18,28.53,29.17,28.42,29.05,2405222,39.68
2016-02-19,29.02,29.13,28.75,28.84,5220955,39.4
2016-02-22,28.89,29.16,28.81,29.05,2110822,39.68
2016-02-23,28.97,29.28,28.69,29.23,2501537,39.93
2016-02-24,29.24,29.48,29.1,29.43,3017378,40.2
2016-02-25,29.57,29.86,29.37,29.71,2212945,40.59
2016-02-26,29.51,29.62,28.84,28.91,2827290,39.5
2016-02-29,28.85,29.2,28.79,28.96,3146083,39.56
2016-03-01,29.07,29.2,28.61,28.87,2645531,39.44
2016-03-02,28.74,28.88,28.05,28.88,2390889,39.45
2016-03-03,28.79,29.07,28.39,29.05,3516946,39.69
2016-03-04,28.86,29.63,28.75,29.57,3720189,40.39
2016-03-07,29.63,29.73,29.37,29.69,2603870,40.56
2016-03-08,29.67,30.1,29.57,29.92,3696195,40.88
2016-03-09,29.76,30.12,29.76,29.94,3019446,40.9
2016-03-10,29.95,30.13,29.74,30.02,3212815,41.01
2016-03-11,30.1,30.25,29.86,30,2803174,40.99
2016-03-14,30,30.14,29.79,29.98,2083686,40.96
2016-03-15,29.91,30.14,29.91,30.06,2106813,41.07
2016-03-16,29.95,30.38,29.72,30.3,2923396,41.39
2016-03-17,30.38,30.65,30.28,30.58,3314785,41.78
2016-03-18,30.64,30.69,30.24,30.24,5440642,41.31
2016-03-21,30.09,30.45,29.88,30.25,2261733,41.32
2016-03-22,30.33,30.42,30.06,30.08,2049714,41.09
2016-03-23,30.12,30.65,29.98,30.44,2283692,41.59
2016-03-24,30.44,30.63,30.39,30.51,1448950,41.68
2016-03-28,30.59,30.82,30.34,30.49,1583793,41.66
2016-03-29,30.58,30.96,30.49,30.91,2528614,42.23
2016-03-30,30.88,30.99,30.66,30.9,1682584,42.22
2016-03-31,30.93,31.1,30.78,31.07,2520405,42.44
2016-04-01,31.03,31.29,30.87,31.26,2208486,42.71
2016-04-04,31.35,31.38,30.86,31.25,2020670,42.69
2016-04-05,30.9,31.22,30.55,30.58,2148297,41.77
2016-04-06,30.47,30.67,30.38,30.63,2313701,41.85
2016-04-07,30.5,30.8,30.33,30.43,3169990,41.57
2016-04-08,30.54,30.74,30.47,30.53,1632380,41.71
2016-04-11,30.58,30.7,30.39,30.46,1590711,41.61
2016-04-12,30.52,30.61,30.36,30.54,1605071,41.72
2016-04-13,30.61,30.61,30.04,30.25,1836855,41.33
2016-04-14,30.16,30.33,30.11,30.22,1339838,41.29
2016-04-15,30.22,30.51,30.17,30.41,2176774,41.55
2016-04-18,30.41,30.49,30.22,30.49,2613359,41.65
2016-04-19,30.53,30.67,30.37,30.59,2250445,41.79
2016-04-20,30.67,30.74,29.46,29.52,3840212,40.33
2016-04-21,29.4,29.4,28.72,28.83,3076236,39.38
2016-04-22,28.9,29.13,28.76,29.02,2813820,39.65
2016-04-25,29.02,29.06,28.78,28.98,3252496,39.59
2016-04-26,29.07,29.11,28.82,28.89,2414879,39.47
2016-04-27,28.99,29.47,28.77,29.32,3502176,40.05
2016-04-28,28.94,29.7,28.49,29.55,2957496,40.37
2016-04-29,29.33,29.85,29.1,29.78,3075040,40.68
2016-05-02,29.81,30.25,29.78,30.09,2513045,41.1
2016-05-03,30.12,30.29,29.73,30,2738434,40.98
2016-05-04,29.98,30.7,29.94,30.5,2614621,41.35
2016-05-05,30.42,30.77,30.2,30.4,1851169,41.21
2016-05-06,30.2,30.41,29.92,30.32,2828693,41.11
2016-05-09,30.36,30.6,30.26,30.53,2369722,41.39
2016-05-10,30.61,30.81,30.45,30.71,2089661,41.64
2016-05-11,30.8,30.84,30.55,30.72,1908754,41.65
2016-05-12,30.69,31.12,30.55,31.04,2395904,42.09
2016-05-13,31.03,31.07,30.68,30.93,1879800,41.93
2016-05-16,30.9,30.94,30.68,30.85,2357309,41.83
2016-05-17,30.76,30.87,30,30.18,2029919,40.92
2016-05-18,30.03,30.43,29.59,29.74,2829191,40.32
2016-05-19,29.6,30.14,29.39,30.12,2408051,40.83
2016-05-20,30.25,30.25,29.86,30.13,1982539,40.85
2016-05-23,30.16,30.23,29.9,29.95,3422344,40.6
2016-05-24,29.97,30.42,29.95,30.4,1897646,41.21
2016-05-25,30.28,30.41,30.09,30.19,1450388,40.93
2016-05-26,30.23,30.58,30.1,30.56,1451484,41.43
2016-05-27,30.63,30.71,30.41,30.68,1393237,41.59
2016-05-31,30.58,30.87,30.51,30.85,2249391,41.82
2016-06-01,30.81,31,30.6,30.99,1639851,42.02
2016-06-02,30.76,30.99,30.65,30.99,1417321,42.01
2016-06-03,31.21,31.81,31.2,31.58,2881986,42.82
2016-06-06,31.58,31.74,31.32,31.44,1587405,42.63
2016-06-07,31.53,31.69,31.3,31.41,1372918,42.58
2016-06-08,31.45,31.63,31.34,31.59,1397071,42.83
2016-06-09,31.6,32.04,31.6,32,1734226,43.39
2016-06-10,31.97,32.16,31.84,31.94,1468268,43.31
2016-06-13,32.01,32.12,31.8,31.94,1595171,43.31
2016-06-14,31.97,32.35,31.75,32.34,2206564,43.84
2016-06-15,32.34,32.41,31.84,32.03,1619813,43.42
2016-06-16,31.94,32.38,31.94,32.24,1732764,43.71
2016-06-17,32.2,32.34,31.96,32.32,3197473,43.82
2016-06-20,32.85,32.85,31.84,32.13,2291237,43.56
2016-06-21,32.14,32.39,31.93,32.24,1916789,43.71
2016-06-22,32.25,32.36,32.11,32.2,1967189,43.65
2016-06-23,32.2,32.22,31.97,32.15,2681380,43.59
2016-06-24,32,33.01,31.83,32.72,5926793,44.36
2016-06-27,32.74,33.25,32.65,33.15,2940805,44.94
2016-06-28,33.12,33.18,32.64,33.18,3029847,44.98
2016-06-29,33.28,33.42,33.02,33.07,2548516,44.84
2016-06-30,33.15,33.83,33.05,33.83,2889076,45.86
2016-07-01,33.93,34.04,33.35,33.66,3692685,45.63
2016-07-05,33.75,34.1,33.72,33.99,2647775,46.08
2016-07-06,34.01,34.07,33.69,34.05,2667828,46.17
2016-07-07,33.97,34.11,33.31,33.38,2535745,45.26
2016-07-08,33.33,33.59,33.01,33.57,3165820,45.51
2016-07-11,33.43,33.6,33.01,33.47,2280152,45.38
2016-07-12,33.26,33.36,32.86,32.88,1846177,44.58
2016-07-13,33.11,33.25,33.01,33.21,1970077,45.03
2016-07-14,32.93,33.12,32.81,33.01,1733719,44.76
2016-07-15,33.06,33.21,32.9,33.06,1643129,44.82
2016-07-18,33.08,33.26,33.04,33.14,1265875,44.93
2016-07-19,33.18,33.28,32.99,33.19,1558212,45
2016-07-20,33.19,33.28,32.98,33.07,1744877,44.84
2016-07-21,32.98,33.29,32.87,33.27,1642757,45.11
2016-07-22,33.29,33.64,33.23,33.59,1700558,45.54
2016-07-25,33.58,33.68,33.36,33.61,1479626,45.57
2016-07-26,33.67,33.74,33.1,33.19,2103188,45
2016-07-27,33.12,33.18,32.64,32.95,2514260,44.68
2016-07-28,32.97,33.26,32.79,33.18,2339647,44.99
2016-07-29,33.19,33.49,33.18,33.32,2649186,45.18
2016-08-01,33.23,33.46,33.23,33.3,2258685,45.15
2016-08-02,33.18,33.32,32.95,33.21,1657852,45.03
2016-08-03,33.27,33.35,32.63,32.77,2088628,44.13
2016-08-04,32.82,33.15,32.74,32.92,1535354,44.32
2016-08-05,32.81,32.81,32.4,32.45,3067050,43.69
2016-08-08,32.49,32.66,32.26,32.34,1806024,43.55
2016-08-09,32.31,32.6,32.27,32.42,1366571,43.65
2016-08-10,32.45,32.58,32.37,32.49,1255613,43.75
2016-08-11,32.44,32.56,32.34,32.47,1805325,43.72
2016-08-12,32.61,32.86,32.54,32.57,1528234,43.86
2016-08-15,32.57,32.69,31.94,31.94,2007475,43.01
2016-08-16,31.88,31.94,31.42,31.42,2949671,42.3
2016-08-17,31.35,32.02,31.13,31.96,2705850,43.03
2016-08-18,31.94,32.36,31.91,32.36,2267911,43.57
2016-08-19,32.2,32.31,31.73,31.98,2176682,43.06
2016-08-22,32.02,32.22,31.94,32.07,1363920,43.18
2016-08-23,32.07,32.27,31.8,31.8,1323639,42.82
2016-08-24,31.79,31.88,31.51,31.83,1500016,42.86
2016-08-25,31.85,31.97,31.77,31.91,1213512,42.96
2016-08-26,31.97,32.06,31.12,31.16,2023087,41.95
2016-08-29,31.25,31.54,31.25,31.44,1480592,42.33
2016-08-30,31.38,31.58,31.01,31.04,1631075,41.79
2016-08-31,30.96,31.21,30.81,31.17,1999732,41.97
2016-09-01,31.16,31.2,30.99,31.08,1555081,41.85
2016-09-02,31.11,31.5,31.04,31.42,1326471,42.31
2016-09-06,31.54,31.88,31.48,31.79,1679415,42.8
2016-09-07,31.75,31.91,31.55,31.82,1978872,42.84
2016-09-08,31.69,31.97,31.66,31.88,1238989,42.93
2016-09-09,31.57,31.59,30.64,30.68,2186875,41.31
2016-09-12,30.69,31.16,30.59,31.09,2362284,41.86
2016-09-13,31.07,31.08,30.55,30.75,4290854,41.4
2016-09-14,30.92,31.1,30.76,30.96,2653277,41.68
2016-09-15,30.9,31.11,30.75,31.1,2275124,41.88
2016-09-16,31.01,31.5,30.83,31.44,3889532,42.33
2016-09-19,31.61,31.84,31.5,31.79,1572833,42.81
2016-09-20,31.94,32.03,31.69,31.71,1496433,42.7
2016-09-21,31.68,32.39,31.63,32.38,2084463,43.6
2016-09-22,32.56,32.6,32.25,32.5,2115466,43.76
2016-09-23,32.38,32.84,32.29,32.58,2494635,43.87
2016-09-26,32.58,32.79,32.43,32.69,2135947,44.02
2016-09-27,32.79,33.01,32.08,32.13,2197583,43.26
2016-09-28,32.11,32.23,31.61,31.94,1949785,43
2016-09-29,31.84,31.84,31.18,31.42,1954895,42.31
2016-09-30,31.48,31.68,30.98,31.2,2527481,42.01
2016-10-03,31.13,31.13,30.54,30.75,1388486,41.4
2016-10-04,30.71,30.75,29.87,30.05,2256284,40.46
2016-10-05,30.09,30.44,29.82,29.99,3052853,40.38
2016-10-06,29.88,30.15,29.71,30.04,1868387,40.45
2016-10-07,30.28,30.56,29.87,29.9,1929363,40.26
2016-10-10,29.97,30.21,29.92,30.16,1837480,40.61
2016-10-11,30.04,30.15,29.73,29.79,2258301,40.11
2016-10-12,29.76,30.1,29.74,30.01,1662682,40.41
2016-10-13,30.06,30.63,29.99,30.34,2434688,40.85
2016-10-14,30.25,30.53,30.09,30.23,1577482,40.7
2016-10-17,30.32,30.51,30.26,30.48,1352423,41.04
2016-10-18,30.65,30.9,30.32,30.76,1745301,41.42
2016-10-19,30.7,30.84,30.49,30.72,2484863,41.36
2016-10-20,30.8,31.09,30.64,30.71,1905105,41.35
2016-10-21,30.56,30.68,30.37,30.57,1242983,41.16
2016-10-24,30.72,30.84,30.5,30.73,1581975,41.38
2016-10-25,30.65,30.91,30.64,30.9,1378264,41.61
2016-10-26,30.9,31.1,30.66,30.93,2160694,41.65
2016-10-27,30.84,31.04,30.59,30.72,2198164,41.36
2016-10-28,30.63,30.84,30.54,30.67,2371172,41.3
2016-10-31,30.8,31.6,30.78,31.3,2382245,42.15
2016-11-01,31.3,31.34,30.8,30.84,2827030,41.53
2016-11-02,30.83,30.84,30.28,30.58,1774806,40.87
2016-11-03,30.43,30.9,30.37,30.8,1679045,41.16
2016-11-04,30.95,31.2,30.51,30.51,1706656,40.78
2016-11-07,30.69,31.21,30.36,31.21,1846852,41.71
2016-11-08,31.26,31.63,31.21,31.41,1462561,41.98
2016-11-09,30.5,30.8,30.15,30.19,2592577,40.34
2016-11-10,29.98,30.18,29.02,29.55,3579753,39.49
2016-11-11,29.53,30.1,29.5,29.74,2882072,39.75
2016-11-14,29.54,29.65,29.12,29.55,2104866,39.49
2016-11-15,29.68,30.02,29.68,29.92,2402676,39.99
2016-11-16,29.97,30.13,29.68,29.87,2056466,39.92
2016-11-17,29.74,30.02,29.67,29.76,1446533,39.77
2016-11-18,29.74,29.92,29.57,29.72,1562803,39.72
2016-11-21,29.74,30.14,29.7,30.07,2309836,40.18
2016-11-22,30.14,30.45,29.96,30.33,2465460,40.53
2016-11-23,29.98,30.31,29.66,29.72,2995642,39.72
2016-11-25,29.84,30.42,29.84,30.38,859538,40.6
2016-11-28,30.52,31.1,30.47,31.07,2034750,41.52
2016-11-29,30.98,31.55,30.98,31.31,3427640,41.84
2016-11-30,30.86,30.91,30.09,30.1,3737165,40.22
2016-12-01,29.89,29.99,29.54,29.7,2164452,39.69
2016-12-02,29.89,30.18,29.72,29.89,1841812,39.94
2016-12-05,29.76,29.92,29.5,29.87,1916634,39.92
2016-12-06,29.99,30.08,29.82,29.87,1508257,39.92
2016-12-07,29.99,30.37,29.92,30.36,2183051,40.57
2016-12-08,30.17,30.5,29.94,30.39,1738185,40.61
2016-12-09,30.31,30.82,30.31,30.77,1902432,41.12
2016-12-12,30.63,31.24,30.56,31.22,1987703,41.72
2016-12-13,31.29,31.4,30.95,31.08,3075127,41.53
2016-12-14,31.25,31.4,30.45,30.54,2643315,40.82
2016-12-15,30.45,30.72,30.22,30.6,2492803,40.9
2016-12-16,30.63,31.17,30.63,31.05,5218104,41.5
2016-12-19,31.29,31.43,30.96,31.35,1948202,41.89
2016-12-20,31.32,31.39,31.13,31.21,1852113,41.71
2016-12-21,31.22,31.4,31.07,31.1,1119889,41.56
2016-12-22,31.11,31.17,30.9,31.12,1318290,41.59
2016-12-23,31.25,31.25,31.06,31.2,658594,41.7
2016-12-27,31.15,31.26,30.99,31.2,580989,41.69
2016-12-28,31.23,31.26,30.84,30.9,1136626,41.3
2016-12-29,31.04,31.34,30.95,31.26,1501980,41.77
2016-12-30,31.25,31.41,31.04,31.14,2028955,41.62
2017-01-03,31.16,31.17,30.77,31.08,2048198,41.53
2017-01-04,31.16,31.41,31.05,31.25,2579054,41.76
2017-01-05,31.23,31.52,30.9,31.42,2491467,41.99
2017-01-06,31.24,31.62,31.2,31.54,1883984,42.15
2017-01-09,31.58,31.84,31.05,31.11,2313406,41.58
2017-01-10,31.11,31.17,30.87,31.06,1447956,41.51
2017-01-11,31.08,31.4,31.02,31.39,1237648,41.95
2017-01-12,31.38,31.46,31.14,31.35,1689144,41.9
2017-01-13,31.29,31.52,31.2,31.38,1158354,41.94
2017-01-17,31.46,31.84,31.42,31.58,1750462,42.2
2017-01-18,31.55,31.79,31.49,31.57,2002401,42.19
2017-01-19,31.38,31.7,31.32,31.52,2122000,42.13
2017-01-20,31.58,31.71,31.45,31.67,2150005,42.33
2017-01-23,31.72,31.83,31.52,31.64,2226906,42.29
2017-01-24,31.57,31.67,31.36,31.41,1386475,41.97
2017-01-25,31.33,31.43,31.21,31.29,1618090,41.81
2017-01-26,31.22,31.46,31.11,31.4,1498618,41.96
2017-01-27,31.49,31.52,31.22,31.26,1184471,41.78
2017-01-30,31.46,31.51,31.23,31.46,2522806,42.04
2017-01-31,31.55,31.88,31.49,31.88,2800853,42.6
2017-02-01,31.67,31.92,31.49,31.77,3241990,42.12
2017-02-02,31.57,32.9,31.51,32.25,3733415,42.76
2017-02-03,32.43,32.43,32.05,32.14,1886385,42.62
2017-02-06,32.28,32.35,31.97,32.01,1517918,42.45
2017-02-07,32.04,32.15,31.98,32.06,1540503,42.51
2017-02-08,32.13,32.45,32.09,32.35,1813447,42.9
2017-02-09,32.31,32.53,32.16,32.23,1367757,42.74
2017-02-10,32.16,32.44,32.1,32.38,1473577,42.93
2017-02-13,32.41,32.55,32.22,32.53,1298257,43.13
2017-02-14,32.42,32.5,32.15,32.26,1459913,42.78
2017-02-15,31.98,32.32,31.91,32.26,1842287,42.77
2017-02-16,32.26,32.55,32.23,32.5,1407322,43.09
2017-02-17,32.55,32.63,32.3,32.59,2198056,43.22
2017-02-21,32.6,32.93,32.38,32.84,1339675,43.54
2017-02-22,32.88,33.06,32.75,33,1259471,43.76
2017-02-23,33.15,33.42,33.04,33.33,1835522,44.19
2017-02-24,33.48,33.73,33.4,33.7,2529552,44.68
2017-02-27,33.69,33.7,33.39,33.41,2092803,44.3
2017-02-28,33.29,33.7,33.29,33.58,3202992,44.52
2017-03-01,33.18,33.5,32.99,33.28,3149223,44.13
2017-03-02,33.21,33.81,33.12,33.58,1899611,44.52
2017-03-03,33.58,33.58,33.18,33.41,1739988,44.3
2017-03-06,33.47,33.53,33.32,33.45,1943801,44.35
2017-03-07,33.42,33.59,33.41,33.51,1598392,44.44
2017-03-08,33.27,33.27,32.9,32.93,1601917,43.67
2017-03-09,32.95,33.18,32.89,32.97,2192957,43.72
2017-03-10,33.18,33.32,33.1,33.29,2985190,44.14
2017-03-13,33.32,33.4,33.19,33.33,1973003,44.19
2017-03-14,33.35,33.44,33.2,33.36,1474791,44.23
2017-03-15,33.39,34.13,33.39,33.94,1673788,45
2017-03-16,33.77,33.77,33.4,33.48,2017270,44.39
2017-03-17,33.58,33.85,33.51,33.72,3715364,44.71
2017-03-20,33.76,33.85,33.28,33.37,2828195,44.25
2017-03-21,33.33,34.04,33.33,33.94,1942025,45.01
2017-03-22,34.1,34.35,33.99,34.08,2078807,45.19
2017-03-23,33.99,34.31,33.92,34.01,2250143,45.1
2017-03-24,34.03,34.26,33.91,34.15,1886093,45.28
2017-03-27,34.3,34.35,33.89,34.01,1485711,45.1
2017-03-28,34.01,34.1,33.82,34.06,2096406,45.16
2017-03-29,33.94,33.99,33.75,33.8,1704294,44.82
2017-03-30,33.71,33.73,33.5,33.66,1639112,44.63
2017-03-31,33.66,33.87,33.62,33.74,2005904,44.74
2017-04-03,33.76,33.82,33.45,33.81,1609640,44.83
2017-04-04,33.8,34.01,33.7,33.87,1104352,44.91
2017-04-05,33.86,34.16,33.8,34.13,2170947,45.26
2017-04-06,34.02,34.1,33.88,34.01,1938426,45.1
2017-04-07,34.14,34.2,33.88,33.9,2157965,44.95
2017-04-10,33.9,34.15,33.74,34.12,1606690,45.24
2017-04-11,34.06,34.23,33.9,34.16,1864762,45.3
2017-04-12,34.1,34.52,33.95,34.35,4029447,45.55
2017-04-13,34.33,34.36,33.98,34.1,2328525,45.21
2017-04-17,34.25,34.35,34.17,34.35,1565168,45.55
2017-04-18,34.36,34.51,34.27,34.46,1507703,45.69
2017-04-19,34.39,34.47,33.93,34.04,3066249,45.14
2017-04-20,33.99,33.99,33.58,33.8,3123754,44.82
2017-04-21,33.8,34.16,33.79,34.08,1945153,45.19
2017-04-24,34.11,34.33,33.88,34.29,1869979,45.47
2017-04-25,34.16,34.36,34.1,34.32,1356424,45.51
2017-04-26,34.26,34.5,34.16,34.21,1385803,45.36
2017-04-27,34.25,34.58,34.25,34.31,1341977,45.49
2017-04-28,34.25,34.37,34.13,34.24,2255866,45.4
2017-05-01,34.5,34.65,33.84,34.05,2005537,45.15
2017-05-02,34.16,34.31,34.02,34.18,2172867,45.32
2017-05-03,34.26,34.38,34,34.17,2406537,44.98
2017-05-04,34.01,34.32,33.99,34.29,1693861,45.13
2017-05-05,34.26,34.63,34.26,34.52,1557234,45.44
2017-05-08,34.61,34.61,34.29,34.55,1458863,45.48
2017-05-09,34.51,34.52,34.09,34.11,1749585,44.9
2017-05-10,34.13,34.4,34.08,34.32,2191913,45.18
2017-05-11,34.23,34.38,34.05,34.34,1235604,45.2
2017-05-12,34.39,34.66,34.32,34.6,1693050,45.54
2017-05-15,34.56,34.77,34.55,34.73,1180354,45.71
2017-05-16,34.61,34.71,34.38,34.42,1374613,45.31
2017-05-17,34.51,34.77,34.37,34.61,2389547,45.56
2017-05-18,34.67,34.92,34.44,34.76,2285759,45.75
2017-05-19,34.77,35.01,34.48,34.99,2305028,46.05
2017-05-22,34.85,35.34,34.85,35.3,2421589,46.47
2017-05-23,35.31,35.66,35.3,35.46,1980267,46.67
2017-05-24,35.45,35.59,35.39,35.57,2834958,46.82
2017-05-25,35.56,36.04,35.49,36.02,1744537,47.41
2017-05-26,35.97,36.09,35.89,36.02,1499448,47.41
2017-05-30,36,36.17,35.9,36.07,2186688,47.48
2017-05-31,36.06,36.24,35.97,36.02,4819337,47.41
2017-06-01,36.01,36.22,35.81,36.22,1962300,47.68
2017-06-02,36.43,36.43,36.07,36.31,1989763,47.79
2017-06-05,36.24,36.31,35.87,35.95,2382214,47.32
2017-06-06,36.06,36.06,35.86,35.95,2420635,47.32
2017-06-07,36,36.19,35.91,36.1,1664938,47.52
2017-06-08,36.03,36.03,35.42,35.65,2013520,46.92
2017-06-09,35.55,35.72,35.42,35.69,2078504,46.98
2017-06-12,35.73,35.83,35.36,35.72,2433335,47.02
2017-06-13,35.68,35.92,35.61,35.91,2008474,47.27
2017-06-14,36.24,36.36,36.11,36.27,3304067,47.74
2017-06-15,36.18,36.53,36.06,36.53,1551771,48.08
2017-06-16,36.61,36.75,36.53,36.66,3136522,48.25
2017-06-19,36.68,36.7,36.29,36.44,1788058,47.96
2017-06-20,36.47,36.56,36.38,36.48,1385498,48.02
2017-06-21,36.51,36.51,36.06,36.25,1394887,47.71
2017-06-22,36.22,36.41,36.14,36.18,1362471,47.62
2017-06-23,36.16,36.27,35.9,35.94,1729984,47.31
2017-06-26,35.94,36.32,35.81,36.13,1210537,47.56
2017-06-27,35.93,36.01,35.58,35.72,1322207,47.02
2017-06-28,35.87,35.87,35.35,35.4,1660901,46.6
2017-06-29,35.11,35.32,34.96,35.2,2755994,46.33
2017-06-30,35.29,35.44,35.14,35.14,1903658,46.25
2017-07-03,35.19,35.3,34.95,34.95,1187760,46
2017-07-05,35.02,35.3,34.62,34.8,1782506,45.81
2017-07-06,34.72,34.8,34.61,34.72,1571208,45.7
2017-07-07,34.77,34.95,34.69,34.76,1116132,45.75
2017-07-10,34.81,34.93,34.64,34.64,1215921,45.59
2017-07-11,34.7,34.73,34.45,34.62,1256400,45.57
2017-07-12,34.94,35,34.8,34.98,2513162,46.04
2017-07-13,34.96,34.96,34.7,34.72,2662095,45.7
2017-07-14,34.85,35.02,34.84,34.87,2013579,45.9
2017-07-17,34.86,34.95,34.74,34.95,1383745,46
2017-07-18,35.04,35.11,34.88,35.02,2098430,46.1
2017-07-19,35.1,35.13,34.89,35.13,1566484,46.24
2017-07-20,35.25,35.48,35.14,35.4,2368923,46.59
2017-07-21,35.37,35.55,35.2,35.52,1955690,46.75
2017-07-24,35.56,35.72,35.24,35.24,2530293,46.39
2017-07-25,35.24,35.34,35.02,35.07,1968319,46.16
2017-07-26,35.06,35.37,34.99,35.35,1932169,46.53
2017-07-27,35.3,35.62,35.28,35.62,1661291,46.89
2017-07-28,35.52,35.65,34.99,35.18,3579211,46.3
2017-07-31,35.18,35.27,35.07,35.13,2195559,46.24
2017-08-01,35.16,35.52,35.15,35.43,3969610,46.64
2017-08-02,35.41,35.7,35.18,35.69,1568106,46.64
2017-08-03,35.59,36.01,35.58,35.98,1647572,47.02
2017-08-04,35.86,36.03,35.7,35.99,2150531,47.03
2017-08-07,35.99,36.11,35.88,36.11,1227160,47.19
2017-08-08,36.03,36.29,36.02,36.29,1470840,47.42
2017-08-09,36.39,36.39,36.19,36.25,2075245,47.38
2017-08-10,36.22,36.38,36.03,36.33,1434390,47.48
2017-08-11,36.35,36.38,36.05,36.2,1300996,47.31
2017-08-14,36.24,36.38,36.2,36.32,1501187,47.46
2017-08-15,36.2,36.57,36.1,36.55,922276,47.76
2017-08-16,36.62,36.74,36.5,36.74,1140762,48.01
2017-08-17,36.74,36.83,36.55,36.61,1780558,47.84
2017-08-18,36.61,37.11,36.43,36.89,4044033,48.21
2017-08-21,36.91,37.02,36.82,36.94,1069845,48.28
2017-08-22,36.92,36.98,36.8,36.93,1537985,48.26
2017-08-23,36.94,37.18,36.84,37.17,1078017,48.58
2017-08-24,37.17,37.22,36.98,36.99,1267298,48.34
2017-08-25,37.1,37.3,37.04,37.11,1588261,48.5
2017-08-28,37.17,37.26,37.04,37.21,1306938,48.63
2017-08-29,37.3,37.43,37.18,37.3,966218,48.74
2017-08-30,37.24,37.31,37.12,37.17,965332,48.57
2017-08-31,37.2,37.26,37.11,37.14,1851661,48.54
2017-09-01,37.21,37.23,36.97,37.05,1113224,48.42
2017-09-05,37.11,37.11,36.87,37.06,1272758,48.43
2017-09-06,37.13,37.13,36.76,36.87,1085915,48.18
2017-09-07,36.95,37.13,36.87,37.08,1133022,48.46
2017-09-08,37.06,37.33,36.97,37.23,1629401,48.66
2017-09-11,37.2,37.58,37.14,37.57,1446676,49.1
2017-09-12,37.54,37.56,36.68,36.79,1769535,48.08
2017-09-13,36.73,36.79,36.34,36.35,2811265,47.5
2017-09-14,36.28,36.65,36.17,36.64,2768123,47.89
2017-09-15,36.55,36.66,36.34,36.63,4178104,47.87
2017-09-18,36.62,36.7,36.16,36.45,2336017,47.63
2017-09-19,36.48,36.51,36.25,36.26,2422510,47.39
2017-09-20,36.35,36.45,35.96,36.02,4524297,47.07
2017-09-21,35.9,36.24,35.9,36.01,1603027,47.06
2017-09-22,36.19,36.19,35.41,35.56,2924005,46.47
2017-09-25,35.53,36.04,35.47,36.04,2498171,47.1
2017-09-26,35.95,36.01,35.71,35.92,1937273,46.94
2017-09-27,35.72,35.8,35.14,35.37,1588897,46.23
2017-09-28,35.3,35.55,35.14,35.47,1322721,46.35
2017-09-29,35.47,35.59,35.34,35.44,1738399,46.32
2017-10-02,35.52,35.63,35.28,35.52,1591115,46.42
2017-10-03,35.49,35.49,35.1,35.18,2025528,45.97
2017-10-04,35.2,35.58,35.06,35.57,2347706,46.49
2017-10-05,35.6,35.65,35.31,35.6,3122501,46.53
2017-10-06,35.47,35.58,35.31,35.43,2833930,46.3
2017-10-09,35.52,35.67,35.44,35.57,1128177,46.48
2017-10-10,35.62,35.98,35.5,35.96,2956633,47
2017-10-11,35.96,36.34,35.94,36.23,2963485,47.35
2017-10-12,36.26,36.51,36.26,36.51,1710117,47.72
2017-10-13,36.61,36.79,36.29,36.38,1231029,47.54
2017-10-16,36.3,36.45,36.11,36.28,1241735,47.41
2017-10-17,36.17,36.6,36.12,36.58,1461473,47.81
2017-10-18,36.47,36.61,36.3,36.58,2281219,47.81
2017-10-19,36.64,36.89,36.53,36.87,1622330,48.19
2017-10-20,36.83,36.94,36.69,36.87,1367645,48.18
2017-10-23,36.94,36.97,36.74,36.89,1453988,48.21
2017-10-24,37.07,37.09,36.8,37.05,1703810,48.42
2017-10-25,36.9,36.97,36.38,36.71,2916345,47.97
2017-10-26,37.11,37.43,36.65,36.68,2541681,47.94
2017-10-27,36.68,37.01,36.55,36.88,1883825,48.2
2017-10-30,36.84,36.95,36.52,36.58,3495396,47.8
2017-10-31,36.51,37.07,36.51,37.01,3056608,48.37
2017-11-01,37.1,37.26,36.64,36.78,2189336,48.07
2017-11-02,36.85,37.18,36.8,37.08,2259550,48.12
2017-11-03,37.03,37.4,37,37.09,2396809,48.13
2017-11-06,37.13,37.32,36.98,37.02,2192046,48.05
2017-11-07,37.09,37.7,36.86,37.69,2380236,48.91
2017-11-08,37.59,37.89,37.54,37.86,3273899,49.13
2017-11-09,37.76,38.07,37.66,37.97,2457270,49.28
2017-11-10,37.77,38.03,37.69,37.96,2165649,49.27
2017-11-13,38.03,38.41,37.98,38.24,2047326,49.63
2017-11-14,38.21,39.07,38.21,38.95,3467622,50.55
2017-11-15,39,39.18,38.68,38.7,2179383,50.22
2017-11-16,38.6,38.76,38.53,38.66,1527593,50.17
2017-11-17,38.56,38.73,38.16,38.21,1884611,49.59
2017-11-20,38.23,38.34,38.03,38.07,1442772,49.41
2017-11-21,38.16,38.26,38.06,38.13,1523309,49.48
2017-11-22,38.08,38.17,37.95,38.06,1167928,49.4
2017-11-24,38.15,38.3,38.09,38.09,491049,49.44
2017-11-27,38.23,38.41,38.08,38.33,1654814,49.75
2017-11-28,38.34,38.51,38.25,38.29,2072666,49.7
2017-11-29,38.24,38.6,38.15,38.23,2352667,49.61
2017-11-30,38.28,38.56,37.84,38.45,4841484,49.9
2017-12-01,38.6,38.71,38.17,38.33,2462569,49.74
2017-12-04,38.46,38.53,38.2,38.34,1912526,49.76
2017-12-05,38.39,38.41,37.79,37.99,2141444,49.31
2017-12-06,38.1,38.19,37.9,38.07,1510883,49.41
2017-12-07,38.1,38.2,37.84,38.2,2153456,49.58
2017-12-08,38.15,38.46,38.02,38.43,3381127,49.87
2017-12-11,38.3,38.61,38.18,38.6,2237134,50.09
2017-12-12,38.53,38.64,37.88,37.89,1885221,49.17
2017-12-13,37.94,38.15,37.79,37.95,1680525,49.25
2017-12-14,37.76,38.05,37.56,37.81,1450562,49.07
2017-12-15,37.9,38.09,37.78,37.95,3298101,49.25
2017-12-18,38.09,38.09,37.42,37.49,1767756,48.65
2017-12-19,37.53,37.53,36.75,36.77,2942100,47.72
2017-12-20,36.5,36.8,36.28,36.34,2666555,47.16
2017-12-21,36.25,36.55,36.03,36.41,2654744,47.26
2017-12-22,36.54,36.57,36.41,36.48,1595447,47.35
2017-12-26,36.44,36.55,36.06,36.07,962482,46.81
2017-12-27,36.19,36.38,36.06,36.38,1491894,47.21
2017-12-28,36.48,36.54,36.26,36.51,1205919,47.39
2017-12-29,36.54,36.66,36.39,36.45,1667650,47.3
2018-01-02,36.51,36.55,36.11,36.18,1860980,46.95
2018-01-03,36.04,36.39,35.89,35.95,2070811,46.66
2018-01-04,35.88,36.03,35.49,35.55,1846289,46.14
2018-01-05,35.62,35.7,35.19,35.3,2801271,45.81
2018-01-08,35.37,35.73,35.26,35.71,2398229,46.34
2018-01-09,35.63,35.72,35.18,35.22,2283669,45.71
2018-01-10,35.1,35.1,34.61,34.66,2640206,44.98
2018-01-11,34.66,34.79,34.11,34.2,2944650,44.39
2018-01-12,34.21,34.3,33.88,33.91,3562315,44.01
2018-01-16,34.02,34.41,33.87,34.1,3823963,44.26
2018-01-17,34.2,34.43,34.08,34.33,2053470,44.55
2018-01-18,34.2,34.33,33.7,33.98,3272413,44.1
2018-01-19,34.06,34.3,33.83,33.94,2161831,44.05
2018-01-22,34.16,34.35,33.91,34.03,2435519,44.16
2018-01-23,34.06,34.51,34,34.26,2135091,44.46
2018-01-24,34.18,34.27,34.06,34.1,1594698,44.26
2018-01-25,34.1,34.73,34.07,34.67,2408044,45
2018-01-26,34.71,34.74,34.13,34.51,5099235,44.79
2018-01-29,34.42,34.44,33.93,33.98,2821991,44.1
2018-01-30,34.07,34.25,33.88,34.15,2249574,44.32
2018-01-31,34.19,34.54,34,34.48,4150524,44.75
2018-02-01,34.45,34.66,33.96,34.03,4157429,44.16
2018-02-02,33.85,34.13,33.49,33.5,4745664,43.48
2018-02-05,33.35,33.75,32.89,32.92,4944530,42.73
2018-02-06,32.6,32.73,31.65,32.49,5637162,42.16
2018-02-07,32.5,32.94,32.42,32.49,3773948,42.16
2018-02-08,32.37,32.86,32.14,32.18,6279687,41.77
2018-02-09,32.25,33.22,31.19,32.97,6264370,42.79
2018-02-12,33.01,33.23,32.69,33.04,2900370,42.88
2018-02-13,32.92,33.29,32.64,33.17,3238324,43.05
2018-02-14,33.07,33.37,32.65,33.06,5404590,42.9
2018-02-15,33.31,34.01,33.16,33.99,3854488,43.74
2018-02-16,34.03,34.48,33.89,34.34,3504077,44.2
2018-02-20,34.25,34.47,33.6,33.69,2431167,43.36
2018-02-21,33.71,34.16,33.41,33.43,3877394,43.02
2018-02-22,33.52,33.72,33.3,33.42,2453434,43.01
2018-02-23,33.47,34.09,33.41,34.08,4067384,43.86
2018-02-26,34.37,34.44,33.92,34.01,3620167,43.77
2018-02-27,34.15,34.15,33.22,33.22,3314693,42.75
2018-02-28,33.26,33.37,32.98,32.98,3595300,42.45
2018-03-01,33.01,33.42,32.62,32.91,3501705,42.36
2018-03-02,32.93,33.27,32.8,33.09,4502244,42.59
2018-03-05,33.08,33.76,32.98,33.64,3586338,43.29
2018-03-06,33.59,33.59,33.03,33.17,2775513,42.69
2018-03-07,33.15,33.26,32.84,33.01,2548495,42.49
2018-03-08,33.02,33.2,32.96,33.07,2276442,42.56
2018-03-09,33.08,33.31,33.03,33.3,2299394,42.86
2018-03-12,33.36,33.58,33.3,33.48,3071362,43.09
2018-03-13,33.57,33.7,33.24,33.38,1908298,42.96
2018-03-14,33.47,33.78,33.42,33.66,2090898,43.32
2018-03-15,33.67,34.08,33.63,33.96,3464568,43.71
2018-03-16,34.06,34.51,33.94,34.41,13310799,44.28
2018-03-19,34.39,34.49,33.95,34.17,3295393,43.98
2018-03-20,34.19,34.35,34.04,34.18,2296462,43.99
2018-03-21,34.2,34.5,33.92,34.04,2382295,43.81
2018-03-22,34,34.76,34,34.15,3662420,43.95
2018-03-23,34.02,34.48,33.53,33.6,2626232,43.25
2018-03-26,33.8,34.06,33.65,34.05,3238994,43.82
2018-03-27,34.09,34.97,33.94,34.77,3351243,44.75
2018-03-28,34.94,35.18,34.71,35.02,4412463,45.07
2018-03-29,35.09,35.42,35.04,35.19,3856914,45.29
2018-04-02,35.29,35.45,34.75,34.97,3856827,45.01
2018-04-03,34.75,35.34,34.75,35.18,3429608,45.28
2018-04-04,35.11,35.37,34.9,35.21,3920720,45.31
2018-04-05,35.1,35.47,34.81,35.4,3283732,45.56
2018-04-06,35.45,35.59,35.1,35.21,3017381,45.32
2018-04-09,35.24,35.3,34.78,35.04,3103906,45.1
2018-04-10,34.95,35.03,34.6,34.68,3468381,44.63
2018-04-11,34.63,34.77,34.4,34.62,2304931,44.55
2018-04-12,34.71,34.76,34.02,34.16,3744536,43.96
2018-04-13,34.24,34.51,34.13,34.35,2274562,44.21
2018-04-16,34.51,35,34.45,34.96,2519968,45
2018-04-17,35.03,35.35,34.84,35.17,2932524,45.26
2018-04-18,35.17,35.44,35.02,35.02,1961209,45.07
2018-04-19,34.96,35.26,34.82,35.25,3521463,45.37
2018-04-20,35.28,35.35,34.99,35.11,2928615,45.19
2018-04-23,35.23,35.44,35.08,35.25,2200196,45.37
2018-04-24,35.34,35.78,35.23,35.55,3186789,45.75
2018-04-25,35.48,35.75,35.32,35.63,2631890,45.86
2018-04-26,35.59,36.16,35.36,36.08,3969898,46.44
2018-04-27,36.15,36.82,35.98,36.66,3115080,47.18
2018-04-30,36.7,36.89,36.55,36.67,3675226,47.19
2018-05-01,36.56,36.67,36.44,36.56,2763145,47.05
2018-05-02,36.56,36.65,35.39,36.41,2436470,46.86
2018-05-03,36.38,36.55,35.98,36.38,2424349,46.47
2018-05-04,36.32,36.51,36.18,36.37,2193463,46.45
2018-05-07,36.26,36.36,36.01,36.03,3556857,46.02
2018-05-08,36.02,36.02,35.16,35.23,4049233,44.99
2018-05-09,35.25,35.28,34.91,35.02,2557103,44.73
2018-05-10,35.26,35.43,35.08,35.4,2884078,45.21
2018-05-11,35.4,35.59,35.35,35.53,1888785,45.38
2018-05-14,35.55,35.59,35.19,35.43,2682604,45.25
2018-05-15,35.23,35.42,34.8,34.94,2697638,44.63
2018-05-16,34.95,35.03,34.58,34.76,2328807,44.4
2018-05-17,34.79,34.86,34.45,34.51,1717745,44.08
2018-05-18,34.6,34.76,34.29,34.54,2641648,44.11
2018-05-21,34.55,34.58,34.23,34.43,2336477,43.97
2018-05-22,34.51,34.77,34.38,34.54,2170023,44.12
2018-05-23,34.62,35.08,34.55,35.05,2425266,44.76
2018-05-24,35.11,35.48,35.07,35.43,2471202,45.25
2018-05-25,35.49,35.87,35.44,35.72,3584217,45.62
2018-05-29,36.09,36.17,35.61,35.88,4122639,45.83
2018-05-30,35.84,36.24,35.75,36.13,2631470,46.15
2018-05-31,35.9,36.33,35.88,36.12,3361718,46.13
2018-06-01,36.1,36.1,35.33,35.37,2707871,45.17
2018-06-04,35.48,35.63,34.9,34.98,3099633,44.68
2018-06-05,35,35.01,34.51,34.58,2477661,44.17
2018-06-06,34.58,34.6,33.83,33.9,3103436,43.3
2018-06-07,33.89,34.36,33.69,33.97,2344599,43.38
2018-06-08,34.05,34.1,33.82,33.94,1395086,43.35
2018-06-11,34.08,34.13,33.29,33.38,2299886,42.63
2018-06-12,33.33,33.93,33.33,33.9,3857677,43.3
2018-06-13,33.89,34.06,33.65,33.74,3093306,43.09
2018-06-14,33.75,34.19,33.75,34.15,3036379,43.62
2018-06-15,34.1,34.58,33.83,34.51,4904979,44.08
2018-06-18,34.54,34.93,34.48,34.83,2806110,44.48
2018-06-19,34.85,35.48,34.8,35.4,3452303,45.21
2018-06-20,35.44,35.44,35.15,35.33,2192475,45.12
2018-06-21,35.25,35.6,35.22,35.49,2693104,45.33
2018-06-22,35.52,35.73,35.4,35.58,3641956,45.44
2018-06-25,35.7,36.51,35.62,36.42,2988898,46.51
2018-06-26,36.42,36.83,36.37,36.42,3377063,46.51
2018-06-27,36.4,37.04,36.29,36.89,3199147,47.12
2018-06-28,36.86,37.25,36.78,36.83,2116091,47.04
2018-06-29,36.82,37.25,36.52,37.02,3095479,47.28
2018-07-02,37.1,37.46,36.98,37.46,2684460,47.84
2018-07-03,37.43,37.81,37.29,37.55,1600886,47.96
2018-07-05,37.55,37.72,37.37,37.72,2941241,48.18
2018-07-06,37.79,38.08,37.71,38.04,2831078,48.59
2018-07-09,38.11,38.11,36.53,36.63,2852437,46.78
2018-07-10,36.53,37.16,36.24,36.96,4367271,47.21
2018-07-11,37.03,37.56,37.03,37.5,1747542,47.89
2018-07-12,37.54,37.59,37.31,37.52,2547468,47.92
2018-07-13,37.61,37.64,37.21,37.46,1937078,47.85
2018-07-16,37.39,37.49,37.17,37.36,2393300,47.71
2018-07-17,37.49,37.54,37.2,37.27,1544131,47.6
2018-07-18,37.24,37.35,36.91,37.1,2346423,47.38
2018-07-19,37.2,37.67,37.17,37.47,1908766,47.86
2018-07-20,37.35,37.4,36.78,37.13,2816697,47.42
2018-07-23,37.03,37.21,36.72,36.87,2091491,47.09
2018-07-24,36.86,37.18,36.21,37.12,4307108,47.41
2018-07-25,37.12,37.6,37.05,37.49,4712434,47.88
2018-07-26,37.72,37.97,37.31,37.69,3989804,48.14
2018-07-27,37.69,37.99,37.54,37.68,3975569,48.12
2018-07-30,37.61,37.65,37.09,37.3,3338517,47.64
2018-07-31,37.53,37.88,37.32,37.85,3564962,48.34
2018-08-01,37.59,37.65,37.17,37.47,3321013,47.86
2018-08-02,37.53,37.84,37.22,37.73,3083444,47.83
2018-08-03,37.7,38.2,37.49,38.15,2510241,48.36
2018-08-06,38.14,38.31,38,38.13,2728058,48.33
2018-08-07,38.05,38.05,37.71,37.99,2444874,48.16
2018-08-08,37.9,38.13,37.71,38.03,2115683,48.21
2018-08-09,38.05,38.25,37.92,38.22,2368898,48.45
2018-08-10,38.31,38.64,38.1,38.16,2354919,48.37
2018-08-13,38.17,38.39,38.07,38.39,2237903,48.66
2018-08-14,38.38,38.58,38.33,38.5,1770938,48.8
2018-08-15,38.61,39.2,38.35,39.01,2916288,49.45
2018-08-16,38.94,39.39,38.8,39.35,2043653,49.88
2018-08-17,39.28,39.54,39.11,39.36,2552098,49.89
2018-08-20,39.48,39.48,39.14,39.26,1612161,49.77
2018-08-21,39.2,39.22,38.85,39.03,2437192,49.48
2018-08-22,39.1,39.1,38.6,38.74,2261807,49.11
2018-08-23,38.77,39.06,38.66,38.73,2083389,49.09
2018-08-24,38.65,38.98,38.53,38.94,1453296,49.36
2018-08-27,38.95,39.01,38.4,38.59,2717410,48.92
2018-08-28,38.47,38.6,38.33,38.51,1661617,48.82
2018-08-29,38.56,38.9,38.52,38.84,1840251,49.24
2018-08-30,38.89,39.13,38.83,39.06,1696273,49.51
2018-08-31,39.09,39.24,38.74,38.84,1901840,49.24
2018-09-04,38.94,39.25,38.88,39.06,2076782,49.52
2018-09-05,39.11,39.6,39.01,39.58,2194924,50.18
2018-09-06,39.61,40.02,39.44,39.93,2568622,50.62
2018-09-07,39.6,39.82,39.38,39.51,2533119,50.09
2018-09-10,39.75,40.01,39.66,39.88,1833450,50.56
2018-09-11,39.93,40.08,39.76,39.79,1591287,50.44
2018-09-12,39.84,39.92,39.56,39.69,1746985,50.31
2018-09-13,39.78,40,39.48,39.99,1611433,50.69
2018-09-14,39.74,39.81,39.3,39.74,1480810,50.38
2018-09-17,39.81,39.81,39.52,39.68,2040049,50.3
2018-09-18,39.57,39.73,39.38,39.65,2155281,50.26
2018-09-19,39.69,39.69,38.35,38.63,2902740,48.97
2018-09-20,38.56,38.77,38.22,38.74,2351788,49.11
2018-09-21,38.63,39.06,38.44,38.91,3685832,49.33
2018-09-24,38.85,39.04,38.59,38.6,1836810,48.93
2018-09-25,38.57,38.58,37.95,38.15,1945361,48.36
2018-09-26,38.25,38.37,37.63,37.67,2618111,47.75
2018-09-27,37.72,38.36,37.7,38.12,1500189,48.32
2018-09-28,38.22,38.68,38.17,38.65,2538406,49
2018-10-01,38.54,38.66,38.3,38.54,1762972,48.85
2018-10-02,38.67,39,38.62,38.92,1833305,49.34
2018-10-03,38.88,39.02,38.08,38.46,2219468,48.76
2018-10-04,38.39,38.69,37.97,38.58,2765654,48.91
2018-10-05,38.58,39.44,38.58,39.36,2416803,49.89
2018-10-08,39.49,40.04,39.37,39.64,2006648,50.25
2018-10-09,39.72,40.22,39.57,39.96,2149554,50.65
2018-10-10,39.96,40.52,39.66,39.66,3911889,50.28
2018-10-11,39.88,39.88,38.65,38.82,4264135,49.21
2018-10-12,38.36,38.68,38.2,38.54,3301733,48.85
2018-10-15,38.61,38.97,38.45,38.66,2539228,49.01
2018-10-16,38.72,39.33,38.45,39.2,1694661,49.69
2018-10-17,39.21,39.45,39.02,39.34,1935894,49.87
2018-10-18,39.42,39.46,39.06,39.29,2025762,49.8
2018-10-19,39.3,40.16,39.3,39.98,2451833,50.68
2018-10-22,40.01,40.01,39.57,39.82,2148615,50.48
2018-10-23,39.99,40.33,39.43,39.66,2444989,50.27
2018-10-24,39.88,40.95,39.65,40.78,3493491,51.7
2018-10-25,40.38,40.54,39.72,40.03,4324967,50.75
2018-10-26,40.06,40.8,38.67,38.85,5859176,49.25
2018-10-29,38.91,39.44,38.91,39.28,4753327,49.79
2018-10-30,39.46,39.63,38.85,39.32,4605533,49.85
2018-10-31,39.21,39.48,38.54,39.06,4359711,49.52
2018-11-01,39.03,39.1,38.39,38.63,3057426,48.61
2018-11-02,38.61,38.86,38.08,38.25,3729127,48.14
2018-11-05,38.29,38.82,38.28,38.7,3128862,48.7
2018-11-06,38.75,39.08,38.7,39.01,2535680,49.1
2018-11-07,39.15,39.45,38.81,39.44,2836956,49.63
2018-11-08,39.4,39.56,38.94,39.33,3022547,49.5
2018-11-09,39.32,39.95,39.23,39.84,3611440,50.14
2018-11-12,39.81,40.6,39.71,40.29,2978415,50.7
2018-11-13,40.23,40.4,39.95,40.29,2754887,50.7
2018-11-14,40.08,40.45,39.87,40.15,2742674,50.53
2018-11-15,39.94,40.37,39.48,40.25,2693071,50.65
2018-11-16,40.71,40.79,40.25,40.54,3019775,51.02
2018-11-19,40.49,41.05,40.35,41.05,3438828,51.66
2018-11-20,41.28,41.52,40.87,41.11,3650943,51.74
2018-11-21,41,41,40.3,40.36,2434417,50.79
2018-11-23,40.43,40.51,40.17,40.27,1036658,50.68
2018-11-26,40.29,40.56,39.98,40.49,1810799,50.96
2018-11-27,40.52,40.73,40.21,40.68,1927595,51.19
2018-11-28,40.72,40.83,40.44,40.71,2292377,51.23
2018-11-29,40.71,40.78,40.14,40.77,2209386,51.31
2018-11-30,40.87,41.42,40.73,41.39,3401600,52.09
2018-12-03,41.31,41.61,40.75,41.6,2247847,52.35
2018-12-04,41.65,42.4,41.65,41.77,2617087,52.57
2018-12-06,42.02,42.11,41.03,42.04,4211380,52.91
2018-12-07,42.09,42.31,41.61,42.06,2640791,52.93
2018-12-10,42.09,42.32,41.45,42.22,2342377,53.14
2018-12-11,42.29,42.42,41.87,42.24,2056869,53.16
2018-12-12,42.28,42.5,41.84,41.9,2155378,52.73
2018-12-13,41.87,42.58,41.87,42.49,2117587,53.48
2018-12-14,42.49,42.77,41.95,42.03,2470266,52.89
2018-12-17,42.08,42.24,40.7,40.84,3272156,51.4
2018-12-18,41.05,41.43,40.54,40.68,2568930,51.19
2018-12-19,40.79,41.09,40.27,40.62,3220350,51.12
2018-12-20,40.65,41.22,40.07,40.62,4138865,51.12
2018-12-21,40.62,41.64,40.44,40.66,6127537,51.17
2018-12-24,40.72,40.83,38.32,38.34,2293013,48.25
2018-12-26,38.4,38.89,37.85,38.84,3605558,48.88
2018-12-27,38.9,39.28,38.17,39.28,3496385,49.44
2018-12-28,39.44,39.69,39.06,39.23,2964903,49.37
2018-12-31,39.28,39.52,38.87,39.45,3226202,49.65
2019-01-02,39.35,39.38,38.12,38.39,3240800,48.31
2019-01-03,38.35,38.76,38.19,38.46,3259936,48.4
2019-01-04,38.21,38.89,38.21,38.82,3273324,48.85
2019-01-07,38.63,38.9,38.39,38.62,2555154,48.6
2019-01-08,38.55,39.28,38.5,39.2,2497483,49.33
2019-01-09,39.05,39.4,38.75,38.82,2766073,48.86
2019-01-10,38.91,39.63,38.8,39.59,2704758,49.82
2019-01-11,39.56,39.6,39.2,39.52,2070936,49.73
2019-01-14,39.25,39.31,38.77,39.22,2889614,49.36
2019-01-15,39.17,40.05,39.11,39.9,2437406,50.22
2019-01-16,39.83,40.25,39.53,40.16,2577935,50.54
2019-01-17,40.03,40.58,39.97,40.51,2162712,50.98
2019-01-18,40.48,40.69,40.18,40.43,2408947,50.88
2019-01-22,40.52,40.83,40.12,40.49,2056886,50.96
2019-01-23,40.48,40.89,40.48,40.87,2771011,51.44
2019-01-24,40.84,41.09,40.46,41.07,2361724,51.69
2019-01-25,40.91,41.21,40.32,40.37,2176083,50.81
2019-01-28,40.36,40.58,40.03,40.37,1924037,50.8
2019-01-29,40.49,40.72,40.26,40.52,1887909,50.99
2019-01-30,40.33,40.96,40.3,40.87,2000761,51.44
2019-01-31,40.53,41.92,40.09,41.74,4228913,52.14
2019-02-01,41.68,41.76,40.94,41.45,2959175,51.78
2019-02-04,41.26,41.64,40.93,41.63,2877341,52
2019-02-05,41.51,41.83,41.29,41.67,2305108,52.05
2019-02-06,41.52,41.75,41.33,41.61,1855645,51.98
2019-02-07,41.68,42.12,41.37,42.11,2019902,52.6
2019-02-08,42.02,42.41,41.92,42.39,2344283,52.95
2019-02-11,42.41,42.54,41.56,42.29,1955647,52.83
2019-02-12,42.33,42.52,42,42.26,2098217,52.79
2019-02-13,42.16,42.3,42.01,42.25,2021496,52.78
2019-02-14,42.32,42.39,41.95,42.03,2475475,52.5
2019-02-15,42.31,42.32,41.96,42.24,3930503,52.77
2019-02-19,42.22,42.38,42.09,42.26,2750090,52.79
2019-02-20,42.28,42.37,41.96,42.26,4393800,52.79
2019-02-21,42.15,42.91,42.01,42.76,2778787,53.41
2019-02-22,42.85,43.4,42.59,43.39,2268618,54.2
2019-02-25,43.41,43.41,42.85,43.09,2119374,53.82
2019-02-26,43.2,43.25,42.89,43.11,2408885,53.85
2019-02-27,42.97,43.2,42.76,43.11,1814157,53.85
2019-02-28,43.13,43.61,42.97,43.55,3905725,54.4
2019-03-01,43.63,43.68,43.05,43.31,2849716,54.1
2019-03-04,43.31,43.5,42.92,43.35,2597240,54.15
2019-03-05,43.3,43.39,43.13,43.23,2243749,54
2019-03-06,43.29,43.42,43.05,43.25,1787713,54.03
2019-03-07,43.4,43.79,43.33,43.45,2264619,54.28
2019-03-08,43.49,43.75,43.28,43.74,2016500,54.64
2019-03-11,43.73,43.99,43.68,43.99,2018225,54.95
2019-03-12,44.03,44.31,43.9,44.29,2379936,55.32
2019-03-13,44.22,44.33,44.13,44.27,1712081,55.3
2019-03-14,44.33,44.42,44.01,44.15,2070813,55.15
2019-03-15,43.99,44.57,43.99,44.45,7813462,55.53
2019-03-18,44.47,44.49,44.06,44.29,2482938,55.32
2019-03-19,44.14,44.21,43.39,43.53,3535196,54.37
2019-03-20,43.67,44.04,43.38,43.71,2677479,54.6
2019-03-21,43.73,44.32,43.49,44.21,2385305,55.22
2019-03-22,44.39,44.77,44.24,44.54,3577004,55.64
2019-03-25,44.65,44.86,44.35,44.69,1955224,55.83
2019-03-26,44.73,45.07,44.61,45.01,1512011,56.23
2019-03-27,45.06,45.06,44.49,44.73,1904713,55.87
2019-03-28,44.77,44.86,43.97,44.2,2462465,55.21
2019-03-29,44.25,44.49,43.94,44.46,2696700,55.54
2019-04-01,44.47,44.51,43.77,44.02,3269592,54.99
2019-04-02,44.09,44.2,43.77,43.95,3424459,54.9
2019-04-03,43.95,44.11,43.5,43.92,2396776,54.86
2019-04-04,43.98,44.11,43.29,43.69,2293022,54.57
2019-04-05,43.74,44.12,43.54,44.12,1877489,55.11
2019-04-08,44.09,44.09,43.49,43.5,2188258,54.34
2019-04-09,43.42,43.76,43.42,43.73,2097583,54.62
2019-04-10,43.97,44.27,43.48,43.54,1821720,54.39
2019-04-11,43.89,44.01,43.46,43.97,3111551,54.93
2019-04-12,43.84,44.05,43.59,44.01,2139343,54.98
2019-04-15,44.11,44.18,43.78,43.93,2042130,54.87
2019-04-16,43.86,44.04,43.15,43.27,2311994,54.05
2019-04-17,43.25,43.55,43.13,43.3,1645411,54.09
2019-04-18,43.38,43.6,43.05,43.08,2349285,53.81
2019-04-22,43.06,43.29,42.87,42.88,4112763,53.56
2019-04-23,42.97,43.4,42.89,43.38,3285930,54.19
2019-04-24,43.37,43.68,43.32,43.55,2220207,54.4
2019-04-25,43.24,44.12,43.15,43.84,2031243,54.76
2019-04-26,44.05,44.46,43.89,43.95,2227407,54.9
2019-04-29,43.86,43.94,43.6,43.73,2283444,54.63
2019-04-30,43.74,44.49,43.62,44.47,2291663,55.55
2019-05-01,44.32,44.44,43.91,44.01,2051471,54.98
2019-05-02,44,44.21,43.64,44,2461338,54.58
2019-05-03,44.05,44.64,43.99,44.55,1631121,55.26
2019-05-06,44.55,44.74,44.32,44.43,1428286,55.11
2019-05-07,44.33,44.57,44.15,44.29,1675940,54.94
2019-05-08,44.19,44.31,43.72,43.75,1712031,54.27
2019-05-09,43.83,44.09,43.59,43.85,2737113,54.4
2019-05-10,43.9,44.85,43.79,44.85,1853589,55.63
2019-05-13,44.77,45.58,44.67,45.51,2334500,56.45
2019-05-14,45.43,45.48,44.95,45.02,1880292,55.85
2019-05-15,45.05,45.29,44.97,45.02,1289485,55.85
2019-05-16,44.95,45.48,44.8,45.32,1769015,56.22
2019-05-17,45.21,45.8,45.2,45.52,2260015,56.46
2019-05-20,45.74,46.02,45.53,45.73,1429356,56.72
2019-05-21,45.77,45.93,45.4,45.43,2290064,56.35
2019-05-22,45.51,45.73,45.38,45.71,1742703,56.7
2019-05-23,45.81,46.24,45.74,46.23,1728137,57.35
2019-05-24,46.27,46.52,46.12,46.14,1514645,57.24
2019-05-28,46.29,46.29,45.24,45.28,2905975,56.17
2019-05-29,45.45,45.5,44.54,44.73,2634546,55.49
2019-05-30,44.74,45.04,44.6,44.94,3359922,55.75
2019-05-31,44.96,45.46,44.78,45.23,5034245,56.11
2019-06-03,45.29,45.98,45.14,45.95,2828802,57
2019-06-04,45.91,45.94,44.64,45.61,3625992,56.58
2019-06-05,45.78,46.99,45.58,46.72,2475185,57.96
2019-06-06,46.81,47.11,46.73,46.93,2417739,58.21
2019-06-07,47.26,47.6,46.59,46.59,2473771,57.79
2019-06-10,46.52,46.56,46.03,46.35,2333806,57.5
2019-06-11,46.29,46.51,45.78,46.09,1558181,57.17
2019-06-12,46.25,46.76,46.14,46.72,1455497,57.95
2019-06-13,46.78,46.93,46.37,46.72,1819314,57.95
2019-06-14,46.84,47.51,46.84,47.36,2370375,58.75
2019-06-17,47.41,47.53,46.87,47.06,2442596,58.37
2019-06-18,47.46,47.46,46.62,46.85,2338190,58.12
2019-06-19,46.66,47.6,46.66,47.47,2307876,58.89
2019-06-20,47.58,47.74,47.1,47.64,2098415,59.1
2019-06-21,47.43,47.74,47.03,47.68,4802814,59.15
2019-06-24,47.73,47.83,47.46,47.58,3085447,59.02
2019-06-25,47.68,47.84,47.42,47.53,2233785,58.96
2019-06-26,47.35,47.48,46.37,46.39,2122148,57.54
2019-06-27,46.53,46.72,46.23,46.36,1842995,57.51
2019-06-28,46.36,46.9,46.34,46.68,3260176,57.91
2019-07-01,46.58,46.69,46,46.48,1931186,57.66
2019-07-02,46.68,47.11,46.64,46.94,2217891,58.23
2019-07-03,47.1,47.73,47.1,47.55,1159394,58.98
2019-07-05,47.18,47.39,46.55,47.34,1465166,58.72
2019-07-08,47.46,47.61,47.18,47.47,1386946,58.88
2019-07-09,47.47,47.54,47.09,47.47,1748139,58.88
2019-07-10,47.57,47.75,47.34,47.5,1463263,58.92
2019-07-11,47.43,47.73,47.11,47.56,1511480,59
2019-07-12,47.53,47.64,46.99,47.22,1552547,58.58
2019-07-15,47.09,47.43,46.89,47.26,1518952,58.62
2019-07-16,47.14,47.34,46.78,47.08,1146929,58.4
2019-07-17,47.25,47.61,47.25,47.3,1479230,58.67
2019-07-18,47.25,47.68,46.93,47.67,1223523,59.13
2019-07-19,47.56,47.7,46.95,46.97,1682027,58.26
2019-07-22,47.07,47.22,46.64,46.99,1468019,58.29
2019-07-23,47.12,47.19,46.69,46.97,2275382,58.27
2019-07-24,47.08,47.2,46.49,46.77,2092084,58.01
2019-07-25,46.64,47.1,46.31,46.72,2035744,57.96
2019-07-26,46.89,47.47,46.83,47.31,2176353,58.69
2019-07-29,47.35,47.76,47.14,47.71,2089850,59.18
2019-07-30,47.67,48,47.01,47.21,2108058,58.56
2019-07-31,47.19,47.51,46.73,46.93,3025726,58.22
2019-08-01,46.92,48.11,46.73,47.87,2214829,58.99
2019-08-02,47.98,48.27,47.55,47.63,1618582,58.7
2019-08-05,47.59,48.08,47.01,47.24,3385908,58.22
2019-08-06,47.2,47.95,46.6,47.8,2245795,58.9
2019-08-07,47.74,48.27,47.14,47.97,2162990,59.11
2019-08-08,47.91,48.85,47.62,48.75,2238325,60.07
2019-08-09,48.85,49.31,48.72,48.95,2148559,60.32
2019-08-12,49.02,49.17,48.49,48.62,1242399,59.92
2019-08-13,48.47,48.95,48.14,48.76,2188798,60.09
2019-08-14,48.97,49.1,48.36,48.5,2375964,59.77
2019-08-15,48.55,49.87,48.43,49.72,2787524,61.27
2019-08-16,49.57,49.88,49.53,49.66,2311591,61.2
2019-08-19,49.63,50.27,49.5,49.96,1679488,61.57
2019-08-20,50.11,50.11,49.56,49.87,1619573,61.46
2019-08-21,49.85,50.39,49.81,50.36,1181383,62.06
2019-08-22,50.19,50.54,49.95,50.43,1180463,62.14
2019-08-23,50.6,50.81,49.77,49.97,1893360,61.58
2019-08-26,50.11,50.69,50.04,50.65,1239586,62.41
2019-08-27,50.83,51.23,50.77,50.77,2202381,62.56
2019-08-28,50.81,51.14,50.55,50.69,2314437,62.47
2019-08-29,50.94,51.17,50.53,51.15,1713346,63.03
2019-08-30,51.3,51.38,50.96,51.16,1504687,63.05
2019-09-03,51.18,52.25,51.13,52.24,2021005,64.38
2019-09-04,52.32,52.48,51.96,52.32,1143876,64.48
2019-09-05,52.04,52.07,51.3,51.45,2112767,63.4
2019-09-06,51.58,51.68,50.8,50.93,2574991,62.76
2019-09-09,50.73,50.86,49.74,49.87,3563216,61.45
2019-09-10,49.87,49.9,48.77,49.49,3366666,60.99
2019-09-11,49.39,49.93,49.13,49.7,2402496,61.25
2019-09-12,50.14,50.43,49.72,50.01,2336635,61.63
2019-09-13,49.72,50.05,49.48,49.72,1460374,61.27
2019-09-16,49.69,50.1,49.54,49.87,1462739,61.46
2019-09-17,49.99,50.8,49.95,50.61,2353748,62.37
2019-09-18,50.94,50.98,50.42,50.82,1415356,62.63
2019-09-19,50.95,51.11,50.69,51,2630171,62.85
2019-09-20,51.12,51.57,50.83,51.21,4144082,63.11
2019-09-23,51.33,51.46,51.1,51.28,1955065,63.19
2019-09-24,51.4,52.61,51.33,52.01,2366436,64.09
2019-09-25,52.15,52.28,51.78,52.2,2300065,64.33
2019-09-26,52.43,53,52.38,52.78,2606691,65.04
2019-09-27,52.84,52.85,51.68,51.94,3131428,64.01
2019-09-30,52.06,52.43,51.75,51.89,2120654,63.95
2019-10-01,51.75,52.13,51.42,52.06,1921184,64.15
2019-10-02,51.98,52.15,51.47,51.59,2192998,63.58
2019-10-03,51.68,51.94,51.52,51.94,2026884,64
2019-10-04,52.07,52.76,51.97,52.68,1415217,64.92
2019-10-07,52.57,52.58,52.15,52.3,1566388,64.45
2019-10-08,52.31,52.46,51.93,52.02,2155514,64.1
2019-10-09,52.13,52.63,52.06,52.42,1599412,64.6
2019-10-10,52.29,52.4,51.78,52.2,1715579,64.33
2019-10-11,52,52.21,51.42,51.84,2141010,63.88
2019-10-14,51.98,52.07,51.33,51.51,1026648,63.48
2019-10-15,51.58,51.79,51.13,51.31,1604267,63.23
2019-10-16,51.22,51.57,50.99,51.56,1403035,63.54
2019-10-17,51.51,51.85,51.43,51.68,1875355,63.68
2019-10-18,51.62,52.03,51.32,51.94,1574247,64.01
2019-10-21,51.86,51.99,51.46,51.89,1207429,63.95
2019-10-22,52.04,52.23,51.68,51.72,2687230,63.73
2019-10-23,51.84,52.17,51.3,51.36,5432312,63.29
2019-10-24,52.18,52.75,51.64,52.3,3107485,64.45
2019-10-25,52.67,52.67,51.35,51.65,2382366,63.65
2019-10-28,51.44,51.69,50.62,50.73,2090895,62.51
2019-10-29,50.71,51.19,50.57,51.11,2046268,62.98
2019-10-30,51.19,51.95,51.16,51.85,2366452,63.9
2019-10-31,51.99,52.3,51.68,52.18,2224228,63.92
2019-11-01,52.25,52.36,51.64,51.71,1707739,63.34
2019-11-04,51.63,51.8,50.12,50.35,2520460,61.67
2019-11-05,49.89,50.22,49.25,49.58,3331744,60.73
2019-11-06,49.73,50.21,49.68,50.09,2071529,61.36
2019-11-07,49.85,49.85,48.51,48.99,2738533,60.01
2019-11-08,48.91,49.33,48.45,48.66,1905005,59.61
2019-11-11,48.64,48.9,48.57,48.64,1171421,59.58
2019-11-12,48.69,48.77,48.44,48.65,1418997,59.59
2019-11-13,48.75,49.53,48.73,49.38,1340684,60.49
2019-11-14,49.52,49.8,49.31,49.6,1714941,60.76
2019-11-15,49.68,49.72,49.43,49.72,1804527,60.9
2019-11-18,49.91,50.37,49.85,49.95,1969107,61.19
2019-11-19,49.8,50.52,49.56,50.16,2272599,61.44
2019-11-20,50.26,50.75,50.09,50.37,2107445,61.7
2019-11-21,50.26,50.68,50.03,50.57,3051896,61.95
2019-11-22,50.66,50.73,49.86,50.42,1921433,61.76
2019-11-25,50.47,50.48,49.71,49.96,2439426,61.2
2019-11-26,50.03,50.38,49.89,50.35,3945678,61.68
2019-11-27,50.35,50.42,50.01,50.22,2184467,61.52
2019-11-29,50.42,50.62,49.99,50.04,930775,61.3
2019-12-02,50.15,50.15,49.66,49.69,1810525,60.87
2019-12-03,49.89,50.07,49.68,49.91,1500185,61.13
2019-12-04,49.77,50.47,49.77,50.38,1405904,61.71
2019-12-05,50.21,50.49,50.08,50.48,970168,61.84
2019-12-06,50.3,50.44,49.96,50.17,1348308,61.46
2019-12-09,50.22,50.38,49.82,50.03,1675201,61.28
2019-12-10,50.13,50.32,49.96,50.16,2062910,61.44
2019-12-11,50.24,50.48,49.86,50.17,1622921,61.45
2019-12-12,50.08,50.17,49.49,49.61,1580688,60.77
2019-12-13,49.55,49.86,49.19,49.79,1761966,60.99
2019-12-16,49.79,50.53,49.79,50.51,2766456,61.87
2019-12-17,50.48,50.91,50.39,50.68,2363206,62.08
2019-12-18,50.76,51.02,50.55,50.89,2376984,62.34
2019-12-19,50.97,51.14,50.84,50.94,2233761,62.4
2019-12-20,51.02,51.79,51,51.51,3585754,63.1
2019-12-23,51.57,51.6,50.66,50.85,1620592,62.29
2019-12-24,50.86,50.88,50.6,50.84,356290,62.28
2019-12-26,51.02,51.02,50.66,50.84,790703,62.28
2019-12-27,50.84,51.06,50.68,51.06,1443277,62.54
2019-12-30,50.93,51.1,50.76,51.1,1013621,62.59
2019-12-31,51.07,51.33,51,51.3,1303526,62.84
2020-01-02,51.32,51.33,50.26,50.38,2635208,61.71
2020-01-03,50.36,51.19,50.34,50.87,2320537,62.31
2020-01-06,51,51.19,50.75,51.1,1700981,62.59
2020-01-07,51.15,51.15,50.69,50.84,2016873,62.27
2020-01-08,50.91,50.93,50.56,50.82,2078901,62.25
2020-01-09,50.71,51.33,50.62,51.21,1308053,62.73
2020-01-10,51.37,51.57,51.23,51.48,2172260,63.06
2020-01-13,51.49,52.19,51.49,51.99,1634076,63.69
2020-01-14,51.98,52.17,51.82,52.16,2194592,63.89
2020-01-15,52.37,52.99,52.35,52.82,1652756,64.7
2020-01-16,53.11,53.48,53.02,53.37,2275401,65.38
2020-01-17,53.51,53.78,53.18,53.6,2857206,65.65
2020-01-21,53.6,54.05,53.5,54.05,2927496,66.21
2020-01-22,54.14,54.51,54.14,54.33,2890133,66.55
2020-01-23,54.35,54.8,54.35,54.79,2153077,67.11
2020-01-24,54.73,55.3,54.64,55.1,1775944,67.49
2020-01-27,55.11,55.48,54.53,54.9,1775256,67.25
2020-01-28,54.93,55.15,54.6,54.75,2020440,67.07
2020-01-29,54.75,55.01,54.31,54.95,1906144,67.31
2020-01-30,55.08,55.58,54.75,55.57,2590225,68.07
2020-01-31,55.66,56.31,55.48,55.93,3309727,68.51
2020-02-03,56.02,56.27,55.84,55.91,2058055,68.48
2020-02-04,55.71,55.89,55,55,2692031,67.37
2020-02-05,54.92,55.55,54.67,55.44,2382171,67.91
2020-02-06,55.54,55.6,55.13,55.29,1840307,67.32
2020-02-07,55.59,55.62,55.1,55.14,1817167,67.14
2020-02-10,55.03,55.59,55.03,55.49,1544437,67.56
2020-02-11,55.56,55.7,55.22,55.33,1314352,67.37
2020-02-12,55.07,55.55,55,55.32,1475727,67.36
2020-02-13,55.41,55.82,55.19,55.78,1736857,67.92
2020-02-14,55.96,56.37,55.85,56.27,1508999,68.51
2020-02-18,56.51,56.77,56.36,56.55,1631041,68.86
2020-02-19,56.46,56.65,56.22,56.24,1744099,68.48
2020-02-20,56.23,56.37,55.87,56.33,1488176,68.59
2020-02-21,56.3,56.81,56.21,56.22,2521839,68.45
2020-02-24,56.31,56.6,55.81,56.05,2350761,68.25
2020-02-25,56.1,56.32,54.88,54.9,2513038,66.84
2020-02-26,55.02,55.59,54.56,54.57,2385449,66.44
2020-02-27,54.39,54.8,51.55,51.59,3692494,62.82
2020-02-28,50.57,50.69,48.56,49.62,6191830,60.42
2020-03-02,49.77,52.69,49.74,52.68,3755713,64.14
2020-03-03,52.77,54,52.32,52.83,4525780,64.32
2020-03-04,53.61,56.44,53.6,56.14,3209074,68.35
2020-03-05,55.41,56.66,54.81,55.63,3263368,67.73
2020-03-06,54.21,55.91,53.67,55.76,3942722,67.89
2020-03-09,52.22,54.77,51.35,53.73,6217598,65.42
2020-03-10,54.09,55.62,51.47,53.8,5399498,65.51
2020-03-11,52.78,53.46,50.9,51.95,4629925,63.25
2020-03-12,48.27,52.05,46.67,48.37,6261946,58.89
2020-03-13,50.37,51.44,47.56,51.24,4611036,62.39
2020-03-16,46.17,51.05,45.75,46.95,4769807,57.16
2020-03-17,47.96,55.68,47.55,53.24,5676833,64.82
2020-03-18,50.44,52.84,44.64,49.8,4373858,60.64
2020-03-19,49.95,49.95,45.81,46.4,3178864,56.49
2020-03-20,45.95,45.95,39.93,40.7,4714102,49.55
2020-03-23,40.45,40.52,37.8,39.84,3729873,48.51
2020-03-24,40.6,42.38,39.6,42.24,3719239,51.43
2020-03-25,41.93,45.34,40.42,43.79,3884588,53.32
2020-03-26,43.52,47.56,43.42,46.77,2851917,56.94
2020-03-27,45.47,49.22,45.1,47.82,3261056,58.23
2020-03-30,48.63,51.13,47.26,50.87,3832372,61.94
2020-03-31,49.77,50.7,47.9,48.25,5823409,58.75
2020-04-01,46.51,47.33,44.32,45.75,2737413,55.71
2020-04-02,45.02,47.36,44.94,46.7,4280536,56.86
2020-04-03,45.15,46.59,44.49,44.8,2739080,54.55
2020-04-06,46.35,49.07,45.73,48.33,2572618,58.85
2020-04-07,49.42,49.47,47.09,47.09,2812707,57.34
2020-04-08,47.52,50.26,47.09,49.8,1886377,60.64
2020-04-09,50.15,52.63,50.03,51.19,2735982,62.33
2020-04-13,50.58,51.25,49.8,50.23,1736843,61.16
2020-04-14,51.26,51.37,50.44,51.14,2238747,62.27
2020-04-15,50.38,51.84,49.66,49.85,2243134,60.7
2020-04-16,50.12,51.12,49.41,50.82,2380771,61.88
2020-04-17,51.68,52.01,50.65,51.88,2097529,63.17
2020-04-20,51.28,51.46,48.48,48.61,2252336,59.19
2020-04-21,47.73,48.54,47.61,47.97,2135315,58.41
2020-04-22,48.72,49.72,48.29,49.27,2459870,59.99
2020-04-23,49.06,49.43,48.03,48.65,2182062,59.24
2020-04-24,48.92,48.92,47.91,48.79,2272569,59.4
2020-04-27,48.61,49.32,47.45,47.64,2576716,58
2020-04-28,48.25,48.95,47.95,48.63,3197432,59.21
2020-04-29,49.42,49.42,46.93,47.03,2906354,57.26
2020-04-30,46.79,47.1,45.97,46.89,2970443,57.09
2020-05-01,46.45,46.47,45.71,45.95,2210447,55.95
2020-05-04,45.77,46.64,45.52,46.6,1870622,56.74
2020-05-05,46.55,47.39,46.41,46.95,1706943,57.16
2020-05-06,46.97,47.21,44.87,44.89,1615570,54.66
2020-05-07,45.43,45.67,44.71,44.79,1775558,54.54
2020-05-08,45.26,45.66,44.81,45.41,1613575,55.29
2020-05-11,45.11,45.75,44.43,45.57,2210060,55.48
2020-05-12,45.52,45.93,45.1,45.62,4411714,55.55
2020-05-13,45.35,45.35,44.53,44.87,3667225,54.63
2020-05-14,44.5,45.06,43.48,44.99,2652932,54.37
2020-05-15,44.81,44.81,43.32,44.42,4986574,53.68
2020-05-18,45.66,46.7,45.52,46.41,1839354,56.09
2020-05-19,46.04,46.59,45.77,45.77,1632810,55.31
2020-05-20,46.02,46.48,45.64,45.88,1519176,55.44
2020-05-21,45.75,46.29,45.26,45.3,1419993,54.74
2020-05-22,45.3,46.04,45.24,46,1676344,55.59
2020-05-26,46.68,47.03,45.88,46.07,1468937,55.68
2020-05-27,46.77,46.78,45.69,46.31,1957327,55.97
2020-05-28,47.12,48.08,46.96,47.94,1635007,57.93
2020-05-29,47.58,48.79,47.48,48.47,3018040,58.58
2020-06-01,48.47,49.24,48.18,48.83,1626070,59.01
2020-06-02,49.17,49.24,48.42,49.23,1831356,59.5
2020-06-03,49.41,50.03,49.24,49.76,1763929,60.14
2020-06-04,49.44,49.68,48.08,48.65,1718723,58.79
2020-06-05,48.91,49.87,48.61,49.19,2159157,59.44
2020-06-08,49.04,50.63,48.51,50.46,1717838,60.98
2020-06-09,50.15,50.17,48.99,49.89,2500113,60.29
2020-06-10,49.81,50.23,49.17,49.57,2388927,59.9
2020-06-11,49.04,49.19,47.6,48.08,2596106,58.11
2020-06-12,48.85,48.92,47.53,48.24,2507633,58.3
2020-06-15,47.45,48.98,46.95,48.38,2391423,58.47
2020-06-16,49.48,49.93,48.71,48.93,2123774,59.13
2020-06-17,49.12,49.47,48.21,48.92,1739841,59.12
2020-06-18,48.59,49.06,48.17,48.85,1557645,59.03
2020-06-19,49.55,49.55,47.94,47.94,5085725,57.93
2020-06-22,47.88,49.13,47.48,48.63,1993477,58.77
2020-06-23,48.98,49.08,47.69,47.84,1653501,57.82
2020-06-24,47.42,47.67,46.72,47.5,2299054,57.4
2020-06-25,47.34,47.34,46.17,46.98,1619644,56.77
2020-06-26,46.93,47.63,46.33,46.77,3124244,56.52
2020-06-29,47.2,47.64,46.68,47.62,1993428,57.55
2020-06-30,47.8,48.61,47.65,48.34,3909564,58.42
2020-07-01,48.33,49.86,48.22,49.62,2192552,59.96
2020-07-02,49.85,50.38,49.76,49.9,1834334,60.3
2020-07-06,50.09,50.69,49.43,49.67,1829329,60.03
2020-07-07,49.18,49.72,48.9,49.23,2312899,59.49
2020-07-08,49.2,49.39,48.71,49.15,2175146,59.4
2020-07-09,48.9,49.1,47.71,48.81,2797964,58.99
2020-07-10,48.86,49.51,48.73,49.21,2139475,59.47
2020-07-13,49.47,49.96,48.94,49.14,1990897,59.38
2020-07-14,49.25,49.95,49.01,49.73,2325402,60.1
2020-07-15,50.06,50.53,49.34,49.43,1847151,59.74
2020-07-16,49.4,50.03,49.26,49.92,1738490,60.33
2020-07-17,50.24,51.25,50.02,51.1,2448359,61.76
2020-07-20,50.91,51.23,50.54,50.81,1169457,61.4
2020-07-21,50.24,51.47,50.24,51.42,2489255,62.14
2020-07-22,51.19,53.27,50.99,53.02,2828053,64.08
2020-07-23,53.12,53.49,52.74,53,1812660,64.05
2020-07-24,53.17,53.57,52.27,52.57,1716297,63.53
2020-07-27,52.45,52.45,51.78,52.12,1288026,62.99
2020-07-28,51.92,52.89,51.87,52.57,1390569,63.53
2020-07-29,52.73,53.02,52.54,52.93,1235101,63.97
2020-07-30,52.46,52.95,52.39,52.9,1012300,63.93
2020-07-31,52.76,53.16,52.3,53.11,1714834,64.18
2020-08-03,53.6,53.6,51.61,52.11,1500192,62.97
2020-08-04,51.97,52.5,51.77,52.21,1903342,63.09
2020-08-05,52.43,52.54,51.54,51.59,1719877,62.35
2020-08-06,51.51,52.02,51.26,51.43,1830007,61.75
2020-08-07,51.19,52.86,51.19,52.37,2226240,62.88
2020-08-10,52.58,52.79,52.11,52.51,1220594,63.04
2020-08-11,52.47,52.54,50.73,50.82,1608767,61.01
2020-08-12,51.03,51.63,50.91,51.14,2220231,61.4
2020-08-13,50.8,51.07,50.38,50.77,1564469,60.96
2020-08-14,50.65,51.05,50.2,50.71,1252330,60.88
2020-08-17,50.76,51.24,50.52,50.81,1951359,61
2020-08-18,50.81,51.12,50.44,50.74,1204633,60.92
2020-08-19,50.9,50.94,50.34,50.54,952594,60.68
2020-08-20,50.36,50.56,49.99,50.28,1275686,60.36
2020-08-21,50.32,50.52,49.87,50.3,2178665,60.39
2020-08-24,50.33,50.68,49.93,50.67,1619840,60.84
2020-08-25,50.81,50.81,50.13,50.15,1183670,60.21
2020-08-26,49.88,49.89,49.09,49.48,1941791,59.4
2020-08-27,49.75,50.05,49.38,49.74,2478759,59.72
2020-08-28,49.85,50.26,49.45,50.02,3373520,60.05
2020-08-31,49.98,50.58,49.98,50.38,3783666,60.49
2020-09-01,50.33,50.38,49.52,50.16,2551422,60.22
2020-09-02,50.23,51.57,49.92,51.44,3319281,61.76
2020-09-03,51.64,52.32,51.08,51.57,2300807,61.91
2020-09-04,51.57,51.97,50.88,51.36,1930738,61.66
2020-09-08,51.33,51.5,50.38,50.39,2789239,60.5
2020-09-09,50.69,52.17,50.59,51.38,2946200,61.69
2020-09-10,51.26,51.52,50.59,50.64,2083260,60.8
2020-09-11,50.79,51.05,50.34,50.73,1590169,60.91
2020-09-14,51.02,51.41,50.72,51.16,1806240,61.42
2020-09-15,51.4,51.82,50.59,50.9,1878685,61.11
2020-09-16,50.97,52.01,50.94,51.59,1855290,61.94
2020-09-17,51.32,51.35,50.69,51.09,2215323,61.34
2020-09-18,50.95,51.18,50.56,50.89,4462078,61.1
2020-09-21,49.87,50.82,49.23,49.97,2388106,59.99
2020-09-22,49.91,50.62,49.88,50.55,2157054,60.69
2020-09-23,50.59,50.82,49.48,49.62,1675813,59.57
2020-09-24,49.61,50.09,48.83,49.63,1855418,59.58
2020-09-25,49.48,51.12,49.33,51.09,1949507,61.34
2020-09-28,51.22,51.84,50.95,51.14,1193074,61.4
2020-09-29,51.33,51.61,50.82,50.9,1136415,61.11
2020-09-30,51.22,51.59,50.93,51.15,1946541,61.41
2020-10-01,51.22,51.6,50.97,51.37,1764955,61.68
2020-10-02,51.07,51.65,50.78,51.36,1561751,61.66
2020-10-05,51.4,51.57,50.67,51.29,1651104,61.58
2020-10-06,51.41,52.8,51.29,52.38,1474766,62.89
2020-10-07,52.52,52.79,52.05,52.48,1255676,63.01
2020-10-08,52.53,53.22,52.32,53.2,1270115,63.87
2020-10-09,52.85,54,52.85,53.59,1426198,64.34
2020-10-12,53.69,54.68,53.48,54.21,1635317,65.08
2020-10-13,53.85,54.06,53.39,53.94,1304935,64.76
2020-10-14,54.04,54.28,53.61,53.96,1026988,64.79
2020-10-15,53.69,54.25,53.43,53.95,1062662,64.77
2020-10-16,53.98,54.59,53.88,54.37,1292552,65.28
2020-10-19,54.46,54.61,53.82,53.93,1349522,64.75
2020-10-20,54.16,54.3,53.56,54.15,1907646,65.01
2020-10-21,54.15,54.85,54.1,54.29,1625021,65.18
2020-10-22,54.45,54.94,54.07,54.76,1844897,65.75
2020-10-23,55.11,55.25,54.57,54.85,1409516,65.85
2020-10-26,54.54,55.18,53.99,55.1,1836814,66.15
2020-10-27,55.26,55.44,54.54,54.71,2574002,65.68
2020-10-28,54,54.75,53.26,53.28,2482078,63.97
2020-10-29,53.39,54.41,52.76,52.89,2082136,63.5
2020-10-30,52.63,53.25,52.16,52.75,2159021,63.33
2020-11-02,53.25,53.67,52.96,53.6,1534691,64.35
2020-11-03,54.02,54.9,53.95,54.39,1449282,65.3
2020-11-04,54.41,55.24,53.63,53.77,1649878,64.56
2020-11-05,54.39,55.31,53.96,54.01,1320296,64.44
2020-11-06,54.1,54.58,53.75,53.8,1224393,64.18
2020-11-09,56.44,56.98,55.25,55.44,1844433,66.14
2020-11-10,55.48,56.67,55.32,56.25,1335178,67.11
2020-11-11,56.5,56.79,55.84,56.17,1301321,67.01
2020-11-12,55.74,55.89,53.96,54.34,2244880,64.83
2020-11-13,54.34,54.68,54.08,54.54,2214972,65.07
2020-11-16,55.2,55.42,54.41,55.37,2486660,66.06
2020-11-17,54.89,55.29,53.49,53.5,2031681,63.83
2020-11-18,53.75,54.27,51.5,51.55,3023006,61.5
2020-11-19,51.59,51.69,50.3,50.78,2575472,60.58
2020-11-20,50.8,51.53,50.55,51.34,3372378,61.25
2020-11-23,51.31,51.55,50.81,51.5,2113649,61.44
2020-11-24,51.73,52.41,51.57,52.23,2605988,62.31
2020-11-25,52.26,52.77,51.61,52.56,2120865,62.7
2020-11-27,52.46,52.53,51.71,51.95,855580,61.98
2020-11-30,51.76,51.95,51.1,51.58,4661815,61.54
2020-12-01,51.77,52.18,51.42,51.56,1883091,61.51
2020-12-02,51.42,51.85,51.07,51.79,1777447,61.79
2020-12-03,51.58,51.72,50.99,51.09,1580189,60.95
2020-12-04,51.06,51.34,50.03,50.1,1266584,59.77
2020-12-07,49.85,50.89,49.76,50.88,2077451,60.7
2020-12-08,50.49,50.87,50.07,50.46,1801322,60.2
2020-12-09,50.46,50.68,49.68,50.12,1389389,59.8
2020-12-10,50.37,50.49,49.68,49.82,1590265,59.44
2020-12-11,49.54,49.87,49.31,49.77,1750869,59.38
2020-12-14,50.29,50.7,49.62,49.64,1584210,59.22
2020-12-15,49.86,50.53,49.67,50.29,2099603,60
2020-12-16,50.64,50.9,49.57,49.66,1668384,59.25
2020-12-17,49.84,50.26,49.73,49.88,1826291,59.51
2020-12-18,49.93,50.19,49.35,49.65,3986209,59.23
2020-12-21,49.19,49.29,48.07,48.62,2431459,58
2020-12-22,48.49,48.72,48.18,48.28,1730846,57.6
2020-12-23,48.48,48.86,48.22,48.29,1271312,57.61
2020-12-24,48.2,48.78,48.16,48.75,897461,58.16
2020-12-28,49.01,49.47,48.88,49.3,1471096,58.82
2020-12-29,49.35,49.93,49.31,49.59,1589150,59.16
2020-12-30,49.47,50.38,49.42,50.22,2745954,59.91
2020-12-31,50.24,51.21,50.01,51.14,2199689,61.01
2021-01-04,50.83,50.96,49.76,49.97,2094786,59.61
2021-01-05,50.05,50.17,48.94,49.08,3188439,58.55
2021-01-06,49.06,50.15,48.88,50.07,2540245,59.73
2021-01-07,50.19,50.28,48.56,48.57,2271147,57.95
2021-01-08,48.52,48.65,47.86,48.35,2765276,57.68
2021-01-11,48.29,48.63,47.76,47.89,1648607,57.13
2021-01-12,47.89,48.2,46.76,47.25,1924233,56.37
2021-01-13,47.3,48.62,47.28,48.42,2098666,57.77
2021-01-14,48.46,48.73,47.57,48.47,2322476,57.82
2021-01-15,48.46,49.34,48.26,49.14,2801883,58.62
2021-01-19,49.47,49.47,48.75,48.83,1899742,58.25
2021-01-20,48.57,49.44,48.42,49.2,2441553,58.7
2021-01-21,48.79,49.04,48.47,48.71,1897196,58.11
2021-01-22,48.59,49.09,48.04,48.96,1999267,58.41
2021-01-25,48.83,50.2,48.63,49.89,1728446,59.52
2021-01-26,49.81,49.81,48.76,49.27,1894752,58.78
2021-01-27,48.79,49.39,47.76,48.03,2958896,57.3
2021-01-28,48.08,48.92,47.64,47.99,4206983,57.25
2021-01-29,47.68,48.21,47.12,47.68,2779099,56.88
2021-02-01,47.87,48.69,47.38,47.93,1726336,57.18
2021-02-02,48.07,48.97,47.64,48.13,1618253,57.42
2021-02-03,47.97,48.33,47.69,47.95,1529507,57.2
2021-02-04,47.41,48.52,47.31,48.03,1781142,56.86
2021-02-05,49.02,49.39,48.25,48.52,2167935,57.45
2021-02-08,48.47,48.69,47.34,47.67,2814663,56.44
2021-02-09,47.8,48.14,46.94,47.79,1818459,56.58
2021-02-10,48.08,48.47,47.7,48.09,1909606,56.93
2021-02-11,48.14,48.41,47.74,47.79,1528245,56.58
2021-02-12,47.54,47.9,47.26,47.62,1664073,56.38
2021-02-16,47.56,47.66,46.78,46.83,2016455,55.45
2021-02-17,47,47.32,46.52,47.16,1850736,55.83
2021-02-18,47.22,48.03,47.22,47.82,1724720,56.62
2021-02-19,47.81,47.88,47.24,47.28,2343548,55.98
2021-02-22,47.11,47.27,45.36,46.27,2474800,54.78
2021-02-23,46.66,47.43,46.38,47.04,2594346,55.69
2021-02-24,46.96,47.07,46.07,46.09,2041191,54.57
2021-02-25,46,46.6,45.94,46.51,2334896,55.06
2021-02-26,46.6,47.4,45.68,45.7,4325022,54.11
2021-03-01,46.1,47.09,46.1,46.3,2208458,54.82
2021-03-02,46.33,46.62,45.78,46.35,1912737,54.88
2021-03-03,46.07,46.28,44.92,45.51,2907527,53.88
2021-03-04,45.65,46.47,45.37,45.53,2285881,53.91
2021-03-05,45.68,47.02,45.66,46.77,2310446,55.37
2021-03-08,46.77,47.75,46.52,47.43,1858078,56.15
2021-03-09,47.33,47.95,47.07,47.75,1968491,56.53
2021-03-10,48.4,48.85,47.97,48.22,3245357,57.09
2021-03-11,47.92,48.63,47.92,47.94,2425348,56.76
2021-03-12,48.35,48.85,48.04,48.6,1574522,57.54
2021-03-15,48.73,49.61,48.68,49.41,2423784,58.5
2021-03-16,49.18,49.8,49.11,49.31,3071309,58.38
2021-03-17,49.44,49.46,48.86,48.88,2163299,57.87
2021-03-18,48.86,49.18,48.38,49.01,2341475,58.03
2021-03-19,49.06,49.86,48.78,49.28,9612137,58.35
2021-03-22,49.22,49.78,48.92,49.41,2714663,58.5
2021-03-23,49.57,51.26,49.34,51.13,3232565,60.53
2021-03-24,50.85,51.66,50.64,51.42,2341100,60.88
2021-03-25,51.7,52.54,51.08,51.61,2499662,61.1
2021-03-26,51.42,51.61,50.84,51.46,1810444,60.93
2021-03-29,51.42,52.52,51,52.3,1235720,61.92
2021-03-30,51.75,52.21,51.11,51.54,1506013,61.02
2021-03-31,51.63,51.83,51.24,51.71,2667090,61.22
2021-04-01,51.62,51.78,51.02,51.54,1447761,61.02
2021-04-05,51.68,52.28,51.61,51.93,1458436,61.48
2021-04-06,51.73,52.14,51.32,52.12,1629592,61.71
2021-04-07,51.63,52.26,51.37,51.64,1784194,61.14
2021-04-08,51.73,51.84,51.08,51.18,2529482,60.6
2021-04-09,51.14,51.55,50.87,51.07,3304873,60.46
2021-04-12,51.51,51.91,51.18,51.32,2910100,60.76
2021-04-13,50.99,52.2,50.8,52.08,2581306,61.66
2021-04-14,51.96,52.56,51.76,52.52,2300244,62.18
2021-04-15,52.57,53.56,52.56,53.55,2465356,63.4
2021-04-16,53.71,54.15,53.42,54.12,2553720,64.08
2021-04-19,54.18,54.18,54.16,54.16,295082,64.12
2021-04-20,54.31,55.57,54.09,55.13,1994751,65.27
2021-04-21,55.39,55.53,54.66,54.67,1663859,64.73
2021-04-22,54.54,54.88,54.25,54.49,1336895,64.51
2021-04-23,54.53,54.69,54.08,54.17,1599086,64.13
2021-04-26,54.32,54.32,53.75,54.01,1667136,63.95
2021-04-27,53.94,54.01,53.44,53.48,1590538,63.32
2021-04-28,53.65,53.8,53.11,53.25,2156948,63.05
2021-04-29,53.09,54.07,52.95,54.01,1984075,63.95
2021-04-30,54.12,54.44,53.43,54.39,2741669,64.39
2021-05-03,54.65,55.42,54.5,54.93,1837051,65.03
2021-05-04,55.01,55.13,54.31,55.07,3409640,65.2
2021-05-05,55.08,55.1,53.86,54.23,1901086,64.2
2021-05-06,54.48,54.83,54.11,54.79,2263877,64.43
2021-05-07,54.66,55.21,54.39,54.42,1920535,63.99
2021-05-10,54.6,55.49,54.6,55.2,2682640,64.91
2021-05-11,55.33,55.62,53.57,54.03,2249276,63.53
2021-05-12,54.08,54.23,53.08,53.12,2007775,62.46
2021-05-13,53.12,54.42,53.04,54.03,1810944,63.53
2021-05-14,54.23,54.7,53.98,54,1532177,63.5
2021-05-17,54.13,54.49,53.52,53.56,2310856,62.98
2021-05-18,53.36,54.03,53.36,53.83,2651304,63.3
2021-05-19,53.83,53.95,53.35,53.76,2599766,63.22
2021-05-20,53.83,54.67,53.83,54.2,2831545,63.74
2021-05-21,54.31,54.7,54.12,54.55,2788414,64.15
2021-05-24,54.79,54.91,54.19,54.23,2697334,63.77
2021-05-25,54.12,54.17,53.46,53.79,3591044,63.25
2021-05-26,53.73,53.91,52.49,53.53,1844794,62.95
2021-05-27,53.57,53.66,52.97,52.98,4897206,62.3
2021-05-28,53.31,53.52,53.08,53.35,2711556,62.74
2021-06-01,53.56,53.61,52.85,52.99,2388954,62.31
2021-06-02,53.01,53.61,52.57,53.08,5764268,62.42
2021-06-03,52.61,53.56,52.52,53.29,3721803,62.67
2021-06-04,53.55,53.58,53.14,53.25,2302997,62.62
2021-06-07,53.27,53.51,53.23,53.4,1968785,62.8
2021-06-08,52.98,53.16,50.47,51.3,19144423,60.33
2021-06-09,51.14,51.63,50.94,50.96,8080259,59.93
2021-06-10,50.9,51.45,50.83,51.23,5168173,60.24
2021-06-11,51.22,51.64,50.96,51.59,4944325,60.67
2021-06-14,51.45,51.75,51.09,51.28,2010064,60.3
2021-06-15,51.26,51.62,51.16,51.45,4184186,60.5
2021-06-16,51.65,51.69,50.56,50.74,2605790,59.67
2021-06-17,50.72,50.98,50.36,50.61,2226395,59.51
2021-06-18,50.23,50.29,49.25,49.43,4318603,58.12
2021-06-21,49.62,49.91,49.29,49.77,2994576,58.53
2021-06-22,49.88,50.07,49.74,49.84,2858463,58.61
2021-06-23,49.94,50.21,49.35,49.78,4484036,58.54
2021-06-24,49.85,50.68,49.66,50.26,4686452,59.1
2021-06-25,50.16,51.19,50.09,51.13,4325234,60.13
2021-06-28,51.18,51.5,50.87,51.03,3799286,60.01
2021-06-29,50.88,51.1,49.92,50.05,3419195,58.85
2021-06-30,50.05,50.48,49.94,50.24,2829036,59.08
2021-07-01,50.34,51.29,50.1,51.08,4041424,60.07
2021-07-02,51.16,51.16,50.73,50.95,2294773,59.91
2021-07-06,50.9,50.98,49.86,50.86,3954276,59.81
2021-07-07,50.95,51.3,50.56,51.15,3002655,60.15
2021-07-08,50.96,51.32,50.78,51.25,2986159,60.27
2021-07-09,51.47,51.63,50.96,51.29,2407472,60.31
2021-07-12,51,51.39,50.83,51.33,2757305,60.36
2021-07-13,51.25,51.49,50.76,51.02,1833502,60
2021-07-14,51.14,51.64,50.89,51.43,2827283,60.48
2021-07-15,51.38,52.37,51.38,52.31,3162377,61.51
2021-07-16,52.46,53.03,52.24,52.73,2871569,62.01
2021-07-19,52.38,53.06,51.47,52.26,4190688,61.45
2021-07-20,52.58,53.28,52.43,52.67,3320024,61.94
2021-07-21,52.73,52.92,51.9,51.91,1658296,61.04
2021-07-22,51.77,52.29,51.61,52.07,1805774,61.23
2021-07-23,52.15,52.81,52.13,52.79,1981806,62.08
2021-07-26,52.55,52.86,52.21,52.71,2119525,61.98
2021-07-27,52.75,53.91,52.38,53.76,2141566,63.22
2021-07-28,53.75,53.81,52.49,52.95,2175759,62.26
2021-07-29,53.16,53.42,52.67,53.02,1414502,62.35
2021-07-30,52.89,53.49,52.47,52.55,1939680,61.79
2021-08-02,52.74,53.42,52.57,53.29,1497967,62.66
2021-08-03,53.38,54.18,53.05,53.78,1779548,63.24
2021-08-04,53.57,53.82,53.05,53.8,1929000,63.26
2021-08-05,53.94,54.18,53.57,54.13,1587941,63.21
2021-08-06,54.19,54.56,53.78,54.18,1621515,63.27
2021-08-09,54.3,54.43,53.85,54.17,1082382,63.26
2021-08-10,54.13,54.15,53.73,53.89,907952,62.94
2021-08-11,54.08,54.37,53.89,54.11,1666692,63.19
2021-08-12,54.09,54.35,53.89,53.95,855964,63
2021-08-13,54.04,54.49,53.92,54.34,916277,63.46
2021-08-16,54.5,55.14,54.37,54.69,1338566,63.87
2021-08-17,54.69,55.09,54.48,55.03,1655411,64.27
2021-08-18,55.02,55.14,54.29,54.65,2215085,63.82
2021-08-19,54.66,55.2,54.49,54.81,2401719,64.01
2021-08-20,54.86,55.51,54.43,55.5,2681788,64.81
2021-08-23,55.39,55.39,54.79,54.86,3056032,64.07
2021-08-24,54.85,54.93,54.18,54.41,2651691,63.54
2021-08-25,54.36,54.64,54.07,54.49,1539374,63.64
2021-08-26,54.44,54.75,54.17,54.67,1211540,63.84
2021-08-27,54.78,55.34,54.7,54.94,1485813,64.16
2021-08-30,55.04,55.38,54.9,55.21,1118557,64.48
2021-08-31,55.13,55.44,54.61,54.91,2509207,64.13
2021-09-01,54.96,55.74,54.96,55.7,1404974,65.05
2021-09-02,55.79,56.18,55.75,56.18,1517166,65.61
2021-09-03,56.07,56.11,55.62,55.62,1378567,64.96
2021-09-07,55.47,55.5,54.32,54.39,1539555,63.52
2021-09-08,54.38,55.68,54.28,55.42,1548123,64.72
2021-09-09,55.39,55.51,55.08,55.18,926478,64.44
2021-09-10,55.1,55.22,54.45,54.47,1658909,63.61
2021-09-13,54.88,54.94,53.83,53.95,1419722,63
2021-09-14,54.19,54.39,53.95,54.1,2443520,63.18
2021-09-15,53.83,54.37,53.53,53.77,3568833,62.8
2021-09-16,53.77,54.1,53.42,53.5,1492168,62.48
2021-09-17,53.37,53.62,52.67,52.8,3856587,61.66
2021-09-20,52.76,53.3,52.34,52.94,2020714,61.83
2021-09-21,53.18,53.33,52.68,52.8,1547422,61.66
2021-09-22,52.93,52.98,52.33,52.65,1194691,61.49
2021-09-23,52.67,52.98,51.88,51.94,1634165,60.66
2021-09-24,52.01,52.44,51.93,52.03,1147200,60.76
2021-09-27,52.1,52.52,50.84,50.91,2123346,59.46
2021-09-28,50.88,51.04,50.1,50.4,1660056,58.86
2021-09-29,50.42,51.62,50.33,51.25,1295421,59.85
2021-09-30,51.32,51.56,50.95,51.15,2568330,59.73
2021-10-01,51.59,51.71,51.11,51.15,1802774,59.73
2021-10-04,51.05,52.4,51.03,52.12,1906757,60.87
2021-10-05,52.23,52.27,51.52,51.69,2704239,60.37
2021-10-06,51.57,52.46,51.35,52.42,1093972,61.22
2021-10-07,52.44,52.83,51.72,51.87,1281563,60.57
2021-10-08,51.75,51.81,51.38,51.51,957423,60.15
2021-10-11,51.47,51.69,50.7,50.82,1180517,59.35
2021-10-12,50.77,51.28,50.68,51.15,2035054,59.74
2021-10-13,51.06,52,50.97,51.92,1591316,60.63
2021-10-14,52.07,52.6,51.92,52.18,1534649,60.94
2021-10-15,52.39,52.43,51.45,51.63,1850907,60.3
2021-10-18,51.08,51.09,50.6,50.99,2801916,59.55
2021-10-19,51.37,51.63,51.05,51.58,983162,60.24
2021-10-20,51.82,52.36,51.64,52.05,1053855,60.79
2021-10-21,52.22,52.28,51.89,52.06,1125837,60.8
2021-10-22,52.22,52.42,52.08,52.28,807458,61.06
2021-10-25,52.28,52.28,51.59,51.59,157882,60.25
2021-10-26,51.6,52.11,51.49,51.89,1037445,60.6
2021-10-27,52.1,52.13,51.09,51.68,1532369,60.35
2021-10-28,51.6,52.23,51.29,51.99,1529031,60.72
2021-10-29,51.86,52.3,51.48,51.68,1434699,60.35
2021-11-01,51.68,51.93,51.36,51.63,1275101,60.29
2021-11-02,51.83,51.92,51.28,51.75,1176977,60.44
2021-11-03,51.71,52.14,51.08,51.51,1685016,60.15
2021-11-04,51.55,51.87,51.07,51.77,1824318,60.02
2021-11-05,51.91,52.61,51.78,52.2,1413010,60.52
2021-11-08,52.19,52.26,51.25,51.38,1641023,59.57
2021-11-09,51.52,52.02,51.45,51.81,1061843,60.07
2021-11-10,51.97,52.57,51.89,52.52,1273081,60.89
2021-11-11,52.36,52.5,51.73,51.82,1209588,60.08
2021-11-12,51.89,52.05,51.71,51.75,1562373,60
2021-11-15,52.05,52.77,51.82,52.76,1289887,61.17
2021-11-16,52.79,52.87,52.18,52.21,1377596,60.53
2021-11-17,52.1,52.66,51.79,52.56,1197348,60.94
2021-11-18,52.56,52.58,52,52.14,966561,60.45
2021-11-19,52.35,52.6,52.12,52.53,1501357,60.9
2021-11-22,52.46,53.17,52.12,53.17,1287519,61.64
2021-11-23,53.28,53.34,52.7,52.88,921865,61.31
2021-11-24,52.86,52.92,52.53,52.65,794491,61.04
2021-11-26,52.35,52.66,51.8,51.86,928542,60.13
2021-11-29,52.04,52.83,51.66,52.73,1346412,61.13
2021-11-30,52.36,52.49,50.72,50.76,4717318,58.85
2021-12-01,51.04,51.94,50.87,50.89,1980772,59
2021-12-02,51.08,51.85,51.08,51.37,1670340,59.56
2021-12-03,51.69,52.48,51.2,52.41,1468743,60.76
2021-12-06,52.87,53.75,52.65,53.11,1694975,61.57
2021-12-07,52.92,53.55,52.7,53.5,1727686,62.03
2021-12-08,53.55,53.95,53.15,53.37,848597,61.88
2021-12-09,53.52,53.92,53.05,53.61,990099,62.15
2021-12-10,53.75,54.19,53.47,53.93,1413054,62.53
2021-12-13,54.09,55.32,54.06,54.98,1899968,63.74
2021-12-14,55.06,55.19,54.65,54.74,1684225,63.47
2021-12-15,54.93,56.05,54.93,55.96,1746343,64.88
2021-12-16,55.88,56.62,55.85,56.42,1533477,65.41
2021-12-17,55.62,56.42,55.28,55.36,4144623,64.18
2021-12-20,54.96,55.8,54.56,55.65,1535959,64.52
2021-12-21,55.93,56.17,54.74,54.97,1453664,63.73
2021-12-22,54.74,55.33,54.7,54.95,1161788,63.71
2021-12-23,55.05,55.2,54.72,54.79,1050556,63.52
2021-12-27,54.77,55.17,54.55,55.12,754325,63.91
2021-12-28,55.36,55.67,55.09,55.67,725206,64.54
2021-12-29,55.77,56.31,55.63,56.23,1145190,65.19
2021-12-30,56.4,56.43,55.75,56.15,757974,65.1
2021-12-31,56.17,56.35,55.75,56.11,982922,65.05
2022-01-03,56.05,56.2,55.2,55.81,1409217,64.71
2022-01-04,55.65,56.59,55.65,55.72,1493058,64.6
2022-01-05,55.66,56.74,55.66,56.41,1962850,65.4
2022-01-06,56.36,56.61,55.54,55.77,1888564,64.66
2022-01-07,55.53,56.37,55.18,56.13,1553192,65.08
2022-01-10,56.11,56.41,55.7,55.87,1373001,64.78
2022-01-11,55.93,56,54.74,55.09,1694128,63.87
2022-01-12,54.76,55.35,54.6,55.3,1799714,64.12
2022-01-13,55.29,55.95,55.18,55.52,2377019,64.37
2022-01-14,55.47,55.56,54.73,54.99,2646147,63.75
2022-01-18,54.74,54.86,53.65,54.49,2098803,63.18
2022-01-19,54.56,55.24,54.28,54.72,1276823,63.44
2022-01-20,54.85,55.36,54.57,54.8,1378244,63.53
2022-01-21,55.27,55.74,54.86,54.98,1882020,63.74
2022-01-24,54.96,55.29,53.99,53.99,735118,62.6
2022-01-25,53.47,54.43,53.3,53.97,2399541,62.57
2022-01-26,54.05,54.55,53.41,53.78,1856819,62.35
2022-01-27,54.22,54.93,53.95,54.5,2071782,63.19
2022-01-28,54.23,55.13,53.99,55.06,2430939,63.84
2022-01-31,54.68,55.57,54.47,55.53,2083946,64.38
2022-02-01,55.35,55.71,54.2,54.62,1802101,63.33
2022-02-02,54.58,55.32,54.3,55.18,2494640,63.97
2022-02-03,55.65,56.28,55.16,55.76,3432683,64.65
2022-02-04,55.4,56.4,55.18,55.79,2113819,64.68
2022-02-07,55.83,56.17,55.36,55.99,2266681,64.92
2022-02-08,56.33,56.45,55.77,56.01,2250663,64.94
2022-02-09,56.35,56.38,55.61,55.91,2316828,64.82
2022-02-10,55.6,55.61,54.1,54.28,1785607,62.48
2022-02-11,54.4,55.13,54.23,54.81,2524372,63.1
2022-02-14,54.99,55.15,53.71,54.2,1495478,62.39
2022-02-15,54.32,54.62,53.59,53.73,1809232,61.85
2022-02-16,53.87,54.13,53.38,53.79,1875248,61.92
2022-02-17,53.81,54.45,53.29,54.21,1326231,62.4
2022-02-18,54.03,54.69,53.77,54.3,1817117,62.51
2022-02-22,54.71,54.85,54,54.46,2712685,62.69
2022-02-23,54.58,54.65,53.81,53.87,2186184,62.01
2022-02-24,53.62,53.99,53.13,53.83,2888550,61.97
2022-02-25,54.42,55.97,54.2,55.72,2940055,64.14
2022-02-28,55.21,55.8,54.98,55.6,3321938,64.01
2022-03-01,55.8,56.26,54.85,55.27,2088031,63.63
2022-03-02,55.41,56.18,55.07,56.01,2113281,64.48
2022-03-03,56.07,57.08,56.07,56.71,2164275,65.28
2022-03-04,56.59,58.2,56.43,58.2,1883325,67
2022-03-07,58.22,58.58,57.74,58.18,2550455,66.98
2022-03-08,58.43,58.43,57.26,57.26,276300,65.92
2022-03-09,57.62,57.79,56.57,56.66,2615452,65.22
2022-03-10,56.53,57.51,56.3,57.38,2952139,66.05
2022-03-11,57.2,57.97,57.08,57.3,1751899,65.96
2022-03-14,57.59,57.99,57.01,57.48,2387232,66.17
2022-03-15,58.05,58.7,57.57,58.42,2900410,67.25
2022-03-16,58.27,58.47,56.78,57.74,2745151,66.47
2022-03-17,57.79,58.4,57.51,58.05,2801339,66.82
2022-03-18,58.05,58.2,57.32,57.51,7686956,66.2
2022-03-21,57.65,58.62,57.55,58.19,2033848,66.99
2022-03-22,58.37,58.57,58.02,58.21,2560118,67.01
2022-03-23,58.25,59.17,57.9,58.76,2355630,67.64
2022-03-24,58.76,59.6,58.74,59.11,2352614,68.05
2022-03-25,59.24,59.98,59.17,59.87,1890732,68.92
2022-03-28,59.94,60.04,59.18,60.04,1775302,69.12
2022-03-29,60.06,60.31,59.57,60.3,1929706,69.41
2022-03-30,60.44,60.8,60.1,60.8,2401005,69.99
2022-03-31,60.81,61.35,60.51,60.76,2728124,69.94
2022-04-01,60.56,61.86,60.39,61.76,2056125,71.1
2022-04-04,61.37,61.52,60.51,61.32,1885893,70.59
2022-04-05,61.47,62.45,61.23,61.77,2156635,71.11
2022-04-06,62.09,63.97,61.82,63.9,4296495,73.56
2022-04-07,63.38,63.54,62.37,62.86,3440985,72.36
2022-04-08,63.16,63.39,62.64,62.99,2064576,72.51
2022-04-11,63.13,63.57,62.57,62.75,1916350,72.24
2022-04-12,62.55,63.45,62.24,63.27,1623112,72.83
2022-04-13,63.22,63.47,62.41,62.46,2002373,71.9
2022-04-14,62.61,62.87,62.15,62.15,2809233,71.55
2022-04-18,62.37,62.7,61.84,62.06,1183117,71.44
2022-04-19,62.16,63.02,62.15,62.81,1915264,72.31
2022-04-20,63.37,63.63,62.93,63.45,1647652,73.04
2022-04-21,63.33,64.07,63.04,63.28,1495496,72.84
2022-04-22,63.21,63.23,62.22,62.34,1590681,71.76
2022-04-25,62.57,62.71,60.73,61.32,3210278,70.59
2022-04-26,61.01,62.08,61.01,61.14,1817539,70.38
2022-04-27,61.16,61.86,60.71,60.99,1596989,70.21
2022-04-28,61.13,61.75,60.6,61.56,2290558,70.87
2022-04-29,61.26,61.33,59.55,59.67,2546011,68.69
2022-05-02,60.08,60.43,58.39,58.9,2304720,67.8
2022-05-03,59.05,60.09,58.54,58.63,2343528,67.49
2022-05-04,58.66,59.94,58.62,59.8,2536561,68.84
2022-05-05,59.65,59.92,58.58,59.01,1573148,67.48
2022-05-06,58.77,59.48,58.52,59.25,2259099,67.75
2022-05-09,58.99,60.95,58.76,60.5,2369799,69.18
2022-05-10,60.47,61.39,59.17,59.71,2101148,68.28
2022-05-11,59.65,60.97,59.6,59.98,1565753,68.58
2022-05-12,59.99,60.39,59.21,59.98,3089987,68.58
2022-05-13,60.43,60.93,59.85,60.74,2677778,69.45
2022-05-16,60.97,61.01,60.19,60.41,2200941,69.08
2022-05-17,60.59,60.78,59.69,60.61,1549120,69.31
2022-05-18,60.82,60.93,60.12,60.26,1786879,68.9
2022-05-19,60.09,60.71,59.6,60.53,1872398,69.21
2022-05-20,60.64,60.68,59.64,60.19,2657459,68.83
2022-05-23,61.01,61.15,60.11,60.89,1755067,69.63
2022-05-24,61.11,62.8,60.86,62.71,1882005,71.71
2022-05-25,62.76,62.78,61.44,61.69,2363436,70.54
2022-05-26,62.09,62.36,61.71,61.93,1849518,70.81
2022-05-27,61.75,62.61,61.62,62.5,1849574,71.47
2022-05-31,61.8,62.4,61.33,62.13,3755264,71.04
2022-06-01,62.39,62.49,61.6,61.94,2205068,70.83
2022-06-02,62.3,62.4,60.97,62.34,1841026,71.28
2022-06-03,62.16,62.5,62.03,62.21,2304449,71.14
2022-06-06,62.44,62.63,62.14,62.27,2090659,71.2
2022-06-07,62.07,62.94,61.85,62.81,1711826,71.82
2022-06-08,62.55,62.55,61.37,61.44,1994767,70.26
2022-06-09,61.5,61.65,59.32,59.35,2297399,67.87
2022-06-10,58.87,59.75,58.58,59.21,2491060,67.71
2022-06-13,58.72,58.95,56.34,56.58,1991156,64.7
2022-06-14,56.77,57.02,54.08,54.68,2384538,62.52
2022-06-15,54.95,55.5,54.02,54.8,2771804,62.66
2022-06-16,54.12,54.12,53.08,53.78,1932317,61.5
2022-06-17,53.9,54.13,52.8,53.49,3812432,61.16
2022-06-21,53.55,54.4,53.51,54.16,2614007,61.93
2022-06-22,53.93,55.26,53.93,54.86,2258494,62.73
2022-06-23,55.15,56.14,55.07,56.07,1905516,64.12
2022-06-24,56.33,57.27,56.11,57.01,2888958,65.19
2022-06-27,56.73,57.91,56.62,57.89,1221636,66.19
2022-06-28,58.05,58.71,57.89,58.21,1760735,66.56
2022-06-29,58.26,58.45,57.96,58.16,1901552,66.5
2022-06-30,57.91,59.49,57.78,59.03,3072495,67.5
2022-07-01,59.35,60.53,58.92,60.37,2755354,69.03
2022-07-05,60.1,60.38,57,57.82,1964164,66.11
2022-07-06,58.08,59.39,57.89,58.92,2105312,67.37
2022-07-07,58.99,59.26,58.02,58.05,3233927,66.38
2022-07-08,58.04,58.18,57.61,57.74,2582345,66.02
2022-07-11,57.54,58.48,57.37,57.95,1291087,66.26
2022-07-12,57.61,58.51,57.41,57.64,2261973,65.91
2022-07-13,57.16,58.04,57.16,57.67,1638713,65.94
2022-07-14,56.77,57.68,56.65,57.54,2521618,65.79
2022-07-15,58.08,58.08,57.06,57.89,1458899,66.2
2022-07-18,57.69,57.84,56.63,56.68,1740283,64.81
2022-07-19,57.01,57.28,56.75,56.81,1782954,64.96
2022-07-20,57,57.05,55.84,55.86,1810086,63.88
2022-07-21,55.81,56.05,55.66,55.9,2257216,63.92
2022-07-22,56.25,57.01,56.03,57,1915422,65.18
2022-07-25,56.79,57.62,56.69,57.61,1082927,65.87
2022-07-26,57.7,58.36,57.54,58.31,1200701,66.68
2022-07-27,58.05,58.44,57.75,58.34,1449352,66.71
2022-07-28,58.46,60.17,58.46,59.93,1978895,68.53
2022-07-29,59.86,60.48,59.7,60.11,1823716,68.73
2022-08-01,59.93,60.42,59.65,60.37,2476612,69.03
2022-08-02,60.81,61.23,60.2,60.26,2522572,68.9
2022-08-03,60.05,60.74,58.98,60.64,1499179,69.34
2022-08-04,60.61,61.16,60.36,60.4,1209771,68.61
2022-08-05,60.31,60.44,59.16,59.52,2344656,67.61
2022-08-08,59.72,60.41,59.72,60.05,2249458,68.21
2022-08-09,60.31,60.72,60.16,60.47,1917970,68.69
2022-08-10,60.73,60.8,59.99,60.53,2377502,68.76
2022-08-11,60.46,60.96,59.96,60.46,2246774,68.68
2022-08-12,60.9,61.34,60.8,61.34,1947947,69.67
2022-08-15,61.37,61.77,61.04,61.72,1133444,70.11
2022-08-16,61.64,62.28,61.62,61.85,1886929,70.26
2022-08-17,61.78,62.48,61.75,62,2228964,70.42
2022-08-18,62.01,62.21,61.82,62.08,2048058,70.52
2022-08-19,62.01,62.67,61.99,62.45,2030573,70.94
2022-08-22,62.23,62.44,61.56,61.7,1754161,70.08
2022-08-23,61.59,61.59,60.62,61.05,2246105,69.35
2022-08-24,61.17,61.21,60.5,61.04,1876406,69.34
2022-08-25,61.11,61.33,60.68,61.31,1954574,69.64
2022-08-26,61.49,61.53,60.36,60.53,1723149,68.76
2022-08-29,60.31,61.47,59.78,61.13,2530323,69.44
2022-08-30,60.98,61.19,59.72,59.96,1446773,68.11
2022-08-31,60.01,60.24,59.41,59.46,1882253,67.54
2022-09-01,59.46,60.24,59.18,59.95,2710460,68.1
2022-09-02,59.87,60.53,58.87,59.11,2922897,67.14
2022-09-06,59.22,60.29,59.22,59.31,2295560,67.37
2022-09-07,59.73,61.5,59.72,61.38,1961869,69.72
2022-09-08,61.22,61.67,60.84,61.19,1414637,69.51
2022-09-09,61.33,61.71,60.86,61.49,1393133,69.85
2022-09-12,61.63,62.03,61.32,61.83,1921262,70.23
2022-09-13,61.37,61.5,59.67,59.9,1507907,68.04
2022-09-14,59.75,60.67,59.75,60.47,1691847,68.69
2022-09-15,60.18,60.18,58.65,58.67,2115170,66.64
2022-09-16,58.61,59.15,58.52,58.84,4072209,66.84
2022-09-19,58.67,59.21,58.4,59.16,1133021,67.2
2022-09-20,58.79,58.98,58.01,58.76,2101750,66.75
2022-09-21,59.1,59.68,58.02,58.02,1574611,65.9
2022-09-22,57.7,58.28,57.36,57.91,1683005,65.78
2022-09-23,57.51,57.73,56.7,57.45,1372058,65.26
2022-09-26,57.29,57.38,55.55,55.92,2016114,63.52
2022-09-27,56.34,56.34,54.18,54.36,2699629,61.75
2022-09-28,55.08,55.27,54.05,54.94,3052693,62.41
2022-09-29,54.67,54.82,52.48,52.58,1970259,59.73
2022-09-30,52.97,53.12,51.1,51.27,4495104,58.24
2022-10-03,52.27,53.23,51.53,52.69,2279367,59.85
2022-10-04,52.8,53.61,52.48,53.33,1927039,60.58
2022-10-05,52.73,52.73,51.33,51.53,2370960,58.53
2022-10-06,51.65,51.65,49.75,49.82,3459653,56.59
2022-10-07,49.83,49.89,48.45,48.68,2933214,55.29
2022-10-10,48.75,49.55,48.71,48.81,2409266,55.44
2022-10-11,48.54,49.27,48.32,48.79,2224413,55.42
2022-10-12,48.76,48.76,46.93,46.98,2199619,53.36
2022-10-13,46.43,48.35,46.14,48,2386605,54.52
2022-10-14,48.48,48.75,47.41,47.6,2457769,54.07
2022-10-17,48.3,49.28,48.3,48.74,2171919,55.36
2022-10-18,49.47,49.98,49.31,49.79,1900214,56.56
2022-10-19,49.16,49.5,48.49,48.98,1741071,55.63
2022-10-20,48.91,48.91,47.31,47.51,2880819,53.97
2022-10-21,47.67,48.36,47.07,47.92,2766474,54.43
2022-10-24,48.29,48.8,47.53,48.09,6904967,54.62
2022-10-25,48.24,49.22,48.2,49.08,2774453,55.75
2022-10-26,49.37,49.67,49,49.21,3922193,55.9
2022-10-27,49.45,50.68,49.32,49.83,3699508,56.6
2022-10-28,49.87,51.13,49.61,50.99,2644285,57.92
2022-10-31,50.98,50.98,50.06,50.23,4098487,57.05
2022-11-01,50.41,50.68,49.85,50.45,2523491,57.31
2022-11-02,50.38,51.54,50.22,50.22,3405043,57.04
2022-11-03,49.77,50.88,49.2,50.5,2311221,56.9
2022-11-04,50.66,51.23,49.99,50.62,2951458,57.03
2022-11-07,50.61,50.76,49.3,50.25,1979785,56.62
2022-11-08,50.59,50.94,50.22,50.52,2132543,56.92
2022-11-09,50.41,50.52,49.83,49.9,1712052,56.22
2022-11-10,51.25,52.69,50.46,52.54,2276227,59.2
2022-11-11,52.35,52.53,51.25,51.85,1441985,58.42
2022-11-14,51.99,52.05,51.32,51.33,1438512,57.83
2022-11-15,51.78,52.22,51.16,51.87,1397709,58.44
2022-11-16,52.04,53.04,52,52.75,2178102,59.43
2022-11-17,52.22,52.4,51.49,51.96,3541319,58.55
2022-11-18,52.52,53.66,52.29,53.25,3608109,60
2022-11-21,53.47,53.81,52.66,53.35,3246863,60.11
2022-11-22,53.51,53.84,52.99,53.45,2038957,60.22
2022-11-23,53.42,54.04,53.36,53.99,1443345,60.83
2022-11-25,54.24,54.52,54.17,54.37,658943,61.26
2022-11-28,54.02,54.38,53.52,53.96,1788916,60.8
2022-11-29,53.7,53.71,52.93,53.43,1623403,60.2
2022-11-30,53.25,54.33,52.99,54.2,3204482,61.07
2022-12-01,54.66,55.45,54.41,54.5,2090834,61.41
2022-12-02,54,54.43,53.43,53.71,1757069,60.52
2022-12-05,53.28,53.52,53,53.19,1427566,59.93
2022-12-06,53.2,54.21,53.1,54.17,1898835,61.04
2022-12-07,54.14,54.71,53.86,54.25,2501914,61.13
2022-12-08,54.15,55.32,53.85,55.03,2217098,62
2022-12-09,54.76,55.53,54.72,55.22,2243303,62.22
2022-12-12,56,56.74,55.32,56.71,2248719,63.9
2022-12-13,57.43,58.03,56.29,56.94,2482303,64.16
2022-12-14,57.1,57.66,56.19,56.59,1998593,63.76
2022-12-15,56.35,56.45,55.61,56.06,3223866,63.16
2022-12-16,55.45,55.75,54.34,54.95,2894585,61.91
2022-12-19,54.93,55.54,54.36,54.65,1561989,61.58
2022-12-20,54.59,55.1,54.22,54.83,1260626,61.78
2022-12-21,54.96,55.62,54.92,55.61,1131218,62.66
2022-12-22,55.4,55.68,54.41,55.53,1288682,62.57
2022-12-23,55.32,56.47,55.32,56.46,1269223,63.62
2022-12-27,56.55,57.2,56.44,57.08,1240675,64.31
2022-12-28,57.19,57.37,56.36,56.47,938424,63.63
2022-12-29,56.56,57.31,56.43,56.96,796888,64.18
2022-12-30,56.89,57.01,55.76,56.21,913594,63.33
2023-01-03,56.36,56.71,55.42,56.56,1574425,63.73
2023-01-04,56.89,57.82,56.86,57.36,1679410,64.63
2023-01-05,56.91,57.17,55.99,56.16,1624391,63.28
2023-01-06,56.74,57.46,56.59,57.19,1483473,64.44
2023-01-09,57.09,58.33,57,57.68,1903254,64.99
2023-01-10,57.57,57.94,57.13,57.59,1133564,64.89
2023-01-11,57.65,58.11,57.54,58.04,1498849,65.39
2023-01-12,58.19,58.19,57.07,57.1,1459770,64.34
2023-01-13,56.77,57.07,56.34,56.73,1248545,63.92
2023-01-17,56.57,56.9,55.94,56.34,2027831,63.48
2023-01-18,56.47,56.51,54.28,54.41,1941361,61.31
2023-01-19,54.32,54.42,53.64,54.23,2186625,61.1
2023-01-20,54.25,55.07,53.56,55.04,1600005,62.01
2023-01-23,54.85,55.46,54.57,54.77,1374414,61.71
2023-01-24,55.01,55.4,54.09,54.84,1103268,61.79
2023-01-25,54.47,55.31,54.19,55.16,2186238,62.15
2023-01-26,54.96,55.43,54.84,55.42,1358994,62.44
2023-01-27,55.4,55.97,55.1,55.46,1517388,62.49
2023-01-30,55.28,56.09,55.25,55.62,2407015,62.67
2023-01-31,55.85,56.1,55.05,56.08,2400947,63.19
2023-02-01,55.68,56.74,55.66,56.55,2488565,63.72
2023-02-02,56.3,57.4,55.34,56.55,4634043,63.72
2023-02-03,56.3,56.38,54.6,55.69,2215497,62.75
2023-02-06,55.55,56.33,55.34,56.31,3976571,63.45
2023-02-07,55.94,55.94,54.77,55.44,2478335,62.46
2023-02-08,55.04,55.04,53.78,54.04,2152679,60.89
2023-02-09,54,54.57,53.6,53.7,2256574,60.5
2023-02-10,53.96,55.03,53.68,54.95,1484389,61.41
2023-02-13,54.97,55.38,54.87,55.13,1170892,61.62
2023-02-14,54.96,55.18,54.47,54.72,1795671,61.16
2023-02-15,54.32,54.8,53.93,54.74,1547225,61.18
2023-02-16,54.1,54.86,53.64,54.55,943416,60.97
2023-02-17,54.7,55.74,54.34,55.45,1699467,61.97
2023-02-21,54.99,55.28,54.63,54.72,1243190,61.16
2023-02-22,54.93,55.14,54.3,54.41,1292366,60.81
2023-02-23,54.65,54.7,53.86,53.9,1946580,60.24
2023-02-24,53.5,54.3,53.2,54.06,1319174,60.42
2023-02-27,54.27,54.78,53.35,53.42,1357177,59.7
2023-02-28,53.22,53.82,52.57,52.76,2734038,58.97
2023-03-01,52.4,52.4,51,51.7,2680283,57.78
2023-03-02,51.72,52.8,51.61,52.69,1666914,58.89
2023-03-03,52.91,53.57,52.25,53.54,1542857,59.84
2023-03-06,53.58,54.03,53.31,53.58,1304859,59.88
2023-03-07,53.35,53.92,52.45,52.73,1206044,58.93
2023-03-08,52.98,53.57,52.79,53.47,1437350,59.76
2023-03-09,53.67,54.12,52.75,52.91,2091829,59.13
2023-03-10,53.06,53.12,51.54,51.97,1796903,58.08
2023-03-13,52.04,54.71,51.93,53.27,2540390,59.54
2023-03-14,53.6,54.27,53.3,53.79,1921580,60.12
2023-03-15,53.77,55.45,53.42,55.17,2280991,61.66
2023-03-16,55.05,56.28,54.93,55.4,2416413,61.92
2023-03-17,55.24,55.46,54.53,54.88,3536522,61.34
2023-03-20,54.99,55.62,54.87,55.38,1616335,61.89
2023-03-21,55.25,55.38,52.77,53.64,2262096,59.95
2023-03-22,53.38,53.63,52.52,52.53,1787356,58.71
2023-03-23,52.39,52.93,51.76,51.86,1583026,57.96
2023-03-24,52.06,54.1,51.98,54.07,1566945,60.43
2023-03-27,54.25,54.73,53.52,53.72,1384713,60.04
2023-03-28,53.53,54.61,53.53,54.07,886921,60.43
2023-03-29,54.4,54.74,54.24,54.73,1583637,61.17
2023-03-30,54.87,55.08,54.25,54.75,2259415,61.19
2023-03-31,54.91,55.07,54.45,54.92,1500580,61.38
2023-04-03,54.54,55.23,54.18,54.61,2823935,61.04
2023-04-04,54.7,54.93,54.31,54.43,2234722,60.83
2023-04-05,54.7,55.93,54.25,55.58,4029161,62.12
2023-04-06,55.89,56.3,55.19,55.75,1855847,62.31
2023-04-10,55.46,55.46,54.65,55.43,1452065,61.95
2023-04-11,55.45,55.63,55.16,55.23,2224153,61.73
2023-04-12,55.26,55.51,54.89,54.97,1725665,61.44
2023-04-13,54.63,55.34,53.88,55.23,2098826,61.73
2023-04-14,54.69,55.03,54.16,54.39,1488006,60.79
2023-04-17,54.67,54.94,54.2,54.88,2525952,61.34
2023-04-18,54.81,54.9,54.01,54.15,2657706,60.52
2023-04-19,54.35,55.28,54.35,55.12,1640226,61.61
2023-04-20,55.32,55.34,54.63,54.9,1330061,61.36
2023-04-21,55.34,55.48,54.69,55.14,1210943,61.63
2023-04-24,55.2,55.8,54.92,55.71,1282420,62.26
2023-04-25,55.77,56.4,55.72,56.04,1939938,62.63
2023-04-26,55.51,55.99,54.98,55.22,2257815,61.72
2023-04-27,55.59,56.38,55.28,55.92,2904338,62.5
2023-04-28,56.04,56.26,55.37,55.71,2377863,62.26
2023-05-01,55.5,56.23,55.01,55.15,5846867,61.64
2023-05-02,55.16,55.21,54.38,55.02,6304377,61.49
2023-05-03,55.28,55.75,54.62,54.75,3791699,61.19
2023-05-04,54.91,55.47,54.39,55.28,2003864,61.29
2023-05-05,55.17,55.95,54.69,55.9,1611538,61.98
2023-05-08,55.6,55.87,55.04,55.19,2092083,61.19
2023-05-09,55.01,55.31,54.78,55.19,2509947,61.19
2023-05-10,55.55,56.02,55.1,55.79,1629036,61.86
2023-05-11,55.87,56.05,55.06,55.51,2419246,61.55
2023-05-12,55.94,56.26,55.27,55.67,1323792,61.72
2023-05-15,55.91,55.94,54.56,54.78,2109815,60.74
2023-05-16,54.91,54.99,53.5,53.54,1981559,59.36
2023-05-17,53.44,53.58,52.69,53.06,2742045,58.83
2023-05-18,52.73,53.15,52.54,52.98,1720407,58.74
2023-05-19,53.34,53.49,52.83,52.88,1901282,58.63
2023-05-22,53.02,53.52,52.86,53.12,1836884,58.9
2023-05-23,53.01,53.68,52.79,52.88,1630649,58.63
2023-05-24,52.74,53.03,52.32,52.37,2121573,58.06
2023-05-25,52.32,52.36,51.48,51.55,2637096,57.16
2023-05-26,51.4,51.51,50.7,51.5,1771942,57.1
2023-05-30,51.55,51.97,51.26,51.32,1705906,56.9
2023-05-31,51.48,52.49,51.44,52.29,5660239,57.98
2023-06-01,52.37,52.46,51.39,51.81,2891004,57.44
2023-06-02,51.32,52.98,51.26,52.64,2806787,58.36
2023-06-05,52.67,53.47,52.62,53.2,2261917,58.99
2023-06-06,54.13,54.27,53.26,53.48,3210805,59.29
2023-06-07,53.5,54.66,53.2,54.49,2005771,60.41
2023-06-08,54.05,55.2,54.05,55,2655030,60.98
2023-06-09,55.1,55.15,54.51,54.74,1538054,60.69
2023-06-12,54.94,55,54.1,54.2,2401057,60.09
2023-06-13,53.73,54.18,53.61,54.09,1881402,59.97
2023-06-14,54.22,55.1,54.21,54.49,1980313,60.42
2023-06-15,54.79,55.22,54.56,55.04,1835523,61.02
2023-06-16,55.22,55.55,54.68,54.78,2646062,60.74
2023-06-20,54.63,54.95,54.17,54.23,1736847,60.13
2023-06-21,53.94,54.57,53.36,54.43,1641889,60.35
2023-06-22,54.67,54.8,53.61,53.76,1303625,59.61
2023-06-23,54.01,54.12,52.75,52.84,2412765,58.59
2023-06-26,53.11,53.82,52.78,53.75,1397778,59.59
2023-06-27,53.81,54.24,53.7,53.79,1487240,59.64
2023-06-28,53.79,53.83,52.6,52.73,1243851,58.46
2023-06-29,52.19,53.05,52.05,52.68,1500113,58.41
2023-06-30,52.79,53.26,52.64,52.99,2827143,58.75
2023-07-03,52.69,53.97,52.69,53.94,1109948,59.8
2023-07-05,53.78,54.82,53.53,54.31,2319927,60.22
2023-07-06,53.96,54.3,53.39,54.14,2004337,60.03
2023-07-07,53.71,54.02,53.43,53.48,1493487,59.3
2023-07-10,53.27,53.45,52.41,53.08,1798444,58.85
2023-07-11,53.18,53.85,52.88,53.85,1423387,59.71
2023-07-12,54.08,55.01,53.96,54.85,1679326,60.82
2023-07-13,54.69,54.9,54.51,54.86,1455684,60.83
2023-07-14,54.65,55.07,54.38,54.97,1508721,60.95
2023-07-17,54.83,54.97,54.09,54.12,1299086,60
2023-07-18,54.12,54.54,53.1,53.53,2083942,59.35
2023-07-19,53.74,54.76,53.7,54.58,1758063,60.51
2023-07-20,54.75,55.74,54.31,55.67,1385724,61.72
2023-07-21,55.81,56.84,55.74,56.72,1660070,62.89
2023-07-24,56.87,57.19,56.5,56.52,1584725,62.67
2023-07-25,56.5,57.05,56.38,56.88,1464184,63.06
2023-07-26,56.75,57.51,56.75,57.2,2134369,63.42
2023-07-27,57.07,57.17,55.48,55.56,3441812,61.6
2023-07-28,56.13,56.13,54.74,55.04,2344223,61.02
2023-07-31,55.39,55.59,54.78,55.08,1603708,61.07
2023-08-01,55.08,55.31,54.42,54.5,1933180,60.43
2023-08-02,54.4,54.71,54.17,54.37,1950734,60.28
2023-08-03,54.23,54.34,52.84,53.06,1810394,58.35
2023-08-04,53.37,53.78,52.25,52.49,1317674,57.73
2023-08-07,52.68,52.87,52.3,52.32,1496404,57.54
2023-08-08,52.48,52.73,51.95,52.64,1346278,57.89
2023-08-09,52.43,53.02,52.2,52.37,1405351,57.6
2023-08-10,52.47,52.93,51.97,52.2,1101614,57.41
2023-08-11,52.36,52.61,52.05,52.52,1127810,57.76
2023-08-14,52.5,52.5,51.55,51.82,1227091,56.99
2023-08-15,51.4,51.57,50.82,50.84,1595349,55.91
2023-08-16,51.02,51.61,50.92,51.45,1870840,56.58
2023-08-17,51.38,51.98,51.29,51.29,1337620,56.41
2023-08-18,51.24,51.92,51.24,51.77,1296256,56.93
2023-08-21,51.57,51.76,50.89,51.25,893288,56.36
2023-08-22,51.19,51.67,51.01,51.5,1235927,56.64
2023-08-23,51.83,51.83,51.28,51.72,1345397,56.88
2023-08-24,51.6,52.48,51.48,51.59,1023612,56.74
2023-08-25,51.86,52.41,51.61,51.93,1462533,57.11
2023-08-28,51.99,52.35,51.48,51.66,1345921,56.81
2023-08-29,51.73,52.05,51.47,51.75,1514733,56.91
2023-08-30,51.67,51.97,51.27,51.58,1074281,56.73
2023-08-31,51.77,51.93,50.92,51.09,1988621,56.19
2023-09-01,51.42,51.42,49.86,50.36,2417768,55.39
2023-09-05,50.17,50.45,49.38,49.86,2474117,54.84
2023-09-06,49.91,50.08,49.56,49.95,1869822,54.93
2023-09-07,50.39,51.06,50.3,50.68,2344373,55.74
2023-09-08,50.83,51.17,50.55,50.89,1950240,55.97
2023-09-11,50.67,51.33,50.63,51.05,1570512,56.14
2023-09-12,51.1,51.17,50.76,50.95,1520026,56.03
2023-09-13,50.87,51.85,50.87,51.63,1352890,56.78
2023-09-14,52,52.22,51.77,52.06,2014398,57.25
2023-09-15,52,52.38,51.75,52.02,3474154,57.21
2023-09-18,52.04,52.23,51.65,51.84,2551085,57.01
2023-09-19,51.83,52.1,51.59,51.66,3248564,56.81
2023-09-20,51.89,52.4,51.4,51.68,4067960,56.84
2023-09-21,51.66,51.85,51.07,51.38,2670040,56.51
2023-09-22,51.14,51.51,50.95,51.26,2580841,56.37
2023-09-25,50.95,51.06,50.3,50.86,1695111,55.94
2023-09-26,50.45,50.84,49.01,49.1,2182801,54
2023-09-27,48.99,49.36,48.41,48.51,2240533,53.35
2023-09-28,48.79,48.83,47.81,47.92,2471811,52.7
2023-09-29,48.39,48.79,48.02,48.29,2813906,53.11
2023-10-02,48.06,48.06,45.58,45.98,4085734,50.57
2023-10-03,45.58,47.33,45.35,47.16,4346801,51.87
2023-10-04,47.36,47.66,46.49,47.54,2805395,52.28
2023-10-05,47.86,48.06,47,47.11,4882686,51.81
2023-10-06,46.44,48.32,46.1,48.23,4374820,53.04
2023-10-09,48.21,48.6,47.8,48.51,2430438,53.35
2023-10-10,48.6,48.97,48.34,48.68,3019907,53.54
2023-10-11,48.89,49.36,48.39,49.26,2110181,54.18
2023-10-12,49.12,49.46,48.41,48.61,2619748,53.46
2023-10-13,48.88,49.16,48.56,49.12,1916827,54.02
2023-10-16,49.14,49.63,48.71,49.36,2377931,54.29
2023-10-17,49.12,49.58,49.02,49.36,1536771,54.29
2023-10-18,49.36,49.41,48.65,49.06,2747976,53.95
2023-10-19,48.94,49.32,48.63,48.66,1800637,53.51
2023-10-20,48.77,48.93,47.99,48.11,4017469,52.91
2023-10-23,47.6,48.5,47.39,47.84,2796003,52.61
2023-10-24,48.32,48.88,48.18,48.77,3971937,53.64
2023-10-25,48.58,49.56,48.54,49.51,4649449,54.45
2023-10-26,49.52,50.67,49.14,50.17,5237073,55.18
2023-10-27,50.05,50.28,49.29,49.35,3007185,54.27
2023-10-30,49.36,49.87,48.67,49.18,2833690,54.09
2023-10-31,49.41,49.56,48.77,49.41,2582297,54.34
2023-11-01,49.52,50.07,48.91,49.76,2481187,54.73
2023-11-02,49.69,51.28,49.66,50.93,2053602,55.51
2023-11-03,51.73,51.78,51.11,51.14,2426906,55.74
2023-11-06,51.1,51.36,50.5,50.52,2378295,55.07
2023-11-07,50.51,50.72,50.02,50.7,3038586,55.26
2023-11-08,50.51,50.89,49.79,50.83,4098115,55.4
2023-11-09,50.84,51.18,50.18,50.22,2691145,54.74
2023-11-10,50.56,51.29,50.43,51.01,2755622,55.6
2023-11-13,50.96,51.07,50.45,50.74,3264982,55.31
2023-11-14,51.91,52.55,51.73,52.52,2470340,57.25
2023-11-15,52.39,53.22,52.18,52.37,2037984,57.08
2023-11-16,52.89,53.12,52.4,52.75,3112638,57.5
2023-11-17,53.09,53.09,52.42,52.66,2110659,57.4
2023-11-20,52.49,52.52,51.7,52.42,1958318,57.14
2023-11-21,52.53,52.58,51.8,52.14,2274151,56.83
2023-11-22,52.31,52.5,51.95,52.36,2233639,57.07
2023-11-24,52.56,52.84,52.26,52.84,858234,57.59
2023-11-27,52.82,52.82,52.31,52.6,2950264,57.33
2023-11-28,52.57,53.32,52.46,52.7,2457972,57.44
2023-11-29,52.78,53.07,51.99,52.07,2296949,56.75
2023-11-30,52.18,52.29,51.58,52.07,3234670,56.76
2023-12-01,52.03,53.6,51.95,53.58,3880113,58.4
2023-12-04,53.23,53.89,53.07,53.51,1843689,58.33
2023-12-05,53.61,53.61,52.5,52.6,2511472,57.33
2023-12-06,52.74,53.19,52.61,53.06,2280914,57.83
2023-12-07,53.07,53.37,52.63,53.16,2082376,57.94
2023-12-08,53.09,53.46,52.67,53.35,2281686,58.15
2023-12-11,53.17,53.58,52.9,53.29,2559107,58.08
2023-12-12,53.4,53.4,52.76,53.18,2640640,57.97
2023-12-13,53.25,54.96,52.75,54.96,2646313,59.91
2023-12-14,55.32,55.38,53.89,54.09,3043747,58.96
2023-12-15,53.46,53.73,52.75,53.19,4149255,57.98
2023-12-18,53.52,53.64,53.09,53.3,3406652,58.1
2023-12-19,53.44,53.52,52.98,53.25,2055557,58.04
2023-12-20,53.1,53.23,52.35,52.39,2005224,57.1
2023-12-21,52.35,52.77,51.87,52.21,2022631,56.91
2023-12-22,52.51,53.07,52.37,52.51,1602203,57.23
2023-12-26,52.48,52.92,52.37,52.75,1067194,57.5
2023-12-27,52.55,52.82,52.32,52.72,1847922,57.46
2023-12-28,52.48,53.23,52.48,53.21,2828526,58
2023-12-29,53.15,53.47,52.98,53.28,1538869,58.07
2024-01-02,53.07,54.4,53.01,54.32,2188051,59.21
2024-01-03,54.41,54.57,54.03,54.4,1908004,59.29
2024-01-04,54.45,54.96,54.16,54.48,1829593,59.38
2024-01-05,54.38,54.86,54.14,54.44,1675097,59.34
2024-01-08,54.2,54.68,54.05,54.65,1934830,59.57
2024-01-09,54.41,54.61,54.08,54.47,1213319,59.37
2024-01-10,54.33,54.89,54.31,54.59,1412915,59.5
2024-01-11,54.36,54.4,52.66,52.92,2718373,57.68
2024-01-12,53.33,53.56,53.1,53.3,2787424,58.1
2024-01-16,53.42,53.79,53.04,53.28,2759450,58.07
2024-01-17,53,53.67,52.16,52.46,2353064,57.18
2024-01-18,52.14,52.15,51.51,51.69,3001087,56.34
2024-01-19,51.87,51.91,51.34,51.78,1950853,56.44
2024-01-22,51.8,52.31,51.6,51.92,3195929,56.59
2024-01-23,51.91,52.24,51.72,52.12,2350873,56.81
2024-01-24,52.5,52.52,50.94,51.02,2136141,55.61
2024-01-25,51.56,51.85,51.11,51.8,2436201,56.46
2024-01-26,51.98,52.09,51.58,51.73,1865832,56.39
2024-01-29,51.71,52.51,51.4,52.41,1546644,57.13
2024-01-30,52.33,52.85,51.92,52.55,1916124,57.28
2024-01-31,53.11,53.29,52.25,52.44,2891901,57.16
2024-02-01,52.52,54.08,52.04,53.98,4020942,58.84
2024-02-02,53.87,53.94,52.6,53,3221124,57.77
2024-02-05,52.33,52.43,51.82,51.91,2323043,56.58
2024-02-06,51.69,52.09,51.62,51.81,2505597,56.47
2024-02-07,52.07,52.08,51.59,51.75,1907703,56.41
2024-02-08,51.52,51.69,51.11,51.62,2128060,56.27
2024-02-09,51.6,51.95,51.48,51.93,1604884,56.08
2024-02-12,52.01,52.75,51.86,52.73,1706315,56.95
2024-02-13,52.56,52.7,51.02,51.98,2487267,56.14
2024-02-14,51.97,52.38,51.69,52.24,1833923,56.42
2024-02-15,52.49,53.26,52.49,52.98,1900399,57.22
2024-02-16,52.78,53.24,52.53,53.03,2081473,57.27
2024-02-20,53.11,53.71,52.7,52.81,3457470,57.03
2024-02-21,53.06,53.54,52.72,53.45,2883923,57.73
2024-02-22,52.9,53.09,52.49,52.91,1762437,57.14
2024-02-23,53.06,53.67,52.86,53.43,2084759,57.7
2024-02-26,53.19,53.19,52.14,52.41,2207254,56.6
2024-02-27,52.69,53.13,52.35,53.08,1815768,57.33
2024-02-28,53.05,53.44,52.74,52.8,2614232,57.02
2024-02-29,53.06,53.51,52.86,53.12,3940644,57.37
2024-03-01,53.12,53.89,52.55,53.83,4294064,58.14
2024-03-04,53.42,54.64,53.42,54.6,2857829,58.97
2024-03-05,54.88,55.78,54.64,54.91,3849025,59.3
2024-03-06,55.32,56.06,55.1,55.83,2809834,60.3
2024-03-07,56.25,56.36,55.44,55.63,2298063,60.08
2024-03-08,55.86,56.01,55.31,55.8,1959683,60.26
2024-03-11,55.84,56.29,55.38,55.99,1596097,60.47
2024-03-12,55.61,55.87,54.8,55.02,2015462,59.42
2024-03-13,55.26,55.54,54.35,54.44,3042771,58.8
2024-03-14,54.09,54.39,53.47,53.97,3025457,58.29
2024-03-15,53.63,54.26,53.5,53.54,4804003,57.82
2024-03-18,53.52,54.17,53.47,53.98,3269101,58.3
2024-03-19,54.16,54.56,53.78,54.08,2297576,58.41
2024-03-20,53.98,54.61,53.8,54.19,2252370,58.53
2024-03-21,54.21,54.87,54.07,54.53,3123129,58.89
2024-03-22,54.94,54.95,54.47,54.6,2726724,58.97
2024-03-25,54.7,54.87,54.03,54.27,1845947,58.61
2024-03-26,54.29,54.48,53.8,53.94,2277477,58.25
2024-03-27,54.29,55.52,54.27,55.48,3561399,59.92
2024-03-28,55.51,55.92,55.31,55.87,2363553,60.34
2024-04-01,55.92,55.94,55.3,55.54,1619118,59.98
2024-04-02,55.53,56.26,55.44,55.73,2343173,60.19
2024-04-03,55.71,55.81,54.91,54.93,2166831,59.32
2024-04-04,54.86,55.12,54.06,54.88,4842961,59.27
2024-04-05,54.42,54.66,54.03,54.31,2713179,58.65
2024-04-08,54.39,55,54.27,54.71,2154710,59.09
2024-04-09,54.96,55.1,54.49,54.85,1927018,59.24
2024-04-10,53.89,54.24,53.45,53.83,2466241,58.14
2024-04-11,54.11,54.15,53.37,53.59,1425115,57.88
2024-04-12,53.6,53.94,53.15,53.39,1361135,57.66
2024-04-15,53.67,53.81,52.93,53.34,2248717,57.61
2024-04-16,53.17,53.35,52.42,52.68,2046158,56.89
2024-04-17,53.08,54.01,52.94,53.94,2023328,58.25
2024-04-18,54.06,54.26,53.53,54.15,2283152,58.48
2024-04-19,54.33,55.26,54.33,55.14,1743911,59.55
2024-04-22,54.9,55.87,54.71,55.56,3424840,60
2024-04-23,55.37,55.97,55.32,55.51,3175361,59.95
2024-04-24,55.07,55.94,54.85,55.81,5468397,60.28
2024-04-25,56.41,56.41,54.66,56,5007155,60.48
2024-04-26,56.16,56.16,54.92,54.94,2386366,59.34
2024-04-29,55.26,55.75,55.06,55.74,4512875,60.2
2024-04-30,55.38,56.45,55.08,56.12,3496697,60.61
2024-05-01,56,56.66,55.7,56.33,3489792,60.84
2024-05-02,56.61,56.89,56.3,56.73,1539643,61.27
2024-05-03,57.09,57.32,56.32,57,1543322,61.56
2024-05-06,57.17,57.17,56.61,57.05,1910227,61.61
2024-05-07,57.43,57.68,57.05,57.61,2509517,62.22
2024-05-08,57.61,58.19,57.26,58.09,2227555,62.74
2024-05-09,58.09,58.69,57.87,58.55,1788848,63.23
2024-05-10,58.76,58.98,58.17,58.27,2002070,62.93
2024-05-13,58.39,58.84,58.19,58.25,1898718,62.91
2024-05-14,58.58,58.69,57.82,58.25,1362907,62.39
2024-05-15,58.8,59.23,58.6,58.81,1746580,62.99
2024-05-16,58.81,59.15,58.69,58.95,1369557,63.15
2024-05-17,59.05,59.08,58.59,59.04,1639925,63.24
2024-05-20,59.2,59.28,58.39,58.58,1539625,62.75
2024-05-21,58.53,59.03,58.34,58.45,1804636,62.61
2024-05-22,58.13,58.53,57.62,57.73,1967082,61.84
2024-05-23,57.4,57.62,56.71,56.83,2479524,60.87
2024-05-24,56.88,57.37,56.67,57.35,2134398,61.43
2024-05-28,57.29,57.85,57.04,57.17,2028312,61.24
2024-05-29,56.86,56.86,56.4,56.44,2743524,60.46
2024-05-30,56.75,57.32,56.64,57.26,1890388,61.33
2024-05-31,57.51,58.83,57.42,58.75,3483571,62.93
2024-06-03,58.75,59.23,58.39,58.48,2244437,62.64
2024-06-04,58.36,58.9,58.11,58.7,1264118,62.88
2024-06-05,58.48,58.51,57.72,57.86,1247741,61.98
2024-06-06,57.65,58.03,57.14,57.28,1335505,61.36
2024-06-07,56.73,56.98,56.55,56.6,1383412,60.63
2024-06-10,56.53,56.85,56.25,56.48,2299291,60.5
2024-06-11,56.1,56.55,55.82,56.38,2412256,60.39
2024-06-12,56.99,57.02,55.51,55.84,2958737,59.81
2024-06-13,55.75,56.37,55.44,55.78,5760824,59.75
2024-06-14,55.49,56.1,55.18,55.69,3655873,59.65
2024-06-17,55.22,55.72,54.96,55.34,1912318,59.28
2024-06-18,55.18,55.62,54.77,55.02,3496874,58.94
2024-06-20,55,55.59,54.65,55.53,2893351,59.48
2024-06-21,55.64,56.14,55.51,55.59,4705568,59.55
2024-06-24,55.58,56.91,55.58,56.73,1802363,60.77
2024-06-25,56.66,56.78,55.19,55.22,1950374,59.15
2024-06-26,54.91,55.73,54.72,55.65,1535108,59.61
2024-06-27,55.72,56.06,55.41,55.98,1513484,59.96
2024-06-28,56.14,56.14,55.2,55.58,3118896,59.53
2024-07-01,55.85,56.06,54.77,54.89,2324062,58.8
2024-07-02,54.93,55.27,54.68,55.05,1766156,58.97
2024-07-03,54.98,55.55,54.87,54.96,898215,58.87
2024-07-05,55.1,55.39,54.82,55.02,1561093,58.93
2024-07-08,55.02,55.29,54.61,54.8,1980935,58.7
2024-07-09,54.73,55.28,54.61,54.95,1730581,58.86
2024-07-10,55.23,55.3,54.73,55.26,1920815,59.19
2024-07-11,55.6,56.77,55.5,56.63,1740763,60.66
2024-07-12,56.84,57.62,56.57,57.12,1878128,61.19
2024-07-15,56.69,56.87,56.04,56.3,1757989,60.31
2024-07-16,56.63,57.21,56.28,57.21,1897503,61.28
2024-07-17,57.38,58.71,57.24,58,1864077,62.13
2024-07-18,57.66,58.55,57.47,57.51,1579102,61.6
2024-07-19,57.87,57.87,56.8,57.26,1817629,61.34
2024-07-22,57.44,57.55,57.18,57.36,2040276,61.44
2024-07-23,57.46,57.67,57.19,57.32,1488901,61.4
2024-07-24,57.82,58.41,57.34,58.32,2311179,62.47
2024-07-25,59.27,60.01,58.19,59.01,2846663,63.21
2024-07-26,59.24,59.4,58.6,58.78,1609165,62.96
2024-07-29,58.84,59.66,58.56,59.43,3074299,63.66
2024-07-30,59.37,60.81,59.22,60.78,2399103,65.11
2024-07-31,60.81,60.84,60.29,60.5,1569976,64.8
2024-08-01,60.78,62.05,60.19,61.96,3400472,66.37
2024-08-02,62.35,63.76,61.61,62.21,5154181,66.12
2024-08-05,62.33,62.81,60.61,60.69,2244279,64.5
2024-08-06,60.76,61.72,60.48,61.06,1788659,64.9
2024-08-07,61.18,62,60.84,61.68,1984542,65.56
2024-08-08,61.13,61.83,61.05,61.35,1410848,65.21
2024-08-09,61.42,61.62,60.41,61.53,1343871,65.4
2024-08-12,61.47,61.99,61.38,61.89,1902777,65.78
2024-08-13,62.06,62.28,61.7,62.14,1689436,66.05
2024-08-14,61.98,62.62,61.81,62.4,1410194,66.32
2024-08-15,61.96,62.44,61.69,62.06,1925579,65.96
2024-08-16,62.19,62.94,62.02,62.52,2009840,66.45
2024-08-19,62.47,62.78,62.47,62.6,1354325,66.53
2024-08-20,62.76,63.13,62.54,62.78,1310807,66.73
2024-08-21,62.78,63.24,62.67,63.04,1035510,67
2024-08-22,62.97,63.35,62.92,63.28,1003870,67.26
2024-08-23,63.43,63.47,63.04,63.15,2165966,67.12
2024-08-26,63.4,63.95,63.34,63.71,1249061,67.71
2024-08-27,63.56,63.67,63.3,63.46,1915849,67.45
2024-08-28,63.74,64.05,63.37,63.42,1675900,67.41
2024-08-29,63.43,63.69,62.91,63.67,1624962,67.67
2024-08-30,63.77,64.04,63.42,63.85,1826692,67.86
2024-09-03,63.92,65.01,63.76,64.62,2004607,68.68
2024-09-04,64.89,65.46,64.65,65.07,1603299,69.16
2024-09-05,65.52,65.54,63.63,64.27,4366482,68.31
2024-09-06,64.44,64.71,63.94,63.99,1748115,68.01
2024-09-09,63.98,65.15,63.84,65.03,2466333,69.12
2024-09-10,65.09,65.57,65,65.4,2632410,69.51
2024-09-11,65.22,65.28,64.54,65.14,2272757,69.23
2024-09-12,65.14,65.47,64.86,65.21,1714019,69.31
2024-09-13,65.31,65.97,65.22,65.95,1304671,70.09
2024-09-16,66.31,66.46,65.95,66.31,4142242,70.48
2024-09-17,66.11,66.56,66.05,66.11,2166480,70.26
2024-09-18,66.06,66.36,65.25,65.86,1506225,70
2024-09-19,65.43,65.56,64.76,65.14,2268857,69.23
2024-09-20,65.26,65.82,65.06,65.71,4018857,69.84
2024-09-23,66.11,66.35,65.61,66.13,2406525,70.29
2024-09-24,65.58,66.75,65.58,65.94,2502996,70.08
2024-09-25,66.24,66.31,65.26,65.7,1828952,69.83
2024-09-26,65.5,66.23,65.42,65.81,1467060,69.95
2024-09-27,65.91,66.82,65.91,66.27,1508730,70.43
2024-09-30,66.62,66.62,65.95,66.45,2546630,70.63
2024-10-01,66.42,67.25,66.14,66.85,1993340,71.05
2024-10-02,66.28,67.09,66.15,67.04,3910937,71.25
2024-10-03,67.01,67.34,66.69,66.93,1284152,71.14
2024-10-04,66.38,67.08,65.94,67.01,2218453,71.22
2024-10-07,66.89,66.89,65.55,65.64,3017319,69.77
2024-10-08,66.15,66.27,65.75,65.83,1591624,69.97
2024-10-09,65.66,66.08,65.26,65.5,1364780,69.62
2024-10-10,65.59,65.93,64.88,65.05,1487818,69.14
2024-10-11,65.28,65.54,64.91,65.24,2277603,69.34
2024-10-14,65.36,65.85,65.17,65.74,1329632,69.87
2024-10-15,66.32,67,66.03,66.14,1648051,70.3
2024-10-16,66.19,67.1,66.11,66.96,1738986,71.17
2024-10-17,66.79,67.08,66.59,66.81,1344810,71.01
2024-10-18,66.81,67.3,66.51,67.07,1706878,71.29
2024-10-21,67.11,67.28,66.69,66.96,982091,71.17
2024-10-22,66.77,66.89,66.34,66.83,1307147,71.03
2024-10-23,66.82,67.86,66.75,67.84,2296538,72.1
2024-10-24,68.02,68.12,67.38,67.53,1236934,71.77
2024-10-25,67.84,67.97,66.54,66.58,1475606,70.76
2024-10-28,67.13,67.21,66.83,66.95,1271974,71.16
2024-10-29,66.39,66.5,65.36,65.41,1729290,69.52
2024-10-30,65.84,65.98,65.37,65.96,1966519,70.11
2024-10-31,65.98,66.35,65,65.49,2128446,69.61
2024-11-01,65.68,65.8,64.05,64.26,2807363,68.3
2024-11-04,64.41,64.52,63.55,64.35,3611167,68.39
2024-11-05,64.52,65.03,64.2,65.02,1519976,69.11
2024-11-06,64.93,65.01,63.56,63.85,2929768,67.86
2024-11-07,63.89,64.02,61.24,62.44,5889148,66.36
2024-11-08,62.89,63.88,62.7,63.27,2759884,67.25
2024-11-11,63.27,64.76,63.23,64.54,1981686,68.6
2024-11-12,64.36,64.66,63.84,64.07,1982497,68.1
2024-11-13,64.46,64.57,63.69,64.17,2203712,67.69
2024-11-14,64.34,64.53,63.71,63.91,1911811,67.41
2024-11-15,63.71,64.75,63.71,64.68,2677401,68.23
2024-11-18,64.67,65.43,64.47,64.94,2284248,68.5
2024-11-19,64.68,65.11,64.19,65.01,2688279,68.57
2024-11-20,64.86,65.31,64.82,64.96,2111260,68.52
2024-11-21,65.17,65.66,64.72,65.61,1512432,69.21
2024-11-22,65.76,66.1,65.6,65.91,1310999,69.52
2024-11-25,66.03,66.53,65.52,66.05,2644264,69.67
2024-11-26,66.19,66.83,65.84,66.79,2265732,70.45
2024-11-27,67.18,67.64,66.7,66.83,1763393,70.49
2024-11-29,66.79,66.95,65.97,66.09,1354050,69.71
2024-12-02,66.07,66.28,64.79,64.85,1406685,68.4
2024-12-03,65.36,65.48,64.69,64.7,1939185,68.25
2024-12-04,64.66,64.76,63.65,63.99,2913344,67.5
2024-12-05,63.91,64.51,63.78,63.88,3651961,67.38
2024-12-06,64.02,64.04,63.22,63.68,3485140,67.17
2024-12-09,63.68,64.27,63.23,64.13,2827292,67.65
2024-12-10,64.13,64.44,62.99,64.14,2626492,67.66
2024-12-11,64.19,64.39,63.17,63.35,2187187,66.82
2024-12-12,63.71,64.03,63.22,63.55,1706016,67.03
2024-12-13,63.55,64.35,63.36,63.82,1946568,67.32
2024-12-16,63.87,64.05,62.65,63.23,5059581,66.7
2024-12-17,62.86,64.19,62.8,63.56,2998175,67.04
2024-12-18,63.46,63.66,62.4,62.43,2044723,65.85
2024-12-19,62.25,62.97,62.07,62.34,2152309,65.76
2024-12-20,62.43,63.35,62.24,63.15,3507761,66.61
2024-12-23,62.87,63.22,62.6,63.21,1334653,66.67
2024-12-24,63.02,63.36,62.99,63.35,800714,66.82
2024-12-26,63.22,63.64,63.08,63.47,867630,66.95
2024-12-27,63.15,63.97,63.14,63.58,889096,67.06
2024-12-30,63.35,63.35,62.67,63.17,1678675,66.63
2024-12-31,63.37,63.62,62.78,63.19,1086627,66.65
2025-01-02,63.77,63.95,62.93,63.07,1297354,66.53
2025-01-03,63.02,63.45,62.89,63.15,1267130,66.61
2025-01-06,62.97,63.13,61.88,62.02,1009721,65.42
2025-01-07,62,62.8,61.97,62.3,1579504,65.71
2025-01-08,62.03,62.96,61.94,62.85,1323872,66.3
2025-01-10,62.56,63.03,61.59,61.71,2559603,65.09
2025-01-13,61.84,61.84,60.65,61.61,2182965,64.99
2025-01-14,61.57,62.48,61.06,62.15,1741550,65.56
2025-01-15,63.13,63.36,62.38,63.15,2119699,66.61
2025-01-16,63.03,64.49,63,64.49,1983212,68.02
2025-01-17,64.31,65.11,64.1,64.54,1922928,68.08
2025-01-21,65.08,65.36,64.66,64.75,1786001,68.3
2025-01-22,64.42,64.54,62.97,63.14,2536910,66.6
2025-01-23,63.07,63.4,61.72,62.44,3509580,65.86
2025-01-24,62.3,62.81,62.14,62.4,2215732,65.82
2025-01-27,63.1,64.05,62.07,63.7,3877128,67.19
2025-01-28,63.61,63.64,61.95,62.2,3195400,65.61
2025-01-29,62.34,62.85,62.3,62.35,2044043,65.77
2025-01-30,63.05,63.05,62.11,62.76,2674116,66.2
2025-01-31,62.77,63.05,62.41,62.57,1812426,66
2025-02-03,62.29,63.24,61.78,63.03,2452189,66.48
2025-02-04,62.54,62.86,62.1,62.74,1728607,66.18
2025-02-05,63.3,63.92,62.93,63.63,2700854,67.12
2025-02-06,63.85,64.78,63.07,64.78,3448904,68.33
2025-02-07,64.48,65.17,63.56,65.13,2895886,68.7
2025-02-10,64.76,65.59,64.49,65.59,2223296,69.18
2025-02-11,65.41,65.86,64.68,65.84,2434961,69.45
2025-02-12,65.12,66.06,64.8,65.94,2119536,69.55
2025-02-13,66.13,66.39,65.8,66.19,1864689,69.82
2025-02-14,66.47,66.67,65.68,65.75,2237111,68.81
2025-02-18,65.89,66.78,65.84,66.44,2278905,69.54
2025-02-19,66.44,67.11,66.36,67.03,1376003,70.15
2025-02-20,67.36,67.84,66.95,67.55,2145260,70.7
2025-02-21,67.43,68.74,67.43,68.31,2150651,71.49
2025-02-24,68.28,69.25,67.99,68.91,2043335,72.12
2025-02-25,69.14,70.1,68.8,69.83,2722229,73.08
2025-02-26,69.41,70.09,69.34,69.94,2869069,73.2
2025-02-27,69.34,70.08,69.04,69.12,2635494,72.34
2025-02-28,69.67,70.07,68.83,69.8,3228110,73.05
2025-03-03,69.47,70.89,69.44,70.76,2409219,74.06
2025-03-04,71.12,71.72,69.58,69.62,2573771,72.87
2025-03-05,69.05,69.8,68.75,69.16,2031930,72.38
2025-03-06,69.1,69.26,68.11,68.45,2224702,71.64
2025-03-07,68.52,70.19,68.32,69.83,3049627,73.08
2025-03-10,70.1,71.54,69.75,70.71,2952290,74.01
2025-03-11,70.51,70.92,68.84,68.87,3398209,72.08
2025-03-12,68.32,68.81,67.78,68.01,2365045,71.18
2025-03-13,68.32,68.83,67.89,68.68,1609947,71.88
2025-03-14,68.42,69.64,68.32,69.53,1801785,72.77
2025-03-17,69.75,70.55,69.47,70,1785983,73.26
2025-03-18,69.54,70.35,69.46,70.23,1837251,73.5
2025-03-19,70.04,70.69,69.8,70.43,2270121,73.71
2025-03-20,70.57,70.61,69.93,70.41,1896874,73.69
2025-03-21,70.56,71,69.77,70.23,4949665,73.5
2025-03-24,70.18,70.83,69.83,69.88,3677849,73.14
2025-03-25,69.75,70.04,68.31,68.83,2271307,72.04
2025-03-26,68.99,70.25,68.84,70.04,1700523,73.31
2025-03-27,70.26,70.47,69.78,69.89,1624364,73.15
2025-03-28,70.49,71.4,69.77,70.88,2717819,74.18
2025-03-31,71.15,72.16,71.03,71.76,3304735,75.11
2025-04-01,71.56,71.95,71,71.79,2314446,75.14
2025-04-02,71.85,72.09,71.15,71.33,2172166,74.66
2025-04-03,72.3,73.04,71.34,72.15,3543317,75.51
2025-04-04,72.98,72.98,69.16,69.45,4395193,72.69
2025-04-07,68.47,69.66,67.36,67.78,4384738,70.94
2025-04-08,68.59,69.23,66.36,67.06,2986401,70.19
2025-04-09,66.64,68.73,65.11,67.96,4261798,71.13
2025-04-10,67.96,68.98,66.9,68.36,2777170,71.55
2025-04-11,68.29,69.07,66.6,68.62,3467122,71.82
2025-04-14,68.79,70.47,68.41,70.25,2175098,73.53
2025-04-15,70.39,70.68,69.44,69.47,2686000,72.71
2025-04-16,70.03,70.16,68.66,68.96,1811099,72.17
2025-04-17,69.39,70.67,69.05,69.66,2186695,72.91
2025-04-21,69.5,69.83,68.29,68.89,3544071,72.1
2025-04-22,69.4,70.54,69.24,70.42,3842807,73.7
2025-04-23,70.44,70.53,69.23,70.23,4695207,73.5
2025-04-24,70.36,72.14,70.19,70.84,5981923,74.14
2025-04-25,71.28,71.28,68.86,68.97,3216563,72.18
2025-04-28,69.02,69.43,68.61,69.28,2647701,72.51
2025-04-29,69.13,70.5,68.85,70.35,4362467,73.63
2025-04-30,70.74,70.9,69.19,70.37,3799541,73.65
2025-05-01,70.23,70.69,69.61,69.72,2643290,72.97
2025-05-02,69.98,70.25,69.09,69.66,1771940,72.91
2025-05-05,69.41,70.03,69.03,69.79,1871119,73.04
2025-05-06,69.67,70.87,69.46,70.1,2958277,73.37
2025-05-07,70.02,71.09,69.95,70.66,2798563,73.95
2025-05-08,70.37,70.66,69.22,69.37,1961765,72.6
2025-05-09,69.62,69.65,68.59,69.58,2475722,72.28
2025-05-12,68.56,68.88,67.18,67.46,2471991,70.08
2025-05-13,67.36,67.72,66.33,66.65,3115648,69.24
2025-05-14,66.55,66.82,65.18,66.22,2629076,68.79
2025-05-15,66.86,68.44,66.53,68.25,3233465,70.9
2025-05-16,68.21,68.9,68.1,68.8,2410565,71.47
2025-05-19,68.57,69.34,68.34,69.28,1710090,71.97
2025-05-20,69.07,69.69,68.83,69.29,1236851,71.98
2025-05-21,69.19,69.42,68,68.12,1531639,70.76
2025-05-22,67.89,67.95,66.41,66.77,2191018,69.36
2025-05-23,67.31,67.59,66.13,67.05,1948084,69.65
2025-05-27,67.25,67.59,66.91,67.2,1933341,69.81
2025-05-28,66.96,67.22,66,66.19,1781099,68.76
2025-05-29,66.05,66.97,65.82,66.95,1770763,69.55
2025-05-30,66.91,67.74,66.56,67.61,3560639,70.23
2025-06-02,67.2,67.63,66.8,67.6,2784760,70.22
2025-06-03,67.6,68.39,66.9,68.27,3788793,70.92
2025-06-04,68.3,68.3,67.06,67.12,3966429,69.72
2025-06-05,67.15,67.34,66.37,66.75,2387021,69.34
2025-06-06,66.89,67.49,66.62,67.39,4439434,70
2025-06-09,67.12,67.47,66.48,67.06,2927889,69.66
2025-06-10,67.17,67.7,66.93,67.53,1603837,70.15
2025-06-11,67.49,67.64,67.14,67.39,1944845,70
2025-06-12,67.45,68.22,67.39,68.17,1736949,70.81
2025-06-13,68.28,68.35,67.64,67.9,1900294,70.53
2025-06-16,67.98,68.38,66.64,66.94,1964966,69.54
2025-06-17,67.04,67.08,66.17,66.54,2267840,69.12
2025-06-18,66.67,66.81,66.15,66.22,2393152,68.79
2025-06-20,66.38,67.13,66.25,66.47,3506781,69.05
2025-06-23,66.86,67.37,66.63,67.26,2090239,69.87
2025-06-24,67.08,67.74,66.94,67.11,3461945,69.71
2025-06-25,66.71,66.71,65.86,66.01,2583890,68.57
2025-06-26,66.12,66.65,65.99,66.58,2003055,69.16
2025-06-27,66.63,67.02,66.29,66.43,2439225,69.01
2025-06-30,66.26,66.76,65.9,66.69,2749638,69.28
2025-07-01,66.93,67.67,66.24,67.51,2246756,70.13
2025-07-02,67.34,67.77,66.37,67.09,2291237,69.69
2025-07-03,67.25,67.98,66.89,67.84,1411975,70.47
2025-07-07,67.36,67.6,66.68,67.03,2991137,69.63
2025-07-08,66.51,67.02,66.07,66.78,1968449,69.37
2025-07-09,66.91,67.28,66.29,67.15,2326614,69.76
2025-07-10,66.65,68.04,66.27,67.91,2288397,70.54
2025-07-11,67.5,68.02,67.23,67.72,1760229,70.35
2025-07-14,67.66,68.32,67.54,67.92,1574049,70.55
2025-07-15,67.73,68.02,67.15,67.7,2109023,70.33
2025-07-16,67.65,68.18,67.41,68.05,1592806,70.69
2025-07-17,67.67,68.49,67.54,68.2,2011451,70.85
2025-07-18,68.51,69.35,68.35,69.23,1583714,71.92
2025-07-21,69.38,69.81,69.06,69.55,1305566,72.25
2025-07-22,69.82,70.85,69.62,70.83,1525573,73.58
2025-07-23,70.69,70.81,69.92,70.17,2673773,72.89
2025-07-24,70.27,70.59,69.85,70.17,1905328,72.89
2025-07-25,70.11,70.53,69.43,70.06,2035886,72.78
2025-07-28,69.78,69.86,68.67,68.68,1944142,71.34
2025-07-29,68.84,69.66,68.5,69.57,2165635,72.27
2025-07-30,69.66,70.19,69.25,69.47,2505763,72.17
2025-07-31,69.46,71.09,69.46,71.04,3890065,73.8
2025-08-01,71.38,71.62,70.8,71.31,2926292,74.08
2025-08-04,71.54,72.14,71.42,71.88,2467324,74.67
2025-08-05,72.04,72.13,71.18,71.39,2046314,74.16
2025-08-06,71.49,71.97,71.11,71.34,1853423,74.11
2025-08-07,71.27,72.09,70.99,71.75,3072158,74.53
2025-08-08,72.13,72.36,71.01,71.25,2571411,73.48
2025-08-11,71.37,71.4,70.25,70.71,2404304,72.92
2025-08-12,70.81,70.88,70.14,70.6,2583507,72.81
2025-08-13,70.66,71.24,70.43,71.24,1799873,73.46
2025-08-14,70.99,71.17,70.13,70.39,2263290,72.59
2025-08-15,70.32,70.35,69.81,70.11,2491515,72.3
2025-08-18,70.22,70.71,69.85,69.85,2067343,72.03
2025-08-19,69.93,70.86,69.88,70.82,2838008,73.03
2025-08-20,71.16,71.89,70.74,70.8,2144388,73.01
2025-08-21,70.62,71.07,70.38,70.58,3325728,72.78
2025-08-22,70.79,71.41,70.6,70.91,1807168,73.12
2025-08-25,70.69,70.91,69.92,70.03,1461801,72.22
2025-08-26,70.07,70.58,69.74,69.91,2494456,72.09
2025-08-27,69.96,70.31,69.73,70.02,1516043,72.21
2025-08-28,69.84,70.22,68.95,69.05,1519446,71.21
2025-08-29,69.06,69.72,68.97,69.4,1486859,71.57
2025-09-02,69.22,69.59,68.66,69,1886484,71.16
2025-09-03,68.85,69.55,68.85,69.35,1936770,71.52
2025-09-04,69.76,70.05,69.07,69.37,1559978,71.54
2025-09-05,69.55,69.71,68.98,69.38,1540531,71.55
2025-09-08,69.13,69.21,68.38,68.55,1705493,70.69
2025-09-09,68.32,69.01,68.27,68.76,1479559,70.91
2025-09-10,68.73,69.18,68.39,69.06,1798568,71.22
2025-09-11,69.14,69.6,68.78,69.5,1618687,71.67
2025-09-12,69.27,69.72,69.01,69.51,1911125,71.68
2025-09-15,69.41,69.82,69.39,69.41,2803056,71.58
2025-09-16,69.01,69.28,67.8,67.84,2012168,69.96
2025-09-17,68.19,68.99,68.13,68.25,1940986,70.38
2025-09-18,67.7,68.53,67.65,68.05,2005308,70.18
2025-09-19,68.21,68.4,67.7,68,5110591,70.12
2025-09-22,68.14,68.61,68.04,68.31,1964279,70.44
2025-09-23,68.11,69.44,68.03,69.32,1706040,71.49
2025-09-24,69.3,69.85,69.18,69.49,2015104,71.66
2025-09-25,69.76,70.03,67.71,68.83,4981784,70.98
2025-09-26,69.11,69.72,68.83,69.66,2200437,71.84
2025-09-29,69.54,70.77,69.22,70.57,3034854,72.77
2025-09-30,70.79,71.22,70.42,71.04,1969168,73.26
2025-10-01,70.75,71.23,70.13,70.18,2237747,72.37
2025-10-02,70.01,70.1,69.21,69.65,1793687,71.83
2025-10-03,69.61,70.71,69.55,70.15,2808199,72.34
2025-10-06,70.3,71.04,70.16,71,2910150,73.22
2025-10-07,71.09,72.3,70.84,71.53,2791435,73.76
2025-10-08,71.88,72.01,70.78,70.97,1886096,73.19
2025-10-09,71.4,71.56,70.8,71.06,2604815,73.28
2025-10-10,71.31,72.37,70.97,71.85,2161766,74.09
2025-10-13,71.44,71.89,71.1,71.32,1927742,73.55
2025-10-14,71.6,72.64,71.37,72.1,1619807,74.35
2025-10-15,72.03,73.14,71.83,73.03,1884904,75.31
2025-10-16,73.07,73.8,72.41,72.49,2070035,74.75
2025-10-17,72.61,72.71,71.95,72.52,1805950,74.78
2025-10-20,72.81,73.03,72.53,72.82,2002826,75.09
2025-10-21,73.09,73.09,71.94,72.28,1613129,74.54
2025-10-22,72.54,73.31,72.13,72.88,2014438,75.16
2025-10-23,73.16,73.26,72.21,72.3,1619046,74.56
2025-10-24,72.37,72.89,72.03,72.49,1684055,74.75
2025-10-27,72.21,72.54,71.8,72.33,1592415,74.59
2025-10-28,72.12,72.29,71.04,71.22,2285298,73.44
2025-10-29,71.26,71.42,69.96,70.1,3758430,72.29
2025-10-30,70.65,71.79,69.48,70.99,4015739,73.21
2025-10-31,70.37,71.7,69.97,71.32,3715809,73.55
2025-11-03,69.86,70.73,69.29,70.29,6864202,72.49
2025-11-04,70.01,70.74,69.82,70.73,5959850,72.94
2025-11-05,70.75,71.01,69.91,70.37,2724895,72.57
2025-11-06,70.32,70.94,70.07,70.16,2751246,72.35
2025-11-07,70.3,71.55,70.22,71.55,3008342,73.23
2025-11-10,70.88,72.52,70.88,72.36,3147142,74.06
2025-11-11,72.24,73.16,72.24,73.12,2052208,74.84
2025-11-12,73.14,73.33,72.45,73.24,2172077,74.96
2025-11-13,72.91,73.19,72.12,72.23,2135264,73.93
2025-11-14,72.32,72.5,71.47,72.24,1990402,73.94
2025-11-17,72.66,72.84,72.26,72.75,1573624,74.46
2025-11-18,73.01,73.36,72.49,72.56,1875405,74.27
2025-11-19,72.45,72.45,70.91,71.27,2273054,72.95
2025-11-20,71.7,72.32,71.55,71.81,1774173,73.5
2025-11-21,72.05,72.55,71.58,72.34,2421746,74.04
2025-11-24,72.46,72.85,71.7,72.59,3652881,74.3
2025-11-25,72.94,73.27,72.61,73.09,2753009,74.81
2025-11-26,73.24,73.58,73,73.54,1726689,75.27
2025-11-28,73.4,73.8,73.4,73.71,840840,75.44
2025-12-01,73.31,73.62,71.45,71.48,2723811,73.16
2025-12-02,71.71,71.8,70.84,70.97,1635588,72.64
2025-12-03,71.23,71.32,70.03,70.53,1818873,72.19
2025-12-04,70.26,70.8,69.38,70.05,1904058,71.7
2025-12-05,69.93,70.21,69.41,69.46,1882753,71.09
2025-12-08,69.51,69.67,68.7,68.9,1682935,70.52
2025-12-09,69.15,69.65,68.67,68.81,1511218,70.43
2025-12-10,68.81,69.02,68.36,68.4,1832254,70.01
2025-12-11,68.35,69.03,67.74,68.14,2724691,69.74
2025-12-12,68.15,68.77,67.99,68.24,2347227,69.84
2025-12-15,68.65,69.18,68.3,69.14,1982412,70.76
2025-12-16,69.45,69.49,68.28,68.3,2419542,69.91
2025-12-17,68.29,68.77,68.22,68.65,2631847,70.26
2025-12-18,68.79,69.15,68.64,68.99,2752687,70.61
2025-12-19,68.93,69.07,67.56,67.58,4796614,69.17
2025-12-22,67.43,68.26,67.24,68.17,2055132,69.77
2025-12-23,68.1,68.65,67.93,68.41,2399744,70.02
2025-12-24,68.49,68.61,68.19,68.5,719452,70.11
2025-12-26,68.39,68.58,68.12,68.35,1244641,69.96
2025-12-29,68.54,68.96,68.47,68.52,2223646,70.13
2025-12-30,68.65,69.08,68.47,68.8,1027371,70.42
2025-12-31,68.75,68.86,68.29,68.32,1064198,69.93
2026-01-02,68.3,69.28,67.86,68.8,3128195,70.42
2026-01-05,68.56,68.59,67.06,67.87,2794161,69.47
2026-01-06,68.03,68.85,67.92,68.76,2244608,70.38
2026-01-07,69.31,69.36,67.75,67.96,1869524,69.56
2026-01-08,67.98,69,67.98,68.25,3097932,69.85
2026-01-09,68.19,68.94,68.14,68.38,3028061,69.99
2026-01-12,68.51,68.96,68,68.25,2670206,69.85
2026-01-13,68.06,68.99,67.84,68.94,2781099,70.56
2026-01-14,69.05,69.64,68.67,69.29,3498043,70.92
2026-01-15,69.47,69.76,69.07,69.64,2697641,71.28
2026-01-16,69.29,70.22,69.15,70.03,3184850,71.68
2026-01-20,69.74,70.06,69.14,69.71,2701301,71.35
2026-01-21,70.17,70.46,69.7,70.04,2785565,71.69
2026-01-22,69.91,70.29,69.19,69.34,2286452,70.97
2026-01-23,69.26,69.42,68.42,69.08,3946573,70.7
2026-01-26,69.59,70.13,69.24,69.89,2352118,71.53
2026-01-27,69.86,70.46,69.63,70.39,2325968,72.04
2026-01-28,70.37,70.83,69.97,70.15,2599274,71.8
2026-01-29,70.31,71.03,68.7,69.27,6988089,70.9
2026-01-30,69.19,69.88,68.67,69.85,3931092,71.49
2026-02-02,70.33,70.33,68.68,68.93,3057082,70.55
2026-02-03,68.93,70.33,68.93,70.15,2565686,71.8
2026-02-04,70.35,71.08,69.75,69.96,3600926,71.6
2026-02-05,70.9,72.47,69.88,71.19,5310305,72.86
2026-02-06,71.83,72.18,70.47,71.17,3471846,72.84
2026-02-09,70.78,71.27,70.05,71.15,2810976,72.82
2026-02-10,71.32,72.55,70.89,72.06,2816519,73.75
2026-02-11,72.06,72.86,71.66,72.81,3089716,74.52
2026-02-12,73.07,73.87,72.77,73.01,4716848,74.73
2026-02-13,72.95,75.01,72.82,74.98,4166471,76.74
2026-02-17,75.38,76.07,74.74,74.85,3086836,76.04
2026-02-18,75.09,75.23,73.81,73.93,3295701,75.11
2026-02-19,74.42,75.29,74.1,74.66,4435105,75.85
2026-02-20,75.24,75.26,74.02,74.67,4349796,75.86
2026-02-23,75.03,75.63,74.8,75.11,4261707,76.3
2026-02-24,75.03,75.58,74.43,75.58,3848736,76.78
2026-02-25,75.33,75.62,74.51,75.39,2505594,76.59
2026-02-26,75.73,76.16,75.58,75.84,3548875,77.05
2026-02-27,76.03,77.08,75.89,76.85,4608411,78.07
2026-03-02,76.82,77.24,76.56,76.86,2525139,78.08
2026-03-03,76.03,77.03,74.89,76.58,2697793,77.8
2026-03-04,76.88,77.22,75.84,76.9,3062500,78.12
2026-03-05,76.29,76.39,75.52,75.99,3661652,77.2
2026-03-06,75.13,76.23,74.75,75.95,3213857,77.16
2026-03-09,76.1,76.25,75.06,76.03,2869373,77.24
2026-03-10,75.49,76.12,75.16,75.23,2870237,76.43
2026-03-11,75.18,75.47,74.48,74.65,2474636,75.84
2026-03-12,75.99,76.28,74.72,75.58,1929035,76.78
2026-03-13,76.39,77.02,76.03,76.61,1883144,77.83
2026-03-16,77.23,77.23,76.61,77.05,1693992,78.27
2026-03-17,77.37,77.65,76.98,77.06,1948708,78.29
2026-03-18,77.05,77.05,75.9,76.27,2082033,77.48
2026-03-19,76.23,76.53,75.32,76.24,3096950,77.45
2026-03-20,76.23,76.35,73.03,73.26,4729094,74.42
2026-03-23,73.9,74.21,73.15,73.45,2361761,74.62
2026-03-24,73.24,74.93,73.1,74.16,2885239,75.34
2026-03-25,74.81,75.01,74.14,74.26,1966884,75.44
2026-03-26,74.2,75.25,73.9,75.14,2118267,76.33
2026-03-27,75.14,75.97,74.82,75.02,2695833,76.21
2026-03-30,76.09,76.5,75.44,76,2645223,77.21
2026-03-31,76.28,76.44,75.19,76.37,4415433,77.58
2026-04-01,75.86,76.92,75.86,76.7,3339560,77.92
2026-04-02,77.09,77.64,76.6,77.35,2193200,78.58
2026-04-06,77.02,77.67,76.85,77.1,2102207,78.33
2026-04-07,77.07,77.96,76.98,77.36,1999515,78.59
2026-04-08,76.83,77.61,76.33,77.59,2631101,78.82
2026-04-09,76.8,79.1,76.8,78.69,3820990,79.94
2026-04-10,78.69,78.94,77.93,78.14,2157546,79.38
2026-04-13,78.08,78.1,76.58,77.22,2429337,78.45
2026-04-14,77.05,77.65,76.26,77.59,2922631,78.82
2026-04-15,77.27,77.39,76.22,76.27,2927856,77.48
2026-04-16,76.21,76.92,75.83,76.89,3143469,78.11
2026-04-17,76.31,76.59,75.38,76.53,2439586,77.75
2026-04-20,76.58,77.07,75.7,75.83,1952876,77.04
2026-04-21,76.09,76.26,74.2,74.4,2382368,75.58
2026-04-22,74.92,75.38,73.46,73.81,2581628,74.98
2026-04-23,74.4,75.48,74.21,75.42,3607844,76.62
2026-04-24,75.28,75.55,74.67,75.08,3292686,76.27
2026-04-27,75.31,75.57,74.77,74.86,3691826,76.05
2026-04-28,75.98,76.03,74.22,74.73,5011574,75.92
2026-04-29,74.2,74.54,73.33,73.56,3463391,74.73
2026-04-30,73.93,75.65,73.9,75.54,3623215,76.74
2026-05-01,75.44,75.97,74.78,74.84,3278881,76.03
2026-05-04,74.38,75.24,73.91,74.51,2909472,75.69
2026-05-05,74.6,74.83,73.68,73.76,2318735,74.93
2026-05-06,73.49,73.83,72.79,72.89,3179091,74.05
2026-05-07,72.69,73.06,72.26,72.8,3132521,73.96
2026-05-08,73.02,73.29,71.9,72.03,2307391,72.61
2026-05-11,72.45,72.86,72.18,72.6,2314729,73.19
2026-05-12,72.2,73.02,71.94,72.72,2265872,73.31
2026-05-13,72.27,72.41,71.66,72.23,2085799,72.81
2026-05-14,71.99,72.72,71.97,72.67,2165730,73.26
2026-05-15,72.27,72.59,70.95,71.07,1985459,71.64
2026-05-18,71.64,72.19,71.27,71.55,2782257,72.13
2026-05-19,71.72,72.85,71.39,72.72,2724317,73.31
2026-05-20,72.9,73.14,72.14,72.37,2188730,72.95
2026-05-21,72.35,73.11,72.15,73.05,2190920,73.64
2026-05-22,73.24,74.13,73.07,73.93,2154140,74.53
2026-05-26,74.03,74.15,73.58,73.61,2017641,74.2
2026-05-27,74.4,74.4,73.21,73.63,2058457,74.22
2026-05-28,73.71,73.84,72.35,72.58,2583136,73.17
2026-05-29,73,73,71.59,71.99,5780507,72.57
2026-06-01,71.45,71.73,70.01,70.01,2313586,70.58
2026-06-02,70.45,71.33,70.26,71.27,3289390,71.85
2026-06-03,71.41,72.46,69.64,69.66,6752492,70.22
2026-06-04,68.94,70.08,68.28,69.8,4865505,70.36
2026-06-05,70.23,72,70.02,71.46,4708105,72.04
2026-06-08,71.41,71.61,70.34,70.34,3654014,70.91
2026-06-09,70.64,72.14,70.49,72.05,5455116,72.63
2026-06-10,72.61,73.16,72.01,72.87,4565341,73.46
2026-06-11,73.21,73.79,72.15,72.27,4452980,72.85
2026-06-12,72.57,73.12,72.38,72.98,2482657,73.57
2026-06-15,72.55,73.68,72.4,73.06,2985602,73.65
2026-06-16,73.04,74.1,73.04,73.44,2197658,74.03
2026-06-17,72.96,73.68,72.16,72.72,2219560,73.31
2026-06-18,72.89,73.7,72.56,72.79,4839576,73.38
2026-06-22,72.56,74.04,72.52,73.21,3730216,73.8
2026-06-23,73.66,74.83,73.22,74.73,3742718,75.33
2026-06-24,74.97,76.05,74.84,75.88,3772110,76.49
2026-06-25,74.96,77.1,74.96,76.48,4235777,77.1
2026-06-26,77.11,78.24,76.68,78.18,4116548,78.81
2026-06-29,77.72,78.06,76.84,77.31,3295541,77.93
2026-06-30,76.71,77.18,75.86,75.89,3416442,76.5
2026-07-01,75.8,76.43,75.16,75.31,4382725,75.92
2026-07-02,75.95,77.14,75.5,77.11,1904913,77.73
2026-07-06,77.88,77.88,75.61,75.68,1977348,76.29
2026-07-07,76.38,77.79,76.21,76.4,3010740,77.02
2026-07-08,76.51,76.52,75.36,75.58,4265673,76.19
2026-07-09,75.46,75.92,74.13,74.4,3647409,75
2026-07-10,74.46,75.01,74.39,74.8,2283918,75.4
2026-07-13,74.98,75.66,74.47,75.14,2336340,75.75
2026-07-14,75.29,75.75,74.35,74.48,2334222,75.08
2026-07-15,74.74,74.74,73.24,73.43,2662903,74.02
2026-07-16,73.42,74.56,73.23,73.79,4237593,74.39
2026-07-17,74.4,75.29,72.83,73.06,3720882,73.65
2026-07-20,73.31,73.73,71.99,72.3,2775723,72.88
2026-07-21,71.97,72.22,71.2,71.92,5127862,72.5
2026-07-22,72.67,73.43,72.29,73.39,4079372,73.98
2026-07-23,72.51,73.85,72.47,73.56,4449210,74.15
2026-07-24,73.92,74.85,73.77,74.1,4168441,74.7
2026-07-27,73.73,74.6,73.31,73.68,3895220,74.27
2026-07-28,74.32,75.78,73.77,73.77,4405019,74.37
2026-07-29,73.85,74.54,73.3,73.76,3851349,74.36
2026-07-30,73.04,73.86,71.4,71.68,3899833,72.26
2026-07-31,71.52,71.98,70.97,71.41,4537747,71.99
2026-08-03,71.74,71.95,70.56,71.17,4364599,71.74
2026-08-04,70.68,71.47,70.21,71.16,4590279,71.73
2026-08-05,71.08,71.83,69.96,71.02,2801058,71.59
2026-08-06,71.67,71.7,70.08,70.63,3271967,71.2
2026-08-07,70.36,71.41,69.87,71.03,3614390,71.03
2026-08-10,70.48,70.67,68.93,69.06,3915067,69.06
2026-08-11,69.06,69.79,68.74,69.62,4510058,69.62
2026-08-12,69.65,70.17,69.59,70.02,5368600,70.02
2026-08-13,70.22,70.74,70.05,70.51,3831952,70.51
2026-08-14,70.41,71.39,70.36,71.11,2243919,71.11
2026-08-17,71,71.59,70.72,71.4,4374276,71.4
2026-08-18,72.28,72.44,70.99,71.06,4648977,71.06
2026-08-19,71.58,71.64,70.485,70.61,2659455,70.61
2026-08-20,70.36,70.95,69.76,69.83,4010289,69.83
2026-08-21,70.09,70.09,68.25,68.27,3724101,68.27
2026-08-24,68.62,68.72,67.9,68.42,3989333,68.42
2026-08-25,68.4,69.07,68.28,68.74,2580788,68.74
2026-08-26,68.84,69.405,68.84,69.23,2372169,69.23
2026-08-27,68.58,68.795,68.2201,68.35,2006089,68.35
2026-08-28,68.76,68.93,67.94,68.21,2174274,68.21
2026-08-31,67.76,68.34,67.47,68.06,3449160,68.06
2026-09-01,68.46,68.7,67.57,67.96,2747205,67.96
2026-09-02,67.75,68.245,67.19,68.06,2794580,68.06
2026-09-03,68.31,68.71,68.13,68.59,3201979,68.59
2026-09-04,68.23,69.14,68.23,68.46,3154426,68.46
2026-09-08,68.28,69.36,68.28,68.79,3107874,68.79
2026-09-09,68.71,68.95,67.905,68.17,2483666,68.17
2026-09-10,68.42,68.73,67.67,67.68,2983608,67.68
2026-09-11,68.11,68.365,66.995,67.15,2787590,67.15
2026-09-14,67.51,67.8,66.585,66.82,3022613,66.82
2026-09-15,66.8,66.92,65.745,65.92,2961102,65.92
2026-09-16,66.34,66.645,65.67,65.99,2048561,65.99
2026-09-17,66.25,66.57,65.79,66.2,3248333,66.2
2026-09-18,65.86,65.86,65.14,65.34,5829983,65.34
2026-09-21,65.38,65.41,64.415,64.7,2807157,64.7
2026-09-22,64.66,65.01,64.19,64.27,4438731,64.27
2026-09-23,64.04,64.04,62.93,63.15,4020257,63.15
