date,open,high,low,close,volume,raw_close
2016-01-04,19.26,19.28,18.89,19.27,39410994,26.41
2016-01-05,19.37,19.45,19.1,19.18,23962904,26.29
2016-01-06,19.03,19.08,18.84,18.98,32439679,26.01
2016-01-07,18.6,18.78,18.33,18.54,49266614,25.41
2016-01-08,18.64,18.7,18.04,18.08,31437799,24.78
2016-01-11,18.19,18.49,18.19,18.44,35576059,25.27
2016-01-12,18.62,18.66,18.27,18.5,32215909,25.35
2016-01-13,18.55,18.62,17.93,17.95,35826419,24.6
2016-01-14,18.02,18.17,17.85,18,46129391,24.66
2016-01-15,17.46,17.83,17.2,17.24,70644887,23.62
2016-01-19,17.37,17.54,17.21,17.4,58963111,23.85
2016-01-20,17.08,17.16,16.4,16.71,87850094,22.9
2016-01-21,16.85,17.11,16.69,16.71,49743517,22.9
2016-01-22,17.22,17.25,16.78,17.05,57740419,23.37
2016-01-25,17.06,17.16,16.89,16.91,68139344,23.17
2016-01-26,16.96,17.4,16.96,17.31,27933209,23.72
2016-01-27,17.29,17.44,17,17.1,26853624,23.43
2016-01-28,17.32,17.36,16.77,16.86,34242632,23.105
2016-01-29,17.08,17.37,16.93,17.36,46497951,23.79
2016-02-01,17.12,17.2,16.95,17.13,25853439,23.48
2016-02-02,16.95,16.97,16.59,16.66,37620190,22.83
2016-02-03,16.85,16.92,16.48,16.86,34039373,23.1
2016-02-04,16.91,17.2,16.73,17.18,30549971,23.54
2016-02-05,17.16,17.27,16.65,16.7,34717478,22.89
2016-02-08,16.51,16.8,16.4,16.73,40913501,22.93
2016-02-09,16.49,16.68,16.44,16.53,32328346,22.65
2016-02-10,16.88,16.88,16.39,16.43,38282112,22.51
2016-02-11,17.58,18.22,17.58,18.01,96168407,24.68
2016-02-12,18.16,18.51,17.89,18.32,52909319,25.11
2016-02-16,18.44,18.96,18.38,18.86,47854388,25.84
2016-02-17,19.1,19.4,19.03,19.31,41707838,26.46
2016-02-18,19.29,19.39,19.18,19.29,34892539,26.43
2016-02-19,19.17,19.38,19.16,19.37,33531184,26.55
2016-02-22,19.61,19.64,19.3,19.43,24245260,26.63
2016-02-23,19.37,19.37,19.02,19.06,30224975,26.12
2016-02-24,18.89,19.21,18.72,19.21,24615748,26.32
2016-02-25,19.33,19.41,19.12,19.41,20228950,26.6
2016-02-26,19.56,19.59,19.21,19.27,19884002,26.41
2016-02-29,19.28,19.45,19.08,19.1,27932515,26.18
2016-03-01,19.3,19.65,19.14,19.58,27392361,26.83
2016-03-02,19.56,19.64,19.41,19.63,20318892,26.9
2016-03-03,19.67,19.68,19.4,19.61,20628651,26.87
2016-03-04,19.64,19.67,19.46,19.56,21922278,26.8
2016-03-07,19.4,19.83,19.21,19.8,23270041,27.14
2016-03-08,19.68,19.92,19.48,19.74,25780761,27.05
2016-03-09,19.88,20.29,19.79,20.15,42268349,27.61
2016-03-10,20.26,20.42,19.72,19.98,34805731,27.38
2016-03-11,20.3,20.37,20.19,20.33,24340444,27.86
2016-03-14,20.3,20.33,20.14,20.21,19995456,27.7
2016-03-15,20.05,20.21,20.03,20.18,18389232,27.66
2016-03-16,20.08,20.39,20.07,20.34,20400261,27.88
2016-03-17,20.37,20.75,20.34,20.57,30534720,28.19
2016-03-18,20.6,20.71,20.41,20.67,56189917,28.33
2016-03-21,20.51,20.69,20.46,20.57,28077855,28.19
2016-03-22,20.58,20.71,20.36,20.64,26274466,28.28
2016-03-23,20.62,20.63,20.24,20.31,21006940,27.83
2016-03-24,20.26,20.44,20.13,20.4,17858518,27.96
2016-03-28,20.42,20.45,20.28,20.36,14836761,27.9
2016-03-29,20.34,20.57,20.21,20.51,19430924,28.1
2016-03-30,20.68,20.93,20.62,20.77,21125495,28.46
2016-03-31,20.82,20.92,20.69,20.78,20722342,28.47
2016-04-01,20.65,20.94,20.52,20.94,26422942,28.69
2016-04-04,20.89,20.92,20.63,20.72,19138759,28.14
2016-04-05,20.35,20.49,20.22,20.31,26382926,27.58
2016-04-06,20.4,20.65,20.34,20.62,22103452,28
2016-04-07,20.55,20.55,20.27,20.32,18637646,27.6
2016-04-08,20.41,20.58,20.31,20.39,15656503,27.69
2016-04-11,20.53,20.75,20.33,20.34,23977528,27.62
2016-04-12,19.99,20.37,19.85,20.35,29147312,27.64
2016-04-13,20.59,20.83,20.41,20.79,27662325,28.23
2016-04-14,20.9,20.91,20.69,20.8,16166219,28.25
2016-04-15,20.69,20.71,20.42,20.55,28148022,27.9
2016-04-18,20.55,20.8,20.47,20.76,16971671,28.19
2016-04-19,20.86,20.94,20.77,20.86,21824573,28.33
2016-04-20,20.91,21.12,20.81,20.94,21480031,28.44
2016-04-21,20.93,20.99,20.74,20.8,18653636,28.24
2016-04-22,20.84,21.02,20.67,20.73,25947892,28.15
2016-04-25,20.7,20.83,20.6,20.79,17852757,28.23
2016-04-26,20.82,20.98,20.78,20.95,20447316,28.45
2016-04-27,20.94,21.1,20.85,21.09,23882058,28.64
2016-04-28,20.95,21.05,20.46,20.59,32185808,27.96
2016-04-29,20.41,20.49,19.99,20.24,38651158,27.49
2016-05-02,20.24,20.27,20.03,20.16,28785659,27.37
2016-05-03,20,20.02,19.6,19.78,37363942,26.86
2016-05-04,19.74,19.75,19.35,19.47,35404988,26.44
2016-05-05,19.48,19.57,19.3,19.3,24921934,26.21
2016-05-06,19.29,19.54,19,19.54,28119423,26.53
2016-05-09,19.53,19.65,19.43,19.52,18266117,26.51
2016-05-10,19.64,19.96,19.52,19.9,24250007,27.03
2016-05-11,19.95,19.96,19.65,19.66,21240201,26.7
2016-05-12,19.74,19.74,19.45,19.64,20864386,26.67
2016-05-13,19.55,19.8,19.49,19.54,22333244,26.53
2016-05-16,19.57,19.97,19.56,19.86,22548480,26.97
2016-05-17,19.81,19.93,19.55,19.63,28191459,26.65
2016-05-18,19.6,19.85,19.5,19.68,33577611,26.72
2016-05-19,20.61,20.83,20.18,20.3,52542479,27.57
2016-05-20,20.35,20.73,20.34,20.6,36221704,27.97
2016-05-23,20.46,20.8,20.46,20.57,21306157,27.94
2016-05-24,20.63,21.05,20.63,20.97,28420774,28.47
2016-05-25,21.05,21.36,21,21.3,27322428,28.92
2016-05-26,21.25,21.39,21.2,21.28,20917216,28.9
2016-05-27,21.32,21.38,21.2,21.3,19717926,28.92
2016-05-31,21.21,21.41,21.18,21.39,34971401,29.05
2016-06-01,21.24,21.39,21.21,21.28,23959594,28.9
2016-06-02,21.34,21.47,21.3,21.41,21384075,29.08
2016-06-03,21.45,21.51,21.28,21.45,20532153,29.13
2016-06-06,21.41,21.66,21.4,21.43,17842169,29.1
2016-06-07,21.28,21.61,21.22,21.41,23377446,29.07
2016-06-08,21.42,21.55,21.4,21.46,19420220,29.14
2016-06-09,21.33,21.5,21.23,21.46,20594197,29.14
2016-06-10,21.2,21.38,21.19,21.38,20579577,29.03
2016-06-13,21.33,21.5,21.22,21.24,19027071,28.84
2016-06-14,21.11,21.36,21.08,21.33,20793588,28.96
2016-06-15,20.98,21.25,20.92,21.1,33370392,28.65
2016-06-16,20.9,21.3,20.89,21.26,19587778,28.87
2016-06-17,21.27,21.36,21.13,21.32,44787207,28.95
2016-06-20,21.39,21.52,21.19,21.21,24542835,28.8
2016-06-21,21.33,21.36,21.16,21.19,21641429,28.77
2016-06-22,21.26,21.41,21.12,21.15,20300062,28.72
2016-06-23,21.38,21.52,21.33,21.52,21147900,29.22
2016-06-24,20.74,21.04,20.4,20.44,49966629,27.75
2016-06-27,20.24,20.29,19.98,20.11,32705626,27.31
2016-06-28,20.29,20.51,20.25,20.46,27442861,27.79
2016-06-29,20.71,20.86,20.55,20.81,27649146,28.26
2016-06-30,20.9,21.13,20.67,21.13,29308793,28.69
2016-07-01,21.19,21.3,21.05,21.21,22599914,28.8
2016-07-05,20.98,21.26,20.97,21.05,24767838,28.33
2016-07-06,21.14,21.38,20.93,21.34,26635296,28.72
2016-07-07,21.34,21.48,21.26,21.36,19275372,28.74
2016-07-08,21.48,21.76,21.46,21.74,26790836,29.26
2016-07-11,21.8,22.07,21.74,21.87,23718245,29.43
2016-07-12,22.09,22.1,21.94,22,24027530,29.61
2016-07-13,22.09,22.17,21.98,22.11,20136013,29.75
2016-07-14,22.17,22.29,22.03,22.11,20685806,29.76
2016-07-15,22.24,22.26,22.04,22.16,21899816,29.82
2016-07-18,22.11,22.29,22.1,22.23,19228708,29.91
2016-07-19,22.23,22.3,22.12,22.23,20953794,29.92
2016-07-20,22.32,22.81,22.28,22.76,52990779,30.63
2016-07-21,22.77,22.83,22.57,22.72,22990059,30.58
2016-07-22,22.81,22.94,22.69,22.82,21797077,30.71
2016-07-25,22.79,22.91,22.76,22.88,16709741,30.79
2016-07-26,22.89,23.15,22.82,22.95,23270987,30.88
2016-07-27,23,23.01,22.78,22.86,24786650,30.76
2016-07-28,22.78,22.84,22.57,22.68,23978823,30.52
2016-07-29,22.74,22.81,22.64,22.69,28148871,30.53
2016-08-01,22.81,22.85,22.56,22.84,23896997,30.73
2016-08-02,22.9,22.9,22.59,22.75,26588129,30.62
2016-08-03,22.67,22.84,22.67,22.83,18247705,30.72
2016-08-04,22.87,22.97,22.82,22.89,19768077,30.8
2016-08-05,22.96,23.09,22.81,23.07,21338003,31.04
2016-08-08,23.04,23.18,22.93,23.04,22641391,31.01
2016-08-09,23.12,23.22,22.92,22.99,20354916,30.94
2016-08-10,23.04,23.13,22.84,22.92,18306698,30.85
2016-08-11,23,23.05,22.93,23,25601745,30.95
2016-08-12,22.98,23.03,22.89,22.94,15172984,30.87
2016-08-15,23.02,23.21,22.95,23.18,23841341,31.19
2016-08-16,23.2,23.21,23.02,23.13,25307718,31.12
2016-08-17,23.01,23.01,22.54,22.83,57169645,30.72
2016-08-18,22.6,22.79,22.34,22.65,51294730,30.48
2016-08-19,22.57,22.78,22.47,22.68,28002481,30.52
2016-08-22,22.62,22.87,22.57,22.76,31772930,30.63
2016-08-23,22.91,23.08,22.88,23.02,25651028,30.98
2016-08-24,23.02,23.18,23,23.08,26052317,31.06
2016-08-25,23.08,23.33,23.05,23.25,24317977,31.29
2016-08-26,23.29,23.53,23.18,23.3,22360970,31.35
2016-08-29,23.36,23.56,23.34,23.47,22784928,31.58
2016-08-30,23.49,23.53,23.34,23.44,20235690,31.54
2016-08-31,23.37,23.47,23.22,23.36,23723024,31.44
2016-09-01,23.35,23.51,23.23,23.47,17492487,31.58
2016-09-02,23.52,23.74,23.52,23.65,20041743,31.83
2016-09-06,23.73,23.73,23.56,23.68,21272474,31.87
2016-09-07,23.62,23.73,23.59,23.62,15578920,31.79
2016-09-08,23.57,23.59,23.34,23.39,21232109,31.47
2016-09-09,23.14,23.29,22.92,22.92,28211286,30.85
2016-09-12,22.75,23.4,22.74,23.36,24894963,31.44
2016-09-13,23.23,23.3,22.96,23.08,26036484,31.06
2016-09-14,23.04,23.2,22.89,23.04,25897100,31
2016-09-15,22.76,23.33,22.75,23.27,29252752,31.31
2016-09-16,23.13,23.14,22.81,22.92,49442319,30.84
2016-09-19,22.92,23.22,22.9,23.05,18753950,31.02
2016-09-20,23.1,23.2,23.07,23.11,17557310,31.1
2016-09-21,23.12,23.32,23.01,23.3,23856269,31.36
2016-09-22,23.41,23.63,23.4,23.53,22032892,31.66
2016-09-23,23.56,23.63,23.27,23.29,22857761,31.34
2016-09-26,23.11,23.16,22.88,23.09,22775492,31.07
2016-09-27,23.1,23.49,23.01,23.39,20359905,31.48
2016-09-28,23.36,23.47,23.31,23.41,17290126,31.5
2016-09-29,23.42,23.46,23.22,23.33,16607621,31.39
2016-09-30,23.49,23.63,23.45,23.57,36198847,31.72
2016-10-03,23.46,23.66,23.38,23.6,15456803,31.5
2016-10-04,23.57,23.7,23.34,23.49,20680586,31.35
2016-10-05,23.53,23.74,23.53,23.67,13208019,31.59
2016-10-06,23.65,23.7,23.38,23.59,16216663,31.48
2016-10-07,23.59,23.68,23.4,23.58,15178818,31.47
2016-10-10,23.63,23.74,23.56,23.58,15199491,31.47
2016-10-11,23.62,23.62,23.11,23.26,21318200,31.04
2016-10-12,22.87,22.95,22.43,22.73,38830432,30.34
2016-10-13,22.54,22.66,22.37,22.6,25779924,30.17
2016-10-14,22.74,22.89,22.6,22.61,22728397,30.18
2016-10-17,22.57,22.79,22.55,22.64,16059747,30.22
2016-10-18,22.99,22.99,22.8,22.81,15859360,30.44
2016-10-19,22.81,22.81,22.62,22.74,16631016,30.35
2016-10-20,22.69,22.76,22.51,22.6,18504758,30.16
2016-10-21,22.48,22.63,22.42,22.59,18199655,30.15
2016-10-24,22.72,22.85,22.7,22.81,15740123,30.45
2016-10-25,22.84,22.86,22.65,22.73,16635398,30.34
2016-10-26,22.91,23.12,22.72,22.89,20085637,30.55
2016-10-27,22.9,22.98,22.74,22.76,18782128,30.38
2016-10-28,22.75,23.08,22.74,22.92,21669837,30.59
2016-10-31,22.73,23.05,22.72,22.99,26565076,30.68
2016-11-01,23.11,23.12,22.65,22.84,20200408,30.48
2016-11-02,22.86,22.99,22.65,22.77,20461069,30.39
2016-11-03,22.81,22.9,22.66,22.71,17348012,30.31
2016-11-04,22.26,22.85,22.2,22.62,21158838,30.19
2016-11-07,23,23.27,22.93,23.18,25343116,30.94
2016-11-08,23.14,23.37,23.02,23.23,20625906,31
2016-11-09,23.24,23.59,23,23.5,41423574,31.36
2016-11-10,23.52,23.8,23.08,23.23,40697739,31
2016-11-11,23.2,23.58,23.17,23.5,25763760,31.36
2016-11-14,23.58,23.73,23.49,23.5,24609651,31.37
2016-11-15,23.56,23.86,23.43,23.75,26440197,31.7
2016-11-16,23.71,23.89,23.61,23.65,28963048,31.57
2016-11-17,22.4,22.51,22.19,22.51,78794546,30.05
2016-11-18,22.49,22.75,22.48,22.61,42644462,30.18
2016-11-21,22.7,22.72,22.48,22.51,29832278,30.05
2016-11-22,22.55,22.62,22.37,22.38,28436763,29.8692
2016-11-23,22.35,22.44,22.15,22.26,26735540,29.71
2016-11-25,22.14,22.59,22.14,22.54,21160924,30.09
2016-11-28,22.54,22.54,22.34,22.42,23602746,29.92
2016-11-29,22.44,22.55,22.32,22.35,26823800,29.83
2016-11-30,22.3,22.44,22.24,22.34,30992119,29.82
2016-12-01,22.36,22.37,22.03,22.07,29307075,29.45
2016-12-02,22.09,22.15,21.82,21.92,29510040,29.26
2016-12-05,21.98,22.18,21.95,22.13,23597173,29.53
2016-12-06,22.04,22.17,21.91,21.98,29406312,29.33
2016-12-07,21.98,22.51,21.97,22.43,34128990,29.93
2016-12-08,22.57,22.72,22.42,22.44,24100431,29.95
2016-12-09,22.46,22.53,22.28,22.52,23998361,30.06
2016-12-12,22.6,22.63,22.5,22.6,19897363,30.17
2016-12-13,22.65,22.96,22.63,22.92,27709327,30.59
2016-12-14,22.92,23.28,22.78,22.82,30817517,30.46
2016-12-15,22.91,23.08,22.86,22.95,22964696,30.63
2016-12-16,22.93,23.02,22.68,22.92,57884133,30.59
2016-12-19,22.95,23.13,22.88,23.04,20036221,30.75
2016-12-20,23.06,23.13,22.82,22.9,20048434,30.56
2016-12-21,22.99,22.99,22.78,22.79,16478523,30.42
2016-12-22,22.78,22.84,22.66,22.82,14215643,30.46
2016-12-23,22.78,22.93,22.78,22.87,10527706,30.53
2016-12-27,22.96,23.09,22.93,22.99,17593452,30.68
2016-12-28,23,23.05,22.74,22.79,13551051,30.42
2016-12-29,22.78,22.89,22.72,22.82,11993313,30.46
2016-12-30,22.89,22.93,22.57,22.64,24122578,30.22
2017-01-03,22.75,22.9,22.63,22.88,24757601,30.54
2017-01-04,22.84,22.99,22.69,22.75,24587348,30.1
2017-01-05,22.75,22.94,22.72,22.8,19788928,30.17
2017-01-06,22.78,22.93,22.69,22.84,18817953,30.23
2017-01-09,22.84,22.92,22.73,22.81,19740701,30.18
2017-01-10,22.82,23.09,22.75,22.96,23623881,30.38
2017-01-11,22.87,22.98,22.69,22.78,24829795,30.15
2017-01-12,22.77,22.79,22.52,22.7,20167057,30.04
2017-01-13,22.75,22.84,22.68,22.72,17584207,30.07
2017-01-17,22.66,22.86,22.55,22.66,24817310,29.99
2017-01-18,22.77,22.81,22.63,22.69,17504733,30.03
2017-01-19,22.69,22.81,22.61,22.66,19203097,29.98
2017-01-20,22.73,22.86,22.67,22.75,27219241,30.1
2017-01-23,22.78,22.9,22.73,22.87,18661320,30.27
2017-01-24,22.93,23.24,22.89,23.12,26633775,30.595
2017-01-25,23.43,23.46,23.16,23.2,27386318,30.7
2017-01-26,23.24,23.31,23.09,23.23,21573086,30.74
2017-01-27,23.24,23.41,23.15,23.4,20017253,30.97
2017-01-30,23.38,23.42,23.15,23.29,17184533,30.825
2017-01-31,23.18,23.34,23.11,23.21,18897282,30.72
2017-02-01,23.25,23.31,22.99,23.05,21223003,30.5
2017-02-02,23.19,23.62,23.07,23.56,29951482,31.18
2017-02-03,23.65,23.69,23.52,23.67,23110268,31.32
2017-02-06,23.65,23.66,23.52,23.65,18341426,31.3
2017-02-07,23.68,23.91,23.68,23.76,19698539,31.44
2017-02-08,23.77,23.84,23.62,23.63,21820003,31.27
2017-02-09,23.69,23.95,23.65,23.8,20535791,31.5
2017-02-10,23.8,23.9,23.61,23.81,21442102,31.51
2017-02-13,23.93,24.18,23.84,24.16,30417935,31.97
2017-02-14,24.12,24.42,24.01,24.42,33746269,32.31
2017-02-15,24.41,24.82,24.4,24.8,43600269,32.82
2017-02-16,25.13,25.67,25.13,25.39,53199942,33.6
2017-02-17,25.34,25.52,25.26,25.5,37304036,33.74
2017-02-21,25.47,25.85,25.44,25.79,29836895,34.13
2017-02-22,25.72,25.81,25.44,25.75,28931203,34.08
2017-02-23,25.81,25.9,25.66,25.72,18913645,34.04
2017-02-24,25.66,25.93,25.54,25.93,23591767,34.32
2017-02-27,25.85,25.93,25.78,25.89,16995637,34.26
2017-02-28,25.84,25.91,25.72,25.83,27216876,34.18
2017-03-01,25.9,26.08,25.83,26.02,25787989,34.43
2017-03-02,26.03,26.09,25.85,25.99,17698874,34.39
2017-03-03,26.03,26.03,25.87,25.91,15959015,34.29
2017-03-06,25.73,25.9,25.66,25.84,20533816,34.19
2017-03-07,25.71,25.88,25.69,25.84,23024397,34.2
2017-03-08,25.83,25.87,25.64,25.71,21299097,34.02
2017-03-09,25.72,25.78,25.59,25.74,19173071,34.06
2017-03-10,25.85,25.92,25.75,25.89,20787812,34.26
2017-03-13,25.87,25.94,25.69,25.77,18528646,34.1
2017-03-14,25.65,25.8,25.57,25.78,15887440,34.12
2017-03-15,25.75,25.96,25.73,25.87,16408881,34.24
2017-03-16,25.92,26.06,25.77,25.87,15945404,34.23
2017-03-17,25.96,25.98,25.84,25.87,38576437,34.23
2017-03-20,25.89,25.98,25.84,25.9,16715927,34.28
2017-03-21,26.03,26.05,25.53,25.61,23608113,33.895
2017-03-22,25.59,25.84,25.53,25.77,17970461,34.1
2017-03-23,25.75,25.89,25.63,25.66,18020647,33.96
2017-03-24,25.73,25.92,25.66,25.75,20200509,34.08
2017-03-27,25.56,25.72,25.5,25.69,19957826,33.99
2017-03-28,25.63,25.85,25.56,25.71,23470657,34.02
2017-03-29,25.69,25.73,25.43,25.5,17714767,33.74
2017-03-30,25.54,25.64,25.48,25.5,13893994,33.74
2017-03-31,25.5,25.6,25.44,25.54,16673508,33.8
2017-04-03,25.5,25.65,25.29,25.38,21830116,33.58
2017-04-04,25.29,25.47,25.1,25.47,20206458,33.41
2017-04-05,25.51,25.56,25.13,25.15,19388424,33
2017-04-06,25.13,25.37,25.07,25.22,17263841,33.08
2017-04-07,25.23,25.27,25.09,25.12,15451277,32.96
2017-04-10,25.12,25.32,25.06,25.16,16359505,33.01
2017-04-11,25.19,25.22,24.88,25.09,20582123,32.92
2017-04-12,25.05,25.12,24.77,24.87,26858564,32.62
2017-04-13,24.93,25.04,24.71,24.71,17728685,32.42
2017-04-17,24.76,24.9,24.74,24.86,13692173,32.61
2017-04-18,24.82,24.95,24.74,24.9,14675091,32.67
2017-04-19,25,25.07,24.86,24.89,18088371,32.65
2017-04-20,24.99,25.12,24.94,25.03,13307912,32.83
2017-04-21,25.11,25.11,24.9,25.02,16679058,32.82
2017-04-24,25.34,25.43,25.25,25.37,17291904,33.28
2017-04-25,25.45,25.55,25.42,25.47,17250367,33.42
2017-04-26,25.6,25.63,25.44,25.46,19921303,33.4
2017-04-27,25.92,26,25.63,25.73,29180190,33.75
2017-04-28,25.83,25.97,25.67,25.97,23058467,34.07
2017-05-01,26,26.02,25.77,25.89,15371884,33.97
2017-05-02,25.96,26.1,25.86,26.1,18129106,34.24
2017-05-03,26.04,26.17,26.01,26.11,16881940,34.25
2017-05-04,26.17,26.29,25.97,26.05,15183070,34.18
2017-05-05,26.11,26.22,25.97,26.21,16324977,34.39
2017-05-08,26.27,26.37,26.03,26.14,14765588,34.29
2017-05-09,26.02,26.11,25.8,25.84,20596256,33.9
2017-05-10,25.84,25.84,25.6,25.72,19443666,33.74
2017-05-11,25.7,25.78,25.52,25.63,19394764,33.63
2017-05-12,25.61,25.63,25.26,25.5,22094398,33.45
2017-05-15,25.92,26.27,25.9,26.09,34924511,34.23
2017-05-16,26.1,26.17,25.94,26.15,20797004,34.3
2017-05-17,26.07,26.15,25.76,25.78,41608887,33.82
2017-05-18,23.71,24.02,23.15,23.92,91841026,31.38
2017-05-19,24.19,24.22,23.64,23.79,46318417,31.21
2017-05-22,23.79,24.38,23.74,24.08,37685682,31.59
2017-05-23,24.26,24.29,24.03,24.21,32159980,31.76
2017-05-24,24.34,24.35,23.8,24,25422120,31.49
2017-05-25,24.05,24.16,23.91,23.97,24486624,31.44
2017-05-26,24.02,24.08,23.9,24.01,18833892,31.5
2017-05-30,23.94,24.25,23.93,24.15,18854910,31.68
2017-05-31,24.22,24.31,23.98,24.03,36067482,31.53
2017-06-01,24.03,24.26,23.99,24.26,17139603,31.82
2017-06-02,24.34,24.44,24.15,24.38,22567644,31.98
2017-06-05,24.43,24.43,24.06,24.21,17098981,31.76
2017-06-06,24.2,24.21,24.01,24.06,18004049,31.56
2017-06-07,24.1,24.18,23.97,24.1,16755661,31.61
2017-06-08,24.03,24.25,24.03,24.1,25203141,31.61
2017-06-09,24.12,24.26,23.7,23.91,27537740,31.37
2017-06-12,23.89,24.12,23.74,23.82,27854062,31.25
2017-06-13,23.86,24.24,23.84,24.16,31050603,31.7
2017-06-14,24.29,24.37,23.88,24.09,27390446,31.6
2017-06-15,23.82,24.12,23.8,24.07,20956756,31.58
2017-06-16,24.1,24.12,23.78,24.11,49381321,31.63
2017-06-19,24.22,24.41,24.07,24.38,20337429,31.99
2017-06-20,24.35,24.51,24.27,24.28,19812282,31.85
2017-06-21,24.19,24.29,24.02,24.27,22295796,31.84
2017-06-22,24.32,24.39,24.16,24.28,22658167,31.85
2017-06-23,24.28,24.62,24.2,24.46,31803067,32.09
2017-06-26,24.56,24.77,24.53,24.58,25031145,32.24
2017-06-27,24.46,24.59,24.21,24.21,25533947,31.76
2017-06-28,24.22,24.6,24.21,24.45,19752561,32.08
2017-06-29,24.23,24.41,23.82,23.94,30275173,31.41
2017-06-30,24.23,24.23,23.86,23.86,27621912,31.3
2017-07-03,23.7,24.12,23.65,23.88,15854406,31.33
2017-07-05,23.74,24.06,23.64,23.94,26487039,31.11
2017-07-06,23.84,23.87,23.6,23.64,24205970,30.72
2017-07-07,23.67,23.9,23.66,23.77,17870277,30.9
2017-07-10,23.76,23.92,23.71,23.84,17088966,30.98
2017-07-11,23.89,23.94,23.74,23.92,14602452,31.09
2017-07-12,24.04,24.19,23.96,23.97,20384582,31.16
2017-07-13,24.05,24.07,23.91,24.06,18329334,31.27
2017-07-14,24.14,24.2,24.06,24.17,15129787,31.42
2017-07-17,24.24,24.34,24.2,24.24,19002701,31.5
2017-07-18,24.17,24.24,23.98,24.24,17093363,31.51
2017-07-19,24.24,24.66,24.2,24.54,23262997,31.9
2017-07-20,24.55,24.66,24.44,24.51,17759670,31.86
2017-07-21,24.51,24.64,24.39,24.5,16862184,31.84
2017-07-24,24.51,24.56,24.36,24.51,19180933,31.86
2017-07-25,24.54,24.81,24.53,24.71,16649038,32.12
2017-07-26,24.71,24.79,24.24,24.36,25067156,31.66
2017-07-27,24.41,24.43,24.01,24.29,23472913,31.57
2017-07-28,24.2,24.31,24.05,24.25,16980014,31.52
2017-07-31,24.27,24.3,24.14,24.2,21895279,31.45
2017-08-01,24.3,24.36,24.18,24.35,14010921,31.65
2017-08-02,24.29,24.29,24.04,24.25,17545564,31.52
2017-08-03,24.3,24.4,24.18,24.28,15537244,31.56
2017-08-04,24.37,24.55,24.3,24.47,18367448,31.8
2017-08-07,24.46,24.53,24.38,24.5,13192854,31.84
2017-08-08,24.43,24.62,24.31,24.37,16540450,31.67
2017-08-09,24.27,24.37,24.13,24.33,17196940,31.62
2017-08-10,24.28,24.28,23.85,23.85,25214282,31
2017-08-11,24.03,24.27,23.88,24.21,22466939,31.47
2017-08-14,24.38,24.54,24.28,24.5,24376893,31.84
2017-08-15,24.5,24.78,24.5,24.69,26934468,32.09
2017-08-16,24.7,24.98,24.67,24.88,30964928,32.34
2017-08-17,24.23,24.44,23.74,23.88,56403462,31.04
2017-08-18,23.85,23.9,23.36,23.37,38510324,30.37
2017-08-21,23.37,23.69,23.36,23.6,26040984,30.68
2017-08-22,23.74,24.1,23.66,24.06,27523801,31.27
2017-08-23,24.01,24.16,23.78,23.79,24865747,30.92
2017-08-24,23.81,24.16,23.77,24.04,26068033,31.24
2017-08-25,24.15,24.47,24.13,24.19,21460886,31.44
2017-08-28,24.31,24.36,24.17,24.27,14669254,31.54
2017-08-29,24.05,24.34,24,24.22,19393377,31.48
2017-08-30,24.21,24.77,24.17,24.61,25105108,31.99
2017-08-31,24.7,24.88,24.61,24.78,31306680,32.21
2017-09-01,24.79,24.89,24.64,24.85,15881748,32.3
2017-09-05,24.74,24.81,24.2,24.33,35581544,31.62
2017-09-06,24.43,24.55,24.34,24.52,19970157,31.87
2017-09-07,24.59,24.6,24.42,24.44,16710526,31.76
2017-09-08,24.37,24.45,24.2,24.22,17161234,31.48
2017-09-11,24.4,24.85,24.37,24.77,25978317,32.19
2017-09-12,24.85,24.98,24.77,24.94,22526357,32.41
2017-09-13,24.87,24.92,24.59,24.76,25998859,32.18
2017-09-14,24.55,24.79,24.55,24.77,21309044,32.19
2017-09-15,24.77,25.01,24.71,24.96,39826263,32.44
2017-09-18,24.96,25.13,24.82,25.02,19553985,32.52
2017-09-19,24.97,25.12,24.92,25,14794494,32.49
2017-09-20,25.04,25.2,24.92,25.08,22055004,32.6
2017-09-21,25.17,25.31,25.01,25.16,22314231,32.7
2017-09-22,25.13,25.8,25.11,25.67,31287732,33.37
2017-09-25,25.63,26.04,25.54,25.94,36308696,33.72
2017-09-26,25.97,26.24,25.91,25.97,28518078,33.76
2017-09-27,25.99,26.1,25.62,25.76,25554427,33.48
2017-09-28,25.56,25.74,25.56,25.66,18996094,33.35
2017-09-29,25.63,25.91,25.57,25.87,17547043,33.63
2017-10-02,25.86,25.98,25.79,25.97,18919259,33.75
2017-10-03,25.94,26.08,25.86,26.04,14693707,33.85
2017-10-04,26.02,26.04,25.83,25.95,16155151,33.44
2017-10-05,26.06,26.13,25.93,26.07,16380347,33.59
2017-10-06,26.11,26.21,26.02,26.19,19312962,33.75
2017-10-09,26.21,26.3,26.08,26.2,10578909,33.76
2017-10-10,26.29,26.32,25.97,26.04,20638168,33.55
2017-10-11,25.9,26.1,25.8,26.07,14981642,33.59
2017-10-12,25.81,25.97,25.74,25.81,21414293,33.26
2017-10-13,25.92,26.05,25.86,25.97,15924225,33.47
2017-10-16,26.07,26.11,25.97,26.03,12671570,33.54
2017-10-17,26.07,26.13,25.97,26.07,10375572,33.6
2017-10-18,26.17,26.19,25.95,26.04,11090932,33.55
2017-10-19,26,26.3,25.96,26.19,14449063,33.75
2017-10-20,26.4,26.69,26.39,26.58,29810484,34.25
2017-10-23,26.73,26.91,26.59,26.66,25870897,34.35
2017-10-24,26.7,26.91,26.58,26.84,18148627,34.58
2017-10-25,26.95,26.95,26.51,26.62,19626437,34.3
2017-10-26,26.7,26.78,26.44,26.59,15747471,34.27
2017-10-27,26.5,26.87,26.46,26.72,23224600,34.43
2017-10-30,26.63,26.68,26.25,26.42,20613059,34.04
2017-10-31,26.37,26.57,26.35,26.5,16155993,34.15
2017-11-01,26.61,26.97,26.6,26.87,23895707,34.62
2017-11-02,26.81,26.88,26.51,26.55,21895819,34.21
2017-11-03,26.6,26.77,26.41,26.75,15361486,34.47
2017-11-06,26.67,26.82,26.59,26.7,14065432,34.41
2017-11-07,26.63,26.76,26.55,26.7,12677217,34.4
2017-11-08,26.63,26.77,26.48,26.77,14773979,34.5
2017-11-09,26.61,26.63,26.29,26.42,18363902,34.05
2017-11-10,26.43,26.46,26.13,26.38,21072518,33.99
2017-11-13,26.28,26.55,26.25,26.35,18214986,33.95
2017-11-14,26.28,26.51,26.23,26.42,19301213,34.04
2017-11-15,26.36,26.63,26.19,26.47,32888447,34.11
2017-11-16,27.97,28.46,27.81,27.84,66261678,35.88
2017-11-17,27.86,28.19,27.79,27.86,32012075,35.9
2017-11-20,27.88,28.36,27.88,28.33,30061142,36.5
2017-11-21,28.52,28.69,28.39,28.44,26858350,36.65
2017-11-22,28.48,28.49,28.22,28.29,19009621,36.45
2017-11-24,28.26,28.38,28.19,28.32,7227908,36.49
2017-11-27,28.33,28.78,28.33,28.61,24081144,36.87
2017-11-28,28.71,29.33,28.7,29.28,33745889,37.73
2017-11-29,29.3,29.51,28.89,29.09,39248230,37.48
2017-11-30,29.19,29.33,28.95,28.95,38758036,37.3
2017-12-01,28.78,29.23,28.5,29.18,30460167,37.6
2017-12-04,29.34,29.48,29.13,29.27,32903717,37.72
2017-12-05,29.29,29.35,28.85,28.95,27881670,37.31
2017-12-06,29,29.27,28.91,29.03,19591186,37.41
2017-12-07,28.92,29.32,28.92,29.02,19125024,37.4
2017-12-08,29.17,29.25,29.04,29.19,15904034,37.61
2017-12-11,29.17,29.52,29.16,29.46,19219224,37.96
2017-12-12,29.33,29.57,29.15,29.42,19485352,37.91
2017-12-13,29.56,29.78,29.49,29.61,23170897,38.15
2017-12-14,29.64,29.7,29.38,29.41,18502777,37.9
2017-12-15,29.5,29.71,29.26,29.64,66200156,38.19
2017-12-18,29.86,30.18,29.72,29.86,24724238,38.48
2017-12-19,30,30.16,29.71,29.72,22339786,38.3
2017-12-20,29.87,30.11,29.65,30.06,21344144,38.74
2017-12-21,30.17,30.26,29.87,29.9,18686459,38.53
2017-12-22,29.89,30.06,29.85,29.92,13286817,38.55
2017-12-26,29.92,30.02,29.77,29.86,9419165,38.48
2017-12-27,29.91,29.99,29.84,29.92,12208128,38.56
2017-12-28,30.06,30.06,29.84,29.95,10017098,38.59
2017-12-29,29.81,29.97,29.72,29.72,16264723,38.3
2018-01-02,30.01,30.23,29.82,30.16,22326355,38.86
2018-01-03,30.04,30.49,29.9,30.4,33535973,39.17
2018-01-04,30.53,30.91,30.44,30.48,22865742,38.99
2018-01-05,30.92,31.18,30.78,30.91,27304905,39.53
2018-01-08,30.9,31.24,30.76,31.23,19592762,39.94
2018-01-09,31.11,31.24,30.91,31.03,24167745,39.69
2018-01-10,31,31.46,30.98,31.2,21364221,39.91
2018-01-11,31.38,31.44,31.08,31.35,23264565,40.1
2018-01-12,31.44,32,31.31,31.95,27534914,40.87
2018-01-16,31.98,32.18,31.52,31.7,40096677,40.54
2018-01-17,31.93,32.3,31.82,32.21,27457749,41.2
2018-01-18,32.24,32.43,32.08,32.29,22442002,41.3
2018-01-19,32.27,32.46,32.13,32.28,31111156,41.29
2018-01-22,32.21,32.57,32.07,32.57,26984522,41.66
2018-01-23,32.48,32.94,32.48,32.91,26096776,42.1
2018-01-24,32.99,33.37,32.84,32.97,29788359,42.17
2018-01-25,33.05,33.2,32.7,32.76,21082278,41.9
2018-01-26,32.95,33.27,32.8,33.27,26416771,42.56
2018-01-29,33.07,33.6,33.07,33.5,25704934,42.85
2018-01-30,33.37,33.51,32.81,33.03,30963246,42.25
2018-01-31,32.82,32.84,32.33,32.48,40266357,41.54
2018-02-01,32.13,32.92,31.8,32.6,29155103,41.7
2018-02-02,32.45,32.8,31.95,32,30292425,40.93
2018-02-05,31.95,32.37,30.27,30.29,60968547,38.74
2018-02-06,29.97,31.51,29.2,31.41,59079223,40.17
2018-02-07,31.52,32.22,31.3,31.54,35329062,40.34
2018-02-08,31.62,31.87,30.27,30.31,45999692,38.77
2018-02-09,30.49,31.21,29.89,30.91,54373950,39.53
2018-02-12,31.68,31.98,31.45,31.74,41750135,40.6
2018-02-13,31.66,32.3,31.44,32.23,33349819,41.23
2018-02-14,32.09,33.04,32.05,32.91,46982793,42.09
2018-02-15,35.23,35.28,33.82,34.46,76234283,44.08
2018-02-16,34.31,35.25,34.24,34.66,43240794,44.33
2018-02-20,34.4,34.94,34.25,34.45,31315579,44.06
2018-02-21,34.49,34.73,33.84,33.86,30566616,43.31
2018-02-22,34,34.06,33.42,33.57,28755974,42.94
2018-02-23,33.91,34.43,33.56,34.4,28144970,44
2018-02-26,34.63,35.53,34.5,35.46,30954883,45.36
2018-02-27,35.5,35.66,34.88,35.21,30060388,45.04
2018-02-28,35.39,35.88,35.01,35.01,30741390,44.78
2018-03-01,34.93,35.18,33.89,34.24,34675733,43.8
2018-03-02,33.85,34.57,33.7,34.45,31118853,44.06
2018-03-05,34.34,35,34.17,34.81,24347352,44.52
2018-03-06,34.91,35.01,34.51,34.63,23879301,44.29
2018-03-07,34.42,34.71,34.24,34.56,24090411,44.2
2018-03-08,34.6,34.72,34.35,34.67,21697825,44.34
2018-03-09,34.88,35.6,34.88,35.47,24692260,45.37
2018-03-12,35.6,35.86,35.49,35.61,20167379,45.55
2018-03-13,35.79,36.09,35.12,35.31,26068833,45.16
2018-03-14,35.45,35.78,35.25,35.4,23634703,45.28
2018-03-15,35.42,35.76,35.28,35.44,27700297,45.33
2018-03-16,35.44,35.65,35.16,35.19,78443421,45.01
2018-03-19,34.86,35.04,34.32,34.61,30163769,44.27
2018-03-20,34.78,34.9,34.54,34.69,26258013,44.37
2018-03-21,34.59,35.1,34.5,34.64,25650275,44.31
2018-03-22,34.21,34.42,33.63,33.67,33405099,43.07
2018-03-23,34.17,34.28,33.16,33.16,35307358,42.42
2018-03-26,33.81,34.53,33.49,34.45,33530762,44.06
2018-03-27,34.78,34.81,33.02,33.37,34896794,42.68
2018-03-28,33.24,33.49,32.54,32.57,39249551,41.66
2018-03-29,32.79,33.56,32.51,33.53,73635819,42.89
2018-04-02,33.24,33.33,31.69,32.06,40533574,41.01
2018-04-03,32.32,32.45,31.84,32.35,30706183,41.38
2018-04-04,31.83,32.75,31.67,32.47,32948298,41.2
2018-04-05,32.71,33.12,32.61,32.96,32410590,41.82
2018-04-06,32.63,32.85,31.88,32.1,35472755,40.73
2018-04-09,32.27,33.15,32.23,32.45,28695426,41.17
2018-04-10,33.18,33.66,32.9,33.5,25606208,42.51
2018-04-11,33.43,33.81,33.31,33.44,24656877,42.43
2018-04-12,33.72,34.39,33.68,34.16,24285323,43.34
2018-04-13,34.32,34.47,33.6,33.89,19753350,43
2018-04-16,33.98,34.39,33.91,34.13,17413354,43.3
2018-04-17,34.56,35.27,34.44,35.14,23595278,44.59
2018-04-18,35.16,35.4,34.91,35.17,18668955,44.63
2018-04-19,35.01,35.43,34.98,35.12,22925235,44.56
2018-04-20,35.07,35.27,34.38,34.75,28752513,44.09
2018-04-23,34.88,35.05,34.57,34.87,23846517,44.25
2018-04-24,35.02,35.39,34.15,34.47,23902272,43.74
2018-04-25,34.52,34.67,33.69,34.45,23528130,43.71
2018-04-26,34.66,35.06,34.24,34.84,23243873,44.21
2018-04-27,35.22,35.73,34.96,35.24,21540875,44.71
2018-04-30,35.4,35.61,34.9,34.91,22977450,44.29
2018-05-01,34.61,35.43,34.54,35.33,18428519,44.83
2018-05-02,35.39,35.39,34.57,34.57,2539127,43.86
2018-05-03,34.64,35.02,34.64,35.02,2532416,44.44
2018-05-04,34.68,35.86,34.6,35.7,21640269,45.3
2018-05-07,35.75,36.25,35.7,36.04,20169506,45.73
2018-05-08,36.11,36.15,35.76,36.02,23019004,45.71
2018-05-09,36.18,36.33,35.61,36.28,22318845,46.04
2018-05-10,36.25,36.54,35.99,36.49,20026905,46.3
2018-05-11,36.32,36.47,36.08,36.2,20575170,45.93
2018-05-14,36.06,36.43,35.99,36.02,24140611,45.7
2018-05-15,35.63,35.9,35.41,35.84,27056807,45.48
2018-05-16,35.75,35.9,35.47,35.59,32909977,45.16
2018-05-17,33.99,34.8,33.9,34.25,50724054,43.46
2018-05-18,34.25,34.34,33.98,34.05,25539911,43.21
2018-05-21,34.27,34.63,34.22,34.48,23851694,43.75
2018-05-22,34.51,34.61,34.26,34.4,18252273,43.65
2018-05-23,34.2,34.44,33.8,34.42,23286163,43.68
2018-05-24,34.36,34.65,33.9,34.34,20204151,43.57
2018-05-25,34.25,34.38,34.05,34.09,16953382,43.26
2018-05-29,33.7,34.01,33.51,33.87,28683832,42.97
2018-05-30,33.95,34.16,33.75,33.77,24874988,42.85
2018-05-31,33.78,33.99,33.58,33.66,41906413,42.71
2018-06-01,33.82,34.43,33.79,34.41,20153466,43.66
2018-06-04,34.28,34.54,34.05,34.35,19759331,43.58
2018-06-05,34.47,34.48,34.2,34.42,18923481,43.67
2018-06-06,34.5,34.92,34.41,34.88,19884868,44.26
2018-06-07,34.87,34.98,34.16,34.4,22077083,43.65
2018-06-08,34.3,34.46,34.13,34.27,21748524,43.48
2018-06-11,34.38,34.61,34.24,34.43,17031705,43.69
2018-06-12,34.42,34.63,34.26,34.63,19833298,43.94
2018-06-13,34.69,35.09,34.55,34.68,29069604,44.01
2018-06-14,34.86,35.32,34.72,35.22,27246334,44.69
2018-06-15,34.96,35.09,34.35,34.87,73476768,44.25
2018-06-18,34.57,35.01,34.2,34.84,20045838,44.21
2018-06-19,34.38,34.69,34.24,34.53,25258337,43.82
2018-06-20,34.64,34.67,34.44,34.47,23736174,43.74
2018-06-21,34.43,34.5,33.94,34.01,22891175,43.16
2018-06-22,34.16,34.24,33.8,34.05,36714993,43.2
2018-06-25,33.64,33.75,32.95,33.33,31463093,42.29
2018-06-26,33.48,34,33.41,33.53,24186625,42.55
2018-06-27,33.68,34.01,33.32,33.36,24646033,42.33
2018-06-28,33.36,34.04,33.32,33.84,25451324,42.94
2018-06-29,33.93,34.28,33.87,33.91,24396091,43.03
2018-07-02,33.54,33.75,33.26,33.74,24134279,42.81
2018-07-03,33.84,34.07,33.59,33.63,15175421,42.67
2018-07-05,33.8,33.87,33.33,33.8,19602411,42.56
2018-07-06,33.67,34.05,33.6,33.92,22145030,42.71
2018-07-09,33.95,33.98,33.64,33.89,25387581,42.67
2018-07-10,34.05,34.18,33.92,34.04,22198529,42.86
2018-07-11,33.8,33.96,33.71,33.81,19269273,42.57
2018-07-12,33.96,34.65,33.95,34.61,20540762,43.58
2018-07-13,34.57,34.77,32.52,33.18,53743360,41.78
2018-07-16,33.4,34.11,33.36,33.76,26340108,42.5
2018-07-17,33.53,33.76,33.47,33.63,22653700,42.34
2018-07-18,33.55,33.73,33.48,33.53,21986641,42.21
2018-07-19,33.99,34.16,33.53,33.68,26268290,42.4
2018-07-20,33.57,33.65,33.25,33.37,24519135,42.01
2018-07-23,33.29,33.45,32.91,33.41,17193447,42.06
2018-07-24,33.53,34.06,33.41,33.67,18980677,42.39
2018-07-25,33.64,34.33,33.59,34.28,23972831,43.16
2018-07-26,34.61,34.81,34.33,34.57,25798994,43.53
2018-07-27,34.36,34.65,33.69,33.81,23778938,42.57
2018-07-30,33.72,33.84,33.42,33.49,16929733,42.17
2018-07-31,33.55,33.85,33.29,33.59,25112416,42.29
2018-08-01,33.35,33.63,32.83,33.25,23966358,41.86
2018-08-02,32.87,33.84,32.72,33.78,19832008,42.53
2018-08-03,33.92,34.05,33.72,34.02,15282252,42.83
2018-08-06,33.94,34.48,33.88,34.39,16274916,43.3
2018-08-07,34.39,34.66,34.34,34.61,19695670,43.58
2018-08-08,34.61,34.92,34.5,34.82,15692307,43.84
2018-08-09,34.86,35.03,34.71,34.77,15702820,43.78
2018-08-10,34.7,34.91,34.61,34.77,15967421,43.78
2018-08-13,35.01,35.26,34.71,34.75,20334350,43.75
2018-08-14,34.82,35.17,34.61,34.95,17226665,44
2018-08-15,34.68,35.34,34.16,34.84,29748970,43.86
2018-08-16,36.35,36.61,35.8,35.87,51416682,45.16
2018-08-17,35.82,36.6,35.68,36.43,24638191,45.87
2018-08-20,36.53,36.8,36.36,36.71,21457561,46.22
2018-08-21,36.73,36.88,36.31,36.36,20395263,45.78
2018-08-22,36.5,36.66,36.31,36.53,14389264,45.99
2018-08-23,36.44,36.73,36.42,36.55,17450375,46.02
2018-08-24,36.69,36.89,36.59,36.79,17310110,46.32
2018-08-27,36.93,37.21,36.81,37,18553938,46.59
2018-08-28,37.16,37.54,37.03,37.29,22456272,46.95
2018-08-29,37.39,37.82,37.25,37.71,22700389,47.48
2018-08-30,37.58,37.76,37.31,37.45,17437616,47.15
2018-08-31,37.26,37.99,37.17,37.94,30431694,47.77
2018-09-04,38,38.17,37.73,37.91,21148286,47.73
2018-09-05,37.77,37.85,37.14,37.54,24163353,47.27
2018-09-06,37.68,38.04,37.39,37.56,18452468,47.29
2018-09-07,37.34,37.72,37.23,37.37,19307989,47.05
2018-09-10,37.57,37.7,37.15,37.39,19101995,47.07
2018-09-11,37.26,37.46,36.88,37.35,19201234,47.03
2018-09-12,37.22,37.34,36.89,37.24,18653023,46.89
2018-09-13,37.2,37.65,37.17,37.52,20022626,47.24
2018-09-14,37.54,37.72,37.41,37.65,15258612,47.4
2018-09-17,37.51,37.79,37.39,37.42,16621005,47.11
2018-09-18,37.39,37.85,37.39,37.7,19039969,47.46
2018-09-19,37.66,37.82,37.43,37.55,14653377,47.28
2018-09-20,37.66,37.97,37.46,37.91,19853164,47.73
2018-09-21,38.07,38.63,37.98,38.57,84273547,48.56
2018-09-24,38.29,38.62,38.27,38.47,24945420,48.44
2018-09-25,38.58,38.82,38.47,38.5,17459875,48.47
2018-09-26,38.67,38.97,38.34,38.45,23154451,48.41
2018-09-27,38.39,38.73,38.29,38.39,19193630,48.33
2018-09-28,38.34,38.76,38.17,38.64,17827221,48.65
2018-10-01,38.92,39.03,38.65,38.82,14974636,48.87
2018-10-02,38.72,39.03,38.66,38.93,18527816,49.01
2018-10-03,39.12,39.29,38.97,39.03,18925671,49.14
2018-10-04,38.89,39,38.41,38.69,24450553,48.38
2018-10-05,38.7,39.06,38.07,38.49,20914565,48.13
2018-10-08,38.32,38.78,37.7,38,27663717,47.52
2018-10-09,38.01,38.41,37.81,37.97,18625447,47.49
2018-10-10,37.93,37.99,36.41,36.49,37498986,45.63
2018-10-11,36.35,36.46,35.12,35.28,40053995,44.12
2018-10-12,35.93,36.66,35.55,36.55,38488992,45.71
2018-10-15,36.4,36.56,35.72,35.72,29527492,44.67
2018-10-16,36.21,36.73,35.86,36.64,25596929,45.82
2018-10-17,36.69,36.97,36.16,36.73,19682043,45.94
2018-10-18,37.02,37.17,36.1,36.35,21352451,45.46
2018-10-19,36.3,36.94,36.09,36.25,24980888,45.34
2018-10-22,36.6,37.01,36.31,36.59,21208751,45.76
2018-10-23,36.1,36.6,35.54,36.32,23357228,45.42
2018-10-24,36.37,36.53,35.15,35.24,33490347,44.07
2018-10-25,35.68,36.63,35.35,36.36,29706687,45.47
2018-10-26,35.64,36.07,35.01,35.38,35768841,44.25
2018-10-29,35.89,36.02,34.34,35.06,30698332,43.84
2018-10-30,35.12,35.74,34.98,35.65,28669401,44.58
2018-10-31,36.02,37.02,35.89,36.58,30314087,45.75
2018-11-01,36.52,36.69,36.06,36.5,26434707,45.65
2018-11-02,36.56,36.85,35.97,36.37,28546677,45.48
2018-11-05,36.57,37.13,36.26,36.89,19682526,46.14
2018-11-06,36.81,37.28,36.78,37.18,17133917,46.5
2018-11-07,37.57,38.33,37.38,38.3,22727900,47.9
2018-11-08,38.28,38.73,38.28,38.73,23116148,48.44
2018-11-09,38.45,38.58,37.34,37.67,24913510,47.11
2018-11-12,37.69,37.78,36.41,36.48,29055340,45.62
2018-11-13,36.54,36.83,36,36.08,28508913,45.12
2018-11-14,36.35,36.49,35.25,35.45,39729518,44.33
2018-11-15,37.42,37.66,36.1,37.4,49362319,46.77
2018-11-16,37.15,37.61,36.89,37.06,34776942,46.35
2018-11-19,37.06,37.25,36.18,36.58,31889973,45.75
2018-11-20,35.92,36.21,35.3,35.58,31740817,44.49
2018-11-21,35.94,36.13,35.5,35.9,22065555,44.895
2018-11-23,35.54,36.08,35.5,35.62,10887371,44.54
2018-11-26,36.09,36.49,36.05,36.44,20479993,45.57
2018-11-27,36.34,37.09,36.15,36.88,24960372,46.12
2018-11-28,37.02,37.97,36.88,37.81,27048395,47.29
2018-11-29,37.5,38.19,37.5,37.85,24820209,47.34
2018-11-30,37.8,38.31,37.52,38.28,55429277,47.87
2018-12-03,38.64,39.01,38.45,38.97,27946695,48.74
2018-12-04,38.93,39.29,37.78,37.86,35509678,47.35
2018-12-06,37.57,38.75,37.16,38.69,43880939,48.39
2018-12-07,38.51,38.77,37.07,37.13,42434000,46.44
2018-12-10,37.02,37.69,36.63,37.47,30931185,46.86
2018-12-11,38.27,38.3,37.35,37.65,28194146,47.09
2018-12-12,38.32,38.54,37.87,37.92,26944562,47.42
2018-12-13,38.13,38.35,37.69,37.96,22117597,47.47
2018-12-14,37.08,37.27,36.49,36.64,31286933,45.82
2018-12-17,36.64,36.77,35.11,35.34,41557709,44.2
2018-12-18,35.62,35.67,34.97,35.23,36068898,44.06
2018-12-19,35.1,35.92,34.04,34.5,39305999,43.14
2018-12-20,34.38,34.57,33.48,33.98,43357211,42.49
2018-12-21,34.31,34.75,33.38,33.46,104048975,41.85
2018-12-24,33.34,33.43,32.18,32.21,26216669,40.28
2018-12-26,32.53,33.98,32.3,33.96,37056878,42.47
2018-12-27,33.5,34.33,32.9,34.31,33452747,42.91
2018-12-28,34.52,34.8,33.95,34.2,25266778,42.77
2018-12-31,34.54,34.82,34.3,34.65,24511350,43.33
2019-01-02,33.81,34.54,33.75,34.34,27351147,42.95
2019-01-03,34.09,34.17,33.01,33.09,32367881,41.07
2019-01-04,33.72,34.65,33.47,34.59,31113368,42.92
2019-01-07,34.54,35.17,34.46,34.82,21824937,43.21
2019-01-08,35.11,35.41,34.73,35.1,25526837,43.56
2019-01-09,35.35,35.35,34.79,34.91,24921843,43.32
2019-01-10,34.74,34.88,34.31,34.84,26161236,43.24
2019-01-11,34.74,35.09,34.56,35.04,19497092,43.49
2019-01-14,34.71,34.96,34.65,34.82,18930207,43.21
2019-01-15,34.92,35.49,34.77,35.47,19975557,44.02
2019-01-16,35.55,35.65,35.26,35.42,19460424,43.96
2019-01-17,35.35,35.88,35.29,35.62,20635838,44.21
2019-01-18,35.84,36.54,35.71,36.29,29020397,45.03
2019-01-22,36.16,36.45,35.76,36.08,25093037,44.78
2019-01-23,36.37,36.97,36.28,36.63,27928949,45.46
2019-01-24,36.77,36.87,36.45,36.75,18766855,45.61
2019-01-25,37.16,37.6,37.03,37.17,27645867,46.13
2019-01-28,36.85,36.88,36.45,36.87,21618088,45.75
2019-01-29,36.91,37.11,36.78,37.04,15810083,45.96
2019-01-30,37.02,37.82,37,37.64,20614970,46.71
2019-01-31,37.65,38.18,37.49,38.11,29354258,47.29
2019-02-01,38.17,38.32,37.91,38.15,18480359,47.34
2019-02-04,38.05,38.25,37.97,38.16,17987366,47.35
2019-02-05,38.21,38.24,37.93,38.08,19053176,47.26
2019-02-06,37.97,38.35,37.83,38.26,20262898,47.48
2019-02-07,38.03,38.13,37.46,37.63,23581188,46.7
2019-02-08,37.39,38.03,37.31,38.03,19773012,47.19
2019-02-11,38.15,38.45,37.98,38.34,21185370,47.58
2019-02-12,38.09,38.8,38,38.59,26239829,47.89
2019-02-13,38.57,38.64,37.97,38.28,30005962,47.5
2019-02-14,39.53,40.03,38.95,39,51087084,48.4
2019-02-15,39.35,39.96,39.03,39.83,34239494,49.43
2019-02-19,39.65,40.23,39.65,40.01,22422742,49.65
2019-02-20,40.05,40.13,39.77,39.99,19476907,49.63
2019-02-21,39.92,40.06,39.65,39.82,18758110,49.41
2019-02-22,40.05,40.47,39.95,40.38,23772715,50.11
2019-02-25,40.56,41.1,40.56,40.93,26589834,50.79
2019-02-26,40.68,41.43,40.68,41.24,22369394,51.18
2019-02-27,41.27,41.62,41.01,41.57,22106560,51.59
2019-02-28,41.54,41.87,41.38,41.72,39834693,51.77
2019-03-01,41.9,41.97,41.31,41.43,26471029,51.41
2019-03-04,41.62,41.84,40.8,41.23,21592158,51.16
2019-03-05,41.19,41.5,41.07,41.34,16369932,51.3
2019-03-06,41.39,41.73,41.03,41.64,21732630,51.67
2019-03-07,41.54,41.88,41.26,41.33,24616392,51.29
2019-03-08,40.87,41.2,40.7,41.15,20323862,51.07
2019-03-11,41.21,41.97,41.18,41.84,19907957,51.92
2019-03-12,41.91,42.12,41.64,42.02,21154404,52.15
2019-03-13,42.23,42.59,42.02,42.38,22711799,52.59
2019-03-14,42.41,42.68,42.31,42.5,22191898,52.74
2019-03-15,42.66,43.21,42.65,42.87,61723797,53.2
2019-03-18,42.93,43.46,42.78,43.12,21666098,53.51
2019-03-19,43.34,43.51,42.82,42.96,23243045,53.31
2019-03-20,42.84,43.41,42.59,42.92,23627997,53.26
2019-03-21,42.77,43.7,42.74,43.47,22557938,53.94
2019-03-22,43.44,43.63,42.47,42.5,27109098,52.74
2019-03-25,42.47,42.65,42.1,42.49,19794779,52.73
2019-03-26,42.86,43.1,42.71,42.89,20116742,53.23
2019-03-27,42.95,43.24,42.5,42.82,22690787,53.14
2019-03-28,42.86,43.26,42.72,43,14071283,53.36
2019-03-29,43.27,43.51,43,43.51,23334048,53.99
2019-04-01,43.9,44.34,43.83,44.3,21627713,54.98
2019-04-02,44.35,44.65,44.3,44.55,18665267,55.29
2019-04-03,44.69,44.96,44.38,44.83,24348955,55.63
2019-04-04,44.92,45.15,44.49,44.71,18264112,55.14
2019-04-05,44.8,45.09,44.71,44.77,15271814,55.21
2019-04-08,44.76,45.05,44.43,45,14999297,55.49
2019-04-09,44.67,44.94,44.49,44.75,17367372,55.18
2019-04-10,44.69,45.28,44.69,45.27,14993935,55.82
2019-04-11,45.35,45.37,44.85,45.09,14259526,55.6
2019-04-12,45.35,45.7,45.24,45.65,15542486,56.29
2019-04-15,45.74,45.91,45.6,45.87,13339783,56.56
2019-04-16,45.91,46.65,45.91,46.18,21393451,56.95
2019-04-17,46.37,46.48,45.64,45.66,28820010,56.31
2019-04-18,45.92,45.97,45.5,45.74,22362907,56.4
2019-04-22,45.54,45.9,45.49,45.69,13260696,56.34
2019-04-23,45.76,45.97,45.57,45.97,20273392,56.69
2019-04-24,45.93,46.34,45.88,46.12,14987260,56.88
2019-04-25,45.78,46.04,45.42,45.68,17053823,56.33
2019-04-26,45.43,45.71,45.15,45.31,19461801,55.88
2019-04-29,45.14,45.59,45.05,45.52,17577586,56.13
2019-04-30,45.41,45.51,45.03,45.37,23278819,55.95
2019-05-01,45.41,45.7,45.01,45.07,19381255,55.58
2019-05-02,44.99,45.32,44.45,44.55,25467474,54.94
2019-05-03,44.31,44.59,43.94,44.55,28310369,54.94
2019-05-06,43.68,44.41,43.43,44.27,18899190,54.59
2019-05-07,43.68,43.98,42.93,43.34,27815578,53.45
2019-05-08,43.12,43.74,43.08,43.36,25250208,53.47
2019-05-09,42.83,43.15,42.35,42.91,26118776,52.92
2019-05-10,42.66,43.42,42.13,43.27,23016320,53.36
2019-05-13,42.03,42.38,41.41,41.6,31839976,51.3
2019-05-14,41.72,42.52,41.66,42.18,27645901,52.02
2019-05-15,41.97,42.74,41.92,42.52,32445694,52.44
2019-05-16,44.02,45.74,43.89,45.35,49275102,55.93
2019-05-17,45.23,46.08,45.02,45.7,30169543,56.35
2019-05-20,45.25,45.73,45.05,45.42,23286557,56.01
2019-05-21,45.96,46.02,45.52,45.83,20446664,56.52
2019-05-22,45.59,45.65,45.14,45.16,20694191,55.69
2019-05-23,44.53,44.61,43.74,43.94,25326796,54.19
2019-05-24,44.25,44.33,43.84,44.09,14157170,54.37
2019-05-28,44.39,44.62,43.64,43.73,38974458,53.93
2019-05-29,43.42,43.42,42.86,43.12,21632355,53.18
2019-05-30,43.34,43.61,43.25,43.44,13807870,53.57
2019-05-31,42.81,42.88,42.18,42.19,23270556,52.03
2019-06-03,42.21,42.63,41.75,41.99,25334999,51.78
2019-06-04,42.56,43.49,42.5,43.16,23674135,53.23
2019-06-05,43.67,44.43,43.59,44.4,24590497,54.75
2019-06-06,44.51,44.84,43.96,44.68,17740254,55.1
2019-06-07,44.93,45.65,44.62,45.35,19318867,55.93
2019-06-10,45.52,45.94,45.38,45.75,18608353,56.42
2019-06-11,46.01,46.68,46,46.31,28282352,57.11
2019-06-12,45.45,45.89,45.13,45.3,25030095,55.86
2019-06-13,45.35,45.63,45.23,45.55,17649972,56.17
2019-06-14,45.4,45.42,44.32,44.4,24524637,54.75
2019-06-17,44.59,44.98,44.49,44.92,22753520,55.4
2019-06-18,45.47,45.94,45.21,45.45,23620909,56.05
2019-06-19,45.44,45.71,45.22,45.52,24327966,56.13
2019-06-20,46.22,46.66,45.96,46.55,23838246,57.41
2019-06-21,46.55,47.15,46.21,46.25,84403643,57.03
2019-06-24,46.42,46.46,45.97,46.37,19976256,57.18
2019-06-25,46.27,46.38,45.42,45.48,28785141,56.08
2019-06-26,45.85,46.26,45.7,45.9,22868037,56.6
2019-06-27,46.17,46.42,44.98,45.19,26300666,55.73
2019-06-28,45.34,45.39,43.81,44.38,128712047,54.73
2019-07-01,44.81,44.88,43.97,44.39,30873965,54.74
2019-07-02,44.46,45.35,44.42,45.26,22181016,55.81
2019-07-03,45.51,46.14,45.32,46.09,15321070,56.48
2019-07-05,45.7,46.29,45.46,46.19,16511334,56.6
2019-07-08,45.9,46.09,45.67,45.85,17505582,56.19
2019-07-09,46,46.26,45.73,45.98,21490807,56.34
2019-07-10,46.26,47.04,46.19,46.62,21156005,57.13
2019-07-11,46.82,47.02,46.45,46.76,18104758,57.3
2019-07-12,46.99,47.32,46.98,47.29,15056774,57.95
2019-07-15,47.33,47.52,47.22,47.37,10137586,58.05
2019-07-16,47.44,47.54,46.89,47.02,13191194,57.62
2019-07-17,46.98,47.16,46.67,46.69,10885286,57.21
2019-07-18,46.55,47.16,46.43,47.12,11566982,57.74
2019-07-19,47.17,47.39,46.77,46.81,16086049,57.36
2019-07-22,46.89,47.34,46.82,47.11,11950241,57.73
2019-07-23,47.38,47.41,46.91,47.09,14054099,57.71
2019-07-24,46.99,47.07,46.6,46.7,20237670,57.23
2019-07-25,46.81,46.92,46,46.2,18721145,56.62
2019-07-26,46.25,46.38,46,46.13,17887957,56.53
2019-07-29,46.26,46.64,46.14,46.46,13130242,56.93
2019-07-30,46.39,46.43,45.98,46.08,10534171,56.47
2019-07-31,45.97,46.38,44.8,45.21,19518309,55.4
2019-08-01,45.57,46.42,45.01,45.2,20875901,55.39
2019-08-02,44.25,44.33,42.91,43.45,30881233,53.25
2019-08-05,42.75,42.87,41.57,41.92,33439665,51.37
2019-08-06,42.39,43.03,42.11,42.92,23110184,52.6
2019-08-07,42.29,42.83,41.79,42.71,27132427,52.34
2019-08-08,43.08,43.54,42.92,43.38,29657572,53.16
2019-08-09,43.07,43.14,42.47,42.78,20591161,52.43
2019-08-12,42.65,42.72,41.9,42.06,17998879,51.54
2019-08-13,42,43.31,41.78,43.02,23618781,52.72
2019-08-14,42.53,42.53,40.91,41.3,33440210,50.61
2019-08-15,38.65,39.12,37.54,37.74,64902008,46.25
2019-08-16,37.88,38.65,37.86,38.32,27965748,46.96
2019-08-19,39.09,39.66,38.75,39.58,29512196,48.5
2019-08-20,39.61,39.65,39.1,39.11,20061072,47.93
2019-08-21,39.58,39.92,39.46,39.8,20485538,48.77
2019-08-22,40.18,40.25,39.12,39.32,24640337,48.18
2019-08-23,39.09,39.59,37.89,38.04,29663077,46.61
2019-08-26,38.39,38.57,38.08,38.44,16825438,47.1
2019-08-27,38.79,38.88,38.1,38.18,26044189,46.79
2019-08-28,37.97,38.32,37.73,38.25,12580240,46.87
2019-08-29,38.83,39.1,38.44,38.57,16861496,47.27
2019-08-30,38.78,38.82,37.98,38.18,21618547,46.785
2019-09-03,38.05,38.33,37.7,37.95,18942492,46.5
2019-09-04,38.37,38.69,38.26,38.61,15807129,47.32
2019-09-05,39.19,39.75,38.99,39.51,20541787,48.42
2019-09-06,39.7,39.98,39.39,39.85,19938877,48.84
2019-09-09,39.96,39.99,39.54,39.64,24498648,48.58
2019-09-10,39.63,40.27,39.12,40.16,18188248,49.21
2019-09-11,40.76,40.86,40.25,40.83,21231399,50.03
2019-09-12,41.03,41.05,40.32,40.74,18325631,49.93
2019-09-13,40.81,40.98,40.61,40.83,17282869,50.03
2019-09-16,40.64,40.95,40.63,40.77,14672288,49.96
2019-09-17,40.79,40.82,40.13,40.32,18101258,49.41
2019-09-18,40.37,40.59,39.81,40.26,14293098,49.34
2019-09-19,40.27,40.74,40.02,40.14,17681021,49.19
2019-09-20,40.22,40.7,39.88,40.48,72568830,49.6
2019-09-23,40.52,40.6,40.21,40.33,21819014,49.42
2019-09-24,40.6,40.96,39.93,40.08,31189443,49.12
2019-09-25,40.03,40.61,39.64,40.48,17695340,49.605
2019-09-26,40.34,40.39,39.38,39.85,23123083,48.83
2019-09-27,39.99,40.37,39.66,39.85,17833037,48.84
2019-09-30,39.94,40.52,39.94,40.32,17941978,49.41
2019-10-01,40.52,40.7,38.65,38.96,26417163,47.74
2019-10-02,38.64,38.66,37.55,37.99,35297535,46.56
2019-10-03,38.08,38.71,37.58,38.69,17816221,47.06
2019-10-04,38.85,39.16,38.6,39.07,19553529,47.52
2019-10-07,39.03,39.57,38.91,39.28,17368409,47.77
2019-10-08,39.06,39.09,38.11,38.14,25375929,46.39
2019-10-09,38.58,38.78,38.36,38.51,18370428,46.84
2019-10-10,37.86,38.01,37.45,37.95,26670728,46.15
2019-10-11,38.37,38.89,38.2,38.28,27833197,46.56
2019-10-14,38.27,38.27,37.82,37.86,17323895,46.05
2019-10-15,38.03,38.3,37.85,38.12,20474529,46.36
2019-10-16,38.12,38.54,38.08,38.47,18747633,46.79
2019-10-17,38.77,38.89,38.32,38.67,16132504,47.03
2019-10-18,38.73,38.87,38.36,38.41,22518482,46.71
2019-10-21,38.76,39.04,38.62,38.96,16387060,47.39
2019-10-22,39.06,39.37,38.97,39.1,16557192,47.55
2019-10-23,39.03,39.22,38.51,38.69,18137039,47.05
2019-10-24,38.83,38.83,37.9,38.16,20490144,46.41
2019-10-25,38.27,38.64,38.2,38.56,17724793,46.9
2019-10-28,38.77,39.14,38.69,38.78,16386975,47.17
2019-10-29,38.64,38.99,38.57,38.84,15731836,47.24
2019-10-30,38.89,39.12,38.78,39.1,13173331,47.56
2019-10-31,39.14,39.18,38.73,39.06,15189226,47.51
2019-11-01,38.52,39.04,38.35,38.67,27406343,47.03
2019-11-04,39.06,39.36,38.91,39.04,16883958,47.48
2019-11-05,39.13,39.4,38.86,39.27,22179799,47.76
2019-11-06,39.31,39.88,39.29,39.69,18863760,48.27
2019-11-07,39.97,40.27,39.63,39.81,18579123,48.42
2019-11-08,39.81,40.17,39.51,40.15,16633584,48.83
2019-11-11,39.47,39.85,39.1,39.55,22468066,48.1
2019-11-12,39.7,40.07,39.56,39.77,17750218,48.37
2019-11-13,39.66,40.17,39.59,39.84,29526679,48.46
2019-11-14,37.46,37.82,36.67,36.93,68639026,44.91
2019-11-15,37.06,37.53,36.84,37.07,36803523,45.09
2019-11-18,36.98,37.16,36.54,37.12,24939681,45.15
2019-11-19,37.32,37.49,37.07,37.39,22335319,45.47
2019-11-20,37.57,37.61,36.94,37.07,20985775,45.08
2019-11-21,37.11,37.12,36.74,36.87,22455683,44.84
2019-11-22,37.12,37.14,36.74,36.88,20875894,44.85
2019-11-25,37,37.45,36.94,37.37,22079275,45.45
2019-11-26,37.44,37.63,37.21,37.25,36316434,45.31
2019-11-27,37.3,37.34,36.94,37.2,16876430,45.24
2019-11-29,37.2,37.44,37.12,37.25,11531169,45.31
2019-12-02,37.21,37.27,36.73,36.75,19841173,44.7
2019-12-03,36.51,36.58,35.96,36.41,22778367,44.28
2019-12-04,36.6,36.63,36.06,36.09,18988848,43.89
2019-12-05,36.22,36.26,35.68,35.78,24525880,43.52
2019-12-06,36.09,36.23,35.89,36.05,18377400,43.84
2019-12-09,36.09,36.48,35.97,36.1,20390880,43.9
2019-12-10,36.05,36.33,36.01,36.26,25024903,44.1
2019-12-11,36.47,36.55,36.3,36.41,18212473,44.28
2019-12-12,36.63,37.63,36.51,37.55,30349738,45.67
2019-12-13,37.75,37.86,37.16,37.25,23928810,45.3
2019-12-16,37.66,38.31,37.66,37.81,25223547,45.98
2019-12-17,38,38.25,37.76,38.18,25241273,46.44
2019-12-18,38.25,38.44,38.03,38.35,24860087,46.64
2019-12-19,38.77,39.46,38.73,39.37,34655481,47.88
2019-12-20,39.67,39.77,38.99,39.01,70498466,47.45
2019-12-23,39.1,39.71,38.99,39.55,22748964,48.1
2019-12-24,39.6,39.67,39.18,39.29,7872806,47.78
2019-12-26,39.31,39.47,39.18,39.34,13384020,47.85
2019-12-27,39.46,39.51,39.2,39.28,12987762,47.77
2019-12-30,39.26,39.37,38.88,39.13,13797979,47.59
2019-12-31,39.09,39.45,38.98,39.43,17342844,47.96
2020-01-02,39.81,40.1,39.66,40.1,18451259,48.42
2020-01-03,39.68,39.87,39.33,39.45,17925401,47.63
2020-01-06,39.04,39.61,38.94,39.59,24913814,47.8
2020-01-07,39.52,39.52,39.01,39.33,18774388,47.49
2020-01-08,38.9,39.58,38.77,39.36,28484063,47.52
2020-01-09,39.58,39.66,38.99,39.19,20031102,47.32
2020-01-10,39.33,39.39,38.98,39.04,15380101,47.13
2020-01-13,39.18,39.74,39.18,39.73,20356385,47.97
2020-01-14,39.72,39.75,39.44,39.58,20935511,47.79
2020-01-15,39.69,40.08,39.56,39.76,18329716,48.01
2020-01-16,40.07,40.65,39.95,40.63,21805370,49.05
2020-01-17,40.87,41.03,40.48,40.6,34164605,49.02
2020-01-21,40.55,40.75,40.31,40.42,28332554,48.8
2020-01-22,40.82,41.02,40.62,40.63,17479111,49.06
2020-01-23,40.58,40.73,40.1,40.58,19845238,49
2020-01-24,40.77,40.98,40.21,40.46,15909503,48.85
2020-01-27,39.67,39.81,39.15,39.32,24683018,47.47
2020-01-28,39.36,39.73,39.34,39.57,16065874,47.77
2020-01-29,39.73,39.74,38.87,38.97,15991386,47.05
2020-01-30,38.55,39.15,38.32,39.13,16471852,47.24
2020-01-31,38.92,38.93,37.97,38.07,23643558,45.97
2020-02-03,38.43,38.78,38.27,38.54,17417545,46.53
2020-02-04,39.11,39.51,39.02,39.44,16134008,47.62
2020-02-05,40.03,40.25,39.88,40.13,19430401,48.45
2020-02-06,40.33,40.44,39.94,40.33,11173203,48.69
2020-02-07,40.25,40.39,39.65,39.73,19169149,47.97
2020-02-10,39.75,40.49,39.66,40.48,22352762,48.87
2020-02-11,40.91,41.18,40.47,40.69,24826705,49.13
2020-02-12,40.94,41.64,40.92,41.35,33964378,49.93
2020-02-13,39.05,39.48,38.58,39.19,49669646,47.32
2020-02-14,39.06,39.11,38.5,38.9,29762953,46.97
2020-02-18,38.78,38.8,38.34,38.59,20620979,46.59
2020-02-19,38.67,38.77,38.02,38.34,31563984,46.29
2020-02-20,38.17,38.89,38.02,38.8,22574121,46.85
2020-02-21,38.7,38.8,38.14,38.34,24711542,46.295
2020-02-24,37.27,37.83,36.44,36.44,39054472,44
2020-02-25,36.48,36.62,34.84,35.4,51966342,42.74
2020-02-26,35.59,35.93,34.74,34.92,41872905,42.16
2020-02-27,34.19,34.87,33.14,33.16,56559104,40.04
2020-02-28,32.05,33.59,31.76,33.07,87614293,39.93
2020-03-02,33.25,34.12,32.24,34.1,54887916,41.17
2020-03-03,34.17,34.7,32.89,33.16,53891267,40.04
2020-03-04,33.73,34.33,32.96,34.28,34666681,41.39
2020-03-05,33.27,33.55,32.54,32.77,34780180,39.57
2020-03-06,31.47,33.09,31.31,32.84,53405903,39.645
2020-03-09,30.56,32.77,30.06,31.44,67404164,37.96
2020-03-10,32.51,33.25,31.37,33.2,56102737,40.08
2020-03-11,32.32,32.43,30.12,30.69,69646726,37.05
2020-03-12,28.57,29.67,27.33,27.5,58131424,33.2
2020-03-13,29.14,31.21,27.61,31.18,61736029,37.64
2020-03-16,27.52,30.64,26.84,27.92,50358637,33.71
2020-03-17,28.74,30.02,27.83,29.4,48107915,35.5
2020-03-18,27.96,31.23,27.59,30.94,62595005,37.35
2020-03-19,30.69,32.57,29.94,31.23,64857071,37.71
2020-03-20,31.7,31.86,29.32,29.49,61284868,35.6
2020-03-23,29.41,29.67,27.95,28.66,44763243,34.6
2020-03-24,30.15,32.04,29.44,31.97,55061278,38.6
2020-03-25,32.01,33.09,31.06,31.2,48763788,37.67
2020-03-26,31.45,33.89,30.95,33.61,44798498,40.58
2020-03-27,32.48,33.25,31.81,32.15,35752834,38.82
2020-03-30,32.67,33.53,32.27,33.4,30436907,40.32
2020-03-31,33.24,33.47,32.39,32.56,29793305,39.31
2020-04-01,31.61,32.19,31.37,31.75,30977277,38.33
2020-04-02,31.64,33.4,31.33,33.28,30700926,39.8
2020-04-03,33.29,33.69,32.22,32.66,23962505,39.06
2020-04-06,33.83,34.85,33.26,34.64,37008671,41.43
2020-04-07,35.67,35.74,33.94,33.98,33639576,40.64
2020-04-08,34.42,35.28,34.17,34.9,25637358,41.74
2020-04-09,35.19,35.28,34.16,34.45,30440121,41.2
2020-04-13,34.31,34.67,33.89,34.46,22686295,41.209
2020-04-14,35.04,35.8,34.72,35.77,26561479,42.78
2020-04-15,35.29,35.43,34.47,34.72,20648865,41.52
2020-04-16,34.92,34.94,34.01,34.7,29514135,41.5
2020-04-17,35.33,35.65,34.9,35.52,37474546,42.48
2020-04-20,35.05,36.2,34.94,35.57,26094037,42.54
2020-04-21,34.97,35.11,33.79,33.9,35951112,40.55
2020-04-22,34.51,35.19,34.37,34.92,21339818,41.76
2020-04-23,35.02,35.58,34.72,34.8,18561193,41.62
2020-04-24,34.98,35.67,34.82,35.55,16584968,42.52
2020-04-27,35.7,36.14,35.6,36,21480026,43.06
2020-04-28,36.37,36.48,35.46,35.53,18492667,42.49
2020-04-29,36.24,36.35,35.89,36.24,20942842,43.34
2020-04-30,36.09,36.09,35.26,35.4,30963987,42.34
2020-05-01,34.88,34.96,34.08,34.21,25477671,40.92
2020-05-04,34.24,34.62,33.85,34.57,17923278,41.35
2020-05-05,34.79,35.05,34.61,34.67,16881509,41.46
2020-05-06,34.75,34.86,34.26,34.41,18190666,41.15
2020-05-07,34.77,34.92,34.46,34.59,22622647,41.37
2020-05-08,35.13,35.97,34.87,35.94,24453292,42.99
2020-05-11,35.77,36.5,35.62,36.22,30289680,43.32
2020-05-12,36.74,37.04,36.11,36.14,28721168,43.22
2020-05-13,36.28,36.43,34.54,35.07,40229392,41.95
2020-05-14,36.31,37.27,36.17,36.66,53611602,43.85
2020-05-15,35.89,37.11,35.83,37.01,34481732,44.27
2020-05-18,37.8,37.87,37.06,37.68,30181495,45.06
2020-05-19,37.48,37.61,37.13,37.29,26290603,44.605
2020-05-20,37.67,38.31,37.65,37.99,22675226,45.44
2020-05-21,37.99,38.17,37.25,37.32,21442104,44.64
2020-05-22,37.35,37.58,36.89,37.54,13928850,44.9
2020-05-26,38.28,38.29,37.36,37.49,27847012,44.84
2020-05-27,37.66,38.44,37.46,38.43,25394623,45.96
2020-05-28,38.38,38.85,37.94,38.12,22904967,45.595
2020-05-29,38.49,39.98,37.97,39.77,56407672,47.5695
2020-06-01,39.42,39.54,38.65,38.71,20286339,46.3
2020-06-02,38.8,39.21,38.36,39.21,20250776,46.89
2020-06-03,39.28,39.46,38.91,39.25,20118687,46.94
2020-06-04,39.1,39.51,38.9,39.18,16062649,46.86
2020-06-05,39.51,40.38,39.46,39.99,26522056,47.83
2020-06-08,39.68,40.27,39.4,40.24,20852265,48.13
2020-06-09,40.15,40.33,39.71,40.18,21001957,48.05
2020-06-10,39.85,39.99,39.4,39.65,20918112,47.42
2020-06-11,39.29,39.3,36.49,36.5,39805353,43.651
2020-06-12,37.59,38.34,36.88,37.68,28845844,45.07
2020-06-15,36.89,38.26,36.73,37.92,23816954,45.35
2020-06-16,39.64,39.71,38.39,38.86,31765824,46.48
2020-06-17,39.09,39.15,38.38,38.6,25571047,46.17
2020-06-18,38.29,38.5,37.92,38.32,26849743,45.83
2020-06-19,38.68,38.89,37.67,37.89,49383233,45.32
2020-06-22,37.69,38.01,37.46,37.76,23449221,45.16
2020-06-23,38.39,38.59,37.89,38.02,28722937,45.47
2020-06-24,37.87,38.02,37.11,37.42,25742994,44.75
2020-06-25,37.43,37.89,36.96,37.81,22047469,45.22
2020-06-26,37.72,38.89,37.32,38.72,126931382,46.31
2020-06-29,38.75,38.84,38.19,38.59,26843251,46.15
2020-06-30,38.58,39.31,38.54,39,26134640,46.64
2020-07-01,38.91,39.06,38.46,38.51,18984619,46.06
2020-07-02,38.82,38.95,38.33,38.45,22394125,45.63
2020-07-06,38.82,39.18,38.65,39.12,19375237,46.42
2020-07-07,38.87,39.01,38.39,38.45,19244930,45.63
2020-07-08,38.42,38.82,38.19,38.6,17873785,45.81
2020-07-09,39.27,39.77,38.95,39.35,28518814,46.7
2020-07-10,39.38,39.54,38.96,39.32,16126391,46.66
2020-07-13,39.5,39.6,38.58,38.71,20124776,45.93
2020-07-14,38.33,39.19,38.27,38.98,21715612,46.26
2020-07-15,39.19,39.46,38.75,39.1,17854840,46.4
2020-07-16,38.51,38.62,38.09,38.58,19724187,45.78
2020-07-17,38.8,39.55,38.66,39.4,24059956,46.75
2020-07-20,39.33,39.69,38.98,39.58,17847436,46.97
2020-07-21,39.84,39.88,39.48,39.62,18344533,47.02
2020-07-22,39.62,39.7,39.21,39.52,29784020,46.9
2020-07-23,39.59,40.2,39.34,39.95,26842870,47.41
2020-07-24,40.02,40.15,38.86,39.1,18550549,46.4
2020-07-27,39.32,39.83,38.89,39.77,18260676,47.19
2020-07-28,39.59,39.67,38.94,39,15489155,46.28
2020-07-29,39.1,39.51,39.08,39.36,13125464,46.71
2020-07-30,38.87,39.15,38.24,39.13,16732151,46.44
2020-07-31,39.09,39.7,38.65,39.69,21332009,47.1
2020-08-03,39.64,39.91,39.34,39.74,16642383,47.16
2020-08-04,39.62,40.17,39.53,40.17,14565995,47.67
2020-08-05,40.17,40.22,39.65,39.88,14703136,47.33
2020-08-06,39.8,40.3,39.69,40.26,16068766,47.77
2020-08-07,39.88,40.11,39.63,39.97,19969314,47.43
2020-08-10,39.74,40.45,39.74,40.22,16373177,47.73
2020-08-11,40.37,40.83,39.68,39.77,20572741,47.19
2020-08-12,39.84,40.56,39.83,40.53,29701635,48.1
2020-08-13,36.9,36.94,35.71,36,96537320,42.72
2020-08-14,35.81,36.13,35.62,35.81,35020763,42.5
2020-08-17,35.86,36.04,35.28,35.47,34742007,42.09
2020-08-18,35.5,35.64,35.23,35.38,26527681,41.98
2020-08-19,35.48,35.69,35.21,35.28,23540990,41.87
2020-08-20,35.28,35.75,35.17,35.65,20577873,42.31
2020-08-21,35.44,35.65,35.23,35.6,20067663,42.25
2020-08-24,35.45,35.79,35.39,35.54,20139994,42.18
2020-08-25,35.59,35.65,35.21,35.36,17378293,41.96
2020-08-26,35.1,35.63,34.93,35.6,24874471,42.25
2020-08-27,35.73,35.79,35.41,35.64,24337717,42.29
2020-08-28,35.51,35.65,35.39,35.56,18394726,42.2
2020-08-31,35.48,35.69,35.34,35.58,25893405,42.22
2020-09-01,35.39,35.45,34.97,35.42,26272380,42.03
2020-09-02,35.42,35.97,35.42,35.75,33353030,42.42
2020-09-03,35.18,35.25,34.27,34.51,43905645,40.95
2020-09-04,34.72,34.91,34.08,34.4,37901915,40.82
2020-09-08,33.75,34.22,33.68,33.71,32564065,40.005
2020-09-09,33.79,34.11,33.47,33.82,26465382,40.13
2020-09-10,33.73,34.24,33.22,33.35,28404113,39.57
2020-09-11,33.51,33.75,33.3,33.61,25330629,39.88
2020-09-14,33.89,34.25,33.75,34.02,23055244,40.37
2020-09-15,34.14,34.41,34.03,34.21,22820534,40.6
2020-09-16,34.31,34.69,34.04,34.06,29206350,40.42
2020-09-17,33.42,34.04,33.29,34.02,26612281,40.37
2020-09-18,33.86,33.98,33.35,33.55,59844332,39.81
2020-09-21,33.13,33.26,32.6,32.9,31291518,39.04
2020-09-22,33.02,33.25,32.76,33.13,19999371,39.32
2020-09-23,33.06,33.19,32.17,32.26,29281085,38.28
2020-09-24,32.02,32.16,31.69,31.9,33247485,37.85
2020-09-25,31.82,32.48,31.7,32.4,25991390,38.45
2020-09-28,33.03,33.11,32.69,32.97,27545715,39.13
2020-09-29,32.92,33.18,32.72,32.92,18470832,39.06
2020-09-30,32.94,33.46,32.88,33.19,32087751,39.39
2020-10-01,33.25,33.43,32.8,33,23484851,38.8
2020-10-02,32.36,32.79,32.29,32.55,27008740,38.27
2020-10-05,32.73,32.99,32.56,32.8,32865985,38.57
2020-10-06,32.74,33.47,32.66,32.8,31168682,38.57
2020-10-07,33.15,33.66,32.98,33.51,23971554,39.4
2020-10-08,33.85,34.17,33.73,33.84,21170611,39.79
2020-10-09,34.14,34.21,33.78,33.89,18012471,39.85
2020-10-12,33.96,34.47,33.7,34.32,27023981,40.36
2020-10-13,34.48,34.54,33.77,33.86,26459379,39.81
2020-10-14,33.89,34.38,33.81,33.93,18420282,39.89
2020-10-15,33.57,34.02,33.47,33.99,17246959,39.97
2020-10-16,33.92,34.27,33.64,34.15,27604754,40.16
2020-10-19,34.15,34.34,33.3,33.42,22030024,39.3
2020-10-20,33.54,33.6,33.19,33.34,18179225,39.2
2020-10-21,33.43,33.65,33.15,33.22,19598619,39.06
2020-10-22,33.04,33.13,32.64,33.02,22157738,38.82
2020-10-23,33.11,33.14,32.87,33.02,16969780,38.82
2020-10-26,32.66,32.68,31.59,32.04,31793460,37.67
2020-10-27,31.79,31.89,31.12,31.36,40744942,36.87
2020-10-28,30.88,31.05,30.34,30.37,38804145,35.71
2020-10-29,30.2,30.68,30,30.35,38288988,35.69
2020-10-30,30.27,30.56,30.18,30.53,32499143,35.9
2020-11-02,30.78,30.91,30.34,30.53,25528547,35.9
2020-11-03,30.92,31.75,30.87,31.2,30860345,36.68
2020-11-04,31.49,31.72,31.04,31.1,33432026,36.57
2020-11-05,31.48,31.72,31.39,31.66,25917934,37.23
2020-11-06,31.94,31.98,31.54,31.92,22303327,37.53
2020-11-09,33.95,34.21,32.42,32.49,46904951,38.2
2020-11-10,32.5,33.19,32.46,32.93,36101603,38.72
2020-11-11,33.18,33.55,32.69,33.45,30968933,39.33
2020-11-12,33.15,33.5,32.65,32.89,32062873,38.67
2020-11-13,35.04,35.31,34.5,35.21,53716825,41.4
2020-11-16,35.5,36.22,35.17,36.18,38388710,42.54
2020-11-17,35.65,36.01,35.4,35.62,25928796,41.88
2020-11-18,35.63,35.92,35.09,35.14,23924366,41.32
2020-11-19,34.87,35.18,34.67,35.01,24355793,41.17
2020-11-20,34.91,35.2,34.8,34.84,22997197,40.97
2020-11-23,34.89,35.55,34.89,35.41,21805837,41.64
2020-11-24,35.84,36.32,35.63,36.24,26004786,42.61
2020-11-25,36.38,36.4,35.9,36.14,25715443,42.5
2020-11-27,36.45,36.55,36.26,36.32,12343075,42.7
2020-11-30,36.09,36.61,36.07,36.59,44431607,43.02
2020-12-01,36.58,37.48,36.58,37.03,26784252,43.54
2020-12-02,36.9,37.39,36.87,37.33,19445842,43.89
2020-12-03,37.23,37.54,37.08,37.52,32946183,44.115
2020-12-04,37.33,37.85,37.33,37.74,20733509,44.38
2020-12-07,37.66,37.84,37.34,37.72,16135313,44.35
2020-12-08,37.6,37.87,37.36,37.74,15292354,44.37
2020-12-09,37.82,38.13,37.73,38.01,26483516,44.69
2020-12-10,37.88,37.94,37.51,37.69,21067630,44.32
2020-12-11,37.37,37.7,37.18,37.69,16882490,44.32
2020-12-14,37.65,38.19,37.55,37.62,19672503,44.24
2020-12-15,37.75,38.1,37.54,38.03,21022540,44.72
2020-12-16,38.01,38.39,37.87,38.03,19088869,44.72
2020-12-17,38.19,38.21,37.93,38.12,19609587,44.82
2020-12-18,38.19,38.76,38.08,38.65,59788173,45.44
2020-12-21,37.82,38.23,37.48,38.17,23866782,44.88
2020-12-22,37.79,38.33,37.79,38.01,18176077,44.69
2020-12-23,37.97,38.1,37.72,37.74,14303593,44.38
2020-12-24,37.8,37.92,37.62,37.88,6684235,44.54
2020-12-28,38.21,38.56,38.03,38.2,16082267,44.92
2020-12-29,38.25,38.48,37.87,37.96,13170382,44.64
2020-12-30,38.05,38.32,37.79,37.83,12720602,44.48
2020-12-31,37.74,38.14,37.56,38.06,18373059,44.75
2021-01-04,37.99,38.04,37.17,37.69,29782233,43.96
2021-01-05,37.45,37.78,37.19,37.71,19890939,43.98
2021-01-06,37.84,38.47,37.63,38.07,25895056,44.4
2021-01-07,37.9,38.67,37.87,38.55,20958157,44.96
2021-01-08,38.14,38.93,37.94,38.63,23872006,45.06
2021-01-11,38.71,39.4,38.6,38.89,28662191,45.36
2021-01-12,38.84,39.37,38.55,39.26,22934226,45.79
2021-01-13,38.83,39.41,38.74,38.89,21323195,45.36
2021-01-14,38.47,39.1,38.45,38.71,24790123,45.15
2021-01-15,38.55,39.14,38.48,38.95,37524644,45.43
2021-01-19,38.86,39.12,38.38,38.74,34432954,45.19
2021-01-20,38.84,39.01,38.7,38.87,20049912,45.34
2021-01-21,38.75,38.78,38.34,38.68,21140379,45.11
2021-01-22,38.37,38.48,37.92,38.38,17260460,44.77
2021-01-25,38.62,38.73,38.33,38.61,19129006,45.03
2021-01-26,38.48,38.88,38.38,38.8,15277953,45.26
2021-01-27,38.79,39.83,38.65,39.18,33240792,45.7
2021-01-28,39.36,39.67,38.84,38.87,24350057,45.34
2021-01-29,38.45,38.9,38.14,38.22,27104985,44.58
2021-02-01,38.51,39.12,38.29,38.92,19155136,45.4
2021-02-02,39.03,39.39,38.95,39.29,18711607,45.83
2021-02-03,39.22,39.58,39.04,39.24,15571149,45.77
2021-02-04,39.33,40.57,39.24,40.51,25406674,47.25
2021-02-05,40.78,41.45,40.72,41.22,27659576,48.08
2021-02-08,41.63,42.3,41.63,41.96,28125594,48.94
2021-02-09,41.81,41.87,41.51,41.58,27422102,48.5
2021-02-10,39.57,40.65,39.29,40.5,47648280,47.24
2021-02-11,40.6,41.08,40.47,40.79,21395460,47.58
2021-02-12,40.66,40.89,40.22,40.54,17083130,47.29
2021-02-16,40.52,40.52,39.78,39.88,21408638,46.51
2021-02-17,39.71,39.78,39.32,39.65,16050194,46.25
2021-02-18,39.77,39.78,39.17,39.73,19666788,46.34
2021-02-19,39.9,39.96,39.08,39.16,28555305,45.68
2021-02-22,38.83,39.16,38.43,38.95,24650391,45.43
2021-02-23,38.8,39.25,38.67,39.02,21579477,45.51
2021-02-24,38.79,39.27,38.61,39.22,20115988,45.74
2021-02-25,39.08,39.64,38.79,39.03,24712870,45.52
2021-02-26,39.08,39.25,38.38,38.47,26313026,44.87
2021-03-01,38.77,39.63,38.77,39.37,20263834,45.92
2021-03-02,39.38,39.51,38.94,39.02,17582651,45.515
2021-03-03,38.95,39.04,38.58,38.69,19506943,45.13
2021-03-04,38.7,38.98,37.85,38.2,27911085,44.56
2021-03-05,38.96,40.07,38.81,39.65,36940882,46.25
2021-03-08,39.64,41.5,39.61,40.73,38412844,47.51
2021-03-09,41,41.47,40.91,41.06,30166777,47.89
2021-03-10,41.56,41.83,41.32,41.4,22879846,48.29
2021-03-11,41.59,42.08,41.35,41.84,25818041,48.8
2021-03-12,41.85,42,41.56,41.86,17642353,48.82
2021-03-15,41.93,42.39,41.93,42.36,18022296,49.41
2021-03-16,42.17,42.65,42.17,42.59,19632598,49.67
2021-03-17,42.53,42.53,41.92,42.37,21537890,49.42
2021-03-18,41.6,42.5,41.6,41.84,21562685,48.8
2021-03-19,41.76,42.2,41.43,41.99,94275144,48.98
2021-03-22,41.96,43.19,41.96,43.13,33602632,50.3
2021-03-23,42.89,43.45,42.78,42.88,32293513,50.01
2021-03-24,42.82,43.25,42.54,42.57,31001963,49.65
2021-03-25,43.36,44.07,43.11,43.31,39490781,50.51
2021-03-26,43.38,45.13,43.35,45.07,35052253,52.57
2021-03-29,44.93,45.39,44.82,45.03,27437126,52.52
2021-03-30,44.68,44.83,43.88,44.39,25003154,51.77
2021-03-31,44.44,44.63,44.19,44.33,27285829,51.71
2021-04-01,44.37,44.64,44.03,44.57,19763266,51.98
2021-04-05,44.58,45.7,44.58,45.26,22327046,52.41
2021-04-06,44.89,45.09,44.71,44.92,17373294,52.025
2021-04-07,44.91,45.02,44.54,44.7,17599110,51.77
2021-04-08,44.85,44.9,44.43,44.82,17802960,51.91
2021-04-09,44.76,45.03,44.62,44.98,15448290,52.09
2021-04-12,44.96,45.04,44.44,44.53,16838277,51.57
2021-04-13,44.59,44.8,44.33,44.61,13674224,51.66
2021-04-14,44.48,44.63,44.16,44.36,15621401,51.37
2021-04-15,44.7,44.85,44.36,44.59,18183915,51.64
2021-04-16,45.29,45.92,45.13,45.59,29499541,52.8
2021-04-19,45.36,45.73,45.33,45.64,20525487,52.85
2021-04-20,45.41,45.58,44.55,44.72,21618928,51.79
2021-04-21,44.76,44.96,44.45,44.84,14210562,51.93
2021-04-22,44.74,44.98,44.37,44.47,17602624,51.5
2021-04-23,44.47,45.01,44.19,44.82,16656259,51.91
2021-04-26,44.6,44.7,44.47,44.59,16456370,51.64
2021-04-27,44.54,44.62,44.34,44.36,16238224,51.37
2021-04-28,44.52,44.7,43.97,44.13,16894055,51.11
2021-04-29,44.19,44.56,44.02,44.44,16416935,51.46
2021-04-30,44.23,44.24,43.53,43.96,24109649,50.91
2021-05-03,44.22,44.38,43.88,44.19,16031977,51.17
2021-05-04,44.13,44.24,43.43,43.79,20997827,50.71
2021-05-05,44.03,44.26,43.76,44.15,18211933,51.13
2021-05-06,44.1,45.52,44,45.28,27405297,52.44
2021-05-07,45.32,46.35,45.09,46.14,27224749,53.43
2021-05-10,46.6,46.75,45.9,45.9,26554592,53.16
2021-05-11,45.85,45.86,45,45.62,22106261,52.83
2021-05-12,45.06,45.27,44.44,44.56,25208472,51.6
2021-05-13,45,45.6,44.8,45.33,16152524,52.49
2021-05-14,45.71,45.95,45.42,45.68,15019085,52.9
2021-05-17,45.56,45.9,45.49,45.71,17529874,52.94
2021-05-18,45.59,46.06,45.54,45.71,22463023,52.93
2021-05-19,44.8,45.47,44.78,45.31,32483985,52.47
2021-05-20,43.53,45.74,43.26,45.64,51944796,52.85
2021-05-21,45.56,45.71,45.11,45.27,28708243,52.43
2021-05-24,45.73,46.43,45.58,46.1,24080086,53.39
2021-05-25,46.09,46.27,45.89,46.03,22756860,53.31
2021-05-26,46.07,46.29,45.61,45.69,21343368,52.91
2021-05-27,45.71,46.07,45.4,45.7,71073718,52.92
2021-05-28,45.92,45.96,45.62,45.68,17895630,52.9
2021-06-01,45.73,46.04,45.27,45.44,17815429,52.62
2021-06-02,45.46,45.76,45.25,45.73,17010973,52.96
2021-06-03,45.59,46.25,45.44,46.05,20473527,53.33
2021-06-04,46.14,46.78,46.14,46.69,13433691,54.07
2021-06-07,46.91,47.01,46.45,46.56,16934793,53.92
2021-06-08,46.6,46.97,46.53,46.74,17520135,54.13
2021-06-09,46.79,46.99,46.57,46.65,17772241,54.02
2021-06-10,47,47.56,46.86,47.52,25337176,55.03
2021-06-11,47.66,47.8,47.1,47.29,19337247,54.77
2021-06-14,46.97,47.09,46.22,46.78,17392416,54.17
2021-06-15,46.83,46.91,46.4,46.45,14876654,53.79
2021-06-16,46.5,46.56,45.88,46.17,17915578,53.47
2021-06-17,46.12,46.24,45.77,45.88,20669357,53.13
2021-06-18,45.6,45.63,44.8,44.96,48178828,52.07
2021-06-21,45.22,46.12,45.15,45.92,19986314,53.18
2021-06-22,46.03,46.08,45.6,45.99,18604284,53.26
2021-06-23,46,46.02,45.41,45.56,17527586,52.76
2021-06-24,45.71,45.81,45.43,45.58,16391255,52.78
2021-06-25,45.57,45.93,45.46,45.82,20874327,53.06
2021-06-28,45.9,46.02,45.7,45.73,17202326,52.96
2021-06-29,45.67,45.93,45.57,45.69,12401216,52.91
2021-06-30,45.72,45.83,45.44,45.77,18890810,53
2021-07-01,45.81,46.28,45.77,46.15,17472884,53.44
2021-07-02,46.25,46.62,45.94,46.55,17633707,53.54
2021-07-06,46.27,46.4,45.51,46.07,23060735,52.98
2021-07-07,46.15,46.35,45.8,46.31,15770144,53.26
2021-07-08,46.22,46.71,46.01,46.31,18470113,53.26
2021-07-09,46.4,46.89,46.34,46.73,17647644,53.74
2021-07-12,46.99,46.99,46.2,46.29,16089538,53.23
2021-07-13,46.38,46.59,46.26,46.36,11744353,53.32
2021-07-14,46.52,47.13,46.38,47.03,19409314,54.09
2021-07-15,46.82,46.84,46.29,46.65,17007524,53.65
2021-07-16,46.85,47.31,46.65,46.69,17124181,53.7
2021-07-19,46.67,46.69,45.85,46.14,22699733,53.06
2021-07-20,46.33,46.89,46.25,46.59,20510766,53.58
2021-07-21,46.8,46.87,46.45,46.85,16460090,53.88
2021-07-22,46.87,47.43,46.76,47.42,18294150,54.54
2021-07-23,47.73,48.12,47.4,48.02,15124983,55.23
2021-07-26,47.94,48.39,47.94,48.23,11847919,55.47
2021-07-27,48.15,48.18,47.64,48.07,17752359,55.28
2021-07-28,48.22,48.28,47.31,47.62,21498760,54.77
2021-07-29,47.82,48.13,47.74,47.89,12500602,55.07
2021-07-30,47.89,48.25,47.83,48.15,16817662,55.37
2021-08-02,48.34,48.64,48.05,48.22,15035664,55.45
2021-08-03,48.29,49.05,48.06,48.91,19779094,56.25
2021-08-04,49.02,49.02,48.23,48.42,13126605,55.69
2021-08-05,48.28,48.68,48.26,48.49,12210887,55.76
2021-08-06,48.23,48.65,47.95,48.34,20703126,55.59
2021-08-09,48.54,48.75,48.17,48.23,9737548,55.47
2021-08-10,48.26,48.41,48.04,48.35,11793004,55.61
2021-08-11,48.6,48.7,48.35,48.57,15084437,55.86
2021-08-12,48.56,49.09,48.4,49.03,12772948,56.39
2021-08-13,49.03,49.23,48.92,49.1,12173487,56.47
2021-08-16,48.95,49.07,48.63,48.94,16076014,56.28
2021-08-17,48.58,48.71,48.37,48.7,13545996,56.01
2021-08-18,48.51,48.81,47.85,47.95,18945560,55.15
2021-08-19,47.62,49.99,47.47,49.8,43230324,57.27
2021-08-20,49.78,50.72,49.43,50.62,24693553,58.22
2021-08-23,50.3,51.04,50.21,50.9,18059327,58.54
2021-08-24,50.86,51.68,50.81,51.58,19606497,59.32
2021-08-25,51.77,52.41,51.45,51.61,19634443,59.35
2021-08-26,51.67,51.85,51.29,51.48,15337950,59.2
2021-08-27,51.53,51.61,51.18,51.32,16773202,59.02
2021-08-30,51.29,51.49,51.13,51.42,13378881,59.13
2021-08-31,51.4,51.45,50.94,51.32,23978553,59.02
2021-09-01,51.32,51.42,51.01,51.34,13231128,59.04
2021-09-02,51.61,51.93,51.35,51.76,14909415,59.53
2021-09-03,51.59,51.88,51.55,51.67,11369711,59.42
2021-09-07,51.51,51.62,51.09,51.2,17250610,58.88
2021-09-08,50.91,51.24,50.86,51.02,14674286,58.68
2021-09-09,50.82,51.25,50.65,50.95,17026894,58.6
2021-09-10,51.09,51.26,50.28,50.34,15876996,57.89
2021-09-13,50.57,50.89,50.19,50.52,15570389,58.1
2021-09-14,50.55,50.84,50.14,50.32,14702334,57.87
2021-09-15,50.24,51.82,49.62,50.05,40736846,57.56
2021-09-16,50.7,51.15,49.67,49.85,27181510,57.33
2021-09-17,49.9,49.95,49.1,49.43,56848315,56.85
2021-09-20,49.02,49.04,48.08,48.6,25006742,55.89
2021-09-21,48.66,49.02,48.02,48.05,20674314,55.26
2021-09-22,48.49,48.81,48.15,48.28,20193126,55.52
2021-09-23,48.43,49.47,48.35,49.29,18479471,56.69
2021-09-24,49.08,49.4,48.89,49.33,15201482,56.73
2021-09-27,49.09,49.28,48.74,48.89,15802010,56.22
2021-09-28,48.51,48.68,48.18,48.28,21189273,55.52
2021-09-29,48.36,48.68,48.12,48.24,16368782,55.48
2021-09-30,48.52,48.61,47.31,47.33,21937515,54.43
2021-10-01,47.48,48.18,46.99,47.95,22153618,55.14
2021-10-04,47.71,47.87,47.23,47.47,20556366,54.23
2021-10-05,47.39,48.17,47.39,47.88,17278887,54.69
2021-10-06,47.57,47.6,46.38,47.22,29691098,53.94
2021-10-07,47.7,48.51,47.58,48.16,16959869,55.02
2021-10-08,48.32,48.41,47.93,48.22,11086114,55.08
2021-10-11,48.37,48.48,48.06,48.09,9779332,54.93
2021-10-12,48.14,48.2,47.33,47.52,17215041,54.28
2021-10-13,47.55,47.93,47.34,47.81,15382032,54.62
2021-10-14,48.23,48.89,48.13,48.72,16798536,55.65
2021-10-15,48.92,48.92,48.11,48.37,18990500,55.25
2021-10-18,48.18,48.58,47.77,48.31,13000467,55.19
2021-10-19,48.4,48.83,48.17,48.8,15232608,55.74
2021-10-20,48.85,49.22,48.85,49.2,13250392,56.2
2021-10-21,49.06,49.13,48.61,48.75,15031361,55.69
2021-10-22,48.66,48.9,48.09,48.24,16810845,55.11
2021-10-25,48.24,48.51,47.98,48.27,12051458,55.14
2021-10-26,48.64,49.33,48.5,48.86,17745051,55.81
2021-10-27,49.14,49.65,48.96,49.18,18662469,56.18
2021-10-28,49.22,49.62,48.93,49.23,12835618,56.24
2021-10-29,49.3,49.53,48.9,49,16784999,55.97
2021-11-01,48.91,49.24,48.59,49.11,17061224,56.1
2021-11-02,49.35,50.66,49.27,50.44,24821545,57.62
2021-11-03,50.41,50.71,50,50.47,15881373,57.65
2021-11-04,50.42,50.5,49.51,50,21329326,57.12
2021-11-05,50.23,50.6,49.84,49.96,17764928,57.07
2021-11-08,49.99,50.35,49.54,49.9,18790324,57
2021-11-09,49.96,50.45,49.81,50.28,17981558,57.44
2021-11-10,50.69,51.32,50.5,50.57,20073011,57.77
2021-11-11,50.4,50.57,49.63,49.69,20261833,56.76
2021-11-12,49.87,50.03,49.29,49.74,19668185,56.82
2021-11-15,49.84,50.51,49.75,50.13,22110503,57.27
2021-11-16,50.11,50.84,49.83,49.9,24475915,57
2021-11-17,49.56,50.02,49.26,49.69,36607836,56.76
2021-11-18,46.16,47.21,44.72,46.95,76626744,53.63
2021-11-19,46.87,47,46.2,46.62,36307708,53.25
2021-11-22,46.7,48.61,46.66,47.8,43360733,54.6
2021-11-23,47.81,48.66,47.68,48.41,27815218,55.3
2021-11-24,48.28,48.8,48.28,48.62,22513062,55.54
2021-11-26,47.67,48.31,47.67,47.86,19482685,54.67
2021-11-29,48.27,49.19,48,48.81,29423165,55.76
2021-11-30,48.66,48.67,47.4,48.01,60975849,54.84
2021-12-01,48.61,49.36,48.09,48.17,27074878,55.03
2021-12-02,48.28,49.56,48.22,49.15,26645087,56.15
2021-12-03,49.28,49.74,48.73,49.22,30655779,56.23
2021-12-06,49.64,50.05,49.43,49.86,28588121,56.96
2021-12-07,49.99,50.96,49.91,50.84,29017715,58.08
2021-12-08,50.84,50.89,49.57,49.92,26499411,57.02
2021-12-09,50.07,50.62,49.84,50.38,19147636,57.55
2021-12-10,50.69,51.95,50.69,51.87,23110322,59.25
2021-12-13,51.74,52.1,51.25,51.31,22107244,58.61
2021-12-14,51.07,51.23,50.22,50.57,23146427,57.77
2021-12-15,50.7,52.55,50.69,52.46,31797907,59.93
2021-12-16,52.57,53.19,52.41,52.8,28133119,60.31
2021-12-17,52.76,53.22,52.34,52.93,85499622,60.46
2021-12-20,52.24,52.88,51.91,52.84,25280017,60.36
2021-12-21,52.91,53.61,52.52,53.43,24518473,61.03
2021-12-22,53.37,53.92,53.06,53.86,20073021,61.53
2021-12-23,54.09,55.06,54.09,54.52,21565045,62.28
2021-12-27,54.63,55.56,54.52,55.52,17363764,63.42
2021-12-28,55.52,55.89,55.35,55.61,15495427,63.53
2021-12-29,55.72,56.28,55.63,55.99,18427777,63.96
2021-12-30,56.06,56.15,55.56,55.69,10289813,63.62
2021-12-31,55.63,55.87,55.43,55.47,12829640,63.37
2022-01-03,55.06,55.46,54.71,55.29,19969503,63.16
2022-01-04,54.98,55.31,53.81,53.93,34029284,61.25
2022-01-05,53.88,54.28,53.05,53.08,30687590,60.28
2022-01-06,52.83,53.83,52.75,53.64,22030539,60.92
2022-01-07,53.6,54.15,53.42,53.83,23480806,61.13
2022-01-10,53.6,54.5,53.29,54.44,29007499,61.82
2022-01-11,54.24,54.97,54.1,54.92,26477143,62.37
2022-01-12,54.95,55.31,54.52,54.7,15609303,62.12
2022-01-13,54.67,54.73,53.9,54.15,17709591,61.5
2022-01-14,54.13,54.15,53.66,54.03,21850617,61.36
2022-01-18,52.82,53.03,52.38,52.6,31114464,59.73
2022-01-19,51.07,52.38,50.88,51.87,26930916,58.9
2022-01-20,51.94,52.25,51.09,51.14,19746110,58.08
2022-01-21,51.13,51.37,49.85,49.91,31215214,56.68
2022-01-24,49.45,50.19,48.32,50.1,38948052,56.9
2022-01-25,49.39,49.91,48.49,49.41,28559460,56.11
2022-01-26,49.4,49.71,48.3,48.72,33055942,55.33
2022-01-27,48.88,49.78,47.9,48.1,29596920,54.62
2022-01-28,47.99,49.01,47.06,48.97,34989675,55.61
2022-01-31,48.81,49.19,48.32,49.02,36282299,55.67
2022-02-01,48.83,48.87,48.2,48.76,25765409,55.37
2022-02-02,48.63,49.59,48.58,49.46,26529022,56.17
2022-02-03,49.2,49.44,48.48,48.61,23704277,55.2
2022-02-04,48.34,48.98,47.89,48.56,22892889,55.15
2022-02-07,48.72,48.9,48.16,48.58,17064662,55.17
2022-02-08,48.48,48.86,48.18,48.73,17249284,55.34
2022-02-09,49.15,49.65,48.86,49.57,21971841,56.29
2022-02-10,48.64,49.33,48.2,48.32,23481042,54.87
2022-02-11,48.32,48.51,47.35,47.46,23544427,53.9
2022-02-14,47.03,47.24,46.41,46.83,24356373,53.18
2022-02-15,47.3,47.81,47.23,47.79,20292178,54.27
2022-02-16,47.67,47.94,47.01,47.77,23239357,54.25
2022-02-17,48.87,50.25,48.78,49.11,36546292,55.77
2022-02-18,48.84,50.8,48.77,50.38,40167714,57.21
2022-02-22,50.13,50.32,49.08,49.58,28995405,56.3
2022-02-23,49.85,50.18,47.88,47.94,25514722,54.44
2022-02-24,47.61,48.28,46.85,48.19,32903177,54.73
2022-02-25,48.41,49.51,47.98,49.35,21980390,56.04
2022-02-28,48.79,49.31,48.21,49.11,30059268,55.77
2022-03-01,48.9,49.18,47.78,48.1,21439034,54.62
2022-03-02,48.23,49.65,48.18,49.44,21849914,56.15
2022-03-03,49.96,50.19,49.17,49.37,20017495,56.07
2022-03-04,49.02,50.1,48.65,49.76,19165394,56.51
2022-03-07,49.58,49.7,48.89,48.95,25380627,55.59
2022-03-08,49.05,49.19,47.61,47.9,27789945,54.4
2022-03-09,48.99,49.53,48.65,49.24,23073351,55.92
2022-03-10,47.9,48.57,47.52,48.18,22002097,54.71
2022-03-11,48.69,49.5,48.08,48.16,24124547,54.69
2022-03-14,48.19,48.78,47.55,47.81,21043715,54.3
2022-03-15,47.92,49.07,47.92,48.96,22638315,55.6
2022-03-16,49.25,49.31,48.08,49.14,25458219,55.81
2022-03-17,48.86,49.58,48.74,49.46,21634880,56.17
2022-03-18,49.34,49.68,48.91,49.29,73053374,55.97
2022-03-21,49.36,49.79,48.89,49.31,41745104,56
2022-03-22,49.63,49.95,49.39,49.46,40630519,56.17
2022-03-23,49.22,49.39,47.95,47.97,23561116,54.48
2022-03-24,48.14,48.16,47.27,47.99,23796009,54.5
2022-03-25,48.08,48.59,47.9,48.4,20582482,54.97
2022-03-28,48.25,48.57,47.92,48.55,21187147,55.14
2022-03-29,49.02,49.59,48.47,49.02,23123371,55.67
2022-03-30,49.09,50.14,48.95,49.36,19680286,56.05
2022-03-31,49.35,50.09,49.07,49.1,33782985,55.76
2022-04-01,49.46,49.48,48.33,49.01,20650242,55.66
2022-04-04,48.84,49.42,48.42,49.2,25071364,55.87
2022-04-05,48.94,49.29,48.47,48.69,18824342,54.92
2022-04-06,48.49,48.55,47.74,48.2,19923314,54.37
2022-04-07,48.26,48.63,47.64,48.43,15965225,54.63
2022-04-08,48.62,48.68,47.89,48.12,18311682,54.28
2022-04-11,47.81,47.83,46.8,46.88,24447008,52.88
2022-04-12,45.84,46.95,45.64,45.94,28030630,51.82
2022-04-13,45.96,46.42,45.58,46.24,19461901,52.15
2022-04-14,46.17,46.44,45.32,45.37,22457047,51.17
2022-04-18,45.11,45.71,45.04,45.31,15769403,51.11
2022-04-19,45.22,46.05,45.15,45.95,19125144,51.83
2022-04-20,46.3,47.58,46.24,47.01,22146990,53.02
2022-04-21,47.29,47.73,46.75,46.79,19630048,52.78
2022-04-22,46.92,46.95,45.47,45.54,21257210,51.36
2022-04-25,45.62,46.09,44.81,46.05,21368078,51.94
2022-04-26,45.99,46.05,45.1,45.13,23343938,50.9
2022-04-27,45.14,45.31,43.66,43.72,34115305,49.31
2022-04-28,43.91,45.02,43.62,44.89,23291471,50.63
2022-04-29,44.78,44.9,43.33,43.43,24473297,48.98
2022-05-02,43.74,44.25,43.38,44.21,25014995,49.86
2022-05-03,44.13,44.65,43.91,44.26,18186353,49.92
2022-05-04,44.36,45.8,44.04,45.73,27942359,51.58
2022-05-05,45.35,45.4,43.58,43.98,29877224,49.61
2022-05-06,43.58,44.18,43.31,43.74,24902925,49.33
2022-05-09,43.44,43.82,43.15,43.41,26380089,48.96
2022-05-10,44.07,44.54,43.58,43.93,25125370,49.55
2022-05-11,43.52,44.01,43.07,43.13,28149704,48.65
2022-05-12,43.12,43.25,42.09,42.81,29746595,48.29
2022-05-13,43.19,44,43.03,43.94,19155560,49.56
2022-05-16,44.03,44.03,43.34,43.44,20510986,49
2022-05-17,44.05,44.97,43.9,44.86,19000808,50.6
2022-05-18,44.75,44.75,42.74,42.88,45369090,48.36
2022-05-19,38.17,38.95,36.37,36.99,98627744,41.72
2022-05-20,37.11,38.12,36.81,38.07,50995389,42.94
2022-05-23,38.43,38.85,38.07,38.43,31322965,43.35
2022-05-24,38.48,39.06,37.68,38.81,33593664,43.77
2022-05-25,38.79,39.38,38.29,39.01,28941307,44
2022-05-26,39.05,40.36,39.05,39.89,31290017,44.99
2022-05-27,40,40.46,39.85,40.45,27392764,45.62
2022-05-31,40.14,40.43,39.66,39.94,65262366,45.05
2022-06-01,40.38,40.61,39.69,40.1,23412259,45.23
2022-06-02,40.06,40.61,39.8,40.6,23136208,45.79
2022-06-03,40.38,40.55,40,40.12,20574770,45.25
2022-06-06,40.43,40.86,40.01,40.19,14481607,45.33
2022-06-07,39.74,40.47,39.64,40.4,17281872,45.57
2022-06-08,40.3,40.46,39.79,39.83,19448331,44.92
2022-06-09,39.75,40.14,39.22,39.24,21774871,44.26
2022-06-10,38.83,39,38.38,38.56,24117717,43.49
2022-06-13,38.18,38.87,38.03,38.34,33786522,43.24
2022-06-14,38.68,38.74,37.74,38.04,25755634,42.91
2022-06-15,38.45,39.39,38.21,38.83,25740871,43.8
2022-06-16,37.96,38.49,37.96,38.41,32021705,43.32
2022-06-17,38.44,39.01,38.34,38.47,84486359,43.39
2022-06-21,38.84,39.26,38.74,39.13,28226905,44.14
2022-06-22,38.54,39.11,38.27,38.63,23293625,43.57
2022-06-23,38.49,38.53,37.87,38.06,37647867,42.93
2022-06-24,38.51,39.2,38.34,39.1,30867144,44.1
2022-06-27,39.27,39.27,38.68,38.81,27541953,43.77
2022-06-28,38.93,39.43,38.11,38.18,26513323,43.06
2022-06-29,38.25,38.35,37.85,38.02,15495446,42.88
2022-06-30,37.57,38.25,37.41,37.8,29696210,42.64
2022-07-01,37.7,37.86,36.86,37.77,27102922,42.6
2022-07-05,37.14,37.55,36.52,37.54,29116296,41.96
2022-07-06,37.68,38.4,37.58,38.19,20038806,42.69
2022-07-07,38.36,38.79,38.28,38.66,29286553,43.22
2022-07-08,38.49,39.01,38.41,38.82,14335448,43.39
2022-07-11,38.77,39.08,38.53,38.69,18290804,43.25
2022-07-12,38.99,39.21,38.16,38.34,20092799,42.86
2022-07-13,37.44,38.51,37.39,38.2,19510241,42.7
2022-07-14,37.38,37.99,36.99,37.87,19351385,42.33
2022-07-15,38.02,38.58,38.02,38.53,24153038,43.07
2022-07-18,38.74,38.75,37.93,38.11,18877689,42.6
2022-07-19,38.31,39.44,38.15,39.39,27194510,44.03
2022-07-20,39.43,39.64,39.06,39.48,18035415,44.13
2022-07-21,39.62,39.98,39.42,39.88,17753695,44.58
2022-07-22,40.06,40.18,39.58,39.77,17451603,44.46
2022-07-25,39.95,39.95,39.46,39.67,15055124,44.34
2022-07-26,39.69,39.84,39.14,39.21,22499345,43.83
2022-07-27,39.53,40.07,39.21,39.93,26431884,44.64
2022-07-28,40.15,41.03,40,40.81,21486263,45.62
2022-07-29,40.35,40.69,40.1,40.59,29965159,45.37
2022-08-01,40.31,40.64,40.04,40.51,16803785,45.28
2022-08-02,40.72,40.88,40.17,40.18,17030292,44.92
2022-08-03,40.17,40.99,40.07,40.89,18228872,45.71
2022-08-04,41.06,41.09,40.26,40.6,17774357,45.38
2022-08-05,40.18,40.32,39.84,40.26,23516562,45.01
2022-08-08,40.69,40.72,40.13,40.27,18394790,45.02
2022-08-09,40.39,40.42,40.01,40.18,13057523,44.92
2022-08-10,40.89,41.2,40.64,41.17,23456113,46.02
2022-08-11,41.25,41.53,40.94,41.06,18035396,45.9
2022-08-12,41.23,41.7,41.12,41.7,19909153,46.61
2022-08-15,41.5,41.71,41.17,41.68,17119572,46.59
2022-08-16,41.66,42.05,41.54,41.84,24373826,46.77
2022-08-17,41.47,42.13,41.35,41.74,31281452,46.66
2022-08-18,44.55,44.73,43.93,44.17,43602351,49.37
2022-08-19,43.84,44.25,43.42,43.57,29663186,48.7
2022-08-22,43.36,43.39,42.51,42.68,23725961,47.71
2022-08-23,42.57,42.98,42.39,42.41,15426887,47.41
2022-08-24,42.13,42.41,41.93,42.11,17525589,47.07
2022-08-25,42.27,42.43,41.9,42.29,26488841,47.27
2022-08-26,42.12,42.29,41.04,41.05,25014845,45.89
2022-08-29,40.9,41.15,40.69,40.89,15621212,45.71
2022-08-30,40.93,41.03,40.22,40.47,16487620,45.24
2022-08-31,40.95,41,39.88,40.01,28486018,44.72
2022-09-01,39.87,40.56,39.72,40.52,18781596,45.29
2022-09-02,40.89,41.08,39.61,39.89,17794220,44.59
2022-09-06,39.95,40.07,39.34,39.78,16485990,44.47
2022-09-07,40.03,40.4,39.67,40.27,21187879,45.02
2022-09-08,40.04,40.68,39.92,40.59,16368926,45.37
2022-09-09,40.85,41.05,40.61,40.94,18140601,45.77
2022-09-12,41.25,41.8,41.12,41.51,23383135,46.4
2022-09-13,40.9,41.07,39.38,39.46,28625711,44.11
2022-09-14,39.4,39.6,38.97,39.33,33246041,43.96
2022-09-15,39.19,39.25,38.55,38.73,21088447,43.29
2022-09-16,38.57,38.99,38.27,38.74,46758240,43.3
2022-09-19,38.37,38.86,38.25,38.74,15703226,43.3
2022-09-20,38.48,38.48,37.81,38.09,19116293,42.58
2022-09-21,37.86,38.35,37.19,37.21,24533700,41.59
2022-09-22,36.98,37.17,36.8,36.81,19564871,41.15
2022-09-23,36.9,36.9,35.89,36.37,22064607,40.66
2022-09-26,36.37,36.85,36.11,36.3,25752856,40.58
2022-09-27,36.8,37.09,35.98,36.25,17622197,40.52
2022-09-28,36.54,37.19,36.31,36.98,27181076,41.34
2022-09-29,36.72,36.77,35.92,36.29,22685513,40.57
2022-09-30,36.37,36.71,35.75,35.78,32927671,40
2022-10-03,36.38,37.15,36.2,36.94,26753435,41.29
2022-10-04,37.52,37.95,37.37,37.76,28798131,41.82
2022-10-05,37.55,38.15,37.38,37.91,16016439,41.99
2022-10-06,37.61,38,37.35,37.49,21188309,41.52
2022-10-07,37.24,37.24,36.19,36.36,24071357,40.27
2022-10-10,36.68,36.84,35.75,36.02,19806821,39.89
2022-10-11,35.94,36.21,35.46,35.74,23399422,39.58
2022-10-12,35.84,35.99,35.44,35.46,19986632,39.27
2022-10-13,35.24,36.84,34.86,36.67,31010040,40.61
2022-10-14,36.87,36.98,36.04,36.3,22987499,40.2
2022-10-17,37.05,37.49,36.97,37.29,34276944,41.3
2022-10-18,37.85,38.12,37.25,37.73,21477366,41.79
2022-10-19,37.59,38.13,37.44,37.81,23336842,41.88
2022-10-20,37.52,38.48,37.43,37.66,19193883,41.71
2022-10-21,37.79,38.8,37.75,38.64,29426849,42.8
2022-10-24,38.93,39.48,38.73,39.31,21517112,43.54
2022-10-25,39.13,40.09,39,40.05,22595414,44.36
2022-10-26,40.57,40.84,39.98,40.07,23483065,44.38
2022-10-27,40.42,40.71,40.05,40.11,20969736,44.42
2022-10-28,40.35,41.27,40.31,41.21,21584825,45.64
2022-10-31,40.91,41.21,40.68,41.02,21959938,45.43
2022-11-01,41.15,41.34,40.68,41.05,14078959,45.46
2022-11-02,41.05,41.72,40.22,40.24,18410666,44.57
2022-11-03,39.75,39.86,39.18,39.59,21473522,43.85
2022-11-04,40.18,40.7,39.57,40.2,23880421,44.52
2022-11-07,40.48,40.61,40.09,40.22,26685715,44.55
2022-11-08,40.35,40.95,39.89,40.28,20011588,44.61
2022-11-09,40.19,40.38,39.63,39.65,23428372,43.91
2022-11-10,41.26,41.36,40.31,41.23,33817715,45.66
2022-11-11,40.79,40.92,39.65,40.44,29953324,44.79
2022-11-14,40.48,41.03,40.34,40.4,24260794,44.74
2022-11-15,40.67,40.85,40.13,40.54,23559272,44.9
2022-11-16,40.58,40.61,40,40.08,29038677,44.39
2022-11-17,41.7,42.3,40.77,42.07,43626825,46.59
2022-11-18,42.35,43.37,42.31,43.15,36844168,47.79
2022-11-21,42.99,43.6,42.94,43,19743097,47.62
2022-11-22,43.34,43.72,43.12,43.68,19202644,48.38
2022-11-23,43.7,44.23,43.63,43.85,14052051,48.57
2022-11-25,44.02,44.29,43.65,43.7,9871469,48.4
2022-11-28,43.6,43.76,43.27,43.41,19564404,48.08
2022-11-29,43.56,43.71,43.19,43.59,16056174,48.28
2022-11-30,43.49,44.99,43.3,44.89,37386104,49.72
2022-12-01,45.04,45.56,44.86,45.12,22450769,49.97
2022-12-02,44.45,45,44.16,44.87,14485006,49.7
2022-12-05,44.74,44.82,44.39,44.54,16140456,49.33
2022-12-06,44.64,44.64,43.57,43.87,18462523,48.59
2022-12-07,43.7,43.84,43.39,43.5,19248037,48.18
2022-12-08,43.93,44.42,43.9,44.23,19045369,48.99
2022-12-09,44.33,44.39,43.74,43.75,17070540,48.46
2022-12-12,44.06,44.53,43.67,44.51,19537953,49.3
2022-12-13,45.44,45.79,44.45,44.82,27486711,49.64
2022-12-14,44.91,45.2,44.08,44.51,21978987,49.3
2022-12-15,44.21,44.29,43.1,43.47,23203511,48.15
2022-12-16,42.81,43.34,42.51,43.17,92495410,47.81
2022-12-19,43.03,43.3,42.56,42.8,23215187,47.4
2022-12-20,42.81,42.94,42.25,42.77,18268926,47.37
2022-12-21,43.06,43.3,42.81,43.03,18817406,47.66
2022-12-22,42.88,42.88,42.15,42.72,26184348,47.32
2022-12-23,42.66,42.88,42.44,42.87,10979718,47.48
2022-12-27,43.04,43.08,42.63,42.91,14127830,47.53
2022-12-28,43.06,43.13,42.42,42.5,11731234,47.07
2022-12-29,42.67,43.1,42.67,42.89,13838820,47.5
2022-12-30,42.68,43.04,42.39,43.01,16832138,47.64
2023-01-03,43.21,43.38,42.72,43.28,20450483,47.94
2023-01-04,43.94,44.12,42.93,43.28,20861410,47.55
2023-01-05,43.22,43.22,42.56,42.67,22069171,46.88
2023-01-06,43.19,44.22,43.02,43.98,26280937,48.32
2023-01-09,43.92,44.79,43.88,44.21,15943363,48.58
2023-01-10,44.41,44.79,44.22,44.42,14312243,48.81
2023-01-11,44.44,44.8,44.32,44.79,15335298,49.21
2023-01-12,44.79,44.99,44.46,44.59,17480734,49
2023-01-13,44.19,44.61,44.07,44.49,14688603,48.88
2023-01-17,44.52,44.54,43.64,43.76,24263504,48.08
2023-01-18,43.85,43.93,42.67,42.68,23246058,46.9
2023-01-19,42.73,42.82,42.22,42.28,23110745,46.46
2023-01-20,41.92,42.62,41.56,42.57,28142653,46.78
2023-01-23,42.68,43.57,42.6,43.23,17659480,47.5
2023-01-24,43.22,43.7,42.82,43.51,16858880,47.81
2023-01-25,43.67,43.76,42.98,43.67,16858174,47.98
2023-01-26,43.82,44.11,43.53,43.99,15189374,48.34
2023-01-27,43.78,44.35,43.66,44.15,16538898,48.51
2023-01-30,43.81,44.14,43.79,43.88,23778299,48.22
2023-01-31,43.79,44.31,43.73,44.29,22175660,48.67
2023-02-01,44.04,44.5,43.23,44.2,22895210,48.57
2023-02-02,44.17,45.1,44.01,44.89,18108190,49.32
2023-02-03,44.87,44.87,44.14,44.26,21850767,48.63
2023-02-06,43.75,43.94,43.24,43.29,17321411,47.57
2023-02-07,42.99,43.82,42.75,43.54,19369510,47.84
2023-02-08,43.12,43.27,42.57,42.74,21671563,46.96
2023-02-09,42.98,43.15,42.26,42.53,21978536,46.73
2023-02-10,42.5,43.07,42.45,43.01,19486012,47.26
2023-02-13,43.18,43.68,43.13,43.56,23125731,47.86
2023-02-14,43.48,43.68,42.94,43.41,22091635,47.7
2023-02-15,43.23,44.16,43.07,44.09,29933889,48.45
2023-02-16,45.5,47.09,45.32,46.41,52973647,50.99
2023-02-17,46.71,46.82,46.05,46.21,29310374,50.77
2023-02-21,46.15,46.2,45.16,45.22,31114965,49.69
2023-02-22,45.37,45.37,44.49,44.88,24191297,49.31
2023-02-23,45.08,45.21,44.19,44.79,16397264,49.21
2023-02-24,44.42,44.5,43.83,44.12,20766542,48.48
2023-02-27,44.55,44.9,44.19,44.35,18067793,48.73
2023-02-28,44.42,44.53,44.03,44.07,20787119,48.42
2023-03-01,44.09,44.22,43.7,43.99,15993837,48.34
2023-03-02,43.98,44.26,43.79,44.17,20878359,48.53
2023-03-03,44.59,44.92,44.43,44.85,19126001,49.28
2023-03-06,45.01,45.33,44.81,44.98,16596096,49.42
2023-03-07,45.11,45.28,44.26,44.51,22538678,48.91
2023-03-08,44.61,44.84,44.36,44.69,14006495,49.11
2023-03-09,44.87,45.22,44.33,44.42,14982768,48.81
2023-03-10,44.49,44.75,43.96,44.19,18906871,48.56
2023-03-13,44.17,44.49,43.79,44.06,24606003,48.41
2023-03-14,44.3,44.83,44.14,44.64,21546694,49.05
2023-03-15,44.02,44.69,44.02,44.65,20137563,49.06
2023-03-16,44.3,45.77,44.15,45.61,25072726,50.12
2023-03-17,45.74,46.01,45.26,45.68,68612646,50.19
2023-03-20,45.71,46.45,45.51,46.36,27014744,50.94
2023-03-21,46.6,46.72,45.81,46.11,23525773,50.67
2023-03-22,46.18,46.19,44.98,45.01,24520743,49.46
2023-03-23,45.1,45.73,44.96,45.26,17985158,49.73
2023-03-24,45.41,46.01,45.05,45.97,23261831,50.51
2023-03-27,46.14,46.37,45.94,46,18651322,50.54
2023-03-28,45.8,46.05,45.75,45.86,13125602,50.39
2023-03-29,46.16,46.66,46.09,46.57,21475663,51.17
2023-03-30,46.94,47.03,46.53,46.81,13675417,51.43
2023-03-31,46.82,47.64,46.77,47.58,20772091,52.275
2023-04-03,47.38,47.83,47.32,47.61,20486740,52.31
2023-04-04,47.71,47.79,47.16,47.52,16226110,51.82
2023-04-05,47.74,47.95,47.39,47.52,16667956,51.82
2023-04-06,46.69,47.28,46.51,47.01,17061728,51.27
2023-04-10,46.86,47.13,46.65,47.07,11961028,51.33
2023-04-11,46.87,47.04,46.32,46.42,18298093,50.62
2023-04-12,46.6,46.72,45.89,45.95,18400648,50.11
2023-04-13,46.04,46.61,45.93,46.58,18732212,50.8
2023-04-14,46.32,46.63,46.03,46.34,14443004,50.54
2023-04-17,46.36,46.47,45.89,46.1,12196135,50.28
2023-04-18,46.2,46.48,45.91,46.13,17575334,50.31
2023-04-19,45.14,45.18,44,44.05,33949623,48.04
2023-04-20,43.66,43.69,42.51,42.71,40137077,46.58
2023-04-21,42.7,43.2,42.4,43.12,24219480,47.03
2023-04-24,43.14,43.51,43.1,43.45,17675729,47.39
2023-04-25,43.44,43.49,42.92,43.18,22431774,47.09
2023-04-26,42.88,42.96,42.57,42.67,24945900,46.54
2023-04-27,42.89,42.91,42.15,42.69,26460841,46.56
2023-04-28,42.81,43.33,42.74,43.33,23160736,47.25
2023-05-01,43.28,43.57,43.21,43.41,16283190,47.34
2023-05-02,43.01,43.17,42.23,42.51,24397000,46.36
2023-05-03,42.56,42.68,42.05,42.14,23244704,45.96
2023-05-04,41.97,42.11,41.77,41.9,20258486,45.7
2023-05-05,42.29,42.51,42.11,42.41,14505408,46.25
2023-05-08,42.58,42.66,42.26,42.49,13940969,46.34
2023-05-09,42.16,42.65,42.11,42.61,18411636,46.47
2023-05-10,42.82,43.03,42.32,42.83,18873272,46.71
2023-05-11,42.94,42.96,42.36,42.52,14575560,46.37
2023-05-12,42.44,42.92,42.44,42.83,16112511,46.71
2023-05-15,42.91,43.33,42.69,43.19,15889581,47.1
2023-05-16,43.32,43.4,42.91,43.02,16500040,46.92
2023-05-17,43.23,43.79,43.11,43.67,29631089,47.63
2023-05-18,41.96,44.24,41.9,44.2,41475717,48.2
2023-05-19,44.41,45.24,44.38,45.05,34305804,49.13
2023-05-22,45.03,45.14,44.72,44.76,19038999,48.82
2023-05-23,44.57,45.25,44.56,44.85,20235828,48.91
2023-05-24,44.88,44.93,44.17,44.39,15768453,48.41
2023-05-25,43.8,45.14,43.76,44.96,25386531,49.03
2023-05-26,45.03,45.93,45.03,45.72,23301446,49.86
2023-05-30,45.84,46.29,45.61,46,21808659,50.17
2023-05-31,45.76,45.87,45.48,45.54,52273824,49.67
2023-06-01,45.63,45.92,45.17,45.61,21012795,49.74
2023-06-02,45.73,46.08,45.6,45.87,22438678,50.02
2023-06-05,46.05,46.38,45.88,46.04,13961958,50.21
2023-06-06,45.65,45.76,45.06,45.67,16027643,49.81
2023-06-07,45.57,45.98,45.53,45.65,15950740,49.78
2023-06-08,45.77,45.85,45.45,45.55,13289054,49.68
2023-06-09,45.42,45.82,45.26,45.53,12173942,49.66
2023-06-12,45.77,46.31,45.54,46.29,15497669,50.48
2023-06-13,46.47,46.71,46.26,46.58,24035570,50.8
2023-06-14,46.58,46.97,46.42,46.73,16624643,50.96
2023-06-15,46.68,47.74,46.61,47.62,22496702,51.93
2023-06-16,47.86,48.05,47.62,47.74,37134304,52.07
2023-06-20,47.63,47.75,47.19,47.27,20141385,51.55
2023-06-21,47.11,47.13,46.6,46.63,16937952,50.85
2023-06-22,46.44,46.89,46.24,46.87,14996437,51.12
2023-06-23,46.43,46.51,45.93,46.15,16546305,50.33
2023-06-26,46.13,46.58,46.01,46.04,13033225,50.21
2023-06-27,46.13,46.8,46.08,46.64,12989737,50.86
2023-06-28,46.56,46.78,46.25,46.64,11388535,50.87
2023-06-29,46.64,47.01,46.6,46.96,14246003,51.21
2023-06-30,47.57,47.92,47.24,47.44,17655395,51.74
2023-07-03,47.08,47.52,47.07,47.52,7274402,51.82
2023-07-05,47.09,47.64,47.05,47.59,14952220,51.51
2023-07-06,47.18,47.29,46.79,47.22,13933187,51.11
2023-07-07,47.12,47.72,46.88,47.11,15580381,50.99
2023-07-10,47.18,47.58,47.14,47.49,19046469,51.4
2023-07-11,47.64,48.18,47.62,48.15,15002732,52.12
2023-07-12,47.64,47.98,46.69,46.88,26344513,50.74
2023-07-13,46.83,47.69,46.79,47.61,17864883,51.53
2023-07-14,46.58,47.09,46.25,46.55,19566595,50.38
2023-07-17,46.38,47.07,46.32,46.94,16141151,50.81
2023-07-18,47.1,47.46,46.98,47.34,16434285,51.24
2023-07-19,48.24,48.45,47.77,48.44,21745334,52.43
2023-07-20,48.1,48.85,47.96,48.38,22784525,52.37
2023-07-21,48.73,48.96,48.53,48.62,52408494,52.63
2023-07-24,48.68,49.25,48.66,49.07,18394440,53.11
2023-07-25,49.14,49.67,49.07,49.52,16157519,53.6
2023-07-26,49.46,49.57,48.93,49.17,13563653,53.22
2023-07-27,49.52,49.78,48.83,48.97,15797259,53
2023-07-28,48.1,48.43,47.83,48.13,27493038,52.09
2023-07-31,47.89,48.21,47.8,48.08,17291963,52.04
2023-08-01,48.57,48.76,48.32,48.65,15287773,52.66
2023-08-02,48.39,49.07,48.34,48.58,17694665,52.58
2023-08-03,48.49,49.22,48.26,49.1,15196128,53.15
2023-08-04,48.86,49.26,48.54,48.62,12266939,52.63
2023-08-07,48.94,49.03,48.67,48.98,11327934,53.01
2023-08-08,48.65,49.09,48.37,49.02,12225776,53.06
2023-08-09,48.87,49.38,48.65,48.96,18766879,52.99
2023-08-10,49.34,50.02,49.12,49.31,16330334,53.37
2023-08-11,49.29,49.84,49.14,49.7,14344471,53.79
2023-08-14,49.71,50.01,49.63,49.78,20707968,53.88
2023-08-15,49.54,49.64,49.13,49.29,20173861,53.35
2023-08-16,49.14,49.45,48.85,48.93,26493481,52.96
2023-08-17,50.3,51.59,50.23,50.56,45278044,54.73
2023-08-18,50.47,51.24,50.46,50.85,28839760,55.04
2023-08-21,51,51.54,50.95,51.22,18283211,55.44
2023-08-22,51.26,51.57,51.07,51.24,15667565,55.46
2023-08-23,51.38,51.92,51.18,51.72,18250664,55.98
2023-08-24,52.03,52.18,51.01,51.04,17586354,55.24
2023-08-25,51.04,51.62,51.04,51.46,15806200,55.7
2023-08-28,51.64,52,51.44,51.92,15190366,56.2
2023-08-29,52.06,52.48,51.84,52.26,17859125,56.56
2023-08-30,52.32,52.58,52.23,52.49,12145394,56.81
2023-08-31,52.75,53.15,52.56,52.98,22619769,57.35
2023-09-01,53.02,53.76,53.02,53.44,14080411,57.84
2023-09-05,53.42,53.42,52.87,52.9,13884969,57.26
2023-09-06,52.75,53.1,52.73,52.81,11380423,57.16
2023-09-07,52.63,52.74,52.35,52.47,14762105,56.79
2023-09-08,52.44,52.73,52.26,52.36,13993110,56.67
2023-09-11,52.4,52.63,52.14,52.51,15842487,56.84
2023-09-12,52.34,52.53,52.05,52.1,13916092,56.39
2023-09-13,52.03,52.23,51.81,52,13092282,56.28
2023-09-14,52.13,52.17,51.81,52.08,15760270,56.37
2023-09-15,52.02,52.1,51.31,51.77,44029151,56.04
2023-09-18,51.75,51.99,51.58,51.84,11825319,56.11
2023-09-19,51.9,51.93,51.24,51.59,10748904,55.84
2023-09-20,51.69,51.78,51.22,51.28,12221688,55.5
2023-09-21,49.34,49.98,48.83,49.28,37441016,53.34
2023-09-22,49.34,49.73,49.15,49.49,17870180,53.57
2023-09-25,49.39,49.59,49.11,49.41,14228485,53.48
2023-09-26,49.13,49.24,48.58,48.7,15618480,52.71
2023-09-27,48.86,49.31,48.53,49.15,15846769,53.2
2023-09-28,49.31,50.07,49.29,49.78,17205418,53.88
2023-09-29,50.04,50.07,49.43,49.67,13999492,53.76
2023-10-02,49.74,50.26,49.71,50.25,13934984,54.39
2023-10-03,50.12,50.15,49.65,49.92,15700986,53.65
2023-10-04,49.93,50.11,49.52,49.74,17008959,53.45
2023-10-05,49.69,49.76,48.93,49.38,14929525,53.07
2023-10-06,49.31,50.01,49.08,49.74,15665549,53.45
2023-10-09,49.65,50.21,49.55,50.18,10163604,53.92
2023-10-10,50.21,50.33,49.92,50.13,13105617,53.87
2023-10-11,50.19,50.37,49.64,49.93,12658096,53.66
2023-10-12,50.27,50.46,49.79,50.11,11847753,53.85
2023-10-13,50.14,50.36,49.73,50.04,14413854,53.77
2023-10-16,50.32,50.79,50.29,50.4,11737111,54.16
2023-10-17,50.05,50.23,49.48,50.19,17105938,53.94
2023-10-18,50.05,50.42,49.88,50.04,13088733,53.77
2023-10-19,50.03,50.19,49.51,49.62,16325766,53.32
2023-10-20,49.68,49.87,49.13,49.25,23888735,52.93
2023-10-23,49.15,49.18,48.54,48.58,18180303,52.2
2023-10-24,48.63,49.37,48.44,49.33,14824322,53.01
2023-10-25,49.42,49.66,48.69,48.76,14388580,52.4
2023-10-26,48.27,48.51,47.75,47.8,17595426,51.37
2023-10-27,48.05,48.53,47.83,47.98,13333934,51.56
2023-10-30,47.78,48.05,47.54,47.99,13322530,51.57
2023-10-31,48.16,48.55,48.09,48.51,13509303,52.13
2023-11-01,48.43,48.65,48.2,48.57,14301809,52.19
2023-11-02,48.69,49.13,48.56,49.09,17460746,52.75
2023-11-03,49.56,49.74,48.98,49.33,17645135,53.01
2023-11-06,49.29,49.6,49.2,49.59,15429690,53.29
2023-11-07,49.64,49.73,49.29,49.44,15153624,53.13
2023-11-08,49.68,49.79,49.11,49.32,13633787,53
2023-11-09,48.5,48.92,48.16,48.39,21041134,52
2023-11-10,48.62,48.98,48.32,48.94,17373585,52.59
2023-11-13,48.84,48.98,48.47,48.6,14931656,52.23
2023-11-14,48.83,49.66,48.83,49.48,18332193,53.17
2023-11-15,49.57,49.72,49.35,49.58,32260339,53.28
2023-11-16,44.12,44.72,42.99,44.7,79061356,48.04
2023-11-17,44.71,45,44.42,44.44,32337439,47.755
2023-11-20,44.26,45.01,44.25,44.92,27425929,48.27
2023-11-21,44.92,44.99,44.35,44.48,21513506,47.8
2023-11-22,44.74,44.99,44.62,44.74,17311391,48.08
2023-11-24,44.75,45.04,44.71,45,8209531,48.36
2023-11-27,44.97,45.01,44.58,44.6,17652196,47.93
2023-11-28,44.62,44.84,44.49,44.53,16360869,47.85
2023-11-29,44.77,45.08,44.69,44.71,16700531,48.05
2023-11-30,44.84,45.13,44.61,45.02,37165314,48.38
2023-12-01,44.93,45.39,44.69,45.1,18744695,48.47
2023-12-04,44.72,44.83,44.46,44.71,17812941,48.05
2023-12-05,44.43,44.63,44.29,44.6,20985128,47.93
2023-12-06,44.73,44.86,44.34,44.39,19535728,47.7
2023-12-07,44.58,45,44.48,44.91,20478483,48.26
2023-12-08,44.93,45.22,44.86,45.02,16039943,48.38
2023-12-11,45.54,46.01,45.46,45.96,25620583,49.39
2023-12-12,46.14,46.15,45.7,45.9,18712720,49.33
2023-12-13,45.82,46.25,45.42,46.24,18689173,49.69
2023-12-14,46.53,46.54,45.76,46.01,28418721,49.44
2023-12-15,46.05,46.46,46,46.41,58860122,49.87
2023-12-18,46.45,46.8,45.97,46.75,20453075,50.24
2023-12-19,46.87,46.96,46.37,46.7,17035869,50.18
2023-12-20,46.64,46.84,46.33,46.34,17812215,49.8
2023-12-21,46.46,46.51,45.95,46.25,18772276,49.7
2023-12-22,46.38,46.89,46.38,46.61,12903828,50.09
2023-12-26,46.63,46.9,46.57,46.79,9721186,50.28
2023-12-27,46.81,47.05,46.79,46.94,10414977,50.44
2023-12-28,47.07,47.11,46.92,46.97,8549909,50.48
2023-12-29,46.95,47.07,46.73,47.01,12492881,50.52
2024-01-02,46.98,47.33,46.76,47,20243462,50.51
2024-01-03,47.05,47.53,46.83,47.37,20304289,50.51
2024-01-04,47.3,47.37,46.88,46.97,18134900,50.08
2024-01-05,47.06,47.23,46.76,46.97,13989287,50.09
2024-01-08,46.66,47.36,46.6,47.32,18082157,50.46
2024-01-09,46.85,46.92,46.36,46.81,20489211,49.91
2024-01-10,46.89,47.19,46.72,47.12,15174710,50.24
2024-01-11,47.31,47.36,46.93,47.3,16458254,50.44
2024-01-12,47.36,47.65,47.17,47.21,18785708,50.34
2024-01-16,47.12,47.44,46.96,47.44,17017272,50.59
2024-01-17,47.12,47.29,46.81,47.17,17370637,50.3
2024-01-18,47.17,47.64,47.15,47.59,18487542,50.75
2024-01-19,47.59,48.19,47.57,48.08,23015258,51.27
2024-01-22,48.34,48.56,48.21,48.36,20298748,51.57
2024-01-23,48.19,48.6,48.11,48.54,15044327,51.76
2024-01-24,48.77,48.77,48.02,48.12,19458516,51.31
2024-01-25,48.53,49.29,48.53,49.08,18939801,52.33
2024-01-26,49.16,49.35,48.76,48.9,13160315,52.14
2024-01-29,48.62,49.13,48.61,49.04,13492409,52.29
2024-01-30,49.05,49.15,48.76,48.99,14322137,52.24
2024-01-31,48.63,48.71,46.96,47.06,29311787,50.18
2024-02-01,47.11,47.32,46.72,47.06,20635673,50.18
2024-02-02,47.02,47.25,46.53,47.06,20533102,50.18
2024-02-05,46.83,47.03,46.2,46.43,19601985,49.51
2024-02-06,47.18,47.46,46.69,46.87,19265797,49.98
2024-02-07,47.17,47.22,46.38,46.67,16794364,49.77
2024-02-08,46.8,46.88,46.47,46.84,19598985,49.95
2024-02-09,46.82,47.13,46.54,47.01,24076857,50.13
2024-02-12,46.92,47.08,46.44,46.88,19046333,49.99
2024-02-13,46.53,46.83,46.08,46.55,23633712,49.64
2024-02-14,46.49,47.21,46.47,47.15,31176442,50.28
2024-02-15,45.25,46.59,45.19,46.01,42766544,49.06
2024-02-16,45.72,46.02,45.38,45.43,24912312,48.44
2024-02-20,44.99,45.46,44.87,45.28,26402463,48.28
2024-02-21,45.44,45.5,44.92,45.46,15999174,48.48
2024-02-22,45.27,45.67,45.16,45.55,22020346,48.57
2024-02-23,45.6,46.08,45.48,45.82,13141857,48.86
2024-02-26,45.81,45.86,45.35,45.39,13018741,48.4
2024-02-27,45.16,45.44,45.03,45.31,12515981,48.31
2024-02-28,45.2,45.46,45.02,45.07,14635130,48.06
2024-02-29,45.19,45.46,45.14,45.36,22962460,48.37
2024-03-01,45.12,45.41,44.7,45.39,18508070,48.4
2024-03-04,45.36,46.39,45.23,46.07,25214521,49.13
2024-03-05,45.99,46.02,45.55,45.91,18101297,48.95
2024-03-06,45.93,46.33,45.92,46.11,20903553,49.17
2024-03-07,46.36,46.4,45.79,45.86,21224701,48.9
2024-03-08,45.83,46.68,45.81,46.42,19316209,49.5
2024-03-11,46.63,47.17,46.5,47.1,17715074,50.22
2024-03-12,47.4,47.41,46.78,46.96,17590415,50.07
2024-03-13,46.92,47.03,46.73,46.99,16669863,50.11
2024-03-14,47.14,47.21,46.51,46.69,17239397,49.79
2024-03-15,46.69,46.85,45.86,45.89,57049238,48.93
2024-03-18,46.16,46.57,45.93,46.21,17406663,49.27
2024-03-19,46.06,46.51,45.92,46.08,19601131,49.14
2024-03-20,45.99,46.5,45.9,46.47,18554114,49.55
2024-03-21,46.62,47.07,46.48,46.78,26102850,49.88
2024-03-22,46.94,46.98,46.63,46.68,15022861,49.78
2024-03-25,46.48,46.67,46.22,46.59,16191164,49.68
2024-03-26,46.47,46.71,46.4,46.47,13842923,49.55
2024-03-27,46.67,46.8,46.34,46.67,17230958,49.77
2024-03-28,46.79,47.07,46.71,46.81,18139735,49.91
2024-04-01,46.85,47.08,46.76,46.93,15138079,50.04
2024-04-02,46.85,46.97,46.09,46.29,16414408,49.36
2024-04-03,46.14,46.54,46.01,46.08,22210022,48.74
2024-04-04,46.41,46.85,45.42,45.49,17373966,48.11
2024-04-05,45.34,46.02,45.28,45.9,18661294,48.55
2024-04-08,45.56,46.01,45.53,45.61,15375698,48.24
2024-04-09,46.18,47.46,45.87,47.28,26697099,50.01
2024-04-10,47.02,47.06,46.15,46.53,20026353,49.21
2024-04-11,46.63,46.89,46.33,46.83,15703887,49.53
2024-04-12,46.53,46.55,45.8,45.85,16416371,48.49
2024-04-15,47.01,47.07,45.57,45.61,20310808,48.24
2024-04-16,45.83,45.86,45.23,45.31,14233427,47.92
2024-04-17,45.38,45.65,45.11,45.18,14407572,47.79
2024-04-18,45.77,45.77,45.27,45.49,13080916,48.11
2024-04-19,45.75,45.79,45.41,45.68,20964433,48.32
2024-04-22,45.85,45.94,45.38,45.51,20135728,48.14
2024-04-23,45.51,45.82,45.43,45.68,16261695,48.32
2024-04-24,45.43,45.74,45.31,45.71,14828461,48.35
2024-04-25,46.12,46.26,45.24,45.48,18790892,48.1
2024-04-26,45.04,45.65,45.01,45.25,14658910,47.86
2024-04-29,45.37,45.68,44.99,45.17,11599452,47.78
2024-04-30,45.01,45.09,44.41,44.42,18535441,46.98
2024-05-01,44.15,44.98,44.14,44.29,18266418,46.84
2024-05-02,44.47,44.55,44.06,44.24,15441652,46.79
2024-05-03,44.53,44.81,44.29,44.55,17935302,47.12
2024-05-06,44.64,44.85,44.41,44.54,14162953,47.11
2024-05-07,44.64,44.87,44.44,44.7,14308160,47.28
2024-05-08,44.85,45.51,44.67,45.38,15130157,48
2024-05-09,45.38,45.47,45.05,45.18,12449345,47.79
2024-05-10,45.38,45.48,45.1,45.44,12096899,48.06
2024-05-13,45.68,46.16,45.6,46.03,15149097,48.68
2024-05-14,46.31,46.5,45.71,46.28,17379728,48.95
2024-05-15,46.51,47.01,46.07,46.96,37342052,49.67
2024-05-16,47.35,47.38,45.54,45.7,47829396,48.34
2024-05-17,45.63,45.91,45.48,45.54,22020305,48.17
2024-05-20,45.38,45.45,44.45,44.56,22040663,47.13
2024-05-21,44.55,44.58,44.07,44.38,25172249,46.94
2024-05-22,44.53,45.23,44.47,44.84,19940627,47.43
2024-05-23,44.58,44.62,43.97,44.06,18837547,46.6
2024-05-24,44.09,44.24,43.85,43.89,11941076,46.42
2024-05-28,43.64,44.33,43.47,43.76,18178769,46.28
2024-05-29,43.4,43.8,43.35,43.57,16001096,46.08
2024-05-30,43.59,43.93,43.49,43.6,19898124,46.12
2024-05-31,43.62,44.03,43.5,43.96,39269068,46.5
2024-06-03,44.17,44.22,43.76,44.11,23294994,46.65
2024-06-04,44.11,45,43.97,44.83,23330316,47.42
2024-06-05,44.93,45.03,43.15,43.51,28746399,46.02
2024-06-06,43.43,43.86,43.28,43.71,15456061,46.23
2024-06-07,43.45,43.77,43.29,43.34,15734605,45.84
2024-06-10,43.3,43.36,42.8,43.35,13404610,45.85
2024-06-11,43.2,43.43,42.89,43.27,17450742,45.77
2024-06-12,43.48,43.57,42.91,43.13,16803099,45.62
2024-06-13,42.94,43.07,42.66,43.04,16149013,45.52
2024-06-14,42.85,43.21,42.52,43.19,15274176,45.68
2024-06-17,42.92,43.22,42.5,43.2,16381952,45.69
2024-06-18,43.02,43.48,43.02,43.46,17627022,45.97
2024-06-20,43.41,44.31,43.36,44.17,25613165,46.72
2024-06-21,44.53,45.23,44.48,44.71,65576288,47.29
2024-06-24,44.9,45.17,44.45,44.7,19136152,47.28
2024-06-25,44.69,45.21,44.43,44.8,17793635,47.38
2024-06-26,44.49,44.82,44.25,44.3,13981318,46.86
2024-06-27,44.23,44.92,44.22,44.86,16541896,47.45
2024-06-28,44.96,45.25,44.76,44.92,23856478,47.51
2024-07-01,44.89,45.23,44.77,44.93,17776003,47.52
2024-07-02,44.81,45.18,44.4,44.7,19794236,47.28
2024-07-03,44.58,44.93,44.47,44.52,8118296,47.09
2024-07-05,44.27,44.59,44.15,44.48,14692599,46.65
2024-07-08,44.2,44.61,43.82,43.92,19320860,46.06
2024-07-09,43.86,43.96,43.53,43.67,17346619,45.8
2024-07-10,43.92,44.14,43.7,44.12,18737313,46.27
2024-07-11,44.03,44.73,44.03,44.59,19748697,46.76
2024-07-12,44.61,45.63,44.48,45.18,20936110,47.38
2024-07-15,45.21,45.28,44.61,45.2,15925934,47.4
2024-07-16,45.25,45.74,45.02,45.22,17037334,47.42
2024-07-17,45.26,46.48,45.15,46.27,26638650,48.52
2024-07-18,45.91,46.38,45.75,45.81,18462469,48.04
2024-07-19,45.86,45.87,44.95,45.12,18289179,47.32
2024-07-22,45.12,45.18,44.6,44.65,19899394,46.82
2024-07-23,44.57,44.6,44.19,44.21,16372011,46.36
2024-07-24,44.37,44.85,44.09,44.67,25318239,46.85
2024-07-25,45.17,45.95,44.87,45.05,20631194,47.24
2024-07-26,45.12,45.78,45.05,45.66,16104858,47.88
2024-07-29,45.6,45.97,45.24,45.76,11475670,47.99
2024-07-30,45.95,46.3,45.67,45.9,20165993,48.14
2024-07-31,46.16,46.51,46,46.2,19953598,48.45
2024-08-01,46.36,46.46,45.01,45.19,18837522,47.39
2024-08-02,45.47,45.53,44.2,44.49,24000150,46.66
2024-08-05,44.39,44.51,42.62,42.66,29669600,44.74
2024-08-06,42.67,43.62,42.57,43.06,20524013,45.16
2024-08-07,43.31,44.06,43,43.02,18301125,45.12
2024-08-08,43.18,44.12,43.18,43.7,18369103,45.83
2024-08-09,43.58,43.92,43.14,43.36,21217648,45.47
2024-08-12,43.42,43.62,42.43,42.78,20289549,44.86
2024-08-13,42.89,43.28,42.81,43.26,20976915,45.37
2024-08-14,43.04,43.62,42.95,43.33,30675615,45.44
2024-08-15,46.49,47.95,45.93,46.28,45976376,48.53
2024-08-16,46.38,47.42,46.25,47.16,27424886,49.46
2024-08-19,47.04,47.67,47.01,47.66,16436577,49.98
2024-08-20,47.66,48.03,47.29,47.91,18697264,50.24
2024-08-21,47.95,48.2,47.71,48.11,21177597,50.45
2024-08-22,48.36,48.56,47.85,47.89,19143128,50.22
2024-08-23,48.16,48.41,47.98,48.38,16474069,50.74
2024-08-26,48.43,48.65,48.37,48.43,12016800,50.79
2024-08-27,48.32,48.48,48.06,48.36,10243884,50.71
2024-08-28,48.11,48.22,47.12,47.54,14571378,49.85
2024-08-29,47.65,48.46,47.56,48.05,16324066,50.39
2024-08-30,48.2,48.33,47.74,48.19,15615756,50.54
2024-09-03,47.97,48.15,47.58,47.74,14918584,50.06
2024-09-04,47.51,47.72,47.28,47.39,16411747,49.7
2024-09-05,47.2,47.34,46.66,46.85,16311956,49.13
2024-09-06,46.6,46.94,45.96,46.25,21040496,48.5
2024-09-09,46.22,46.87,46.02,46.44,18677582,48.7
2024-09-10,46.52,46.7,46.19,46.52,11754935,48.79
2024-09-11,46.49,46.92,45.63,46.83,15106553,49.11
2024-09-12,46.81,47.33,46.59,47.31,13236852,49.61
2024-09-13,47.43,47.73,47.36,47.49,10168934,49.8
2024-09-16,47.56,48.7,47.47,48.66,16668244,51.03
2024-09-17,48.65,49.03,48.22,48.26,13230265,50.61
2024-09-18,48.05,48.77,47.94,48.22,12697695,50.57
2024-09-19,49.02,49.31,48.77,49.05,16273986,51.44
2024-09-20,49.06,49.9,49.03,49.56,44096635,51.97
2024-09-23,49.64,50,49.48,49.77,18343362,52.19
2024-09-24,49.79,50.13,49.59,50.08,26479286,52.52
2024-09-25,50.13,50.28,49.93,50.21,22422194,52.65
2024-09-26,50.54,50.82,50.31,50.4,18374000,52.85
2024-09-27,50.58,50.75,50.41,50.56,13868340,53.02
2024-09-30,50.56,50.83,50.2,50.75,17807632,53.22
2024-10-01,50.64,50.73,49.88,50.29,16621842,52.74
2024-10-02,50.34,50.77,50.09,50.56,11071270,52.62
2024-10-03,50.15,50.6,50.12,50.38,11029127,52.43
2024-10-04,50.73,50.84,50.36,50.68,11728606,52.75
2024-10-07,50.52,50.78,50.32,50.45,10941700,52.51
2024-10-08,50.58,50.7,50.15,50.67,12365166,52.73
2024-10-09,50.59,51.57,50.48,51.46,10586120,53.56
2024-10-10,51.6,51.7,51.33,51.44,9377463,53.54
2024-10-11,51.42,52.2,51.42,52.13,12704525,54.25
2024-10-14,52.18,52.28,51.68,52.15,11428687,54.27
2024-10-15,52.29,52.47,51.81,51.96,20066281,54.08
2024-10-16,52.85,54.2,52.68,54.17,32382277,56.38
2024-10-17,54.17,54.36,53.66,54.19,18383351,56.4
2024-10-18,54.2,54.64,54.01,54.54,17679841,56.76
2024-10-21,54.47,54.82,54.3,54.37,14083608,56.59
2024-10-22,53.81,54.67,53.67,54.38,14956301,56.6
2024-10-23,53.96,54.37,53.8,54.08,18722973,56.28
2024-10-24,54.17,54.34,53.63,53.77,14699588,55.96
2024-10-25,54.05,54.41,53.49,53.56,14680466,55.74
2024-10-28,53.71,53.79,53.05,53.12,12912311,55.28
2024-10-29,53.2,53.91,53.11,53.5,18810078,55.68
2024-10-30,53.39,53.85,53.2,53.41,13284261,55.59
2024-10-31,53.26,53.34,52.56,52.63,22023370,54.77
2024-11-01,52.6,53.63,52.4,53.33,19235612,55.5
2024-11-04,53.28,53.72,52.96,53.64,13269890,55.83
2024-11-05,53.71,54.07,53.33,53.96,10183605,56.16
2024-11-06,54.95,55.81,54.73,55.6,20506037,57.87
2024-11-07,55.54,56.02,55.29,55.81,17880234,58.08
2024-11-08,55.82,55.92,55.4,55.79,17517686,58.06
2024-11-11,56.69,57.06,56.08,56.33,17826977,58.63
2024-11-12,56.46,56.72,56.14,56.41,16609357,58.71
2024-11-13,55.87,56.96,55.58,56.86,36350607,59.18
2024-11-14,56.68,56.68,55.27,55.65,33747654,57.92
2024-11-15,55.2,55.83,54.99,55.21,28173705,57.46
2024-11-18,55.3,55.72,54.99,55.07,23771462,57.31
2024-11-19,54.46,54.81,54.14,54.78,17476186,57.01
2024-11-20,54.61,55.25,54.39,55.25,15292234,57.5
2024-11-21,55.05,55.66,54.86,55.31,16162444,57.56
2024-11-22,55.34,56.4,55.21,56.26,14952324,58.55
2024-11-25,56.35,56.65,55.98,56.44,52408187,58.74
2024-11-26,56.69,57.31,56.63,57.26,14209693,59.59
2024-11-27,57.28,57.53,56.62,56.97,12703322,59.29
2024-11-29,56.76,57.26,56.73,56.89,11618360,59.21
2024-12-02,56.93,57.36,56.82,57.1,15977739,59.43
2024-12-03,57.1,57.19,56.85,57.15,11746006,59.48
2024-12-04,57.31,57.5,56.94,57.29,16872103,59.62
2024-12-05,57.45,57.87,57.36,57.67,19121697,60.02
2024-12-06,57.65,57.73,57.43,57.55,14623064,59.89
2024-12-09,57.49,57.54,56.56,56.64,16517459,58.95
2024-12-10,56.21,56.56,55.85,56.42,14480185,58.72
2024-12-11,56.57,56.65,56.03,56.3,26842940,58.59
2024-12-12,56.39,57.4,56.33,56.55,17704609,58.85
2024-12-13,56.33,56.63,56.09,56.33,14129777,58.62
2024-12-16,56.18,56.2,55.58,56.07,26883236,58.35
2024-12-17,56.09,56.76,55.89,56.23,24912522,58.52
2024-12-18,56.41,56.41,55.23,55.28,24195146,57.53
2024-12-19,55.14,55.86,55.1,55.37,21947824,57.63
2024-12-20,55.31,56.48,55.03,56.23,69544629,58.52
2024-12-23,55.85,56.7,55.84,56.67,18671217,58.98
2024-12-24,56.5,57.51,56.5,57.51,9922346,59.85
2024-12-26,57.29,57.7,57.07,57.63,8526942,59.98
2024-12-27,57.24,57.67,56.82,57.28,13021411,59.61
2024-12-30,56.78,57.06,56.12,56.87,12948052,59.19
2024-12-31,56.9,57.05,56.46,56.88,14173022,59.2
2025-01-02,56.95,57.34,56.28,56.79,16144281,59.1
2025-01-03,56.92,57.24,56.46,56.94,18859541,58.86
2025-01-06,56.99,57.64,56.68,56.85,18543298,58.77
2025-01-07,57.05,57.31,56.73,57.01,16863781,58.93
2025-01-08,56.97,57.31,56.37,57.27,14400335,59.2
2025-01-10,56.87,57.13,56.63,56.82,17274459,58.74
2025-01-13,57,57.01,56.27,56.84,19340695,58.76
2025-01-14,57.05,57.41,56.83,57.4,16715456,59.33
2025-01-15,57.9,58.37,57.65,58.02,19185137,59.98
2025-01-16,58.22,58.47,57.83,57.87,18445709,59.82
2025-01-17,58.78,58.96,58.24,58.27,23876379,60.23
2025-01-21,58.5,59.33,58.31,59.04,18623768,61.03
2025-01-22,59.05,59.74,59,59.62,19436629,61.63
2025-01-23,59.79,60.28,59.38,60.2,14212046,62.23
2025-01-24,60.04,60.26,59.84,60.2,17232945,62.23
2025-01-27,59.39,59.46,56.84,57.15,33730340,59.08
2025-01-28,57.1,57.62,57,57.49,25473316,59.43
2025-01-29,58,58.56,57.57,57.61,17925289,59.55
2025-01-30,58.5,59.08,58.29,58.5,17079036,60.47
2025-01-31,58.56,59.2,58.48,58.62,16555695,60.6
2025-02-03,58.23,59.26,57.61,59.05,20359375,61.04
2025-02-04,58.86,59.59,58.75,59.34,12677233,61.34
2025-02-05,59.45,60.67,59.3,60.53,19008323,62.57
2025-02-06,60.77,60.86,60.05,60.24,15521841,62.27
2025-02-07,60.69,61.19,60.18,60.24,23729771,62.27
2025-02-10,61.06,61.1,60.35,60.76,15815054,62.81
2025-02-11,60.49,60.75,60.15,60.39,17702464,62.43
2025-02-12,59.44,60.52,59.2,60.49,30116284,62.53
2025-02-13,63.95,64.33,60.68,61.76,43257663,63.84
2025-02-14,61.71,62.95,61.37,62.76,23693320,64.87
2025-02-18,63.17,64.09,62.33,62.48,22047470,64.59
2025-02-19,62.41,62.84,62.19,62.73,14145256,64.84
2025-02-20,62.84,63.1,62.17,62.56,14836588,64.67
2025-02-21,62.57,62.84,61.8,61.89,18905792,63.98
2025-02-24,62.32,62.47,61.09,61.18,17287523,63.24
2025-02-25,62.49,62.53,61.26,62.17,22100075,64.27
2025-02-26,61.96,62.66,61.86,61.99,13452344,64.08
2025-02-27,62.65,63.16,61.67,61.73,24695609,63.81
2025-02-28,61.84,62.07,60.78,62.02,26711832,64.11
2025-03-03,62.29,62.76,61.13,61.41,21810686,63.48
2025-03-04,61.66,61.83,60.57,61.2,24588330,63.26
2025-03-05,61.17,62.08,60.75,61.87,14931472,63.96
2025-03-06,61.72,61.93,60.71,61.34,23155124,63.41
2025-03-07,60.85,62.08,60.16,61.86,21154785,63.94
2025-03-10,61.41,61.61,59.67,60.04,27417648,62.06
2025-03-11,60.25,60.35,58.56,58.69,25787410,60.67
2025-03-12,58.97,59.19,58.28,58.49,18935337,60.46
2025-03-13,58.44,58.52,57.3,57.72,16463327,59.67
2025-03-14,58.35,58.64,57.97,58.53,16250727,60.5
2025-03-17,58.43,59.21,58.37,58.9,15335820,60.89
2025-03-18,58.69,58.82,57.72,58.33,16668982,60.3
2025-03-19,58.65,59.57,58.53,59.13,15488782,61.12
2025-03-20,58.5,59.03,58.37,58.64,16528566,60.62
2025-03-21,58.21,58.43,57.49,58.33,65935195,60.3
2025-03-24,59.05,59.38,58.9,58.98,28335642,60.97
2025-03-25,58.86,59.21,58.72,59,20877635,60.99
2025-03-26,59.04,59.82,59.02,59.79,30628526,61.8
2025-03-27,59.87,59.96,59.33,59.4,25720164,61.4
2025-03-28,59.65,59.76,58.54,58.88,24931721,60.86
2025-03-31,58.65,59.88,58.28,59.7,29335719,61.71
2025-04-01,59.38,60.02,59.07,59.79,17381449,61.8
2025-04-02,59.2,59.85,59.11,59.8,18610686,61.82
2025-04-03,57.83,58.35,55.76,55.81,40006321,57.31
2025-04-04,55.17,55.97,53.02,53.11,42923863,54.54
2025-04-07,51.98,54.65,50.75,52.99,46816197,54.41
2025-04-08,53.3,54.4,51.34,51.8,37374996,53.19
2025-04-09,51.69,56.9,51.29,56.61,53375699,58.13
2025-04-10,56.31,56.43,53.56,55.11,31964574,56.59
2025-04-11,55.19,56.29,54.81,55.83,23036936,57.33
2025-04-14,56.38,56.69,55.6,55.91,15657742,57.41
2025-04-15,56.36,56.4,55.57,55.7,18543575,57.2
2025-04-16,55.09,55.59,53.97,54.3,20551318,55.76
2025-04-17,54.73,54.93,54.23,54.3,15910364,55.76
2025-04-21,53.72,53.88,52.42,52.95,15578781,54.37
2025-04-22,53.78,53.83,53.16,53.6,19961497,55.04
2025-04-23,54.68,55.49,54.04,54.18,30231456,55.63
2025-04-24,53.85,55.09,53.72,54.82,22782315,56.29
2025-04-25,54.74,55.3,54.6,55.23,16493787,56.71
2025-04-28,55.05,55.83,54.94,55.35,23140581,56.84
2025-04-29,55.21,55.99,55.15,55.84,13466087,57.34
2025-04-30,55.61,56.39,54.98,56.22,19921236,57.73
2025-05-01,56.27,56.94,56.17,56.6,16420751,58.12
2025-05-02,57.52,57.86,57.2,57.78,18753540,59.33
2025-05-05,57.46,58.09,57.34,57.77,14758504,59.32
2025-05-06,57.09,57.95,57.05,57.67,13766484,59.22
2025-05-07,57.65,58.33,57.53,58.01,14081022,59.57
2025-05-08,58.39,58.7,57.87,58.15,16196656,59.71
2025-05-09,59.07,59.24,57.89,58.21,17480669,59.77
2025-05-12,60,60.23,59.52,60.06,23699990,61.67
2025-05-13,60.06,60.61,59.99,60.16,18591168,61.78
2025-05-14,60.02,60.25,59.25,59.69,34509182,61.29
2025-05-15,61.42,64.03,61.28,62.58,60718026,64.26
2025-05-16,62.24,62.36,61.33,61.96,30289903,63.62
2025-05-19,61.77,62.45,61.53,62.25,16249009,63.92
2025-05-20,62.07,62.18,61.42,61.76,14995178,63.42
2025-05-21,61.34,62.23,61.33,61.55,15595941,63.2
2025-05-22,61.75,62.05,61.3,61.7,15641088,63.36
2025-05-23,61.07,61.57,60.9,61.46,15645591,63.11
2025-05-27,62.09,62.32,61.68,62.08,17429411,63.75
2025-05-28,62.22,62.31,61.6,61.68,13814469,63.34
2025-05-29,62.06,62.07,60.85,61.4,13984561,63.05
2025-05-30,61.28,61.52,60.67,61.39,25829056,63.04
2025-06-02,61.09,62.21,61.07,62.18,15815994,63.85
2025-06-03,62.13,62.77,62.05,62.68,15156856,64.36
2025-06-04,62.97,63.19,62.66,62.71,14770949,64.39
2025-06-05,62.79,63.21,62.6,62.93,17058566,64.62
2025-06-06,63.61,64.43,63.52,64.33,20943758,66.06
2025-06-09,64.39,64.63,63.88,64.18,13689756,65.9
2025-06-10,64.28,64.35,63.11,63.45,17214901,65.15
2025-06-11,63.41,63.45,62.2,62.51,20442571,64.19
2025-06-12,62.63,63.5,62.43,63.4,15160768,65.1
2025-06-13,62.9,63.03,62.26,62.41,14634981,64.09
2025-06-16,63.49,63.9,63.15,63.8,16957712,65.51
2025-06-17,63.92,64.42,63.32,63.62,18845236,65.33
2025-06-18,63.97,64.61,63.67,64.12,22664169,65.84
2025-06-20,64.75,64.91,64,64.59,50421676,66.32
2025-06-23,64.61,65.72,64.48,65.62,34029979,67.38
2025-06-24,66.01,66.26,65.59,66.12,23162709,67.89
2025-06-25,66.08,66.73,66.01,66.41,19395693,68.19
2025-06-26,66.92,67.35,66.63,67.15,23154032,68.95
2025-06-27,67.07,67.41,66.55,66.86,26224620,68.65
2025-06-30,67.04,67.96,66.95,67.57,32561232,69.38
2025-07-01,67.57,67.73,66.84,67.29,21939473,69.1
2025-07-02,66.88,67.14,66.4,66.8,16655191,68.59
2025-07-03,66.8,68.06,66.8,67.96,17973416,69.37
2025-07-07,67.68,67.89,67.21,67.53,23985157,68.93
2025-07-08,67.4,67.52,66.96,67.2,21182565,68.59
2025-07-09,67.15,67.91,66.92,67.86,23765949,69.27
2025-07-10,67.85,67.98,67.17,67.37,15006033,68.76
2025-07-11,66.9,67.11,66.31,66.57,14699412,67.95
2025-07-14,66.45,66.65,65.84,66.44,16451389,67.82
2025-07-15,66.31,66.5,65.79,65.82,13944576,67.18
2025-07-16,65.79,66.19,65.62,66,15152308,67.37
2025-07-17,66.18,67.08,66.14,66.91,20400008,68.3
2025-07-18,67.38,67.44,66.58,66.67,16145084,68.05
2025-07-21,66.52,67.23,66.41,66.95,14674208,68.34
2025-07-22,66.95,67.21,66.69,66.78,14527150,68.16
2025-07-23,66.96,67.43,66.68,67.23,13042257,68.62
2025-07-24,66.97,67.2,66.54,66.9,13534009,68.29
2025-07-25,66.99,67.42,66.69,67.3,11590038,68.69
2025-07-28,66.38,66.58,66,66.54,20558376,67.92
2025-07-29,66.85,67.33,66.45,66.58,15261761,67.96
2025-07-30,66.46,67.18,65.98,66.89,15517234,68.275
2025-07-31,66.92,67.74,66.5,66.7,18529227,68.08
2025-08-01,66.14,66.24,65.17,65.75,21650021,67.11
2025-08-04,66.39,67.12,66.24,67.1,17052199,68.49
2025-08-05,67.3,67.47,66.08,66.15,15434498,67.52
2025-08-06,66.58,67.94,66.39,67.81,23107772,69.21
2025-08-07,68.38,68.72,67.81,68.48,22579586,69.9
2025-08-08,68.82,70.56,68.79,70.33,31662369,71.79
2025-08-11,70.83,71.08,68.91,69.24,28911377,70.67
2025-08-12,69.35,70.05,69.13,69.93,21940975,71.38
2025-08-13,70.4,70.57,68.82,68.97,38096360,70.4
2025-08-14,66.62,69.18,66.11,67.89,39317329,69.3
2025-08-15,67.06,67.26,64.52,64.86,40877322,66.2
2025-08-18,64.74,65.75,64.42,65.59,20903411,66.95
2025-08-19,65.41,66.15,65.13,65.41,18746598,66.76
2025-08-20,65.46,65.82,65.19,65.75,14946418,67.11
2025-08-21,65.74,65.86,65.12,65.66,12456622,67.02
2025-08-22,65.96,66.66,65.65,65.95,16830586,67.32
2025-08-25,65.92,66.13,65.75,65.78,11724472,67.14
2025-08-26,65.8,67.36,65.75,67,28307872,68.39
2025-08-27,66.93,67.35,66.77,67.05,13876664,68.44
2025-08-28,66.97,68.16,66.96,68.02,15256031,69.43
2025-08-29,67.71,68.05,67.44,67.69,14893291,69.09
2025-09-02,66.72,66.93,66.01,66.42,18928844,67.8
2025-09-03,66.66,66.75,65.96,66.3,14320143,67.67
2025-09-04,66.72,67.02,66.04,66.61,14388533,67.99
2025-09-05,66.34,66.72,65.13,65.54,21049110,66.9
2025-09-08,65.37,65.65,65,65.52,14037382,66.88
2025-09-09,65.39,66.07,65.29,65.97,11649370,67.34
2025-09-10,66.22,66.93,65.76,66.75,14689475,68.13
2025-09-11,66.92,67.18,66.14,66.32,17545183,67.69
2025-09-12,65.52,65.97,64.79,65.18,18529180,66.53
2025-09-15,65.16,65.84,65,65.66,16203088,67.02
2025-09-16,65.66,66.01,65.2,65.57,18019318,66.93
2025-09-17,65.64,66.5,65.03,66.35,18652123,67.72
2025-09-18,66.52,67.37,66.11,67.29,20279009,68.68
2025-09-19,67.52,67.52,65.82,66.83,47822501,68.21
2025-09-22,66.48,66.62,65.93,66.38,20396683,67.75
2025-09-23,66.21,66.84,65.71,66.17,22240010,67.54
2025-09-24,66.33,66.49,65.53,65.95,17433102,67.32
2025-09-25,65.95,66.85,65.75,66.47,22351675,67.85
2025-09-26,66.49,66.53,65.49,65.86,15077408,67.22
2025-09-29,66.34,66.57,66.07,66.35,14358252,67.72
2025-09-30,66.33,67.37,66.32,67.03,20498939,68.42
2025-10-01,66.52,67.42,66.32,67.36,15530716,68.75
2025-10-02,67.77,68.08,66.87,66.92,15708257,68.31
2025-10-03,66.97,67.6,66.68,66.94,11113184,67.92
2025-10-06,67.45,67.96,66.84,67.92,21952715,68.91
2025-10-07,67.92,68.23,67.46,67.99,16493157,68.985
2025-10-08,68.81,69.74,68.01,69.32,34246259,70.33
2025-10-09,69.3,69.61,68.04,68.95,21209483,69.96
2025-10-10,69.4,69.79,66.91,66.96,20961507,67.94
2025-10-13,67.56,67.9,66.17,66.49,14127945,67.46
2025-10-14,66.15,68.17,65.85,67.67,15402046,68.66
2025-10-15,68.31,69.29,67.83,68.52,16260540,69.52
2025-10-16,68.78,69.06,67.58,68.1,13950643,69.09
2025-10-17,68.07,69.75,67.96,69.12,16286931,70.13
2025-10-20,69.11,69.95,69.11,69.63,12183524,70.65
2025-10-21,69.57,70.21,69.37,69.7,15763319,70.72
2025-10-22,69.84,69.95,68.85,69.64,14967248,70.66
2025-10-23,69.59,70.21,69.22,69.26,14614128,70.27
2025-10-24,69.62,69.92,69.05,69.62,13075554,70.63
2025-10-27,69.53,70.43,69.42,70.36,15986782,71.39
2025-10-28,70.18,71.64,70.01,71.58,19884902,72.62
2025-10-29,71.64,71.77,69.9,70.3,18016004,71.33
2025-10-30,70.34,72.06,70.31,71.86,18101769,72.91
2025-10-31,71.67,72.42,71.39,72.06,24007995,73.11
2025-11-03,73.54,73.76,72.57,73.38,21733387,74.45
2025-11-04,72.84,72.93,70.95,71.28,22345025,72.32
2025-11-05,71.18,71.54,70.31,71.06,16113484,72.1
2025-11-06,70.68,71.19,69.67,70.02,16469949,71.04
2025-11-07,70.36,70.56,69.53,70.05,16913726,71.07
2025-11-10,70.73,71.46,70.13,71.05,22201248,72.09
2025-11-11,70.71,71.21,70.07,70.68,21412890,71.71
2025-11-12,70.87,73.14,70.69,72.9,57591646,73.96
2025-11-13,76.83,78.36,75.55,76.27,57638526,77.38
2025-11-14,75.48,77.53,74.75,76.88,38819557,78
2025-11-17,76.77,78.25,76.35,76.66,28720146,77.78
2025-11-18,76.44,77.08,75.35,76.26,26025484,77.37
2025-11-19,76.19,77.8,76.05,77.26,24759661,78.39
2025-11-20,77.98,78.9,74.24,74.36,27381867,75.44
2025-11-21,74.55,75.83,74.39,75.01,24428764,76.1
2025-11-24,75.39,75.78,74.59,75.14,26691466,76.24
2025-11-25,75.39,75.95,74.98,75.22,18818801,76.32
2025-11-26,75.36,75.5,74.26,74.98,15972623,76.07
2025-11-28,75.05,75.85,74.72,75.83,7320910,76.94
2025-12-01,75.56,75.71,74.84,74.95,15529584,76.04
2025-12-02,75.06,75.89,74.67,75.77,14619070,76.87
2025-12-03,75.48,76.7,74.56,76.63,16088439,77.75
2025-12-04,76.57,76.74,76.06,76.64,12572641,77.76
2025-12-05,76.85,77.07,76.28,76.85,12579353,77.97
2025-12-08,77.09,78.24,77,77.73,17454461,78.86
2025-12-09,77.66,78.73,77.38,78.37,15737451,79.51
2025-12-10,77.7,79.65,77.67,79.1,21302732,80.25
2025-12-11,79.09,79.22,77.69,78.13,18652338,79.27
2025-12-12,78.32,78.41,76.6,76.68,16672267,77.8
2025-12-15,77.09,77.58,76.42,77.13,17646019,78.25
2025-12-16,76.98,77.48,76.27,76.44,17737171,77.55
2025-12-17,76.78,77.08,74.83,74.91,26094403,76
2025-12-18,75.23,76.69,75.16,75.84,19249353,76.95
2025-12-19,75.86,78.03,75.68,77.29,84881911,78.42
2025-12-22,77.88,78.01,76.83,76.99,18016052,78.11
2025-12-23,76.49,77,76.47,76.9,16712896,78.02
2025-12-24,76.9,77.16,76.73,76.9,9104399,78.02
2025-12-26,76.97,77.15,76.81,77.04,10158005,78.16
2025-12-29,76.91,77.17,76.41,76.67,17941801,77.79
2025-12-30,76.69,76.69,76.06,76.3,13952182,77.41
2025-12-31,76.23,76.7,75.78,75.92,13570464,77.03
2026-01-02,75.95,76.25,74.92,75.35,15749835,76.04
2026-01-05,75.75,76.08,74.52,74.89,16312135,75.58
2026-01-06,74.84,75.04,74.13,74.55,17017204,75.23
2026-01-07,74.44,74.69,73.52,74.04,20347449,74.72
2026-01-08,73.63,73.78,72.88,73.29,17192241,73.96
2026-01-09,72.78,73.65,72.67,73.21,19104125,73.88
2026-01-12,72.25,73.38,72.14,73.34,20985705,74.01
2026-01-13,73.32,74.81,73.19,74.78,17809917,75.47
2026-01-14,74.25,74.43,73.15,73.73,17801259,74.41
2026-01-15,74.54,75.36,74.23,74.57,18213022,75.25
2026-01-16,74.95,75.3,73.92,74.51,25743335,75.19
2026-01-20,73.84,74.19,72.54,72.68,23999666,73.35
2026-01-21,73.27,73.68,72.34,73.02,18210166,73.69
2026-01-22,73.43,74.1,73.21,73.65,12879824,74.33
2026-01-23,73.28,74.39,73.04,73.91,13125530,74.59
2026-01-26,75.77,76.71,74.95,76.31,24714398,77.01
2026-01-27,76.49,78.19,76.35,77.96,17756731,78.68
2026-01-28,78.21,78.32,77.31,78.24,14022934,78.96
2026-01-29,78.39,78.75,76.92,77.72,22642940,78.43
2026-01-30,77.38,78.08,77.01,77.61,26458381,78.32
2026-02-02,77.41,80.42,77.29,79.91,28238589,80.64
2026-02-03,80.07,82.49,80.07,82.35,34962142,83.11
2026-02-04,83.22,83.47,80.4,80.42,39765730,81.16
2026-02-05,80.12,82.55,80.07,81.61,24236539,82.36
2026-02-06,82.79,84.23,82.05,84.05,23936580,84.82
2026-02-09,83.96,86.45,83.54,85.99,22908419,86.78
2026-02-10,86.18,87.38,85.35,85.51,32113842,86.29
2026-02-11,85.28,86.35,84.35,84.76,34455759,85.54
2026-02-12,78.89,79.64,73.41,74.32,68098557,75
2026-02-13,73.7,76.6,72.75,76.15,42886422,76.85
2026-02-17,76.25,76.86,75.78,76.15,24792719,76.85
2026-02-18,75.85,77.89,75.79,77.47,20648814,78.18
2026-02-19,77.28,78.43,77.16,77.85,18443221,78.56
2026-02-20,77.42,78.61,77.42,78.48,29461609,79.2
2026-02-23,78.13,78.76,76.24,77.03,24488250,77.74
2026-02-24,77.03,77.99,76.77,77.43,19486641,78.14
2026-02-25,77.74,78.7,77.55,78.4,22723429,79.12
2026-02-26,78.22,78.62,77.01,77.39,19609695,78.1
2026-02-27,76.94,78.81,76.37,78.74,27499808,79.46
2026-03-02,78.03,78.79,76.98,78.7,18542583,79.42
2026-03-03,77.67,78.72,76.86,78.24,17522715,78.96
2026-03-04,78.48,80.22,77.82,80.13,20389973,80.87
2026-03-05,79.26,80.43,78.33,79.28,26846524,80.01
2026-03-06,77.8,78.79,77.64,77.92,20622776,78.64
2026-03-09,76.48,76.85,74.52,75.52,32859035,76.21
2026-03-10,76.44,78.29,76.4,76.99,24837929,77.7
2026-03-11,76.93,77.78,76.42,77.39,14729689,78.1
2026-03-12,76.25,77.42,76.25,77.03,19971170,77.74
2026-03-13,77.36,78.54,77.23,77.62,19082121,78.33
2026-03-16,78.2,78.45,77.48,78.18,14716951,78.9
2026-03-17,78.46,79.32,78.1,78.55,16212180,79.27
2026-03-18,79.01,79.31,76.82,76.89,18829079,77.6
2026-03-19,76.84,78.16,76.22,77.8,17521004,78.51
2026-03-20,77.73,78.32,76.01,76.94,90382465,77.65
2026-03-23,77.92,78.79,77.71,78.1,20074043,78.82
2026-03-24,77.66,80.2,77.42,80.12,23529921,80.86
2026-03-25,80.26,81.93,80.15,81.09,23147885,81.83
2026-03-26,81.32,82.35,81.07,81.41,26651442,82.16
2026-03-27,81.23,81.37,78.68,79.19,20559460,79.92
2026-03-30,79.13,79.66,75.89,76.34,24309462,77.04
2026-03-31,77.18,77.48,75.62,76.88,25107533,77.59
2026-04-01,77.29,78.4,77.1,77.22,21310667,77.93
2026-04-02,76.44,78.81,76.25,78.73,12636477,79.02
2026-04-06,78.83,80.18,78.73,80.14,16390765,80.435
2026-04-07,79.72,80.59,79.12,80.38,13429815,80.68
2026-04-08,82,83.43,81.2,83.39,19624099,83.7
2026-04-09,83.54,84.45,81.84,82.86,17613829,83.17
2026-04-10,83.58,84.24,81.32,81.91,17572973,82.22
2026-04-13,81.73,82.08,80.95,82.04,19999547,82.35
2026-04-14,81.72,82.34,81.06,82.3,17858564,82.61
2026-04-15,82.22,82.35,80.57,82.05,15068198,82.36
2026-04-16,81.77,84.21,81.69,84.19,14610772,84.5
2026-04-17,84.87,86.05,84.28,85.93,20324326,86.25
2026-04-20,85.87,88.02,85.54,87.38,16698233,87.71
2026-04-21,87.59,89.47,86.84,89.37,18655937,89.7
2026-04-22,89.59,90.11,89.15,89.47,16988530,89.8
2026-04-23,88.99,89.66,87.94,88.26,21158848,88.59
2026-04-24,87.08,89.4,87.08,88.68,18971923,89.01
2026-04-27,88.95,89.17,87.31,87.93,13812474,88.26
2026-04-28,88.22,88.22,85.46,86.54,16891226,86.86
2026-04-29,86.99,89.3,86.51,89.24,15429791,89.57
2026-04-30,89.48,91.33,88.99,91.16,21689167,91.5
2026-05-01,91.41,92.57,90.82,91.51,16098194,91.85
2026-05-04,91.51,92.75,90.85,92.28,12682546,92.63
2026-05-05,93.47,94.36,93.03,93.95,13458602,94.3
2026-05-06,92.29,93.07,90.66,91.3,27029369,91.64
2026-05-07,91.66,92.38,91.27,91.82,17064255,92.16
2026-05-08,92.98,96.66,92.79,96.21,24656023,96.57
2026-05-11,95.99,98.46,94.97,98.35,31859377,98.72
2026-05-12,99.15,99.56,97.41,98.92,28814335,99.29
2026-05-13,99.03,101.63,98.92,101.49,45246303,101.87
2026-05-14,117.11,118.92,113.55,115.1,70942256,115.53
2026-05-15,114.18,118.39,113.58,117.77,38525021,118.21
2026-05-18,118.36,118.95,115.6,118.44,24768129,118.88
2026-05-19,116.6,118.06,114.36,114.95,32529030,115.38
2026-05-20,115.26,116.48,113.43,113.92,26157814,114.35
2026-05-21,113.7,118.16,113.15,117.76,22703784,118.2
2026-05-22,118.01,120.34,117.24,119.96,22241277,120.41
2026-05-26,120.09,120.32,116.66,117.89,26612096,118.33
2026-05-27,117.5,119.94,116.33,119.22,21715734,119.67
2026-05-28,120.08,120.27,117.52,118.2,20634609,118.64
2026-05-29,117.38,120.98,116.57,119.97,42182629,120.42
2026-06-01,119.35,121.5,117.86,120.88,23970787,121.33
2026-06-02,122.03,127.74,122.03,127.52,26456445,128
2026-06-03,125.69,128.93,124.45,126.03,29976177,126.5
2026-06-04,125.59,129.88,123.68,129.52,23342928,130
2026-06-05,128.18,128.36,121.1,121.19,33173912,121.64
2026-06-08,123.1,125.96,121.55,123.69,24292192,124.15
2026-06-09,122.8,123.76,116.66,119.91,22733124,120.36
2026-06-10,119.27,120.5,117.92,118.36,19743356,118.8
2026-06-11,116.75,122.09,116.07,121.38,24630398,121.83
2026-06-12,121.89,122.33,120.28,120.65,18228220,121.1
2026-06-15,122.1,122.13,119.08,119.72,23152546,120.17
2026-06-16,119.84,120.32,118.76,119.12,16647355,119.57
2026-06-17,118.52,119.21,116.5,116.89,18474932,117.33
2026-06-18,118.15,119.87,116.86,119.09,52287217,119.54
2026-06-22,119.15,121.63,119.15,121.08,20177870,121.53
2026-06-23,118.1,121.88,117.21,120.7,22657392,121.15
2026-06-24,120.12,122.43,118.59,119.28,21755467,119.73
2026-06-25,120.36,120.69,117.12,118.53,26930233,118.97
2026-06-26,116.74,116.74,112.44,113.35,51644144,113.77
2026-06-29,114.55,117.74,114.3,117.26,22482347,117.7
2026-06-30,116.34,118.66,115.77,117.02,32515003,117.46
2026-07-01,116.11,116.99,114.56,116.57,32031421,117.01
2026-07-02,116.59,116.7,111.48,112.27,24266908,112.69
2026-07-06,113.054,115.48,112.68,113.98,22925206,113.98
2026-07-07,112.79,114.03,111.67,111.79,16653724,111.79
2026-07-08,111.675,114.05,111.33,113.82,18316402,113.82
2026-07-09,115.28,119.475,115.275,118.31,21296710,118.31
2026-07-10,117.625,121.61,117.03,121.31,26181899,121.31
2026-07-13,119.965,120.34,117.26,119.25,17572399,119.25
2026-07-14,119.75,120.06,116.56,117.09,21938667,117.09
2026-07-15,117.2,117.5,110.2162,111.77,23832571,111.77
2026-07-16,110.22,111.24,107.53,109.66,25225379,109.66
2026-07-17,109.15,113.23,108.91,111.94,28462331,111.94
2026-07-20,112.275,113.225,110.65,110.7,15825691,110.7
2026-07-21,112.7,113.175,110.93,112.18,17039370,112.18
2026-07-22,111.52,113.775,111.36,112.21,13743181,112.21
2026-07-23,112,113.9,111.83,112.76,15167256,112.76
2026-07-24,112.365,114.57,112.1994,114.17,19111455,114.17
2026-07-27,115.155,115.38,112.735,114.57,15976428,114.57
2026-07-28,114.13,117.07,111.7301,115.58,27963580,115.58
2026-07-29,117.02,117.28,112.345,112.48,22752408,112.48
2026-07-30,112.685,114.325,111.6576,113.56,25574792,113.56
2026-07-31,115.325,117.25,113.89,115.99,18808047,115.99
2026-08-03,114.6,116.27,113.82,115.86,17711134,115.86
2026-08-04,119.39,121.9,118.73,121.74,26638588,121.74
2026-08-05,124,124.21,114.88,121.5,18468681,121.5
2026-08-06,121.475,122.19,119.9,120.88,14049673,120.88
2026-08-07,121.88,122.585,119.45,121.43,15965877,121.43
2026-08-10,123.05,124.7103,122.27,122.57,21128270,122.57
2026-08-11,123,123.16,120.12,120.43,16382369,120.43
2026-08-12,122.745,124.45,122.26,123.88,36220181,123.88
2026-08-13,113.925,115.949,111.48,113.47,61562894,113.47
2026-08-14,112.8,113.68,110.055,111.68,29415590,111.68
2026-08-17,110.96,113.85,110.8101,112.9,22791454,112.9
2026-08-18,111.75,112.75,110.36,111.61,20058224,111.61
2026-08-19,112.3,112.375,110.51,110.55,18019657,110.55
2026-08-20,110.125,111.58,109.23,109.59,12640008,109.59
2026-08-21,110.85,112.19,110.45,111.04,18408275,111.04
2026-08-24,109.97,111.22,109.3,110.23,12638222,110.23
2026-08-25,112.23,112.4995,110.605,111.11,11824570,111.11
2026-08-26,111.51,112.95,111.19,112.36,10312117,112.36
2026-08-27,112.15,112.57,111.61,112.15,13546183,112.15
2026-08-28,112.31,112.5,109.71,109.93,12985743,109.93
2026-08-31,110.28,111.38,109.61,110.49,20848202,110.49
2026-09-01,110.05,110.72,108.93,109.74,14169151,109.74
2026-09-02,110.315,110.51,108.395,109.455,11363278,109.455
2026-09-03,108.8,109.67,107.6,108.61,14217187,108.61
2026-09-04,109.64,110.355,109,109.2,12377929,109.2
2026-09-08,109.37,109.64,108.475,109.17,14689262,109.17
2026-09-09,109.275,110.43,108.98,109.43,10837471,109.43
2026-09-10,108.74,109.89,107.36,107.44,11540556,107.44
2026-09-11,108.89,112.215,108.36,112.13,14158163,112.13
2026-09-14,109.97,111.74,109.39,110.06,12539491,110.06
2026-09-15,110.915,111.69,109.62,110.07,15604506,110.07
2026-09-16,110.66,110.99,107.55,107.74,15551088,107.74
2026-09-17,109.72,111.44,109.32,110.24,16156123,110.24
2026-09-18,110.35,110.8068,108.09,109.51,41287214,109.51
2026-09-21,109.81,111.5,108.83,111.46,21565648,111.46
2026-09-22,110.275,110.43,104.51,106.44,32841466,106.44
2026-09-23,106.22,106.88,105.91,106.43,17634657,106.43
