date,open,high,low,close,volume,raw_close
2016-01-04,13.52,13.66,13.42,13.57,12177113,19.55
2016-01-05,13.58,13.69,13.46,13.61,10306873,19.61
2016-01-06,13.33,13.47,13.26,13.41,9310258,19.32
2016-01-07,13.14,13.24,12.97,12.99,11684408,18.71
2016-01-08,13.03,13.15,12.74,12.76,9675083,18.385
2016-01-11,12.81,12.92,12.51,12.61,11345313,18.17
2016-01-12,12.78,12.78,12.45,12.68,9029595,18.27
2016-01-13,12.79,12.81,12.03,12.03,18567662,17.33
2016-01-14,12.14,12.37,11.86,12.25,15915550,17.65
2016-01-15,11.83,11.96,11.63,11.88,11010058,17.12
2016-01-19,12.08,12.11,11.61,11.72,10111789,16.88
2016-01-20,11.47,11.6,11.07,11.47,18852885,16.53
2016-01-21,11.63,11.97,10.91,10.92,22670216,15.73
2016-01-22,11.17,11.23,10.87,11.06,20653319,15.94
2016-01-25,10.95,11.02,10.34,10.42,24869155,15.01
2016-01-26,10.51,10.69,10.45,10.57,17765088,15.23
2016-01-27,10.52,11.02,10.49,10.7,11945454,15.42
2016-01-28,10.88,11.08,10.72,10.81,11258737,15.57
2016-01-29,10.86,10.97,10.74,10.97,14013382,15.8
2016-02-01,10.95,10.97,10.79,10.93,10485865,15.75
2016-02-02,10.74,10.83,10.54,10.64,8982059,15.33
2016-02-03,10.79,10.81,10.34,10.66,11398423,15.36
2016-02-04,10.63,10.94,10.63,10.78,9050479,15.53
2016-02-05,10.8,10.92,10.59,10.64,12201339,15.33
2016-02-08,10.45,10.64,10.08,10.27,11139469,14.8
2016-02-09,10.09,10.42,10.03,10.29,8769412,14.83
2016-02-10,10.4,10.49,10.18,10.18,10061752,14.665
2016-02-11,9.87,10,9.606,9.676,14034187,13.94
2016-02-12,9.898,10.34,9.863,10.32,11117392,14.87
2016-02-16,10.36,10.95,10.36,10.81,14004269,15.58
2016-02-17,10.93,11.05,10.63,10.7,11548154,15.41
2016-02-18,10.74,10.87,10.43,10.52,8509798,15.15
2016-02-19,10.45,10.63,10.35,10.61,7109501,15.28
2016-02-22,10.74,10.9,10.69,10.88,6874587,15.67
2016-02-23,10.83,10.86,10.41,10.48,8251593,15.1
2016-02-24,10.31,10.48,10.11,10.45,8144348,15.05
2016-02-25,10.52,10.63,10.44,10.62,7600065,15.3
2016-02-26,10.74,11.05,10.62,10.88,8205310,15.68
2016-02-29,10.83,10.86,10.55,10.59,8893324,15.26
2016-03-01,10.68,11.24,10.68,11.22,9902870,16.16
2016-03-02,11.24,11.45,11.18,11.45,9466203,16.49
2016-03-03,11.41,11.7,11.38,11.7,7113094,16.86
2016-03-04,11.85,11.97,11.74,11.89,8115127,17.13
2016-03-07,11.85,11.88,11.72,11.83,7599487,17.04
2016-03-08,11.73,11.78,11.52,11.54,8167147,16.63
2016-03-09,11.62,11.69,11.47,11.52,5123954,16.6
2016-03-10,11.65,11.76,11.45,11.7,7966750,16.86
2016-03-11,11.76,12.09,11.76,12.08,6934900,17.4
2016-03-14,12.01,12.15,11.87,12,6407157,17.29
2016-03-15,11.86,11.96,11.8,11.93,7010586,17.19
2016-03-16,11.92,12.02,11.6,11.69,10932805,16.84
2016-03-17,11.65,11.81,11.48,11.79,9257717,16.98
2016-03-18,11.88,12.11,11.8,12.05,17579576,17.36
2016-03-21,12.04,12.2,11.97,12.06,7938890,17.37
2016-03-22,11.94,12.16,11.9,12.06,7404163,17.38
2016-03-23,12.01,12.06,11.92,11.95,4807231,17.21
2016-03-24,11.82,11.9,11.65,11.87,6892391,17.1
2016-03-28,11.91,11.95,11.74,11.86,5471331,17.09
2016-03-29,11.76,11.76,11.53,11.68,8837830,16.7
2016-03-30,11.8,11.95,11.73,11.8,5120613,16.87
2016-03-31,11.79,11.84,11.6,11.67,6719026,16.69
2016-04-01,11.46,11.76,11.39,11.75,8294693,16.8
2016-04-04,11.76,11.9,11.63,11.72,7340586,16.75
2016-04-05,11.54,11.66,11.44,11.5,7369025,16.44
2016-04-06,11.37,11.65,11.35,11.53,9181073,16.49
2016-04-07,11.39,11.44,11.2,11.28,12829837,16.13
2016-04-08,11.46,11.62,11.37,11.4,6484017,16.3
2016-04-11,11.49,11.72,11.44,11.49,6552238,16.43
2016-04-12,11.53,11.7,11.5,11.65,6914292,16.65
2016-04-13,11.76,12.21,11.76,12.18,7826676,17.41
2016-04-14,12.18,12.55,12.13,12.4,10626105,17.73
2016-04-15,12.41,12.46,12.3,12.36,7954214,17.67
2016-04-18,12.24,12.53,12.18,12.38,8256453,17.7
2016-04-19,12.41,12.68,12.39,12.67,9720125,18.11
2016-04-20,12.71,12.89,12.58,12.86,10760515,18.39
2016-04-21,13.14,13.33,12.87,12.96,12371566,18.53
2016-04-22,13.02,13.09,12.92,13.02,9925800,18.62
2016-04-25,13.01,13.04,12.78,12.96,5446198,18.53
2016-04-26,13,13.13,12.91,13.11,10226473,18.75
2016-04-27,13.06,13.21,12.9,13.1,8106937,18.73
2016-04-28,12.98,13.1,12.85,12.93,6728349,18.49
2016-04-29,12.88,12.93,12.7,12.81,10837140,18.31
2016-05-02,12.83,12.93,12.66,12.9,6019429,18.45
2016-05-03,12.73,12.81,12.44,12.61,6078393,18.03
2016-05-04,12.53,12.55,12.17,12.27,6652375,17.54
2016-05-05,12.29,12.35,12.14,12.23,6912780,17.49
2016-05-06,12.08,12.23,12.04,12.23,5906419,17.48
2016-05-09,12.23,12.3,12.06,12.12,5142432,17.33
2016-05-10,12.2,12.46,12.12,12.4,5261736,17.73
2016-05-11,12.33,12.56,12.3,12.34,5556457,17.65
2016-05-12,12.44,12.54,12.19,12.27,5294354,17.55
2016-05-13,12.25,12.4,11.94,12,6550986,17.15
2016-05-16,12.06,12.34,11.92,12.31,9928947,17.6
2016-05-17,12.28,12.46,12.13,12.23,7196097,17.48
2016-05-18,12.23,12.81,12.22,12.79,13903993,18.28
2016-05-19,12.66,12.84,12.48,12.69,9057359,18.14
2016-05-20,12.74,12.91,12.69,12.79,7363865,18.28
2016-05-23,12.75,12.86,12.6,12.68,6488781,18.13
2016-05-24,12.76,12.99,12.73,12.85,7558709,18.37
2016-05-25,12.88,13.21,12.88,13.16,6809887,18.82
2016-05-26,13.17,13.21,12.94,13.01,4356299,18.6
2016-05-27,13.1,13.19,13.01,13.18,5185451,18.85
2016-05-31,13.24,13.29,13.11,13.2,10483688,18.87
2016-06-01,13.02,13.3,12.92,13.3,9543495,19.02
2016-06-02,13.23,13.51,13.17,13.5,9353114,19.3
2016-06-03,13.19,13.21,12.83,13.16,8461638,18.82
2016-06-06,13.21,13.53,13.09,13.43,8907229,19.2
2016-06-07,13.32,13.45,13.28,13.29,7221191,19
2016-06-08,13.3,13.39,13.25,13.27,4771168,18.98
2016-06-09,13.16,13.17,12.97,13.1,5888173,18.73
2016-06-10,12.9,12.97,12.82,12.96,6088658,18.53
2016-06-13,12.83,13.05,12.79,12.81,6417731,18.32
2016-06-14,12.73,12.87,12.43,12.47,6329195,17.83
2016-06-15,12.49,12.88,12.46,12.61,9004932,18.03
2016-06-16,12.5,12.52,12.3,12.49,7195384,17.86
2016-06-17,12.51,12.76,12.42,12.74,15034302,18.21
2016-06-20,13,13.21,12.84,12.87,10947918,18.4
2016-06-21,12.9,12.97,12.73,12.88,13068018,18.41
2016-06-22,12.87,13.12,12.87,12.9,5957037,18.44
2016-06-23,13.09,13.37,13.09,13.37,5751098,19.11
2016-06-24,12.52,12.71,12.24,12.24,13055623,17.5
2016-06-27,12.03,12.04,11.29,11.37,10762932,16.26
2016-06-28,11.61,11.76,11.46,11.73,13112220,16.64
2016-06-29,11.82,12.08,11.69,12.07,14604223,17.12
2016-06-30,12.18,12.4,12.09,12.4,16085695,17.59
2016-07-01,12.3,12.42,12.2,12.29,7001119,17.43
2016-07-05,12,12.07,11.7,11.77,7001708,16.7
2016-07-06,11.56,11.91,11.46,11.82,8122622,16.77
2016-07-07,11.99,12.08,11.78,11.95,4913926,16.95
2016-07-08,12.18,12.31,12.12,12.16,7515986,17.25
2016-07-11,12.28,12.39,12.2,12.28,3921650,17.42
2016-07-12,12.47,12.62,12.42,12.61,6466532,17.89
2016-07-13,12.63,12.68,12.47,12.65,7209027,17.94
2016-07-14,12.93,13.05,12.86,13,6335885,18.44
2016-07-15,13.11,13.12,12.96,13.07,8366243,18.54
2016-07-18,13.01,13.08,12.94,12.99,3945420,18.43
2016-07-19,12.96,13.09,12.87,12.98,5421365,18.41
2016-07-20,13.02,13.03,12.88,12.97,4693214,18.39
2016-07-21,12.93,13.04,12.84,12.87,7075190,18.26
2016-07-22,12.92,13,12.8,12.99,4056431,18.43
2016-07-25,12.96,13.05,12.94,12.99,3957657,18.42
2016-07-26,12.95,13.16,12.87,13.16,5775107,18.66
2016-07-27,13.14,13.29,13.07,13.15,8073927,18.65
2016-07-28,13.15,13.4,13.03,13.34,9298284,18.92
2016-07-29,13.35,13.47,13.24,13.38,6517573,18.98
2016-08-01,13.43,13.44,13.2,13.24,7087194,18.78
2016-08-02,13.18,13.27,13.02,13.1,5579816,18.58
2016-08-03,13.12,13.4,13.12,13.37,7310085,18.96
2016-08-04,13.4,13.47,13.26,13.3,6058932,18.87
2016-08-05,13.47,13.8,13.35,13.8,8683286,19.57
2016-08-08,13.83,13.9,13.66,13.68,7085938,19.4
2016-08-09,13.66,13.77,13.64,13.68,3360703,19.4
2016-08-10,13.68,13.73,13.45,13.46,4249765,19.09
2016-08-11,13.49,13.59,13.44,13.57,5077924,19.24
2016-08-12,13.48,13.54,13.35,13.47,3245191,19.11
2016-08-15,13.52,13.73,13.36,13.71,3367813,19.45
2016-08-16,13.62,13.78,13.62,13.69,4167224,19.41
2016-08-17,13.67,13.78,13.63,13.76,6036011,19.52
2016-08-18,13.75,13.83,13.73,13.81,6043143,19.58
2016-08-19,13.81,13.85,13.71,13.81,4548496,19.59
2016-08-22,13.8,13.85,13.73,13.83,3750081,19.62
2016-08-23,13.87,13.9,13.76,13.76,5177650,19.52
2016-08-24,13.78,13.85,13.69,13.71,5090733,19.45
2016-08-25,13.69,13.85,13.64,13.81,5190102,19.59
2016-08-26,13.87,14.01,13.78,13.88,4977846,19.69
2016-08-29,13.92,14.05,13.89,13.97,4706545,19.81
2016-08-30,14,14.23,13.94,14.21,6456116,20.16
2016-08-31,14.23,14.26,14.03,14.21,6272965,20.16
2016-09-01,14.26,14.29,13.95,14.13,5219736,20.04
2016-09-02,14.18,14.2,14.03,14.17,4564317,20.1
2016-09-06,14.19,14.24,13.89,14.01,5308716,19.87
2016-09-07,13.95,14.14,13.89,14.12,4578158,20.02
2016-09-08,14.16,14.24,14.07,14.2,4170855,20.14
2016-09-09,14.17,14.28,14.05,14.05,6354813,19.93
2016-09-12,14,14.28,13.85,14.25,6062779,20.21
2016-09-13,14.31,14.31,13.93,14.26,13659789,20.22
2016-09-14,14.31,14.65,14.17,14.36,14043708,20.37
2016-09-15,14.29,14.57,14.28,14.48,7601157,20.54
2016-09-16,14.37,14.5,14.31,14.43,13204581,20.46
2016-09-19,14.52,14.61,14.45,14.55,7682362,20.63
2016-09-20,14.6,14.66,14.5,14.55,7893669,20.64
2016-09-21,14.6,14.7,14.48,14.62,7720222,20.74
2016-09-22,14.72,14.83,14.63,14.67,8980981,20.8
2016-09-23,14.57,14.88,14.57,14.75,6265092,20.92
2016-09-26,14.65,14.67,14.4,14.43,8934122,20.46
2016-09-27,14.35,14.62,14.31,14.61,7534587,20.72
2016-09-28,14.66,14.69,14.42,14.57,8645962,20.54
2016-09-29,14.49,14.75,14.28,14.36,8574061,20.24
2016-09-30,14.44,14.66,14.4,14.52,7630542,20.46
2016-10-03,14.43,14.62,14.39,14.44,6282973,20.35
2016-10-04,14.37,14.69,14.37,14.52,9572572,20.47
2016-10-05,14.5,14.82,14.5,14.72,7519723,20.74
2016-10-06,14.76,14.86,14.58,14.72,6187402,20.74
2016-10-07,14.65,14.77,14.53,14.68,6414622,20.69
2016-10-10,14.73,14.81,14.64,14.67,7295289,20.68
2016-10-11,14.37,14.73,14.36,14.47,7660270,20.39
2016-10-12,14.5,14.6,14.43,14.45,6656388,20.37
2016-10-13,14.3,14.35,13.93,14.01,13437259,19.74
2016-10-14,14.17,14.3,13.96,14.05,17509140,19.8
2016-10-17,14.06,14.08,13.89,13.89,8512359,19.58
2016-10-18,14.16,14.17,13.89,14.1,9904607,19.87
2016-10-19,14.13,14.68,14.1,14.56,18316290,20.52
2016-10-20,14.41,14.99,14.4,14.91,17826435,21.02
2016-10-21,14.81,15.07,14.78,15.05,7020423,21.21
2016-10-24,15.18,15.23,15.08,15.12,6749961,21.31
2016-10-25,15.08,15.22,15.03,15.1,7768744,21.28
2016-10-26,15.06,15.39,14.98,15.38,6917298,21.67
2016-10-27,15.43,15.66,15.4,15.48,9441946,21.82
2016-10-28,15.54,15.55,15.24,15.33,6058269,21.61
2016-10-31,15.42,15.58,15.37,15.44,8922856,21.76
2016-11-01,15.54,15.67,15.21,15.5,7484311,21.85
2016-11-02,15.45,15.45,15.24,15.34,6246732,21.62
2016-11-03,15.37,15.44,15.14,15.2,5653015,21.42
2016-11-04,15.19,15.29,15.03,15.05,8415811,21.21
2016-11-07,15.42,15.58,15.38,15.54,7065848,21.9
2016-11-08,15.47,15.5,15.26,15.36,7449178,21.65
2016-11-09,15.78,16.41,15.67,16.28,14649885,22.95
2016-11-10,16.5,16.98,16.38,16.84,14216757,23.74
2016-11-11,16.82,17.39,16.71,17.36,11440154,24.47
2016-11-14,17.62,18.17,17.57,17.93,12649018,25.27
2016-11-15,17.82,18.22,17.5,18.21,9814754,25.66
2016-11-16,17.87,18,17.57,17.67,11684880,24.9
2016-11-17,17.74,18.06,17.6,18.04,6636397,25.43
2016-11-18,18.04,18.27,17.93,18.22,6335391,25.68
2016-11-21,18.27,18.37,18.17,18.34,6773717,25.85
2016-11-22,18.45,18.58,18.27,18.55,9766053,26.14
2016-11-23,18.65,18.89,18.5,18.65,11377699,26.29
2016-11-25,18.72,18.73,18.5,18.55,3608966,26.14
2016-11-28,18.45,18.57,17.93,18.01,10570759,25.38
2016-11-29,18.09,18.26,17.95,18.01,7210955,25.39
2016-11-30,18.37,18.6,18.21,18.45,14081268,26.01
2016-12-01,18.58,18.94,18.5,18.76,7922838,26.44
2016-12-02,18.72,18.75,18.32,18.37,8875498,25.89
2016-12-05,18.61,18.67,18.42,18.51,6065231,26.09
2016-12-06,18.34,18.69,18.34,18.67,6653558,26.32
2016-12-07,18.71,18.86,18.51,18.84,8566496,26.55
2016-12-08,18.99,19.24,18.74,19.14,8600936,26.98
2016-12-09,19.12,19.16,18.89,19.08,6920813,26.89
2016-12-12,19.09,19.15,18.78,18.83,7947712,26.54
2016-12-13,18.96,19.07,18.68,18.99,6474905,26.76
2016-12-14,18.86,19.38,18.7,19.09,9650534,26.91
2016-12-15,19.19,19.38,19.03,19.31,7662749,27.21
2016-12-16,19.26,19.45,18.97,19.01,13233703,26.8
2016-12-19,18.96,19.34,18.91,19.32,7499412,27.23
2016-12-20,19.43,19.78,19.34,19.72,6863360,27.79
2016-12-21,19.75,19.75,19.58,19.65,3510742,27.69
2016-12-22,19.67,19.71,19.48,19.6,3919971,27.62
2016-12-23,19.63,19.65,19.48,19.64,2389389,27.68
2016-12-27,19.65,19.74,19.6,19.7,2677007,27.76
2016-12-28,19.7,19.75,19.41,19.44,3177379,27.26
2016-12-29,19.47,19.5,18.97,19.06,5713497,26.73
2016-12-30,19.05,19.31,18.99,19.23,5491855,26.97
2017-01-03,19.49,19.65,19.13,19.29,8213812,27.05
2017-01-04,19.29,19.68,19.29,19.55,4973878,27.42
2017-01-05,19.45,19.5,18.93,19,8416614,26.64
2017-01-06,19.13,19.3,18.98,19.16,6415985,26.87
2017-01-09,19.06,19.21,18.91,19.08,4172735,26.76
2017-01-10,19.14,19.48,19.06,19.3,5752549,27.07
2017-01-11,19.19,19.33,19.03,19.32,6153348,27.09
2017-01-12,19.25,19.3,18.93,19.19,4758340,26.91
2017-01-13,19.26,19.75,19.25,19.46,5643214,27.29
2017-01-17,19.27,19.33,18.32,18.56,15278977,26.03
2017-01-18,18.58,18.78,18.44,18.78,9655017,26.33
2017-01-19,18.83,18.97,18.52,18.53,6052728,25.99
2017-01-20,18.65,18.85,18.59,18.75,6045603,26.29
2017-01-23,18.75,18.95,18.65,18.9,7875801,26.5
2017-01-24,19.06,19.08,18.3,18.97,12602878,26.6
2017-01-25,19.13,19.25,18.98,19.19,10248290,26.91
2017-01-26,19.27,19.43,19.17,19.33,6042439,27.11
2017-01-27,19.4,19.42,19.02,19.08,5276033,26.76
2017-01-30,18.95,18.97,18.51,18.78,6683760,26.33
2017-01-31,18.55,18.83,18.55,18.61,9599327,26.1
2017-02-01,18.81,18.97,18.61,18.71,6394666,26.24
2017-02-02,18.52,18.6,18.37,18.5,7079607,25.94
2017-02-03,18.89,19.02,18.64,18.91,6764802,26.52
2017-02-06,18.85,19.15,18.8,19.08,6544426,26.76
2017-02-07,19.14,19.17,18.75,18.89,5558758,26.49
2017-02-08,18.7,18.77,18.31,18.46,7648733,25.89
2017-02-09,18.54,18.78,18.44,18.65,7968671,26.15
2017-02-10,18.81,19.01,18.69,18.9,5137795,26.51
2017-02-13,19.03,19.21,18.98,19.07,5161461,26.74
2017-02-14,19.03,19.67,19,19.65,6833270,27.55
2017-02-15,19.81,19.81,19.46,19.65,6896953,27.56
2017-02-16,19.64,19.73,19.55,19.68,6864876,27.6
2017-02-17,19.52,19.65,19.42,19.64,4449690,27.54
2017-02-21,19.66,19.84,19.55,19.66,5173874,27.57
2017-02-22,19.55,19.67,19.45,19.61,6451741,27.5
2017-02-23,19.68,19.68,19.35,19.59,4797314,27.47
2017-02-24,19.4,19.5,19.27,19.48,5932207,27.32
2017-02-27,19.52,19.78,19.42,19.66,5109468,27.57
2017-02-28,19.61,19.7,19.47,19.57,8322564,27.44
2017-03-01,19.97,20.66,19.85,20.5,8328538,28.75
2017-03-02,20.5,20.57,19.77,19.78,6853388,27.74
2017-03-03,19.69,19.96,19.63,19.85,5356479,27.84
2017-03-06,19.66,19.75,19.36,19.64,5329986,27.54
2017-03-07,19.62,19.71,19.44,19.52,4733918,27.37
2017-03-08,19.82,19.86,19.48,19.52,6206209,27.37
2017-03-09,19.58,19.81,19.53,19.6,4217056,27.49
2017-03-10,19.73,19.8,19,19.37,8559965,27.16
2017-03-13,19.35,19.42,19.18,19.23,4991718,26.96
2017-03-14,19.1,19.23,18.78,19.08,4770558,26.75
2017-03-15,19.17,19.31,18.75,18.86,4992585,26.45
2017-03-16,18.95,19.11,18.84,19,6421596,26.65
2017-03-17,19,19.09,18.7,18.79,15149270,26.35
2017-03-20,18.78,18.94,18.63,18.67,7067197,26.185
2017-03-21,18.8,18.8,17.67,17.76,10671654,24.91
2017-03-22,17.73,17.93,17.33,17.71,8257943,24.84
2017-03-23,17.66,18.1,17.59,17.87,7529602,25.06
2017-03-24,17.89,17.96,17.59,17.75,6532349,24.89
2017-03-27,17.31,17.67,17.13,17.64,6335483,24.73
2017-03-28,17.59,18.16,17.48,18,6261314,25.24
2017-03-29,18.03,18.12,17.81,17.96,6925751,25.04
2017-03-30,17.94,18.56,17.89,18.45,6382721,25.73
2017-03-31,18.34,18.43,18.21,18.21,4377605,25.4
2017-04-03,18.31,18.34,17.92,18.14,6000483,25.29
2017-04-04,18.03,18.25,17.99,18.18,4444956,25.35
2017-04-05,18.37,18.47,17.85,17.86,4853401,24.9
2017-04-06,17.88,18.19,17.7,18.06,4289175,25.18
2017-04-07,17.91,18.1,17.81,17.93,5772002,25.01
2017-04-10,18,18.06,17.66,17.78,5215737,24.8
2017-04-11,17.68,17.77,17.38,17.7,7698580,24.69
2017-04-12,17.67,17.7,17.34,17.45,6499134,24.33
2017-04-13,17.38,17.58,17.15,17.16,7369034,23.93
2017-04-17,17.17,17.57,17.05,17.5,6563118,24.4
2017-04-18,17.36,17.5,17.09,17.22,6953714,24.01
2017-04-19,17.39,17.56,17.26,17.36,6041734,24.21
2017-04-20,17.43,17.97,17.43,17.89,8231837,24.95
2017-04-21,17.83,18.06,17.58,17.65,6568425,24.62
2017-04-24,18.18,18.34,18.03,18.16,8104272,25.33
2017-04-25,18.21,18.35,17.83,17.93,9267562,25.01
2017-04-26,17.96,18.13,17.86,17.91,9053468,24.97
2017-04-27,17.96,17.96,17.5,17.68,8166422,24.65
2017-04-28,17.65,17.82,17.51,17.52,5301116,24.43
2017-05-01,17.63,17.91,17.48,17.78,7889399,24.79
2017-05-02,17.79,17.83,17.44,17.54,5357124,24.46
2017-05-03,17.46,17.78,17.4,17.73,6566066,24.72
2017-05-04,17.88,18.04,17.71,17.86,6684296,24.91
2017-05-05,17.93,17.96,17.72,17.78,3614767,24.8
2017-05-08,17.76,17.96,17.75,17.88,3243184,24.94
2017-05-09,17.93,18.04,17.72,17.81,5123818,24.84
2017-05-10,17.75,17.87,17.63,17.66,6553225,24.63
2017-05-11,17.57,17.69,17.35,17.53,4856850,24.44
2017-05-12,17.35,17.43,17.07,17.32,6572507,24.16
2017-05-15,17.35,17.68,17.27,17.67,6121144,24.64
2017-05-16,17.67,17.89,17.65,17.86,6244950,24.9
2017-05-17,17.37,17.58,16.9,17.05,9949933,23.78
2017-05-18,17.03,17.25,16.88,17.08,7723550,23.82
2017-05-19,17.1,17.5,17.04,17.34,6776623,24.18
2017-05-22,17.41,17.62,17.31,17.49,5685596,24.39
2017-05-23,17.56,17.79,17.37,17.74,5694288,24.74
2017-05-24,17.73,17.75,17.43,17.55,6763880,24.48
2017-05-25,17.6,17.83,17.49,17.55,5465558,24.47
2017-05-26,17.53,17.59,17.38,17.4,5641221,24.26
2017-05-30,17.32,17.35,17.02,17.25,5100355,24.05
2017-05-31,17.26,17.28,16.9,17.02,11203849,23.74
2017-06-01,16.7,17.27,16.64,17.23,6628223,24.03
2017-06-02,17.08,17.15,16.92,16.95,8620173,23.64
2017-06-05,17.08,17.26,16.99,16.99,7334703,23.7
2017-06-06,16.82,17.03,16.66,16.94,7166559,23.62
2017-06-07,17.05,17.21,16.95,17.12,6597131,23.875
2017-06-08,17.08,17.73,17.05,17.45,6675052,24.33
2017-06-09,17.53,18.03,17.53,17.97,8407323,25.06
2017-06-12,17.97,18.33,17.86,18.06,7258590,25.19
2017-06-13,18.19,18.34,18.05,18.16,5806669,25.33
2017-06-14,17.84,18.39,17.82,18.34,8688174,25.58
2017-06-15,18.17,18.41,18.1,18.27,4781662,25.48
2017-06-16,18,18.34,17.98,18.26,7530546,25.47
2017-06-19,18.37,18.58,18.29,18.35,4179416,25.59
2017-06-20,18.34,18.42,18.1,18.33,6257033,25.56
2017-06-21,18.36,18.41,18.15,18.21,6921002,25.39
2017-06-22,18.18,18.19,17.84,18.03,6466941,25.14
2017-06-23,18.11,18.19,17.63,17.68,9482914,24.66
2017-06-26,17.7,17.97,17.63,17.8,3614684,24.82
2017-06-27,17.93,18.17,17.81,17.99,5645756,25.09
2017-06-28,18.19,18.44,18.16,18.38,6116142,25.49
2017-06-29,18.89,19.25,18.69,18.8,10510336,26.07
2017-06-30,18.92,19,18.58,18.72,6396744,25.96
2017-07-03,18.89,19.27,18.85,19.09,3175743,26.47
2017-07-05,19.12,19.3,18.98,19.17,5290511,26.58
2017-07-06,19.15,19.37,19.07,19.08,5789504,26.46
2017-07-07,19.15,19.2,18.97,19.09,4427902,26.48
2017-07-10,19.02,19.17,18.9,18.99,5286489,26.34
2017-07-11,19,19.1,18.76,18.89,6622454,26.19
2017-07-12,18.73,18.92,18.68,18.83,5228105,26.11
2017-07-13,18.82,18.96,18.79,18.96,4693657,26.29
2017-07-14,18.7,18.86,18.49,18.81,5604843,26.08
2017-07-17,18.75,18.95,18.66,18.86,4759954,26.16
2017-07-18,18.6,18.73,18.45,18.62,5608097,25.82
2017-07-19,18.68,18.75,18.45,18.6,6513556,25.8
2017-07-20,18.63,18.71,18.33,18.38,8937396,25.49
2017-07-21,18.47,19.03,18.4,18.88,9861522,26.18
2017-07-24,18.91,19.09,18.84,19.06,6191541,26.43
2017-07-25,19.37,19.52,19.11,19.17,12082915,26.59
2017-07-26,19.09,19.26,18.8,18.88,7468629,26.18
2017-07-27,18.91,19.02,18.74,18.85,5719306,26.14
2017-07-28,18.85,19.06,18.74,19.02,5779196,26.38
2017-07-31,19.09,19.32,19.04,19.25,5489449,26.7
2017-08-01,19.34,19.43,19.18,19.41,5556247,26.92
2017-08-02,19.38,19.48,19.31,19.44,4632305,26.96
2017-08-03,19.38,19.46,19.29,19.4,6128800,26.9
2017-08-04,19.59,19.9,19.49,19.6,5802238,27.18
2017-08-07,19.59,19.62,19.41,19.49,3749426,27.03
2017-08-08,19.47,20.09,19.41,19.79,7007743,27.45
2017-08-09,19.59,19.69,19.45,19.57,6103751,27.14
2017-08-10,19.37,19.43,18.99,19.02,5601562,26.38
2017-08-11,19.14,19.23,18.73,18.83,4571619,26.11
2017-08-14,19.03,19.29,19.02,19.24,3799912,26.68
2017-08-15,19.3,19.72,19.3,19.48,6002767,27.02
2017-08-16,19.56,19.64,19.25,19.35,7782790,26.83
2017-08-17,19.33,19.4,18.9,18.94,8337072,26.26
2017-08-18,18.86,19.14,18.84,18.99,8985708,26.33
2017-08-21,18.99,19.03,18.84,18.9,5034804,26.21
2017-08-22,18.96,19.2,18.96,19.2,6149034,26.62
2017-08-23,19.02,19.32,18.94,19.18,3813971,26.6
2017-08-24,19.26,19.4,19.22,19.36,3914276,26.85
2017-08-25,19.41,19.47,19.22,19.23,4469401,26.67
2017-08-28,19.28,19.35,19.09,19.17,6468665,26.59
2017-08-29,18.99,19.06,18.82,18.94,5102831,26.26
2017-08-30,18.95,19.1,18.93,18.97,4094285,26.3
2017-08-31,19.02,19.1,18.81,18.84,5306525,26.13
2017-09-01,18.88,19.19,18.84,19.04,3607520,26.41
2017-09-05,18.97,19.03,18.56,18.6,5867169,25.79
2017-09-06,18.73,18.78,18.48,18.58,4719394,25.77
2017-09-07,18.57,18.6,17.78,18.01,8538930,24.97
2017-09-08,18.08,18.27,17.93,18.1,5784167,25.1
2017-09-11,18.3,18.63,18.29,18.53,5016543,25.7
2017-09-12,18.57,18.97,18.57,18.88,3588761,26.18
2017-09-13,18.76,19.05,18.75,18.99,4949566,26.33
2017-09-14,19,19.1,18.81,18.97,4584912,26.31
2017-09-15,18.88,19.12,18.73,19.12,10785947,26.52
2017-09-18,19.19,19.46,19.15,19.38,6269843,26.87
2017-09-19,19.39,19.66,19.35,19.6,5162453,27.18
2017-09-20,19.56,19.85,19.43,19.77,4817814,27.41
2017-09-21,19.74,19.96,19.74,19.86,4163158,27.54
2017-09-22,19.76,19.87,19.61,19.69,4999424,27.31
2017-09-25,19.68,19.81,19.46,19.57,9184100,27.14
2017-09-26,19.62,19.82,19.56,19.75,4195420,27.39
2017-09-27,20.07,20.14,19.84,19.96,6811958,27.68
2017-09-28,20.03,20.08,19.82,20.01,6284598,27.59
2017-09-29,20,20.35,19.94,20.29,5592651,27.98
2017-10-02,20.13,20.29,20.01,20.21,4383888,27.87
2017-10-03,20.26,20.34,20.11,20.24,4031928,27.91
2017-10-04,20.26,20.32,20.15,20.17,3692222,27.81
2017-10-05,20.16,20.53,20.05,20.47,3597720,28.22
2017-10-06,20.5,20.63,20.3,20.45,4205491,28.19
2017-10-09,20.52,20.52,20.32,20.4,2410604,28.13
2017-10-10,20.44,20.62,20.36,20.61,2564365,28.42
2017-10-11,20.62,20.62,20.4,20.5,3326807,28.26
2017-10-12,20.61,20.61,20.32,20.42,6316023,28.15
2017-10-13,20.34,20.51,20.11,20.35,7347365,28.06
2017-10-16,20.32,20.58,20.32,20.58,4211860,28.37
2017-10-17,20.58,20.6,20.26,20.29,4737704,27.97
2017-10-18,20.42,20.44,20.24,20.36,3902046,28.07
2017-10-19,20.2,20.55,20.14,20.51,3860955,28.28
2017-10-20,20.75,20.79,20.62,20.74,4728799,28.6
2017-10-23,20.74,20.78,20.58,20.62,5121215,28.43
2017-10-24,20.3,20.82,20.3,20.74,8013491,28.6
2017-10-25,20.95,21.19,20.61,20.73,7328713,28.58
2017-10-26,20.77,21.04,20.67,20.92,5612135,28.85
2017-10-27,20.92,21.1,20.86,21.08,4695665,29.07
2017-10-30,20.95,21.19,20.9,21.04,6240050,29.01
2017-10-31,21,21.16,20.92,20.96,5033499,28.9
2017-11-01,21.08,21.2,20.95,21,3866833,28.96
2017-11-02,20.98,21.32,20.86,21.22,4282819,29.26
2017-11-03,21.15,21.22,21.07,21.12,3747272,29.12
2017-11-06,21.1,21.27,21.03,21.21,3632709,29.24
2017-11-07,21.2,21.3,20.61,20.63,5297267,28.45
2017-11-08,20.42,20.67,20.42,20.53,6818163,28.3
2017-11-09,20.37,20.61,20.16,20.32,6536216,28.01
2017-11-10,20.37,20.71,20.05,20.07,7122902,27.67
2017-11-13,19.96,20.51,19.86,20.45,8481402,28.19
2017-11-14,20.36,20.76,20.33,20.75,6494811,28.61
2017-11-15,20.63,20.75,20.45,20.64,5867860,28.46
2017-11-16,20.79,20.95,20.56,20.65,4323528,28.47
2017-11-17,20.44,20.7,20.4,20.63,4158975,28.45
2017-11-20,20.69,20.8,20.6,20.72,5273669,28.57
2017-11-21,20.82,20.82,20.61,20.66,3792205,28.48
2017-11-22,20.66,20.8,20.58,20.61,2872637,28.42
2017-11-24,20.69,20.71,20.42,20.45,2392643,28.2
2017-11-27,20.49,20.6,20.42,20.6,5736693,28.4
2017-11-28,20.67,21.23,20.6,21.21,6541282,29.24
2017-11-29,21.4,22.16,21.4,22.09,6655508,30.46
2017-11-30,22.24,22.57,22.08,22.13,8937515,30.51
2017-12-01,22.19,22.46,21.58,22.26,7751169,30.69
2017-12-04,22.64,23.09,22.61,22.75,7695317,31.36
2017-12-05,22.78,22.95,22.28,22.32,6890934,30.78
2017-12-06,22.3,22.52,22.09,22.18,9022826,30.58
2017-12-07,22.04,22.29,21.78,22.05,11806510,30.4
2017-12-08,22.24,22.29,21.69,22.03,11462613,30.37
2017-12-11,21.99,22.25,21.88,21.98,7364273,30.3
2017-12-12,21.95,22.27,21.87,22.09,7580833,30.45
2017-12-13,22.05,22.23,21.69,21.72,7194954,29.94
2017-12-14,21.81,21.83,21.46,21.52,9696873,29.675
2017-12-15,21.65,22,21.46,21.78,25185522,30.03
2017-12-18,22.01,22.35,21.88,22.1,10850397,30.47
2017-12-19,22.25,22.4,22.12,22.21,6994970,30.62
2017-12-20,22.43,22.53,22.09,22.13,6002015,30.51
2017-12-21,22.3,22.51,22.23,22.43,5921701,30.93
2017-12-22,22.57,22.57,22.21,22.37,3012439,30.84
2017-12-26,22.32,22.51,22.14,22.25,2084233,30.68
2017-12-27,22.31,22.35,22.16,22.24,2625293,30.66
2017-12-28,22.31,22.38,22.17,22.34,3495441,30.64
2017-12-29,22.37,22.44,22.12,22.12,3537155,30.34
2018-01-02,22.74,22.74,22,22.19,8711207,30.43
2018-01-03,22.16,22.34,22.08,22.25,6343351,30.52
2018-01-04,22.41,22.61,22.28,22.33,7953031,30.63
2018-01-05,22.4,22.46,22.19,22.39,7327249,30.71
2018-01-08,22.36,22.46,22.2,22.38,7398495,30.7
2018-01-09,22.47,22.99,22.43,22.78,4737571,31.25
2018-01-10,22.84,23.28,22.81,23.03,3692482,31.58
2018-01-11,23.1,23.26,22.99,23.23,4797513,31.86
2018-01-12,23.33,23.59,23.24,23.59,4767497,32.35
2018-01-16,23.62,23.83,23.39,23.54,6832473,32.28
2018-01-17,23.66,23.74,23.29,23.69,4878660,32.49
2018-01-18,23.72,23.81,23.38,23.46,4688930,32.17
2018-01-19,23.42,23.73,23.38,23.7,5739004,32.5
2018-01-22,23.7,23.97,23.57,23.89,8363827,32.77
2018-01-23,23.81,24.18,23.38,24,7988731,32.92
2018-01-24,24.18,24.35,24,24.3,5467009,33.33
2018-01-25,24.43,24.43,23.93,23.94,4771342,32.84
2018-01-26,24.02,24.35,23.94,24.32,3678251,33.35
2018-01-29,24.29,24.49,24.15,24.18,3298666,33.17
2018-01-30,24.04,24.34,23.97,24.07,4792013,33.02
2018-01-31,24.12,24.4,24.05,24.13,5638430,33.1
2018-02-01,24.17,24.55,24.05,24.54,4674919,33.66
2018-02-02,24.42,24.72,24.06,24.16,5304328,33.13
2018-02-05,23.83,24.28,22.98,23.11,8758392,31.7
2018-02-06,22.44,23.43,22.26,23.35,8906044,32.02
2018-02-07,23.29,23.91,23.21,23.58,5938949,32.34
2018-02-08,23.55,23.59,22.68,22.68,7780658,31.1
2018-02-09,23.08,23.44,22.52,23.32,8941209,31.98
2018-02-12,23.46,23.82,23.25,23.51,6041499,32.25
2018-02-13,23.4,23.69,23.27,23.62,3538816,32.39
2018-02-14,23.6,24.33,23.49,24.24,5113791,33.25
2018-02-15,24.39,24.45,24.13,24.21,4079998,33.2
2018-02-16,24.14,24.37,24.01,24.16,6216801,33.13
2018-02-20,24.08,24.38,24.08,24.21,4151050,33.21
2018-02-21,24.3,24.74,24.18,24.38,4785284,33.44
2018-02-22,24.52,24.58,23.88,23.97,6423509,32.87
2018-02-23,24.05,24.4,24.05,24.39,3290374,33.45
2018-02-26,24.58,24.62,24.28,24.61,3877093,33.76
2018-02-27,24.6,24.86,24.24,24.25,7858206,33.26
2018-02-28,24.37,24.61,24.09,24.1,8161357,33.05
2018-03-01,24.07,24.34,23.77,23.91,5315098,32.79
2018-03-02,23.72,24.07,23.41,23.99,4434796,32.91
2018-03-05,23.77,24.44,23.6,24.32,5702166,33.36
2018-03-06,24.47,24.61,24.09,24.54,3473719,33.66
2018-03-07,24.19,24.63,24.19,24.56,4124549,33.68
2018-03-08,24.59,24.67,24.14,24.55,4188091,33.67
2018-03-09,24.68,24.95,24.57,24.94,4147661,34.21
2018-03-12,24.94,25.09,24.77,24.98,5092476,34.26
2018-03-13,25.16,25.21,24.74,24.83,5529474,34.06
2018-03-14,24.75,24.89,24.43,24.51,4716143,33.62
2018-03-15,24.59,24.64,24.32,24.48,3665917,33.57
2018-03-16,24.59,24.83,24.49,24.59,12669206,33.72
2018-03-19,24.58,24.65,24.28,24.51,4382758,33.62
2018-03-20,24.65,24.72,24.41,24.45,5450321,33.53
2018-03-21,24.42,24.77,24.27,24.51,4477198,33.62
2018-03-22,24.21,24.3,23.53,23.55,7452783,32.3
2018-03-23,23.65,23.73,22.6,22.62,7538252,31.03
2018-03-26,23.03,23.47,22.79,23.42,5278306,32.12
2018-03-27,23.57,23.64,22.65,22.85,5006560,31.34
2018-03-28,22.92,23.23,22.64,23.13,7695840,31.56
2018-03-29,23.28,23.36,22.99,23.27,5721310,31.75
2018-04-02,23.21,23.27,22.32,22.68,6809883,30.95
2018-04-03,22.78,23.22,22.72,23.13,4210861,31.56
2018-04-04,22.73,23.72,22.65,23.66,5674662,32.28
2018-04-05,23.8,23.91,23.58,23.69,4789911,32.33
2018-04-06,23.44,23.51,22.56,22.89,5925388,31.24
2018-04-09,23.03,23.58,23,23.01,4704216,31.4
2018-04-10,23.34,23.42,23.1,23.29,4434122,31.78
2018-04-11,23.11,23.26,22.97,23.06,3673877,31.47
2018-04-12,23.25,23.79,23.19,23.64,4450182,32.26
2018-04-13,23.82,23.85,22.94,23.02,5155753,31.41
2018-04-16,23.19,23.24,22.87,23.08,4907154,31.49
2018-04-17,23.23,23.23,22.49,22.67,6388844,30.94
2018-04-18,22.72,22.93,22.52,22.56,4881933,30.78
2018-04-19,22.54,23.03,22.54,22.98,7592823,31.36
2018-04-20,23.03,23.25,22.89,23.03,5861556,31.42
2018-04-23,23.07,23.41,22.9,23.4,7478168,31.93
2018-04-24,24.18,24.84,23.96,24.37,12156913,33.25
2018-04-25,24.33,24.84,24.18,24.58,8779862,33.54
2018-04-26,24.51,24.97,24.43,24.64,6087990,33.62
2018-04-27,24.65,24.92,24.58,24.79,6508420,33.83
2018-04-30,24.9,25.04,24.31,24.31,5747042,33.17
2018-05-01,24.32,24.55,24.06,24.45,6178004,33.36
2018-05-02,24.35,24.35,24,24,728083,32.75
2018-05-03,23.92,23.92,23.66,23.66,546731,32.28
2018-05-04,23.54,23.97,23.36,23.91,5981910,32.63
2018-05-07,23.96,24.2,23.73,24.05,5262050,32.82
2018-05-08,24.11,24.52,23.99,24.26,5262242,33.1
2018-05-09,24.3,24.86,24.3,24.67,3707208,33.67
2018-05-10,24.7,25.03,24.48,24.87,4291213,33.94
2018-05-11,24.87,25.05,24.8,24.9,3923973,33.98
2018-05-14,24.95,25.06,24.88,24.94,3959906,34.03
2018-05-15,24.92,25.41,24.84,25.14,6275628,34.31
2018-05-16,25.03,25.26,25,25.17,5677555,34.35
2018-05-17,25.18,25.31,24.92,25.14,5187881,34.31
2018-05-18,25.1,25.11,24.59,24.59,6020571,33.56
2018-05-21,23.11,23.19,22.53,22.64,27550736,30.9
2018-05-22,22.81,23.57,22.74,23.37,17578639,31.89
2018-05-23,23.2,23.35,22.77,22.86,13962243,31.2
2018-05-24,22.8,23.31,22.65,23.28,13320214,31.76
2018-05-25,23.18,23.25,22.94,22.98,8153454,31.36
2018-05-29,22.73,22.86,22.08,22.2,11022728,30.29
2018-05-30,22.41,22.53,21.99,22.43,12604622,30.6
2018-05-31,22.4,22.55,22.27,22.41,8646920,30.58
2018-06-01,22.64,22.83,22.49,22.54,6300007,30.76
2018-06-04,22.59,22.79,22.56,22.72,4754236,31
2018-06-05,22.61,22.73,22.54,22.7,4988470,30.97
2018-06-06,22.82,23.26,22.74,23.19,7376107,31.65
2018-06-07,23.25,23.46,23.01,23.17,7393612,31.62
2018-06-08,23.19,23.37,23.05,23.31,5929422,31.81
2018-06-11,23.33,23.42,22.99,23.03,6543663,31.42
2018-06-12,23.09,23.22,22.78,22.92,8642033,31.28
2018-06-13,22.97,23.19,22.72,22.83,5888049,31.15
2018-06-14,22.84,22.93,22.49,22.6,6434348,30.84
2018-06-15,22.56,22.56,22.19,22.48,14261765,30.67
2018-06-18,22.36,22.58,22.22,22.48,5544404,30.67
2018-06-19,22.23,22.47,22.17,22.4,6422753,30.57
2018-06-20,22.58,22.66,22.45,22.5,7534194,30.705
2018-06-21,22.45,22.64,22.16,22.45,5900131,30.63
2018-06-22,22.61,22.62,22.01,22.06,8776303,30.1
2018-06-25,22.04,22.11,21.65,22.03,7930357,30.06
2018-06-26,22.04,22.1,21.53,21.69,7678926,29.6
2018-06-27,21.71,21.82,21.16,21.2,7862073,28.93
2018-06-28,21.27,21.44,21.05,21.19,8298682,28.74
2018-06-29,21.44,21.71,21.16,21.16,9853352,28.7
2018-07-02,21.11,21.47,21.08,21.44,6195557,29.08
2018-07-03,21.53,21.56,21.27,21.32,3844882,28.91
2018-07-05,21.42,21.53,21.22,21.25,6641806,28.82
2018-07-06,21.24,21.54,21.06,21.49,4223155,29.14
2018-07-09,21.61,22.15,21.57,22.09,6773123,29.96
2018-07-10,22.14,22.26,21.75,21.9,5853258,29.7
2018-07-11,21.8,22.1,21.75,21.81,6074144,29.57
2018-07-12,21.92,21.94,21.53,21.69,5794442,29.41
2018-07-13,21.53,21.68,21.3,21.45,5440272,29.09
2018-07-16,21.48,21.81,21.48,21.72,4029515,29.46
2018-07-17,21.71,21.89,21.66,21.77,4994645,29.52
2018-07-18,22.23,22.33,21.73,22.3,10650793,30.24
2018-07-19,22.06,22.06,20.86,20.88,13764435,28.31
2018-07-20,20.99,21.26,20.93,21.01,15709233,28.49
2018-07-23,21.05,21.64,21.05,21.53,9796814,29.19
2018-07-24,21.61,21.85,21.49,21.63,6820570,29.33
2018-07-25,21.57,21.77,21.45,21.58,7871976,29.27
2018-07-26,21.55,22.03,21.49,21.79,8272696,29.55
2018-07-27,21.89,22.12,21.72,21.76,9084085,29.51
2018-07-30,21.81,22.14,21.7,21.94,6404530,29.75
2018-07-31,21.94,22.11,21.73,21.82,6780676,29.59
2018-08-01,21.98,22.15,21.8,21.96,7049552,29.78
2018-08-02,21.82,22.24,21.73,22.13,6734784,30.01
2018-08-03,22.08,22.19,21.84,21.91,6864074,29.71
2018-08-06,21.89,21.93,21.65,21.8,4666729,29.56
2018-08-07,21.86,22.05,21.83,21.86,4214168,29.64
2018-08-08,22.05,22.07,21.77,22.01,3189076,29.85
2018-08-09,21.94,22.01,21.74,21.77,4237809,29.52
2018-08-10,21.5,21.7,21.43,21.64,4942606,29.34
2018-08-13,21.69,21.8,21.46,21.48,4359548,29.13
2018-08-14,21.53,21.87,21.53,21.84,3805451,29.62
2018-08-15,21.57,21.8,21.41,21.51,5049403,29.17
2018-08-16,21.72,22.15,21.66,22.01,4270341,29.84
2018-08-17,21.96,22.02,21.81,21.89,4852176,29.69
2018-08-20,21.89,22.05,21.81,21.99,2866880,29.825
2018-08-21,22,22.35,21.91,22.17,4006213,30.07
2018-08-22,22.09,22.12,21.92,21.94,4019855,29.75
2018-08-23,21.95,21.97,21.71,21.74,4114704,29.48
2018-08-24,21.81,21.87,21.68,21.72,2815049,29.45
2018-08-27,21.82,22.07,21.75,21.93,4052083,29.74
2018-08-28,21.99,22.08,21.86,21.91,3696790,29.71
2018-08-29,21.86,21.95,21.49,21.77,7176842,29.52
2018-08-30,21.67,21.73,21.53,21.59,8430297,29.28
2018-08-31,21.56,21.72,21.41,21.7,4387097,29.43
2018-09-04,21.92,22.01,21.74,21.93,5509890,29.74
2018-09-05,21.83,22.04,21.83,21.89,5448433,29.68
2018-09-06,21.89,22.01,21.75,21.75,4688119,29.5
2018-09-07,21.83,21.85,21.61,21.75,5668145,29.49
2018-09-10,21.85,21.86,21.56,21.7,3852567,29.42
2018-09-11,21.7,21.83,21.61,21.67,4198396,29.39
2018-09-12,21.62,21.62,21.2,21.29,4963213,28.87
2018-09-13,21.42,21.46,21.16,21.22,6698507,28.77
2018-09-14,21.66,21.66,21.26,21.4,5212179,29.02
2018-09-17,21.42,21.47,21.13,21.18,4984221,28.72
2018-09-18,21.17,21.3,21.11,21.27,5657068,28.85
2018-09-19,21.27,21.87,21.25,21.77,5892726,29.52
2018-09-20,21.85,22.22,21.85,21.97,6392579,29.79
2018-09-21,21.96,22.02,21.71,21.75,14194313,29.5
2018-09-24,21.72,21.93,21.27,21.39,5019534,29.01
2018-09-25,21.48,21.59,21.36,21.37,4967604,28.98
2018-09-26,21.51,21.53,20.95,20.98,4517913,28.45
2018-09-27,21,21.07,20.71,20.74,4425255,27.94
2018-09-28,20.59,20.95,20.35,20.72,9428319,27.92
2018-10-01,20.85,20.91,20.53,20.63,5693810,27.8
2018-10-02,20.69,20.83,20.51,20.73,4701492,27.93
2018-10-03,20.85,21.26,20.76,21.14,5618535,28.49
2018-10-04,21.17,21.52,21.03,21.15,8653570,28.5
2018-10-05,21.15,21.45,20.9,20.98,4349740,28.27
2018-10-08,21.04,21.34,20.88,21.28,3681474,28.67
2018-10-09,21.16,21.23,20.95,21.12,5527330,28.46
2018-10-10,21.4,21.4,20.74,20.75,6046006,27.96
2018-10-11,20.67,20.79,20.12,20.21,7656387,27.23
2018-10-12,20.45,20.65,19.53,19.92,9982638,26.84
2018-10-15,19.87,20.14,19.79,19.82,5348018,26.71
2018-10-16,19.87,20.1,19.6,19.92,4842585,26.84
2018-10-17,19.84,20.38,19.69,20.06,5039765,27.03
2018-10-18,19.99,20.21,19.57,19.6,5688114,26.41
2018-10-19,19.6,19.88,19.38,19.54,7290935,26.33
2018-10-22,19.57,19.61,18.79,18.84,10448418,25.38
2018-10-23,18.32,19.44,17.89,19.3,11115983,26
2018-10-24,19.44,19.44,18.49,18.53,13270558,24.97
2018-10-25,18.62,19.32,18.61,19.2,11043529,25.87
2018-10-26,18.95,19.5,18.94,19.19,10603204,25.86
2018-10-29,19.44,20,19.44,19.76,10135328,26.63
2018-10-30,19.81,19.97,19.45,19.93,11324163,26.86
2018-10-31,20.17,20.47,20.02,20.03,12269996,26.99
2018-11-01,20.16,20.33,20.01,20.11,8132041,27.1
2018-11-02,20.3,20.54,20.13,20.3,5562836,27.36
2018-11-05,20.35,20.58,20.3,20.46,5379401,27.57
2018-11-06,20.41,20.82,20.4,20.76,5923539,27.98
2018-11-07,20.79,20.85,20.26,20.6,7137904,27.76
2018-11-08,20.49,20.81,20.26,20.59,6669230,27.74
2018-11-09,20.58,20.85,20.51,20.75,6816243,27.96
2018-11-12,20.65,20.84,20.48,20.51,6612324,27.64
2018-11-13,20.48,20.88,20.45,20.55,6242781,27.69
2018-11-14,20.72,20.76,19.8,20.1,7473871,27.09
2018-11-15,19.89,20.51,19.68,20.48,7311897,27.6
2018-11-16,20.29,20.53,20.27,20.33,6008563,27.39
2018-11-19,20.36,20.57,20.12,20.31,4994416,27.37
2018-11-20,20.19,20.28,19.9,19.96,5735492,26.9
2018-11-21,20.02,20.23,19.73,19.89,3688328,26.8
2018-11-23,19.79,20.01,19.62,19.82,1292419,26.71
2018-11-26,20.04,20.4,19.93,20.23,3895530,27.26
2018-11-27,20.11,20.28,19.94,20.08,4376379,27.06
2018-11-28,20.15,20.36,19.81,20.35,5872367,27.42
2018-11-29,20.21,20.47,20.07,20.44,6571413,27.54
2018-11-30,20.35,20.85,20.3,20.73,8117650,27.93
2018-12-03,20.96,21.01,20.5,20.69,8425912,27.88
2018-12-04,20.56,20.7,19.25,19.35,9287834,26.08
2018-12-06,18.99,19.27,18.52,19.27,9205917,25.96
2018-12-07,19.28,19.58,18.84,18.99,5896672,25.59
2018-12-10,18.87,18.93,18.19,18.45,6048383,24.86
2018-12-11,18.65,18.83,18.09,18.25,5796169,24.59
2018-12-12,18.51,18.67,18.3,18.45,5095818,24.86
2018-12-13,18.47,18.55,17.97,18.02,6683750,24.28
2018-12-14,17.85,18.1,17.51,17.57,9465220,23.68
2018-12-17,17.56,17.87,17.44,17.62,10386298,23.74
2018-12-18,17.69,17.88,17.27,17.38,6457684,23.42
2018-12-19,17.36,17.6,16.79,16.92,10406436,22.8
2018-12-20,16.85,17.2,16.79,17.1,10996906,23.04
2018-12-21,17.08,17.49,16.85,16.87,15518138,22.73
2018-12-24,16.79,16.91,16.49,16.59,5037529,22.36
2018-12-26,16.64,17.47,16.42,17.46,7791182,23.53
2018-12-27,17.13,17.48,16.88,17.47,6976472,23.54
2018-12-28,17.51,17.78,17.37,17.51,5862693,23.37
2018-12-31,17.54,17.75,17.3,17.63,4629942,23.53
2019-01-02,17.36,18.14,17.31,18.13,6493198,24.2
2019-01-03,18.05,18.35,17.93,18.11,6360300,24.18
2019-01-04,18.46,18.65,18.32,18.55,6697028,24.76
2019-01-07,18.45,18.86,18.32,18.65,5641256,24.9
2019-01-08,18.81,18.84,18.38,18.75,4858181,25.03
2019-01-09,18.74,18.93,18.65,18.77,6728616,25.05
2019-01-10,18.69,18.78,18.45,18.67,5285730,24.92
2019-01-11,18.57,18.83,18.46,18.77,4513607,25.06
2019-01-14,18.64,19.04,18.56,19.01,4751883,25.37
2019-01-15,18.94,19.09,18.6,19.07,5709796,25.46
2019-01-16,19.22,19.7,19.13,19.67,5975790,26.26
2019-01-17,19.57,19.84,19.33,19.78,6160094,26.41
2019-01-18,19.95,20.25,19.66,20.23,7731496,27
2019-01-22,20.34,20.95,20.33,20.65,11459001,27.56
2019-01-23,20.82,20.9,20.42,20.65,5013530,27.57
2019-01-24,20.53,20.79,20.46,20.71,5282120,27.65
2019-01-25,20.92,20.99,20.68,20.81,4257002,27.78
2019-01-28,20.69,20.92,20.61,20.74,4142810,27.68
2019-01-29,20.71,20.82,20.53,20.55,4718146,27.43
2019-01-30,20.55,20.56,20.2,20.26,6864745,27.04
2019-01-31,20.12,20.25,19.78,20.09,7945887,26.82
2019-02-01,20.19,20.3,20.03,20.13,3971034,26.87
2019-02-04,20.08,20.34,19.98,20.33,6356162,27.14
2019-02-05,20.31,20.32,20.02,20.14,4975373,26.89
2019-02-06,20.03,20.23,19.95,20.02,4931272,26.72
2019-02-07,20.39,20.64,19.96,20.06,9581039,26.78
2019-02-08,20.02,20.13,19.6,19.8,5470463,26.43
2019-02-11,19.88,19.97,19.74,19.93,4996754,26.61
2019-02-12,20.13,20.41,20.09,20.28,5257056,27.07
2019-02-13,20.32,20.39,20.03,20.05,5807540,26.77
2019-02-14,19.87,20.01,19.75,19.87,4972357,26.52
2019-02-15,20.08,20.41,19.98,20.35,5378786,27.17
2019-02-19,20.29,20.71,20.19,20.61,5717810,27.51
2019-02-20,20.59,20.93,20.51,20.92,5699803,27.93
2019-02-21,20.94,20.96,20.68,20.78,5782559,27.74
2019-02-22,20.8,20.9,20.72,20.85,5051607,27.83
2019-02-25,20.95,21.06,20.73,20.75,6187943,27.7
2019-02-26,20.49,20.83,20.45,20.57,4911780,27.46
2019-02-27,20.52,20.87,20.46,20.83,6912354,27.81
2019-02-28,20.86,20.88,20.63,20.66,8019969,27.58
2019-03-01,20.83,21.02,20.64,20.65,7096520,27.57
2019-03-04,20.66,20.95,20.33,20.5,9043183,27.37
2019-03-05,20.49,20.58,20.04,20.53,10178691,27.4
2019-03-06,20.5,20.58,20.08,20.08,6969934,26.81
2019-03-07,19.96,20.33,19.8,19.93,16466409,26.6
2019-03-08,19.75,20.09,19.64,19.98,7366549,26.67
2019-03-11,20.09,20.38,19.91,20.28,6528780,27.07
2019-03-12,20.4,20.89,20.38,20.87,11761205,27.86
2019-03-13,20.95,21.14,20.83,20.96,7355687,27.98
2019-03-14,21.01,21.34,20.92,21.28,8859257,28.41
2019-03-15,21.29,21.42,21.16,21.22,13564805,28.32
2019-03-18,21.32,21.63,21.25,21.54,6689161,28.76
2019-03-19,21.69,21.72,20.77,20.84,10681918,27.82
2019-03-20,20.77,20.83,19.78,19.82,14196498,26.46
2019-03-21,19.76,19.76,19.04,19.09,66442262,25.48
2019-03-22,19,19.04,18.34,18.44,18346694,24.62
2019-03-25,18.49,18.72,18.11,18.29,10608761,24.42
2019-03-26,18.45,18.79,18.35,18.71,10232785,24.98
2019-03-27,18.6,18.88,18.52,18.69,11999586,24.95
2019-03-28,18.79,19.22,18.78,19.2,12703697,25.4
2019-03-29,19.38,19.48,19.03,19.06,12272106,25.22
2019-04-01,19.33,19.94,19.26,19.84,15811642,26.25
2019-04-02,19.76,20.13,19.7,19.82,9296390,26.22
2019-04-03,20.04,20.34,19.79,19.85,8535541,26.26
2019-04-04,19.78,20.29,19.78,20.22,10737717,26.75
2019-04-05,20.26,20.37,20.01,20.17,6600996,26.69
2019-04-08,20.15,20.34,20.09,20.31,8875358,26.87
2019-04-09,20.17,20.22,19.9,19.98,6997182,26.43
2019-04-10,19.99,20.2,19.81,20.19,6861673,26.72
2019-04-11,20.29,20.53,20.16,20.38,7670599,26.97
2019-04-12,20.71,21.13,20.53,20.91,9597897,27.66
2019-04-15,20.86,20.98,20.45,20.5,7005678,27.13
2019-04-16,20.5,21.01,20.44,20.96,8619119,27.73
2019-04-17,20.97,21.15,20.81,20.94,6516645,27.71
2019-04-18,20.96,21.03,20.62,20.78,8398487,27.5
2019-04-22,20.57,20.95,20.57,20.83,9385948,27.56
2019-04-23,20.74,21.52,20.62,21.43,11858595,28.35
2019-04-24,21.26,21.46,20.97,21.37,8254528,28.28
2019-04-25,21.28,21.56,21.14,21.36,9584269,28.26
2019-04-26,21.4,21.49,21.25,21.46,6647544,28.4
2019-04-29,21.5,21.95,21.47,21.73,6856409,28.75
2019-04-30,21.72,21.85,21.55,21.78,7073176,28.82
2019-05-01,21.77,22.02,21.37,21.54,11769426,28.5
2019-05-02,21.58,21.95,21.58,21.79,6953213,28.83
2019-05-03,21.89,22.05,21.81,21.9,6600567,28.98
2019-05-06,21.5,21.9,21.38,21.77,7356594,28.8
2019-05-07,21.46,21.62,21.09,21.22,7304425,28.08
2019-05-08,21.17,21.32,20.95,20.97,6307525,27.74
2019-05-09,20.72,21.1,20.63,21.03,5654108,27.83
2019-05-10,20.89,21.26,20.74,21.18,4707719,28.03
2019-05-13,20.63,21.03,20.44,20.47,9348666,27.08
2019-05-14,20.53,20.89,20.5,20.69,7965435,27.38
2019-05-15,20.41,20.56,20.13,20.41,7510168,27
2019-05-16,20.53,20.87,20.51,20.59,4845710,27.24
2019-05-17,20.37,20.86,20.36,20.62,8173809,27.28
2019-05-20,20.55,20.84,20.55,20.69,5271197,27.37
2019-05-21,20.74,20.86,20.61,20.72,5646453,27.42
2019-05-22,20.56,20.74,20.54,20.68,5104215,27.36
2019-05-23,20.45,20.56,20.29,20.42,8447835,27.02
2019-05-24,20.53,20.67,20.46,20.58,7117008,27.23
2019-05-28,20.57,20.7,20.42,20.45,9093281,27.06
2019-05-29,20.32,20.63,20.29,20.6,6788584,27.25
2019-05-30,20.64,20.78,20.13,20.32,5121056,26.89
2019-05-31,20.11,20.18,19.95,20.03,9069853,26.5
2019-06-03,19.98,20.37,19.87,20.08,7213126,26.57
2019-06-04,20.44,20.66,20.37,20.66,8539997,27.33
2019-06-05,20.6,20.67,20.28,20.53,8644604,27.17
2019-06-06,20.52,20.6,20.29,20.47,7293847,27.09
2019-06-07,20.43,20.46,20.23,20.28,6147746,26.83
2019-06-10,20.5,20.65,20.36,20.42,7484367,27.02
2019-06-11,20.57,20.89,20.55,20.72,6617082,27.41
2019-06-12,20.6,20.69,20.37,20.49,8004132,27.11
2019-06-13,20.6,20.81,20.51,20.57,7101960,27.21
2019-06-14,20.58,20.77,20.38,20.7,6236351,27.39
2019-06-17,20.7,20.88,20.33,20.37,7644729,26.95
2019-06-18,20.39,21.09,20.33,21.07,9011866,27.88
2019-06-19,21.16,21.46,20.58,20.63,9325843,27.29
2019-06-20,20.72,20.78,20.23,20.63,9066571,27.3
2019-06-21,20.59,20.84,20.56,20.68,17102750,27.36
2019-06-24,20.71,20.91,20.48,20.54,8073683,27.18
2019-06-25,20.5,20.62,20.26,20.47,8586484,27.09
2019-06-26,20.58,20.77,20.53,20.6,6049962,27.26
2019-06-27,20.78,20.98,20.64,20.81,4526422,27.29
2019-06-28,20.97,21.31,20.76,21.27,10875298,27.9
2019-07-01,21.5,21.72,21.4,21.59,7075019,28.32
2019-07-02,21.53,21.67,21.08,21.13,5313851,27.71
2019-07-03,21.24,21.43,21.14,21.43,2642150,28.1
2019-07-05,21.59,21.84,21.53,21.62,3045327,28.35
2019-07-08,21.53,21.53,21.31,21.4,5237609,28.06
2019-07-09,21.21,21.57,21.18,21.55,4898507,28.26
2019-07-10,21.56,21.58,21.05,21.08,6419685,27.64
2019-07-11,21.21,21.47,21.05,21.39,5916199,28.05
2019-07-12,21.33,21.53,21.21,21.5,4819187,28.2
2019-07-15,21.54,21.54,21.15,21.21,7041890,27.81
2019-07-16,21.28,21.32,21.07,21.24,5499416,27.85
2019-07-17,21.18,21.18,20.94,21.03,6702702,27.58
2019-07-18,21.01,21.42,20.93,21.21,4716816,27.81
2019-07-19,21.21,21.49,21.12,21.3,5168760,27.94
2019-07-22,21.26,21.33,21.08,21.21,6644663,27.82
2019-07-23,21.55,22.33,21.43,22.3,10724755,29.25
2019-07-24,22.21,22.69,22.21,22.62,7783856,29.66
2019-07-25,22.62,22.88,22.46,22.54,7361471,29.56
2019-07-26,22.49,22.99,22.43,22.91,5499547,30.04
2019-07-29,22.91,23.03,22.68,22.7,4890920,29.77
2019-07-30,22.49,22.79,22.43,22.78,5153868,29.88
2019-07-31,22.78,22.88,22.48,22.64,6541379,29.69
2019-08-01,22.57,22.67,21.52,21.63,6732346,28.37
2019-08-02,21.66,21.69,21.25,21.51,4351965,28.21
2019-08-05,21.1,21.17,20.37,20.57,6970813,26.98
2019-08-06,20.78,21.18,20.35,20.79,5375138,27.26
2019-08-07,20.38,20.38,19.88,20.24,6095353,26.54
2019-08-08,20.44,20.63,20.29,20.47,5358007,26.84
2019-08-09,20.37,20.53,20.13,20.39,4117919,26.74
2019-08-12,20.1,20.24,19.86,19.89,5552021,26.08
2019-08-13,19.83,20.32,19.7,20.16,6089603,26.44
2019-08-14,19.6,19.7,19.37,19.45,10462180,25.51
2019-08-15,19.51,19.63,19.11,19.23,5417864,25.22
2019-08-16,19.36,19.74,19.34,19.57,5838294,25.67
2019-08-19,19.92,20,19.75,19.76,3656415,25.92
2019-08-20,19.57,19.67,19.33,19.38,4884787,25.41
2019-08-21,19.46,19.6,19.36,19.48,5385336,25.55
2019-08-22,19.63,19.73,19.44,19.66,5074857,25.78
2019-08-23,19.51,19.7,19.04,19.12,9021063,25.08
2019-08-26,19.32,19.38,19.1,19.38,4172638,25.41
2019-08-27,19.45,19.49,19.12,19.29,10483158,25.3
2019-08-28,19.22,19.77,19.16,19.65,5451042,25.77
2019-08-29,19.82,20.13,19.82,20.06,4814191,26.31
2019-08-30,20.27,20.43,20.11,20.17,4978604,26.45
2019-09-03,19.96,20.02,19.41,19.63,6308154,25.74
2019-09-04,19.85,19.89,19.58,19.79,5684733,25.95
2019-09-05,20.21,20.6,20.03,20.4,5647961,26.75
2019-09-06,20.52,20.56,20.26,20.4,6262043,26.76
2019-09-09,20.55,21.08,20.5,20.99,6617321,27.53
2019-09-10,21.05,21.44,20.95,21.29,6699568,27.92
2019-09-11,21.23,21.33,20.89,21.19,6700292,27.79
2019-09-12,21.04,21.43,20.8,21.37,5813224,28.03
2019-09-13,21.59,21.85,21.49,21.64,4921529,28.38
2019-09-16,21.32,21.76,21.29,21.74,4938438,28.51
2019-09-17,21.62,21.72,21.26,21.49,6041584,28.18
2019-09-18,21.34,21.69,21.24,21.57,4622137,28.29
2019-09-19,21.53,21.69,21.3,21.31,5102004,27.95
2019-09-20,21.44,21.46,21.18,21.22,10557432,27.83
2019-09-23,21.03,21.22,20.92,21.14,5628419,27.72
2019-09-24,21.14,21.26,20.83,20.93,6178892,27.45
2019-09-25,20.89,21.19,20.83,21.09,3770139,27.66
2019-09-26,20.98,21.07,20.79,20.89,6200187,27.39
2019-09-27,21.08,21.31,20.87,21.14,5321707,27.48
2019-09-30,21.22,21.26,21.01,21.06,4083431,27.38
2019-10-01,21.17,21.28,20.35,20.36,4952488,26.47
2019-10-02,20.22,20.27,19.86,19.95,4724619,25.94
2019-10-03,19.89,20.08,19.59,20.06,5232118,26.08
2019-10-04,20.12,20.4,19.87,20.39,5339976,26.5
2019-10-07,20.38,20.48,20.2,20.22,3725463,26.29
2019-10-08,19.85,19.94,19.55,19.58,6664549,25.45
2019-10-09,19.8,19.84,19.67,19.74,4334565,25.655
2019-10-10,19.92,20.27,19.83,20.14,5368330,26.18
2019-10-11,20.76,20.88,20.59,20.65,5639597,26.85
2019-10-14,20.45,20.82,20.44,20.76,3924148,26.99
2019-10-15,20.85,21.21,20.69,21.06,4235847,27.375
2019-10-16,20.99,21.22,20.85,20.9,4214460,27.165
2019-10-17,21.04,21.09,20.73,20.83,5988742,27.08
2019-10-18,20.92,21.16,20.82,21.02,7365201,27.33
2019-10-21,21.21,21.57,21.21,21.55,6612573,28.02
2019-10-22,21.41,22.03,20.72,21.77,8995946,28.3
2019-10-23,21.62,21.83,21.52,21.75,5674137,28.27
2019-10-24,21.75,21.86,21.49,21.69,3798771,28.19
2019-10-25,22.02,22.5,21.92,22.35,10218481,29.05
2019-10-28,22.3,22.75,22.3,22.65,7896112,29.44
2019-10-29,22.53,22.82,22.36,22.79,7223268,29.63
2019-10-30,22.75,22.77,22.35,22.52,8486197,29.28
2019-10-31,22.39,22.52,22.06,22.37,8541922,29.08
2019-11-01,22.58,22.75,22.47,22.74,5545499,29.56
2019-11-04,22.92,23.19,22.88,23.14,6341957,30.08
2019-11-05,23.26,23.58,23.15,23.35,5338496,30.35
2019-11-06,23.36,23.45,23.15,23.41,5815910,30.43
2019-11-07,23.57,23.76,23.41,23.47,5892471,30.51
2019-11-08,23.39,23.57,23.38,23.51,3861831,30.56
2019-11-11,23.28,23.36,23.12,23.18,5039414,30.13
2019-11-12,23.22,23.31,23.03,23.16,4776575,30.11
2019-11-13,22.89,23.07,22.67,22.93,4875670,29.81
2019-11-14,22.88,23.01,22.75,22.91,3933888,29.78
2019-11-15,22.95,23.16,22.81,23.13,5315488,30.07
2019-11-18,23.12,23.17,22.83,22.96,4799270,29.85
2019-11-19,23.02,23.13,22.84,22.98,3567626,29.87
2019-11-20,22.89,23.04,22.72,22.89,3566391,29.76
2019-11-21,22.99,23.04,22.8,22.91,3777854,29.78
2019-11-22,22.97,23.22,22.97,23.15,5663303,30.1
2019-11-25,23.19,23.35,23.11,23.33,4094207,30.33
2019-11-26,23.19,23.32,23.14,23.25,5300755,30.23
2019-11-27,23.36,23.46,23.19,23.3,3217832,30.29
2019-11-29,23.22,23.45,23.17,23.22,2003813,30.19
2019-12-02,23.38,23.5,23.15,23.16,4943436,30.11
2019-12-03,22.69,22.9,22.54,22.69,7288723,29.49
2019-12-04,22.73,22.98,22.69,22.82,4638413,29.67
2019-12-05,22.93,23.07,22.82,22.98,4538024,29.87
2019-12-06,23.34,23.42,23.2,23.27,4533040,30.25
2019-12-09,23.27,23.36,23.21,23.25,3610433,30.23
2019-12-10,23.24,23.55,23.19,23.42,3948842,30.44
2019-12-11,23.44,23.55,23.28,23.34,3267656,30.34
2019-12-12,23.42,24.26,23.33,24.22,5033942,31.49
2019-12-13,24.16,24.34,23.8,23.82,5067880,30.97
2019-12-16,24.03,24.15,23.75,23.79,6398886,30.92
2019-12-17,23.86,24.15,23.68,24.09,6519227,31.31
2019-12-18,24.12,24.31,24,24,5395051,31.2
2019-12-19,24.08,24.08,23.81,23.85,5421747,31
2019-12-20,24.04,24.19,23.77,23.96,14186854,31.15
2019-12-23,23.96,24.02,23.77,23.81,3268223,30.95
2019-12-24,23.89,23.89,23.74,23.82,1008504,30.96
2019-12-26,23.82,23.99,23.82,23.94,2486850,31.12
2019-12-27,23.93,23.99,23.72,23.77,3081174,30.9
2019-12-30,23.9,23.96,23.65,23.68,3111404,30.55
2019-12-31,23.73,23.86,23.67,23.83,3950489,30.74
2020-01-02,23.99,24.05,23.69,24.05,5016043,31.02
2020-01-03,23.65,23.74,23.41,23.6,4871387,30.44
2020-01-06,23.47,23.47,23.17,23.41,3993579,30.19
2020-01-07,23.27,23.38,23.03,23.14,4425832,29.85
2020-01-08,23.23,23.38,23.11,23.2,5217863,29.92
2020-01-09,23.36,23.45,23.2,23.45,6252298,30.25
2020-01-10,23.4,23.41,23.04,23.07,4147169,29.76
2020-01-13,23.14,23.16,22.96,23.15,4287309,29.86
2020-01-14,23.17,23.25,23.02,23.06,6420711,29.74
2020-01-15,22.89,22.9,22.44,22.51,4926517,29.03
2020-01-16,22.65,22.79,22.52,22.79,3868478,29.39
2020-01-17,22.91,22.97,22.71,22.83,6102930,29.45
2020-01-21,22.82,22.82,22.5,22.5,7335541,29.02
2020-01-22,22.68,22.79,22.14,22.75,8790692,29.34
2020-01-23,22.6,22.85,22.16,22.76,6028112,29.36
2020-01-24,22.7,22.77,22.1,22.36,5242255,28.84
2020-01-27,21.96,22.22,21.88,22.1,5224710,28.5
2020-01-28,22.21,22.49,22.16,22.37,5263084,28.86
2020-01-29,22.26,22.48,22.06,22.07,3862275,28.47
2020-01-30,21.89,22.65,21.77,22.63,8953183,29.19
2020-01-31,22.37,22.48,21.92,22.06,9170645,28.45
2020-02-03,22.24,22.62,22.23,22.47,4955837,28.98
2020-02-04,22.89,23.03,22.77,22.85,5086546,29.48
2020-02-05,23.21,23.46,23.09,23.4,6392242,30.18
2020-02-06,23.56,23.62,22.97,22.99,4813702,29.66
2020-02-07,22.89,22.97,22.72,22.86,4084815,29.49
2020-02-10,22.79,22.85,22.54,22.79,3879897,29.4
2020-02-11,22.85,23.08,22.82,22.88,4770873,29.51
2020-02-12,23.11,23.3,22.89,22.98,3027250,29.64
2020-02-13,22.84,23.14,22.78,23.13,3252503,29.83
2020-02-14,23.03,23.17,22.82,22.95,2160846,29.6
2020-02-18,22.91,22.99,22.43,22.67,3319338,29.24
2020-02-19,22.73,23.06,22.68,22.98,4084810,29.635
2020-02-20,22.83,23.32,22.83,23.13,4093826,29.83
2020-02-21,22.93,23.03,22.6,22.79,4228126,29.4
2020-02-24,22.1,22.22,21.78,21.95,6458660,28.31
2020-02-25,21.98,22.21,20.89,20.99,7056898,27.07
2020-02-26,21.18,21.31,20.64,20.66,6403625,26.65
2020-02-27,20.23,20.61,19.53,19.53,8975397,25.19
2020-02-28,18.92,19.2,18.4,18.92,13138898,24.4
2020-03-02,18.75,19.95,18.65,19.94,11687563,25.72
2020-03-03,19.94,20.19,18.68,18.95,11874813,24.44
2020-03-04,19.21,19.54,18.75,19.51,8780132,25.17
2020-03-05,18.71,18.76,18.07,18.36,8644681,23.68
2020-03-06,17.4,17.95,16.95,17.21,11835552,22.2
2020-03-09,15.52,15.68,14.15,14.19,10275910,18.3
2020-03-10,14.88,15.2,13.75,14.93,14991553,19.26
2020-03-11,14.38,14.58,13.47,13.68,17298925,17.65
2020-03-12,12.45,13.33,11.54,12.33,16202799,15.9
2020-03-13,13.49,13.98,12.52,13.67,11500012,17.63
2020-03-16,11.53,11.61,10.63,10.69,16158194,13.79
2020-03-17,11.02,11.39,10.11,10.82,13390709,13.95
2020-03-18,10.12,10.31,8.916,9.047,12385013,11.67
2020-03-19,9.133,10.65,8.605,10.13,13350865,13.07
2020-03-20,10.33,10.6,9.389,10.01,16713355,12.91
2020-03-23,10.09,10.13,9.009,9.427,12215900,12.16
2020-03-24,10.16,11.33,10.08,11.17,12523277,14.41
2020-03-25,11.41,12.04,10.84,11.49,12199104,14.82
2020-03-26,11.67,13.58,11.4,13.43,12871005,17.32
2020-03-27,12.6,13.74,12.51,13.3,12506823,17.15
2020-03-30,13.18,13.27,12.22,12.5,10694359,15.865
2020-03-31,12.31,12.49,11.6,11.7,11567301,14.85
2020-04-01,11.03,11.07,10.36,10.6,10328592,13.455
2020-04-02,10.41,11.5,10.4,11.25,9826398,14.28
2020-04-03,11.22,11.44,10.36,10.59,8621136,13.44
2020-04-06,11.36,12.3,11.34,12.19,10872080,15.47
2020-04-07,13.08,13.66,12.4,12.49,9360360,15.86
2020-04-08,12.73,13.22,12.58,13.15,7725378,16.69
2020-04-09,13.86,14.45,13.74,14.04,11302131,17.82
2020-04-13,14.32,14.32,13.4,13.68,8971273,17.37
2020-04-14,14.06,14.18,13.04,13.51,9620864,17.15
2020-04-15,12.74,12.82,12.22,12.39,13392439,15.73
2020-04-16,12.37,12.41,11.4,11.63,11644899,14.77
2020-04-17,12.35,13.2,12.32,13.1,10961253,16.63
2020-04-20,12.6,13.34,12.37,13.14,9552969,16.68
2020-04-21,12.63,13.45,12.3,12.81,11883528,16.26
2020-04-22,13.33,13.43,12.85,13,8593330,16.5
2020-04-23,13.11,13.54,13.01,13.28,9100218,16.86
2020-04-24,13.39,13.71,13.22,13.48,10259261,17.12
2020-04-27,13.62,14.53,13.57,14.45,7062048,18.35
2020-04-28,15.18,15.38,14.6,14.63,6855306,18.58
2020-04-29,15.32,15.8,15.15,15.51,7274954,19.69
2020-04-30,15.2,15.21,14.61,14.72,7114312,18.69
2020-05-01,14.15,14.3,13.78,14,5940800,17.77
2020-05-04,13.79,14,13.48,13.89,5856631,17.64
2020-05-05,14.31,14.49,13.67,13.68,5951597,17.37
2020-05-06,13.84,14,13.15,13.22,7984638,16.78
2020-05-07,13.45,14.06,13.41,13.65,6861430,17.33
2020-05-08,14.02,14.37,13.92,14.25,5788129,18.095
2020-05-11,13.86,13.92,13.35,13.54,6148669,17.19
2020-05-12,13.66,13.78,12.82,12.83,8480646,16.29
2020-05-13,12.71,12.71,11.96,12.37,14022419,15.7
2020-05-14,12.04,12.88,11.73,12.86,9721722,16.33
2020-05-15,12.61,12.83,12.45,12.7,7641864,16.12
2020-05-18,13.41,14.23,13.29,14.08,11837918,17.87
2020-05-19,13.89,14.02,13.39,13.41,7361465,17.03
2020-05-20,13.71,14.02,13.71,13.94,7419423,17.7
2020-05-21,13.84,14.15,13.56,13.74,7128417,17.45
2020-05-22,13.89,14,13.56,13.87,6364419,17.61
2020-05-26,14.59,15.43,14.36,15.12,10579595,19.19
2020-05-27,15.85,16.53,15.52,16.52,10020085,20.97
2020-05-28,16.56,16.67,15.74,15.86,8866857,20.13
2020-05-29,15.48,15.68,15.24,15.27,13518739,19.39
2020-06-01,15.42,15.81,15.23,15.61,5896231,19.82
2020-06-02,15.92,16.19,15.71,15.92,8046678,20.21
2020-06-03,16.46,16.94,16.39,16.82,9208785,21.36
2020-06-04,16.79,17.9,16.53,17.88,9008650,22.705
2020-06-05,19.06,19.63,18.34,18.49,11977839,23.47
2020-06-08,19.27,19.64,19.01,19.51,12827952,24.77
2020-06-09,18.77,19.23,18.5,18.97,9467820,24.08
2020-06-10,18.42,18.64,17.6,17.64,20206349,22.4
2020-06-11,16.2,16.93,15.49,15.56,11454078,19.75
2020-06-12,16.56,16.68,15.8,16.39,7817119,20.805
2020-06-15,15.53,17.05,15.43,16.9,11097084,21.46
2020-06-16,17.96,18.03,16.86,17.36,7679655,22.04
2020-06-17,17.39,17.59,16.91,16.92,10604289,21.48
2020-06-18,16.71,17.31,16.58,17.01,10806824,21.59
2020-06-19,17.38,17.42,16.35,16.38,50101588,20.79
2020-06-22,16.38,16.81,16.16,16.56,12575678,21.02
2020-06-23,16.93,17.16,16.6,16.6,10646564,21.08
2020-06-24,16.21,16.26,15.54,15.67,8893100,19.89
2020-06-25,15.57,16.22,15.46,16.15,7496343,20.5
2020-06-26,15.72,15.75,14.71,14.78,13375212,18.76
2020-06-29,15.09,15.3,14.77,14.98,7740421,18.74
2020-06-30,14.8,15.55,14.76,15.41,9602669,19.28
2020-07-01,15.43,15.43,14.7,14.73,7932354,18.435
2020-07-02,15.21,15.47,14.79,14.84,8920387,18.57
2020-07-06,15.27,15.5,14.87,15.07,5594553,18.86
2020-07-07,14.86,14.86,14.36,14.43,7512313,18.06
2020-07-08,14.39,14.66,14.16,14.5,7447607,18.14
2020-07-09,14.42,14.47,13.81,13.9,5117180,17.39
2020-07-10,13.93,14.72,13.91,14.7,6739730,18.39
2020-07-13,15.01,15.22,14.5,14.94,8547387,18.7
2020-07-14,14.94,14.95,14.36,14.5,7551195,18.145
2020-07-15,15.01,15.41,14.81,15.32,6633414,19.17
2020-07-16,15.03,15.63,14.99,15.31,4499450,19.16
2020-07-17,15.25,15.4,14.98,14.99,5881266,18.76
2020-07-20,14.91,15.03,14.73,14.74,5482397,18.45
2020-07-21,14.84,15.5,14.84,15.47,7245531,19.36
2020-07-22,15.28,15.58,15.2,15.52,7820660,19.42
2020-07-23,15.19,15.58,14.59,15.51,7924824,19.405
2020-07-24,15.62,15.89,15.48,15.62,7027823,19.54
2020-07-27,15.51,15.56,15.22,15.52,5389039,19.42
2020-07-28,15.42,15.61,15.34,15.4,5662419,19.27
2020-07-29,15.32,16.04,15.18,15.98,8039816,20
2020-07-30,15.55,15.86,15.14,15.74,6509544,19.69
2020-07-31,15.7,15.89,15.35,15.87,12437761,19.86
2020-08-03,15.97,15.97,15.63,15.7,4934392,19.64
2020-08-04,15.76,15.81,15.49,15.58,4164978,19.49
2020-08-05,15.79,15.93,15.69,15.88,4532047,19.87
2020-08-06,15.76,16.04,15.72,15.8,4204339,19.775
2020-08-07,15.68,16.35,15.59,16.34,4596334,20.45
2020-08-10,16.53,17.01,16.49,16.81,4734952,21.03
2020-08-11,17.26,17.73,17.08,17.17,6809638,21.48
2020-08-12,17.62,17.62,16.64,17.02,5099378,21.3
2020-08-13,16.83,16.97,16.56,16.57,4174081,20.74
2020-08-14,16.49,16.92,16.34,16.75,3639138,20.96
2020-08-17,16.62,16.69,16.43,16.56,5816072,20.72
2020-08-18,16.59,16.59,16.01,16.05,5056755,20.08
2020-08-19,16.1,16.35,15.93,16.11,4131342,20.16
2020-08-20,15.94,16,15.71,15.81,5122793,19.78
2020-08-21,15.79,15.96,15.59,15.63,4552473,19.56
2020-08-24,15.82,16.45,15.67,16.38,6633830,20.5
2020-08-25,16.58,16.78,16.29,16.55,5190476,20.71
2020-08-26,16.51,16.54,16.22,16.23,5343409,20.31
2020-08-27,16.31,16.82,16.25,16.73,4764135,20.94
2020-08-28,16.93,16.95,16.71,16.87,4576421,21.11
2020-08-31,16.77,16.78,16.5,16.51,4729145,20.66
2020-09-01,16.32,16.85,16.27,16.66,4010794,20.85
2020-09-02,16.7,17.09,16.48,17.01,5147818,21.285
2020-09-03,17.09,17.66,16.74,16.87,7225302,21.11
2020-09-04,17.4,17.55,16.85,17.29,5953535,21.63
2020-09-08,16.96,17.19,16.71,16.78,6259324,21
2020-09-09,16.93,17.01,16.67,16.88,3714173,21.12
2020-09-10,17.01,17.34,16.45,16.49,5347010,20.63
2020-09-11,16.56,16.9,16.41,16.82,4455072,21.045
2020-09-14,17.09,17.91,17,17.79,7071715,22.255
2020-09-15,17.9,17.93,17.31,17.48,6182724,21.87
2020-09-16,17.61,18.02,17.42,17.62,14818433,22.045
2020-09-17,17.3,17.7,17.16,17.48,9621473,21.87
2020-09-18,17.43,17.55,17.23,17.37,15426155,21.74
2020-09-21,16.93,17.07,16.45,16.67,10570209,20.855
2020-09-22,16.58,16.77,15.97,16.07,10593946,20.11
2020-09-23,16.12,16.51,15.62,15.63,6426312,19.56
2020-09-24,15.74,16.06,15.44,15.67,4573608,19.61
2020-09-25,15.95,16.45,15.6,16.36,7399814,20.47
2020-09-28,16.72,17.2,16.61,17.05,7175037,21.34
2020-09-29,16.97,17.07,16.53,16.77,6033639,20.99
2020-09-30,16.91,17.28,16.87,17.04,6788041,21.32
2020-10-01,17.1,17.23,16.86,17.02,5323308,21.03
2020-10-02,16.61,17.84,16.61,17.72,6761630,21.89
2020-10-05,17.8,18.56,17.8,18.41,6355323,22.75
2020-10-06,18.71,19.12,18.12,18.23,6529293,22.52
2020-10-07,18.61,19.1,18.45,18.88,5034768,23.33
2020-10-08,19.06,19.28,18.86,19.19,4662290,23.71
2020-10-09,19.36,19.37,18.8,18.92,6574956,23.38
2020-10-12,18.83,19.08,18.79,19.04,5188375,23.52
2020-10-13,18.88,18.95,18.52,18.71,6751984,23.12
2020-10-14,18.88,19.09,18.37,18.4,7257640,22.73
2020-10-15,18.37,19.04,18.33,18.94,5753112,23.4
2020-10-16,18.97,18.99,18.47,18.83,4713672,23.26
2020-10-19,18.94,19.07,18.63,18.65,4258746,23.045
2020-10-20,19.02,19.64,18.94,19.22,7114099,23.75
2020-10-21,19.13,19.42,19.01,19.02,6380210,23.5
2020-10-22,19.53,19.59,18.56,19.4,7090886,23.965
2020-10-23,19.68,19.9,19.26,19.77,6697862,24.42
2020-10-26,19.39,19.51,18.89,18.98,4922178,23.45
2020-10-27,18.88,19.02,18.54,18.54,4580268,22.905
2020-10-28,18.16,18.48,18.07,18.16,5679384,22.44
2020-10-29,18.09,18.84,17.89,18.7,4044662,23.1
2020-10-30,18.4,18.81,18.26,18.79,7017850,23.22
2020-11-02,19.06,19.61,18.79,19.52,5206431,24.11
2020-11-03,19.91,20.15,19.77,19.84,5943063,24.51
2020-11-04,19.36,19.39,18.35,18.71,7383780,23.11
2020-11-05,18.75,19.67,18.75,19.43,6552579,24
2020-11-06,19.66,19.68,18.56,18.79,5381872,23.21
2020-11-09,20.39,21.92,20.26,21.5,14909560,26.56
2020-11-10,21.38,21.51,21.1,21.32,10538871,26.335
2020-11-11,21.45,21.45,20.62,20.82,6561458,25.72
2020-11-12,20.45,20.45,19.79,20.12,7387467,24.86
2020-11-13,20.38,20.71,20.28,20.55,7156728,25.39
2020-11-16,21.6,21.6,20.97,21.25,7751287,26.25
2020-11-17,20.84,21.1,20.41,21.09,5465194,26.05
2020-11-18,21.13,21.53,20.79,20.8,6235171,25.7
2020-11-19,20.66,21.02,20.24,20.95,5386012,25.88
2020-11-20,20.59,20.81,20.32,20.47,6778226,25.29
2020-11-23,20.83,21.14,20.64,21.05,6783434,26.01
2020-11-24,21.53,22.23,21.45,22.06,6677421,27.26
2020-11-25,21.67,21.81,21.4,21.6,5393360,26.68
2020-11-27,21.53,21.62,21.07,21.27,3203208,26.28
2020-11-30,21.1,21.35,20.45,20.51,10890232,25.34
2020-12-01,20.96,21.42,20.88,21.21,6302948,26.2
2020-12-02,21.13,21.61,20.91,21.52,6375071,26.59
2020-12-03,21.55,21.85,21.32,21.72,5789108,26.83
2020-12-04,21.9,22.23,21.79,22.18,7490623,27.4
2020-12-07,22.19,22.23,21.72,22.16,4935389,27.38
2020-12-08,21.84,22.23,21.84,22.06,7685092,27.26
2020-12-09,22.27,22.75,22.23,22.45,5911009,27.73
2020-12-10,22.24,22.65,22,22.49,5058431,27.79
2020-12-11,22.14,22.31,21.85,22.13,4435054,27.34
2020-12-14,22.56,22.56,21.48,21.55,5389605,26.62
2020-12-15,21.77,22.05,21.51,21.93,3927058,27.09
2020-12-16,22.01,22.14,21.74,22.06,3822501,27.25
2020-12-17,22.13,22.13,21.64,21.96,4194956,27.13
2020-12-18,21.99,22.11,21.38,21.55,11909066,26.63
2020-12-21,21.77,22.19,21.5,21.99,7594953,27.165
2020-12-22,22.09,22.21,21.77,21.8,6039350,26.93
2020-12-23,21.95,22.57,21.91,22.45,3944641,27.73
2020-12-24,22.52,22.52,21.97,22.32,1615074,27.58
2020-12-28,22.49,22.7,22.25,22.28,3063971,27.53
2020-12-29,22.38,22.38,22.01,22.08,3038778,27.28
2020-12-30,22.08,22.4,22.08,22.3,2555063,27.28
2020-12-31,22.2,22.57,22.11,22.54,3036483,27.57
2021-01-04,22.69,22.86,21.93,22.26,5965250,27.23
2021-01-05,22.35,22.83,22.2,22.57,3914837,27.61
2021-01-06,23.18,24.9,23.13,24.74,10987810,30.26
2021-01-07,25.3,26.26,25.2,25.7,7046742,31.44
2021-01-08,25.75,25.75,25.02,25.49,5783628,31.18
2021-01-11,25.1,25.74,24.93,25.65,6375417,31.38
2021-01-12,25.69,26.09,25.55,26.01,6050252,31.82
2021-01-13,25.88,26.14,25.63,25.92,4402882,31.7
2021-01-14,26,26.83,25.89,26.6,5728246,32.54
2021-01-15,26.14,26.36,25.8,26.05,5226196,31.865
2021-01-19,26.12,26.48,25.96,26.22,5219825,32.07
2021-01-20,26.14,26.21,25.54,25.61,5385658,31.33
2021-01-21,25.6,25.9,24.83,25.08,4799382,30.68
2021-01-22,24.99,25.33,24.86,25.26,4164795,30.9
2021-01-25,24.73,25,24.08,24.85,5030380,30.4
2021-01-26,25.15,25.3,24.3,24.32,4575074,29.75
2021-01-27,23.78,23.78,23.09,23.25,8921149,28.44
2021-01-28,23.81,24.34,23.6,24.2,7654264,29.6
2021-01-29,24.12,24.39,23.49,23.65,6553476,28.93
2021-02-01,23.75,24.19,23.66,24.11,5709762,29.49
2021-02-02,24.5,25.21,24.43,24.79,6138128,30.32
2021-02-03,24.75,25.38,24.71,25.37,4938714,31.03
2021-02-04,25.47,26.45,25.46,26.23,6354205,32.09
2021-02-05,26.37,26.66,26.17,26.24,3996421,32.095
2021-02-08,26.24,26.67,26.24,26.63,3688888,32.57
2021-02-09,26.28,26.66,26.19,26.59,3295909,32.53
2021-02-10,26.83,27.13,26.54,26.66,4167340,32.61
2021-02-11,26.58,26.8,26.04,26.36,3878455,32.25
2021-02-12,26.32,26.78,26.2,26.58,3674254,32.51
2021-02-16,26.86,27.55,26.67,27.35,5724486,33.46
2021-02-17,27.39,27.73,27.09,27.41,3927789,33.53
2021-02-18,27.06,27.39,26.66,27.16,6635200,33.22
2021-02-19,27.41,28.36,27.3,28.24,6482606,34.54
2021-02-22,28.41,28.94,28.21,28.51,6156514,34.88
2021-02-23,28.73,28.82,28.05,28.68,7043186,35.08
2021-02-24,28.91,29.72,28.76,29.63,8573891,36.25
2021-02-25,30.04,30.13,28.79,28.86,9358531,35.3
2021-02-26,28.54,29.05,28.09,28.36,11077319,34.69
2021-03-01,28.91,29.54,28.79,29.43,9556455,36
2021-03-02,29.23,29.71,29.19,29.55,7416296,36.15
2021-03-03,29.74,29.96,29.26,29.36,10201706,35.91
2021-03-04,29.43,29.68,28.23,29.07,10457687,35.56
2021-03-05,30.42,30.56,28.79,30.06,9368908,36.77
2021-03-08,30.41,31.61,30.25,30.85,7825175,37.74
2021-03-09,30.31,30.64,29.6,30.01,9111416,36.705
2021-03-10,30.01,31.21,29.95,31.08,6987319,38.02
2021-03-11,30.77,31.72,30.66,31.07,8023099,38.01
2021-03-12,31.63,32.1,31.47,31.96,7531154,39.09
2021-03-15,31.85,32.05,31.01,31.41,8830330,38.42
2021-03-16,31.16,31.23,30.46,30.97,7097627,37.88
2021-03-17,31.4,31.92,31.13,31.54,7913791,38.58
2021-03-18,32.28,33.08,31.67,31.89,11173272,39.01
2021-03-19,31.31,32.08,30.95,31.32,41004170,38.31
2021-03-22,31.29,31.31,30.25,30.43,8941621,37.22
2021-03-23,30.08,30.58,29.55,29.71,7325144,36.34
2021-03-24,30.13,30.59,29.64,29.66,6736413,36.28
2021-03-25,29.61,30.96,29.33,30.84,6264519,37.73
2021-03-26,31.35,31.67,30.89,31.43,7498475,38.44
2021-03-29,30.84,31.01,29.95,30.4,6913625,37.18
2021-03-30,30.63,31.61,30.61,31.39,6265590,38.12
2021-03-31,31.19,31.57,30.82,30.84,7332811,37.45
2021-04-01,30.8,31.32,30.63,31.28,6695224,37.98
2021-04-05,31.93,31.99,31.23,31.48,6569025,38.23
2021-04-06,31.44,31.65,31.18,31.56,4649674,38.33
2021-04-07,31.66,31.88,31.42,31.62,3426347,38.4
2021-04-08,31.34,31.48,30.78,31.41,3830630,38.14
2021-04-09,31.56,31.79,31.39,31.66,3991466,38.44
2021-04-12,31.63,32.04,31.62,31.99,3254360,38.85
2021-04-13,31.85,31.89,31.2,31.47,5265134,38.22
2021-04-14,31.42,32.19,31.34,31.75,4348312,38.55
2021-04-15,31.84,31.85,30.77,31.32,6094850,38.03
2021-04-16,31.49,31.92,31.26,31.46,5542452,38.2
2021-04-19,31.36,31.7,30.97,31.19,5617700,37.87
2021-04-20,31.04,31.17,29.73,30.01,5424867,36.44
2021-04-21,29.98,30.78,29.55,30.77,5656204,37.36
2021-04-22,30.86,30.93,30.28,30.35,6447884,36.86
2021-04-23,30.35,31.82,30.24,31.57,7258577,38.34
2021-04-26,31.77,32.36,31.71,31.94,4410778,38.78
2021-04-27,31.95,32.36,31.91,32.32,4863030,39.25
2021-04-28,32.4,32.92,32.36,32.78,5242863,39.8
2021-04-29,33.1,33.6,33.02,33.52,8420921,40.71
2021-04-30,33.22,33.73,33.07,33.38,8262308,40.54
2021-05-03,33.76,33.86,33.08,33.33,4414427,40.47
2021-05-04,33.21,34.03,32.95,34.03,6401202,41.32
2021-05-05,34.07,34.52,33.69,34.22,3948597,41.55
2021-05-06,34.42,34.54,33.85,34.52,5022031,41.92
2021-05-07,33.59,34.9,33.54,34.87,5307959,42.35
2021-05-10,35.38,35.46,34.78,34.78,6577807,42.24
2021-05-11,34.55,35.25,34.03,34.28,5492842,41.63
2021-05-12,34.8,34.92,33.61,33.71,7221612,40.94
2021-05-13,33.47,34.77,33.43,34.57,6190893,41.98
2021-05-14,34.74,35.2,34.63,35.11,3715754,42.64
2021-05-17,34.9,35.34,34.76,35.33,4567971,42.9
2021-05-18,35.29,35.43,34.57,34.59,3682706,42.01
2021-05-19,34.12,34.34,33.62,34.33,5456494,41.69
2021-05-20,34.25,34.43,33.85,34.2,3731054,41.53
2021-05-21,34.37,34.88,34.29,34.52,6538502,41.92
2021-05-24,34.7,34.7,34.3,34.48,4626035,41.87
2021-05-25,34.59,35.01,33.88,33.98,6820155,41.26
2021-05-26,34.1,34.43,33.8,34.31,5421058,41.67
2021-05-27,34.76,34.97,34.51,34.76,6198503,42.21
2021-05-28,34.76,34.77,34.19,34.7,4643053,42.14
2021-06-01,34.94,35.22,34.65,34.87,3854307,42.35
2021-06-02,34.92,34.97,34.46,34.72,4102789,42.16
2021-06-03,34.69,35.22,34.55,34.76,3288804,42.21
2021-06-04,34.74,34.82,34.26,34.62,5132707,42.04
2021-06-07,34.7,34.79,34.42,34.58,2977320,41.99
2021-06-08,34.18,34.41,33.64,34.32,5626312,41.68
2021-06-09,33.94,34.08,33.59,33.89,4112445,41.15
2021-06-10,34.42,34.47,33.18,33.27,5084414,40.4
2021-06-11,33.35,33.74,33.27,33.41,4300679,40.57
2021-06-14,33.26,33.48,32.35,32.56,4301023,39.54
2021-06-15,32.65,33.2,32.48,32.99,4028937,40.06
2021-06-16,32.87,33.62,32.43,33.39,6588360,40.55
2021-06-17,33.74,33.76,31.26,31.32,6994750,38.03
2021-06-18,30.89,31.02,30.22,30.4,16106297,36.91
2021-06-21,30.7,31.16,30.49,31.12,12158380,37.79
2021-06-22,31.05,31.45,30.79,31.25,7126238,37.95
2021-06-23,31.31,31.54,31.17,31.23,4856164,37.92
2021-06-24,31.38,31.92,31.1,31.78,4094415,38.59
2021-06-25,31.99,32.63,31.8,32.53,7874912,39.5
2021-06-28,32.39,32.51,31.71,31.85,4172904,38.68
2021-06-29,32.08,32.33,31.52,31.59,3078932,38.09
2021-06-30,31.54,31.86,31.52,31.7,3712435,38.23
2021-07-01,31.93,32.2,31.77,32.13,3312379,38.74
2021-07-02,32.21,32.23,31.74,31.88,3078183,38.44
2021-07-06,31.7,31.77,30.74,30.95,4589588,37.32
2021-07-07,30.68,31.06,30.57,30.74,4117154,37.07
2021-07-08,30.21,30.64,29.91,30.31,8775777,36.55
2021-07-09,30.93,31.61,30.69,31.58,4668993,38.08
2021-07-12,31.16,31.96,30.87,31.84,4007524,38.39
2021-07-13,31.85,31.88,31.06,31.16,4483986,37.57
2021-07-14,31.21,31.65,30.5,31,4037638,37.38
2021-07-15,30.82,31.54,30.6,31.32,3764043,37.77
2021-07-16,31.31,31.44,30.09,30.19,4126441,36.4
2021-07-19,29.44,29.67,28.49,28.72,7998817,34.63
2021-07-20,28.64,30.19,28.5,29.82,6403402,35.96
2021-07-21,30.09,30.87,30.07,30.58,7758256,36.88
2021-07-22,30.19,30.59,29.57,29.87,6579935,36.02
2021-07-23,30.06,30.43,29.5,29.67,4615120,35.78
2021-07-26,29.84,30.35,29.76,30.12,5847599,36.32
2021-07-27,29.57,30.3,29.37,30.17,4661539,36.38
2021-07-28,30.07,30.57,29.75,30.23,5383678,36.45
2021-07-29,30.62,30.79,30.18,30.38,4546360,36.64
2021-07-30,30.31,30.72,29.96,30.09,10533135,36.29
2021-08-02,30.38,31,29.9,29.92,6898745,36.08
2021-08-03,30.24,30.62,29.43,30.55,4732559,36.84
2021-08-04,30.34,30.67,29.94,30.16,4348933,36.37
2021-08-05,30.34,30.74,30.31,30.67,3805290,36.98
2021-08-06,31.11,31.57,31.05,31.29,4726944,37.73
2021-08-09,31.22,31.5,30.83,31.15,4884982,37.56
2021-08-10,31.14,31.78,31.06,31.65,4273814,38.16
2021-08-11,31.81,32.15,31.4,32.08,5561845,38.69
2021-08-12,32.17,32.3,31.91,32.24,3203765,38.88
2021-08-13,32.35,32.43,31.82,31.91,4053511,38.48
2021-08-16,31.7,31.98,31.38,31.69,4442133,38.21
2021-08-17,31.37,31.71,30.95,31.26,5051760,37.7
2021-08-18,31.08,31.65,30.94,31.11,5158118,37.51
2021-08-19,30.84,31.4,30.7,30.99,8863871,37.37
2021-08-20,30.86,31.26,30.69,31.2,5891162,37.62
2021-08-23,31.46,31.83,31.35,31.55,3907532,38.04
2021-08-24,31.55,32.02,31.51,31.88,3879074,38.44
2021-08-25,32.05,32.89,31.93,32.58,4919535,39.29
2021-08-26,32.67,32.78,32.04,32.18,4632449,38.8
2021-08-27,32.28,32.81,32.15,32.72,4038752,39.46
2021-08-30,32.81,32.81,32.04,32.04,3950093,38.63
2021-08-31,32.09,32.47,31.92,32.23,5511613,38.86
2021-09-01,32.35,32.35,31.68,31.9,4200563,38.47
2021-09-02,31.94,32.37,31.84,32.08,2995753,38.69
2021-09-03,32.24,32.29,31.76,31.94,4453861,38.51
2021-09-07,31.99,32.43,31.9,31.98,4381932,38.56
2021-09-08,31.85,32.01,31.59,31.86,5405277,38.42
2021-09-09,31.83,32.47,31.64,32.18,5509628,38.8
2021-09-10,32.33,32.47,31.91,32.06,4441104,38.66
2021-09-13,32.47,32.84,32.26,32.82,5120878,39.58
2021-09-14,32.85,33.15,32.22,32.33,6141377,38.98
2021-09-15,32.32,33.53,32.32,33.4,8555608,40.27
2021-09-16,33.54,33.91,33.44,33.5,6019816,40.4
2021-09-17,33.3,33.82,33.14,33.27,18890110,40.12
2021-09-20,32.41,32.42,31.4,31.96,10395618,38.54
2021-09-21,32.11,32.19,31.51,31.7,6241471,38.23
2021-09-22,32.15,32.72,31.91,32.38,4220467,39.05
2021-09-23,32.77,33.99,32.72,33.8,5187170,40.76
2021-09-24,33.39,34.5,33.35,34.42,6209903,41.51
2021-09-27,34.83,36.23,34.83,36.16,10558344,43.6
2021-09-28,36.49,36.64,35.9,36.13,7356831,43.57
2021-09-29,36.19,36.34,35.87,36.19,6095518,43.34
2021-09-30,36.41,36.45,35.41,35.44,5901274,42.44
2021-10-01,35.59,36.72,35.47,36.46,5307836,43.66
2021-10-04,36.56,37.06,36.21,36.33,4353416,43.51
2021-10-05,36.6,37.07,36.25,36.72,4569957,43.97
2021-10-06,36.38,36.66,35.69,36.52,4495753,43.74
2021-10-07,36.96,37.02,36.47,36.62,4199237,43.85
2021-10-08,36.49,37.01,36.42,36.7,3267850,43.95
2021-10-11,37.03,37.15,36.31,36.32,3573084,43.49
2021-10-12,36.26,36.45,36,36.15,4401616,43.29
2021-10-13,36.09,36.13,35,35.66,4515707,42.71
2021-10-14,36.11,36.25,35.68,36.23,3566689,43.39
2021-10-15,36.59,36.81,36.18,36.41,4700144,43.6
2021-10-18,36.2,37.11,36.2,36.78,5070520,44.05
2021-10-19,37.07,37.1,36.33,36.68,4997959,43.93
2021-10-20,36.76,38.08,36.55,38.07,5562845,45.59
2021-10-21,38,38.25,37.33,37.64,4178118,45.08
2021-10-22,37.96,38.13,37.64,37.99,3227252,45.49
2021-10-25,38.22,38.34,37.92,38.06,2741225,45.58
2021-10-26,38.07,38.07,37.38,37.4,3087158,44.79
2021-10-27,37.24,37.31,36.08,36.11,4131578,43.24
2021-10-28,36.22,36.75,36.22,36.73,3444917,43.99
2021-10-29,36.78,37.03,36.29,36.35,4444255,43.53
2021-11-01,36.68,37.2,36.65,37.13,4630134,44.47
2021-11-02,37.03,37.03,36.54,36.74,4628479,44
2021-11-03,36.57,37.52,36.52,37.33,3961055,44.7
2021-11-04,37.31,37.31,36.31,36.72,6638913,43.98
2021-11-05,37.18,37.28,36.59,36.81,2896517,44.08
2021-11-08,36.98,37.29,36.72,36.96,2535521,44.26
2021-11-09,36.76,36.93,36.47,36.82,4426650,44.09
2021-11-10,36.83,37.22,36.67,36.77,3731808,44.03
2021-11-11,36.88,37.15,36.72,36.99,3597990,44.3
2021-11-12,36.85,37.13,36.48,36.92,3637834,44.21
2021-11-15,36.98,37.53,36.89,37.26,3321394,44.62
2021-11-16,37.32,37.74,37.09,37.43,3476628,44.83
2021-11-17,37.36,37.4,36.77,36.91,4585771,44.2
2021-11-18,36.84,37.15,36.51,36.86,4840079,44.14
2021-11-19,36.42,36.5,35.67,36.37,3947808,43.55
2021-11-22,36.95,37.28,36.57,36.88,4036025,44.16
2021-11-23,37.23,37.51,36.95,37.44,3084605,44.84
2021-11-24,37.5,37.8,37.12,37.24,4275708,44.6
2021-11-26,35.82,36.18,34.65,35.47,6238283,42.48
2021-11-29,36.03,36.23,35.29,35.9,6576478,42.99
2021-11-30,35.44,35.61,34.82,35.2,11683233,42.15
2021-12-01,36.12,36.61,34.85,34.85,5719388,41.74
2021-12-02,35.26,37.01,35.18,36.69,7209697,43.94
2021-12-03,36.69,37.01,35.61,35.95,6312480,43.05
2021-12-06,36.5,37,36.17,36.39,5172362,43.58
2021-12-07,36.64,36.97,36.48,36.81,8906884,44.08
2021-12-08,37.07,37.48,36.69,36.71,4389959,43.96
2021-12-09,36.62,36.82,36.16,36.53,3268761,43.75
2021-12-10,36.68,36.81,36.04,36.54,3419332,43.76
2021-12-13,36.37,36.54,35.37,35.41,4859632,42.4
2021-12-14,35.48,36.31,35.41,36.01,7179984,43.12
2021-12-15,36.22,36.63,35.64,36.26,4850834,43.42
2021-12-16,36.67,37.11,36.22,36.35,5689547,43.53
2021-12-17,36.24,36.29,34.99,35.29,15736027,42.26
2021-12-20,34.75,34.78,33.71,34.39,6538778,41.18
2021-12-21,34.85,35.6,34.77,35.5,5946890,42.51
2021-12-22,35.36,35.78,35.17,35.66,2604832,42.7
2021-12-23,35.91,36.36,35.85,35.96,2891532,43.07
2021-12-27,35.96,36.51,35.72,36.49,2587129,43.7
2021-12-28,36.45,36.8,36.32,36.56,4069859,43.78
2021-12-29,36.71,36.92,36.34,36.66,6676134,43.9
2021-12-30,36.62,37.12,36.62,36.66,2551279,43.6
2021-12-31,36.6,36.84,36.47,36.62,3157647,43.55
2022-01-03,36.99,37.61,36.99,37.56,4615745,44.67
2022-01-04,37.89,39.33,37.89,39.16,6348312,46.57
2022-01-05,39.42,39.78,38.94,39.04,5679151,46.43
2022-01-06,39.79,40.76,39.74,40.67,6367832,48.37
2022-01-07,40.58,41.16,40.32,41.03,5709430,48.8
2022-01-10,41.3,41.54,40.32,41.03,4970971,48.8
2022-01-11,41.27,41.4,40.69,41.24,4417388,49.05
2022-01-12,41.24,41.88,41.16,41.37,5963249,49.2
2022-01-13,41.69,42.17,41.45,41.65,5920438,49.54
2022-01-14,41,42.46,40.86,42.42,6327628,50.45
2022-01-18,42.44,42.58,41.45,41.72,6794052,49.62
2022-01-19,41.88,41.9,40.19,40.33,8841577,47.97
2022-01-20,40.52,41.03,39.12,39.2,6947582,46.62
2022-01-21,38.84,39.1,37.73,37.87,9043651,45.04
2022-01-24,37.23,38.36,36.46,38.24,8165367,45.48
2022-01-25,37.92,38.23,36.87,37.77,8280191,44.92
2022-01-26,38.19,38.56,36.91,37.67,9588930,44.8
2022-01-27,38.2,38.56,36.83,37.19,6721765,44.23
2022-01-28,37.15,37.41,36.35,37.39,6879965,44.47
2022-01-31,37.19,37.69,36.48,37.52,9209981,44.63
2022-02-01,37.46,38.7,37.3,38.63,7986613,45.94
2022-02-02,38.51,39.36,38.37,39.24,6422445,46.67
2022-02-03,39.37,39.89,38.75,38.83,6119657,46.18
2022-02-04,39.05,40,39,39.8,6938421,47.34
2022-02-07,39.88,40.79,39.63,40.63,7220320,48.32
2022-02-08,41.05,41.72,40.95,41.62,7268877,49.5
2022-02-09,41.51,41.82,41.27,41.36,4125622,49.19
2022-02-10,41.47,42.15,41.12,41.3,6152439,49.12
2022-02-11,40.79,41.89,40.53,40.81,6326253,48.54
2022-02-14,41.04,41.27,40.14,40.55,7063117,48.23
2022-02-15,40.96,41.6,40.95,41.52,4152479,49.38
2022-02-16,41.17,42.01,40.97,41.63,4052878,49.51
2022-02-17,41.22,41.32,40.34,40.52,4815918,48.19
2022-02-18,40.44,40.93,40.26,40.55,6789188,48.23
2022-02-22,40.32,40.99,40.14,40.63,7256002,48.33
2022-02-23,40.87,41.04,39.47,39.67,8758567,47.18
2022-02-24,38.05,38.63,37.06,38.48,9663329,45.765
2022-02-25,38.9,40.5,38.71,40.43,8619123,48.09
2022-02-28,40,40.4,39.44,40.22,7953305,47.84
2022-03-01,39.77,39.96,37.13,37.38,8608230,44.46
2022-03-02,38.08,39,37.81,38.73,9090103,46.07
2022-03-03,38.83,39.15,38.39,38.93,5218417,46.3
2022-03-04,38.02,38.08,36.9,37.46,7511126,44.55
2022-03-07,37.2,37.41,35.28,35.3,8689346,41.98
2022-03-08,35.53,36.48,34.93,35.28,10722947,41.96
2022-03-09,36.54,38.18,36.38,37.62,8506170,44.74
2022-03-10,37.17,37.94,36.86,37.4,6043762,44.48
2022-03-11,37.73,38.39,36.96,36.99,6397383,44
2022-03-14,37.8,39.16,37.62,38.55,7319404,45.85
2022-03-15,38.69,39.05,37.89,38.5,8015998,45.79
2022-03-16,39.02,40.1,38.95,39.94,7578707,47.5
2022-03-17,39.28,39.41,38.47,39.31,9287089,46.75
2022-03-18,39.27,39.43,38.08,39.26,17726727,46.69
2022-03-21,39.5,39.87,38.73,39.07,5209200,46.47
2022-03-22,39.52,40.38,39.41,39.86,6435013,47.41
2022-03-23,39.43,39.61,38.24,38.41,6501957,45.68
2022-03-24,38.73,38.86,38.21,38.55,5679288,45.85
2022-03-25,38.7,39.42,38.54,39.31,5967964,46.76
2022-03-28,38.93,38.97,37.72,38.51,8210585,45.8
2022-03-29,39.35,39.53,38.45,38.79,6387853,46.14
2022-03-30,38.85,38.89,37.24,37.47,6278408,44.28
2022-03-31,37.37,37.87,36.38,36.42,8774868,43.04
2022-04-01,36.97,37.08,35.18,35.37,9018925,41.8
2022-04-04,35.13,35.46,34.35,35.26,6863304,41.67
2022-04-05,35.03,35.48,34.81,34.89,5463569,41.23
2022-04-06,34.75,34.99,34.41,34.68,7764926,40.98
2022-04-07,34.55,34.74,33.56,34.22,6774109,40.44
2022-04-08,34.34,34.6,34.05,34.32,4660527,40.55
2022-04-11,34.35,35.1,34.01,34.27,3853228,40.49
2022-04-12,34.32,34.8,33.35,33.54,6226927,39.63
2022-04-13,33.28,33.65,33.05,33.44,5457797,39.51
2022-04-14,33.46,33.72,32.9,33.01,5991099,39.01
2022-04-18,32.98,33.33,32.76,33.06,9111839,39.07
2022-04-19,33.07,34.94,33.07,34.52,9991386,40.79
2022-04-20,34.62,35.43,34.36,34.42,8586795,40.67
2022-04-21,34.87,35.02,33.31,33.54,7503799,39.63
2022-04-22,33.56,33.56,32.47,32.52,8980233,38.43
2022-04-25,32.37,32.9,31.79,32.84,8488688,38.8
2022-04-26,32.38,32.89,31.94,31.95,6762285,37.75
2022-04-27,31.95,32.58,31.89,32.32,7489263,38.19
2022-04-28,32.89,33.02,32.24,32.97,7381340,38.96
2022-04-29,32.96,33.22,31.68,31.76,7330472,37.53
2022-05-02,32.01,32.19,31.29,31.94,8704240,37.74
2022-05-03,32.12,32.6,31.94,32.42,6285853,38.31
2022-05-04,32.37,33.49,32.1,33.42,7819922,39.49
2022-05-05,33.04,33.1,31.52,32.14,6866071,37.98
2022-05-06,32.08,32.17,31.13,31.74,6886709,37.51
2022-05-09,31.41,31.52,30.73,31.14,6423694,36.8
2022-05-10,31.42,31.65,30.14,30.96,6874944,36.58
2022-05-11,30.8,31.77,30.28,30.35,8337262,35.86
2022-05-12,30.14,30.44,29.59,30.28,6846162,35.78
2022-05-13,30.54,30.8,30.13,30.44,5463321,35.97
2022-05-16,30.41,30.62,29.91,30.2,5733877,35.69
2022-05-17,30.96,31.53,30.89,31.46,5451748,37.18
2022-05-18,31.18,31.3,30.27,30.51,5723319,36.05
2022-05-19,30.18,30.66,29.9,30.17,6081864,35.65
2022-05-20,30.44,30.65,29.41,30.16,4993659,35.64
2022-05-23,30.93,31.46,30.55,31.15,4843515,36.81
2022-05-24,31.13,31.2,30.31,30.98,5082762,36.61
2022-05-25,30.95,31.88,30.84,31.68,4946189,37.44
2022-05-26,31.96,32.84,31.87,32.67,5635922,38.61
2022-05-27,32.68,33.18,32.56,33.1,3478957,39.11
2022-05-31,32.66,33.58,32.53,33.37,6670764,39.43
2022-06-01,33.54,33.54,32.26,32.78,4107407,38.74
2022-06-02,32.97,33.29,32.51,33.28,3031314,39.32
2022-06-03,33,33.28,32.87,32.94,3767717,38.92
2022-06-06,33.33,33.91,33.03,33.39,3735654,39.45
2022-06-07,33.12,33.52,32.84,33.48,4518214,39.56
2022-06-08,33.16,33.21,32.7,32.9,3246131,38.88
2022-06-09,32.91,32.95,31.77,31.79,3714094,37.56
2022-06-10,30.75,31.21,30.11,30.2,4784299,35.68
2022-06-13,29.39,29.64,28.93,29.15,6992832,34.44
2022-06-14,29.4,29.87,28.89,29.26,5921797,34.58
2022-06-15,29.54,29.95,28.87,29.39,7515421,34.73
2022-06-16,28.74,28.82,27.93,28.14,6839006,33.25
2022-06-17,28.46,29.12,28.31,28.77,12526419,34
2022-06-21,29.52,29.65,28.91,29.09,4657253,34.37
2022-06-22,28.87,29.34,28.59,29.16,5444239,34.46
2022-06-23,29.03,29.14,27.94,28.36,4704218,33.51
2022-06-24,28.45,29.87,28.44,29.81,6212586,35.22
2022-06-27,30,30.03,29.33,29.51,5563271,34.87
2022-06-28,30.04,30.46,29.46,29.48,3994784,34.84
2022-06-29,29.6,29.67,29.06,29.2,3492075,34.21
2022-06-30,28.61,29.03,27.79,28.68,6018322,33.6
2022-07-01,28.6,29.04,28.02,28.89,5204371,33.84
2022-07-05,28.31,28.78,27.73,28.77,5651254,33.7
2022-07-06,28.52,28.91,28.1,28.41,4148490,33.28
2022-07-07,28.75,29.13,28.63,28.96,3700336,33.92
2022-07-08,29.24,29.26,28.7,28.9,4006298,33.86
2022-07-11,28.65,28.89,28.29,28.63,3668094,33.54
2022-07-12,28.45,29.28,28.32,28.62,3652549,33.53
2022-07-13,28.35,28.44,27.73,28.2,5585432,33.04
2022-07-14,27.58,27.63,27.14,27.5,6348870,32.21
2022-07-15,27.98,28.94,27.77,28.8,6778995,33.74
2022-07-18,29.16,29.66,28.67,28.83,5546601,33.77
2022-07-19,29.31,29.84,29.28,29.6,10545764,34.67
2022-07-20,29.45,29.85,29.15,29.61,11011152,34.69
2022-07-21,29.13,29.71,28.75,29.24,7390055,34.25
2022-07-22,29.31,29.49,28.46,28.71,5609153,33.63
2022-07-25,28.83,29.39,28.82,29.2,5649571,34.21
2022-07-26,28.85,29.12,28.26,28.3,4393273,33.15
2022-07-27,28.47,28.98,28.26,28.8,4850320,33.74
2022-07-28,28.78,28.93,28.11,28.54,4547221,33.43
2022-07-29,28.59,29.23,28.59,29.13,4490498,34.12
2022-08-01,28.9,29.23,28.52,29.13,3780604,34.13
2022-08-02,28.96,29.16,28.58,28.76,4024448,33.69
2022-08-03,29.05,29.48,28.87,29.29,3824537,34.31
2022-08-04,29.25,29.35,28.83,28.84,2835466,33.79
2022-08-05,28.84,29.74,28.75,29.6,3614354,34.67
2022-08-08,29.71,29.88,29.14,29.44,4030336,34.49
2022-08-09,29.54,29.66,29.25,29.64,3511206,34.72
2022-08-10,30.12,31.1,30.07,30.87,7850105,36.16
2022-08-11,31.12,31.75,31.12,31.65,5274308,37.08
2022-08-12,32.01,32.01,31.53,32,3755124,37.49
2022-08-15,31.64,31.94,31.46,31.78,3383556,37.23
2022-08-16,31.74,32.32,31.64,32.11,3822168,37.62
2022-08-17,31.92,31.97,31.42,31.78,2741619,37.23
2022-08-18,31.81,31.9,31.59,31.85,2530486,37.31
2022-08-19,31.4,31.57,30.88,31.19,4074241,36.54
2022-08-22,30.59,30.62,30.09,30.3,3287446,35.5
2022-08-23,30.5,30.71,30.35,30.41,2895966,35.62
2022-08-24,30.33,30.52,30.04,30.41,2442183,35.62
2022-08-25,30.44,30.97,30.34,30.94,2361567,36.24
2022-08-26,31.11,31.17,29.83,29.83,2972707,34.95
2022-08-29,29.63,29.89,29.23,29.39,3641221,34.43
2022-08-30,29.51,29.66,29.02,29.34,3720143,34.37
2022-08-31,29.39,29.53,29.04,29.15,6354716,34.15
2022-09-01,29.11,29.14,28.44,28.89,4359742,33.84
2022-09-02,29.25,29.58,28.58,28.74,4393323,33.67
2022-09-06,28.92,28.97,28.04,28.4,3552600,33.27
2022-09-07,28.31,29.19,28.14,29.06,2971818,34.04
2022-09-08,28.83,30.16,28.67,30.15,3901669,35.32
2022-09-09,30.39,30.69,30.28,30.51,4961714,35.74
2022-09-12,30.73,31.24,30.59,31.17,4368587,36.52
2022-09-13,30.4,30.78,29.71,29.86,4627311,34.98
2022-09-14,29.86,30.2,29.31,29.86,5792483,34.98
2022-09-15,29.91,31.02,29.9,30.54,3912165,35.78
2022-09-16,30.31,30.31,29.59,29.9,12013656,35.03
2022-09-19,29.46,30.36,29.46,30.25,4159939,35.44
2022-09-20,29.98,30.14,29.67,30,4240804,35.14
2022-09-21,30.14,30.49,29.24,29.25,5269792,34.26
2022-09-22,29.32,29.44,28.18,28.35,4457350,33.21
2022-09-23,27.99,28.12,27.45,28,4708736,32.8
2022-09-26,27.63,28.13,27.28,27.39,6272209,32.09
2022-09-27,27.57,27.82,26.68,26.95,5716896,31.57
2022-09-28,27.1,27.93,26.93,27.78,4583112,32.54
2022-09-29,27.37,27.85,26.89,27.64,5791440,32.05
2022-09-30,27.6,28.3,27.46,27.56,7221674,31.96
2022-10-03,28.03,28.57,27.41,28.31,5508367,32.83
2022-10-04,28.72,29.59,28.7,29.58,4901598,34.3
2022-10-05,28.98,29.52,28.87,29.41,3176418,34.1
2022-10-06,29.15,29.46,28.74,28.92,6556314,33.53
2022-10-07,28.64,28.69,27.9,28.54,4416103,33.1
2022-10-10,28.78,29.08,28.24,28.44,3780863,32.98
2022-10-11,28.28,28.35,27.75,27.96,4214607,32.42
2022-10-12,27.88,28.22,27.63,27.79,4271184,32.22
2022-10-13,27.41,29.88,27.06,29.62,8575845,34.35
2022-10-14,29.93,30.56,29.18,29.29,5907217,33.96
2022-10-17,29.99,30.39,29.7,29.95,5999045,34.73
2022-10-18,30.62,31.08,29.74,30.06,5749071,34.86
2022-10-19,29.83,30.1,28.39,28.68,11306371,33.26
2022-10-20,28.35,28.47,26.72,26.86,10343657,31.15
2022-10-21,26.85,28.49,26.66,28.48,9075091,33.02
2022-10-24,28.66,29.78,28.49,29.64,5208213,34.37
2022-10-25,29.52,30.54,29.38,30.48,5012563,35.35
2022-10-26,30.49,30.84,30.27,30.62,3896613,35.51
2022-10-27,31.03,31.19,30.42,30.48,4471643,35.35
2022-10-28,30.78,31.05,30.48,31.03,3520212,35.98
2022-10-31,30.88,31.05,30.7,30.78,4339656,35.69
2022-11-01,30.99,31.15,30.74,30.87,2891502,35.8
2022-11-02,30.82,31.13,29.89,29.93,5103335,34.71
2022-11-03,29.58,29.61,28.84,29.27,4965221,33.94
2022-11-04,29.67,30.37,29.55,30.3,6384816,35.13
2022-11-07,30.44,30.62,29.95,30.22,3520182,35.04
2022-11-08,30.17,30.47,29.95,30.28,4754996,35.11
2022-11-09,29.84,30.09,29.54,29.73,4190450,34.48
2022-11-10,30.74,31.42,30.74,31.3,8062010,36.29
2022-11-11,31.37,32.08,31.37,31.78,7964703,36.85
2022-11-14,31.7,31.89,31.08,31.09,6912520,36.05
2022-11-15,31.74,32.03,31,31.43,5794200,36.45
2022-11-16,31.43,31.54,30.71,30.86,4290274,35.79
2022-11-17,30.37,30.49,30.05,30.47,3873403,35.33
2022-11-18,31.04,31.11,30.28,30.73,3980544,35.63
2022-11-21,30.65,30.98,30.62,30.88,2416336,35.81
2022-11-22,31.11,31.36,31.03,31.33,3489890,36.33
2022-11-23,31.13,31.4,31.04,31.33,3203787,36.33
2022-11-25,31.51,31.62,31.37,31.46,1180225,36.48
2022-11-28,31.17,31.24,30.62,30.69,3575405,35.59
2022-11-29,30.77,31.16,30.59,31.05,3045147,36
2022-11-30,30.85,31.43,30.08,31.36,6912996,36.36
2022-12-01,31.36,31.49,30.38,30.85,5228354,35.77
2022-12-02,30.36,30.66,30.25,30.4,5150491,35.25
2022-12-05,30.21,30.21,28.23,28.42,6543467,32.95
2022-12-06,28.36,28.56,27.72,27.8,6728549,32.24
2022-12-07,27.92,28.77,27.73,28.43,7325567,32.97
2022-12-08,28.56,28.66,28.07,28.3,5031771,32.82
2022-12-09,28.48,28.58,28.13,28.36,5175361,32.89
2022-12-12,28.35,28.79,27.98,28.69,7939329,33.27
2022-12-13,29.29,29.47,28.28,28.41,9035853,32.94
2022-12-14,28.48,28.6,27.6,27.85,6258534,32.29
2022-12-15,27.41,27.74,27.1,27.54,7099397,31.93
2022-12-16,27.22,27.6,26.97,27.25,10203828,31.6
2022-12-19,27.25,27.67,26.97,27.29,4532507,31.65
2022-12-20,27.35,27.57,27.24,27.33,4080719,31.69
2022-12-21,27.64,27.85,27.54,27.59,3909452,31.99
2022-12-22,27.3,27.72,27.04,27.71,4307757,32.13
2022-12-23,27.88,28.04,27.68,27.95,3582045,32.41
2022-12-27,27.99,28.3,27.8,28.29,3972482,32.8
2022-12-28,28.41,28.47,28.05,28.22,4507022,32.72
2022-12-29,28.46,28.68,28.23,28.58,3327846,32.81
2022-12-30,28.45,28.74,28.34,28.58,5070662,32.81
2023-01-03,28.91,29.1,28.31,28.43,5964702,32.64
2023-01-04,28.78,29.28,28.67,29.15,6276093,33.46
2023-01-05,29.04,29.12,28.6,28.86,5400726,33.13
2023-01-06,29.13,30.13,28.94,30.03,8751574,34.47
2023-01-09,30.17,30.25,29.75,29.81,4091196,34.22
2023-01-10,29.86,30.02,29.52,30.02,3152656,34.46
2023-01-11,30.26,30.26,29.88,29.9,5596267,34.32
2023-01-12,30.02,30.56,29.9,30.4,4913642,34.9
2023-01-13,29.91,30.25,29.28,30.18,5006358,34.64
2023-01-17,30.16,30.19,29.64,29.72,5339286,34.11
2023-01-18,29.43,29.45,28.48,28.5,9623365,32.72
2023-01-19,28.19,29.58,27.74,29.31,11029655,33.64
2023-01-20,29.3,30.22,29.3,30.15,8386631,34.61
2023-01-23,30.27,31.06,30.21,30.93,6503847,35.51
2023-01-24,30.93,31.13,30.62,30.62,6917133,35.15
2023-01-25,30.43,31.21,30.37,31.15,5860561,35.76
2023-01-26,31.36,31.6,31.06,31.38,6448003,36.02
2023-01-27,31.34,31.63,31.24,31.45,4119634,36.1
2023-01-30,31.18,31.5,31.14,31.19,4490983,35.8
2023-01-31,31.26,31.64,31.07,31.61,15083886,36.29
2023-02-01,31.19,32.28,31.13,32.04,6209532,36.78
2023-02-02,32.29,33.15,32.1,32.97,6850836,37.85
2023-02-03,32.6,33.13,32.6,32.79,5416969,37.64
2023-02-06,32.54,32.66,32.24,32.44,4468765,37.24
2023-02-07,32.44,33.03,32.21,32.93,5899020,37.8
2023-02-08,32.56,32.88,32.4,32.83,5456060,37.68
2023-02-09,32.95,33.08,32.37,32.46,3867648,37.26
2023-02-10,32.31,32.46,32.12,32.38,4335771,37.17
2023-02-13,32.23,32.68,32.15,32.63,3192894,37.45
2023-02-14,32.6,32.65,32.1,32.4,3440382,37.19
2023-02-15,32.12,32.58,31.99,32.32,3024106,37.1
2023-02-16,31.95,32.23,31.67,31.94,3829176,36.66
2023-02-17,31.87,32.28,31.73,32.19,3399263,36.95
2023-02-21,31.82,31.92,31.22,31.41,5248888,36.06
2023-02-22,31.51,31.54,31.08,31.3,4409830,35.93
2023-02-23,31.49,31.71,31.02,31.41,4992848,36.05
2023-02-24,31.07,31.67,30.93,31.63,4143507,36.31
2023-02-27,31.99,32.05,31.34,31.42,5334285,36.07
2023-02-28,31.7,31.91,31.52,31.62,6357954,36.3
2023-03-01,31.54,31.75,31.31,31.53,4252012,36.19
2023-03-02,31.32,31.33,30.6,31.03,5651394,35.62
2023-03-03,31.21,31.61,31.04,31.56,4998492,36.23
2023-03-06,31.66,31.95,31.5,31.5,4826799,36.16
2023-03-07,31.66,31.66,29.78,29.87,6510397,34.29
2023-03-08,29.92,30.05,29.24,29.35,6989747,33.69
2023-03-09,29.06,29.09,27.55,27.61,7074391,31.69
2023-03-10,26.77,27.47,25.7,26.46,17306864,30.37
2023-03-13,23.27,24.24,19.26,22.87,49773877,26.25
2023-03-14,25.39,25.79,21.72,22.98,42988479,26.38
2023-03-15,21.76,22.27,21.19,22.14,39623327,25.41
2023-03-16,21.98,23.42,20.76,23.05,39017693,26.46
2023-03-17,22.49,22.6,21.48,21.74,38992356,24.95
2023-03-20,22.38,23.72,22.3,22.83,23909777,26.21
2023-03-21,23.84,24.05,22.98,23.86,16568613,27.39
2023-03-22,23.84,23.9,22.51,22.56,11139271,25.9
2023-03-23,22.96,23.05,21.87,22.08,10997264,25.34
2023-03-24,21.73,22.34,21.53,22.2,11859717,25.48
2023-03-27,23.09,23.58,22.57,22.88,10218332,26.26
2023-03-28,22.74,23.09,22.6,22.95,6398892,26.34
2023-03-29,23.3,23.6,23.11,23.55,7620300,27.03
2023-03-30,24,24.14,23.14,23.21,8484757,26.32
2023-03-31,23.46,23.61,23.17,23.49,7406582,26.64
2023-04-03,23.76,23.84,23.05,23.28,8895123,26.4
2023-04-04,23.4,23.46,22.26,22.59,9972494,25.61
2023-04-05,22.15,22.82,22.03,22.73,8667012,25.77
2023-04-06,23.36,23.54,22.94,23,9064064,26.08
2023-04-10,22.93,23.33,22.74,23.19,8357178,26.29
2023-04-11,23.3,23.57,23.13,23.4,5127857,26.53
2023-04-12,23.52,23.67,23.13,23.27,5010406,26.39
2023-04-13,23.55,23.59,22.95,23.43,5143135,26.57
2023-04-14,23.9,23.94,23.17,23.32,6388741,26.44
2023-04-17,23.22,24.12,22.86,24.09,9525477,27.32
2023-04-18,24.23,24.23,23.63,23.96,7931112,27.17
2023-04-19,24.02,24.84,23.82,24.71,8032559,28.02
2023-04-20,24.29,24.85,24.25,24.55,10363261,27.84
2023-04-21,24.68,24.68,24.06,24.24,8623761,27.48
2023-04-24,24.19,24.26,23.8,23.87,5759449,27.06
2023-04-25,23.38,23.55,22.51,22.63,9323812,25.66
2023-04-26,22.66,23.07,22.36,22.56,7362080,25.58
2023-04-27,22.7,23.12,22.67,22.79,6459672,25.84
2023-04-28,22.6,23.27,22.49,23.11,6510850,26.2
2023-05-01,23.06,23.34,22.64,22.77,8412167,25.82
2023-05-02,22.62,22.67,21.11,21.62,12659417,24.51
2023-05-03,21.71,22.21,21.04,21.13,9402510,23.96
2023-05-04,20.43,20.89,19.81,20.5,19430345,23.24
2023-05-05,21.62,22.07,21.13,21.98,12746023,24.92
2023-05-08,22.54,22.6,21.38,21.53,10169878,24.41
2023-05-09,21.26,21.88,21.08,21.76,6436661,24.67
2023-05-10,22.13,22.13,21.1,21.38,8264868,24.24
2023-05-11,20.98,21.02,20.4,20.87,11790120,23.66
2023-05-12,21.05,21.12,20.53,20.83,8883845,23.62
2023-05-15,20.95,21.42,20.84,21.36,5576364,24.22
2023-05-16,21.35,21.5,20.95,20.97,5839377,23.78
2023-05-17,21.53,22.36,21.51,22.29,9678795,25.27
2023-05-18,22.29,22.33,21.84,22.2,6826120,25.17
2023-05-19,22.23,22.39,21.59,22.14,8682400,25.1
2023-05-22,22.34,22.6,22.04,22.45,7945693,25.45
2023-05-23,22.66,23.32,22.5,22.86,6776411,25.92
2023-05-24,22.5,22.65,22.03,22.36,7267814,25.35
2023-05-25,22.11,22.42,21.81,22.09,5933536,25.05
2023-05-26,22.09,22.36,21.77,22.28,5561110,25.26
2023-05-30,22.4,22.45,21.76,22.45,5434636,25.45
2023-05-31,22.14,22.19,21.36,21.4,9193433,24.27
2023-06-01,21.57,22.13,21.18,21.86,7808049,24.79
2023-06-02,22.45,23.03,22.14,22.89,8738720,25.95
2023-06-05,23.06,23.08,22.27,22.48,4557748,25.49
2023-06-06,22.48,23.75,22.36,23.62,6517200,26.78
2023-06-07,23.8,24.05,23.34,23.92,5193178,27.12
2023-06-08,23.88,23.94,23.38,23.79,4533127,26.97
2023-06-09,23.68,23.78,23.27,23.29,4780077,26.41
2023-06-12,23.19,23.87,22.43,22.86,8790597,25.92
2023-06-13,22.93,23.66,22.72,23.49,5985706,26.64
2023-06-14,23.25,23.77,22.68,22.89,9039739,25.95
2023-06-15,22.76,23.77,22.67,23.6,6201608,26.76
2023-06-16,23.55,23.68,23.23,23.41,11156266,26.54
2023-06-20,23.21,23.6,22.91,23.54,5087812,26.69
2023-06-21,23.72,23.72,23.21,23.37,4742587,26.5
2023-06-22,23.42,23.42,22.6,22.61,5580617,25.64
2023-06-23,22.37,22.62,22.24,22.52,4680108,25.54
2023-06-26,22.69,23.03,22.67,22.89,5419587,25.96
2023-06-27,22.88,23.24,22.54,23.09,3801887,26.18
2023-06-28,22.96,23.27,22.66,23.22,4977602,26.33
2023-06-29,23.72,23.77,23.33,23.44,4620291,26.25
2023-06-30,23.72,23.75,23.36,23.41,3754578,26.21
2023-07-03,23.57,24.02,23.52,23.9,2249908,26.76
2023-07-05,23.67,23.94,23.41,23.7,3435773,26.54
2023-07-06,23.51,23.55,22.84,23.51,5113552,26.32
2023-07-07,23.5,24.12,23.49,23.8,5960447,26.65
2023-07-10,23.77,23.95,23.57,23.82,5470860,26.67
2023-07-11,24.01,24.27,23.81,24.17,4963376,27.06
2023-07-12,24.56,24.96,24.06,24.28,6974523,27.19
2023-07-13,24.45,24.78,24.28,24.49,5554699,27.42
2023-07-14,24.74,24.76,23.95,24.1,5171081,26.98
2023-07-17,24.07,24.46,23.94,24.39,4547411,27.31
2023-07-18,24.34,24.98,24.24,24.94,5588307,27.93
2023-07-19,25.01,25.54,24.83,25.45,8086339,28.5
2023-07-20,26.08,26.3,25.47,26.13,8614145,29.26
2023-07-21,26.19,26.21,25.2,25.21,6345213,28.23
2023-07-24,25.41,25.79,25.32,25.6,4800431,28.66
2023-07-25,25.64,25.87,25,25.03,5009268,28.03
2023-07-26,25.4,25.77,25.36,25.48,4609839,28.53
2023-07-27,25.51,25.92,25.44,25.52,4462426,28.57
2023-07-28,25.84,25.91,25.54,25.77,3366948,28.85
2023-07-31,25.87,26.02,25.67,25.99,4396941,29.1
2023-08-01,25.91,26.02,25.32,25.73,4257571,28.81
2023-08-02,25.37,25.46,24.89,25.34,4677312,28.37
2023-08-03,25.17,25.66,24.94,25.44,4886932,28.48
2023-08-04,25.45,25.78,25.28,25.43,2987342,28.47
2023-08-07,25.57,25.73,25.39,25.53,3204107,28.58
2023-08-08,24.33,25.08,24.28,25.05,4545240,28.05
2023-08-09,24.86,25.03,24.53,24.56,3203845,27.5
2023-08-10,24.76,24.94,24.5,24.75,3671266,27.71
2023-08-11,24.57,24.99,24.52,24.82,3541286,27.79
2023-08-14,24.56,24.56,23.72,23.93,5572028,26.79
2023-08-15,23.5,23.59,23.02,23.1,6929264,25.86
2023-08-16,23.06,23.09,22.76,22.99,4463225,25.74
2023-08-17,23.03,23.28,22.94,23.02,4020803,25.77
2023-08-18,22.95,23.07,22.69,22.86,3801247,25.59
2023-08-21,22.97,23.04,22.68,22.94,3475392,25.68
2023-08-22,22.87,23.02,22.11,22.22,7320323,24.88
2023-08-23,22.22,22.71,22.05,22.71,3874885,25.43
2023-08-24,22.62,23.17,22.6,22.97,4813998,25.72
2023-08-25,23.08,23.22,22.56,22.7,3358263,25.42
2023-08-28,22.91,23.19,22.85,23.04,2213271,25.8
2023-08-29,23.02,23.63,22.91,23.62,4381301,26.45
2023-08-30,23.46,23.67,23.37,23.57,7771876,26.39
2023-08-31,23.67,23.8,23.58,23.71,5662609,26.55
2023-09-01,23.91,24.28,23.9,24.16,5152556,27.05
2023-09-05,24.03,24.36,23.96,24.18,5116330,27.07
2023-09-06,24.03,24.17,23.51,23.76,6317440,26.6
2023-09-07,23.63,23.87,23.14,23.3,8314352,26.09
2023-09-08,23.33,23.64,23.09,23.59,6073593,26.41
2023-09-11,23.74,24.12,23.52,23.67,5069824,26.5
2023-09-12,23.73,24.61,23.68,24.53,7993293,27.47
2023-09-13,25.19,25.36,24.11,24.34,9180308,27.25
2023-09-14,24.55,24.92,24.4,24.58,5508560,27.52
2023-09-15,24.4,24.75,24.25,24.51,7629621,27.44
2023-09-18,24.5,24.52,24.04,24.23,4866311,27.13
2023-09-19,24.28,24.32,23.92,24.03,5557082,26.91
2023-09-20,24.25,24.47,23.92,23.94,4885281,26.81
2023-09-21,23.8,24.13,23.56,23.56,5420761,26.38
2023-09-22,23.63,23.65,22.94,22.95,5692107,25.7
2023-09-25,22.95,23.15,22.81,23.14,3379007,25.91
2023-09-26,22.85,23.19,22.56,22.58,4788364,25.28
2023-09-27,22.69,22.71,22.06,22.2,5211370,24.86
2023-09-28,22.22,22.88,22.21,22.67,4934472,25.03
2023-09-29,22.9,23.26,22.81,22.95,4031462,25.33
2023-10-02,22.97,22.97,22.07,22.19,5098345,24.5
2023-10-03,22.02,22.07,21.55,21.69,4802833,23.94
2023-10-04,21.75,21.81,21.36,21.76,3493930,24.02
2023-10-05,21.65,22.08,21.54,22.02,3979624,24.31
2023-10-06,21.8,22.07,21.34,21.9,6454334,24.17
2023-10-09,21.73,22.14,21.61,22.05,3596935,24.34
2023-10-10,22.28,22.86,22.28,22.64,5157574,24.99
2023-10-11,22.7,23.05,22.49,22.64,3358256,24.99
2023-10-12,22.69,22.71,22.02,22.19,5518696,24.5
2023-10-13,22.43,22.55,21.9,21.99,5178936,24.27
2023-10-16,22.32,22.47,21.94,22.37,4784090,24.69
2023-10-17,22.17,23.08,22.17,22.93,5028075,25.31
2023-10-18,22.67,22.81,22.25,22.32,5352724,24.64
2023-10-19,22.42,23.18,22.2,22.57,9930103,24.92
2023-10-20,22.56,22.63,21.03,21.1,11661012,23.29
2023-10-23,21.04,21.4,20.82,20.85,6052559,23.02
2023-10-24,21,21.31,20.69,20.82,6391840,22.98
2023-10-25,20.65,20.93,20.37,20.86,5967671,23.03
2023-10-26,20.93,21.58,20.91,21.37,5424245,23.59
2023-10-27,21.41,21.41,20.61,20.74,4228701,22.89
2023-10-30,20.97,21.23,20.77,21.18,3575993,23.38
2023-10-31,21.19,21.59,20.98,21.48,4335328,23.71
2023-11-01,21.42,21.58,21.17,21.42,4281497,23.65
2023-11-02,21.8,22.72,21.76,22.69,5017951,25.05
2023-11-03,23.37,24.16,23.24,23.97,9013853,26.46
2023-11-06,23.96,24.11,23.4,23.66,5087150,26.12
2023-11-07,23.54,23.8,23.39,23.7,4517170,26.16
2023-11-08,23.77,23.77,22.99,23.09,6622519,25.49
2023-11-09,23.21,23.35,22.44,22.48,4971838,24.82
2023-11-10,22.55,22.75,22.32,22.7,3918004,25.06
2023-11-13,22.52,22.8,22.38,22.75,3413856,25.11
2023-11-14,23.53,24.51,23.5,24.17,5776631,26.68
2023-11-15,24.12,24.84,24.12,24.74,5321096,27.31
2023-11-16,24.74,24.85,24.36,24.58,3411161,27.13
2023-11-17,24.87,25.04,24.56,24.97,4667749,27.56
2023-11-20,24.91,25.13,24.68,25.07,3803912,27.67
2023-11-21,24.8,25.04,24.69,24.78,3425360,27.36
2023-11-22,24.9,24.96,24.49,24.63,2256566,27.19
2023-11-24,24.7,24.83,24.5,24.69,1000828,27.25
2023-11-27,24.54,24.63,24.39,24.63,2735665,27.19
2023-11-28,24.59,24.88,24.36,24.85,3930191,27.43
2023-11-29,25.07,25.87,25.05,25.74,5331281,28.41
2023-11-30,25.84,26.42,25.63,26.23,7948965,28.95
2023-12-01,26.23,27.77,26.06,27.7,8986908,30.58
2023-12-04,27.45,27.92,27.27,27.77,6002874,30.66
2023-12-05,27.66,27.71,27.19,27.28,5290447,30.11
2023-12-06,27.62,28.22,27.35,27.41,5015907,30.26
2023-12-07,27.54,27.97,27.36,27.91,4949078,30.81
2023-12-08,28.07,28.54,27.83,28.31,5397383,31.25
2023-12-11,28.17,28.33,27.93,27.98,5505950,30.89
2023-12-12,27.97,28.09,27.63,27.66,5637089,30.53
2023-12-13,27.67,29.37,27.6,29.31,6495486,32.35
2023-12-14,30.11,31.84,30.07,31.83,13105568,35.14
2023-12-15,31.77,32.02,31.2,31.73,17104207,35.03
2023-12-18,31.94,32.03,31.45,31.75,7848732,35.05
2023-12-19,31.92,32.24,31.66,31.81,7580569,35.12
2023-12-20,32,32,30.79,30.81,7053123,34.01
2023-12-21,31.05,31.44,30.89,31.16,4789915,34.4
2023-12-22,31.36,31.72,31.1,31.23,3450724,34.47
2023-12-26,31.32,31.75,31.1,31.67,2683029,34.96
2023-12-27,31.57,31.86,31.36,31.77,3141960,35.07
2023-12-28,31.72,31.9,31.66,31.84,3929033,34.8
2023-12-29,31.8,32,31.49,31.56,4063164,34.49
2024-01-02,31.38,32.12,31.22,31.82,4284396,34.78
2024-01-03,31.39,31.54,30.93,31.09,5225219,33.98
2024-01-04,31.1,31.71,31.02,31.49,6156887,34.42
2024-01-05,31.38,32.56,31.29,32.39,6755141,35.4
2024-01-08,32.22,32.66,31.93,32.61,4702413,35.64
2024-01-09,32.06,32.45,31.98,32.31,4248316,35.31
2024-01-10,32.26,32.39,31.95,32.35,3747945,35.36
2024-01-11,32.45,32.56,31.39,31.89,6155942,34.85
2024-01-12,31.8,32.12,31.19,31.44,5553958,34.36
2024-01-16,30.95,31.06,30.6,30.75,7426329,33.61
2024-01-17,30.42,31.21,30.23,30.92,7262603,33.79
2024-01-18,31.04,31.04,30.05,30.41,9704281,33.24
2024-01-19,31.32,31.39,30.43,31.3,8770069,34.21
2024-01-22,31.29,31.86,31.27,31.62,7660209,34.56
2024-01-23,31.79,31.88,31.19,31.2,5993696,34.1
2024-01-24,31.68,31.98,31.31,31.75,5182679,34.7
2024-01-25,32.08,32.18,31.39,31.93,4770863,34.9
2024-01-26,32.04,32.24,31.85,31.9,4424158,34.86
2024-01-29,31.77,32.54,31.74,32.51,4684549,35.53
2024-01-30,32.68,32.69,32.35,32.36,4960149,35.37
2024-01-31,31.45,32.19,31.25,31.33,7499259,34.24
2024-02-01,31.38,31.51,29.99,30.91,6436610,33.78
2024-02-02,30.52,31.17,30.24,30.97,6420401,33.85
2024-02-05,30.53,30.7,30.2,30.48,4925183,33.31
2024-02-06,30.53,30.77,30.37,30.63,5680444,33.47
2024-02-07,30.76,30.76,29.77,30.52,5601305,33.36
2024-02-08,30.4,30.73,30.11,30.55,3268048,33.39
2024-02-09,30.59,30.88,30.21,30.79,4090957,33.65
2024-02-12,30.84,31.64,30.82,31.21,4582257,34.11
2024-02-13,30.48,30.62,29.55,30.03,7362554,32.82
2024-02-14,30.41,30.73,30.23,30.66,7382086,33.51
2024-02-15,30.75,31.36,30.68,31.02,4477163,33.9
2024-02-16,30.65,31.24,30.52,31.05,3847063,33.93
2024-02-20,30.78,31.11,30.6,30.93,3340941,33.8
2024-02-21,30.83,30.89,30.36,30.64,4300637,33.49
2024-02-22,30.69,31.07,30.37,30.56,6993531,33.4
2024-02-23,30.63,30.93,30.4,30.67,3223499,33.52
2024-02-26,30.57,30.91,30.23,30.44,3203315,33.27
2024-02-27,30.49,31.09,30.49,31.08,3680929,33.97
2024-02-28,30.88,31.25,30.71,30.73,3445028,33.58
2024-02-29,31.04,31.57,31.04,31.42,5614485,34.34
2024-03-01,31.18,31.48,30.63,31.45,4668845,34.37
2024-03-04,31.84,32.8,31.67,32.46,7090342,35.48
2024-03-05,32.43,33.54,32.38,33.26,4939302,36.35
2024-03-06,33.21,33.25,32.45,32.98,5674113,36.04
2024-03-07,33.17,33.53,33.1,33.29,3872234,36.38
2024-03-08,33.63,33.8,33.27,33.28,4369093,36.37
2024-03-11,33.35,33.84,33.13,33.6,5796479,36.72
2024-03-12,33.55,33.88,33.42,33.57,6602494,36.69
2024-03-13,33.58,33.79,33.07,33.15,5742425,36.23
2024-03-14,32.84,33.14,32.15,32.41,5019142,35.42
2024-03-15,32.12,32.77,32.1,32.24,24536169,35.24
2024-03-18,32.12,32.73,31.95,32.73,3911850,35.77
2024-03-19,32.36,32.77,32.26,32.42,4609247,35.43
2024-03-20,32.35,33.68,32.22,33.5,5453847,36.61
2024-03-21,33.63,34.18,33.59,33.86,5540971,37.01
2024-03-22,34.02,34.18,33.21,33.28,4399180,36.37
2024-03-25,33.29,33.71,33.1,33.17,3602187,36.25
2024-03-26,33.32,33.4,32.97,32.97,5049364,36.03
2024-03-27,33.26,33.97,33.08,33.95,4595393,36.74
2024-03-28,33.95,34.57,33.85,34.38,5183981,37.21
2024-04-01,34.16,34.22,33.71,33.91,3809438,36.7
2024-04-02,33.64,33.65,33.17,33.24,3491893,35.98
2024-04-03,33.25,33.56,32.94,33.12,3226557,35.84
2024-04-04,33.42,33.7,32.53,32.6,4039708,35.28
2024-04-05,32.54,32.84,32.33,32.62,2888365,35.3
2024-04-08,32.85,33.67,32.79,33.42,3784059,36.17
2024-04-09,33.53,33.69,33.24,33.62,2842698,36.39
2024-04-10,32.97,32.97,31.97,32.15,5251052,34.79
2024-04-11,32.24,32.39,31.35,32.21,5190108,34.86
2024-04-12,31.83,32.05,31.63,31.91,3339988,34.53
2024-04-15,32.38,32.76,31.74,31.99,5686883,34.62
2024-04-16,31.67,31.81,31.25,31.5,6124945,34.09
2024-04-17,31.9,32.04,31.35,31.51,5484634,34.1
2024-04-18,31.57,32.03,31.41,31.62,6035748,34.22
2024-04-19,33.65,33.96,32.31,33.49,13812465,36.25
2024-04-22,33.77,34.04,33.37,33.77,5507647,36.55
2024-04-23,33.85,34.33,33.67,34.24,4292996,37.06
2024-04-24,33.8,34.44,33.75,34.4,3634109,37.23
2024-04-25,34.15,34.41,33.63,34.02,2832219,36.82
2024-04-26,33.98,34.36,33.91,34.1,2474530,36.9
2024-04-29,34.03,34.34,33.98,34.19,3509229,37
2024-04-30,33.94,34.1,33.66,33.69,3314778,36.46
2024-05-01,34.03,34.8,33.85,34.28,4044242,37.1
2024-05-02,34.62,34.65,33.91,34.09,5324745,36.89
2024-05-03,34.56,34.9,34.45,34.7,4007014,37.56
2024-05-06,35,35.19,34.78,35.11,3115536,38
2024-05-07,35.33,35.37,35.05,35.14,4592800,38.03
2024-05-08,34.71,35.58,34.71,35.55,3048555,38.48
2024-05-09,35.53,35.77,35.28,35.71,2625122,38.65
2024-05-10,35.83,36.07,35.77,35.83,3048651,38.78
2024-05-13,36.04,36.15,35.25,35.3,3995913,38.2
2024-05-14,35.59,35.79,35.31,35.55,3302325,38.47
2024-05-15,35.9,36.16,35.74,36.02,3578892,38.98
2024-05-16,35.91,36.04,35.58,35.67,2990125,38.6
2024-05-17,35.82,35.82,35.5,35.63,2762580,38.56
2024-05-20,35.57,35.68,34.84,34.89,2153988,37.76
2024-05-21,34.82,35.28,34.82,35.15,2926806,38.04
2024-05-22,34.92,35.12,34.61,34.73,1828846,37.59
2024-05-23,34.8,34.8,33.82,34.02,2549239,36.82
2024-05-24,34.18,34.42,34.12,34.42,1852233,37.25
2024-05-28,34.55,34.71,33.81,33.89,3331556,36.68
2024-05-29,33.24,33.53,32.94,33.5,2960921,36.26
2024-05-30,33.78,34.02,33.38,33.96,4019738,36.75
2024-05-31,34.39,34.68,34.05,34.58,6721091,37.42
2024-06-03,34.92,34.92,33.51,34.05,2991043,36.85
2024-06-04,33.58,34.22,33.4,33.42,2736659,36.17
2024-06-05,33.69,33.73,33.34,33.61,2147413,36.38
2024-06-06,33.6,33.83,33.35,33.37,3172313,36.11
2024-06-07,33,33.53,32.94,33.38,3722801,36.13
2024-06-10,33.03,33.3,32.47,32.91,6920175,35.62
2024-06-11,32.46,32.91,32.14,32.6,6747573,35.28
2024-06-12,33.31,33.96,33.12,33.31,6101949,36.05
2024-06-13,33.02,33.16,32.58,32.9,5479671,35.61
2024-06-14,32.46,32.86,32.31,32.54,5246604,35.22
2024-06-17,32.53,32.98,32.34,32.94,3445188,35.65
2024-06-18,32.91,33.25,32.83,33.24,3356294,35.98
2024-06-20,33.12,33.4,33.03,33.19,3258171,35.92
2024-06-21,33.12,33.37,32.8,33.32,6424398,36.06
2024-06-24,33.45,34.17,33.29,33.85,3493317,36.64
2024-06-25,33.76,33.97,33.17,33.18,3438807,35.91
2024-06-26,32.96,33.29,32.91,33.2,4340872,35.93
2024-06-27,32.88,33.28,32.66,33.12,3677558,35.85
2024-06-28,33.4,34.29,33.37,34.05,8407567,36.49
2024-07-01,34.05,34.37,33.75,33.84,4369476,36.27
2024-07-02,33.76,34.55,33.67,34.51,4228021,36.98
2024-07-03,34.61,34.85,34.23,34.32,2439811,36.78
2024-07-05,34.27,34.36,33.49,33.6,5028373,36.01
2024-07-08,33.76,34.07,33.49,33.81,2840978,36.23
2024-07-09,33.71,34.07,32.82,33.79,8493601,36.21
2024-07-10,33.82,34.42,33.71,34.38,4228132,36.85
2024-07-11,34.93,35.86,34.69,35.7,5755212,38.26
2024-07-12,35.63,36.07,35.33,35.91,3626253,38.48
2024-07-15,36.35,36.89,36.17,36.54,6105684,39.16
2024-07-16,36.67,37.59,36.51,37.53,4004104,40.22
2024-07-17,37.14,38.27,37.14,38.26,5029105,41
2024-07-18,37.75,38.64,37.31,37.54,7153063,40.23
2024-07-19,38.12,38.44,37.33,38.25,7149210,40.99
2024-07-22,38.25,38.26,37.47,38.13,6724541,40.86
2024-07-23,38,38.81,37.9,38.5,4148146,41.26
2024-07-24,38.48,39.05,38.2,38.24,5007807,40.98
2024-07-25,38.47,39.44,38.19,39.03,4514130,41.83
2024-07-26,39.12,39.48,39.06,39.44,2970128,42.27
2024-07-29,39.56,39.68,39.11,39.18,3363430,41.99
2024-07-30,39.43,39.84,39.33,39.43,4586871,42.26
2024-07-31,39.37,40.04,39.27,39.51,4701477,42.34
2024-08-01,39.45,39.53,37.77,38,5610167,40.73
2024-08-02,37.04,37.17,36.08,36.9,7435342,39.55
2024-08-05,36.02,36.79,35.15,36.61,6795441,39.23
2024-08-06,36.53,37.47,36.39,36.74,4597758,39.37
2024-08-07,37.29,37.79,36.29,36.41,3994080,39.02
2024-08-08,36.79,37.23,36.67,37.01,2837260,39.66
2024-08-09,36.91,37.16,36.76,37,2902956,39.65
2024-08-12,37.38,37.8,36.18,36.32,4133307,38.92
2024-08-13,36.52,36.84,36.05,36.78,2725937,39.42
2024-08-14,36.76,37.26,36.74,37.05,2905037,39.71
2024-08-15,37.72,38.02,37.24,37.31,3922133,39.99
2024-08-16,37.31,37.99,37.22,37.96,4039348,40.68
2024-08-19,38,38.41,37.97,38.32,2935777,41.07
2024-08-20,38.26,38.29,37.89,37.92,3219516,40.64
2024-08-21,38.14,38.16,37.66,37.96,2796030,40.68
2024-08-22,37.96,38.51,37.88,38.26,3305895,41
2024-08-23,38.52,39.64,38.5,39.3,4097739,42.12
2024-08-26,39.5,39.61,38.98,39.13,3100817,41.94
2024-08-27,39.04,39.3,38.79,38.92,2651159,41.71
2024-08-28,38.76,39.8,38.76,39.38,2826253,42.2
2024-08-29,39.5,39.64,38.85,39.37,2355033,42.19
2024-08-30,39.51,39.89,39.3,39.83,3351701,42.69
2024-09-03,39.67,39.92,39.32,39.65,2919052,42.49
2024-09-04,39.63,39.8,39.02,39.28,3610663,42.1
2024-09-05,39.6,39.63,38.76,38.91,2815919,41.7
2024-09-06,38.96,39.26,37.89,37.97,3184776,40.69
2024-09-09,38.21,39.01,38.02,38.82,3701153,41.6
2024-09-10,38.84,38.9,37.3,38.23,5445674,40.97
2024-09-11,37.59,38.44,36.91,38.37,5072201,41.12
2024-09-12,38.45,38.68,37.94,38.42,3986222,41.17
2024-09-13,38.82,39.48,38.74,39.26,3884416,42.07
2024-09-16,39.27,39.63,39.11,39.54,3036875,42.38
2024-09-17,39.79,40.13,39.48,39.67,2795301,42.51
2024-09-18,39.45,40.47,39.37,39.77,3965731,42.62
2024-09-19,40.4,40.91,39.94,40.72,3564907,43.64
2024-09-20,40.75,40.75,40.17,40.35,9004760,43.24
2024-09-23,40.5,40.72,39.97,39.97,4121357,42.84
2024-09-24,40.08,40.35,39.66,39.96,2915337,42.82
2024-09-25,39.96,39.96,39.24,39.28,3813556,42.1
2024-09-26,39.75,40.26,39.45,40.04,5199742,42.91
2024-09-27,40.39,40.54,39.92,40.07,4417440,42.94
2024-09-30,40.16,40.44,39.93,40.32,3439835,42.84
2024-10-01,40.24,40.24,39.03,39.4,3160914,41.86
2024-10-02,39.44,40.06,39.25,39.51,3152697,41.98
2024-10-03,39.3,39.58,38.95,39.29,3277387,41.74
2024-10-04,39.96,40.3,39.3,39.62,3368861,42.1
2024-10-07,39.44,40,39.34,39.68,3222349,42.16
2024-10-08,39.68,39.94,39.48,39.52,2917437,41.99
2024-10-09,39.56,40.43,39.38,40.12,3901239,42.63
2024-10-10,39.91,40.41,39.91,40.16,2938529,42.67
2024-10-11,40.47,41.36,40.42,41.26,4266169,43.84
2024-10-14,41.17,41.81,40.92,41.71,2855922,44.32
2024-10-15,42.07,42.89,41.61,42.02,5339869,44.65
2024-10-16,42.33,42.74,42.19,42.34,3661837,44.98
2024-10-17,42.54,42.89,42.26,42.7,6449940,45.37
2024-10-18,43.02,43.02,40.95,42.04,8966615,44.67
2024-10-21,42.08,42.22,40.77,40.82,4352906,43.37
2024-10-22,41.16,41.34,40.61,41.09,4651731,43.66
2024-10-23,40.96,41.54,40.94,41.29,6210451,43.87
2024-10-24,41.29,41.59,41.08,41.47,2847421,44.06
2024-10-25,41.91,41.91,40.63,40.68,6405854,43.22
2024-10-28,41.14,41.59,40.92,41.46,4100983,44.05
2024-10-29,41.44,41.68,41.29,41.42,5488262,44.005
2024-10-30,41.18,42.2,41.18,41.49,2998321,44.08
2024-10-31,41.54,41.94,41.08,41.11,4652899,43.68
2024-11-01,41.09,41.53,40.53,40.6,5777941,43.14
2024-11-04,40.59,40.65,40.1,40.31,4038350,42.83
2024-11-05,40.4,40.89,40.34,40.62,3603956,43.16
2024-11-06,42.78,44.14,42.42,44.11,11671165,46.87
2024-11-07,43.69,43.94,43.02,43.23,4608499,45.93
2024-11-08,43.27,43.97,43.2,43.54,3674738,46.26
2024-11-11,44.24,44.78,44.02,44.42,2731908,47.2
2024-11-12,44.27,44.63,44.13,44.4,2846113,47.17
2024-11-13,44.71,45.27,44.36,44.42,2469167,47.2
2024-11-14,44.53,44.83,44.16,44.48,2990512,47.26
2024-11-15,44.72,44.95,43.98,44.23,3522731,46.99
2024-11-18,44.31,44.5,43.93,44.07,4703476,46.82
2024-11-19,43.37,44.07,43.37,43.71,2891737,46.44
2024-11-20,43.73,43.96,43.44,43.59,3334463,46.31
2024-11-21,43.52,44.76,43.52,44.35,3512573,47.12
2024-11-22,44.26,45.24,44.26,45.08,3842737,47.9
2024-11-25,45.56,46.18,45.52,45.59,6146259,48.44
2024-11-26,45.55,45.79,45.26,45.41,5110050,48.25
2024-11-27,45.8,46.01,45.23,45.33,2931870,48.16
2024-11-29,45.6,45.65,44.83,45.23,2029811,48.06
2024-12-02,45.17,45.36,44.73,44.77,3078346,47.57
2024-12-03,44.82,44.95,44.13,44.28,2905612,47.05
2024-12-04,44.36,44.5,43.84,44.1,2848838,46.86
2024-12-05,44.45,45.05,44.21,44.54,3846412,47.32
2024-12-06,44.69,44.89,44.11,44.43,3197219,47.21
2024-12-09,44.42,44.5,43.68,43.79,3899151,46.53
2024-12-10,44,44.24,43.43,43.66,4249244,46.39
2024-12-11,43.86,44.07,42.75,43.13,7098498,45.82
2024-12-12,43.17,43.43,42.84,42.85,4016774,45.53
2024-12-13,42.82,42.92,42.37,42.87,4202665,45.55
2024-12-16,43.06,43.2,42.66,42.93,3903943,45.61
2024-12-17,42.75,42.9,42.08,42.4,5263932,45.05
2024-12-18,42.5,42.58,40,40.09,5067691,42.59
2024-12-19,40.61,40.99,39.63,39.78,5552107,42.26
2024-12-20,39.6,40.59,39.46,40.41,11112545,42.93
2024-12-23,40.12,40.5,39.97,40.37,4856828,42.89
2024-12-24,40.4,40.52,40.13,40.51,1881973,43.04
2024-12-26,40.36,40.8,40.19,40.71,3621712,43.25
2024-12-27,40.42,40.96,40.15,40.38,2640822,42.9
2024-12-30,40.18,40.42,39.71,40.21,4103951,42.72
2024-12-31,40.47,40.62,40.03,40.14,3028372,42.28
2025-01-02,40.42,40.57,39.84,40.04,2856389,42.17
2025-01-03,40.24,40.34,39.61,40.25,4879141,42.39
2025-01-06,40.38,41.32,40.27,40.77,5321152,42.94
2025-01-07,41,41.26,40.34,40.69,3781925,42.86
2025-01-08,40.28,40.49,39.91,40.27,5507878,42.42
2025-01-10,39.72,39.77,38.93,39.04,6444178,41.12
2025-01-13,38.97,39.67,38.85,39.62,5826389,41.73
2025-01-14,40.02,40.79,39.89,40.72,6403767,42.89
2025-01-15,41.84,42.29,41.58,41.77,4470597,44
2025-01-16,41.4,41.63,40.76,41.08,5128240,43.27
2025-01-17,41.37,42.15,41.01,42.1,9305380,44.34
2025-01-21,42.68,43.02,41.71,42.59,7592709,44.86
2025-01-22,42.05,42.13,40.89,41.71,5967819,43.93
2025-01-23,42.11,42.2,41.48,41.63,5846880,43.85
2025-01-24,41.21,42.21,41.21,41.95,4136244,44.18
2025-01-27,42.28,42.71,42.01,42.69,4463456,44.96
2025-01-28,42.64,42.81,42.27,42.52,4434089,44.78
2025-01-29,42.53,43.12,41.75,41.94,4133971,44.17
2025-01-30,42.26,42.52,41.81,42.24,2751146,44.49
2025-01-31,42.27,42.43,41.94,42.07,3428167,44.31
2025-02-03,41.28,41.63,40.75,41.37,4124579,43.57
2025-02-04,41.21,41.92,41.21,41.65,2798246,43.87
2025-02-05,41.93,41.99,41.39,41.76,3440681,43.98
2025-02-06,42.07,42.09,41.67,42.06,3558134,44.3
2025-02-07,42.07,42.08,41.49,41.81,3131881,44.04
2025-02-10,42.05,42.05,41.09,41.14,4055396,43.33
2025-02-11,41.14,41.8,40.86,41.77,3676147,44
2025-02-12,41.35,41.42,40.92,41.23,4406429,43.43
2025-02-13,41.21,41.53,41.02,41.38,3913448,43.58
2025-02-14,41.66,42.26,41.54,41.83,4676824,44.06
2025-02-18,41.88,42.27,41.59,42.21,4692352,44.46
2025-02-19,41.92,42.2,41.69,42.11,2939454,44.35
2025-02-20,42.1,42.14,41.05,41.4,3464794,43.61
2025-02-21,41.65,41.7,40.6,40.71,4726733,42.88
2025-02-24,40.95,41.23,40.51,40.82,3860365,42.99
2025-02-25,41.02,41.36,40.56,40.83,4728004,43.01
2025-02-26,40.87,41.32,40.52,40.66,3870221,42.83
2025-02-27,40.77,41.37,40.67,40.81,2684119,42.98
2025-02-28,41.06,41.31,40.64,41.27,5233700,43.47
2025-03-03,41.49,42.07,40.48,40.87,4698525,43.05
2025-03-04,40.5,40.67,38.77,39.52,7122839,41.63
2025-03-05,39.4,39.55,37.71,38.4,8400446,40.45
2025-03-06,38.09,38.17,37.4,37.84,4907270,39.86
2025-03-07,37.73,38.22,36.93,38.03,5773180,40.06
2025-03-10,37.43,37.98,36.89,37.29,6958531,39.28
2025-03-11,37.45,37.55,36.25,36.3,5530916,38.23
2025-03-12,36.75,36.97,36.01,36.58,4786020,38.53
2025-03-13,36.67,36.85,35.55,35.58,5279178,37.48
2025-03-14,36.03,36.63,35.82,36.6,4398044,38.55
2025-03-17,36.35,37.13,36.23,37.02,5853486,38.99
2025-03-18,37.02,37.19,36.64,36.92,3383106,38.89
2025-03-19,36.95,37.82,36.84,37.46,3612645,39.46
2025-03-20,37.21,37.92,37.1,37.44,3574589,39.43
2025-03-21,37.17,37.57,36.88,37.48,21005319,39.48
2025-03-24,37.97,38.34,37.66,38.21,3125311,40.25
2025-03-25,38.29,38.44,38.02,38.14,2521556,40.17
2025-03-26,38.27,38.77,37.99,38.14,2937572,40.17
2025-03-27,38.13,38.44,37.63,37.76,3003880,39.77
2025-03-28,37.73,38.02,36.65,36.85,2737586,38.81
2025-03-31,36.58,37.7,36.41,37.58,4496002,39.2
2025-04-01,37.26,37.67,36.76,37.32,3171643,38.93
2025-04-02,36.92,38.08,36.9,37.98,3244044,39.62
2025-04-03,36.1,36.24,33.89,34,7037982,35.47
2025-04-04,32.67,33.18,31.39,32.35,9710224,33.75
2025-04-07,31.64,34.03,30.91,32.66,8600394,34.07
2025-04-08,33.45,34.12,31.53,32.04,6589212,33.42
2025-04-09,31.65,35.04,30.93,34.34,8824665,35.82
2025-04-10,33.93,33.93,31.44,32.43,9317873,33.83
2025-04-11,32.2,32.76,31.52,32.44,5836673,33.84
2025-04-14,32.82,33.52,32.75,33.17,6802824,34.6
2025-04-15,33.17,34.1,33.17,33.62,5289702,35.07
2025-04-16,33.48,33.81,32.63,32.97,5988948,34.4
2025-04-17,31.95,33.3,31.89,32.74,11341219,34.15
2025-04-21,32.44,32.64,31.43,31.94,7173203,33.32
2025-04-22,32.23,33.27,32.13,33.21,5472211,34.65
2025-04-23,34.13,34.77,33.34,33.64,7490035,35.09
2025-04-24,33.5,34.36,33.36,34.3,3563899,35.785
2025-04-25,34.04,34.25,33.66,33.82,3221578,35.28
2025-04-28,33.94,34.32,33.92,34.26,2642164,35.745
2025-04-29,34.16,34.79,34.03,34.66,3618550,36.16
2025-04-30,34.26,34.58,33.72,34.45,3669257,35.94
2025-05-01,34.36,34.92,34.08,34.59,2876031,36.09
2025-05-02,35.09,35.68,34.97,35.56,2677136,37.1
2025-05-05,35.36,36.11,35.19,35.74,3295677,37.28
2025-05-06,35.5,35.58,35.08,35.11,2672573,36.63
2025-05-07,35.24,35.52,35.04,35.19,2532374,36.71
2025-05-08,35.52,35.96,35.39,35.72,3829514,37.26
2025-05-09,35.85,36.01,35.7,35.8,4425067,37.35
2025-05-12,37.26,37.84,37.22,37.61,4780929,39.24
2025-05-13,37.73,38.01,37.51,37.8,3456634,39.43
2025-05-14,37.71,37.98,37.63,37.74,4169379,39.37
2025-05-15,37.74,37.95,37.65,37.85,3706034,39.49
2025-05-16,37.86,38.14,37.59,38,3128508,39.64
2025-05-19,37.62,37.94,37.51,37.87,3203247,39.51
2025-05-20,37.75,37.89,37.38,37.45,2544305,39.07
2025-05-21,37.32,37.38,36,36.03,3976892,37.59
2025-05-22,35.97,36.23,35.75,35.96,4229902,37.51
2025-05-23,35.31,35.83,35.12,35.66,2975061,37.2
2025-05-27,36.19,36.56,35.82,36.56,3783628,38.14
2025-05-28,36.51,36.7,36.22,36.25,3875561,37.82
2025-05-29,36.51,36.74,36.21,36.73,3127218,38.32
2025-05-30,36.56,36.74,36.22,36.61,5721313,38.19
2025-06-02,36.43,36.58,35.74,36.5,4198817,38.08
2025-06-03,36.43,37.36,36.24,37.28,4051953,38.89
2025-06-04,37.2,37.49,36.85,36.86,2191978,38.45
2025-06-05,36.9,37.02,36.41,36.71,5911152,38.3
2025-06-06,37.19,37.84,37.18,37.78,3176082,39.41
2025-06-09,38.28,38.34,37.88,37.94,4117339,39.58
2025-06-10,38.08,38.4,37.76,38.13,5225938,39.78
2025-06-11,38.3,38.31,37.39,37.52,4027216,39.14
2025-06-12,37.28,37.38,36.82,37.36,3129028,38.98
2025-06-13,36.94,37.04,36.29,36.41,3076952,37.98
2025-06-16,36.76,36.92,36.44,36.73,3291827,38.32
2025-06-17,36.63,36.88,36.31,36.53,4078480,38.11
2025-06-18,36.53,37.48,36.52,37.17,5301259,38.78
2025-06-20,37.61,37.77,37.3,37.71,10183616,39.34
2025-06-23,37.55,38.57,37.47,38.49,8297182,40.15
2025-06-24,38.66,39.49,38.66,38.91,7211988,40.59
2025-06-25,38.93,39.12,38.63,38.99,5827176,40.68
2025-06-26,39.14,39.78,39.08,39.73,5769239,41.45
2025-06-27,39.82,39.89,39.34,39.79,10836461,41.51
2025-06-30,39.98,40.21,39.72,39.78,5524115,41.13
2025-07-01,39.46,41.17,39.3,41.05,5033902,42.44
2025-07-02,41.32,41.8,41.02,41.71,4859149,43.13
2025-07-03,42,42.39,41.72,41.98,4405182,43.4
2025-07-07,41.85,42.22,41.41,41.66,3942880,43.07
2025-07-08,41.79,42.13,41.62,42.02,3918539,43.45
2025-07-09,42.28,42.35,41.82,42,6102477,43.43
2025-07-10,42.05,42.89,41.94,42.6,7098230,44.05
2025-07-11,42.26,42.63,42.01,42.32,4001804,43.76
2025-07-14,42.14,42.35,41.99,42.31,5134962,43.75
2025-07-15,42.25,42.48,41.34,41.37,10024070,42.77
2025-07-16,41.68,41.78,40.83,41.64,9209781,43.05
2025-07-17,41.5,41.71,40.59,41.21,13448844,42.61
2025-07-18,41.45,41.67,40.91,41.62,7555768,43.03
2025-07-21,41.61,42.25,41.49,41.55,5847240,42.96
2025-07-22,41.58,41.89,40.15,41.24,12352306,42.64
2025-07-23,41.47,41.62,40.94,41.34,6895234,42.74
2025-07-24,41.28,41.55,41.08,41.29,4982351,42.69
2025-07-25,41.28,41.44,40.77,41.43,4485740,42.84
2025-07-28,41.43,41.61,40.87,41.13,3119755,42.53
2025-07-29,41.44,41.47,41.08,41.24,2853536,42.64
2025-07-30,41.36,41.47,40.61,40.83,3548561,42.22
2025-07-31,40.63,40.92,40.08,40.21,4665669,41.57
2025-08-01,39.64,39.87,38.9,39.57,5396277,40.91
2025-08-04,39.72,40.18,39.65,40.07,3630056,41.43
2025-08-05,40.15,40.3,39.53,39.98,3558529,41.34
2025-08-06,40.06,40.27,39.82,39.9,3844881,41.25
2025-08-07,40.14,40.24,39.61,39.82,3927200,41.17
2025-08-08,40.15,40.37,39.71,40.27,2952911,41.64
2025-08-11,40.27,40.47,39.8,39.92,3736024,41.27
2025-08-12,40.24,40.88,40.05,40.85,3530100,42.24
2025-08-13,41.02,41.6,40.73,41.57,3142269,42.98
2025-08-14,41.33,41.83,41.1,41.76,2903935,43.18
2025-08-15,41.87,41.93,41.06,41.09,3566850,42.48
2025-08-18,40.97,41.42,40.87,41.37,2860038,42.77
2025-08-19,41.34,41.71,41.11,41.4,3225496,42.8
2025-08-20,41.33,41.76,41.25,41.69,2787571,43.1
2025-08-21,41.52,41.58,41.29,41.47,2589186,42.88
2025-08-22,41.7,43.34,41.7,43.32,4092517,44.79
2025-08-25,43.19,43.31,42.8,42.9,4569276,44.36
2025-08-26,42.76,43.54,42.67,43.52,4124133,45
2025-08-27,43.47,44.19,43.44,44.02,3777557,45.51
2025-08-28,44.23,44.34,43.87,44.1,3584386,45.6
2025-08-29,44.1,44.42,44.05,44.27,2850699,45.77
2025-09-02,43.69,44.11,43.51,44.07,4966185,45.57
2025-09-03,44.07,44.45,43.73,44.08,3663877,45.58
2025-09-04,44.37,44.77,44.1,44.74,3104579,46.26
2025-09-05,44.87,45.07,44.04,44.12,4218820,45.62
2025-09-08,44.2,44.2,43.29,44,5323661,45.49
2025-09-09,43.92,44.37,43.75,43.93,4716878,45.42
2025-09-10,43.72,44.97,43.72,44.02,7515957,45.51
2025-09-11,44.02,44.15,43.56,43.78,4396885,45.27
2025-09-12,43.77,44.2,43.66,44.07,3469654,45.56
2025-09-15,44.17,44.29,43.79,43.87,4120621,45.36
2025-09-16,43.97,43.97,43.04,43.52,4613726,45
2025-09-17,43.61,44.77,43.61,44.4,4945955,45.91
2025-09-18,44.6,44.95,44.21,44.76,3655695,46.28
2025-09-19,44.94,44.96,44.38,44.57,8455671,46.08
2025-09-22,44.18,44.36,43.3,43.48,5458259,44.95
2025-09-23,43.54,44.18,43.43,43.66,3859367,45.14
2025-09-24,43.6,44.03,43.34,43.69,3479827,45.17
2025-09-25,43.68,43.91,43.42,43.79,3981935,45.28
2025-09-26,44.07,44.47,43.83,43.94,2601683,45.43
2025-09-29,44.07,44.07,43.51,43.91,3340880,45.4
2025-09-30,43.84,44.08,42.7,43.47,4648854,44.55
2025-10-01,43.3,43.66,43.12,43.28,3763679,44.35
2025-10-02,43.22,43.4,42.81,43.15,3632949,44.22
2025-10-03,43.27,43.68,42.91,43.33,2571104,44.41
2025-10-06,42.99,44.23,42.04,42.73,40978918,43.79
2025-10-07,43.1,43.59,42.29,42.62,17615514,43.68
2025-10-08,42.62,43.38,42.3,42.49,14086269,43.54
2025-10-09,42.51,43.14,42.41,42.73,12906211,43.79
2025-10-10,43.03,43.03,40.43,40.47,7699458,41.47
2025-10-13,41.1,41.4,40.79,41.18,6091899,42.2
2025-10-14,41.21,42.65,40.99,42.36,9226665,43.41
2025-10-15,42.53,42.6,41.5,41.88,10478909,42.92
2025-10-16,41.71,41.96,39.08,39.38,16345812,40.36
2025-10-17,40.9,41.21,39.67,39.9,14489975,40.89
2025-10-20,40.24,40.89,40.03,40.79,10719678,41.8
2025-10-21,40.69,41.55,40.59,41.15,8797959,42.17
2025-10-22,40.97,41.41,40.57,40.68,7013615,41.69
2025-10-23,40.85,41.37,40.57,41.05,7280897,42.07
2025-10-24,41.27,41.98,41.27,41.6,6361479,42.63
2025-10-27,41.82,41.95,41.14,41.42,6830574,42.45
2025-10-28,41.42,41.47,41,41.25,5143335,42.275
2025-10-29,40.98,41.46,40.42,40.76,6093678,41.77
2025-10-30,40.66,41.71,40.58,40.93,4683988,41.95
2025-10-31,40.68,40.9,40.19,40.61,5369426,41.62
2025-11-03,40.43,40.6,39.98,40.52,7096038,41.53
2025-11-04,40.31,41.19,39.95,41.13,18994841,42.15
2025-11-05,41.08,41.61,40.79,41.48,5368860,42.51
2025-11-06,41.45,41.75,41.11,41.51,4886872,42.54
2025-11-07,41.37,41.89,41.07,41.83,9136060,42.87
2025-11-10,41.83,42.34,41.72,42.09,6973728,43.13
2025-11-11,42.03,42.44,41.82,41.95,6596227,42.99
2025-11-12,42.06,42.65,41.91,42.16,7777433,43.21
2025-11-13,42.02,42.33,41.3,41.41,7522657,42.44
2025-11-14,41.22,41.59,40.79,41.54,4078781,42.57
2025-11-17,41.54,41.57,39.93,40.12,9484516,41.12
2025-11-18,40.07,40.64,39.69,40.34,7155085,41.34
2025-11-19,40.44,40.63,39.99,40.48,4911581,41.48
2025-11-20,40.92,41.45,40.16,40.28,7937096,41.28
2025-11-21,40.55,41.67,40.32,41.39,6571730,42.42
2025-11-24,41.3,41.43,40.86,41.3,5912559,42.33
2025-11-25,41.5,42.34,41.49,42.23,4519226,43.28
2025-11-26,42.13,42.63,42.07,42.28,4115906,43.33
2025-11-28,42.27,42.58,42.11,42.41,1910640,43.46
2025-12-01,42.33,43.08,42.2,42.71,5120247,43.77
2025-12-02,42.77,43,42.51,42.67,4569330,43.73
2025-12-03,42.77,43.89,42.67,43.84,4980481,44.93
2025-12-04,43.76,44.4,43.58,44.36,5588375,45.46
2025-12-05,44.25,44.95,44.08,44.32,8417281,45.42
2025-12-08,44.51,44.63,43.92,44.12,9311261,45.22
2025-12-09,44.16,44.87,44.02,44.09,8683488,45.18
2025-12-10,44.19,46.47,44.15,46.4,10713885,47.55
2025-12-11,46.29,47.53,46.22,47.22,9894758,48.39
2025-12-12,47.25,47.41,46.68,46.98,6213648,48.15
2025-12-15,47.45,47.5,46.51,46.67,10521059,47.83
2025-12-16,46.83,46.94,46.25,46.44,8703464,47.59
2025-12-17,46.64,46.83,46.32,46.59,6646974,47.75
2025-12-18,46.68,47.17,46.29,46.51,5256866,47.66
2025-12-19,46.53,46.92,46.39,46.67,7971289,47.83
2025-12-22,46.67,47.26,46.62,47.05,5443902,48.22
2025-12-23,47.08,47.26,46.89,46.94,6372602,48.1
2025-12-24,47.07,47.27,46.83,47.05,3707672,48.22
2025-12-26,47.21,47.36,46.98,47.24,4032343,48.41
2025-12-29,47.24,47.28,46.63,46.66,4959665,47.82
2025-12-30,46.66,46.71,46.26,46.38,4877113,47.53
2025-12-31,46.34,46.58,46.02,46.06,4717860,46.81
2026-01-02,46.1,47.17,45.83,46.95,5558094,47.71
2026-01-05,46.85,48.32,46.76,47.85,6427098,48.62
2026-01-06,48.43,49.09,48.11,48.99,8609009,49.78
2026-01-07,48.87,48.94,47.84,48.39,7354759,49.17
2026-01-08,48.33,49.66,48.22,49.03,8759276,49.82
2026-01-09,49.21,49.33,48.41,48.48,6979527,49.27
2026-01-12,47.96,47.98,47.23,47.75,7348429,48.52
2026-01-13,47.88,48.08,47.12,47.36,7873725,48.13
2026-01-14,47.24,48.05,47.01,47.8,7795587,48.57
2026-01-15,47.86,48.48,47.86,48.24,8961857,49.02
2026-01-16,48.37,48.69,47.99,48.38,9789618,49.16
2026-01-20,48.07,49.87,47.47,49.32,20591449,50.12
2026-01-21,49.65,52.11,49.56,52.02,15663291,52.86
2026-01-22,52.16,52.48,49.81,50.08,12388001,50.89
2026-01-23,49.82,50.47,49.53,49.93,10932488,50.74
2026-01-26,49.91,50.28,49.31,49.69,9551523,50.49
2026-01-27,49.75,50.34,49.57,50.03,7466103,50.84
2026-01-28,50.03,50.03,48.3,48.9,13180232,49.69
2026-01-29,49.28,49.51,48.51,49,12722736,49.79
2026-01-30,48.87,49.69,48.32,49.42,104196179,50.22
2026-02-02,48.63,51.19,48.63,51.12,22331907,51.95
2026-02-03,51.02,52.09,51.02,51.91,18254002,52.75
2026-02-04,52.46,54.48,52.35,53.23,22395886,54.09
2026-02-05,52.99,53.26,52.02,52.93,15837217,53.79
2026-02-06,53.53,54.47,53.46,54.2,16323670,55.08
2026-02-09,54.14,54.15,53.31,53.46,7886266,54.33
2026-02-10,53.3,54.04,52.71,53.63,10514811,54.5
2026-02-11,54.07,54.56,53.04,53.46,11173445,54.33
2026-02-12,53.81,54.55,51.88,52.31,11690472,53.16
2026-02-13,51.92,52.5,51.25,52.02,9164197,52.86
2026-02-17,52.52,52.8,51.85,52.21,8262802,53.06
2026-02-18,52.27,53.27,51.99,52.81,11271420,53.67
2026-02-19,52.34,52.7,51.63,52.06,9266671,52.9
2026-02-20,52.06,52.78,51.44,52.77,8395760,53.62
2026-02-23,52.75,53.03,49.42,49.9,8197782,50.71
2026-02-24,49.7,50.08,48.81,49.4,8495021,50.2
2026-02-25,49.99,50.83,49.72,50.74,10990119,51.56
2026-02-26,50.72,51.8,50.67,51.14,8885386,51.97
2026-02-27,50.11,50.43,47.91,48.68,16710504,49.47
2026-03-02,48.24,49.57,47.69,49.05,9607320,49.84
2026-03-03,47.96,49.17,47.44,48.78,8796327,49.57
2026-03-04,48.88,49.01,48.35,48.75,6578111,49.54
2026-03-05,48.22,48.53,47.49,47.91,9885450,48.69
2026-03-06,46.88,47.04,45.67,46.55,8555272,47.3
2026-03-09,45.38,46.46,44.54,46.23,13095267,46.98
2026-03-10,46.13,46.9,45.35,45.85,11205875,46.59
2026-03-11,45.42,45.61,44.24,44.34,14879755,45.06
2026-03-12,43.26,43.83,42.72,42.9,12594681,43.59
2026-03-13,43.65,43.81,42.65,42.71,9724627,43.4
2026-03-16,43.55,43.89,43.32,43.4,10646938,44.1
2026-03-17,43.98,44.23,43.43,43.52,8076386,44.22
2026-03-18,43.47,43.8,42.82,43.2,7671754,43.9
2026-03-19,42.53,43.39,42.26,42.96,10296051,43.66
2026-03-20,42.96,43.51,42.69,43.49,23876929,44.19
2026-03-23,44.98,45.19,44.18,44.65,13723184,45.37
2026-03-24,43.97,45.84,43.97,45.26,11548462,45.99
2026-03-25,45.39,45.97,44.6,45.08,7145431,45.81
2026-03-26,44.39,45.1,44.39,44.69,7897895,45.41
2026-03-27,44.56,44.68,43.7,43.83,8926596,44.54
2026-03-30,44.25,44.32,43.62,43.97,8358306,44.68
2026-03-31,44.69,46.26,44.4,46.13,13836095,46.46
2026-04-01,46.35,47.08,46.18,46.49,11797607,46.82
2026-04-02,45.44,46.91,45.34,46.78,7299847,47.11
2026-04-06,46.78,47.34,46.67,47.22,7392609,47.56
2026-04-07,47.22,47.56,46.93,47.45,7504177,47.79
2026-04-08,48.86,49.42,48.55,48.99,7864072,49.34
2026-04-09,48.76,50.09,48.74,49.87,5768358,50.22
2026-04-10,50.23,50.23,48.92,48.96,7544514,49.31
2026-04-13,48.58,49.53,48.4,49.49,5153110,49.84
2026-04-14,49.45,49.68,48.85,49.42,6008613,49.77
2026-04-15,49.49,49.9,49.03,49.49,6796331,49.84
2026-04-16,49.32,49.74,49.12,49.17,6984845,49.52
2026-04-17,50.55,50.69,49.5,49.99,11725390,50.34
2026-04-20,49.55,50.74,49.55,50.62,7056887,50.98
2026-04-21,50.79,51.49,50.55,50.74,6838597,51.1
2026-04-22,51.04,51.14,49.95,50.2,6276511,50.56
2026-04-23,50.24,50.59,49.61,50.53,5398764,50.89
2026-04-24,50.61,50.61,48.95,49.31,4550865,49.66
2026-04-27,49.31,50.1,49.16,49.98,5056237,50.33
2026-04-28,50.46,50.64,49.74,49.96,4249234,50.31
2026-04-29,50.03,50.31,49.18,49.44,4321288,49.79
2026-04-30,49.33,50.54,48.95,50.4,5986084,50.76
2026-05-01,50.45,50.55,49.94,50.07,5036085,50.43
2026-05-04,49.72,49.9,48.84,49.05,4013323,49.4
2026-05-05,49.23,50.03,48.96,49.95,4562549,50.3
2026-05-06,50.39,50.89,50.39,50.48,5068932,50.84
2026-05-07,50.42,50.55,49.24,49.32,5097577,49.67
2026-05-08,49.5,49.68,48.93,48.98,4216847,49.33
2026-05-11,49.1,49.25,48.07,48.31,4489154,48.65
2026-05-12,48.35,48.49,47.41,48.29,5134907,48.63
2026-05-13,47.92,48.11,46.8,46.84,5418738,47.17
2026-05-14,47.35,47.75,47.18,47.36,7225792,47.7
2026-05-15,47.39,47.49,46.47,47.02,5930718,47.35
2026-05-18,47.18,47.86,47.07,47.6,6769271,47.94
2026-05-19,47.42,47.6,46.87,47.26,6999048,47.6
2026-05-20,47.66,48.77,47.04,48.52,4864126,48.86
2026-05-21,48.52,48.87,48.03,48.81,4218986,49.16
2026-05-22,48.81,49.33,48.81,49.13,3609332,49.48
2026-05-26,49.3,49.83,49.18,49.47,7077893,49.82
2026-05-27,49.61,50.12,49.38,49.54,7849146,49.89
2026-05-28,49.32,49.74,48.94,49.53,6059600,49.88
2026-05-29,49.44,49.79,49.28,49.58,16265530,49.93
2026-06-01,49.06,49.3,47.97,48.22,6683242,48.56
2026-06-02,47.98,50.05,47.9,49.96,10083974,50.31
2026-06-03,49.8,49.8,49.12,49.14,6720861,49.49
2026-06-04,49.68,51.55,49.59,51.44,10351012,51.8
2026-06-05,51.5,52,51.06,51.64,6349489,52.01
2026-06-08,51.77,52.29,51.43,51.59,5123293,51.96
2026-06-09,51.95,52.75,51.49,52.34,7487444,52.71
2026-06-10,52.54,53.55,52.07,52.28,8449824,52.65
2026-06-11,52.52,53.25,52.24,53.04,6573217,53.42
2026-06-12,53.42,54.5,53.35,54.34,7091111,54.73
2026-06-15,54.61,54.91,52.58,52.63,10266293,53
2026-06-16,52.78,53.5,52.75,53.06,5513407,53.44
2026-06-17,53.44,53.77,51.93,52.21,10423865,52.58
2026-06-18,52.72,52.84,52.19,52.37,11882710,52.74
2026-06-22,52.58,53.76,52.58,53.23,6432280,53.61
2026-06-23,53.01,54.46,52.84,54.28,6819671,54.67
2026-06-24,54.48,54.95,54.19,54.57,7856244,54.96
2026-06-25,54.87,56.19,54.68,56.01,8254443,56.41
2026-06-26,56.1,56.37,55.58,55.91,10038872,56.31
2026-06-29,55.82,56.54,55.68,56.38,6380451,56.78
2026-06-30,56.41,56.7351,55.62,56.37,6356407,56.37
2026-07-01,56.22,58.15,56,57.49,12255636,57.49
2026-07-02,57.73,57.87,56.685,57.16,5464735,57.16
2026-07-06,57.24,58.0699,57.03,57.89,5340215,57.89
2026-07-07,58.43,58.515,57.88,57.92,5908610,57.92
2026-07-08,57.48,57.54,55.6,55.76,8205187,55.76
2026-07-09,56.14,56.82,55.83,56.54,6753893,56.54
2026-07-10,56.9,57.365,56.63,57.07,4444110,57.07
2026-07-13,57.31,57.47,56.76,57.18,4901905,57.18
2026-07-14,57.23,58.09,56.87,57.05,6672957,57.05
2026-07-15,57.26,58.27,57.19,57.94,6228861,57.94
2026-07-16,58.28,59.5,58.085,59.37,8607841,59.37
2026-07-17,58.93,58.93,55,58.01,11587737,58.01
2026-07-20,57.83,58.48,57.08,57.4,5881851,57.4
2026-07-21,57.59,57.66,56.6,57.66,4736713,57.66
2026-07-22,57.73,57.8775,57.4,57.67,4223928,57.67
2026-07-23,57.08,57.4,56.28,57.15,5145219,57.15
2026-07-24,57.29,57.78,56.92,57.41,5192982,57.41
2026-07-27,57.63,58.055,56.68,57,4425754,57
2026-07-28,57.28,57.87,56.87,57.8,6577518,57.8
2026-07-29,57.92,58.01,56.24,56.57,5951128,56.57
2026-07-30,56.53,57.18,56.085,56.59,7360858,56.59
2026-07-31,56.65,56.83,56.175,56.5,8056334,56.5
2026-08-03,56.62,57.31,56.41,56.9,4900548,56.9
2026-08-04,56.87,58.3999,56.58,57.77,6808037,57.77
2026-08-05,58.16,58.49,57.54,57.6,4582982,57.6
2026-08-06,58.25,58.3,56.79,56.96,4634343,56.96
2026-08-07,56.67,57.315,56.38,57.09,3530303,57.09
2026-08-10,56.8,57.23,56.63,57.13,2951061,57.13
2026-08-11,57.04,57.74,56.95,57.6,3508961,57.6
2026-08-12,57.69,58.055,57.385,58.01,5237746,58.01
2026-08-13,58.28,58.49,57.845,57.94,4225571,57.94
2026-08-14,57.9,58.48,57.78,58.06,5903655,58.06
2026-08-17,58.08,58.63,57.47,57.6,7698010,57.6
2026-08-18,57.55,57.965,57,57.29,5262949,57.29
2026-08-19,57.31,57.38,54.805,54.96,6321373,54.96
2026-08-20,54.93,55.17,54.48,54.5,6719541,54.5
2026-08-21,54.81,55.15,54.04,54.82,6264099,54.82
2026-08-24,55.02,55.74,54.7,54.9,4610154,54.9
2026-08-25,55.2,55.22,54.6202,54.89,3305036,54.89
2026-08-26,55.11,55.4,54.72,55.1,3706525,55.1
2026-08-27,54.61,54.98,54.27,54.85,4641882,54.85
2026-08-28,55.15,55.46,54.165,54.54,5612946,54.54
2026-08-31,54.28,54.445,53.735,53.77,5233067,53.77
2026-09-01,53.71,54.175,52.915,53.01,3931019,53.01
2026-09-02,53.41,54.74,53.07,54.4,4409806,54.4
2026-09-03,54.65,55.21,54.5185,54.97,3771550,54.97
2026-09-04,54.65,55.19,54.65,54.87,3122567,54.87
2026-09-08,54.81,54.97,54.42,54.51,4415749,54.51
2026-09-09,54.32,54.63,53.86,54.19,4473576,54.19
2026-09-10,54.12,54.45,53.77,54.43,4388026,54.43
2026-09-11,55.2,55.3,54.02,54.72,3406391,54.72
2026-09-14,54.45,55.05,54.08,54.38,3972811,54.38
2026-09-15,54.72,55.48,54.3922,54.67,9785004,54.67
2026-09-16,54.67,54.67,51.71,52.41,7428068,52.41
2026-09-17,52.99,53.29,52.23,53.27,5366973,53.27
2026-09-18,53.28,53.59,52.715,52.91,9905932,52.91
2026-09-21,53.4,53.49,52.945,53.31,5304562,53.31
2026-09-22,53.79,53.995,52.35,52.76,8061476,52.76
2026-09-23,52.48,52.72,51.66,51.69,7447936,51.69
