date,open,high,low,close,volume,raw_close
2016-01-04,61.84,61.84,60.34,61.27,1376919,84.03
2016-01-05,61.63,61.66,60.57,61.49,1157002,84.33
2016-01-06,60.61,60.8,59.8,60.27,923321,82.66
2016-01-07,59.15,60.01,58.8,58.97,865609,80.88
2016-01-08,59.17,59.5,57.2,57.28,1353947,78.56
2016-01-11,58.22,58.22,56.97,57.65,1400048,79.07
2016-01-12,58,58.33,57.35,58.07,944157,79.64
2016-01-13,58.27,58.38,56.38,56.44,1086562,77.4
2016-01-14,56.6,57.67,56.14,57.24,1099822,78.5
2016-01-15,56.06,57.34,55.78,57.22,1608109,78.47
2016-01-19,57.6,57.84,56.43,57.1,1062990,78.31
2016-01-20,56.39,58.3,55.88,57.63,1386585,79.04
2016-01-21,57.71,58.83,57.23,57.76,852781,79.22
2016-01-22,58.53,58.66,57.49,58.13,686225,79.73
2016-01-25,57.92,58.32,57.62,57.82,986778,79.3
2016-01-26,58.01,60,58.01,59.83,943480,82.05
2016-01-27,59.8,60.9,59.37,59.8,807710,82.02
2016-01-28,60.36,60.82,59.5,60.77,782419,83.35
2016-01-29,61.01,62.9,60.74,62.83,1599086,86.17
2016-02-01,60.8,61.51,59.81,61.18,1388375,83.91
2016-02-02,60.52,60.65,60,60.28,581546,82.67
2016-02-03,60.78,61.32,60.02,61.13,872728,83.84
2016-02-04,60.85,62.78,60.85,62.73,1111181,86.03
2016-02-05,62.72,62.72,61.52,61.84,1086127,84.81
2016-02-08,61.24,62.36,60.66,62.17,1211458,85.27
2016-02-09,61.63,63.42,61.63,62.99,1107761,86.39
2016-02-10,63.25,63.87,62.49,62.87,1023018,86.22
2016-02-11,62.27,63.42,61.82,63.03,1550794,86.44
2016-02-12,63.38,64.38,63.07,64.06,1724641,87.86
2016-02-16,64.16,67.02,62.17,65.34,2479250,89.61
2016-02-17,65.02,65.66,64.53,65.64,1312955,90.02
2016-02-18,65.72,66.56,65.57,66.2,1268350,90.79
2016-02-19,65.75,67.41,65.5,67.13,1483706,92.07
2016-02-22,67.65,67.91,67.06,67.36,873676,92.39
2016-02-23,67.31,67.65,66.75,66.9,576212,91.75
2016-02-24,65.99,66.42,65.67,66.38,921715,91.04
2016-02-25,66.79,67.17,66.15,66.99,770056,91.87
2016-02-26,67.23,67.4,66.15,66.54,722282,91.26
2016-02-29,66.51,66.83,65.73,65.73,1125037,90.15
2016-03-01,66.33,67.87,66.19,67.83,924399,93.03
2016-03-02,67.56,68.81,67.16,68.69,1130934,93.54
2016-03-03,68.75,69.07,68.3,68.98,631802,93.93
2016-03-04,68.88,69.02,68.38,68.77,806102,93.65
2016-03-07,68.58,69.56,68.47,69.39,808243,94.5
2016-03-08,69.04,69.49,68.78,68.93,853730,93.87
2016-03-09,69.01,69.25,68.16,68.98,549884,93.94
2016-03-10,69.15,69.24,68.24,68.97,574120,93.92
2016-03-11,69.54,70.14,69.4,70.03,716334,95.37
2016-03-14,69.9,70.09,69.56,69.76,443691,95
2016-03-15,69.32,69.8,69.14,69.67,550922,94.88
2016-03-16,69.59,70.3,69.3,70.18,594913,95.57
2016-03-17,70.39,72.36,70.12,72.26,1460344,98.41
2016-03-18,72.57,72.57,71.41,72,1629815,98.05
2016-03-21,71.82,71.94,70.92,71.61,813685,97.52
2016-03-22,71.69,71.74,71.13,71.19,791077,96.95
2016-03-23,71.39,72.05,70.89,71.68,731372,97.62
2016-03-24,71.33,71.82,71.18,71.76,754765,97.72
2016-03-28,72,72.23,71.71,71.85,397756,97.84
2016-03-29,71.86,72.54,71.63,72.41,740153,98.61
2016-03-30,72.76,72.99,72.36,72.79,441403,99.12
2016-03-31,72.79,73.13,72.34,72.96,820117,99.36
2016-04-01,72.43,73.28,72.28,73.23,748526,99.72
2016-04-04,72.65,72.73,71.8,72.19,977816,98.31
2016-04-05,72.35,72.61,71.48,71.76,1527888,97.72
2016-04-06,71.85,72.04,70.88,71.99,980106,98.04
2016-04-07,71.84,72.04,70.78,71.16,571431,96.91
2016-04-08,71.7,71.79,71.12,71.37,568416,97.19
2016-04-11,71.63,71.99,71.08,71.08,619159,96.79
2016-04-12,71.23,71.82,70.47,71.66,957455,97.59
2016-04-13,72.04,73.02,71.97,72.94,707063,99.33
2016-04-14,72.91,73.07,72.04,72.27,906982,98.42
2016-04-15,72.55,73.29,72.4,72.99,864714,99.4
2016-04-18,72.66,73.31,72.5,73.31,1088623,99.83
2016-04-19,72.99,73.43,70.89,71.14,1741230,96.88
2016-04-20,71.09,71.38,70.19,70.86,1084059,96.49
2016-04-21,71.03,71.24,70.33,70.63,783668,96.19
2016-04-22,70.65,71.53,70.64,71.07,888975,96.78
2016-04-25,71.05,71.27,70.66,71.16,443155,96.9
2016-04-26,71.18,72.24,71.18,72.13,568543,98.22
2016-04-27,72.04,72.3,71.57,72.13,649161,98.23
2016-04-28,71.67,72.12,71.31,71.48,528620,97.34
2016-04-29,71.16,71.16,70.19,70.47,1225879,95.97
2016-05-02,70.61,71.14,70.52,71.05,533215,96.76
2016-05-03,70.46,70.92,70.27,70.78,907830,96.39
2016-05-04,70.54,70.72,70.05,70.55,747259,96.07
2016-05-05,70.76,71.43,70.39,70.47,684918,95.96
2016-05-06,70.43,71.25,70.07,71.23,423437,97
2016-05-09,70.94,71.52,70.87,71.24,618118,97.01
2016-05-10,71.41,72.02,71.41,71.93,463559,97.95
2016-05-11,71.61,72.02,70.51,70.58,669638,96.12
2016-05-12,70.73,71.42,70.72,71.31,642015,97.11
2016-05-13,71.19,71.63,70.39,70.55,502241,96.07
2016-05-16,70.72,71.49,70.55,71.19,786332,96.94
2016-05-17,70.96,71.27,69.01,69.27,1216340,94.33
2016-05-18,69.03,69.58,68.23,69.16,886010,94.18
2016-05-19,68.24,69,67.74,68.64,738002,93.48
2016-05-20,69.02,69.72,68.97,69.13,807785,94.14
2016-05-23,69.02,69.06,68.44,68.82,582939,93.72
2016-05-24,69.01,70.16,69.01,69.99,681126,95.31
2016-05-25,70.03,70.97,69.89,70.71,597603,96.29
2016-05-26,71.18,71.18,70.41,70.73,489011,96.32
2016-05-27,70.93,71.27,70.91,71.27,451812,97.06
2016-05-31,71.57,71.57,70.62,71.17,923494,96.92
2016-06-01,71.02,71.32,70.79,71.21,627574,96.31
2016-06-02,70.84,71.72,70.57,71.66,734639,96.93
2016-06-03,71.32,71.35,70.7,71.1,641340,96.16
2016-06-06,71.03,71.92,70.73,71.69,695610,96.97
2016-06-07,71.93,72.29,71.79,72.06,392000,97.47
2016-06-08,72.09,72.39,72.01,72.23,496768,97.69
2016-06-09,71.8,72.17,71.36,71.89,555619,97.23
2016-06-10,71.52,71.66,70.98,71.35,363232,96.5
2016-06-13,70.98,71.27,70.25,70.33,561195,95.12
2016-06-14,70.04,70.75,70.04,70.67,568140,95.58
2016-06-15,70.75,71.56,70.71,70.95,486730,95.96
2016-06-16,70.67,71.61,70.44,71.41,517898,96.59
2016-06-17,71.45,71.9,71.21,71.65,862034,96.91
2016-06-20,72.38,72.71,72.11,72.17,444422,97.61
2016-06-21,72.32,72.33,71.91,72.12,464199,97.55
2016-06-22,72.33,72.71,72.24,72.42,601904,97.95
2016-06-23,73.19,73.51,72.86,73.5,382299,99.41
2016-06-24,71.1,72.15,71.1,71.61,1374986,96.85
2016-06-27,71.07,71.09,69.57,70.47,769321,95.31
2016-06-28,70.98,72.24,70.72,72.02,846335,97.41
2016-06-29,72.64,73.48,72.46,73.33,593420,99.18
2016-06-30,73.71,74.88,73.29,74.86,1237590,101.25
2016-07-01,74.67,75.76,74.46,75.52,860889,102.14
2016-07-05,75.35,75.47,74.25,74.82,1056873,101.2
2016-07-06,75.14,76.88,74.83,76.34,1611159,103.26
2016-07-07,76.49,76.87,75.57,76.11,864289,102.94
2016-07-08,76.91,77.65,76.45,77.61,555437,104.97
2016-07-11,77.98,78.3,77.65,77.81,517096,105.24
2016-07-12,77.93,78.35,77.49,77.76,732060,105.18
2016-07-13,78.04,78.04,76.9,77.16,831520,104.36
2016-07-14,77.27,77.45,76.54,76.77,795107,103.83
2016-07-15,76.93,76.93,75.85,76.12,764363,102.96
2016-07-18,76.03,76.11,75.23,75.4,994367,101.98
2016-07-19,73.93,74.91,72.7,73.74,1704355,99.74
2016-07-20,73.77,74.49,73.54,73.94,857042,100.01
2016-07-21,73.93,73.95,72.88,73.03,692165,98.78
2016-07-22,72.96,73.95,72.77,73.86,618951,99.9
2016-07-25,73.72,74.28,73.56,74.28,577178,100.47
2016-07-26,74.07,74.78,74.07,74.68,627037,101.01
2016-07-27,74.8,75.38,74.52,75.21,814719,101.73
2016-07-28,74.95,76.03,74.65,75.89,902323,102.64
2016-07-29,75.63,75.85,75.03,75.59,1093937,102.24
2016-08-01,75.49,75.51,74.76,75.4,601267,101.98
2016-08-02,75.26,75.43,74.27,74.36,515616,100.57
2016-08-03,74.27,74.47,73.75,74.47,509484,100.73
2016-08-04,73.22,74.88,73.22,74.53,549106,100.8
2016-08-05,74.84,75.41,74.74,75.19,476362,101.7
2016-08-08,75.53,75.69,74.91,75.01,809433,101.46
2016-08-09,74.81,75.06,74.4,74.49,407910,100.75
2016-08-10,74.64,74.91,74.4,74.83,728610,101.21
2016-08-11,75.15,75.72,74.96,75.41,698307,102
2016-08-12,75.33,75.33,74.78,75.04,471902,101.5
2016-08-15,75.04,75.95,75,75.8,454228,102.52
2016-08-16,75.92,76.04,75.21,75.45,419764,102.05
2016-08-17,75.28,75.87,75.2,75.78,444383,102.49
2016-08-18,75.69,76.43,75.61,76.42,507276,103.36
2016-08-19,76.17,76.9,75.98,76.74,742057,103.8
2016-08-22,76.54,76.76,75.96,76.13,581081,102.97
2016-08-23,76.15,76.98,76.03,76.91,737009,104.03
2016-08-24,76.86,77.37,76.63,77.22,573859,104.44
2016-08-25,76.93,77.31,76.68,77.02,607115,104.17
2016-08-26,76.99,77.49,76.05,76.39,538824,103.32
2016-08-29,76.44,77.76,76.39,77.7,512138,105.09
2016-08-30,77.7,77.74,76.55,76.67,649960,103.7
2016-08-31,76.46,76.46,75.68,76.02,940649,102.82
2016-09-01,76.15,76.33,75.58,76.16,575385,103.01
2016-09-02,76.92,76.92,76.2,76.46,516053,103.41
2016-09-06,76.4,76.65,75.01,75.16,765006,101.66
2016-09-07,75.2,75.25,74.25,74.64,997346,100.3
2016-09-08,74.59,74.59,74.12,74.21,588587,99.72
2016-09-09,73.66,73.68,72.17,72.18,965490,96.99
2016-09-12,71.73,73.43,71.48,73.34,755035,98.56
2016-09-13,72.83,73.23,72.15,72.26,1084940,97.1
2016-09-14,72.41,72.77,71.83,71.99,782119,96.74
2016-09-15,71.74,72.24,71.61,72.1,1104373,96.89
2016-09-16,71.84,72.58,71.41,72.29,900174,97.15
2016-09-19,72.48,73.86,72.15,73.39,691938,98.62
2016-09-20,73.78,74.13,73.36,73.49,552206,98.75
2016-09-21,73.58,74.42,73.55,74.36,463277,99.93
2016-09-22,74.62,75.81,74.52,75.51,895107,101.47
2016-09-23,75.09,75.2,73.33,73.39,818655,98.62
2016-09-26,72.94,73.54,72.83,73.31,588758,98.51
2016-09-27,73.36,74.74,73.36,74.72,714426,100.41
2016-09-28,74.65,75.1,74.39,74.97,610869,100.74
2016-09-29,74.86,75.17,74.07,74.1,567317,99.58
2016-09-30,74.42,75.04,74.41,74.75,828139,100.45
2016-10-03,74.1,74.53,73.71,74.29,801507,99.83
2016-10-04,74.21,74.67,72.96,73.22,533436,98.39
2016-10-05,73.61,73.87,73.36,73.6,808021,98.91
2016-10-06,73.33,73.98,72.9,73.83,652276,99.22
2016-10-07,74.37,74.37,72.82,73.13,485384,98.27
2016-10-10,73.48,73.66,73.15,73.24,287297,98.42
2016-10-11,72.99,73.12,72.32,72.4,491186,97.29
2016-10-12,72.93,73.41,72.37,72.99,342439,98.09
2016-10-13,72.46,72.83,71.9,72.7,529904,97.7
2016-10-14,73.03,73.42,72.81,72.93,431254,98.01
2016-10-17,72.74,73.11,72.5,72.8,632667,97.83
2016-10-18,73.37,73.64,71.64,71.7,882531,96.35
2016-10-19,69.09,70.36,67.41,68.55,3008056,92.12
2016-10-20,68.31,68.37,66.09,66.61,1487155,89.51
2016-10-21,66.13,67.55,65.87,67.41,1292177,90.59
2016-10-24,67.83,68.36,67.53,67.73,821597,91.02
2016-10-25,67.35,67.69,67.16,67.34,943343,90.49
2016-10-26,67.2,67.84,67.12,67.76,620937,91.06
2016-10-27,68,68,66.31,66.34,996134,89.15
2016-10-28,66.48,67.5,66.44,66.85,659637,89.84
2016-10-31,67.04,67.5,66.68,67.41,950864,90.59
2016-11-01,67.62,67.62,65.86,66.23,833441,89
2016-11-02,66.13,66.55,65.59,65.81,805096,88.44
2016-11-03,65.95,66.14,65.25,65.42,725223,87.91
2016-11-04,65.62,66.01,65.17,65.24,718879,87.67
2016-11-07,66.17,66.21,65.46,65.95,1039918,88.63
2016-11-08,65.86,66.18,65.52,66.01,704192,88.71
2016-11-09,64.86,67.17,64.45,67.11,1107315,90.18
2016-11-10,67.41,70.37,67.41,69.58,2043517,93.5
2016-11-11,69.3,70.53,69.3,70.41,880967,94.62
2016-11-14,70.53,71.8,70.44,71.55,1173966,96.15
2016-11-15,71.71,72.42,70.73,71.5,918337,96.08
2016-11-16,71.25,71.74,70.51,70.96,653766,95.35
2016-11-17,71.02,71.02,70.12,70.4,938737,94.6
2016-11-18,70.32,70.6,69.94,70.36,1186415,94.55
2016-11-21,70.46,71.65,70.37,71.41,732299,95.96
2016-11-22,71.7,72.44,71.42,72.31,561690,97.17
2016-11-23,72.1,72.82,72.09,72.41,610826,97.31
2016-11-25,72.49,72.96,72.1,72.85,273463,97.9
2016-11-28,72.62,72.89,71.88,72.22,679490,97.05
2016-11-29,72.22,72.42,71.65,71.85,576066,96.55
2016-11-30,71.77,72.44,71.6,71.61,1321385,96.23
2016-12-01,71.56,72.61,71.48,71.6,793320,96.22
2016-12-02,71.66,72.19,71.08,71.25,564064,95.75
2016-12-05,71.61,72.79,71.61,72.44,627753,97.35
2016-12-06,72.47,72.9,71.9,72.55,687639,97.49
2016-12-07,72.76,74.82,72.68,74.78,698568,99.81
2016-12-08,74.55,74.76,73.68,74.06,683878,98.85
2016-12-09,73.86,74.43,73.35,73.89,915186,98.63
2016-12-12,73.75,73.83,72.96,73.58,717460,98.21
2016-12-13,73.83,74.86,73.48,74.79,989917,99.82
2016-12-14,74.52,74.86,73.25,73.36,855360,97.92
2016-12-15,73.24,74.1,73,73.53,592090,98.15
2016-12-16,73.72,74.26,73.15,73.41,943185,97.98
2016-12-19,73.6,74.01,73.2,73.84,483232,98.56
2016-12-20,74.16,74.48,73.71,73.96,481081,98.72
2016-12-21,73.8,74.27,73.29,73.29,500419,97.83
2016-12-22,73.38,73.41,71.98,72.35,597586,96.57
2016-12-23,72.51,73.1,72.43,72.6,274948,96.9
2016-12-27,72.6,73.23,72.6,73.11,287253,97.58
2016-12-28,73.26,73.31,72.17,72.2,388005,96.37
2016-12-29,72.22,72.52,71.87,72.26,420983,96.45
2016-12-30,72.43,72.63,71.08,71.58,763240,95.54
2017-01-03,72.24,72.33,70.74,71.65,738732,95.63
2017-01-04,72.07,72.76,71.89,72.76,642862,97.12
2017-01-05,72.21,72.47,71.71,72.43,458070,96.67
2017-01-06,72.42,72.52,71.99,72.04,448585,96.16
2017-01-09,72.02,72.29,71.59,71.96,800709,96.05
2017-01-10,72,73.2,71.68,72.88,562342,97.28
2017-01-11,72.76,73.12,72.48,73.03,508779,97.48
2017-01-12,72.91,73.58,72.29,73.49,603513,98.09
2017-01-13,73.53,74.2,73.53,73.85,564306,98.57
2017-01-17,73.59,74.16,72.63,73.09,774824,97.56
2017-01-18,73,74.61,72.79,74.39,971057,99.29
2017-01-19,74.37,75.22,73.67,74.25,845953,99.11
2017-01-20,74.43,74.94,74.14,74.73,750915,99.74
2017-01-23,73.29,73.56,71.68,72.11,1328223,96.25
2017-01-24,72.31,72.94,71.98,72.61,991333,96.92
2017-01-25,72.97,73.55,72.82,73.28,701865,97.81
2017-01-26,73,73.45,72.08,72.78,901387,97.14
2017-01-27,73.09,73.13,72.16,72.43,714445,96.67
2017-01-30,72.52,72.76,71.73,72.73,672522,97.08
2017-01-31,72.48,73,71.8,72.53,808605,96.81
2017-02-01,72.59,73.32,71.77,72.18,650377,96.34
2017-02-02,72.19,72.72,71.98,72.39,418352,96.62
2017-02-03,72.49,73.06,72.32,72.78,526849,97.14
2017-02-06,72.65,73.28,72.53,72.83,504758,97.21
2017-02-07,72.9,73.23,72.32,72.65,416291,96.97
2017-02-08,72.67,74.22,72.59,74.2,1027967,99.04
2017-02-09,74.19,75,74.1,74.67,592301,99.67
2017-02-10,74.73,74.86,74.13,74.76,546667,99.78
2017-02-13,74.92,75.11,74.22,74.84,560601,99.89
2017-02-14,74.14,74.9,74.09,74.67,565943,99.66
2017-02-15,74.62,75.01,74.47,75.01,545975,100.12
2017-02-16,75.09,75.39,73.81,74.34,768592,99.23
2017-02-17,74.21,75.42,74.14,75.42,959848,100.67
2017-02-21,75.37,75.59,72.19,73.18,1623294,97.67
2017-02-22,72.66,72.99,71.83,71.92,971346,95.99
2017-02-23,71.92,71.92,71.08,71.17,1098955,95
2017-02-24,70.94,72.13,70.87,72.11,731246,96.25
2017-02-27,72.13,72.46,71.62,72.06,714050,96.18
2017-02-28,71.8,71.96,71.38,71.71,894342,95.71
2017-03-01,72.33,72.87,72.1,72.35,816206,96.57
2017-03-02,72.3,72.31,71.67,71.83,646590,95.87
2017-03-03,71.83,71.92,70.7,70.95,870114,94.7
2017-03-06,70.7,70.94,70.43,70.56,738211,94.18
2017-03-07,70.45,70.55,70.01,70.07,583830,93.52
2017-03-08,70.04,70.63,70.01,70.3,628290,93.15
2017-03-09,70.38,70.45,70.04,70.15,897894,92.95
2017-03-10,70.41,70.64,70.01,70.34,735381,93.21
2017-03-13,70.34,71.1,70.08,71.04,887493,94.14
2017-03-14,70.9,71.21,70.69,70.98,530461,94.06
2017-03-15,71.09,71.33,70.62,70.91,905162,93.96
2017-03-16,71.24,71.49,70.85,71.14,482342,94.27
2017-03-17,71.38,71.69,70.93,71.62,1847035,94.9
2017-03-20,71.65,71.65,71.03,71.19,492137,94.33
2017-03-21,71.43,71.43,70.18,70.41,770443,93.3
2017-03-22,70.45,70.6,69.96,70.54,575648,93.47
2017-03-23,70.45,70.8,69.96,70.52,588170,93.45
2017-03-24,70.57,70.76,69.93,70.06,595149,92.84
2017-03-27,69.66,70.06,69.47,70,508702,92.76
2017-03-28,69.7,70.51,69.5,70.26,601330,93.1
2017-03-29,70.16,70.54,69.65,69.93,936711,92.67
2017-03-30,69.89,70.72,69.46,69.68,554888,92.34
2017-03-31,69.65,70.39,69.38,69.74,850914,92.41
2017-04-03,69.81,69.81,67.34,68.18,1387712,90.34
2017-04-04,67.96,68.42,67.74,67.94,970592,90.03
2017-04-05,68.07,68.88,67.87,68.09,877340,90.23
2017-04-06,68.01,68.41,67.66,68.16,642379,90.32
2017-04-07,67.98,68.38,67.79,67.81,458817,89.86
2017-04-10,67.92,68.71,67.72,67.76,737898,89.79
2017-04-11,67.68,68.38,67.43,68.38,765739,90.61
2017-04-12,68.03,68.09,67.3,67.48,754168,89.42
2017-04-13,67.38,67.96,67.07,67.12,677679,88.94
2017-04-17,67.25,68.02,67.25,67.99,885988,90.1
2017-04-18,67.78,68.46,67.4,68.02,1136897,90.14
2017-04-19,70.02,71.68,69.06,69.36,1990397,91.91
2017-04-20,69.54,70.32,69.51,70.11,1065251,92.9
2017-04-21,70.11,70.58,69.88,70.27,798054,93.11
2017-04-24,70.91,70.91,69.93,70.64,1025576,93.6
2017-04-25,71.02,71.38,70.2,70.4,691790,93.29
2017-04-26,70.62,70.85,70.11,70.28,760507,93.13
2017-04-27,70.45,70.85,70.1,70.43,794877,93.33
2017-04-28,70.45,70.45,68.81,69.44,2007573,92.02
2017-05-01,69.58,69.58,68.62,68.93,828356,91.34
2017-05-02,68.98,69.49,68.87,69.48,709963,92.07
2017-05-03,69.53,69.59,69.01,69.47,788481,92.06
2017-05-04,69.47,69.85,69.19,69.62,969789,92.25
2017-05-05,69.74,69.98,69.3,69.98,641027,92.73
2017-05-08,69.99,70.12,69.59,69.84,547200,92.54
2017-05-09,69.92,70.18,69.59,70.05,506627,92.83
2017-05-10,70.05,70.05,69.45,70.02,721890,92.79
2017-05-11,69.66,69.66,68.45,69.31,648576,91.85
2017-05-12,69.13,69.25,68.68,69.01,578538,91.44
2017-05-15,69.07,70.08,68.92,69.32,1031847,91.86
2017-05-16,69.5,69.5,68.55,69.08,564851,91.54
2017-05-17,68.79,69.34,68.44,68.77,888600,91.13
2017-05-18,68.76,69.68,68.61,69.16,900539,91.65
2017-05-19,69.22,69.79,68.42,69.52,3422676,92.12
2017-05-22,69.53,70.08,69.49,69.78,766574,92.46
2017-05-23,68.85,69.16,67.58,68.41,1441691,90.65
2017-05-24,68.12,68.55,67.79,68.05,964307,90.17
2017-05-25,68.29,69.07,67.94,68.95,648418,91.36
2017-05-26,69.05,70.85,68.9,70.39,1205141,93.28
2017-05-30,70.23,70.62,69.4,69.84,1063643,92.54
2017-05-31,69.84,69.96,69.46,69.9,1367359,92.62
2017-06-01,70.31,71.2,69.82,71.02,815968,94.11
2017-06-02,71.16,71.58,70.9,71.15,902866,94.28
2017-06-05,71.04,71.23,70.61,70.77,647816,93.78
2017-06-06,70.51,70.51,69.2,69.52,807885,92.12
2017-06-07,69.16,70.02,69.16,69.82,716282,91.84
2017-06-08,69.83,69.86,69.01,69.1,663560,90.89
2017-06-09,69.14,69.72,68.84,69.64,818234,91.61
2017-06-12,69.64,71.02,69.64,70.68,606509,92.97
2017-06-13,70.69,71.42,70.2,71.35,650314,93.86
2017-06-14,71.04,72.3,70.98,71.66,850692,94.26
2017-06-15,71.26,72.2,71.14,72.1,683607,94.84
2017-06-16,71.27,72.72,71.27,72.69,1613234,95.61
2017-06-19,72.86,72.88,71,71.07,1073984,93.49
2017-06-20,70.7,70.72,69.26,69.39,933841,91.27
2017-06-21,69.41,69.55,68.12,68.34,1036267,89.89
2017-06-22,68.29,68.53,67.67,68.17,1032002,89.67
2017-06-23,68.15,69.12,67.87,68.98,2676349,90.74
2017-06-26,69.18,69.7,68.88,69.3,658012,91.16
2017-06-27,69.25,69.79,68.85,69.07,731625,90.85
2017-06-28,69.4,70.48,69.31,69.9,684924,91.94
2017-06-29,69.94,70.24,68.97,69.27,754897,91.12
2017-06-30,69.47,70.88,69.33,70.52,928054,92.76
2017-07-03,70.55,71.44,69.93,71.2,661481,93.66
2017-07-05,69.87,70.39,67.52,67.78,1993028,89.16
2017-07-06,66.22,67.35,65.54,65.94,1851022,86.74
2017-07-07,66.02,66.44,65.77,66.03,873595,86.86
2017-07-10,65.85,66,64.52,64.7,1494570,85.1
2017-07-11,64.66,64.87,63.72,64.06,1163298,84.27
2017-07-12,64.2,64.3,63.52,63.86,1596554,84
2017-07-13,63.9,63.93,62.95,63.63,2585941,83.7
2017-07-14,63.87,63.96,63.31,63.36,1216077,83.35
2017-07-17,63.44,64.34,63.43,63.91,1224973,84.07
2017-07-18,63.81,64.06,62.85,63.11,1417630,83.01
2017-07-19,63.28,63.36,62.66,63.07,3226169,82.96
2017-07-20,62.74,64.09,61.47,62.1,2683514,81.69
2017-07-21,62.48,63.42,62.34,62.88,1793996,82.71
2017-07-24,62.73,62.86,61.96,62.19,1060886,81.81
2017-07-25,62.49,63.61,62.43,63.34,1098089,83.32
2017-07-26,63.41,63.52,62.94,62.95,1048486,82.81
2017-07-27,63.11,64.61,62.92,64.46,1326345,84.79
2017-07-28,64.41,64.79,63.31,63.81,1036972,83.93
2017-07-31,63.93,64.65,63.91,64.57,2643230,84.93
2017-08-01,64.63,64.85,63.73,64.59,1083959,84.96
2017-08-02,64.35,64.79,64.1,64.19,718104,84.43
2017-08-03,64.1,64.57,63.88,63.94,614943,84.11
2017-08-04,64.1,64.19,63.63,63.77,562566,83.88
2017-08-07,63.78,64.18,63.52,63.97,482178,84.15
2017-08-08,64.03,64.31,63.34,63.44,587522,83.45
2017-08-09,63.33,63.6,63.03,63.46,707737,83.48
2017-08-10,63.08,63.25,62.41,62.56,630883,82.29
2017-08-11,62.42,63.05,62.41,62.95,511627,82.81
2017-08-14,63.33,63.8,62.89,63.68,748463,83.77
2017-08-15,62.34,62.57,60.71,61.18,2450555,80.48
2017-08-16,61.57,62.78,61.37,62.53,980664,82.25
2017-08-17,62.52,63.14,61.91,61.95,792433,81.49
2017-08-18,61.78,62.32,61.74,62.03,749840,81.6
2017-08-21,62.15,63.18,61.85,62.85,1195918,82.67
2017-08-22,63.07,63.25,62.49,62.82,730610,82.64
2017-08-23,62.61,62.95,62.4,62.77,533006,82.57
2017-08-24,63.07,63.33,62.5,62.7,713322,82.48
2017-08-25,62.83,63.76,62.83,63.33,566545,83.3
2017-08-28,63.46,63.5,62.68,63.06,480705,82.95
2017-08-29,62.6,62.97,62.18,62.21,616436,81.83
2017-08-30,62.24,63.13,62.06,63.02,682588,82.9
2017-08-31,63.03,63.52,62.91,62.97,1188197,82.83
2017-09-01,63.27,63.96,63.17,63.74,512087,83.84
2017-09-05,63.5,64.56,63.5,64.09,925356,84.31
2017-09-06,64.35,64.89,64.18,64.85,954935,85.31
2017-09-07,64.97,64.97,64.38,64.71,948468,84.44
2017-09-08,64.77,65.65,64.61,65.4,808653,85.35
2017-09-11,65.66,66.28,65.38,65.76,802314,85.82
2017-09-12,65.92,66.76,65.86,66.24,1018869,86.44
2017-09-13,66.2,66.63,66.02,66.62,656195,86.94
2017-09-14,66.61,66.61,65.94,66.2,617017,86.39
2017-09-15,66.15,66.46,65.92,66.4,1125015,86.65
2017-09-18,66.58,66.65,66.22,66.58,814717,86.88
2017-09-19,66.8,66.86,65.01,65.79,1234012,85.86
2017-09-20,65.92,66.85,65.77,66.45,1041156,86.72
2017-09-21,66.51,66.67,66.11,66.17,447271,86.35
2017-09-22,66.26,67.51,66.25,67.42,825068,87.98
2017-09-25,74.34,74.82,70.96,71.43,4482200,93.22
2017-09-26,71.8,73.3,71.67,72.15,1881353,94.16
2017-09-27,72.15,72.67,71.2,72.38,1393395,94.46
2017-09-28,71.99,73.06,71.92,72.94,951175,95.19
2017-09-29,73.16,73.6,72.82,73.3,845555,95.65
2017-10-02,73.17,74.08,72.75,73.85,792568,96.37
2017-10-03,73.85,73.98,73.07,73.53,617689,95.95
2017-10-04,73.37,73.39,72.86,73.17,711336,95.49
2017-10-05,73.03,73.41,72.8,73.4,792225,95.79
2017-10-06,73.13,73.44,72.99,73.22,705718,95.55
2017-10-09,73.38,73.44,72.87,72.94,521181,95.18
2017-10-10,73.03,73.55,72.92,73.2,781098,95.52
2017-10-11,73.26,73.55,72.95,73.18,795069,95.5
2017-10-12,73.13,73.71,72.65,73.46,533430,95.86
2017-10-13,73.47,73.95,73.19,73.46,595247,95.86
2017-10-16,73.46,73.67,73.1,73.57,399985,96.01
2017-10-17,73.76,74.35,73.68,74.22,674762,96.86
2017-10-18,74.65,75.58,74.4,75.13,1332856,98.04
2017-10-19,70.51,70.87,67.53,68.74,2745195,89.71
2017-10-20,68.69,68.69,67.54,67.92,1749286,88.63
2017-10-23,67.96,68.87,67.67,68.41,1670978,89.27
2017-10-24,68.5,69.22,68.07,68.13,1278682,88.91
2017-10-25,68.21,68.32,67.48,67.79,769804,88.46
2017-10-26,67.78,68.99,66.92,68.51,1026966,89.4
2017-10-27,68.28,68.36,67.39,67.7,832176,88.35
2017-10-30,67.59,67.89,67.17,67.46,744219,88.04
2017-10-31,67.51,67.99,67.3,67.61,760738,88.23
2017-11-01,68.05,68.05,66.95,67,703808,87.43
2017-11-02,66.94,68.03,66.25,67.84,683099,88.53
2017-11-03,67.85,67.97,67.25,67.28,622832,87.8
2017-11-06,67.46,67.46,66.66,66.87,638652,87.26
2017-11-07,66.8,67.28,65.94,66.23,808194,86.43
2017-11-08,66.41,66.51,65.77,65.92,1626789,86.02
2017-11-09,65.66,66.14,65.29,65.56,1054362,85.56
2017-11-10,65.18,66.18,65.13,65.48,1312936,85.45
2017-11-13,65.18,65.9,65,65.36,1033130,85.29
2017-11-14,65.95,66.96,65.73,65.91,808027,86.01
2017-11-15,65.26,67.68,65,65.13,721558,85
2017-11-16,65.3,65.95,64.91,65.89,780665,85.99
2017-11-17,65.86,66.51,65.75,66,666994,86.13
2017-11-20,66,66.35,65.82,66.1,601389,86.26
2017-11-21,66.36,66.36,65.34,65.86,1284350,85.95
2017-11-22,65.86,66.84,65.84,66.6,429208,86.91
2017-11-24,66.61,66.7,66.21,66.54,278600,86.84
2017-11-27,66.64,67.23,66.61,67.14,748421,87.62
2017-11-28,67.17,68.51,67.17,68.46,1165728,89.34
2017-11-29,68.56,70.4,68.56,70.12,1048529,91.5
2017-11-30,70.14,71.4,69.97,71.24,1757734,92.97
2017-12-01,71.33,71.52,69.71,71.16,1254278,92.86
2017-12-04,71.53,72.16,71.48,72,1071358,93.96
2017-12-05,72.61,72.98,71.57,72.15,1027763,94.16
2017-12-06,72.21,72.45,71.58,71.82,1472633,93.72
2017-12-07,71.68,72.8,71.68,72.4,1445415,93.8
2017-12-08,72.68,73.3,72.34,73.21,869585,94.85
2017-12-11,73.01,73.05,71.77,72.16,869866,93.49
2017-12-12,72.35,72.52,71.26,71.57,793381,92.73
2017-12-13,71.46,72.41,71.46,71.98,865685,93.26
2017-12-14,71.94,72.04,70.57,70.61,941080,91.48
2017-12-15,71.36,72.09,70.69,70.99,1637029,91.98
2017-12-18,71.68,72.34,71.35,72.12,674560,93.44
2017-12-19,72.42,72.53,71.79,71.79,677985,93.01
2017-12-20,72.21,72.33,71.61,71.95,536682,93.22
2017-12-21,72.23,73,72,72.96,682261,94.53
2017-12-22,73.28,73.74,72.98,73.41,837685,95.11
2017-12-26,73.29,74.07,73.22,73.63,368633,95.39
2017-12-27,73.68,73.91,73.43,73.84,471279,95.67
2017-12-28,73.84,73.98,72.89,73.7,597520,95.48
2017-12-29,73.63,74.04,73.31,73.33,605689,95.01
2018-01-02,73.74,74.97,73.74,74.54,1154521,96.58
2018-01-03,74.69,75.24,74.47,75.1,697936,97.3
2018-01-04,75.39,75.98,74.84,75.19,732722,97.41
2018-01-05,75.32,75.43,74.24,75.26,782759,97.5
2018-01-08,75.44,76.07,75.26,75.63,1092804,97.98
2018-01-09,75.76,76.64,75.76,76.37,1223224,98.95
2018-01-10,75.95,76.91,75.86,76.72,1015522,99.4
2018-01-11,76.71,78.71,76.36,78.65,952568,101.9
2018-01-12,78.69,79.8,78.44,79.72,1115819,103.28
2018-01-16,80.3,80.95,79.27,79.35,1202879,102.8
2018-01-17,79.57,80.12,79.36,79.87,754330,103.48
2018-01-18,80.08,80.14,78.84,79.45,733954,102.93
2018-01-19,79.61,80.62,79.61,80.38,647977,104.14
2018-01-22,80.46,80.46,79.49,80.37,843006,104.13
2018-01-23,80.19,80.97,79.99,80.84,621051,104.73
2018-01-24,81.02,82.39,80.53,82.3,831783,106.63
2018-01-25,81.77,82.44,81.24,82.05,929033,106.31
2018-01-26,82.23,83.07,81.83,83.04,570104,107.58
2018-01-29,83.04,83.17,82.45,82.6,631832,107.01
2018-01-30,82.35,82.52,80.94,81.19,742150,105.19
2018-01-31,81.33,81.72,79.67,80.33,2727456,104.07
2018-02-01,79.79,80.51,79.33,79.66,1040772,103.21
2018-02-02,79.49,80.38,78.65,78.87,1270226,102.19
2018-02-05,78.26,79.4,76.92,76.93,1726507,99.67
2018-02-06,75.86,77.67,74.8,77.23,1353541,100.06
2018-02-07,77.15,78.6,76.54,76.62,1201470,99.27
2018-02-08,76.67,77.52,74.31,74.34,1568073,96.31
2018-02-09,74.96,75.67,71.64,74.91,1385627,97.05
2018-02-12,75.71,76.13,74.5,75.42,1120588,97.72
2018-02-13,75.48,75.76,74.16,74.66,1223627,96.73
2018-02-14,74.33,76.66,74.12,76.37,999273,98.95
2018-02-15,76.8,77.89,76.08,77.89,1111446,100.91
2018-02-16,77.56,78.02,76.49,77.05,1182478,99.83
2018-02-20,74.53,74.78,72.86,73.07,1878984,94.67
2018-02-21,72.86,73.16,71.4,72.04,1358659,93.34
2018-02-22,72.2,73.19,71.36,71.73,1041194,92.93
2018-02-23,72.04,73.02,71.53,72.96,886338,94.53
2018-02-26,73.1,73.35,72.44,73.23,730381,94.87
2018-02-27,73.43,73.49,71.44,71.44,892288,92.56
2018-02-28,71.69,72.2,70.87,70.89,1103097,91.84
2018-03-01,70.8,71.48,69.85,70.55,994239,91.41
2018-03-02,70.16,70.45,69.59,70.13,1104977,90.86
2018-03-05,69.76,71.16,69.51,70.84,812067,91.78
2018-03-06,70.98,71.5,70.32,71.42,814934,92.53
2018-03-07,70.72,71.14,70.16,70.75,825199,91.66
2018-03-08,71.02,71.05,70.23,70.42,786896,90.52
2018-03-09,70.92,72.09,70.37,72.05,604385,92.62
2018-03-12,72.05,72.46,71.28,71.86,1011456,92.37
2018-03-13,72.15,72.36,71.13,71.36,671187,91.73
2018-03-14,71.6,71.71,70.16,70.31,895038,90.38
2018-03-15,70.45,70.8,69.97,70.21,858231,90.25
2018-03-16,70.35,71.17,69.95,70.62,6146088,90.78
2018-03-19,70.62,71.3,70.01,70.4,816049,90.49
2018-03-20,70.67,70.97,70.02,70.62,708697,90.78
2018-03-21,70.69,71.04,70.37,70.39,624250,90.48
2018-03-22,69.97,70.23,68.37,68.44,816205,87.98
2018-03-23,68.62,69.02,67.25,67.31,887688,86.52
2018-03-26,68.03,69.11,67.84,68.93,836270,88.61
2018-03-27,69.06,69.92,68.6,68.93,731083,88.6
2018-03-28,69.25,69.97,68.65,68.99,989757,88.68
2018-03-29,69.37,70.34,69.3,69.89,841142,89.84
2018-04-02,69.55,69.85,66.75,67.5,991861,86.76
2018-04-03,67.87,68.63,67.51,68.56,938992,88.13
2018-04-04,67.91,69.97,67.9,69.81,655496,89.73
2018-04-05,70.52,70.87,69.37,70.53,1119567,90.66
2018-04-06,70.23,70.76,68.58,69.44,1979699,89.26
2018-04-09,69.62,70.05,69,69.09,738142,88.81
2018-04-10,69.69,70.8,69.56,70.3,790402,90.37
2018-04-11,69.79,70.14,69.26,69.75,471986,89.66
2018-04-12,69.99,70.55,69.88,70.12,626891,90.13
2018-04-13,71.81,72.16,69.39,69.64,811511,89.52
2018-04-16,69.89,70.65,69.49,70.53,908451,90.66
2018-04-17,70.65,70.95,70.24,70.59,565992,90.74
2018-04-18,70.97,71.55,70.62,71.07,999792,91.36
2018-04-19,69.39,70.27,67.7,68.57,2019226,88.14
2018-04-20,68.58,68.97,67.6,68.27,1307020,87.75
2018-04-23,68.18,69.23,67.99,69.07,1235487,88.79
2018-04-24,69.18,70.27,68.51,68.77,1161684,88.4
2018-04-25,68.59,69.59,68.45,69.1,1062738,88.82
2018-04-26,69.39,70.41,68.96,69.23,1500948,88.99
2018-04-27,69.17,70.86,69.16,70.74,1195597,90.93
2018-04-30,70.96,70.99,68.51,68.71,2487778,88.32
2018-05-01,68.64,69.24,67.95,68.99,1085176,88.68
2018-05-02,69.14,69.38,68.06,68.41,3582289,87.94
2018-05-03,68.59,69.2,68.12,68.94,1834842,88.62
2018-05-04,68.74,70.28,68.43,69.95,1018335,89.92
2018-05-07,69.96,70.16,69.36,69.86,1008350,89.8
2018-05-08,70.14,70.25,69.41,69.85,945778,89.78
2018-05-09,70.08,70.34,69.18,70.16,1172026,90.19
2018-05-10,70.25,70.62,70.02,70.46,547066,90.57
2018-05-11,70.36,71.34,69.98,71.09,653201,91.38
2018-05-14,71.1,71.63,70.82,71.38,506918,91.75
2018-05-15,71.14,71.4,70.94,71.32,1264873,91.68
2018-05-16,71.53,72.24,71.53,71.92,679858,92.45
2018-05-17,71.85,72.29,71.73,72.09,569753,92.67
2018-05-18,72.18,72.47,71.58,71.86,705584,92.37
2018-05-21,72.29,72.89,71.91,72.75,859612,93.52
2018-05-22,73.07,73.77,71.31,71.4,2172066,91.78
2018-05-23,71.08,71.32,70.44,70.9,1138211,91.14
2018-05-24,70.73,71.53,70.09,71.38,670947,91.75
2018-05-25,71.28,71.62,70.96,71.17,520157,91.48
2018-05-29,70.76,71,69.92,70.3,708812,90.36
2018-05-30,70.58,71.77,70.31,71.33,777598,91.69
2018-05-31,71.25,71.25,70.17,70.63,1941930,90.79
2018-06-01,70.82,71.73,70.56,71.16,568356,91.47
2018-06-04,71.38,72.55,71.18,72.32,891830,92.96
2018-06-05,72.25,72.83,72.12,72.58,762699,93.3
2018-06-06,72.76,73.31,72.62,73.23,656085,94.13
2018-06-07,73.36,74.33,73.32,74.02,964608,94.42
2018-06-08,73.93,74.22,73.57,74.18,913944,94.62
2018-06-11,74.17,74.88,74.02,74.73,680493,95.32
2018-06-12,74.86,74.86,74.32,74.53,501293,95.07
2018-06-13,74.67,74.75,73.8,73.97,555436,94.36
2018-06-14,74.19,74.36,73.69,73.75,655995,94.07
2018-06-15,73.66,74.62,73.24,74.53,1752077,95.07
2018-06-18,74.01,74.46,73.7,73.93,683578,94.31
2018-06-19,73.39,73.75,73.07,73.61,625515,93.9
2018-06-20,73.76,74.12,73,73.75,469005,94.07
2018-06-21,73.52,73.55,72.44,72.59,523361,92.59
2018-06-22,73.28,73.53,72.75,72.94,2080594,93.04
2018-06-25,72.69,72.9,71.79,72.32,852454,92.25
2018-06-26,72.46,72.75,72.13,72.56,699148,92.56
2018-06-27,72.82,73.35,71.98,72.05,705932,91.91
2018-06-28,71.98,72.19,71.45,71.91,1172933,91.73
2018-06-29,72.06,72.74,71.96,71.96,898520,91.79
2018-07-02,71.62,71.68,70.85,71.35,584884,91.01
2018-07-03,71.6,71.94,71,71.12,541138,90.72
2018-07-05,71.57,71.65,70.85,71.64,809966,91.38
2018-07-06,71.47,71.67,71,71.14,1481730,90.74
2018-07-09,71.38,73.41,71.38,72.7,855892,92.74
2018-07-10,72.74,73.29,72.49,73.24,837120,93.42
2018-07-11,72.85,73.03,71.97,72.17,668257,92.06
2018-07-12,72.7,72.89,72.01,72.45,506957,92.42
2018-07-13,72.62,73.43,72.59,73.1,767096,93.25
2018-07-16,73.35,73.57,72.73,73.1,971036,93.24
2018-07-17,73.06,73.93,72.48,73.83,884887,94.18
2018-07-18,73.93,74.37,73.07,74.19,1544783,94.63
2018-07-19,74.5,76.6,73.32,76.28,1750492,97.3
2018-07-20,76.44,77.4,76.11,76.87,1259852,98.06
2018-07-23,76.84,77.51,76.75,77.27,1001752,98.57
2018-07-24,77.6,78.05,76.28,76.73,1233309,97.88
2018-07-25,76.64,76.7,75.02,76.04,1005192,97
2018-07-26,76.32,77.05,76.27,76.52,632965,97.61
2018-07-27,76.4,76.85,75.65,75.8,512304,96.69
2018-07-30,75.69,76.31,75.51,75.66,740178,96.51
2018-07-31,75.85,76.46,75.12,76.29,1806009,97.31
2018-08-01,76.11,76.39,75.83,76.16,944546,97.15
2018-08-02,75.97,76.87,75.86,76.69,806682,97.83
2018-08-03,76.84,77.45,76.28,76.86,391828,98.04
2018-08-06,76.65,77.21,76.47,77.13,413740,98.38
2018-08-07,77.37,78.1,77.27,77.85,495097,99.3
2018-08-08,77.7,77.99,77.5,77.87,570897,99.33
2018-08-09,78.06,78.27,77.82,77.9,383328,99.37
2018-08-10,77.46,77.72,76.77,76.85,584308,98.03
2018-08-13,76.85,76.96,75.68,75.71,630875,96.58
2018-08-14,76.17,77.31,76.15,77.04,598813,98.27
2018-08-15,76.6,77.16,75.99,76.91,508810,98.1
2018-08-16,77.36,77.69,76.94,77.19,626464,98.46
2018-08-17,77.3,77.68,77.05,77.53,428993,98.89
2018-08-20,77.56,78.1,77.56,77.99,598160,99.48
2018-08-21,78.05,78.38,77.84,78.22,457792,99.78
2018-08-22,78.25,78.55,77.73,77.83,572947,99.28
2018-08-23,77.95,78.17,77.6,78.07,425319,99.59
2018-08-24,78.11,78.26,77.36,77.71,465520,99.13
2018-08-27,78.1,78.42,77.78,78.27,492146,99.84
2018-08-28,78.21,78.58,77.99,78.09,704776,99.61
2018-08-29,78.14,78.64,77.4,78.49,630564,100.12
2018-08-30,78.3,78.6,77.39,77.67,430186,99.08
2018-08-31,77.65,78.33,77.5,78.28,722640,99.85
2018-09-04,78.13,78.59,77.79,78.54,723134,100.19
2018-09-05,78.49,79.38,78.49,79.27,698131,101.11
2018-09-06,79.47,80.14,79.47,79.94,562546,101.24
2018-09-07,79.77,80.36,79.52,80.06,757260,101.39
2018-09-10,80.48,80.88,80.21,80.38,579213,101.8
2018-09-11,80.21,80.88,79.95,80.52,556764,101.98
2018-09-12,80.54,80.92,80.08,80.3,599288,101.7
2018-09-13,80.5,80.53,79.94,80.24,480011,101.63
2018-09-14,80.3,80.62,80.02,80.46,533527,101.9
2018-09-17,80.36,80.41,79.37,79.49,590532,100.68
2018-09-18,79.16,80.03,78.93,79.99,624644,101.31
2018-09-19,80.21,80.29,79.61,79.77,511779,101.03
2018-09-20,79.93,80.34,79.29,80.15,668374,101.51
2018-09-21,80.37,80.69,79.68,79.86,2023608,101.14
2018-09-24,79.75,79.75,78.48,78.48,837104,99.39
2018-09-25,78.7,78.7,77.95,77.99,765950,98.77
2018-09-26,78.33,79.08,78.07,78.53,551865,99.46
2018-09-27,78.47,79.09,78.08,78.52,510507,99.45
2018-09-28,78.37,78.78,78.2,78.48,634355,99.4
2018-10-01,78.64,78.78,78.2,78.39,880372,99.28
2018-10-02,78.25,79.31,78.09,79.01,950613,100.07
2018-10-03,79.22,79.45,77.35,77.35,1125823,97.96
2018-10-04,77.36,77.36,76.76,77.18,753989,97.75
2018-10-05,77.08,78.4,77.08,78.35,1048368,99.23
2018-10-08,77.92,78.9,77.82,78.75,929662,99.74
2018-10-09,78.81,78.96,77.38,77.44,730401,98.08
2018-10-10,77.34,78.01,76.23,76.3,838586,96.64
2018-10-11,76.35,76.84,74.8,74.81,1234866,94.75
2018-10-12,75.9,77.22,74.41,74.89,1514645,94.85
2018-10-15,74.95,76.7,74.71,76,1198116,96.25
2018-10-16,76.35,76.81,75.49,76.64,1045323,97.06
2018-10-17,76.48,76.49,74.09,75.12,1382601,95.14
2018-10-18,75.13,79.83,73.92,79.61,3074205,100.82
2018-10-19,79.89,81.14,79.42,80.02,1806297,101.34
2018-10-22,80.05,80.22,78.39,79.58,1289483,100.79
2018-10-23,78.78,79.9,78.09,79.41,1061011,100.57
2018-10-24,79.22,80.36,78.46,78.61,904946,99.56
2018-10-25,78.94,80.47,78.76,79.43,1240702,100.6
2018-10-26,78.93,79.04,77.16,77.82,1554859,98.56
2018-10-29,78.52,79.73,78,78.76,947419,99.75
2018-10-30,76.73,78.1,76.73,77.64,2219729,98.33
2018-10-31,77.95,78.17,77.21,77.32,3070632,97.92
2018-11-01,77.32,77.8,76.9,77.24,1802752,97.83
2018-11-02,78.03,78.86,76.12,76.6,3008758,97.02
2018-11-05,76.37,77.93,76.18,77.44,2754865,98.08
2018-11-06,77.37,78.2,77.34,77.82,1090545,98.56
2018-11-07,78.01,79.35,77.58,79.32,1196948,100.46
2018-11-08,78.98,80.38,78.98,79.81,1132521,101.08
2018-11-09,79.63,80.15,79.16,79.44,1301123,100.61
2018-11-12,79.51,80.12,79.06,79.19,753686,100.29
2018-11-13,79.61,80.94,79.25,80.07,773982,101.41
2018-11-14,80.39,81.32,79.92,80.43,1195362,101.87
2018-11-15,79.87,80.32,78.37,80.21,1179076,101.59
2018-11-16,79.76,81.02,79.75,80.86,3507499,102.41
2018-11-19,80.32,80.84,79.58,80.27,1134753,101.66
2018-11-20,79.79,80.02,78.34,78.58,1109769,99.52
2018-11-21,79.18,79.42,78.47,78.97,850074,100.01
2018-11-23,78.56,79.17,78.16,78.74,275635,99.72
2018-11-26,79.6,80.06,78.79,79.9,938040,101.19
2018-11-27,79.97,80.56,79.63,80.54,563140,102.01
2018-11-28,80.62,82.02,80.55,82.02,702445,103.88
2018-11-29,81.65,81.87,81.01,81.4,641269,103.09
2018-11-30,81.4,81.96,81.15,81.89,1423859,103.71
2018-12-03,82.3,82.48,80.73,82.27,1510452,104.2
2018-12-04,82.61,83.61,81.29,81.52,1753311,103.24
2018-12-06,81.2,81.27,77.83,80.35,1274830,101.05
2018-12-07,80.2,80.97,78.92,79.15,1231630,99.54
2018-12-10,79.3,79.3,77.44,78.97,781591,99.32
2018-12-11,79.55,79.92,78.35,78.8,1253422,99.11
2018-12-12,79.62,80.15,79.46,79.6,1319089,100.11
2018-12-13,79.51,80.07,78.84,79.6,698245,100.11
2018-12-14,79.3,79.85,78.19,78.64,664253,98.9
2018-12-17,78.53,78.59,76.27,76.73,1095814,96.5
2018-12-18,77.07,77.85,75.87,76.5,983134,96.21
2018-12-19,76.74,77.92,74.94,75.37,991139,94.79
2018-12-20,74.85,75.48,73.79,74.58,1683241,93.8
2018-12-21,75.29,75.76,74,74.11,1889354,93.21
2018-12-24,73.87,74.31,72.39,73.03,646064,91.85
2018-12-26,73.41,75.4,72.48,75.39,769389,94.81
2018-12-27,74.67,75.7,73.44,75.7,928860,95.2
2018-12-28,76.01,76.85,75.25,75.94,732702,95.51
2018-12-31,76.25,76.63,75.61,76.35,694881,96.02
2019-01-02,75.61,76.16,75.06,75.37,954028,94.79
2019-01-03,75.08,75.45,73.92,74.17,1045486,93.28
2019-01-04,74.73,75.29,74.26,74.57,1017549,93.79
2019-01-07,74.55,75.81,74.39,75.23,957565,94.62
2019-01-08,75.78,76.31,74.84,75.66,784764,95.15
2019-01-09,76.33,77.01,75.93,76.5,1388971,96.21
2019-01-10,76.23,77.26,75.94,77.17,768636,97.06
2019-01-11,76.96,77.17,76.09,76.46,813745,96.16
2019-01-14,75.93,76.4,75.42,75.75,1278152,95.27
2019-01-15,75.69,77,75.66,76.87,970541,96.68
2019-01-16,76.45,76.78,76.1,76.37,843876,96.05
2019-01-17,76.09,77.19,75.87,77.17,872463,97.06
2019-01-18,77.45,77.91,76.67,77.87,1055915,97.93
2019-01-22,77.25,77.66,76.29,76.96,1559024,96.79
2019-01-23,77.11,77.44,76.34,77.02,468583,96.86
2019-01-24,76.99,76.99,75.43,75.97,812067,95.54
2019-01-25,76.6,77.06,76.22,76.97,859887,96.8
2019-01-28,76.56,77.07,76.05,77.06,794261,96.91
2019-01-29,77.17,78.22,76.77,78.18,892905,98.32
2019-01-30,78.38,79.11,78.04,79.06,912798,99.43
2019-01-31,78.95,79.44,78.51,79.37,1557143,99.82
2019-02-01,79.35,80.24,78.99,80.21,1156045,100.88
2019-02-04,80.12,80.85,78.93,80.62,2631353,101.39
2019-02-05,81.1,81.56,80.15,81.56,1604854,102.57
2019-02-06,81.58,81.79,81.17,81.52,1161446,102.53
2019-02-07,81.47,82.15,80.75,81.79,1097710,102.87
2019-02-08,81.41,81.83,81.41,81.77,1088740,102.84
2019-02-11,82.03,82.42,81.76,82.38,842717,103.61
2019-02-12,82.93,83.99,82.65,83.93,1078110,105.55
2019-02-13,84.08,84.38,83.79,84.25,1537108,105.96
2019-02-14,83.95,84.33,83.73,84.04,984043,105.69
2019-02-15,84.63,85.56,84.29,85.55,1439418,107.59
2019-02-19,85.67,87.3,85.33,86.81,1575989,109.18
2019-02-20,87.1,87.11,86.02,86.76,1940136,109.11
2019-02-21,86.53,87.7,86.1,87.38,1219694,109.9
2019-02-22,87.73,88.11,87.44,88.11,1145676,110.81
2019-02-25,88.54,89.2,87.11,87.18,1282527,109.64
2019-02-26,87.92,88.47,87.2,87.3,949311,109.8
2019-02-27,87.09,87.46,86.14,86.8,1003189,109.16
2019-02-28,86.7,86.9,85.97,86.49,1646236,108.78
2019-03-01,87.03,87.05,85.82,86.79,1007876,109.15
2019-03-04,87.07,87.4,85.6,86.28,997643,108.51
2019-03-05,86.56,86.8,85.91,86.14,851187,108.33
2019-03-06,86.4,86.4,85.54,85.71,831739,107.8
2019-03-07,85.43,85.83,85.07,85.56,1652338,106.85
2019-03-08,85.24,85.56,84.54,84.84,757603,105.94
2019-03-11,84.8,85.27,84.61,85.17,951758,106.36
2019-03-12,85.42,85.89,85.21,85.46,1505452,106.72
2019-03-13,85.73,86.16,85.48,85.82,653481,107.17
2019-03-14,85.55,85.95,85.09,85.76,810006,107.1
2019-03-15,85.52,86.19,85.16,85.72,4950171,107.05
2019-03-18,85.83,86.44,85.58,85.93,955038,107.31
2019-03-19,86.13,86.56,85.48,85.85,833002,107.21
2019-03-20,85.59,86.61,85.59,85.88,692942,107.25
2019-03-21,85.84,87.6,85.63,87.37,696688,109.1
2019-03-22,86.88,87.55,86.03,86.07,650092,107.48
2019-03-25,86.04,87.21,85.73,86.56,864347,108.09
2019-03-26,87.21,87.58,86.87,87.43,575300,109.18
2019-03-27,87.61,87.99,87.19,87.7,664307,109.52
2019-03-28,88.09,88.92,87.97,88.89,604467,111
2019-03-29,89.21,89.82,88.96,89.71,1084372,112.03
2019-04-01,90.23,90.66,89.82,90.57,694229,113.1
2019-04-02,90.31,90.54,89.82,90.08,905128,112.49
2019-04-03,90.25,90.53,89.89,90.17,1202896,112.6
2019-04-04,90.48,90.98,90.17,90.95,877097,113.58
2019-04-05,91.1,92.25,90.97,92.2,667753,115.14
2019-04-08,91.91,91.94,91.18,91.62,669376,114.41
2019-04-09,91.29,91.29,90.3,90.54,763079,113.07
2019-04-10,90.68,90.83,89.77,90.3,684597,112.77
2019-04-11,90.52,90.52,90.02,90.15,746465,112.58
2019-04-12,90.49,90.51,89.69,90.34,842777,112.81
2019-04-15,90.49,90.63,89.99,90.28,610871,112.74
2019-04-16,90.71,90.8,90.18,90.55,590399,113.08
2019-04-17,90.95,91.03,90.1,90.15,735422,112.58
2019-04-18,89.53,89.69,84.11,84.44,2255591,105.45
2019-04-22,84.11,84.27,82.23,83,1359690,103.65
2019-04-23,82.99,84.6,81.95,84.27,1377083,105.23
2019-04-24,84.34,84.56,83.03,83.71,817429,104.54
2019-04-25,83.43,83.43,82.11,82.94,914694,103.57
2019-04-26,83.12,83.23,82.44,82.95,656863,103.58
2019-04-29,82.81,83.07,82.12,82.13,928660,102.56
2019-04-30,82.02,82.14,81.46,82.11,1100064,102.54
2019-05-01,82.13,82.15,80.38,80.44,772611,100.45
2019-05-02,80.32,82.73,79.8,81.68,2817402,102
2019-05-03,82.1,82.34,81.06,81.78,1361535,102.12
2019-05-06,80.71,81.42,80.36,81.17,898374,101.36
2019-05-07,80.64,81.06,78.75,79.35,1040503,99.09
2019-05-08,79.29,79.31,78.32,78.89,1231577,98.52
2019-05-09,78.4,79.03,77.82,78.89,951044,98.52
2019-05-10,78.8,79.28,77.59,78.98,752896,98.63
2019-05-13,77.98,78.13,77.36,77.7,1088354,97.03
2019-05-14,77.7,78.11,77.18,77.48,993791,96.76
2019-05-15,77.04,77.27,76.24,77.21,779119,96.42
2019-05-16,77.45,78.58,77.1,78.12,869863,97.55
2019-05-17,77.47,78.61,77.47,78.55,1238284,98.09
2019-05-20,78.3,78.93,78,78.73,1089030,98.31
2019-05-21,78.9,80.25,78.76,79.93,935628,99.81
2019-05-22,79.95,80.7,79.68,80.09,811604,100.02
2019-05-23,79.75,79.86,78.36,78.67,629685,98.24
2019-05-24,79.02,79.17,78.06,78.95,440918,98.59
2019-05-28,79.09,79.3,77.84,77.84,860713,97.21
2019-05-29,77.89,78.43,77.45,78.32,718721,97.8
2019-05-30,78.54,79.22,78.28,79.2,631355,98.9
2019-05-31,78.37,79.26,78.24,79.2,925280,98.9
2019-06-03,79.33,80.13,78.89,79.45,899143,99.22
2019-06-04,79.93,80.82,79.71,80.78,604438,100.88
2019-06-05,81.28,81.31,80.25,81.06,839908,101.22
2019-06-06,81.28,81.67,80.95,81.21,672764,100.65
2019-06-07,81.62,83.22,81.38,82.53,1009894,102.29
2019-06-10,82.76,83.36,81.8,82.28,477436,101.97
2019-06-11,82.72,83.08,82.46,83.03,495299,102.9
2019-06-12,83.2,83.49,82.52,82.66,573583,102.44
2019-06-13,82.92,83.45,82.54,82.99,658602,102.85
2019-06-14,83.31,83.31,82.4,83.05,426481,102.93
2019-06-17,83.18,83.5,82.45,82.61,493759,102.39
2019-06-18,82.84,83.37,82.84,83.04,351522,102.92
2019-06-19,83.06,83.33,81.82,82.94,534844,102.79
2019-06-20,83.44,83.87,82.91,83.74,660040,103.79
2019-06-21,84.2,84.28,83.36,83.9,1791797,103.98
2019-06-24,83.74,84.2,83.27,83.87,623425,103.95
2019-06-25,83.79,83.79,82.9,83.41,1209128,103.37
2019-06-26,83.32,83.58,82.24,82.26,624611,101.95
2019-06-27,82.3,83.12,82.2,82.98,574381,102.84
2019-06-28,83.23,83.83,82.9,83.57,1445938,103.58
2019-07-01,84.2,84.83,83.74,84.41,627730,104.61
2019-07-02,84.57,84.62,83.51,84.44,959430,104.65
2019-07-03,84.59,85.66,84.57,85.65,593363,106.15
2019-07-05,85.45,85.6,84.64,85.2,482118,105.6
2019-07-08,85,85.47,84.74,84.83,587937,105.13
2019-07-09,84.62,84.71,83.85,84.04,990736,104.16
2019-07-10,84.2,84.58,83.91,84.07,712990,104.19
2019-07-11,84.15,84.24,83.61,83.83,806511,103.9
2019-07-12,83.99,85.05,83.99,85.05,817528,105.41
2019-07-15,85.04,85.27,83.98,84.57,744588,104.81
2019-07-16,84.92,85.34,84.5,85,775235,105.35
2019-07-17,84.68,85.14,82.28,82.48,1098281,102.22
2019-07-18,80.69,80.9,77.89,78.76,2370376,97.61
2019-07-19,78.6,78.85,76.73,76.8,1504946,95.18
2019-07-22,76.8,77.61,76.4,77.3,1319252,95.8
2019-07-23,77.43,78.36,76.73,78.27,1090253,97
2019-07-24,78.27,79.11,77.86,78.51,954333,97.3
2019-07-25,78.51,79.1,78.21,78.65,1220808,97.47
2019-07-26,78.78,79.31,78.55,79,633516,97.91
2019-07-29,78.99,79.52,78.75,79.36,591940,98.35
2019-07-30,79.23,79.36,78.68,79.02,703032,97.93
2019-07-31,78.98,79.44,77.85,78.36,1843820,97.12
2019-08-01,78.27,78.44,75.85,76.27,1131325,94.53
2019-08-02,76.07,76.31,74.35,74.39,1026162,92.2
2019-08-05,73.66,73.66,72.01,72.68,1639979,90.08
2019-08-06,73.09,74.16,72.19,74.01,1102808,91.72
2019-08-07,73.01,73.42,72.34,73.05,1256539,90.53
2019-08-08,73.32,74.23,73.18,74.16,981183,91.91
2019-08-09,74.26,74.35,72.83,73.77,759713,91.43
2019-08-12,73.27,73.6,72.01,72.25,369829,89.54
2019-08-13,71.66,74.21,71.5,73.52,691019,91.12
2019-08-14,72.48,72.74,71.68,71.75,879601,88.92
2019-08-15,71.92,72.21,70.94,71.69,732454,88.85
2019-08-16,72.27,72.74,71.99,72.45,1082448,89.79
2019-08-19,73.42,73.42,72.74,72.9,588097,90.35
2019-08-20,72.66,72.8,72.06,72.25,605634,89.55
2019-08-21,73.04,73.2,71.88,72.49,578466,89.84
2019-08-22,72.79,73.02,72.07,72.46,616600,89.81
2019-08-23,72.11,72.55,70.47,70.79,1008474,87.73
2019-08-26,71.37,71.38,70.41,70.86,576449,87.82
2019-08-27,71.24,71.83,70.79,70.88,778840,87.85
2019-08-28,70.62,71.87,70.62,71.49,738392,88.6
2019-08-29,72.29,72.73,71.9,72.29,1085045,89.59
2019-08-30,72.83,73.36,72.54,72.85,1158906,90.29
2019-09-03,72.62,73.4,72.31,73.26,905856,90.8
2019-09-04,73.42,74.05,73.42,73.9,676314,91.59
2019-09-05,74.5,76.29,74.37,76.12,1015600,93.56
2019-09-06,76.2,76.89,75.32,76.75,830694,94.33
2019-09-09,76.99,77.77,76.85,77.57,715811,95.34
2019-09-10,77.72,79.07,77.39,79.07,656342,97.18
2019-09-11,78.91,79.79,78.16,79.78,707508,98.05
2019-09-12,80.18,80.5,79.19,79.35,747230,97.52
2019-09-13,80.03,80.65,79.75,80.29,549256,98.68
2019-09-16,79.75,80.36,79.26,79.65,646206,97.89
2019-09-17,79.5,79.81,78.92,79.73,484354,97.99
2019-09-18,79.64,79.92,79.08,79.79,536760,98.07
2019-09-19,79.94,79.94,78.75,78.94,687228,97.02
2019-09-20,79.27,80.22,79.13,79.33,1537028,97.5
2019-09-23,79.09,79.93,78.98,79.55,923579,97.77
2019-09-24,79.74,80.07,78.03,78.15,1202188,96.05
2019-09-25,78.47,79.61,78.15,79.51,884994,97.72
2019-09-26,79.5,79.5,78.31,79.27,611867,97.43
2019-09-27,79.92,80.49,79.61,80.49,695577,98.93
2019-09-30,80.66,81.35,80.3,81.03,830723,99.59
2019-10-01,81.17,81.42,79.1,79.1,1235804,97.22
2019-10-02,78.63,78.67,76.24,76.77,1077361,94.36
2019-10-03,76.57,77.01,75.57,76.99,528859,94.62
2019-10-04,77.1,78.21,76.64,78.06,552313,95.94
2019-10-07,77.81,77.81,76.92,76.92,665388,94.54
2019-10-08,76.22,76.25,75.19,75.3,761831,92.55
2019-10-09,75.98,76.15,75.36,75.86,774275,93.23
2019-10-10,75.94,77.12,75.85,76.91,694959,94.52
2019-10-11,78,79.69,77.95,78.83,727076,96.88
2019-10-14,78.6,79.25,78.3,78.78,448474,96.82
2019-10-15,78.83,80.19,78.69,79.69,859006,97.94
2019-10-16,79.49,80.23,79.31,79.52,984107,97.73
2019-10-17,79.65,82.1,79.6,80.49,1136893,98.93
2019-10-18,80.49,82.62,80.06,82.46,1040422,101.35
2019-10-21,82.57,83.17,82.51,82.88,660174,101.86
2019-10-22,82.89,84.4,82.52,84.06,691632,103.31
2019-10-23,83.99,84.95,83.31,84.81,791573,104.24
2019-10-24,84.96,85.13,84.28,84.66,815338,104.05
2019-10-25,83.44,84.19,82.78,83.41,793887,102.51
2019-10-28,83.82,84.6,83.73,84.34,426220,103.66
2019-10-29,84.11,84.72,83.68,84.02,645219,103.26
2019-10-30,83.8,84.16,83.4,83.96,589365,103.19
2019-10-31,83.91,84.02,82.61,83.46,1295633,102.58
2019-11-01,84.26,85.43,83.83,85.2,872870,104.71
2019-11-04,85.55,86.73,85.37,86.56,978215,106.39
2019-11-05,86.53,87.6,86.52,87.25,620468,107.24
2019-11-06,87.38,87.68,86.77,87.66,596371,107.74
2019-11-07,88.07,88.34,86.41,86.59,792802,106.42
2019-11-08,86.35,86.49,85.72,86.37,625786,106.15
2019-11-11,85.88,86.65,85.44,86.33,479064,106.1
2019-11-12,86,86.02,85.03,85.19,776309,104.7
2019-11-13,84.92,85.15,84.03,84.9,656981,104.35
2019-11-14,84.37,84.97,84.07,84.48,635647,103.83
2019-11-15,84.97,85.36,84.5,85.29,1473156,104.83
2019-11-18,85.22,85.84,84.87,85.75,935102,105.39
2019-11-19,85.42,85.73,84.86,85.08,672979,104.57
2019-11-20,84.95,85.11,83.6,84.06,1177071,103.31
2019-11-21,84.45,84.57,83.38,83.45,668656,102.56
2019-11-22,83.71,84.39,83.29,84.38,532540,103.71
2019-11-25,84.62,84.83,84.01,84.6,676789,103.98
2019-11-26,84.81,85.08,84.21,84.98,835742,104.45
2019-11-27,84.98,85.65,84.98,85.6,614035,105.21
2019-11-29,85.48,85.59,84.76,84.92,387867,104.37
2019-12-02,85.02,85.73,84.76,85.2,793184,104.72
2019-12-03,84.11,84.16,83.46,83.57,588702,102.71
2019-12-04,83.73,84.98,83.73,84.43,676508,103.77
2019-12-05,84.86,85.19,83.94,84.41,503403,102.98
2019-12-06,85.06,85.45,84.91,85,617404,103.7
2019-12-09,85,85.33,84.57,85.15,957696,103.88
2019-12-10,85.3,85.74,84.91,84.96,608910,103.65
2019-12-11,85.12,85.48,84.6,85.45,563499,104.25
2019-12-12,85.48,86.79,85.27,86.66,920982,105.73
2019-12-13,86.67,86.75,85.31,86.2,563425,105.16
2019-12-16,86.86,87.19,86.16,86.35,911166,105.35
2019-12-17,86.54,87.77,86.47,86.79,821884,105.89
2019-12-18,87.06,87.2,86.26,86.88,1059898,106
2019-12-19,87.13,87.13,85.86,86.22,729901,105.19
2019-12-20,86.52,87.42,86.21,86.88,1676178,105.99
2019-12-23,87.28,87.57,86.48,87.32,530683,106.53
2019-12-24,87.24,87.47,86.37,86.49,267886,105.52
2019-12-26,86.74,86.88,86.08,86.88,455930,106
2019-12-27,87.16,87.4,86.49,87.08,484071,106.24
2019-12-30,87.32,87.39,86.64,86.9,344654,106.02
2019-12-31,86.71,87.21,86.65,87.07,509151,106.23
2020-01-02,87.38,87.57,85.91,86.73,995445,105.81
2020-01-03,85.7,85.96,84.47,85.5,926173,104.31
2020-01-06,84.77,85.04,83.34,83.69,746377,102.1
2020-01-07,83.38,84.43,82.6,83.37,681297,101.71
2020-01-08,83.37,84.07,83.09,83.13,796512,101.42
2020-01-09,83.27,83.42,82.08,82.63,911947,100.81
2020-01-10,82.95,82.98,80.8,81.06,890309,98.9
2020-01-13,80.98,81.84,80.22,81.72,804526,99.7
2020-01-14,81.56,82.1,81.3,81.97,1060295,100
2020-01-15,81.96,82.58,81.06,81.39,753548,99.3
2020-01-16,81.8,83.27,81.6,83.26,859270,101.58
2020-01-17,83.61,84.29,82.9,84.26,1113751,102.8
2020-01-21,83.68,83.85,82.82,83.13,1187049,101.42
2020-01-22,83.39,83.67,81.93,82.14,522058,100.21
2020-01-23,81.7,82.26,81.06,82.11,955628,100.17
2020-01-24,82.2,82.29,80.07,80.38,745993,98.07
2020-01-27,79.47,79.55,78.43,78.82,902931,96.16
2020-01-28,79.41,79.69,78.7,79.16,647380,96.58
2020-01-29,79.4,80.27,79.17,79.64,706311,97.16
2020-01-30,78.82,79.53,78.32,79.41,592660,96.88
2020-01-31,79.25,79.43,76.61,76.7,994992,93.57
2020-02-03,77.19,78.31,76.95,77.29,864582,94.3
2020-02-04,78.64,79.64,78.16,78.19,820668,95.39
2020-02-05,78.82,80.53,78.79,80.34,723256,98.02
2020-02-06,80.82,80.88,78.46,78.81,823867,96.15
2020-02-07,78.33,78.56,77.8,78.18,647043,95.38
2020-02-10,78.15,78.33,77.4,77.98,503237,95.14
2020-02-11,78.04,78.74,77.74,78.45,555601,95.71
2020-02-12,78.74,79.32,78.45,79.14,527980,96.55
2020-02-13,78.7,79.48,78.43,79.47,543644,96.96
2020-02-14,79.49,79.49,78.43,79.07,747452,96.47
2020-02-18,78.97,80.08,78.61,79.31,1325933,96.76
2020-02-19,81.14,83.61,80.74,81.43,1504026,99.35
2020-02-20,80.88,81.91,80.33,81.65,817471,99.61
2020-02-21,81.16,81.47,78.69,78.86,4427812,96.21
2020-02-24,77.2,79.33,76.6,78.46,1534293,95.72
2020-02-25,78.61,78.61,75.39,75.44,1456906,92.04
2020-02-26,76.31,77.7,73.87,73.92,1598420,90.18
2020-02-27,72.91,74.51,71.06,71.07,1858317,86.71
2020-02-28,69.41,71.59,69.19,71.51,2000880,87.24
2020-03-02,71.81,73.02,69.37,72.98,1638789,89.04
2020-03-03,72.45,73.53,69.8,70.79,1555365,86.36
2020-03-04,71.86,73.25,70.22,73.15,1065541,89.25
2020-03-05,71.05,71.95,69.77,70.83,1172781,85.65
2020-03-06,68.81,70.18,66.8,68.52,2053999,82.85
2020-03-09,64.96,67.75,63.98,66.28,2017543,80.15
2020-03-10,68.71,71.11,67.39,71.05,1438769,85.92
2020-03-11,69.09,70.67,68.39,69.38,1631352,83.9
2020-03-12,65.4,68.3,62.21,64.88,2263632,78.45
2020-03-13,67.2,67.71,62.59,65.55,1795429,79.27
2020-03-16,58.52,61.69,57.89,58.67,1570733,70.95
2020-03-17,59.58,63.56,58.3,63.55,1625579,76.85
2020-03-18,59.63,60.59,50.36,54.87,1456427,66.35
2020-03-19,54.12,54.85,51.55,53.18,1652257,64.31
2020-03-20,53.87,53.99,45.5,45.77,2634122,55.35
2020-03-23,45.77,45.86,41.09,41.59,2315240,50.29
2020-03-24,43.52,50.66,43.26,50.29,1813293,60.81
2020-03-25,50.4,56.88,49.53,53.57,2116854,64.78
2020-03-26,53.8,57.28,52.5,56.76,1742802,68.64
2020-03-27,53.93,55.3,52.33,53.31,1466478,64.46
2020-03-30,53.31,55.57,52.44,54.65,1270575,66.08
2020-03-31,54.13,56.27,53.41,55.68,2134117,67.33
2020-04-01,52.6,53.28,51.2,51.88,1780090,62.74
2020-04-02,51.26,53.54,49.21,50.78,1526141,61.4
2020-04-03,50.57,51.27,47.86,48.18,1194863,58.26
2020-04-06,51,55.94,51,55.49,1627601,67.1
2020-04-07,58.93,60.21,56.36,57.36,1527859,69.36
2020-04-08,58.62,60.85,57.51,60.58,1431165,73.25
2020-04-09,61.92,63.03,58.62,59.27,2086562,71.67
2020-04-13,59.05,59.15,56.75,58.96,1488378,71.29
2020-04-14,60.05,61.59,59.62,61.34,1115743,74.17
2020-04-15,58.89,59.88,57.43,59.15,1031482,71.52
2020-04-16,58.86,61.16,58.43,60.77,1199574,73.48
2020-04-17,62.88,64.51,60.98,61.73,1177414,74.65
2020-04-20,60.84,62.37,60.08,60.52,947183,73.18
2020-04-21,58.9,59.66,58.35,58.75,731313,71.04
2020-04-22,59.93,60.72,59.05,60.29,838438,72.9
2020-04-23,61.09,62,60.1,60.45,810683,73.1
2020-04-24,60.98,62.5,60.56,62.05,1043297,75.03
2020-04-27,62.6,64.64,62.24,64.12,719619,77.53
2020-04-28,65.38,66.79,65.1,65.51,912342,79.22
2020-04-29,66.99,68.85,66.47,67.9,1050531,82.11
2020-04-30,66.9,67.02,64.74,65.56,2258744,79.28
2020-05-01,63.91,64.25,61.69,62.18,885149,75.19
2020-05-04,61.73,62.79,61.24,62.54,715596,75.63
2020-05-05,63.13,63.83,61.89,62.02,923534,75
2020-05-06,62.02,62.94,58.54,60.05,1331461,72.61
2020-05-07,61.01,62.73,60.79,60.96,1147499,73.72
2020-05-08,62.04,63.4,61.87,63.21,776345,76.44
2020-05-11,62.63,63.39,60.98,62.84,1022081,75.99
2020-05-12,62.89,63.09,61.34,61.34,1054417,74.17
2020-05-13,60.96,60.96,57.89,58.41,1099036,70.63
2020-05-14,57.27,58.72,55.51,58.72,1221335,71
2020-05-15,58.02,60.78,57.33,60.47,2738385,73.12
2020-05-18,62.85,64.71,62.73,63.93,1024104,77.31
2020-05-19,63.88,65.11,62.97,63.18,857794,76.4
2020-05-20,63.75,64.79,63.58,63.86,693141,77.22
2020-05-21,63.46,64.19,62.36,63.8,705023,77.15
2020-05-22,63.75,64.05,63.05,63.86,572802,77.22
2020-05-26,65.95,68.71,65.72,68.09,1005632,82.34
2020-05-27,69.55,72.25,69.55,72.19,1063489,87.29
2020-05-28,72.38,72.69,69.58,69.72,783402,84.31
2020-05-29,68.98,70.05,68.22,68.98,1159582,83.41
2020-06-01,69.06,70.58,68.73,70.11,863893,84.78
2020-06-02,70.85,71.07,69.66,70.19,818542,84.87
2020-06-03,71.15,73.88,70.57,73.72,992625,89.14
2020-06-04,72.87,75.33,71.86,75.29,1114972,90.24
2020-06-05,78.52,79.65,76.51,77,985148,92.28
2020-06-08,77.35,79.54,77.01,78.03,1012383,93.52
2020-06-09,76.69,76.94,75.78,76.48,641041,91.66
2020-06-10,76.65,76.93,73.83,73.85,780329,88.51
2020-06-11,71.02,71.78,69.36,69.75,901607,83.59
2020-06-12,72.03,72.45,69.85,71.41,882873,85.59
2020-06-15,69.15,72.31,68.47,71.44,1058054,85.62
2020-06-16,74.37,74.8,72.23,73.91,828165,88.58
2020-06-17,73.83,74.73,72.92,74,824257,88.69
2020-06-18,73.19,74.53,73.19,73.63,799187,88.24
2020-06-19,75.05,75.9,72.85,73.07,4096184,87.58
2020-06-22,72.9,73.98,71.49,73.22,873807,87.75
2020-06-23,74.03,74.62,73,73.79,750861,88.44
2020-06-24,72.92,73.08,69.99,70.65,956629,84.67
2020-06-25,70.15,71.3,69.5,70.97,635729,85.06
2020-06-26,70.82,71.36,69.52,69.8,1826236,83.66
2020-06-29,70.88,72.87,70.34,72.61,782463,87.02
2020-06-30,72.34,72.96,71.42,72.56,1094256,86.96
2020-07-01,72.46,72.94,71.57,71.67,846511,85.9
2020-07-02,72.99,74.24,71.83,72.46,821519,86.84
2020-07-06,73.6,73.89,72.29,72.97,503680,87.45
2020-07-07,72.09,73.09,72.01,72.46,634391,86.84
2020-07-08,72.52,72.77,71.13,71.87,622456,86.14
2020-07-09,71.5,71.73,69.81,70.46,750442,84.45
2020-07-10,70.87,71.53,69.99,71.41,521149,85.58
2020-07-13,71.86,72.87,70.91,71.03,792572,85.13
2020-07-14,70.46,72.06,70.16,71.9,821055,86.17
2020-07-15,73.2,73.87,72.3,73.64,609153,88.26
2020-07-16,73.32,74.08,73.18,73.96,499428,88.64
2020-07-17,74.47,74.47,72.98,73.31,505051,87.86
2020-07-20,72.77,73.07,71.84,72.62,625305,87.03
2020-07-21,72.65,74.2,72.65,73.12,576850,87.63
2020-07-22,73,74.54,72.72,74.34,568842,89.1
2020-07-23,73.88,74.68,73.5,73.81,620252,88.46
2020-07-24,73.79,75.08,73.47,73.96,726455,88.64
2020-07-27,73.48,75.01,72.62,74.62,821681,89.43
2020-07-28,74.95,75.3,73.73,74.43,759089,89.2
2020-07-29,74.54,76.56,74.54,76.47,835274,91.65
2020-07-30,75.43,77,73.33,75.49,1072749,90.48
2020-07-31,75.67,76.51,74.57,75.22,2300360,90.15
2020-08-03,75.7,76.29,75.21,75.81,926295,90.86
2020-08-04,75.57,76.12,75.27,76.09,768548,91.19
2020-08-05,77.01,77.39,76.5,77.12,765712,92.43
2020-08-06,76.87,77.43,76.24,76.95,585588,92.23
2020-08-07,76.63,77.42,76.38,77.39,625754,92.75
2020-08-10,77.4,78.64,77.05,78.49,633455,94.07
2020-08-11,79.32,80.58,79.07,79.49,805791,95.27
2020-08-12,80.07,80.98,79.57,80.83,891864,96.87
2020-08-13,80.06,80.23,78.29,78.73,537419,94.36
2020-08-14,78.66,79.5,78.6,78.9,458838,94.56
2020-08-17,79.27,79.49,78.4,78.61,516001,94.22
2020-08-18,78.53,78.99,78,78.06,553389,93.56
2020-08-19,78.13,78.38,77.41,77.63,514108,93.04
2020-08-20,76.87,77.56,76.72,76.95,581591,92.22
2020-08-21,76.94,78.03,76.53,77.83,920238,93.28
2020-08-24,78.38,79.7,78.14,79.26,904228,94.99
2020-08-25,79.64,79.77,78.3,78.85,609491,94.5
2020-08-26,78.6,79.39,78.26,78.74,637519,94.37
2020-08-27,78.74,79.13,77.77,78.14,449839,93.65
2020-08-28,78.38,79.17,77.93,79.17,534671,94.88
2020-08-31,80.03,80.1,78.17,78.8,1494415,94.44
2020-09-01,78.36,80.11,77.72,79.82,809061,95.66
2020-09-02,79.46,82.98,79.46,82.85,1228511,99.29
2020-09-03,83.06,83.06,80.9,81.45,1221864,96.84
2020-09-04,82.06,82.52,80.59,81.98,706984,97.47
2020-09-08,81.22,83.06,80.57,82.05,1463607,97.56
2020-09-09,82.48,84.42,82.1,83.83,849438,99.67
2020-09-10,84.09,84.43,82.48,83.07,1252902,98.77
2020-09-11,83.36,84.77,83.17,84.58,976987,100.56
2020-09-14,87.7,87.7,86.09,86.65,1159796,103.02
2020-09-15,86.99,87.8,85.39,85.65,1174817,101.84
2020-09-16,86.07,86.14,84.49,85.25,889734,101.36
2020-09-17,84.56,86.19,84.1,85.65,844369,101.83
2020-09-18,85.02,86.81,84.91,85.84,1746298,102.06
2020-09-21,84.54,84.89,80.77,81.21,1277970,96.55
2020-09-22,81.47,82.52,80.71,81.1,1066357,96.43
2020-09-23,81.6,81.6,79.46,79.62,2340076,94.67
2020-09-24,79.61,80.57,78.66,79.01,811097,93.94
2020-09-25,78.51,79.85,78.07,79.14,880716,94.1
2020-09-28,80.17,81.02,79.76,80.52,778084,95.74
2020-09-29,80.69,80.69,79.57,79.68,576882,94.74
2020-09-30,80.03,80.74,79.3,80.04,949736,95.17
2020-10-01,80.48,81.26,79.25,79.85,757528,94.94
2020-10-02,78.64,80.9,78.64,80.62,715969,95.85
2020-10-05,81.52,82.28,80.99,81.92,833409,97.4
2020-10-06,82.03,83.37,80.91,81.18,606852,96.52
2020-10-07,82.07,83.63,82.07,83.06,616934,98.75
2020-10-08,83.39,85.12,83.1,85.07,798179,101.15
2020-10-09,85.44,86.06,84.36,84.43,785245,100.39
2020-10-12,84.34,84.94,83.94,84.3,670282,100.23
2020-10-13,83.87,84.46,83.5,84.02,553232,99.9
2020-10-14,84.12,85.44,84.12,84.89,788319,100.93
2020-10-15,84.17,85.7,83.87,85.18,1015758,101.28
2020-10-16,85.23,85.59,84.67,84.88,835702,100.92
2020-10-19,85.02,86.24,84.52,84.62,1077794,100.61
2020-10-20,85.23,87.13,85.13,85.66,941980,101.85
2020-10-21,86.07,86.91,85.49,85.81,1018385,102.02
2020-10-22,84.75,85.75,80.52,81.4,1489431,96.78
2020-10-23,82.11,83.42,81.67,83.08,1012540,98.78
2020-10-26,82.21,82.26,79.34,80.26,995339,95.43
2020-10-27,80.32,80.68,78.82,78.95,809536,93.87
2020-10-28,77.5,78.08,75.21,75.44,983146,89.69
2020-10-29,75.7,77.25,75.39,75.96,802900,90.31
2020-10-30,75.81,76.35,74.85,76.06,1307143,90.43
2020-11-02,77.49,78.67,77.12,78.66,868417,93.52
2020-11-03,79.76,83.01,79.7,82.55,953048,98.15
2020-11-04,82.42,82.66,79.71,79.74,1315935,94.81
2020-11-05,80.72,82.52,80.72,80.93,755887,96.22
2020-11-06,81.24,81.33,79.52,79.62,619797,94.67
2020-11-09,84.01,87.84,82.69,82.84,1298170,98.49
2020-11-10,83.04,85.11,82.83,83.96,825105,99.82
2020-11-11,84.42,84.89,82.02,82.12,977698,97.64
2020-11-12,81.76,82,80.11,80.68,682865,95.93
2020-11-13,81.52,83.56,81.36,83.29,528281,99.03
2020-11-16,84.68,84.75,82.54,83.75,841822,99.57
2020-11-17,82.71,83.06,81.04,82.83,636030,98.48
2020-11-18,82.93,84.65,82.85,82.97,1090714,98.65
2020-11-19,82.54,82.76,81.15,82.42,822577,98
2020-11-20,82.42,82.48,81.09,81.55,801720,96.96
2020-11-23,82.14,82.64,81.05,81.68,651626,97.12
2020-11-24,83,85.39,82.18,85.08,936299,101.16
2020-11-25,84.52,84.7,82.59,83.22,796311,98.95
2020-11-27,83.14,83.43,82.09,82.73,302352,98.36
2020-11-30,82.44,82.84,81.21,82.74,2970906,98.37
2020-12-01,83.85,86.3,83.22,85.51,939045,101.67
2020-12-02,82.37,83.27,81.31,81.57,1242848,96.98
2020-12-03,81.41,82.86,81.24,82.47,744007,97.26
2020-12-04,82.41,83.36,82.37,83.31,669229,98.25
2020-12-07,82.87,83.47,82.46,83.31,878581,98.25
2020-12-08,82.85,83.24,81.78,81.96,972102,96.65
2020-12-09,82.17,83.12,81.58,83.06,1382123,97.95
2020-12-10,82.89,83.14,81.55,82.29,652946,97.04
2020-12-11,81.99,82.92,81.57,82.3,924157,97.06
2020-12-14,82.98,83.86,81.23,81.25,758912,95.82
2020-12-15,81.58,82.17,80.61,81.91,749132,96.59
2020-12-16,82.02,82.84,81.39,81.83,811282,96.5
2020-12-17,82.25,82.99,81.46,82.21,874609,96.95
2020-12-18,82.29,83.04,81.68,82.7,2341163,97.53
2020-12-21,81.21,82.72,79.79,82.56,849457,97.36
2020-12-22,82.38,84,82.25,83.64,891143,98.64
2020-12-23,83.92,85.08,83.57,84.29,662748,99.4
2020-12-24,84.63,84.69,83.43,84.25,177823,99.36
2020-12-28,85.03,86.05,84.65,84.83,497949,100.04
2020-12-29,84.83,85.26,83.53,83.77,484958,98.79
2020-12-30,83.99,85.16,83.78,84.47,467504,99.61
2020-12-31,84.49,85.25,83.99,85.16,625226,100.43
2021-01-04,85.71,85.71,82.49,83.47,1126326,98.44
2021-01-05,83.45,84.67,82.83,84.25,913962,99.35
2021-01-06,84.36,87.89,83.86,87.6,1093418,103.31
2021-01-07,87.77,88.18,86.52,87.97,917860,103.74
2021-01-08,88.25,88.33,86.64,87.63,846985,103.34
2021-01-11,86.9,89.56,86.62,89.13,1165945,105.11
2021-01-12,89.04,92.05,88.54,91.84,976116,108.3
2021-01-13,91.41,91.74,89.42,89.79,840801,105.89
2021-01-14,90.21,90.6,88.97,88.99,615167,104.95
2021-01-15,88.91,88.91,86.23,86.62,1081075,102.15
2021-01-19,86.77,87.1,84.03,84.42,832945,99.55
2021-01-20,84.17,85.42,83.31,84.81,975582,100.01
2021-01-21,84.73,86.92,84.73,86.68,1121973,102.22
2021-01-22,85.89,86.41,85.03,86.19,851948,101.64
2021-01-25,86.05,86.71,84.8,85.82,1028268,101.2
2021-01-26,86.06,86.54,84.8,86.07,750973,101.5
2021-01-27,84.86,85.21,81.58,83.78,1351705,98.8
2021-01-28,84.5,85.08,82.14,82.21,982790,96.95
2021-01-29,82.03,82.75,79.39,79.61,3745848,93.88
2021-02-01,79.84,80.94,79.42,80.29,838986,94.69
2021-02-02,80.71,83.1,80.45,82.65,1066819,97.47
2021-02-03,82.22,83.88,81.77,83.46,555607,98.42
2021-02-04,83.95,85.19,83.44,85.15,780976,100.41
2021-02-05,85.65,86.27,84.95,86.2,649220,101.65
2021-02-08,86.49,87.88,86.27,87.83,730511,103.58
2021-02-09,87.89,88.43,87.32,87.9,714801,103.66
2021-02-10,88.3,88.44,86.86,87.43,622380,103.11
2021-02-11,87.43,87.54,85.14,85.25,849815,100.53
2021-02-12,84.48,85.84,83.66,84.22,1010625,99.32
2021-02-16,84.87,87.03,84.53,86.43,936224,101.92
2021-02-17,85.86,85.98,83.3,83.9,1240729,98.94
2021-02-18,83.31,86.21,83.31,85.71,1013178,101.08
2021-02-19,86.3,87.26,85.07,86.8,1041632,102.36
2021-02-22,86.04,89.08,86.01,88.67,930710,104.57
2021-02-23,88.88,90.21,88.39,88.91,1126178,104.85
2021-02-24,88.91,90.78,88.49,90.15,802553,106.31
2021-02-25,90.15,90.84,88.9,89.37,608706,105.39
2021-02-26,90.05,90.79,88.93,89.33,1820894,105.35
2021-03-01,90.22,92.55,90.02,91.84,1149089,108.31
2021-03-02,91.67,93.21,90.36,92.59,1094937,109.19
2021-03-03,92.9,95.58,92.67,93.51,1061730,110.28
2021-03-04,93.48,94.76,90.43,91.91,1073070,107.59
2021-03-05,92.9,96.68,92.39,96.32,975379,112.75
2021-03-08,96.9,101.52,96.23,99.84,1432638,116.87
2021-03-09,99.66,99.95,96.93,96.95,1298309,113.49
2021-03-10,97.34,98.88,96.36,98.38,585584,115.16
2021-03-11,97.76,98.64,96.82,97.02,814668,113.57
2021-03-12,98.12,98.86,97.35,97.89,655956,114.59
2021-03-15,97.51,99.15,96.5,99.08,965383,115.98
2021-03-16,98.53,98.53,96.6,97.77,654817,114.45
2021-03-17,98.26,99.23,97.73,97.92,706800,114.62
2021-03-18,97.94,100.4,97.82,99.05,811799,115.94
2021-03-19,98.81,100.81,97.41,100.22,5063278,117.31
2021-03-22,99.82,99.86,97.78,98.53,1029251,115.33
2021-03-23,97.7,99.52,97.46,98.06,871875,114.78
2021-03-24,98.03,99.42,98.02,98.08,777893,114.81
2021-03-25,98.41,100.11,97.08,99.98,795786,117.03
2021-03-26,100.54,101.34,99.91,101.28,759447,118.55
2021-03-29,100.38,101.24,99.78,100.09,603489,117.16
2021-03-30,100.17,100.69,99.66,100.44,631437,117.57
2021-03-31,99.58,100.08,98.43,98.75,1104153,115.59
2021-04-01,99.07,99.67,98.41,99.63,600289,116.62
2021-04-05,100.38,101.03,99.43,100.15,669289,117.23
2021-04-06,100.04,100.92,99.52,100.35,679417,117.47
2021-04-07,100.08,100.65,99.23,99.68,613994,116.68
2021-04-08,99.23,99.58,98.47,98.86,713777,115.72
2021-04-09,99.49,99.93,98.52,99.86,1228274,116.89
2021-04-12,100.38,100.82,99.8,100.59,479639,117.75
2021-04-13,99.67,99.74,98.41,99.09,850636,115.99
2021-04-14,98.81,100.94,98.81,100.52,592987,117.66
2021-04-15,100.94,101.26,100.34,101.19,484611,118.45
2021-04-16,101.98,102.99,101.65,102.53,705246,120.02
2021-04-19,102.24,102.24,102,102,6658,119.4
2021-04-20,102.11,102.51,101.29,101.87,868952,119.25
2021-04-21,102.45,104.15,101.59,103.57,889682,121.24
2021-04-22,103.33,105.27,101.31,101.97,1330875,119.36
2021-04-23,103.12,105.03,102.1,104.51,828070,122.33
2021-04-26,105.09,105.27,103.76,104.4,1033952,122.21
2021-04-27,104.8,105.37,103.87,105.21,994484,123.16
2021-04-28,105.58,106.57,104.98,106.52,1095007,124.69
2021-04-29,107.07,108.87,107.07,107.42,1251939,125.74
2021-04-30,107.37,107.42,106.38,106.76,2030131,124.97
2021-05-03,107.6,109.74,107.39,108.71,815393,127.25
2021-05-04,109.14,111.36,108.5,111.28,1116682,130.26
2021-05-05,111.26,113.11,110.68,112.47,1001216,131.65
2021-05-06,113.29,113.51,112.04,113.09,657176,132.38
2021-05-07,112.24,114.44,111.82,114.01,676844,133.46
2021-05-10,114.74,116.12,114.05,114.13,613085,133.6
2021-05-11,113.5,114.08,111.66,112.12,847190,131.24
2021-05-12,112.02,112.39,108.79,108.9,894606,127.47
2021-05-13,109.25,112.3,109.2,111.87,933602,130.95
2021-05-14,112.11,112.97,111.18,112.73,573753,131.96
2021-05-17,112.75,113.91,112.25,113.07,1002714,132.35
2021-05-18,113.13,113.62,111.96,112.07,1444008,131.18
2021-05-19,110.67,111.31,109.72,110.75,2388019,129.64
2021-05-20,110.77,112,109.96,111.75,1224246,130.81
2021-05-21,111.86,113.89,111.86,112.28,1463054,131.43
2021-05-24,112.77,112.91,111.91,112.25,847665,131.4
2021-05-25,112.13,112.62,110.86,111.04,1438776,129.98
2021-05-26,111.64,112.36,110.74,111.78,1210461,130.85
2021-05-27,112.8,113.18,111.37,111.45,1973008,130.46
2021-05-28,111.53,112.57,111.15,112.01,1062679,131.12
2021-06-01,112.77,113.69,112.24,112.84,1057168,132.09
2021-06-02,113.2,113.2,111.5,111.76,976888,130.82
2021-06-03,111.36,111.76,110.34,111.03,1009947,129.16
2021-06-04,111.38,111.72,110.32,111.71,757351,129.95
2021-06-07,111.9,111.92,109.7,109.92,1027001,127.87
2021-06-08,109.44,111.51,109.44,111.26,1012970,129.42
2021-06-09,110.97,111.49,110.09,110.37,1118344,128.39
2021-06-10,111.14,111.41,109.7,109.79,714551,127.71
2021-06-11,110.25,111.15,110.08,110.92,803946,129.03
2021-06-14,110.55,110.66,109.01,109.7,780114,127.61
2021-06-15,109.36,109.47,108.32,109.41,791162,127.27
2021-06-16,109.11,109.5,108.01,108.19,909422,125.85
2021-06-17,108.25,108.37,104.75,105.63,1184914,122.88
2021-06-18,103.89,104.43,103.22,104.12,2215491,121.12
2021-06-21,105.25,107.21,104.94,106.96,806779,124.42
2021-06-22,107.04,107.9,105.81,107.41,735520,124.95
2021-06-23,107.66,108.5,106.94,107.73,702099,125.32
2021-06-24,108.32,108.85,107.67,108.45,540049,126.16
2021-06-25,108.74,109.97,108.74,109.73,978287,127.65
2021-06-28,109.38,109.42,107.58,107.89,515962,125.51
2021-06-29,108.58,109.66,108.58,108.93,462037,126.71
2021-06-30,108.83,109.36,108.18,108.72,602732,126.47
2021-07-01,109.17,110.43,108.78,110.3,586614,128.31
2021-07-02,110.6,111.23,110.18,110.95,556954,129.06
2021-07-06,110.83,111.03,108.65,109.55,945270,127.44
2021-07-07,109.02,111.06,108.9,110.57,510625,128.62
2021-07-08,109.05,110.51,108.72,109.3,815384,127.15
2021-07-09,110.99,111.53,110.2,111.34,720260,129.52
2021-07-12,110.69,111.75,110.05,111.32,548131,129.5
2021-07-13,110.7,111.08,109.58,109.74,585970,127.66
2021-07-14,110.16,110.79,109.48,110.71,594677,128.79
2021-07-15,110.08,111.42,110.08,110.9,498001,129.01
2021-07-16,111.45,111.66,109.5,109.7,446208,127.61
2021-07-19,108.36,108.88,107.13,108,754003,125.63
2021-07-20,108.7,111.16,107.8,110.32,899354,128.33
2021-07-21,110.85,111.71,110.49,111.04,789155,129.17
2021-07-22,113.6,113.6,108.31,108.63,1055460,126.37
2021-07-23,109.44,111.39,108.98,110.97,736555,129.09
2021-07-26,110.59,111.69,109.9,110.64,885344,128.71
2021-07-27,110.01,110.98,109.26,110.79,651182,128.88
2021-07-28,110.93,111.13,108.32,108.36,774837,126.05
2021-07-29,109.21,110.3,108.75,109.97,859148,127.92
2021-07-30,109.61,110.47,108.64,109.11,2631182,126.92
2021-08-02,109.92,110.84,108.36,108.71,697312,126.46
2021-08-03,109.31,110.58,108.32,110.17,777169,128.16
2021-08-04,109.36,109.74,107.35,107.36,529201,124.89
2021-08-05,107.96,108.5,105.99,106.76,581463,124.19
2021-08-06,107.81,108.11,106.35,106.84,620923,124.28
2021-08-09,106.37,106.97,106.01,106.57,521265,123.97
2021-08-10,106.4,107.7,106.25,107.26,465923,124.77
2021-08-11,107.27,108.25,106.58,108.09,474215,125.74
2021-08-12,108.25,108.34,107.1,107.69,386765,125.27
2021-08-13,107.67,107.74,106.83,107.15,481915,124.64
2021-08-16,106.77,108.37,105.83,108.25,518244,125.93
2021-08-17,107.46,107.46,105.13,106.31,499296,123.67
2021-08-18,105.86,107.7,105.74,106.15,617959,123.48
2021-08-19,105.24,106.39,104.7,105.31,493448,122.5
2021-08-20,105.31,106.79,105.31,106.44,524374,123.82
2021-08-23,107.09,107.09,105.32,105.33,433622,122.53
2021-08-24,105.32,106.53,105.21,105.93,731511,123.23
2021-08-25,105.9,107.95,105.71,107.23,711630,124.74
2021-08-26,107.07,107.07,105.45,105.5,389759,122.72
2021-08-27,105.62,106.55,105.42,106.3,509703,123.66
2021-08-30,106.66,107.01,106.19,106.29,318890,123.64
2021-08-31,106.54,106.6,104.64,105.04,997636,122.19
2021-09-01,105.43,105.91,104.05,105.7,695631,122.96
2021-09-02,105.85,106.3,105.12,106,588497,122.49
2021-09-03,105.84,106.39,105.31,105.73,486242,122.18
2021-09-07,105.48,105.55,103.89,103.95,500043,120.12
2021-09-08,103.89,104.53,103.21,103.69,595748,119.82
2021-09-09,103.33,104.64,102.99,103.14,796783,119.19
2021-09-10,103.72,103.92,102.27,102.44,890124,118.38
2021-09-13,103.3,103.99,102.63,103.16,697020,119.21
2021-09-14,102.98,103.92,101.87,103.85,816753,120
2021-09-15,103.62,107.82,103.14,107.44,1259668,124.15
2021-09-16,107.52,108.27,106.92,107.47,792818,124.19
2021-09-17,107.02,107.58,105.51,105.58,1458005,122
2021-09-20,103.98,104.59,103.03,104.3,716792,120.53
2021-09-21,105.18,105.74,104.06,104.81,592412,121.11
2021-09-22,105.67,106.79,104.95,105.87,588643,122.34
2021-09-23,106.61,107.64,106.5,106.79,647426,123.4
2021-09-24,106.36,107.17,106.05,106.46,442541,123.02
2021-09-27,107.07,107.9,107.07,107.87,551508,124.65
2021-09-28,108.37,108.54,106.29,106.61,477824,123.2
2021-09-29,107.13,107.98,106.74,107.45,409310,124.16
2021-09-30,107.74,107.74,104.88,104.91,917716,121.23
2021-10-01,105.27,106.33,102.65,105.42,572824,121.82
2021-10-04,105.65,107.45,105.11,105.9,699611,122.37
2021-10-05,105.95,107.75,105.22,107.03,776379,123.68
2021-10-06,105.81,107.01,104.6,106.59,587741,123.17
2021-10-07,107.58,109.02,107.58,108.51,678884,125.39
2021-10-08,108.49,109.65,108.19,109.07,386452,126.04
2021-10-11,109.12,110.29,108.79,109.19,449324,126.18
2021-10-12,109.12,109.84,108.02,108.29,469711,125.14
2021-10-13,108.14,108.61,106.79,107.45,560534,124.17
2021-10-14,108.31,110.34,107.96,110.2,517471,127.34
2021-10-15,111.06,111.42,110,110.07,439484,127.19
2021-10-18,109.43,110.69,109.04,109.71,523455,126.78
2021-10-19,110.51,111.17,110.12,110.59,464494,127.79
2021-10-20,110.8,112.45,110.8,112.2,691334,129.65
2021-10-21,112.07,117.3,111.71,116.4,1280003,134.51
2021-10-22,116.96,118.69,114.71,115.12,898438,133.03
2021-10-25,115.51,115.56,115.51,115.56,124739,133.54
2021-10-26,116.02,117.14,115.19,116.45,902742,134.56
2021-10-27,116.45,116.45,114.55,114.6,638942,132.43
2021-10-28,114.81,115.35,112.78,113.92,609887,131.64
2021-10-29,113.92,114.41,112.56,113.46,967683,131.11
2021-11-01,114.17,114.17,112.99,114,573298,131.73
2021-11-02,114.39,116.42,113.99,115.89,580249,133.92
2021-11-03,115.79,116.86,115.59,116.14,531698,134.21
2021-11-04,116.62,117.51,115.14,115.74,677598,133.74
2021-11-05,116.92,118.32,116.92,118,610504,136.36
2021-11-08,118.58,118.58,116.58,116.93,453959,135.12
2021-11-09,116.43,117.42,116.13,116.59,548948,134.73
2021-11-10,116.32,117.52,115.91,116.13,471372,134.19
2021-11-11,116.29,117.28,116.1,116.93,428227,135.12
2021-11-12,117.17,117.92,116.8,117.62,348565,135.92
2021-11-15,118.21,118.7,117.43,118.57,649787,137.01
2021-11-16,118.46,119.62,118.17,118.43,518873,136.85
2021-11-17,118.69,118.74,117.41,118.33,497207,136.74
2021-11-18,119.11,119.11,117.23,117.72,911217,136.03
2021-11-19,117.6,117.9,116.26,117.03,887652,135.24
2021-11-22,117.27,120.38,117.27,118.44,678014,136.86
2021-11-23,118.59,119.68,118.12,119.3,708335,137.86
2021-11-24,118.75,119.05,117.98,118,425991,136.36
2021-11-26,115.65,115.74,114.23,114.56,397871,132.38
2021-11-29,115.4,116.18,114.2,115.02,1055699,132.91
2021-11-30,114.11,114.82,110.41,110.54,2371485,127.74
2021-12-01,112.52,113.02,109.36,109.37,851524,126.38
2021-12-02,110.11,113.99,110.11,113.12,1128793,129.87
2021-12-03,113.81,113.81,111.68,112.52,667994,129.18
2021-12-06,113.92,115.84,113.45,114.94,754389,131.96
2021-12-07,115.78,117.35,115.53,116.53,1131242,133.79
2021-12-08,116.7,117.29,115.83,116.69,850813,133.97
2021-12-09,116.66,117.88,116.15,116.87,607918,134.18
2021-12-10,117.65,117.84,116.51,117.44,538451,134.83
2021-12-13,117.43,117.43,114.67,115.42,608705,132.51
2021-12-14,115.32,115.72,114.67,114.88,566827,131.9
2021-12-15,114.73,115.89,114.31,115.86,922506,133.02
2021-12-16,116.62,119.43,115.87,118.46,908452,136.01
2021-12-17,118.84,118.84,115.75,116.06,2773462,133.25
2021-12-20,114.92,114.92,112.43,114.41,680054,131.36
2021-12-21,115.71,117.56,115.29,117.02,908262,134.35
2021-12-22,117.28,118.13,117.02,117.8,537511,135.25
2021-12-23,118.35,119.33,117.9,117.91,380765,135.37
2021-12-27,118.7,120.18,118.52,119.94,388524,137.71
2021-12-28,119.69,120.7,119.69,120.24,418259,138.05
2021-12-29,120.9,122.04,120.4,121.59,357196,139.6
2021-12-30,121.59,122.38,121.15,121.4,407487,139.38
2021-12-31,121.29,123.06,120.82,122.11,749299,140.2
2022-01-03,122.6,122.9,118.97,120.14,487526,137.93
2022-01-04,120.8,123.27,120.69,122.24,695377,140.34
2022-01-05,122.79,124.53,120.95,121.02,806205,138.94
2022-01-06,121.07,122.57,120.26,122.2,566421,140.3
2022-01-07,121.98,122.5,120.96,121.02,584024,138.94
2022-01-10,120.76,120.96,118.9,120.23,748584,138.04
2022-01-11,120.11,120.13,118.05,119.68,657578,137.41
2022-01-12,120.65,121.77,119.89,120.97,720664,138.89
2022-01-13,120.82,122.7,120.52,121.07,577756,139
2022-01-14,120.02,120.82,119,120.29,613442,138.11
2022-01-18,119.17,119.93,117.11,118.95,818754,136.57
2022-01-19,119.37,120.15,117,117.02,638574,134.35
2022-01-20,117.19,117.83,114.16,114.54,660642,131.5
2022-01-21,114.49,115.8,113.4,113.73,661280,130.58
2022-01-24,112.04,117.97,111.59,117.57,1094685,134.98
2022-01-25,115.38,116.16,113.01,114.68,916059,131.66
2022-01-26,115.84,117.21,114.26,115,1002996,132.03
2022-01-27,116.53,117.53,112.66,113.13,669461,129.89
2022-01-28,112.87,113.79,110.42,113.52,738342,130.33
2022-01-31,112.65,116.08,112.4,116.04,1667210,133.23
2022-02-01,116.68,117.18,114.6,116.96,681512,134.28
2022-02-02,116.93,118.2,115.84,117.79,754174,135.24
2022-02-03,117.64,117.76,115.28,115.63,524494,132.76
2022-02-04,114.69,115.21,111.94,113.07,576933,129.82
2022-02-07,113.23,113.31,111.6,111.67,677431,128.21
2022-02-08,112.35,114.41,111.91,113.33,569855,130.12
2022-02-09,114.14,116.15,114.14,115.06,498168,132.1
2022-02-10,112.92,113.63,110.26,110.96,867548,127.39
2022-02-11,111.3,112.19,109.83,110.35,615867,126.69
2022-02-14,110.13,112.05,109.73,110.67,915903,127.06
2022-02-15,112.21,112.97,111.12,112.37,723651,129.01
2022-02-16,111.74,113.73,111.12,113.19,837210,129.96
2022-02-17,113.56,116.69,111.11,111.15,1090708,127.61
2022-02-18,112.03,112.25,110.18,110.49,1133595,126.86
2022-02-22,109.9,110.26,106.9,107.65,1026536,123.59
2022-02-23,107.57,108.67,103.36,103.51,1310958,118.84
2022-02-24,101.28,105.5,100.71,105.33,840974,120.935
2022-02-25,105.37,107.77,105.21,107.53,726657,123.46
2022-02-28,105.95,106.59,104.52,106.4,1153698,122.16
2022-03-01,106.35,107.79,104.21,104.75,914613,120.27
2022-03-02,106.44,109.24,105.78,108.8,1070022,124.92
2022-03-03,109.34,110,107.81,108.63,774029,123.83
2022-03-04,107.12,107.62,105.82,107.55,927608,122.59
2022-03-07,107.58,107.8,103.67,104.04,1390008,118.59
2022-03-08,104.65,105.06,104.65,105.06,142409,119.76
2022-03-09,106.91,107.99,106.28,106.6,771138,121.51
2022-03-10,105.22,107.92,104.4,107.7,1065577,122.76
2022-03-11,108.17,108.78,106.63,106.76,743435,121.69
2022-03-14,107.96,109.57,106.68,107.12,894549,122.1
2022-03-15,108.02,109.53,107.82,109.25,855866,124.53
2022-03-16,110.13,112.4,110.13,112.35,1207436,128.07
2022-03-17,111.35,112.55,111.35,112.34,1173777,128.05
2022-03-18,112.51,113.65,109.96,113.17,2553532,129
2022-03-21,113.17,114.05,111.09,112.54,1252644,128.28
2022-03-22,113.38,113.49,111.85,112.43,697606,128.16
2022-03-23,112.05,112.27,111.05,111.84,750963,127.49
2022-03-24,112.49,113.06,111.81,112.37,663962,128.09
2022-03-25,112.73,112.97,111.66,112.77,527755,128.54
2022-03-28,112.56,112.89,111.1,111.98,680136,127.64
2022-03-29,112.73,114.44,112.41,114.29,763995,130.28
2022-03-30,113.69,114.29,112.48,113.02,790526,128.83
2022-03-31,112.66,113.2,110.55,110.56,1163475,126.02
2022-04-01,111.6,112.27,110.05,110.48,855891,125.93
2022-04-04,110.43,113.84,109.53,113.41,1566752,129.28
2022-04-05,112.77,113.73,111.14,111.33,979323,126.9
2022-04-06,110.56,112.26,109.94,111.95,857525,127.61
2022-04-07,111.84,113.79,110.53,113.34,706511,129.2
2022-04-08,113.39,116.05,112.52,115.82,995330,132.02
2022-04-11,115.8,117.07,114.49,114.63,531433,130.66
2022-04-12,115.45,116.83,115.02,115.53,687572,131.69
2022-04-13,115.51,116.17,114.44,115.38,635139,131.52
2022-04-14,115.64,116.79,114.81,114.87,548570,130.94
2022-04-18,114.32,116.1,114.32,115.05,569843,131.14
2022-04-19,115.21,117.54,115.2,117.4,641787,133.82
2022-04-20,118.72,121.14,118.72,120.78,869558,137.67
2022-04-21,121.93,123.79,120.79,121.18,1127528,138.13
2022-04-22,120.96,121.19,117.07,117.24,1017869,133.64
2022-04-25,117.19,117.92,114.46,117.7,888467,134.16
2022-04-26,116.57,118.94,116.44,117.5,761669,133.94
2022-04-27,117.7,119.37,117.24,117.49,766488,133.93
2022-04-28,117.56,118.06,114.37,116.85,923084,133.19
2022-04-29,116.36,117.71,113.86,114.09,1783282,130.05
2022-05-02,114.81,116.32,112.52,114.48,866235,130.49
2022-05-03,114.84,116.11,113.92,115.6,868715,131.77
2022-05-04,115.63,118.76,114.35,118.59,908060,135.18
2022-05-05,117.32,118.05,113,114.31,888389,130.3
2022-05-06,113.61,115.49,112.09,114.74,844784,130.79
2022-05-09,113.34,116.98,113.13,115.75,720885,131.94
2022-05-10,117.13,117.49,113.5,114.88,832226,130.95
2022-05-11,114.84,116.21,113.26,113.4,758568,129.26
2022-05-12,113.65,116.47,113.1,116.42,1002795,132.7
2022-05-13,117.18,118.78,116.51,118.24,727217,134.78
2022-05-16,117.93,120.13,116.38,119.55,719055,136.27
2022-05-17,120.19,121.52,119.76,120.72,795872,137.61
2022-05-18,119.24,119.24,114.27,115.34,920250,131.48
2022-05-19,114.2,117.45,113.99,115.8,1100502,132
2022-05-20,116.46,116.46,110.14,112.77,1136095,128.54
2022-05-23,113.56,114.62,112.26,113.73,1157375,129.64
2022-05-24,113.4,115.41,112.23,114.86,900591,130.93
2022-05-25,114.06,116.95,113.61,116.83,1182348,133.17
2022-05-26,118.43,119.76,117.71,119.35,722058,136.04
2022-05-27,119.98,122.13,119.67,122.1,730491,139.18
2022-05-31,120.64,121.27,119.53,119.95,1738127,136.73
2022-06-01,120.64,120.9,118.64,119.15,761401,135.82
2022-06-02,119.53,120.86,118.5,120.79,634811,136.78
2022-06-03,120.44,121.08,119.62,120.06,500379,135.95
2022-06-06,120.78,123.44,119.87,123.33,818187,139.66
2022-06-07,121.97,124.42,121.32,124.35,773790,140.81
2022-06-08,123.78,124.41,123.02,123.16,463466,139.46
2022-06-09,123.19,125.4,122.86,123.27,931567,139.59
2022-06-10,121.18,121.6,119.98,120.04,940344,135.93
2022-06-13,117.59,118.08,115.34,116.22,1023314,131.61
2022-06-14,116.76,117.96,115.73,116.96,977087,132.44
2022-06-15,117.52,118.19,115.48,116.94,891040,132.42
2022-06-16,114.92,115.03,112.78,113.31,973327,128.31
2022-06-17,113.13,114.26,112.11,112.35,2428513,127.22
2022-06-21,113.52,115.72,112.23,115.52,944353,130.81
2022-06-22,114.58,116.5,114.14,116.23,915236,131.62
2022-06-23,116.76,117.81,115.87,117.71,636115,133.29
2022-06-24,118.75,120.88,117.98,120.76,1504655,136.75
2022-06-27,121.18,122.17,120.33,121.11,689356,137.14
2022-06-28,121.4,122.56,119.35,119.62,747038,135.45
2022-06-29,119.93,119.93,117.51,117.9,775047,133.51
2022-06-30,116.9,118.65,116.16,117.45,1045413,133
2022-07-01,117.09,118.63,115.93,117.76,1244469,133.35
2022-07-05,116.47,119.47,116.08,119.43,775192,135.24
2022-07-06,119.69,120.46,117.91,119.48,983672,135.3
2022-07-07,120.1,122.23,120.1,121.84,920589,137.97
2022-07-08,122.07,122.33,121.03,121.11,654812,137.14
2022-07-11,120.76,122.36,120.47,121.52,640834,137.61
2022-07-12,121.47,123.02,120.25,120.94,843418,136.95
2022-07-13,120.27,122.04,119.63,121.25,1013914,137.3
2022-07-14,119.37,120.99,118.86,120.71,735808,136.69
2022-07-15,122.04,122.65,121.11,122.34,695389,138.54
2022-07-18,122.56,123.25,121.63,121.98,939396,138.13
2022-07-19,123.32,125.37,122.7,125.21,823428,141.79
2022-07-20,124.52,125.97,124.29,125.86,692767,142.52
2022-07-21,125.4,125.97,124.18,125.89,725913,142.55
2022-07-22,126.51,128.28,126.28,127.6,1102979,144.49
2022-07-25,128.05,128.31,127.18,127.63,843855,144.53
2022-07-26,126.31,127.33,125.31,126.04,1029353,142.73
2022-07-27,128.86,129.33,125.51,129.26,1278751,146.37
2022-07-28,129.37,132.68,128.96,132.12,1284035,149.61
2022-07-29,132.24,135.69,131.91,135,3094257,152.87
2022-08-01,134.18,136.11,133.93,135.05,1220444,152.93
2022-08-02,135.05,135.05,132.66,133.14,982091,150.76
2022-08-03,133.78,134.23,132.72,133.37,836816,151.03
2022-08-04,133.22,133.92,132.32,132.4,989290,149.93
2022-08-05,131.56,133.58,131.18,133.33,815599,150.98
2022-08-08,134.23,135.41,133.8,134.14,730762,151.9
2022-08-09,134.15,135.1,133.52,134.29,1003791,152.07
2022-08-10,135.91,137.41,135.9,136.85,893464,154.96
2022-08-11,137.76,139.12,137.39,138.3,1185462,156.61
2022-08-12,138.17,139.62,138.17,139.62,650106,158.1
2022-08-15,139,140.82,138.66,139.95,627756,158.48
2022-08-16,139.98,141.52,139.88,140.55,766590,159.15
2022-08-17,139.8,142.48,139.17,141.82,729425,160.59
2022-08-18,141.79,142.58,140.64,141.27,685528,159.97
2022-08-19,140.79,142.21,140.2,141.16,2745896,159.85
2022-08-22,139.87,140.57,137.35,138.6,972096,156.95
2022-08-23,138.91,140.2,138.43,139.3,751886,157.74
2022-08-24,138.6,139.57,137.6,138.89,819487,157.27
2022-08-25,139.19,141.2,138.79,141.05,798953,159.72
2022-08-26,141.35,141.67,138.08,138.13,844136,156.42
2022-08-29,137.21,139.38,136.26,138.78,833205,157.15
2022-08-30,138.89,139.56,137.48,137.95,1028682,156.21
2022-08-31,137.95,138.8,137.16,137.77,1190906,156.01
2022-09-01,137.41,139.29,137.12,139.25,972225,156.78
2022-09-02,140.12,141.86,139.15,139.67,1597994,157.25
2022-09-06,139.71,140.47,137.76,139.79,1293007,157.39
2022-09-07,140.03,144.23,140.03,143.84,1741342,161.95
2022-09-08,143.06,143.95,142.4,143.83,1446623,161.94
2022-09-09,144.19,145.22,144.05,144.6,1097957,162.8
2022-09-12,145.23,146.54,144.42,144.91,1036803,163.15
2022-09-13,142.79,143.82,140.07,140.28,1265636,157.94
2022-09-14,140.96,141.16,137.93,138.82,1043868,156.29
2022-09-15,139.09,139.38,136.48,137.15,1225825,154.41
2022-09-16,136.13,138.36,135.61,137.39,3184731,154.68
2022-09-19,136.92,140.88,136.92,140.81,1246776,158.53
2022-09-20,139.51,140.1,137.8,139.58,849951,157.15
2022-09-21,140.6,142.34,138.19,138.2,782636,155.6
2022-09-22,138.42,138.42,136.44,137.07,899206,154.32
2022-09-23,135.89,136.3,132.97,134.15,1034651,151.04
2022-09-26,134.12,134.88,132.14,132.46,1112583,149.13
2022-09-27,133.55,134.35,131.19,132.02,853925,148.64
2022-09-28,132.92,136.6,132.13,135.6,960321,152.67
2022-09-29,134.22,134.26,132.33,132.96,996877,149.7
2022-09-30,133.24,134.6,131.76,132.63,1172079,149.32
2022-10-03,133.88,136.87,133.26,135.81,922878,152.91
2022-10-04,137.36,139.17,137.17,138.98,904499,156.47
2022-10-05,138.23,140.81,137.6,139.9,926990,157.51
2022-10-06,139.9,140.76,138.88,139.3,688499,156.83
2022-10-07,138.3,138.3,135.97,136.67,848008,153.87
2022-10-10,137.44,138.08,136.17,137.23,642482,154.5
2022-10-11,137.59,140.28,137.4,139.25,1325838,156.78
2022-10-12,139.25,139.69,137.56,137.6,742337,154.92
2022-10-13,135.65,140.06,134.69,139.04,816224,156.54
2022-10-14,139.86,140.31,137.15,137.22,1057921,154.49
2022-10-17,138.59,140.93,138.44,140.55,940223,158.24
2022-10-18,143.13,144.19,140.86,142.67,951151,160.63
2022-10-19,142.09,142.9,140.2,141.2,948873,158.97
2022-10-20,143.67,143.67,137.4,140.22,1478224,157.87
2022-10-21,141.18,144.21,140,144.2,1192350,162.35
2022-10-24,145.29,151.54,145.29,151.48,1464210,170.55
2022-10-25,150.94,152.78,149.33,152.46,1600404,171.65
2022-10-26,153.13,153.53,150.38,152.13,1104492,171.28
2022-10-27,153.21,155.61,153.21,155.42,1217073,174.98
2022-10-28,155.87,159.55,155.77,158.86,964066,178.86
2022-10-31,158.05,159.7,157.12,157.97,2857558,177.86
2022-11-01,158.47,159.85,156.73,159.21,956809,179.25
2022-11-02,158.72,159.05,155.5,155.5,1220878,175.07
2022-11-03,154.39,157.92,153.91,157.26,880799,177.05
2022-11-04,159.02,159.64,156.35,158.28,685015,178.2
2022-11-07,158.42,160.02,157.97,159.89,680650,180.02
2022-11-08,160.45,161.86,158.71,160.38,692809,180.57
2022-11-09,159.94,161.07,157.91,158.44,978120,178.38
2022-11-10,162.28,162.54,160.16,161.83,1092675,182.2
2022-11-11,162.16,162.97,157.42,158.06,1162964,177.96
2022-11-14,157.89,161.79,157.57,159.67,884637,179.77
2022-11-15,161,161.73,158.54,161.15,921216,181.43
2022-11-16,158.38,162.41,157.35,159.79,937419,179.9
2022-11-17,158.72,159.43,156.81,159.34,884297,179.4
2022-11-18,161.03,161.55,159,160.48,785974,180.68
2022-11-21,160.61,163.2,160.05,161.91,620988,182.29
2022-11-22,163.04,164.21,162.22,163.42,722317,183.99
2022-11-23,163.39,164.32,163.16,163.36,575513,183.92
2022-11-25,163.89,165.3,163.4,165.29,404365,186.1
2022-11-28,164.36,164.75,162.58,162.74,828010,183.23
2022-11-29,162.49,163.18,160.07,160.36,1212178,180.55
2022-11-30,159.91,162.83,158.67,162.83,1679929,183.33
2022-12-01,163.44,165.48,162.86,165.03,841877,184.9
2022-12-02,164.35,167.55,163.19,167.16,864493,187.28
2022-12-05,165.7,165.73,163.52,165.05,980822,184.92
2022-12-06,165.01,166.46,161.45,163.03,951882,182.66
2022-12-07,162.8,164.89,162.38,163.21,800109,182.86
2022-12-08,163.99,166.28,163.81,165.68,971849,185.63
2022-12-09,164.72,165.78,162.39,162.68,910383,182.26
2022-12-12,159.26,162.46,158.24,162.46,1116905,182.02
2022-12-13,164.94,164.94,158.12,158.92,1398245,178.05
2022-12-14,159.23,161.52,158.47,159.84,851291,179.08
2022-12-15,158.81,159.89,157.93,159.55,893791,178.76
2022-12-16,158.02,158.95,155.88,157.81,1663592,176.81
2022-12-19,158.11,158.73,156.09,156.97,604854,175.87
2022-12-20,157.19,157.92,156.37,156.76,712146,175.63
2022-12-21,157.62,159.39,157,158.84,494308,177.96
2022-12-22,157.74,157.88,154.81,156.19,615621,174.99
2022-12-23,156.19,157.62,155.37,157.6,385217,176.57
2022-12-27,158.25,159.1,157.63,158.24,545363,177.29
2022-12-28,158.24,159.2,156.3,156.37,428481,175.19
2022-12-29,156.82,157.52,156.13,156.41,454682,175.24
2022-12-30,156.02,156.02,153.59,154.87,680793,173.51
2023-01-03,154.57,154.57,150.77,151.56,1924388,169.81
2023-01-04,151.48,153.83,151.31,153.47,1133545,171.94
2023-01-05,153.14,153.25,149.41,150.46,995744,168.57
2023-01-06,151.78,152.93,150.89,152.48,1042329,170.84
2023-01-09,152.87,154.44,151.94,152.1,874142,170.41
2023-01-10,152.23,152.62,150.03,151.51,917761,169.75
2023-01-11,151.87,152.81,150.88,150.98,1150124,169.16
2023-01-12,151.15,151.44,149.54,150.8,1038840,168.95
2023-01-13,150.15,151.82,150.04,151.34,1075015,169.56
2023-01-17,151.89,152.32,150.01,150.43,797995,168.54
2023-01-18,150.87,151.73,148.07,148.34,834714,166.2
2023-01-19,147.98,147.98,143.94,144.03,1024394,161.37
2023-01-20,144.42,144.64,142.79,144.36,1347711,161.74
2023-01-23,145.21,146.32,143.97,145.22,768748,162.7
2023-01-24,145.58,148.83,144.64,147.66,816158,165.44
2023-01-25,146.96,148.73,146.32,148.58,653216,166.47
2023-01-26,149.06,150.12,148.49,149.94,722854,167.99
2023-01-27,150.07,150.07,147.41,148.11,832854,165.94
2023-01-30,148.06,149.73,148.02,148.71,661991,166.61
2023-01-31,149.19,149.8,148.07,149.79,938810,167.82
2023-02-01,149.21,151.02,147.92,150.46,857771,168.57
2023-02-02,150.43,152.56,149.64,152.4,1178280,170.75
2023-02-03,152.22,152.54,150.18,150.21,847930,168.29
2023-02-06,150.02,151.41,149.16,151,1443176,169.18
2023-02-07,150.55,151.29,148.5,150.81,642509,168.97
2023-02-08,149.95,152.17,149.22,151.25,975064,169.46
2023-02-09,152.05,153.1,150.5,151.06,864726,169.25
2023-02-10,150.94,154.73,150.78,154.45,940390,173.04
2023-02-13,154.43,158.33,154.14,156.9,1150769,175.79
2023-02-14,156.74,158.54,156.1,157.63,912545,176.61
2023-02-15,157.88,160.52,157.81,160.37,932164,179.68
2023-02-16,159.66,161.07,158.93,159.9,831998,179.15
2023-02-17,159.97,161.31,159.33,160.78,849976,180.14
2023-02-21,158.95,159.29,155.61,155.61,1140226,174.34
2023-02-22,156.71,157.34,154.92,155.22,988313,173.91
2023-02-23,156.22,161.33,156.22,160.45,1476830,179.76
2023-02-24,159.65,160.92,157.66,159.61,1115719,178.82
2023-02-27,161.24,161.88,158.65,159.18,1285735,178.34
2023-02-28,159.31,160.27,157.31,157.86,1698027,176.86
2023-03-01,156.29,156.73,151.35,152.01,1777128,170.31
2023-03-02,151.13,153.57,149.76,153.42,2607826,170.93
2023-03-03,154.01,154.65,152.81,154.2,1280159,171.8
2023-03-06,154.2,156.14,153.99,155.83,1375381,173.61
2023-03-07,156.19,156.32,152.59,152.79,839815,170.23
2023-03-08,152.94,153.32,150.86,151.44,841542,168.72
2023-03-09,151.52,152.11,147.96,148.28,808096,165.2
2023-03-10,148.43,149.26,145.92,146.29,1027982,162.99
2023-03-13,144.7,147.81,144.18,145.85,1466760,162.5
2023-03-14,147.27,148.09,145.34,147.02,1736930,163.8
2023-03-15,145.8,146.66,143.5,146.42,1459178,163.13
2023-03-16,145.62,147.95,144.73,147.79,1493780,164.66
2023-03-17,147.07,147.5,144.01,145.47,6636995,162.07
2023-03-20,146.27,148.81,146.08,147.87,1236754,164.75
2023-03-21,149.24,149.96,147.84,148.92,1197505,165.92
2023-03-22,148.72,149.24,145.93,145.97,1261674,162.63
2023-03-23,145.96,146.64,137.29,138.48,1929737,154.29
2023-03-24,140.09,141.6,138.95,140.81,1619899,156.88
2023-03-27,142.11,143.39,141.02,142.74,1187327,159.03
2023-03-28,142.99,145.33,142.94,144.81,987642,161.34
2023-03-29,145.17,145.89,143.39,145.89,1037535,162.54
2023-03-30,148.21,148.78,147.07,147.53,1021053,164.37
2023-03-31,148.12,150.29,148.12,150.17,798973,167.31
2023-04-03,150.05,151.81,150.05,151.04,837248,168.28
2023-04-04,151.02,151.36,146.99,147.95,721663,164.84
2023-04-05,147.77,147.77,145.21,145.55,745003,162.16
2023-04-06,145.33,146.1,144.26,145.66,859806,162.28
2023-04-10,145.59,148.05,145.52,147.9,719175,164.78
2023-04-11,148.21,149.81,148.12,148.43,675807,165.37
2023-04-12,148.46,150.69,148.17,149.55,730218,166.62
2023-04-13,149.19,149.19,145.83,147.41,910924,164.23
2023-04-14,147.69,149.77,147.23,148.16,1037416,165.07
2023-04-17,148.43,150.51,147.83,149.26,1212148,166.3
2023-04-18,149.57,150.7,149,149.42,902381,166.47
2023-04-19,149.5,149.5,148.38,149.44,1038488,166.5
2023-04-20,148.92,152.6,148.82,151.35,1296481,168.62
2023-04-21,152.59,152.6,149.21,149.46,934287,166.52
2023-04-24,149.43,150.17,149.04,150.07,653107,167.2
2023-04-25,149.76,150.07,148,148.22,703186,165.14
2023-04-26,147.2,148.13,146.35,146.68,663753,163.42
2023-04-27,146.77,150.48,146.71,150.44,983160,167.61
2023-04-28,150.4,151.25,149.79,151.07,766489,168.31
2023-05-01,151.41,154.17,151.41,153.41,965233,170.92
2023-05-02,153.39,154,150.67,153.45,1760394,170.96
2023-05-03,154.82,155.43,154.02,154.36,1407096,171.98
2023-05-04,154.37,155.22,152.39,153.76,1761747,171.31
2023-05-05,154.34,156.58,154.17,155.93,821542,173.73
2023-05-08,155.68,156.04,153.81,154.93,1045520,172.61
2023-05-09,154.51,155.52,153.75,155.48,682269,173.22
2023-05-10,156.17,156.99,154.3,155.9,682827,173.69
2023-05-11,155.2,155.98,153.51,154.06,695103,171.64
2023-05-12,154.24,155.02,152.2,153.17,510842,170.65
2023-05-15,152.83,153.2,150.55,151.17,749786,168.42
2023-05-16,150.29,150.29,148.1,148.6,720853,165.56
2023-05-17,148.95,149.49,148.23,149.32,617143,166.36
2023-05-18,149.09,149.09,146.37,147.9,620979,164.78
2023-05-19,148,148.9,147.01,147.89,689071,164.77
2023-05-22,148.27,148.73,145.79,146.45,763947,163.17
2023-05-23,144.96,145.97,143.79,144.03,600041,160.47
2023-05-24,144.76,144.76,142.01,142.1,552839,158.32
2023-05-25,141.71,142.87,140.76,142.31,676427,158.55
2023-05-26,142.15,142.3,140.85,141.11,758903,157.21
2023-05-30,140.62,141.68,139.62,141.55,931513,157.7
2023-05-31,132.67,134.8,130.42,133.67,2550922,148.93
2023-06-01,135.81,136.38,133.61,134.79,1276386,149.22
2023-06-02,135.37,138.67,134.97,138.52,1020340,153.35
2023-06-05,138.65,139.04,136.38,137.31,871481,152
2023-06-06,136.96,138.69,136.74,137.58,643628,152.3
2023-06-07,137.34,138.73,136.65,138.53,922601,153.36
2023-06-08,138.64,139.3,137.78,139.25,752106,154.15
2023-06-09,139.55,141.47,138.57,140.76,849512,155.82
2023-06-12,141.24,143,140.58,142.84,994821,158.13
2023-06-13,142.55,143.97,142.26,143.75,879661,159.13
2023-06-14,143.85,145.07,142.81,143.38,716910,158.72
2023-06-15,144.41,146.38,143.98,146.02,794348,161.65
2023-06-16,147.66,147.82,145.28,145.86,1381978,161.47
2023-06-20,145.47,145.89,142.95,144.16,913125,159.59
2023-06-21,143.34,146.55,143.19,145.86,794763,161.47
2023-06-22,145.99,146.74,144.87,145.88,592309,161.49
2023-06-23,145.63,145.63,143.25,144.23,1332649,159.67
2023-06-26,144.59,147.59,144.59,146.93,890874,162.65
2023-06-27,147.51,149.77,147.29,149,925449,164.95
2023-06-28,149.15,149.83,147.95,149.17,776808,165.14
2023-06-29,149.09,150.59,148.57,150.01,543919,166.06
2023-06-30,151.01,153.25,149.96,152.87,796352,169.23
2023-07-03,152.22,152.76,150.97,151.75,629178,167.99
2023-07-05,151.61,151.72,150.25,150.83,796346,166.97
2023-07-06,150.06,150.76,147.99,149.11,892794,165.07
2023-07-07,148.76,149.71,148.53,149.43,925961,165.42
2023-07-10,149.43,152.35,149.28,150.75,708513,166.88
2023-07-11,151.29,153.38,150.85,152.43,673713,168.74
2023-07-12,153.56,154.08,152.26,153.34,755475,169.75
2023-07-13,152.34,152.69,148.8,148.84,999861,164.77
2023-07-14,148.66,150.19,148.15,149.9,1160979,165.94
2023-07-17,149.49,151.13,149.31,150.56,702737,166.67
2023-07-18,150.96,152.22,150.34,151.1,904978,167.27
2023-07-19,151.56,152.52,150.68,151.82,997574,168.07
2023-07-20,145.08,145.69,139.73,140.17,2260763,155.17
2023-07-21,140.01,142.66,139,141.2,1485413,156.31
2023-07-24,141.7,142.64,140.9,142.32,904293,157.55
2023-07-25,141.87,142.95,140.51,142.57,691902,157.83
2023-07-26,142.09,143.24,142,142.7,648411,157.97
2023-07-27,142.74,142.95,140.3,140.75,1134787,155.81
2023-07-28,141.7,142.22,140.53,141.22,669805,156.33
2023-07-31,141.77,142.01,139.77,140.67,1703921,155.72
2023-08-01,140.88,141.88,140.29,141.61,945313,156.77
2023-08-02,141.24,141.82,140.03,140.33,801001,155.35
2023-08-03,140.27,141.39,139.27,140.64,931349,155.69
2023-08-04,141.23,142.27,140.39,140.47,660835,155.5
2023-08-07,141.29,141.99,140.86,141.34,743398,156.47
2023-08-08,140.27,140.88,138.15,140.35,1034109,155.37
2023-08-09,140.52,141.8,140.06,141.38,1213064,156.51
2023-08-10,140.58,142.74,140.31,141.07,952632,156.17
2023-08-11,141.41,143.27,141.14,142.72,696513,157.99
2023-08-14,142.09,142.63,140.81,141.95,1067322,157.14
2023-08-15,141.72,141.81,139.69,139.82,862244,154.78
2023-08-16,140.61,142.41,140.47,141.32,898128,156.45
2023-08-17,141.47,142.35,139.36,139.39,565344,154.31
2023-08-18,138.43,140.96,138.43,139.9,646170,154.87
2023-08-21,139.73,140.2,138.07,139,776863,153.88
2023-08-22,138.79,139.31,137.98,138.32,542069,153.12
2023-08-23,138.19,139.6,138.19,139.44,630027,154.36
2023-08-24,139.03,139.75,137.71,137.79,544754,152.54
2023-08-25,138.55,139.34,137.68,138.24,666193,153.04
2023-08-28,138.15,139.58,137.86,138.62,549386,153.46
2023-08-29,138.67,140.07,137.82,140.01,780463,155
2023-08-30,139.76,142.21,139.59,140.67,517125,155.73
2023-08-31,140.76,141.04,138.81,138.87,996482,153.73
2023-09-01,139.83,140.11,138.87,140.09,575324,155.08
2023-09-05,139.57,139.57,137.19,137.61,892869,152.34
2023-09-06,137.08,137.86,136.4,137.11,824541,151.78
2023-09-07,136.9,137.42,135.83,137.27,1055835,151.01
2023-09-08,137.1,137.5,135.98,136.34,694037,149.99
2023-09-11,136.71,136.98,134.9,135.18,698071,148.71
2023-09-12,135.09,135.11,133.26,133.88,892603,147.28
2023-09-13,134.3,135.58,134.13,134.96,684768,148.47
2023-09-14,135.61,136.61,135.2,136.53,566270,150.2
2023-09-15,136.62,136.62,135.19,135.29,932525,148.83
2023-09-18,135.17,136.02,134.46,134.6,483460,148.07
2023-09-19,134.06,135.37,133.12,135.02,797048,148.54
2023-09-20,135.57,136.94,134.8,135.68,796287,149.26
2023-09-21,135.05,135.11,132.36,132.39,780544,145.64
2023-09-22,132.24,133.9,132.13,133.03,569793,146.35
2023-09-25,132.81,134.47,132.81,133.62,732896,146.99
2023-09-26,132.92,133.28,129.85,129.99,850278,143
2023-09-27,130.67,130.9,128.78,129.36,1074589,142.31
2023-09-28,129.48,130.39,128.7,130.23,1018906,143.26
2023-09-29,131.59,132.35,130.78,131.24,995722,144.38
2023-10-02,130.53,132.84,129.91,131.97,1329053,145.18
2023-10-03,131.77,131.77,126.96,127.78,1419478,140.57
2023-10-04,128,130.47,127.43,130,999180,143.01
2023-10-05,130.12,130.76,129.21,129.71,691713,142.69
2023-10-06,129.38,131.81,128.83,130.95,810421,144.06
2023-10-09,131.28,133.7,131.03,133.34,1231117,146.69
2023-10-10,133.78,135.07,133.49,134.21,1080215,147.64
2023-10-11,134.45,134.74,132.66,133.42,871434,146.77
2023-10-12,133.32,134.85,132.32,133.88,1092699,147.28
2023-10-13,134.34,134.95,132.74,133.66,769254,147.04
2023-10-16,135.07,136.7,134.88,136.07,986524,149.69
2023-10-17,135.42,137.18,134.89,136.54,813825,150.21
2023-10-18,135.99,136.64,134.86,135.2,910680,148.73
2023-10-19,129.33,130.75,118.09,118.28,2671280,130.12
2023-10-20,118.72,121.22,116.71,116.93,1873029,128.63
2023-10-23,116.56,117.85,115.31,116.59,1770653,128.26
2023-10-24,117.5,118.06,116.6,117.07,1429099,128.79
2023-10-25,116.95,117.94,116.03,116.74,973957,128.43
2023-10-26,116.96,117.84,115.85,117.2,1260758,128.93
2023-10-27,117.24,117.7,115.03,115.55,889249,127.12
2023-10-30,115.97,116.82,114.85,115.92,973119,127.52
2023-10-31,116.06,117.69,115.84,117.14,2163369,128.86
2023-11-01,117.11,117.44,116.03,117.06,1051244,128.78
2023-11-02,117.79,118.93,116.28,118.8,1251009,130.69
2023-11-03,120.56,122.33,120.43,121.83,842411,134.02
2023-11-06,121.62,122.22,120.86,121.52,940035,133.68
2023-11-07,121.57,123.33,121.17,123.21,1016637,135.54
2023-11-08,123.22,123.25,121.82,122.23,1025764,134.46
2023-11-09,122.82,123.41,122.2,122.75,874768,135.04
2023-11-10,123.07,124.12,122.3,123.77,735627,136.16
2023-11-13,123.13,123.73,122.16,123.07,767495,135.39
2023-11-14,124.94,126.14,124.94,125.68,952210,138.26
2023-11-15,125.98,126.83,125.08,125.33,792052,137.87
2023-11-16,124.6,125.72,124.16,124.96,1042072,137.47
2023-11-17,125.94,126.3,124.33,124.91,1481413,137.41
2023-11-20,124.78,125.38,123.63,124.85,709522,137.35
2023-11-21,124.41,125.63,124.31,124.96,648867,137.47
2023-11-22,125.63,125.66,124.38,125.23,879155,137.77
2023-11-24,125.23,125.81,124.9,124.9,407735,137.4
2023-11-27,124.53,124.53,122.77,122.77,984733,135.06
2023-11-28,123.08,123.28,121.94,122.13,934970,134.36
2023-11-29,122.28,123.05,121.52,121.68,786558,133.86
2023-11-30,122.39,122.68,120.65,121.56,1837217,132.78
2023-12-01,122.2,123.82,121.35,123.32,1423334,134.7
2023-12-04,122.87,126,122.87,125.72,2150829,137.32
2023-12-05,125.21,125.21,122.5,122.71,1325033,134.03
2023-12-06,123.58,125.65,123.14,124.97,1058126,136.5
2023-12-07,124.45,124.76,122.93,122.93,1018690,134.28
2023-12-08,123.41,124.03,121.58,121.74,1188424,132.98
2023-12-11,123.13,124.48,122.86,124.14,1055005,135.6
2023-12-12,124,124.19,123.19,124.17,711722,135.63
2023-12-13,124.66,126.27,123.65,125.98,1008380,137.61
2023-12-14,127.26,129.61,126.79,128.05,1259101,139.87
2023-12-15,127.22,128.21,125.7,126.7,2662208,138.39
2023-12-18,126.94,128.02,126.21,127.81,853889,139.61
2023-12-19,128.12,128.61,126.71,127.21,906207,138.95
2023-12-20,126.69,127.83,125.23,125.29,793214,136.85
2023-12-21,126.58,127.04,125.48,126.77,759376,138.47
2023-12-22,126.73,128.1,126.37,127.24,452413,138.98
2023-12-26,127.25,127.7,126.32,126.91,484386,138.62
2023-12-27,127.04,127.79,126.42,127.05,519977,138.77
2023-12-28,126.86,126.98,125.89,126.7,602965,138.39
2023-12-29,126.44,127.13,126.01,126.8,705830,138.5
2024-01-02,126.52,128.84,126.12,126.42,790597,138.09
2024-01-03,125.97,127.09,124.37,124.65,1145498,136.15
2024-01-04,123.78,125.4,123.59,124.66,984372,136.16
2024-01-05,123.91,126.08,123.78,125.08,818526,136.62
2024-01-08,125.33,126.77,124.51,126.76,866006,138.46
2024-01-09,125.89,127.09,124.79,125.61,912921,137.2
2024-01-10,125.92,126.77,125.54,126.04,787382,137.67
2024-01-11,126.09,126.9,124.97,126.73,904518,138.43
2024-01-12,127.56,128.44,126.66,127.07,699520,138.8
2024-01-16,126.77,128.02,126.56,127.99,987979,139.8
2024-01-17,127.36,128.27,125.46,126.32,734221,137.98
2024-01-18,126.14,128.05,125.74,127.67,760947,139.45
2024-01-19,128.03,131.21,127.5,130.08,1268073,142.09
2024-01-22,130.05,131.9,129.95,131.44,977176,143.57
2024-01-23,132.18,132.68,130.2,130.94,910348,143.02
2024-01-24,131.4,131.44,129.29,129.7,701416,141.67
2024-01-25,130.48,130.92,129.65,130.48,640825,142.52
2024-01-26,131.26,131.26,130.41,130.58,648578,142.63
2024-01-29,130.83,131.54,129.74,130.68,710564,142.74
2024-01-30,130.51,131.32,129.64,131.15,719795,143.25
2024-01-31,131.72,132.03,127.9,128.38,1154526,140.23
2024-02-01,128.48,130.63,127.59,130.62,804582,142.67
2024-02-02,130.32,131.49,129.04,130.35,945797,142.38
2024-02-05,129.16,130.05,127.61,128.3,880377,140.14
2024-02-06,127.43,129.43,127.17,129.38,846121,141.32
2024-02-07,129.76,130.85,129.31,130.72,963027,142.78
2024-02-08,129.37,130.33,129.27,130.29,1255262,142.31
2024-02-09,130.32,131.11,129.48,131.08,867127,143.18
2024-02-12,131.41,133.55,131.32,132.88,1113429,145.14
2024-02-13,130.93,131.47,129.79,130.38,1218437,142.41
2024-02-14,130.95,131.98,130.3,131.87,1481662,144.04
2024-02-15,123.59,131.74,123.59,131.57,2619876,143.71
2024-02-16,131,132.29,130.59,130.85,1161509,142.93
2024-02-20,130.1,132.75,129.29,132.09,1146869,144.28
2024-02-21,132.41,133.64,131.19,132.25,1426932,144.46
2024-02-22,132.45,134.3,131.92,133.77,1125151,146.12
2024-02-23,133.92,135.59,133.76,135.39,1332346,147.88
2024-02-26,136.26,136.93,135.72,135.88,1051662,148.42
2024-02-27,136.94,138.1,136.27,137.85,820766,150.57
2024-02-28,138.29,139.74,138.17,138.93,1154695,151.75
2024-02-29,139.53,139.84,136.96,137.56,2080740,149.26
2024-03-01,137.17,137.77,136.2,137.51,1141023,149.21
2024-03-04,137.59,138.78,137.51,138.21,820721,149.97
2024-03-05,138.17,139.24,137.44,138.18,1079496,149.94
2024-03-06,138.88,139.52,137.77,138.08,776001,149.83
2024-03-07,139.01,140.65,138.67,138.99,1080811,150.82
2024-03-08,138.83,139.49,138.29,139.12,1021346,150.96
2024-03-11,139.3,140.62,139.03,140.5,1279965,152.45
2024-03-12,140.91,142.29,140.25,141.93,870517,154.01
2024-03-13,142.37,142.76,141.39,141.45,1200176,153.49
2024-03-14,141.46,141.62,139.59,139.96,829240,151.87
2024-03-15,139.21,142.65,139.21,141.61,1693630,153.66
2024-03-18,141.93,142.79,141.23,141.44,988580,153.47
2024-03-19,141.71,143.09,141.5,142.91,804440,155.07
2024-03-20,143.34,143.6,142.1,143.13,895003,155.31
2024-03-21,143.43,145.33,143.16,145.04,624069,157.38
2024-03-22,145.1,145.4,143.53,143.66,588695,155.88
2024-03-25,143.66,143.8,141.43,141.56,844716,153.61
2024-03-26,141.52,141.72,140.14,140.57,945952,152.53
2024-03-27,141.2,143.08,140.96,143.02,754901,155.19
2024-03-28,143.29,143.68,142.42,142.78,954290,154.93
2024-04-01,142.7,143.42,141.39,142.18,733388,154.28
2024-04-02,142.34,143.29,141.21,141.73,847222,153.79
2024-04-03,141.39,142.25,140.83,141.11,703009,153.12
2024-04-04,141.98,141.98,137.12,137.18,806577,148.85
2024-04-05,137.53,138.77,137.29,138.23,613198,149.99
2024-04-08,138.53,139.48,138.45,138.62,582331,150.41
2024-04-09,138.75,139.55,137.28,138.69,610191,150.49
2024-04-10,137.24,137.84,136.25,136.65,738451,148.28
2024-04-11,136.92,137.43,134.19,134.65,884036,146.11
2024-04-12,133.51,134.54,133.15,133.98,924762,145.38
2024-04-15,135.96,136.22,132.98,133.4,1177596,144.75
2024-04-16,133.33,134.44,132.98,133.21,1100381,144.55
2024-04-17,133.92,134.41,132.44,132.77,1763211,144.07
2024-04-18,143.66,151.55,143.66,147.67,3914741,160.23
2024-04-19,148.37,150.15,147.69,149.66,3396404,162.39
2024-04-22,150.04,150.72,148.33,150.3,1447214,163.09
2024-04-23,149.86,151.01,148.3,150.57,1113160,163.38
2024-04-24,150.28,150.89,148.58,149.11,1161661,161.8
2024-04-25,148.48,148.93,146.49,148.44,1452078,161.07
2024-04-26,148.02,149.43,147.29,147.39,1003681,159.93
2024-04-29,147.9,149.35,147.9,148.72,1055693,161.37
2024-04-30,147.77,147.79,144.61,144.88,1558983,157.21
2024-05-01,144.57,146.67,144.02,144.48,838678,156.77
2024-05-02,145.36,145.36,143.76,144.06,752562,156.32
2024-05-03,144.76,145.88,144.69,145.07,670520,157.41
2024-05-06,146.26,147.24,143.25,144.4,913789,156.69
2024-05-07,144.89,145.38,142.71,142.77,1181664,154.92
2024-05-08,141.96,142.85,141.48,142.25,928733,154.35
2024-05-09,142.7,143.44,142.25,143.16,704339,155.34
2024-05-10,143.75,143.75,142,143.09,753486,155.27
2024-05-13,143.6,145.25,143.43,145.18,876963,157.53
2024-05-14,146.21,146.21,142.78,143.38,678786,155.58
2024-05-15,143.77,144.85,142.5,142.85,557504,155.01
2024-05-16,142.61,143.04,141.53,142.02,602327,154.1
2024-05-17,142.7,142.7,140.26,140.9,581812,152.89
2024-05-20,140.85,141.41,139.86,140.02,561799,151.93
2024-05-21,139.92,140.19,138.36,139.63,845189,151.51
2024-05-22,139.31,140.05,137.32,137.86,895122,149.59
2024-05-23,137.32,137.32,134.15,134.23,731119,145.65
2024-05-24,134.81,135.17,133.56,133.83,468616,145.22
2024-05-28,133.59,134.32,130.51,130.65,709605,141.77
2024-05-29,129.45,130.45,128.24,128.32,815241,139.24
2024-05-30,128.73,130.04,128.39,129.65,651649,140.68
2024-05-31,129.68,133.1,129.46,132.84,1500320,144.14
2024-06-03,133.57,134.04,131.72,132.81,812384,144.11
2024-06-04,132.27,133.43,132.27,133.42,860605,144.77
2024-06-05,133.56,133.78,131.42,131.78,696655,142.99
2024-06-06,131.78,133.3,131.66,133.27,818686,144.61
2024-06-07,132.74,135.8,132.33,134.74,916585,145.19
2024-06-10,134.23,134.42,131.32,132.21,813042,142.47
2024-06-11,131.92,132.05,130.75,131.81,767531,142.04
2024-06-12,132.96,133.27,131.98,132.51,598910,142.79
2024-06-13,131.78,132.14,129.47,130.76,1033576,140.91
2024-06-14,128.75,128.81,125.14,126.86,1159285,136.7
2024-06-17,126.86,130.11,126.63,129.83,975735,139.9
2024-06-18,129.85,131.29,129.28,129.31,777339,139.34
2024-06-20,129.06,131.9,129.06,131.24,806757,141.42
2024-06-21,131.19,131.68,130.45,131.25,1589464,141.43
2024-06-24,131.49,132.67,131.29,131.82,640463,142.05
2024-06-25,131.4,131.4,128.92,129.08,641555,139.1
2024-06-26,128.21,128.58,127.29,128.13,603110,138.07
2024-06-27,128.13,128.57,126.33,127.51,872286,137.4
2024-06-28,127.03,128.69,126.75,128.36,1298620,138.32
2024-07-01,128.36,128.74,124.18,124.21,1224564,133.85
2024-07-02,124.03,126.52,123.78,126.19,1025486,135.98
2024-07-03,125.21,125.86,122.82,123.78,645170,133.38
2024-07-05,123.24,123.52,121.29,122.91,1439443,132.45
2024-07-08,123.41,124.29,122.66,123.31,838810,132.88
2024-07-09,123.08,123.31,121.4,121.61,924354,131.04
2024-07-10,122.09,123,121.22,122.94,757837,132.48
2024-07-11,123.49,126.75,123.49,126.68,1163524,136.51
2024-07-12,127.88,129.03,126.62,128.33,1017683,138.29
2024-07-15,127.7,131.92,127.48,131.06,1402665,141.23
2024-07-16,131.77,132.89,130.53,131.52,1392911,141.72
2024-07-17,131.3,133.78,131.09,133.69,927863,144.06
2024-07-18,132.7,133.92,130.09,130.16,965856,140.26
2024-07-19,130.5,130.8,127.53,128.31,3266040,138.26
2024-07-22,128.83,129.24,127.26,128.41,1245408,138.37
2024-07-23,126.21,129.24,124.71,127.33,2069323,137.21
2024-07-24,127.17,127.21,125.01,125.97,1269863,135.74
2024-07-25,125.77,130.54,125.73,128.04,1072489,137.97
2024-07-26,128.53,133.23,128.35,131.75,988185,141.97
2024-07-29,131.23,133.06,130.63,132.51,810073,142.79
2024-07-30,133.34,136.77,133.33,136.5,939595,147.09
2024-07-31,136.77,138.16,135.35,136.52,2488139,147.11
2024-08-01,136.99,138.48,132.15,133.15,1113835,143.48
2024-08-02,133.05,133.05,130.48,132.26,1062186,142.52
2024-08-05,131.66,131.66,127.3,128.39,1062233,138.35
2024-08-06,128.39,131.56,128.21,129.96,804827,140.04
2024-08-07,130.65,131.7,127.19,127.35,809356,137.23
2024-08-08,127.77,129.42,127.37,128.52,744180,138.49
2024-08-09,128.4,128.52,126.56,127.3,513604,137.18
2024-08-12,127.4,127.59,125.57,125.86,856752,135.63
2024-08-13,126.22,127.33,125.52,127,463521,136.85
2024-08-14,127.19,127.65,126.8,127.31,451698,137.19
2024-08-15,128.92,129.87,128.05,128.58,588557,138.56
2024-08-16,128.85,129.42,128.32,128.86,624101,138.86
2024-08-19,129.22,129.49,128.2,128.69,583927,138.68
2024-08-20,128.55,129.53,128.27,129.48,582737,139.53
2024-08-21,130.46,133.6,129.91,133.32,828395,143.66
2024-08-22,132.69,132.95,130.68,131.18,497958,141.36
2024-08-23,132.16,133.23,131.39,131.97,525126,142.21
2024-08-26,132.94,134.09,131.62,132.7,798227,143
2024-08-27,132.61,132.86,131.85,132.43,649325,142.71
2024-08-28,132.56,133.21,131.67,132.25,755741,142.51
2024-08-29,133.02,133.23,131.56,132.04,476817,142.28
2024-08-30,132.49,133.09,131.35,132.95,821937,143.26
2024-09-03,132.69,134.04,131.34,132.88,739511,143.19
2024-09-04,133.02,133.79,129.32,131.03,742098,141.2
2024-09-05,131.2,131.67,125.29,127.45,1620458,137.34
2024-09-06,127.42,128.81,125.31,125.54,932280,134.3
2024-09-09,126.11,127.92,124.55,127.7,824065,136.61
2024-09-10,127.92,127.97,125.94,126.91,726627,135.76
2024-09-11,126.2,126.47,123.68,126.25,775857,135.05
2024-09-12,126.25,127.36,124.53,127.33,669310,136.21
2024-09-13,128.12,128.87,127.26,128.4,874325,137.35
2024-09-16,129.3,130.33,127.96,128.4,756188,137.35
2024-09-17,128.98,130.17,128.23,128.38,529930,137.33
2024-09-18,130.31,131.91,128.86,129.09,489708,138.09
2024-09-19,130.51,130.87,129.19,130.07,528018,139.14
2024-09-20,129.55,129.64,127.11,128.09,1358220,137.02
2024-09-23,128.19,128.94,127.24,128.76,932233,137.74
2024-09-24,128.44,130.78,128.12,130.56,846492,139.66
2024-09-25,131.02,131.02,129.04,129.49,888317,138.52
2024-09-26,130.13,132.4,129.73,132.28,686403,141.5
2024-09-27,133.06,134.22,131.84,132.03,618195,141.24
2024-09-30,132.13,132.13,129.85,130.57,680735,139.68
2024-10-01,130.45,131.35,129.01,130.55,764912,139.65
2024-10-02,129.7,130.57,128.89,129.72,666305,138.77
2024-10-03,128.86,129.03,127.42,127.67,553422,136.57
2024-10-04,128.5,129.29,127.4,127.79,649623,136.7
2024-10-07,127.16,127.67,126.01,126.19,619793,134.99
2024-10-08,125.26,125.54,124.1,124.96,716893,133.67
2024-10-09,125.39,126.17,124.44,125.04,807673,133.76
2024-10-10,125.04,125.8,124.34,124.74,613233,133.44
2024-10-11,124.96,128.76,124.96,128.29,864529,137.24
2024-10-14,127.98,130.5,127.76,130.35,1025507,139.44
2024-10-15,130.37,132.97,130.37,131.26,1153892,140.41
2024-10-16,132.95,134.43,132.3,133.83,879677,143.16
2024-10-17,133.79,134.58,132.91,134.27,750489,143.63
2024-10-18,134.88,134.88,133.16,133.84,852075,143.17
2024-10-21,134.3,134.81,133.18,133.79,990109,143.12
2024-10-22,112.59,114.55,105.39,105.74,6715564,113.11
2024-10-23,106.58,108.9,105.77,108.66,2768429,116.24
2024-10-24,106.96,108.31,105.56,105.74,2219367,113.11
2024-10-25,105.63,107.46,105.63,106.79,2138120,114.24
2024-10-28,108.11,111.32,107.85,110.63,3932740,118.35
2024-10-29,109.55,110.79,108.98,109.63,2502178,117.28
2024-10-30,110.4,111.25,108.37,108.69,1532421,116.27
2024-10-31,108.44,109.34,106.64,107.22,2763124,114.7
2024-11-01,107.37,107.99,105.9,106.2,1318782,113.61
2024-11-04,106.58,109.18,106.54,108.48,1216440,116.05
2024-11-05,108.47,109.08,107.74,109,1068269,116.6
2024-11-06,112.18,115.5,111.32,115.24,2574383,123.28
2024-11-07,115.16,116.65,114.4,115.02,1696267,123.04
2024-11-08,114.78,115.29,114.2,114.43,1220592,122.41
2024-11-11,115.19,116.46,114.06,114.38,957990,122.36
2024-11-12,114.12,115.13,113.49,114.7,1535273,122.7
2024-11-13,114.41,116.36,114.14,115.62,1438688,123.68
2024-11-14,116.84,118.11,115.74,115.78,1430046,123.85
2024-11-15,116.35,116.8,114.4,114.63,1077356,122.62
2024-11-18,115.08,116.85,114.84,116.09,905822,124.19
2024-11-19,114.75,115.92,113.29,113.35,1053892,121.26
2024-11-20,113.74,113.74,111.94,112.89,1043150,120.76
2024-11-21,113.6,114.76,112.45,114.69,973485,122.69
2024-11-22,115.26,116.91,114.98,116.66,953331,124.8
2024-11-25,118.28,122.09,118.11,121.03,1648818,129.47
2024-11-26,120.26,120.61,119.04,119.56,917520,127.9
2024-11-27,119.66,120.34,118.34,118.6,908029,126.87
2024-11-29,118.27,119.36,118.09,118.47,554476,126.73
2024-12-02,119.27,120.16,118.3,119.22,3119753,127.53
2024-12-03,118.95,119.58,117.88,119.07,923973,127.37
2024-12-04,118.48,119.21,117.58,117.68,796618,125.89
2024-12-05,117.66,117.93,115.79,116.5,1144255,124.62
2024-12-06,117.79,118.38,115.6,116.31,931746,123.42
2024-12-09,117.04,120.23,116.95,118.66,1291155,125.92
2024-12-10,118.37,119.25,116.13,118.17,928364,125.4
2024-12-11,118.25,118.25,115.74,115.9,1473954,122.99
2024-12-12,115.77,115.85,113.1,114.76,937663,121.78
2024-12-13,114.65,115.44,113.35,114.23,936494,121.22
2024-12-16,114.17,114.38,111.68,111.75,1376888,118.58
2024-12-17,111.17,112.75,110.67,111.66,1280263,118.49
2024-12-18,111.53,112.8,108.87,108.93,1281108,115.59
2024-12-19,108.98,110.45,107.94,108.01,1589268,114.62
2024-12-20,107.77,109.95,106.94,109.06,2689411,115.73
2024-12-23,108.23,110.73,107.78,109.48,1134086,116.18
2024-12-24,109.41,110.53,108.9,110.53,346621,117.29
2024-12-26,109.63,110.88,109.53,109.83,884935,116.55
2024-12-27,109.31,110.87,108.94,110.22,846166,116.96
2024-12-30,109.49,110.26,108.69,109.15,1295263,115.82
2024-12-31,109.42,110.69,109.39,110.03,880039,116.76
2025-01-02,110.6,111.99,109.19,109.37,1041385,116.06
2025-01-03,109.61,110.47,108.23,110.13,1218074,116.86
2025-01-06,110.39,112.33,110.13,110.61,1076893,117.37
2025-01-07,111.44,112.37,109.63,109.89,848221,116.61
2025-01-08,109.32,110,108.27,109.81,941106,116.53
2025-01-10,108.59,109.99,108.18,109.23,1245009,115.91
2025-01-13,109.27,110.66,108.53,109.8,1301485,116.51
2025-01-14,109.86,111.01,109.45,110.28,1208440,117.02
2025-01-15,111.87,112.29,110.24,110.62,1225041,117.38
2025-01-16,112.25,113.07,110.82,112.54,1625919,119.42
2025-01-17,111.2,112.21,109.87,111.69,2448066,118.52
2025-01-21,111.69,113.46,111.26,113.15,1451185,120.07
2025-01-22,113.29,113.29,108.89,110.88,4289828,117.66
2025-01-23,111.68,112.03,110.33,111.5,1223612,118.32
2025-01-24,111.39,111.76,109.92,110.47,1311809,117.23
2025-01-27,111.16,113.35,111.16,113.22,1705155,120.14
2025-01-28,112.55,112.69,110.47,110.55,1438328,117.31
2025-01-29,110.38,110.83,109.15,109.64,1755925,116.34
2025-01-30,110.26,111.69,109.84,111.35,1573797,118.16
2025-01-31,110.66,111.42,109.11,109.55,2336551,116.25
2025-02-03,107.84,109.67,106.76,109.24,1256337,115.92
2025-02-04,108.69,111.43,108.69,110.75,1303565,117.52
2025-02-05,111.19,111.95,110.78,111.52,1519566,118.34
2025-02-06,112.23,113.27,110.41,111.24,1973128,118.04
2025-02-07,111.19,112.78,110.4,110.95,1425806,117.74
2025-02-10,111.74,112.21,110.79,111.61,1461565,118.44
2025-02-11,110.6,114.98,110.6,114.69,2012058,121.7
2025-02-12,113.18,115.25,113.18,115.21,1229324,122.26
2025-02-13,116.01,117.61,115.4,117.49,1572232,124.68
2025-02-14,118.15,119.38,116.98,117.7,1974003,124.9
2025-02-18,117.21,117.21,111.77,114.64,3047335,121.65
2025-02-19,113.4,115.5,112.61,115.03,1754350,122.07
2025-02-20,115.64,116.69,114.7,116.17,1709125,123.27
2025-02-21,116.39,116.39,114.6,114.62,1466231,121.63
2025-02-24,114.78,115.47,113.56,115.14,1150332,122.18
2025-02-25,115.62,117.11,115.36,116.03,1229436,123.13
2025-02-26,116.24,116.49,114.15,115.06,2195293,122.1
2025-02-27,114.84,116.19,114.51,115.62,1182620,122.69
2025-02-28,116.5,117.83,116.5,117.68,1814394,124.88
2025-03-03,118.5,119.45,116.49,116.85,1813520,124
2025-03-04,115.92,117.5,115.4,115.79,1409844,122.87
2025-03-05,115.72,117.42,115.36,116.5,1528449,123.62
2025-03-06,113.96,119.07,113.62,118.67,1289907,125.93
2025-03-07,118.36,121.44,117.7,120.83,1428411,127.17
2025-03-10,121.07,125.4,119.88,122.59,1761999,129.02
2025-03-11,121.69,121.69,117.41,117.42,2433568,123.58
2025-03-12,116.39,116.4,114.35,115.28,1458302,121.33
2025-03-13,115.31,116.5,113.18,113.48,1430692,119.43
2025-03-14,114.05,116.34,113.48,115.92,944308,122
2025-03-17,115.79,117.69,115.79,117.32,1471220,123.48
2025-03-18,117.25,117.99,116.5,117.79,1280214,123.97
2025-03-19,117.58,118.78,117.27,118.38,1333776,124.59
2025-03-20,117.38,118.63,114.5,114.72,1687080,120.74
2025-03-21,113.72,114.53,111.83,112.86,3064763,118.78
2025-03-24,113.26,115.03,113.26,114.65,830986,120.67
2025-03-25,114.61,114.93,111.69,112.01,1830740,117.89
2025-03-26,112.22,113.48,112.11,112.55,2176758,118.46
2025-03-27,112.59,115.57,111.79,114.54,2353748,120.55
2025-03-28,114.08,114.69,112.1,112.56,1016012,118.47
2025-03-31,112.27,113.88,111.88,113.2,1109945,119.14
2025-04-01,110.22,112.83,110.07,112.54,1540061,118.45
2025-04-02,111.85,114.52,111.5,114.08,1078798,120.07
2025-04-03,112.71,114.05,111.4,112.76,1545279,118.68
2025-04-04,113.16,113.94,110.58,110.99,1751477,116.81
2025-04-07,108.1,109.08,103.43,104.84,2877703,110.34
2025-04-08,107.4,108.5,99.4,100.28,2526545,105.54
2025-04-09,99.54,109.06,98.82,108.3,2577653,113.98
2025-04-10,106.99,108.23,103.56,107.64,1979521,113.29
2025-04-11,108.02,109.6,105.88,109.5,1263932,115.25
2025-04-14,110.63,111.09,109.48,110.43,1177911,116.23
2025-04-15,110.43,111.38,108.58,108.61,1076459,114.31
2025-04-16,108.64,108.97,105.98,106.58,1005911,112.17
2025-04-17,107.1,108.73,106.81,108.41,1632739,114.1
2025-04-21,107.65,108.03,105.13,106.24,2080093,111.82
2025-04-22,110.28,112.64,106.86,109.22,2671847,114.95
2025-04-23,109.45,112.91,109.31,110.35,1846126,116.14
2025-04-24,109.89,111.35,108.14,111.25,1141388,117.09
2025-04-25,110.81,111.34,109.67,110.82,1171410,116.64
2025-04-28,111.18,112.7,110.21,111.66,1717869,117.52
2025-04-29,110.57,112.61,110.48,112.36,1142664,118.26
2025-04-30,111.81,112.2,109.71,111.69,1265479,117.55
2025-05-01,111.22,112.36,110.36,111.17,844108,117
2025-05-02,112.58,114.51,112.25,114.29,1135803,120.29
2025-05-05,113.87,114.19,112.18,112.78,968726,118.7
2025-05-06,111.75,112.58,111.16,111.19,978281,117.02
2025-05-07,111.18,111.89,109.91,110.18,1087524,115.96
2025-05-08,110.85,112.77,110.57,111.72,1002934,117.58
2025-05-09,111.78,112.41,110.94,111.57,769737,117.42
2025-05-12,114.17,116.51,113.86,115.91,1219407,121.99
2025-05-13,116.37,116.53,115.11,115.16,1017527,121.2
2025-05-14,114.45,118.56,113.55,118.05,3003523,124.24
2025-05-15,118.15,121.24,117.94,121.12,1693684,127.48
2025-05-16,121.27,123.14,121.11,122.25,2063023,128.67
2025-05-19,120.67,122.92,120.67,122.65,1132118,129.09
2025-05-20,122.48,122.82,121.53,121.64,1062025,128.02
2025-05-21,120.59,121.16,118.75,118.85,1294990,125.09
2025-05-22,118.55,121.18,118.55,120.56,924436,126.89
2025-05-23,118.71,120.39,118.36,119.92,978633,126.21
2025-05-27,121.17,121.33,119.66,120.92,1146077,127.27
2025-05-28,121.28,121.98,119.54,119.66,834853,125.94
2025-05-29,119.75,120.39,118.54,120.07,1154036,126.37
2025-05-30,119.79,120.97,118.56,120.21,2359443,126.52
2025-06-02,119.57,121.91,118.57,121.87,1131740,128.27
2025-06-03,121.52,122.53,120.69,121.38,998121,127.75
2025-06-04,121.28,121.61,119.92,119.98,691311,126.28
2025-06-05,119.96,120.34,118.98,119.87,734957,126.16
2025-06-06,120.48,120.98,119.75,120,664087,125.27
2025-06-09,119.98,120.6,117.79,119.98,791747,125.25
2025-06-10,120.2,121.87,119.52,121.22,1063260,126.54
2025-06-11,120.63,120.92,117.92,118.12,980055,123.3
2025-06-12,117.16,117.49,115.59,117,1501446,122.13
2025-06-13,115.58,116.76,114.16,114.65,1231227,119.68
2025-06-16,115.47,115.64,114.82,115.43,1351825,120.5
2025-06-17,114.55,115.53,114.09,114.31,1210248,119.33
2025-06-18,114.7,114.97,113.68,113.87,987450,118.87
2025-06-20,114.24,114.77,113.53,114.73,1665847,119.77
2025-06-23,114.7,116.32,114.09,116.19,1123135,121.29
2025-06-24,116.51,116.78,115.63,116.1,740525,121.2
2025-06-25,116.12,116.12,113.77,114.14,681151,119.15
2025-06-26,114.33,114.97,112.37,114.05,922301,119.06
2025-06-27,114.63,115.55,114.24,115.42,1000769,120.48
2025-06-30,115.19,116.41,114.53,116.21,1174040,121.31
2025-07-01,115.98,121.15,115.56,120.07,1688018,125.34
2025-07-02,120.08,122.28,119.22,122.11,1040196,127.47
2025-07-03,121.95,122.58,121.18,122.05,495193,127.41
2025-07-07,121.45,122.35,119.46,120.25,895651,125.53
2025-07-08,119.99,121.53,119.17,121.35,998788,126.68
2025-07-09,121.29,121.29,119.33,119.98,1101574,125.25
2025-07-10,119.53,121.82,119.15,120.72,1428065,126.02
2025-07-11,119.53,119.8,118.04,119.3,896089,124.54
2025-07-14,119.59,119.97,117.98,119.18,1106850,124.41
2025-07-15,119.24,119.55,117.05,117.09,731839,122.23
2025-07-16,116.79,117.45,115.32,117.4,784486,122.55
2025-07-17,117.29,118.64,116.93,118.34,945229,123.53
2025-07-18,118.89,119.27,116.62,117.74,1460565,122.91
2025-07-21,118.06,119.92,117.54,118.68,1570305,123.89
2025-07-22,117.21,127.87,117.21,127.71,3074079,133.31
2025-07-23,128.25,129.51,127.06,129.02,1596885,134.68
2025-07-24,128.86,128.89,127.33,127.61,1304296,133.21
2025-07-25,127.19,128.17,126.38,128.08,823068,133.7
2025-07-28,127.72,128.13,126.24,127.48,1192803,133.07
2025-07-29,127.25,127.97,126.52,127.85,1353657,133.46
2025-07-30,127.87,128.15,125.53,126.48,1975003,132.03
2025-07-31,124.97,126.44,122.94,123.46,2190674,128.88
2025-08-01,123.71,124.58,120.7,122.91,1655855,128.3
2025-08-04,122.55,126.03,122.5,125.74,1241856,131.26
2025-08-05,126.27,127.43,125.54,127,1277653,132.57
2025-08-06,127.39,128.21,126.73,127.84,958012,133.45
2025-08-07,128.55,128.99,126.2,128.34,747224,133.97
2025-08-08,128.4,128.4,127.32,127.49,627259,133.09
2025-08-11,127.74,128.4,126.33,127.79,779314,133.4
2025-08-12,128.27,129.18,127.72,129.09,847052,134.76
2025-08-13,129.36,132.71,128.99,132.25,1321923,138.05
2025-08-14,130.91,132.07,130.02,131.98,968655,137.77
2025-08-15,132.72,133.06,131.45,132.01,1285449,137.8
2025-08-18,132.29,132.29,131.16,131.37,1250558,137.14
2025-08-19,131.98,133.92,131.76,132.92,681022,138.75
2025-08-20,133.21,133.75,131.05,131.23,635800,136.99
2025-08-21,130.42,131.06,129.46,130.6,643014,136.33
2025-08-22,131.24,134.89,131.22,133.64,943386,139.5
2025-08-25,133.02,133.74,132.46,133.4,791823,139.25
2025-08-26,133.54,134.75,132.83,132.92,859909,138.75
2025-08-27,133.1,134.13,132.49,133.97,1924305,139.85
2025-08-28,134.11,134.11,132.59,133.45,755745,139.31
2025-08-29,134.06,134.58,132.84,133.47,675788,139.33
2025-09-02,132.76,133.33,130.31,130.31,1022327,136.03
2025-09-03,130.4,131.11,129.54,130.54,711235,136.27
2025-09-04,136.75,137.45,131.47,135.31,3464936,141.25
2025-09-05,135.53,137.18,133.22,134.62,2049557,139.5
2025-09-08,134.19,135.18,132.92,134.95,1480929,139.85
2025-09-09,134.45,134.84,132.76,134.09,1019365,138.95
2025-09-10,133.44,134.84,133.18,134.61,1825144,139.49
2025-09-11,134.9,138.1,133.88,137.77,1125341,142.77
2025-09-12,136.78,137.51,135.68,136.33,856805,141.28
2025-09-15,136.1,136.1,134.12,134.17,1454538,139.04
2025-09-16,135.15,135.81,134.05,134.74,1884925,139.63
2025-09-17,135.22,137.14,134.18,134.36,1693571,139.23
2025-09-18,133.6,134.71,132.75,133.08,952411,137.91
2025-09-19,133.64,133.89,131.89,132.52,1444820,137.33
2025-09-22,136.05,136.51,132.62,133.13,1437099,137.96
2025-09-23,133.06,134.87,132.91,133.81,1572405,138.66
2025-09-24,132.96,134.79,132.96,133.76,911491,138.61
2025-09-25,133.18,133.81,131.21,131.49,941617,136.26
2025-09-26,131.59,133.47,131.21,132.87,728680,137.69
2025-09-29,132.98,134.5,132.32,134.35,1220384,139.22
2025-09-30,134.13,134.93,133.07,133.75,1033114,138.6
2025-10-01,133.79,134.62,132.79,133.33,801417,138.17
2025-10-02,133.59,135.83,133.15,135.48,1164160,140.39
2025-10-03,135.17,135.69,134.47,134.84,717685,139.73
2025-10-06,134.5,134.64,133.25,133.6,935812,138.45
2025-10-07,133.64,133.64,130.94,131.25,820744,136.01
2025-10-08,131.14,131.14,128.89,129,928561,133.68
2025-10-09,128.12,128.39,125.76,126.92,1028729,131.52
2025-10-10,126.92,127.78,125.44,125.78,1017533,130.34
2025-10-13,125.67,127.24,125.67,127.09,957765,131.7
2025-10-14,126.71,129.3,126.28,128.98,736277,133.66
2025-10-15,129.04,130.58,128.17,128.88,652551,133.55
2025-10-16,129.01,129.47,127.79,129.09,818228,133.77
2025-10-17,129.4,129.85,128.27,128.44,1314718,133.1
2025-10-20,128.85,128.85,126.71,127.2,1668643,131.81
2025-10-21,128.34,132.08,126.04,129.8,2768774,134.51
2025-10-22,129.8,130.01,128.04,128.21,1347282,132.86
2025-10-23,128.34,129,125.39,128.6,1614963,133.26
2025-10-24,129.23,129.3,126.27,126.35,1293541,130.93
2025-10-27,126.4,126.83,125.25,126.82,1181819,131.42
2025-10-28,126.23,128.32,125.85,127.05,921710,131.66
2025-10-29,126.17,127.19,124.13,124.63,1012988,129.15
2025-10-30,124.3,126.96,123.76,123.91,713531,128.4
2025-10-31,123.03,123.89,122.07,122.85,1050812,127.31
2025-11-03,121.88,122.52,118.72,119.28,1616081,123.61
2025-11-04,118.73,119.16,117.34,118.4,1392857,122.69
2025-11-05,118.32,120.9,118.17,120.23,1612646,124.59
2025-11-06,119.67,120.9,119.15,120.65,1130289,125.03
2025-11-07,120.62,122.75,120.55,122.23,935521,126.66
2025-11-10,122.2,122.81,120.52,120.78,1288857,125.16
2025-11-11,121.32,123.04,120.63,122.83,788336,127.29
2025-11-12,122.79,124.39,122.52,122.65,1294039,127.1
2025-11-13,124.25,125.67,122.81,123.26,1094333,127.73
2025-11-14,123.37,124.1,122.42,122.81,1043443,127.26
2025-11-17,122.68,123.46,121.56,122.15,1119456,126.58
2025-11-18,121.42,122.67,120.66,121.79,1222111,126.21
2025-11-19,121.51,122,119.97,121.01,1087626,125.4
2025-11-20,121.12,122.79,120.35,120.65,909000,125.03
2025-11-21,121.22,125.65,121.21,124.06,1156662,128.56
2025-11-24,123.82,124.16,122,122.08,1168027,126.51
2025-11-25,123.03,124.85,122.5,124.36,2084159,128.87
2025-11-26,124.04,125.69,123.91,125.31,1103583,129.86
2025-11-28,125.64,126.46,125.19,125.84,315364,130.4
2025-12-01,124.7,127.12,124.7,125.4,901090,129.95
2025-12-02,125.42,125.42,123.55,124.44,847849,128.95
2025-12-03,124.98,126.4,124.94,124.94,1092169,129.47
2025-12-04,125.14,126.06,124.47,125.77,771318,130.33
2025-12-05,125.51,126.88,124.89,126.68,861561,130.24
2025-12-08,126.21,126.68,124.56,124.86,1614184,128.37
2025-12-09,124.11,124.3,121.24,123.07,2058160,126.53
2025-12-10,123.4,128.32,123.4,127.66,1508869,131.24
2025-12-11,128.39,130.47,128.37,130.3,1104476,133.96
2025-12-12,130.82,131.31,127.82,127.96,867910,131.55
2025-12-15,128.4,129,127.53,128.31,2209801,131.91
2025-12-16,128.51,128.68,125.81,125.92,883035,129.46
2025-12-17,125.09,126.71,124.2,124.56,1224630,128.06
2025-12-18,124.77,125.15,121.81,122.49,1035728,125.93
2025-12-19,122.56,122.97,121.82,122.03,1870102,125.46
2025-12-22,121.57,122.52,120.9,121.77,989938,125.19
2025-12-23,122.51,122.64,120.23,120.48,650295,123.86
2025-12-24,120.26,122.52,120.04,122.06,487354,125.49
2025-12-26,121.89,122.7,121.55,122.46,580023,125.9
2025-12-29,122.67,123.03,120.67,121.02,630047,124.42
2025-12-30,120.63,121.3,120.24,120.64,724480,124.03
2025-12-31,120.33,120.99,119.58,119.6,665896,122.96
2026-01-02,119.76,121.41,118.97,120.61,893937,124
2026-01-05,119.63,120.38,119.21,120.01,1135743,123.38
2026-01-06,119.44,121.48,118.67,121.1,1025265,124.5
2026-01-07,121.1,121.93,118.83,119.21,739028,122.56
2026-01-08,118.24,123.84,118.09,123.27,1236778,126.73
2026-01-09,123.99,124.99,122.51,124.83,1518584,128.34
2026-01-12,124.44,126.12,123.86,125.68,1264093,129.21
2026-01-13,125.57,128.39,125.43,128.37,869366,131.97
2026-01-14,128.48,130.5,128.31,130.15,889113,133.8
2026-01-15,129.68,132.67,129.33,132.44,1775828,136.16
2026-01-16,131.66,133.37,131.3,133.2,961758,136.94
2026-01-20,130.71,131.74,127.38,128.37,1096880,131.97
2026-01-21,128.95,132.58,128.48,132.52,867129,136.24
2026-01-22,133.22,134.23,132.31,133.1,801964,136.84
2026-01-23,133.55,134.33,132.87,133.87,824022,137.63
2026-01-26,134.52,136.27,133.45,135.38,929699,139.18
2026-01-27,135.61,135.91,133.46,135.57,1376378,139.38
2026-01-28,135.74,137.03,134.41,136.2,1278409,140.02
2026-01-29,137.13,137.69,133.96,135.09,986299,138.88
2026-01-30,133.74,135.19,132.54,135.19,2047353,138.99
2026-02-02,135.41,137.42,133.69,137.4,865554,141.26
2026-02-03,137.11,141.23,136.51,138.94,1279548,142.84
2026-02-04,140.33,144.25,139.85,143.91,1340994,147.95
2026-02-05,142.86,143.47,140.87,142.22,1435065,146.21
2026-02-06,142.11,144.52,141.55,144.45,883495,148.51
2026-02-09,143.83,145.2,141.75,142.03,1203156,146.02
2026-02-10,143.86,144.07,142.29,142.67,838024,146.68
2026-02-11,144.78,145.71,143.34,145.18,1005373,149.26
2026-02-12,145.9,147.43,142.5,143.58,1884553,147.61
2026-02-13,143.77,145.21,142.34,143.14,1203449,147.16
2026-02-17,133.63,133.63,122.11,122.31,4107562,125.74
2026-02-18,119.78,120.92,116.1,117.61,2668319,120.91
2026-02-19,116.98,117.78,114.91,116.11,1916371,119.37
2026-02-20,115.36,116.72,113.2,114.84,2276890,118.06
2026-02-23,114.08,114.92,112.57,112.99,1507080,116.16
2026-02-24,114.96,117.7,114.62,115.57,2379421,118.82
2026-02-25,114.94,115.98,112.7,113.73,2099064,116.92
2026-02-26,114.04,114.78,112.29,113.67,1336952,116.86
2026-02-27,112.73,116.3,111.92,116,1468611,119.26
2026-03-02,114.31,115.39,112.96,115.31,1133609,118.55
2026-03-03,112.83,114.16,110.73,113.24,1124175,116.42
2026-03-04,113.37,113.85,112.06,112.48,1281195,115.64
2026-03-05,112.2,113.93,112.2,113.91,1296230,117.11
2026-03-06,112.86,113.66,111.1,113.39,1100107,115.52
2026-03-09,111.82,112.45,108.73,109.78,1585341,111.84
2026-03-10,109.57,109.74,106.89,106.95,1813781,108.96
2026-03-11,107.09,112.67,106.15,107.19,3380460,109.2
2026-03-12,106.44,107.31,104.8,105.04,3483046,107.01
2026-03-13,106.02,106.02,103.09,103.79,1722873,105.74
2026-03-16,103.78,104.54,101.52,102.1,2415007,104.01
2026-03-17,102.74,103.29,100.69,100.93,2982239,102.82
2026-03-18,99.5,100.55,98.63,98.87,2052601,100.72
2026-03-19,97.96,98.67,96.33,97.27,2243613,99.09
2026-03-20,97.18,98.12,94.31,94.61,3983310,96.38
2026-03-23,96.71,100.83,95.67,99.2,2777372,101.06
2026-03-24,97.94,101.51,97.67,101.11,2156301,103.01
2026-03-25,102.06,103.73,101.58,103.18,2328262,105.12
2026-03-26,102.54,104.52,102.47,103.34,1821740,105.28
2026-03-27,103.15,103.75,102.26,103.09,3343814,105.02
2026-03-30,102.83,103.69,101.51,102.43,1884240,104.35
2026-03-31,103.97,104.1,101.93,103.8,2577999,105.75
2026-04-01,103.8,103.99,102.64,103.24,2871749,105.18
2026-04-02,103.41,104.22,101.03,101.57,1938359,103.47
2026-04-06,100.4,103.23,100.4,103.21,1611604,105.15
2026-04-07,102.64,103.36,101.59,101.93,1308847,103.84
2026-04-08,104.66,105.74,103.89,105.43,1894252,107.41
2026-04-09,105.18,107.13,103.89,106.56,2196963,108.56
2026-04-10,107.23,107.51,105.02,105.53,1812547,107.51
2026-04-13,105.48,107.84,104.62,107.77,2349401,109.79
2026-04-14,107.47,108.55,106.73,107.88,1611951,109.9
2026-04-15,107.48,108.45,106.25,108.41,2142750,110.44
2026-04-16,108.64,109.77,108.15,109.13,1380704,111.18
2026-04-17,109.87,113.7,109.87,111.7,2036509,113.79
2026-04-20,111.66,111.66,109.66,110.52,2171546,112.59
2026-04-21,112.64,114.62,108.83,112.88,2867210,115
2026-04-22,112.77,113.73,109.44,109.68,2483854,111.74
2026-04-23,109.84,110.26,107.16,107.77,1639983,109.79
2026-04-24,107.35,107.87,106.32,106.74,1111348,108.74
2026-04-27,106.3,107.63,103.65,104.6,1699064,106.56
2026-04-28,105.62,106.01,103,103.47,977677,105.41
2026-04-29,102.14,102.9,100.96,101.38,1106979,103.28
2026-04-30,102,105.27,101.98,105.26,2223653,107.23
2026-05-01,105.71,106.04,102.33,103.06,1752396,104.99
2026-05-04,102.16,103.94,101.57,101.61,1263088,103.52
2026-05-05,101.04,103.15,100.51,102.37,1071823,104.29
2026-05-06,103.9,104.85,102.34,103.55,1340568,105.49
2026-05-07,103.5,104.71,103.12,103.31,1342476,105.25
2026-05-08,104.41,104.72,102.58,102.79,955688,104.72
2026-05-11,102.24,102.44,99.12,99.55,1474521,101.42
2026-05-12,100,100.45,98.7,98.89,1367957,100.74
2026-05-13,98.65,99.14,96.75,97.05,1527241,98.87
2026-05-14,97.6,98.22,94.97,95.4,2025138,97.19
2026-05-15,95.4,95.92,91.12,91.16,1741148,92.87
2026-05-18,91.59,92.52,90.41,91.45,2061283,93.17
2026-05-19,90.41,91.56,89.32,90.77,1380231,92.47
2026-05-20,90.43,93.79,89.11,93.22,1478546,94.97
2026-05-21,92.3,96.22,91.75,95.82,1564849,97.62
2026-05-22,95.8,96.93,95.38,96.07,959391,97.87
2026-05-26,94.74,95.68,93.81,95.26,1542562,97.05
2026-05-27,96.2,99.24,96.2,96.59,1784336,98.4
2026-05-28,95.95,97.54,95.29,97.43,1364934,99.26
2026-05-29,97.12,97.64,96.09,96.88,2427488,98.7
2026-06-01,95.71,96.79,94.67,95.47,1867919,97.26
2026-06-02,96.34,97.6,95.7,97.52,1338973,99.35
2026-06-03,96.86,97.92,96.21,96.47,1330458,98.28
2026-06-04,97.91,98.4,95.38,96.81,1468749,98.63
2026-06-05,96.91,98.22,96.2,97.39,1384073,98.15
2026-06-08,96.13,97.9,95.33,96.32,1375217,97.07
2026-06-09,96.77,99.46,96.47,98.64,1094743,99.41
2026-06-10,98.78,99.26,96.72,97.67,1048771,98.43
2026-06-11,98.26,101.63,98.05,101.47,1924573,102.26
2026-06-12,102.42,103.03,100.65,102.95,1515179,103.75
2026-06-15,103.69,104.96,103.67,103.83,2240228,104.64
2026-06-16,105.66,107.23,104.84,106.44,2005296,107.27
2026-06-17,105.82,108.72,104.66,105.3,3281375,106.12
2026-06-18,106.29,110.45,106.29,107.86,3660894,108.7
2026-06-22,105.86,107.06,104.21,104.3,2110738,105.11
2026-06-23,104.69,106.85,104,105.65,1649480,106.47
2026-06-24,106.71,110.11,106.63,109.88,1256196,110.73
2026-06-25,109.96,113.7,109.33,112.12,1398207,112.99
2026-06-26,111.8,115.72,111.8,115.12,2842013,116.02
2026-06-29,114.03,116.3,113.5,116.28,1653560,117.18
2026-06-30,116.25,117.42,115.17,117.07,1356915,117.98
2026-07-01,117.02,118.73,116.04,116.49,1367598,117.4
2026-07-02,118.49,134.39,115.86,131.55,5088909,132.57
2026-07-06,128.2,129.29,124.72,127.67,3517006,128.66
2026-07-07,128.51,130.56,127.43,127.68,2126482,128.67
2026-07-08,126.33,126.33,123.16,123.77,1789103,124.73
2026-07-09,124.17,125.87,122.96,123.31,1935961,124.27
2026-07-10,123.95,126.77,123.65,124.65,2515970,125.62
2026-07-13,125.75,126.75,122.51,122.57,1430713,123.52
2026-07-14,122.35,122.75,120.65,121.22,1697280,122.16
2026-07-15,121.65,121.65,119.74,120.07,2489822,121
2026-07-16,120.32,124.97,120.32,124.69,1721646,125.66
2026-07-17,124.12,126.79,122.82,123.86,1644361,124.82
2026-07-20,123.87,124.03,120.54,121.46,2220098,122.4
2026-07-21,114.1,119.77,108.65,118.2,4150823,119.12
2026-07-22,119.94,124.03,118.79,119.44,2196835,120.37
2026-07-23,120.19,120.52,117.45,119.12,1522350,120.05
2026-07-24,119.09,123.4,119.09,123.25,1224593,124.21
2026-07-27,124.03,127.8,123.29,126.71,1546498,127.7
2026-07-28,128.99,130.98,127.87,128.71,1362801,129.71
2026-07-29,127.78,130.14,126.17,128.98,1505247,129.98
2026-07-30,128.44,128.97,122.67,123.87,1154291,124.83
2026-07-31,122.38,124.8,122.38,123.41,1219315,124.37
2026-08-03,126.99,128.8,126.3,127.53,1127092,128.52
2026-08-04,126.7,131.83,126.36,131.53,1304034,132.55
2026-08-05,131.23,132.18,130.09,130.31,884880,131.32
2026-08-06,130.43,132.07,130.14,131.76,1172574,132.79
2026-08-07,132.33,134.64,131.82,134.58,827690,135.63
2026-08-10,132.53,133.73,130.94,133.5,1597783,134.54
2026-08-11,132.88,136.1,132.19,134.05,1440516,135.09
2026-08-12,132.84,134.1,130.7,132.98,1084003,134.01
2026-08-13,134.27,134.58,132.37,134.31,898515,135.35
2026-08-14,133.78,134.83,132.96,133.99,688421,135.03
2026-08-17,132.65,133.47,131.4,131.5,1120011,132.52
2026-08-18,132.75,133.59,130.83,130.87,941808,131.89
2026-08-19,132.66,134.89,131.81,133.5,870626,134.54
2026-08-20,130.53,132.04,128.4,131.89,1749724,132.92
2026-08-21,132.39,134.03,131.74,132.93,1246207,133.96
2026-08-24,133.04,134.71,132.9,134.64,775211,135.69
2026-08-25,134.99,137.14,134.27,136.88,1235226,137.95
2026-08-26,137.37,138.81,135.53,138.41,1661425,139.49
2026-08-27,136.3,137.91,134.6,135.64,1259802,136.7
2026-08-28,136.28,136.48,134.34,136.45,733944,137.51
2026-08-31,135.78,136.52,134.58,134.62,1249078,135.67
2026-09-01,134.21,135.12,133.24,133.8,932607,134.84
2026-09-02,134.64,136.5,133.87,136.09,745415,137.15
2026-09-03,136.57,137.74,133.34,136.56,947726,137.62
2026-09-04,135.52,138.2,135.52,138.08,737494,138.08
2026-09-08,135.69,135.85,133.26,134.06,872531,134.06
2026-09-09,132.43,135.91,132.34,135.24,1073420,135.24
2026-09-10,134.41,135.36,133.0489,134.16,944058,134.16
2026-09-11,136.38,136.38,133.39,133.68,731661,133.68
2026-09-14,132.96,134.2306,131.58,133.21,933236,133.21
2026-09-15,133.79,133.79,129.92,131.01,1199696,131.01
2026-09-16,130.53,132.66,129.39,130.52,890131,130.52
2026-09-17,132.71,132.85,130.57,130.88,843714,130.88
2026-09-18,130.21,130.44,127.58,128.08,2820687,128.08
2026-09-21,128.86,129.9963,126.24,126.45,1024693,126.45
2026-09-22,128.92,131.4506,127.84,129.59,814462,129.59
2026-09-23,128.84,130.41,127.47,128.76,691973,128.76
