date,open,high,low,close,volume,raw_close
2016-01-04,22.37,22.72,22.2,22.65,4626878,29.28
2016-01-05,22.76,23.3,22.67,23.21,5163229,30.01
2016-01-06,22.8,23.33,22.74,23.16,4158675,29.94
2016-01-07,22.75,23.76,22.66,23.54,5013404,30.44
2016-01-08,23.66,23.78,22.38,22.43,4184840,29
2016-01-11,22.99,23.69,22.57,23.58,6018550,30.49
2016-01-12,23.94,24.13,23.18,23.68,3197774,30.62
2016-01-13,23.84,23.84,22.99,23.02,3899827,29.76
2016-01-14,23.15,23.4,22.32,23.11,4949877,29.88
2016-01-15,22.48,22.8,22.17,22.47,5186846,29.05
2016-01-19,22.78,22.82,21.81,22.07,4337251,28.53
2016-01-20,21.69,22.07,21.03,21.87,4773993,28.27
2016-01-21,21.94,22.65,21.8,22.34,2906160,28.88
2016-01-22,22.72,23.02,22.45,22.62,3943541,29.25
2016-01-25,22.52,22.68,22.37,22.49,3141383,29.08
2016-01-26,22.68,23.49,22.6,23.39,3213974,30.24
2016-01-27,23.22,23.78,23.01,23.24,2912809,30.05
2016-01-28,23.81,23.87,22.72,22.91,3896254,29.62
2016-01-29,23.09,23.75,23.08,23.64,4200423,30.57
2016-02-01,23.35,24.24,23.21,24.12,2671939,31.18
2016-02-02,23.92,24.26,23.13,23.23,2878209,30.04
2016-02-03,23.47,23.65,22.69,23.55,3485820,30.45
2016-02-04,23.25,23.34,22.5,22.73,5892625,29.39
2016-02-05,19.82,20.72,19.18,19.31,25811243,24.96
2016-02-08,18.94,19,17.98,18.42,8750520,23.82
2016-02-09,18.18,19.18,18.08,18.59,9493592,24.03
2016-02-10,18.8,19.75,18.73,19.37,10114043,25.04
2016-02-11,19.08,19.88,19.08,19.55,6983844,25.16
2016-02-12,19.86,20.79,19.51,20.65,7584536,26.58
2016-02-16,20.98,21.54,20.82,21.34,5377736,27.47
2016-02-17,21.63,22.1,21.54,21.66,6363594,27.88
2016-02-18,21.58,21.66,20.99,21.04,4525998,27.08
2016-02-19,20.88,21.05,20.18,20.61,5890614,26.53
2016-02-22,20.98,21.11,20.67,20.93,2873404,26.94
2016-02-23,20.86,21.05,20.51,20.56,3010618,26.47
2016-02-24,20.52,21.53,20.1,21.46,5009602,27.62
2016-02-25,21.24,21.84,21.24,21.81,3394267,28.07
2016-02-26,22.02,22.13,21.74,21.92,2893988,28.21
2016-02-29,21.86,22.4,21.86,22.13,4073210,28.49
2016-03-01,22.23,22.94,22.19,22.82,3653629,29.37
2016-03-02,22.61,22.68,22.35,22.54,3571473,29.01
2016-03-03,22.62,23.03,22.48,23.02,3629234,29.63
2016-03-04,23.13,23.22,22.62,22.82,2703658,29.38
2016-03-07,22.6,22.93,22.55,22.82,4752958,29.37
2016-03-08,22.64,22.72,22.17,22.22,3637487,28.6
2016-03-09,22.41,22.46,21.89,21.93,3968213,28.23
2016-03-10,22.01,22.42,21.91,22.33,3057812,28.74
2016-03-11,22.61,22.89,22.47,22.85,1828971,29.41
2016-03-14,22.7,22.95,22.58,22.79,1861895,29.33
2016-03-15,22.65,22.75,22.48,22.72,1940651,29.25
2016-03-16,22.62,22.86,22.33,22.52,2099055,28.99
2016-03-17,22.52,22.76,22.36,22.72,2186715,29.25
2016-03-18,22.82,23.31,22.72,22.93,2909072,29.52
2016-03-21,22.73,22.87,22.53,22.77,2314670,29.31
2016-03-22,22.7,22.75,22.27,22.47,2163402,28.93
2016-03-23,22.37,22.41,21.8,21.8,3162435,28.06
2016-03-24,21.81,21.99,21.49,21.88,1882219,28.16
2016-03-28,21.95,22.16,21.73,21.99,1931351,28.3
2016-03-29,21.96,22.23,21.81,22.02,3475507,28.35
2016-03-30,22.07,22.28,21.99,22.13,2927657,28.48
2016-03-31,22.13,22.3,21.91,22.02,3450698,28.34
2016-04-01,21.88,22.27,21.79,22.09,2350760,28.43
2016-04-04,22.04,22.15,21.66,21.68,2239623,27.91
2016-04-05,21.5,21.5,20.82,20.86,5458182,26.85
2016-04-06,20.85,21.2,20.7,21.05,3239366,27.1
2016-04-07,21.62,22.24,21.45,21.65,6739562,27.87
2016-04-08,21.73,21.81,20.95,21.12,4371799,27.19
2016-04-11,21.15,21.36,20.98,21,3122839,27.03
2016-04-12,20.94,21.14,20.67,20.96,2498734,26.98
2016-04-13,21.12,21.4,20.89,21.37,3023336,27.51
2016-04-14,21.41,21.54,21.1,21.22,2576687,27.32
2016-04-15,21.26,21.64,21.08,21.6,3103276,27.81
2016-04-18,21.57,21.92,21.55,21.77,2080197,28.02
2016-04-19,21.89,22.12,21.72,21.97,3212752,28.28
2016-04-20,22.05,22.18,21.87,21.89,4115898,28.18
2016-04-21,22.07,22.14,21.83,21.89,3243651,28.18
2016-04-22,22.99,23.38,21.88,22.18,7287823,28.55
2016-04-25,22.06,22.12,21.46,21.51,3942475,27.69
2016-04-26,21.52,21.8,21.38,21.77,2924850,28.02
2016-04-27,21.76,21.81,21.36,21.59,2868412,27.79
2016-04-28,22.9,23.63,22.79,22.94,9137841,29.53
2016-04-29,22.88,22.9,22.19,22.55,4697135,29.03
2016-05-02,22.6,22.83,22.39,22.77,3103248,29.31
2016-05-03,22.65,22.65,22.23,22.33,3816679,28.75
2016-05-04,22.22,22.32,21.81,22.04,4517810,28.37
2016-05-05,21.93,21.97,21.65,21.76,2649112,28.01
2016-05-06,21.71,21.77,21.36,21.49,2642567,27.66
2016-05-09,21.43,21.71,21.37,21.58,2715297,27.78
2016-05-10,21.6,21.84,21.52,21.73,1736251,27.97
2016-05-11,21.43,21.43,20.84,20.86,4152330,26.85
2016-05-12,20.99,21.01,20.61,20.94,3920334,26.96
2016-05-13,20.86,21.2,20.78,20.98,4232494,26.9
2016-05-16,21.05,21.26,20.94,21.13,3619540,27.09
2016-05-17,21.08,21.34,20.91,21.1,3125639,27.05
2016-05-18,20.97,21.14,20.76,20.82,3564642,26.69
2016-05-19,20.9,21.23,20.73,21.05,2700824,26.99
2016-05-20,21.13,21.53,21.04,21.47,3008956,27.52
2016-05-23,21.47,21.54,21.01,21.04,2411266,26.97
2016-05-24,20.98,21.15,20.88,20.9,3274571,26.79
2016-05-25,20.89,21.23,20.77,21.11,3496556,27.06
2016-05-26,21.2,21.3,20.96,21.26,3404535,27.26
2016-05-27,21.27,21.32,21.01,21.08,2452106,27.03
2016-05-31,21.11,21.19,20.96,21.12,4095931,27.07
2016-06-01,21.37,22.04,21.33,21.57,6274594,27.65
2016-06-02,21.55,21.69,21.42,21.65,3474333,27.76
2016-06-03,21.65,21.74,21.23,21.35,2593436,27.37
2016-06-06,21.29,21.37,21.1,21.28,3867315,27.28
2016-06-07,21.13,21.4,21.03,21.16,3793955,27.13
2016-06-08,21.15,21.2,20.86,21.04,2955352,26.97
2016-06-09,20.98,20.98,20.62,20.93,2816568,26.83
2016-06-10,20.71,20.97,20.69,20.95,2892607,26.86
2016-06-13,20.93,20.97,20.39,20.39,6362455,26.14
2016-06-14,20.33,20.45,19.81,20.23,5049686,25.93
2016-06-15,20.16,20.78,20.16,20.37,4185429,26.11
2016-06-16,20.29,20.34,20.01,20.31,2817704,26.04
2016-06-17,20.27,20.59,20.11,20.46,7090188,26.23
2016-06-20,20.7,21.13,20.69,20.88,3983114,26.77
2016-06-21,20.85,20.92,20.73,20.77,2713576,26.63
2016-06-22,20.76,20.88,20.52,20.55,2337266,26.34
2016-06-23,20.7,20.8,20.46,20.65,2848261,26.47
2016-06-24,20,20.2,19.86,19.98,7028901,25.62
2016-06-27,19.72,19.85,19.47,19.83,6633982,25.42
2016-06-28,20.05,20.25,19.88,20.14,3739799,25.82
2016-06-29,20.38,20.55,20.24,20.52,2722178,26.3
2016-06-30,20.13,20.26,19.5,19.6,8556253,25.13
2016-07-01,19.83,20.06,19.64,19.97,10666730,25.6
2016-07-05,19.97,20.05,19.27,19.5,3675349,25
2016-07-06,19.45,20,19.42,19.91,4325451,25.53
2016-07-07,19.9,20.1,19.69,19.9,4797864,25.51
2016-07-08,20.18,20.58,20.15,20.49,2887940,26.27
2016-07-11,20.52,20.72,20.44,20.48,3541315,26.26
2016-07-12,20.7,21.1,20.59,21.04,3644250,26.97
2016-07-13,21.08,21.1,20.83,20.84,2820210,26.72
2016-07-14,21.05,21.21,20.83,20.83,3815372,26.7
2016-07-15,20.93,20.96,20.67,20.71,2069784,26.55
2016-07-18,20.75,20.77,20.59,20.69,2047719,26.52
2016-07-19,20.68,20.98,20.51,20.86,2112004,26.74
2016-07-20,20.88,21.41,20.87,21.08,3846851,27.02
2016-07-21,21.1,21.39,20.88,20.96,3105379,26.87
2016-07-22,20.93,21.01,20.71,20.96,2085483,26.87
2016-07-25,20.95,21.01,20.84,20.94,2009229,26.85
2016-07-26,20.94,21.08,20.68,20.71,2984056,26.55
2016-07-27,20.67,20.73,20.32,20.34,4640027,26.07
2016-07-28,20.33,20.44,20,20.01,4367025,25.65
2016-07-29,20.03,20.83,19.94,20.8,5164163,26.66
2016-08-01,20.84,21.1,20.56,20.71,5009809,26.55
2016-08-02,20.65,21.05,19.9,20.01,5187636,25.65
2016-08-03,18.91,20.11,18.83,19.51,15264241,25.01
2016-08-04,19.63,19.87,19.55,19.73,4738826,25.29
2016-08-05,19.88,20.02,19.58,19.83,4089931,25.42
2016-08-08,20.01,20.27,19.77,19.92,5742971,25.54
2016-08-09,19.87,20.13,19.8,19.95,3143506,25.58
2016-08-10,20.36,20.85,20.28,20.59,6021836,26.39
2016-08-11,20.83,21.35,20.79,21.26,7122390,27.26
2016-08-12,21.26,21.41,21.13,21.23,3922975,27.11
2016-08-15,21.29,21.42,21.26,21.33,4245322,27.23
2016-08-16,21.33,21.44,21.15,21.27,2243814,27.16
2016-08-17,21.27,21.44,21.06,21.4,4034551,27.32
2016-08-18,21.33,21.51,21.15,21.23,2360266,27.11
2016-08-19,21.16,21.9,21.16,21.85,7650489,27.9
2016-08-22,21.91,22.12,21.63,21.69,4143521,27.7
2016-08-23,21.77,21.84,21.55,21.77,2427001,27.8
2016-08-24,21.79,21.87,21.66,21.74,2282122,27.76
2016-08-25,21.73,21.75,21.34,21.44,1939814,27.38
2016-08-26,21.43,21.67,21.21,21.27,2644449,27.16
2016-08-29,21.26,21.49,21.23,21.3,1682147,27.19
2016-08-30,21.22,21.25,20.9,20.96,2161869,26.76
2016-08-31,20.9,21.07,20.63,20.79,3149425,26.54
2016-09-01,20.78,20.86,20.6,20.77,2237296,26.52
2016-09-02,20.8,20.96,20.63,20.68,2177300,26.4
2016-09-06,20.75,20.78,20.38,20.43,3015756,26.09
2016-09-07,20.49,20.56,20.19,20.51,3989158,26.19
2016-09-08,20.43,20.47,20.16,20.33,3742670,25.96
2016-09-09,20.19,20.21,20,20.13,3794922,25.7
2016-09-12,20.03,20.78,20,20.74,7466425,26.48
2016-09-13,20.58,20.58,20.21,20.35,5047868,25.98
2016-09-14,20.29,20.65,20.27,20.45,3452863,26.11
2016-09-15,20.32,20.55,20.25,20.45,3386297,26.11
2016-09-16,20.35,20.49,20.3,20.46,3551645,26.12
2016-09-19,20.48,20.57,20.37,20.44,3037546,26.1
2016-09-20,20.56,20.57,20.13,20.14,4055835,25.71
2016-09-21,20.16,20.47,20.03,20.47,6007086,26.14
2016-09-22,20.52,20.6,20.39,20.48,2249402,26.15
2016-09-23,20.38,20.52,20.21,20.21,1706695,25.81
2016-09-26,20.13,20.17,19.86,19.94,3029016,25.46
2016-09-27,19.98,20.13,19.79,20.11,2503237,25.68
2016-09-28,20.07,20.13,19.87,20.04,2241696,25.59
2016-09-29,19.95,20.05,19.69,19.71,4598988,25.16
2016-09-30,19.82,19.92,19.6,19.78,4282584,25.25
2016-10-03,19.71,20,19.5,19.97,3194604,25.5
2016-10-04,20,20.18,19.89,19.97,3123122,25.5
2016-10-05,20.01,20.28,19.96,19.98,3329230,25.51
2016-10-06,19.98,20.22,19.82,20.03,3355724,25.58
2016-10-07,20.14,20.27,19.78,19.82,3197978,25.3
2016-10-10,19.94,20.13,19.92,20.07,1875053,25.63
2016-10-11,20.07,20.31,20.07,20.29,4571335,25.91
2016-10-12,19.89,20.16,19.74,19.75,8018346,25.22
2016-10-13,19.59,19.64,19.02,19.35,9315375,24.7
2016-10-14,19.42,19.67,19.08,19.09,3973806,24.38
2016-10-17,19.09,19.26,18.89,18.92,4212428,24.16
2016-10-18,19.03,19.18,18.98,19.11,2494255,24.4
2016-10-19,19.17,19.48,19.05,19.45,4033028,24.83
2016-10-20,19.42,19.43,19.24,19.39,2132627,24.76
2016-10-21,19.26,19.46,19.14,19.34,4648566,24.69
2016-10-24,19.37,19.46,19.22,19.25,3045602,24.58
2016-10-25,18.98,19.14,18.58,18.69,8383771,23.86
2016-10-26,18.69,18.87,18.6,18.71,3920736,23.89
2016-10-27,18.84,18.92,18.53,18.64,6587553,23.8
2016-10-28,20.38,21.2,20.17,20.18,16212408,25.77
2016-10-31,20.12,20.21,19.91,20.13,5192893,25.7
2016-11-01,20.1,20.12,19.38,19.55,6403464,24.96
2016-11-02,19.48,19.6,18.91,18.94,5691877,24.18
2016-11-03,18.96,19.01,18.48,18.54,4972199,23.67
2016-11-04,18.62,18.77,18.48,18.61,4358386,23.76
2016-11-07,18.88,19.13,18.8,19.03,5046313,24.3
2016-11-08,18.97,19.09,18.9,19,3520475,24.26
2016-11-09,18.71,19.2,18.58,19.12,4588309,24.41
2016-11-10,19.22,19.6,19.17,19.22,5561701,24.43
2016-11-11,19.16,19.55,19.13,19.48,4545124,24.76
2016-11-14,19.63,20.05,19.6,19.82,4674647,25.19
2016-11-15,19.88,20.27,19.76,20.27,4818904,25.76
2016-11-16,20.17,20.49,20.02,20.05,3013002,25.49
2016-11-17,20.08,20.19,19.87,19.94,3221148,25.35
2016-11-18,19.98,20,19,19.36,8614240,24.61
2016-11-21,19.35,19.42,19.18,19.26,4565489,24.48
2016-11-22,19.32,19.51,18.99,19.06,7311154,24.23
2016-11-23,19.03,19.27,19.02,19.26,6208734,24.48
2016-11-25,19.38,19.43,19.15,19.2,1908179,24.4
2016-11-28,19.16,19.2,18.68,18.72,5075345,23.79
2016-11-29,18.72,18.73,18.39,18.47,7035963,23.47
2016-11-30,18.45,18.66,18.26,18.28,11095599,23.23
2016-12-01,18.28,18.71,18.26,18.29,5575821,23.25
2016-12-02,18.32,18.35,17.9,17.99,6129126,22.87
2016-12-05,18.1,18.25,18.02,18.06,6528871,22.95
2016-12-06,18.1,18.1,17.85,17.99,6933954,22.86
2016-12-07,18.01,18.13,16.92,17.76,37753269,22.57
2016-12-08,17.91,18.12,17.8,18.01,13746595,22.89
2016-12-09,18.01,18.23,17.98,18.02,7555333,22.9
2016-12-12,18.41,18.46,18.02,18.16,10598329,23.08
2016-12-13,18.28,18.32,18.07,18.1,12315280,23
2016-12-14,18.03,18.12,17.61,17.67,7874848,22.46
2016-12-15,17.64,17.8,17.24,17.37,8050714,22.08
2016-12-16,17.38,17.38,16.91,16.95,17963596,21.55
2016-12-19,16.97,17.15,16.91,17.04,6670013,21.66
2016-12-20,17.11,17.39,17.08,17.23,5944647,21.9
2016-12-21,17.23,17.47,17.14,17.37,5420667,22.08
2016-12-22,17.37,17.38,17,17.09,5760210,21.72
2016-12-23,17.12,17.24,17.04,17.06,3603313,21.69
2016-12-27,17.09,17.2,17,17.07,2989935,21.7
2016-12-28,17.1,17.14,16.87,16.94,3507219,21.53
2016-12-29,16.97,17.06,16.84,17.03,4100865,21.65
2016-12-30,17.03,17.09,16.88,16.97,3503608,21.57
2017-01-03,17.23,17.44,17.15,17.4,5413047,22.12
2017-01-04,17.47,17.91,17.47,17.78,7592275,22.6
2017-01-05,17.65,17.81,17.4,17.79,5763857,22.61
2017-01-06,17.78,17.82,17.55,17.67,4995227,22.46
2017-01-09,17.68,17.7,17.44,17.48,3737142,22.22
2017-01-10,17.56,17.83,17.52,17.65,6308809,22.43
2017-01-11,17.65,17.68,17.23,17.25,5132109,21.93
2017-01-12,17.19,17.36,16.98,17.25,3414838,21.92
2017-01-13,17.25,17.42,17.25,17.36,3510210,22.06
2017-01-17,17.44,18.02,17.44,17.99,6273719,22.86
2017-01-18,18.02,18.1,17.25,17.32,6896843,22.01
2017-01-19,17.42,17.54,17.32,17.37,4397631,22.08
2017-01-20,17.43,17.61,17.31,17.6,3320965,22.37
2017-01-23,17.54,17.81,17.44,17.73,5261084,22.53
2017-01-24,17.76,17.89,17.7,17.8,3368357,22.63
2017-01-25,18.08,18.84,18.08,18.75,9155831,23.83
2017-01-26,18.72,18.87,18.58,18.6,7234029,23.64
2017-01-27,18.57,18.67,18,18,8080925,22.88
2017-01-30,18.01,18.44,17.74,18.35,7165654,23.33
2017-01-31,18.08,18.68,17.86,18.65,12082054,23.71
2017-02-01,18.67,18.67,18.15,18.28,6246617,23.23
2017-02-02,18.18,18.27,17.76,17.87,7673041,22.71
2017-02-03,15.74,15.74,14.88,14.93,37290645,18.98
2017-02-06,15.03,15.54,15,15.2,20700146,19.32
2017-02-07,15.2,15.5,15.11,15.18,12521257,19.3
2017-02-08,15.33,15.77,15.28,15.65,14262163,19.89
2017-02-09,15.72,16.13,15.7,15.92,10146070,20.24
2017-02-10,16.15,16.58,16.07,16.53,8785609,20.85
2017-02-13,16.66,16.68,16.15,16.21,8338717,20.45
2017-02-14,16.38,16.74,16.38,16.53,7058886,20.85
2017-02-15,16.49,16.81,16.43,16.75,7346947,21.13
2017-02-16,16.78,16.89,16.45,16.53,5392862,20.85
2017-02-17,16.46,16.66,16.42,16.66,9608303,21.02
2017-02-21,16.67,16.84,16.52,16.63,6141231,20.98
2017-02-22,16.72,16.91,16.62,16.86,5976885,21.27
2017-02-23,16.77,17.03,16.55,16.58,8672820,20.92
2017-02-24,16.59,17.07,16.49,16.95,8787057,21.38
2017-02-27,16.65,16.84,16.18,16.37,13868151,20.65
2017-02-28,16.36,16.48,15.82,15.86,8877421,20.01
2017-03-01,15.96,16.03,15.73,15.93,6793628,20.1
2017-03-02,16.08,16.24,15.99,16.13,6559959,20.35
2017-03-03,16.22,16.38,16.09,16.28,7386863,20.54
2017-03-06,16.19,16.31,16.03,16.19,5384762,20.43
2017-03-07,15.79,16.06,15.69,15.84,9974338,19.98
2017-03-08,15.85,16.07,15.77,16.03,4768496,20.22
2017-03-09,16.06,16.08,15.83,15.84,3355118,19.99
2017-03-10,15.88,16.01,15.73,15.83,4421747,19.97
2017-03-13,15.87,15.98,15.8,15.97,3325311,20.15
2017-03-14,16.03,16.27,15.99,16.06,3184010,20.26
2017-03-15,16,16.17,15.79,16.11,3559748,20.33
2017-03-16,16.11,16.38,16.03,16.26,3221317,20.51
2017-03-17,16.26,16.26,15.93,16.07,8832892,20.28
2017-03-20,16.15,16.18,15.88,16,5194866,20.19
2017-03-21,16.03,16.07,15.66,15.95,6966600,20.12
2017-03-22,15.84,16.03,15.73,16.02,3792216,20.21
2017-03-23,16.07,16.23,16.03,16.11,4989117,20.32
2017-03-24,16.1,16.3,15.88,16.19,3248504,20.42
2017-03-27,15.98,16.42,15.96,16.22,4561303,20.46
2017-03-28,16.05,16.56,16.03,16.52,3560771,20.84
2017-03-29,16.38,16.72,16.25,16.72,4195706,21.09
2017-03-30,16.58,16.62,16.34,16.42,3112060,20.71
2017-03-31,16.45,16.53,16.28,16.45,3328625,20.76
2017-04-03,16.48,16.53,16.29,16.41,3872137,20.7
2017-04-04,16.37,16.37,15.88,16.04,3982788,20.24
2017-04-05,16.03,16.3,15.91,16.12,2736666,20.34
2017-04-06,16.14,16.57,16.13,16.42,3025604,20.72
2017-04-07,16.41,16.59,16.32,16.5,6544008,20.82
2017-04-10,16.5,16.84,16.47,16.48,3704592,20.79
2017-04-11,16.49,16.59,16.39,16.53,3253749,20.85
2017-04-12,16.53,16.76,16.46,16.73,2944352,21.11
2017-04-13,16.91,17.28,16.65,16.85,9923914,21.26
2017-04-17,16.96,16.97,16.78,16.91,5406933,21.33
2017-04-18,16.85,16.88,16.7,16.85,2894915,21.26
2017-04-19,16.91,17.38,16.88,17.18,4548577,21.68
2017-04-20,17.18,17.56,17.14,17.55,4515146,22.14
2017-04-21,17.54,17.55,17.1,17.19,3825315,21.69
2017-04-24,17.45,17.56,17.13,17.26,4666518,21.78
2017-04-25,17.34,17.45,17.24,17.41,2899782,21.96
2017-04-26,17.47,17.58,17.33,17.42,3652276,21.98
2017-04-27,17.56,17.74,17.45,17.73,2628797,22.37
2017-04-28,17.72,17.72,17.27,17.29,5480136,21.81
2017-05-01,17.33,17.39,17.19,17.29,4872565,21.81
2017-05-02,17.36,17.49,17.29,17.49,4978310,22.06
2017-05-03,17.66,17.75,16.08,16.42,13816224,20.72
2017-05-04,16.53,16.76,16.45,16.55,6380413,20.88
2017-05-05,16.6,17.02,16.59,17.01,5064571,21.46
2017-05-08,17.02,17.25,16.92,17.14,4682213,21.63
2017-05-09,17.18,17.9,17.1,17.83,9568052,22.49
2017-05-10,17.78,18.06,17.55,18.03,4464867,22.75
2017-05-11,17.95,18.02,17.34,17.66,4943965,22.28
2017-05-12,17.62,17.62,17.03,17.11,5618531,21.44
2017-05-15,17.16,17.29,16.96,17.04,3486997,21.35
2017-05-16,16.95,17.01,16.45,16.51,5585292,20.69
2017-05-17,16.41,16.55,16.24,16.3,6012964,20.42
2017-05-18,16.33,16.49,16.17,16.25,3467346,20.36
2017-05-19,16.28,16.65,16.1,16.53,4173287,20.72
2017-05-22,16.53,16.74,16.51,16.56,2642814,20.75
2017-05-23,16.63,16.65,16.37,16.39,2955195,20.54
2017-05-24,16.38,16.39,16.2,16.29,3662719,20.41
2017-05-25,16.43,16.56,16.18,16.2,4258958,20.3
2017-05-26,16.26,16.57,16.21,16.52,3018664,20.7
2017-05-30,16.52,16.66,16.44,16.45,3856049,20.62
2017-05-31,16.52,16.52,16.34,16.48,5958474,20.65
2017-06-01,16.54,16.99,16.51,16.83,3775755,21.09
2017-06-02,16.93,17.09,16.77,17.01,3934391,21.31
2017-06-05,16.93,17.01,16.79,16.99,2702033,21.29
2017-06-06,16.89,16.98,16.77,16.88,2878745,21.15
2017-06-07,16.93,17.11,16.92,17.01,3657219,21.32
2017-06-08,17.12,17.22,16.99,17.01,2630572,21.31
2017-06-09,16.94,17.64,16.88,17.61,6295367,22.07
2017-06-12,17.59,18.32,17.56,18.21,7951484,22.82
2017-06-13,18.23,18.35,17.88,18.23,4262969,22.85
2017-06-14,18.24,18.34,18.07,18.31,3775298,22.95
2017-06-15,18.18,18.27,17.95,18.06,3624050,22.63
2017-06-16,17.99,18.34,17.53,18.04,14961343,22.61
2017-06-19,18.07,18.07,17.71,17.88,6163326,22.4
2017-06-20,17.88,17.88,17.49,17.62,4791827,22.08
2017-06-21,17.61,17.71,17.47,17.59,3040443,22.04
2017-06-22,17.6,17.8,17.47,17.76,2892836,22.25
2017-06-23,17.74,18.06,17.65,18.03,4602720,22.6
2017-06-26,18.07,18.21,18.05,18.15,3284810,22.75
2017-06-27,18.15,18.33,18.12,18.23,3454650,22.84
2017-06-28,18.31,18.61,18.23,18.23,3463421,22.85
2017-06-29,18.28,18.52,18.12,18.35,8291214,22.99
2017-06-30,18.5,18.59,18.4,18.48,5533437,23.16
2017-07-03,18.51,18.61,18.41,18.56,1665414,23.26
2017-07-05,18.56,18.58,18.35,18.5,5550689,23.18
2017-07-06,18.43,18.43,17.86,17.98,3988374,22.53
2017-07-07,18.04,18.36,17.92,18.3,2939932,22.93
2017-07-10,18.26,18.51,18.17,18.28,5511352,22.91
2017-07-11,18.19,18.22,17.97,18.11,3761451,22.69
2017-07-12,18.18,18.32,18.06,18.24,2888570,22.86
2017-07-13,18.31,18.54,18.25,18.39,2147921,23.05
2017-07-14,18.41,18.45,18.03,18.11,4605824,22.69
2017-07-17,18.15,18.44,18.15,18.29,5458666,22.92
2017-07-18,18.23,18.32,17.94,18.22,3562366,22.83
2017-07-19,18.24,18.5,18.15,18.47,2438031,23.15
2017-07-20,18.51,18.68,18.49,18.56,3468777,23.26
2017-07-21,18.56,18.79,18.47,18.79,2220912,23.55
2017-07-24,18.71,18.75,18.5,18.55,1643361,23.24
2017-07-25,18.54,18.93,18.43,18.81,2455871,23.57
2017-07-26,18.83,18.83,18.62,18.67,3232540,23.39
2017-07-27,18.74,18.75,18.25,18.45,3747994,23.12
2017-07-28,18.39,18.69,18.39,18.57,3898547,23.27
2017-07-31,18.63,18.67,18.23,18.29,7419471,22.92
2017-08-01,18.26,18.55,18.22,18.39,7345335,23.04
2017-08-02,19.14,19.62,18.67,18.87,12583328,23.65
2017-08-03,18.96,19.19,18.82,19.02,4661525,23.84
2017-08-04,19.1,19.44,19.04,19.38,7255195,24.29
2017-08-07,19.38,19.59,19.31,19.38,8240061,24.29
2017-08-08,19.58,19.79,19.48,19.65,7457603,24.62
2017-08-09,19.54,19.63,19.34,19.4,4036590,24.31
2017-08-10,19.24,19.3,18.9,19.11,4143788,23.95
2017-08-11,18.84,19.32,18.54,19.22,4052087,23.93
2017-08-14,19.35,19.54,19.2,19.44,2741272,24.21
2017-08-15,19.37,19.42,19.05,19.31,3762031,24.05
2017-08-16,19.35,19.59,19.22,19.52,3522668,24.31
2017-08-17,19.35,19.46,19.17,19.18,2876541,23.88
2017-08-18,19.09,19.12,18.69,18.9,3949472,23.53
2017-08-21,18.83,18.85,18.61,18.71,4143246,23.3
2017-08-22,18.79,18.89,18.61,18.83,2294779,23.45
2017-08-23,18.72,18.93,18.71,18.86,1887800,23.49
2017-08-24,19.09,19.32,18.98,19.15,2803522,23.85
2017-08-25,19.27,19.59,19.2,19.49,2979731,24.27
2017-08-28,19.48,19.7,19.4,19.68,3526294,24.51
2017-08-29,19.53,19.68,19.37,19.59,3444031,24.39
2017-08-30,19.51,19.54,19.3,19.38,3215875,24.13
2017-08-31,19.34,19.65,19.34,19.48,4949516,24.26
2017-09-01,19.54,19.95,19.48,19.87,3188274,24.75
2017-09-05,19.83,19.93,19.63,19.82,4371070,24.68
2017-09-06,19.81,20.34,19.76,20.26,6420293,25.23
2017-09-07,20.29,20.41,20.14,20.18,3601593,25.13
2017-09-08,20.2,20.24,19.88,20.18,3431464,25.13
2017-09-11,20.21,20.43,20.2,20.42,3435379,25.43
2017-09-12,20.4,20.6,20.33,20.56,3513897,25.6
2017-09-13,20.58,20.66,20.49,20.61,2804581,25.67
2017-09-14,20.55,20.55,20.1,20.26,4125300,25.23
2017-09-15,20.24,20.34,20.18,20.29,5009177,25.27
2017-09-18,20.36,20.36,19.81,19.86,3251836,24.73
2017-09-19,19.9,20.02,19.72,19.84,4367785,24.71
2017-09-20,20,20,19.69,19.79,2885702,24.64
2017-09-21,19.5,19.75,19.18,19.67,5904907,24.5
2017-09-22,19.67,19.79,19.6,19.71,3345246,24.54
2017-09-25,19.67,19.92,19.4,19.44,4907646,24.21
2017-09-26,19.5,19.77,19.47,19.74,4907408,24.58
2017-09-27,19.71,20.27,19.68,20.23,6266762,25.19
2017-09-28,20.19,20.2,19.45,19.67,6679683,24.49
2017-09-29,19.71,20.02,19.69,19.79,3915685,24.64
2017-10-02,19.75,20.07,19.6,20.06,3119562,24.98
2017-10-03,20.06,20.08,19.11,19.16,8626928,23.86
2017-10-04,19.17,19.23,18.94,19.05,7753453,23.72
2017-10-05,19.07,19.12,18.68,19.09,4500570,23.77
2017-10-06,19.02,19.11,18.86,19.07,3220415,23.75
2017-10-09,19.07,19.11,18.66,18.89,3579832,23.52
2017-10-10,18.93,19.26,18.93,19.1,2752179,23.79
2017-10-11,19.04,19.16,18.86,19,2081452,23.66
2017-10-12,18.95,19.04,18.75,19.02,2367833,23.68
2017-10-13,18.99,19.27,18.95,19.06,2631491,23.73
2017-10-16,19.02,19.07,18.68,18.78,3855607,23.39
2017-10-17,18.78,18.94,18.53,18.57,4221417,23.13
2017-10-18,18.87,19.37,18.4,18.64,8598463,23.21
2017-10-19,18.49,18.67,18.45,18.59,2795619,23.15
2017-10-20,18.73,19.03,18.69,18.86,3808799,23.49
2017-10-23,18.93,19.15,18.28,18.36,7603322,22.86
2017-10-24,18.62,18.7,18.39,18.56,5622812,23.11
2017-10-25,18.08,18.48,17.97,18.29,8394604,22.78
2017-10-26,18.33,18.37,18.12,18.33,5139479,22.82
2017-10-27,18.3,18.3,17.9,18.08,7362980,22.52
2017-10-30,18.02,18.24,17.86,18.2,5586350,22.66
2017-10-31,18.14,18.14,17.91,18.07,6755429,22.5
2017-11-01,18.13,18.14,17.41,17.67,10931894,22.01
2017-11-02,16.78,17.04,15.48,16.12,20825956,20.08
2017-11-03,16.08,16.13,15.47,15.55,10919634,19.36
2017-11-06,15.54,15.68,15.4,15.53,11890595,19.34
2017-11-07,15.58,15.66,15.24,15.32,8454216,19.08
2017-11-08,15.35,16.02,15.31,15.81,13372804,19.69
2017-11-09,15.81,15.98,15.55,15.63,6002123,19.47
2017-11-10,15.68,15.8,15.48,15.49,4808566,19.29
2017-11-13,15.47,15.58,15.38,15.56,5043460,19.23
2017-11-14,15.47,15.65,15.34,15.58,4922796,19.25
2017-11-15,15.58,15.6,15.3,15.53,5298924,19.19
2017-11-16,15.52,15.56,15.3,15.56,7932532,19.22
2017-11-17,15.66,15.89,15.64,15.78,4966940,19.5
2017-11-20,15.77,16.03,15.74,15.98,4626461,19.75
2017-11-21,15.94,15.98,15.73,15.79,6320306,19.51
2017-11-22,15.78,16.26,15.76,16.04,6471405,19.82
2017-11-24,16.06,16.18,15.98,16.04,1708415,19.82
2017-11-27,16.07,16.12,15.83,15.92,4494661,19.67
2017-11-28,15.88,16.07,15.77,15.98,8669873,19.75
2017-11-29,16.42,16.75,16.23,16.44,11073933,20.31
2017-11-30,16.53,17.08,16.52,16.91,14292722,20.89
2017-12-01,16.84,16.96,16.62,16.87,7452198,20.84
2017-12-04,17.08,17.26,16.83,17.12,11704095,21.15
2017-12-05,17.07,17.12,16.69,16.74,10337040,20.68
2017-12-06,16.79,16.79,16.53,16.62,8664783,20.54
2017-12-07,16.69,16.89,16.56,16.66,5452813,20.58
2017-12-08,16.72,16.96,16.64,16.79,5616463,20.75
2017-12-11,16.79,17.02,16.68,16.71,6578241,20.65
2017-12-12,16.7,17.07,16.69,16.96,6427518,20.95
2017-12-13,16.91,17.4,16.91,17.19,6336149,21.24
2017-12-14,17.21,17.4,16.98,17.21,5890431,21.26
2017-12-15,17.3,17.6,17.3,17.37,8607488,21.46
2017-12-18,17.51,17.51,16.79,17.09,8317184,21.12
2017-12-19,16.83,17.38,16.71,16.89,6139268,20.87
2017-12-20,16.98,16.98,16.4,16.43,7913827,20.3
2017-12-21,16.46,16.66,16.31,16.34,6888681,20.19
2017-12-22,16.2,16.74,16.19,16.52,7459385,20.41
2017-12-26,16.54,17.01,16.49,16.92,5560861,20.91
2017-12-27,16.91,17.21,16.83,17.08,5320988,21.1
2017-12-28,17.12,17.13,16.87,17.02,3716917,21.03
2017-12-29,16.96,17.21,16.9,16.92,4096555,20.91
2018-01-02,17,17.51,16.94,17.24,5192568,21.3
2018-01-03,17.25,17.37,16.92,17.02,3244918,21.03
2018-01-04,17.09,17.23,16.87,17.21,4529686,21.26
2018-01-05,17.23,17.28,17.01,17.18,4581957,21.23
2018-01-08,17.24,17.68,17.24,17.48,5547685,21.6
2018-01-09,17.46,17.66,17.41,17.59,8141268,21.73
2018-01-10,17.47,17.55,17.21,17.52,5822096,21.65
2018-01-11,17.59,18.12,17.4,18.08,4435333,22.34
2018-01-12,18.06,18.27,17.99,18.14,4149320,22.42
2018-01-16,18.19,18.3,17.82,17.89,5565793,22.1
2018-01-17,17.92,18.12,17.72,17.76,6046713,21.94
2018-01-18,17.77,17.95,17.69,17.81,6257975,22
2018-01-19,17.98,18.8,17.9,18.78,10018659,23.2
2018-01-22,18.64,18.75,18.37,18.61,8528922,23
2018-01-23,18.61,18.72,18.44,18.6,4389808,22.98
2018-01-24,18.69,18.88,18.51,18.81,5548277,23.24
2018-01-25,18.86,18.87,18.35,18.46,5156706,22.81
2018-01-26,18.57,18.65,18.26,18.35,5123075,22.67
2018-01-29,18.31,18.52,18.18,18.28,5084252,22.59
2018-01-30,17.95,18.05,17.5,17.6,6773802,21.75
2018-01-31,17.68,17.83,17.4,17.58,5239362,21.72
2018-02-01,17.4,17.49,17.14,17.36,7116142,21.45
2018-02-02,17.22,17.32,16.94,16.99,10648271,20.99
2018-02-05,16.93,17.42,16.87,16.87,9347249,20.85
2018-02-06,16.57,17.55,16.47,17.51,9999823,21.63
2018-02-07,17.59,18.33,17.42,17.77,13794089,21.96
2018-02-08,16.36,16.67,15.77,15.84,34868536,19.57
2018-02-09,15.97,16.2,15.03,15.59,17529089,19.26
2018-02-12,15.78,16.11,15.6,15.94,12124498,19.69
2018-02-13,15.94,16.16,15.93,16.13,7949839,19.93
2018-02-14,16.01,17.17,16.01,17.11,16922978,21.14
2018-02-15,17.12,17.14,16.51,16.77,6397212,20.72
2018-02-16,16.61,16.78,16.52,16.7,4988619,20.49
2018-02-20,16.59,16.62,16.06,16.25,6052171,19.93
2018-02-21,16.28,16.56,16.21,16.27,3890641,19.96
2018-02-22,16.35,16.5,16.29,16.41,4173773,20.13
2018-02-23,16.51,16.56,16.14,16.26,4191954,19.94
2018-02-26,16.39,16.57,16.13,16.52,5999739,20.26
2018-02-27,16.6,16.7,16.13,16.26,4805774,19.95
2018-02-28,16.32,16.35,15.82,15.82,7176623,19.4
2018-03-01,15.9,16.13,15.61,15.9,3622738,19.51
2018-03-02,15.76,16.35,15.68,16.3,6179643,19.99
2018-03-05,16.16,16.77,16.06,16.54,10166670,20.29
2018-03-06,16.54,16.76,16.44,16.57,5177447,20.32
2018-03-07,16.39,16.68,16.32,16.63,5266250,20.4
2018-03-08,16.66,16.7,15.82,15.93,5294924,19.54
2018-03-09,16.08,16.32,15.79,16.31,6103907,20.01
2018-03-12,16.3,16.52,16.28,16.43,4655648,20.15
2018-03-13,16.49,16.51,16.09,16.12,3849791,19.77
2018-03-14,16.2,16.2,15.69,15.8,3879648,19.38
2018-03-15,15.9,16.03,15.75,15.84,4485340,19.43
2018-03-16,15.85,16.18,15.85,16.06,5599003,19.7
2018-03-19,16.03,16.08,15.71,15.8,3351669,19.38
2018-03-20,15.82,15.97,15.42,15.6,9343501,19.13
2018-03-21,15.62,15.77,15.47,15.48,4876710,18.99
2018-03-22,15.34,15.49,15.11,15.15,4703774,18.59
2018-03-23,15.24,15.41,14.9,15.02,4914250,18.43
2018-03-26,15.26,15.33,15.02,15.32,4674510,18.79
2018-03-27,15.29,15.63,15.17,15.32,4356343,18.79
2018-03-28,15.41,15.53,14.92,14.98,7449535,18.38
2018-03-29,15.11,15.41,14.99,15.02,5826780,18.42
2018-04-02,14.9,14.98,14.63,14.82,6344025,18.18
2018-04-03,14.83,15.03,14.67,14.97,3917517,18.36
2018-04-04,14.8,15.51,14.78,15.48,4719733,18.99
2018-04-05,15.53,15.76,15.48,15.67,6451432,19.22
2018-04-06,15.5,15.69,15.28,15.39,5602219,18.88
2018-04-09,15.41,15.46,15.02,15.15,8874300,18.58
2018-04-10,15.36,15.51,15.24,15.33,8492814,18.81
2018-04-11,15.2,15.45,15.16,15.31,3627452,18.78
2018-04-12,15.4,15.44,15.06,15.13,4246373,18.56
2018-04-13,15.23,15.29,14.68,14.78,7282026,18.13
2018-04-16,14.87,14.89,14.63,14.71,13918291,18.05
2018-04-17,14.81,15.07,14.69,14.97,7068880,18.36
2018-04-18,14.99,15,14.53,14.6,8289864,17.91
2018-04-19,14.59,14.65,14.2,14.36,10046594,17.62
2018-04-20,14.4,14.47,13.99,14.03,6635320,17.21
2018-04-23,14.43,15.06,14.38,14.85,11113904,18.22
2018-04-24,14.88,15.08,14.72,14.79,7527286,18.14
2018-04-25,14.77,14.77,14.52,14.68,4226073,18.01
2018-04-26,14.67,14.91,14.43,14.89,7741308,18.27
2018-04-27,14.94,15.31,14.93,15.23,5202824,18.68
2018-04-30,15.29,15.42,14.93,15.06,9954236,18.47
2018-05-01,15.57,15.57,14.03,14.45,16568117,17.73
2018-05-02,14.05,14.36,13.87,14.09,11352843,17.28
2018-05-03,14.02,14.02,13.39,13.46,12049821,16.51
2018-05-04,13.49,13.79,13.35,13.7,8580329,16.81
2018-05-07,13.69,13.8,13.46,13.73,6852624,16.84
2018-05-08,13.7,13.73,13.55,13.65,5400232,16.75
2018-05-09,13.64,13.71,13.44,13.5,4587074,16.56
2018-05-10,13.51,13.58,13.39,13.52,3248766,16.58
2018-05-11,13.52,13.73,13.41,13.64,4487858,16.73
2018-05-14,13.69,14.02,13.69,13.77,8319432,16.74
2018-05-15,13.75,14.27,13.75,14.21,8449744,17.27
2018-05-16,14.33,14.63,14.23,14.56,9161767,17.7
2018-05-17,14.4,15.01,14.3,14.92,12228209,18.14
2018-05-18,15.15,15.42,14.92,15.12,11615749,18.38
2018-05-21,15.14,15.27,14.88,14.91,10370466,18.12
2018-05-22,14.97,15.19,14.94,15,7308837,18.23
2018-05-23,14.92,15.09,14.89,14.91,4328676,18.12
2018-05-24,14.91,15.07,14.82,14.98,4124752,18.21
2018-05-25,14.98,15.1,14.91,14.96,3247100,18.19
2018-05-29,14.86,15.09,14.85,15.07,3960267,18.32
2018-05-30,15.09,15.34,15.04,15.3,5343237,18.6
2018-05-31,15.28,15.3,14.89,15,5458032,18.23
2018-06-01,15.09,15.13,14.94,15.05,3175265,18.3
2018-06-04,15.09,15.38,15.04,15.35,4302159,18.66
2018-06-05,15.38,15.52,15.24,15.51,7349159,18.85
2018-06-06,15.53,15.95,15.48,15.93,9825074,19.36
2018-06-07,15.97,16.44,15.93,16.3,12713990,19.81
2018-06-08,16.19,16.53,16.16,16.53,5986107,20.09
2018-06-11,16.53,16.86,16.42,16.86,6218555,20.5
2018-06-12,16.86,17.23,16.81,17.21,8568769,20.92
2018-06-13,17.17,17.42,17.17,17.33,6718775,21.07
2018-06-14,17.38,17.38,16.51,16.59,9472799,20.17
2018-06-15,16.53,16.87,16.51,16.7,8546005,20.3
2018-06-18,16.63,17.18,16.53,17.15,7184379,20.85
2018-06-19,16.96,17.32,16.94,17.27,5965764,20.99
2018-06-20,17.28,17.67,17.2,17.63,6363109,21.43
2018-06-21,17.6,18.19,17.59,18.13,12678847,22.04
2018-06-22,18.12,18.57,18.03,18.06,13026403,21.96
2018-06-25,18.01,18.27,17.84,18.2,6830994,22.12
2018-06-26,18.29,18.39,18.15,18.34,5410248,22.3
2018-06-27,18.31,18.42,17.83,17.92,6103999,21.79
2018-06-28,17.92,18.21,17.9,18.15,4322762,22.06
2018-06-29,18.34,18.43,18.1,18.11,5332300,22.02
2018-07-02,18.01,18.14,17.79,18.14,3860344,22.05
2018-07-03,18.14,18.34,18.03,18.2,2242333,22.12
2018-07-05,18.29,18.38,17.97,18.31,5834067,22.26
2018-07-06,18.34,18.41,18.24,18.36,5398582,22.32
2018-07-09,18.45,18.52,18.32,18.48,5837067,22.46
2018-07-10,18.48,18.52,18.11,18.29,5398464,22.23
2018-07-11,18.15,18.25,17.87,18.01,4363106,21.89
2018-07-12,18.1,18.1,17.74,17.82,5803696,21.66
2018-07-13,17.83,18.06,17.76,17.83,4369426,21.68
2018-07-16,17.84,18,17.55,17.98,5040009,21.86
2018-07-17,17.97,18.27,17.96,18.15,5179189,22.06
2018-07-18,18.11,18.35,17.89,18.03,8616029,21.92
2018-07-19,17.99,18.38,17.9,18.26,3732170,22.2
2018-07-20,18.22,18.43,18.2,18.24,3451352,22.17
2018-07-23,18.32,18.52,18.2,18.35,5410500,22.31
2018-07-24,18.19,18.28,17.79,17.84,7126958,21.69
2018-07-25,17.78,17.96,17.68,17.91,3739093,21.77
2018-07-26,17.83,18.14,17.76,18.11,5519163,22.01
2018-07-27,18.02,18.17,17.68,17.92,5728873,21.79
2018-07-30,17.89,18.15,17.78,18.06,5601483,21.95
2018-07-31,18.17,18.38,17.8,18.31,12405632,22.26
2018-08-01,15.3,17.17,14.74,14.77,28001046,17.96
2018-08-02,14.84,15.28,14.35,15.04,16190879,18.28
2018-08-03,15.05,15.2,14.75,14.78,7618399,17.97
2018-08-06,14.69,14.98,14.61,14.91,6378507,18.12
2018-08-07,14.99,15.08,14.9,14.99,6972877,18.22
2018-08-08,15.01,15.36,15.01,15.28,4548301,18.58
2018-08-09,15.32,15.54,15.31,15.45,4944809,18.78
2018-08-10,15.37,15.52,15.32,15.32,5140770,18.62
2018-08-13,15.34,15.34,15.06,15.08,6153604,18.19
2018-08-14,15.23,15.28,15.06,15.08,5133853,18.19
2018-08-15,15.02,15.14,14.79,15.13,11209238,18.24
2018-08-16,15.18,15.24,15.03,15.14,6612604,18.26
2018-08-17,15.2,15.34,15.13,15.26,5637057,18.4
2018-08-20,15.37,15.71,15.27,15.7,7138604,18.93
2018-08-21,15.73,15.95,15.71,15.86,4256096,19.12
2018-08-22,15.81,15.86,15.24,15.26,6699129,18.4
2018-08-23,15.19,15.28,14.71,14.74,8684921,17.78
2018-08-24,14.69,14.78,14.46,14.63,7898563,17.64
2018-08-27,14.61,14.64,14.45,14.5,4873559,17.49
2018-08-28,14.51,14.57,14.37,14.52,7239501,17.51
2018-08-29,14.52,15.01,14.39,14.93,6708439,18
2018-08-30,14.88,14.89,14.46,14.52,5559220,17.51
2018-08-31,14.5,14.62,14.43,14.55,4537591,17.54
2018-09-04,14.5,14.74,14.46,14.6,7880878,17.61
2018-09-05,14.6,14.93,14.55,14.8,9256976,17.85
2018-09-06,14.8,14.97,14.64,14.65,4115099,17.66
2018-09-07,14.65,14.77,14.55,14.6,3576456,17.6
2018-09-10,14.66,14.93,14.66,14.74,3387279,17.77
2018-09-11,14.72,14.86,14.55,14.76,5934120,17.8
2018-09-12,14.75,14.88,14.69,14.86,2957048,17.92
2018-09-13,14.89,14.9,14.52,14.57,4343378,17.57
2018-09-14,14.58,14.7,14.45,14.67,3744318,17.69
2018-09-17,14.72,14.93,14.69,14.84,4227268,17.9
2018-09-18,14.9,15.1,14.77,15,5247086,18.09
2018-09-19,14.99,15.21,14.95,15.12,3594701,18.23
2018-09-20,15.19,15.48,15.19,15.45,4264988,18.63
2018-09-21,15.46,15.62,15.37,15.51,7215971,18.7
2018-09-24,15.46,15.52,14.98,15.02,3986074,18.11
2018-09-25,15.01,15.07,14.81,14.85,3936427,17.91
2018-09-26,14.84,15.16,14.74,15.01,4366354,18.1
2018-09-27,15.03,15.18,14.94,15.03,3046595,18.13
2018-09-28,14.99,15.36,14.99,15.28,6144925,18.43
2018-10-01,15.34,15.53,14.88,14.89,6520404,17.96
2018-10-02,14.93,15.04,14.59,14.77,5463768,17.81
2018-10-03,14.89,15.03,14.77,14.79,3929721,17.83
2018-10-04,14.75,14.77,14.27,14.29,5575316,17.23
2018-10-05,14.37,14.62,14.1,14.26,5248710,17.19
2018-10-08,14.17,14.56,14.17,14.44,4187365,17.41
2018-10-09,14.43,14.52,14.29,14.42,3608679,17.39
2018-10-10,14.37,14.4,13.78,13.8,5539731,16.64
2018-10-11,13.76,13.87,13.39,13.41,6775440,16.17
2018-10-12,13.59,13.64,13.36,13.57,6155295,16.36
2018-10-15,13.56,13.93,13.51,13.79,4808704,16.63
2018-10-16,13.88,14.21,13.75,14.15,5172550,17.06
2018-10-17,14.09,14.23,13.94,14,5861275,16.88
2018-10-18,13.92,14.08,13.66,13.72,7120210,16.55
2018-10-19,13.74,13.9,13.46,13.53,4205336,16.32
2018-10-22,13.53,13.89,13.49,13.75,5280527,16.58
2018-10-23,13.6,13.91,13.4,13.82,5519739,16.67
2018-10-24,13.89,14.07,13.74,13.77,6513940,16.6
2018-10-25,13.83,14.09,13.78,13.98,5736471,16.86
2018-10-26,13.77,13.86,13.33,13.62,6816279,16.42
2018-10-29,13.79,14.14,13.66,13.86,6471998,16.71
2018-10-30,13.88,14.61,13.86,14.59,7955519,17.59
2018-10-31,14.69,14.79,14.21,14.23,8287007,17.16
2018-11-01,13.77,13.84,12.9,13.45,16939896,16.22
2018-11-02,13.53,14.21,13.12,13.24,12903655,15.96
2018-11-05,13.21,13.78,13.03,13.72,7339574,16.54
2018-11-06,13.64,13.74,13.36,13.69,7834138,16.51
2018-11-07,13.91,14.07,13.52,14.02,5628334,16.91
2018-11-08,13.98,14.09,13.73,13.86,5260499,16.71
2018-11-09,13.77,13.95,13.71,13.86,5406372,16.56
2018-11-12,13.84,14.15,13.5,13.53,4460752,16.17
2018-11-13,13.56,13.59,13.17,13.21,4758804,15.79
2018-11-14,13.41,13.82,13.2,13.27,4605345,15.86
2018-11-15,13.15,13.2,12.69,13.11,6394633,15.67
2018-11-16,12.98,12.98,12.41,12.48,7197145,14.91
2018-11-19,12.48,12.65,12.32,12.49,8436722,14.93
2018-11-20,12.22,12.41,12.04,12.34,9493305,14.75
2018-11-21,12.64,13.27,12.59,13.15,6887167,15.72
2018-11-23,13.07,13.16,12.78,12.81,2682231,15.31
2018-11-26,12.9,13.26,12.9,13.12,5691503,15.68
2018-11-27,13.02,13.14,12.74,13.01,5019119,15.55
2018-11-28,13.04,13.28,12.74,13.25,5237433,15.83
2018-11-29,13.25,13.26,12.95,13.1,4379848,15.66
2018-11-30,13.07,13.46,13.07,13.31,6063702,15.91
2018-12-03,13.48,13.66,13.36,13.52,6147324,16.16
2018-12-04,13.56,13.66,12.87,12.93,10051126,15.45
2018-12-06,12.79,13.18,12.43,13.14,7832644,15.7
2018-12-07,13.07,13.42,12.58,12.69,4799317,15.16
2018-12-10,12.66,12.85,12.46,12.51,6615941,14.95
2018-12-11,12.72,12.87,12.33,12.45,6378327,14.88
2018-12-12,12.54,12.69,12.3,12.37,5611826,14.78
2018-12-13,12.39,12.43,11.5,11.55,9240136,13.8
2018-12-14,11.46,11.75,11.27,11.36,9305588,13.57
2018-12-17,11.28,11.31,10.75,10.85,9772375,12.97
2018-12-18,10.95,10.96,10.56,10.69,8748962,12.77
2018-12-19,10.71,10.75,10,10.14,10649584,12.12
2018-12-20,10.17,10.31,9.924,10.12,11574053,12.09
2018-12-21,10.18,10.5,9.891,9.949,11855684,11.89
2018-12-24,9.891,10.01,9.715,9.724,3564864,11.62
2018-12-26,9.79,10.38,9.682,10.37,5358973,12.39
2018-12-27,10.24,10.28,9.832,10.28,6973171,12.29
2018-12-28,10.28,10.48,10.12,10.2,6761907,12.19
2018-12-31,10.3,10.49,10.25,10.48,6504940,12.53
2019-01-02,10.29,10.84,10.13,10.6,6357455,12.67
2019-01-03,10.52,10.76,10.33,10.48,4946489,12.52
2019-01-04,10.63,10.91,10.55,10.79,4395130,12.9
2019-01-07,10.84,11.29,10.76,11.14,7987345,13.31
2019-01-08,11.23,11.53,11.1,11.51,6672385,13.75
2019-01-09,11.59,11.68,11.41,11.56,7207223,13.82
2019-01-10,11.3,11.67,11.17,11.4,5247971,13.62
2019-01-11,11.3,11.56,11.23,11.46,5605061,13.7
2019-01-14,11.42,11.79,11.35,11.56,6198658,13.81
2019-01-15,11.53,11.68,11.44,11.53,5048418,13.78
2019-01-16,11.51,11.68,11.46,11.56,6152686,13.81
2019-01-17,11.58,12.16,11.55,11.98,5476822,14.32
2019-01-18,12.21,12.47,12.08,12.42,5288418,14.84
2019-01-22,12.42,12.45,12.07,12.2,8261595,14.58
2019-01-23,12.31,12.43,12.12,12.38,9413876,14.8
2019-01-24,12.35,12.38,12.08,12.31,7614249,14.71
2019-01-25,12.49,12.76,12.39,12.72,5527420,15.2
2019-01-28,12.67,12.92,12.66,12.85,4284897,15.36
2019-01-29,12.81,12.89,12.59,12.74,4565680,15.23
2019-01-30,12.8,12.82,12.42,12.51,5618765,14.95
2019-01-31,12.5,12.55,12.32,12.54,9395304,14.99
2019-02-01,12.59,12.73,12.36,12.71,7956587,15.19
2019-02-04,12.71,12.9,12.65,12.86,4668175,15.37
2019-02-05,12.97,13.2,12.92,13.05,6271887,15.6
2019-02-06,13.04,13.13,12.83,13.03,7156879,15.57
2019-02-07,13.95,15.66,13.69,15.66,30830548,18.71
2019-02-08,15.76,15.84,14.76,14.93,12668734,17.84
2019-02-11,14.93,15.53,14.89,15.39,7823208,18.39
2019-02-12,15.46,15.81,15.27,15.56,7886680,18.6
2019-02-13,15.63,15.81,15.5,15.75,5784748,18.82
2019-02-14,15.59,15.77,15.42,15.66,4871556,18.71
2019-02-15,15.77,15.89,15.64,15.83,4974630,18.77
2019-02-19,15.82,15.97,15.63,15.85,4790180,18.79
2019-02-20,15.93,16.08,15.75,15.99,4871694,18.96
2019-02-21,16.03,16.35,15.97,16.15,4237594,19.14
2019-02-22,16.13,16.33,16.02,16.14,5165495,19.13
2019-02-25,16.31,16.34,16.02,16.06,5630683,19.04
2019-02-26,16.07,16.17,15.75,15.77,6326937,18.69
2019-02-27,15.72,16.05,15.66,15.84,5064688,18.78
2019-02-28,15.86,15.86,15.57,15.68,4929110,18.59
2019-03-01,15.87,16.13,15.61,15.62,6307770,18.52
2019-03-04,15.68,15.8,15.53,15.54,4363348,18.42
2019-03-05,15.59,15.77,15.47,15.62,6128022,18.52
2019-03-06,15.66,15.68,15.37,15.41,4840217,18.27
2019-03-07,15.2,15.58,15.2,15.46,3795468,18.33
2019-03-08,15.32,15.47,15.19,15.43,3234411,18.29
2019-03-11,15.5,15.6,14.92,15.09,7561833,17.89
2019-03-12,15.14,15.14,14.7,14.96,6468644,17.74
2019-03-13,15,15.25,14.91,14.92,7501570,17.69
2019-03-14,14.99,15.12,14.81,14.97,5219575,17.75
2019-03-15,14.96,15.08,14.85,14.87,10418303,17.63
2019-03-18,14.91,14.96,14.74,14.89,5917358,17.65
2019-03-19,14.92,15.28,14.86,15.06,8399565,17.85
2019-03-20,15.07,15.25,14.8,14.85,5431234,17.6
2019-03-21,14.86,15.05,14.8,15,3810598,17.78
2019-03-22,14.88,14.99,14.22,14.27,4317121,16.92
2019-03-25,14.18,14.39,14.07,14.25,4240742,16.89
2019-03-26,14.37,14.6,14.29,14.43,2973631,17.11
2019-03-27,14.46,14.63,14.37,14.48,3156994,17.17
2019-03-28,14.7,15.46,14.7,14.95,5448980,17.72
2019-03-29,15.01,15.15,14.91,15.08,4858019,17.88
2019-04-01,15.14,15.35,15.11,15.34,5891667,18.18
2019-04-02,15.37,15.39,15.02,15.11,3395928,17.91
2019-04-03,15.25,15.29,15.03,15.04,4467018,17.83
2019-04-04,15.07,15.55,15.06,15.51,3420448,18.39
2019-04-05,15.58,15.76,15.53,15.57,4606347,18.46
2019-04-08,15.55,15.82,15.39,15.47,3644728,18.34
2019-04-09,15.36,15.47,15.14,15.17,3375563,17.98
2019-04-10,15.17,15.32,14.99,15.2,3506479,18.02
2019-04-11,15.26,15.61,15.22,15.45,6175318,18.32
2019-04-12,15.5,15.63,15.4,15.62,5152314,18.52
2019-04-15,15.62,15.76,15.55,15.6,7116988,18.49
2019-04-16,15.61,15.88,15.6,15.82,5609762,18.75
2019-04-17,15.87,16.04,15.82,15.87,3535790,18.81
2019-04-18,15.81,16.09,15.77,15.93,4047068,18.89
2019-04-22,15.9,15.98,15.7,15.72,3863908,18.63
2019-04-23,15.77,15.88,15.56,15.88,3707467,18.82
2019-04-24,15.95,16.08,15.8,15.99,3351488,18.96
2019-04-25,15.93,15.99,15.61,15.81,3949792,18.74
2019-04-26,15.84,15.95,15.64,15.84,3596108,18.78
2019-04-29,15.8,15.99,15.58,15.66,5402385,18.56
2019-04-30,15.56,15.64,15.2,15.24,5932750,18.07
2019-05-01,15.28,15.54,15.27,15.3,9436135,18.14
2019-05-02,15.52,16.11,14.42,14.53,14260238,17.23
2019-05-03,14.6,15.13,14.47,15.03,10466209,17.82
2019-05-06,14.76,15.07,14.57,15.02,6654289,17.8
2019-05-07,14.93,15.14,14.81,14.97,5622743,17.75
2019-05-08,14.91,15.12,14.69,14.78,6010871,17.52
2019-05-09,14.87,14.87,14.46,14.78,6748980,17.52
2019-05-10,14.73,14.76,14.14,14.34,9342859,17
2019-05-13,14.08,14.09,13.61,13.72,6954424,16.12
2019-05-14,13.8,14.08,13.6,14.03,7432999,16.48
2019-05-15,13.97,14.36,13.74,13.96,3925762,16.4
2019-05-16,14.05,14.47,13.96,14.31,4304125,16.82
2019-05-17,14.17,14.59,14.14,14.31,4007525,16.82
2019-05-20,14.23,14.23,13.91,14.1,3960355,16.57
2019-05-21,14.1,14.38,14.06,14.37,3284413,16.89
2019-05-22,14.2,14.26,13.95,13.96,4685792,16.4
2019-05-23,13.8,13.91,13.43,13.52,4984792,15.89
2019-05-24,13.62,13.75,13.31,13.43,4218635,15.78
2019-05-28,13.46,13.6,13.4,13.4,5536604,15.75
2019-05-29,13.33,13.37,12.98,13.19,4601024,15.5
2019-05-30,13.13,13.24,12.87,12.91,4091018,15.17
2019-05-31,12.73,12.84,12.43,12.64,5430154,14.85
2019-06-03,12.56,12.94,12.46,12.68,6789453,14.9
2019-06-04,12.84,13.42,12.79,13.39,3987944,15.73
2019-06-05,13.59,13.74,13.21,13.54,4627699,15.91
2019-06-06,13.5,13.72,13.41,13.67,3620682,16.06
2019-06-07,13.67,13.89,13.49,13.83,4423202,16.25
2019-06-10,13.91,14.14,13.85,13.91,2695076,16.34
2019-06-11,14.04,14.19,13.97,13.97,3031623,16.41
2019-06-12,13.97,13.98,13.54,13.68,3361180,16.07
2019-06-13,13.75,13.99,13.67,13.97,2639560,16.41
2019-06-14,13.89,14.18,13.7,14.12,3688230,16.59
2019-06-17,14.09,14.6,14.05,14.34,4581495,16.85
2019-06-18,14.46,14.8,14.4,14.77,3822234,17.35
2019-06-19,14.75,14.8,14.42,14.66,4314031,17.23
2019-06-20,14.82,14.95,14.71,14.94,3376801,17.55
2019-06-21,14.94,15.05,14.69,15,7147083,17.62
2019-06-24,14.87,14.97,14.15,14.21,4691846,16.7
2019-06-25,14.28,14.33,14.08,14.17,3225078,16.65
2019-06-26,14.18,14.6,14.11,14.4,3607901,16.92
2019-06-27,14.52,14.58,14.24,14.46,3021230,16.99
2019-06-28,14.54,14.71,14.47,14.66,5881350,17.22
2019-07-01,14.83,15.06,14.26,14.44,4659788,16.97
2019-07-02,14.43,14.63,14.34,14.39,2976958,16.91
2019-07-03,14.46,14.8,14.4,14.79,1749054,17.38
2019-07-05,14.76,14.85,14.56,14.79,1861892,17.38
2019-07-08,14.53,14.89,14.53,14.86,5652944,17.46
2019-07-09,14.81,14.84,14.54,14.62,2963973,17.18
2019-07-10,14.55,14.55,13.88,13.91,5845794,16.34
2019-07-11,13.91,13.92,13.53,13.69,6161436,16.08
2019-07-12,13.69,14.03,13.67,13.94,4504112,16.38
2019-07-15,13.98,14.22,13.95,14.14,4077593,16.62
2019-07-16,14.19,14.54,14.1,14.41,4959964,16.93
2019-07-17,14.34,14.44,14.03,14.03,4839123,16.49
2019-07-18,14.03,14.1,13.69,14.01,12961043,16.46
2019-07-19,14.04,14.25,14,14.07,3521052,16.53
2019-07-22,14.15,14.17,13.58,13.59,2996646,15.97
2019-07-23,13.63,13.81,13.56,13.79,2485687,16.2
2019-07-24,13.82,14.09,13.7,14.09,3477121,16.56
2019-07-25,14,14.15,13.68,13.73,5390541,16.13
2019-07-26,13.73,13.88,13.51,13.75,3806897,16.16
2019-07-29,13.73,13.84,13.32,13.47,4770308,15.83
2019-07-30,13.38,13.57,13.08,13.52,6332624,15.89
2019-07-31,13.52,13.79,13.39,13.69,8275334,16.09
2019-08-01,13.96,13.96,12.34,12.81,14475178,15.05
2019-08-02,12.69,12.98,12.69,12.9,7444013,15.16
2019-08-05,12.69,12.95,12.54,12.77,6920656,15
2019-08-06,12.89,13.06,12.68,12.79,9854623,15.03
2019-08-07,12.58,12.71,12.28,12.55,7024287,14.75
2019-08-08,12.76,13.02,12.66,12.76,7900059,14.99
2019-08-09,12.66,12.89,12.52,12.83,3246220,15.07
2019-08-12,12.74,12.78,12.28,12.5,5162712,14.54
2019-08-13,12.45,13.12,12.34,12.52,9790337,14.57
2019-08-14,12.22,12.28,11.86,11.97,7777666,13.93
2019-08-15,12,12.03,11.14,11.27,11500073,13.11
2019-08-16,11.46,11.77,11.36,11.71,6477167,13.62
2019-08-19,11.97,12.13,11.85,11.86,5106668,13.8
2019-08-20,11.81,11.96,11.66,11.87,4747261,13.81
2019-08-21,12.04,12.22,11.97,12.03,5496503,14
2019-08-22,12.1,12.25,12.04,12.18,4408774,14.17
2019-08-23,12.03,12.09,11.67,11.73,8277241,13.65
2019-08-26,11.79,11.89,11.65,11.8,4746324,13.73
2019-08-27,11.87,11.9,11.48,11.6,4581981,13.5
2019-08-28,11.54,11.68,11.48,11.66,3402610,13.56
2019-08-29,11.73,11.93,11.64,11.74,3543485,13.66
2019-08-30,11.78,12.02,11.63,11.74,4610568,13.66
2019-09-03,11.64,11.73,11.08,11.28,6498181,13.12
2019-09-04,11.43,11.85,11.42,11.71,7498505,13.62
2019-09-05,11.95,12.49,11.89,12.32,9588875,14.33
2019-09-06,12.36,12.56,12.06,12.14,5037720,14.12
2019-09-09,12.16,12.95,12.16,12.95,10898777,15.06
2019-09-10,12.88,13.36,12.87,13.36,9984883,15.54
2019-09-11,13.37,13.77,12.96,13.69,7483535,15.92
2019-09-12,13.71,13.75,13.22,13.68,5034665,15.91
2019-09-13,13.78,13.9,13.53,13.61,3060128,15.83
2019-09-16,13.49,13.68,13.35,13.44,5349832,15.63
2019-09-17,13.41,13.41,12.68,12.75,7593479,14.83
2019-09-18,12.72,12.88,12.67,12.78,4731933,14.87
2019-09-19,12.77,12.8,12.4,12.46,4126320,14.49
2019-09-20,12.51,12.67,12.26,12.32,8089681,14.33
2019-09-23,12.16,12.59,12.14,12.52,5198916,14.56
2019-09-24,12.59,12.84,12.52,12.8,6277449,14.89
2019-09-25,12.89,13,12.72,12.79,3053888,14.88
2019-09-26,12.79,12.97,12.7,12.93,3293536,15.04
2019-09-27,13.01,13.23,12.93,12.99,4176742,15.11
2019-09-30,12.96,13.24,12.87,13.17,3984608,15.32
2019-10-01,13.24,13.38,12.77,12.79,3644403,14.88
2019-10-02,12.65,12.72,12.28,12.34,5329849,14.36
2019-10-03,12.34,12.53,11.98,12.53,5984567,14.58
2019-10-04,12.52,12.76,12.4,12.74,3282921,14.82
2019-10-07,12.66,12.9,12.6,12.76,3583901,14.84
2019-10-08,12.55,12.71,12.37,12.56,3136137,14.61
2019-10-09,12.64,12.67,12.4,12.44,3723072,14.47
2019-10-10,12.52,12.84,12.44,12.68,6220622,14.75
2019-10-11,12.81,13.3,12.73,13.12,3819418,15.26
2019-10-14,13.03,13.2,12.75,13.17,3279177,15.32
2019-10-15,13.17,13.37,13.04,13.29,3485777,15.46
2019-10-16,13.27,13.45,13.19,13.32,3375798,15.49
2019-10-17,13.38,13.67,13.29,13.62,3526981,15.84
2019-10-18,12.45,13.31,12.44,13.09,9003126,15.23
2019-10-21,13.21,13.49,13.2,13.45,4327393,15.65
2019-10-22,13.48,14.05,13.35,14.02,4253884,16.31
2019-10-23,13.97,14,13.62,13.9,2543005,16.17
2019-10-24,13.93,13.93,13.5,13.71,4534778,15.95
2019-10-25,13.53,13.7,13.37,13.66,3928647,15.89
2019-10-28,13.75,13.86,13.73,13.76,4951407,16.01
2019-10-29,13.74,13.86,13.66,13.8,4238349,16.05
2019-10-30,13.85,13.86,13.54,13.78,7170437,16.03
2019-10-31,12.41,13.12,12.06,13.07,16348291,15.21
2019-11-01,13.22,13.9,13.19,13.31,11068656,15.48
2019-11-04,13.36,13.6,13.31,13.59,6423595,15.81
2019-11-05,13.65,13.98,13.44,13.69,6175309,15.92
2019-11-06,13.7,13.74,13.38,13.66,3950153,15.89
2019-11-07,13.87,13.96,13.59,13.75,6222793,15.99
2019-11-08,13.73,13.82,13.47,13.76,4193849,15.86
2019-11-11,13.72,14.11,13.71,13.88,4444114,15.99
2019-11-12,13.88,13.9,13.53,13.56,3350903,15.63
2019-11-13,13.44,13.48,13.1,13.17,5165160,15.18
2019-11-14,13.13,13.44,13.09,13.23,5514985,15.25
2019-11-15,13.35,13.63,13.23,13.51,8696565,15.57
2019-11-18,13.59,13.62,13.27,13.4,7994477,15.44
2019-11-19,13.31,13.32,12.79,12.99,5028254,14.97
2019-11-20,12.96,13.13,12.8,13.07,3977145,15.06
2019-11-21,13.09,13.17,12.82,12.82,3829630,14.77
2019-11-22,12.87,13.19,12.83,13.04,4883137,15.03
2019-11-25,13.16,13.23,12.98,13.16,5778761,15.16
2019-11-26,13.07,13.09,12.28,13.06,12441949,15.05
2019-11-27,13.16,13.4,13.16,13.36,6691129,15.4
2019-11-29,13.4,13.44,13.06,13.08,2141608,15.07
2019-12-02,13.08,13.45,13.04,13.18,6476486,15.19
2019-12-03,12.94,13.03,12.53,12.67,7318235,14.6
2019-12-04,12.63,12.89,12.63,12.77,4326156,14.72
2019-12-05,12.81,12.91,12.78,12.89,4401895,14.86
2019-12-06,13.05,13.16,12.95,12.99,4388491,14.97
2019-12-09,12.98,13.28,12.96,13.25,6063319,15.27
2019-12-10,13.25,13.25,12.96,13.04,4312819,15.03
2019-12-11,13.06,13.14,12.89,13,4763050,14.98
2019-12-12,13.05,13.42,13.01,13.17,7712270,15.18
2019-12-13,12.76,12.98,12.42,12.5,10624604,14.4
2019-12-16,12.63,12.97,12.62,12.89,11780278,14.86
2019-12-17,12.88,12.91,12.59,12.7,5001446,14.64
2019-12-18,12.92,13.12,12.83,12.88,7658908,14.84
2019-12-19,12.85,12.95,12.58,12.59,5771019,14.51
2019-12-20,12.62,12.78,12.53,12.69,10380957,14.62
2019-12-23,12.76,12.86,12.64,12.79,3882093,14.74
2019-12-24,12.82,12.86,12.67,12.76,1510207,14.71
2019-12-26,12.86,12.99,12.69,12.74,3446008,14.68
2019-12-27,12.77,12.9,12.73,12.87,3466441,14.83
2019-12-30,12.83,12.88,12.65,12.79,4171842,14.74
2019-12-31,12.79,13,12.76,12.89,4726687,14.85
2020-01-02,12.82,12.89,12.5,12.64,9043239,14.57
2020-01-03,12.45,12.58,12.36,12.5,5937727,14.41
2020-01-06,12.41,12.76,12.41,12.73,4730526,14.67
2020-01-07,12.63,12.76,12.4,12.64,5466486,14.57
2020-01-08,12.64,12.72,12.33,12.49,6444027,14.39
2020-01-09,12.5,12.55,12.09,12.19,5514467,14.05
2020-01-10,11.96,12.14,11.89,12.01,8187398,13.84
2020-01-13,12.04,12.27,11.87,12.27,6844085,14.14
2020-01-14,12.24,12.4,12.21,12.38,4965098,14.27
2020-01-15,12.26,12.3,11.95,12.16,8471330,14.01
2020-01-16,12.28,12.5,12.26,12.4,6486943,14.29
2020-01-17,12.43,12.5,12.28,12.43,6289537,14.32
2020-01-21,12.45,12.46,12.21,12.35,4607839,14.23
2020-01-22,12.36,12.54,12.28,12.43,5385034,14.33
2020-01-23,12.3,12.61,12.05,12.53,5653684,14.44
2020-01-24,12.56,12.59,12.26,12.37,4556631,14.25
2020-01-27,12.11,12.3,12.04,12.18,4694286,14.04
2020-01-28,12.28,12.49,12.21,12.35,4767480,14.23
2020-01-29,12.46,12.61,12.39,12.44,3653754,14.34
2020-01-30,12.32,12.4,12.18,12.38,6557847,14.27
2020-01-31,12.38,12.43,11.88,11.94,8845112,13.76
2020-02-03,12.01,12.08,11.59,11.6,9565038,13.37
2020-02-04,11.84,12.12,11.75,12.02,10064817,13.85
2020-02-05,12.19,12.76,12.12,12.71,11153298,14.65
2020-02-06,12.8,12.91,12.5,12.51,13276121,14.42
2020-02-07,12.58,13.34,12.19,12.32,16314953,14.2
2020-02-10,12.35,12.35,12,12.05,14356211,13.89
2020-02-11,12.08,12.54,12.03,12.45,16694942,14.35
2020-02-12,12.58,13.02,12.55,12.82,9316274,14.77
2020-02-13,12.65,12.75,12.38,12.49,8228670,14.39
2020-02-14,12.54,12.75,12.48,12.54,6794266,14.3
2020-02-18,12.5,12.77,12.44,12.72,6705199,14.51
2020-02-19,12.61,12.66,12.4,12.53,5513236,14.29
2020-02-20,12.51,12.95,12.5,12.91,6533468,14.72
2020-02-21,12.85,12.89,12.66,12.71,4424085,14.49
2020-02-24,12.29,12.56,12.22,12.35,6513092,14.08
2020-02-25,12.41,12.44,11.72,11.77,7615343,13.42
2020-02-26,11.87,12,11.11,11.11,10959409,12.67
2020-02-27,10.85,11.58,10.62,11.28,12565241,12.86
2020-02-28,10.94,11.63,10.93,11.61,18022701,13.24
2020-03-02,11.58,11.73,11.09,11.72,8827145,13.36
2020-03-03,11.47,11.58,10.76,10.83,17905792,12.35
2020-03-04,10.94,11.23,10.86,11.22,8477308,12.79
2020-03-05,10.93,11.14,10.76,10.87,5756216,12.4
2020-03-06,10.57,11.01,10.53,10.54,13040743,12.02
2020-03-09,9.813,10.15,9.479,9.874,8233237,11.26
2020-03-10,10.23,10.31,9.563,9.927,9624393,11.32
2020-03-11,9.69,9.69,8.769,8.918,12719416,10.17
2020-03-12,8.418,8.506,7.857,8.155,13770787,9.3
2020-03-13,8.69,8.708,7.568,8.488,12025072,9.68
2020-03-16,7.559,8.032,7.107,7.348,10388829,8.38
2020-03-17,7.471,8.637,6.92,8.594,12049775,9.8
2020-03-18,7.848,8.129,7.287,7.848,11707256,8.95
2020-03-19,7.804,8.155,7.015,8.059,11475915,9.19
2020-03-20,8.19,8.778,7.778,7.875,11194571,8.98
2020-03-23,9.207,9.207,7.462,7.875,16568731,8.98
2020-03-24,8.313,8.594,7.708,7.892,9927852,9
2020-03-25,8.155,8.173,7.147,7.822,15961445,8.92
2020-03-26,7.918,8.056,7.484,7.848,13116457,8.95
2020-03-27,7.585,7.734,6.752,7.182,13258566,8.19
2020-03-30,7.234,7.252,6.656,7.068,10528623,8.06
2020-03-31,7.033,7.269,6.866,6.901,8370097,7.87
2020-04-01,6.577,6.673,6.252,6.48,9534361,7.39
2020-04-02,6.436,6.787,6.191,6.358,10865566,7.25
2020-04-03,6.287,6.515,6.103,6.287,10879440,7.17
2020-04-06,6.638,7.362,6.507,7.059,14064163,8.05
2020-04-07,7.638,8.107,7.313,7.331,17130385,8.36
2020-04-08,7.533,8.388,7.502,8.076,14488162,9.21
2020-04-09,8.55,8.979,8.217,8.392,11462849,9.57
2020-04-13,8.427,8.462,7.927,8.199,5854858,9.35
2020-04-14,8.322,8.572,8.067,8.304,7195491,9.47
2020-04-15,7.997,8.005,7.585,7.796,6737353,8.89
2020-04-16,7.892,7.892,7.476,7.611,6508882,8.68
2020-04-17,8.015,8.374,7.945,8.076,7872309,9.21
2020-04-20,7.892,8.05,7.62,7.708,4185498,8.79
2020-04-21,7.524,7.769,7.436,7.611,5759332,8.68
2020-04-22,7.725,7.813,7.331,7.34,5875448,8.37
2020-04-23,7.392,7.594,7.164,7.269,9029408,8.29
2020-04-24,7.296,7.533,7.199,7.401,8440932,8.44
2020-04-27,7.559,8.23,7.462,8.05,7402544,9.18
2020-04-28,8.331,8.629,8.199,8.55,8848121,9.75
2020-04-29,8.804,9.199,8.795,9.111,11419219,10.39
2020-04-30,9.05,9.102,8.462,8.716,16593460,9.94
2020-05-01,8.366,8.493,8.19,8.401,10040933,9.58
2020-05-04,8.129,8.427,7.945,8.339,11056603,9.51
2020-05-05,8.506,9.136,8.488,8.813,14879661,10.05
2020-05-06,8.813,8.953,8.217,8.418,6744550,9.6
2020-05-07,8.497,8.708,8.16,8.164,5824820,9.31
2020-05-08,8.287,8.453,8.19,8.304,6297293,9.47
2020-05-11,8.181,8.181,7.717,7.866,9520153,8.97
2020-05-12,7.892,8.111,7.576,7.585,7014914,8.65
2020-05-13,7.506,7.533,7.107,7.234,10329783,8.25
2020-05-14,7.042,7.497,6.761,7.48,9575300,8.53
2020-05-15,7.331,7.62,7.278,7.471,6663663,8.52
2020-05-18,7.9,8.413,7.864,8.319,5730505,9.32
2020-05-19,8.185,8.551,7.962,8.266,7233972,9.26
2020-05-20,8.391,8.623,8.31,8.542,9326838,9.57
2020-05-21,8.498,8.774,8.373,8.757,5668707,9.81
2020-05-22,8.81,8.989,8.431,8.56,7288430,9.59
2020-05-26,9.033,9.622,8.944,9.542,10441046,10.69
2020-05-27,9.908,10.18,9.618,10.09,12566972,11.3
2020-05-28,10.1,10.13,9.06,9.114,8965770,10.21
2020-05-29,8.962,9.006,8.614,8.801,37302542,9.86
2020-06-01,8.828,9.346,8.801,9.185,6754414,10.29
2020-06-02,9.346,9.676,9.221,9.569,7517493,10.72
2020-06-03,9.908,10.8,9.881,10.75,12697652,12.04
2020-06-04,10.66,10.76,10.38,10.66,11464544,11.94
2020-06-05,11.3,11.84,11.29,11.53,15828041,12.92
2020-06-08,11.73,11.93,11.29,11.79,7245703,13.21
2020-06-09,12.41,12.51,11.63,11.69,10280525,13.1
2020-06-10,11.59,11.64,11.2,11.23,7036937,12.58
2020-06-11,10.4,10.69,9.899,9.997,11181858,11.2
2020-06-12,10.44,10.6,10.06,10.46,9198598,11.72
2020-06-15,10.04,10.5,9.846,10.41,10319770,11.66
2020-06-16,10.91,11.1,10.54,10.8,6519215,12.1
2020-06-17,10.77,10.85,10.52,10.58,6069225,11.85
2020-06-18,10.43,10.73,10.31,10.54,5375710,11.81
2020-06-19,10.73,10.84,10.1,10.13,20824872,11.35
2020-06-22,10.04,10.18,9.881,10.02,7576717,11.23
2020-06-23,10.21,10.33,9.935,10.06,7288961,11.27
2020-06-24,9.872,9.89,9.413,9.56,8099633,10.71
2020-06-25,9.462,9.622,9.314,9.605,5299167,10.76
2020-06-26,9.506,9.64,9.172,9.337,14168080,10.46
2020-06-29,9.417,10.01,9.372,9.953,6129614,11.15
2020-06-30,9.971,10.29,9.837,10.08,8839441,11.29
2020-07-01,10.1,10.27,9.854,9.872,8100269,11.06
2020-07-02,10.15,10.6,10.11,10.23,8264852,11.46
2020-07-06,10.49,10.54,10.02,10.16,8649116,11.38
2020-07-07,10.03,10.14,9.908,9.953,6956311,11.15
2020-07-08,9.971,10.18,9.765,10.15,6529587,11.37
2020-07-09,10.11,10.15,9.569,9.613,8465701,10.77
2020-07-10,9.694,10.22,9.685,10.2,6184670,11.43
2020-07-13,10.25,10.42,9.863,10.23,6016037,11.46
2020-07-14,11.15,11.23,10.47,11.2,23232679,12.55
2020-07-15,11.83,12.97,11.76,12.8,27517802,14.34
2020-07-16,12.63,12.92,12.45,12.73,7598221,14.26
2020-07-17,12.8,12.8,12.41,12.51,7582747,14.02
2020-07-20,12.51,12.61,12.22,12.48,6427395,13.98
2020-07-21,12.5,12.73,12.34,12.39,5568438,13.88
2020-07-22,12.41,12.69,12.31,12.54,5507076,14.05
2020-07-23,12.51,12.8,12.45,12.57,5619041,14.08
2020-07-24,12.59,12.76,12.46,12.47,5372154,13.97
2020-07-27,12.46,12.69,12.39,12.64,5680279,14.16
2020-07-28,12.52,12.91,12.52,12.68,6189146,14.21
2020-07-29,12.77,13.17,12.71,13.07,6432156,14.64
2020-07-30,13.43,13.92,12.51,12.73,17187198,14.26
2020-07-31,12.85,13,12.37,12.61,25741891,14.13
2020-08-03,12.7,12.96,12.6,12.78,8470556,14.32
2020-08-04,12.76,13.04,12.62,12.73,6446385,14.26
2020-08-05,12.81,13.19,12.81,13.16,5032103,14.74
2020-08-06,13.2,13.25,12.71,12.74,7187849,14.27
2020-08-07,12.74,13.43,12.64,13.42,7278133,15.04
2020-08-10,13.52,14.45,13.46,14.23,10997728,15.78
2020-08-11,14.93,15.11,14.34,14.38,7088450,15.95
2020-08-12,14.53,14.59,14.1,14.4,5963424,15.97
2020-08-13,14.3,14.31,13.93,14.07,5774121,15.6
2020-08-14,14.05,14.33,13.93,14.22,3370324,15.77
2020-08-17,14.23,14.34,14.06,14.28,4556675,15.84
2020-08-18,14.22,14.32,13.94,14.21,4102121,15.76
2020-08-19,14.16,14.52,14.12,14.23,4974484,15.78
2020-08-20,14.16,14.29,14.02,14.11,3436950,15.65
2020-08-21,14.19,14.37,13.98,14.14,3762747,15.68
2020-08-24,14.18,14.48,14.08,14.46,5252130,16.04
2020-08-25,14.59,14.68,14.29,14.43,4855302,16.01
2020-08-26,14.31,14.42,14.03,14.04,4904109,15.57
2020-08-27,14.19,14.43,14.14,14.18,3517792,15.73
2020-08-28,14.25,14.33,13.94,14.17,3275895,15.72
2020-08-31,14.16,14.16,13.7,13.79,5567262,15.29
2020-09-01,13.74,14.07,13.64,14.01,4924530,15.54
2020-09-02,14.16,14.42,14.05,14.35,5222663,15.92
2020-09-03,14.37,14.56,13.9,13.98,4059784,15.51
2020-09-04,14.15,14.25,13.74,13.89,5741704,15.41
2020-09-08,13.75,14.15,13.7,13.99,4491850,15.52
2020-09-09,14,14.01,13.65,13.87,3374475,15.38
2020-09-10,13.99,14.11,13.72,13.78,2820195,15.28
2020-09-11,13.95,14,13.7,13.88,4281287,15.39
2020-09-14,14.02,14.28,13.88,14.23,4600675,15.78
2020-09-15,14.35,14.53,14.05,14.16,7450841,15.71
2020-09-16,14.25,14.82,14.2,14.62,7478882,16.21
2020-09-17,14.37,14.51,14.02,14.25,7110818,15.8
2020-09-18,14.22,14.31,13.98,14.13,20076122,15.67
2020-09-21,13.84,13.92,13.64,13.79,5708885,15.29
2020-09-22,13.83,14.14,13.81,14.1,3630501,15.64
2020-09-23,14.29,14.65,14.27,14.43,6476062,16
2020-09-24,14.34,14.34,13.79,14.05,3659892,15.58
2020-09-25,13.94,14.07,13.7,13.98,6565542,15.51
2020-09-28,14.26,14.4,14.09,14.24,4003511,15.79
2020-09-29,14.24,14.24,13.81,13.92,3883709,15.44
2020-09-30,13.95,14.32,13.95,14.2,5633285,15.75
2020-10-01,14.29,14.54,14,14.38,4551959,15.95
2020-10-02,13.98,14.58,13.79,14.56,3715074,16.15
2020-10-05,14.66,15.11,14.52,15.09,6694849,16.74
2020-10-06,15.17,15.49,14.98,14.98,7275329,16.61
2020-10-07,15.28,15.62,15.12,15.15,6105703,16.8
2020-10-08,15.17,15.39,15.07,15.3,3909930,16.97
2020-10-09,15.36,15.55,15.19,15.52,4930577,17.21
2020-10-12,15.55,15.62,15.41,15.57,3174615,17.27
2020-10-13,15.51,15.64,15.26,15.35,2572733,17.02
2020-10-14,15.27,15.49,15.24,15.35,2904050,17.02
2020-10-15,15.15,15.66,15.11,15.63,2796404,17.34
2020-10-16,15.72,15.77,15.5,15.51,4423644,17.2
2020-10-19,15.5,15.57,14.98,15.08,4745527,16.73
2020-10-20,15.35,15.8,15.21,15.43,4663677,17.11
2020-10-21,15.33,15.69,15.27,15.56,3210123,17.26
2020-10-22,15.58,15.96,15.44,15.89,3842484,17.62
2020-10-23,15.99,15.99,15.71,15.85,2661778,17.58
2020-10-26,15.68,15.75,15.44,15.75,4034453,17.47
2020-10-27,15.76,15.86,15.6,15.78,3308151,17.5
2020-10-28,15.44,15.55,14.81,14.89,3974231,16.52
2020-10-29,14.98,14.98,14.62,14.89,5722675,16.51
2020-10-30,14.91,14.99,14.31,14.49,3738483,16.07
2020-11-02,14.7,15.1,14.62,14.96,3569245,16.59
2020-11-03,15.18,15.26,14.93,15.17,3491897,16.82
2020-11-04,15.13,15.23,14.71,14.76,4578193,16.37
2020-11-05,12.62,12.98,11.59,12.02,30811485,13.33
2020-11-06,12,12.4,11.49,11.59,14747737,12.85
2020-11-09,11.95,12.24,11.44,11.69,17447558,12.81
2020-11-10,11.7,11.9,11.6,11.84,10902837,12.98
2020-11-11,12.07,12.11,11.76,11.79,5852918,12.92
2020-11-12,11.69,11.76,11.2,11.36,8635521,12.45
2020-11-13,11.55,11.9,11.51,11.81,4863201,12.95
2020-11-16,12.07,12.19,11.88,12.15,8358959,13.32
2020-11-17,12.06,12.44,11.88,12.34,6007882,13.53
2020-11-18,12.37,12.57,12.22,12.23,4959521,13.41
2020-11-19,12.31,12.42,12.16,12.37,4397730,13.56
2020-11-20,12.33,12.5,12.19,12.43,3731791,13.63
2020-11-23,12.53,12.93,12.45,12.78,4416493,14.01
2020-11-24,12.93,13.58,12.92,13.52,5984759,14.82
2020-11-25,13.05,13.27,12.92,13.23,4601124,14.5
2020-11-27,13.43,13.47,13.13,13.16,2912712,14.43
2020-11-30,13.14,13.18,12.77,12.95,5673378,14.2
2020-12-01,13.18,13.3,12.78,12.9,4966470,14.14
2020-12-02,12.9,12.95,12.78,12.83,3157774,14.06
2020-12-03,12.79,13.35,12.79,13.13,4297678,14.39
2020-12-04,13.13,13.23,12.74,12.85,5827177,14.09
2020-12-07,12.78,12.9,12.61,12.73,5126397,13.95
2020-12-08,12.71,12.85,12.65,12.78,5081979,14.01
2020-12-09,12.8,12.99,12.74,12.93,5317176,14.17
2020-12-10,12.87,12.89,12.56,12.78,7345929,14.01
2020-12-11,12.8,13.02,12.63,12.74,4881038,13.96
2020-12-14,12.63,12.75,12.46,12.55,9922667,13.76
2020-12-15,12.67,12.94,12.53,12.9,8103189,14.14
2020-12-16,12.91,13,12.72,12.74,5743135,13.97
2020-12-17,12.78,13.05,12.67,12.93,5491851,14.17
2020-12-18,12.84,13.24,12.72,13.16,15042070,14.43
2020-12-21,12.96,13.2,12.77,13.15,6217222,14.42
2020-12-22,13.2,13.27,12.84,12.84,4096270,14.07
2020-12-23,12.87,13.54,12.84,13.44,6178357,14.73
2020-12-24,13.49,13.5,13.11,13.31,2397294,14.59
2020-12-28,13.41,13.67,13.3,13.33,8179204,14.61
2020-12-29,13.35,13.41,13.09,13.17,7266438,14.44
2020-12-30,13.23,13.48,13.2,13.38,2902514,14.67
2020-12-31,13.36,13.45,13.2,13.3,3761082,14.58
2021-01-04,13.39,13.39,13.05,13.18,6304417,14.45
2021-01-05,13.15,13.36,12.96,13.14,9298034,14.4
2021-01-06,13.23,14.13,13.23,13.94,7180775,15.285
2021-01-07,14.03,14.41,13.95,14.11,6398552,15.47
2021-01-08,14.19,14.32,13.85,14.01,3782368,15.36
2021-01-11,13.91,14.19,13.79,13.98,3956769,15.32
2021-01-12,13.94,14.63,13.94,14.6,3662906,16
2021-01-13,14.48,14.58,14.2,14.27,2988499,15.64
2021-01-14,14.41,14.6,14.31,14.41,3604255,15.8
2021-01-15,14.27,14.42,14.08,14.34,3518571,15.72
2021-01-19,14.36,14.55,14.02,14.07,5024504,15.42
2021-01-20,14.09,14.29,14.06,14.17,3766172,15.53
2021-01-21,14.18,14.31,14.13,14.23,2615636,15.6
2021-01-22,14.13,14.25,13.97,14.21,3362212,15.58
2021-01-25,14.11,14.66,14.06,14.14,5421998,15.5
2021-01-26,14.33,14.34,13.96,14.25,6103141,15.62
2021-01-27,14.01,14.67,13.96,14.63,8656391,16.04
2021-01-28,14.64,15.2,14.03,14.05,8715444,15.4
2021-01-29,14.1,14.39,13.77,13.95,8956924,15.29
2021-02-01,14.02,14.12,13.53,13.91,7325927,15.25
2021-02-02,14.03,14.09,13.59,13.89,4238312,15.23
2021-02-03,13.96,14.08,13.78,13.94,4189381,15.28
2021-02-04,14.12,14.4,13.96,14.39,4084881,15.77
2021-02-05,14.51,14.59,14.24,14.48,3191216,15.87
2021-02-08,14.6,14.72,14.45,14.58,5708306,15.98
2021-02-09,15.74,18.25,15.73,18.21,29845193,19.96
2021-02-10,18.25,18.25,16.82,17.09,14375423,18.73
2021-02-11,17.16,17.55,16.58,16.85,5381204,18.47
2021-02-12,16.7,17.15,16.64,16.89,5276416,18.51
2021-02-16,16.93,17.05,16.12,16.44,6230509,18.02
2021-02-17,16.42,16.51,15.89,16.3,3594713,17.87
2021-02-18,16.22,16.54,16.11,16.49,4608077,17.92
2021-02-19,16.5,16.56,16.15,16.43,6047853,17.86
2021-02-22,16.4,16.89,16.35,16.72,4436580,18.17
2021-02-23,16.57,16.73,16.16,16.56,3576258,18
2021-02-24,16.61,16.96,16.49,16.79,6412585,18.25
2021-02-25,16.88,17.03,16.26,16.34,4441361,17.76
2021-02-26,16.28,16.44,16.01,16.27,6305132,17.69
2021-03-01,16.54,16.92,16.42,16.68,4109761,18.13
2021-03-02,16.7,17.03,16.58,16.83,4490704,18.29
2021-03-03,17.24,17.54,16.93,17.28,7626469,18.78
2021-03-04,17.21,17.42,16.5,16.97,4915901,18.45
2021-03-05,17.05,17.71,16.83,17.67,5557025,19.21
2021-03-08,17.88,19.54,17.75,19.21,13469950,20.88
2021-03-09,19.07,19.18,18.18,18.21,5723643,19.79
2021-03-10,18.3,18.39,18.06,18.27,3184290,19.86
2021-03-11,18.33,18.54,18.11,18.53,3470727,20.14
2021-03-12,18.64,18.9,18.44,18.84,3384386,20.48
2021-03-15,18.77,19.24,18.77,18.96,3564293,20.61
2021-03-16,18.89,18.92,18.45,18.8,3357866,20.44
2021-03-17,18.82,18.96,18.45,18.6,5347342,20.22
2021-03-18,18.76,19.28,18.63,18.75,4925567,20.38
2021-03-19,18.6,19.31,18.6,19.14,11221976,20.8
2021-03-22,19.14,19.18,18.4,18.82,4345380,20.46
2021-03-23,18.64,18.72,17.58,17.7,3609057,19.24
2021-03-24,17.86,18.23,17.69,17.7,4001392,19.24
2021-03-25,17.66,18.52,17.57,18.45,3579219,20.05
2021-03-26,18.61,19.01,18.51,18.91,3595505,20.55
2021-03-29,18.8,19.04,18.04,18.12,3701573,19.7
2021-03-30,18.24,18.51,18,18.4,4512792,20
2021-03-31,18.35,18.49,17.95,18.1,4107610,19.67
2021-04-01,18.08,18.28,17.56,17.82,7931424,19.37
2021-04-05,17.94,18.32,17.59,18.29,4677619,19.88
2021-04-06,18.23,18.46,18.02,18.34,8192655,19.94
2021-04-07,18.46,18.55,18.1,18.33,3249729,19.92
2021-04-08,18.1,18.37,17.89,18.34,3055879,19.93
2021-04-09,18.5,18.77,18.39,18.73,3148500,20.36
2021-04-12,18.8,18.95,18.7,18.91,2055692,20.55
2021-04-13,18.58,18.7,18.17,18.45,3101029,20.05
2021-04-14,18.38,18.68,18.32,18.47,2588584,20.08
2021-04-15,18.68,18.68,18.36,18.44,3050250,20.04
2021-04-16,18.57,18.77,18.36,18.64,4151733,20.26
2021-04-19,18.69,18.69,18.48,18.48,31653,20.09
2021-04-20,18.5,18.55,17.96,18.18,3701565,19.76
2021-04-21,18.12,19.05,18.02,18.94,4848603,20.59
2021-04-22,19.1,19.33,18.92,18.99,6241567,20.64
2021-04-23,19.13,19.37,18.75,19.26,4394668,20.93
2021-04-26,19.32,19.62,19.01,19.19,3167886,20.86
2021-04-27,19.32,19.77,19.26,19.47,3923637,21.16
2021-04-28,19.42,19.62,19.37,19.41,2341940,21.1
2021-04-29,19.6,19.76,19.34,19.43,6348464,21.12
2021-04-30,19.57,19.73,19.21,19.37,8282109,21.06
2021-05-03,19.53,19.79,19.41,19.59,3655208,21.29
2021-05-04,19.58,19.82,19.4,19.78,3476659,21.5
2021-05-05,19.81,20.25,19.77,20.15,3940281,21.9
2021-05-06,20.24,20.29,19.86,20.15,5024980,21.9
2021-05-07,19.85,20.61,19.83,20.58,4230738,22.37
2021-05-10,20.7,20.99,20.13,20.15,5916172,21.9
2021-05-11,17.5,18.13,17.02,17.74,21140036,19.28
2021-05-12,17.99,18.2,17.18,17.26,13514012,18.76
2021-05-13,17.26,17.77,17.01,17.25,6198298,18.75
2021-05-14,17.27,17.88,17.25,17.65,6492369,19.18
2021-05-17,18.11,18.37,17.92,18.29,12108246,19.88
2021-05-18,18.25,18.34,18.01,18.13,8341861,19.71
2021-05-19,17.88,17.92,17.52,17.84,8515841,19.39
2021-05-20,17.86,18.02,17.43,17.95,9622820,19.36
2021-05-21,18.01,18.12,17.85,17.88,6965039,19.29
2021-05-24,18.01,18.01,17.69,17.75,5235438,19.14
2021-05-25,17.87,17.93,17.7,17.7,5380171,19.09
2021-05-26,17.86,18.06,17.75,18.03,4819253,19.45
2021-05-27,18.08,18.42,18.08,18.32,5009503,19.76
2021-05-28,18.42,18.42,18.01,18.12,5113762,19.54
2021-06-01,18.19,18.58,18.18,18.43,5228307,19.88
2021-06-02,18.47,18.53,17.92,18.11,4670121,19.53
2021-06-03,18.04,18.21,17.86,18.08,3960856,19.5
2021-06-04,18.08,18.1,17.59,17.95,6513637,19.36
2021-06-07,18.09,18.26,18.03,18.04,4252591,19.46
2021-06-08,18.04,18.4,17.9,18.32,3771206,19.76
2021-06-09,18.26,18.33,17.81,17.89,3667184,19.3
2021-06-10,17.97,18.1,17.64,17.67,4260048,19.06
2021-06-11,17.83,18.12,17.72,18.11,4704155,19.53
2021-06-14,18.16,18.18,17.68,17.7,2990607,19.09
2021-06-15,17.76,17.91,17.6,17.85,3423889,19.25
2021-06-16,17.82,17.82,17.36,17.71,3212945,19.1
2021-06-17,17.7,17.83,16.88,17.24,4072089,18.59
2021-06-18,16.92,17.18,16.71,16.93,8028444,18.26
2021-06-21,16.99,17.28,16.97,17.21,3197614,18.56
2021-06-22,17.27,17.29,16.95,17.25,2817398,18.61
2021-06-23,17.36,17.45,17.12,17.16,5043437,18.51
2021-06-24,17.2,17.38,16.96,17.32,3222274,18.68
2021-06-25,17.47,17.74,17.37,17.53,9876577,18.91
2021-06-28,17.48,17.51,17.21,17.23,2744469,18.58
2021-06-29,17.33,17.5,17.12,17.12,2284713,18.46
2021-06-30,17.11,17.35,16.93,17.31,3575889,18.67
2021-07-01,17.33,17.85,17.23,17.41,4312772,18.78
2021-07-02,17.38,17.43,17.07,17.2,3206058,18.55
2021-07-06,17.15,17.25,16.44,16.53,6586911,17.83
2021-07-07,16.38,16.57,16.17,16.31,4733718,17.59
2021-07-08,16.1,16.4,15.95,16.19,4779526,17.46
2021-07-09,16.45,16.84,16.43,16.78,3665584,18.1
2021-07-12,16.64,16.95,16.4,16.8,3158598,18.12
2021-07-13,17.4,17.4,16.76,16.83,5303033,18.15
2021-07-14,16.82,17,16.75,16.82,2871076,18.14
2021-07-15,16.73,16.81,16.44,16.67,4661372,17.98
2021-07-16,16.76,16.81,16.15,16.15,3538023,17.42
2021-07-19,15.81,16.22,15.72,16.05,4747484,17.31
2021-07-20,16.01,16.55,15.95,16.49,5548244,17.79
2021-07-21,16.61,16.97,16.6,16.78,3354625,18.1
2021-07-22,16.76,16.76,16.47,16.57,3301240,17.87
2021-07-23,16.72,16.92,16.61,16.73,3006893,18.04
2021-07-26,16.76,17.03,16.71,17.01,3535695,18.35
2021-07-27,16.88,17.13,16.71,16.93,3145468,18.26
2021-07-28,16.94,17.09,16.65,16.76,3415593,18.08
2021-07-29,16.92,17.14,16.9,17.02,3393994,18.36
2021-07-30,16.96,17.2,16.85,16.93,12330209,18.26
2021-08-02,17.08,17.48,16.95,17.16,4143604,18.51
2021-08-03,17.28,17.35,16.88,17.32,3895752,18.68
2021-08-04,17.21,17.41,16.98,17.01,5106380,18.35
2021-08-05,17.99,18.71,17.65,18.09,9630848,19.51
2021-08-06,18.26,18.59,17.93,18.39,6636385,19.84
2021-08-09,18.39,18.44,18,18.11,5144055,19.39
2021-08-10,18.07,19,18.07,18.88,4757176,20.21
2021-08-11,18.91,19.29,18.67,19.22,4858133,20.57
2021-08-12,19.29,19.35,19,19.32,3287187,20.68
2021-08-13,19.29,19.38,19.02,19.07,3574694,20.41
2021-08-16,18.98,19.1,18.76,18.82,3102607,20.14
2021-08-17,18.65,18.65,17.91,18.12,4556738,19.4
2021-08-18,18.04,18.34,17.85,17.87,2627223,19.13
2021-08-19,17.66,17.96,17.3,17.38,3919120,18.6
2021-08-20,17.41,17.71,17.33,17.7,3431337,18.95
2021-08-23,17.93,18.01,17.77,17.96,3014558,19.23
2021-08-24,18.03,18.3,17.99,18.1,1984952,19.37
2021-08-25,18.07,18.48,17.95,18.44,3083772,19.74
2021-08-26,18.42,18.42,17.74,17.83,4807853,19.09
2021-08-27,17.89,18.3,17.79,18.13,4047086,19.41
2021-08-30,18.11,18.13,17.58,17.58,4173466,18.82
2021-08-31,17.68,17.79,17.3,17.45,4999607,18.68
2021-09-01,17.66,18.18,17.56,17.96,7124089,19.23
2021-09-02,18.05,18.22,17.93,18.09,2712295,19.36
2021-09-03,18.03,18.11,17.66,17.81,2255741,19.06
2021-09-07,17.79,17.91,17.61,17.62,4876672,18.86
2021-09-08,17.54,17.72,17.31,17.44,3904990,18.67
2021-09-09,17.45,17.73,17.38,17.58,3337953,18.82
2021-09-10,17.66,17.77,17.45,17.49,4033693,18.72
2021-09-13,17.55,17.84,17.38,17.83,3772543,19.09
2021-09-14,17.84,17.84,17.21,17.57,4410624,18.81
2021-09-15,17.53,17.99,17.49,17.9,6118820,19.16
2021-09-16,17.91,18.3,17.88,18.03,2939629,19.3
2021-09-17,17.95,18.25,17.72,17.75,5910452,19
2021-09-20,17.42,17.65,17.14,17.47,5266927,18.7
2021-09-21,17.6,17.74,17.19,17.21,3401438,18.42
2021-09-22,17.4,17.56,17.27,17.28,3522231,18.5
2021-09-23,17.42,17.71,17.36,17.4,6031027,18.63
2021-09-24,17.28,17.54,17.06,17.44,3936118,18.67
2021-09-27,17.47,17.76,17.39,17.53,3398981,18.76
2021-09-28,17.56,17.95,17.51,17.74,3650000,18.99
2021-09-29,17.77,17.93,17.22,17.3,3903469,18.52
2021-09-30,17.26,17.26,16.02,16.03,10962276,17.16
2021-10-01,16.12,16.5,16.04,16.32,7542770,17.47
2021-10-04,16.3,16.55,16.13,16.28,5690636,17.43
2021-10-05,16.22,16.28,15.71,15.82,10724713,16.93
2021-10-06,15.63,15.71,14.8,15.33,10420363,16.41
2021-10-07,15.59,16.02,15.53,15.96,6118146,17.08
2021-10-08,15.87,15.89,14.97,15.16,6896824,16.23
2021-10-11,15.15,15.61,15.15,15.22,3563746,16.29
2021-10-12,15.38,15.44,15.15,15.3,3788877,16.38
2021-10-13,15.41,15.57,15.2,15.46,3460089,16.55
2021-10-14,15.69,16.09,15.65,16.07,5134210,17.2
2021-10-15,16.15,16.32,15.73,15.74,3379629,16.85
2021-10-18,15.6,15.81,15.52,15.72,3517242,16.83
2021-10-19,15.75,15.76,15.54,15.58,5230601,16.68
2021-10-20,15.55,15.85,15.54,15.68,3757450,16.78
2021-10-21,15.72,16.02,15.69,15.78,2810071,16.89
2021-10-22,15.72,15.88,15.62,15.73,2771716,16.84
2021-10-25,15.69,15.83,15.69,15.83,269054,16.94
2021-10-26,15.98,16.08,15.83,15.87,3988478,16.99
2021-10-27,15.89,16,15.74,15.91,4311011,17.03
2021-10-28,15.97,16.1,15.75,16.1,3045231,17.23
2021-10-29,16.11,16.21,15.81,15.92,3860968,17.04
2021-11-01,15.98,16.76,15.95,16.43,8471564,17.59
2021-11-02,16.46,16.54,16.24,16.42,6234304,17.58
2021-11-03,16.37,17.36,16.37,17.08,7837085,18.28
2021-11-04,17,17.14,16.36,16.63,7790987,17.8
2021-11-05,16.81,17.37,16.76,16.81,5413752,17.99
2021-11-08,16.97,16.97,16.68,16.78,3778402,17.81
2021-11-09,16.75,17.11,16.75,17.02,2712948,18.07
2021-11-10,16.93,17.22,16.78,16.95,2761911,17.99
2021-11-11,17.06,17.08,16.76,16.82,2076355,17.85
2021-11-12,16.85,16.91,16.34,16.6,4908320,17.62
2021-11-15,16.75,16.96,16.7,16.72,3562122,17.75
2021-11-16,16.81,16.92,16.69,16.73,2680661,17.76
2021-11-17,16.62,16.69,16.31,16.47,4510208,17.48
2021-11-18,16.76,16.83,16.15,16.33,4492456,17.33
2021-11-19,16.2,16.36,16.06,16.08,3339455,17.07
2021-11-22,16.17,16.33,16.02,16.17,3371677,17.16
2021-11-23,16.12,16.2,15.92,16.02,3595905,17
2021-11-24,15.74,16.2,15.71,16.15,3144796,17.14
2021-11-26,15.66,16.08,15.3,15.85,2947286,16.82
2021-11-29,16.09,16.17,15.45,15.46,3880076,16.41
2021-11-30,15.29,15.45,14.9,15.21,5394209,16.15
2021-12-01,15.55,15.88,15.16,15.17,4858260,16.1
2021-12-02,15.26,15.63,15.14,15.49,4212722,16.44
2021-12-03,15.59,15.66,15.35,15.53,4313895,16.48
2021-12-06,15.75,16.53,15.74,16.31,8102294,17.31
2021-12-07,16.29,16.6,16.19,16.39,5490007,17.4
2021-12-08,16.38,16.72,16.25,16.61,4077341,17.63
2021-12-09,16.48,16.77,16.36,16.36,3719646,17.37
2021-12-10,16.52,16.62,16.19,16.53,3834173,17.55
2021-12-13,16.43,16.5,15.29,15.65,5838905,16.61
2021-12-14,15.59,16.02,15.53,15.73,5508634,16.7
2021-12-15,15.78,15.89,15.41,15.85,3780608,16.82
2021-12-16,16.02,16.16,15.77,15.84,5198812,16.81
2021-12-17,15.87,15.96,15.3,15.37,98996420,16.31
2021-12-20,15.36,15.36,14.5,14.75,10138654,15.66
2021-12-21,14.88,15.23,14.8,15.15,5626337,16.08
2021-12-22,15.12,15.38,15.1,15.21,4293188,16.15
2021-12-23,15.28,15.43,15.15,15.27,3019957,16.21
2021-12-27,15.18,15.66,15.18,15.6,3017025,16.56
2021-12-28,15.53,15.78,15.53,15.59,3103358,16.55
2021-12-29,15.63,15.92,15.57,15.85,2953412,16.82
2021-12-30,15.91,16.1,15.79,15.83,4806511,16.8
2021-12-31,15.74,15.9,15.52,15.75,3616728,16.72
2022-01-03,15.9,16.01,15.8,15.94,3564280,16.92
2022-01-04,16.15,16.48,16.09,16.35,3820390,17.36
2022-01-05,16.39,16.53,15.95,15.96,4839143,16.94
2022-01-06,16.09,16.24,15.87,16.04,4267054,17.03
2022-01-07,15.84,16.02,15.59,15.88,4106500,16.86
2022-01-10,15.81,15.85,15.26,15.45,3949320,16.4
2022-01-11,15.49,15.71,15.29,15.71,2949837,16.68
2022-01-12,15.72,15.85,15.52,15.69,2718924,16.65
2022-01-13,15.84,16.31,15.74,16.16,3096806,17.15
2022-01-14,16,16,15.56,15.82,3805269,16.79
2022-01-18,15.73,15.87,15.52,15.56,5853668,16.52
2022-01-19,15.65,15.87,15.4,15.41,3321064,16.36
2022-01-20,15.37,15.42,14.77,14.79,4256772,15.7
2022-01-21,14.72,14.97,14.46,14.82,4755629,15.73
2022-01-24,14.47,15.37,14.45,15.35,5888734,16.29
2022-01-25,15.04,15.36,14.92,15.18,4537176,16.11
2022-01-26,15.47,15.52,14.55,14.68,4121796,15.58
2022-01-27,14.79,15.09,14.34,14.44,6797891,15.33
2022-01-28,14.41,14.77,14.12,14.76,6009266,15.67
2022-01-31,14.6,15.18,14.55,15.17,7037933,16.1
2022-02-01,15.13,15.33,14.91,15.24,3829483,16.18
2022-02-02,15.37,15.43,14.88,14.88,7274044,15.8
2022-02-03,14.98,15.78,14.63,14.7,11708925,15.6
2022-02-04,14.64,14.98,14.59,14.81,7570669,15.72
2022-02-07,14.87,15.07,14.45,14.6,5199606,15.5
2022-02-08,14.71,15.05,14.59,15.04,5386086,15.96
2022-02-09,15.06,15.36,14.99,15.36,4910654,16.3
2022-02-10,15.16,15.48,14.85,14.9,4295652,15.82
2022-02-11,15.19,15.19,14.44,14.55,5042827,15.44
2022-02-14,14.6,14.7,14.4,14.54,4472228,15.28
2022-02-15,14.71,14.84,14.62,14.73,7411123,15.48
2022-02-16,14.6,15.02,14.56,14.93,6363829,15.69
2022-02-17,14.73,14.91,14.42,14.44,6322596,15.18
2022-02-18,14.41,14.66,14.4,14.49,9156234,15.23
2022-02-22,14.33,14.61,14.16,14.19,7219559,14.92
2022-02-23,14.28,14.42,14.05,14.18,6305242,14.91
2022-02-24,13.88,14.48,13.8,14.45,5489436,15.19
2022-02-25,14.48,14.66,14.31,14.64,3704117,15.39
2022-02-28,14.36,14.76,14.35,14.7,6984676,15.45
2022-03-01,14.66,14.76,14.13,14.28,5552830,15.01
2022-03-02,14.38,15.33,14.28,15.19,5660647,15.97
2022-03-03,15.13,15.24,14.8,15.13,5510723,15.9
2022-03-04,14.97,15.06,14.43,14.72,4957794,15.47
2022-03-07,14.72,14.83,14.39,14.39,6233142,15.13
2022-03-08,14.55,14.87,14.55,14.87,241621,15.63
2022-03-09,15.25,15.36,14.47,14.48,6196798,15.22
2022-03-10,14.33,14.63,14.2,14.61,4625521,15.36
2022-03-11,14.72,14.86,14.57,14.75,3714409,15.5
2022-03-14,14.87,15.02,14.32,14.42,3659118,15.16
2022-03-15,14.36,14.58,13.97,14.17,5757867,14.89
2022-03-16,14.22,14.91,14.22,14.58,7348519,15.33
2022-03-17,14.56,14.6,14.33,14.56,4500010,15.3
2022-03-18,14.29,14.72,14.18,14.64,12769107,15.39
2022-03-21,14.72,14.72,14.39,14.6,4481498,15.35
2022-03-22,14.76,14.95,14.57,14.65,4118975,15.4
2022-03-23,14.57,14.73,14.15,14.17,4511154,14.89
2022-03-24,14.26,14.58,14.23,14.36,4183583,15.1
2022-03-25,14.42,14.52,14.35,14.49,2872713,15.23
2022-03-28,14.46,14.46,14.06,14.33,4767356,15.06
2022-03-29,14.52,14.98,14.52,14.92,5203574,15.68
2022-03-30,14.79,14.83,14.49,14.57,3901310,15.32
2022-03-31,14.47,14.57,14.15,14.17,4544672,14.89
2022-04-01,14.19,14.33,13.99,14.12,6070661,14.84
2022-04-04,14.11,14.23,13.96,14.17,3036560,14.9
2022-04-05,14.03,14.14,13.5,13.5,8315353,14.19
2022-04-06,13.33,13.56,13.06,13.45,8750134,14.14
2022-04-07,13.41,13.6,13.04,13.52,6116974,14.21
2022-04-08,13.63,13.77,13.41,13.6,3598622,14.3
2022-04-11,13.56,13.93,13.55,13.63,3421058,14.33
2022-04-12,13.63,13.93,13.36,13.38,3752463,14.07
2022-04-13,13.41,13.55,13.35,13.43,3187468,14.12
2022-04-14,13.44,13.61,13.32,13.39,2860745,14.08
2022-04-18,13.39,13.72,13.39,13.5,3113308,14.19
2022-04-19,13.55,13.96,13.55,13.86,3451632,14.57
2022-04-20,13.95,14.03,13.8,13.96,2207394,14.67
2022-04-21,14.14,14.17,13.56,13.63,3292788,14.33
2022-04-22,13.5,13.61,13.21,13.29,5311327,13.97
2022-04-25,13.19,13.35,12.85,13.33,8139791,14.01
2022-04-26,13.18,13.29,12.79,12.85,5468859,13.51
2022-04-27,12.81,13.02,12.68,12.92,3848599,13.58
2022-04-28,13.1,13.18,12.8,13,3807595,13.67
2022-04-29,12.84,12.98,12.57,12.61,9213818,13.26
2022-05-02,12.61,12.83,12.4,12.76,7408265,13.41
2022-05-03,12.69,13.1,12.54,13.05,6310613,13.72
2022-05-04,13.17,13.5,12.88,13.49,7487681,14.18
2022-05-05,13.18,13.32,12.08,12.09,11101303,12.71
2022-05-06,11.93,12.12,11.61,11.99,12332360,12.6
2022-05-09,11.83,12.34,11.78,12.11,11013553,12.58
2022-05-10,12.26,12.3,11.66,11.74,8636739,12.19
2022-05-11,11.8,12.11,11.67,11.77,9028319,12.23
2022-05-12,11.79,12.34,11.77,12.33,7881259,12.81
2022-05-13,12.45,12.79,12.4,12.57,7085056,13.06
2022-05-16,12.54,12.55,12.17,12.22,7123077,12.69
2022-05-17,12.45,12.68,12.26,12.56,6158383,13.05
2022-05-18,12.03,12.17,11.45,11.62,9550557,12.07
2022-05-19,11.49,11.64,11.23,11.25,8231965,11.69
2022-05-20,11.32,11.38,10.93,11.2,5852081,11.63
2022-05-23,11.18,11.33,11.08,11.2,6132623,11.63
2022-05-24,11.03,11.08,10.54,10.73,15496241,11.15
2022-05-25,10.7,11.3,10.69,11.01,8791718,11.44
2022-05-26,11.22,11.47,11.15,11.32,6787141,11.76
2022-05-27,11.24,11.67,11.24,11.64,4858547,12.09
2022-05-31,11.53,11.58,11.27,11.43,7733244,11.87
2022-06-01,11.53,11.63,11.29,11.41,7149602,11.85
2022-06-02,11.49,11.61,11.34,11.49,4270133,11.93
2022-06-03,11.4,11.49,11.25,11.35,3827487,11.79
2022-06-06,11.43,11.47,11.19,11.39,3941581,11.83
2022-06-07,11.26,11.41,11.04,11.41,4457262,11.85
2022-06-08,11.1,11.24,10.93,11.01,5950600,11.44
2022-06-09,10.93,11.04,10.78,10.78,5036871,11.2
2022-06-10,10.63,10.79,10.38,10.47,6856689,10.87
2022-06-13,10.22,10.32,9.796,10.02,6662819,10.41
2022-06-14,10.05,10.12,9.734,9.849,5895743,10.23
2022-06-15,9.907,10.05,9.71,9.849,6848702,10.23
2022-06-16,9.647,9.666,9.223,9.377,7250455,9.74
2022-06-17,9.464,9.767,9.387,9.695,9617146,10.07
2022-06-21,9.849,10.01,9.647,9.897,6052595,10.28
2022-06-22,9.753,9.974,9.724,9.782,9148405,10.16
2022-06-23,9.83,9.907,9.642,9.907,4982442,10.29
2022-06-24,9.974,10.44,9.917,10.32,10524384,10.72
2022-06-27,10.37,10.58,10.21,10.31,8632572,10.71
2022-06-28,10.39,10.58,10.1,10.11,5866461,10.5
2022-06-29,10.13,10.21,9.878,10.1,7249817,10.49
2022-06-30,9.926,10.07,9.753,9.907,6589286,10.29
2022-07-01,9.888,9.994,9.7,9.868,4837389,10.25
2022-07-05,9.734,10.05,9.628,10.05,5147450,10.44
2022-07-06,9.994,10.11,9.763,9.811,4789868,10.19
2022-07-07,9.917,10.38,9.868,10.37,5895387,10.77
2022-07-08,10.38,10.55,10.22,10.48,5807954,10.89
2022-07-11,10.36,10.5,10.25,10.3,4285771,10.7
2022-07-12,10.22,10.69,10.22,10.47,6408203,10.88
2022-07-13,10.18,10.38,10.09,10.34,5944214,10.74
2022-07-14,10.19,10.25,9.965,10.04,4063190,10.43
2022-07-15,10.1,10.33,10.05,10.23,4305272,10.63
2022-07-18,10.39,10.6,10.38,10.46,5214884,10.86
2022-07-19,10.62,10.96,10.52,10.9,5420109,11.32
2022-07-20,10.83,10.99,10.75,10.97,3612660,11.39
2022-07-21,10.86,10.98,10.74,10.97,3629381,11.39
2022-07-22,10.98,11.09,10.82,10.93,3005638,11.35
2022-07-25,10.97,10.97,10.67,10.74,5789880,11.16
2022-07-26,10.32,10.4,9.936,9.945,7936987,10.33
2022-07-27,10.03,10.28,9.931,10.26,4758692,10.66
2022-07-28,10.22,10.85,10.2,10.84,7441345,11.26
2022-07-29,10.86,10.87,10.66,10.76,6686164,11.18
2022-08-01,10.72,10.82,10.58,10.72,5859101,11.13
2022-08-02,10.68,10.72,10.49,10.5,4838103,10.91
2022-08-03,10.65,10.87,10.6,10.82,4964306,11.24
2022-08-04,10.8,10.93,10.73,10.75,3863453,11.17
2022-08-05,10.62,10.86,10.61,10.78,3956682,11.2
2022-08-08,10.86,11.33,10.86,11.04,6288009,11.47
2022-08-09,11,11,10.64,10.85,6140904,11.27
2022-08-10,11.09,11.31,10.97,11.13,7068790,11.56
2022-08-11,10.77,10.89,10.16,10.27,14175189,10.67
2022-08-12,10.22,10.3,10.12,10.18,9605274,10.57
2022-08-15,10.11,10.45,10.08,10.1,9959893,10.49
2022-08-16,10.11,10.83,10.11,10.74,7774658,11.16
2022-08-17,10.56,10.59,10.29,10.4,6019413,10.8
2022-08-18,10.37,10.41,10.16,10.24,4118506,10.64
2022-08-19,10.24,10.27,9.907,9.945,5390282,10.33
2022-08-22,9.849,9.917,9.281,9.291,10764302,9.65
2022-08-23,9.291,9.564,9.203,9.281,7191834,9.49
2022-08-24,9.252,9.252,8.924,9.183,9670643,9.39
2022-08-25,9.124,9.525,9.076,9.301,6480878,9.51
2022-08-26,9.359,9.398,8.768,8.841,7320167,9.04
2022-08-29,8.802,8.821,8.606,8.655,9582426,8.85
2022-08-30,8.753,8.772,8.528,8.645,7321442,8.84
2022-08-31,8.665,8.724,8.391,8.518,8977246,8.71
2022-09-01,8.43,8.518,8.357,8.469,6365430,8.66
2022-09-02,8.528,8.616,8.318,8.42,7851993,8.61
2022-09-06,8.459,8.601,8.151,8.235,8079899,8.42
2022-09-07,8.313,8.645,8.274,8.596,7201376,8.79
2022-09-08,8.499,8.577,8.216,8.567,7267235,8.76
2022-09-09,8.9,9.017,8.665,8.968,7435264,9.17
2022-09-12,9.105,9.266,9.046,9.261,8275276,9.47
2022-09-13,8.958,9.066,8.557,8.626,7355720,8.82
2022-09-14,8.616,8.626,8.413,8.499,7584595,8.69
2022-09-15,8.557,8.777,8.42,8.45,5399389,8.64
2022-09-16,8.283,8.469,8.215,8.254,13641339,8.44
2022-09-19,8.186,8.567,8.186,8.352,8096541,8.54
2022-09-20,8.235,8.273,7.922,7.961,10258440,8.14
2022-09-21,8.039,8.235,7.882,7.882,8577018,8.06
2022-09-22,7.912,7.931,7.746,7.824,9305577,8
2022-09-23,7.736,7.824,7.442,7.472,15247212,7.64
2022-09-26,7.472,7.716,7.413,7.433,15969539,7.6
2022-09-27,7.491,7.555,7.105,7.208,11910466,7.37
2022-09-28,7.237,7.403,7.12,7.384,11512940,7.55
2022-09-29,7.227,7.257,7.041,7.071,9484379,7.23
2022-09-30,6.934,7.032,6.758,6.807,12609926,6.96
2022-10-03,6.895,7.11,6.797,7.041,9025056,7.2
2022-10-04,7.237,7.442,7.183,7.433,8012801,7.6
2022-10-05,7.296,7.706,7.198,7.648,11091717,7.82
2022-10-06,7.579,7.667,7.384,7.521,5559612,7.69
2022-10-07,7.345,7.384,6.983,7.208,8395074,7.37
2022-10-10,7.266,7.364,7.13,7.296,7092386,7.46
2022-10-11,7.325,7.697,7.247,7.521,10981538,7.69
2022-10-12,7.53,7.599,7.384,7.501,7606137,7.67
2022-10-13,7.335,7.677,7.188,7.599,6393379,7.77
2022-10-14,7.677,7.733,7.457,7.54,6982203,7.71
2022-10-17,7.736,7.784,7.555,7.618,8162159,7.79
2022-10-18,7.804,7.931,7.677,7.706,6439301,7.88
2022-10-19,7.57,7.653,7.159,7.305,9642682,7.47
2022-10-20,7.384,7.53,7.081,7.09,9604742,7.25
2022-10-21,7.041,7.266,7.003,7.198,8368546,7.36
2022-10-24,7.237,7.261,7.022,7.051,10950644,7.21
2022-10-25,7.022,7.393,7.012,7.296,8509123,7.46
2022-10-26,7.247,7.393,7.164,7.208,7096128,7.37
2022-10-27,7.276,7.374,7.164,7.198,6631220,7.36
2022-10-28,7.169,7.237,6.895,7.041,15143789,7.2
2022-10-31,6.738,6.816,6.484,6.67,22008179,6.82
2022-11-01,6.807,6.856,6.714,6.748,11206097,6.9
2022-11-02,6.709,6.758,6.435,6.455,9175666,6.6
2022-11-03,6.406,6.621,6.279,6.543,10800308,6.69
2022-11-04,6.68,6.846,6.611,6.816,10300478,6.97
2022-11-07,6.856,6.934,6.709,6.914,7649417,7.07
2022-11-08,7.002,7.1,6.836,6.924,10930752,7.08
2022-11-09,6.826,6.836,6.259,6.337,19952467,6.48
2022-11-10,6.464,6.983,6.464,6.65,19731871,6.8
2022-11-11,6.699,7.677,6.699,7.599,16867143,7.77
2022-11-14,7.374,7.481,7.178,7.198,11043704,7.36
2022-11-15,7.345,7.516,7.257,7.413,10057447,7.58
2022-11-16,7.247,7.335,7.12,7.149,10696101,7.31
2022-11-17,7.012,7.061,6.67,6.846,13240370,7
2022-11-18,7.032,7.051,6.601,6.66,12823072,6.81
2022-11-21,6.63,6.815,6.52,6.61,10582849,6.61
2022-11-22,6.67,6.79,6.53,6.71,9294279,6.71
2022-11-23,6.69,6.75,6.6,6.71,7220694,6.71
2022-11-25,6.68,6.85,6.68,6.77,3326612,6.77
2022-11-28,6.71,6.81,6.5,6.5,7522555,6.5
2022-11-29,6.52,6.5863,6.46,6.53,7475261,6.53
2022-11-30,6.54,6.72,6.32,6.72,11740557,6.72
2022-12-01,6.7,7.02,6.7,6.75,10728091,6.75
2022-12-02,6.68,6.79,6.64,6.72,6697761,6.72
2022-12-05,6.63,6.64,6.34,6.37,11738800,6.37
2022-12-06,6.39,6.41,6.22,6.33,8286233,6.33
2022-12-07,6.29,6.39,6.2,6.32,5928711,6.32
2022-12-08,6.32,6.42,6.23,6.42,8007800,6.42
2022-12-09,6.31,6.43,6.225,6.35,5579241,6.35
2022-12-12,6.35,6.41,6.22,6.38,8349077,6.38
2022-12-13,6.68,6.745,6.31,6.37,13293666,6.37
2022-12-14,6.39,6.4368,6.23,6.29,10330599,6.29
2022-12-15,6.19,6.22,5.96,5.96,13064517,5.96
2022-12-16,5.89,5.955,5.77,5.89,17404756,5.89
2022-12-19,5.88,5.92,5.72,5.88,12324060,5.88
2022-12-20,5.85,6.075,5.81,5.89,12930401,5.89
2022-12-21,6.01,6.0886,5.82,5.84,9318468,5.84
2022-12-22,5.78,5.93,5.65,5.92,9938908,5.92
2022-12-23,5.92,6.11,5.86,6.1,8090325,6.1
2022-12-27,6.08,6.33,6.045,6.23,8530743,6.23
2022-12-28,6.24,6.275,5.985,6.06,7358531,6.06
2022-12-29,6.14,6.34,6.125,6.26,7770490,6.26
2022-12-30,6.17,6.395,6.16,6.36,7636662,6.36
2023-01-03,6.45,6.73,6.37,6.73,10866387,6.73
2023-01-04,6.82,7.245,6.73,7.19,10720654,7.19
2023-01-05,7.09,7.22,6.93,7.22,7613212,7.22
2023-01-06,7.29,7.46,7.165,7.43,7244374,7.43
2023-01-09,7.42,7.73,7.365,7.64,11291036,7.64
2023-01-10,7.65,7.72,7.53,7.71,6512585,7.71
2023-01-11,7.79,8.04,7.71,8.03,7172617,8.03
2023-01-12,8.08,8.13,7.92,7.95,8954809,7.95
2023-01-13,8.05,8.43,8,8.12,15680980,8.12
2023-01-17,8.05,8.23,7.994,8.2,10078271,8.2
2023-01-18,8.19,8.2699,8.09,8.12,7368760,8.12
2023-01-19,8.04,8.0499,7.8,7.95,8857242,7.95
2023-01-20,7.98,8.02,7.87,8,6912296,8
2023-01-23,8.02,8.28,7.96,8.26,5650494,8.26
2023-01-24,8.25,8.4,8.015,8.02,7023632,8.02
2023-01-25,7.96,8,7.75,7.81,8058062,7.81
2023-01-26,7.92,8.035,7.805,7.88,6930623,7.88
2023-01-27,7.88,8.18,7.83,8.12,6839180,8.12
2023-01-30,7.97,8.18,7.92,8.08,7569339,8.08
2023-01-31,8.15,8.45,8.13,8.44,7378654,8.44
2023-02-01,8.4,8.8,8.3,8.71,13044608,8.71
2023-02-02,7.37,7.46,6.16,6.28,67938311,6.28
2023-02-03,6.19,6.9,6.11,6.55,36139899,6.55
2023-02-06,6.43,6.45,6,6.08,25217137,6.08
2023-02-07,6.04,6.075,5.925,5.98,15593199,5.98
2023-02-08,5.91,5.93,5.77,5.89,14965470,5.89
2023-02-09,5.97,5.995,5.68,5.72,12818836,5.72
2023-02-10,5.65,5.72,5.59,5.61,12943650,5.61
2023-02-13,5.6,5.83,5.57,5.82,12590821,5.82
2023-02-14,5.76,5.87,5.62,5.79,9810675,5.79
2023-02-15,5.7,5.96,5.68,5.95,12430398,5.95
2023-02-16,5.88,5.88,5.72,5.73,9191764,5.73
2023-02-17,5.69,5.73,5.6,5.71,8705787,5.71
2023-02-21,5.61,5.66,5.4,5.4,11130793,5.4
2023-02-22,5.4,5.49,5.28,5.38,13911734,5.38
2023-02-23,5.38,5.47,5.26,5.47,11485815,5.47
2023-02-24,5.37,5.54,5.27,5.51,13099811,5.51
2023-02-27,5.56,5.62,5.46,5.46,13067617,5.46
2023-02-28,5.49,5.76,5.47,5.68,26239019,5.68
2023-03-01,5.69,5.76,5.58,5.71,12672859,5.71
2023-03-02,5.7,5.91,5.67,5.84,12100716,5.84
2023-03-03,5.91,5.96,5.7,5.82,9101402,5.82
2023-03-06,5.9,5.96,5.6,5.61,16682319,5.61
2023-03-07,5.62,5.7,5.4325,5.48,10891878,5.48
2023-03-08,5.49,5.57,5.43,5.49,9305151,5.49
2023-03-09,5.48,5.62,5.34,5.35,11794021,5.35
2023-03-10,5.31,5.35,5.07,5.1,13894793,5.1
2023-03-13,5,5.265,4.945,5.06,15366669,5.06
2023-03-14,5.2,5.24,5.055,5.12,10817349,5.12
2023-03-15,4.95,5.22,4.93,5.21,14292640,5.21
2023-03-16,5.12,5.245,5.02,5.18,10895960,5.18
2023-03-17,5.14,5.22,5.005,5.09,80320757,5.09
2023-03-20,5.11,5.28,4.95,5.04,13558980,5.04
2023-03-21,5.12,5.29,5.065,5.09,11846786,5.09
2023-03-22,5.09,5.17,4.95,4.96,8230833,4.96
2023-03-23,5,5.1,4.83,4.9,8479969,4.9
2023-03-24,4.85,5,4.825,4.97,8807425,4.97
2023-03-27,5.06,5.07,4.89,5.01,8071573,5.01
2023-03-28,5.05,5.125,5.04,5.1,6920256,5.1
2023-03-29,5.07,5.15,4.935,5.03,9020209,5.03
2023-03-30,5.11,5.14,4.97,5,6296424,5
2023-03-31,5.02,5.26,4.99,5.26,9908597,5.26
2023-04-03,5.27,5.3,5.07,5.22,9885526,5.22
2023-04-04,5.25,5.28,5.12,5.18,6846230,5.18
2023-04-05,5.13,5.18,5.03,5.05,9346662,5.05
2023-04-06,5.02,5.045,4.93,4.94,5640419,4.94
2023-04-10,4.93,5.02,4.86,5,8100088,5
2023-04-11,5.08,5.26,5.07,5.24,8499752,5.24
2023-04-12,5.3,5.3,4.97,4.98,8979530,4.98
2023-04-13,4.94,4.99,4.88,4.89,8278486,4.89
2023-04-14,4.92,5,4.83,4.86,7529456,4.86
2023-04-17,4.83,4.87,4.73,4.82,8599418,4.82
2023-04-18,4.83,4.85,4.79,4.83,6233309,4.83
2023-04-19,4.8,4.95,4.76,4.93,6475490,4.93
2023-04-20,4.9,5.02,4.86,4.9,6643185,4.9
2023-04-21,4.89,4.97,4.83,4.96,7398403,4.96
2023-04-24,4.98,5,4.89,5,5184819,5
2023-04-25,4.97,4.98,4.8,4.87,8926248,4.87
2023-04-26,4.9,4.95,4.775,4.81,7560674,4.81
2023-04-27,4.84,4.985,4.79,4.95,6623312,4.95
2023-04-28,4.95,5.29,4.94,5.24,13235628,5.24
2023-05-01,5.23,5.29,5.09,5.15,9436338,5.15
2023-05-02,5.1,5.1,4.885,4.91,14154396,4.91
2023-05-03,5.01,5.29,4.825,4.88,17804948,4.88
2023-05-04,4.8,4.85,4.32,4.36,15929922,4.36
2023-05-05,4.43,4.48,4.31,4.42,8495088,4.42
2023-05-08,4.44,4.54,4.33,4.34,7518707,4.34
2023-05-09,4.32,4.32,4.13,4.21,10248555,4.21
2023-05-10,4.29,4.32,4.09,4.17,8247095,4.17
2023-05-11,4.12,4.2,4.1,4.12,5642508,4.12
2023-05-12,4.12,4.1399,4.02,4.05,5438861,4.05
2023-05-15,4.08,4.13,4.045,4.06,8586464,4.06
2023-05-16,4.02,4.06,3.85,3.87,7499455,3.87
2023-05-17,3.9,4.15,3.9,4.14,9409122,4.14
2023-05-18,4.14,4.24,4.1,4.23,7326895,4.23
2023-05-19,4.18,4.18,3.98,4.03,6592273,4.03
2023-05-22,4.03,4.2,4.02,4.18,6535403,4.18
2023-05-23,4.19,4.39,4.155,4.19,7861329,4.19
2023-05-24,4.21,4.255,4.01,4.09,5296461,4.09
2023-05-25,4.06,4.15,3.925,3.93,10015660,3.93
2023-05-26,3.94,4.11,3.94,4.09,7059009,4.09
2023-05-30,4.1,4.23,4.08,4.14,6651964,4.14
2023-05-31,4.11,4.15,4,4.11,9341450,4.11
2023-06-01,4.11,4.115,3.91,4.08,7313576,4.08
2023-06-02,4.17,4.43,4.1554,4.4,10750221,4.4
2023-06-05,4.37,4.41,4.295,4.34,8225211,4.34
2023-06-06,4.36,4.59,4.335,4.58,7614856,4.58
2023-06-07,4.66,4.75,4.57,4.63,7966670,4.63
2023-06-08,4.65,4.675,4.5114,4.63,5075370,4.63
2023-06-09,4.63,4.65,4.54,4.62,4326768,4.62
2023-06-12,4.63,4.74,4.515,4.69,5671896,4.69
2023-06-13,4.72,4.78,4.665,4.71,7142614,4.71
2023-06-14,4.73,4.79,4.55,4.67,8627784,4.67
2023-06-15,4.63,4.75,4.62,4.72,6678057,4.72
2023-06-16,4.72,4.78,4.6315,4.69,11752545,4.69
2023-06-20,4.65,4.73,4.615,4.72,5916294,4.72
2023-06-21,4.69,4.78,4.66,4.68,5695314,4.68
2023-06-22,4.65,4.66,4.42,4.47,7700889,4.47
2023-06-23,4.42,4.44,4.21,4.26,49804797,4.26
2023-06-26,4.25,4.385,4.25,4.31,6562491,4.31
2023-06-27,4.35,4.58,4.255,4.54,6505626,4.54
2023-06-28,4.49,4.495,4.315,4.33,11531846,4.33
2023-06-29,4.35,4.525,4.335,4.5,10113536,4.5
2023-06-30,4.54,4.58,4.42,4.54,4692553,4.54
2023-07-03,4.55,4.83,4.55,4.8,5027081,4.8
2023-07-05,4.75,4.75,4.575,4.6,6097448,4.6
2023-07-06,4.56,4.59,4.4,4.54,6952131,4.54
2023-07-07,4.47,4.52,4.28,4.28,10182403,4.28
2023-07-10,4.33,4.5778,4.3,4.53,8575314,4.53
2023-07-11,4.55,4.83,4.53,4.8,7298600,4.8
2023-07-12,4.89,4.9207,4.68,4.69,9123105,4.69
2023-07-13,4.69,4.775,4.64,4.71,3787611,4.71
2023-07-14,4.7,4.705,4.47,4.47,5871735,4.47
2023-07-17,4.44,4.66,4.415,4.65,5710038,4.65
2023-07-18,4.61,4.83,4.61,4.75,6166186,4.75
2023-07-19,4.75,4.9,4.6925,4.87,6755641,4.87
2023-07-20,4.87,4.87,4.65,4.72,6661790,4.72
2023-07-21,4.8,4.809,4.64,4.66,4916461,4.66
2023-07-24,4.66,4.86,4.66,4.83,6110724,4.83
2023-07-25,4.82,4.86,4.69,4.83,5917316,4.83
2023-07-26,4.86,5.5099,4.825,5.27,22691256,5.27
2023-07-27,5.27,5.38,5.09,5.1,9194107,5.1
2023-07-28,5.19,5.27,5.1107,5.18,5571584,5.18
2023-07-31,5.24,5.33,5.22,5.27,5523382,5.27
2023-08-01,5.2,5.35,5.18,5.33,5353447,5.33
2023-08-02,5.19,5.29,5.11,5.11,8759955,5.11
2023-08-03,5.12,5.24,5.06,5.21,7285920,5.21
2023-08-04,5.27,5.335,5.15,5.33,7212042,5.33
2023-08-07,5.36,5.36,5.1,5.21,7417982,5.21
2023-08-08,5.26,5.52,5.14,5.49,9922835,5.49
2023-08-09,5.47,5.6,5.28,5.33,9392594,5.33
2023-08-10,4.92,5.37,4.84,5.27,10381220,5.27
2023-08-11,5.19,5.595,5.19,5.56,9935015,5.56
2023-08-14,5.53,5.53,5.26,5.43,7334091,5.43
2023-08-15,5.37,5.54,5.3147,5.5,6883465,5.5
2023-08-16,5.48,5.58,5.37,5.39,4798476,5.39
2023-08-17,5.44,5.57,5.42,5.44,6423966,5.44
2023-08-18,5.39,5.54,5.35,5.45,5562324,5.45
2023-08-21,5.48,5.51,5.27,5.33,4978503,5.33
2023-08-22,5.28,5.3,5.04,5.15,6039640,5.15
2023-08-23,5.09,5.2,5,5.13,5682153,5.13
2023-08-24,5.11,5.21,5.04,5.06,5618804,5.06
2023-08-25,5.11,5.17,4.93,4.96,5536184,4.96
2023-08-28,4.97,5.1,4.97,5,6234371,5
2023-08-29,5.02,5.08,4.99,5.04,3652828,5.04
2023-08-30,5.02,5.08,4.995,5.04,4182148,5.04
2023-08-31,5.05,5.275,5.02,5.25,7773876,5.25
2023-09-01,5.32,5.37,5.12,5.25,5468677,5.25
2023-09-05,5.16,5.16,4.9,4.9,7397873,4.9
2023-09-06,4.86,4.92,4.8,4.89,5786602,4.89
2023-09-07,4.85,5.055,4.85,4.92,5400197,4.92
2023-09-08,4.92,4.925,4.74,4.75,4777953,4.75
2023-09-11,4.76,4.7953,4.55,4.61,5918079,4.61
2023-09-12,4.6,4.73,4.58,4.7,4645161,4.7
2023-09-13,4.68,4.688,4.5,4.55,6520484,4.55
2023-09-14,4.61,4.735,4.56,4.68,5054519,4.68
2023-09-15,4.65,4.68,4.58,4.63,9652345,4.63
2023-09-18,4.64,4.64,4.43,4.46,4700791,4.46
2023-09-19,4.54,4.74,4.48,4.5,8333404,4.5
2023-09-20,4.55,4.595,4.37,4.38,6381427,4.38
2023-09-21,4.32,4.41,4.29,4.3,4535190,4.3
2023-09-22,4.32,4.37,4.16,4.19,5292598,4.19
2023-09-25,4.1,4.15,3.91,3.92,8479255,3.92
2023-09-26,3.88,4,3.78,3.79,13065006,3.79
2023-09-27,3.82,3.865,3.54,3.57,24001102,3.57
2023-09-28,3.58,3.66,3.55,3.6,8777948,3.6
2023-09-29,3.68,3.99,3.67,3.96,20703920,3.96
2023-10-02,3.92,3.965,3.83,3.84,7798946,3.84
2023-10-03,3.81,3.845,3.72,3.76,6861598,3.76
2023-10-04,3.76,3.84,3.71,3.82,5458945,3.82
2023-10-05,3.82,3.88,3.71,3.77,7208898,3.77
2023-10-06,3.73,3.86,3.68,3.84,5603885,3.84
2023-10-09,3.81,3.875,3.75,3.79,4361195,3.79
2023-10-10,3.81,3.99,3.79,3.92,6662917,3.92
2023-10-11,3.94,3.99,3.91,3.98,4400173,3.98
2023-10-12,3.98,3.98,3.82,3.88,6472614,3.88
2023-10-13,3.89,3.995,3.86,3.96,4657186,3.96
2023-10-16,4.01,4.219,4,4.17,6402016,4.17
2023-10-17,4.16,4.465,4.15,4.45,6606583,4.45
2023-10-18,4.43,4.45,4.35,4.38,6487285,4.38
2023-10-19,4.35,4.555,4.325,4.44,6069925,4.44
2023-10-20,4.44,4.49,4.36,4.39,4257651,4.39
2023-10-23,4.35,4.42,4.22,4.33,4826093,4.33
2023-10-24,4.38,4.46,4.31,4.33,4061068,4.33
2023-10-25,4.27,4.3775,4.27,4.31,3395647,4.31
2023-10-26,4.33,4.44,4.23,4.32,5915578,4.32
2023-10-27,4.36,4.41,4.16,4.17,4871718,4.17
2023-10-30,4.21,4.31,4.16,4.18,5023269,4.18
2023-10-31,4.13,4.26,4.11,4.19,4684989,4.19
2023-11-01,4.19,4.24,4.045,4.11,5355470,4.11
2023-11-02,4.16,4.43,4.16,4.38,8053574,4.38
2023-11-03,4.46,4.6,4.46,4.48,5711699,4.48
2023-11-06,4.45,4.485,4.38,4.42,5900009,4.42
2023-11-07,4.39,4.47,4.37,4.41,6497450,4.41
2023-11-08,4.38,4.395,4.19,4.22,8676632,4.22
2023-11-09,4.26,4.56,3.915,4,14914971,4
2023-11-10,4,4.08,3.93,4.02,9226715,4.02
2023-11-13,3.93,3.98,3.73,3.76,9726982,3.76
2023-11-14,3.93,4.2,3.93,4.16,15130942,4.16
2023-11-15,4.16,4.44,4.145,4.37,11667633,4.37
2023-11-16,4.3,4.32,4.1,4.17,4852889,4.17
2023-11-17,4.25,4.27,4.09,4.1,6709209,4.1
2023-11-20,4.11,4.11,3.925,4,6635376,4
2023-11-21,3.92,3.95,3.87,3.91,8032377,3.91
2023-11-22,3.89,3.96,3.78,3.78,8318398,3.78
2023-11-24,3.8,3.84,3.71,3.77,3536202,3.77
2023-11-27,3.76,3.77,3.66,3.67,8234213,3.67
2023-11-28,3.67,3.9,3.63,3.86,11992642,3.86
2023-11-29,3.91,3.93,3.7,3.71,11466822,3.71
2023-11-30,3.72,3.76,3.58,3.64,9875964,3.64
2023-12-01,3.63,3.95,3.615,3.95,9467714,3.95
2023-12-04,3.93,3.98,3.87,3.91,7410005,3.91
2023-12-05,3.87,3.87,3.74,3.77,8261091,3.77
2023-12-06,3.78,3.855,3.7,3.72,6607208,3.72
2023-12-07,3.73,3.91,3.72,3.9,7315606,3.9
2023-12-08,3.88,3.92,3.79,3.86,5901552,3.86
2023-12-11,3.88,3.94,3.83,3.87,7884553,3.87
2023-12-12,3.84,3.85,3.75,3.79,4917847,3.79
2023-12-13,3.75,4.04,3.71,4.01,8534724,4.01
2023-12-14,4.06,4.31,4.06,4.21,12920008,4.21
2023-12-15,4.16,4.18,3.985,4.09,13516452,4.09
2023-12-18,4.01,4.11,3.975,4,6090630,4
2023-12-19,4.04,4.16,4.005,4.13,8269515,4.13
2023-12-20,4.08,4.11,3.93,3.94,8461769,3.94
2023-12-21,4.01,4.17,3.955,4.17,6993374,4.17
2023-12-22,4.03,4.28,3.995,4.23,6989160,4.23
2023-12-26,4.23,4.465,4.22,4.45,8621494,4.45
2023-12-27,4.48,4.48,4.36,4.44,6790711,4.44
2023-12-28,4.4,4.445,4.36,4.44,5390195,4.44
2023-12-29,4.42,4.4975,4.36,4.46,7617612,4.46
2024-01-02,4.41,4.56,4.34,4.47,5969185,4.47
2024-01-03,4.38,4.4,4.18,4.2,7179159,4.2
2024-01-04,4.19,4.27,4.13,4.24,3802906,4.24
2024-01-05,4.2,4.25,4.03,4.04,8043546,4.04
2024-01-08,4,4.31,4,4.24,5889389,4.24
2024-01-09,4.18,4.28,4.145,4.26,6023571,4.26
2024-01-10,4.23,4.24,4.12,4.23,4690812,4.23
2024-01-11,4.19,4.23,4.1,4.19,4841699,4.19
2024-01-12,4.24,4.34,4.11,4.12,6519324,4.12
2024-01-16,4.1,4.1,3.97,4.04,5327502,4.04
2024-01-17,3.97,4.01,3.9,3.96,5681908,3.96
2024-01-18,3.97,4,3.88,3.96,5869249,3.96
2024-01-19,4.01,4.04,3.88,4.04,4589849,4.04
2024-01-22,4.03,4.16,4.005,4.13,7127975,4.13
2024-01-23,4.23,4.29,4.13,4.29,5238015,4.29
2024-01-24,4.35,4.4,4.27,4.29,5857827,4.29
2024-01-25,4.34,4.47,4.33,4.44,8082705,4.44
2024-01-26,4.48,4.61,4.475,4.58,5730391,4.58
2024-01-29,4.55,4.66,4.5,4.63,6365684,4.63
2024-01-30,4.6,4.68,4.54,4.62,6292879,4.62
2024-01-31,4.59,4.7,4.495,4.5,8551146,4.5
2024-02-01,4.52,4.75,4.43,4.74,6521994,4.74
2024-02-02,4.67,4.82,4.59,4.76,9323764,4.76
2024-02-05,4.68,4.68,4.42,4.43,7696711,4.43
2024-02-06,4.38,4.5354,4.31,4.5,9091667,4.5
2024-02-07,4.46,4.465,4.26,4.4,8532996,4.4
2024-02-08,4.42,4.65,4.41,4.56,7356340,4.56
2024-02-09,4.62,4.67,4.51,4.6,7247617,4.6
2024-02-12,4.66,4.9,4.65,4.86,9014185,4.86
2024-02-13,4.61,4.68,4.43,4.52,9467879,4.52
2024-02-14,4.61,4.77,4.545,4.72,9244265,4.72
2024-02-15,4.64,4.92,4.0645,4.34,18207691,4.34
2024-02-16,4.26,4.3875,4.185,4.28,10101290,4.28
2024-02-20,4.2,4.55,4.16,4.54,13410038,4.54
2024-02-21,4.56,4.61,4.455,4.58,8151508,4.58
2024-02-22,4.58,4.78,4.54,4.64,10971349,4.64
2024-02-23,4.85,4.88,4.64,4.81,12348817,4.81
2024-02-26,4.81,4.9175,4.71,4.86,10392547,4.86
2024-02-27,4.94,5.16,4.92,5.14,8737477,5.14
2024-02-28,5.04,5.28,4.99,5.23,6344857,5.23
2024-02-29,5.3,5.43,5.2325,5.4,10907203,5.4
2024-03-01,5.43,5.52,5.33,5.45,12724359,5.45
2024-03-04,5.43,5.51,5.325,5.41,8113285,5.41
2024-03-05,5.35,5.6,5.3,5.48,9589176,5.48
2024-03-06,5.48,5.5385,5.38,5.47,9261186,5.47
2024-03-07,5.48,5.67,5.47,5.57,10731551,5.57
2024-03-08,5.66,5.71,5.51,5.59,7338331,5.59
2024-03-11,5.56,5.58,5.35,5.36,5906640,5.36
2024-03-12,5.29,5.3,5.16,5.27,8167292,5.27
2024-03-13,5.26,5.36,5.205,5.34,6571363,5.34
2024-03-14,5.3,5.33,5.13,5.32,8394920,5.32
2024-03-15,5.27,5.79,5.265,5.68,78773783,5.68
2024-03-18,5.61,5.705,5.47,5.63,8659306,5.63
2024-03-19,5.57,5.66,5.35,5.38,10495117,5.38
2024-03-20,5.35,5.48,5.29,5.44,8601268,5.44
2024-03-21,5.47,5.475,5.26,5.28,8468490,5.28
2024-03-22,5.23,5.27,5.09,5.12,6719174,5.12
2024-03-25,5.19,5.39,5.1801,5.36,4873261,5.36
2024-03-26,5.42,5.46,5.32,5.36,5489691,5.36
2024-03-27,5.44,5.6,5.4075,5.6,5574454,5.6
2024-03-28,5.65,5.86,5.65,5.8,5944630,5.8
2024-04-01,5.81,5.86,5.71,5.74,6499744,5.74
2024-04-02,5.56,5.65,5.015,5.12,17664527,5.12
2024-04-03,5.09,5.17,5.02,5.17,6055329,5.17
2024-04-04,5.26,5.35,4.96,4.97,14545336,4.97
2024-04-05,4.93,5.16,4.925,5.13,6234398,5.13
2024-04-08,5.17,5.39,5.12,5.12,8540486,5.12
2024-04-09,5.14,5.25,5.1,5.16,5948458,5.16
2024-04-10,4.95,5.14,4.905,5.02,5581580,5.02
2024-04-11,5.05,5.12,4.96,5.06,5171736,5.06
2024-04-12,4.99,5.03,4.8,4.85,5752958,4.85
2024-04-15,4.9,4.97,4.64,4.69,8150861,4.69
2024-04-16,4.64,4.8,4.59,4.68,12528846,4.68
2024-04-17,4.75,4.75,4.61,4.71,7730284,4.71
2024-04-18,4.76,4.81,4.665,4.73,6660493,4.73
2024-04-19,4.67,4.75,4.6,4.65,7020756,4.65
2024-04-22,4.65,4.69,4.48,4.55,9744538,4.55
2024-04-23,4.53,4.91,4.53,4.9,9933712,4.9
2024-04-24,4.83,4.91,4.775,4.86,5903476,4.86
2024-04-25,4.78,4.815,4.45,4.47,6551248,4.47
2024-04-26,4.46,4.6,4.46,4.48,5243445,4.48
2024-04-29,4.53,4.55,4.4,4.52,6337541,4.52
2024-04-30,4.47,4.635,4.46,4.56,6110424,4.56
2024-05-01,4.57,4.69,4.49,4.55,6055061,4.55
2024-05-02,4.64,4.72,4.54,4.67,5072350,4.67
2024-05-03,4.76,4.82,4.43,4.44,5718337,4.44
2024-05-06,4.49,4.55,4.43,4.48,4445106,4.48
2024-05-07,4.51,4.6,4.49,4.49,4914158,4.49
2024-05-08,4.46,4.51,4.421,4.46,5831886,4.46
2024-05-09,4.65,4.77,4.42,4.68,7888764,4.68
2024-05-10,4.76,5.01,4.75,4.96,9087881,4.96
2024-05-13,5.04,5.06,4.89,4.94,4400655,4.94
2024-05-14,5.06,5.14,4.93,4.95,5192696,4.95
2024-05-15,4.99,5.01,4.89,4.95,4725258,4.95
2024-05-16,4.95,5.12,4.935,5.12,3871481,5.12
2024-05-17,5.09,5.11,5.01,5.03,4382549,5.03
2024-05-20,5.05,5.09,4.83,4.84,5134329,4.84
2024-05-21,4.84,5,4.83,4.99,5015545,4.99
2024-05-22,4.95,5.06,4.88,4.94,4364531,4.94
2024-05-23,4.91,4.99,4.85,4.94,5034848,4.94
2024-05-24,5,5.18,4.985,5.12,4017904,5.12
2024-05-28,5.15,5.225,4.74,4.78,6270965,4.78
2024-05-29,4.7,4.85,4.68,4.81,4418878,4.81
2024-05-30,4.89,4.95,4.84,4.88,3704515,4.88
2024-05-31,4.94,5.14,4.87,5.12,5817551,5.12
2024-06-03,5.17,5.2296,5.09,5.16,4934154,5.16
2024-06-04,5.11,5.18,5.0325,5.05,3589258,5.05
2024-06-05,5.58,5.58,5.09,5.3,10431757,5.3
2024-06-06,5.23,5.33,5.09,5.25,9849255,5.25
2024-06-07,5.16,5.27,5.15,5.18,5256769,5.18
2024-06-10,5.11,5.17,5.06,5.12,5224284,5.12
2024-06-11,5.1,5.19,5.035,5.15,5078156,5.15
2024-06-12,5.33,5.41,5.02,5.06,8327154,5.06
2024-06-13,5.07,5.07,4.87,4.94,6871990,4.94
2024-06-14,4.86,5.02,4.85,4.99,5305318,4.99
2024-06-17,5,5.05,4.87,5.03,5204196,5.03
2024-06-18,5.03,5.06,4.95,4.98,4586129,4.98
2024-06-20,4.92,5.01,4.61,4.66,9625368,4.66
2024-06-21,4.67,4.98,4.66,4.96,11363190,4.96
2024-06-24,4.98,5.19,4.94,5.17,8627880,5.17
2024-06-25,5.12,5.15,4.95,4.95,4298852,4.95
2024-06-26,4.9,5,4.82,4.82,4228085,4.82
2024-06-27,4.77,4.89,4.72,4.84,4507072,4.84
2024-06-28,4.83,4.95,4.75,4.93,14150854,4.93
2024-07-01,4.98,5.005,4.75,4.85,5420709,4.85
2024-07-02,4.86,4.88,4.73,4.8,3846635,4.8
2024-07-03,4.79,4.82,4.74,4.78,3177614,4.78
2024-07-05,4.76,4.83,4.705,4.76,5968971,4.76
2024-07-08,4.81,4.935,4.745,4.84,4935943,4.84
2024-07-09,4.82,4.85,4.65,4.66,6509827,4.66
2024-07-10,4.66,4.9,4.6216,4.74,13120546,4.74
2024-07-11,4.86,5.15,4.7959,5.13,8824358,5.13
2024-07-12,5.21,5.255,5.11,5.16,6760300,5.16
2024-07-15,5.2,5.2099,5.04,5.04,10000134,5.04
2024-07-16,5.07,5.36,5.035,5.28,11740184,5.28
2024-07-17,5.23,5.57,5.23,5.49,11886509,5.49
2024-07-18,5.46,5.695,5.36,5.42,15391838,5.42
2024-07-19,5.4,5.5,5.3,5.4,9838911,5.4
2024-07-22,5.41,5.435,5.09,5.27,21886163,5.27
2024-07-23,5.26,5.41,5.17,5.36,12592374,5.36
2024-07-24,5.38,5.54,5.33,5.36,12955719,5.36
2024-07-25,5.38,5.77,5.335,5.67,13915370,5.67
2024-07-26,5.79,6.15,5.75,6.14,21757142,6.14
2024-07-29,6.13,6.14,5.965,6.02,12894148,6.02
2024-07-30,6.03,6.18,5.98,6.09,12464724,6.09
2024-07-31,6.08,6.145,5.935,5.94,12357850,5.94
2024-08-01,5.94,5.94,5.64,5.74,16029358,5.74
2024-08-02,5.6,5.7095,5.38,5.39,11427420,5.39
2024-08-05,4.88,5.415,4.88,5.3,14648972,5.3
2024-08-06,5.26,5.505,5.23,5.36,8637123,5.36
2024-08-07,5.46,5.54,5.19,5.2,11243907,5.2
2024-08-08,5.61,6.155,5.53,6.14,16847384,6.14
2024-08-09,6.15,6.185,5.865,6.09,11081915,6.09
2024-08-12,6.1,6.13,5.76,5.77,8064326,5.77
2024-08-13,5.8,6.06,5.73,6.05,7591966,6.05
2024-08-14,6.06,6.126,5.925,6,6746323,6
2024-08-15,6.16,6.47,6.16,6.38,9059113,6.38
2024-08-16,6.38,6.63,6.32,6.37,7271038,6.37
2024-08-19,6.35,6.48,6.3,6.36,5441643,6.36
2024-08-20,6.32,6.4,6.295,6.31,3604343,6.31
2024-08-21,6.4,6.41,6.25,6.26,4062553,6.26
2024-08-22,6.25,6.29,6.09,6.09,3539087,6.09
2024-08-23,6.14,6.455,6.14,6.31,4102318,6.31
2024-08-26,6.36,6.36,6.23,6.29,4918068,6.29
2024-08-27,6.39,6.77,6.355,6.65,6915363,6.65
2024-08-28,6.51,6.55,6.165,6.29,6545132,6.29
2024-08-29,6.31,6.495,6.255,6.38,4185667,6.38
2024-08-30,6.39,6.39,6.24,6.35,4890825,6.35
2024-09-03,6.26,6.51,6.25,6.34,5291247,6.34
2024-09-04,6.24,6.48,6.22,6.45,5576161,6.45
2024-09-05,6.47,6.515,6.315,6.38,4055714,6.38
2024-09-06,6.3,6.47,6.28,6.32,6283936,6.32
2024-09-09,6.3,6.38,6.16,6.17,5711597,6.17
2024-09-10,6.23,6.26,5.94,6.1,7021112,6.1
2024-09-11,6.04,6.265,6.0328,6.19,6122162,6.19
2024-09-12,6.19,6.49,6.185,6.4,6831786,6.4
2024-09-13,6.48,6.89,6.48,6.76,7386997,6.76
2024-09-16,6.75,6.93,6.72,6.79,8958573,6.79
2024-09-17,6.86,6.875,6.72,6.8,7068151,6.8
2024-09-18,6.83,7.03,6.76,6.85,9171686,6.85
2024-09-19,7,7.06,6.85,6.95,7381592,6.95
2024-09-20,6.97,7.03,6.814,6.98,22092921,6.98
2024-09-23,6.96,6.99,6.605,6.7,7757062,6.7
2024-09-24,6.77,6.9199,6.7,6.87,6719995,6.87
2024-09-25,6.87,6.98,6.705,6.9,9481074,6.9
2024-09-26,7,7.205,6.98,7.15,6950303,7.15
2024-09-27,7.21,7.31,7.14,7.28,6230622,7.28
2024-09-30,7.28,7.4,7.24,7.35,5146665,7.35
2024-10-01,7.29,7.405,7.19,7.23,4983739,7.23
2024-10-02,7.16,7.27,7.09,7.13,3126981,7.13
2024-10-03,7.04,7.09,6.84,6.91,4334139,6.91
2024-10-04,7.04,7.19,7,7.09,4418689,7.09
2024-10-07,7.06,7.21,7.03,7.19,7015800,7.19
2024-10-08,7.21,7.44,7.208,7.39,4934484,7.39
2024-10-09,7.4,7.41,7.27,7.34,4034355,7.34
2024-10-10,7.27,7.38,7.14,7.33,5235466,7.33
2024-10-11,7.28,7.365,7.205,7.24,3699955,7.24
2024-10-14,7.21,7.345,7.12,7.28,4414962,7.28
2024-10-15,7.27,7.5,7.24,7.37,3260467,7.37
2024-10-16,7.41,7.42,7.27,7.36,3526620,7.36
2024-10-17,7.33,7.52,7.26,7.47,4385493,7.47
2024-10-18,7.49,7.57,7.43,7.49,4881180,7.49
2024-10-21,7.43,7.47,7.12,7.18,5643410,7.18
2024-10-22,7.14,7.245,7.07,7.08,3338691,7.08
2024-10-23,7.02,7.07,6.83,6.84,5694570,6.84
2024-10-24,6.88,6.986,6.8101,6.94,5287160,6.94
2024-10-25,7.1,7.13,6.9,6.95,4758173,6.95
2024-10-28,7.02,7.37,7.01,7.27,5458190,7.27
2024-10-29,7.08,7.3706,7.08,7.26,3904386,7.26
2024-10-30,7.25,7.4,7.15,7.16,3570312,7.16
2024-10-31,7.23,7.3,6.93,6.95,5680236,6.95
2024-11-01,7.02,7.28,7.015,7.09,5891828,7.09
2024-11-04,7.03,7.265,7.03,7.12,4940868,7.12
2024-11-05,7.06,7.27,7.05,7.21,6064989,7.21
2024-11-06,7.51,7.58,6.98,7.1,7740287,7.1
2024-11-07,7.6,8.7,7.58,8.38,20573739,8.38
2024-11-08,8.4,8.455,7.85,8,9634759,8
2024-11-11,8.26,8.28,7.822,7.9,6465921,7.9
2024-11-12,7.85,8.03,7.8231,7.98,6623790,7.98
2024-11-13,8.05,8.18,7.855,7.9,5410034,7.9
2024-11-14,7.97,8.13,7.87,7.89,5694380,7.89
2024-11-15,7.97,8.24,7.89,8.22,8155378,8.22
2024-11-18,8.22,8.33,8.01,8.26,4989468,8.26
2024-11-19,8.16,8.355,8.07,8.27,4709528,8.27
2024-11-20,8.27,8.6,8.22,8.46,5817115,8.46
2024-11-21,8.4,8.475,8.12,8.19,6341768,8.19
2024-11-22,8.26,8.685,8.26,8.54,5227073,8.54
2024-11-25,8.66,8.895,8.45,8.45,11200841,8.45
2024-11-26,8.93,9.0999,8.64,8.84,8765492,8.84
2024-11-27,8.87,8.97,8.68,8.74,3554350,8.74
2024-11-29,8.77,8.85,8.66,8.7,3040889,8.7
2024-12-02,8.77,8.98,8.7,8.91,4865615,8.91
2024-12-03,8.85,8.98,8.64,8.67,7234005,8.67
2024-12-04,8.54,8.68,8.51,8.58,4750110,8.58
2024-12-05,8.51,8.69,8.48,8.61,4684859,8.61
2024-12-06,8.75,8.79,8.35,8.45,5535907,8.45
2024-12-09,8.59,8.67,8.345,8.37,5114042,8.37
2024-12-10,8.35,8.525,8.2,8.41,5012505,8.41
2024-12-11,8.53,8.75,8.38,8.66,6156775,8.66
2024-12-12,8.62,8.805,8.54,8.73,5675053,8.73
2024-12-13,8.72,8.79,8.58,8.71,3143253,8.71
2024-12-16,8.66,8.71,8.26,8.54,7170970,8.54
2024-12-17,8.48,8.57,8.355,8.5,4703320,8.5
2024-12-18,8.52,8.68,8.105,8.2,6270425,8.2
2024-12-19,8.4,8.44,8.045,8.1,5270113,8.1
2024-12-20,7.97,8.36,7.8851,8.23,21476579,8.23
2024-12-23,8.13,8.38,8.12,8.22,4205090,8.22
2024-12-24,8.2,8.41,8.175,8.35,1953079,8.35
2024-12-26,8.28,8.41,8.22,8.39,3475697,8.39
2024-12-27,8.31,8.35,8.17,8.23,2694747,8.23
2024-12-30,8.14,8.18,7.86,8.12,4833418,8.12
2024-12-31,8.15,8.33,8.115,8.14,3592844,8.14
2025-01-02,8.19,8.28,8.03,8.03,3495501,8.03
2025-01-03,8.09,8.25,8.005,8.24,4946164,8.24
2025-01-06,8.27,8.39,8.22,8.29,4082409,8.29
2025-01-07,8.35,8.43,8.11,8.35,6340796,8.35
2025-01-08,8.26,8.33,7.944,8.31,4088934,8.31
2025-01-10,8.16,8.42,8.125,8.29,4446562,8.29
2025-01-13,8.13,8.22,7.97,8.2,4902300,8.2
2025-01-14,8.3,8.585,8.245,8.49,4648477,8.49
2025-01-15,8.75,8.84,8.495,8.54,3014167,8.54
2025-01-16,8.51,8.525,8.235,8.31,5232300,8.31
2025-01-17,8.41,8.48,8.28,8.29,4433618,8.29
2025-01-21,8.35,8.54,8.29,8.33,5475817,8.33
2025-01-22,8.3,8.47,8.295,8.41,3574501,8.41
2025-01-23,8.35,8.66,8.27,8.6,5819667,8.6
2025-01-24,8.55,8.59,8.28,8.35,3163673,8.35
2025-01-27,8.31,8.43,8.27,8.38,3089286,8.38
2025-01-28,8.32,8.44,8.28,8.32,3474379,8.32
2025-01-29,8.34,8.43,8.045,8.07,5061911,8.07
2025-01-30,8.17,8.55,8.135,8.48,5565552,8.48
2025-01-31,8.42,8.45,8.11,8.12,4879197,8.12
2025-02-03,7.8,8.03,7.62,7.9,4642609,7.9
2025-02-04,7.95,8.11,7.95,8.01,4881164,8.01
2025-02-05,8.02,8.15,7.96,8.04,3092452,8.04
2025-02-06,8.45,8.49,7.95,7.98,6500265,7.98
2025-02-07,7.88,7.925,7.52,7.54,4590488,7.54
2025-02-10,7.55,7.62,7.38,7.52,7921807,7.52
2025-02-11,7.43,7.58,7.372,7.53,4847372,7.53
2025-02-12,7.35,7.7,7.35,7.67,10192848,7.67
2025-02-13,6.1,6.4886,5.705,6.25,38909690,6.25
2025-02-14,6.25,6.2599,5.8607,5.88,12690506,5.88
2025-02-18,5.78,6.15,5.76,6.11,12258017,6.11
2025-02-19,6.28,6.37,6.15,6.2,8347070,6.2
2025-02-20,6.16,6.32,6.12,6.16,8169641,6.16
2025-02-21,6.22,6.33,6.14,6.14,6819855,6.14
2025-02-24,6.13,6.2899,6.09,6.11,7330129,6.11
2025-02-25,6.06,6.49,6.06,6.44,9001001,6.44
2025-02-26,6.48,6.7,6.42,6.44,7888116,6.44
2025-02-27,6.39,6.47,6.12,6.17,6952056,6.17
2025-02-28,6.15,6.27,5.975,6.03,7584676,6.03
2025-03-03,6.08,6.155,5.915,5.97,7393829,5.97
2025-03-04,5.87,6,5.755,5.87,7915782,5.87
2025-03-05,5.93,6.04,5.825,5.98,7599103,5.98
2025-03-06,5.9,6,5.75,5.84,7197269,5.84
2025-03-07,5.78,5.94,5.69,5.93,7259528,5.93
2025-03-10,5.8,5.96,5.8,5.85,5462286,5.85
2025-03-11,5.85,5.98,5.76,5.77,7152034,5.77
2025-03-12,5.81,5.86,5.7,5.79,7705110,5.79
2025-03-13,5.78,5.86,5.7,5.76,6784882,5.76
2025-03-14,5.82,5.98,5.74,5.87,6683968,5.87
2025-03-17,5.86,5.97,5.86,5.93,5193055,5.93
2025-03-18,5.88,5.94,5.8,5.91,4894919,5.91
2025-03-19,5.9,6.145,5.89,6.06,4172692,6.06
2025-03-20,5.98,6.19,5.98,6.01,4255491,6.01
2025-03-21,5.9,6.15,5.9,6.04,38116724,6.04
2025-03-24,6.06,6.14,5.99,6.04,6191533,6.04
2025-03-25,6.04,6.0899,5.91,5.91,4720267,5.91
2025-03-26,5.91,5.93,5.78,5.9,6956709,5.9
2025-03-27,5.87,5.97,5.83,5.87,3498343,5.87
2025-03-28,5.83,5.84,5.69,5.77,4525902,5.77
2025-03-31,5.68,5.82,5.645,5.77,5016296,5.77
2025-04-01,5.81,5.84,5.67,5.73,6270691,5.73
2025-04-02,5.67,6.065,5.66,5.95,7088500,5.95
2025-04-03,5.32,5.7,4.8501,4.92,10639394,4.92
2025-04-04,4.7,4.82,4.4,4.68,15263932,4.68
2025-04-07,4.51,4.93,4.38,4.51,13380858,4.51
2025-04-08,4.74,4.74,4.045,4.35,16033992,4.35
2025-04-09,4.25,4.97,4.0201,4.86,18784213,4.86
2025-04-10,4.58,4.675,4.2107,4.46,10067306,4.46
2025-04-11,4.44,4.48,4.275,4.4,5247387,4.4
2025-04-14,4.475,4.59,4.38,4.42,7245314,4.42
2025-04-15,4.41,4.53,4.41,4.44,6361040,4.44
2025-04-16,4.42,4.49,4.27,4.32,5492316,4.32
2025-04-17,4.32,4.44,4.3,4.4,4341564,4.4
2025-04-21,4.31,4.4,4.285,4.34,5228735,4.34
2025-04-22,4.39,4.54,4.34,4.48,6003145,4.48
2025-04-23,4.78,4.88,4.61,4.68,7178206,4.68
2025-04-24,4.73,4.85,4.695,4.82,4575163,4.82
2025-04-25,4.79,4.84,4.77,4.83,3126995,4.83
2025-04-28,4.74,4.89,4.74,4.85,3868125,4.85
2025-04-29,4.77,4.89,4.77,4.79,3783294,4.79
2025-04-30,4.68,4.69,4.57,4.59,9273794,4.59
2025-05-01,4.57,4.68,4.525,4.59,8620083,4.59
2025-05-02,4.66,4.81,4.595,4.76,7358101,4.76
2025-05-05,4.67,4.91,4.67,4.8,4898977,4.8
2025-05-06,4.69,4.77,4.65,4.77,5812652,4.77
2025-05-07,4.8,4.93,4.8,4.89,6821803,4.89
2025-05-08,5.05,5.25,4.94,5.09,14938185,5.09
2025-05-09,5.11,5.16,4.97,5.08,7282861,5.08
2025-05-12,5.38,5.61,5.21,5.32,6781662,5.32
2025-05-13,5.44,5.44,5.33,5.38,5391422,5.38
2025-05-14,5.33,5.36,5.2,5.21,7485416,5.21
2025-05-15,5.17,5.27,5.16,5.24,5770362,5.24
2025-05-16,5.25,5.36,5.2,5.34,6123692,5.34
2025-05-19,5.23,5.35,5.19,5.34,4128567,5.34
2025-05-20,5.35,5.4,5.29,5.35,4382923,5.35
2025-05-21,5.25,5.262,5.04,5.06,5029303,5.06
2025-05-22,4.98,5.06,4.97,5.04,5185239,5.04
2025-05-23,4.87,4.95,4.87,4.89,4487593,4.89
2025-05-27,4.97,5.15,4.95,5.13,5982086,5.13
2025-05-28,5.13,5.16,5,5.02,4659403,5.02
2025-05-29,5.06,5.06,4.84,4.99,5359736,4.99
2025-05-30,4.93,5,4.89,4.95,5218742,4.95
2025-06-02,4.95,4.95,4.795,4.82,4189032,4.82
2025-06-03,4.82,4.94,4.775,4.91,3174663,4.91
2025-06-04,4.92,4.9399,4.84,4.91,3433416,4.91
2025-06-05,4.88,4.96,4.82,4.85,4555872,4.85
2025-06-06,4.92,5,4.87,5,4455229,5
2025-06-09,5.05,5.09,4.96,4.97,2409099,4.97
2025-06-10,5.05,5.0954,4.97,4.98,3394124,4.98
2025-06-11,5.02,5.04,4.85,4.87,3502282,4.87
2025-06-12,4.83,4.84,4.75,4.78,2648275,4.78
2025-06-13,4.66,4.7,4.54,4.57,3586303,4.57
2025-06-16,4.63,4.7088,4.61,4.69,3792024,4.69
2025-06-17,4.62,4.69,4.58,4.59,4221046,4.59
2025-06-18,4.55,4.59,4.41,4.43,5874863,4.43
2025-06-20,4.46,4.49,4.385,4.43,7021614,4.43
2025-06-23,4.39,4.48,4.26,4.47,5184117,4.47
2025-06-24,4.48,4.56,4.43,4.53,4432206,4.53
2025-06-25,4.56,4.62,4.49,4.5,3286093,4.5
2025-06-26,4.52,4.62,4.49,4.6,3803384,4.6
2025-06-27,4.63,4.72,4.53,4.61,5735331,4.61
2025-06-30,4.63,4.63,4.5,4.58,4406395,4.58
2025-07-01,4.58,4.86,4.54,4.66,5546554,4.66
2025-07-02,4.7,4.89,4.635,4.74,6247178,4.74
2025-07-03,4.74,4.82,4.685,4.74,2600081,4.74
2025-07-07,4.7,4.74,4.61,4.61,6492770,4.61
2025-07-08,4.62,4.75,4.58,4.66,4497801,4.66
2025-07-09,4.69,4.7379,4.57,4.64,3683080,4.64
2025-07-10,4.6,4.8,4.6,4.73,4079531,4.73
2025-07-11,4.7,4.71,4.59,4.62,3204404,4.62
2025-07-14,4.59,4.63,4.51,4.53,4430756,4.53
2025-07-15,4.51,4.585,4.375,4.39,4041094,4.39
2025-07-16,4.41,4.45,4.3,4.42,4615362,4.42
2025-07-17,4.4,4.57,4.4,4.56,4561665,4.56
2025-07-18,4.58,4.615,4.51,4.51,4168832,4.51
2025-07-21,4.56,4.63,4.45,4.47,3756069,4.47
2025-07-22,4.49,4.665,4.49,4.65,3999296,4.65
2025-07-23,4.7,4.76,4.675,4.73,4696212,4.73
2025-07-24,4.68,4.82,4.555,4.58,4406208,4.58
2025-07-25,4.6,4.61,4.5,4.58,3379964,4.58
2025-07-28,4.59,4.61,4.48,4.5,3920864,4.5
2025-07-29,4.54,4.545,4.3,4.33,4070053,4.33
2025-07-30,4.34,4.34,4.08,4.11,7007789,4.11
2025-07-31,4.07,4.12,4.0208,4.09,6248916,4.09
2025-08-01,4.05,4.08,3.96,4.07,8352766,4.07
2025-08-04,4.07,4.2,4.065,4.18,7400581,4.18
2025-08-05,4.21,4.22,4.15,4.21,4212376,4.21
2025-08-06,4.22,4.25,4.16,4.17,6472673,4.17
2025-08-07,5.05,5.54,4.6,4.65,11439070,4.65
2025-08-08,4.62,4.89,4.5948,4.84,8261443,4.84
2025-08-11,4.88,4.91,4.7609,4.83,5670595,4.83
2025-08-12,6.7,6.75,5.81,6.18,69423863,6.18
2025-08-13,6.25,6.6475,6.23,6.41,54375386,6.41
2025-08-14,6.35,6.65,6.32,6.45,34961616,6.45
2025-08-15,6.42,6.5081,6.375,6.43,16905740,6.43
2025-08-18,6.42,6.53,6.41,6.45,12817464,6.45
2025-08-19,6.48,6.51,6.43,6.47,10314241,6.47
2025-08-20,6.41,6.45,6.23,6.24,19759969,6.24
2025-08-21,6.15,6.25,6.15,6.19,9787484,6.19
2025-08-22,6.22,6.4153,6.22,6.36,4790092,6.36
2025-08-25,6.31,6.375,6.24,6.24,4146355,6.24
2025-08-26,6.22,6.33,6.21,6.27,4598790,6.27
2025-08-27,6.25,6.37,6.245,6.36,5989379,6.36
2025-08-28,6.43,6.44,6.28,6.33,3791075,6.33
2025-08-29,6.31,6.341,6.28,6.31,4226274,6.31
2025-09-02,6.23,6.27,6.09,6.1,3700004,6.1
2025-09-03,6.06,6.18,6.06,6.14,4457763,6.14
2025-09-04,6.14,6.36,6.115,6.36,4060734,6.36
2025-09-05,6.36,6.42,6.295,6.41,9639207,6.41
2025-09-08,6.43,6.45,6.27,6.44,6160043,6.44
2025-09-09,6.42,6.42,6.28,6.37,4966730,6.37
2025-09-10,6.32,6.37,6.22,6.26,7077023,6.26
2025-09-11,6.3,6.37,6.26,6.37,5062166,6.37
2025-09-12,6.29,6.3365,6.22,6.22,3570764,6.22
2025-09-15,6.23,6.33,6.2,6.31,8990502,6.31
2025-09-16,6.3,6.3461,6.24,6.32,3660806,6.32
2025-09-17,6.34,6.4,6.23,6.27,4507117,6.27
2025-09-18,6.32,6.3816,6.24,6.29,4699189,6.29
2025-09-19,6.3,6.44,6.265,6.44,14089307,6.44
2025-09-22,6.41,6.51,6.37,6.45,5903291,6.45
2025-09-23,6.45,6.5999,6.45,6.55,7642773,6.55
2025-09-24,6.55,6.575,6.48,6.52,6705124,6.52
2025-09-25,6.49,6.51,6.425,6.5,4849784,6.5
2025-09-26,6.5,6.6,6.46,6.59,3672406,6.59
2025-09-29,6.61,6.618,6.45,6.55,6258409,6.55
2025-09-30,6.54,6.62,6.44,6.59,6133196,6.59
2025-10-01,6.6,6.78,6.57,6.77,4572052,6.77
2025-10-02,6.78,6.84,6.67,6.83,6099528,6.83
2025-10-03,6.82,6.94,6.78,6.9,11571893,6.9
2025-10-06,6.94,7.05,6.88,6.93,13135954,6.93
2025-10-07,6.92,7,6.84,6.93,5920478,6.93
2025-10-08,6.99,7,6.89,6.97,9628490,6.97
2025-10-09,6.99,6.99,6.82,6.87,6346112,6.87
2025-10-10,6.84,6.93,6.74,6.74,8320078,6.74
2025-10-13,6.8,6.875,6.78,6.84,5491827,6.84
2025-10-14,6.73,6.95,6.7,6.93,4796340,6.93
2025-10-15,6.96,6.99,6.8,6.83,3907266,6.83
2025-10-16,6.85,6.9182,6.83,6.87,6160066,6.87
2025-10-17,6.86,6.92,6.83,6.89,4260958,6.89
2025-10-20,6.89,6.955,6.77,6.79,4459708,6.79
2025-10-21,6.77,6.85,6.745,6.77,4392833,6.77
2025-10-22,6.73,6.815,6.71,6.76,4894143,6.76
2025-10-23,6.78,6.95,6.74,6.89,5434831,6.89
2025-10-24,6.92,6.925,6.86,6.86,3198968,6.86
2025-10-27,6.9,6.97,6.88,6.92,3032700,6.92
2025-10-28,6.91,6.95,6.855,6.93,4831628,6.93
2025-10-29,6.92,7.03,6.775,6.79,19563418,6.79
2025-10-30,6.75,6.78,6.55,6.64,14939045,6.64
2025-10-31,6.57,6.66,6.55,6.61,5729776,6.61
2025-11-03,6.6,6.61,6.4029,6.56,6056822,6.56
2025-11-04,6.47,6.56,6.46,6.47,3783574,6.47
2025-11-05,6.45,6.65,6.41,6.59,5821036,6.59
2025-11-06,6.41,6.58,6.34,6.35,6178789,6.35
2025-11-07,6.35,6.41,6.305,6.39,3900555,6.39
2025-11-10,6.45,6.48,6.37,6.4,3448689,6.4
2025-11-11,6.43,6.5,6.394,6.42,4827066,6.42
2025-11-12,6.42,6.68,6.4,6.66,4993130,6.66
2025-11-13,6.67,6.71,6.54,6.59,3977567,6.59
2025-11-14,6.5,6.7,6.46,6.65,5909053,6.65
2025-11-17,6.65,6.65,6.445,6.48,5421888,6.48
2025-11-18,6.43,6.59,6.43,6.51,4728986,6.51
2025-11-19,6.55,6.6,6.43,6.48,7688328,6.48
2025-11-20,6.52,6.59,6.48,6.5,15304390,6.5
2025-11-21,6.57,6.5999,6.44,6.56,6466367,6.56
2025-11-24,6.49,6.6,6.415,6.56,8250909,6.56
2025-11-25,6.48,6.68,6.48,6.62,19541627,6.62
2025-11-26,6.66,6.6798,6.55,6.59,23190020,6.59
2025-11-28,6.53,6.65,6.355,6.47,112067524,6.47
