date,open,high,low,close,volume,raw_close
2016-01-04,67.95,68.14,67.15,67.82,1164094,87.99
2016-01-05,68.19,68.5,67.23,67.57,1544967,87.67
2016-01-06,66.83,67.85,66.44,67.62,2402070,87.73
2016-01-07,66.71,67.19,65.84,66.05,1859480,85.7
2016-01-08,66.27,66.46,65.32,65.45,1264640,84.92
2016-01-11,64.96,65.47,64.37,64.93,1706151,84.25
2016-01-12,65.5,65.67,64.75,65.52,899068,85.01
2016-01-13,65.52,65.74,64.29,64.43,1417010,83.6
2016-01-14,64.81,65.57,64.34,65.18,1640182,84.57
2016-01-15,64.12,64.54,63.68,64.22,1718314,83.32
2016-01-19,64.49,65.31,64.37,65.21,1247570,84.61
2016-01-20,64.65,65.96,63.7,65.5,1833384,84.99
2016-01-21,65.48,65.73,64.6,65.25,1820568,84.66
2016-01-22,65.7,66.43,65.42,65.7,1199575,85.25
2016-01-25,65.44,65.67,63.99,64.56,2185810,83.77
2016-01-26,64.84,65.89,64.46,65.57,1427019,85.08
2016-01-27,65.64,66.32,64.96,65.07,2278756,84.43
2016-01-28,66.25,68,63.52,67.05,3610983,87
2016-01-29,67.25,68.04,66.78,67.91,2549778,88.11
2016-02-01,67.97,69.61,67.79,68.87,2530818,89.36
2016-02-02,68.18,69.31,67.94,68.98,2316694,89.5
2016-02-03,68.93,69.24,68.22,68.43,1754997,88.78
2016-02-04,68.38,69.09,67.98,68.32,1410123,88.64
2016-02-05,68.51,68.9,67.36,67.59,1286771,87.7
2016-02-08,67.4,69.68,67.35,69.37,2390990,90.01
2016-02-09,68.63,69.64,68.1,69.23,1985879,89.82
2016-02-10,69.23,70.39,69.01,69.17,1149167,89.75
2016-02-11,68.61,68.67,67.76,68.2,1446603,88.49
2016-02-12,68.59,69.26,68.42,69.13,1187234,89.7
2016-02-16,69.36,69.8,68.63,69.67,1112730,90.39
2016-02-17,69.82,71.27,69.67,70.61,1575049,91.61
2016-02-18,70.26,70.45,69.37,69.74,1174041,90.49
2016-02-19,69.81,70.47,69.47,70.16,1349051,91.03
2016-02-22,70.71,70.71,69.37,69.64,1211547,90.35
2016-02-23,69.61,70.06,68.99,69.75,1159604,89.91
2016-02-24,69.54,70.54,69.32,70.34,1161663,90.67
2016-02-25,70.33,71.34,69.96,71.32,916262,91.94
2016-02-26,71.37,71.37,70.01,70.3,856100,90.62
2016-02-29,70.2,71.14,70.04,70.51,1206467,90.89
2016-03-01,71.14,71.61,70.92,71.26,1039196,91.86
2016-03-02,71.36,71.72,70.82,71.58,1012603,92.27
2016-03-03,71.52,72.46,71.37,72.42,938602,93.36
2016-03-04,72.18,72.76,71.93,72.28,755897,93.18
2016-03-07,71.91,72.38,71.41,71.71,1200968,92.44
2016-03-08,71.19,71.84,71.13,71.4,967796,92.04
2016-03-09,71.66,72.31,71.34,71.81,929679,92.57
2016-03-10,72.14,72.14,71.2,71.33,768290,91.95
2016-03-11,71.51,72.11,71.5,71.93,731067,92.72
2016-03-14,71.74,72,71.42,71.62,598351,92.32
2016-03-15,71.37,71.94,70.86,71.79,606597,92.54
2016-03-16,71.69,72.24,71.17,71.98,749048,92.79
2016-03-17,72.15,72.34,71.76,71.86,1102918,92.64
2016-03-18,71.9,71.98,70.24,70.58,2315034,90.98
2016-03-21,70.36,70.74,69.85,70.5,958931,90.88
2016-03-22,70.3,70.51,69.27,69.31,1714027,89.35
2016-03-23,69.31,70.11,69.23,69.75,1012424,89.92
2016-03-24,69.35,70.09,69.32,69.87,949825,90.07
2016-03-28,69.92,70.59,69.91,70.06,917693,90.32
2016-03-29,69.97,71.31,69.93,71.26,1355798,91.86
2016-03-30,71.37,71.4,70.72,71.25,1559539,91.85
2016-03-31,70.99,71.6,70.89,71.44,1318830,92.09
2016-04-01,71.28,72.74,71.22,72.69,1266924,93.71
2016-04-04,72.77,73.05,71.62,71.76,1035356,92.5
2016-04-05,72,72.13,70.65,70.86,1259251,91.34
2016-04-06,70.89,71.48,70.44,71.26,1116924,91.86
2016-04-07,70.81,71.03,69.89,70.62,1254096,91.04
2016-04-08,70.79,71.23,70.65,71.22,842060,91.81
2016-04-11,71.33,71.68,70.98,71.06,812862,91.6
2016-04-12,70.93,71.69,70.69,71.48,579015,92.14
2016-04-13,71.52,71.62,70.96,71.45,1182732,92.1
2016-04-14,71.45,71.95,71.33,71.51,1108349,92.19
2016-04-15,71.62,72.55,71.23,72.54,1318422,93.51
2016-04-18,72.48,73.02,72.09,72.95,1017178,94.04
2016-04-19,73.02,73.64,72.75,73.35,1483588,94.56
2016-04-20,72.07,72.69,70.75,71.05,2657613,91.59
2016-04-21,70.94,71.23,69.65,69.65,2181635,89.78
2016-04-22,69.72,70.25,69.42,70.24,1416821,90.55
2016-04-25,70.14,71.35,69.96,70.88,1687862,91.37
2016-04-26,68.39,69.82,68.2,69.51,3154506,89.6
2016-04-27,69.69,70.68,69.34,70.49,2356299,90.87
2016-04-28,70.2,71.41,69.99,71.1,1450829,91.66
2016-04-29,71.17,72.31,70.9,72.23,1985353,93.11
2016-05-02,72.21,72.8,72.03,72.7,1360066,93.72
2016-05-03,72.53,73.34,71.88,72.03,1867745,92.86
2016-05-04,71.65,72.03,71.25,71.48,1631841,92.14
2016-05-05,71.43,72.1,71.09,71.29,1787894,91.9
2016-05-06,71.06,71.2,69.98,71.07,1137706,91.61
2016-05-09,71.2,72.1,71.14,71.73,941995,92.47
2016-05-10,71.95,72.35,71.8,72.27,780403,93.16
2016-05-11,72.08,72.44,71.28,71.55,970033,92.24
2016-05-12,71.72,72.33,71.4,72.27,859682,93.16
2016-05-13,72.14,72.45,71.65,71.71,1014880,92.44
2016-05-16,71.57,72.06,71.44,71.9,785345,92.69
2016-05-17,71.64,71.97,70.11,70.36,1182950,90.7
2016-05-18,70.01,70.55,69.3,69.72,1161210,89.88
2016-05-19,69.51,70.31,69.17,70.31,1280290,90.64
2016-05-20,70.51,70.67,70.08,70.41,1143389,90.77
2016-05-23,70.45,71.31,70.25,70.75,944577,90.62
2016-05-24,70.83,71.58,70.71,71.31,811936,91.34
2016-05-25,71.39,71.66,70.93,71.33,1551896,91.36
2016-05-26,71.42,72.41,71.31,71.95,979904,92.15
2016-05-27,72.07,72.56,72.02,72.3,830577,92.6
2016-05-31,72.41,72.87,71.73,72.49,4463438,92.85
2016-06-01,72.63,73.02,72.19,72.61,1211934,93
2016-06-02,72.46,72.56,71.83,72.42,947174,92.76
2016-06-03,72.41,73.24,72.41,73,1112577,93.5
2016-06-06,73,73.38,72.45,72.84,1187202,93.29
2016-06-07,72.89,73.12,72.69,72.77,467394,93.21
2016-06-08,72.7,73.17,72.11,73.17,1059657,93.72
2016-06-09,73.13,75.51,73.03,75.28,3077207,96.42
2016-06-10,75.02,75.89,74.44,75.26,1719154,96.4
2016-06-13,74.97,75.5,74.64,74.66,1149703,95.63
2016-06-14,74.43,75.58,74.05,75.4,1292513,96.58
2016-06-15,75.4,75.58,74.57,74.99,2490667,96.05
2016-06-16,75.01,75.62,74.77,75.56,1471605,96.78
2016-06-17,75.44,75.85,74.59,75.82,2693376,97.11
2016-06-20,75.77,76.32,75.4,75.45,1295877,96.64
2016-06-21,75.65,76.16,75.57,76.09,1566726,97.46
2016-06-22,76.09,76.09,75.65,76.01,1532180,97.35
2016-06-23,76.31,76.41,75.39,75.83,1218144,97.12
2016-06-24,74.69,76.9,74.52,76.49,2084397,97.97
2016-06-27,75.92,76.03,75.27,75.9,1706474,97.21
2016-06-28,75.96,75.96,74.53,75.13,1538034,96.23
2016-06-29,75.88,75.92,75.14,75.84,1718205,97.14
2016-06-30,76.16,91.96,76.11,91.96,20083065,117.79
2016-07-01,87.52,89.47,84.74,87.4,7025058,111.95
2016-07-05,85.88,88.31,85.18,86.31,2766603,110.55
2016-07-06,86.62,87.19,84.87,85.33,4940706,109.29
2016-07-07,85.88,86.54,85.1,85.91,2070165,110.04
2016-07-08,86.22,86.55,85.44,86.43,1197951,110.7
2016-07-11,86.27,87.94,85.59,85.99,2672264,110.14
2016-07-12,86.02,86.31,84.9,84.9,1643097,108.74
2016-07-13,84.74,85.56,84.47,84.58,1247195,108.33
2016-07-14,84.8,85.67,84.22,84.39,1373257,108.09
2016-07-15,84.66,87.44,84.19,86.4,2954531,110.66
2016-07-18,86.19,86.62,85.09,85.39,841375,109.37
2016-07-19,85.4,85.63,84.89,85.37,1436215,109.34
2016-07-20,85.11,85.48,84.73,85.2,916008,109.12
2016-07-21,85.41,85.77,84.77,85.56,1389766,109.59
2016-07-22,85.49,86.05,85.4,85.84,1146843,109.95
2016-07-25,86.13,86.94,85.88,86.65,1911831,110.98
2016-07-26,86.66,87.01,85.3,85.52,761859,109.54
2016-07-27,85.84,85.84,84.43,84.47,1321929,108.19
2016-07-28,85.48,87.62,84.64,86.94,2183837,111.35
2016-07-29,86.68,87.38,86.09,86.48,1443219,110.76
2016-08-01,85.23,86.66,84.91,86.58,1598059,110.89
2016-08-02,86.37,87.8,85.83,87.58,1687989,112.17
2016-08-03,87.58,87.58,85.84,86.26,1010477,110.48
2016-08-04,86.44,87,86.01,86.44,552314,110.72
2016-08-05,86.53,87.34,86.28,87.17,887726,111.65
2016-08-08,87.16,87.29,85.87,86.42,641159,110.69
2016-08-09,86.21,86.72,86.08,86.09,899430,110.27
2016-08-10,86.23,87.52,86.23,87.26,645454,111.76
2016-08-11,87.44,88.03,86.72,87.48,1345956,112.04
2016-08-12,87.3,87.84,87.03,87.03,776107,111.47
2016-08-15,86.98,88.03,86.69,87.3,1149130,111.82
2016-08-16,86.94,87.33,86.6,87.05,1177805,111.5
2016-08-17,87.2,88.8,87,88.56,1498946,113.43
2016-08-18,88.69,88.91,87.58,88.28,882576,113.07
2016-08-19,88.17,89.1,87.74,88.71,3588811,113.62
2016-08-22,88.52,89.13,88.37,88.92,915877,113.89
2016-08-23,88.95,89.42,88.47,88.75,1220189,113.06
2016-08-24,88.53,88.53,87.05,87.05,2103619,110.89
2016-08-25,87.06,87.96,86.9,87.14,726889,111
2016-08-26,87.28,88.24,86.85,87.04,662059,110.88
2016-08-29,86.81,87.92,86.81,87.66,1847350,111.67
2016-08-30,77.91,78.69,77.52,78.23,8064314,99.65
2016-08-31,78.46,79.4,78.11,78.41,3436996,99.89
2016-09-01,78.55,78.85,78.05,78.14,1293531,99.54
2016-09-02,78.5,78.71,77.85,77.95,2809159,99.3
2016-09-06,78.23,78.41,77.82,78.34,1505015,99.79
2016-09-07,78.11,78.32,77.61,77.82,1574549,99.13
2016-09-08,77.76,77.87,76.93,77,1286195,98.09
2016-09-09,76.77,76.85,75.49,75.5,1554905,96.18
2016-09-12,75.82,76.75,75.2,76.52,1633227,97.48
2016-09-13,76.34,76.36,75.35,75.37,1571193,96.01
2016-09-14,75.71,75.79,75.09,75.35,1289430,95.98
2016-09-15,75.05,75.63,74.75,75.37,1215774,96.01
2016-09-16,75.42,75.86,74.83,74.95,1626974,95.48
2016-09-19,75.27,75.53,74.78,74.93,1383745,95.45
2016-09-20,74.98,75.36,74.9,74.98,1277579,95.52
2016-09-21,74.89,75.85,74.68,75.64,1111360,96.36
2016-09-22,75.75,76.14,75.07,75.49,995836,96.16
2016-09-23,75.2,76.71,74.4,75.24,3927418,95.85
2016-09-26,74.94,75.49,74.75,74.83,925561,95.33
2016-09-27,75.16,75.25,74.14,74.34,1722750,94.7
2016-09-28,74.56,74.9,74.25,74.68,791978,95.13
2016-09-29,74.86,75.36,74.27,74.29,1020170,94.64
2016-09-30,74.54,75.54,74.33,75.05,1098401,95.6
2016-10-03,74.81,75.05,74.48,74.9,964095,95.41
2016-10-04,74.75,75.22,74.46,74.6,1326642,95.03
2016-10-05,74.58,74.79,74.2,74.35,3029927,94.71
2016-10-06,74.15,75.02,74.15,74.66,2171550,95.11
2016-10-07,74.86,74.98,74.01,74.74,1448931,95.21
2016-10-10,74.74,75.78,74.74,75.04,813476,95.59
2016-10-11,75.16,75.28,74.06,74.29,757282,94.63
2016-10-12,74.33,74.76,74.26,74.54,762478,94.95
2016-10-13,74.29,75.29,73.95,75.09,1090614,95.65
2016-10-14,75.32,76.29,75.31,75.7,1676647,96.43
2016-10-17,75.67,75.96,75.35,75.94,815437,96.74
2016-10-18,76.33,76.46,75.55,75.6,830660,96.31
2016-10-19,75.52,75.61,74.64,75.07,752214,95.63
2016-10-20,75.12,75.2,74.58,74.67,805354,95.12
2016-10-21,74.59,74.88,73.81,74.86,1211477,95.36
2016-10-24,75.13,75.36,74.56,74.8,681204,95.29
2016-10-25,74.97,75.25,74.56,75.21,768555,95.81
2016-10-26,75.28,75.77,74.89,75.48,852837,96.15
2016-10-27,75.89,76.59,74.84,74.98,2687844,95.51
2016-10-28,76.7,81.14,76.7,80.38,4479745,102.4
2016-10-31,80.42,80.89,79.65,80.43,1826526,102.46
2016-11-01,80.54,80.54,79.64,80.06,1203927,101.99
2016-11-02,79.99,80.42,79.41,79.95,1129545,101.84
2016-11-03,79.85,79.94,78.81,79.03,877230,100.68
2016-11-04,79.13,79.33,78.34,78.5,910564,100
2016-11-07,78.94,79.84,78.85,79.76,2668984,101.6
2016-11-08,79.8,80.82,79.42,79.44,1340853,101.19
2016-11-09,77.97,79.3,77.17,78.86,1496737,100.46
2016-11-10,78.67,78.67,76.09,76.36,2806851,97.27
2016-11-11,76.29,77.21,75.56,76.34,842754,97.25
2016-11-14,76.24,77.83,75.75,77.65,1590410,98.92
2016-11-15,77.66,78.39,77.49,77.82,1294957,99.13
2016-11-16,77.87,78.58,77.76,77.95,981527,99.3
2016-11-17,77.79,78.52,77.08,77.84,1420855,99.16
2016-11-18,77.68,78.21,76.86,77.37,1283065,98.56
2016-11-21,77,77.7,76.38,77.25,1332235,97.79
2016-11-22,77.53,77.64,77.04,77.2,1220568,97.72
2016-11-23,76.97,77.32,76.14,76.75,1153301,97.16
2016-11-25,77.16,77.4,76.67,77.2,597540,97.73
2016-11-28,77.14,77.8,77.02,77.29,995847,97.84
2016-11-29,77.23,77.99,76.67,77.52,1151912,98.13
2016-11-30,76.98,77.42,76.26,76.34,6828187,96.64
2016-12-01,76.23,76.89,75.58,76.06,1154759,96.28
2016-12-02,76.29,77.13,75.99,76.69,904383,97.08
2016-12-05,76.59,77.53,76.2,77.33,802164,97.89
2016-12-06,77.48,77.97,77.03,77.8,1765145,98.49
2016-12-07,77.85,78.44,77.15,78.33,997869,99.16
2016-12-08,78.27,78.59,77.65,77.76,1195158,98.44
2016-12-09,77.76,79.54,77.51,79.23,1797401,100.3
2016-12-12,79.19,80.37,79.03,79.87,896809,101.1
2016-12-13,79.93,80.54,79.41,79.7,825052,100.89
2016-12-14,79.88,80.16,78.68,78.99,781944,99.99
2016-12-15,79.08,79.83,78.09,79.56,1607579,100.71
2016-12-16,79.72,80.28,79.08,79.91,1101431,101.16
2016-12-19,80.02,80.21,79.49,80.15,614553,101.46
2016-12-20,79.54,81.21,79.51,81.06,978490,102.61
2016-12-21,81.34,82.18,81.08,81.5,1057544,103.17
2016-12-22,81.76,83.16,81.68,82.5,1677173,104.44
2016-12-23,82.48,82.55,81.61,81.86,612295,103.62
2016-12-27,81.76,82.19,81.76,82,397511,103.8
2016-12-28,81.92,81.92,81.28,81.48,506654,103.15
2016-12-29,81.43,82.31,81.42,82.15,699430,103.99
2016-12-30,82.04,82.04,80.98,81.71,833837,103.43
2017-01-03,82.03,82.47,81.57,82.09,735021,103.92
2017-01-04,82.27,82.71,82.03,82.25,898617,104.12
2017-01-05,81.63,82.36,81.37,81.72,1699935,103.45
2017-01-06,82.51,83.12,81.93,82.56,1072986,104.51
2017-01-09,82.56,82.73,81.79,82.07,1267643,103.89
2017-01-10,82.46,83.06,82.04,82.81,1251528,104.83
2017-01-11,82.54,83.41,82.48,82.91,985731,104.95
2017-01-12,82.74,83.33,82.4,82.69,830310,104.68
2017-01-13,82.62,83.14,82.43,82.83,760021,104.85
2017-01-17,82.8,83.27,82.49,83.08,958763,105.17
2017-01-18,83.13,83.96,82.92,83.46,1301316,105.65
2017-01-19,83.45,83.5,82.83,83.12,514136,105.22
2017-01-20,83.57,83.89,82.92,83.4,670581,105.57
2017-01-23,83.39,83.45,82.93,83.18,731285,105.3
2017-01-24,83.29,84.72,83.05,84.15,896407,106.52
2017-01-25,84.21,84.37,83.74,83.97,784970,106.3
2017-01-26,83.71,83.89,83.39,83.48,795114,105.67
2017-01-27,83.72,83.75,82.63,83.35,1071670,105.51
2017-01-30,83.57,83.81,82.59,83,1424608,105.07
2017-01-31,83.57,83.97,82.99,83.32,1810767,105.47
2017-02-01,83.18,83.69,82.56,83.04,1340219,105.12
2017-02-02,83.27,83.79,82.88,83.41,1632790,105.59
2017-02-03,81.84,84.87,80.27,84.51,2848950,106.98
2017-02-06,84.53,85.08,83.99,84.85,1234517,107.41
2017-02-07,84.88,85.36,84.57,84.68,1500087,107.19
2017-02-08,84.53,84.92,84.3,84.51,1036343,106.98
2017-02-09,84.71,86.56,84.71,85.4,2041197,108.11
2017-02-10,85.51,85.8,84.87,85.02,1048540,107.62
2017-02-13,84.92,85.63,84.78,85.48,695696,108.21
2017-02-14,85.31,85.63,84.87,85.58,736845,108.34
2017-02-15,85.32,86.17,85.06,85.95,1122247,108.8
2017-02-16,86.29,86.56,84.81,85.04,1549124,107.65
2017-02-17,84.39,85.13,84.14,84.72,1880068,107.25
2017-02-21,84.92,86,84.62,85.7,1966185,108.48
2017-02-22,85.64,85.93,85.47,85.77,894623,107.95
2017-02-23,85.88,86.85,85.78,86.32,951665,108.65
2017-02-24,86.36,86.59,85.95,86.52,1127286,108.9
2017-02-27,86.35,86.6,85.59,85.65,835820,107.8
2017-02-28,85.95,86.67,85.9,86.08,1785970,108.35
2017-03-01,86.28,87.31,85.66,86.92,1780439,109.4
2017-03-02,87.06,87.12,86.27,86.7,1126143,109.13
2017-03-03,86.43,86.69,85.88,86.33,960381,108.66
2017-03-06,85.78,86.37,85.72,86.28,866254,108.6
2017-03-07,86.34,86.5,85.87,85.92,880897,108.15
2017-03-08,85.81,86.4,85.26,86.26,1874958,108.57
2017-03-09,86.44,87.04,86.03,86.89,1084596,109.36
2017-03-10,87.23,87.27,86.38,86.54,819810,108.93
2017-03-13,86.31,86.54,86.11,86.36,833055,108.7
2017-03-14,86.36,86.48,86.03,86.22,755250,108.52
2017-03-15,86.29,87.04,86.23,86.83,928730,109.29
2017-03-16,86.78,87,86.2,86.97,656620,109.47
2017-03-17,87.2,87.2,86.57,86.61,1592713,109.01
2017-03-20,86.61,86.73,86.19,86.48,1083700,108.85
2017-03-21,86.14,86.54,85.79,85.89,1326332,108.11
2017-03-22,86.12,86.37,85.11,85.76,1236220,107.94
2017-03-23,85.74,86.39,85.53,85.88,742553,108.1
2017-03-24,86.11,86.3,85.39,85.79,858935,107.98
2017-03-27,85.53,86.23,85.37,86.01,930406,108.26
2017-03-28,85.83,87.31,85.58,86.72,1402285,109.15
2017-03-29,86.68,87.18,86.34,87.08,847823,109.61
2017-03-30,86.91,87.09,86.23,86.52,980220,108.9
2017-03-31,86.51,87.14,86,86.8,1144246,109.25
2017-04-03,86.54,86.86,86.33,86.54,1047368,108.92
2017-04-04,86.15,86.24,85.6,86.11,1050705,108.39
2017-04-05,86.22,87.23,85.99,86.65,1002307,109.07
2017-04-06,86.65,86.81,86.22,86.5,588155,108.88
2017-04-07,86.62,87.23,86.29,87.01,1086416,109.52
2017-04-10,87.09,87.23,85.84,86.06,1499163,108.32
2017-04-11,85.91,86.19,85.62,86.13,791077,108.41
2017-04-12,86.15,86.68,85.82,86.64,642206,109.05
2017-04-13,86.56,86.57,85.92,85.96,628380,108.2
2017-04-17,86.05,86.48,85.94,86.36,595333,108.7
2017-04-18,86.37,87.39,86.31,86.97,887316,109.47
2017-04-19,87.04,87.22,86.09,86.31,700463,108.63
2017-04-20,86.39,86.67,85.88,86.44,984537,108.8
2017-04-21,86.28,86.39,85.31,85.33,1152736,107.4
2017-04-24,85.52,86.3,85.52,86.15,938601,108.44
2017-04-25,86.23,86.51,86.04,86.17,994406,108.46
2017-04-26,86.3,86.37,84.62,85.41,1885349,107.5
2017-04-27,85.64,86.19,85.2,85.31,1007403,107.38
2017-04-28,85,86.01,84.88,85.96,1215936,108.2
2017-05-01,85.8,85.96,85.05,85.05,969722,107.05
2017-05-02,85.11,85.35,84.78,85.06,965270,107.06
2017-05-03,84.87,85.03,84.22,84.8,1336649,106.74
2017-05-04,85.32,85.92,84.77,85.23,1197304,107.28
2017-05-05,85.53,85.53,85.17,85.45,768868,107.55
2017-05-08,85.32,85.4,84.84,85.01,1634598,107
2017-05-09,84.99,85.23,84.33,84.54,764289,106.41
2017-05-10,84.57,85.11,84.36,84.72,832764,106.63
2017-05-11,84.48,84.8,84.23,84.65,813532,106.55
2017-05-12,84.57,85.19,84.56,85.07,642792,107.07
2017-05-15,85,85.8,84.85,85.69,885366,107.85
2017-05-16,85.8,85.8,85.07,85.18,659174,107.21
2017-05-17,85.13,87.12,84.8,86.42,1333079,108.77
2017-05-18,86.36,88.33,86.01,88,1847248,110.76
2017-05-19,88,89.1,87.46,88.97,1728531,111.98
2017-05-22,88.86,90.06,88.86,89.59,1430508,112.77
2017-05-23,89.6,90.93,89.6,90.38,1330543,113.14
2017-05-24,90.35,91.45,90.3,91.36,1303334,114.36
2017-05-25,91.28,92.46,91.09,92.12,2215551,115.31
2017-05-26,92.12,93.06,91.62,92.64,1031840,115.96
2017-05-30,92.58,92.58,91.91,92.29,771487,115.52
2017-05-31,92.45,92.8,92.04,92.09,2260397,115.27
2017-06-01,92.34,92.52,91.74,92.52,1441459,115.82
2017-06-02,92.09,92.67,91.68,92.57,1163107,115.88
2017-06-05,92.44,92.48,92.02,92.21,1567225,115.43
2017-06-06,92.21,92.68,91.95,92.25,726265,115.48
2017-06-07,92,92.31,91.78,92.25,813184,115.48
2017-06-08,92.29,92.29,90.66,90.92,1443358,113.81
2017-06-09,90.97,91.2,90.48,91.09,928840,114.02
2017-06-12,91.25,91.45,90.47,90.75,723177,113.6
2017-06-13,90.42,91.28,90,91.24,775736,114.21
2017-06-14,91.35,92.13,91.22,91.38,801721,114.39
2017-06-15,91.1,92.14,90.68,91.77,1515709,114.88
2017-06-16,91.87,92.01,88.45,89.34,2813296,111.83
2017-06-19,89.4,90,88.66,89.71,1322508,112.3
2017-06-20,89.74,89.83,89.01,89.15,814600,111.59
2017-06-21,89.35,89.9,88.9,89.13,885936,111.57
2017-06-22,88.97,89.15,88.27,88.29,798969,110.52
2017-06-23,88.11,88.44,87.37,87.72,1523390,109.81
2017-06-26,87.96,88.43,87.63,88.1,1267956,110.28
2017-06-27,87.9,87.96,86.32,86.42,1169841,108.18
2017-06-28,86.8,86.96,85.96,86.01,890191,107.67
2017-06-29,86,86,84.72,85.18,985276,106.62
2017-06-30,85.3,86.86,85.3,85.77,1928047,107.37
2017-07-03,85.52,85.94,84.91,85.19,769836,106.64
2017-07-05,85.19,85.31,84.56,84.93,2061323,106.31
2017-07-06,84.98,85.71,84.7,85.02,1351401,106.43
2017-07-07,85.21,85.37,84.57,84.61,871936,105.91
2017-07-10,84.74,84.89,83.83,83.86,1121653,104.97
2017-07-11,83.87,84.01,82.9,83.13,1830083,104.06
2017-07-12,83.51,83.89,83.37,83.75,1029638,104.83
2017-07-13,83.75,83.91,83.4,83.72,691010,104.8
2017-07-14,83.94,84.38,83.92,84.26,650806,105.47
2017-07-17,84.24,85.04,84.12,84.91,894653,106.29
2017-07-18,84.86,85.02,84.39,84.59,824862,105.89
2017-07-19,84.6,84.96,84.51,84.75,638060,106.09
2017-07-20,84.9,85.08,84.66,84.9,483067,106.28
2017-07-21,84.82,85.06,84.46,84.99,902356,106.39
2017-07-24,84.98,84.98,84.09,84.12,1389118,105.3
2017-07-25,84.21,85.91,83.71,85.83,1380481,107.44
2017-07-26,85.38,86.36,84.4,84.68,1919679,106
2017-07-27,84.73,85.05,83.95,85.04,1672231,106.45
2017-07-28,84.96,85.6,84.52,84.74,905902,106.07
2017-07-31,84.83,85.03,83.9,84.13,1422138,105.31
2017-08-01,84.29,84.68,83.69,84.4,954017,105.65
2017-08-02,84.34,84.57,83.61,84.35,758287,105.59
2017-08-03,84.34,84.66,84.18,84.31,799883,105.54
2017-08-04,84.57,84.62,83.71,83.77,775269,104.86
2017-08-07,83.77,84.47,83.77,84.4,833529,105.65
2017-08-08,84.1,84.82,83.88,83.96,1015636,105.1
2017-08-09,83.98,84.18,83.23,84.08,1056925,105.25
2017-08-10,83.86,84.51,83.64,84.12,619317,105.3
2017-08-11,84.09,84.83,83.89,84.04,629287,105.2
2017-08-14,84.28,84.71,84.25,84.63,600754,105.94
2017-08-15,84.6,84.74,84.37,84.6,630313,105.9
2017-08-16,84.68,84.96,84.5,84.71,798965,106.04
2017-08-17,85.42,87.34,85.42,86.16,1734921,107.85
2017-08-18,86.21,86.26,85.13,85.75,1142139,107.34
2017-08-21,85.68,86.07,85.2,85.97,695593,107.61
2017-08-22,85.97,86.16,85.36,86.09,1361043,107.76
2017-08-23,86.06,86.48,85.69,86.36,2499240,107.44
2017-08-24,85.74,86.63,84.79,84.81,2367700,105.52
2017-08-25,85.16,85.43,84.45,84.52,1511488,105.16
2017-08-28,84.61,84.63,83.49,83.97,1846584,104.47
2017-08-29,84.05,84.56,83.94,84.35,1173877,104.94
2017-08-30,84.28,84.82,83.63,83.91,1046346,104.4
2017-08-31,83.78,84.39,83.59,84.33,874797,104.92
2017-09-01,84.7,84.93,83.84,84.89,1239949,105.61
2017-09-05,84.59,85.16,84,84.12,1522811,104.66
2017-09-06,84.11,84.66,83.75,84.63,1649817,105.29
2017-09-07,84.74,86.85,84.52,86.65,1812999,107.8
2017-09-08,86.6,87.52,86.23,86.93,1162349,108.15
2017-09-11,87.19,88.33,86.97,88.13,1122028,109.65
2017-09-12,88.12,88.65,87.9,88.08,804960,109.58
2017-09-13,87.78,88.9,87.65,87.95,838037,109.42
2017-09-14,87.75,88.02,87.55,87.87,600356,109.32
2017-09-15,87.96,88.86,87.96,88.82,1519038,110.5
2017-09-18,88.84,88.97,88.05,88.21,1075215,109.75
2017-09-19,88.15,88.26,87.73,87.94,1059977,109.41
2017-09-20,87.55,87.8,86.59,87.14,760916,108.42
2017-09-21,87.21,87.32,86.07,86.44,1049942,107.55
2017-09-22,86.51,86.69,85.2,85.58,1265351,106.48
2017-09-25,85.68,85.91,85.15,85.87,1783931,106.83
2017-09-26,86.01,86.33,85.69,86.17,901287,107.21
2017-09-27,86.2,87.04,86.16,86.98,1350444,108.22
2017-09-28,86.49,87.41,86.32,86.66,1029257,107.82
2017-09-29,86.87,88,86.63,87.75,1313657,109.17
2017-10-02,87.77,88.16,87.36,87.48,950253,108.84
2017-10-03,87.57,87.7,86.29,86.53,1005020,107.66
2017-10-04,86.77,87.61,86.1,87,935613,108.24
2017-10-05,87.11,87.59,86.86,87.55,1051920,108.92
2017-10-06,87.5,87.79,87.06,87.33,1186935,108.65
2017-10-09,87.39,87.56,86.58,86.72,645173,107.89
2017-10-10,86.91,87.68,86.31,87.63,704024,109.03
2017-10-11,87.68,88.73,87.68,88.03,980138,109.52
2017-10-12,87.98,88.93,87.98,88.39,1250129,109.97
2017-10-13,88.35,88.7,88,88.47,1215643,110.07
2017-10-16,88.59,89.21,88.21,89.17,643417,110.94
2017-10-17,89.03,89.13,88.41,89.07,601683,110.82
2017-10-18,89.15,89.15,88.41,88.45,705796,110.05
2017-10-19,88.42,88.6,87.68,87.89,716226,109.35
2017-10-20,88,88.41,87.5,87.63,785598,109.02
2017-10-23,87.71,87.83,86.77,87.71,1005197,109.12
2017-10-24,87.92,88.22,87.79,87.9,844392,109.36
2017-10-25,87.37,87.66,86.61,87.29,1308070,108.6
2017-10-26,86.38,86.4,82.4,82.68,2712899,102.87
2017-10-27,82.59,83.69,82.48,83.66,1923215,104.08
2017-10-30,83.86,84.9,83.74,84.18,1534514,104.73
2017-10-31,84.56,85.51,84.41,85.34,1485503,106.18
2017-11-01,85.66,85.9,84.89,85.79,879670,106.73
2017-11-02,85.53,85.83,84.93,85.67,925010,106.59
2017-11-03,85.54,85.83,85.06,85.13,874090,105.92
2017-11-06,85.23,85.23,83.7,83.9,849094,104.38
2017-11-07,83.74,85.27,83.66,85.17,1043749,105.97
2017-11-08,85.16,86.74,85.15,86.61,859749,107.75
2017-11-09,86.38,87.08,86.24,86.62,908025,107.77
2017-11-10,86.28,87.51,86.28,87.29,794398,108.6
2017-11-13,87.42,88.05,86.85,86.95,983380,108.18
2017-11-14,86.8,88.66,86.52,88.3,1057163,109.86
2017-11-15,87.97,89.18,86.05,86.34,985855,107.42
2017-11-16,86.84,88.51,86.45,88.17,1276962,109.7
2017-11-17,87.83,88.93,87.59,87.69,2968345,109.1
2017-11-20,87.69,89.02,87.47,88.49,1004586,110.1
2017-11-21,88.38,88.94,87.64,87.74,1131044,108.51
2017-11-22,87.82,88.06,87.21,87.42,1131179,108.12
2017-11-24,87.6,87.7,86.87,86.88,315346,107.45
2017-11-27,87.12,87.89,86.63,87.63,727479,108.37
2017-11-28,87.81,88.84,87.33,88.81,1037397,109.84
2017-11-29,88.84,90.23,88.31,89.35,913860,110.5
2017-11-30,89.5,90.47,89.15,89.7,2305115,110.93
2017-12-01,89.78,89.78,88.12,89.76,803425,111.01
2017-12-04,90.11,91.48,90.04,91.22,1279847,112.82
2017-12-05,91.25,91.82,90.58,91.18,1112454,112.76
2017-12-06,91.16,92.1,90.96,91.98,873154,113.76
2017-12-07,91.75,92.13,91.33,91.82,776827,113.56
2017-12-08,91.83,91.94,91.25,91.53,645765,113.2
2017-12-11,91.37,91.42,90.56,91.21,676154,112.8
2017-12-12,91.46,91.82,90.71,91.69,970462,113.4
2017-12-13,91.59,91.91,91.28,91.5,1232787,113.16
2017-12-14,91.43,92.16,91.27,91.66,1004001,113.36
2017-12-15,91.81,92.9,91.52,92.29,2003198,114.14
2017-12-18,91.7,93.24,91.09,92.39,1410932,114.26
2017-12-19,92.9,93.65,92.84,93.35,1296813,115.45
2017-12-20,93.53,93.65,92.45,92.98,1053335,114.99
2017-12-21,93.29,93.37,92.61,92.71,654855,114.66
2017-12-22,92.99,93.29,92.5,92.95,451869,114.95
2017-12-26,92.95,93.36,92.72,92.99,426178,115.01
2017-12-27,93.17,93.46,92.4,92.65,474133,114.58
2017-12-28,92.87,92.98,92.21,92.47,607004,114.36
2017-12-29,92.25,92.78,91.78,91.78,521375,113.51
2018-01-02,91.76,92.17,90.53,90.65,928216,112.11
2018-01-03,90.75,90.91,90.05,90.27,890716,111.64
2018-01-04,90.71,91.15,90.42,90.9,786079,112.42
2018-01-05,91.01,91.48,90.25,91.34,863233,112.96
2018-01-08,91.56,92.69,91.37,92.23,1012842,114.06
2018-01-09,92.32,92.53,91.89,92,727435,113.78
2018-01-10,90.03,90.55,88.6,89.61,1393323,110.82
2018-01-11,89.55,89.58,88.81,89.02,881630,110.09
2018-01-12,89.17,89.32,88.32,88.35,686943,109.27
2018-01-16,86.91,88.37,86.72,87.56,1864767,108.29
2018-01-17,87.73,88.67,87.41,88.08,1613362,108.93
2018-01-18,88.18,88.35,86.99,87.16,783047,107.79
2018-01-19,87.45,88.58,87.42,88.43,1238555,109.37
2018-01-22,88.47,88.94,88.26,88.91,1366240,109.96
2018-01-23,89.09,89.95,88.79,89.6,833539,110.81
2018-01-24,89.12,89.74,88.73,89.19,983637,110.31
2018-01-25,89.33,90.22,89.08,89.94,638166,111.23
2018-01-26,90.2,90.41,89.46,89.81,1205058,111.07
2018-01-29,89.55,89.79,88.66,88.68,860847,109.67
2018-01-30,88.34,89.23,88.13,88.56,947522,109.53
2018-01-31,88.46,89.7,88.44,89.21,1431216,110.33
2018-02-01,85.04,85.91,83.12,83.91,3233598,103.77
2018-02-02,82.74,85.13,82.59,83.26,2490586,102.97
2018-02-05,83.15,83.5,81,81,2055631,100.17
2018-02-06,80.44,82.26,79.93,81.9,2724153,101.29
2018-02-07,81.67,81.93,80.07,80.08,1879139,99.04
2018-02-08,80.33,80.74,78.93,78.96,2026415,97.65
2018-02-09,79.58,81.09,79.11,80.59,2090968,99.67
2018-02-12,80.86,81.25,80.32,80.68,1376776,99.78
2018-02-13,80.28,80.83,79.7,80.49,1251690,99.54
2018-02-14,79.9,80.51,79.32,80.07,1051401,99.02
2018-02-15,80.15,81.63,79.37,81.5,1045339,100.79
2018-02-16,81.18,81.53,80.05,81.43,2755699,100.71
2018-02-20,81.21,81.3,80.5,80.78,1335855,99.9
2018-02-21,80.65,81.12,79.14,79.15,1247504,97.89
2018-02-22,78.02,79.91,77.5,79.02,1348979,97.07
2018-02-23,78.97,79.54,78.45,78.92,1318653,96.95
2018-02-26,79.03,80.18,78.92,79.78,941421,98
2018-02-27,79.89,80.95,79.6,79.93,1629500,98.19
2018-02-28,80.37,80.74,79.91,79.99,1537986,98.26
2018-03-01,79.94,80.68,78.99,79.61,1430920,97.8
2018-03-02,79.24,80.79,79.24,80.48,1116990,98.87
2018-03-05,80.19,80.99,80.19,80.96,1418834,99.45
2018-03-06,80.96,81.09,80.32,80.89,1133543,99.37
2018-03-07,80.1,81.31,79.84,81.31,1119637,99.88
2018-03-08,81.4,81.69,80.53,81.12,1099956,99.65
2018-03-09,81.25,81.7,80.83,81.7,783742,100.36
2018-03-12,81.83,82.88,81.83,82.22,899143,101
2018-03-13,82.49,83.19,82.1,82.87,1344360,101.8
2018-03-14,82.89,83.85,82.62,82.77,1101038,101.68
2018-03-15,82.98,83.58,81.8,82.17,1317817,100.94
2018-03-16,82.34,82.87,81.43,82.23,3439227,101.02
2018-03-19,82.16,82.55,81.17,81.46,1320397,100.07
2018-03-20,81.62,82.17,81.28,81.67,866492,100.33
2018-03-21,80.81,80.89,79.25,80.16,1565618,98.47
2018-03-22,80,80.84,78.97,79,1104950,97.05
2018-03-23,79.21,80.22,78.08,78.2,1626795,96.06
2018-03-26,78.89,79.9,78.39,79.79,1193588,98.02
2018-03-27,79.84,80.44,79.24,79.6,1108923,97.79
2018-03-28,79.82,80.95,79.82,79.98,1160507,98.25
2018-03-29,80.34,81.01,80.19,80.56,1005465,98.96
2018-04-02,80.21,80.34,78.56,78.99,894521,97.04
2018-04-03,79.47,79.94,78.79,79.62,995558,97.81
2018-04-04,79.16,82.27,79.16,81.89,1483668,100.6
2018-04-05,82.22,82.22,80.62,81.16,1149890,99.7
2018-04-06,80.9,81.92,80.02,80.47,910287,98.85
2018-04-09,80.73,81.71,79.87,80.88,826466,99.36
2018-04-10,79.17,79.74,77.76,78.03,2601769,95.86
2018-04-11,77.98,79.09,77.88,78.68,1099977,96.65
2018-04-12,78.86,78.96,77.41,77.8,823140,95.57
2018-04-13,77.87,78.38,77.63,78.11,752778,95.96
2018-04-16,77.97,79.11,77.71,78.8,1184582,96.8
2018-04-17,78.94,79.21,78.34,78.72,836194,96.7
2018-04-18,78.6,78.71,77.58,77.61,1243851,95.34
2018-04-19,77.41,77.49,75.75,76.16,1929884,93.56
2018-04-20,76.28,76.86,74.94,75.28,1986245,92.48
2018-04-23,75.48,76.06,75.14,75.85,1423603,93.18
2018-04-24,76.09,76.38,74.83,75.52,1758241,92.77
2018-04-25,75.38,76.72,75.31,76.14,1449967,93.54
2018-04-26,75.79,76.93,74.4,75.94,3624554,93.29
2018-04-27,75.13,76.62,74.92,76.01,1830079,93.38
2018-04-30,76.17,76.52,74.77,74.84,1440806,91.94
2018-05-01,74.89,75.05,73.98,74.34,1575995,91.32
2018-05-02,73.82,74.22,72.83,72.89,2668502,89.54
2018-05-03,73.27,73.66,72.53,73.02,2091343,89.7
2018-05-04,73.01,75.07,72.86,74.71,1351489,91.78
2018-05-07,74.81,74.88,74.23,74.61,1424976,91.66
2018-05-08,74.28,75.31,74.04,75.01,1517116,92.15
2018-05-09,75.21,75.61,74.87,75.39,1007794,92.61
2018-05-10,75.66,75.96,75.38,75.62,782773,92.89
2018-05-11,75.7,76.25,75.02,75.27,761863,92.46
2018-05-14,75.15,75.44,75.09,75.33,977928,92.54
2018-05-15,74.78,76.76,73.81,75.42,2676313,92.65
2018-05-16,75.66,76.25,75.5,76.23,1851901,93.64
2018-05-17,76.2,76.4,75.1,75.38,1213075,92.6
2018-05-18,74.83,75.24,73.29,74.48,1847272,91.49
2018-05-21,74.66,75.09,74.24,74.94,1160600,92.06
2018-05-22,75.05,75.44,74.41,74.61,868271,91.65
2018-05-23,74.6,75.02,74.23,74.97,1213621,92.1
2018-05-24,75.12,75.6,74.47,75.16,911455,91.67
2018-05-25,75.15,76.44,75.09,75.45,1712800,92.03
2018-05-29,75.22,75.73,74.8,75.09,1244888,91.59
2018-05-30,75.21,75.53,74.82,75.1,1747466,91.6
2018-05-31,75.12,75.12,73.53,73.82,2956417,90.04
2018-06-01,73.89,74.14,73.66,73.8,1267388,90.01
2018-06-04,74.2,75.09,74.12,74.86,1929705,91.31
2018-06-05,74.92,74.96,73.99,74.2,1270557,90.5
2018-06-06,74.2,74.33,73.49,74.24,1025429,90.55
2018-06-07,73.76,75.08,73.21,74.67,1345290,91.08
2018-06-08,74.78,75.43,74.71,75.24,1146398,91.77
2018-06-11,75.43,76.11,75.1,75.76,1342001,92.41
2018-06-12,76.03,76.66,75.69,76.56,985980,93.38
2018-06-13,75.17,75.61,73.66,74.79,3012088,91.22
2018-06-14,75.06,75.67,74.76,75.54,1408874,92.14
2018-06-15,75.35,77.07,75.26,77.07,3338269,94
2018-06-18,76.32,77.04,74.85,75.06,1442981,91.55
2018-06-19,75.05,75.77,74.85,75.36,1418946,91.92
2018-06-20,75.38,75.74,74.7,75.31,798990,91.86
2018-06-21,75.36,75.81,75.17,75.35,1394309,91.91
2018-06-22,75.58,76.37,75.37,75.98,1290021,92.67
2018-06-25,76.04,77.38,76.04,77.23,1558203,94.2
2018-06-26,77.18,77.4,76.57,77.1,2085526,94.04
2018-06-27,76.94,77.9,76.71,77.01,1118471,93.93
2018-06-28,77.05,77.77,76.65,77.22,967321,94.18
2018-06-29,77.44,77.44,76.27,76.3,1344767,93.06
2018-07-02,76.17,76.39,75.25,75.62,1249340,92.23
2018-07-03,75.86,76.52,75.37,76.06,753551,92.77
2018-07-05,76.44,78.05,76.12,78.02,1402888,95.16
2018-07-06,78.01,78.95,77.38,78.34,1474947,95.55
2018-07-09,78.08,78.56,76.78,77,880241,93.92
2018-07-10,77,77.21,76.43,76.91,1057483,93.81
2018-07-11,76.89,77.47,76.72,77.1,1156030,94.04
2018-07-12,77.23,77.52,76.39,76.79,989870,93.66
2018-07-13,76.74,77.39,76.67,77.06,1013016,93.99
2018-07-16,77.07,77.18,75.82,76.04,874113,92.75
2018-07-17,76,77.03,76,76.71,657162,93.56
2018-07-18,76.62,76.64,74.86,74.94,1189845,91.41
2018-07-19,74.94,76.08,74.81,75.62,1030460,92.23
2018-07-20,75.64,75.76,75.07,75.36,970424,91.92
2018-07-23,75.12,75.43,74.21,74.64,867608,91.04
2018-07-24,74.55,75.81,74.34,75.48,1468446,92.06
2018-07-25,75.72,76.31,75.16,76.11,1526478,92.83
2018-07-26,77.89,83.37,77.71,81.71,3663285,99.66
2018-07-27,81.31,81.31,79.36,79.52,2311712,96.99
2018-07-30,79.04,80.34,78.94,80.18,1631672,97.8
2018-07-31,80.35,80.92,79.67,80.52,1836224,98.21
2018-08-01,80.61,80.71,79.12,79.14,1629174,96.53
2018-08-02,78.92,80.05,78.55,79.97,1388243,97.54
2018-08-03,80.54,82.68,80.12,81.3,1437561,99.16
2018-08-06,81.55,82.21,81.13,82.04,1389751,100.07
2018-08-07,82.07,82.08,80.36,80.82,1535623,98.58
2018-08-08,80.77,80.9,79.93,80.09,818979,97.69
2018-08-09,80.18,80.37,79.46,79.81,907499,97.34
2018-08-10,79.61,80.31,79.33,80.1,687931,97.7
2018-08-13,80.13,80.45,79.53,80.4,786558,98.06
2018-08-14,80.43,81.09,80.27,80.85,694043,98.61
2018-08-15,81.04,82.41,80.36,82.35,1178431,100.44
2018-08-16,82.56,82.91,81.78,82.4,1529892,100.5
2018-08-17,82.4,83.59,82.22,83.2,3548445,101.48
2018-08-20,83.54,84.26,83.37,83.99,1076381,102.44
2018-08-21,83.78,83.99,82.33,82.88,1076210,101.09
2018-08-22,82.81,82.84,81.74,82.15,861576,100.2
2018-08-23,81.86,82.16,81.57,81.75,708352,98.99
2018-08-24,81.74,82.6,81.48,82.39,1000142,99.77
2018-08-27,82.77,82.87,81.63,82,677878,99.29
2018-08-28,82,82.24,81.34,81.56,689732,98.76
2018-08-29,81.97,82.41,81.84,82.26,724106,99.61
2018-08-30,82.12,82.85,81.9,82.52,1001015,99.92
2018-08-31,82.67,83.31,82.46,83.01,1386812,100.52
2018-09-04,83.17,84.09,82.92,83.82,1418305,101.5
2018-09-05,83.62,85.52,83.47,84.95,2396598,102.87
2018-09-06,84.9,86.26,84.64,86.08,1462726,104.24
2018-09-07,85.61,85.93,84.89,85.59,1272342,103.64
2018-09-10,85.51,86.5,85.38,86.22,1295179,104.41
2018-09-11,86.5,87.05,85.84,86.08,1058086,104.24
2018-09-12,86.31,87.61,85.81,87.55,1503164,106.02
2018-09-13,87.54,88.06,86.96,88.03,1108228,106.6
2018-09-14,88.1,88.16,86.96,87.51,995769,105.97
2018-09-17,87.45,87.45,85.63,85.7,1963252,103.77
2018-09-18,85.41,85.85,83.9,85.42,1174549,103.44
2018-09-19,85.79,85.79,84.52,84.78,744473,102.66
2018-09-20,84.91,85.65,84.68,85.43,955278,103.45
2018-09-21,85.92,86.5,85.62,85.8,1820325,103.9
2018-09-24,85.6,85.75,84.28,84.39,710772,102.19
2018-09-25,84.19,84.67,84.12,84.47,924823,102.29
2018-09-26,84.56,85.03,84.18,84.23,951700,102
2018-09-27,83.75,84.75,83.56,84.02,603358,101.74
2018-09-28,83.82,84.6,83.66,84.23,785737,102
2018-10-01,84.44,84.47,83.57,83.94,867261,101.64
2018-10-02,84.42,85.27,84.16,84.81,605960,102.7
2018-10-03,84.74,85.27,83.94,84.32,1039128,102.1
2018-10-04,84.23,84.94,83.75,84.84,891563,102.73
2018-10-05,85.3,86.45,85.19,86.21,1218348,104.39
2018-10-08,85.89,87.98,85.89,87.73,1033659,106.23
2018-10-09,87.55,87.84,86.56,86.65,998274,104.92
2018-10-10,86.82,87.54,85.6,85.67,1301319,103.74
2018-10-11,85.99,86.17,83.95,84.31,1031700,102.09
2018-10-12,84.67,85.66,84.16,85.4,960266,103.41
2018-10-15,85.36,87.03,85.33,86.68,853935,104.96
2018-10-16,86.65,87.36,86.3,87.12,776601,105.5
2018-10-17,87.05,87.34,86.21,86.87,940997,105.19
2018-10-18,87.05,87.83,85.75,86.36,1660050,104.58
2018-10-19,87.11,88.19,86.96,88.02,1483897,106.58
2018-10-22,88.04,88.39,87.05,87.36,1047384,105.78
2018-10-23,86.98,89.19,86.98,88.95,1515554,107.71
2018-10-24,89.11,90.44,88.83,89.33,1912119,108.17
2018-10-25,83.9,85.83,81.88,84.93,2522029,102.84
2018-10-26,84.47,85.65,83.75,84.66,1875971,102.52
2018-10-29,85.4,88.71,85.4,87.54,2261617,106
2018-10-30,87.54,89.26,87.35,89.22,2145483,108.04
2018-10-31,88.33,89.77,87.06,88.49,1914940,107.15
2018-11-01,88.56,89.16,88.09,88.64,1065245,107.34
2018-11-02,88.57,88.58,86.77,87.41,1311930,105.84
2018-11-05,87.72,89.01,87.54,88.34,1492516,106.97
2018-11-06,88.39,89.11,88.16,88.93,1014484,107.69
2018-11-07,89.6,89.68,88.06,89.23,2050541,108.05
2018-11-08,88.76,89.18,87.83,88.42,2016884,107.07
2018-11-09,88.7,89.78,88.26,89.67,1805499,108.58
2018-11-12,89.46,90.68,89.25,89.74,1237944,108.67
2018-11-13,89.64,90.34,88.88,90.13,1433637,109.14
2018-11-14,90.22,90.22,88.84,89.15,1098054,107.95
2018-11-15,88.87,89.87,88.18,89.53,1571239,108.41
2018-11-16,89.55,90.91,89.55,90.14,1845703,109.15
2018-11-19,90.01,90.58,89.05,89.48,1280762,108.35
2018-11-20,89.67,90.88,88.47,88.52,1677790,106.48
2018-11-21,88.37,89.23,87.79,88.26,1494087,106.16
2018-11-23,88.31,88.8,88.16,88.3,816658,106.21
2018-11-26,88.44,88.7,87.4,88.12,1143613,106
2018-11-27,88.17,89.01,87.68,88.63,1561431,106.61
2018-11-28,87.92,89.07,87.92,88.66,1468985,106.65
2018-11-29,88.51,89.59,88.5,89.33,858215,107.45
2018-11-30,89.65,90.19,89.45,90.04,3078046,108.3
2018-12-03,90.22,90.88,89.42,90.56,2287461,108.93
2018-12-04,90.79,91.7,89.65,89.87,2417877,108.1
2018-12-06,89.79,89.93,87.38,89.9,1624606,108.14
2018-12-07,89.73,90.15,88.49,89.07,1350023,107.14
2018-12-10,89.45,89.45,87.5,89.06,1099393,107.13
2018-12-11,89.5,90.3,89.19,89.71,1358789,107.91
2018-12-12,90.06,91,89.8,90.64,1169040,109.03
2018-12-13,90.54,91.57,90.18,91.46,1341493,110.01
2018-12-14,91.16,91.45,89.46,89.68,1158940,107.87
2018-12-17,89.61,90.03,86.89,87.43,1156298,105.17
2018-12-18,87.62,87.84,86.21,86.76,1373130,104.36
2018-12-19,89.3,90.45,88.4,89.23,2574138,107.33
2018-12-20,88.69,89.7,87.51,88.48,1691825,106.43
2018-12-21,88.32,90.88,88.05,88.05,2564825,105.91
2018-12-24,88.04,88.04,85.68,85.94,631087,103.37
2018-12-26,86.05,87.93,84.89,87.82,933477,105.63
2018-12-27,87.59,88.24,85.71,88.23,1111120,106.13
2018-12-28,88.43,89.7,88.01,88.37,1162707,106.3
2018-12-31,88.52,89.13,87.97,89.11,959741,107.18
2019-01-02,88.27,88.59,87.1,87.66,1183920,105.44
2019-01-03,87.48,89.25,87.22,88.32,1453430,106.24
2019-01-04,88.38,89.3,87.73,88.19,1831998,106.08
2019-01-07,87.9,88.35,87.23,87.63,1975767,105.41
2019-01-08,88.04,88.69,87.22,88.52,1797518,106.47
2019-01-09,88.46,88.92,87.61,87.87,1116097,105.69
2019-01-10,87.99,88.9,87.81,88.79,1150101,106.8
2019-01-11,88.75,88.98,87.44,88.61,1236153,106.59
2019-01-14,88.47,88.7,87.92,88.15,1280455,106.03
2019-01-15,88.09,89.65,88.07,89.56,871815,107.73
2019-01-16,89.4,89.68,88.37,88.71,845124,106.7
2019-01-17,88.71,89.69,88.71,89.6,1060130,107.78
2019-01-18,89.83,90.24,89.21,89.9,1027868,108.14
2019-01-22,89.95,90.45,89.11,90.04,1207256,108.31
2019-01-23,90.15,90.54,89.75,90.25,931405,108.56
2019-01-24,88.96,89.08,87.24,87.6,1322054,105.37
2019-01-25,87.9,88.27,86.5,86.71,1739667,104.3
2019-01-28,86.75,87.42,86.38,87.25,1234062,104.95
2019-01-29,87.15,87.96,86.74,87.3,985539,105.01
2019-01-30,87.47,88.77,87.38,87.78,1520614,105.58
2019-01-31,85.88,88.57,83.8,88.21,3683222,106.1
2019-02-01,88.17,88.5,86.73,87.11,1688503,104.78
2019-02-04,87.24,87.92,86.62,87.9,1274394,105.73
2019-02-05,87.78,88.87,87.43,88.21,1661186,106.1
2019-02-06,88.18,88.63,87.92,88.24,970750,106.14
2019-02-07,87.42,88.93,86.76,88.92,1158558,106.96
2019-02-08,88.8,90.21,88.51,90.14,1503047,108.42
2019-02-11,90.39,91.05,89.98,90.31,1350750,108.63
2019-02-12,90.34,91.42,90.07,91.2,1074890,109.7
2019-02-13,91.3,91.41,90.25,90.73,1790184,109.14
2019-02-14,90.26,90.61,89.64,89.95,1018308,108.2
2019-02-15,90.49,91.38,90.42,90.91,3229168,109.35
2019-02-19,90.64,91.44,90.18,91.19,1247701,109.69
2019-02-20,91.11,92.18,90.79,92.02,1674719,110.68
2019-02-21,91.96,93.32,91.56,93.05,1266966,111.2
2019-02-22,91.72,92.67,91.28,92.23,1223153,110.22
2019-02-25,92.32,92.51,91.26,91.61,1044363,109.47
2019-02-26,91.86,92.44,91.71,91.83,1144753,109.74
2019-02-27,91.51,91.87,91.13,91.7,1257741,109.58
2019-02-28,91.88,92.69,91.75,92.62,1484412,110.68
2019-03-01,92.99,93.94,92.7,93.92,1337643,112.23
2019-03-04,93.92,94.1,91.87,92.59,1440346,110.64
2019-03-05,92.59,93.7,92.23,93.51,1087307,111.75
2019-03-06,93.36,93.97,93,93.46,1146810,111.68
2019-03-07,93.42,93.92,93.14,93.67,876596,111.93
2019-03-08,93.71,93.79,92.31,93.09,1111773,111.24
2019-03-11,92.82,93.25,92.37,93.21,813223,111.39
2019-03-12,93.34,93.56,92.29,92.35,1003019,110.36
2019-03-13,92.39,92.85,92.22,92.7,841929,110.78
2019-03-14,92.76,92.8,92.16,92.37,1041190,110.38
2019-03-15,92.56,93.17,92.36,92.71,1759710,110.79
2019-03-18,92.67,92.82,91.87,92.49,1234882,110.52
2019-03-19,92.39,92.69,91.23,91.49,1497524,109.33
2019-03-20,91.65,92.33,91.17,91.88,1325599,109.8
2019-03-21,92.01,93.4,91.87,93.31,1316860,111.5
2019-03-22,93.39,94.51,93.35,93.72,1490317,112
2019-03-25,93.33,94.3,93.32,94.08,841633,112.42
2019-03-26,94.37,94.9,94.17,94.77,999073,113.25
2019-03-27,94.78,95.59,94.1,94.74,858034,113.22
2019-03-28,94.98,95.77,94.9,95.67,999133,114.33
2019-03-29,95.92,96.18,95.33,96.09,1288998,114.83
2019-04-01,96.04,96.23,94.76,95.26,782930,113.84
2019-04-02,95.37,96.09,94.6,96.03,1125954,114.75
2019-04-03,96.03,96.55,95.35,96.12,1409960,114.86
2019-04-04,96.25,96.57,96.01,96.16,951223,114.91
2019-04-05,96.42,97.13,96.26,96.96,935225,115.87
2019-04-08,96.95,97.33,96.64,97.3,671647,116.27
2019-04-09,97.07,97.68,96.64,97.09,812674,116.02
2019-04-10,97.15,97.43,96.86,97.33,659003,116.31
2019-04-11,97.32,97.48,96.43,97,1141982,115.92
2019-04-12,96.91,97.36,96.56,97.16,888535,116.11
2019-04-15,97.28,97.74,97.08,97.69,473587,116.74
2019-04-16,97.69,98.09,97.33,97.77,870296,116.83
2019-04-17,97.98,97.98,96.63,97.7,1048686,116.75
2019-04-18,97.96,98.2,97.39,97.87,1023810,116.96
2019-04-22,97.74,98.39,97.55,97.94,711992,117.04
2019-04-23,97.94,98.53,97.38,97.79,1087571,116.86
2019-04-24,97.72,98.63,97.64,97.97,1597602,117.07
2019-04-25,100.52,104.29,100.42,102.46,3146730,122.44
2019-04-26,102.51,105.54,102.51,104.74,2057552,125.17
2019-04-29,104.21,104.32,103.21,104.03,1761929,124.31
2019-04-30,104.18,104.85,103.28,104.48,1670033,124.85
2019-05-01,104.6,104.85,102.85,102.86,1608401,122.92
2019-05-02,102.85,105.02,101.78,102.54,1659969,122.54
2019-05-03,102.6,102.92,101.45,101.95,1209873,121.83
2019-05-06,101.42,103.56,101.31,103.46,1515609,123.64
2019-05-07,103.62,104.03,102.53,104.03,1902908,124.31
2019-05-08,103.88,105.02,103.51,104.49,1546744,124.86
2019-05-09,104.46,105.12,103.54,105.02,1396978,125.5
2019-05-10,105,106.26,104.53,106.18,1312449,126.88
2019-05-13,105.6,106.59,105.45,106.33,1850562,127.07
2019-05-14,106.23,106.69,105.86,106.33,1781044,127.06
2019-05-15,106.49,107.1,106.28,106.9,1420334,127.74
2019-05-16,106.85,107.65,106.47,107.52,2196036,128.49
2019-05-17,107.09,108.51,107.09,107.87,2025043,128.9
2019-05-20,107.87,108.34,107.76,108.2,1036984,129.3
2019-05-21,108.69,109.3,108.16,109.05,1868984,130.31
2019-05-22,109.21,110.28,108.9,109.99,1451474,131.44
2019-05-23,109.69,110.63,109.35,109.57,1713535,130.22
2019-05-24,109.51,110.11,109.08,109.55,1032344,130.19
2019-05-28,109.88,110.15,107.96,107.96,4498723,128.3
2019-05-29,107.62,108.63,107.48,108.45,1867225,128.88
2019-05-30,109.02,110.14,108.48,110.07,1062928,130.81
2019-05-31,109.36,111.07,108.66,111.04,1497290,131.96
2019-06-03,111.01,111.86,110.37,111.35,1362361,132.33
2019-06-04,111.49,112.39,111.24,112.02,1180235,133.13
2019-06-05,112.49,114.71,112.16,114.44,2011508,136.01
2019-06-06,114.65,115.71,113.87,115.48,1519225,137.24
2019-06-07,115.82,117.25,115.79,116.13,1444246,138.01
2019-06-10,116.13,116.4,114.6,115.06,1299650,136.74
2019-06-11,115.06,115.57,114.46,115.13,1259359,136.82
2019-06-12,115.48,116.35,115.48,116.3,834406,138.22
2019-06-13,116.58,117.08,115.51,115.81,1430338,137.63
2019-06-14,116.08,116.9,115.73,116.39,1219835,138.32
2019-06-17,116.54,116.63,114.79,115.87,1363504,137.7
2019-06-18,116.28,116.53,115.38,116.33,1439792,138.25
2019-06-19,116.2,116.38,115.46,116.03,1825098,137.9
2019-06-20,115.35,116,113.71,115.82,1742766,137.64
2019-06-21,115.82,116.31,115.34,115.39,2850575,137.13
2019-06-24,115.84,116.54,115.45,115.66,1882484,137.45
2019-06-25,115.83,116.12,114.62,115.45,1304448,137.2
2019-06-26,114.78,114.97,112.88,112.88,2196876,134.15
2019-06-27,112.54,113.55,112.33,113.49,1223392,134.88
2019-06-28,113.45,113.66,112.4,112.78,2566252,134.03
2019-07-01,113.33,113.52,112.34,112.96,1126320,134.25
2019-07-02,113.15,114.79,113.1,114.51,1268232,136.09
2019-07-03,114.81,116.57,114.76,116.12,941886,138
2019-07-05,116.03,116.34,114.95,116.34,959014,138.26
2019-07-08,116.17,117.03,116.17,116.62,1227668,138.59
2019-07-09,116.76,116.99,116.33,116.64,931980,138.62
2019-07-10,116.6,117.16,116.35,116.6,790123,138.57
2019-07-11,116.55,116.55,114.9,115.35,1187189,137.09
2019-07-12,115.83,115.88,114.92,115.42,718931,137.17
2019-07-15,115.93,116.99,115.55,116.43,1191670,138.37
2019-07-16,116.94,118.25,116.46,118.16,1485265,140.43
2019-07-17,120.28,122.68,119.74,122.61,2462715,145.71
2019-07-18,122.88,124.19,121.9,124.11,1889466,147.5
2019-07-19,123.78,123.94,122.16,122.16,1254638,145.18
2019-07-22,122.54,124.05,122.54,123.74,1182546,147.06
2019-07-23,124.04,124.44,123.19,123.94,1837124,147.29
2019-07-24,123.37,123.83,122.05,123.49,2101827,146.76
2019-07-25,118.74,126.13,117.18,125.98,2213239,149.72
2019-07-26,127.02,129.16,125.04,128.72,1578433,152.98
2019-07-29,128.65,128.86,127.15,128.08,1327408,152.21
2019-07-30,127.83,129.49,127.38,128.12,1105492,152.26
2019-07-31,127.98,128.61,126.41,127.68,1156755,151.74
2019-08-01,128.24,129.03,127.54,127.64,1324090,151.69
2019-08-02,128,129.5,127.54,127.99,1309684,152.11
2019-08-05,127.55,128.26,125.12,125.48,1939905,149.12
2019-08-06,125.48,126.82,125.14,126.53,1458416,150.37
2019-08-07,126.74,128.78,125.01,128.41,1426987,152.61
2019-08-08,128.33,130.09,127.79,130.06,1071103,154.57
2019-08-09,130.28,131.77,130.19,130.83,1295230,155.48
2019-08-12,130.89,131.7,130.42,131.27,536951,156
2019-08-13,130.93,131.85,130.53,130.73,1052950,155.36
2019-08-14,130.47,130.58,127.94,128.25,1213044,152.42
2019-08-15,128.84,131.29,128.45,130.84,1203345,155.5
2019-08-16,131.14,131.62,130.21,130.79,1080092,155.44
2019-08-19,130.95,133.28,130.74,132.75,1019146,157.77
2019-08-20,132.86,133.12,131.46,131.67,965980,156.48
2019-08-21,132.02,133.61,131.8,133.58,1001448,158.75
2019-08-22,133.52,134.22,132.53,133.92,1228364,158.38
2019-08-23,134.36,134.67,132.29,132.78,915470,157.03
2019-08-26,133.2,134.65,132.46,134.49,1024026,159.05
2019-08-27,134.15,135.15,133.77,134.77,1421077,159.38
2019-08-28,134.99,136.48,134.17,135.7,1449478,160.48
2019-08-29,135.92,135.98,133.18,133.59,1123330,157.99
2019-08-30,134.19,135.1,133.34,134,1226452,158.48
2019-09-03,134,135.25,132.96,135.23,1018945,159.93
2019-09-04,135.7,136.63,134.97,136.47,1267025,161.4
2019-09-05,136.94,137.15,135.25,135.54,1308640,160.3
2019-09-06,135.48,135.96,134.22,134.43,1302830,158.98
2019-09-09,134.03,134.06,132.01,132.03,1502989,156.15
2019-09-10,131.06,131.17,126.84,128.98,2498187,152.54
2019-09-11,128.98,130.44,127.26,127.81,2035544,151.15
2019-09-12,126.2,129.08,126.16,127.9,2143823,151.26
2019-09-13,127.14,128.35,125.16,125.62,2214012,148.57
2019-09-16,124.76,126.75,124.3,125.18,1392811,148.04
2019-09-17,126.05,130.17,126.05,129.11,1819969,152.69
2019-09-18,130.13,130.22,128.1,129.41,968702,153.05
2019-09-19,129.48,130.12,129.08,129.75,919166,153.45
2019-09-20,130.09,130.72,129.35,130.17,4694518,153.94
2019-09-23,130.5,131.4,129.63,129.63,878916,153.31
2019-09-24,130.43,132.43,130.23,131.62,1403881,155.66
2019-09-25,131.32,132.31,129.29,129.68,1098005,153.37
2019-09-26,130.55,130.99,129.84,130.45,1113133,154.28
2019-09-27,130.72,131.04,129.06,130.03,598769,153.78
2019-09-30,130.05,131.52,129.86,131.05,999090,154.99
2019-10-01,130.88,131.44,129.73,130.97,729956,154.89
2019-10-02,130.84,131.65,129.48,129.84,898249,153.55
2019-10-03,130.03,131.98,130.03,131.47,1291959,155.48
2019-10-04,132.23,133.2,131.37,133.18,1134886,157.51
2019-10-07,132.71,133.98,132.38,133.34,856346,157.7
2019-10-08,133.4,133.94,131.82,132.14,907498,156.28
2019-10-09,132.3,132.73,131.23,132.3,997603,156.47
2019-10-10,131.78,133.17,131.04,132.16,730952,156.3
2019-10-11,132.74,132.75,130.28,131.32,1089490,155.31
2019-10-14,131.97,132.9,131.11,131.38,1162805,155.38
2019-10-15,131.7,132.11,128.58,128.98,1297592,152.54
2019-10-16,128.56,129.12,127.92,128.13,913220,151.53
2019-10-17,128.07,129.7,128.07,129.14,681232,152.73
2019-10-18,128.96,130.09,128.47,129.43,806669,153.07
2019-10-21,129.25,130.15,128.97,129.86,762934,153.58
2019-10-22,129.61,129.99,126.5,126.62,1074295,149.75
2019-10-23,126.49,127.53,125.81,126.59,1519985,149.71
2019-10-24,123.11,125,120.95,123.76,1965807,146.37
2019-10-25,123.76,124.22,120.21,121.18,1536909,143.31
2019-10-28,121.85,122.13,118.79,119.35,1510719,141.15
2019-10-29,119.47,121.79,119.46,121.46,1563368,143.65
2019-10-30,121.86,123.88,121.39,123.43,1219879,145.97
2019-10-31,123.77,124.7,122.97,124.19,1190296,146.87
2019-11-01,124.52,124.97,120.51,120.97,1191947,143.07
2019-11-04,120.96,121.33,118.23,118.83,1227774,140.53
2019-11-05,118.56,118.95,117.62,118.62,1196298,140.29
2019-11-06,119.52,121,118.94,119.07,1124716,140.82
2019-11-07,119.05,119.6,118.09,119.49,907774,141.32
2019-11-08,119.99,120.42,118.61,119.2,564090,140.97
2019-11-11,119.35,119.86,118.46,119.84,570457,141.73
2019-11-12,119.99,121.13,119.34,120.79,778329,142.85
2019-11-13,121.65,123.59,121.29,123.27,1698007,145.78
2019-11-14,123.61,124.49,123.16,123.71,916668,146.31
2019-11-15,123.49,123.53,121.86,123.24,1189443,145.75
2019-11-18,122.94,124.72,122.61,124.04,824445,146.69
2019-11-19,124.26,125.03,123.56,124.77,895550,147.56
2019-11-20,125.62,126.77,125.2,126.09,1282187,149.12
2019-11-21,126.13,126.34,124.3,124.56,801764,146.55
2019-11-22,124.76,125.15,124.1,124.81,673459,146.84
2019-11-25,124.95,125.33,123.93,124.16,1506893,146.08
2019-11-26,124.57,127.22,124.14,127.15,2619553,149.59
2019-11-27,127.1,127.17,126.08,126.27,958061,148.56
2019-11-29,126.48,126.91,125.37,125.93,523044,148.16
2019-12-02,125.51,126.72,124.76,126.61,797710,148.96
2019-12-03,126.75,127.82,125.56,126.47,1035280,148.8
2019-12-04,126.25,127.65,126.02,127.63,957841,150.16
2019-12-05,127.61,128.13,126.82,127.47,668212,149.97
2019-12-06,127.65,128.05,126.84,126.86,725768,149.25
2019-12-09,127.36,127.66,126.51,127.1,1035834,149.54
2019-12-10,127.17,127.57,126.68,126.98,617311,149.4
2019-12-11,126.77,127.83,126.48,127.3,682369,149.77
2019-12-12,126.74,126.94,124.61,124.79,814385,146.82
2019-12-13,123.99,125.44,123.01,125.07,667313,147.15
2019-12-16,125.26,125.91,124.52,124.76,1126407,146.78
2019-12-17,125.05,125.57,122.85,123,1708428,144.71
2019-12-18,123.49,124.7,123.03,123.94,1159864,145.82
2019-12-19,124.56,125.77,124.04,124.66,1107933,146.67
2019-12-20,125.2,125.43,124.12,125.32,1646577,147.44
2019-12-23,125.68,125.74,124.25,124.36,546638,146.31
2019-12-24,124.32,124.7,123.96,124.17,271053,146.09
2019-12-26,124.02,124.8,123.76,124.34,442435,146.29
2019-12-27,124.65,125.65,124.55,125.47,497424,147.62
2019-12-30,125.12,125.16,124.15,124.79,495402,146.82
2019-12-31,124.74,124.95,123.74,124.93,723527,146.98
2020-01-02,125.14,125.63,122.01,122.36,903228,143.96
2020-01-03,122.37,124,122.2,123.47,906870,145.26
2020-01-06,123.47,123.48,122.1,122.88,1268035,144.57
2020-01-07,122.57,123.69,122.38,123.12,993923,144.85
2020-01-08,123.65,124.89,123.13,124.13,1063431,146.04
2020-01-09,124.15,125.12,123.38,124.58,1116482,146.57
2020-01-10,124.8,126.14,124.18,125.91,833586,148.13
2020-01-13,126.08,127.51,125.97,127.23,830476,149.69
2020-01-14,127.36,127.79,125.87,126.5,907121,148.83
2020-01-15,126.46,127.47,126.08,126.23,1001296,148.51
2020-01-16,126.09,127.05,125.09,126.62,1186394,148.97
2020-01-17,126.9,128.54,126.9,128.22,1000324,150.85
2020-01-21,128.42,129.95,128.15,129.9,1040411,152.83
2020-01-22,130.21,130.56,129.32,129.57,591465,152.44
2020-01-23,129.45,131.25,129.23,130.75,712024,153.83
2020-01-24,130.95,131.6,130.16,131.47,684084,154.68
2020-01-27,131,131.93,129.82,129.92,1367676,152.85
2020-01-28,129.57,130.21,128.63,129.36,941085,152.19
2020-01-29,129.43,129.77,128.3,128.47,911835,151.15
2020-01-30,128.68,134.46,128.48,134.41,1495431,158.14
2020-01-31,133.87,135.85,131.87,131.89,1553705,155.17
2020-02-03,132.4,133.05,131.02,131.45,922272,154.65
2020-02-04,131.82,132.06,129.3,129.57,946434,152.44
2020-02-05,129.35,130.55,128.93,129.94,893358,152.88
2020-02-06,129.48,131.58,129.3,131.18,791821,154.34
2020-02-07,131.52,132.8,131.15,132.64,825854,156.05
2020-02-10,132.94,134.53,132.94,133.44,859917,156.99
2020-02-11,133.33,134.5,133.1,134,767020,157.65
2020-02-12,133.77,134.59,133.15,134.18,781214,157.86
2020-02-13,134.01,135.55,133.76,135.43,864873,159.33
2020-02-14,135.14,136.5,134.99,136.28,787189,160.34
2020-02-18,135.93,136.78,135.62,136.05,1293510,160.06
2020-02-19,136.17,137.55,135.83,136.41,913125,160.49
2020-02-20,135.63,136.96,135.29,136.75,817962,160.11
2020-02-21,136.48,137.47,135.24,136.93,1337206,160.32
2020-02-24,136.13,137.45,135.1,135.75,1241443,158.94
2020-02-25,135.85,137.06,134,134.36,1647507,157.32
2020-02-26,134.36,138.15,134.35,135.27,1347843,158.38
2020-02-27,134.19,136.53,129.7,129.79,1934071,151.96
2020-02-28,127.34,127.96,120.43,122.98,2480622,143.99
2020-03-02,123.26,130.32,123.26,130.13,1429925,152.36
2020-03-03,130.77,133.72,129.45,131.09,1535154,153.49
2020-03-04,133.23,137.54,132.36,137.46,1137941,160.95
2020-03-05,135.65,136.96,134.12,135.8,1106733,159
2020-03-06,131.72,134.45,130.65,133.48,1264148,156.29
2020-03-09,128.24,131.66,126.4,128.97,1387611,151
2020-03-10,130.65,132.34,126.4,132,2354454,154.55
2020-03-11,128.22,129.67,125.39,127.06,1206338,148.77
2020-03-12,118.34,121.87,113.46,113.48,2743845,132.87
2020-03-13,119.65,119.67,112.22,119.43,2247647,139.84
2020-03-16,109.72,116.65,98.4,111.02,2158441,129.99
2020-03-17,109.67,123.49,109.16,118.8,2896682,139.1
2020-03-18,112.92,116.97,95.3,99.17,3321644,116.11
2020-03-19,99.13,109.11,98.23,104.02,2037222,121.79
2020-03-20,102.61,107.87,99.57,100.55,2005566,117.73
2020-03-23,100.57,104.59,93.85,95.17,2085366,111.43
2020-03-24,97.92,105.23,97.55,104.13,1695221,121.92
2020-03-25,105.46,111.71,103.66,107.73,2179573,126.14
2020-03-26,107.72,113.66,107.72,113.12,1586909,132.45
2020-03-27,110.21,115.74,110.01,111.75,1733487,130.84
2020-03-30,113.84,118.39,113.84,117.68,1448381,137.78
2020-03-31,116.88,117.91,112.79,113.17,2822429,132.5
2020-04-01,109.66,114.15,109.11,112.45,1560589,131.66
2020-04-02,110.88,116.57,110.85,115.92,2218800,135.73
2020-04-03,115.2,119.97,115.2,119.37,1659472,139.77
2020-04-06,122.6,122.99,117.91,121.16,1448511,141.86
2020-04-07,121.41,123.52,119.6,120.52,1515258,141.11
2020-04-08,120.95,123.02,120.03,121.89,879508,142.71
2020-04-09,121.94,125.85,121.9,122.91,1139455,143.91
2020-04-13,122.3,123.35,120.54,121.83,2188103,142.65
2020-04-14,122.86,125.94,121.07,124.81,1256908,146.13
2020-04-15,124.8,125.34,121.09,121.79,1844018,142.6
2020-04-16,123,125.27,121.85,124.23,1717461,145.45
2020-04-17,125.89,126.21,122.95,125.09,1289938,146.46
2020-04-20,122.35,125.81,122.18,123.48,1136307,144.58
2020-04-21,124.9,124.9,120.21,120.95,1386600,141.62
2020-04-22,121.78,124.25,121.71,122.37,1487113,143.28
2020-04-23,119.57,121.29,116.04,116.93,2282623,136.91
2020-04-24,116.18,116.67,113.93,115.93,1575531,135.74
2020-04-27,116.62,117.59,115.39,115.39,1402608,135.11
2020-04-28,115.39,116.26,114.28,114.66,1300879,134.25
2020-04-29,114.93,115.22,112.81,114.8,2035148,134.41
2020-04-30,114.96,115.21,112.74,113.11,1422148,132.43
2020-05-01,112.26,114.23,111.35,113.2,1254860,132.54
2020-05-04,112.64,112.74,110.95,112.1,1224398,131.25
2020-05-05,112.39,113.51,110.82,112.19,1291109,131.36
2020-05-06,112.77,113.58,112.08,112.51,940300,131.73
2020-05-07,113.54,113.86,111.36,111.48,1077468,130.53
2020-05-08,112.95,114.24,112.58,113.75,908708,133.19
2020-05-11,113.7,115.46,113.52,113.55,1216875,132.95
2020-05-12,114.33,115.04,113.09,113.14,737422,132.47
2020-05-13,113.05,114.13,111.69,112.63,908229,131.87
2020-05-14,112.59,113.27,110.59,111.91,1266477,131.03
2020-05-15,111.8,113.99,111.07,111.35,3640168,130.38
2020-05-18,112.66,113.46,110.01,112.97,2115124,132.27
2020-05-19,112.31,112.96,110.62,111.81,1279016,130.91
2020-05-20,112.58,113.02,111.65,112.07,1354548,131.22
2020-05-21,111.86,112.08,109.24,110,3131296,128.03
2020-05-22,110.37,112.17,109.63,111.91,997833,130.26
2020-05-26,113.19,113.29,109.82,110.2,1883087,128.27
2020-05-27,110.26,114.49,109.15,114.31,1565517,133.05
2020-05-28,115.9,117,114.76,116.83,1544645,135.98
2020-05-29,116.47,117.65,115,116.57,3940411,135.68
2020-06-01,116.73,118.05,115.83,117.21,812017,136.43
2020-06-02,117.02,117.87,116.21,117.86,2175906,137.18
2020-06-03,118.24,118.52,115.28,115.31,1103410,134.22
2020-06-04,114.97,116.04,113.81,114.64,1246850,133.43
2020-06-05,115.17,117.08,114.51,116.36,1434196,135.44
2020-06-08,115.69,116.63,114.6,116.56,2110646,135.67
2020-06-09,116.33,116.33,114.15,114.56,1420069,133.34
2020-06-10,115.15,116.59,114.07,116.26,1474176,135.32
2020-06-11,115.57,116.25,110.89,110.91,1318016,129.09
2020-06-12,112.32,112.85,109.65,110.92,1190370,129.11
2020-06-15,109.33,111.86,108.25,111.8,1416722,130.13
2020-06-16,113.87,114.42,112.2,113.9,892419,132.58
2020-06-17,114.22,114.66,113.34,113.65,1001035,132.28
2020-06-18,113.1,114.24,112.87,113.87,669678,132.54
2020-06-19,114.3,114.82,111.17,111.22,4529067,129.45
2020-06-22,111.28,112.93,111.18,112.17,1148975,130.56
2020-06-23,113.57,113.87,111.7,111.9,1190054,130.25
2020-06-24,111.09,111.64,109.05,109.95,1129465,127.98
2020-06-25,109.58,110.67,108.84,110.55,1277819,128.67
2020-06-26,110.61,111.23,107.92,108.12,1985768,125.85
2020-06-29,108.39,110.19,107.82,109.63,920199,127.61
2020-06-30,110.18,111.99,109.88,111.36,2651912,129.62
2020-07-01,111.49,112.54,111.25,111.79,1410748,130.12
2020-07-02,112.59,113.13,111,111.57,1635290,129.86
2020-07-06,112.99,112.99,110.46,111.22,1114270,129.45
2020-07-07,110.83,111.62,110.47,111.04,1299580,129.25
2020-07-08,110.81,111.26,109.26,110.42,1176510,128.52
2020-07-09,110.05,110.16,108.3,108.9,881045,126.75
2020-07-10,108.55,109.96,108.16,109.76,741591,127.75
2020-07-13,110.29,110.77,109.61,109.87,1334805,127.88
2020-07-14,109.6,113.36,109.46,113.23,1971560,131.8
2020-07-15,114.15,114.72,112.94,113.41,1271082,132
2020-07-16,113.82,116.42,113.54,115.51,1753960,134.45
2020-07-17,115.45,117.84,115.05,117.19,3887275,136.4
2020-07-20,117.05,117.29,115.71,116.42,1205374,135.51
2020-07-21,116.59,118.79,116.56,117.97,1306667,137.31
2020-07-22,117.8,118.97,117.02,118.96,1821823,138.46
2020-07-23,122.86,125.91,122.35,125.72,2420228,146.33
2020-07-24,126.32,126.82,124.54,125.16,1257987,145.68
2020-07-27,125.43,126.06,124.07,125.68,956560,146.29
2020-07-28,125.43,126.15,124.74,125.2,1018110,145.73
2020-07-29,125.16,125.99,124.81,125.27,1017381,145.81
2020-07-30,124.61,125.16,123.85,124.82,845421,145.29
2020-07-31,124.44,124.98,123.21,124.93,2050688,145.41
2020-08-03,124.86,125.7,124.03,124.52,1348072,144.94
2020-08-04,123.99,125.18,123.84,123.97,1095496,144.3
2020-08-05,124.16,124.49,121.96,122.23,794690,142.27
2020-08-06,121.84,123.5,121.77,123.43,669986,143.67
2020-08-07,122.87,124,122.65,123.65,795231,143.92
2020-08-10,123.96,124.36,123.31,123.65,616043,143.92
2020-08-11,124.06,124.15,121.9,122.44,1071860,142.51
2020-08-12,122.83,126.06,122.43,125.45,959412,146.02
2020-08-13,125.86,126.29,124.94,125.92,837069,146.57
2020-08-14,125.84,126.23,125.18,125.49,641103,146.07
2020-08-17,125.72,127.92,125.28,127.44,950675,148.33
2020-08-18,127.32,129.11,126.58,128.52,1144749,149.59
2020-08-19,127.54,127.99,126.84,126.95,1331773,147.76
2020-08-20,126.59,128.62,126.41,127.62,1575272,147.74
2020-08-21,127.87,128.09,126.76,127.36,827046,147.43
2020-08-24,127.85,128.89,127.11,128.57,502310,148.84
2020-08-25,129.32,129.32,127.82,128.43,574725,148.67
2020-08-26,128.18,129.13,127.23,128.84,1130312,149.15
2020-08-27,129.5,130.15,128.34,128.45,780701,148.7
2020-08-28,128.63,128.95,127.15,128.89,473523,149.2
2020-08-31,128.56,129.23,128.24,128.4,897006,148.64
2020-09-01,128.4,128.5,126.66,128.21,732806,148.42
2020-09-02,127.86,130.1,127.86,129.08,871049,149.42
2020-09-03,129.35,131.46,126.98,128.16,951954,148.36
2020-09-04,128.61,129.2,126.35,128.54,871705,148.8
2020-09-08,128.54,128.8,125.42,125.71,1077409,145.52
2020-09-09,126.79,128.76,126.67,127.61,713423,147.72
2020-09-10,127.32,127.74,125.2,125.39,816065,145.15
2020-09-11,125.65,126.9,125.34,125.69,582193,145.5
2020-09-14,126.25,126.81,124.81,124.83,652331,144.5
2020-09-15,124.98,126.44,124.18,124.69,1012764,144.34
2020-09-16,125.47,126.19,123.67,123.69,712710,143.19
2020-09-17,123.14,123.14,120.56,121.37,943552,140.5
2020-09-18,121.69,122.25,119.31,120,2026156,138.92
2020-09-21,119.21,119.79,116.63,118.35,1639255,137
2020-09-22,118.33,119.48,117.95,118.72,714127,137.43
2020-09-23,119.26,119.63,115.75,116.05,1256935,134.34
2020-09-24,116.21,119.13,116.2,118.92,1052235,137.66
2020-09-25,118.48,120.56,117.91,120.52,809640,139.52
2020-09-28,121.21,122.6,120.64,121.29,692982,140.41
2020-09-29,122.92,123.34,121.2,121.97,810494,141.19
2020-09-30,122.17,124.74,121.99,123.82,984909,143.34
2020-10-01,123.95,124.84,122.41,124.33,873229,143.93
2020-10-02,123.96,124.44,122.74,123.46,596685,142.92
2020-10-05,123.68,124.51,123.2,124.19,482596,143.77
2020-10-06,123.89,124.19,121.88,122.29,759285,141.56
2020-10-07,122.68,124.46,122.45,123.88,698186,143.41
2020-10-08,123.67,124.53,123.25,123.97,568740,143.51
2020-10-09,124.61,126.48,124.26,125.8,715191,145.63
2020-10-12,127,128.69,126.58,127.92,703667,148.08
2020-10-13,127.35,129.02,127.1,128.58,637363,148.85
2020-10-14,128.29,129.77,128.07,129.12,643329,149.47
2020-10-15,128.34,130.3,127.93,129.94,640289,150.42
2020-10-16,130.38,131,129.41,129.51,1284067,149.92
2020-10-19,130.09,130.22,127.21,127.42,697646,147.5
2020-10-20,128.4,128.89,126.75,126.88,491124,146.88
2020-10-21,126.46,127.26,125.33,125.76,777287,145.58
2020-10-22,126.05,126.19,124.79,125.64,500950,145.44
2020-10-23,126.47,126.7,125.97,126.41,446479,146.34
2020-10-26,126.03,126.03,123.68,124.57,690933,144.2
2020-10-27,124.93,125.14,122.98,123.1,893175,142.5
2020-10-28,121.47,122.53,119.31,119.38,1004778,138.2
2020-10-29,119.13,120.47,117.89,119.06,781059,137.83
2020-10-30,118.46,119.39,117.34,118.74,949021,137.46
2020-11-02,120.64,122.67,120.23,121.61,1335538,140.78
2020-11-03,122.51,124.88,122.46,123.29,629066,142.72
2020-11-04,124.22,126.63,123.63,124.34,1256716,143.94
2020-11-05,125.76,126.36,124.26,124.91,1027728,144.6
2020-11-06,128.63,130.21,126.82,129.06,1442061,149.4
2020-11-09,131.8,133.45,129.24,129.33,1273905,149.72
2020-11-10,129.73,132.65,129.11,131.53,1129321,152.26
2020-11-11,132.11,132.88,130.92,132.74,796828,153.66
2020-11-12,133.02,133.19,131.22,132.65,656121,153.56
2020-11-13,133.09,133.31,131.51,133.03,664516,154
2020-11-16,133.85,134.31,132.85,134,990166,155.12
2020-11-17,133.48,133.87,131.82,132.11,792717,152.93
2020-11-18,132.61,133.37,130.06,130.13,836698,150.64
2020-11-19,129.47,130.19,128.22,129.75,770874,149.4
2020-11-20,129.48,129.72,127.69,128.34,724020,147.78
2020-11-23,128.08,128.84,127.07,127.52,760059,146.83
2020-11-24,128.19,129.29,127.77,128.72,2344469,148.21
2020-11-25,128.9,129.69,128.37,128.66,1671425,148.15
2020-11-27,128.92,128.93,127.14,128.58,1367355,148.05
2020-11-30,128.01,128.56,127,128.44,1977559,147.89
2020-12-01,129.4,130.38,128.61,130.31,1451098,150.04
2020-12-02,130.27,131.83,128.92,129.62,1236647,149.25
2020-12-03,129.4,130.44,129.3,130.12,830259,149.83
2020-12-04,130.27,131.23,130.17,131.03,1291303,150.87
2020-12-07,131.83,132.63,129.13,130.03,999829,149.72
2020-12-08,129.49,131.75,129.26,130.82,904043,150.63
2020-12-09,130.66,132.62,129.49,132.13,1305941,152.14
2020-12-10,132.3,132.71,129.99,130.01,1033345,149.7
2020-12-11,129.39,130.45,129.39,129.5,704460,149.11
2020-12-14,129.9,131.64,129.44,129.52,713118,149.14
2020-12-15,129.85,130.98,129.59,130.47,822876,150.23
2020-12-16,130.41,131.72,129.81,130.51,842260,150.28
2020-12-17,131.23,132.69,130.58,131.67,920720,151.61
2020-12-18,131.91,132.31,130.38,131.04,2516573,150.88
2020-12-21,129.41,130.65,127.54,129.98,1063217,149.66
2020-12-22,129.76,129.98,128.71,129.07,621867,148.62
2020-12-23,129.82,130.53,129.55,129.79,669920,149.45
2020-12-24,129.79,130.43,129.26,130.23,218107,149.95
2020-12-28,131.28,131.91,130.64,131.83,485493,151.8
2020-12-29,132.43,132.85,131.34,131.52,594266,151.44
2020-12-30,131.58,132.01,130.59,130.73,448832,150.53
2020-12-31,130.61,132.48,129.85,132.3,585039,152.33
2021-01-04,132.89,133.24,129.92,131.05,982882,150.9
2021-01-05,131.12,131.61,129.85,130.91,753596,150.73
2021-01-06,131.84,133.68,131.06,131.44,987262,151.35
2021-01-07,131.35,132.29,130.48,131.29,718180,151.17
2021-01-08,131.54,132.3,131.01,132.03,665658,152.03
2021-01-11,131.88,132.38,130.12,130.37,680913,150.11
2021-01-12,129.95,130.92,128.78,129.73,700489,149.38
2021-01-13,129.71,131.82,129.36,130.2,810670,149.92
2021-01-14,130.54,130.82,127.96,128.03,945530,147.42
2021-01-15,127.74,129.83,127.56,128.93,1459708,148.46
2021-01-19,129.45,130.58,128.69,129.19,914318,148.75
2021-01-20,129.23,130.05,128.19,129.95,987395,149.63
2021-01-21,130.27,130.27,128.75,129.39,930585,148.98
2021-01-22,129.27,129.91,128.3,128.71,747565,148.2
2021-01-25,128.4,130.33,127.63,128.13,1214369,147.53
2021-01-26,128.16,130.18,126.48,129.85,1272895,149.52
2021-01-27,129.39,129.84,126.46,126.96,1367429,146.19
2021-01-28,127.15,129.63,126.88,128.72,1407967,148.21
2021-01-29,128.67,130.02,126.21,126.31,1546767,145.44
2021-02-01,126.49,127.12,125.6,126.02,948677,145.11
2021-02-02,126.58,128.95,126.09,127.77,1141482,147.12
2021-02-03,127.75,128.34,126.42,127.3,986437,146.58
2021-02-04,128.41,130.27,126.2,127.86,1391748,147.22
2021-02-05,128.45,129.75,127.31,127.32,940276,146.6
2021-02-08,131.36,131.46,127.95,129.69,2170274,149.33
2021-02-09,129.59,131.37,129.53,129.94,1234700,149.62
2021-02-10,130.55,130.84,129.59,130.27,984957,150
2021-02-11,129.91,130.95,129.79,130.64,971629,150.42
2021-02-12,130.14,131.8,130,131.47,866476,151.38
2021-02-16,131.33,132.29,130.4,131.47,1297628,151.38
2021-02-17,131.08,132.41,131.01,131.39,949564,151.29
2021-02-18,130.84,134.34,130.8,133.58,1723962,152.99
2021-02-19,133.91,134.08,129.88,129.96,1364157,148.85
2021-02-22,130.18,130.18,127.91,129.44,951435,148.25
2021-02-23,130.14,131.36,128.44,129.2,1621562,147.98
2021-02-24,129.2,129.66,128.45,128.85,946457,147.57
2021-02-25,128.73,130.22,128.61,128.85,1707065,147.57
2021-02-26,129.26,130.03,127.09,127.17,1249474,145.65
2021-03-01,127.63,129.14,126.36,126.77,1312107,145.19
2021-03-02,126.69,127.89,125.36,126.91,1098623,145.35
2021-03-03,126.84,127.31,125.95,126.05,1306450,144.37
2021-03-04,126.47,130.19,126.13,127.55,1409353,146.09
2021-03-05,128.08,131.67,127.53,131.3,1222253,150.38
2021-03-08,132.1,135,131.02,132.53,1244441,151.79
2021-03-09,132.51,133.78,131.4,131.46,1089180,150.56
2021-03-10,131.21,134.03,130.14,133.28,1242857,152.65
2021-03-11,132.59,133.67,132.3,132.63,1078525,151.9
2021-03-12,133.11,133.48,132.02,133.1,854113,152.44
2021-03-15,133.91,134.05,132.09,133.87,865382,153.32
2021-03-16,134.1,134.7,133.26,134.01,1023723,153.49
2021-03-17,135.74,136.08,134.19,134.95,1121463,154.56
2021-03-18,134.49,136.61,134.46,136.27,754424,156.07
2021-03-19,136.77,137.04,135.03,135.07,2062132,154.7
2021-03-22,134.56,136.75,134.41,136.54,915840,156.38
2021-03-23,136.71,137.29,136.07,137.01,780611,156.92
2021-03-24,136.25,138.17,135.26,137.31,1089559,157.26
2021-03-25,137.79,138.49,136.36,137.11,1053540,157.04
2021-03-26,137.41,139.08,136.69,139.06,794750,159.27
2021-03-29,138.65,141.19,138.52,140.69,925593,161.13
2021-03-30,140.48,141.06,138.33,138.7,1150810,158.86
2021-03-31,138.29,139.44,137.67,138.09,1422567,158.16
2021-04-01,138.12,139.28,136.45,138.62,1069378,158.76
2021-04-05,138.8,140.87,138.44,139.13,1137001,159.35
2021-04-06,139.35,141.05,139.03,140.36,1086989,160.76
2021-04-07,140.57,140.89,139.62,140.2,923284,160.57
2021-04-08,140.14,140.62,139.17,139.79,1138304,160.11
2021-04-09,140.25,140.41,138.49,139.26,842179,159.5
2021-04-12,139.31,139.95,138.8,139.35,942726,159.6
2021-04-13,138.43,139.39,138.11,138.67,1136713,158.82
2021-04-14,138.7,138.86,136.97,138.12,993265,158.19
2021-04-15,140.57,140.88,139.33,140.48,1079558,160.9
2021-04-16,140.84,141.03,139.8,140.56,1260671,160.99
2021-04-19,140.58,140.58,140.55,140.55,8989,160.98
2021-04-20,140.27,142.48,139.94,141.61,836812,162.19
2021-04-21,142.13,143.18,142.13,142.27,1097009,162.94
2021-04-22,142.31,142.68,141.07,141.65,1007476,162.24
2021-04-23,141.63,141.96,140.7,140.95,807568,161.43
2021-04-26,141.13,141.13,138.66,138.85,866789,159.03
2021-04-27,138.9,139.22,137.9,138.57,1167942,158.71
2021-04-28,139.05,140.53,138.39,138.7,1439494,158.86
2021-04-29,139.72,144.5,139.27,143.38,1769147,164.22
2021-04-30,143.12,144.06,142.46,143.45,1367778,164.3
2021-05-03,143.8,146.51,143.43,145.58,1295344,166.74
2021-05-04,145.71,146.62,144.73,145.73,1352016,166.91
2021-05-05,145.57,147.49,144.88,147,1057381,168.36
2021-05-06,147.8,149.12,146.61,147.23,1057213,168.63
2021-05-07,147.23,147.67,146.16,147.11,892040,168.49
2021-05-10,147.43,149.43,147.36,148.7,1385242,170.31
2021-05-11,150.03,150.32,147.04,147.49,1092210,168.92
2021-05-12,147.6,148.01,146.19,146.33,1213762,167.6
2021-05-13,146.04,150.65,145.9,149.83,1594995,171.6
2021-05-14,150.22,151.61,149.4,149.4,922906,171.11
2021-05-17,149.5,151.77,149.05,150.6,1703475,172.49
2021-05-18,150.46,152.13,150.46,150.87,2065102,172.79
2021-05-19,150.33,151.12,149.41,150.42,1503410,172.28
2021-05-20,150.54,152.77,150.41,151.84,1389779,173.09
2021-05-21,152.27,153.28,151.99,152.42,1400315,173.76
2021-05-24,152.64,153.59,152.42,152.72,1121243,174.1
2021-05-25,152.7,153.29,151.12,153.27,1150232,174.72
2021-05-26,152.97,153.71,152.44,152.9,1290226,174.3
2021-05-27,152.9,153.43,151.77,152.15,1476824,173.45
2021-05-28,152.21,152.83,151.77,151.8,1358683,173.05
2021-06-01,152.34,153.16,150.77,151.45,1146676,172.65
2021-06-02,151.99,152.82,151.52,152.23,1198332,173.54
2021-06-03,151.99,153.19,151.46,153.11,1109375,174.54
2021-06-04,153.39,153.99,152.83,153.42,912229,174.9
2021-06-07,153.86,153.86,151.59,152.63,975004,173.99
2021-06-08,152.89,152.89,151.83,152.27,877119,173.58
2021-06-09,151.85,152.27,151.35,151.63,822768,172.86
2021-06-10,151.57,153.21,151.57,152.97,873612,174.38
2021-06-11,153.58,153.58,152.11,153.34,643356,174.8
2021-06-14,152.99,153.22,151.71,153.22,779500,174.67
2021-06-15,153.35,153.57,152.51,153.38,548512,174.85
2021-06-16,153.63,153.75,151.35,151.47,776341,172.67
2021-06-17,151.47,152.42,150.48,152.2,605124,173.51
2021-06-18,151.35,151.35,149.45,149.56,1901244,170.49
2021-06-21,150.39,151.17,150.16,151.09,953792,172.24
2021-06-22,151.62,152.25,150.96,151.12,752701,172.27
2021-06-23,150.56,150.68,149.42,149.45,913143,170.37
2021-06-24,149.21,152.3,148.68,151.22,2071935,172.39
2021-06-25,151.36,153.8,150.85,153.62,2196216,175.12
2021-06-28,153.64,154.27,152.51,153.11,844183,174.54
2021-06-29,152.79,153.41,150.46,150.88,1118975,172
2021-06-30,150.88,152.99,150.79,152.79,1496446,174.18
2021-07-01,152.82,153.91,152.14,152.37,1012844,173.7
2021-07-02,152.92,153.43,152.33,152.63,844263,174
2021-07-06,152.73,153.88,151.76,153.6,998218,175.1
2021-07-07,153.58,156.46,153.46,154.89,1509691,176.57
2021-07-08,154.31,155.7,153.5,154.2,1116116,175.79
2021-07-09,154.87,155.45,154.48,155.05,913529,176.75
2021-07-12,154.74,155.15,153.8,155.11,908287,176.82
2021-07-13,154.74,155.35,153.76,154.33,881072,175.93
2021-07-14,154.42,156.15,153.95,155.77,863707,177.57
2021-07-15,155.44,157.59,155.44,157.45,642191,179.49
2021-07-16,157.75,158.4,157.21,157.89,1177841,179.99
2021-07-19,157.56,159,156.2,157.4,1141043,179.43
2021-07-20,158.14,159.86,157.73,158.14,944662,180.28
2021-07-21,158.51,158.57,156.06,156.16,653647,178.02
2021-07-22,155.69,156.31,154.95,155.19,620322,176.91
2021-07-23,155.36,157.38,155.08,157.25,634460,179.26
2021-07-26,157.04,157.38,156.01,156.14,816195,178
2021-07-27,155.96,157.69,155.81,157.23,996293,179.24
2021-07-28,156.7,157.08,153.86,154.83,1168089,176.5
2021-07-29,153.73,157.28,152.81,156.6,1272063,178.52
2021-07-30,156.71,157.7,156.28,156.92,939365,178.88
2021-08-02,157.5,157.5,155.89,156.5,863726,178.41
2021-08-03,156.54,158.05,156.27,157.77,619211,179.85
2021-08-04,157.9,157.97,156.18,156.28,708495,178.16
2021-08-05,157.02,157.75,156.51,156.8,742843,178.75
2021-08-06,157.2,157.7,156.27,156.66,511772,178.59
2021-08-09,156.66,157.26,156.26,156.56,472197,178.47
2021-08-10,156.84,157.35,156.3,156.99,656563,178.96
2021-08-11,157.17,157.79,156.49,156.73,633831,178.67
2021-08-12,157.21,157.23,155.63,155.83,781431,177.64
2021-08-13,156.28,157.66,156.25,157.37,684578,179.4
2021-08-16,157.59,158.98,157.59,158.92,570623,181.16
2021-08-17,159.15,160.28,158.64,159.77,762659,182.13
2021-08-18,159.42,159.59,157.33,157.47,833238,179.51
2021-08-19,156.63,159.71,156.58,158.91,603807,180.25
2021-08-20,158.91,159.65,157.93,158.72,798540,180.03
2021-08-23,158.69,159.06,157.54,157.59,871769,178.75
2021-08-24,157.57,157.66,155.26,155.29,1168857,176.14
2021-08-25,154.98,155.37,154.33,154.82,646876,175.6
2021-08-26,154.41,155.02,153.82,154.38,591489,175.11
2021-08-27,154.88,155.42,153.99,154.84,687491,175.63
2021-08-30,154.52,156.48,154.52,155.64,662042,176.53
2021-08-31,155.51,156.93,155.34,156.67,1357249,177.7
2021-09-01,157.15,157.42,155.85,157.13,601429,178.22
2021-09-02,157.2,157.96,156.42,157.13,621989,178.22
2021-09-03,157.08,157.24,155.88,156.92,543309,177.99
2021-09-07,156.87,156.87,153.08,153.17,766464,173.73
2021-09-08,153.16,155.83,152.78,155.72,826170,176.63
2021-09-09,155.68,155.77,154.28,154.64,704181,175.4
2021-09-10,154.57,155.04,153.66,154.34,658745,175.06
2021-09-13,154.79,156.29,154.6,154.71,565502,175.48
2021-09-14,154.7,155.12,153.49,153.89,731322,174.55
2021-09-15,153.66,155.41,153.6,154.36,627133,175.08
2021-09-16,154.41,155.42,153.22,154.78,600872,175.56
2021-09-17,154.32,155.35,153.99,154.35,1720565,175.07
2021-09-20,153.69,154.49,151.54,152.9,730571,173.43
2021-09-21,153.36,154.08,151.31,151.45,762293,171.78
2021-09-22,152.35,152.72,150.49,151.99,881947,172.39
2021-09-23,152.34,154,151.96,152.58,868259,173.07
2021-09-24,153.03,154.4,152.6,153.44,921023,174.04
2021-09-27,153.18,154.33,150.43,150.67,817718,170.9
2021-09-28,150.32,150.68,147.94,148.71,1006514,168.68
2021-09-29,149.17,152.31,149.15,151.55,839437,171.9
2021-09-30,152.21,152.37,149.21,149.22,988934,169.25
2021-10-01,149.89,151.35,148.75,150.57,947212,170.78
2021-10-04,150.92,152.46,149.64,151.25,1322685,171.56
2021-10-05,152.24,155,151.33,153.82,1247973,174.47
2021-10-06,153.61,157.75,153.01,157.42,1493384,178.55
2021-10-07,157.92,159.6,156.44,156.98,1612159,178.05
2021-10-08,157.06,157.64,156.08,156.71,704006,177.75
2021-10-11,156.65,157.78,156.24,157.12,916684,178.21
2021-10-12,157.4,159.26,156.7,158.25,1631323,179.5
2021-10-13,158.63,159.23,156.3,158.83,978960,180.15
2021-10-14,159.58,160.66,158.57,160.64,961454,182.21
2021-10-15,160.61,160.68,157.86,158.35,3862962,179.61
2021-10-18,158.39,158.66,157.3,157.57,873124,178.73
2021-10-19,157.65,158.91,157.26,158.43,789488,179.7
2021-10-20,158.61,159.59,158.46,158.86,678851,180.19
2021-10-21,160.32,160.32,158.38,158.96,638780,180.3
2021-10-22,158.98,161.07,158.78,160.55,602760,182.1
2021-10-25,160.49,160.49,158.9,158.9,79549,180.23
2021-10-26,159.47,160.74,158.89,160.2,757645,181.71
2021-10-27,160.83,160.99,157.47,158.26,1129503,179.51
2021-10-28,157.64,160.39,156.93,158.17,2046379,179.4
2021-10-29,155.36,157.15,153.75,154.59,1330804,175.35
2021-11-01,154.64,155.34,153.34,154,840997,174.68
2021-11-02,154.52,155.41,152.28,154.73,844090,175.5
2021-11-03,154.74,156.05,154.19,155.66,724336,176.56
2021-11-04,155.49,155.92,153.77,154.61,701726,175.37
2021-11-05,155.11,156.1,154.24,154.63,994039,175.39
2021-11-08,155.05,155.05,152.62,154.06,632733,174.74
2021-11-09,153.65,155.34,153.48,155.33,892580,176.18
2021-11-10,155.79,158.69,155.26,158.31,1159484,179.56
2021-11-11,158.3,158.3,156.48,157.24,498401,178.35
2021-11-12,157.68,157.79,156.46,156.66,644679,177.69
2021-11-15,157.01,157.35,155.71,156.46,806286,177.47
2021-11-16,156.83,157.86,156.57,156.68,854883,177.72
2021-11-17,156.68,158.47,156.44,158.08,740828,179.3
2021-11-18,158.1,159.97,157.71,159.59,937395,180.11
2021-11-19,160.38,160.75,158.42,158.9,1602619,179.33
2021-11-22,158.4,161.69,157.65,160.51,858070,181.15
2021-11-23,160.62,162.8,160.62,161.45,1403730,182.21
2021-11-24,161.45,161.76,159.69,160.36,837759,180.97
2021-11-26,159.88,161.06,157.25,157.65,593074,177.92
2021-11-29,158.22,159.43,156.81,158.75,1209892,179.16
2021-11-30,157.81,158.89,156.17,157.27,4704708,177.49
2021-12-01,158.44,158.94,155.14,155.52,1460621,175.51
2021-12-02,156.12,157.93,155.75,156.56,1102699,176.69
2021-12-03,157.75,159.44,157.49,159.15,1036576,179.61
2021-12-06,160.55,161.28,159.73,160.12,1119345,180.7
2021-12-07,160.19,162.4,159.4,161.27,922675,182
2021-12-08,161.22,162.61,160.01,162.35,1139113,183.22
2021-12-09,162.29,163.63,161.72,162.6,901778,183.5
2021-12-10,163.63,165.49,163.03,165.26,770976,186.51
2021-12-13,164.99,167.91,164.08,167.16,836998,188.65
2021-12-14,167.43,167.84,165.57,166.31,856736,187.69
2021-12-15,166.53,168.73,166.53,168.15,931088,189.77
2021-12-16,168.15,170.71,167.8,170.24,1267249,192.13
2021-12-17,169.58,170.71,165.94,166.25,2360844,187.62
2021-12-20,165.4,166.66,164.56,166.4,691397,187.79
2021-12-21,166.35,167.83,164.89,165.99,792536,187.33
2021-12-22,166.57,167.65,165.94,167.36,664445,188.87
2021-12-23,167.72,168.4,166.84,166.99,353075,188.46
2021-12-27,167.2,168.29,166.74,168.25,337163,189.88
2021-12-28,168.28,169.5,168.28,169.22,450657,190.97
2021-12-29,169.25,170.75,168.8,169.97,497984,191.82
2021-12-30,170.65,170.65,169.28,169.48,369849,191.27
2021-12-31,169.2,171.91,169.2,171.43,687317,193.47
2022-01-03,170.91,171.43,169.18,171.2,948485,193.21
2022-01-04,171.35,173.83,171.09,172.66,865620,194.86
2022-01-05,173.41,175.6,173.4,174.56,1159675,197
2022-01-06,175.07,176.01,173.8,174.18,845838,196.57
2022-01-07,174.07,174.74,173.07,173.54,1124369,195.85
2022-01-10,173.86,175.17,171.4,172.47,990653,194.64
2022-01-11,172.05,172.25,170.01,171.93,821821,194.03
2022-01-12,171.9,173.89,171.09,173.53,894639,195.84
2022-01-13,173.53,174.83,173.01,174.33,819934,196.74
2022-01-14,174.29,177.14,173.17,176.8,882908,199.53
2022-01-18,175.56,176.38,173.11,175.73,1769116,198.32
2022-01-19,176.46,178.49,176.21,176.9,1555680,199.64
2022-01-20,176.9,177.65,175.76,176.47,1059611,199.16
2022-01-21,178.13,179.78,177.17,177.53,1144778,200.35
2022-01-24,177.32,178.99,173.59,177.15,2167711,199.92
2022-01-25,175.84,176.3,172.15,172.58,1749459,194.77
2022-01-26,172.33,173.58,170.94,172.02,1274210,194.13
2022-01-27,173.38,175.2,170.35,172.23,1375989,194.37
2022-01-28,171.48,174.56,169.24,174.41,997381,196.83
2022-01-31,173.44,175.12,172.79,174.62,1041442,197.07
2022-02-01,174.83,175.37,172.27,173.43,1026933,195.73
2022-02-02,173.95,176.63,173.66,175.92,1556777,198.54
2022-02-03,176.33,182.68,176.33,180.69,1765414,203.92
2022-02-04,180.46,181.95,178.36,179.68,1378997,202.78
2022-02-07,181.72,182.38,178.43,181.39,1416418,204.71
2022-02-08,182.06,183.61,180.83,183.42,1293723,207
2022-02-09,183.43,184.15,180.02,180.44,1547843,203.64
2022-02-10,179.53,180.99,179,180.25,1221061,203.42
2022-02-11,180.84,182.53,180.12,181.82,965195,205.19
2022-02-14,182.06,182.46,178.02,180.19,1226259,203.35
2022-02-15,180.4,182.43,179.25,179.77,898335,202.88
2022-02-16,179.54,180.75,177.57,179.57,866515,202.65
2022-02-17,179.13,181,176.87,179.82,1503099,202.03
2022-02-18,179.39,180.99,178.64,180.31,1332081,202.59
2022-02-22,179.92,180.68,178.69,179.82,1291488,202.03
2022-02-23,180.34,180.94,178.92,180.3,1028570,202.57
2022-02-24,178.96,180.08,171.86,175.2,1154583,196.84
2022-02-25,176.68,182.09,176.25,181.85,1225969,204.32
2022-02-28,179.44,180.82,178.28,180.02,1592571,202.26
2022-03-01,179.97,183.47,179.59,182.33,1613149,204.86
2022-03-02,181.19,185.97,180.81,185.16,1429188,208.03
2022-03-03,185.9,187.27,185.04,185.25,1100797,208.14
2022-03-04,183.38,189.74,183.05,189.42,1625422,212.82
2022-03-07,187.86,192.57,187.86,189.92,1873223,213.38
2022-03-08,189.23,189.23,181.58,181.58,132078,204.01
2022-03-09,183.44,184.4,180.13,182.35,1297900,204.88
2022-03-10,181.69,183.44,180.64,182.58,1089564,205.14
2022-03-11,182.83,185.27,182.11,182.18,936602,204.69
2022-03-14,183.2,184.82,181.95,183.98,1089875,206.71
2022-03-15,184.91,185.89,182.36,185.86,1093667,208.82
2022-03-16,186.02,186.53,180.39,183.08,1403496,205.7
2022-03-17,183.77,185.48,182.4,183.98,1286124,206.71
2022-03-18,184.23,184.29,181.72,184,2633973,206.73
2022-03-21,184.53,186.6,183.7,185.45,789418,208.36
2022-03-22,185.44,185.77,183.85,185.4,807801,208.3
2022-03-23,185.92,187.18,183.85,184.92,757975,207.76
2022-03-24,186.07,188.12,185.22,188.01,867100,211.24
2022-03-25,188.51,191.22,188.44,190.8,911947,214.37
2022-03-28,190.62,191.29,189.02,191.05,712847,214.65
2022-03-29,191.05,191.51,188.9,191.13,1117259,214.74
2022-03-30,190.96,192.89,189.82,192.83,804049,216.65
2022-03-31,192.82,194.47,192.51,192.81,1359061,216.63
2022-04-01,192.99,194.84,192.3,194.72,1299278,218.77
2022-04-04,194.31,194.37,190.57,192.71,1131532,216.52
2022-04-05,192.61,197.15,192.61,194.39,1052807,218.41
2022-04-06,194.91,197.42,194.48,197.37,1366937,221.75
2022-04-07,197.55,198.88,197.06,198.22,1321481,222.71
2022-04-08,198.6,200.04,196.58,199.12,1203956,223.72
2022-04-11,200.2,201.55,198.2,199.31,868296,223.93
2022-04-12,199.41,202.65,198.06,201.17,1364519,226.02
2022-04-13,200.9,202.48,198.52,200.78,967670,225.58
2022-04-14,201.43,203.34,200.27,201.13,995197,225.98
2022-04-18,200.71,202.24,199.19,199.74,802423,224.41
2022-04-19,199.51,202.39,199.39,202.02,984819,226.98
2022-04-20,201.98,205.6,201.98,204.43,1003761,229.68
2022-04-21,204.22,206.13,202.99,203.63,1057608,228.79
2022-04-22,203.62,204.53,199.33,199.49,1389480,224.14
2022-04-25,199.49,200.89,196.76,200.24,1410617,224.98
2022-04-26,200,201.36,195.79,195.93,1341046,220.13
2022-04-27,196.98,199.8,195.3,197.8,1541315,222.24
2022-04-28,203.15,203.46,198.25,202.91,1517965,227.98
2022-04-29,202.19,204.01,200.74,200.95,1601689,225.77
2022-05-02,201.8,202.93,192.04,193.61,1829354,217.53
2022-05-03,194.08,197.41,194.08,195.87,1699361,220.07
2022-05-04,195.94,200.69,195.94,200.55,1464481,225.33
2022-05-05,199.82,202.2,198.21,199.23,1648520,223.84
2022-05-06,198.5,201.93,198.5,201.19,1568167,226.05
2022-05-09,200.04,201.86,197.87,198.66,1406906,223.2
2022-05-10,199.13,201.03,197.46,198.61,1439557,223.15
2022-05-11,197.79,202.34,197.71,199.93,1126075,224.63
2022-05-12,199.37,201.01,196.71,198.06,1495798,222.53
2022-05-13,198.8,201.38,197,201.07,2269821,225.91
2022-05-16,202.16,204.39,200.78,204.11,1180738,229.32
2022-05-17,203.67,203.82,197.81,200.63,1341095,225.41
2022-05-18,200.01,200.34,184.36,184.85,1952419,207.69
2022-05-19,182.77,184.85,180.05,183.36,1764339,205.12
2022-05-20,184.57,185.63,181.36,185.02,1611752,206.98
2022-05-23,187.33,188.45,185.54,187.05,1071782,209.25
2022-05-24,188.01,191.1,187.5,190.81,1007857,213.45
2022-05-25,190.81,191.09,188.07,189,1343129,211.43
2022-05-26,189.17,190.72,187.08,187.31,1404873,209.54
2022-05-27,187.37,190.06,187.18,190.06,1072717,212.61
2022-05-31,189.61,190.44,186.18,189.25,1956725,211.71
2022-06-01,189.51,189.78,185.76,187.45,1246437,209.69
2022-06-02,187.7,187.79,182.81,187.04,1122481,209.23
2022-06-03,186.25,187.67,185.3,186.99,732981,209.18
2022-06-06,187.78,189.49,187.31,188.98,842481,211.41
2022-06-07,186.96,189.39,186.96,189.31,948477,211.77
2022-06-08,188.52,189.62,187.51,188.22,704906,210.55
2022-06-09,188.58,190.18,187.15,187.23,897834,209.45
2022-06-10,185.62,191.82,184.85,190.72,1645931,213.35
2022-06-13,188.75,190.39,187.19,187.78,1767870,210.06
2022-06-14,189.09,189.46,183.33,184.85,1336233,206.79
2022-06-15,185.65,187.92,183.07,184.32,1109911,206.19
2022-06-16,182.36,184.5,180.24,180.8,1183880,202.26
2022-06-17,181.37,184.59,180.97,184.18,2815508,206.03
2022-06-21,185.96,192.98,185.96,192.26,1363481,215.07
2022-06-22,191.27,193.83,189.48,192.1,1162575,214.9
2022-06-23,193.11,195.88,192.22,194.97,930609,218.11
2022-06-24,194.88,197.56,194.18,197.52,1566180,220.96
2022-06-27,197.47,199.03,196.23,197.52,1166567,220.96
2022-06-28,197.71,198.89,194.65,195.25,1167848,218.42
2022-06-29,195.81,197.05,195,195.69,1708275,218.91
2022-06-30,194.88,195.75,191.5,192.34,2391504,215.16
2022-07-01,192.54,197.7,191.93,197.56,1274517,221
2022-07-05,196.83,197.8,192.61,195.18,973192,218.34
2022-07-06,195.76,198.28,195.63,197.24,1424453,220.64
2022-07-07,197.1,197.68,194.82,196.6,1090732,219.93
2022-07-08,197.49,198.32,195.89,196.48,779385,219.79
2022-07-11,196.42,198.73,196.42,197.11,673295,220.5
2022-07-12,197.11,198.92,195.84,196.78,859327,220.13
2022-07-13,196.19,198.25,196.03,196.47,1044413,219.78
2022-07-14,192.83,195.01,192.59,194.76,673922,217.87
2022-07-15,195.95,195.95,193.11,193.8,869669,216.8
2022-07-18,193.22,193.94,191.63,192.25,1104289,215.06
2022-07-19,193.26,193.8,192.43,193.19,761878,216.11
2022-07-20,193.31,193.99,191.38,192.53,775412,215.38
2022-07-21,192.6,193.91,191.91,193.01,840853,215.91
2022-07-22,193.59,193.82,192.06,193.02,977055,215.92
2022-07-25,193.5,194.79,192.82,193.86,996150,216.86
2022-07-26,193.07,195.13,192.29,194.88,1258292,218.01
2022-07-27,194.81,195.34,191.68,195.08,1304414,218.23
2022-07-28,196.82,200.78,196.27,200.48,1315916,224.27
2022-07-29,201.06,207,200.96,203.78,1803497,227.96
2022-08-01,203.4,206.46,203.22,205.41,1069036,229.78
2022-08-02,206.35,207.35,204.52,204.85,1439032,229.16
2022-08-03,203.98,204.35,201.87,203.92,1086103,228.12
2022-08-04,203.61,204.14,201.18,201.35,828599,225.24
2022-08-05,201.3,203.12,199.3,203.02,782787,227.11
2022-08-08,203.25,203.81,201.67,202.33,604267,226.34
2022-08-09,202.96,204.65,202.65,204.07,655419,228.29
2022-08-10,204.71,204.83,201.28,202.44,730846,226.46
2022-08-11,202.92,203.59,201.05,201.29,863129,225.18
2022-08-12,201.72,202.29,200.14,201.81,828402,225.76
2022-08-15,201.19,206.25,201.19,205.89,1387927,230.32
2022-08-16,205.16,207.34,205.16,206.25,664795,230.72
2022-08-17,206.23,206.97,205.69,206.03,516398,230.48
2022-08-18,206.16,207.62,205.65,207.11,779530,230.65
2022-08-19,207.66,210.38,206.99,209.39,1093085,233.18
2022-08-22,208.74,209.77,206.83,207.81,719792,231.42
2022-08-23,207.52,209.06,207.02,208.83,1099450,232.56
2022-08-24,209.52,210.63,208.62,209.57,818699,233.38
2022-08-25,209.77,209.83,207.67,209.55,620617,233.36
2022-08-26,209.02,209.43,205.04,205.34,599258,228.67
2022-08-29,203.97,205.75,202.5,204.64,838669,227.89
2022-08-30,203.94,204.99,202.69,203.13,630575,226.21
2022-08-31,202.65,205.45,201.73,201.74,1083329,224.67
2022-09-01,201.11,204.37,199.49,204.34,1012548,227.56
2022-09-02,205.09,206.29,200.6,201.19,832183,224.05
2022-09-06,202.96,203.72,199.65,200.02,1158706,222.75
2022-09-07,199.93,205.31,199.93,204.96,992067,228.25
2022-09-08,203.06,203.96,200.4,202.47,929779,225.48
2022-09-09,202.73,204.82,201.66,203.16,865418,226.25
2022-09-12,203.59,204.68,202.73,204,796132,227.18
2022-09-13,202.3,203.62,199.44,200.16,1100863,222.9
2022-09-14,199.58,200.45,198.36,199.12,875630,221.75
2022-09-15,198.99,198.99,195.47,197.21,1233975,219.62
2022-09-16,196.4,198.14,196.38,197.45,1787400,219.89
2022-09-19,197,200.42,196.33,200.13,823881,222.87
2022-09-20,198.87,200.31,197.92,199.77,951540,222.47
2022-09-21,200.42,203.52,200.42,200.61,837229,223.41
2022-09-22,200.53,203.73,200.07,202.51,844094,225.52
2022-09-23,201.37,202.11,198.95,201.09,908210,223.94
2022-09-26,200.42,203.67,199.47,200.95,1069703,223.78
2022-09-27,201.88,203.34,197.73,198.84,904925,221.43
2022-09-28,199.97,204.32,197.96,203.21,993672,226.3
2022-09-29,202.93,203.78,199.71,200.96,989000,223.8
2022-09-30,201.26,201.74,197.66,197.97,1469264,220.47
2022-10-03,199.41,202.28,197.79,201.65,1321492,224.56
2022-10-04,202.33,204.93,201.43,202.64,1061106,225.67
2022-10-05,202.34,203.54,199.28,202.12,935425,225.09
2022-10-06,201.89,203.37,197.34,198.13,860175,220.65
2022-10-07,198.17,198.95,196.81,198.02,1069550,220.52
2022-10-10,198.92,201.36,198.64,200.74,690481,223.55
2022-10-11,200.7,203.6,200.53,202.45,954322,225.46
2022-10-12,202.88,204.19,201.57,201.62,1087033,224.53
2022-10-13,199.55,205.38,198.49,204.56,951014,227.8
2022-10-14,205.02,205.02,199.14,199.98,980028,222.71
2022-10-17,201.29,202.91,201.12,202.69,903302,225.72
2022-10-18,204.37,205.16,202.58,204.12,1296369,227.31
2022-10-19,204.27,205.15,201.2,203.17,1060942,226.26
2022-10-20,203.69,203.94,201.01,201.81,732995,224.74
2022-10-21,201.72,205.14,200.71,204.93,867549,228.22
2022-10-24,206.53,209.18,206.43,208.29,747502,231.96
2022-10-25,209.22,210.42,208.27,210.23,1281912,234.12
2022-10-26,211.03,211.92,208.14,209.04,1014120,232.79
2022-10-27,209.75,212.22,209.22,210.51,1209850,234.43
2022-10-28,210.89,216,210.66,215.47,976924,239.96
2022-10-31,215.53,216.81,214.04,214.41,1169828,238.77
2022-11-01,214.06,215.97,212.76,213.5,974629,237.76
2022-11-02,213.67,215.24,210.97,211.12,1289167,235.11
2022-11-03,210.44,211.18,207.99,208.41,1579164,232.09
2022-11-04,210.48,210.72,201.61,205.66,1964870,229.03
2022-11-07,206.41,208.57,204.34,205.9,904891,229.3
2022-11-08,205.92,209.56,205.85,207.49,959737,231.07
2022-11-09,207.11,209.08,206.41,207.18,808490,230.72
2022-11-10,210.7,210.73,198.71,203.21,1828343,226.3
2022-11-11,202.1,203.13,189.91,196.55,2677672,218.88
2022-11-14,197.78,200.18,195.85,195.86,1371605,218.12
2022-11-15,196.66,197.23,193.42,195.14,1249658,217.31
2022-11-16,196.46,202.46,196.46,200.38,1214850,223.15
2022-11-17,199.68,202.19,199.17,199.93,889602,221.62
2022-11-18,200.52,203.72,200.52,203.17,1219820,225.21
2022-11-21,203.98,209.79,203.17,209.42,1373559,232.13
2022-11-22,210.44,211.85,208.66,209.47,858940,232.19
2022-11-23,209.94,210.42,208.07,209.45,859652,232.17
2022-11-25,210.4,211.04,209.24,210.89,281755,233.76
2022-11-28,210.96,211.77,209.38,209.87,706309,232.63
2022-11-29,209.31,209.83,206.18,207.94,755369,230.49
2022-11-30,207.68,212.19,206.13,212.16,1638833,235.17
2022-12-01,212.55,212.6,208.4,209.19,913784,231.88
2022-12-02,208.89,211.91,208.73,211.76,741293,234.73
2022-12-05,209.43,210.63,208.93,210.43,539674,233.25
2022-12-06,210.48,212,207.95,209.8,709952,232.56
2022-12-07,211.45,213.74,211.28,213.53,1018651,236.69
2022-12-08,214.31,218.73,213.94,217.7,1334252,241.31
2022-12-09,217.58,218.89,213.49,213.6,1013852,236.77
2022-12-12,214.03,215.88,212.76,215.88,894400,239.29
2022-12-13,215.9,216,212.28,213.2,1357631,236.33
2022-12-14,213.6,215.91,212.22,212.92,681885,236.01
2022-12-15,211.89,212.64,209.75,211.23,790798,234.14
2022-12-16,210.21,213.17,209.66,212,1569026,235
2022-12-19,212,214.49,210.85,211.91,698296,234.89
2022-12-20,211.53,212.24,209.41,210.79,653656,233.65
2022-12-21,211.77,213.69,211.04,211.99,430791,234.98
2022-12-22,211.89,212.82,209.97,211.94,433119,234.93
2022-12-23,211.89,212.88,210.94,212.8,354017,235.88
2022-12-27,213.25,213.91,212.36,212.66,497258,235.73
2022-12-28,213.29,213.34,209.97,210.08,416828,232.87
2022-12-29,210.83,211.07,209.14,210.43,570311,233.25
2022-12-30,210.26,210.58,207.34,208.91,441381,231.57
2023-01-03,207.89,207.95,202.86,204.72,1160861,226.93
2023-01-04,204.64,204.64,199.8,201.42,1394287,223.27
2023-01-05,201.65,202.4,200.14,201.25,939399,223.08
2023-01-06,201.16,204.51,201.16,203.57,945792,225.65
2023-01-09,203,205.63,202.17,203.34,884018,225.39
2023-01-10,203.86,205.37,202.5,202.78,750710,224.78
2023-01-11,203.36,204.48,201.98,204.42,1054000,226.59
2023-01-12,204.47,204.61,201.78,202.25,794628,224.19
2023-01-13,202.52,204.51,201.99,204.44,622197,226.61
2023-01-17,205.68,208.23,203.71,204.03,1114482,226.16
2023-01-18,203.95,204.04,195.52,195.56,1092090,216.77
2023-01-19,195.2,196.58,194.14,194.97,1226384,216.12
2023-01-20,195.18,195.52,192.2,193.53,1298260,214.52
2023-01-23,193.89,198.27,193.66,195.8,1219597,217.04
2023-01-24,195.15,199,194.15,198.73,1131608,220.29
2023-01-25,198.19,199.43,196.47,199.37,906193,220.99
2023-01-26,198.9,199.12,196.12,198.48,823407,220.01
2023-01-27,198.47,198.5,196.46,197.35,806450,218.76
2023-01-30,198.7,201.75,198.7,201.35,998748,223.19
2023-01-31,202.09,202.62,200.32,202.62,1378302,224.6
2023-02-01,200.57,204.16,200.57,203.25,1477770,225.3
2023-02-02,204.37,212.37,203.84,211.48,2072543,234.42
2023-02-03,212.15,213.35,208.26,213.16,1503383,236.28
2023-02-06,213.81,218.55,213.36,216.99,2165580,240.53
2023-02-07,214.84,215.17,212.54,213.91,1630562,237.11
2023-02-08,213.9,213.91,210.64,211.86,1002752,234.84
2023-02-09,211.85,212.96,210.45,212.14,1050415,235.15
2023-02-10,212.85,216.23,212.11,215.7,922030,239.1
2023-02-13,215.88,216.91,215.41,216.43,931417,239.91
2023-02-14,216.97,218.21,215.4,215.52,757543,238.9
2023-02-15,215.43,215.48,213.12,214.23,932109,237.47
2023-02-16,213.14,214.22,211.32,213.13,954649,235.22
2023-02-17,213.66,218.1,212.86,218.09,1404772,240.69
2023-02-21,218.66,220.08,215.97,218.28,1646837,240.9
2023-02-22,218.81,221.43,216.71,217.34,940656,239.86
2023-02-23,217.34,219.14,216.17,217.89,766146,240.47
2023-02-24,217.46,217.46,215.39,216.58,749567,239.02
2023-02-27,217.35,218.22,216.12,216.76,711553,239.22
2023-02-28,216.16,218.39,215.5,215.94,1194784,238.32
2023-03-01,214.13,215.38,212.04,214.43,743892,236.65
2023-03-02,214.71,216.69,214.08,216.01,704016,238.4
2023-03-03,216.11,216.4,214.12,216.01,881049,238.4
2023-03-06,215.65,218.29,214.82,217.36,924995,239.88
2023-03-07,217.46,218.43,215.73,215.97,670602,238.35
2023-03-08,216.86,217.75,215.6,216.54,668332,238.98
2023-03-09,217.78,218.57,215.2,216.21,774948,238.62
2023-03-10,216.32,218.23,214.43,215.42,789079,237.74
2023-03-13,215.14,219.95,214.38,217.98,1511452,240.57
2023-03-14,218.96,219.42,217.1,219.28,846043,242
2023-03-15,219.17,222.38,218.85,221.47,1271525,244.42
2023-03-16,221.54,222.18,219.68,221.99,1021261,245
2023-03-17,223.36,223.99,219.74,220.32,2096996,243.15
2023-03-20,220.9,221.83,219.49,221.58,1586497,244.54
2023-03-21,221.25,221.94,218.91,220.35,1047478,243.19
2023-03-22,220.33,222.21,219.47,219.95,823662,242.74
2023-03-23,220.39,222.41,219.94,221.07,856343,243.98
2023-03-24,222.38,225.01,221.47,224.59,1587267,247.86
2023-03-27,225.47,227.55,225.33,227.34,1232734,250.9
2023-03-28,227.74,230.12,227.74,229.15,977843,252.9
2023-03-29,230.09,230.92,228.27,228.88,984276,252.6
2023-03-30,228.06,229.83,227.77,229.51,641257,253.29
2023-03-31,230.29,231.1,229.54,230.52,764752,254.41
2023-04-03,230.15,233.57,229.06,233.01,817873,257.16
2023-04-04,232.72,234.25,232.51,233.84,1001200,258.07
2023-04-05,234.92,236.51,234.42,235.07,1323447,259.43
2023-04-06,235.52,236.65,233.77,235.47,986343,259.87
2023-04-10,234.86,235.22,233.24,234.45,538316,258.75
2023-04-11,234.58,235.8,234.45,234.81,612043,259.14
2023-04-12,233.16,235.5,232.68,234.33,818406,258.61
2023-04-13,233.72,234.5,232.26,233.77,738628,258
2023-04-14,232.86,233.32,231.75,232.22,806073,256.28
2023-04-17,233.01,234.82,232.55,234.71,787538,259.03
2023-04-18,234.54,235.59,233.75,235.22,659740,259.6
2023-04-19,236.13,236.34,233.02,233.14,835689,257.3
2023-04-20,233.92,236.08,233.72,235.97,753684,260.42
2023-04-21,237.51,237.98,235.49,236.36,872978,260.85
2023-04-24,236.82,237.68,235.59,236.49,735154,261
2023-04-25,236.84,239.25,236.5,238.29,1013903,262.98
2023-04-26,238.29,238.63,236.47,237.17,1237199,261.75
2023-04-27,239.46,247.75,238.95,247.66,1818480,273.33
2023-04-28,246.01,247.55,244.38,247.42,1129634,273.06
2023-05-01,248.38,250.88,247.74,250.4,1179904,276.35
2023-05-02,250.54,250.54,246.8,248.54,1443167,274.3
2023-05-03,249.88,250.73,247.76,248.46,1104642,274.21
2023-05-04,248.86,249.18,247.19,248.85,887169,274.64
2023-05-05,247.78,249.7,247.44,249.48,727944,275.33
2023-05-08,247.89,249.85,246.46,248.97,589530,274.77
2023-05-09,249.77,249.98,247.91,248.34,902972,274.08
2023-05-10,247.81,248.58,246.65,248.38,776548,274.12
2023-05-11,248.91,249.22,246.66,248.98,652730,274.78
2023-05-12,249.29,249.74,247.56,248.8,644382,274.58
2023-05-15,248.8,248.8,244.75,245.06,677956,270.46
2023-05-16,244.59,245.12,241.58,243.95,906399,269.23
2023-05-17,244.31,244.31,240,242.38,1167353,267.5
2023-05-18,241.61,242.87,240.37,242.72,1010939,266.84
2023-05-19,242.92,243.1,240.53,242,1261114,266.04
2023-05-22,241.96,242.83,236.5,239.12,1274803,262.88
2023-05-23,238.79,239.31,235.8,238.7,1369691,262.42
2023-05-24,238.83,240.05,237.2,238.75,940387,262.47
2023-05-25,239.12,239.57,235.43,236.85,1673805,260.38
2023-05-26,236.59,237.84,233.35,234.43,1142278,257.72
2023-05-30,232.59,234.74,231.96,233.2,1414245,256.37
2023-05-31,234.36,236.47,233.02,236.23,1779209,259.7
2023-06-01,236.85,237.67,235.13,236.19,1139027,259.66
2023-06-02,234.56,237.99,234.56,237.33,991895,260.91
2023-06-05,237.25,238.26,234.06,236.03,1303601,259.48
2023-06-06,236.98,237.58,231.1,232.22,955064,255.29
2023-06-07,230.13,232.81,228.88,230.32,1268695,253.2
2023-06-08,230.34,232.12,229.23,232.06,794500,255.12
2023-06-09,230.94,233.72,230.56,232.7,691123,255.82
2023-06-12,233.05,233.35,230.22,232.13,913914,255.19
2023-06-13,231.25,234.53,230.42,234.44,1179073,257.73
2023-06-14,234.41,237.63,233.25,237.04,871430,260.59
2023-06-15,237.63,238.11,236.04,237.28,943866,260.86
2023-06-16,238.32,239.49,236.75,237.16,1577162,260.72
2023-06-20,237.74,238.59,234.73,235.1,957053,258.46
2023-06-21,235.39,236.44,233.51,235.49,952087,258.89
2023-06-22,236.98,237.42,235.38,236.78,740819,260.31
2023-06-23,237.68,237.68,234.53,235.67,3659139,259.09
2023-06-26,235.67,236.14,232.89,236.07,857404,259.53
2023-06-27,236.92,237.94,235.01,236.42,674258,259.91
2023-06-28,234.76,235,226.76,227.03,1929092,249.59
2023-06-29,225.82,227.12,224.38,226.21,1413062,248.68
2023-06-30,226.34,227.24,225.43,227.13,1293025,249.7
2023-07-03,226.28,228.98,224.84,228.98,606189,251.73
2023-07-05,228.84,228.96,225.44,226.32,1188411,248.81
2023-07-06,225.79,227.26,224.81,225.37,973438,247.76
2023-07-07,224.7,224.7,221,221.02,1395974,242.98
2023-07-10,219.99,221.85,219.4,220.05,1413219,241.91
2023-07-11,219.82,221.15,218.34,219.42,1205621,241.22
2023-07-12,218.31,219.22,216.38,217.22,1471230,238.8
2023-07-13,217.85,219.66,216.43,216.93,1097048,238.48
2023-07-14,217.56,217.79,215.96,217.28,1559726,238.87
2023-07-17,216.97,219.89,216.34,217.81,953204,239.45
2023-07-18,217.89,221.08,217.44,218.16,1283665,239.84
2023-07-19,220.51,221.93,219.12,220.73,1125807,242.66
2023-07-20,221.41,223.94,219.07,223.42,2069326,245.62
2023-07-21,223.21,226.43,222.94,224.35,1591539,246.64
2023-07-24,224.08,224.78,223.04,223.6,760675,245.82
2023-07-25,223.4,223.59,221.16,221.95,983188,244
2023-07-26,221.04,221.05,218.31,218.71,1458456,240.44
2023-07-27,214.67,216.57,210.68,212.45,2415049,233.56
2023-07-28,213.51,216.18,212.95,214.34,1622119,235.64
2023-07-31,214.34,214.41,209.66,210.41,1691203,231.31
2023-08-01,211.06,211.78,208.97,209.75,1518801,230.59
2023-08-02,210.12,214.49,209.67,212.12,1142127,233.19
2023-08-03,211.29,212.13,209.29,210.15,969229,231.03
2023-08-04,210.51,211.27,207.5,207.6,830787,228.23
2023-08-07,207.9,208.96,207.47,208.19,900801,228.88
2023-08-08,209.41,209.84,203.56,204.03,1296473,224.3
2023-08-09,204.8,205.92,203.97,205.26,1079409,225.65
2023-08-10,205.24,207.08,203.03,203.56,979559,223.79
2023-08-11,204.36,205.3,203.07,203.36,842538,223.57
2023-08-14,204.2,204.48,202.66,204.08,1504551,224.36
2023-08-15,203.76,203.85,200.64,200.76,969053,220.71
2023-08-16,201.44,202.18,199.23,199.65,1068235,219.49
2023-08-17,200.23,200.56,198.68,198.94,1634680,217.52
2023-08-18,199.06,202.37,199.06,200.09,1142568,218.78
2023-08-21,199.37,199.84,197.08,197.82,1640304,216.29
2023-08-22,198.5,199.23,195.46,195.59,1532024,213.85
2023-08-23,196.05,197.26,195.85,196.93,872512,215.32
2023-08-24,197.27,198.26,195.58,195.61,1278085,213.88
2023-08-25,196.77,199.36,196.32,198.75,1390215,217.31
2023-08-28,198.79,199.97,198.74,199.39,603354,218.01
2023-08-29,200.35,200.68,198.08,199.1,1335417,217.69
2023-08-30,199.53,201.14,198.48,198.75,1041787,217.31
2023-08-31,198.86,198.87,196.46,196.51,1442938,214.86
2023-09-01,196.41,196.82,195.01,195.59,1221700,213.85
2023-09-05,195.42,196.33,193.28,193.98,1087157,212.1
2023-09-06,194.06,194.52,192.14,192.42,1006488,210.39
2023-09-07,193.44,194.58,190.81,191.14,1079130,208.99
2023-09-08,191.46,191.76,189.78,191.18,984054,209.03
2023-09-11,191.15,194.1,191.11,193.92,1047836,212.03
2023-09-12,193.47,193.71,189.04,189.86,1293103,207.59
2023-09-13,191.36,192.74,190.07,191.8,1155863,209.71
2023-09-14,192.08,194.32,191.52,193.7,1157579,211.79
2023-09-15,193.73,195.59,193.2,194.22,2600953,212.36
2023-09-18,194.92,195.46,192.51,194.31,985068,212.46
2023-09-19,194.2,194.67,190.8,191.21,1534184,209.07
2023-09-20,192.26,194.02,190.46,193.28,1311708,211.33
2023-09-21,193.18,193.62,190.27,190.37,1516112,208.15
2023-09-22,190.23,192.33,189.67,190.18,2468002,207.94
2023-09-25,189.32,190.53,187.13,188.38,1409792,205.97
2023-09-26,188.03,188.4,186.58,187.67,1118594,205.2
2023-09-27,187.4,188.11,184.61,185.26,1137448,202.56
2023-09-28,185.63,186.49,183.38,184.6,1591910,201.84
2023-09-29,185.52,185.52,182.28,182.99,1414095,200.08
2023-10-02,182.49,183.09,180.17,182.01,1483184,199.01
2023-10-03,181.2,182.54,179.92,180.34,1679431,197.18
2023-10-04,180.95,181.97,178.01,181.93,1422971,198.92
2023-10-05,181.5,183.97,178.47,178.81,1894904,195.51
2023-10-06,178.16,179.01,173.89,178.38,1876156,195.04
2023-10-09,177.94,179.05,177.11,179,1182642,195.72
2023-10-10,179.96,180.63,177.62,177.74,1116350,194.34
2023-10-11,178.67,178.87,174.6,175.39,1559410,191.77
2023-10-12,175.14,175.6,170.69,171.62,1951449,187.65
2023-10-13,172.49,175.9,172.02,174.56,1761988,190.86
2023-10-16,175.1,176.45,174.05,175.45,1733913,191.83
2023-10-17,174.41,176.2,173.89,174.48,1227228,190.77
2023-10-18,175.5,176.48,174.01,174.87,1472550,191.2
2023-10-19,175.14,176.79,174.51,175.22,1462683,191.58
2023-10-20,175.81,176.96,174.6,174.63,1324782,190.94
2023-10-23,174.47,175.87,172.59,173.04,1495884,189.2
2023-10-24,173.47,174.61,172.79,174.04,1551936,190.29
2023-10-25,173.8,178.07,173.32,177.86,2055633,194.47
2023-10-26,174.69,178.33,170.77,172.9,3021677,189.05
2023-10-27,171.4,172.04,168.25,168.39,2067056,184.11
2023-10-30,168.79,170.46,168.04,170.1,1405042,185.98
2023-10-31,171.35,172.14,169.32,171.35,1303212,187.35
2023-11-01,171.95,173.24,170,171.81,1206016,187.85
2023-11-02,171.87,174.74,171.56,173.36,969914,189.55
2023-11-03,174.67,175.12,171.88,171.93,978904,187.99
2023-11-06,172.04,173.42,171.01,171.63,1741351,187.66
2023-11-07,171.3,172,169.92,171.48,1018809,187.49
2023-11-08,171.6,172.92,171.08,172.88,1036511,189.02
2023-11-09,173.55,174.32,171.69,172.51,1134734,188.62
2023-11-10,172.79,175.58,172.4,175.13,1442361,191.48
2023-11-13,175.13,178.72,175.13,178.07,2123526,194.7
2023-11-14,178.8,181.37,178.57,180.94,1606141,197.84
2023-11-15,182,182.84,178.63,179,1535900,195.72
2023-11-16,179.34,181.82,178.62,180.21,1335374,195.84
2023-11-17,180.69,181.35,179.04,180.36,1074739,196
2023-11-20,179.48,179.81,176.89,177.66,1288823,193.07
2023-11-21,175.11,176.69,174.02,175.38,1474849,190.59
2023-11-22,176.3,177.36,175.46,176.32,1302589,191.61
2023-11-24,177.33,177.33,174.66,176.38,773400,191.68
2023-11-27,176.4,176.68,173.13,173.36,1246695,188.4
2023-11-28,173.4,174.41,172.91,173.91,1396817,188.99
2023-11-29,173,173.35,170.85,170.9,1168379,185.72
2023-11-30,171.16,173.12,169.49,172.92,2799622,187.92
2023-12-01,173.19,175.78,172.81,175.74,1262864,190.98
2023-12-04,175.44,177.13,174.52,175.41,1024278,190.62
2023-12-05,175.58,175.95,172.17,172.93,952268,187.93
2023-12-06,172.23,174.93,172.23,174.1,973178,189.2
2023-12-07,174.11,176.33,172.55,173.97,1496752,189.06
2023-12-08,173.46,173.59,169.78,170.92,1505125,185.74
2023-12-11,171.34,172.08,170.3,171.41,1198800,186.28
2023-12-12,171.84,171.85,169.51,169.95,1354168,184.69
2023-12-13,170.16,173.88,169.66,173.72,1281000,188.79
2023-12-14,174.1,174.56,169.87,171.35,1968489,186.21
2023-12-15,169.25,170.4,166.99,167.21,3532420,181.71
2023-12-18,167.83,169.44,166.8,167.71,1800763,182.26
2023-12-19,167.93,168.87,167.22,167.98,1651108,182.55
2023-12-20,167.02,168.17,165.05,165.19,1634620,179.52
2023-12-21,165.41,166.6,164.55,166.56,1326615,181
2023-12-22,167.25,169.12,167.02,167.95,1214990,182.52
2023-12-26,167.75,169.3,167.07,168.76,703119,183.4
2023-12-27,168.55,169.34,168.3,169.24,860140,183.92
2023-12-28,168.49,170.03,168.31,169.42,1122188,184.11
2023-12-29,169.38,171.86,169.12,171.56,1591760,186.44
2024-01-02,170.72,176.88,170.65,176.71,2359050,192.03
2024-01-03,177.14,178.84,176.1,176.53,2370532,191.84
2024-01-04,176.36,180.04,175.14,175.3,1925149,190.5
2024-01-05,174.86,175.56,172.06,172.67,1237917,187.64
2024-01-08,172.72,176.24,172.72,176.17,1650867,191.45
2024-01-09,175.78,177.74,174.61,177.68,1434257,193.09
2024-01-10,177.83,179.05,174.42,174.51,1611626,189.64
2024-01-11,174.03,175.44,172.54,175.21,1284920,190.41
2024-01-12,177.72,179.17,175.02,175.43,1629897,190.64
2024-01-16,175.9,178.21,175.24,176.25,1617474,191.53
2024-01-17,175.9,178.04,175.54,176.25,1428112,191.54
2024-01-18,176.11,176.33,173.22,176.19,1814973,191.47
2024-01-19,176.29,176.54,173.54,175.26,1286196,190.46
2024-01-22,175.09,175.09,172.77,173.24,1143076,188.26
2024-01-23,173.89,177.2,173.73,176.71,1315004,192.03
2024-01-24,176.15,176.15,174.15,174.2,1404102,189.31
2024-01-25,173.77,175.21,172.38,174.25,1401299,189.36
2024-01-26,174.48,176.14,174.48,175.03,1111072,190.21
2024-01-29,177.86,179.1,175.88,177.4,1678995,192.79
2024-01-30,177.59,181.82,177.24,181.63,2355570,197.38
2024-01-31,181.28,181.47,177.95,178.09,2147811,193.54
2024-02-01,177.4,182.69,175.66,182.59,1776505,198.43
2024-02-02,182.7,183.31,181.09,181.89,1761525,197.66
2024-02-05,181.09,183.63,180.61,180.72,1911203,196.39
2024-02-06,180.74,180.91,178.16,179.24,1602247,194.78
2024-02-07,179.81,180.73,178.31,178.76,1959314,194.26
2024-02-08,176.86,192.95,174.44,186.16,4712438,202.31
2024-02-09,185.19,185.69,179.13,179.85,3118468,195.45
2024-02-12,174.84,179.09,174.47,178.26,3132270,193.72
2024-02-13,178.08,181.67,178.08,179.29,1977538,194.84
2024-02-14,177.84,179.45,175.21,175.99,1610564,191.25
2024-02-15,176.83,179.3,176.83,177.21,1270879,192.58
2024-02-16,177.25,179.11,175.65,177.16,1595258,191.16
2024-02-20,178.28,180.83,178.17,179.4,1811582,193.57
2024-02-21,180.54,181.03,177.76,178.4,1244072,192.49
2024-02-22,177.54,179.6,174.23,179.37,1570551,193.54
2024-02-23,178.93,181.02,178.35,179.64,1678974,193.83
2024-02-26,179.75,180.43,174.79,174.8,2032906,188.61
2024-02-27,174.36,175.52,173.37,173.47,1904970,187.17
2024-02-28,173.61,174.12,170.99,172.58,1329039,186.21
2024-02-29,173.01,174.73,171.92,174.16,2160429,187.92
2024-03-01,174.11,174.74,172.23,174.28,1284073,188.05
2024-03-04,173.1,173.1,167.9,170.53,2729569,184
2024-03-05,170.76,174.24,170.76,173.83,1986317,187.56
2024-03-06,180.56,182.43,177.06,178.71,2928413,192.83
2024-03-07,178.94,179.79,177.16,178.43,2179226,192.52
2024-03-08,178.25,181.18,178.07,180.32,1968926,194.56
2024-03-11,181.37,184.71,181.37,184.45,2152672,199.02
2024-03-12,184.2,184.96,181.09,182.09,1957880,196.47
2024-03-13,182.92,184.68,181.48,181.55,2254376,195.89
2024-03-14,181.77,182.14,179.07,180.78,2304726,195.06
2024-03-15,180.2,184.09,179.37,179.37,12184826,193.54
2024-03-18,179.06,184.22,177.75,182.62,2687962,197.05
2024-03-19,183.46,187.65,183.46,187.42,2514569,202.22
2024-03-20,187.4,189.24,182.28,183.53,2347536,198.03
2024-03-21,183.01,185.96,182.53,184.72,2331360,199.31
2024-03-22,184.99,184.99,183.27,183.49,1127392,197.99
2024-03-25,183.41,183.81,177.61,178.18,1766175,192.26
2024-03-26,177.4,178.68,175.26,176.92,2396827,190.9
2024-03-27,177.89,180.26,177.87,179.53,1446089,193.71
2024-03-28,180.72,182.36,180.05,180.26,1585082,194.5
2024-04-01,182.19,184.38,180.4,183.75,1573814,198.27
2024-04-02,185.01,186.48,183.29,185.87,1993662,200.55
2024-04-03,185.36,185.63,180.53,180.6,2095509,194.87
2024-04-04,180.31,182.33,179.01,181.6,1466032,195.95
2024-04-05,181.19,182.45,178.17,179.56,1410189,193.74
2024-04-08,179.7,181.74,179.7,179.97,1182390,194.19
2024-04-09,180.33,180.62,177.75,180.33,1352014,194.58
2024-04-10,178.41,179.37,176.71,177.97,1373592,192.03
2024-04-11,178.29,178.78,174.73,175.63,1301378,189.5
2024-04-12,175.16,175.41,171.07,172.2,1803200,185.8
2024-04-15,171.63,172.4,168.84,169.2,2005707,182.57
2024-04-16,169.73,170.74,168.37,169.89,1621097,183.31
2024-04-17,170.79,170.91,167.23,169.09,1736097,182.45
2024-04-18,169.88,171.69,168.68,171.33,1415659,184.86
2024-04-19,171.46,172.03,169.45,171.47,1740253,185.02
2024-04-22,172.29,172.8,171.23,172.69,1631734,186.33
2024-04-23,172.23,174.45,172.23,173.38,1288160,187.08
2024-04-24,172.28,175.06,171.38,174.37,1629940,188.14
2024-04-25,174.98,175.36,172.22,173.45,1316497,187.15
2024-04-26,172.79,174.28,172.35,172.53,1186506,186.16
2024-04-29,173.5,178.5,173.15,178.38,2961417,192.47
2024-04-30,179.7,183.24,179.15,179.72,3133786,193.92
2024-05-01,178.25,180.74,177.19,179.52,1794091,193.7
2024-05-02,181.34,182.09,179.92,181.54,2347637,195.88
2024-05-03,181.65,184.49,177.58,183.43,3396043,197.92
2024-05-06,183.45,184.13,179.88,182.1,1775113,196.49
2024-05-07,183.44,185.19,181.97,183.65,2047329,198.16
2024-05-08,185.04,186.74,182.61,185.32,2027424,199.96
2024-05-09,185.73,185.73,184.33,185.44,1471064,200.09
2024-05-10,185.86,189.99,185.81,189.79,1785202,204.78
2024-05-13,190.6,194.84,190.57,194.17,2284614,209.51
2024-05-14,194.63,196.41,191.69,193.6,2094647,208.89
2024-05-15,193.69,193.99,190.27,190.37,1470839,205.41
2024-05-16,190.82,194.31,190.6,194.22,1299816,208.17
2024-05-17,195.37,195.38,192.57,193.17,1180793,207.04
2024-05-20,193.13,194.93,192.7,194.15,1307077,208.09
2024-05-21,194.64,195.61,192.66,193.46,1137286,207.35
2024-05-22,192.58,193.2,190.4,191.8,1148246,205.57
2024-05-23,190.84,191.16,187.45,187.57,1199935,201.04
2024-05-24,187.54,187.82,183.72,183.8,1880152,197
2024-05-28,183.01,185.08,182.18,184.37,2257961,197.61
2024-05-29,183.75,183.75,180.49,180.58,1492747,193.55
2024-05-30,180.73,181.43,179.55,180.19,1496445,193.13
2024-05-31,180.19,184.64,179.71,184.58,3878345,197.83
2024-06-03,184.35,185.54,176.16,183.26,1107983,196.42
2024-06-04,183.12,187.16,182.29,186.67,1486726,200.07
2024-06-05,186.34,186.9,182.56,185.07,857185,198.36
2024-06-06,184.68,185.73,183.96,184.1,776121,197.32
2024-06-07,183.34,185.33,182.73,182.93,715656,196.06
2024-06-10,182.58,183.11,176.89,178.32,1437302,191.12
2024-06-11,177.51,178.33,175.27,177.84,1270372,190.61
2024-06-12,177.7,178.09,174.59,174.68,1132537,187.22
2024-06-13,174.84,175.13,173.07,173.16,1087022,185.59
2024-06-14,172.89,176.4,172.89,174.45,1145262,186.98
2024-06-17,173.54,173.79,170.12,170.79,1651919,183.05
2024-06-18,170.66,172.33,169.19,170.49,2294174,182.73
2024-06-20,170.5,172.09,169.33,169.81,1691122,182
2024-06-21,170.26,171.73,169.27,169.89,2280832,182.09
2024-06-24,170.68,175.68,170.64,174.75,1855097,187.3
2024-06-25,175.23,178.63,173.04,173.47,1934153,185.92
2024-06-26,171.67,172.84,170.54,170.79,1208096,183.05
2024-06-27,171.12,171.7,169.89,171.38,1199724,183.68
2024-06-28,171.22,173.04,170.47,171.52,5529230,183.83
2024-07-01,172.13,173.27,169.5,170.23,1668720,182.45
2024-07-02,170,172.37,169.64,172.28,1638910,184.65
2024-07-03,171.85,172.09,170.69,171.44,1014814,183.75
2024-07-05,171.24,171.83,169.71,171.81,1169458,184.15
2024-07-08,172.32,173.3,171.81,172.38,1193321,184.76
2024-07-09,172.22,172.25,169.85,170.51,1452575,182.75
2024-07-10,170.27,173.33,169.93,173.24,1373202,185.68
2024-07-11,172.57,174.61,171.92,174.28,1834663,186.79
2024-07-12,175.41,178.35,175.02,176.28,1146429,188.94
2024-07-15,175.84,176.38,174.54,176.26,1315216,188.92
2024-07-16,176.34,177.27,174.6,177.24,1004031,189.97
2024-07-17,176.6,181.48,176.57,181,1819243,194
2024-07-18,180.07,184.21,179.2,180.39,1563439,193.34
2024-07-19,181,181.15,177.14,178.35,2196187,191.15
2024-07-22,178.21,178.97,176.56,178.48,1681079,191.29
2024-07-23,177.91,178.17,175.78,177.22,2124144,189.94
2024-07-24,177.53,180.06,176.66,179.23,1873800,192.1
2024-07-25,178.12,183.55,177.27,179.76,1879596,192.67
2024-07-26,179.46,181.09,179.32,180.57,1504176,193.53
2024-07-29,179.77,181.74,178.2,179.66,2100135,192.56
2024-07-30,178.71,181.31,177.51,180.98,1718087,193.97
2024-07-31,181.65,185,181.31,184.25,2547917,197.48
2024-08-01,179.52,187.04,177.83,186.25,2867000,199.62
2024-08-02,185.74,189.62,183.6,185.74,2235769,199.08
2024-08-05,184.75,189.26,182.31,182.89,1866280,196.02
2024-08-06,184.48,187.12,183.42,186.03,1388734,199.39
2024-08-07,185.68,188.23,185.22,186.43,1525944,199.82
2024-08-08,185.27,189.17,185.06,188.56,1031667,202.1
2024-08-09,188.24,188.43,185.59,188,1267389,201.5
2024-08-12,185.83,186.56,184.22,185.36,1965537,198.67
2024-08-13,185.94,187.84,184.77,186.1,1053233,199.46
2024-08-14,185.9,189.01,185.78,187.17,1032097,200.61
2024-08-15,187.54,188,183.16,183.49,1140820,196.66
2024-08-16,182.87,183.63,181.48,181.79,2330430,193.49
2024-08-19,182.15,185.45,182.04,185.25,1330450,197.17
2024-08-20,184.8,186.42,183.43,185.95,1198305,197.91
2024-08-21,186.13,187.64,184.78,185.53,859086,197.47
2024-08-22,186.29,186.29,182.98,183.74,600661,195.56
2024-08-23,184.74,184.75,183.38,184.46,946237,196.33
2024-08-26,184.43,186.87,183.95,184.54,881800,196.41
2024-08-27,181.92,183.59,179.55,179.58,1257547,191.13
2024-08-28,179.46,181.44,177.87,180.01,1092373,191.59
2024-08-29,180.78,180.78,178.34,180.11,1356835,191.7
2024-08-30,180.35,181.5,179.63,181.39,1325864,193.06
2024-09-03,180.96,185.85,179.8,185.41,1365112,197.34
2024-09-04,185.6,187.61,185.08,186.68,1089578,198.69
2024-09-05,187.23,187.4,185.24,186.13,1012704,198.1
2024-09-06,186.13,189.46,185.88,187.72,1190987,199.8
2024-09-09,187.53,191.14,186.03,190.96,1370811,203.25
2024-09-10,191.65,193.33,190.24,190.57,1173276,202.83
2024-09-11,190.63,190.66,185.5,186.61,774440,198.62
2024-09-12,186.05,186.93,184.62,186.46,699059,198.46
2024-09-13,186.27,188.93,186.24,188.69,721744,200.83
2024-09-16,190.09,191.65,188.22,188.67,912969,200.81
2024-09-17,188.59,190.06,187.07,187.23,801181,199.28
2024-09-18,186.41,188.23,184.27,185.68,866829,197.63
2024-09-19,185.6,186.35,183.35,183.7,1141052,195.52
2024-09-20,184.53,186.61,182.28,183.62,2956068,195.43
2024-09-23,183.38,185.2,181.44,183.35,1052296,195.14
2024-09-24,182.42,183.07,181.49,181.65,1079872,193.34
2024-09-25,182.98,183.21,179.06,179.46,1075984,191
2024-09-26,177.86,180.38,177.59,179,1779184,190.52
2024-09-27,180.04,182.06,179.68,181.67,1112352,193.36
2024-09-30,182.88,183.09,179.7,180.19,837828,191.78
2024-10-01,180.24,181.47,179.26,180.22,966499,191.81
2024-10-02,179.66,183.23,178.72,181.72,1620299,193.41
2024-10-03,180.95,181.76,178.63,179.45,1238109,190.99
2024-10-04,178.53,180.59,178.52,180.24,794175,191.84
2024-10-07,177.11,177.8,175.23,176.2,1193041,187.53
2024-10-08,176.57,177.02,174.58,176.24,977795,187.58
2024-10-09,176.5,176.82,175.07,175.67,762721,186.97
2024-10-10,175.98,177.89,175.28,176.23,756031,187.57
2024-10-11,176.46,177.01,174.62,174.74,1157774,185.98
2024-10-14,174.74,175.51,174.16,174.76,1203590,186
2024-10-15,174.19,177.19,172.76,173.19,1805708,184.33
2024-10-16,173.19,175.06,172.27,173.64,1194407,184.81
2024-10-17,173.68,173.72,172.23,172.78,925810,183.9
2024-10-18,173.37,175.1,172.99,174.46,1052174,185.68
2024-10-21,174.26,175.61,172.88,173.51,982290,184.67
2024-10-22,172.88,173.47,172.15,172.38,1207313,183.47
2024-10-23,169.6,171.97,168.42,170.98,2533924,181.98
2024-10-24,170.98,172.18,170.48,171.19,1070412,182.2
2024-10-25,171.19,172.01,170.08,170.3,751604,181.26
2024-10-28,170.27,173.25,170.25,171.8,937569,182.85
2024-10-29,170.78,172.35,169.07,169.14,1226483,180.02
2024-10-30,169.03,169.45,166.09,166.77,2012427,177.5
2024-10-31,167.03,168.92,166.34,166.85,1473813,177.58
2024-11-01,167.11,168.59,166.62,168.42,1360471,179.26
2024-11-04,168.44,169.5,167,168.18,1689854,179
2024-11-05,167.77,169.34,167.49,169.22,1308684,180.11
2024-11-06,170.5,170.52,165.94,166.13,2859848,176.82
2024-11-07,164.42,167.98,161.29,162.4,3330996,172.85
2024-11-08,162.07,165.2,161.65,165.05,3115302,175.67
2024-11-11,164.42,170.59,164.37,167.72,2159558,178.51
2024-11-12,168.17,170.65,167.24,170.53,2514886,181.5
2024-11-13,170.53,173.72,169.14,173.3,2220856,184.45
2024-11-14,172.88,173.57,167.6,168.12,2257756,178.94
2024-11-15,166.81,167.29,160.27,160.59,3656501,170.92
2024-11-18,161.92,162.71,160.16,161.01,1642469,169.99
2024-11-19,160.3,161.83,159.27,161.24,1678190,170.24
2024-11-20,161.24,165.24,160.41,164.8,1446884,174
2024-11-21,164.8,166.38,164.06,165.7,1225324,174.95
2024-11-22,166.64,167.09,163.86,165.57,1458461,174.81
2024-11-25,166.22,168,166.01,166.26,2088242,175.54
2024-11-26,165.95,166.28,163.18,164.13,1307501,173.29
2024-11-27,165.16,166.46,164.49,164.89,1060573,174.09
2024-11-29,164.74,167.15,164.25,166.82,1525225,176.13
2024-12-02,166.82,169.14,164.93,168.42,2377768,177.82
2024-12-03,167.97,172.21,166.91,169.99,3986597,179.48
2024-12-04,169.01,175.22,165.14,168.47,4591594,177.87
2024-12-05,167.91,167.96,163.9,165.28,1953513,174.5
2024-12-06,166.13,167.66,164.6,165.47,2332272,174.7
2024-12-09,164.85,197.04,164.43,183.42,14377144,193.65
2024-12-10,183.36,186.42,176.12,177.3,5012355,187.19
2024-12-11,169.21,173.53,165.07,167.65,6250738,177
2024-12-12,166.58,174.77,166.46,174.23,3761748,183.95
2024-12-13,173.7,174.68,172.09,173.42,1985580,183.1
2024-12-16,172.48,174.29,167.88,168.78,2241293,178.2
2024-12-17,168.44,171.96,167.41,168.24,1834510,177.63
2024-12-18,166.22,166.22,162.79,163.35,1837939,172.46
2024-12-19,162.52,163.33,159.89,160.01,1930419,168.94
2024-12-20,160.27,162.95,159.67,161.26,2535399,170.26
2024-12-23,160.35,161.21,157.88,160.07,1172883,169
2024-12-24,160.07,161.48,159.08,161.48,429603,170.49
2024-12-26,160.64,163.17,160.07,161.19,992477,170.18
2024-12-27,160.61,163.02,160.55,162.68,1066265,171.76
2024-12-30,162.55,162.78,158.67,159.76,1771549,168.67
2024-12-31,159.85,160.92,158.64,160.4,869929,169.35
2025-01-02,162.15,162.23,158.77,159.87,864572,168.79
2025-01-03,160.1,161.39,159.07,160.1,932666,169.03
2025-01-06,159.54,159.96,157.02,157.93,1387876,166.74
2025-01-07,157.89,160.07,156.64,156.77,1303137,165.52
2025-01-08,156.28,156.66,151.42,153.65,2833895,162.22
2025-01-10,153.63,154.29,147.85,149.84,3028045,158.2
2025-01-13,150.76,151.08,148.61,148.97,2731311,157.28
2025-01-14,148.32,148.96,146.3,147.1,2179990,155.31
2025-01-15,147.1,147.83,142.37,143.73,3584580,151.75
2025-01-16,143.02,146.83,142.59,145.88,1973399,154.02
2025-01-17,145.36,147.02,144.08,144.79,1937411,152.87
2025-01-21,144.91,147,144.16,145.45,1744296,153.57
2025-01-22,145.48,145.49,142.47,143.13,1563502,151.12
2025-01-23,142.56,143.5,140.88,141.97,1837909,149.89
2025-01-24,141.49,143.55,139.8,142.74,1501467,150.71
2025-01-27,145.18,147.37,144.44,145.6,2309817,153.72
2025-01-28,145.61,146.11,141.41,141.82,1539016,149.73
2025-01-29,142.36,142.59,140.69,141.34,1217296,149.23
2025-01-30,142.3,144.17,141.31,144.1,1669659,152.14
2025-01-31,142.07,143.64,139.86,141.36,1977514,149.25
2025-02-03,140.18,141.11,138.74,139.98,1766166,147.79
2025-02-04,139.73,139.74,136.34,137.09,2188641,144.74
2025-02-05,133.55,138.6,132.72,138.21,3897832,145.92
2025-02-06,147.04,148.41,142.56,144.29,4131715,152.34
2025-02-07,145.92,148.29,145.44,146.74,2390659,154.93
2025-02-10,147.24,147.6,144.91,146.31,1612719,154.47
2025-02-11,145.67,150.98,145.38,149.9,1890954,158.26
2025-02-12,148.11,149.96,147.59,149.73,1382853,158.08
2025-02-13,149.41,152.58,149.17,152.31,1632531,160.81
2025-02-14,152.85,153.68,150.7,150.82,1450515,157.88
2025-02-18,149.02,156.48,147.35,155.7,2976893,162.99
2025-02-19,155.9,156.79,153.67,156.57,1391687,163.9
2025-02-20,156.38,159.34,155.71,158.67,1527071,166.1
2025-02-21,159.06,167.45,159.01,165.13,4115420,172.86
2025-02-24,164.74,171,163.77,169.89,3230978,177.84
2025-02-25,169.89,173.79,169.1,170.66,2733405,178.65
2025-02-26,169.59,169.8,162.77,163.63,3221512,171.29
2025-02-27,163.11,164.78,161.98,164.63,1464534,172.34
2025-02-28,166.02,167.9,163.76,164.99,2540847,172.71
2025-03-03,165.26,171.11,165.26,170.52,1790787,178.5
2025-03-04,172.86,176.01,168.38,168.49,2605402,176.38
2025-03-05,168.45,170.61,167.25,169.11,1186129,177.03
2025-03-06,170.59,172.22,168.15,171.96,1015577,180.01
2025-03-07,171.74,181.01,171.58,176.79,2806471,185.06
2025-03-10,178.56,184.74,177.41,178.03,2902776,186.36
2025-03-11,177.67,178.15,171.21,171.51,2256810,179.54
2025-03-12,169.1,169.1,163.02,163.3,2591637,170.94
2025-03-13,162.96,166.44,162.96,164.25,1543479,171.94
2025-03-14,163.92,167.18,162.48,162.61,1357591,170.22
2025-03-17,162.4,164.47,161.3,162.87,997919,170.49
2025-03-18,163.12,164.02,161.22,161.84,991871,169.42
2025-03-19,160.27,161.01,158.24,159.87,1705170,167.35
2025-03-20,159.77,160.28,156.47,157.12,1696752,164.47
2025-03-21,156.92,160.35,156.92,159.7,3047098,167.18
2025-03-24,159.39,161.2,157.15,160.5,1475462,168.01
2025-03-25,160.05,160.05,157.08,157.84,1409434,165.23
2025-03-26,157.71,162.11,157.71,160.98,1123261,168.52
2025-03-27,162.21,163.88,160.5,162.99,754888,170.62
2025-03-28,164.31,165.79,161.66,162.27,1075214,169.86
2025-03-31,163.12,165.04,161.78,163.38,1759446,171.03
2025-04-01,164.01,164.5,160.98,162.04,951002,169.62
2025-04-02,162.37,163.59,156.12,156.62,1644914,163.95
2025-04-03,156.33,159.99,155.01,159.37,3022273,166.83
2025-04-04,160.49,163.91,154.01,154.99,2504606,162.24
2025-04-07,153.51,157.63,150.04,155.33,2376850,162.6
2025-04-08,156.89,158.62,150.36,151.99,1853459,159.1
2025-04-09,151.38,158.94,150.05,156.82,1830671,164.16
2025-04-10,156.31,158.99,153.7,156.75,1491611,164.09
2025-04-11,157.2,159.44,155.38,158.24,1233967,165.65
2025-04-14,158.58,163.6,158.18,162.69,1637631,170.3
2025-04-15,162.69,163.83,159.27,160.44,1252353,167.95
2025-04-16,161.12,161.93,156.31,156.89,1024631,164.23
2025-04-17,158.44,159.67,155.49,159.14,1120485,166.59
2025-04-21,158.93,159.23,157.35,159.03,743371,166.47
2025-04-22,159.39,161.37,158.33,159.95,1002529,167.44
2025-04-23,159.55,161.12,157.59,159.15,911252,166.6
2025-04-24,158.53,158.81,156.38,156.66,760770,163.99
2025-04-25,156.21,157,154.28,155.98,982177,163.28
2025-04-28,156.25,157.07,154.05,155.77,1298067,163.06
2025-04-29,155.78,158.31,153.58,157.69,1208673,165.07
2025-04-30,158.08,160.63,157.65,159.71,3463751,167.19
2025-05-01,158.87,159.97,153.8,159.66,2618317,167.13
2025-05-02,159.28,160.1,153.72,156.05,2230814,163.35
2025-05-05,155.95,159.27,154.64,159.21,1820466,166.66
2025-05-06,158.85,162.48,158.01,162.41,1539532,170.01
2025-05-07,162.42,162.42,159.06,161.13,2195288,168.67
2025-05-08,160.86,162.69,159.74,162.51,1750117,170.12
2025-05-09,161.44,163.48,160.83,163.26,1228329,170.9
2025-05-12,163.44,163.78,158.95,160.09,2300540,167.58
2025-05-13,159.58,160.13,154.02,156,2246094,163.3
2025-05-14,155.81,156.34,153.63,154.49,1461394,161.72
2025-05-15,155.71,157.05,154.16,156.37,1231172,163.69
2025-05-16,156.37,156.37,150.14,152.68,2012502,158.49
2025-05-19,152.5,152.99,150.52,150.81,1785840,156.55
2025-05-20,150.76,152.12,149.85,149.99,1679589,155.7
2025-05-21,150.28,150.28,145.64,145.75,1814239,151.29
2025-05-22,145.42,148.53,144.54,148.22,2865817,153.86
2025-05-23,149.43,150.16,146.63,149.66,1907627,155.35
2025-05-27,150.36,153.93,149.97,152.43,2737891,158.23
2025-05-28,151.35,153.17,149.96,150.19,1248626,155.9
2025-05-29,148.92,156.61,148.71,155.41,2388116,161.32
2025-05-30,154.91,156.05,153.97,154.8,2073033,160.69
2025-06-02,153.92,155.59,151.99,155.53,1063702,161.45
2025-06-03,154.89,157.19,152.85,157.1,1068778,163.08
2025-06-04,157.44,157.62,155.31,155.56,1114205,161.48
2025-06-05,154.81,157.51,154.73,156.81,1403860,162.78
2025-06-06,156.81,157.84,154.97,155.82,1112188,161.75
2025-06-09,155.53,161.31,155.47,160.79,1677462,166.91
2025-06-10,161.16,163.53,160.24,162.36,1433881,168.54
2025-06-11,162.36,163.05,161.49,161.89,1022023,168.05
2025-06-12,161.89,166.18,161.36,165.81,2227668,172.12
2025-06-13,165.95,167.82,162.59,162.92,1834402,169.12
2025-06-16,163.84,165.03,162.53,164.16,1553984,170.41
2025-06-17,163.38,165.07,162.32,162.68,1262533,168.87
2025-06-18,162.76,164.62,161.27,163.5,1787160,169.72
2025-06-20,163.77,167.46,163.77,165.17,4188794,171.45
2025-06-23,165.46,166.98,163.59,166.78,1354933,173.13
2025-06-24,166.51,166.8,164.35,165.74,1697564,172.05
2025-06-25,163.75,164.49,161.04,161.4,2234519,167.54
2025-06-26,162.06,162.75,160.04,160.88,1980455,167
2025-06-27,160.99,162.67,160.38,160.87,2471535,166.99
2025-06-30,160.53,161.36,158.76,159.87,2050486,165.95
2025-07-01,159.87,171.53,159.85,169.37,2869364,175.81
2025-07-02,169,171.37,168.02,170.59,1071529,177.08
2025-07-03,170.72,171.04,168.6,170,733761,176.47
2025-07-07,170.15,170.37,168.06,169.12,1548856,175.55
2025-07-08,167.28,168.3,162.98,163.7,1919454,169.93
2025-07-09,163.24,163.24,155.58,156.01,3522780,161.95
2025-07-10,155.11,159.42,154.2,158.61,2135293,164.64
2025-07-11,157.84,159.31,156.63,158.72,1080801,164.76
2025-07-14,159.75,160.25,157.48,158.87,1050109,164.91
2025-07-15,158.82,160.02,156.57,156.94,1659674,162.91
2025-07-16,157.26,158.37,155.38,158.25,1343316,164.27
2025-07-17,159.93,165.41,159.55,164.95,2096546,171.23
2025-07-18,165.26,166.67,164.57,165.01,2394426,171.29
2025-07-21,167.8,174.64,167.8,170.27,3328571,176.75
2025-07-22,169.48,175.94,168.9,175.03,2193709,181.69
2025-07-23,175.39,178.61,175.14,176.51,1782160,183.23
2025-07-24,176.47,177.48,174.96,177.16,1129997,183.9
2025-07-25,177.14,180.78,175.9,180.26,1943827,187.12
2025-07-28,178.77,179.65,175.72,177.8,1533433,184.56
2025-07-29,177.49,179.99,176.22,179.4,2203866,186.23
2025-07-30,186.89,191.71,181.12,181.91,3009239,188.83
2025-07-31,179.48,182.79,178.46,179.31,2167850,186.13
2025-08-01,181,184.16,180.6,182.08,2072883,189.01
2025-08-04,181.47,184.07,180.93,183.43,1344992,190.41
2025-08-05,183.39,185.61,181.96,182.02,1109056,188.94
2025-08-06,182.01,182.86,179.39,181.68,1062157,188.59
2025-08-07,181.39,183.57,178.23,180.63,1977786,187.5
2025-08-08,180.19,180.53,176.72,177.52,1655463,184.27
2025-08-11,177.86,177.87,167.59,168.99,3185044,175.42
2025-08-12,169.79,171.37,168.42,170,1447260,176.47
2025-08-13,169.07,174.14,169.07,173.46,1248029,180.06
2025-08-14,172.72,174.4,171.08,173.65,1290962,180.26
2025-08-15,175.68,175.68,171.18,172.78,1289996,177.99
2025-08-18,173.3,174.12,172.1,173.18,1154834,178.4
2025-08-19,173.84,176.92,173.79,175.48,1496777,180.77
2025-08-20,176.62,179.58,175.82,176.27,1289061,181.59
2025-08-21,174.88,175.08,173.21,174.11,1171397,179.36
2025-08-22,174.99,176.66,174.15,176.12,1110311,181.43
2025-08-25,175.77,176.51,173.72,175.39,1121673,180.68
2025-08-26,174.88,178.2,174.47,178.03,1325806,183.4
2025-08-27,177.35,178.3,175.89,176.34,882503,181.66
2025-08-28,175.29,175.83,172.54,174.72,1220234,179.99
2025-08-29,174.89,178.83,174.71,178.37,1107637,183.75
2025-09-02,178.59,180.59,178.24,180.34,1209989,185.78
2025-09-03,180.01,181,177.44,179.28,1112150,184.69
2025-09-04,179.5,180.75,178.61,179.88,733703,185.3
2025-09-05,180.16,184.64,179.7,180.05,1328502,185.48
2025-09-08,179.22,182.88,178.64,182.04,1466263,187.53
2025-09-09,182.24,183.32,181.72,182.2,925061,187.69
2025-09-10,181.17,181.88,177.63,180.17,1336451,185.6
2025-09-11,180.76,182.25,180.01,180.12,915802,185.55
2025-09-12,179.23,180.19,178.08,179.59,871568,185.01
2025-09-15,180.86,181.45,178.87,180.13,939532,185.56
2025-09-16,186.84,189.63,183.19,187.79,2815464,193.45
2025-09-17,187.44,189.2,184.39,185.5,1189362,191.09
2025-09-18,183.58,184.92,182.09,183.55,1869312,189.08
2025-09-19,183.68,185.11,182.36,184.61,3209101,190.18
2025-09-22,184.55,187.8,182.8,186.71,1718443,192.34
2025-09-23,186.31,187.27,184.26,185.16,1308833,190.74
2025-09-24,185.21,186.46,184.54,185.3,1136438,190.89
2025-09-25,186.71,186.71,179.69,179.84,1356709,185.26
2025-09-26,179.7,182.9,179.58,182.6,1043252,188.11
2025-09-29,182.18,183.07,177.91,178.72,1334746,184.11
2025-09-30,179.35,182.17,177.83,181.57,1074887,187.05
2025-10-01,181.61,183.85,179.05,183.3,1273949,188.83
2025-10-02,181.52,184.32,181.32,183.49,1056716,189.02
2025-10-03,183.47,189.62,183.23,189.42,1678789,195.13
2025-10-06,189.68,190.31,187.26,189.47,1392912,195.18
2025-10-07,190.25,191.35,187.66,188.7,1417735,194.39
2025-10-08,188.8,190.83,188.09,189.84,1013482,195.56
2025-10-09,190.18,190.18,185.51,186.94,1165362,192.58
2025-10-10,188.04,189.99,185.96,186.51,1199230,192.13
2025-10-13,183.18,184.12,181.16,183.66,1577404,189.2
2025-10-14,183.08,185.85,179.13,183.88,1604115,189.43
2025-10-15,184.09,186.02,183.26,185.99,1551276,191.6
2025-10-16,186.4,188.52,181.01,181.33,1508294,186.8
2025-10-17,182.66,182.93,179.48,182.24,3175428,187.74
2025-10-20,182.03,183.5,178.68,180.76,1433335,186.21
2025-10-21,181.82,182.03,179.89,180.68,905986,186.13
2025-10-22,180.3,180.68,176.49,178.81,1254747,184.2
2025-10-23,178.86,179.35,175.6,176.26,1139340,181.58
2025-10-24,177.55,177.55,174.06,174.13,1217569,179.38
2025-10-27,174.68,176.19,173.7,176.14,1335152,181.45
2025-10-28,174.4,177.02,174.16,174.97,1761018,180.25
2025-10-29,173.5,173.93,168.42,170.15,3128735,175.28
2025-10-30,167.09,167.87,158.32,166.15,4296791,171.16
2025-10-31,166.47,166.68,161.54,164.66,2501092,169.63
2025-11-03,163.3,163.72,156.7,157.56,2657399,162.31
2025-11-04,157.67,161.99,156.94,161.09,2084479,165.95
2025-11-05,161.28,165.24,160.47,164.91,2199176,169.88
2025-11-06,163.71,165.31,162.39,162.73,1612480,167.64
2025-11-07,163.84,166.37,163.08,165.62,1260915,170.61
2025-11-10,164.89,164.93,159.22,163.97,2248231,168.91
2025-11-11,165.03,169.24,164.87,167.66,2037545,172.72
2025-11-12,168.45,174.19,168.31,173.04,2426738,178.26
2025-11-13,173,176.13,172.48,172.93,1924740,178.14
2025-11-14,173.99,175.26,171.98,173.95,1595826,179.2
2025-11-17,176.39,180.58,174.97,175.1,2295413,179
2025-11-18,175.21,180.53,174.96,178.94,2216023,182.93
2025-11-19,177.95,179.02,177.46,178.5,1374397,182.48
2025-11-20,177.69,181.05,177.01,178.68,1512006,182.66
2025-11-21,180.09,182.92,177.87,181.95,1874466,186
2025-11-24,182.23,183.84,181.08,181.75,2821573,185.8
2025-11-25,182.16,182.89,181.35,182.68,1341927,186.75
2025-11-26,184.28,184.93,182.96,184.1,1061917,188.2
2025-11-28,183.9,185.36,183.41,183.98,527740,188.08
2025-12-01,183.64,183.89,180.89,181.05,1289245,185.08
2025-12-02,180.46,180.96,176.28,178.79,1648198,182.77
2025-12-03,179.63,181.38,176.52,176.69,1437226,180.63
2025-12-04,178.02,178.6,175.52,178.48,1295304,182.46
2025-12-05,177.57,179.26,176.62,178.33,1084382,182.3
2025-12-08,177.34,178.29,175.26,176.84,1824440,180.78
2025-12-09,177,177.66,171.74,174.88,1333976,178.78
2025-12-10,175.23,176.95,174.43,176.14,2083607,180.06
2025-12-11,176.75,178.62,176.08,177.62,1058309,181.58
2025-12-12,178.07,179.69,177.03,177.87,1020121,181.83
2025-12-15,182.39,184.52,180.36,184.01,2213258,188.11
2025-12-16,184.88,185.71,182.78,184.05,1475890,188.15
2025-12-17,184.7,186.04,183.6,184.82,1069677,188.94
2025-12-18,184.4,185.9,182.77,184.06,1022619,188.16
2025-12-19,184,186.98,183.13,185.14,3558737,189.26
2025-12-22,183.47,183.9,180.08,182.32,1354660,186.38
2025-12-23,180.97,180.97,174.9,178.64,1750208,182.62
2025-12-24,179.1,180.93,178.63,180.77,458464,184.8
2025-12-26,180.56,181.09,179.58,180.19,814734,184.2
2025-12-29,180.34,180.59,176.37,176.83,1869807,180.77
2025-12-30,176.62,179.31,176.28,178.22,1008005,182.19
2025-12-31,178.22,179.74,177.85,178.01,924561,181.98
2026-01-02,178.01,180.42,176.78,178.43,1192505,182.41
2026-01-05,180.09,180.97,175.86,176.07,1688555,179.99
2026-01-06,176.14,178.42,175.32,175.37,1775258,179.28
2026-01-07,178.13,179.28,175.99,176.15,2120506,180.07
2026-01-08,175.1,181.39,174.76,180.72,1412833,184.75
2026-01-09,180.84,186.28,179.99,184.95,1855615,189.07
2026-01-12,186.51,190.64,186.25,188.92,1766940,193.13
2026-01-13,188.89,192.37,188.75,191.03,1826321,195.29
2026-01-14,191.44,196.13,188.96,194.78,1888454,199.12
2026-01-15,193.69,197.32,193.39,196.69,1294498,201.07
2026-01-16,196.06,197.46,191.95,193.45,3971948,197.76
2026-01-20,194.34,197.12,192.05,194.54,2228690,198.87
2026-01-21,193.36,194.01,189.92,191.8,2100029,196.07
2026-01-22,191.28,191.88,186.39,186.49,1688403,190.65
2026-01-23,187.19,188.56,184.99,187.03,2524488,191.2
2026-01-26,187.69,187.83,184.76,185.83,1491567,189.97
2026-01-27,185.62,187.72,184.68,187.45,1258118,191.63
2026-01-28,187.45,188.83,185.23,187.82,1301669,192
2026-01-29,189.05,191.43,185.71,186.39,1963724,190.54
2026-01-30,186.17,190.54,185.35,190.51,1401747,194.75
2026-02-02,193.04,193.86,189.48,193.69,1672917,198.01
2026-02-03,191.91,199.96,191.45,197.08,2037068,201.47
2026-02-04,198.71,201.47,197.6,201.3,3342838,205.79
2026-02-05,214.08,220.63,211.19,219.49,5700300,224.38
2026-02-06,220.68,229.32,220.68,226.48,3831002,231.53
2026-02-09,227.12,229.75,225.03,225.52,2482489,230.54
2026-02-10,225.48,226.54,222.34,224.01,2957998,229
2026-02-11,223.73,226.98,222.05,225.82,3268803,230.85
2026-02-12,225.99,227.68,221.16,221.33,2447176,226.26
2026-02-13,222.1,222.24,216.54,217.73,2200400,222.58
2026-02-17,217.68,218.64,211.32,216.03,2696965,219.4
2026-02-18,216.28,218.83,212.3,218.63,2469098,222.04
2026-02-19,219.24,220.05,215.39,216.53,1618365,219.91
2026-02-20,217.35,218.88,214.14,218.36,2742460,221.77
2026-02-23,216.98,224.29,214.8,222.6,1890919,226.07
2026-02-24,222.36,226.94,222.36,226.67,1619589,230.21
2026-02-25,226.01,227.6,222.09,226.11,1667006,229.64
2026-02-26,226.89,229.02,226.22,227.94,1422849,231.5
2026-02-27,228.6,233.14,228.6,232.65,2290863,236.28
2026-03-02,231.81,235.8,231.13,232.07,1074173,235.69
2026-03-03,230.44,233.02,229.16,230.56,1168978,234.16
2026-03-04,231.35,232.39,226.64,228.48,1249751,232.05
2026-03-05,225.69,226.31,221.76,223.1,1766124,226.58
2026-03-06,222.14,223.8,220.59,221.53,1271007,224.99
2026-03-09,220.44,221.46,216.83,219.36,2151220,222.78
2026-03-10,216.4,218.83,213.25,215.63,1569913,219
2026-03-11,214.73,215.77,211.55,214.5,1284092,217.85
2026-03-12,213.67,216.31,211.36,212.19,1424016,215.5
2026-03-13,214.94,216.61,212.9,213.75,1161028,217.09
2026-03-16,215.85,217.98,214.66,216.73,1403991,220.11
2026-03-17,217.53,217.62,211.51,214.36,1184553,217.71
2026-03-18,213.38,214.81,208.95,209.45,1813815,212.72
2026-03-19,208.93,209.44,205.92,207.34,2275597,210.58
2026-03-20,208.44,209.11,205.77,206.91,5667214,210.14
2026-03-23,208.05,213.06,207.03,211.86,1713361,215.17
2026-03-24,210.99,214.05,209.04,211.89,1171868,215.2
2026-03-25,212.52,214.29,208.92,213.66,1171500,217
2026-03-26,211.97,213.82,206.72,207.2,2010297,210.43
2026-03-27,207.69,212.75,207.21,210.44,1715589,213.73
2026-03-30,210.27,211.97,208.13,210.27,1618034,213.55
2026-03-31,211.76,211.88,202.38,204.69,2474025,207.89
2026-04-01,200.26,202.06,196.55,199.77,2246461,202.89
2026-04-02,199.68,203.32,197.74,203.02,1686891,206.19
2026-04-06,202.29,205.62,201.84,204.77,1475277,207.97
2026-04-07,204.45,205.63,202.78,203.8,1782392,206.98
2026-04-08,204.13,205.81,203.1,205.78,1284408,208.99
2026-04-09,204.41,207.68,203.82,207.6,1489938,210.84
2026-04-10,207.55,207.85,199.08,199.2,1886213,202.31
2026-04-13,197.16,198.27,193.82,194.57,2358723,197.61
2026-04-14,193.11,197.31,190.94,194.64,2588973,197.68
2026-04-15,193.65,194.49,188.79,188.94,2132408,191.89
2026-04-16,189.05,190.32,187.79,188.42,1741433,191.36
2026-04-17,187.25,191.91,186.73,189.67,3201553,192.63
2026-04-20,191.12,192.67,188.12,188.51,2085503,191.45
2026-04-21,188.3,189,185.33,185.81,1259747,188.71
2026-04-22,185.65,187.04,184.87,185.75,1422267,188.65
2026-04-23,186.76,190.53,186.71,189.15,1638474,192.1
2026-04-24,188.68,190.1,187.16,188.54,1608333,191.48
2026-04-27,188.62,189.85,183.29,183.62,2414405,186.49
2026-04-28,186.09,186.88,183.72,185.03,1785430,187.92
2026-04-29,185.6,187.17,184.16,186.25,2464968,189.16
2026-04-30,184.34,186.52,178.66,182.88,3218016,185.74
2026-05-01,183.72,185.19,177.41,179.54,1795255,182.34
2026-05-04,178.75,180.19,177.63,179.21,1714100,182.01
2026-05-05,178.88,183.52,178.85,182.07,1702879,184.91
2026-05-06,182.5,184.67,181.3,183.54,2400713,186.41
2026-05-07,182.61,184.47,180.03,184.18,1834137,187.06
2026-05-08,184.13,184.88,181.92,183.08,1588514,185.94
2026-05-11,182.9,186.77,180.87,186.32,2316740,189.23
2026-05-12,187.52,189.67,185.65,188.96,1830590,191.91
2026-05-13,188.47,193.56,187.42,192.66,3303854,195.67
2026-05-14,193.47,193.56,186.91,187.39,1592802,190.32
2026-05-15,188.89,189.16,184.73,185.52,1600196,186.98
2026-05-18,184.8,190.37,184.8,190.23,1678817,191.73
2026-05-19,190.74,194.38,188.32,191.3,2044249,192.8
2026-05-20,190.18,190.62,186.53,189.35,1615858,190.84
2026-05-21,187.11,191.27,185.29,188.9,1572900,190.39
2026-05-22,189.07,193.55,189.02,193.26,1621611,194.78
2026-05-26,194.47,194.55,188.72,189.63,2140037,191.12
2026-05-27,193.18,198.44,192.76,196.28,1958136,197.82
2026-05-28,195.68,196.89,194.19,195.5,1360215,197.04
2026-05-29,193.81,194.8,191.5,192.52,2837429,194.03
2026-06-01,190.8,191.49,182.11,184.95,1891427,186.4
2026-06-02,185.4,185.71,180.58,182.65,1298466,184.09
2026-06-03,182.75,186.66,180.88,181.77,1519461,183.2
2026-06-04,184.25,184.81,178.67,181.28,1564873,182.71
2026-06-05,183.05,185.97,181.93,183.14,1619190,184.58
2026-06-08,181.96,181.96,174.21,174.53,2667599,175.9
2026-06-09,175.13,175.92,172.39,174.47,2192663,175.84
2026-06-10,174.92,176.99,172.52,175.23,1987608,176.61
2026-06-11,174.78,180.43,174.59,179.43,2211199,180.84
2026-06-12,180.85,182.27,179.5,180.24,1486731,181.66
2026-06-15,180.24,180.89,176.65,179.7,2985101,181.11
2026-06-16,179.85,183.03,179.68,181.1,2889121,182.52
2026-06-17,179.59,181.72,171.11,173.94,3823651,175.31
2026-06-18,172.08,173.05,169.77,171.28,4125249,172.63
2026-06-22,169.67,172.34,166.46,169.56,3289171,170.89
2026-06-23,173.32,178.01,172.06,177.87,2861614,179.27
2026-06-24,178.6,182.13,178.6,181.61,2486651,183.04
2026-06-25,181.56,181.56,175.25,175.3,2118551,176.68
2026-06-26,176.23,178.34,175.29,177.71,2029975,179.11
2026-06-29,178.55,180.25,177.42,180.16,1354740,181.58
2026-06-30,177.37,178,173.54,174.08,2222336,175.45
2026-07-01,173.85,179.54,173.85,177.28,2574088,178.67
2026-07-02,178.96,181.81,177.63,180.72,2372876,182.14
2026-07-06,180.69,181.95,175.29,176.13,2528800,177.51
2026-07-07,178.96,180.69,174.05,174.58,2088848,175.95
2026-07-08,175.12,175.83,172.19,173.05,1865183,174.41
2026-07-09,171.74,172.67,169.52,170.31,2645106,171.65
2026-07-10,170.74,172.94,169.87,172.31,2421341,173.66
2026-07-13,171.1,176.25,170.54,173.87,1960792,175.24
2026-07-14,173.14,173.89,168.6,170.12,1376320,171.46
2026-07-15,168.87,171.42,168.17,168.94,1252562,170.27
2026-07-16,170.01,175.14,169.65,173.36,1376565,174.72
2026-07-17,175.51,176.27,169.55,170.08,1098122,171.42
2026-07-20,168.67,171.48,167.43,170.36,2041004,171.7
2026-07-21,168.22,170.78,168.18,169.3,1187002,170.63
2026-07-22,169.81,171.4,169.26,170.99,1064580,172.33
2026-07-23,168.67,171.11,167.93,170.8,2113781,172.14
2026-07-24,171.64,174.19,170.78,172.94,1955299,174.3
2026-07-27,173.91,179.17,173.91,178.78,2003761,180.19
2026-07-28,181.77,184.45,179.45,181.96,1971337,183.39
2026-07-29,181.82,186.9,181.17,182.48,2477892,183.91
2026-07-30,180.83,182.45,175.63,175.85,1980100,177.23
2026-07-31,174.82,175.99,172.55,173.68,2174836,175.05
2026-08-03,175.68,179.21,174.5,176.28,1555887,177.67
2026-08-04,175.92,177.77,172.24,177.64,1689689,179.04
2026-08-05,178.6,178.68,176.42,178.18,1256870,179.58
2026-08-06,179.37,181.65,177.98,181.59,1350167,183.02
2026-08-07,180.79,182.65,180.08,180.93,1040538,182.35
2026-08-10,179.66,181.45,178.8,181.32,1376110,182.75
2026-08-11,179.59,181.89,179.31,180.56,1593118,181.98
2026-08-12,179.16,183.02,177.8,182.79,965971,184.23
2026-08-13,183.65,185.23,183.5,184.67,1076766,186.12
2026-08-14,184.93,185.945,183.56,184.22,933814,184.22
2026-08-17,182.4,184.12,180.16,181.06,1065312,181.06
2026-08-18,183.01,184.15,181.18,183.45,960561,183.45
2026-08-19,184.65,189.83,184.54,188.79,1348347,188.79
2026-08-20,187,190.46,186.79,188.31,1107672,188.31
2026-08-21,187.62,188.73,185.46,186.46,928068,186.46
2026-08-24,187.98,190.25,187,189.94,1072782,189.94
2026-08-25,188.13,188.91,186.01,187.18,932807,187.18
2026-08-26,186.76,187.5899,185.29,185.35,727801,185.35
2026-08-27,181.94,183.125,180.07,181.32,1050645,181.32
2026-08-28,182.2,184.1,179,179.05,821967,179.05
2026-08-31,179.18,179.18,175.29,176.21,1697264,176.21
2026-09-01,177.16,179.19,175.89,176,1564455,176
2026-09-02,176.67,179.2575,174.95,177.43,1008281,177.43
2026-09-03,174.26,176.55,172.02,175.06,1262671,175.06
2026-09-04,173.42,174.8825,172.84,173.15,1495023,173.15
2026-09-08,172.49,175,170.39,173.27,1218647,173.27
2026-09-09,173,173.3,169.71,172.19,1459556,172.19
2026-09-10,173.92,176.2,173.22,174.34,1339316,174.34
2026-09-11,175.05,175.3936,172.84,173.32,1019204,173.32
2026-09-14,175.86,178.025,173.5,173.68,1133311,173.68
2026-09-15,173,173.655,169.42,170.42,2043871,170.42
2026-09-16,171.09,172.7199,170.685,170.79,1038728,170.79
2026-09-17,171.48,171.56,168.29,168.33,1463718,168.33
2026-09-18,168.12,170.49,166.69,169.79,4288971,169.79
2026-09-21,170,170.5,167.09,167.9,1440129,167.9
2026-09-22,169.12,169.57,168.04,168.46,1198409,168.46
2026-09-23,168.73,169.705,167.475,168.45,1071697,168.45
