date,open,high,low,close,volume,raw_close
2016-01-04,9.908,10.02,9.81,9.857,4054200,42.44
2016-01-05,9.796,9.959,9.552,9.566,3098996,41.19
2016-01-06,9.411,9.516,9.088,9.227,5982260,39.73
2016-01-07,9.058,9.097,8.642,8.721,4279700,37.55
2016-01-08,8.879,8.923,8.637,8.651,3671680,37.25
2016-01-11,8.547,8.718,8.377,8.475,3684940,36.49
2016-01-12,8.338,8.491,8.08,8.322,6363352,35.83
2016-01-13,8.342,8.38,7.849,7.985,4229680,34.38
2016-01-14,8.013,8.205,7.856,8.113,4373608,34.93
2016-01-15,7.899,7.973,7.662,7.92,6276492,34.1
2016-01-19,8.036,8.096,7.725,7.778,5177560,33.49
2016-01-20,7.49,7.897,7.328,7.766,10801076,33.44
2016-01-21,7.727,7.832,7.406,7.423,5502224,31.96
2016-01-22,7.539,7.736,7.518,7.701,4390180,33.16
2016-01-25,7.662,7.672,7.367,7.386,2360012,31.8
2016-01-26,7.397,7.488,7.302,7.355,4808184,31.67
2016-01-27,7.316,7.541,7.281,7.425,4712504,31.97
2016-01-28,7.476,7.525,7.286,7.307,3981652,31.46
2016-01-29,7.307,7.499,7.307,7.495,4227780,32.27
2016-02-01,7.49,7.657,7.374,7.571,5715972,32.6
2016-02-02,7.525,7.534,7.307,7.395,4934912,31.84
2016-02-03,7.39,7.425,7.174,7.381,5564352,31.78
2016-02-04,7.413,7.646,7.314,7.348,2755584,31.64
2016-02-05,7.274,7.386,7.146,7.197,3187048,30.99
2016-02-08,7.067,7.121,6.914,6.986,3350984,30.08
2016-02-09,6.879,7.177,6.851,7.123,3503316,30.67
2016-02-10,7.242,7.33,7.178,7.191,3720680,30.96
2016-02-11,6.991,7.17,6.877,7.067,3425308,30.43
2016-02-12,7.267,7.304,7.023,7.153,3741112,30.8
2016-02-16,7.318,7.453,7.272,7.393,2398000,31.83
2016-02-17,7.462,7.721,7.437,7.669,4225204,33.02
2016-02-18,7.722,7.776,7.59,7.634,2842704,32.87
2016-02-19,7.569,7.804,7.55,7.764,2492168,33.43
2016-02-22,7.827,7.941,7.797,7.885,1961000,33.95
2016-02-23,7.883,7.945,7.718,7.815,2523828,33.65
2016-02-24,7.681,7.799,7.525,7.769,2250888,33.45
2016-02-25,7.776,7.972,7.755,7.969,1771608,34.31
2016-02-26,8.036,8.196,8.027,8.141,2725464,34.95
2016-02-29,8.15,8.15,7.913,7.959,2405944,34.17
2016-03-01,7.955,8.306,7.949,8.306,4185752,35.66
2016-03-02,8.234,8.318,8.185,8.297,2602548,35.62
2016-03-03,8.32,8.651,8.278,8.649,3756956,37.13
2016-03-04,8.751,9.059,8.688,8.842,7499400,37.96
2016-03-07,8.779,9.054,8.691,9.035,3549820,38.79
2016-03-08,8.986,8.989,8.889,8.919,3753228,38.29
2016-03-09,8.97,8.974,8.777,8.812,3593564,37.83
2016-03-10,8.91,8.983,8.663,8.875,2238564,38.1
2016-03-11,8.965,9.098,8.924,9.096,2472700,39.05
2016-03-14,9.033,9.096,8.712,9.052,1587112,38.86
2016-03-15,8.991,8.991,8.667,8.849,2253264,37.99
2016-03-16,8.777,9,8.746,8.828,1566668,37.9
2016-03-17,8.793,8.963,8.658,8.889,2192048,38.16
2016-03-18,8.91,9.129,8.91,9.094,1996608,39.04
2016-03-21,9.08,9.177,8.891,9.014,2588860,38.7
2016-03-22,8.928,9.145,8.882,9.047,1502188,38.84
2016-03-23,9.024,9.082,8.802,8.884,1781624,38.14
2016-03-24,8.823,8.954,8.737,8.949,1595372,38.42
2016-03-28,8.961,9.012,8.843,8.991,1071968,38.6
2016-03-29,8.931,9.126,8.861,9.103,1658684,39.08
2016-03-30,9.112,9.203,9.063,9.136,1979804,39.22
2016-03-31,9.098,9.226,9.063,9.159,1842928,39.32
2016-04-01,9.105,9.335,9.003,9.317,2838388,40
2016-04-04,9.289,9.364,9.052,9.145,1734728,39.26
2016-04-05,9.089,9.089,8.875,8.956,2544572,38.45
2016-04-06,8.982,9.173,8.97,9.124,2176040,39.17
2016-04-07,9.068,9.101,8.705,8.814,2667340,37.84
2016-04-08,8.886,8.956,8.709,8.765,1374652,37.63
2016-04-11,8.84,9.052,8.84,8.886,1745728,38.15
2016-04-12,8.919,9.012,8.872,8.984,1444728,38.57
2016-04-13,9.054,9.327,9.013,9.327,3082164,40.04
2016-04-14,9.317,9.343,9.191,9.219,1953044,39.58
2016-04-15,9.257,9.266,9.122,9.175,1574236,39.39
2016-04-18,9.194,9.394,9.161,9.354,2549696,40.16
2016-04-19,9.347,9.399,9.14,9.303,3113836,39.94
2016-04-20,9.55,9.643,9.203,9.375,4187452,40.25
2016-04-21,9.317,9.352,9.243,9.327,2434848,40.04
2016-04-22,9.299,9.409,9.275,9.357,2977824,40.17
2016-04-25,9.299,9.317,9.147,9.191,1568308,39.46
2016-04-26,9.205,9.321,9.136,9.315,2499432,39.99
2016-04-27,9.273,9.33,9.219,9.264,995044,39.77
2016-04-28,9.163,9.189,8.952,8.993,1589824,38.61
2016-04-29,8.949,8.963,8.786,8.851,1687168,38
2016-05-02,8.856,9.035,8.807,9.031,2034248,38.77
2016-05-03,8.986,9.027,8.698,8.77,1183040,37.65
2016-05-04,8.698,8.812,8.556,8.602,1373384,36.93
2016-05-05,8.646,8.699,8.532,8.565,1013140,36.77
2016-05-06,8.542,8.616,8.439,8.6,1564796,36.92
2016-05-09,8.607,8.651,8.495,8.576,1100344,36.82
2016-05-10,8.602,8.754,8.602,8.695,1018884,37.33
2016-05-11,8.651,8.772,8.609,8.609,865104,36.96
2016-05-12,8.632,8.737,8.528,8.579,1832732,36.83
2016-05-13,8.574,8.653,8.362,8.372,1661460,35.94
2016-05-16,8.372,8.497,8.302,8.358,1369568,35.88
2016-05-17,8.351,8.465,8.299,8.367,1624120,35.92
2016-05-18,8.36,8.726,8.353,8.707,3309148,37.38
2016-05-19,8.66,8.802,8.462,8.553,1345684,36.72
2016-05-20,8.616,8.777,8.614,8.767,1964748,37.64
2016-05-23,8.772,8.807,8.672,8.767,1994344,37.64
2016-05-24,8.816,9.094,8.805,9.084,2208872,39
2016-05-25,9.131,9.324,9.131,9.268,4133684,39.79
2016-05-26,9.271,9.277,9.152,9.189,1743224,39.45
2016-05-27,9.18,9.355,9.18,9.343,14153136,40.01
2016-05-31,9.348,9.413,9.308,9.383,4356532,40.18
2016-06-01,9.28,9.362,9.243,9.339,4180176,39.99
2016-06-02,9.318,9.369,9.252,9.364,7397316,40.1
2016-06-03,9.238,9.264,9.028,9.149,4499228,39.18
2016-06-06,9.149,9.409,9.149,9.383,5288340,40.18
2016-06-07,9.385,9.43,9.315,9.392,2532192,40.22
2016-06-08,9.388,9.399,9.308,9.399,6517260,40.25
2016-06-09,9.355,9.369,9.257,9.339,4005700,39.99
2016-06-10,9.224,9.357,9.077,9.112,5420256,39.02
2016-06-13,9.028,9.124,8.831,8.832,1638452,37.82
2016-06-14,8.811,8.846,8.573,8.617,2674272,36.9
2016-06-15,8.631,8.818,8.629,8.701,3011944,37.26
2016-06-16,8.615,8.668,8.5,8.575,2698344,36.72
2016-06-17,8.591,8.64,8.489,8.505,1848620,36.42
2016-06-20,8.659,8.72,8.547,8.568,1426312,36.69
2016-06-21,8.575,8.601,8.465,8.489,1258368,36.35
2016-06-22,8.482,8.577,8.453,8.561,2012136,36.66
2016-06-23,8.661,8.818,8.64,8.787,1519188,37.63
2016-06-24,8.407,8.545,8.304,8.304,7505244,35.56
2016-06-27,8.22,8.291,7.881,7.891,5945796,33.79
2016-06-28,8.068,8.087,7.893,8.01,3212472,34.3
2016-06-29,8.211,8.25,8.092,8.234,2190400,35.26
2016-06-30,8.241,8.302,8.096,8.267,4076252,35.4
2016-07-01,8.227,8.274,8.115,8.185,2223824,35.05
2016-07-05,8.173,8.197,7.928,7.951,3013824,34.05
2016-07-06,7.951,8.037,7.86,7.958,2449688,34.08
2016-07-07,8.012,8.141,8.003,8.134,2935672,34.83
2016-07-08,8.267,8.318,8.185,8.264,1823568,35.39
2016-07-11,8.346,8.4,8.299,8.381,2041816,35.89
2016-07-12,8.475,8.608,8.435,8.568,2749476,36.69
2016-07-13,8.552,8.557,8.428,8.484,2291192,36.33
2016-07-14,8.568,8.685,8.512,8.531,1198052,36.53
2016-07-15,8.591,8.657,8.477,8.582,2074920,36.75
2016-07-18,8.601,8.652,8.589,8.622,1922272,36.92
2016-07-19,8.58,8.731,8.524,8.71,2702104,37.3
2016-07-20,8.348,8.36,8.01,8.12,8325292,34.77
2016-07-21,8.066,8.108,7.924,8.061,4695528,34.52
2016-07-22,8.106,8.152,7.991,8.145,4557804,34.88
2016-07-25,8.148,8.159,8.082,8.12,1410592,34.77
2016-07-26,8.113,8.136,8.057,8.115,2880032,34.75
2016-07-27,8.108,8.197,8.108,8.176,3130772,35.01
2016-07-28,8.138,8.229,8.094,8.206,1625840,35.14
2016-07-29,8.143,8.222,8.129,8.136,1904804,34.84
2016-08-01,8.171,8.22,8.131,8.204,1728588,35.13
2016-08-02,8.211,8.225,7.968,7.996,1359160,34.24
2016-08-03,7.97,8.134,7.968,8.131,1084996,34.82
2016-08-04,8.101,8.141,8.04,8.131,866336,34.82
2016-08-05,8.204,8.519,8.201,8.437,3547376,36.13
2016-08-08,8.407,8.449,8.341,8.362,1935316,35.81
2016-08-09,8.372,8.374,8.257,8.285,1703384,35.48
2016-08-10,8.29,8.312,8.157,8.169,1316676,34.98
2016-08-11,8.208,8.285,8.192,8.236,1004876,35.27
2016-08-12,8.208,8.302,8.136,8.297,1118600,35.53
2016-08-15,8.304,8.416,8.304,8.376,1276000,35.87
2016-08-16,8.348,8.392,8.278,8.285,1717400,35.48
2016-08-17,8.274,8.332,8.236,8.269,1607052,35.41
2016-08-18,8.246,8.299,8.19,8.232,1744116,35.25
2016-08-19,8.192,8.229,8.136,8.222,4417804,35.21
2016-08-22,8.208,8.208,8.12,8.159,1766240,34.94
2016-08-23,8.145,8.259,8.145,8.222,1043356,35.21
2016-08-24,8.222,8.241,8.171,8.187,1039876,35.06
2016-08-25,8.187,8.22,8.073,8.087,2005200,34.63
2016-08-26,8.099,8.257,8.099,8.246,1627868,35.31
2016-08-29,8.276,8.435,8.267,8.379,2403420,35.88
2016-08-30,8.414,8.476,8.379,8.472,1514124,36.18
2016-08-31,8.465,8.494,8.313,8.402,2135360,35.88
2016-09-01,8.435,8.458,8.177,8.229,1977032,35.14
2016-09-02,8.222,8.278,8.149,8.273,1823796,35.33
2016-09-06,8.304,8.339,8.154,8.238,1841052,35.18
2016-09-07,8.201,8.301,8.177,8.287,1947676,35.39
2016-09-08,8.29,8.383,8.234,8.316,1743776,35.51
2016-09-09,8.294,8.332,8.205,8.273,1918048,35.33
2016-09-12,8.22,8.407,8.17,8.381,1499988,35.79
2016-09-13,8.311,8.311,8.152,8.215,1407768,35.08
2016-09-14,8.236,8.292,8.156,8.234,1546320,35.16
2016-09-15,8.241,8.381,8.222,8.334,1437636,35.59
2016-09-16,8.248,8.278,8.149,8.236,7604024,35.17
2016-09-19,8.243,8.423,8.234,8.339,1670288,35.61
2016-09-20,8.379,8.402,8.332,8.348,1146344,35.65
2016-09-21,8.402,8.522,8.353,8.44,2237424,36.04
2016-09-22,8.486,8.531,8.461,8.519,1286664,36.38
2016-09-23,8.515,8.538,8.435,8.482,1441912,36.22
2016-09-26,8.421,8.445,8.248,8.28,1095840,35.36
2016-09-27,8.25,8.313,8.21,8.301,947160,35.45
2016-09-28,8.339,8.386,8.227,8.381,1032616,35.79
2016-09-29,8.433,8.433,8.168,8.21,1688508,35.06
2016-09-30,8.245,8.305,8.138,8.259,2245948,35.27
2016-10-03,8.184,8.344,8.184,8.341,2331152,35.62
2016-10-04,8.367,8.524,8.351,8.494,2065404,36.27
2016-10-05,8.547,8.784,8.533,8.76,3076352,37.41
2016-10-06,8.768,8.777,8.62,8.716,1330572,37.22
2016-10-07,8.732,8.732,8.592,8.679,1162628,37.06
2016-10-10,8.721,8.819,8.714,8.725,741768,37.26
2016-10-11,8.693,8.73,8.533,8.62,1063532,36.81
2016-10-12,8.632,8.669,8.54,8.59,1725892,36.68
2016-10-13,8.498,8.583,8.334,8.458,1320088,36.12
2016-10-14,8.533,8.58,8.39,8.412,1256484,35.92
2016-10-17,8.405,8.414,8.222,8.245,1380284,35.21
2016-10-18,8.344,8.393,8.229,8.355,2139548,35.68
2016-10-19,8.198,8.299,8.016,8.058,4014868,34.41
2016-10-20,8.028,8.077,7.964,7.969,2311164,34.03
2016-10-21,7.946,8.074,7.892,7.997,1843104,34.15
2016-10-24,8.03,8.07,7.946,7.964,1224092,34.01
2016-10-25,7.929,7.98,7.866,7.873,1651124,33.62
2016-10-26,7.812,7.854,7.747,7.833,2207188,33.45
2016-10-27,7.885,7.885,7.807,7.807,1072172,33.34
2016-10-28,7.777,7.873,7.763,7.807,1458696,33.34
2016-10-31,7.805,7.896,7.73,7.772,1783728,33.19
2016-11-01,7.782,7.802,7.573,7.646,1834108,32.65
2016-11-02,7.634,7.665,7.524,7.562,1638388,32.29
2016-11-03,7.543,7.658,7.517,7.536,1062004,32.18
2016-11-04,7.529,7.653,7.485,7.545,1051416,32.22
2016-11-07,7.702,7.796,7.601,7.779,1388528,33.22
2016-11-08,7.739,7.84,7.681,7.784,1015368,33.24
2016-11-09,7.835,8.135,7.835,8.074,2267552,34.48
2016-11-10,8.166,8.515,8.123,8.498,4173488,36.29
2016-11-11,8.479,8.662,8.349,8.639,2867208,36.89
2016-11-14,8.676,8.973,8.669,8.917,2719252,38.08
2016-11-15,8.856,8.934,8.77,8.924,2115552,38.11
2016-11-16,8.868,9.027,8.856,8.901,2839760,38.01
2016-11-17,8.901,9.039,8.901,8.995,1028760,38.41
2016-11-18,9.004,9.033,8.864,8.906,1624808,38.03
2016-11-21,8.922,8.957,8.814,8.864,1311668,37.85
2016-11-22,8.899,8.908,8.784,8.835,1185504,37.73
2016-11-23,8.859,8.929,8.807,8.889,1803420,37.96
2016-11-25,8.894,8.931,8.819,8.842,1002372,37.76
2016-11-28,8.803,8.864,8.598,8.611,1859232,36.77
2016-11-29,8.648,8.69,8.528,8.62,1387908,36.71
2016-11-30,8.747,8.747,8.55,8.622,1956996,36.72
2016-12-01,8.683,8.77,8.622,8.672,1919760,36.93
2016-12-02,8.69,8.761,8.578,8.733,2960384,37.19
2016-12-05,8.81,8.928,8.749,8.801,2028452,37.48
2016-12-06,8.841,8.951,8.733,8.932,1792840,38.04
2016-12-07,8.921,9.043,8.857,9.04,1929892,38.5
2016-12-08,9.179,9.285,9.099,9.2,2520844,39.18
2016-12-09,9.212,9.301,9.111,9.299,1705348,39.6
2016-12-12,9.273,9.317,9.031,9.172,1808700,39.06
2016-12-13,9.231,9.231,9.057,9.09,1585240,38.71
2016-12-14,8.998,9.16,8.979,9.137,1729272,38.91
2016-12-15,9.153,9.275,9.101,9.141,1762860,38.93
2016-12-16,9.068,9.085,8.864,8.918,7860228,37.98
2016-12-19,8.935,9.054,8.878,8.944,1864420,38.09
2016-12-20,9.01,9.092,8.944,8.963,1597516,38.17
2016-12-21,8.982,8.982,8.883,8.883,1665552,37.83
2016-12-22,8.892,8.911,8.824,8.838,1247096,37.64
2016-12-23,8.831,8.86,8.772,8.827,1267776,37.59
2016-12-27,8.831,8.881,8.801,8.815,931104,37.54
2016-12-28,8.829,8.834,8.653,8.658,1252244,36.87
2016-12-29,8.639,8.703,8.493,8.5,1676548,36.2
2016-12-30,8.528,8.611,8.47,8.573,1139796,36.51
2017-01-03,8.709,8.74,8.498,8.709,2282844,37.09
2017-01-04,8.714,9.066,8.712,9.014,3067616,38.39
2017-01-05,8.986,9.003,8.766,8.829,2722896,37.6
2017-01-06,8.862,9.085,8.784,9.059,2740368,38.58
2017-01-09,9.059,9.099,8.963,9.033,2053204,38.47
2017-01-10,9.115,9.273,9.068,9.186,2133248,39.12
2017-01-11,9.207,9.233,9.099,9.221,2274320,39.27
2017-01-12,9.045,9.184,9.022,9.083,1904056,38.68
2017-01-13,9.146,9.228,9.064,9.106,1436924,38.78
2017-01-17,9.04,9.083,8.89,8.928,2090224,38.02
2017-01-18,8.641,8.768,8.514,8.714,5241208,37.11
2017-01-19,8.693,8.709,8.602,8.662,3132020,36.89
2017-01-20,8.632,8.725,8.575,8.653,2800452,36.85
2017-01-23,8.629,8.658,8.519,8.58,1984008,36.54
2017-01-24,8.634,8.686,8.538,8.615,2093492,36.69
2017-01-25,8.632,8.756,8.573,8.7,1807788,37.05
2017-01-26,8.667,8.754,8.646,8.716,1411836,37.12
2017-01-27,8.73,8.733,8.639,8.719,1120416,37.13
2017-01-30,8.653,8.733,8.578,8.723,1883276,37.15
2017-01-31,8.69,8.78,8.662,8.768,1758200,37.34
2017-02-01,8.829,8.892,8.798,8.829,2411792,37.6
2017-02-02,8.679,8.73,8.566,8.658,3416352,36.87
2017-02-03,8.756,8.911,8.733,8.902,1815936,37.91
2017-02-06,8.869,8.942,8.824,8.902,1750356,37.91
2017-02-07,8.897,8.956,8.86,8.942,1695972,38.08
2017-02-08,8.904,8.916,8.804,8.864,1432280,37.75
2017-02-09,8.916,8.993,8.876,8.984,1254208,38.26
2017-02-10,9.04,9.064,8.953,8.975,1073884,38.22
2017-02-13,9.047,9.101,9.017,9.064,988552,38.6
2017-02-14,9.04,9.13,9.031,9.13,858784,38.88
2017-02-15,9.137,9.277,9.118,9.212,2793428,39.23
2017-02-16,9.249,9.249,9.094,9.115,2745136,38.82
2017-02-17,9.08,9.13,8.998,9.085,1542640,38.69
2017-02-21,9.099,9.137,8.97,8.984,1170440,38.26
2017-02-22,8.944,9.003,8.925,8.956,1462776,38.14
2017-02-23,8.96,8.989,8.827,8.916,1495004,37.97
2017-02-24,8.822,8.86,8.763,8.808,1069084,37.51
2017-02-27,8.808,8.886,8.725,8.874,2090320,37.69
2017-02-28,8.711,8.804,8.594,8.643,2502996,36.71
2017-03-01,8.758,9.048,8.758,9.041,2825548,38.4
2017-03-02,9.064,9.064,8.817,8.827,1329368,37.49
2017-03-03,8.817,8.949,8.796,8.848,1047420,37.58
2017-03-06,8.817,8.841,8.747,8.805,958516,37.4
2017-03-07,8.784,8.791,8.728,8.782,836700,37.3
2017-03-08,8.846,8.915,8.791,8.827,1538880,37.49
2017-03-09,8.815,8.842,8.638,8.664,1798604,36.8
2017-03-10,8.711,8.763,8.655,8.704,1204816,36.97
2017-03-13,8.728,8.801,8.694,8.756,1037132,37.19
2017-03-14,8.697,8.72,8.587,8.657,1748440,36.77
2017-03-15,8.662,8.709,8.556,8.575,2155140,36.42
2017-03-16,8.594,8.705,8.592,8.66,1541104,36.78
2017-03-17,8.7,8.7,8.514,8.558,3200596,36.35
2017-03-20,8.514,8.539,8.434,8.488,1864208,36.05
2017-03-21,8.547,8.547,8.264,8.299,3140344,35.25
2017-03-22,8.273,8.313,8.153,8.238,3352104,34.99
2017-03-23,8.21,8.337,8.21,8.25,2184668,35.04
2017-03-24,8.255,8.306,8.151,8.167,2648396,34.69
2017-03-27,8.033,8.142,8.031,8.127,1829476,34.52
2017-03-28,8.078,8.231,8.078,8.186,1918480,34.77
2017-03-29,8.17,8.21,8.123,8.127,2404288,34.52
2017-03-30,8.123,8.24,8.083,8.203,3739244,34.84
2017-03-31,8.158,8.259,8.144,8.175,2546888,34.72
2017-04-03,7.932,8.078,7.847,8.021,7951908,34.07
2017-04-04,8.014,8.189,7.998,8.156,3046412,34.64
2017-04-05,8.2,8.36,8.142,8.153,7362084,34.63
2017-04-06,8.212,8.212,8.059,8.116,4139432,34.47
2017-04-07,8.102,8.238,8.036,8.17,2254040,34.7
2017-04-10,8.205,8.222,8.104,8.137,1562476,34.56
2017-04-11,8.113,8.132,7.965,8.083,4313124,34.33
2017-04-12,8.052,8.078,7.97,8.017,2519508,34.05
2017-04-13,8.003,8.052,7.946,8,3280224,33.98
2017-04-17,8.007,8.142,8.007,8.123,2176468,34.5
2017-04-18,8.106,8.215,8.038,8.191,3699656,34.79
2017-04-19,7.923,8.123,7.772,7.977,9227932,33.88
2017-04-20,8.01,8.116,7.984,8.083,3075904,34.33
2017-04-21,8.083,8.109,7.937,8.012,2423160,34.03
2017-04-24,8.125,8.158,8.031,8.062,2488864,34.24
2017-04-25,8.097,8.165,8.092,8.132,1351108,34.54
2017-04-26,8.106,8.288,8.106,8.243,2860652,35.01
2017-04-27,8.207,8.276,8.104,8.238,5477100,34.99
2017-04-28,8.226,8.288,8.18,8.2,3708872,34.83
2017-05-01,8.24,8.33,8.189,8.311,2001612,35.3
2017-05-02,8.302,8.385,8.292,8.382,1367356,35.6
2017-05-03,8.337,8.478,8.315,8.466,2419968,35.96
2017-05-04,8.506,8.531,8.424,8.471,3268388,35.98
2017-05-05,8.481,8.523,8.462,8.506,1382808,36.13
2017-05-08,8.525,8.542,8.469,8.485,1370612,36.04
2017-05-09,8.488,8.545,8.422,8.429,2378132,35.8
2017-05-10,8.41,8.452,8.248,8.255,3341088,35.06
2017-05-11,8.24,8.273,8.151,8.243,2262748,35.01
2017-05-12,8.222,8.257,8.153,8.238,1620408,34.99
2017-05-15,8.257,8.309,8.231,8.302,1642320,35.26
2017-05-16,8.302,8.309,8.184,8.236,2723752,34.98
2017-05-17,8.132,8.191,8.066,8.085,3467956,34.34
2017-05-18,8.094,8.231,8.094,8.167,1413512,34.69
2017-05-19,8.193,8.288,8.134,8.224,2602716,34.93
2017-05-22,8.255,8.269,8.217,8.233,1277908,34.97
2017-05-23,8.248,8.262,8.16,8.219,1426872,34.91
2017-05-24,8.24,8.283,8.172,8.205,2182800,34.85
2017-05-25,8.245,8.325,8.215,8.299,1513440,35.25
2017-05-26,8.295,8.316,8.226,8.302,1214576,35.26
2017-05-30,8.299,8.342,8.254,8.29,911852,35.11
2017-05-31,8.302,8.302,8.148,8.236,1733916,34.88
2017-06-01,8.273,8.332,8.207,8.318,2892048,35.23
2017-06-02,8.311,8.481,8.273,8.448,2837184,35.78
2017-06-05,8.467,8.571,8.467,8.526,2637412,36.11
2017-06-06,8.45,8.509,8.368,8.479,2140720,35.91
2017-06-07,8.5,8.605,8.447,8.583,1634748,36.35
2017-06-08,8.5,8.668,8.453,8.587,1742468,36.37
2017-06-09,8.642,8.698,8.58,8.675,1761920,36.74
2017-06-12,8.696,8.816,8.561,8.738,2034896,37.01
2017-06-13,8.755,8.828,8.684,8.729,2502272,36.97
2017-06-14,8.63,8.741,8.587,8.738,2069656,37.01
2017-06-15,8.698,8.769,8.661,8.715,1589032,36.91
2017-06-16,8.724,8.724,8.58,8.637,1968992,36.58
2017-06-19,8.661,8.722,8.604,8.675,1581576,36.74
2017-06-20,8.682,8.736,8.62,8.687,1738672,36.79
2017-06-21,8.703,8.718,8.63,8.642,1643936,36.6
2017-06-22,8.642,8.731,8.63,8.712,1646636,36.9
2017-06-23,8.72,8.741,8.668,8.715,3226976,36.91
2017-06-26,8.717,8.802,8.702,8.76,1536472,37.1
2017-06-27,8.783,8.845,8.734,8.8,2529412,37.27
2017-06-28,8.816,8.95,8.741,8.885,3719900,37.63
2017-06-29,8.97,9.026,8.727,8.76,2233260,37.1
2017-06-30,8.797,8.871,8.743,8.835,2046060,37.42
2017-07-03,8.864,9.029,8.864,9.024,1162772,38.22
2017-07-05,9.041,9.064,8.899,9.024,3480736,38.22
2017-07-06,9.024,9.062,8.878,8.89,2930216,37.65
2017-07-07,8.911,8.942,8.802,8.84,1474744,37.44
2017-07-10,8.847,8.885,8.795,8.873,1478848,37.58
2017-07-11,8.866,8.878,8.802,8.864,1747672,37.54
2017-07-12,8.852,8.911,8.831,8.894,1018920,37.67
2017-07-13,8.925,8.979,8.854,8.965,1718472,37.97
2017-07-14,8.927,8.97,8.89,8.949,1708364,37.9
2017-07-17,8.951,9.019,8.899,8.918,2038640,37.77
2017-07-18,8.908,8.951,8.788,8.878,2964580,37.6
2017-07-19,8.734,8.8,8.562,8.786,5667232,37.21
2017-07-20,8.592,8.878,8.554,8.861,3286532,37.53
2017-07-21,8.816,9.163,8.746,9.152,5098728,38.76
2017-07-24,9.112,9.239,9.107,9.211,3272972,39.01
2017-07-25,9.189,9.244,9.171,9.211,2397524,39.01
2017-07-26,9.208,9.241,9.142,9.23,1401004,39.09
2017-07-27,9.206,9.27,9.138,9.265,2223796,39.24
2017-07-28,9.237,9.468,9.213,9.44,4028312,39.98
2017-07-31,9.452,9.47,9.39,9.456,2721152,40.05
2017-08-01,9.503,9.551,9.409,9.537,2112844,40.39
2017-08-02,9.544,9.553,9.475,9.527,2942932,40.35
2017-08-03,9.522,9.612,9.447,9.607,1654240,40.69
2017-08-04,9.681,9.681,9.57,9.572,1652980,40.54
2017-08-07,9.593,9.619,9.503,9.532,1216460,40.37
2017-08-08,9.52,9.614,9.49,9.522,1053864,40.33
2017-08-09,9.463,9.598,9.411,9.598,1530016,40.65
2017-08-10,9.574,9.638,9.546,9.607,1874148,40.69
2017-08-11,9.584,9.631,9.553,9.605,1907432,40.68
2017-08-14,9.681,9.82,9.624,9.716,2385964,41.15
2017-08-15,9.78,9.783,9.617,9.747,1707612,41.28
2017-08-16,9.794,9.865,9.725,9.742,1996420,41.26
2017-08-17,9.723,9.74,9.581,9.61,1686588,40.7
2017-08-18,9.57,9.692,9.522,9.676,5934944,40.98
2017-08-21,9.671,9.676,9.56,9.655,1627136,40.89
2017-08-22,9.524,9.773,9.374,9.747,1787308,41.28
2017-08-23,9.699,9.858,9.664,9.82,1632372,41.59
2017-08-24,9.862,9.976,9.777,9.952,2620824,42.15
2017-08-25,9.995,10.05,9.94,10.02,1675152,42.45
2017-08-28,10.03,10.04,9.881,9.891,1781564,41.89
2017-08-29,9.834,9.921,9.782,9.867,1988008,41.79
2017-08-30,9.862,9.877,9.761,9.867,2518904,41.69
2017-08-31,9.891,9.936,9.786,9.924,1882004,41.93
2017-09-01,9.936,10.12,9.832,10.1,1999320,42.67
2017-09-05,10.03,10.11,9.846,9.874,2499028,41.72
2017-09-06,9.853,9.922,9.765,9.86,1870076,41.66
2017-09-07,9.877,9.877,9.725,9.775,1426364,41.3
2017-09-08,9.765,9.886,9.711,9.81,1774192,41.45
2017-09-11,9.9,9.981,9.723,9.874,1689540,41.72
2017-09-12,9.931,9.978,9.827,9.926,1292048,41.94
2017-09-13,9.933,9.957,9.849,9.936,1757816,41.98
2017-09-14,9.936,10.01,9.846,9.945,1311100,42.02
2017-09-15,9.94,10,9.848,9.912,2770712,41.88
2017-09-18,9.922,10.15,9.893,10.15,2260960,42.87
2017-09-19,10.15,10.31,10.12,10.28,2574756,43.44
2017-09-20,10.3,10.43,10.21,10.4,1885960,43.96
2017-09-21,10.41,10.42,10.21,10.32,1148932,43.6
2017-09-22,10.09,10.48,9.838,10.45,1967692,44.15
2017-09-25,10.44,10.48,10.34,10.44,1744516,44.13
2017-09-26,10.42,10.45,10.3,10.35,1546588,43.75
2017-09-27,10.47,10.54,10.36,10.52,2345312,44.43
2017-09-28,10.55,10.65,10.49,10.61,2119584,44.83
2017-09-29,10.59,10.67,10.51,10.66,2458468,45.04
2017-10-02,10.65,10.99,10.6,10.98,2718480,46.41
2017-10-03,11.01,11.21,10.94,11.17,3618264,47.18
2017-10-04,11.18,11.26,11.1,11.19,2079124,47.3
2017-10-05,11.25,11.35,11.19,11.28,1624288,47.67
2017-10-06,11.15,11.4,11.1,11.23,2705196,47.45
2017-10-09,11.27,11.31,11.22,11.26,1520848,47.56
2017-10-10,11.25,11.28,11.14,11.2,1857740,47.34
2017-10-11,11.25,11.33,11.16,11.31,2265572,47.79
2017-10-12,11.31,11.36,11.27,11.28,1835840,47.64
2017-10-13,11.26,11.32,11.21,11.28,1423380,47.64
2017-10-16,11.27,11.31,11.21,11.29,1525844,47.72
2017-10-17,11.24,11.24,11.15,11.22,2303404,47.4
2017-10-18,11.59,12.01,11.39,11.78,6967912,49.76
2017-10-19,11.54,11.83,11.45,11.7,6081756,49.42
2017-10-20,11.65,11.8,11.59,11.69,3617636,49.39
2017-10-23,11.77,11.98,11.63,11.96,3421580,50.55
2017-10-24,12.04,12.14,11.98,12.1,2611560,51.13
2017-10-25,12.1,12.21,11.9,12.18,2650524,51.46
2017-10-26,12.19,12.56,12.15,12.43,3698424,52.52
2017-10-27,12.4,12.71,12.37,12.68,3089740,53.59
2017-10-30,12.61,12.69,12.5,12.59,2408524,53.18
2017-10-31,12.63,12.82,12.63,12.79,3908064,54.02
2017-11-01,12.87,12.9,12.68,12.75,2439300,53.85
2017-11-02,12.78,13.17,12.78,13.01,3189764,54.99
2017-11-03,13.06,13.06,12.66,12.76,3332820,53.93
2017-11-06,12.76,12.89,12.76,12.87,1587808,54.36
2017-11-07,12.92,12.93,12.77,12.8,1301984,54.09
2017-11-08,12.78,12.83,12.72,12.78,2303336,53.99
2017-11-09,12.71,12.82,12.62,12.71,1905056,53.69
2017-11-10,12.75,12.81,12.73,12.75,1183248,53.88
2017-11-13,12.69,12.8,12.65,12.76,1728372,53.9
2017-11-14,12.72,12.82,12.69,12.79,919700,54.05
2017-11-15,12.68,12.82,12.58,12.8,1616864,54.08
2017-11-16,12.82,12.95,12.82,12.87,1189192,54.39
2017-11-17,12.85,12.97,12.76,12.9,1126644,54.52
2017-11-20,12.96,13.18,12.93,13.09,1117708,55.31
2017-11-21,13.13,13.26,13.08,13.14,1557296,55.52
2017-11-22,13.16,13.21,12.99,13.08,1318636,55.26
2017-11-24,13.08,13.18,13.02,13.16,506604,55.61
2017-11-27,13.16,13.23,13.02,13.15,2765756,55.57
2017-11-28,13.14,13.32,13.1,13.3,1666852,56.21
2017-11-29,13.35,13.56,13.35,13.52,2401852,57.12
2017-11-30,13.62,13.67,13.49,13.53,1935004,57.06
2017-12-01,13.52,13.78,13.09,13.77,2342188,58.08
2017-12-04,13.94,14.25,13.91,13.97,2820808,58.91
2017-12-05,13.97,14.1,13.93,13.95,1556084,58.85
2017-12-06,13.91,14.04,13.85,14,1472904,59.05
2017-12-07,14,14.45,13.99,14.27,3346908,60.2
2017-12-08,14.39,14.5,14.29,14.5,2558000,61.14
2017-12-11,14.54,14.58,14.24,14.38,2729652,60.67
2017-12-12,14.42,14.78,14.37,14.67,3654768,61.88
2017-12-13,14.69,14.7,14.42,14.44,1744872,60.89
2017-12-14,14.46,14.51,14.2,14.24,2673152,60.05
2017-12-15,14.29,14.41,14.24,14.32,11778580,60.4
2017-12-18,14.39,14.54,14.27,14.31,2656324,60.34
2017-12-19,14.37,14.4,14.17,14.22,2233744,59.98
2017-12-20,14.3,14.33,14.09,14.11,1737336,59.5
2017-12-21,14.23,14.43,14.18,14.2,2891060,59.91
2017-12-22,14.24,14.34,14.23,14.3,1915428,60.32
2017-12-26,14.3,14.34,14.26,14.26,787320,60.16
2017-12-27,14.26,14.31,14.11,14.17,2189024,59.77
2017-12-28,14.17,14.24,14.11,14.23,1910728,60.02
2017-12-29,14.24,14.26,14.01,14.04,69247432,59.21
2018-01-02,14,14.25,14,14.12,5063028,59.54
2018-01-03,14.11,14.26,13.97,14.02,4176532,59.14
2018-01-04,14.12,14.23,13.99,14.12,5574276,59.55
2018-01-05,14.19,14.33,14.14,14.31,4032596,60.34
2018-01-08,14.09,14.51,14.05,14.44,3905332,60.92
2018-01-09,14.48,14.9,14.48,14.84,3922012,62.61
2018-01-10,14.82,14.9,14.7,14.74,2842612,62.15
2018-01-11,14.82,14.84,14.71,14.8,1141448,62.44
2018-01-12,14.85,14.97,14.77,14.96,2545948,63.1
2018-01-16,15.13,15.18,14.73,14.81,6783760,62.45
2018-01-17,14.55,15.07,14.48,14.85,5726156,62.62
2018-01-18,14.8,14.84,14.64,14.65,3919600,61.78
2018-01-19,14.64,14.83,14.56,14.81,4640744,62.48
2018-01-22,14.79,15.1,14.78,15.1,4484480,63.67
2018-01-23,15.17,15.46,15.12,15.43,4465552,65.1
2018-01-24,15.48,15.55,15.08,15.25,2769932,64.34
2018-01-25,15.27,15.3,14.88,14.96,3199736,63.08
2018-01-26,14.99,15.24,14.91,15.22,3607276,64.2
2018-01-29,15.22,15.36,15.1,15.16,2538460,63.93
2018-01-30,15.03,15.27,14.94,15.08,1950680,63.6
2018-01-31,15.15,15.27,15.06,15.17,1538004,63.99
2018-02-01,15.15,15.86,15.1,15.84,3944372,66.8
2018-02-02,15.84,15.98,15.5,15.5,2720576,65.39
2018-02-05,15.34,15.69,14.43,14.74,4384668,62.16
2018-02-06,14.5,15.09,14.2,15.03,6328428,63.39
2018-02-07,14.99,15.5,14.94,15.35,3805868,64.75
2018-02-08,15.43,15.52,14.63,14.64,3779976,61.74
2018-02-09,14.78,14.98,14.07,14.7,4724028,62.02
2018-02-12,14.85,15.22,14.82,15.1,2063848,63.68
2018-02-13,14.99,15.17,14.97,15.14,1584280,63.87
2018-02-14,15.11,15.83,15.08,15.8,2643840,66.63
2018-02-15,15.91,16.16,15.69,16.09,2725096,67.88
2018-02-16,16.08,16.26,15.94,15.97,5751904,67.37
2018-02-20,15.96,16.31,15.96,16.09,2112592,67.87
2018-02-21,16.14,16.52,16.14,16.24,3289364,68.49
2018-02-22,16.28,16.4,15.98,16.01,2101768,67.52
2018-02-23,16.12,16.42,16.1,16.41,2310228,69.23
2018-02-26,16.4,16.66,16.31,16.6,2971532,70
2018-02-27,16.6,16.89,16.6,16.64,2782892,70.2
2018-02-28,16.76,16.87,16.48,16.48,2842932,69.4
2018-03-01,16.54,16.54,15.59,15.78,4462012,66.46
2018-03-02,15.73,16.15,15.44,16.1,2911924,67.82
2018-03-05,16.04,16.61,15.9,16.5,2889896,69.5
2018-03-06,16.62,16.93,16.36,16.92,3513836,71.25
2018-03-07,16.68,16.97,16.55,16.81,2869080,70.82
2018-03-08,16.94,17.01,16.71,16.97,1764492,71.46
2018-03-09,17.07,17.53,17.07,17.51,2564828,73.76
2018-03-12,17.58,17.6,17.24,17.41,1899224,73.32
2018-03-13,17.41,17.46,17.13,17.2,2357608,72.46
2018-03-14,17.16,17.28,16.98,17.06,2178580,71.84
2018-03-15,17.1,17.17,16.66,16.78,2790036,70.67
2018-03-16,16.82,17,16.76,16.87,3964816,71.07
2018-03-19,16.86,16.97,16.48,16.74,1945832,70.5
2018-03-20,16.83,17.15,16.83,17.04,1555848,71.75
2018-03-21,17.04,17.36,16.98,17.15,2218196,72.22
2018-03-22,16.91,16.91,16.15,16.16,3479348,68.06
2018-03-23,16.23,16.3,15.72,15.72,2874920,66.21
2018-03-26,16.01,16.47,15.99,16.44,1969456,69.25
2018-03-27,16.52,16.53,15.69,15.84,2463508,66.7
2018-03-28,15.79,15.92,15.26,15.6,2615856,65.72
2018-03-29,15.63,16.04,15.46,15.96,2784664,67.24
2018-04-02,15.89,15.96,15.16,15.38,3321428,64.79
2018-04-03,15.43,16.21,15.41,16.06,3952144,67.66
2018-04-04,15.74,16.46,15.52,16.4,3956436,69.09
2018-04-05,16.55,16.89,16.3,16.79,5143676,70.7
2018-04-06,16.59,16.68,16.2,16.41,3034968,69.11
2018-04-09,16.6,16.73,16.31,16.39,2081880,69.02
2018-04-10,16.68,16.96,16.54,16.87,2320888,71.07
2018-04-11,16.75,17.08,16.63,16.88,3046400,71.09
2018-04-12,17.14,17.3,17.07,17.18,2449592,72.34
2018-04-13,17.41,17.41,16.76,16.9,2099548,71.17
2018-04-16,17.08,17.2,16.93,17.18,2180788,72.36
2018-04-17,17.41,17.75,17.21,17.66,6214088,74.4
2018-04-18,17.8,17.87,16.82,17.08,6967184,71.92
2018-04-19,17.09,17.43,17.08,17.25,3255012,72.66
2018-04-20,17.25,17.59,17.17,17.52,3777324,73.8
2018-04-23,17.6,17.79,17.45,17.56,3175508,73.96
2018-04-24,17.6,17.76,17.05,17.28,2354236,72.77
2018-04-25,17.24,17.35,17.01,17.1,2458880,72.01
2018-04-26,17.1,17.59,16.92,17.5,2102700,73.7
2018-04-27,17.39,17.72,17.26,17.55,2423196,73.9
2018-04-30,17.62,17.93,17.57,17.62,3221156,74.2
2018-05-01,17.52,17.61,17.27,17.58,2232664,74.05
2018-05-02,17.59,17.59,17.47,17.47,102396,73.57
2018-05-03,17.38,17.41,17.38,17.41,66284,73.34
2018-05-04,17.4,17.92,17.25,17.8,3360288,74.95
2018-05-07,17.83,18.37,17.81,18.23,2987428,76.78
2018-05-08,18.38,18.52,18.21,18.47,2056112,77.81
2018-05-09,18.58,19.07,18.5,18.81,3318024,79.24
2018-05-10,18.78,19.07,18.74,18.89,2234124,79.58
2018-05-11,18.92,19.04,18.82,18.92,2353428,79.7
2018-05-14,18.88,18.98,18.49,18.64,2905500,78.5
2018-05-15,18.53,18.76,18.44,18.65,2212660,78.57
2018-05-16,18.6,18.85,18.52,18.55,2413552,78.14
2018-05-17,18.56,18.71,18.34,18.53,2508880,78.05
2018-05-18,18.52,18.62,18.42,18.42,4443528,77.6
2018-05-21,18.59,18.99,18.59,18.76,2549024,79.01
2018-05-22,18.83,18.85,18.67,18.69,1686128,78.73
2018-05-23,18.61,18.65,18.24,18.64,1669512,78.52
2018-05-24,18.57,18.66,18.36,18.61,1965236,78.36
2018-05-25,18.54,18.54,18.28,18.47,4419604,77.78
2018-05-29,18.27,18.32,17.5,17.59,6729152,74.07
2018-05-30,17.66,18.01,17.61,17.69,4424728,74.52
2018-05-31,17.69,17.8,17.27,17.3,2837692,72.78
2018-06-01,17.47,17.59,17.1,17.2,3541668,72.34
2018-06-04,17.22,17.32,16.17,16.69,13320332,70.22
2018-06-05,16.76,16.86,16.59,16.74,4723772,70.42
2018-06-06,16.74,16.81,16.4,16.74,5527000,70.39
2018-06-07,16.87,16.92,16.4,16.69,3977516,70.18
2018-06-08,16.7,17.03,16.59,16.97,5346968,71.38
2018-06-11,16.95,17.11,16.84,16.9,2788020,71.1
2018-06-12,16.97,17.15,16.9,17.13,5700520,72.06
2018-06-13,17.18,17.32,16.78,16.9,8246068,71.09
2018-06-14,16.92,16.96,16.59,16.68,7080408,70.15
2018-06-15,16.64,16.78,16.46,16.56,10279224,69.65
2018-06-18,16.47,16.54,16.24,16.32,10347112,68.65
2018-06-19,16.11,16.19,15.91,16.12,8254204,67.81
2018-06-20,16.16,16.25,15.9,15.92,4661628,66.95
2018-06-21,15.98,16,15.52,15.8,3528808,66.44
2018-06-22,15.89,15.92,15.53,15.67,11014844,65.92
2018-06-25,15.62,15.62,15.08,15.38,5694312,64.69
2018-06-26,15.38,15.69,15.34,15.45,3338188,64.99
2018-06-27,15.47,15.65,15.3,15.31,3643488,64.41
2018-06-28,15.29,15.5,15.16,15.41,3604168,64.8
2018-06-29,15.5,15.66,15.31,15.31,3425604,64.41
2018-07-02,15.19,15.49,15.15,15.43,3580340,64.92
2018-07-03,15.46,15.53,15.04,15.07,2791844,63.37
2018-07-05,15.11,15.14,14.27,14.45,10449676,60.79
2018-07-06,14.43,14.65,14.34,14.45,3628868,60.79
2018-07-09,14.48,14.89,14.48,14.75,5272692,62.06
2018-07-10,14.86,14.89,14.69,14.88,3707704,62.58
2018-07-11,14.78,14.92,14.65,14.67,2825248,61.69
2018-07-12,14.67,14.72,14.33,14.57,4773132,61.27
2018-07-13,14.54,14.7,14.43,14.62,2346500,61.5
2018-07-16,14.69,14.97,14.69,14.9,3145132,62.69
2018-07-17,15,15.42,14.91,15.38,5304664,64.69
2018-07-18,15.48,15.9,15.09,15.53,7804972,65.34
2018-07-19,15.28,15.43,14.87,14.9,4341388,62.67
2018-07-20,14.83,15.03,14.75,14.9,2382396,62.66
2018-07-23,14.85,15.15,14.82,15.11,4097924,63.57
2018-07-24,15.21,15.25,14.82,14.88,1856472,62.57
2018-07-25,14.85,14.9,14.7,14.86,2002800,62.49
2018-07-26,14.86,14.9,14.71,14.79,2605588,62.19
2018-07-27,14.74,14.89,14.52,14.59,3318232,61.37
2018-07-30,14.7,14.71,14.2,14.22,4986964,59.83
2018-07-31,14.24,14.3,13.98,14.23,2547004,59.86
2018-08-01,14.32,14.63,14.2,14.38,2891808,60.5
2018-08-02,14.27,14.51,14.26,14.33,1808012,60.28
2018-08-03,14.33,14.38,14.09,14.29,3114628,60.11
2018-08-06,14.33,14.59,14.29,14.37,2145916,60.45
2018-08-07,14.4,14.66,14.4,14.5,2098188,60.98
2018-08-08,14.52,14.64,14.44,14.6,2077944,61.39
2018-08-09,14.56,14.76,14.56,14.67,5086132,61.7
2018-08-10,14.54,14.79,14.38,14.75,2700992,62.02
2018-08-13,14.75,14.78,14.57,14.57,2507632,61.3
2018-08-14,14.61,14.71,14.59,14.69,1603520,61.8
2018-08-15,14.56,14.58,14.18,14.26,2761792,60
2018-08-16,14.43,14.64,14.31,14.47,2359632,60.85
2018-08-17,14.45,14.58,14.31,14.55,1604584,61.2
2018-08-20,14.55,14.88,14.55,14.73,3180740,61.95
2018-08-21,14.43,14.85,14.34,14.36,6396540,60.4
2018-08-22,14.28,14.65,14.28,14.52,1793152,61.07
2018-08-23,14.48,14.65,14.26,14.47,2695208,60.86
2018-08-24,14.51,14.6,14.4,14.52,4812440,61.08
2018-08-27,14.63,14.81,14.62,14.79,1692640,62.2
2018-08-28,14.82,14.93,14.68,14.83,2280132,62.39
2018-08-29,14.8,14.81,14.63,14.76,2047272,62.08
2018-08-30,14.73,14.77,14.63,14.66,1173452,61.56
2018-08-31,14.65,14.84,14.54,14.8,2111400,62.16
2018-09-04,14.74,15,14.69,14.93,2321036,62.7
2018-09-05,14.93,14.99,14.51,14.55,4071844,61.12
2018-09-06,14.48,14.57,14.05,14.15,2565228,59.43
2018-09-07,14.15,14.48,14.07,14.47,3017020,60.75
2018-09-10,14.49,14.52,13.75,13.82,4833256,58.04
2018-09-11,13.76,13.87,13.68,13.78,3132384,57.88
2018-09-12,13.78,13.78,13.46,13.49,3690752,56.65
2018-09-13,13.57,13.99,13.52,13.83,3817268,58.07
2018-09-14,13.84,14.06,13.79,13.96,3229796,58.63
2018-09-17,14.05,14.07,13.53,13.68,2476776,57.43
2018-09-18,13.68,13.84,13.57,13.82,2876068,58.02
2018-09-19,13.81,14.05,13.79,13.87,2284672,58.23
2018-09-20,13.97,14.2,13.93,13.97,2322056,58.68
2018-09-21,14.04,14.12,13.66,13.68,4936340,57.43
2018-09-24,13.72,13.75,13.55,13.71,2144968,57.58
2018-09-25,13.72,13.72,13.46,13.66,2437740,57.37
2018-09-26,13.66,13.66,13.36,13.38,1741096,56.2
2018-09-27,13.45,13.5,13.19,13.24,1774384,55.61
2018-09-28,13.14,13.27,13.1,13.17,2575020,55.31
2018-10-01,13.25,13.33,13.09,13.17,1602584,55.3
2018-10-02,13.22,13.37,13.13,13.24,2793172,55.59
2018-10-03,13.3,13.38,13.2,13.3,4229380,55.85
2018-10-04,13.34,13.57,13.25,13.28,3364476,55.78
2018-10-05,13.31,13.54,13.1,13.11,1952904,55.06
2018-10-08,13.22,13.33,12.98,13.3,2143464,55.86
2018-10-09,13.3,13.46,13.14,13.26,2260620,55.68
2018-10-10,13.11,13.15,12.62,12.71,2630948,53.39
2018-10-11,12.46,12.74,11.97,12.09,3522140,50.75
2018-10-12,12.37,12.41,12.03,12.33,3082504,51.76
2018-10-15,12.38,12.64,12.19,12.59,2495444,52.85
2018-10-16,12.62,13.15,12.55,13,3587692,54.61
2018-10-17,12.62,12.92,12.41,12.84,4273576,53.91
2018-10-18,12.79,12.84,12.07,12.13,3958340,50.95
2018-10-19,12.25,12.57,12.08,12.16,2928556,51.05
2018-10-22,12.15,12.41,11.81,11.94,2561948,50.13
2018-10-23,11.76,11.94,11.46,11.8,3718020,49.55
2018-10-24,11.83,11.96,11.46,11.48,2821780,48.21
2018-10-25,11.51,11.83,11.47,11.73,1557096,49.24
2018-10-26,11.41,11.56,11.23,11.37,3262008,47.73
2018-10-29,11.3,11.76,11.05,11.19,5293328,47.01
2018-10-30,11.25,11.59,11.15,11.5,2677472,48.3
2018-10-31,11.84,11.96,11.51,11.76,3154996,49.4
2018-11-01,11.79,12.36,11.69,12.34,3185956,51.8
2018-11-02,12.62,13.13,12.38,13.07,3846964,54.88
2018-11-05,13.1,13.17,12.94,13.01,3165392,54.63
2018-11-06,12.94,13.29,12.94,13.2,2232536,55.45
2018-11-07,13.3,13.76,13.28,13.71,2194532,57.56
2018-11-08,13.5,13.73,13.36,13.43,1646576,56.38
2018-11-09,13.28,13.4,13.01,13.19,2146484,55.37
2018-11-12,13.1,13.32,12.64,12.91,1719224,54.21
2018-11-13,12.98,13.39,12.87,13.16,1836944,55.25
2018-11-14,13.1,13.4,12.83,12.86,2520720,53.99
2018-11-15,12.62,12.96,12.51,12.94,1931744,54.32
2018-11-16,12.78,13.03,12.69,12.86,1371808,54.02
2018-11-19,12.88,13.16,12.59,12.77,2844656,53.62
2018-11-20,12.67,12.67,12.05,12.19,2023216,51.19
2018-11-21,12.19,12.54,12.14,12.28,1976488,51.58
2018-11-23,12.23,12.48,12.14,12.36,576316,51.91
2018-11-26,12.52,13.01,12.52,12.62,1079696,52.98
2018-11-27,12.5,12.87,12.5,12.68,1488204,53.26
2018-11-28,12.71,13.45,12.71,13.36,2403852,56.1
2018-11-29,13.29,13.62,13.24,13.32,1581712,55.84
2018-11-30,13.29,13.99,13.26,13.87,3249176,58.12
2018-12-03,14.11,14.92,13.46,13.88,3904076,58.17
2018-12-04,14.05,14.05,13.37,13.52,2989484,56.66
2018-12-06,13.17,13.41,12.47,13.37,4841760,56.04
2018-12-07,13.3,13.57,12.46,12.61,2976332,52.87
2018-12-10,12.49,12.64,12.09,12.41,4295412,52.02
2018-12-11,12.55,12.88,12.4,12.53,3680380,52.52
2018-12-12,12.7,12.79,12.54,12.62,1653420,52.92
2018-12-13,12.79,13.01,12.2,12.4,2175052,51.98
2018-12-14,12.25,12.62,12.06,12.41,1849088,52.04
2018-12-17,12.36,13.09,12.22,12.68,3129112,53.15
2018-12-18,13.02,13.49,12.76,13.04,3983956,54.66
2018-12-19,12.99,13.29,12.81,12.92,2054884,54.14
2018-12-20,12.83,13.11,12.46,12.94,2685860,54.24
2018-12-21,12.16,13.03,12.16,12.5,6193176,52.4
2018-12-24,12.61,12.61,12.12,12.41,1627704,52.01
2018-12-26,12.13,12.91,12.13,12.87,2200880,53.95
2018-12-27,12.48,12.95,12.33,12.58,5127340,52.75
2018-12-28,12.61,12.87,12.56,12.71,1652996,53.29
2018-12-31,12.69,13.04,12.59,13.04,2531672,54.65
2019-01-02,12.63,13.26,12.6,12.64,4558068,53
2019-01-03,12.62,12.87,12.3,12.49,3033684,52.34
2019-01-04,12.17,13.36,12.17,13.02,4252828,54.57
2019-01-07,13,13.25,12.43,12.47,3569388,52.26
2019-01-08,12.39,12.76,12.26,12.52,2715592,52.48
2019-01-09,12.64,12.79,12.09,12.34,4386860,51.73
2019-01-10,12.39,12.45,11.97,12.41,2488356,52.04
2019-01-11,12.29,12.35,11.94,12.27,4190840,51.44
2019-01-14,12.41,12.41,11.98,12.22,2374344,51.21
2019-01-15,12.18,12.41,12.06,12.29,2475020,51.53
2019-01-16,12.41,12.64,12.33,12.49,1853208,52.34
2019-01-17,12.38,12.88,12.38,12.72,2458800,53.3
2019-01-18,12.93,13.07,12.73,13.06,1735028,54.76
2019-01-22,13.13,13.24,12.16,12.39,4433436,51.95
2019-01-23,12.23,12.51,11.69,12.01,5764272,50.33
2019-01-24,12.2,12.2,11.73,11.84,4041048,49.65
2019-01-25,11.83,12.17,11.77,12.06,1643932,50.56
2019-01-28,12.12,12.12,11.86,11.99,1696924,50.26
2019-01-29,11.86,12.27,11.86,12.17,2143240,51
2019-01-30,12.24,12.29,11.93,12.09,1976156,50.66
2019-01-31,12.17,12.46,12.02,12.02,3017744,50.4
2019-02-01,12.05,12.35,11.57,11.83,5753436,49.61
2019-02-04,11.9,12.2,11.76,11.94,3870484,50.03
2019-02-05,11.93,12.21,11.91,12.17,2405956,51.02
2019-02-06,12.1,12.33,12.05,12.12,2051552,50.81
2019-02-07,12.08,12.26,11.88,11.96,2012248,50.15
2019-02-08,11.99,12.2,11.85,12.04,1929144,50.46
2019-02-11,12.17,12.28,12.05,12.21,2031860,51.19
2019-02-12,12.39,12.42,12.2,12.27,1835496,51.43
2019-02-13,12.4,12.7,12.35,12.59,1715944,52.79
2019-02-14,12.61,12.83,12.44,12.59,3042268,52.76
2019-02-15,12.72,12.88,12.67,12.68,1185516,53.17
2019-02-19,12.82,13.12,12.69,13.08,2177308,54.84
2019-02-20,13.02,13.24,12.91,12.98,1483820,54.42
2019-02-21,12.98,13.3,12.82,13.25,1828940,55.53
2019-02-22,13.33,13.48,13.24,13.39,1447740,56.11
2019-02-25,13.63,13.87,13.55,13.59,2362596,56.96
2019-02-26,13.6,13.66,13.32,13.44,2252040,56.34
2019-02-27,13.24,13.41,13.15,13.26,1586456,55.57
2019-02-28,13.16,13.35,13.1,13.2,1618192,55.23
2019-03-01,13.47,13.5,13.24,13.29,2775740,55.61
2019-03-04,13.37,13.49,12.88,12.97,2358108,54.25
2019-03-05,12.96,13.26,12.79,12.83,1747904,53.67
2019-03-06,12.77,13.33,12.61,12.86,2497208,53.79
2019-03-07,12.96,12.96,12.64,12.86,1849120,53.83
2019-03-08,12.67,12.75,12.41,12.43,1518308,52.01
2019-03-11,12.43,12.88,12.43,12.8,1280832,53.58
2019-03-12,12.89,12.95,12.74,12.86,2007464,53.79
2019-03-13,13.14,13.14,12.89,12.91,1605232,54.01
2019-03-14,13.09,13.09,12.86,12.98,937812,54.3
2019-03-15,13.19,13.19,12.9,13,1755860,54.41
2019-03-18,13.01,13.16,12.99,13.12,1289784,54.91
2019-03-19,13.21,13.28,12.88,12.91,1151584,54.03
2019-03-20,13.11,13.11,12.57,12.65,1656228,52.94
2019-03-21,12.61,12.75,12.31,12.32,1646864,51.54
2019-03-22,12.29,12.39,11.92,11.96,1804424,50.06
2019-03-25,12.2,12.23,11.76,11.86,1636588,49.62
2019-03-26,12.2,12.27,12,12.14,2316180,50.81
2019-03-27,12.13,12.19,11.86,12.13,1101720,50.75
2019-03-28,12.19,12.42,12.1,12.38,1263304,51.82
2019-03-29,12.43,12.54,12.4,12.4,1899052,51.88
2019-04-01,12.59,12.91,12.51,12.86,2316468,53.8
2019-04-02,12.91,13.07,12.66,12.96,2063084,54.21
2019-04-03,13.35,13.35,12.45,12.59,3703616,52.7
2019-04-04,12.78,13.09,12.61,12.79,2105920,53.51
2019-04-05,12.79,12.97,12.67,12.83,700356,53.7
2019-04-08,12.88,12.97,12.64,12.84,1046564,53.72
2019-04-09,12.93,12.93,12.6,12.76,1155192,53.38
2019-04-10,12.69,12.85,12.5,12.67,1181936,53
2019-04-11,12.84,12.84,12.51,12.69,1201176,53.11
2019-04-12,12.55,13.01,12.55,13.01,1813636,54.42
2019-04-15,13.12,13.12,12.91,13.01,1605316,54.44
2019-04-16,13.12,13.29,12.91,13.22,2259240,55.33
2019-04-17,13.37,13.5,12.87,12.94,3280272,54.16
2019-04-18,13.1,13.19,12.92,13.12,1908032,54.88
2019-04-22,12.85,13.25,12.85,13.13,1476364,54.96
2019-04-23,13.14,13.2,13,13.14,1381824,54.99
2019-04-24,13.2,13.2,12.91,12.98,1370320,54.33
2019-04-25,12.86,13.11,12.78,13.02,1197004,54.47
2019-04-26,12.79,13.07,12.79,12.94,978624,54.13
2019-04-29,12.91,13.11,12.9,13.07,1068156,54.68
2019-04-30,12.97,13.01,12.85,12.95,1515904,54.19
2019-05-01,13.08,13.23,13,13.21,1798076,55.27
2019-05-02,13.25,13.43,13.18,13.36,1606696,55.9
2019-05-03,13.44,13.56,13.29,13.55,1180064,56.71
2019-05-06,12.92,14.05,12.92,14.05,3353216,58.78
2019-05-07,14.04,14.18,13.55,13.61,2205044,56.96
2019-05-08,13.62,13.81,13.42,13.48,965848,56.41
2019-05-09,13.14,13.54,13.14,13.41,1367624,56.1
2019-05-10,13.29,13.5,13.04,13.35,1877420,55.88
2019-05-13,12.95,13.26,12.95,13.1,1833128,54.83
2019-05-14,13.06,13.32,13.05,13.2,1396504,55.25
2019-05-15,13.13,13.26,12.93,12.93,1087904,54.1
2019-05-16,13.08,13.41,13.03,13.39,1379924,56.04
2019-05-17,13.13,13.4,13.09,13.25,1105164,55.43
2019-05-20,13.5,13.5,12.9,12.96,2432048,54.22
2019-05-21,13.05,13.38,12.89,12.92,1574480,54.06
2019-05-22,12.86,13.01,12.79,12.96,894532,54.22
2019-05-23,12.84,12.94,12.77,12.89,1635892,53.95
2019-05-24,12.89,13.02,12.78,12.78,900052,53.46
2019-05-28,12.62,12.95,12.6,12.63,1293260,52.84
2019-05-29,12.51,12.66,12.36,12.54,1593956,52.48
2019-05-30,12.56,12.78,12.35,12.54,1392416,52.38
2019-05-31,12.33,12.5,12.01,12.19,3024004,50.93
2019-06-03,12.16,12.34,11.82,12.08,3685472,50.45
2019-06-04,12.22,12.58,12.09,12.52,1975340,52.3
2019-06-05,12.43,12.72,12.35,12.61,1528240,52.67
2019-06-06,12.76,13,12.48,12.9,1784044,53.87
2019-06-07,12.86,13.09,12.71,13.04,2084992,54.44
2019-06-10,13.17,13.34,12.98,13.07,2946784,54.6
2019-06-11,13.26,13.27,12.93,13.03,1377944,54.4
2019-06-12,13.07,13.17,12.69,12.75,2629704,53.26
2019-06-13,12.82,13.06,12.4,12.98,1431756,54.2
2019-06-14,13.06,13.21,12.84,13.16,1786956,54.97
2019-06-17,13.15,13.34,13.05,13.14,1476688,54.86
2019-06-18,13.18,13.31,13.13,13.2,967284,55.11
2019-06-19,13.19,13.35,13.07,13.1,1312144,54.7
2019-06-20,13.09,13.31,13,13.14,1700304,54.89
2019-06-21,12.98,13.18,12.76,12.88,2255136,53.81
2019-06-24,12.91,12.96,12.5,12.61,2437116,52.67
2019-06-25,12.61,12.82,12.45,12.67,2356276,52.92
2019-06-26,12.53,12.73,12.53,12.59,1768492,52.56
2019-06-27,12.49,12.75,12.4,12.73,1655760,53.18
2019-06-28,12.76,13.17,12.73,13.04,6302328,54.46
2019-07-01,13.07,13.21,12.73,12.91,4110916,53.91
2019-07-02,12.76,12.77,12.55,12.69,2191560,52.99
2019-07-03,12.81,12.94,12.58,12.91,1990696,53.9
2019-07-05,12.91,13.17,12.78,13.15,2274436,54.92
2019-07-08,13.16,13.26,12.66,12.75,2370040,53.25
2019-07-09,12.71,12.89,12.65,12.87,1365972,53.74
2019-07-10,12.76,12.9,12.56,12.59,2327640,52.6
2019-07-11,12.61,12.82,12.61,12.67,1548444,52.92
2019-07-12,12.65,12.7,12.39,12.54,2186556,52.38
2019-07-15,12.51,12.6,12.21,12.25,2259592,51.17
2019-07-16,12.21,12.47,12.05,12.05,2786436,50.32
2019-07-17,11.97,12.24,11.57,11.77,8534640,49.14
2019-07-18,11.33,12.08,11.31,11.97,4445556,50
2019-07-19,11.79,12.02,11.79,11.86,2839244,49.55
2019-07-22,11.94,11.96,11.8,11.82,2764080,49.37
2019-07-23,11.7,12.02,11.7,11.99,1850400,50.09
2019-07-24,11.9,12.01,11.84,11.97,1190828,49.98
2019-07-25,11.97,12.21,11.91,12,2204344,50.1
2019-07-26,11.98,12.21,11.86,12.15,1542276,50.74
2019-07-29,12.14,12.31,12.01,12.08,1723748,50.45
2019-07-30,12.03,12.26,11.97,12.2,992428,50.97
2019-07-31,12.44,12.44,12.19,12.27,1991180,51.26
2019-08-01,12.27,12.41,11.99,12.2,2543108,50.95
2019-08-02,12.13,12.17,11.96,12.02,1884736,50.22
2019-08-05,11.75,12,11.64,11.7,2333888,48.88
2019-08-06,11.71,11.79,11.5,11.7,1672348,48.87
2019-08-07,11.5,11.73,11.37,11.49,2260020,48
2019-08-08,11.73,11.73,11.5,11.61,1885760,48.47
2019-08-09,11.41,11.6,10.97,11.4,3522756,47.62
2019-08-12,11.39,11.49,11,11.03,1272812,46.07
2019-08-13,10.89,11.34,10.89,11.13,1924152,46.49
2019-08-14,10.75,11.08,10.7,10.88,2061792,45.43
2019-08-15,10.83,11.12,10.7,10.9,1635136,45.53
2019-08-16,10.83,11.27,10.81,11.2,2372892,46.76
2019-08-19,11.46,11.46,11.22,11.4,1590376,47.63
2019-08-20,11.38,11.46,11.17,11.22,1050460,46.86
2019-08-21,11.19,11.32,11.11,11.23,1340312,46.9
2019-08-22,11.35,11.37,11.02,11.16,1154204,46.59
2019-08-23,11.09,11.26,10.87,10.87,1465920,45.4
2019-08-26,11.06,11.2,10.66,10.68,1980992,44.59
2019-08-27,10.69,10.84,10.69,10.77,1186032,44.98
2019-08-28,10.67,11,10.67,10.86,1651160,45.34
2019-08-29,11.05,11.22,11.02,11.04,955996,46.01
2019-08-30,11.05,11.33,11.04,11.33,1213540,47.2
2019-09-03,11.33,11.41,11.14,11.4,2795836,47.51
2019-09-04,11.41,11.59,11.32,11.35,1559128,47.28
2019-09-05,11.52,11.67,11.4,11.57,1099856,48.21
2019-09-06,11.41,11.79,11.15,11.67,2134896,48.65
2019-09-09,11.76,11.77,11.56,11.77,1071384,49.06
2019-09-10,11.79,11.95,11.62,11.94,1249944,49.74
2019-09-11,11.9,12.22,11.72,12.22,1650916,50.92
2019-09-12,12.06,12.35,12.01,12.32,1373256,51.35
2019-09-13,12.48,12.57,12.31,12.39,1248048,51.64
2019-09-16,12.54,12.61,12.28,12.52,967132,52.17
2019-09-17,12.52,12.52,12.36,12.42,1076396,51.74
2019-09-18,12.14,12.44,12.09,12.39,1237120,51.64
2019-09-19,12.09,12.59,12.09,12.42,887888,51.76
2019-09-20,12.42,12.62,12.31,12.51,3116784,52.15
2019-09-23,12.09,12.59,12.05,12.44,890032,51.82
2019-09-24,12.6,12.6,12.02,12.09,1478016,50.39
2019-09-25,12.07,12.47,12.04,12.41,1786416,51.73
2019-09-26,12.22,12.55,11.85,12.36,3155796,51.51
2019-09-27,12.48,12.81,12.37,12.81,2029080,53.39
2019-09-30,12.75,12.93,12.55,12.91,1461452,53.78
2019-10-01,12.46,12.46,11.6,11.68,9058116,48.68
2019-10-02,11.76,11.76,11.01,11.35,6447324,47.3
2019-10-03,11.28,11.51,11.08,11.25,3740824,46.89
2019-10-04,11.41,11.43,11.01,11.42,1789444,47.59
2019-10-07,11.58,11.58,11.3,11.43,1821868,47.61
2019-10-08,11.28,11.32,10.89,10.9,2940896,45.42
2019-10-09,11.03,11.04,10.86,10.91,2502040,45.45
2019-10-10,10.95,11.47,10.94,11.35,2371020,47.31
2019-10-11,11.52,11.62,11.39,11.5,1697052,47.92
2019-10-14,11.39,11.59,11.22,11.3,2005432,47.0973
2019-10-15,11.36,11.5,11.25,11.38,3818496,47.44
2019-10-16,11.07,11.4,10.77,11.06,5603156,46.1
2019-10-17,11.16,11.34,10.95,10.98,1864772,45.76
2019-10-18,10.99,11.03,10.69,10.8,2465752,45
2019-10-21,10.94,11,10.81,10.84,1439040,45.18
2019-10-22,10.88,11.15,10.75,11.02,1864548,45.92
2019-10-23,11.03,11.07,10.77,10.86,1443964,45.25
2019-10-24,10.89,11.03,10.78,10.95,1608144,45.62
2019-10-25,10.91,11.24,10.9,11.16,1054772,46.52
2019-10-28,11.19,11.5,11.19,11.44,1206356,47.69
2019-10-29,11.4,11.56,11.37,11.54,1635112,48.07
2019-10-30,11.52,11.71,11.45,11.59,1907868,48.3
2019-10-31,11.58,11.61,11.33,11.42,1522172,47.57
2019-11-01,11.52,11.68,11.22,11.28,1947856,46.99
2019-11-04,11.34,11.43,10.89,11.14,2888172,46.44
2019-11-05,11.15,11.21,11,11.12,1422000,46.32
2019-11-06,11.13,11.13,10.83,11.03,1351756,45.95
2019-11-07,11.13,11.31,11.1,11.17,1301256,46.55
2019-11-08,11.17,11.28,11,11.27,1086652,46.96
2019-11-11,11.18,11.32,11.01,11.01,1162324,45.9
2019-11-12,11.06,11.27,11.01,11.1,1725780,46.265
2019-11-13,11.02,11.21,10.98,11.16,1418232,46.52
2019-11-14,11.13,11.25,11.04,11.19,1064296,46.62
2019-11-15,11.22,11.32,11.11,11.16,1349416,46.5
2019-11-18,11.14,11.15,10.97,11.02,1586772,45.94
2019-11-19,11.04,11.31,11.04,11.25,1494588,46.88
2019-11-20,11.23,11.47,11.21,11.34,2593596,47.24
2019-11-21,11.53,11.58,11.18,11.24,2460492,46.83
2019-11-22,11.25,11.55,11.25,11.5,1951332,47.94
2019-11-25,11.52,11.93,11.49,11.85,2235000,49.39
2019-11-26,11.78,11.93,11.67,11.74,1649012,48.94
2019-11-27,11.74,11.93,11.66,11.84,1302416,49.24
2019-11-29,11.86,11.86,11.62,11.64,678088,48.42
2019-12-02,11.78,11.83,11.24,11.26,2679116,46.83
2019-12-03,11.13,11.18,10.87,11.12,2052412,46.24
2019-12-04,11.13,11.46,11.13,11.36,2573928,47.24
2019-12-05,11.41,11.44,11.23,11.44,1020524,47.57
2019-12-06,11.54,11.63,11.28,11.35,2518140,47.2
2019-12-09,11.35,11.36,11.08,11.13,2248444,46.27
2019-12-10,11.15,11.29,11.1,11.17,1335440,46.46
2019-12-11,11.17,11.46,11.17,11.24,1964444,46.75
2019-12-12,11.24,11.65,11.24,11.56,1328160,48.09
2019-12-13,11.54,11.67,11.2,11.27,2146092,46.86
2019-12-16,11.32,11.43,11.19,11.22,2917328,46.64
2019-12-17,11.28,11.34,11.2,11.28,3387944,46.92
2019-12-18,11.3,11.41,11.26,11.3,2891388,46.99
2019-12-19,11.25,11.45,11.25,11.4,3847724,47.39
2019-12-20,11.39,11.56,11.33,11.37,8442476,47.3
2019-12-23,11.36,11.38,11.22,11.29,1235388,46.96
2019-12-24,11.29,11.39,11.21,11.23,775328,46.7
2019-12-26,11.27,11.41,11.23,11.37,990604,47.28
2019-12-27,11.39,11.43,11.27,11.34,916408,47.14
2019-12-30,11.38,11.46,11.19,11.2,1131508,46.57
2019-12-31,11.2,11.32,11.04,11.21,2162636,46.62
2020-01-02,11.28,11.55,11.18,11.49,2426004,47.8
2020-01-03,11.35,11.41,11.18,11.35,2727628,47.22
2020-01-06,11.22,11.42,11.09,11.41,3491680,47.43
2020-01-07,11.43,11.44,11.31,11.34,1688588,47.17
2020-01-08,11.33,11.59,11.31,11.56,1646396,48.08
2020-01-09,11.65,11.74,11.54,11.69,1072168,48.61
2020-01-10,11.74,11.74,11.53,11.67,1200116,48.52
2020-01-13,11.68,11.84,11.58,11.79,1531324,49.04
2020-01-14,11.81,12,11.73,11.79,1729768,49.04
2020-01-15,11.78,11.87,11.57,11.68,1494324,48.56
2020-01-16,11.79,12.21,11.77,11.97,2362860,49.79
2020-01-17,12.05,12.2,11.97,12.06,2076660,50.15
2020-01-21,12.06,12.37,12,12.22,2829548,50.825
2020-01-22,12.02,12.14,11.68,11.83,4128700,49.19
2020-01-23,11.73,11.82,11.59,11.6,3304340,48.24
2020-01-24,11.59,11.63,11.38,11.46,2876104,47.65
2020-01-27,11.27,11.45,11.13,11.29,2790576,46.95
2020-01-28,11.31,11.46,11.18,11.29,2125728,46.95
2020-01-29,11.32,11.66,11.29,11.53,1758664,47.95
2020-01-30,11.41,11.68,11.41,11.68,1305336,48.58
2020-01-31,11.6,11.6,11.2,11.3,2681624,47
2020-02-03,11.4,12.32,11.39,12.3,4732760,51.17
2020-02-04,12.37,13.12,12.37,12.83,4793768,53.36
2020-02-05,13.06,13.06,12.44,12.54,2346092,52.14
2020-02-06,12.57,12.76,12.37,12.44,2604228,51.73
2020-02-07,12.39,12.48,12.29,12.44,914928,51.75
2020-02-10,12.42,12.86,12.38,12.85,2179460,53.45
2020-02-11,13,13.3,12.87,13.28,3796472,55.24
2020-02-12,13.36,13.36,13.05,13.27,1661812,55.2
2020-02-13,13.25,13.3,13.11,13.29,1287272,55.27
2020-02-14,13.29,13.34,13.21,13.26,1103968,55.14
2020-02-18,13.2,13.36,13.09,13.18,1473812,54.82
2020-02-19,13.2,13.51,13.2,13.43,1709368,55.87
2020-02-20,13.85,14.07,13.56,13.71,4222932,57
2020-02-21,13.64,13.64,13.08,13.24,2644780,55.04
2020-02-24,12.74,13.07,12.57,12.97,2732968,53.95
2020-02-25,12.99,13.02,12.37,12.57,2548780,52.28
2020-02-26,12.67,13.09,12.65,13,3806664,54.06
2020-02-27,12.67,13.35,12.43,12.44,4559040,51.64
2020-02-28,12.12,12.52,11.82,12.31,6280448,51.1
2020-03-02,12.38,13.16,12.14,13.06,5601684,54.23
2020-03-03,13.07,13.25,12.4,12.45,4305724,51.66
2020-03-04,12.53,12.55,11.96,12.19,6178704,50.59
2020-03-05,11.85,12.06,11.46,11.62,4320544,48.23
2020-03-06,11.21,11.63,11.02,11.56,6873672,48
2020-03-09,10.64,10.77,9.805,10.58,4219260,43.91
2020-03-10,10.87,11.32,10.83,11.24,3827844,46.66
2020-03-11,10.89,10.98,10.61,10.76,4285188,44.66
2020-03-12,10.05,10.58,9.877,9.981,5691860,41.43
2020-03-13,10.46,10.63,9.593,10.63,6501064,44.12
2020-03-16,8.943,10.1,8.919,9.615,4479128,39.91
2020-03-17,9.904,10.32,9.547,10.28,4640908,42.66
2020-03-18,9.482,10.28,8.947,9.212,6591060,38.24
2020-03-19,8.981,9.86,8.785,9.798,4041088,40.67
2020-03-20,9.706,10.32,9.02,9.131,4804964,37.9
2020-03-23,9.147,9.147,8.119,8.499,4897040,35.28
2020-03-24,8.974,9.875,8.784,9.815,4197668,40.74
2020-03-25,9.877,10.79,9.841,10.48,4094444,43.49
2020-03-26,10.46,10.82,10.06,10.39,2534868,43.12
2020-03-27,10.17,10.26,9.762,9.979,3011456,41.42
2020-03-30,10.05,10.35,9.889,10.17,2629484,42.2
2020-03-31,10.03,10.56,9.945,10.4,3796604,43.17
2020-04-01,10.23,10.54,10.08,10.42,4591852,43.25
2020-04-02,10.41,10.88,10.28,10.71,3544604,44.44
2020-04-03,10.79,10.94,10.22,10.28,2952620,42.69
2020-04-06,10.61,10.93,10.58,10.9,2677684,45.25
2020-04-07,11.29,11.37,10.54,10.59,2434324,43.96
2020-04-08,10.67,10.94,10.53,10.89,1504628,45.2
2020-04-09,11.24,11.41,10.8,10.97,2037728,45.53
2020-04-13,10.92,10.99,10.63,10.72,1672948,44.49
2020-04-14,10.69,11.01,10.69,10.92,1598332,45.32
2020-04-15,10.62,10.93,10.6,10.78,1293044,44.74
2020-04-16,10.8,10.99,10.52,10.97,3310488,45.52
2020-04-17,11.29,11.36,10.93,11.07,1945672,45.93
2020-04-20,10.83,11.23,10.68,10.69,3511916,44.37
2020-04-21,10.68,10.76,10.1,10.4,3945168,43.19
2020-04-22,9.576,9.682,9.253,9.489,14510500,39.39
2020-04-23,9.68,9.693,9.275,9.446,5145172,39.21
2020-04-24,9.449,9.458,9.167,9.304,3719044,38.62
2020-04-27,9.383,9.726,9.216,9.665,4995820,40.12
2020-04-28,9.901,9.904,9.432,9.518,4891344,39.51
2020-04-29,9.67,10.13,9.608,10.03,5162764,41.65
2020-04-30,9.926,9.93,9.718,9.877,2879384,41
2020-05-01,9.848,9.935,9.622,9.885,2480004,41.03
2020-05-04,9.764,9.889,9.677,9.779,1811268,40.59
2020-05-05,9.952,9.965,9.67,9.699,1707440,40.26
2020-05-06,9.791,9.88,9.639,9.677,2264268,40.17
2020-05-07,9.781,9.897,9.709,9.75,1929636,40.47
2020-05-08,9.82,9.966,9.721,9.909,2896544,41.13
2020-05-11,9.844,9.972,9.687,9.692,2773560,40.23
2020-05-12,9.718,9.791,9.282,9.302,2504060,38.61
2020-05-13,9.237,9.268,8.892,8.943,2876172,37.12
2020-05-14,8.822,9.094,8.733,9.078,2580528,37.68
2020-05-15,9.029,9.053,8.916,8.972,2347412,37.24
2020-05-18,9.104,9.489,9.104,9.42,2831432,39.1
2020-05-19,9.398,9.453,9.251,9.263,2477328,38.45
2020-05-20,9.629,9.629,9.345,9.441,2846788,39.19
2020-05-21,9.381,9.436,9.29,9.386,2885996,38.96
2020-05-22,9.4,9.461,9.21,9.352,1546660,38.82
2020-05-26,9.598,9.85,9.581,9.764,2526264,40.53
2020-05-27,9.983,10.48,9.915,10.48,3499708,43.5
2020-05-28,10.54,10.57,10.26,10.33,1705360,42.86
2020-05-29,10.19,10.38,10.01,10.23,2772868,42.35
2020-06-01,10.26,10.36,10.19,10.31,3312172,42.69
2020-06-02,10.45,10.54,10.25,10.36,2494396,42.9
2020-06-03,10.58,10.74,10.41,10.61,2879412,43.92
2020-06-04,10.48,10.62,10.25,10.49,6169304,43.45
2020-06-05,10.92,10.98,10.5,10.5,3861000,43.48
2020-06-08,10.7,10.92,10.52,10.88,4015152,45.05
2020-06-09,10.69,10.85,10.31,10.66,3680532,44.125
2020-06-10,10.69,10.74,10.12,10.22,4066880,42.31
2020-06-11,9.852,10.18,9.787,9.961,3894264,41.25
2020-06-12,10.35,10.35,9.787,10.03,3262572,41.54
2020-06-15,9.772,10.33,9.772,10.25,3092228,42.45
2020-06-16,10.28,10.54,10.24,10.45,3000528,43.26
2020-06-17,10.51,10.51,10.21,10.24,3079776,42.4
2020-06-18,10.14,10.35,10.14,10.22,3399516,42.32
2020-06-19,10.38,10.42,10.01,10.04,5002864,41.56
2020-06-22,9.949,10.17,9.886,9.97,3943060,41.29
2020-06-23,10.23,10.41,10.13,10.14,4996592,42
2020-06-24,10.04,10.11,9.884,9.896,2141876,40.98
2020-06-25,9.896,10.2,9.867,10.13,2765744,41.96
2020-06-26,10.02,10.02,9.632,9.715,5999704,40.23
2020-06-29,9.782,9.992,9.705,9.98,2116676,41.33
2020-06-30,9.961,10.13,9.944,10.09,2521872,41.77
2020-07-01,10.01,10.48,9.951,10.2,4832820,42.25
2020-07-02,10.4,10.55,10.27,10.39,4048516,43.01
2020-07-06,10.71,11.12,10.64,10.87,6055688,45.03
2020-07-07,10.79,11.35,10.77,11.32,5718184,46.87
2020-07-08,11.41,11.77,11.4,11.76,4668196,48.7
2020-07-09,11.79,11.84,11.54,11.8,3088716,48.85
2020-07-10,11.75,11.9,11.61,11.89,2813640,49.23
2020-07-13,12,12.33,11.95,11.97,3602340,49.58
2020-07-14,11.94,12.36,11.9,12.33,3891128,51.05
2020-07-15,12.49,12.93,12.48,12.85,3576056,53.22
2020-07-16,12.11,12.72,12.1,12.54,3805556,51.93
2020-07-17,12.59,12.72,12.37,12.4,2249296,51.37
2020-07-20,12.59,12.62,12.38,12.43,2636452,51.49
2020-07-21,12.46,12.64,12.1,12.4,4898000,51.35
2020-07-22,11.93,12.62,11.93,12.45,5482896,51.56
2020-07-23,12.17,12.35,11.8,12.07,3587408,49.97
2020-07-24,11.97,12.1,11.87,11.92,2230332,49.38
2020-07-27,11.88,12.12,11.8,12.09,2020656,50.06
2020-07-28,12.03,12.11,11.95,11.96,2722492,49.53
2020-07-29,12.02,12.23,11.87,12.14,2832572,50.29
2020-07-30,11.93,12.12,11.82,12.01,1778164,49.73
2020-07-31,12.01,12.05,11.82,11.98,3239124,49.6
2020-08-03,12.07,12.36,12.01,12.24,2447256,50.69
2020-08-04,12.25,12.35,12.16,12.3,2134356,50.93
2020-08-05,12.39,12.59,12.3,12.52,2115796,51.85
2020-08-06,12.53,12.55,12.23,12.27,1289104,50.82
2020-08-07,12.26,12.38,12.16,12.37,1270400,51.21
2020-08-10,12.43,12.43,11.95,11.97,3027580,49.55
2020-08-11,12.03,12.25,11.99,12.02,1804792,49.78
2020-08-12,12.17,12.44,12.17,12.36,1590892,51.18
2020-08-13,12.31,12.35,12.18,12.25,1117224,50.75
2020-08-14,12.29,12.65,12.18,12.6,2572332,52.16
2020-08-17,12.59,12.73,12.46,12.54,2144992,51.93
2020-08-18,12.53,12.65,12.32,12.53,1501376,51.895
2020-08-19,12.59,12.83,12.56,12.67,1661148,52.49
2020-08-20,12.54,12.7,12.45,12.62,1632344,52.27
2020-08-21,12.54,12.62,12.33,12.44,1685648,51.5
2020-08-24,12.5,12.59,12.46,12.54,1435308,51.94
2020-08-25,12.64,12.64,12.45,12.51,1550976,51.8
2020-08-26,12.53,12.76,12.44,12.72,2182636,52.67
2020-08-27,12.76,12.85,12.67,12.81,2241460,53.05
2020-08-28,12.88,12.88,12.75,12.87,2381840,53.28
2020-08-31,12.89,12.93,12.8,12.83,2150396,53.02
2020-09-01,12.79,12.9,12.65,12.89,1956164,53.3
2020-09-02,12.91,12.98,12.85,12.88,2557148,53.24
2020-09-03,12.89,12.94,12.64,12.78,3659172,52.84
2020-09-04,12.99,12.99,12.44,12.55,2042516,51.89
2020-09-08,12.4,12.4,11.69,11.71,2934964,48.4
2020-09-09,11.79,11.84,11.57,11.59,3219540,47.89
2020-09-10,11.59,11.63,11.37,11.39,2511268,47.1
2020-09-11,11.52,11.63,11.42,11.46,3008676,47.36
2020-09-14,11.48,11.65,11.46,11.52,1761880,47.63
2020-09-15,11.53,11.54,11.37,11.42,2727836,47.22
2020-09-16,11.43,11.61,11.35,11.53,2327388,47.65
2020-09-17,11.35,11.58,11.3,11.54,1882540,47.69
2020-09-18,11.5,11.67,11.5,11.63,6874464,48.06
2020-09-21,11.56,11.59,11.35,11.59,2573016,47.9
2020-09-22,11.58,11.84,11.53,11.8,3869532,48.76
2020-09-23,11.81,11.85,11.36,11.39,2011648,47.07
2020-09-24,11.36,11.53,11.27,11.35,1449072,46.9
2020-09-25,11.26,11.52,11.23,11.48,1078816,47.47
2020-09-28,11.62,11.79,11.62,11.7,1939096,48.365
2020-09-29,11.73,11.73,11.61,11.64,2202672,48.1
2020-09-30,11.69,11.84,11.58,11.69,2406164,48.33
2020-10-01,11.73,11.85,11.67,11.75,2160864,48.58
2020-10-02,11.6,11.99,11.6,11.84,3094180,48.93
2020-10-05,11.89,12.02,11.87,12,1762348,49.6
2020-10-06,11.98,12.34,11.98,12.11,2300656,50.07
2020-10-07,12.23,12.36,12.13,12.24,1404392,50.61
2020-10-08,12.36,12.46,12.24,12.44,1707652,51.43
2020-10-09,12.39,12.51,12.24,12.26,1410668,50.66
2020-10-12,12.4,12.6,12.34,12.45,1668304,51.45
2020-10-13,12.45,12.55,12.27,12.28,1796204,50.77
2020-10-14,12.29,12.34,11.99,11.99,2271752,49.58
2020-10-15,11.9,12.17,11.9,12.12,1678180,50.09
2020-10-16,12.12,12.29,12.11,12.2,1345432,50.44
2020-10-19,12.2,12.25,11.92,11.94,1500532,49.34
2020-10-20,12,12.29,11.9,12.05,3416012,49.8
2020-10-21,11.67,12.25,11.67,11.98,3980716,49.51
2020-10-22,11.95,12.09,11.64,12.02,1901624,49.68
2020-10-23,12.02,12.04,11.87,11.95,1475544,49.41
2020-10-26,11.86,11.86,11.53,11.68,1664228,48.27
2020-10-27,11.61,11.75,11.6,11.62,1325008,48.03
2020-10-28,11.46,11.71,11.36,11.63,3038224,48.06
2020-10-29,11.45,11.67,11.38,11.55,1810668,47.76
2020-10-30,11.49,11.58,11.3,11.51,2230484,47.57
2020-11-02,11.59,11.91,11.48,11.57,2575404,47.82
2020-11-03,11.72,11.91,11.69,11.8,2116320,48.76
2020-11-04,11.74,11.83,11.49,11.68,1695264,48.27
2020-11-05,11.69,11.99,11.69,11.91,1900868,49.25
2020-11-06,11.97,11.97,11.75,11.78,1331492,48.7
2020-11-09,12.23,12.46,11.87,11.97,2818972,49.49
2020-11-10,11.96,12.34,11.84,12.33,2799580,50.96
2020-11-11,12.3,12.53,12.29,12.46,2363696,51.52
2020-11-12,12.37,12.54,12.19,12.52,2924116,51.76
2020-11-13,12.56,12.99,12.51,12.96,3209552,53.58
2020-11-16,13.07,13.29,12.89,13.23,2983072,54.68
2020-11-17,13.11,13.49,13.03,13.36,3055060,55.24
2020-11-18,13.46,13.46,12.72,12.76,3250140,52.76
2020-11-19,12.81,12.99,12.73,12.92,1794396,53.39
2020-11-20,12.92,12.98,12.77,12.82,7400244,52.98
2020-11-23,12.84,13.04,12.72,12.74,2569488,52.64
2020-11-24,12.8,12.86,12.61,12.77,2510484,52.77
2020-11-25,12.77,12.81,12.67,12.74,1967980,52.64
2020-11-27,12.73,13.21,12.59,13.09,1969652,54.11
2020-11-30,13.09,13.12,12.65,12.79,4295276,52.76
2020-12-01,13,13.23,12.87,13.08,4432340,53.98
2020-12-02,13.24,13.43,13.06,13.28,3018140,54.81
2020-12-03,13.32,13.32,13.17,13.26,2049572,54.72
2020-12-04,13.35,13.55,13.26,13.35,1935484,55.07
2020-12-07,13.15,13.3,12.86,12.96,4157856,53.47
2020-12-08,12.89,13.13,12.83,13.12,3493964,54.14
2020-12-09,13.32,13.67,13.13,13.51,3258576,55.72
2020-12-10,13.41,13.57,13.26,13.56,3317088,55.94
2020-12-11,13.48,13.49,13.15,13.35,1845600,55.09
2020-12-14,13.47,13.53,13.09,13.18,3203036,54.39
2020-12-15,13.36,13.75,13.23,13.75,3322656,56.72
2020-12-16,13.8,14.14,13.71,14.12,2495948,58.25
2020-12-17,14.21,14.59,14.08,14.58,4044608,60.175
2020-12-18,14.61,14.63,14.26,14.34,12530460,59.15
2020-12-21,14.24,14.28,13.87,14.28,2666580,58.92
2020-12-22,14.3,14.74,14.23,14.65,3229280,60.44
2020-12-23,14.6,14.87,14.59,14.75,2715044,60.86
2020-12-24,14.84,14.84,14.64,14.8,1100656,61.08
2020-12-28,14.93,15.14,14.87,15.1,2554004,62.31
2020-12-29,15.18,15.26,14.79,14.92,3128624,61.56
2020-12-30,14.94,15.02,14.56,14.57,2232260,60.12
2020-12-31,14.61,14.83,14.49,14.77,1597804,60.92
2021-01-04,14.9,15.03,14.54,14.84,3065212,61.23
2021-01-05,14.86,15.36,14.81,15.31,4667624,63.16
2021-01-06,15.36,16.61,15.36,16.22,8261452,66.91
2021-01-07,16.37,17.12,16.26,16.77,7096760,69.18
2021-01-08,16.8,17.42,16.72,16.94,4211800,69.88
2021-01-11,16.76,16.79,16.46,16.69,2760280,68.85
2021-01-12,16.85,16.91,16.69,16.82,3389972,69.4
2021-01-13,16.81,17.12,16.78,16.87,2817428,69.61
2021-01-14,17.03,17.07,16.61,16.65,2238488,68.7
2021-01-15,16.55,16.84,16.29,16.73,2724484,69.02
2021-01-19,16.85,17.18,16.7,16.89,5799240,69.7
2021-01-20,16.94,17.01,16.33,16.5,5214472,68.08
2021-01-21,16.46,16.78,16.25,16.76,3575176,69.14
2021-01-22,16.51,16.93,16.51,16.69,3299380,68.85
2021-01-25,16.94,16.97,16.15,16.36,5531984,67.5
2021-01-26,16.27,16.4,15.74,15.98,4031172,65.92
2021-01-27,15.65,15.75,15.23,15.3,6660964,63.13
2021-01-28,15.39,15.52,15.06,15.39,6380280,63.51
2021-01-29,15.34,15.48,14.32,14.83,12518528,61.19
2021-02-01,15,16.04,14.9,15.88,10565444,65.52
2021-02-02,16.2,16.95,15.95,16.56,6848864,68.33
2021-02-03,16.5,16.72,16.36,16.68,5513696,68.83
2021-02-04,16.79,16.91,16.55,16.88,2344324,69.66
2021-02-05,16.9,17.58,16.79,17.43,5208120,71.92
2021-02-08,17.56,17.56,17.03,17.45,3734008,71.98
2021-02-09,17.5,17.9,17.34,17.64,3494680,72.8
2021-02-10,17.68,17.8,17.33,17.42,2479764,71.87
2021-02-11,17.35,17.45,17.03,17.32,3342512,71.45
2021-02-12,17.14,17.67,17.14,17.61,2092180,72.67
2021-02-16,17.69,18.39,17.6,18.09,3258568,74.65
2021-02-17,18,18.07,17.53,17.99,2491280,74.24
2021-02-18,17.75,18.18,17.75,18.07,2350624,74.56
2021-02-19,18.39,18.46,17.92,18.06,3789868,74.53
2021-02-22,18.07,18.15,17.75,17.82,2183264,73.52
2021-02-23,17.63,17.68,17.16,17.57,3110688,72.48
2021-02-24,17.64,18.22,17.51,18.22,2531080,75.16
2021-02-25,18.34,18.58,17.89,17.96,2897188,74.1
2021-02-26,17.89,18.06,17.15,17.57,4855252,72.39
2021-03-01,17.94,18.85,17.87,18.63,4164348,76.77
2021-03-02,18.58,18.82,18.14,18.39,3454484,75.78
2021-03-03,18.42,18.81,18.15,18.45,4053128,76.03
2021-03-04,18.45,18.52,17.75,18.15,4440684,74.8
2021-03-05,18.48,18.59,17.35,18.25,4302260,75.2
2021-03-08,18.41,18.67,18.19,18.41,2121964,75.86
2021-03-09,18.6,19.31,18.32,19.14,4562944,78.88
2021-03-10,19.42,19.55,18.91,19.03,2924056,78.4
2021-03-11,19.07,19.31,18.78,19.13,1832116,78.81
2021-03-12,19.19,19.3,18.92,19.14,2146528,78.88
2021-03-15,19.26,19.26,18.79,19.09,2151564,78.64
2021-03-16,19.1,19.17,18.47,18.62,3295588,76.72
2021-03-17,18.58,19.03,18.52,18.8,3047256,77.48
2021-03-18,18.81,19.17,18.73,18.94,2568168,78.03
2021-03-19,18.91,19.21,18.71,19.04,4444948,78.46
2021-03-22,18.98,19.29,18.79,18.93,4154236,78.01
2021-03-23,18.89,19.05,18.43,18.5,2188620,76.24
2021-03-24,18.57,18.87,18.07,18.12,6005616,74.65
2021-03-25,17.98,18.1,17.39,17.92,5257324,73.82
2021-03-26,18.17,18.21,17.55,17.72,5448740,73
2021-03-29,17.55,17.71,17.29,17.6,6141544,72.535
2021-03-30,17.67,17.76,17.37,17.55,2761012,72.32
2021-03-31,17.55,17.92,17.55,17.73,3210196,73.04
2021-04-01,17.75,18.14,17.73,17.88,3482628,73.67
2021-04-05,18.11,18.57,18.05,18.23,3719720,75.12
2021-04-06,18.22,18.37,18.06,18.14,2306244,74.74
2021-04-07,18.11,18.16,17.72,17.96,3772444,74.01
2021-04-08,18.02,18.07,17.76,17.87,2636960,73.63
2021-04-09,17.88,18.15,17.73,18.07,3642060,74.47
2021-04-12,18.11,18.18,17.87,17.98,1982932,74.07
2021-04-13,18.03,18.17,17.77,17.81,2732156,73.39
2021-04-14,17.9,18.36,17.84,18.26,4191832,75.24
2021-04-15,18.29,18.83,18.07,18.61,5609800,76.66
2021-04-16,18.64,18.8,18.46,18.58,2019352,76.55
2021-04-19,18.54,18.83,18.54,18.78,2955620,77.36
2021-04-20,18.68,18.8,17.83,18.02,3278612,74.25
2021-04-21,18.04,18.51,17.52,17.82,7479052,73.43
2021-04-22,17.83,17.88,17.19,17.21,6531148,70.89
2021-04-23,17.23,17.95,17.02,17.79,5030584,73.3
2021-04-26,17.85,17.92,17.52,17.56,2606736,72.35
2021-04-27,17.56,17.67,17.49,17.57,1698180,72.4
2021-04-28,17.58,17.75,17.38,17.46,3052624,71.95
2021-04-29,17.63,17.8,17.45,17.78,2586648,73.25
2021-04-30,17.64,17.68,17.28,17.36,2346968,71.52
2021-05-03,17.59,17.62,17.04,17.09,2836292,70.43
2021-05-04,17.11,17.16,16.71,17.09,5327484,70.4
2021-05-05,17.18,17.22,16.86,16.99,3477932,70.02
2021-05-06,17.02,17.13,16.67,16.9,2258216,69.62
2021-05-07,16.8,17.13,16.76,16.89,4423040,69.6
2021-05-10,16.99,17.04,16.45,16.48,4650792,67.92
2021-05-11,16.24,16.58,16.11,16.3,3692308,67.15
2021-05-12,16.4,16.47,15.92,15.98,4261608,65.83
2021-05-13,15.98,16.47,15.98,16.35,4580992,67.38
2021-05-14,16.44,16.92,16.38,16.76,2332368,69.04
2021-05-17,16.68,16.71,16.45,16.66,2071732,68.66
2021-05-18,16.67,16.7,16.32,16.34,1599044,67.33
2021-05-19,16.17,16.22,15.89,16.15,4269796,66.55
2021-05-20,16.13,16.32,16,16.2,4122732,66.76
2021-05-21,16.27,16.48,16.23,16.3,3502456,67.16
2021-05-24,16.04,16.5,16.04,16.23,2726976,66.88
2021-05-25,16.3,16.5,16.21,16.24,2413868,66.91
2021-05-26,16.24,16.49,16.19,16.32,3038976,67.26
2021-05-27,16.43,16.55,16.22,16.24,3562756,66.9
2021-05-28,16.29,16.49,16.2,16.35,4102284,67.26
2021-06-01,16.46,16.56,16.26,16.46,10092420,67.7
2021-06-02,16.42,16.45,16.11,16.31,9174852,67.09
2021-06-03,16.31,16.87,16.17,16.83,16216520,69.26
2021-06-04,16.83,16.99,16.54,16.58,8332512,68.23
2021-06-07,16.67,16.67,16.25,16.26,6032512,66.88
2021-06-08,16.27,16.43,16.07,16.27,4526128,66.94
2021-06-09,16.23,16.56,15.84,15.86,9124568,65.24
2021-06-10,15.98,16.08,15.72,15.93,3223504,65.54
2021-06-11,15.96,16.06,15.76,15.91,4453924,65.47
2021-06-14,16.08,16.08,15.64,15.69,3133688,64.53
2021-06-15,15.69,15.87,15.62,15.75,2144812,64.79
2021-06-16,15.72,15.95,15.56,15.93,4090100,65.53
2021-06-17,15.93,16.14,15.71,15.8,5144592,65
2021-06-18,15.6,15.76,15.33,15.38,5204552,63.26
2021-06-21,15.5,15.61,15.33,15.58,3609588,64.09
2021-06-22,15.53,15.71,15.42,15.59,3038364,64.15
2021-06-23,15.62,15.9,15.6,15.82,2609064,65.08
2021-06-24,15.83,15.95,15.75,15.94,2385148,65.57
2021-06-25,16,16.31,15.95,16.19,6026528,66.62
2021-06-28,16.16,16.25,15.79,15.89,2320180,65.37
2021-06-29,16.04,16.14,15.89,16.09,2752208,66.21
2021-06-30,16.03,16.08,15.84,15.98,2649540,65.73
2021-07-01,16.08,16.31,16,16.09,6455240,66.18
2021-07-02,16.06,16.13,15.84,15.93,6046560,65.55
2021-07-06,15.89,15.89,15.48,15.68,2400164,64.51
2021-07-07,15.75,15.82,15.48,15.65,2196788,64.39
2021-07-08,15.32,15.56,15.2,15.41,2898108,63.4
2021-07-09,15.6,15.93,15.5,15.87,2719568,65.3
2021-07-12,15.79,15.99,15.72,15.79,2158180,64.95
2021-07-13,15.81,15.81,15.47,15.65,2602460,64.38
2021-07-14,15.68,15.85,15.42,15.51,2383896,63.82
2021-07-15,15.44,15.65,15.38,15.52,2012100,63.87
2021-07-16,15.49,15.56,15.29,15.31,2640084,62.97
2021-07-19,15.16,15.35,14.98,15.08,3395328,62.03
2021-07-20,15.14,15.52,15.08,15.27,3732900,62.82
2021-07-21,15.12,15.45,14.96,15.35,3465496,63.14
2021-07-22,15.29,15.34,14.87,14.9,5626052,61.28
2021-07-23,14.91,15.04,14.76,14.79,2625484,60.83
2021-07-26,14.75,14.9,14.65,14.74,3626316,60.65
2021-07-27,14.62,14.76,14.53,14.69,2644944,60.45
2021-07-28,14.7,15.08,14.62,14.99,2497600,61.65
2021-07-29,15.04,15.18,14.86,15.15,2134948,62.31
2021-07-30,15.07,15.38,14.97,15.04,2567064,61.86
2021-08-02,15.08,15.38,15.08,15.28,4129584,62.86
2021-08-03,15.34,15.34,14.82,14.9,2385096,61.32
2021-08-04,14.84,15.19,14.71,15.06,2146812,61.96
2021-08-05,15.15,15.28,15.01,15.18,2102396,62.45
2021-08-06,15.26,15.45,15.15,15.44,2060612,63.51
2021-08-09,15.48,15.63,15.32,15.51,1564588,63.82
2021-08-10,15.53,15.61,15.3,15.51,3152772,63.79
2021-08-11,15.51,15.62,15.38,15.54,2254560,63.92
2021-08-12,15.54,15.55,15.33,15.43,1996176,63.47
2021-08-13,15.41,15.45,15.18,15.36,2239012,63.21
2021-08-16,15.25,15.25,14.99,15.2,1632908,62.54
2021-08-17,15.11,15.11,14.85,15,1965880,61.73
2021-08-18,14.98,15.2,14.89,14.97,2109848,61.6
2021-08-19,14.9,14.99,14.64,14.8,1902928,60.87
2021-08-20,14.79,15.08,14.67,15.06,4526580,61.96
2021-08-23,15.18,15.25,15.08,15.16,2213672,62.35
2021-08-24,15.15,15.37,15.08,15.33,1733632,63.05
2021-08-25,15.41,15.6,15.33,15.56,2104408,64.03
2021-08-26,15.56,15.59,15.48,15.5,2052072,63.75
2021-08-27,15.52,15.87,15.52,15.86,2439904,65.24
2021-08-30,15.86,15.88,15.61,15.66,2698008,64.43
2021-08-31,15.7,15.78,15.62,15.74,2989656,64.64
2021-09-01,15.8,15.99,15.64,15.91,3420144,65.34
2021-09-02,15.95,15.95,15.61,15.73,2596644,64.63
2021-09-03,15.77,15.89,15.7,15.7,2032092,64.5
2021-09-07,15.76,15.85,15.68,15.73,4204956,64.63
2021-09-08,15.73,15.73,15.32,15.35,2222516,63.05
2021-09-09,15.32,15.59,15.28,15.38,2086412,63.16
2021-09-10,15.41,15.43,15.23,15.29,2173396,62.8
2021-09-13,15.34,15.41,15.08,15.14,2945176,62.18
2021-09-14,15.16,15.19,14.85,14.95,2769632,61.4
2021-09-15,14.92,15.18,14.88,15.01,3309920,61.66
2021-09-16,15.01,15.13,14.84,14.96,3187388,61.46
2021-09-17,15.02,15.1,14.86,14.98,10524984,61.54
2021-09-20,14.78,14.79,14.32,14.52,4558612,59.66
2021-09-21,14.57,14.71,14.44,14.46,2970484,59.39
2021-09-22,14.49,14.73,14.49,14.67,1984324,60.25
2021-09-23,14.72,15.17,14.69,15.14,2458320,62.19
2021-09-24,15.05,15.29,15.04,15.27,1892928,62.73
2021-09-27,15.35,16,15.31,15.99,4343720,65.69
2021-09-28,15.99,16.09,15.87,15.88,4914840,65.21
2021-09-29,15.82,15.9,15.66,15.76,5186824,64.75
2021-09-30,15.81,15.92,15.17,15.18,7708732,62.34
2021-10-01,15.22,15.84,15.18,15.71,3141032,64.52
2021-10-04,15.74,15.84,15.5,15.56,4335328,63.9
2021-10-05,15.63,16.34,15.56,16.34,4710592,67.1
2021-10-06,16.18,16.89,16.18,16.85,5682740,69.22
2021-10-07,16.89,17.46,16.88,17.19,4334600,70.61
2021-10-08,17.18,17.54,17.07,17.45,2591696,71.66
2021-10-11,17.5,17.59,17.42,17.51,2692616,71.91
2021-10-12,17.5,17.85,17.39,17.47,3311320,71.76
2021-10-13,17.44,17.6,17.19,17.29,3923088,71.02
2021-10-14,17.46,17.46,16.96,17.25,3894532,70.84
2021-10-15,17.35,17.62,17.3,17.31,2901004,71.09
2021-10-18,17.21,17.74,17.11,17.44,5547140,71.62
2021-10-19,17.53,17.97,17.4,17.95,3846324,73.73
2021-10-20,17.66,18.29,17.64,18.26,5387096,75
2021-10-21,18,18.29,17.85,18.04,3456424,74.1
2021-10-22,18.08,18.15,17.85,18.13,2614256,74.48
2021-10-25,18.15,18.32,17.99,18,2188172,73.93
2021-10-26,18.04,18.16,17.7,17.71,2771776,72.73
2021-10-27,17.6,17.75,17.35,17.47,2213284,71.75
2021-10-28,17.45,17.48,17.01,17.19,4021400,70.6
2021-10-29,16.99,17.29,16.99,17.25,2245472,70.85
2021-11-01,17.38,18.14,17.26,18.11,7710356,74.4
2021-11-02,18.15,18.15,17.8,18.08,5626668,74.26
2021-11-03,18.09,18.57,18.03,18.38,3186536,75.52
2021-11-04,18.46,18.46,18,18.15,2184584,74.57
2021-11-05,18.26,18.4,17.91,17.97,2540008,73.82
2021-11-08,18,18.19,17.82,17.93,1975096,73.65
2021-11-09,17.62,17.91,17.53,17.77,1525840,72.99
2021-11-10,17.71,17.96,17.61,17.83,2138876,73.24
2021-11-11,17.73,18.04,17.73,17.82,1809396,73.19
2021-11-12,17.77,17.91,17.66,17.87,1748464,73.41
2021-11-15,17.95,18.3,17.87,18.02,2806712,74.03
2021-11-16,18.02,18.22,17.9,18.1,2183548,74.34
2021-11-17,18.1,18.1,17.87,18,2245132,73.93
2021-11-18,18.01,18.2,17.84,18.17,2627016,74.65
2021-11-19,18.07,18.44,18.02,18.15,3853488,74.56
2021-11-22,18.26,18.72,18.26,18.53,3889080,76.11
2021-11-23,18.5,18.7,18.18,18.67,4678348,76.7
2021-11-24,18.68,19.12,18.48,18.84,4699432,77.38
2021-11-26,18.29,18.36,17.97,18.1,2653896,74.33
2021-11-29,18.29,18.48,18.08,18.34,2707212,75.35
2021-11-30,18.12,18.25,17.95,17.99,5674640,73.82
2021-12-01,18.21,18.74,18.18,18.29,6339856,75.01
2021-12-02,18.37,18.72,18.1,18.65,5160972,76.51
2021-12-03,18.73,18.75,18.04,18.26,4472656,74.91
2021-12-06,18.31,18.61,18.15,18.4,3140680,75.5
2021-12-07,18.65,18.9,18.58,18.71,2969492,76.77
2021-12-08,18.67,18.88,18.55,18.81,3047244,77.15
2021-12-09,18.72,18.77,18.53,18.62,3970268,76.39
2021-12-10,18.63,18.71,18.33,18.58,3654780,76.23
2021-12-13,18.48,18.58,18.29,18.33,3322328,75.18
2021-12-14,18.24,18.58,18.19,18.52,3183824,75.96
2021-12-15,18.57,18.72,18.25,18.65,2597336,76.51
2021-12-16,19.07,19.77,18.97,19.16,5617240,78.61
2021-12-17,19.12,19.15,18.69,18.8,7624344,77.14
2021-12-20,18.53,18.6,18.07,18.3,3310656,75.07
2021-12-21,18.61,18.92,18.56,18.85,2482540,77.34
2021-12-22,18.81,19.21,18.57,19.2,2042752,78.76
2021-12-23,19.3,19.58,19.23,19.5,2103172,80
2021-12-27,19.55,19.83,19.42,19.81,1831748,81.28
2021-12-28,19.88,20.19,19.8,19.85,2754756,81.44
2021-12-29,19.85,19.9,19.68,19.74,1475568,80.96
2021-12-30,19.78,19.88,19.51,19.52,1888664,80.08
2021-12-31,19.49,19.52,19.33,19.36,1881248,79.42
2022-01-03,19.5,19.72,18.71,19.08,6258684,78.28
2022-01-04,19.14,19.74,19.13,19.27,4760012,79.06
2022-01-05,19.38,19.41,18.63,18.63,3575636,76.44
2022-01-06,18.74,18.89,18.59,18.84,3893124,77.3
2022-01-07,18.88,18.92,18.7,18.83,2772220,77.23
2022-01-10,18.65,18.74,18.29,18.51,4179704,75.95
2022-01-11,18.59,18.88,18.43,18.87,3114316,77.41
2022-01-12,18.85,19.03,18.77,18.86,2666500,77.35
2022-01-13,18.88,18.9,18.42,18.45,3055160,75.67
2022-01-14,18.21,18.27,17.87,18.22,3095160,74.75
2022-01-18,18.01,18.18,17.5,17.53,5654560,71.93
2022-01-19,18,18.32,17.51,17.59,6654884,72.15
2022-01-20,17.67,18.21,17.56,17.61,5148012,72.24
2022-01-21,17.44,17.45,16.81,16.9,5095636,69.31
2022-01-24,16.58,16.63,15.8,16.58,5957288,68
2022-01-25,16.25,16.4,15.96,16.02,5407760,65.73
2022-01-26,16.25,16.52,15.94,16.09,5660752,66
2022-01-27,16.22,16.32,15.67,15.81,5531712,64.84
2022-01-28,15.66,16.06,15.56,16.06,2936836,65.87
2022-01-31,16.04,16.64,15.93,16.62,5533028,68.19
2022-02-01,16.61,17.14,16.41,17.12,4250028,70.23
2022-02-02,17.17,17.5,17.15,17.31,3864828,71.03
2022-02-03,17.06,17.37,17.06,17.11,3574644,70.21
2022-02-04,17.01,17.9,16.95,17.79,3304308,72.97
2022-02-07,17.8,18.07,17.71,17.76,2862964,72.84
2022-02-08,17.79,18.07,17.78,17.95,2655252,73.64
2022-02-09,18.16,18.31,18.04,18.13,1875960,74.37
2022-02-10,17.97,18.7,17.91,18.13,3927860,74.36
2022-02-11,18.16,18.37,17.72,17.82,3385408,73.11
2022-02-14,17.71,17.88,17.47,17.6,2403228,72.2
2022-02-15,17.83,18.04,17.77,18.01,3050876,73.9
2022-02-16,17.94,18.28,17.9,18.23,2124240,74.78
2022-02-17,18.09,18.09,17.21,17.35,3171224,71.16
2022-02-18,17.31,17.4,16.98,17.1,2415360,70.16
2022-02-22,16.89,17.16,16.57,16.64,3593760,68.27
2022-02-23,16.74,16.85,16,16.04,3502692,65.81
2022-02-24,15.36,16.32,15.07,16.28,5414132,66.78
2022-02-25,16.44,16.77,16.28,16.71,3813768,68.54
2022-02-28,16.3,16.44,15.97,16.16,3763244,66.18
2022-03-01,16.04,16.18,15.15,15.2,5778648,62.27
2022-03-02,15.4,15.68,15.28,15.57,3222888,63.76
2022-03-03,15.62,15.69,14.81,14.95,4153512,61.23
2022-03-04,14.65,14.71,14.19,14.33,6948836,58.68
2022-03-07,14.25,14.49,13.9,13.95,5512868,57.13
2022-03-08,14.08,14.87,13.91,14.38,4027588,58.89
2022-03-09,14.83,15.18,14.73,15.02,3508924,61.54
2022-03-10,14.82,15.05,14.74,15,2757700,61.43
2022-03-11,15.16,15.31,14.84,14.87,2612096,60.92
2022-03-14,15.05,15.54,14.97,15.08,3839500,61.79
2022-03-15,15.14,15.43,15,15.07,5949468,61.72
2022-03-16,15.37,16.1,15.25,16.06,6878508,65.78
2022-03-17,15.87,15.95,15.62,15.8,6219888,64.72
2022-03-18,15.77,16.33,15.65,16.29,5015496,66.71
2022-03-21,16.26,16.27,15.91,15.97,5283796,65.42
2022-03-22,16.16,16.67,16.16,16.59,3477656,67.95
2022-03-23,16.45,16.58,16.06,16.09,2943460,65.89
2022-03-24,16.19,16.31,15.96,16.2,4440908,66.37
2022-03-25,16.23,16.34,16.04,16.11,6893160,66
2022-03-28,16.21,16.3,16.08,16.28,4121548,66.67
2022-03-29,16.61,16.79,16.24,16.59,3331864,67.96
2022-03-30,16.49,16.72,16.36,16.43,3097540,67.32
2022-03-31,16.33,16.49,16.08,16.09,3867304,65.91
2022-04-01,16.26,16.37,16.03,16.3,3354664,66.77
2022-04-04,16.3,16.6,16.27,16.41,2327992,67.23
2022-04-05,16.31,16.4,15.98,16.14,3584448,66.13
2022-04-06,15.97,16.11,15.62,15.72,3162316,64.39
2022-04-07,15.72,15.73,15.23,15.61,2161420,63.93
2022-04-08,15.63,15.97,15.59,15.84,2336840,64.87
2022-04-11,15.78,16.01,15.66,15.84,1554240,64.89
2022-04-12,15.89,16.1,15.76,15.88,2513408,65.03
2022-04-13,15.78,16.12,15.78,16.03,2021472,65.67
2022-04-14,15.99,16.12,15.87,15.94,1890524,65.29
2022-04-18,15.64,15.81,15.42,15.61,4458408,63.94
2022-04-19,15.61,16.02,15.5,15.98,5696564,65.47
2022-04-20,15.87,16.51,15.76,16.21,5695236,66.42
2022-04-21,16.32,16.5,15.4,15.58,5346324,63.8
2022-04-22,15.44,15.55,14.85,14.89,4093476,61
2022-04-25,14.78,15.29,14.57,15.28,2900584,62.59
2022-04-26,15.38,15.73,14.87,14.98,5378804,61.35
2022-04-27,14.87,15.24,14.87,14.93,2738864,61.16
2022-04-28,15.09,15.23,14.65,15.1,2642752,61.84
2022-04-29,14.99,15.19,14.51,14.54,2930732,59.56
2022-05-02,14.59,14.9,14.35,14.62,5438756,59.9
2022-05-03,14.65,14.7,14.26,14.33,3933404,58.72
2022-05-04,14.31,14.63,14.03,14.61,4510804,59.85
2022-05-05,14.4,14.4,13.81,14.02,7522596,57.42
2022-05-06,13.86,13.95,13.25,13.41,5441112,54.95
2022-05-09,13.21,13.25,12.75,12.85,4818888,52.62
2022-05-10,13.24,13.38,12.86,13.25,4682568,54.28
2022-05-11,13.17,13.76,13.08,13.17,4139508,53.94
2022-05-12,13.02,13.11,12.74,13.05,4075512,53.44
2022-05-13,13.32,13.71,13.27,13.46,3943288,55.12
2022-05-16,13.32,13.55,13.22,13.3,2641160,54.48
2022-05-17,13.53,13.7,13.4,13.67,4227624,55.98
2022-05-18,13.57,13.68,13.02,13.19,6288480,54.04
2022-05-19,13.03,13.51,13.03,13.42,3346084,54.97
2022-05-20,13.47,13.84,13.43,13.82,4754256,56.59
2022-05-23,14.04,14.19,13.81,14.05,5197944,57.55
2022-05-24,13.97,14.01,13.65,13.8,3548096,56.51
2022-05-25,13.67,14.07,13.61,14.01,3781284,57.4
2022-05-26,14.07,14.68,13.99,14.52,2412884,59.49
2022-05-27,14.56,14.94,14.56,14.94,2931428,61.19
2022-05-31,14.91,15.25,14.78,15.05,3632992,61.54
2022-06-01,15,15.16,14.61,14.68,4090020,60.04
2022-06-02,14.67,14.97,14.56,14.96,3145056,61.17
2022-06-03,14.8,14.9,14.64,14.7,3304336,60.12
2022-06-06,14.96,15.12,14.71,14.83,3910948,60.64
2022-06-07,14.66,14.83,14.51,14.81,2905400,60.58
2022-06-08,14.67,14.73,14.26,14.4,4138612,58.89
2022-06-09,14.34,14.38,14.15,14.15,3151104,57.85
2022-06-10,13.81,13.98,13.66,13.81,3417708,56.46
2022-06-13,13.57,13.57,13.1,13.31,4197288,54.43
2022-06-14,13.48,13.7,13.33,13.59,2743412,55.59
2022-06-15,13.72,14.06,13.63,13.83,2503848,56.55
2022-06-16,13.46,13.65,13.23,13.47,3934668,55.07
2022-06-17,13.54,14.03,13.54,13.67,5472468,55.89
2022-06-21,13.83,14.26,13.83,14.12,3672272,57.74
2022-06-22,13.87,14.06,13.84,13.93,2629328,56.97
2022-06-23,13.94,14.07,13.71,13.85,2296256,56.63
2022-06-24,13.99,14.28,13.96,14.26,5102756,58.31
2022-06-27,14.36,14.36,14.11,14.21,2060468,58.13
2022-06-28,14.38,14.47,14,14.06,3276760,57.5
2022-06-29,14.03,14.08,13.82,13.94,3983688,57.01
2022-06-30,13.66,13.69,13.3,13.45,3676880,55.01
2022-07-01,13.32,13.74,13.07,13.65,3511212,55.81
2022-07-05,13.44,13.88,13.29,13.87,3341780,56.74
2022-07-06,13.79,13.97,13.51,13.62,3647056,55.71
2022-07-07,13.78,13.95,13.71,13.91,2592372,56.88
2022-07-08,13.96,13.96,13.73,13.76,1760088,56.26
2022-07-11,13.54,13.6,13.19,13.23,3740472,54.09
2022-07-12,13.18,13.51,13.13,13.24,2439188,54.14
2022-07-13,13.15,13.37,13,13.28,7768340,54.32
2022-07-14,13.07,13.09,12.82,13.06,4580164,53.39
2022-07-15,13.27,13.47,13.06,13.4,3612020,54.81
2022-07-18,13.66,13.83,13.41,13.49,5584316,55.16
2022-07-19,13.63,14.07,13.6,14,4716896,57.26
2022-07-20,13.93,14.06,13.57,13.85,6447392,56.64
2022-07-21,13.69,13.93,13.57,13.9,4634480,56.84
2022-07-22,13.84,14,13.67,13.8,2888484,56.44
2022-07-25,13.9,13.98,13.73,13.96,2824400,57.08
2022-07-26,13.88,13.93,13.65,13.74,2049520,56.21
2022-07-27,13.77,14.19,13.74,14.05,2403840,57.47
2022-07-28,14.07,14.24,13.9,14.24,2949648,58.24
2022-07-29,14.23,14.45,14.18,14.35,4469564,58.69
2022-08-01,14.24,14.3,13.55,13.77,4350628,56.32
2022-08-02,13.7,14.23,13.64,14.12,12900936,57.73
2022-08-03,14.23,14.62,14.2,14.48,3908296,59.21
2022-08-04,14.56,14.93,14.47,14.9,9287608,60.95
2022-08-05,14.72,15.03,14.72,15.02,4651572,61.42
2022-08-08,15.12,15.2,14.86,14.97,4325764,61.23
2022-08-09,14.85,14.95,14.68,14.91,12117752,60.96
2022-08-10,15.08,15.26,15.03,15.19,2377500,62.14
2022-08-11,15.29,15.63,15.29,15.54,3549660,63.54
2022-08-12,15.74,15.95,15.58,15.94,2880540,65.19
2022-08-15,15.81,16.16,15.75,16.02,2784888,65.53
2022-08-16,15.99,16.17,15.95,16.09,2243724,65.81
2022-08-17,15.93,15.98,15.81,15.94,1706056,65.18
2022-08-18,15.91,15.91,15.58,15.64,3724944,63.95
2022-08-19,15.43,15.44,15.25,15.33,2085080,62.69
2022-08-22,15.09,15.36,15.03,15.27,10108836,62.46
2022-08-23,15.32,15.35,15.07,15.16,2235324,61.99
2022-08-24,15.18,15.38,15.15,15.3,1911252,62.59
2022-08-25,15.34,15.55,15.34,15.55,1565696,63.6
2022-08-26,15.61,15.62,15.05,15.07,1814800,61.61
2022-08-29,14.93,15.08,14.83,14.94,2222732,61.11
2022-08-30,15.06,15.07,14.69,14.85,2309964,60.74
2022-08-31,15.08,15.43,14.9,15.09,3440244,61.59
2022-09-01,14.92,15.42,14.59,15.4,4527960,62.89
2022-09-02,15.64,15.67,15.06,15.14,2867432,61.82
2022-09-06,15.26,15.9,15.26,15.89,8300328,64.87
2022-09-07,15.8,16.35,15.79,16.27,9364744,66.43
2022-09-08,16.15,16.48,16.11,16.46,4685804,67.19
2022-09-09,16.57,17,16.56,16.92,5423588,69.09
2022-09-12,17.05,17.31,17.01,17.09,6586848,69.79
2022-09-13,16.77,17.17,16.75,16.82,5393456,68.68
2022-09-14,16.87,17.31,16.87,17.2,6802288,70.24
2022-09-15,17.13,17.33,16.96,17.08,5143440,69.74
2022-09-16,16.99,16.99,16.42,16.59,29056416,67.72
2022-09-19,16.33,16.88,16.3,16.86,4692340,68.82
2022-09-20,16.73,16.89,16.48,16.51,4024072,67.39
2022-09-21,16.61,16.85,16.4,16.4,2560048,66.94
2022-09-22,16.56,16.59,16.1,16.16,4624376,65.98
2022-09-23,15.89,16,15.62,15.83,4643076,64.65
2022-09-26,15.73,15.99,15.62,15.63,3574444,63.82
2022-09-27,15.81,15.94,15.36,15.61,3595036,63.74
2022-09-28,15.63,16.11,15.58,15.98,3189088,65.26
2022-09-29,15.83,15.91,15.6,15.76,3152592,64.36
2022-09-30,15.69,16,15.6,15.65,5099224,63.91
2022-10-03,15.79,15.94,15.36,15.6,6034508,63.7
2022-10-04,15.83,16.52,15.82,16.51,5975608,67.42
2022-10-05,16.42,16.74,16.33,16.69,3847764,68.15
2022-10-06,16.63,17.27,16.61,17.2,5863604,70.21
2022-10-07,17.09,17.34,16.76,17.07,7507584,69.69
2022-10-10,17.26,17.28,16.87,17.01,4911724,69.44
2022-10-11,16.81,16.9,16.46,16.66,5691148,68.03
2022-10-12,16.78,16.92,16.65,16.82,4203600,68.68
2022-10-13,16.46,17.4,16.38,17.3,4498440,70.65
2022-10-14,17.49,17.58,16.74,16.76,5944904,68.42
2022-10-17,17.13,17.25,16.66,16.83,5284428,68.71
2022-10-18,17.47,17.93,17.31,17.43,9509464,71.17
2022-10-19,17.82,18.78,17.82,18.64,8352216,76.09
2022-10-20,18.51,18.59,18.17,18.56,6632636,75.79
2022-10-21,18.61,18.93,18.35,18.78,6190660,76.67
2022-10-24,18.85,18.92,18.43,18.65,4516892,76.16
2022-10-25,18.7,19.33,18.62,19.29,4507892,78.75
2022-10-26,19.25,19.52,18.98,19.13,5674592,78.1
2022-10-27,19.28,19.76,19.2,19.63,5346984,80.15
2022-10-28,19.58,19.74,19.42,19.62,6366224,80.12
2022-10-31,19.61,19.83,19.5,19.63,6114624,80.15
2022-11-01,19.77,19.82,19.26,19.67,4587040,80.3
2022-11-02,19.57,19.92,19.51,19.65,4558492,80.23
2022-11-03,19.42,19.83,19.39,19.76,5659996,80.67
2022-11-04,19.86,19.95,19.34,19.49,5231472,79.59
2022-11-07,19.55,19.7,19.35,19.57,3361736,79.92
2022-11-08,19.54,19.85,19.37,19.62,2681252,80.1
2022-11-09,19.5,19.58,19.01,19.14,3262176,78.14
2022-11-10,19.86,19.86,19.01,19.24,8252264,78.54
2022-11-11,19.26,19.35,17.88,18.01,8794484,73.55
2022-11-14,18.03,18.33,17.74,18.05,6702020,73.71
2022-11-15,18.27,18.82,18.27,18.68,6232984,76.25
2022-11-16,18.47,18.49,18.15,18.25,3803076,74.51
2022-11-17,17.98,18.59,17.92,18.37,4317604,74.99
2022-11-18,18.56,18.6,18.12,18.38,3432948,75.06
2022-11-21,18.38,18.65,18.32,18.4,5314196,75.14
2022-11-22,18.44,19.09,18.39,19.05,3732076,77.76
2022-11-23,18.98,19.48,18.94,19.14,3660548,78.16
2022-11-25,19.22,19.24,18.92,19.03,1532048,77.69
2022-11-28,18.87,19.26,18.86,19.23,2959704,78.51
2022-11-29,19.26,19.56,19.26,19.55,4519704,79.8
2022-11-30,19.62,19.83,19.49,19.69,6019028,80.3
2022-12-01,19.7,19.71,18.84,19.29,5225364,78.65
2022-12-02,19.25,19.54,19.11,19.3,3563676,78.71
2022-12-05,19.28,19.28,18.95,19.04,2827528,77.66
2022-12-06,19.01,19.32,18.95,19.3,4597816,78.72
2022-12-07,19.23,19.29,18.66,18.66,3209692,76.11
2022-12-08,18.83,18.84,18.47,18.71,2920004,76.29
2022-12-09,18.65,18.79,18.46,18.51,2732988,75.46
2022-12-12,18.49,18.49,17.99,18.2,4456112,74.2
2022-12-13,18.64,18.64,17.17,17.66,8533740,72.02
2022-12-14,17.61,17.75,17.42,17.48,3938852,71.27
2022-12-15,17.31,17.36,16.89,17.11,4216028,69.79
2022-12-16,16.97,17.06,16.82,17.04,6639420,69.49
2022-12-19,17.11,17.14,16.73,17,3000932,69.34
2022-12-20,17.06,17.61,17.04,17.38,4646464,70.86
2022-12-21,17.54,17.7,17.38,17.69,2751624,72.13
2022-12-22,17.65,17.74,17.47,17.61,2596184,71.8
2022-12-23,17.7,18.17,17.58,18.08,3472772,73.74
2022-12-27,18.18,18.23,17.84,17.91,5470448,73.05
2022-12-28,17.92,18.07,17.77,17.83,2871392,72.72
2022-12-29,17.97,18.02,17.81,17.89,2073028,72.94
2022-12-30,17.8,17.89,17.57,17.74,2413360,72.35
2023-01-03,17.81,17.88,17.49,17.5,4431996,71.38
2023-01-04,17.53,17.73,17.53,17.69,4349840,72.12
2023-01-05,17.56,17.73,17.41,17.62,2294160,71.84
2023-01-06,17.72,18.12,17.62,18.06,2297884,73.65
2023-01-09,18.24,18.89,18.07,18.35,4825036,74.83
2023-01-10,18.29,18.65,18.29,18.61,3135584,75.9
2023-01-11,18.59,18.78,18.24,18.3,4051904,74.61
2023-01-12,18.24,18.41,18.02,18.36,4297956,74.85
2023-01-13,18.25,18.95,18.25,18.93,3421588,77.21
2023-01-17,19.05,19.23,18.66,18.93,7946292,77.19
2023-01-18,19.82,20.45,18.59,19.85,19331336,80.93
2023-01-19,19.9,19.9,19.19,19.34,7586720,78.85
2023-01-20,19.34,19.38,18.86,19.35,7001140,78.92
2023-01-23,19.33,19.63,19.08,19.61,5972496,79.98
2023-01-24,19.61,19.86,19.3,19.35,3420760,78.92
2023-01-25,19.3,19.37,19,19.29,3558840,78.65
2023-01-26,19.46,19.57,19.17,19.35,3120068,78.9
2023-01-27,19.36,19.36,18.77,19.01,4322836,77.51
2023-01-30,19.04,19.24,18.91,19.06,4283252,77.74
2023-01-31,19.07,19.61,18.99,19.6,3259072,79.94
2023-02-01,19.55,20.38,19.52,20.18,7534584,82.27
2023-02-02,20.42,20.79,19.57,19.85,7567348,80.94
2023-02-03,19.84,20.95,19.77,20.64,7361080,84.18
2023-02-06,20.6,21.2,20.6,20.73,5727912,84.55
2023-02-07,20.73,21.15,20.67,21.08,4815348,85.95
2023-02-08,21.03,21.49,21.01,21.18,3740508,86.37
2023-02-09,21.22,21.41,21.07,21.18,3758000,86.35
2023-02-10,20.96,21.2,20.71,21.14,4192564,86.21
2023-02-13,21.21,21.47,21.17,21.21,4846200,86.47
2023-02-14,21.07,21.82,21,21.17,4610460,86.32
2023-02-15,21.11,21.48,21.04,21.35,3040244,87.04
2023-02-16,21.3,21.8,21.27,21.45,6395996,87.45
2023-02-17,21.31,21.42,20.95,21.27,5862668,86.72
2023-02-21,21.24,21.54,21.03,21.35,5401632,87.05
2023-02-22,21.36,21.38,21.01,21.11,3144940,86.1
2023-02-23,21.22,21.31,20.83,21.1,6079104,86.06
2023-02-24,20.87,21.3,20.75,21.18,2605132,86.38
2023-02-27,21.25,21.38,21.03,21.17,3320228,86.31
2023-02-28,21.28,21.41,21.1,21.14,2977080,86.11
2023-03-01,21.14,21.52,21.02,21.44,4207712,87.32
2023-03-02,21.39,21.92,21.25,21.77,4113892,88.66
2023-03-03,21.71,21.94,21.52,21.91,3387900,89.23
2023-03-06,21.93,22.14,21.62,21.65,5340580,88.17
2023-03-07,21.69,21.9,21.55,21.74,2819316,88.56
2023-03-08,21.74,21.96,21.65,21.89,5108660,89.16
2023-03-09,21.73,21.85,20.92,21,5504300,85.53
2023-03-10,20.78,20.78,19.65,19.71,9838752,80.29
2023-03-13,19.14,19.6,18.67,18.76,12228096,76.39
2023-03-14,19.49,19.94,19.44,19.64,8528976,79.98
2023-03-15,18.76,18.87,18.17,18.66,9776344,76.01
2023-03-16,18.53,19.22,18.44,19.13,6727896,77.9
2023-03-17,19.01,19.09,18.36,18.61,9418608,75.79
2023-03-20,18.79,19.46,18.79,19.31,5966164,78.63
2023-03-21,19.79,20.34,19.74,20.22,6189488,82.34
2023-03-22,20.36,20.4,19.52,19.53,6504280,79.54
2023-03-23,19.61,19.81,19.25,19.54,6224076,79.59
2023-03-24,19.4,19.41,18.4,18.9,7949996,76.99
2023-03-27,19.34,19.64,19.28,19.53,4246492,79.56
2023-03-28,19.57,19.79,19.47,19.64,2686148,80.01
2023-03-29,19.76,19.93,19.57,19.92,4122736,81.12
2023-03-30,19.99,20.18,19.85,19.91,4421116,81.11
2023-03-31,20.11,20.29,19.94,20.27,3478732,82.56
2023-04-03,20.38,20.71,20.21,20.24,5030356,82.43
2023-04-04,20.24,20.35,19.77,19.87,3144684,80.94
2023-04-05,19.72,19.78,19.43,19.65,3720684,80.05
2023-04-06,19.68,19.69,19.43,19.49,2619728,79.4
2023-04-10,19.49,19.79,19.44,19.66,2692016,80.06
2023-04-11,19.64,19.89,19.58,19.71,2581104,80.28
2023-04-12,19.81,20.19,19.64,19.98,3211264,81.39
2023-04-13,19.99,20.25,19.8,20.14,3837008,82.04
2023-04-14,20.17,20.55,20.15,20.43,4110372,83.2
2023-04-17,20.3,20.62,20.11,20.57,4203892,83.79
2023-04-18,20.6,20.89,20.39,20.81,7872684,84.74
2023-04-19,20.26,21.17,19.94,20.65,8832828,84.1
2023-04-20,20.47,20.61,19.83,20.1,5739284,81.87
2023-04-21,20.06,20.2,19.76,19.92,4324408,81.13
2023-04-24,19.92,20.02,19.71,19.87,2587540,80.93
2023-04-25,19.55,19.84,19.36,19.39,4938940,78.97
2023-04-26,19.33,19.33,18.88,18.9,3998904,76.98
2023-04-27,19.04,19.22,18.88,19.13,3315712,77.93
2023-04-28,18.96,19.23,18.94,19.11,2933280,77.85
2023-05-01,19.17,19.36,18.78,18.95,4455540,77.18
2023-05-02,18.85,18.93,18.16,18.2,3861796,74.13
2023-05-03,18.22,18.47,17.71,17.81,4813844,72.55
2023-05-04,17.72,17.82,17.39,17.53,4488984,71.41
2023-05-05,17.89,18.91,17.85,18.79,6554164,76.55
2023-05-08,18.96,19.23,18.96,19.18,4073996,78.11
2023-05-09,19.13,19.23,18.87,19.15,2592104,77.99
2023-05-10,19.31,19.37,18.58,18.84,3548996,76.73
2023-05-11,18.67,18.78,18.52,18.63,2287420,75.86
2023-05-12,18.75,18.88,18.49,18.6,2604860,75.77
2023-05-15,18.71,18.9,18.57,18.81,2422244,76.61
2023-05-16,18.81,18.86,18.38,18.38,3819656,74.87
2023-05-17,18.56,18.56,18.26,18.3,3293112,74.52
2023-05-18,18.28,18.67,18.24,18.59,4098388,75.73
2023-05-19,18.68,18.8,18.51,18.52,2543188,75.42
2023-05-22,18.55,18.69,18.45,18.59,2794944,75.7
2023-05-23,18.55,18.68,18.34,18.35,2316396,74.75
2023-05-24,18.21,18.74,18.09,18.61,3522256,75.8
2023-05-25,18.6,19.07,18.54,18.96,3931820,77.21
2023-05-26,18.96,19.32,18.96,19.23,3561212,78.34
2023-05-30,19.31,19.48,19.24,19.38,2737240,78.94
2023-05-31,19.28,19.32,18.97,18.99,3572852,77.23
2023-06-01,19.01,19.41,18.95,19.29,2873052,78.47
2023-06-02,19.61,19.9,19.52,19.79,3356204,80.49
2023-06-05,19.79,19.86,19.53,19.77,2189684,80.44
2023-06-06,19.77,20.04,19.72,19.96,2547500,81.18
2023-06-07,20.04,20.11,19.77,19.82,2684084,80.61
2023-06-08,19.73,19.81,19.5,19.53,3041760,79.45
2023-06-09,19.52,19.67,19.47,19.62,2636740,79.8
2023-06-12,19.59,19.59,18.9,18.93,3785596,76.99
2023-06-13,18.94,19.42,18.85,19.37,2996824,78.78
2023-06-14,19.38,19.81,19.18,19.61,3799296,79.78
2023-06-15,19.49,19.91,19.41,19.9,2670800,80.94
2023-06-16,20,20.07,19.67,19.74,3850204,80.28
2023-06-20,19.71,19.8,19.37,19.74,2467520,80.31
2023-06-21,19.71,19.82,19.61,19.63,1728244,79.87
2023-06-22,19.6,19.6,19.21,19.56,2124892,79.56
2023-06-23,19.39,19.73,19.34,19.67,4784392,80.01
2023-06-26,19.67,19.79,19.52,19.54,2313468,79.47
2023-06-27,19.56,19.89,19.54,19.89,2395476,80.89
2023-06-28,19.86,19.92,19.55,19.71,4119980,80.16
2023-06-29,19.76,20.37,19.74,20.36,4906744,82.81
2023-06-30,20.53,20.72,20.42,20.42,4270116,83.07
2023-07-03,20.41,20.67,20.27,20.57,1487140,83.69
2023-07-05,20.48,20.76,20.31,20.72,2885948,84.29
2023-07-06,20.65,20.81,20.46,20.79,2902204,84.57
2023-07-07,20.88,21.39,20.88,21.17,4417644,86.11
2023-07-10,21.13,21.15,20.83,21.02,2218376,85.52
2023-07-11,21.1,21.19,20.95,21.14,2227248,86
2023-07-12,21.23,21.24,20.84,20.93,4604144,85.14
2023-07-13,21.08,21.41,21.05,21.08,4331564,85.75
2023-07-14,21.14,21.23,20.72,20.8,3939308,84.63
2023-07-17,20.8,20.94,20.56,20.6,3676844,83.8
2023-07-18,20.82,21.27,20.82,21.21,10093164,86.27
2023-07-19,20.28,20.89,20.13,20.15,15627368,81.97
2023-07-20,19.98,20.76,19.95,20.54,7189964,83.54
2023-07-21,20.55,20.63,20.32,20.51,4251588,83.45
2023-07-24,20.51,20.6,20.27,20.43,3279676,83.12
2023-07-25,20.44,20.55,20.32,20.38,3093296,82.9
2023-07-26,20.36,21.09,20.34,21.02,5935204,85.52
2023-07-27,21.08,21.49,21.01,21.35,7446424,86.85
2023-07-28,21.35,21.56,21.26,21.38,4191508,86.99
2023-07-31,21.53,21.86,21.32,21.47,4643120,87.33
2023-08-01,21.47,21.89,21.43,21.83,3802532,88.79
2023-08-02,21.77,22.06,21.72,21.88,3150860,89.01
2023-08-03,21.88,22.69,21.88,22.38,5349960,91.04
2023-08-04,22.4,22.4,21.67,21.95,3200264,89.3
2023-08-07,22.12,22.24,22.05,22.15,1984808,90.1
2023-08-08,21.83,22,21.6,21.85,2820132,88.9
2023-08-09,21.91,22.24,21.73,22.1,3076184,89.9
2023-08-10,22.24,22.38,22.12,22.24,2167428,90.45
2023-08-11,22.2,22.68,22.15,22.52,2776248,91.62
2023-08-14,22.43,22.94,22.43,22.89,3526980,93.11
2023-08-15,22.78,22.84,22.42,22.51,2964616,91.58
2023-08-16,22.52,22.69,22.44,22.44,3215332,91.28
2023-08-17,22.44,22.67,22.27,22.27,2934468,90.59
2023-08-18,21.97,22.55,21.86,22.5,3248828,91.52
2023-08-21,22.49,22.93,22.45,22.87,2678408,93.04
2023-08-22,22.9,22.98,22.4,22.46,2413436,91.35
2023-08-23,22.43,22.65,22.38,22.6,2565632,91.95
2023-08-24,22.6,22.83,22.47,22.57,1554656,91.81
2023-08-25,22.65,22.92,22.41,22.77,2067032,92.62
2023-08-28,22.82,23.18,22.81,22.94,2663520,93.32
2023-08-29,22.94,22.95,21.97,22.51,4892528,91.56
2023-08-30,22.49,22.58,22.18,22.19,3909372,90.25
2023-08-31,22.21,22.49,22.11,22.42,4072888,91.08
2023-09-01,22.49,22.9,22.37,22.77,3412388,92.53
2023-09-05,22.76,22.79,22.55,22.66,2828520,92.09
2023-09-06,22.63,23.04,22.63,22.97,2819660,93.35
2023-09-07,22.94,23.05,22.65,22.88,2684380,92.97
2023-09-08,22.91,23.28,22.88,23.25,2572828,94.46
2023-09-11,23.32,23.53,23.17,23.25,3078812,94.47
2023-09-12,23.17,23.3,23.09,23.13,3756680,93.99
2023-09-13,23.19,23.24,22.43,22.66,3315884,92.08
2023-09-14,22.77,22.89,22.63,22.81,3096400,92.7
2023-09-15,22.64,22.79,22.46,22.58,7551300,91.74
2023-09-18,22.55,22.57,22.19,22.3,4318868,90.63
2023-09-19,22.42,22.42,21.8,22.05,4701476,89.58
2023-09-20,22.03,22.37,21.88,22.31,4513832,90.67
2023-09-21,22.25,22.34,21.82,21.92,4555740,89.06
2023-09-22,21.95,22.04,21.51,21.63,2730772,87.87
2023-09-25,21.57,21.67,21.52,21.64,2359676,87.93
2023-09-26,21.44,21.5,21.05,21.24,4072096,86.3
2023-09-27,21.35,22.09,21.29,21.68,4455380,88.11
2023-09-28,21.72,21.76,21.52,21.62,2943448,87.84
2023-09-29,21.69,21.7,21.18,21.3,4164304,86.56
2023-10-02,21.35,21.44,20.98,21.08,3167016,85.67
2023-10-03,21.2,21.61,21.16,21.38,4436624,86.89
2023-10-04,21.47,21.61,21.12,21.28,3115540,86.47
2023-10-05,21.08,21.67,21.04,21.63,2901352,87.91
2023-10-06,21.69,22.17,21.6,22.07,3161280,89.67
2023-10-09,22.05,22.06,21.63,21.65,2692516,87.99
2023-10-10,21.92,21.97,21.71,21.74,2584600,88.33
2023-10-11,21.69,21.74,21.38,21.51,3093556,87.42
2023-10-12,21.52,21.55,20.92,21.03,3786188,85.47
2023-10-13,21,21.13,20.86,20.94,2499324,85.09
2023-10-16,21.21,21.46,21.11,21.15,3457544,85.93
2023-10-17,21.11,21.43,21.09,21.28,7955244,86.45
2023-10-18,20.41,20.53,19.99,20.4,16425920,82.89
2023-10-19,20.28,20.48,19.9,19.98,4802376,81.2
2023-10-20,19.95,20.04,19.66,19.74,4380316,80.19
2023-10-23,19.69,19.98,19.65,19.73,3496032,80.15
2023-10-24,19.79,19.92,19.63,19.78,3242216,80.39
2023-10-25,19.74,19.81,19.47,19.62,2442428,79.73
2023-10-26,19.61,19.94,19.59,19.73,2841720,80.15
2023-10-27,19.68,19.76,19.37,19.5,3571080,79.23
2023-10-30,19.63,19.72,19.55,19.67,2422084,79.92
2023-10-31,19.71,19.77,19.58,19.71,2889172,80.07
2023-11-01,19.77,19.88,19.24,19.33,5392688,78.56
2023-11-02,19.47,19.8,19.43,19.77,4192092,80.35
2023-11-03,19.94,19.94,19.23,19.57,6106544,79.5
2023-11-06,19.7,19.89,19.52,19.89,3141780,80.83
2023-11-07,19.85,20.14,19.75,20.08,2640464,81.61
2023-11-08,20.13,20.3,19.76,19.76,2824676,80.31
2023-11-09,19.89,20.3,19.8,20.19,3513460,82.02
2023-11-10,20.21,20.33,19.94,20.27,2234828,82.37
2023-11-13,20.2,20.3,20.06,20.08,1796360,81.61
2023-11-14,20.23,20.23,19.47,19.6,6962700,79.63
2023-11-15,19.63,19.74,19.44,19.73,6135692,80.18
2023-11-16,19.67,19.77,19.19,19.32,4183832,78.5
2023-11-17,19.37,19.5,19.23,19.49,4159468,79.19
2023-11-20,19.56,19.6,19.43,19.46,3535096,79.06
2023-11-21,19.36,19.85,19.33,19.69,3424132,80.02
2023-11-22,19.74,20.02,19.72,19.85,2392612,80.65
2023-11-24,19.82,20.14,19.78,20.13,1741812,81.8
2023-11-27,20.07,20.09,19.74,19.9,3265372,80.85
2023-11-28,19.89,19.9,18.79,18.8,10703040,76.41
2023-11-29,18.86,19.02,17.87,18.9,9679232,76.78
2023-11-30,19.01,19.27,18.95,19.18,4556472,77.84
2023-12-01,19.28,19.55,19.11,19.26,5718460,78.14
2023-12-04,19.19,19.6,19.16,19.53,5226176,79.24
2023-12-05,19.43,19.52,19.26,19.44,4723564,78.87
2023-12-06,19.54,19.84,19.54,19.74,6213148,80.09
2023-12-07,19.73,19.93,19.5,19.91,5225236,80.81
2023-12-08,20,20.68,20,20.49,7310012,83.15
2023-12-11,20.61,20.76,20.39,20.69,5562872,83.96
2023-12-12,20.7,20.94,20.56,20.64,3688848,83.75
2023-12-13,20.64,20.75,19.76,20.01,7854424,81.2
2023-12-14,20.03,20.21,19.74,20.04,7881312,81.33
2023-12-15,19.84,19.91,19.45,19.66,9998160,79.79
2023-12-18,19.73,20.03,19.71,19.99,6866332,81.13
2023-12-19,19.98,20.34,19.92,20.33,4707600,82.5
2023-12-20,20.32,20.5,20.07,20.07,3042868,81.46
2023-12-21,20.08,20.26,19.94,20.23,3054272,82.11
2023-12-22,20.28,20.44,20.19,20.23,2923428,82.11
2023-12-26,20.29,20.53,20.22,20.48,1745608,83.12
2023-12-27,20.48,20.48,20.27,20.36,1671984,82.62
2023-12-28,20.36,20.63,20.28,20.49,2914148,83.15
2023-12-29,20.45,20.55,20.31,20.43,2391564,82.9
2024-01-02,20.49,20.85,20.27,20.84,4474132,84.55
2024-01-03,20.84,21.56,20.79,21.35,9136312,86.63
2024-01-04,21.47,21.88,21.35,21.49,10236408,87.2
2024-01-05,21.53,22.11,21.47,21.67,6872016,87.92
2024-01-08,21.65,21.73,21.14,21.6,5615752,87.65
2024-01-09,21.82,21.87,21.44,21.62,5306040,87.72
2024-01-10,21.44,21.5,21.32,21.44,4840132,87.01
2024-01-11,21.63,21.89,21.43,21.65,4928004,87.84
2024-01-12,21.64,21.93,21.62,21.77,6253124,88.36
2024-01-16,21.9,21.9,21.37,21.48,10456936,87.18
2024-01-17,20.74,22.28,20.67,21.98,14948348,89.19
2024-01-18,22.01,22.01,21.75,21.89,5530700,88.82
2024-01-19,21.92,22.15,21.81,22.13,5986176,89.79
2024-01-22,22.18,22.51,22.11,22.45,8457584,91.1
2024-01-23,22.53,22.82,22.43,22.53,5866424,91.41
2024-01-24,22.62,22.67,22.33,22.62,4209720,91.81
2024-01-25,22.62,22.67,22.23,22.29,4357748,90.46
2024-01-26,22.3,22.66,22.26,22.61,4322288,91.74
2024-01-29,22.63,22.63,22.21,22.26,5283300,90.35
2024-01-30,22.29,22.39,22.04,22.11,4423496,89.72
2024-01-31,22.03,22.14,21.74,21.87,4529328,88.75
2024-02-01,21.8,22.42,21.76,22.39,5747852,90.87
2024-02-02,22.53,23.93,22.51,23.69,10883620,96.13
2024-02-05,23.66,23.85,23.43,23.43,4843412,95.06
2024-02-06,23.43,23.44,22.85,22.92,3153592,93.02
2024-02-07,22.98,23.34,22.82,23.27,2855296,94.44
2024-02-08,23.31,23.55,23.27,23.5,2087052,95.37
2024-02-09,23.56,24.27,23.45,24.16,5551924,98.06
2024-02-12,24.26,24.27,24.09,24.19,2556528,98.16
2024-02-13,24.17,25.12,24.17,24.88,6282452,100.97
2024-02-14,25.04,25.21,24.84,24.9,4729212,101.05
2024-02-15,25.08,25.92,24.98,25.77,8397672,104.59
2024-02-16,25.88,26.23,25.67,25.76,4021720,104.53
2024-02-20,25.76,25.85,25.2,25.47,4126112,103.34
2024-02-21,25.73,25.93,25.39,25.89,5714388,105.06
2024-02-22,26.18,26.45,25.91,26.31,5428380,106.76
2024-02-23,26.32,26.54,26.11,26.3,2542184,106.72
2024-02-26,26.26,26.76,26.21,26.56,2744880,107.79
2024-02-27,26.55,26.71,26.28,26.39,2971984,107.09
2024-02-28,26.4,26.91,26.34,26.76,3077140,108.59
2024-02-29,26.89,26.94,26.41,26.82,4569284,108.72
2024-03-01,26.89,27.3,26.82,27.25,2847220,110.48
2024-03-04,27.51,27.75,27.25,27.39,2912292,111.06
2024-03-05,27.32,27.67,26.85,27.04,3350872,109.61
2024-03-06,27,27.27,26.59,27.13,4230108,110
2024-03-07,27.13,27.27,26.9,26.94,3351836,109.21
2024-03-08,27.01,27.07,26.55,26.62,4015248,107.91
2024-03-11,26.52,26.65,26.31,26.57,5032504,107.73
2024-03-12,26.66,27.08,26.56,26.91,3940960,109.1
2024-03-13,26.91,27.02,26.63,26.75,2483116,108.46
2024-03-14,26.85,26.85,26.38,26.6,3145160,107.83
2024-03-15,26.48,26.73,26.39,26.5,7277752,107.44
2024-03-18,26.44,26.85,26.42,26.62,4080912,107.94
2024-03-19,26.64,26.72,26.45,26.51,2840984,107.47
2024-03-20,26.39,26.84,26.27,26.84,4289776,108.8
2024-03-21,26.89,27.27,26.88,27.12,3437528,109.95
2024-03-22,26.95,27.02,26.65,26.75,2808748,108.47
2024-03-25,26.67,26.94,26.59,26.91,2182412,109.12
2024-03-26,27.02,27.24,26.97,27.19,2076084,110.24
2024-03-27,27.26,27.51,27.14,27.48,2537632,111.43
2024-03-28,27.6,27.74,27.46,27.55,2580124,111.71
2024-04-01,27.55,27.78,27.36,27.64,2701208,112.05
2024-04-02,27.75,28.31,27.73,28.23,4365496,114.47
2024-04-03,28.34,28.84,28.18,28.31,4476676,114.76
2024-04-04,28.43,28.47,27.35,27.39,3683012,111.03
2024-04-05,27.54,27.95,27.51,27.79,3814180,112.67
2024-04-08,28.06,28.26,27.85,28.21,1949936,114.37
2024-04-09,28.08,28.17,27.29,27.4,2527592,111.1
2024-04-10,27.46,28.23,27.46,27.99,3771372,113.5
2024-04-11,27.9,27.9,27.58,27.66,2621264,112.16
2024-04-12,27.62,27.65,27.13,27.23,3143944,110.39
2024-04-15,27.62,27.65,26.79,26.92,3697936,109.16
2024-04-16,26.93,27.03,26.34,26.49,9014168,107.39
2024-04-17,27.01,28.16,26.77,26.94,9964444,109.23
2024-04-18,27.29,27.56,26.85,27.28,3843964,110.6
2024-04-19,27.28,27.71,27.28,27.51,4046332,111.55
2024-04-22,27.74,28.06,27.59,27.9,3738808,113.12
2024-04-23,27.9,28.63,27.73,28.29,4165940,114.69
2024-04-24,28.3,28.69,28.2,28.52,2669356,115.64
2024-04-25,28.47,29.1,28.33,28.94,3764452,117.34
2024-04-26,28.98,29.02,28.49,28.65,2869692,116.15
2024-04-29,28.54,29.04,28.46,28.79,3070932,116.73
2024-04-30,28.82,28.9,28.38,28.39,3654588,115.12
2024-05-01,28.45,29.09,28.34,28.83,4420776,116.9
2024-05-02,29.01,29.69,28.96,29.55,6709992,119.8
2024-05-03,29.46,29.69,28.78,29.63,5838252,120.12
2024-05-06,29.79,30.1,29.74,30.09,3045220,122.01
2024-05-07,30.15,30.31,29.68,29.73,3738560,120.54
2024-05-08,29.88,29.99,29.34,29.53,2807824,119.72
2024-05-09,29.53,29.72,29.24,29.38,3362160,119.13
2024-05-10,29.4,29.75,29.39,29.63,2267928,120.11
2024-05-13,29.63,29.84,29.53,29.66,2088392,120.25
2024-05-14,29.6,30.06,29.57,30.04,2452380,121.8
2024-05-15,30.01,30.16,29.76,30.09,2711312,122.01
2024-05-16,30.15,30.24,29.89,30.05,2233372,121.82
2024-05-17,30.3,30.57,30.09,30.54,2418164,123.82
2024-05-20,30.57,31.02,30.56,30.97,2803512,125.55
2024-05-21,30.95,31.28,30.84,31.23,2637836,126.6
2024-05-22,31.17,31.23,30.83,30.85,2770080,125.06
2024-05-23,30.99,31.32,30.4,30.69,3567148,124.42
2024-05-24,30.91,31.62,30.85,31.57,2642072,128
2024-05-28,31.57,31.86,31.39,31.72,2763892,128.6
2024-05-29,31.49,31.81,31.38,31.56,2696396,127.95
2024-05-30,31.63,31.72,31.24,31.46,2211636,127.54
2024-05-31,31.51,31.56,30.19,31.07,6856036,125.72
2024-06-03,31.22,31.45,30.69,31.28,3974476,126.59
2024-06-04,31.28,31.49,30.73,30.82,4393636,124.7
2024-06-05,30.94,31.18,30.69,31.01,2698956,125.46
2024-06-06,30.97,31.09,30.29,30.3,2898164,122.61
2024-06-07,30.52,31.02,30.41,30.58,3485852,123.74
2024-06-10,30.44,31.1,30.32,31.01,2691172,125.46
2024-06-11,30.81,30.84,30.06,30.48,2586076,123.35
2024-06-12,30.44,30.48,29.56,30.08,4196408,121.71
2024-06-13,30,30.12,29.68,29.97,2888596,121.27
2024-06-14,29.66,29.92,29.38,29.69,3054852,120.14
2024-06-17,29.66,29.97,29.49,29.92,1849260,121.06
2024-06-18,29.88,29.91,29.55,29.59,2306972,119.74
2024-06-20,29.69,29.85,29.58,29.72,3755260,120.25
2024-06-21,29.75,29.82,29.2,29.7,4255252,120.18
2024-06-24,29.68,30.42,29.67,29.92,3010360,121.06
2024-06-25,29.94,30.25,29.86,30.18,2197196,122.11
2024-06-26,30.14,30.41,29.94,30.4,2281744,123
2024-06-27,30.47,30.69,30.33,30.4,2168968,122.99
2024-06-28,30.46,30.49,30.03,30.3,3500432,122.6
2024-07-01,30.66,31.42,30.27,31.32,3291820,126.75
2024-07-02,31.39,31.62,31.31,31.56,2808324,127.7
2024-07-03,31.63,31.88,30.67,31.02,1865384,125.53
2024-07-05,30.71,30.82,30.03,30.64,3610284,123.98
2024-07-08,30.92,31.05,30.43,30.51,2009404,123.47
2024-07-09,30.68,31.22,30.54,30.95,2417012,125.25
2024-07-10,30.99,31.26,30.83,30.85,3103280,124.82
2024-07-11,30.11,30.47,29.51,29.92,4991896,121.05
2024-07-12,30.09,30.27,29.95,30.05,4125324,121.61
2024-07-15,30.19,30.94,30.19,30.81,4508924,124.66
2024-07-16,30.84,30.91,30.3,30.56,9560096,123.66
2024-07-17,29.99,30.6,28.82,30.49,11575276,123.37
2024-07-18,30.34,30.34,29.34,29.56,5996108,119.6
2024-07-19,29.51,29.95,29.33,29.82,4558348,120.65
2024-07-22,29.82,30.38,29.71,30.22,3509548,122.3
2024-07-23,30.26,30.32,29.98,30.17,3314116,122.07
2024-07-24,30.05,30.07,29.16,29.19,3845936,118.12
2024-07-25,29.37,29.42,28.74,29.3,4695700,118.57
2024-07-26,29.32,29.47,29.04,29.36,3358216,118.8
2024-07-29,29.37,29.6,29.04,29.56,3594856,119.63
2024-07-30,29.72,30.09,29.39,29.4,2937384,118.96
2024-07-31,29.64,29.97,29.44,29.48,2688492,119.27
2024-08-01,29.66,30.05,28.8,29.41,3852380,119.01
2024-08-02,28.71,28.95,27.48,27.81,6149688,112.53
2024-08-05,26.39,27.07,25.63,26.85,6465284,108.65
2024-08-06,27,27.61,26.87,27.31,3512952,110.52
2024-08-07,27.77,28.28,27.73,27.87,6403212,112.77
2024-08-08,28.23,28.65,28.07,28.54,4203188,115.48
2024-08-09,28.42,28.91,28.3,28.8,2165216,116.55
2024-08-12,29.05,29.24,28.75,29.14,2751308,117.93
2024-08-13,29.19,29.37,28.98,29.06,2432516,117.58
2024-08-14,29.34,29.61,29.07,29.18,3241940,118.06
2024-08-15,29.68,29.92,29.53,29.72,2832904,120.26
2024-08-16,29.74,29.92,29.7,29.87,2423720,120.86
2024-08-19,29.9,30.16,29.86,30.14,2266580,121.95
2024-08-20,30.13,30.18,29.76,29.84,1842760,120.76
2024-08-21,29.89,30.52,29.86,30.48,2753360,123.35
2024-08-22,30.49,30.74,30.35,30.67,3854696,124.1
2024-08-23,30.82,30.82,29.92,30.5,4283136,123.4
2024-08-26,30.6,30.94,30.51,30.72,2276672,124.3
2024-08-27,30.77,31.45,30.72,31.42,3301508,127.12
2024-08-28,31.28,31.33,31.02,31.22,2982352,126.32
2024-08-29,31.33,31.72,31.23,31.4,2193468,127.07
2024-08-30,31.48,31.94,31.37,31.92,2814064,128.89
2024-09-03,31.73,31.93,31.4,31.55,3041372,127.4
2024-09-04,31.48,31.54,31.05,31.08,3215384,125.52
2024-09-05,31.2,31.27,30.83,31.22,2524516,126.06
2024-09-06,31.18,31.29,30.06,30.34,3154176,122.54
2024-09-09,30.62,31,30.57,30.76,2306508,124.22
2024-09-10,30.57,30.66,29.83,30.22,1990048,122.05
2024-09-11,30.27,30.49,29.72,30.4,2645580,122.77
2024-09-12,30.49,30.69,30.31,30.61,2893556,123.6
2024-09-13,30.95,32.22,30.77,31.71,6476604,128.07
2024-09-16,31.7,32.42,31.7,31.84,4610920,128.59
2024-09-17,32.03,32.97,31.82,32.64,5188664,131.81
2024-09-18,32.64,33.04,32.01,32.24,4373764,130.18
2024-09-19,32.78,32.91,32.34,32.8,3540316,132.45
2024-09-20,32.79,33,32.61,32.94,5073560,133.02
2024-09-23,33.11,33.58,33.11,33.48,3197904,135.19
2024-09-24,33.55,33.82,33.39,33.7,2840776,136.11
2024-09-25,33.7,33.95,33.53,33.73,2907272,136.2
2024-09-26,33.98,34.36,33.75,33.86,3544956,136.72
2024-09-27,33.72,34.17,33.55,34.06,3592456,137.53
2024-09-30,34.14,34.52,34.02,34.51,4121352,139.36
2024-10-01,34.41,34.66,33.59,34.24,4792828,138.27
2024-10-02,34.37,35.36,34.36,35.32,4364668,142.62
2024-10-03,35.29,35.94,35.04,35.85,4687288,144.78
2024-10-04,36.31,36.61,36,36.61,2660092,147.85
2024-10-07,36.84,36.98,36.58,36.79,4021348,148.57
2024-10-08,36.61,36.92,36.45,36.55,3590564,147.59
2024-10-09,36.65,37.14,36.53,37.03,4694156,149.53
2024-10-10,36.9,37.05,36.61,36.8,2829380,148.63
2024-10-11,36.96,37.48,36.88,37.43,3417776,151.14
2024-10-14,37.64,37.7,37.35,37.47,3222084,151.3
2024-10-15,37.89,38.32,37.64,37.88,6946252,152.975
2024-10-16,36.7,37.39,34.81,36.35,11469848,146.78
2024-10-17,36.36,37.18,36.13,37,4925840,149.43
2024-10-18,37.03,37.22,36.83,36.85,3114764,148.81
2024-10-21,36.89,37.15,36.65,37.05,2914000,149.64
2024-10-22,36.78,36.96,36.32,36.81,2514196,148.66
2024-10-23,36.64,36.78,36.27,36.51,2538928,147.44
2024-10-24,36.57,36.93,36.45,36.7,2769156,148.2
2024-10-25,36.73,36.83,36.03,36.44,3167252,147.17
2024-10-28,36.81,37.42,36.64,37.39,2616868,150.99
2024-10-29,37.45,38.12,37.42,37.85,2785552,152.84
2024-10-30,37.91,38.29,37.87,38.19,2611776,154.24
2024-10-31,38.13,38.21,37.47,37.78,3078236,152.58
2024-11-01,37.82,38.28,37.65,38.08,2959632,153.78
2024-11-04,38.13,38.41,37.98,38.12,2119804,153.93
2024-11-05,38.14,38.87,38.03,38.36,2767216,154.91
2024-11-06,40.85,42.86,40.63,42.51,9616992,171.69
2024-11-07,42.1,42.44,41.27,41.27,4656416,166.67
2024-11-08,41.43,42.44,40.92,42.03,3415996,169.74
2024-11-11,42.69,44.49,42.64,44.45,8578124,179.49
2024-11-12,44.2,44.87,43.92,44.46,4213792,179.55
2024-11-13,44.38,44.64,44.15,44.24,3163540,178.65
2024-11-14,44.32,44.51,43.71,44.05,3350532,177.9
2024-11-15,44.02,44.66,43.9,44.62,5050780,180.21
2024-11-18,44.82,45.32,44.62,45.22,3954560,182.61
2024-11-19,44.82,46,44.71,45.94,3694848,185.51
2024-11-20,46.77,46.8,45.85,46.52,4974920,187.86
2024-11-21,47.29,47.61,46.68,47.47,5143184,191.71
2024-11-22,47.72,47.84,46.43,47.45,6355328,191.62
2024-11-25,47.52,47.9,46.72,47.29,6535264,190.98
2024-11-26,47.46,47.83,46.98,47.78,3789728,192.95
2024-11-27,47.83,47.85,47.15,47.37,3138616,191.31
2024-11-29,47.66,47.84,47.17,47.38,2306720,191.09
2024-12-02,47.52,47.96,46,46.04,6153332,185.68
2024-12-03,46.46,47.04,46.02,46.34,5651708,186.89
2024-12-04,46.21,46.87,45.75,46.11,5314264,185.97
2024-12-05,46.27,46.58,45.87,46.34,4835416,186.9
2024-12-06,46.31,46.44,45.68,46.36,3859192,186.96
2024-12-09,46.36,46.68,44.21,44.67,6478216,180.17
2024-12-10,44.52,44.68,43.57,43.64,6217964,176
2024-12-11,44.13,44.91,43.93,44.82,4448208,180.78
2024-12-12,44.92,45.26,44.42,44.71,2879584,180.31
2024-12-13,44.88,44.94,44.02,44.5,3188616,179.49
2024-12-16,44.5,45.05,44.43,44.68,3078160,180.2
2024-12-17,44.2,44.39,43.22,44.36,4517524,178.9
2024-12-18,44.52,44.52,42.73,43.09,3792844,173.79
2024-12-19,43.93,44.3,43.05,43.09,3626764,173.79
2024-12-20,42.54,44.13,42.42,43.62,11457692,175.92
2024-12-23,44.07,44.56,43.61,44.04,3997352,177.6
2024-12-24,44.12,44.95,44.11,44.75,1283212,180.5
2024-12-26,44.75,45.04,44.58,44.91,1680512,181.11
2024-12-27,44.45,44.91,44.14,44.38,1964732,179
2024-12-30,44,44.58,43.79,44.37,2602896,178.95
2024-12-31,44.53,44.53,43.69,43.8,2982088,176.67
2025-01-02,44.03,45.45,43.04,45.25,5016344,182.5
2025-01-03,45.37,46.15,45.08,45.55,4292904,183.72
2025-01-06,46.14,47.14,45.87,47.13,4371588,190.07
2025-01-07,47.53,47.96,45.79,47.4,7041824,191.17
2025-01-08,47.33,47.56,46.79,47.33,3757904,190.89
2025-01-10,46.96,46.99,45.01,45.92,5292988,185.21
2025-01-13,45.41,45.93,44.91,45.44,5305668,183.26
2025-01-14,45.73,45.99,44.77,45.29,3601808,182.64
2025-01-15,46.06,46.46,45.78,46.08,4824592,185.85
2025-01-16,46.14,47.17,46.13,46.65,4149008,188.16
2025-01-17,46.86,47.43,46.48,47.13,5033328,190.09
2025-01-21,47.76,48.32,47.27,47.81,7929736,192.83
2025-01-22,51.33,52.35,50.19,52.01,11788240,209.78
2025-01-23,52.07,52.77,50.58,51.71,9167104,208.55
2025-01-24,51.82,54.71,51.79,54.3,12555108,218.99
2025-01-27,52.74,53.06,49.89,50.55,9715248,203.87
2025-01-28,50.97,51.73,50.58,51.51,7443240,207.75
2025-01-29,51.45,52.59,51.25,52.38,6513084,211.25
2025-01-30,52.79,54.82,52.79,54.34,10483308,219.17
2025-01-31,54.6,54.61,53.43,53.91,7230852,217.44
2025-02-03,52.18,55.78,52.04,55.41,9073508,223.48
2025-02-04,55.42,55.64,54.6,54.92,6613120,221.48
2025-02-05,55.41,58.18,55.09,57.88,11286068,233.45
2025-02-06,58.26,58.34,56.12,56.59,6990948,228.23
2025-02-07,56.82,57.52,56.53,57.31,7998880,231.14
2025-02-10,57.48,57.67,55.72,56.08,6955328,226.19
2025-02-11,56.08,56.08,54.3,54.91,5738792,221.47
2025-02-12,55.22,57.14,54.86,57.08,7232596,230.2
2025-02-13,57.49,58.48,56.62,58.23,7686360,234.85
2025-02-14,58.08,58.65,56.64,58.05,6693696,234.12
2025-02-18,58.49,58.64,57.5,58.4,4697660,235.53
2025-02-19,58.39,58.64,57.04,57.68,5576160,232.65
2025-02-20,57.57,57.57,54.75,56.04,9384992,226
2025-02-21,56.41,56.52,53.88,54.23,8411784,218.73
2025-02-24,54.38,55.07,52.25,53.21,9196424,214.61
2025-02-25,52.9,53.06,49.31,49.82,11353760,200.94
2025-02-26,50.5,52.04,50.23,51.24,6804292,206.66
2025-02-27,52.09,52.36,50.27,50.46,5276076,203.5
2025-02-28,50.27,51.38,50,50.74,31180152,204.4
2025-03-03,51.92,52.54,49.82,50.03,7155784,201.53
2025-03-04,48.73,49.63,46.17,48.66,11927472,196.03
2025-03-05,48.59,49.1,47.98,48.83,8185776,196.69
2025-03-06,47.83,48.3,45.98,47.09,11940348,189.7
2025-03-07,46.67,47.77,45.26,47.71,13196264,192.17
2025-03-10,45.74,45.93,41.06,41.5,19729764,167.16
2025-03-11,42.05,43.1,41.38,42.29,11024256,170.34
2025-03-12,43.92,44.05,42.29,42.49,10932480,171.14
2025-03-13,42.6,42.6,39.48,39.98,13859520,161.03
2025-03-14,41.02,42.06,40.59,41.73,8918092,168.11
2025-03-17,41.65,43.62,41.65,43.3,7474172,174.4
2025-03-18,42.58,43.09,42.01,42.87,6201552,172.69
2025-03-19,42.96,44.92,42.51,44.23,6515276,178.15
2025-03-20,43.54,44.19,43.31,43.66,7316828,175.86
2025-03-21,42.98,43.17,42.31,43.04,14298620,173.36
2025-03-24,44.25,45.15,43.97,44.67,7204824,179.94
2025-03-25,45.02,45.61,44.19,44.54,8204580,179.4
2025-03-26,44.58,44.63,43,43.18,8210696,173.94
2025-03-27,42.83,42.95,41.3,41.95,13220336,169
2025-03-28,41.31,41.96,40.34,40.89,9492368,164.72
2025-03-31,39.54,41.37,39.03,41.11,7049692,165.59
2025-04-01,41.06,43.05,40.53,42.97,8852820,173.08
2025-04-02,42.3,44.08,41.94,43.27,5506816,174.31
2025-04-03,40.05,40.99,39.43,39.59,8552588,159.48
2025-04-04,37.6,37.81,35.11,36.26,11909040,146.08
2025-04-07,34.04,37.41,32.59,35.82,18885720,144.29
2025-04-08,38.12,38.51,35.77,36.5,12810912,147.02
2025-04-09,36.21,42.98,35.97,42.38,18878656,170.72
2025-04-10,40.66,42.5,39.75,40.79,13294216,164.31
2025-04-11,40.79,42.84,40.48,42.54,9917356,171.35
2025-04-14,43.93,43.99,42.43,42.95,6736152,172.99
2025-04-15,43.01,44.02,43.01,43.05,10005616,173.43
2025-04-16,39.57,40.54,38.03,39.2,28485160,157.9
2025-04-17,39.47,40.14,38.86,39.6,9123228,159.52
2025-04-21,39.04,39.17,37.83,38.11,6314172,153.51
2025-04-22,38.46,39.62,38.26,39.09,7394860,157.48
2025-04-23,41.03,41.98,39.91,40.14,7564028,161.71
2025-04-24,40.34,42.19,40.29,41.97,5206504,169.05
2025-04-25,41.84,42.3,41.58,42.02,4029664,169.28
2025-04-28,42.44,42.95,41.47,42.04,4663616,169.35
2025-04-29,41.73,42.88,41.6,42.64,3956696,171.78
2025-04-30,41.4,42.75,41.14,42.66,4773964,171.85
2025-05-01,42.89,43.96,42.8,43.28,8007244,174.34
2025-05-02,44.25,45.29,44,45.07,5773980,181.55
2025-05-05,44.53,45.25,44.16,44.57,4021968,179.54
2025-05-06,43.74,44.53,43.47,44.27,4218136,178.32
2025-05-07,44.19,45.03,44.13,44.63,5633984,179.79
2025-05-08,45.82,46.41,45.37,45.8,5272944,184.49
2025-05-09,45.85,46.42,45.78,46.08,2972336,185.6
2025-05-12,48.61,49.03,47.89,48.97,7312780,197.24
2025-05-13,49.13,50.95,49.02,50.34,5506480,202.78
2025-05-14,50.41,51.01,50.09,50.52,4326224,203.5
2025-05-15,50.18,51.42,50.01,51.39,4219044,206.99
2025-05-16,51.36,52.25,51.36,51.92,4639720,209.15
2025-05-19,50.8,51.95,50.42,51.64,5798108,208
2025-05-20,51.58,52.24,51.46,52.22,3446660,210.34
2025-05-21,51.63,52.19,50.68,50.96,4792740,205.27
2025-05-22,51.17,51.76,50.87,51.32,4626224,206.72
2025-05-23,50.19,51.71,49.75,51.29,3872032,206.61
2025-05-27,51.94,52.85,51.48,52.76,5057952,212.53
2025-05-28,52.76,53,52.28,52.33,2746472,210.81
2025-05-29,53.07,53.16,51.58,51.96,3862996,209.3
2025-05-30,51.68,52.27,50.86,52.13,7512700,209.68
2025-06-02,51.95,52.41,50.72,51.77,4780820,208.2
2025-06-03,51.63,52.05,50.94,51.69,4966516,207.91
2025-06-04,51.72,52.12,51.22,51.23,4561208,206.03
2025-06-05,51.28,51.87,50.77,51.42,5035548,206.82
2025-06-06,52.36,53.18,51.89,52.67,6523468,211.83
2025-06-09,52.03,52.03,48.88,50.89,8047636,204.67
2025-06-10,50.62,51.34,49.86,50.98,4837208,205.05
2025-06-11,51.04,51.46,50.33,50.85,4221132,204.51
2025-06-12,50.15,51.09,49.9,50.96,2906644,204.98
2025-06-13,50.89,50.91,49.91,50.26,3405960,202.16
2025-06-16,50.89,52.46,50.82,52.13,4000556,209.66
2025-06-17,51.73,52.43,51.37,51.76,3683768,208.17
2025-06-18,51.8,52.56,51.42,52.31,4461773,52.6
2025-06-20,52.37,53.01,50.92,51.06,6912756,51.34
2025-06-23,50.95,51.45,49.03,50.25,5656180,50.53
2025-06-24,51.3,51.58,50.55,51.36,3353823,51.64
2025-06-25,52.03,52.86,51.55,51.97,4457372,52.26
2025-06-26,52.1,53.65,51.67,53.12,5889318,53.41
2025-06-27,53.56,54.3,52.67,53.66,11180321,53.96
2025-06-30,54.87,55.32,54.01,55.11,5775524,55.41
2025-07-01,55.26,56.31,52.85,56.01,8968700,56.32
2025-07-02,56.65,57.97,56.19,57.9,6904936,58.22
2025-07-03,58.09,58.16,56.98,57.66,4499773,57.98
2025-07-07,57.79,58.38,57.14,57.46,4166124,57.78
2025-07-08,57.94,58.06,56.02,56.31,4832662,56.62
2025-07-09,56.64,58.42,56.62,57.52,5163490,57.84
2025-07-10,57.94,58.89,57.3,58.6,3709582,58.92
2025-07-11,58.37,59.29,58.06,58.28,4434708,58.6
2025-07-14,58.96,59.41,58.37,59.27,4432867,59.6
2025-07-15,58.99,60.02,58.18,59.3,6061147,59.63
2025-07-16,59.7,60.05,57.86,59.12,5991647,59.45
2025-07-17,58.94,60.04,58.48,59.1,8101573,59.43
2025-07-18,63.46,65.38,62.19,63.7,15013915,64.05
2025-07-21,62.46,62.98,61.37,61.66,7994601,62
2025-07-22,61.46,62.13,59.3,61.91,7216917,62.25
2025-07-23,62.25,62.99,61.93,62.97,4678512,63.32
2025-07-24,63.1,64.44,62.89,64.35,6355910,64.7
2025-07-25,64.6,65.6,64.01,65.14,5152419,65.5
2025-07-28,65.95,66.25,64.79,65.03,3616004,65.39
2025-07-29,65.32,65.73,64.59,64.84,4651670,65.2
2025-07-30,65.21,66.45,64.89,65.86,3832681,66.22
2025-07-31,66.21,66.39,65.11,65.2,4059115,65.56
2025-08-01,63.36,65.82,61.88,63.26,7976403,63.61
2025-08-04,63.98,64.58,63.42,64.54,3006674,64.9
2025-08-05,64.67,65.14,62.86,63.36,4161395,63.71
2025-08-06,63.29,64,62.72,63.47,2898452,63.82
2025-08-07,63.94,64.15,62.89,63.9,3357899,64.25
2025-08-08,64.34,65.7,64.1,65.55,3529074,65.91
2025-08-11,66.25,66.27,65.05,65.82,2661080,66.18
2025-08-12,66.71,67.7,66.34,67.26,3891964,67.63
2025-08-13,67.43,67.49,61.69,63.14,9351105,63.49
2025-08-14,63,64.24,62.46,63.57,3688243,63.92
2025-08-15,63.45,63.85,62.41,62.96,2786693,63.31
2025-08-18,62.88,63.61,62.39,63.29,3732296,63.64
2025-08-19,63.43,63.62,61.83,62.07,3855960,62.41
2025-08-20,61.8,62.22,59.73,62.11,5595523,62.455
2025-08-21,62.04,62.45,61.6,62.13,2660649,62.47
2025-08-22,62.26,63.04,61.05,62.06,3867479,62.4
2025-08-25,62.05,62.88,61.81,62.42,5090177,62.76
2025-08-26,64.15,64.15,61.51,62.95,12322387,63.3
2025-08-27,62.24,62.41,60.83,61.45,98998618,61.79
2025-08-28,62.13,62.62,61.67,62.44,8206988,62.78
2025-08-29,62.21,62.55,61.38,61.98,6081037,62.24
2025-09-02,61.04,63.64,60.53,63.63,7413915,63.9
2025-09-03,63.68,64,62.9,63.68,5778607,63.95
2025-09-04,63.83,64.5,63.6,64.01,5551766,64.28
2025-09-05,63.83,63.95,59.69,59.91,11590654,60.16
2025-09-08,60.57,61.41,60.52,60.85,5544945,61.11
2025-09-09,60.6,62.18,60.41,61.95,4619691,62.21
2025-09-10,62.16,62.68,61.74,62.25,3824740,62.51
2025-09-11,62.27,63.52,62.02,63.07,3944542,63.34
2025-09-12,63.03,64.16,62.77,63.43,3396667,63.7
2025-09-15,63.55,64.05,61.95,61.99,4073841,62.25
2025-09-16,61.99,62.46,61.3,62.22,4099064,62.48
2025-09-17,62.3,62.82,61.01,62.08,5261736,62.34
2025-09-18,62.44,65.26,62.35,64.65,6262027,64.92
2025-09-19,65.17,65.19,63.88,64.76,8102893,65.03
2025-09-22,63.92,64.49,63.21,63.95,4776981,64.22
2025-09-23,64.03,65.83,63.84,65.21,5352894,65.49
2025-09-24,65.84,66.07,63.98,64.19,3783313,64.46
2025-09-25,63.24,65.22,62.6,64.7,3126836,64.97
2025-09-26,65.3,66.04,64.82,65.84,3881106,66.12
2025-09-29,66.52,68.54,66.34,68.51,5912472,68.8
2025-09-30,68.41,69.97,67.58,68.52,4919990,68.81
2025-10-01,67.57,70.19,66.77,68.49,7265501,68.78
2025-10-02,69.19,71.33,68.9,70.65,5379174,70.95
2025-10-03,71.47,71.48,69.25,70.06,3740628,70.36
2025-10-06,70.67,71.14,69.23,69.32,3723393,69.61
2025-10-07,69.84,70.11,68.28,69.06,3242142,69.35
2025-10-08,69.71,72,69.06,71.75,4341019,72.05
2025-10-09,71.34,72.41,71.15,72.31,3013922,72.62
2025-10-10,72.18,73.04,68.51,68.72,5043711,69.01
2025-10-13,70.48,70.64,69.47,70.22,2899171,70.52
2025-10-14,69.03,70.84,67.82,69.07,4746691,69.36
2025-10-15,70.33,70.66,68.5,69.48,4912471,69.77
2025-10-16,70.51,70.79,67.59,68.23,10050052,68.52
2025-10-17,66.41,68.73,64.94,65.95,9231441,66.23
2025-10-20,67.1,68.04,65.76,66.66,5249739,66.94
2025-10-21,66.46,67.31,65.6,65.99,3765423,66.27
2025-10-22,66.28,66.67,63.88,64.5,5747020,64.77
2025-10-23,64.75,67.67,64.74,66.89,8459324,67.17
2025-10-24,67.87,69.2,67.5,68.46,4238485,68.75
2025-10-27,69.64,69.96,68.86,69.2,3154471,69.49
2025-10-28,69.71,69.71,68.28,68.36,2595277,68.65
2025-10-29,68.42,69.34,67.85,68.9,2903432,69.19
2025-10-30,68.37,70.26,68.03,68.22,3071242,68.51
2025-10-31,68.74,70.6,67.99,70.06,3834474,70.36
2025-11-03,70.59,72.96,69.87,72.77,6430480,73.08
2025-11-04,70.61,71.79,69.01,70.39,4801672,70.69
2025-11-05,70.9,71.89,69.76,71.32,2768995,71.62
2025-11-06,70.75,70.93,68.43,69.57,3574641,69.86
2025-11-07,68.72,70.55,67.32,70.24,4294893,70.54
2025-11-10,71.53,72,70.09,70.83,3255200,71.13
2025-11-11,70.19,71.18,70.19,70.57,2780397,70.87
2025-11-12,71.09,72.67,70.7,72.39,4300154,72.7
2025-11-13,72.22,72.22,66.46,66.76,6274122,67.04
2025-11-14,65.14,66.95,64.15,65.75,5337077,66.03
2025-11-17,65.48,66.2,62.7,63.14,4917977,63.41
2025-11-18,62.46,63.99,61.83,63,4146723,63.27
2025-11-19,63.25,64.68,63.16,64.29,3073596,64.56
2025-11-20,65.97,67.05,61.02,61.3,5978585,61.56
2025-11-21,61.28,61.49,58.7,60.79,6901340,61.05
2025-11-24,61.26,62.45,60.9,62.17,4423022,62.43
2025-11-25,62.08,63.19,60.77,62.9,3034867,63.17
2025-11-26,63.64,64.42,63.2,63.92,3547740,64.19
2025-11-28,64.73,65,64.14,64.75,2725018,65.02
2025-12-01,64.03,65.14,61.97,63.35,5982491,63.54
2025-12-02,64.04,64.11,62.96,63.4,5651020,63.59
2025-12-03,63.58,64.9,63.4,64.77,2400133,64.96
2025-12-04,64.8,65.99,64.64,65.75,3100450,65.95
2025-12-05,65.55,65.85,64.21,64.31,3154754,64.5
2025-12-08,64.46,65.67,64.01,65.61,2583488,65.81
2025-12-09,65.29,66.05,65.05,65.36,3147535,65.56
2025-12-10,65.55,66.93,65.19,66.47,3101640,66.67
2025-12-11,65.94,66.42,64.61,65.86,4002288,66.06
2025-12-12,65.8,65.8,62.39,63.96,5181267,64.15
2025-12-15,64.35,64.36,62.47,62.68,4701353,62.87
2025-12-16,62.68,63.11,62.12,62.87,3552375,63.06
2025-12-17,63.31,64.5,61.92,62.26,3907330,62.45
2025-12-18,63.5,63.81,62.36,62.75,3709531,62.94
2025-12-19,63.06,64.53,63.06,64.07,4757916,64.26
2025-12-22,65.08,65.72,64.21,65.6,3119351,65.795
2025-12-23,65.6,66.14,65.26,65.76,3085404,65.96
2025-12-24,65.64,65.93,65.28,65.78,1344516,65.98
2025-12-26,65.78,66.04,65.5,65.96,1918291,66.16
2025-12-29,65.5,65.6,64.71,65.16,2442198,65.35
2025-12-30,65.45,66.2,64.69,64.81,2106679,65
2025-12-31,64.85,65,64.05,64.12,2300802,64.31
2026-01-02,65.22,67.36,64.86,67.03,4881971,67.23
2026-01-05,67.75,71.48,67.65,71.36,5281170,71.57
2026-01-06,71.73,72.74,71.06,72.66,4603824,72.88
2026-01-07,72.12,72.5,71.03,71.13,4163222,71.34
2026-01-08,71.12,71.33,69.33,69.95,4124133,70.16
2026-01-09,70.59,71.05,69.77,70.26,3796852,70.47
2026-01-12,70.17,71.23,69.89,70.58,2831605,70.79
2026-01-13,70.79,71.38,69.76,70.38,3637595,70.59
2026-01-14,70.17,71.19,69.12,71.14,5180461,71.35
2026-01-15,71.69,75.41,71.69,73.46,6760350,73.68
2026-01-16,73.83,73.85,71.85,73.14,4127413,73.36
2026-01-20,71.79,72.81,70.58,71.3,9304913,71.51
2026-01-21,71.79,76.74,70.68,75.57,10541607,75.8
2026-01-22,76.89,77.54,76.05,76.98,5989541,77.21
2026-01-23,76.68,78.33,76.68,77.35,8053385,77.58
2026-01-26,77.13,78.57,75.07,75.13,6292831,75.35
2026-01-27,75.2,75.78,74.29,75.26,4948766,75.48
2026-01-28,75.7,76.15,74.48,75.23,4695702,75.45
2026-01-29,76.21,77.31,73.31,75.43,3984831,75.66
2026-01-30,74.82,75.86,74.27,74.66,3412786,74.88
2026-02-02,74.47,77.74,72.88,75.05,6897631,75.27
2026-02-03,76.29,76.48,73.58,74.71,5481805,74.93
2026-02-04,74.73,74.83,71.5,73.22,8126622,73.44
2026-02-05,71.39,72.11,68.8,69.28,8775657,69.49
2026-02-06,71.68,74.64,70.79,74.37,4891423,74.59
2026-02-09,74.5,78.39,74.13,78.19,3909319,78.42
2026-02-10,77.65,78.94,75.83,76.97,5564584,77.2
2026-02-11,77.4,77.62,74.58,76.12,3569172,76.35
2026-02-12,76.43,77.44,72.03,72.84,6887577,73.06
2026-02-13,72.78,75.04,71.3,74.53,4385419,74.75
2026-02-17,73.63,73.93,71.34,73.07,5587525,73.29
2026-02-18,73.25,75.27,73.07,74.68,4592219,74.9
2026-02-19,73.72,74.01,72.59,73.77,2459499,73.99
2026-02-20,73.42,74.53,72.94,74.17,2767002,74.395
2026-02-23,73.72,74.41,70.44,71.33,3814766,71.54
2026-02-24,70.84,72.56,69.94,71.71,3447433,71.92
2026-02-25,72.89,73.53,72.18,73.43,2899301,73.65
2026-02-26,73.46,74.37,72.11,74.34,3706186,74.56
2026-02-27,72.52,72.91,69.52,71.05,6182758,71.19
2026-03-02,69.09,73.24,68.44,71.53,5364438,71.67
2026-03-03,68.84,70.25,67.4,69.27,6825046,69.4
2026-03-04,70.47,70.93,68.31,69.02,4587971,69.15
2026-03-05,68.34,69.26,66.55,67.92,4683283,68.05
2026-03-06,66.17,67.29,65.15,66.57,5378985,66.7
2026-03-09,65.22,67.37,63.36,67.36,4969980,67.49
2026-03-10,67.55,69.85,66.55,68.37,4929016,68.5
2026-03-11,68.1,68.9,66.91,68.26,3179639,68.39
2026-03-12,66.68,67.16,65.76,66.79,3988636,66.92
2026-03-13,67.11,68.04,65.74,66.06,3384815,66.19
2026-03-16,67.12,69.17,66.94,68.15,4185835,68.28
2026-03-17,68.78,69.8,68.18,68.5,2742636,68.63
2026-03-18,68.37,69.36,68.11,68.32,4465042,68.45
2026-03-19,67.35,68.07,66.79,67.56,5189965,67.69
2026-03-20,67.55,67.79,64.88,65.35,8997707,65.47
2026-03-23,67.17,69.18,66.68,67.71,7274768,67.84
2026-03-24,66.77,67.49,64.37,65.99,7817058,66.12
2026-03-25,67.02,69.69,66.81,68.55,5457441,68.68
2026-03-26,67.96,68.67,65.56,66.07,3518961,66.2
2026-03-27,65.38,66.02,63.92,64.08,3882690,64.2
2026-03-30,64.58,65.13,62.9,63.57,4263785,63.69
2026-03-31,64.67,67.24,64.18,66.94,4619387,67.07
2026-04-01,68.25,69.87,67.66,67.78,5917956,67.91
2026-04-02,66,68.75,65.28,67.61,3054400,67.74
2026-04-06,67.96,68.72,67.62,68.49,2541018,68.62
2026-04-07,67.93,68.17,66.59,67.98,3579765,68.11
2026-04-08,72.5,73.34,71.01,72.17,5096704,72.31
2026-04-09,71.62,72.95,71.4,71.79,4769274,71.93
2026-04-10,72,72.14,69.99,71.07,3699008,71.21
2026-04-13,70.38,74.59,70.38,74.41,4787874,74.55
2026-04-14,75.85,77.1,74.21,76.95,5622561,77.1
2026-04-15,78.24,79.65,77.87,79.54,5020051,79.69
2026-04-16,80.05,80.54,78.14,79.22,4544869,79.375
2026-04-17,81.29,82.72,80.72,81.55,5488883,81.71
2026-04-20,81.05,81.81,80.65,81.1,3619178,81.25
2026-04-21,81.19,82.25,79.06,79.47,6402546,79.62
2026-04-22,77.91,79.27,76.55,77.96,7751435,78.11
2026-04-23,77.18,78.13,74.48,75.76,4287265,75.9
2026-04-24,76.68,76.68,75.18,76.47,2920585,76.62
2026-04-27,76.4,78.07,76.3,77.44,3599828,77.59
2026-04-28,76.76,77.77,76.19,77.34,3839589,77.49
2026-04-29,76.85,77.29,75.54,76.9,5307536,77.05
2026-04-30,76.73,79.85,76.35,79.35,5489519,79.5
2026-05-01,79.6,80.92,78.77,80.31,4059296,80.46
2026-05-04,80.84,82.08,80.3,81.56,3413894,81.72
2026-05-05,82.41,84.46,82.3,83.75,4762519,83.91
2026-05-06,85.21,87.17,85.21,86.87,3943868,87.04
2026-05-07,86.7,87.21,83.37,83.55,5151020,83.71
2026-05-08,84.42,85.04,83.34,84.26,3595774,84.42
2026-05-11,84.12,85.64,83.22,84.75,3102001,84.91
2026-05-12,84.06,84.53,82.52,84.43,5248532,84.59
2026-05-13,83.72,85.87,82.94,84.96,3144440,85.12
2026-05-14,85.21,88.27,85.15,88.11,3729503,88.28
2026-05-15,86.9,87.64,85.82,86.83,3908649,87
2026-05-18,86.58,87.82,84.94,85.96,4262455,86.12
2026-05-19,84.49,84.71,82.64,83.29,7139866,83.45
2026-05-20,83.84,85.27,83.05,83.63,6230562,83.79
2026-05-21,83.01,84.37,82.59,83.67,4839428,83.83
2026-05-22,83.99,84.7,80.95,81.2,8388318,81.35
2026-05-26,82.2,84.13,82.11,82.73,4282648,82.89
2026-05-27,82.48,82.48,79.57,80.8,6131023,80.95
2026-05-28,80.37,83.28,78.97,82.95,9787160,83.11
2026-05-29,83.04,87.01,82.59,86.8,7290663,86.97
2026-06-01,86.02,90.94,84.94,88.61,6863516,88.69
2026-06-02,88.87,90.42,88.29,88.64,6538549,88.72
2026-06-03,87.99,88.94,86.83,87.07,5420686,87.15
2026-06-04,86.03,87.35,83.04,86.98,7080058,87.06
2026-06-05,86.07,86.15,83.32,84.32,4275501,84.4
2026-06-08,85.7,87.75,85.16,87.27,4690186,87.35
2026-06-09,88.26,88.45,83.05,86.25,4425316,86.33
2026-06-10,85.2,88.22,84.57,85.34,4260289,85.42
2026-06-11,86.51,88.82,84.99,88.75,3698091,88.83
2026-06-12,90.37,93.02,89.87,90.73,4183390,90.81
2026-06-15,94.59,94.64,92.54,92.68,3531079,92.76
2026-06-16,92.93,93.97,91.93,93.02,3990461,93.1
2026-06-17,93.44,96.66,93.33,95,5281044,95.09
2026-06-18,96.71,97.72,95.21,95.91,7511917,96
2026-06-22,96.7,97.75,95.95,96.73,4203725,96.82
2026-06-23,92.62,96.5,92.25,94.61,6269867,94.7
2026-06-24,93.62,95.17,92.08,92.71,3519323,92.79
2026-06-25,94.37,95.19,91.71,92.08,3087098,92.16
2026-06-26,91.36,91.65,89.48,89.74,5910647,89.82
2026-06-29,90.26,90.43,87.59,88.12,4775106,88.2
2026-06-30,87.92,90.03,86.58,86.96,5511810,87.04
2026-07-01,87.95,95.48,87.49,93.17,7442526,93.25
2026-07-02,93.17,96.62,89.43,91.25,6589910,91.33
2026-07-06,91.91,96,91.61,95.9,4532673,95.99
2026-07-07,94.35,96.4,91.74,94.48,4784156,94.57
2026-07-08,92.71,94.03,92.11,93.32,3444810,93.4
2026-07-09,94.73,96.63,93.84,95.19,2680367,95.28
2026-07-10,96.31,97.31,93.51,94.01,2400425,94.09
2026-07-13,93.13,94.71,92.32,93.48,3391734,93.56
2026-07-14,94.08,96.26,94.07,95.52,3095284,95.61
2026-07-15,96.8,97.68,95.48,97.32,3486923,97.41
2026-07-16,96.11,96.63,91.5,92.13,3996932,92.21
2026-07-17,89.52,91.95,87.79,90.45,4448871,90.53
2026-07-20,91.48,93.38,91.23,91.6,3740277,91.68
2026-07-21,93.41,95.46,93.21,94.34,5120623,94.42
2026-07-22,93.51,95.46,92.1,93.42,5846849,93.5
2026-07-23,90.68,91.78,89.53,91.68,4396874,91.76
2026-07-24,91.72,92.37,89.42,91.66,3890145,91.74
2026-07-27,92.82,94.17,89.61,92.19,4668067,92.27
2026-07-28,89.96,91.13,88.25,90.83,4931110,90.91
2026-07-29,89.81,90.38,85.52,86.18,7228650,86.26
2026-07-30,88.12,90.6,86.74,90.4,5019749,90.48
2026-07-31,91.72,91.72,87.87,87.91,4372816,87.99
2026-08-03,86.95,88.15,85.82,87.67,5183856,87.75
2026-08-04,88.61,89.39,86.84,88.55,4670545,88.63
2026-08-05,89.51,90.83,88.59,88.66,4891288,88.74
2026-08-06,88.06,89.06,85.61,85.94,7292764,86.02
2026-08-07,86.49,87.89,85.29,87.75,7784150,87.83
2026-08-10,87.92,91.7,87.92,90.58,5867695,90.66
2026-08-11,91.04,91.57,89.43,89.7,3472767,89.78
2026-08-12,91.07,92.67,90.76,91.58,3040269,91.66
2026-08-13,91.92,92.64,91.25,91.34,2580165,91.42
2026-08-14,91.33,92.34,90.04,91.98,2199814,92.06
2026-08-17,92.14,94.51,91.5,94.25,4633354,94.33
2026-08-18,92.92,93.14,90.34,90.48,2617419,90.56
2026-08-19,90.91,91.35,88.84,90.46,3224313,90.54
2026-08-20,91.33,91.63,89.58,89.77,3465326,89.85
2026-08-21,90.71,94.14,90.23,93.79,5762621,93.87
2026-08-24,93.78,94.69,92.41,92.97,4302241,93.05
2026-08-25,93.46,98.66,92.72,98.1,5223389,98.19
2026-08-26,97.54,97.69,94.72,96.93,3044411,97.02
2026-08-27,96.79,97.25,95.67,96.46,5156490,96.55
2026-08-28,96.52,97.63,95.37,95.75,2237258,95.84
2026-08-31,95.41,97.8,94.35,97.2,3563427,97.29
2026-09-01,94.625,94.9,90.025,90.39,5142420,90.39
2026-09-02,90,91.35,88.53,89.12,4384180,89.12
2026-09-03,89.83,93.27,89.77,92.95,5292709,92.95
2026-09-04,91.55,92.845,91.14,92.62,2502368,92.62
2026-09-08,91.76,93.29,90.87,90.97,2186743,90.97
2026-09-09,90.99,91.86,90.25,90.28,2647863,90.28
2026-09-10,89.06,90.235,88.74,89.42,2875849,89.42
2026-09-11,90.705,92.31,89.45,91.37,3081013,91.37
2026-09-14,90,90.935,89.08,90.75,3829851,90.75
2026-09-15,90.2,90.48,87.5,88.8,4528590,88.8
2026-09-16,88.99,89.09,84.96,86.74,3808200,86.74
2026-09-17,88.72,89.09,87.625,88.38,4362605,88.38
2026-09-18,89.91,91.06,88.75,90.69,6228154,90.69
2026-09-21,92.5,93.935,91.58,93.21,3475039,93.21
2026-09-22,92.85,93.2,89.71,91.88,4059795,91.88
2026-09-23,91.36,93.525,90.922,91.56,3960978,91.56
