date,open,high,low,close,volume,raw_close
2016-01-04,45.28,45.35,44.7,45.14,3252491,54.32
2016-01-05,45.09,45.73,45.01,45.52,2488845,54.77
2016-01-06,44.85,45.43,44.63,44.97,2732006,54.11
2016-01-07,44.15,44.74,44.08,44.63,5250051,53.7
2016-01-08,44.72,44.84,43.95,44,3457266,52.95
2016-01-11,43.58,44.18,43.02,43.36,4035512,52.18
2016-01-12,43.66,43.83,43.1,43.77,3369928,52.67
2016-01-13,44.45,44.51,43.28,43.41,2837755,52.23
2016-01-14,43.55,44.89,43.39,44.52,3449063,53.57
2016-01-15,43.22,44.08,43.08,43.39,4707868,52.21
2016-01-19,43.85,43.9,43.1,43.34,2881839,52.15
2016-01-20,42.4,43.27,42.23,42.83,3197675,51.54
2016-01-21,43.19,43.29,42.63,42.88,2801456,51.29
2016-01-22,43.5,43.88,43.36,43.72,1812728,52.29
2016-01-25,43.7,43.73,43.09,43.12,2385915,51.57
2016-01-26,43.37,43.75,43.28,43.42,1587956,51.93
2016-01-27,43.39,43.84,42.91,43.16,2272922,51.62
2016-01-28,43.43,43.53,43.02,43.31,2048950,51.8
2016-01-29,43.65,44.62,43.54,44.59,3028623,53.33
2016-02-01,44.49,44.71,44.16,44.54,1836448,53.27
2016-02-02,44,44.02,43.57,43.77,2173011,52.35
2016-02-03,43.96,44.24,42.85,44.18,3120969,52.84
2016-02-04,44.6,45.7,44.27,45.29,4538014,54.17
2016-02-05,45.29,45.76,45.24,45.69,4123554,54.65
2016-02-08,45.13,46.26,45.12,45.98,3773680,55
2016-02-09,45.68,46.51,45.66,46.22,3279682,55.28
2016-02-10,46.45,47.39,46.37,46.41,2160562,55.51
2016-02-11,45.43,46.23,45.42,45.94,2424496,54.95
2016-02-12,46.65,46.96,46.43,46.89,2519625,56.08
2016-02-16,47.21,47.46,47.04,47.24,2476210,56.5
2016-02-17,47.46,48.04,47.46,47.97,2885874,57.37
2016-02-18,47.85,48.17,47.77,48.08,2806976,57.5
2016-02-19,47.86,48.12,47.74,47.92,3060075,57.31
2016-02-22,48.11,48.39,47.97,48.12,2024393,57.55
2016-02-23,47.94,48.22,47.67,47.73,2013256,57.09
2016-02-24,47.27,48.2,47.25,48.03,2585770,57.45
2016-02-25,48.15,48.3,47.88,48.29,2468428,57.76
2016-02-26,48.49,48.64,48.06,48.08,2146652,57.5
2016-02-29,48.08,48.2,47.67,47.7,3198596,57.05
2016-03-01,48.04,48.59,47.88,48.57,1957464,58.09
2016-03-02,48.34,48.54,48.17,48.36,2842542,57.84
2016-03-03,48.19,48.37,47.86,48.28,2524614,57.75
2016-03-04,48.49,48.58,47.97,48.5,3234858,58.01
2016-03-07,47.87,48.46,47.64,48.23,2571103,57.69
2016-03-08,47.97,48.63,47.9,48.02,2648318,57.44
2016-03-09,47.97,48.39,47.75,48.25,1508903,57.71
2016-03-10,48.42,48.74,47.85,48.27,1837786,57.73
2016-03-11,48.66,49.14,48.35,49.11,1680716,58.74
2016-03-14,48.89,49.3,48.84,49.19,2261847,58.83
2016-03-15,48.79,49.45,48.67,49.45,1983080,59.14
2016-03-16,49.16,49.54,49.09,49.26,2004896,58.92
2016-03-17,49.33,50.27,49.15,50.04,2604883,59.85
2016-03-18,50.1,50.26,49.81,50,5466004,59.8
2016-03-21,50.11,50.17,49.76,49.97,1250291,59.77
2016-03-22,49.66,50.35,49.5,49.94,1915107,59.73
2016-03-23,49.93,50.06,49.71,49.78,1549956,59.54
2016-03-24,49.56,50.05,49.42,50,1836072,59.8
2016-03-28,50.02,50.37,49.98,50.2,1738591,60.04
2016-03-29,50.17,50.66,49.98,50.63,1613990,60.56
2016-03-30,50.86,50.96,50.55,50.78,1231290,60.74
2016-03-31,50.78,50.97,50.47,50.83,1715355,60.79
2016-04-01,50.7,51.39,50.63,51.31,1849814,61.37
2016-04-04,51.3,51.51,51.1,51.18,1316141,61.21
2016-04-05,50.66,50.97,50.45,50.53,1651655,60.44
2016-04-06,50.41,51.06,50.3,51.05,1903729,60.74
2016-04-07,50.64,50.79,50.3,50.57,2145165,60.17
2016-04-08,50.89,51.1,50.65,50.85,1591313,60.51
2016-04-11,51.17,51.49,50.97,51.01,1447169,60.7
2016-04-12,51.06,51.72,51,51.68,3089669,61.5
2016-04-13,51.82,52.25,51.71,52.23,1947433,62.15
2016-04-14,52.34,52.4,51.95,52.08,1384235,61.97
2016-04-15,52.24,52.56,52.1,52.37,2351330,62.32
2016-04-18,52.26,52.99,52.15,52.99,1508336,63.05
2016-04-19,53.21,53.51,53.12,53.21,1671216,63.32
2016-04-20,53.3,53.46,52.58,52.92,1488659,62.97
2016-04-21,52.8,53,52.29,52.31,2307662,62.25
2016-04-22,52.39,52.59,52.08,52.26,2346870,62.19
2016-04-25,52.19,52.45,52.07,52.18,1620242,62.09
2016-04-26,52.43,52.66,52,52.56,1889975,62.54
2016-04-27,52.56,52.58,52.21,52.3,1834492,62.23
2016-04-28,50.46,53.21,50.46,52.79,2702651,62.81
2016-04-29,52.74,53.35,52.69,53.07,2451317,63.15
2016-05-02,53.21,53.6,53.13,53.49,1968550,63.65
2016-05-03,53.07,53.51,52.89,53.41,2377135,63.55
2016-05-04,53.09,53.47,53,53.25,2191496,63.36
2016-05-05,53.27,53.56,53.19,53.32,1631264,63.45
2016-05-06,53.21,53.28,52.94,53.13,1770996,63.22
2016-05-09,53.1,53.37,52.92,53.3,1110873,63.42
2016-05-10,53.6,54.13,53.47,54.11,1723044,64.39
2016-05-11,54.04,54.31,53.7,53.7,1201927,63.9
2016-05-12,53.86,54.22,53.63,54.1,1741058,64.37
2016-05-13,54,54.13,53.59,53.74,1953812,63.95
2016-05-16,53.64,54.42,53.61,54.16,2211004,64.45
2016-05-17,54.16,54.38,53.64,53.82,1736571,64.04
2016-05-18,53.84,54.5,53.6,54.2,1569526,64.49
2016-05-19,53.86,53.97,53.66,53.94,1652501,64.18
2016-05-20,54.2,54.36,53.89,53.95,2124525,64.2
2016-05-23,53.87,54.31,53.8,54.18,1632556,64.47
2016-05-24,54.33,55.12,54.09,55.07,2514011,65.53
2016-05-25,55.14,55.54,54.94,55.16,1884420,65.64
2016-05-26,55.12,55.23,54.95,55.1,1188953,65.57
2016-05-27,55.09,55.43,55.03,55.41,1220996,65.93
2016-05-31,55.6,55.68,55.17,55.53,3682741,66.07
2016-06-01,55.24,55.63,55.11,55.61,1474772,66.17
2016-06-02,55.53,55.84,55.2,55.84,1457135,66.44
2016-06-03,55.49,55.73,55.07,55.61,1507910,66.17
2016-06-06,55.58,55.84,55.48,55.72,1395077,66.3
2016-06-07,56.1,56.17,55.84,55.97,1988875,66.6
2016-06-08,55.95,56.06,55.74,55.95,1518742,66.58
2016-06-09,55.79,56.08,55.44,56,1388460,66.63
2016-06-10,55.63,55.94,55.58,55.76,1488299,66.35
2016-06-13,55.68,55.88,55.27,55.31,1843919,65.81
2016-06-14,55.09,55.34,54.98,55.21,1691496,65.7
2016-06-15,55.31,55.31,54.87,54.91,1815052,65.34
2016-06-16,54.51,55.49,54.5,55.47,2290672,66.01
2016-06-17,55.47,55.53,54.96,55.35,2603847,65.86
2016-06-20,56,56.28,55.79,55.86,1753601,66.47
2016-06-21,56.16,56.21,55.92,56.09,1954127,66.74
2016-06-22,56.04,56.53,55.98,56.15,1646535,66.81
2016-06-23,56.69,57.07,56.59,57.07,1771184,67.91
2016-06-24,55.1,55.44,54.42,54.53,6358215,64.88
2016-06-27,53.89,53.99,53.27,53.56,2917743,63.73
2016-06-28,53.9,55.14,53.84,55.12,2434087,65.59
2016-06-29,55.64,56.12,55.47,56.11,2421584,66.77
2016-06-30,56.36,57.63,56.21,57.53,4012634,68.46
2016-07-01,57.52,57.73,57.13,57.24,3315398,68.11
2016-07-05,56.96,57.12,56.65,56.8,2435106,67.59
2016-07-06,56.47,56.64,56.16,56.4,5766994,67.11
2016-07-07,56.64,57.07,56.23,56.42,3871402,66.8
2016-07-08,56.77,56.91,56.37,56.74,7606663,67.17
2016-07-11,57.09,57.11,56.72,56.72,2412104,67.15
2016-07-12,57.11,57.19,56.69,56.85,3082356,67.3
2016-07-13,57,57.1,56.58,56.64,2020976,67.05
2016-07-14,57.07,57.35,56.55,56.56,3284565,66.96
2016-07-15,56.69,56.71,56.15,56.19,3847744,66.52
2016-07-18,56.32,56.35,56.06,56.14,1887428,66.46
2016-07-19,56.04,56.12,55.82,56.04,1886121,66.35
2016-07-20,56.28,56.33,56.04,56.11,1574269,66.43
2016-07-21,56.04,56.1,55.58,55.71,1250573,65.96
2016-07-22,55.91,56.21,55.79,56.15,1784580,66.48
2016-07-25,56.2,56.2,55.91,55.95,1874237,66.24
2016-07-26,56.04,56.31,55.95,56.29,2385162,66.64
2016-07-27,56.36,56.41,55.98,56.15,2836576,66.47
2016-07-28,56.1,56.38,55.6,56.21,2719421,66.55
2016-07-29,56.02,56.15,55.48,55.54,3195410,65.75
2016-08-01,55.56,55.93,55.49,55.7,2422237,65.94
2016-08-02,55.51,55.9,55.51,55.82,2112966,66.09
2016-08-03,55.9,55.93,55.7,55.89,3224513,66.17
2016-08-04,55.91,56.3,55.91,56,2429572,66.3
2016-08-05,56.42,56.46,56.16,56.28,2036095,66.63
2016-08-08,56.24,56.69,56.19,56.65,2704230,67.07
2016-08-09,56.58,56.8,56.53,56.58,1403947,66.98
2016-08-10,56.55,56.84,56.5,56.72,1639378,67.15
2016-08-11,56.83,57.02,56.65,56.91,1438529,67.37
2016-08-12,57.07,57.07,56.81,56.92,1559996,67.39
2016-08-15,56.93,57.1,56.81,56.91,1968748,67.37
2016-08-16,56.69,56.91,56.63,56.64,1321524,67.05
2016-08-17,56.58,56.97,56.41,56.7,1412546,67.13
2016-08-18,56.69,56.76,56.53,56.69,1433097,67.11
2016-08-19,56.48,56.67,56.28,56.64,1662118,67.05
2016-08-22,56.5,56.99,56.45,56.85,1013225,67.3
2016-08-23,56.96,57.17,56.64,56.7,1253336,67.13
2016-08-24,56.62,56.85,56.45,56.74,1614882,67.17
2016-08-25,56.54,57.29,56.54,57.11,1993483,67.61
2016-08-26,56.86,57.48,56.51,56.75,1914400,67.19
2016-08-29,56.79,57.56,56.79,57.37,1347577,67.92
2016-08-30,57.49,57.52,56.91,57.2,1647809,67.72
2016-08-31,57.22,57.29,56.84,57.13,2569375,67.63
2016-09-01,57.24,57.52,56.9,57.26,1702011,67.79
2016-09-02,57.49,57.71,57.28,57.69,1117715,68.3
2016-09-06,57.69,57.72,57.1,57.59,2053489,68.18
2016-09-07,57.38,57.6,57.37,57.51,1895955,68.08
2016-09-08,57.41,57.54,57.29,57.39,1857402,67.94
2016-09-09,57.04,57.05,55.74,55.74,2890629,65.99
2016-09-12,55.49,56.86,55.45,56.76,2481531,67.2
2016-09-13,56.22,56.43,55.85,55.86,2959277,66.13
2016-09-14,55.89,56.04,55.4,55.61,2254552,65.83
2016-09-15,55.58,56.23,55.5,56.09,1600404,66.4
2016-09-16,55.83,55.88,55.31,55.67,2744440,65.91
2016-09-19,55.98,56.17,55.77,55.98,1324481,66.27
2016-09-20,56.37,56.54,56.17,56.42,2044594,66.8
2016-09-21,56.61,57.18,56.47,57.13,1888099,67.63
2016-09-22,57.51,57.7,57.33,57.62,1771714,68.21
2016-09-23,57.07,57.45,56.89,56.89,1658936,67.35
2016-09-26,56.57,56.8,56.38,56.6,1798655,67.01
2016-09-27,56.6,57.2,56.48,56.93,2520354,67.4
2016-09-28,57.02,57.02,56.37,56.79,2041691,67.23
2016-09-29,56.82,56.96,55.99,56.09,2093253,66.4
2016-09-30,56.23,57,56.23,56.8,3049100,67.25
2016-10-03,56.61,56.68,56.29,56.56,1515888,66.96
2016-10-04,56.53,56.56,55.84,56.03,2425969,66.33
2016-10-05,56.2,56.53,55.91,56.02,2327741,66.32
2016-10-06,56.01,56.55,55.7,56.37,2425782,66.39
2016-10-07,56.45,56.77,56.23,56.59,2271287,66.65
2016-10-10,56.89,57.08,56.38,56.4,1609908,66.43
2016-10-11,56.12,56.35,55.52,55.64,1700249,65.53
2016-10-12,55.78,56.32,55.75,56.18,1620541,66.17
2016-10-13,55.87,56.12,55.56,55.76,1982237,65.68
2016-10-14,56.18,56.62,56.03,56.03,2121344,65.99
2016-10-17,56.15,56.15,55.42,55.47,1970124,65.33
2016-10-18,56.04,56.06,55.26,55.31,2603205,65.14
2016-10-19,55.48,55.87,55.32,55.87,2493869,65.8
2016-10-20,55.65,55.67,55.22,55.37,1707211,65.22
2016-10-21,54.83,55.33,54.65,55.21,1742930,65.03
2016-10-24,55.51,55.69,55.11,55.16,1940210,64.97
2016-10-25,54.52,54.81,52.92,53.23,5543252,62.7
2016-10-26,53.03,53.91,52.99,53.68,3830084,63.22
2016-10-27,53.85,53.97,53.37,53.64,2962348,63.18
2016-10-28,53.8,54.53,53.7,53.87,2521732,63.45
2016-10-31,54.07,54.15,53.52,53.82,2109191,63.39
2016-11-01,54,54.04,53.16,53.37,2772386,62.86
2016-11-02,53.45,53.85,53.38,53.45,3371512,62.96
2016-11-03,53.67,54.33,53.61,54.03,2146463,63.64
2016-11-04,54.3,54.57,53.89,54.25,2497019,63.9
2016-11-07,55.11,55.28,54.76,55.26,2406279,65.09
2016-11-08,55.22,55.76,55.06,55.51,2224550,65.38
2016-11-09,55.86,57.01,54.76,56.81,4674283,66.91
2016-11-10,57.29,57.97,56.76,57.56,3946063,67.8
2016-11-11,57.44,58.02,57.21,57.55,2603040,67.78
2016-11-14,57.82,58.02,57.11,57.4,2951961,67.61
2016-11-15,57.28,57.59,57.16,57.5,1970513,67.73
2016-11-16,57.36,57.76,57.24,57.48,1966608,67.7
2016-11-17,57.52,58.71,57.52,58.64,2161649,69.07
2016-11-18,58.63,58.95,58.44,58.78,2469646,69.23
2016-11-21,58.93,59.17,58.54,58.76,2243453,69.21
2016-11-22,58.85,59.08,58.61,58.92,2050514,69.4
2016-11-23,59.02,59.09,58.47,58.97,2297462,69.46
2016-11-25,58.94,59.24,58.76,59.24,1020601,69.77
2016-11-28,58.86,59.21,58.47,58.51,2255729,68.91
2016-11-29,58.68,58.77,58.44,58.57,2003359,68.98
2016-11-30,58.91,59.23,58.58,58.85,3690932,69.31
2016-12-01,58.91,58.98,58.28,58.5,2429626,68.9
2016-12-02,58.69,58.69,57.93,58.07,1826131,68.39
2016-12-05,58.53,58.93,58.15,58.32,2171818,68.69
2016-12-06,58.38,58.53,58.04,58.4,2776044,68.78
2016-12-07,58.51,59.06,58.29,58.95,2967881,69.43
2016-12-08,59.07,59.13,58.52,58.86,2930496,69.33
2016-12-09,58.8,59.14,58.66,58.98,3336650,69.47
2016-12-12,58.88,59.08,58.7,58.97,3210555,69.46
2016-12-13,59.05,59.21,58.69,58.85,4113483,69.32
2016-12-14,58.77,59.07,58.07,58.19,3435591,68.54
2016-12-15,58.32,58.78,58.05,58.21,2654034,68.56
2016-12-16,58.03,58.55,57.82,58.12,5181756,68.46
2016-12-19,58.21,58.63,58.06,58.31,3450328,68.68
2016-12-20,58.52,58.54,57.87,58.07,2679374,68.39
2016-12-21,58,58.41,57.92,58,1972952,68.31
2016-12-22,57.9,58.21,57.79,58.08,1504703,68.41
2016-12-23,58.16,58.35,58.05,58.18,1864496,68.52
2016-12-27,58.2,58.25,57.87,57.9,1299830,68.2
2016-12-28,58.07,58.19,57.5,57.5,1301767,67.72
2016-12-29,57.66,57.8,57.43,57.52,1018846,67.75
2016-12-30,57.67,57.67,57.22,57.39,1754645,67.59
2017-01-03,57.61,57.77,57.15,57.62,2583595,67.87
2017-01-04,57.67,58.18,57.67,57.98,1851257,68.29
2017-01-05,57.97,58.18,57.78,58,1702457,68.31
2017-01-06,58.07,58.44,57.95,58.31,1998687,68.68
2017-01-09,58.09,58.1,57.55,57.56,1325005,67.8
2017-01-10,57.6,58.01,57.28,57.32,2044031,67.51
2017-01-11,57.22,57.46,56.86,57.26,2283223,67.44
2017-01-12,57,57.45,56.67,57.38,2275358,67.58
2017-01-13,57.48,57.82,57.46,57.5,1373485,67.73
2017-01-17,57.22,57.75,57.02,57.43,1568498,67.64
2017-01-18,57.61,57.96,57.38,57.88,1995601,68.17
2017-01-19,58.01,58.01,57.17,57.27,1738156,67.45
2017-01-20,57.41,57.73,57.3,57.73,2584095,67.99
2017-01-23,57.67,57.79,57.45,57.65,1354537,67.56
2017-01-24,57.85,58.33,57.8,58.22,1942522,68.23
2017-01-25,58.47,58.71,58.37,58.59,2511935,68.66
2017-01-26,58.61,58.88,58.49,58.66,1505225,68.75
2017-01-27,58.83,59.03,58.6,58.75,2102263,68.85
2017-01-30,58.5,58.7,57.97,58.31,2020880,68.34
2017-01-31,58.25,58.43,57.77,58.04,2434950,68.02
2017-02-01,58.29,58.37,57.44,57.52,2277859,67.41
2017-02-02,57.84,59.54,57.69,59.35,3085015,69.55
2017-02-03,59.73,60.24,59.47,60.17,3727612,70.52
2017-02-06,59.9,60.28,59.61,59.65,1826405,69.91
2017-02-07,59.89,59.95,59.48,59.53,1295649,69.77
2017-02-08,59.2,60.11,59.16,60.08,2461017,70.41
2017-02-09,60.23,60.47,60.12,60.23,1770284,70.58
2017-02-10,60.32,60.83,60.11,60.65,1731381,71.08
2017-02-13,60.8,61.21,60.61,60.99,1517748,71.48
2017-02-14,61.05,61.43,60.95,61.39,1640604,71.94
2017-02-15,61.34,62.05,61.16,61.97,1744669,72.63
2017-02-16,61.86,62.54,61.81,62.51,2296837,73.26
2017-02-17,62.23,62.73,62.06,62.73,2306779,73.52
2017-02-21,62.64,62.86,62.05,62.23,1898210,72.93
2017-02-22,61.86,62.44,61.86,62.23,1663189,72.93
2017-02-23,62.42,62.78,62.18,62.75,2510917,73.54
2017-02-24,62.44,62.92,62.25,62.73,2176271,73.51
2017-02-27,62.85,63.06,62,62.69,972987,73.47
2017-02-28,62.49,62.91,62.33,62.7,2240018,73.48
2017-03-01,63.2,63.79,63.08,63.7,1936577,74.65
2017-03-02,63.59,63.65,63.23,63.25,1431177,74.13
2017-03-03,63.24,63.43,63.03,63.33,1147667,74.22
2017-03-06,62.99,63.37,62.85,62.99,1449404,73.82
2017-03-07,62.79,63.08,62.7,62.82,1383087,73.62
2017-03-08,63.05,63.05,62.21,62.25,2282424,72.95
2017-03-09,62.44,62.58,62.16,62.38,1907138,73.1
2017-03-10,62.69,62.96,62.33,62.86,1541066,73.67
2017-03-13,62.73,63.37,62.73,63.34,1667981,74.23
2017-03-14,63.05,63.57,63.05,63.36,1553350,74.25
2017-03-15,63.36,63.61,63.04,63.44,1481725,74.35
2017-03-16,63.37,63.77,63.37,63.72,1693485,74.68
2017-03-17,63.89,64.19,63.65,64.12,3191699,75.14
2017-03-20,64,64.2,63.91,64.02,1807102,75.03
2017-03-21,64.39,64.44,63.25,63.31,1872745,74.2
2017-03-22,63.34,63.75,62.96,63.52,1162880,74.44
2017-03-23,63.43,64.11,63.24,63.66,2038266,74.61
2017-03-24,63.76,64,63.48,63.63,2456023,74.57
2017-03-27,62.97,63.82,62.83,63.66,1507464,74.61
2017-03-28,63.47,64.13,63.3,63.93,3625032,74.92
2017-03-29,63.83,63.91,63.46,63.49,1753202,74.4
2017-03-30,63.31,63.65,63.19,63.24,1983073,74.11
2017-03-31,63.12,63.37,62.82,63.05,3390374,73.89
2017-04-03,63.17,63.31,62.49,62.56,2680427,73.32
2017-04-04,62.6,62.96,62.46,62.65,1920789,73.42
2017-04-05,62.94,63.53,62.76,62.91,2729778,73.38
2017-04-06,62.91,63.14,62.58,62.81,1817336,73.27
2017-04-07,62.67,63.19,62.61,62.94,1489946,73.42
2017-04-10,62.97,63.3,62.83,62.91,1457068,73.38
2017-04-11,62.63,62.92,62.51,62.91,1672033,73.39
2017-04-12,62.62,62.79,62.07,62.34,2325120,72.72
2017-04-13,62.26,62.43,61.76,61.78,1778765,72.07
2017-04-17,61.85,62.35,61.74,62.33,2123360,72.71
2017-04-18,62.08,62.43,62,62.25,1217805,72.62
2017-04-19,62.67,62.71,62.11,62.28,1702608,72.65
2017-04-20,62.51,63,62.13,62.83,2441638,73.29
2017-04-21,62.7,62.87,61.54,61.62,3277318,71.88
2017-04-24,62.68,62.75,61.98,62.61,2458287,73.03
2017-04-25,62.92,63,62.6,62.63,1936509,73.06
2017-04-26,62.59,63.15,62.46,62.94,2580345,73.42
2017-04-27,63.06,64.14,63.01,63.65,4830675,74.25
2017-04-28,63.74,63.9,63.49,63.55,2156008,74.13
2017-05-01,63.75,63.87,63.21,63.71,2070319,74.32
2017-05-02,63.93,63.97,63.33,63.48,1702654,74.05
2017-05-03,63.32,63.51,63.1,63.36,2018378,73.91
2017-05-04,63.57,64.28,63.2,63.76,1700817,74.38
2017-05-05,63.85,63.93,63.65,63.87,1559855,74.51
2017-05-08,62.55,64.08,62.55,63.54,1353049,74.12
2017-05-09,63.65,63.9,62.98,63.14,1583804,73.65
2017-05-10,63.09,63.39,63.06,63.26,1265894,73.79
2017-05-11,62.94,63.27,62.79,63.16,1457532,73.68
2017-05-12,62.87,63.25,62.67,62.91,1266950,73.38
2017-05-15,62.73,63.57,62.62,63.27,1217981,73.81
2017-05-16,63.4,63.57,63.09,63.51,1330357,74.08
2017-05-17,62.79,63.36,62.79,63.19,2204124,73.71
2017-05-18,63.33,64.22,63.14,63.87,2463325,74.5
2017-05-19,63.99,64.15,63.69,63.96,2383954,74.61
2017-05-22,64.11,64.3,63.91,64.06,1233822,74.73
2017-05-23,64.04,64.2,63.88,64.07,1235406,74.74
2017-05-24,64.17,64.47,64.06,64.38,1150846,75.1
2017-05-25,64.54,65.74,64.38,65.61,1856093,76.53
2017-05-26,65.44,65.62,65.17,65.47,1744791,76.37
2017-05-30,65.37,66.49,65.32,66.34,3690874,77.39
2017-05-31,66.16,66.74,66.07,66.49,4878751,77.56
2017-06-01,66.53,66.53,65.87,66.31,2153030,77.35
2017-06-02,66.22,66.52,66.14,66.44,1740638,77.5
2017-06-05,66.45,66.76,66.32,66.34,953727,77.38
2017-06-06,66.01,66.05,65.65,65.87,2297720,76.84
2017-06-07,66.1,66.22,65.73,65.92,2161371,76.89
2017-06-08,66.08,66.38,65.85,66.27,2028835,77.3
2017-06-09,66.32,67.14,66.15,67.06,1801038,78.23
2017-06-12,67.01,67.36,66.8,67.3,2041381,78.51
2017-06-13,67.26,67.78,67.24,67.38,1537434,78.6
2017-06-14,67.42,68.32,67.24,68.22,2214924,79.58
2017-06-15,68.05,68.78,67.94,68.67,1612631,80.1
2017-06-16,68.78,68.98,68.54,68.81,2219274,80.27
2017-06-19,68.92,68.98,68.5,68.7,2359404,80.14
2017-06-20,68.71,68.86,68.38,68.41,1418146,79.8
2017-06-21,68.86,68.86,67.99,68.07,2008502,79.4
2017-06-22,67.85,68.08,67.41,67.45,1814676,78.68
2017-06-23,67.64,67.72,66.88,66.92,2150023,78.06
2017-06-26,66.99,67.37,66.82,67,1668984,78.15
2017-06-27,67.21,67.21,66.65,66.79,2371681,77.91
2017-06-28,67.14,67.6,66.99,67.48,2128837,78.71
2017-06-29,67.79,67.88,66.47,66.58,2434316,77.66
2017-06-30,67.07,67.41,66.43,66.83,2330397,77.96
2017-07-03,67.25,67.48,66.88,66.88,1126179,78.01
2017-07-05,66.9,67.2,66.6,66.97,1469040,78.12
2017-07-06,66.8,67.1,66.44,66.58,2110651,77.67
2017-07-07,66.94,67.73,66.65,67.48,1595111,78.33
2017-07-10,67.3,67.59,67.23,67.27,1174630,78.09
2017-07-11,67.25,67.42,66.61,66.68,1285535,77.41
2017-07-12,66.92,67.48,66.63,67.33,1535282,78.16
2017-07-13,67.35,67.94,67.2,67.83,1474685,78.74
2017-07-14,67.6,68.15,67.34,67.93,1149317,78.86
2017-07-17,67.91,68.16,67.77,68.04,1380702,78.99
2017-07-18,67.69,68.23,67.67,68.18,1198130,79.15
2017-07-19,68.26,68.39,67.98,68.22,1184177,79.2
2017-07-20,68.26,68.7,68.03,68.6,1999924,79.64
2017-07-21,68.5,69.01,68.49,68.92,1937886,80.01
2017-07-24,68.83,69.25,68.72,69.16,1451227,80.28
2017-07-25,69.72,69.78,69.28,69.4,2254244,80.56
2017-07-26,69.41,69.58,68.98,69.1,1831534,80.22
2017-07-27,68.32,68.32,66.47,66.68,4673714,77.41
2017-07-28,66.56,67.83,66.48,67.78,1902943,78.68
2017-07-31,67.99,68.17,67.08,67.17,2657360,77.97
2017-08-01,67.35,67.87,66.99,67.85,1958608,78.76
2017-08-02,67.9,67.95,67.56,67.74,2409783,78.64
2017-08-03,67.71,67.93,67.32,67.56,1540554,78.43
2017-08-04,67.73,67.9,67.22,67.35,2345417,78.18
2017-08-07,67.32,67.42,67.12,67.19,1541374,78
2017-08-08,66.98,67.1,66.62,66.71,1542790,77.44
2017-08-09,66.39,66.9,66.36,66.74,1733159,77.48
2017-08-10,66.48,66.88,66.33,66.4,1940899,77.08
2017-08-11,66.51,66.79,66.3,66.35,1007912,77.02
2017-08-14,66.69,67.11,66.69,66.99,955636,77.77
2017-08-15,67.17,67.53,67.07,67.29,1544828,78.11
2017-08-16,67.45,67.68,67.19,67.32,2013586,78.15
2017-08-17,67.52,67.73,66.51,66.51,1821936,77.21
2017-08-18,66.51,67.08,66.23,66.64,2143527,77.36
2017-08-21,66.6,66.8,66.31,66.73,1304682,77.46
2017-08-22,66.97,67.35,66.79,67.3,1100003,78.13
2017-08-23,67.02,67.11,66.47,66.47,1256346,77.16
2017-08-24,66.6,66.7,66.2,66.23,969406,76.88
2017-08-25,66.51,66.73,66.25,66.3,1930456,76.96
2017-08-28,66.43,66.94,66.31,66.71,2778984,77.44
2017-08-29,66.3,66.87,66.05,66.33,1277199,77
2017-08-30,66.26,66.92,66.26,66.68,1406088,77.41
2017-08-31,66.9,67.35,66.87,67.26,2263037,78.08
2017-09-01,67.17,67.51,66.87,67.08,1409709,77.87
2017-09-05,66.82,67.69,66.68,67.27,2564054,78.09
2017-09-06,67.55,68.3,67.35,68.03,3275490,78.97
2017-09-07,68.08,68.42,67.49,67.91,2677907,78.84
2017-09-08,67.87,70.92,67.77,70.59,4273298,81.95
2017-09-11,70.21,71.37,69.55,69.95,4761378,81.2
2017-09-12,70.12,70.59,69.78,70.43,2110965,81.76
2017-09-13,70.14,70.52,69.98,70.42,2151500,81.75
2017-09-14,70.33,70.35,69.4,69.95,3464487,81.2
2017-09-15,70.03,70.18,69.79,70.05,4495397,81.32
2017-09-18,70.13,70.25,69.72,70.16,2690701,81.45
2017-09-19,70.27,70.58,70.14,70.44,1560785,81.77
2017-09-20,70.53,71.2,70.43,71.15,1814447,82.59
2017-09-21,71.13,71.33,70.56,70.93,1913138,82.34
2017-09-22,70.9,71.31,70.7,71.26,1330299,82.72
2017-09-25,71.14,71.45,71,71.4,1910870,82.88
2017-09-26,71.35,72.35,71.22,72.06,2507125,83.65
2017-09-27,72.3,72.64,71.73,72.55,2327479,84.22
2017-09-28,72.45,72.64,71.8,72.07,3074971,83.66
2017-09-29,71.87,72.27,71.66,72.2,2298807,83.81
2017-10-02,72.36,72.81,72.06,72.81,1625936,84.52
2017-10-03,72.63,72.76,72.33,72.7,1696669,84.39
2017-10-04,72.08,72.33,71.52,71.72,2366691,83.26
2017-10-05,71.78,72.3,71.54,72.1,2085192,83.7
2017-10-06,72.3,72.63,71.78,71.99,1236792,83.2
2017-10-09,72,72.29,71.79,72.12,1458808,83.35
2017-10-10,72.17,72.41,72.11,72.24,1383790,83.49
2017-10-11,72.32,72.39,72.05,72.32,1311758,83.58
2017-10-12,72.29,72.62,72.14,72.31,1953283,83.57
2017-10-13,72.5,73.11,72.5,72.6,1426679,83.9
2017-10-16,72.79,73.02,72.32,72.61,1375305,83.91
2017-10-17,72.77,72.84,72.07,72.28,1743061,83.53
2017-10-18,72.29,72.48,71.82,72.3,1540344,83.55
2017-10-19,72.27,72.95,72.18,72.94,1150019,84.29
2017-10-20,73.31,73.33,72.85,73.07,1717207,84.44
2017-10-23,73.16,73.3,72.88,72.93,1232460,84.28
2017-10-24,73.05,73.46,72.91,73.11,1565864,84.49
2017-10-25,72.98,73.22,72.51,73.09,2132839,84.47
2017-10-26,72.36,72.57,70.36,70.4,3381560,81.36
2017-10-27,70.4,70.76,69.62,70.09,2716408,81
2017-10-30,70,70.63,69.65,69.76,3005405,80.62
2017-10-31,69.76,70.7,69.76,70.03,2727993,80.93
2017-11-01,70.47,71.46,70.41,71.32,3786770,82.42
2017-11-02,71.3,72.47,71.11,72.39,2813140,83.66
2017-11-03,72.07,72.14,71.23,71.28,1619476,82.38
2017-11-06,71.15,71.98,70.84,71.5,1401090,82.63
2017-11-07,71.41,72.04,71.19,71.35,1948431,82.46
2017-11-08,71.42,71.83,71.14,71.33,1679940,82.43
2017-11-09,71.02,71.85,71.02,71.76,1382296,82.93
2017-11-10,71.82,72.11,71.28,71.95,1168989,83.15
2017-11-13,71.83,72.07,71.63,71.82,2006774,83
2017-11-14,71.75,72.66,71.54,72.34,1478657,83.6
2017-11-15,72.05,72.69,71.89,71.94,2064575,83.14
2017-11-16,72.2,72.4,71.73,71.74,1715219,82.91
2017-11-17,71.5,71.82,71.21,71.26,1683145,82.35
2017-11-20,71.44,71.91,71.37,71.76,978265,82.93
2017-11-21,71.84,72.4,71.69,72.21,1311470,83.45
2017-11-22,72.17,72.17,71.27,71.52,1189550,82.65
2017-11-24,71.59,71.92,71.03,71.25,501444,82.34
2017-11-27,71.4,71.68,71.33,71.39,1134205,82.5
2017-11-28,71.63,72.45,71.57,72.36,1729951,83.62
2017-11-29,72.46,73,72.16,72.34,1319004,83.6
2017-11-30,72.75,73.29,72.08,72.62,3601718,83.93
2017-12-01,72.96,73.64,71.85,73.6,2359149,85.06
2017-12-04,74.3,74.88,73.65,74.39,2651250,85.97
2017-12-05,74.56,74.84,73.42,73.56,2314870,85.01
2017-12-06,73.13,73.53,72.74,73.03,1556302,84.4
2017-12-07,72.95,72.95,72.33,72.45,1090931,83.73
2017-12-08,72.7,72.87,72.42,72.8,894785,84.13
2017-12-11,72.96,73.04,72.36,72.62,1225393,83.93
2017-12-12,72.64,73.27,72.37,73.25,1848037,84.65
2017-12-13,73.14,73.27,71.89,72.17,2975962,83.4
2017-12-14,72.05,72.36,71.57,71.84,3087135,83.02
2017-12-15,72.16,72.84,71.78,71.92,4351514,83.11
2017-12-18,72.23,72.59,71.31,71.39,2693731,82.5
2017-12-19,71.92,72.32,71.36,71.4,2410540,82.52
2017-12-20,71.78,71.84,71.01,71.06,1971804,82.12
2017-12-21,71.39,71.67,69.78,69.84,3446807,80.71
2017-12-22,70.02,70.25,69.33,69.82,2081685,80.69
2017-12-26,69.83,70.37,69.7,69.86,795134,80.74
2017-12-27,70.03,70.74,69.91,70.69,1928646,81.69
2017-12-28,70.83,70.96,70.62,70.93,1150896,81.97
2017-12-29,71.09,71.21,70.41,70.43,1763614,81.39
2018-01-02,70.82,70.89,69.43,69.57,3328625,80.4
2018-01-03,69.79,70.64,69.51,70.48,2192538,81.45
2018-01-04,70.71,71.64,70.65,71.21,1808484,82.3
2018-01-05,71.24,71.75,71.04,71.71,1710537,82.87
2018-01-08,71.46,71.79,70.93,70.95,1591649,81.99
2018-01-09,70.89,71.47,70.86,70.95,2723745,81.99
2018-01-10,70.91,71.06,70.12,70.23,2843869,81.16
2018-01-11,70.25,70.36,69.75,70.11,2984086,81.02
2018-01-12,70.27,70.94,69.85,70.73,3187589,81.74
2018-01-16,71.08,71.29,70.26,70.31,2556963,81.26
2018-01-17,70.66,70.8,70.42,70.55,2515374,81.53
2018-01-18,70.52,70.86,69.84,70.57,3032511,81.56
2018-01-19,70.76,71.51,70.68,71.02,2928671,82.08
2018-01-22,71.28,71.61,71.06,71.57,2113041,82.71
2018-01-23,71.53,72.12,71.27,71.79,2199025,82.96
2018-01-24,71.83,72.58,71.6,72.18,3432315,83.42
2018-01-25,72.45,72.77,72.01,72.31,2198515,83.57
2018-01-26,72.62,74.22,72.55,74.17,2374013,85.72
2018-01-29,73.96,74.24,73.28,73.3,2411329,84.71
2018-01-30,73.21,73.6,72.7,72.78,1931343,83.74
2018-01-31,72.81,73.24,72.54,72.59,2649782,83.52
2018-02-01,73.37,74.47,72.1,73.92,4217470,85.05
2018-02-02,73.87,74.54,73.23,73.61,3732615,84.69
2018-02-05,73.43,74.16,71.72,71.72,4809428,82.52
2018-02-06,70.58,71.99,70.11,71.48,5351914,82.24
2018-02-07,71.31,72.5,71.13,71.41,3059197,82.16
2018-02-08,71.36,71.57,68.9,68.93,4564819,79.31
2018-02-09,69.38,70.31,68.39,69.91,3339070,80.43
2018-02-12,70.06,71.01,69.92,70.44,3347562,81.04
2018-02-13,69.96,70.97,69.96,70.64,1861247,81.28
2018-02-14,70.22,71.56,70.22,71.5,2245449,82.26
2018-02-15,71.84,72.14,71.5,71.65,1955349,82.44
2018-02-16,71.59,72.42,71.47,71.93,2349400,82.76
2018-02-20,71.77,72.8,71.56,72.58,2001138,83.51
2018-02-21,72.6,73.21,71.89,71.93,1795852,82.76
2018-02-22,72.45,72.49,71.07,71.18,2764481,81.9
2018-02-23,71.43,72.65,71.36,72.63,1568028,83.57
2018-02-26,72.65,73.7,72.57,73.61,1917042,84.69
2018-02-27,73.77,74.25,73.28,73.28,2642609,84.31
2018-02-28,73.64,74.26,72.15,72.16,2315674,83.02
2018-03-01,72.01,72.7,70.64,71.11,2128210,81.82
2018-03-02,70.85,71.98,70.44,71.81,2118791,82.62
2018-03-05,71.2,72.63,70.98,72.43,2104544,83.33
2018-03-06,72.49,72.7,71.75,72.61,1418715,83.54
2018-03-07,72.18,72.98,72.01,72.83,1406837,83.8
2018-03-08,73.07,73.43,72.46,73.39,1710152,84.44
2018-03-09,73.77,74.66,73.47,74.63,2269499,85.87
2018-03-12,74.69,74.69,73.65,73.8,1622657,84.91
2018-03-13,74.1,74.27,73.36,73.55,1733365,84.62
2018-03-14,73.83,73.83,72.58,72.81,1589681,83.77
2018-03-15,73.13,73.23,72.29,72.89,1970199,83.86
2018-03-16,73.26,73.52,72.88,73.3,2844993,84.33
2018-03-19,73.29,74,72.7,73.37,2684175,84.42
2018-03-20,73.44,74,73.43,73.82,1705084,84.93
2018-03-21,73.83,74.07,73.43,73.43,1631137,84.49
2018-03-22,72.97,73.13,71.59,71.64,2268380,82.43
2018-03-23,71.65,71.86,69.98,70,2281274,80.54
2018-03-26,70.91,71.49,70.35,71.35,2737015,82.09
2018-03-27,71.37,71.9,70.38,70.74,1584367,81.39
2018-03-28,70.92,71.64,70.2,71.17,1581103,81.89
2018-03-29,71.65,72.37,71.43,71.78,1736365,82.59
2018-04-02,71.59,71.86,69.55,70.38,2235355,80.97
2018-04-03,70.4,70.89,69.94,70.63,2345575,81.26
2018-04-04,69.83,71.39,69.83,71.25,2085588,81.98
2018-04-05,71.67,71.9,71.16,71.39,1580942,82.14
2018-04-06,70.81,71.2,69.67,70.16,2282546,80.72
2018-04-09,70.37,71.42,70.01,70.4,1733814,80.62
2018-04-10,71.18,71.63,70.91,71.35,2030239,81.71
2018-04-11,70.63,71.16,70.52,70.9,1395891,81.19
2018-04-12,71.27,72.06,71.11,71.59,1189540,81.99
2018-04-13,71.95,72.15,71.37,71.58,1610946,81.97
2018-04-16,72.14,73.36,71.98,73.01,1960967,83.61
2018-04-17,73.22,73.8,73.13,73.38,1874321,84.03
2018-04-18,73.71,73.71,73.13,73.27,1487961,83.91
2018-04-19,73.29,73.57,72.62,72.78,1789019,83.35
2018-04-20,72.98,73.13,72.04,72.39,2885243,82.9
2018-04-23,72.55,72.95,72.31,72.9,1382922,83.48
2018-04-24,72.94,73.19,71.68,72.1,1625122,82.57
2018-04-25,72.04,72.37,71.4,72.14,1434985,82.61
2018-04-26,72.49,73.32,71.22,72.18,2306090,82.66
2018-04-27,71.87,72.26,71.38,71.98,1562753,82.43
2018-04-30,72.26,72.4,71.17,71.17,2191899,81.5
2018-05-01,71.15,71.49,70.48,71.16,1345332,81.49
2018-05-02,70.83,71.16,69.59,69.7,2287788,79.82
2018-05-03,69.54,70.46,69.08,70.41,3035544,80.63
2018-05-04,70.06,71.27,69.79,70.86,1446802,81.15
2018-05-07,70.87,71.24,70.7,70.96,1139447,81.26
2018-05-08,70.69,71.11,70.37,70.87,1560244,81.16
2018-05-09,71.38,71.38,70.5,70.95,1374791,81.25
2018-05-10,71.39,71.51,70.9,71.4,2395618,81.77
2018-05-11,71.41,71.77,71.14,71.23,1666385,81.57
2018-05-14,71.36,71.61,70.71,70.83,1133700,81.12
2018-05-15,70.69,71.04,70.37,70.49,1714962,80.73
2018-05-16,70.51,70.75,70.27,70.4,1378950,80.62
2018-05-17,70.29,70.86,69.93,70.73,1556157,81
2018-05-18,70.77,71.18,70.62,70.88,1920980,81.17
2018-05-21,70.97,71.49,70.97,71.1,1227157,81.42
2018-05-22,71.1,71.74,71.04,71.31,1664203,81.66
2018-05-23,71.15,71.43,70.89,71.29,1821536,81.64
2018-05-24,71.16,71.31,70.78,71.11,1394296,81.44
2018-05-25,70.99,71.42,70.73,70.99,1178052,81.3
2018-05-29,70.35,70.41,68.63,69.06,1950371,79.09
2018-05-30,69.5,70.63,69.25,70.53,1976028,80.77
2018-05-31,70.39,70.56,69.94,70.18,4243690,80.37
2018-06-01,70.81,70.99,70.11,70.23,1501096,80.43
2018-06-04,70.43,70.87,70.43,70.7,1012774,80.97
2018-06-05,70.68,70.87,70.15,70.83,1910106,81.11
2018-06-06,70.99,71.37,70.73,71.23,1811317,81.57
2018-06-07,71.47,71.82,71.26,71.77,1628527,82.19
2018-06-08,71.71,72.4,71.5,72.39,1202169,82.9
2018-06-11,72.44,72.45,71.88,71.96,1172497,82.41
2018-06-12,71.86,72.13,71.31,71.34,1578157,81.7
2018-06-13,71.67,72.08,71.61,71.76,1910807,82.18
2018-06-14,71.93,72.26,71.38,71.55,1979809,81.94
2018-06-15,71.64,72.02,70.99,71.9,4811499,82.34
2018-06-18,71.5,72.24,71.04,72.14,1735642,82.62
2018-06-19,71.7,72.16,71.58,71.86,1855686,82.3
2018-06-20,71.83,72.08,70.71,70.76,1529182,81.04
2018-06-21,70.45,70.7,70.05,70.52,1909362,80.76
2018-06-22,70.72,71.5,70.72,71.25,4872741,81.6
2018-06-25,71.16,71.72,70.82,71.52,2553406,81.9
2018-06-26,71.39,71.64,70.9,70.99,1706393,81.3
2018-06-27,70.82,71.22,70.05,70.07,1975795,80.25
2018-06-28,70.18,71,70.14,70.76,1672074,81.03
2018-06-29,70.97,71.96,70.9,71.58,2921758,81.97
2018-07-02,71.26,71.86,71.06,71.81,2193186,82.24
2018-07-03,72,72.6,71.84,72.08,1310505,82.55
2018-07-05,72.34,72.81,71.99,72.81,2180777,83.38
2018-07-06,72.86,74.06,72.6,73.55,2155592,84.23
2018-07-09,73.75,75.07,73.72,75,2373483,85.89
2018-07-10,75.21,75.31,74.66,74.74,2642193,85.18
2018-07-11,74.16,74.87,74.16,74.47,2162167,84.87
2018-07-12,74.77,75.41,74.61,75.36,1472546,85.89
2018-07-13,75.23,76,75.07,75.95,1855229,86.56
2018-07-16,76.06,76.32,75.71,76.13,2230602,86.76
2018-07-17,75.99,76.5,75.84,76.28,1640207,86.93
2018-07-18,76.28,77,76.03,76.98,1738959,87.73
2018-07-19,76.67,77.12,76.39,76.45,2364850,87.13
2018-07-20,76.41,76.95,76.34,76.76,1522984,87.48
2018-07-23,76.78,76.95,76.57,76.72,2183652,87.44
2018-07-24,76.36,76.97,76.31,76.42,3192743,87.09
2018-07-25,76.1,76.98,75.85,76.86,3906690,87.59
2018-07-26,76.55,76.56,73.36,75.02,4627835,85.5
2018-07-27,74.78,75.1,73.91,73.93,2764239,84.26
2018-07-30,73.97,74.39,73.67,73.77,1883163,84.07
2018-07-31,73.86,73.9,72.92,73.14,2875030,83.36
2018-08-01,73.16,73.66,72.69,72.87,2213741,83.05
2018-08-02,72.62,73.07,72.24,72.67,2245332,82.82
2018-08-03,72.58,72.98,72.37,72.96,1495576,83.15
2018-08-06,72.9,73.3,72.74,73.26,1748168,83.49
2018-08-07,73.36,73.83,73.2,73.48,1513826,83.74
2018-08-08,73.43,73.94,73.16,73.71,2160825,84
2018-08-09,73.71,73.96,73.54,73.72,1847657,84.02
2018-08-10,73.23,73.38,72.64,72.84,1616868,83.01
2018-08-13,72.97,73.21,72.08,72.28,1542683,82.38
2018-08-14,72.4,73.07,72.21,72.62,2328929,82.76
2018-08-15,72.34,72.79,72,72.65,2214681,82.8
2018-08-16,72.88,73.57,72.88,73.38,1324236,83.63
2018-08-17,73.39,73.87,73.33,73.71,1092754,84
2018-08-20,73.75,73.95,73.11,73.13,1198505,83.34
2018-08-21,73.17,73.89,72.92,73.85,2012335,84.16
2018-08-22,73.62,73.8,73.18,73.23,1422110,83.46
2018-08-23,73.22,73.43,73.14,73.22,1135002,83.45
2018-08-24,73.41,73.91,73.14,73.88,1209606,84.2
2018-08-27,74.14,74.37,74.04,74.34,1663345,84.72
2018-08-28,74.4,74.45,73.8,73.91,1367608,84.23
2018-08-29,73.98,74.38,73.87,74.25,2266925,84.62
2018-08-30,74.26,74.26,73.61,73.76,1260032,84.06
2018-08-31,73.67,74.33,73.2,74.26,2435548,84.63
2018-09-04,74.28,74.39,73.88,74.39,1708240,84.78
2018-09-05,74.41,74.75,74.29,74.49,1501726,84.89
2018-09-06,74.48,74.97,74.34,74.88,1893355,85.34
2018-09-07,74.84,75.38,74.71,75.22,1663864,85.73
2018-09-10,75.46,75.92,75.28,75.59,1895654,86.15
2018-09-11,75.14,75.99,75.14,75.79,1626695,86.37
2018-09-12,75.72,75.83,75.18,75.23,1567178,85.74
2018-09-13,75.45,75.5,75.18,75.37,2042835,85.9
2018-09-14,75.55,76.2,75.19,76.14,1427956,86.77
2018-09-17,76.29,76.29,75.73,76.01,1181811,86.63
2018-09-18,72.88,74.64,72.84,72.97,5053718,83.16
2018-09-19,73.35,75.05,72.98,74.85,3328248,85.3
2018-09-20,75.01,75.14,74.46,74.64,2418174,85.07
2018-09-21,74.63,75.65,74.63,75.41,3277474,85.94
2018-09-24,75.29,75.43,74.76,74.9,1322787,85.36
2018-09-25,74.71,74.85,73.85,73.97,2184430,84.3
2018-09-26,73.81,74.08,73.15,73.42,2984506,83.67
2018-09-27,73.49,73.86,73.06,73.12,1863113,83.33
2018-09-28,72.89,73.05,72.41,72.58,2680462,82.72
2018-10-01,72.89,73.33,72.54,73.2,1537509,83.42
2018-10-02,73.2,73.28,72.78,73.28,1837352,83.51
2018-10-03,73.67,73.71,73.07,73.21,1645962,83.44
2018-10-04,73.17,73.65,72.93,73.35,1685090,83.6
2018-10-05,73.39,73.77,72.9,72.99,1154496,83.18
2018-10-08,72.81,73.37,72.5,73.29,1634838,83.53
2018-10-09,73.36,73.44,73,73.07,1423966,83.28
2018-10-10,72.97,73.07,71.47,71.48,2891163,81.06
2018-10-11,71.55,71.82,70.11,70.23,3280078,79.64
2018-10-12,70.81,71.52,69.42,70.18,2490245,79.58
2018-10-15,70.19,70.38,69.63,69.67,1962611,79
2018-10-16,69.91,70.87,69.62,70.84,1519267,80.33
2018-10-17,70.64,71.54,70.52,71.35,1609962,80.91
2018-10-18,71.28,71.52,70.27,70.59,1306619,80.05
2018-10-19,70.47,71.39,70.25,70.95,1939497,80.46
2018-10-22,71.18,71.29,70.59,70.85,2712389,80.34
2018-10-23,70.12,70.71,69.81,70.63,2017845,80.09
2018-10-24,70.37,70.67,68,68.06,3893194,77.18
2018-10-25,69.43,73.18,68.97,72.06,3854356,81.72
2018-10-26,71.34,72.66,70.56,72.27,4118617,81.95
2018-10-29,72.86,73.45,72,72.63,2762008,82.36
2018-10-30,73.02,74.33,72.47,74.24,2406292,84.19
2018-10-31,74.69,75.49,74.25,74.74,2938591,84.75
2018-11-01,74.85,75,74.4,74.59,1539679,84.58
2018-11-02,75.08,75.74,73.65,74.52,1773440,84.5
2018-11-05,74.59,75.77,74.57,75.59,945715,85.72
2018-11-06,75.47,76.19,75.39,76.16,1079138,86.37
2018-11-07,76.49,77.06,75.98,76.92,2139097,87.23
2018-11-08,76.72,77.45,76.72,77.45,1279396,87.83
2018-11-09,77.53,77.8,76.9,77.39,1213754,87.76
2018-11-12,77.34,77.43,76.52,76.87,1865429,87.17
2018-11-13,76.81,77.56,76.1,76.28,1721645,86.5
2018-11-14,76.97,77.32,75.82,76.57,3415810,86.83
2018-11-15,75.9,77.24,75.61,77,2062149,87.32
2018-11-16,76.76,78.1,76.69,77.6,1891218,88
2018-11-19,77.6,78.75,77.28,78.34,2245165,88.84
2018-11-20,77.7,77.96,76,76.1,2596194,86.3
2018-11-21,76.09,76.27,75.15,75.17,2482716,85.24
2018-11-23,74.72,75.49,74.46,74.83,824786,84.86
2018-11-26,75.52,75.9,75.26,75.75,1591239,85.9
2018-11-27,75.66,75.94,74.98,75.71,1723736,85.86
2018-11-28,76.2,77.1,75.56,77.01,3212939,87.33
2018-11-29,76.62,77.28,76.54,76.87,1192744,87.17
2018-11-30,76.88,78.27,76.73,78.22,4791599,88.7
2018-12-03,78.63,78.73,77.54,78.57,2359408,89.1
2018-12-04,78.41,79,76.43,76.53,2953061,86.78
2018-12-06,75.7,75.73,73.48,75.16,3360466,85.23
2018-12-07,75.17,75.61,74.31,74.75,1860637,84.77
2018-12-10,74.9,74.91,73.48,74.58,2344145,84.57
2018-12-11,75.36,75.39,73.32,73.62,1766469,83.48
2018-12-12,74.47,74.9,73.83,74.03,2314852,83.95
2018-12-13,74.17,74.57,73.37,74.1,2111465,84.03
2018-12-14,73.72,73.85,72.67,73.19,1776383,83
2018-12-17,73.07,73.25,71.56,71.83,2245034,81.46
2018-12-18,72.21,72.89,71.15,71.41,2146912,80.98
2018-12-19,71.53,72.46,70.36,70.71,1904348,80.19
2018-12-20,70.49,70.76,69.15,69.93,2951147,79.3
2018-12-21,69.93,70.82,68.33,68.33,5792312,77.49
2018-12-24,67.99,68.16,66.53,66.6,2156371,75.52
2018-12-26,66.86,68.31,65.52,68.3,2282307,77.45
2018-12-27,67.67,69.59,67.17,69.58,2264589,78.9
2018-12-28,70.02,70.27,69.17,69.55,1520420,78.87
2018-12-31,69.79,70.33,69.59,70.33,1587030,79.75
2019-01-02,69.44,69.76,68.77,69.7,1996380,79.04
2019-01-03,69.49,69.7,68.65,68.79,2496241,78.01
2019-01-04,69.26,70.53,68.93,70.48,2129334,79.92
2019-01-07,70.28,71.52,70.04,70.79,1419476,80.27
2019-01-08,71.13,71.41,70.19,71.27,1834693,80.82
2019-01-09,71.44,71.88,70.76,71.33,1584830,80.89
2019-01-10,71.23,71.87,70.82,71.83,1637899,81.46
2019-01-11,71.43,71.57,70.88,71.56,1451328,81.15
2019-01-14,71,71.93,71,71.86,1626225,81.49
2019-01-15,71.65,72.43,71.65,72.03,1617333,81.68
2019-01-16,72.12,72.43,71.32,72.31,1779077,82
2019-01-17,71.95,72.79,71.94,72.65,1487762,82.38
2019-01-18,73.44,74.23,72.69,74.13,2846641,84.06
2019-01-22,73.85,74.33,72.98,73.34,1779491,83.17
2019-01-23,73.33,73.69,72.59,73.47,1961007,83.31
2019-01-24,73.24,73.45,72.69,73.19,1503919,83
2019-01-25,73.69,74.04,73.34,73.65,1402137,83.52
2019-01-28,73.25,73.47,72.66,73.25,1589967,83.06
2019-01-29,73.26,73.46,72.76,73.22,1820050,82.62
2019-01-30,73.27,74.45,73.07,74.23,2149304,83.76
2019-01-31,76.7,78.25,73.28,78.16,4195974,88.19
2019-02-01,78.53,80.06,77.95,79.99,3153240,90.25
2019-02-04,80.07,81.47,79.52,81.42,2876296,91.87
2019-02-05,81.4,81.67,80.81,81.62,1750838,92.09
2019-02-06,81.37,81.37,80.11,80.16,3360039,90.45
2019-02-07,79.75,79.81,78.58,79.33,2624860,89.51
2019-02-08,79.05,79.72,78.76,79.69,1846844,89.92
2019-02-11,79.94,80.34,79.37,80.27,1455328,90.57
2019-02-12,80.58,80.84,80.29,80.57,1735079,90.91
2019-02-13,80.83,81.16,80.55,80.86,1733952,91.24
2019-02-14,80.42,80.54,79.61,79.9,1306042,90.15
2019-02-15,80.52,80.81,80.11,80.79,1878275,91.16
2019-02-19,80.49,81.32,80.27,81.12,1366276,91.53
2019-02-20,81.24,81.59,80.98,81.49,1119931,91.95
2019-02-21,81.53,81.85,81.22,81.62,1500900,92.09
2019-02-22,81.86,82.21,81.27,82.02,1647875,92.55
2019-02-25,82.22,82.77,81.97,82.05,1441422,92.58
2019-02-26,81.84,82.45,81.73,82.04,1129894,92.57
2019-02-27,81.78,82.28,81.66,82.25,1059554,92.8
2019-02-28,82.14,83.05,82.1,82.44,2700478,93.02
2019-03-01,82.74,83.08,82.17,82.33,2322079,92.89
2019-03-04,82.7,84.16,81.53,82.1,1656293,92.63
2019-03-05,82.42,82.6,80.96,80.98,2514777,91.37
2019-03-06,81.16,81.6,80.8,80.82,1759054,91.19
2019-03-07,80.73,81.01,79.51,79.62,2390126,89.84
2019-03-08,78.85,79.44,78.75,79.39,1471068,89.58
2019-03-11,79.66,80.48,78.9,80.46,2426941,90.78
2019-03-12,80.5,81.4,80.29,81,1894608,91.39
2019-03-13,81.14,81.76,81.14,81.3,1592647,91.73
2019-03-14,81.36,82.07,81.28,81.97,1572531,92.49
2019-03-15,82.18,82.72,81.63,82.68,5416442,93.29
2019-03-18,82.7,83.02,82.13,82.41,1999477,92.98
2019-03-19,82.68,82.88,81.85,82.15,1843279,92.69
2019-03-20,82.1,82.48,81.52,81.7,1729138,92.18
2019-03-21,81.39,82.76,81.39,82.49,1818249,93.08
2019-03-22,82.02,82.52,81.56,81.6,2613783,92.07
2019-03-25,81.67,81.94,80.96,81.76,1315315,92.25
2019-03-26,82.25,82.45,81.52,82.16,1678639,92.7
2019-03-27,82.17,82.46,81.3,81.55,2062897,92.01
2019-03-28,81.82,82.41,81.64,82.36,1172403,92.93
2019-03-29,82.97,83.27,82.53,83.22,1920975,93.9
2019-04-01,83.4,84.12,83.27,84.03,1254462,94.81
2019-04-02,84.01,84.58,83.52,83.72,1126233,94.46
2019-04-03,84.2,84.2,83.11,83.88,1503342,94.64
2019-04-04,83.98,84.09,83.44,83.8,770100,94.55
2019-04-05,83.2,83.73,82.93,83.32,1672853,94.01
2019-04-08,83.37,83.37,82.67,82.95,1340519,93.59
2019-04-09,82.59,82.79,82.1,82.51,1843237,92.69
2019-04-10,82.58,82.91,82.17,82.9,1596206,93.12
2019-04-11,83.08,83.44,82.68,83.35,1058755,93.63
2019-04-12,84.13,84.32,83.59,84.28,1157421,94.67
2019-04-15,84.36,84.55,84.11,84.46,1235472,94.88
2019-04-16,84.57,85.06,84.13,85.04,1936700,95.53
2019-04-17,85.06,85.3,83.52,84.05,1927513,94.41
2019-04-18,83.72,84.07,82.92,83.43,3029708,93.72
2019-04-22,83.2,83.27,82.87,83.1,984214,93.35
2019-04-23,83.24,84.43,83.09,84.38,1698126,94.79
2019-04-24,84.34,84.89,84.05,84.24,2342311,94.63
2019-04-25,83.36,84.47,82.16,83.6,2900909,93.91
2019-04-26,82.25,83.37,81.61,83.36,2580045,93.64
2019-04-29,83.56,84.05,82.95,83.06,1612211,93.3
2019-04-30,83.05,84.04,82.67,83.94,1965419,94.29
2019-05-01,83.89,83.89,82.33,82.35,1794696,92.5
2019-05-02,82.46,83.16,82.01,82.91,1547851,93.14
2019-05-03,83.25,83.58,82.86,83.57,1820770,93.88
2019-05-06,82.69,83.85,82.69,83.68,1065055,94
2019-05-07,83.21,83.21,82.51,83.03,2224899,93.27
2019-05-08,82.8,83.84,82.69,83.37,1457081,93.65
2019-05-09,82.59,83.84,82.54,83.63,2114524,93.94
2019-05-10,83.15,85.59,83.09,85.57,2659885,96.12
2019-05-13,84.53,84.9,83.94,84.3,4551649,94.7
2019-05-14,84.37,85.76,84.37,84.48,2423083,94.9
2019-05-15,84.06,84.78,83.75,84.33,1468660,94.73
2019-05-16,84.62,85.62,84.46,85.2,1705752,95.71
2019-05-17,84.29,85.61,84.27,85.27,2448971,95.79
2019-05-20,84.83,85.53,84.83,85.37,1833984,95.9
2019-05-21,85.8,86.6,85.75,86.48,2022468,97.15
2019-05-22,86.35,86.96,86.01,86.61,2132413,97.29
2019-05-23,86.21,86.21,84.97,85.63,1907723,96.19
2019-05-24,85.82,85.95,84.49,84.91,2680844,95.38
2019-05-28,84.96,85.37,84.12,84.45,3627415,94.86
2019-05-29,84.24,85.19,84.05,85.02,2878601,95.51
2019-05-30,85.35,85.65,84.97,85.31,1821436,95.83
2019-05-31,84.68,85.53,84.33,85.1,2218858,95.6
2019-06-03,85.24,86,84.69,85.86,2262576,96.45
2019-06-04,86.57,86.72,85.45,86.32,1728218,96.96
2019-06-05,86.37,87.72,86.23,87.48,2282890,98.27
2019-06-06,87.82,88.2,87.56,88.12,1555213,98.99
2019-06-07,88.36,89.2,88.26,88.29,1782009,99.18
2019-06-10,89,89,88.18,88.31,2389844,99.2
2019-06-11,88.53,88.85,87.54,87.67,1533455,98.48
2019-06-12,87.78,88.13,87.18,87.39,1844252,98.17
2019-06-13,87.66,87.66,87.01,87.25,1628365,98.01
2019-06-14,87.28,87.65,87.08,87.4,2510162,98.18
2019-06-17,87.72,87.75,86.35,86.4,1563409,97.06
2019-06-18,86.47,86.94,85.94,86.52,2350490,97.19
2019-06-19,86.51,87.45,86.38,87.15,2360333,97.9
2019-06-20,87.62,87.78,86.25,86.77,3209906,97.47
2019-06-21,86.53,87.1,86.37,86.37,5876908,97.02
2019-06-24,86.48,87.66,86.47,87.31,2077541,98.08
2019-06-25,87.43,88.46,87.3,87.78,2388757,98.61
2019-06-26,87.86,88.14,86.86,86.86,2778271,97.57
2019-06-27,87.29,88.54,86.96,88.43,1549015,99.33
2019-06-28,88.99,89.01,87.9,88.8,5871754,99.75
2019-07-01,89.51,89.82,88.99,89.76,1633398,100.83
2019-07-02,89.82,90.86,89.65,90.86,1545068,102.07
2019-07-03,91.24,91.65,90.86,91.62,1195329,102.92
2019-07-05,91.5,91.59,90.31,91.47,1868608,102.75
2019-07-08,91.03,91.46,90.61,90.8,1571215,102
2019-07-09,90.39,90.83,90.01,90.83,1721234,102.03
2019-07-10,90.89,91.37,90.33,90.93,1188838,101.69
2019-07-11,90.86,91.2,90.48,91.13,1088815,101.91
2019-07-12,91.44,91.94,91.17,91.93,1228183,102.81
2019-07-15,92.1,92.25,91.75,92.12,1102960,103.02
2019-07-16,92.3,92.42,91.62,91.74,1278369,102.59
2019-07-17,91.39,92.17,90.43,90.46,1436500,101.16
2019-07-18,90.51,90.98,90.2,90.82,1384209,101.56
2019-07-19,91.14,91.14,89.9,89.96,1992834,100.6
2019-07-22,90,90.64,89.96,90.3,1088077,100.98
2019-07-23,90.38,90.82,90.14,90.73,1145635,101.47
2019-07-24,90.68,91.36,90.3,91.28,2210668,102.08
2019-07-25,91.4,91.72,90.82,90.98,1362291,101.74
2019-07-26,90.79,91.66,90.28,91.61,1512242,102.45
2019-07-29,91.66,92.43,91.66,92.22,1814689,103.13
2019-07-30,90.94,91.75,89.75,89.82,2562664,100.45
2019-07-31,89.71,89.86,87.38,88.35,3349470,98.8
2019-08-01,88.42,89.43,87.89,88.18,2164100,98.61
2019-08-02,88.17,88.89,87.55,88.46,2694241,98.93
2019-08-05,87.5,87.88,84.78,85.6,2736570,95.73
2019-08-06,85.7,87.39,85.67,87.33,1814763,97.66
2019-08-07,86.37,87.01,85.23,86.78,1807911,97.05
2019-08-08,87.41,89.17,87.28,89.12,1547737,99.66
2019-08-09,89.09,89.47,87.98,88.78,1044802,99.28
2019-08-12,88.37,88.59,87.13,87.38,818683,97.72
2019-08-13,87.33,89,86.85,88.72,1623017,99.22
2019-08-14,87.62,88.28,85.9,85.96,2163029,96.13
2019-08-15,85.99,86.81,85.5,86.43,1394790,96.66
2019-08-16,87.08,87.64,86.52,87.44,1700286,97.78
2019-08-19,88.13,88.44,87.84,88.18,1774670,98.61
2019-08-20,87.98,88.1,86.85,86.93,1260671,97.21
2019-08-21,87.51,87.65,87.14,87.45,948647,97.8
2019-08-22,87.82,88.2,86.96,87.78,1001546,98.17
2019-08-23,87.74,88.14,85.03,85.54,1815607,95.66
2019-08-26,86.29,86.75,85.54,86.72,1271024,96.98
2019-08-27,87.11,87.38,86.43,87.24,2031627,97.56
2019-08-28,87.23,87.44,86.83,87.4,1090399,97.74
2019-08-29,88.17,89.2,87.71,88.71,1636126,99.2
2019-08-30,89.36,89.58,88.9,89.32,2385248,99.89
2019-09-03,88.69,89.06,87.95,88.35,1958443,98.8
2019-09-04,88.76,89.47,88.62,89.39,1734357,99.97
2019-09-05,90.51,91.07,90.06,90.36,1338881,101.05
2019-09-06,90.09,90.97,90.09,90.23,1638764,100.91
2019-09-09,90.89,90.89,88.93,89.3,1479589,99.87
2019-09-10,89.13,89.14,86.71,87.7,1920296,98.08
2019-09-11,87.87,88.28,87.33,88.28,2307180,98.73
2019-09-12,88.46,89.42,88.28,89.13,1450236,99.68
2019-09-13,89.35,89.38,88.54,89.28,1443964,99.84
2019-09-16,88.72,89.5,88.47,89.45,1096044,100.03
2019-09-17,89.51,90.76,89.51,90.73,1492522,101.46
2019-09-18,90.57,90.99,90.01,90.87,1100936,101.62
2019-09-19,90.96,91.81,90.82,91.42,1441027,102.24
2019-09-20,91.71,91.92,90.07,90.23,5759309,100.9
2019-09-23,89.75,90.71,89.75,90.42,1117129,101.12
2019-09-24,90.61,91.42,89.41,89.89,1605992,100.53
2019-09-25,90.1,91.09,89.64,89.77,1465700,100.39
2019-09-26,90.01,90.3,88.96,89.66,1273262,100.27
2019-09-27,90.27,90.27,88.7,89.21,1043083,99.76
2019-09-30,89.38,89.66,89.12,89.47,1288316,100.05
2019-10-01,89.89,90.31,87.89,87.9,1411182,98.3
2019-10-02,87.29,87.58,85.6,85.92,1856145,96.08
2019-10-03,85.94,86.42,85.09,86.33,1566638,96.54
2019-10-04,86.68,88.2,86.47,87.95,1994318,98.36
2019-10-07,87.63,88.13,87.29,87.3,2014487,97.63
2019-10-08,86.75,86.8,85.16,85.17,2566761,95.25
2019-10-09,86.09,86.11,85.27,85.5,2131257,95.62
2019-10-10,85.61,86.79,85.36,86.46,1482148,96.23
2019-10-11,87.52,88.34,87.16,87.23,1718586,97.09
2019-10-14,87.04,87.61,86.81,87.26,928961,97.12
2019-10-15,87.57,88.28,87.44,87.76,1302347,97.68
2019-10-16,87.49,88.23,87,88.23,1678653,98.2
2019-10-17,88.57,88.74,88.14,88.46,2062799,98.45
2019-10-18,88.13,89.23,87.68,88.99,2669360,99.05
2019-10-21,89.39,89.62,88.93,89.61,1689792,99.74
2019-10-22,89.43,89.91,88.86,88.99,2743352,99.05
2019-10-23,88.84,89.38,88.28,88.94,2421193,98.99
2019-10-24,89.01,89.07,88.15,88.68,2218515,98.7
2019-10-25,88.94,89,87.57,87.66,2004661,97.57
2019-10-28,87.83,88.29,87.55,87.93,2414652,97.87
2019-10-29,88.37,92.51,88.37,91.73,3050405,102.09
2019-10-30,91.72,93.14,90.82,93.02,1804947,103.53
2019-10-31,92.62,93.68,92.12,93.1,2460400,103.62
2019-11-01,93.71,93.88,93.06,93.68,2205650,104.27
2019-11-04,94.12,94.21,91.78,92.26,2029817,102.69
2019-11-05,92.42,92.72,91.11,91.38,2505169,101.7
2019-11-06,91.35,92.99,91.35,92.95,1471414,103.45
2019-11-07,93.39,93.59,92.6,92.71,1585814,103.19
2019-11-08,92.52,92.88,92.03,92.82,1645308,103.31
2019-11-11,92.09,93.23,91.99,92.91,1426267,103.41
2019-11-12,93.2,93.76,93.01,93.58,1174315,104.15
2019-11-13,93.35,94.63,92.88,94.33,2078312,104.99
2019-11-14,94.29,94.67,93.93,94.65,1650648,105.34
2019-11-15,94.65,95.11,94.34,94.79,2015872,105.5
2019-11-18,95.24,95.64,94.8,95.45,1812456,106.24
2019-11-19,95.68,96.64,95.53,96.3,2044200,107.18
2019-11-20,96.03,96.57,95.68,96.28,2203306,107.16
2019-11-21,96.13,96.44,95.45,96.25,2277616,107.12
2019-11-22,96.4,97.04,96.22,96.97,1766071,107.93
2019-11-25,96.93,97.7,96.68,97.04,2453150,108
2019-11-26,97.15,97.49,96.74,97.2,3667929,108.18
2019-11-27,97.15,97.67,96.63,97.35,1250889,108.35
2019-11-29,97.21,97.65,96.95,97.1,792794,108.07
2019-12-02,96.55,97.14,96.01,96.07,1425583,106.93
2019-12-03,95.34,95.78,95.01,95.27,2009043,106.03
2019-12-04,95.33,96.41,95.22,96.25,1873080,107.12
2019-12-05,96.55,96.69,96.02,96.47,1373810,107.37
2019-12-06,97.13,97.49,96.59,97.26,1424087,108.25
2019-12-09,97.3,97.62,96.91,97.34,1453159,108.34
2019-12-10,97.46,97.75,97.22,97.66,1595631,108.7
2019-12-11,97.66,98.18,97.59,97.91,1913481,108.97
2019-12-12,97.93,99.26,97.91,99.08,1459275,110.28
2019-12-13,98.22,99.46,97.98,99.32,1663951,110.54
2019-12-16,100.05,100.48,99.02,100.32,1784720,111.65
2019-12-17,100.41,100.8,100.05,100.67,2159408,112.05
2019-12-18,100.94,101.14,100.03,100.21,2435301,111.53
2019-12-19,100,101.23,99.86,100.82,1756949,112.21
2019-12-20,101.95,102.37,100.77,100.92,3059181,112.32
2019-12-23,100.74,101.15,99.9,99.98,1552244,111.28
2019-12-24,100.14,100.46,99.92,100.24,442015,111.57
2019-12-26,100.66,100.8,100.14,100.49,789572,111.84
2019-12-27,100.58,100.88,100.38,100.66,1204223,112.03
2019-12-30,100.87,100.96,100.12,100.48,1444971,111.83
2019-12-31,100.38,100.61,99.76,100.1,2165032,111.41
2020-01-02,100.26,100.67,99.84,100.67,2305299,112.05
2020-01-03,99.7,100.71,99.58,100.52,1972500,111.88
2020-01-06,100.03,100.58,99.79,100.55,1702625,111.91
2020-01-07,100.4,100.86,99.92,100.24,1164572,111.57
2020-01-08,100.31,100.94,99.92,99.95,1576277,111.24
2020-01-09,100.41,100.98,100.33,100.66,1599551,112.03
2020-01-10,100.85,101.02,100.15,100.36,1749644,111.7
2020-01-13,100.42,100.97,100.36,100.63,2109970,112
2020-01-14,100.43,100.78,99.88,100.19,1821225,111.51
2020-01-15,100.16,101.13,100.05,100.82,1651980,112.21
2020-01-16,101.28,101.47,100.78,101.37,1535229,112.82
2020-01-17,101.6,102.56,101.59,102.56,2622596,114.15
2020-01-21,102.23,102.93,102.06,102.39,1634730,113.96
2020-01-22,102.59,102.85,102.04,102.08,1399336,113.61
2020-01-23,101.58,102.69,101.14,102.63,1642080,114.23
2020-01-24,102.81,103.09,101.66,102.31,1102489,113.87
2020-01-27,101.15,102.26,100.87,101.53,1251359,113
2020-01-28,102.09,104.35,102.09,103.87,2273856,115.14
2020-01-29,104.11,105.4,103.83,104.59,2475441,115.94
2020-01-30,102.53,104.18,100.6,103.38,2444661,114.6
2020-01-31,103.05,103.73,100.28,100.91,3149938,111.86
2020-02-03,101.51,102.73,101.31,102.34,1911365,113.45
2020-02-04,103.36,104.55,103.18,103.5,1635708,114.73
2020-02-05,104.37,105.28,103.3,105.27,2463476,116.69
2020-02-06,105.48,105.54,104.37,105.05,2888787,116.45
2020-02-07,104.97,105.78,104.5,105.26,1570621,116.68
2020-02-10,104.65,106.06,104.62,106.06,1300909,117.57
2020-02-11,106.4,106.86,106.07,106.58,1350064,118.15
2020-02-12,106.52,107.25,106.24,107.13,1448401,118.75
2020-02-13,107.07,108.15,107.04,107.69,1486613,119.37
2020-02-14,107.68,107.93,106.67,107.15,1393940,118.78
2020-02-18,107.02,107.81,106.65,107.76,1528956,119.45
2020-02-19,107.8,107.86,106.86,106.88,1322397,118.48
2020-02-20,106.75,107.02,105.27,105.62,1479328,117.08
2020-02-21,105.17,105.49,104.23,104.96,2269202,116.35
2020-02-24,102.74,104.06,101.69,102.24,2792578,113.33
2020-02-25,102.62,102.95,99.82,100.23,2020376,111.11
2020-02-26,100.86,102.32,100.71,101.57,2254697,112.59
2020-02-27,100.38,101.3,96.39,96.42,2861104,106.88
2020-02-28,94.22,95.28,91.62,94.32,4946817,104.56
2020-03-02,93.98,97.5,93.91,97.44,4534914,108.01
2020-03-03,97.62,99.54,94.76,96.09,4099528,106.52
2020-03-04,97.47,99.84,96.74,99.77,5224575,110.6
2020-03-05,97.82,97.87,95.02,96.13,3739315,106.56
2020-03-06,92.98,95.83,91.8,95.33,4193442,105.67
2020-03-09,88.7,92.17,88.06,90.1,5586231,99.88
2020-03-10,92.66,93.75,89.26,93,4731336,103.09
2020-03-11,90.6,91.08,88.33,89.26,3163552,98.95
2020-03-12,84.41,90.54,83.43,83.9,6172151,93
2020-03-13,86.58,89.48,82.45,88.98,6764292,98.64
2020-03-16,79.89,84.32,77.82,79.26,4852820,87.86
2020-03-17,81.61,84.7,80.45,82.9,4747090,91.9
2020-03-18,78.71,79.2,68.37,72.9,5096752,80.81
2020-03-19,72.48,74,68.45,71.29,4777827,79.03
2020-03-20,72,75.79,69.86,72.05,4448797,79.87
2020-03-23,70.73,71.63,67.06,69.18,5138497,76.69
2020-03-24,72.39,79.29,71.75,78.42,5019020,86.93
2020-03-25,77.3,81.97,76.08,78.36,3419281,86.86
2020-03-26,79.42,80.93,76.26,77.46,4059813,85.86
2020-03-27,74.64,79.6,74.53,77.09,3688291,85.45
2020-03-30,77.31,81.1,76.67,80.78,3065250,89.55
2020-03-31,79.89,80.81,76.92,78,4140299,86.46
2020-04-01,75.5,76.75,73.46,73.99,3676406,82.02
2020-04-02,73.3,75.98,73.16,74.65,2681262,82.75
2020-04-03,73.87,74.85,71.22,72.08,2980752,79.9
2020-04-06,75.44,79.44,74.54,78.78,3287150,87.33
2020-04-07,82.52,82.59,79.17,79.26,2642906,87.4
2020-04-08,80.35,85.31,79.22,84.89,3204895,93.61
2020-04-09,85.71,87.96,85.42,87.61,3357647,96.61
2020-04-13,87.16,87.16,85.22,86.17,2661154,95.02
2020-04-14,87.96,90.68,87.74,90.18,2959256,99.44
2020-04-15,87.96,88.87,86.72,87.33,2582803,96.3
2020-04-16,87.43,88.31,86.59,88.16,1973592,97.22
2020-04-17,90.23,90.94,87.78,89.36,2285574,98.54
2020-04-20,88.43,88.47,86.16,86.84,1855903,95.76
2020-04-21,84.57,85.73,83.85,84.06,2611691,92.7
2020-04-22,85.33,86.03,83.75,85.32,2335400,94.08
2020-04-23,85.23,86.68,83.73,83.96,2157013,92.59
2020-04-24,84.54,85.21,83.25,84.6,1680296,93.29
2020-04-27,85.09,86.34,84.04,85.88,2045983,94.7
2020-04-28,87.33,87.67,84.45,84.57,1745818,93.26
2020-04-29,86.16,87.17,85.5,85.8,2152704,94.62
2020-04-30,84.98,89.33,84.7,88.26,4143733,97.33
2020-05-01,86.97,88.32,85.71,88.05,2930240,97.1
2020-05-04,88.92,91.14,87.75,89.54,4350859,98.74
2020-05-05,89.95,92.31,89.67,90.92,2775140,100.26
2020-05-06,91.74,91.94,89.45,89.67,2245843,98.88
2020-05-07,90.57,92.56,90.57,92.18,1958877,101.65
2020-05-08,93.06,94.32,92.04,94.29,1722443,103.98
2020-05-11,93.54,95.17,93.29,94.39,2512839,104.09
2020-05-12,94.86,95.35,94.11,94.58,3530385,104.3
2020-05-13,94.08,95.99,93.68,95.31,5707993,105.1
2020-05-14,94.08,96.47,93.86,96.22,8894432,106.1
2020-05-15,95.75,97.82,94.74,94.74,13491238,104.47
2020-05-18,97.22,98.28,96.51,97.03,3217022,107
2020-05-19,96.73,97.34,95.65,95.7,2361930,105.53
2020-05-20,96.05,96.46,93.87,94.29,2903576,103.98
2020-05-21,93.79,95.52,93.57,94.8,2636077,104.54
2020-05-22,94.77,95.07,93.86,94.76,2145308,104.5
2020-05-26,96.71,97.14,95.73,95.9,3799652,105.75
2020-05-27,96.26,97.45,94.95,96.09,2666564,105.96
2020-05-28,96.96,97.38,96.19,96.66,2422678,106.59
2020-05-29,96.19,96.42,95.09,96.05,10874858,105.92
2020-06-01,96.1,97.05,95.62,96.76,1648895,106.7
2020-06-02,96.9,97.98,96.59,97.96,2404302,108.02
2020-06-03,98.68,99.75,98.23,99.05,3163348,109.23
2020-06-04,98.56,98.98,97.89,98.59,2323754,108.72
2020-06-05,99.84,101.32,98.63,101.1,3999955,111.49
2020-06-08,100.68,101.56,100.16,101.03,2815917,111.41
2020-06-09,100.43,100.58,99.47,100.15,1960789,110.44
2020-06-10,99.88,100.5,99.01,99.86,2508687,110.12
2020-06-11,98.33,98.33,94.37,94.52,3743079,104.23
2020-06-12,96.33,96.86,92.73,94.62,3111121,104.34
2020-06-15,92.5,96.17,92.05,96.12,2682148,106
2020-06-16,98.15,98.59,96.14,97.37,2401676,107.37
2020-06-17,97.47,99.53,97.4,98.43,1892262,108.54
2020-06-18,98.04,98.95,97.54,98.32,1519566,108.42
2020-06-19,99.66,99.66,93.9,93.93,7013921,103.58
2020-06-22,94.19,96.31,94.08,95.73,2196642,105.56
2020-06-23,97.07,97.11,95.87,95.91,1633209,105.76
2020-06-24,95.22,95.84,93.89,94.25,2338188,103.93
2020-06-25,94.28,97.17,93.56,97.01,1955869,106.98
2020-06-26,96.53,97.48,94.82,94.99,3130059,104.75
2020-06-29,95.82,95.9,94.31,95.47,2024578,105.28
2020-06-30,95.53,97.79,94.97,97.37,2470804,107.37
2020-07-01,97.48,98.14,96.94,97.51,1878098,107.53
2020-07-02,98.74,98.93,97.39,97.84,1663610,107.89
2020-07-06,99.2,99.5,97.49,97.87,1772629,107.92
2020-07-07,97.58,98.21,97,97.35,2037633,107.35
2020-07-08,97.5,98.95,97.12,98.92,2193560,109.08
2020-07-09,99,99.08,96.88,98.15,1067714,108.23
2020-07-10,98.46,99.43,97.84,99.26,1110620,109.46
2020-07-13,99.55,100.29,98.17,98.63,1674896,108.76
2020-07-14,98.65,100.07,98.41,99.97,1215962,110.24
2020-07-15,101.27,101.58,100.16,101.18,1309588,111.58
2020-07-16,101.09,101.77,100.79,101.41,1060479,111.83
2020-07-17,102.03,103.24,101.41,103.1,1964543,113.69
2020-07-20,103.02,103.3,102.4,102.91,1006158,113.48
2020-07-21,103.94,104.19,103.06,103.74,1517623,114.4
2020-07-22,103.16,104.84,103.16,104.75,1767383,115.51
2020-07-23,104.81,105.7,104.06,104.54,1450576,115.28
2020-07-24,104.62,104.77,103.92,104.36,1236829,114.62
2020-07-27,104.34,104.59,103.09,104.35,1757136,114.61
2020-07-28,104.24,104.69,103.55,103.99,1556470,114.21
2020-07-29,103.65,105.24,103.02,105.24,1518954,115.58
2020-07-30,104,106.58,103.07,106.27,1912048,116.71
2020-07-31,107.44,107.44,105.15,106.17,2498402,116.6
2020-08-03,106.1,106.83,105.33,105.46,2056849,115.82
2020-08-04,105.48,107.09,105.3,106.88,2146381,117.39
2020-08-05,106.78,108.27,106.62,107.83,1741930,118.43
2020-08-06,107.44,108.18,106.92,108.14,1611208,118.77
2020-08-07,107.79,108.54,106.48,107.2,1776801,117.74
2020-08-10,107.49,107.55,105.72,105.99,1808100,116.41
2020-08-11,106.69,107.41,105.42,106.51,1928992,116.98
2020-08-12,107.29,107.64,106.02,106.21,1602463,116.65
2020-08-13,105.86,106.81,105.69,106.67,1257372,117.15
2020-08-14,106.36,107.2,105.7,106.17,1219223,116.61
2020-08-17,105.96,106.77,105.77,106.08,1205881,116.51
2020-08-18,105.96,107.09,105.96,106.47,1433043,116.93
2020-08-19,106.53,106.86,105.55,105.71,1092853,116.1
2020-08-20,105.22,106.04,104.84,105.66,1237858,116.05
2020-08-21,104.58,104.97,102.14,103.32,2810445,113.47
2020-08-24,103.68,103.9,101.94,102.54,2121809,112.62
2020-08-25,103.21,103.5,102.22,102.88,2332339,112.99
2020-08-26,102.78,104.23,102.2,104,1433354,114.22
2020-08-27,104.08,105.05,104,104.42,1444121,114.68
2020-08-28,105.04,105.09,103.28,103.8,2185437,114
2020-08-31,104.12,105.02,103.77,104.63,1990030,114.91
2020-09-01,104.71,105.16,103.74,105.15,1962841,115.48
2020-09-02,104.96,108.31,104.77,108.27,2311850,118.91
2020-09-03,108.72,110.14,105.39,106.15,3490934,116.58
2020-09-04,106.81,107.39,103.46,105.08,1593950,115.41
2020-09-08,104.29,104.47,102.1,103.32,3075330,113.48
2020-09-09,104.21,107.27,104.12,106.3,2188646,116.75
2020-09-10,106.31,106.98,105.24,105.26,2042879,115.61
2020-09-11,105.58,106.03,104.58,105.42,1202024,115.78
2020-09-14,106.38,107.48,106.05,107.26,1369373,117.8
2020-09-15,107.54,108.71,107.44,108,1606280,118.62
2020-09-16,108.31,109.73,108,108.2,2150473,118.83
2020-09-17,107.17,107.95,106.08,107.33,2472191,117.88
2020-09-18,107.01,108.71,106.78,107.14,4417408,117.67
2020-09-21,106.02,106.31,104.23,105.86,3098873,116.27
2020-09-22,105.87,107.09,104.68,105.86,2540222,116.27
2020-09-23,105.77,106.59,104.22,104.29,1735098,114.54
2020-09-24,104.18,104.47,102.47,102.64,1971939,112.73
2020-09-25,102.34,103.22,100.8,102.85,2710097,112.96
2020-09-28,103.85,105.48,103.12,104.29,2542096,114.54
2020-09-29,104.09,104.61,103.04,103.84,1833728,114.05
2020-09-30,104.3,105.47,103.42,104.44,3056033,114.7
2020-10-01,104.74,105.12,103.42,104.01,2365221,114.23
2020-10-02,103.27,105.44,103.06,104.31,1865155,114.56
2020-10-05,105.11,105.7,104.42,105.31,1550618,115.66
2020-10-06,105.69,106.66,104.22,104.6,2795207,114.88
2020-10-07,105.25,105.8,104.03,104.43,1843895,114.69
2020-10-08,104.83,105.75,104.34,104.46,2621709,114.26
2020-10-09,105.31,106.52,104.43,105.78,1872968,115.71
2020-10-12,105.43,107.13,105.38,106.59,1446749,116.59
2020-10-13,106.29,107.48,104.56,105.09,1462128,114.95
2020-10-14,105.5,106.31,104.47,104.69,1595341,114.51
2020-10-15,104,105.24,103.58,104.55,1603160,114.36
2020-10-16,104.82,106.03,104.53,105.08,2088544,114.94
2020-10-19,105.3,105.65,103.16,103.33,1428421,113.03
2020-10-20,104.03,104.32,102.61,102.82,1292691,112.47
2020-10-21,102.95,104.07,102.65,102.67,1360405,112.3
2020-10-22,102.67,103.9,102.25,103.65,1244185,113.38
2020-10-23,104.06,104.09,103.11,103.95,1533716,113.7
2020-10-26,103.04,103.05,100.88,101.56,1640844,111.09
2020-10-27,101.78,102.38,100.94,100.94,1244653,110.41
2020-10-28,99.49,100.02,98.09,98.31,3285053,107.53
2020-10-29,98.11,98.61,94.04,94.12,3341474,102.95
2020-10-30,93.79,95.66,93.35,94.58,3121640,103.46
2020-11-02,95.08,96.39,94.41,95.89,2882019,104.89
2020-11-03,97.3,98.21,96.43,97.43,2571127,106.57
2020-11-04,97.69,101.83,97.5,99.65,2536553,109
2020-11-05,100.49,101.23,98.6,99.1,1812165,108.4
2020-11-06,99.78,101.23,98.89,100.16,1647199,109.56
2020-11-09,106.05,107.08,100.72,101.09,3620752,110.58
2020-11-10,101.19,103.38,100.54,102.86,2408280,112.51
2020-11-11,103.6,104.18,103.04,103.64,1452725,113.36
2020-11-12,103.3,103.56,102.01,102.69,1587422,112.33
2020-11-13,103.25,104.17,103.16,103.59,1629493,113.31
2020-11-16,104.33,105.79,103.99,105.74,2037541,115.66
2020-11-17,104.59,105.03,103.23,104.44,1685781,114.24
2020-11-18,104.26,105.01,102.36,102.39,2123040,112
2020-11-19,102.47,105.08,101.88,104.66,2756011,114.48
2020-11-20,104.92,105.12,103.22,103.29,1511771,112.98
2020-11-23,103.84,104.18,102.44,103.56,1326866,113.28
2020-11-24,104.48,105.48,103.76,105.23,1958292,115.1
2020-11-25,104.95,105.38,103.71,105.35,1975838,115.23
2020-11-27,105.13,105.86,104.36,104.55,667020,114.36
2020-11-30,104.46,104.9,103.6,104.81,3559688,114.64
2020-12-01,105.45,106.95,105.29,106.36,1760322,116.34
2020-12-02,106.4,106.58,105.11,106.07,1162883,116.02
2020-12-03,106.03,106.96,105.24,106.54,2859238,116.54
2020-12-04,106.41,107.32,105.44,107.26,2412364,117.32
2020-12-07,106.99,108.27,105.77,106.1,1744984,116.06
2020-12-08,104.39,106.96,104.3,106.69,2157462,116.7
2020-12-09,106.5,106.9,105.36,105.96,2408172,115.9
2020-12-10,106.15,106.33,105.07,105.47,3741987,115.37
2020-12-11,104.82,106.34,104.61,105.54,2755107,115.44
2020-12-14,106.31,106.77,105.02,105.06,2080412,114.92
2020-12-15,105.59,107.23,105.27,106.64,2527502,116.65
2020-12-16,106.97,108.17,106.58,107.07,2153752,117.12
2020-12-17,107.48,109.08,107.48,108.51,1689293,118.69
2020-12-18,108.21,108.44,105.34,106.3,5671520,116.27
2020-12-21,105.7,106.09,102.89,105.18,1731604,115.05
2020-12-22,104.8,105.21,104.12,104.59,1551155,114.4
2020-12-23,104.81,105.28,103.93,103.94,1105991,113.69
2020-12-24,104.35,105.4,104.15,105.25,435281,115.13
2020-12-28,105.76,106.15,104.99,105.32,1145471,115.2
2020-12-29,105.74,105.99,104.92,104.95,946201,114.8
2020-12-30,105.33,105.74,104.87,105.14,818492,115.01
2020-12-31,105.45,107.14,104.9,106.96,1234063,117
2021-01-04,106.44,106.79,102.96,103.77,2026991,113.51
2021-01-05,104.16,104.22,102.49,103.05,1392617,112.72
2021-01-06,103.26,104.67,102.29,103.76,2480244,113.5
2021-01-07,103.72,104.28,102.78,103.62,3065137,113.34
2021-01-08,102.24,104.49,102.24,103.75,3019389,113.48
2021-01-11,104.06,104.06,102.3,102.93,2268915,112.59
2021-01-12,102.82,104.32,102.37,103.31,2294764,113
2021-01-13,102.94,104.02,102.41,103.75,1731307,113.48
2021-01-14,103.94,104.13,102.28,102.38,1633969,111.99
2021-01-15,101.96,103.09,101.53,102.25,2957636,111.84
2021-01-19,102.5,103.39,101.99,102.59,1932138,112.22
2021-01-20,102.57,104.16,101.97,103.71,2269528,113.44
2021-01-21,103.42,103.71,102.22,102.24,1479420,111.83
2021-01-22,102.02,102.61,101.21,101.95,1843032,111.52
2021-01-25,101.95,103.22,101.29,102.42,1499629,112.03
2021-01-26,102.5,102.77,101.45,101.72,1309118,111.26
2021-01-27,100.97,101.1,97.78,98.37,2762198,107.6
2021-01-28,99.28,101.36,98.37,99.49,2556797,108.83
2021-01-29,98.92,101.44,98.5,100.91,2916860,109.91
2021-02-01,101.67,103.4,100.97,100.99,2566189,109.99
2021-02-02,101.72,104.07,101.68,103.66,2553387,112.9
2021-02-03,103.31,103.56,101.9,102.04,1872625,111.14
2021-02-04,102.45,102.89,101.59,102.56,1815537,111.7
2021-02-05,103.24,104.64,102.9,104.3,1941248,113.6
2021-02-08,104.14,104.76,103.59,104.55,1559009,113.87
2021-02-09,104.45,104.87,103.63,104.53,1419309,113.85
2021-02-10,105.2,105.28,103.3,103.5,1505129,112.73
2021-02-11,104.06,104.26,103.37,103.57,1284337,112.8
2021-02-12,103.55,103.91,102.62,103.57,1559132,112.8
2021-02-16,103.75,105.13,103.49,105.13,2595096,114.5
2021-02-17,105.46,108.36,105.16,108.05,3042071,117.68
2021-02-18,107.89,108.63,107.26,108.09,2637278,117.73
2021-02-19,108.67,108.74,107.08,107.49,1719895,117.07
2021-02-22,107.39,108.73,107.07,108.7,2210307,118.39
2021-02-23,109.97,110.04,108.16,108.64,1564215,118.33
2021-02-24,108.48,110.11,108.39,109.28,1770877,119.02
2021-02-25,109.44,110.08,108.26,108.55,1640453,118.23
2021-02-26,108.87,108.87,105.66,105.79,2361528,115.22
2021-03-01,106.16,108.57,106.16,107.84,1616041,117.46
2021-03-02,107.42,107.84,105.97,106.47,2066890,115.96
2021-03-03,106.13,106.72,105.56,105.61,2699760,115.03
2021-03-04,105.74,106.92,103.73,103.94,2444745,113.21
2021-03-05,104.82,107.52,104.1,107.43,2371686,117.01
2021-03-08,107.88,109.37,107.58,107.74,2077295,117.35
2021-03-09,107.49,109.44,107.14,107.25,2332381,116.81
2021-03-10,107.48,108.09,106.85,107.74,1747465,117.35
2021-03-11,107.06,108.86,106.47,108.52,3959822,118.2
2021-03-12,108.98,108.99,107.57,108.24,1688862,117.89
2021-03-15,108.13,109.19,107.58,109.13,1647576,118.86
2021-03-16,108.8,109.82,108.75,109.06,1591936,118.78
2021-03-17,109.61,110.02,108.62,109.41,2301729,119.16
2021-03-18,109.46,109.82,108.39,109.55,2901600,119.32
2021-03-19,109.64,109.66,107.15,107.31,6103506,116.88
2021-03-22,107.39,108.23,107.01,107.68,2952782,117.28
2021-03-23,107.9,108.32,107.08,107.36,2184344,116.93
2021-03-24,107.09,109.03,106.94,108.34,1790619,118
2021-03-25,108.89,109.04,107.62,108.96,2001634,118.67
2021-03-26,109.1,110.51,108.43,110.39,2288016,120.23
2021-03-29,109.94,112.01,109.53,111.9,1814567,121.88
2021-03-30,111.55,112,110.83,111.57,1528614,121.52
2021-03-31,111.71,112.1,111.32,111.83,2875801,121.8
2021-04-01,111.81,113.31,111.38,113.07,2120919,123.15
2021-04-05,113.39,114.76,113.39,114.67,2177961,124.89
2021-04-06,114.75,114.94,113.97,114.72,1381485,124.48
2021-04-07,114.28,114.74,113.77,114.33,1510570,124.06
2021-04-08,114.54,115.38,114.47,115.04,1510408,124.83
2021-04-09,115.53,116.42,114.93,116.28,1372005,126.18
2021-04-12,116.17,116.45,115.7,116.31,1131663,126.21
2021-04-13,115.84,116.79,115.32,116.34,1287009,126.24
2021-04-14,116.5,117,115.42,115.6,1283572,125.44
2021-04-15,115.08,117.16,114.85,117,1842706,126.96
2021-04-16,117.74,117.98,116.62,117.44,2551108,127.44
2021-04-19,117.27,117.27,117.18,117.18,188856,127.15
2021-04-20,117.39,118.75,117.28,117.36,1417509,127.35
2021-04-21,117.69,118.09,116.87,117.53,2144341,127.53
2021-04-22,117.26,117.66,116.64,116.96,1186986,126.91
2021-04-23,117.28,117.93,116.72,117.66,1577460,127.67
2021-04-26,117.66,118.03,117.06,117.22,1559217,127.2
2021-04-27,119.19,123.41,118.21,121.84,2850593,132.21
2021-04-28,122.51,123.82,121.86,123.5,2133955,134.01
2021-04-29,123.95,125.43,123.95,125.32,1990631,135.98
2021-04-30,125.36,126.37,124.61,125.06,2765635,135.7
2021-05-03,125.43,125.66,124.24,124.69,2484906,135.3
2021-05-04,124.31,124.85,123.59,124.56,2367021,135.16
2021-05-05,124.75,127.02,124.57,126.86,2108201,137.66
2021-05-06,127.39,127.53,126.31,126.96,1239168,137.77
2021-05-07,126.61,127.76,126.38,127.15,1834595,137.97
2021-05-10,127.4,128.3,126.84,126.98,1778910,137.79
2021-05-11,126.6,126.76,123.83,124.2,2030052,134.77
2021-05-12,124.05,124.52,122.23,122.38,3012868,132.79
2021-05-13,122.61,124.46,122.53,124.03,2360471,134.59
2021-05-14,124.71,124.8,123.73,124.01,1752291,134.56
2021-05-17,123.59,124.43,122.97,123.94,2762359,134.49
2021-05-18,124.14,124.26,122.96,123.3,1925971,133.79
2021-05-19,122.64,123.76,121.61,123.71,2466977,134.24
2021-05-20,123.91,125.71,123.56,125.07,2227621,135.71
2021-05-21,125.31,126.43,125.26,125.5,2461301,136.18
2021-05-24,126.01,126.73,125.67,125.73,1652031,136.43
2021-05-25,125.84,126.38,125.62,125.89,1894085,136.6
2021-05-26,126.57,126.57,125.55,125.79,2213829,136.5
2021-05-27,126.14,126.87,125.19,126.51,2946467,137.28
2021-05-28,127.23,127.75,126.82,127.5,2245280,138.35
2021-06-01,128.1,128.49,127.22,127.92,2680980,138.81
2021-06-02,127.88,128.96,127.66,128.4,3354060,139.33
2021-06-03,127.78,128.95,127.09,128.44,2789561,139.37
2021-06-04,128.66,128.89,127.78,128.72,2368341,139.67
2021-06-07,128.84,128.96,127.04,127.15,2448254,137.97
2021-06-08,127.03,127.08,126.13,126.63,1942604,137.41
2021-06-09,126.5,127.12,126.05,126.64,1529237,137.42
2021-06-10,127.07,128.49,126.65,127.63,1988511,138.49
2021-06-11,128.02,128.27,127.34,128.02,1740406,138.92
2021-06-14,127.68,128.7,127.3,128.68,1241533,139.63
2021-06-15,128.93,130.08,128.47,129.6,2045380,140.63
2021-06-16,129.9,130.31,128.62,128.75,2610679,139.71
2021-06-17,128.86,129.16,125.45,126.11,3594804,136.84
2021-06-18,124.86,125.11,123.36,123.78,5745326,134.31
2021-06-21,124.72,125.68,124.22,125.65,2041839,136.34
2021-06-22,126.17,126.66,125.32,126,2640231,136.72
2021-06-23,126.01,127.02,125.8,126.71,1815283,137.49
2021-06-24,126.81,127.6,126.29,127.31,1957844,138.15
2021-06-25,127.59,129.3,127.28,128.74,9484601,139.7
2021-06-28,128.96,128.96,127.47,128.05,2928030,138.95
2021-06-29,128.41,130.32,128.41,129.89,1819603,140.94
2021-06-30,129.5,130.3,129.17,129.65,2463347,140.68
2021-07-01,130.08,131.57,129.84,131.18,1817667,142.34
2021-07-02,131.27,131.73,130.99,131.15,1844750,142.31
2021-07-06,131.17,131.58,130.4,131.37,3429139,142.55
2021-07-07,131.07,131.7,130.71,131.39,1876933,142.57
2021-07-08,130.2,130.99,129.55,130.42,3215814,141.52
2021-07-09,131.18,131.59,130.72,131.42,2191874,142.6
2021-07-12,131.39,131.54,130.37,130.71,1720053,141.83
2021-07-13,130.88,131.09,129.88,129.99,1581121,141.05
2021-07-14,129.65,130.15,128.95,129.9,1647707,140.96
2021-07-15,129.31,130.49,129.31,129.99,2070710,141.05
2021-07-16,130.1,130.72,129.36,130.25,2454286,141.33
2021-07-19,129.22,129.58,127.04,128.14,2013749,139.04
2021-07-20,128.63,131.11,128.21,130.59,2125186,141.7
2021-07-21,130.18,132.79,129.4,131.22,3095897,142.39
2021-07-22,132.19,135.15,131.83,134.46,3485605,145.9
2021-07-23,135.15,136.21,134.88,135.85,1874334,147.41
2021-07-26,135.85,137.59,134.5,136.06,4291581,147.64
2021-07-27,135.27,135.96,133.88,135.2,3721749,146.71
2021-07-28,133.88,134.53,132.77,133.92,3049622,144.79
2021-07-29,134.88,136.14,134.51,135.78,2133097,146.8
2021-07-30,135.66,136.85,135.5,136.17,2476798,147.22
2021-08-02,136.96,137.94,136.81,136.88,1741739,147.99
2021-08-03,137.28,139.4,136.5,139.05,2152531,150.33
2021-08-04,138.54,139.39,137.69,137.71,1621051,148.89
2021-08-05,138.33,139.69,138.21,139.6,1571554,150.93
2021-08-06,139.9,140.38,138,138.64,2391595,149.89
2021-08-09,138.73,139.42,137.98,139.33,1100447,150.64
2021-08-10,139.68,140.29,138.32,139.04,3028426,150.32
2021-08-11,139.49,140.28,138.96,140.21,1736808,151.59
2021-08-12,140.43,140.62,139.28,139.74,1490654,151.08
2021-08-13,139.84,140.46,139.84,140.26,2185034,151.64
2021-08-16,140.53,142.06,140.28,142.01,1775033,153.53
2021-08-17,141.99,143.28,141.44,142.92,1635667,154.52
2021-08-18,142.57,143.19,141.41,141.46,1942876,152.94
2021-08-19,140.94,143.01,140.62,142.37,2155441,153.92
2021-08-20,142.5,143.87,142.29,143.49,2225588,155.13
2021-08-23,143.82,145.71,143.82,144.16,2031178,155.86
2021-08-24,144.37,144.53,143.59,143.62,1604196,155.27
2021-08-25,143.3,144.37,143.05,143.66,1493151,155.32
2021-08-26,144.07,144.3,143.05,143.11,1509098,154.72
2021-08-27,143.52,144.78,143.01,144.61,1545577,156.35
2021-08-30,144.61,145.47,144.3,144.67,1694684,156.41
2021-08-31,144.62,145.85,144.47,145.4,2545507,157.2
2021-09-01,145.1,146.54,144.56,146.19,1498355,158.05
2021-09-02,146.69,147.72,146.57,147.45,1932214,159.42
2021-09-03,147.03,147.97,146.83,147.53,1234693,159.5
2021-09-07,147.05,147.07,145.49,146.04,1490952,157.89
2021-09-08,146.13,147.34,145.78,147.07,1422577,159
2021-09-09,147.21,150.08,147.21,148.26,2249250,160.29
2021-09-10,148.86,149.63,148.24,148.43,1295986,160.48
2021-09-13,149.67,149.71,146.46,147.2,1903390,159.14
2021-09-14,147.7,147.77,145.71,145.78,2306610,157.61
2021-09-15,146.21,147.85,145.23,146.88,2617398,158.8
2021-09-16,147.07,147.53,145.35,146.34,1881795,158.22
2021-09-17,145.64,146.71,143.7,144.13,5161676,155.83
2021-09-20,142.44,143.49,141.26,143.26,2127351,154.89
2021-09-21,144.12,144.51,143.46,143.91,1692289,155.59
2021-09-22,144.95,145.97,143.51,145.29,2456620,157.08
2021-09-23,145.78,147.34,145.78,146.63,2630674,158.53
2021-09-24,146.81,147.82,146.47,147.49,1831977,159.46
2021-09-27,147.67,147.73,144.29,144.82,1835506,156.57
2021-09-28,144.17,144.73,141.05,141.77,2133690,153.27
2021-09-29,142.39,143.56,141.98,142.89,1600863,154.48
2021-09-30,143.16,143.71,140,140.06,2959453,151.43
2021-10-01,140.73,144.09,140.24,142.56,2028279,154.13
2021-10-04,142.1,143.27,140.01,140.35,2032193,151.74
2021-10-05,141.34,144.16,140.84,142.94,2667731,154.54
2021-10-06,141.63,143.66,140.79,143.6,2121003,155.25
2021-10-07,144.94,146.13,144.66,145.35,1932271,156.6
2021-10-08,145.39,145.95,144.66,145.4,1193869,156.66
2021-10-11,145.43,146.63,144.99,145.55,1903374,156.82
2021-10-12,145.72,146.49,144.69,145.72,1718104,157
2021-10-13,146,146.48,144.41,146.11,2123695,157.42
2021-10-14,147.18,149.42,146.64,149.12,2098556,160.67
2021-10-15,149.98,150.94,149.51,150.36,5832317,162
2021-10-18,149.89,151.03,149.3,150.18,3262066,161.81
2021-10-19,151.24,152.91,150.44,152.83,2263933,164.66
2021-10-20,152.95,154.84,152.95,153.93,2383521,165.85
2021-10-21,154.86,156.76,153.44,156.33,3119942,168.43
2021-10-22,156.95,157.57,155.9,157.39,2428602,169.57
2021-10-25,157.38,157.38,156.98,156.98,204760,169.13
2021-10-26,157.51,157.7,156.06,156.77,2309353,168.91
2021-10-27,156.88,157.64,155.29,155.59,2460204,167.64
2021-10-28,156.09,156.62,154.81,155.42,1917407,167.45
2021-10-29,155.09,156.22,154.48,154.81,3641189,166.8
2021-11-01,155,155.39,150.12,151.09,2331236,162.79
2021-11-02,151.55,152.95,151.19,152.3,3089721,164.09
2021-11-03,152.22,152.35,149.1,150.93,2012309,162.62
2021-11-04,150.99,151.18,148.82,149.6,1840065,161.18
2021-11-05,150.74,150.92,148.68,149.85,1750936,161.45
2021-11-08,150.8,152.75,149.43,152.22,2037164,164
2021-11-09,151.92,153.25,151.56,153.07,2152453,164.92
2021-11-10,152.79,154.15,151.2,153.28,1755205,165.15
2021-11-11,153.33,153.41,151.6,153.07,1244607,164.92
2021-11-12,153.54,155.04,153.13,154.72,1391408,166.7
2021-11-15,154.94,155.9,154.07,155.32,1775081,167.35
2021-11-16,155.5,156.94,155,156.45,1969094,168.56
2021-11-17,156.14,156.6,155.04,155.73,1506984,167.79
2021-11-18,156.05,156.28,155.01,155.46,1488641,167.5
2021-11-19,156.07,157.42,154.68,157.15,1812241,169.32
2021-11-22,157.48,158.54,156.35,157.11,1953118,169.27
2021-11-23,157.2,157.9,154.98,156.9,2019823,169.05
2021-11-24,156.53,157.92,156.02,157.58,2195154,169.78
2021-11-26,154.54,156.25,152.7,154.45,1662463,166.41
2021-11-29,155.82,156.28,154.67,155.03,2649333,167.03
2021-11-30,153.61,155.95,152.21,152.23,6174304,164.02
2021-12-01,154.19,156.65,151.87,151.97,2029334,163.74
2021-12-02,152.37,156.83,152.36,156.36,2212795,168.47
2021-12-03,157.26,157.71,153.93,155.73,2344789,167.79
2021-12-06,157.35,159.25,156.58,158.21,2071042,170.46
2021-12-07,159.71,160.98,159.43,160.18,1846996,172.58
2021-12-08,161.03,162.33,159.69,160.49,1545948,172.91
2021-12-09,157.98,160.09,156.92,158.76,1665605,171.05
2021-12-10,159.82,160.15,158.41,159.45,1527583,171.8
2021-12-13,159.69,159.69,157.84,158.39,1799876,170.65
2021-12-14,158.44,158.73,155.41,156.84,2367990,168.98
2021-12-15,156.84,158.43,155.95,158.17,2266105,170.42
2021-12-16,158.86,159.33,156.39,157.78,2359889,170
2021-12-17,157.61,157.84,155.03,156.21,3727585,168.3
2021-12-20,154.72,156.32,153.12,156.21,1680553,168.3
2021-12-21,157.44,157.44,155.58,156.72,1935164,168.85
2021-12-22,156.78,158.44,156.52,158.23,1335145,170.48
2021-12-23,158.8,159.49,158.17,158.31,1513054,170.57
2021-12-27,158.64,161.42,158.64,161.39,2389995,173.89
2021-12-28,161.4,162.54,160.96,161.28,1055270,173.77
2021-12-29,161.4,162.33,161.29,161.39,1501957,173.89
2021-12-30,161.9,162.42,160.82,161.02,804303,173.49
2021-12-31,160.63,161.82,160.39,161.33,1271530,173.82
2022-01-03,159.68,160.57,155.15,155.21,2850762,167.23
2022-01-04,155.71,156.2,152.74,155.14,3327092,167.15
2022-01-05,155.54,155.99,152.99,152.99,2044873,164.83
2022-01-06,153.41,155.16,152.39,154.71,2032504,166.69
2022-01-07,154.82,155.11,151.41,152.04,3374356,163.81
2022-01-10,151.38,153.41,148.59,153.31,2704905,165.18
2022-01-11,153.67,154.01,151.29,153.82,2599404,165.73
2022-01-12,154.43,155.48,153.85,154.41,2814988,166.37
2022-01-13,154.38,155.15,151.76,152.17,1674281,163.95
2022-01-14,151.17,151.38,147.31,149.62,2759339,161.2
2022-01-18,148.05,148.63,145.84,147.33,3410877,158.74
2022-01-19,148.21,149.71,146.76,146.9,2375440,158.27
2022-01-20,147.14,149.68,146.69,146.82,2273758,158.19
2022-01-21,147.36,148.55,145.47,145.76,5827673,157.05
2022-01-24,144.61,146.61,142.85,146.61,1386874,157.96
2022-01-25,145.28,146.56,142.93,145.39,3250845,156.65
2022-01-26,146.05,147.43,142.64,143.42,3367091,154
2022-01-27,138.77,140.73,136.86,137.19,5432854,147.31
2022-01-28,136.78,140.15,132.99,139.95,4359093,150.27
2022-01-31,139.91,143.42,138.93,143.09,3466466,153.64
2022-02-01,143.13,144.06,140.67,142.98,2401236,153.52
2022-02-02,142.68,144.39,142.66,144.14,2172764,154.77
2022-02-03,143.37,144.14,141.18,141.59,2230439,152.03
2022-02-04,140.63,144.13,140.08,142.73,2138043,153.25
2022-02-07,142.58,143.75,141.93,142.79,2116438,153.32
2022-02-08,142.38,143.85,140.52,143.31,2263926,153.88
2022-02-09,144.57,146.41,144.35,145.7,1987424,156.44
2022-02-10,143.32,145.57,142.21,142.97,2078279,153.51
2022-02-11,142.9,144.3,141.1,141.76,3226773,152.21
2022-02-14,141.6,143.2,140.1,141.29,2852836,151.71
2022-02-15,142.88,143.7,142.14,143,2161770,153.54
2022-02-16,142.56,143.99,141.84,143.37,1981430,153.94
2022-02-17,142.38,142.48,140.51,140.77,1832937,151.15
2022-02-18,140.85,142.26,140.54,141.74,1896738,152.19
2022-02-22,141.7,142.22,139.72,140.76,2195986,151.14
2022-02-23,141.29,142.02,138.42,138.52,2396399,148.74
2022-02-24,136.09,142.07,135.54,141.36,3201155,151.78
2022-02-25,141.78,145.17,141.65,144.82,2149459,155.5
2022-02-28,142.79,145.45,142.39,144.74,3404196,155.41
2022-03-01,144.47,145.65,142.68,143.18,2963038,153.74
2022-03-02,144.34,145.81,143.4,144.86,2251831,155.54
2022-03-03,145.69,146.72,144.57,145.14,1905050,155.84
2022-03-04,143.82,145.98,142.49,145.74,1895295,156.49
2022-03-07,144.53,145.53,141.25,141.38,2680985,151.81
2022-03-08,137.77,137.77,137.77,137.77,278983,147.93
2022-03-09,140.48,143.98,140.2,141.86,2458992,152.32
2022-03-10,139.71,141.36,139.71,141.09,1949108,151.49
2022-03-11,141.68,142.3,139.17,139.32,2032129,149.59
2022-03-14,140.49,142.02,138.8,139.74,2212204,150.04
2022-03-15,141.47,145.25,140.98,144.63,2404428,155.3
2022-03-16,145.44,147.61,144.38,147.15,2491009,158
2022-03-17,146.92,149.76,145.48,149.75,2867311,160.79
2022-03-18,147.41,151.96,146.44,151.18,4518370,162.33
2022-03-21,151.21,152.18,149.98,150.73,1848178,161.85
2022-03-22,150.9,152,149.92,151.62,2350301,162.8
2022-03-23,151.29,152.9,150.36,151.39,3095909,162.55
2022-03-24,151.89,153.14,151.68,152.9,1495393,164.17
2022-03-25,153.2,154.8,152.69,154.7,1709915,166.11
2022-03-28,155.35,157.74,154.6,157.6,2934694,169.22
2022-03-29,159.45,160.07,158.47,159.68,2494092,171.45
2022-03-30,159.84,160.22,158,160.04,3137782,171.84
2022-03-31,161.03,161.44,158.72,158.72,3380556,170.42
2022-04-01,159.73,160.53,158.8,159.89,1766315,171.68
2022-04-04,159.49,160.08,158.26,159.35,1710779,171.1
2022-04-05,159.19,161.25,158.56,158.77,2054795,169.94
2022-04-06,158.34,160.72,157.28,160.39,2983743,171.68
2022-04-07,160.16,162.61,159.29,161.84,2856580,173.23
2022-04-08,161.95,162.87,160.68,161.22,3264648,172.57
2022-04-11,161.25,161.5,158.92,159.51,2474508,170.74
2022-04-12,160.24,160.73,156.97,157.55,1775499,168.64
2022-04-13,157.28,158.95,157.14,158.72,1619708,169.89
2022-04-14,159.08,159.95,158.27,158.6,2436829,169.76
2022-04-18,158.28,159.65,158.18,159.24,1882125,170.45
2022-04-19,159.22,161.04,159.06,160.75,2308725,172.06
2022-04-20,161.65,163.52,161.65,162.94,2711115,174.41
2022-04-21,165.09,171.1,164.35,166.95,5350981,178.7
2022-04-22,165.69,165.7,159.28,159.6,3030842,170.83
2022-04-25,159.01,160.6,157,160.41,3213328,171.7
2022-04-26,160.11,160.3,157.25,157.31,2679350,168.38
2022-04-27,157.67,159.52,156.87,157.35,1930753,168.42
2022-04-28,158.75,161.15,156.6,160.42,2359674,171.71
2022-04-29,159.18,159.23,150.57,151.07,3247698,161.7
2022-05-02,152.2,152.69,144.76,147.55,2777445,157.93
2022-05-03,149.14,151.61,148.54,148.9,2038224,159.38
2022-05-04,148.54,153.07,147.46,152.69,2016579,163.44
2022-05-05,151.8,152.41,148.25,150.6,2267238,161.2
2022-05-06,149.93,151.76,148.41,151.13,2081787,161.77
2022-05-09,149.6,150.6,146.29,146.72,2619787,157.05
2022-05-10,148.52,149.6,145.58,147.57,1909214,157.96
2022-05-11,146.83,149.39,145.69,146.03,1729041,156.31
2022-05-12,145.74,147.33,143.47,145.71,1746453,155.97
2022-05-13,146.97,149.47,146.51,149.43,1702302,159.95
2022-05-16,149.03,150.2,148.05,148.57,1485755,159.03
2022-05-17,150.11,151.03,147.59,148.85,1810777,159.33
2022-05-18,147.89,147.92,142.02,142.43,1900797,152.45
2022-05-19,141.11,142.43,139.54,141.88,2177322,151.87
2022-05-20,142.57,143.52,137.21,140,2758580,149.85
2022-05-23,140.86,142.87,139.03,142.3,1816506,152.32
2022-05-24,141.95,144.07,141.31,143.5,1493086,153.6
2022-05-25,143.05,143.67,141.4,142.46,1818304,152.49
2022-05-26,144.17,147.4,142.95,146.76,2692521,157.09
2022-05-27,147.22,150.62,147.22,150.59,1970404,161.19
2022-05-31,149.81,150.69,147.68,149.43,3974997,159.95
2022-06-01,149.5,150.02,146.06,146.13,1947867,156.41
2022-06-02,145.93,149.65,144.84,149.56,1711850,160.09
2022-06-03,144.7,147.86,143.76,146.92,2326656,157.26
2022-06-06,148.21,148.76,147.26,147.59,1216229,157.98
2022-06-07,146.96,148.36,146.21,148.22,1392039,158.65
2022-06-08,146.97,148.21,145.62,146.06,1127454,156.34
2022-06-09,146.41,146.52,142.88,142.94,1461539,153
2022-06-10,139.87,141.9,138.98,140.17,2122558,150.04
2022-06-13,136.98,140.06,136.45,137.62,1925820,147.31
2022-06-14,137.6,139.02,136.79,137.58,1738419,147.26
2022-06-15,139.42,140.51,136.53,138.63,1703024,148.39
2022-06-16,136.37,136.61,134.19,134.85,1864368,144.34
2022-06-17,135.13,136.78,133.91,134.94,4721924,144.44
2022-06-21,136.87,139.73,136.54,139.11,2467550,148.9
2022-06-22,137.83,142.01,137.58,140.59,2139617,150.49
2022-06-23,141.63,144.7,141.15,144.42,2073678,154.58
2022-06-24,145.04,149.26,145.04,148.39,8815943,158.83
2022-06-27,148.46,149.12,147.67,148.48,1830228,158.93
2022-06-28,148.78,150.27,144.49,144.54,2170772,154.71
2022-06-29,145.01,145.93,143.77,144.84,1537510,155.03
2022-06-30,143.82,145.71,143.07,145.04,2628201,155.25
2022-07-01,145.32,146.31,144.08,146.16,1527639,156.45
2022-07-05,144.87,145.93,142.75,145.93,1973772,156.2
2022-07-06,146.88,148.45,145.76,147.26,2064606,157.62
2022-07-07,147.48,148.43,145.72,146.2,2077035,156.49
2022-07-08,145.96,146.42,144.65,145.36,1317944,155.59
2022-07-11,144.95,145.93,144.55,145.16,1391665,155.38
2022-07-12,145.17,146.61,142.4,143.07,2005458,153.14
2022-07-13,141.37,143.71,140.14,141.62,2548058,151.59
2022-07-14,139.65,140.08,137.17,139.23,2768336,149.03
2022-07-15,141.19,141.74,140.12,141.05,6058375,150.98
2022-07-18,141.56,141.9,137.9,138.6,2599447,148.35
2022-07-19,140.05,143.4,139.87,143.2,2758868,153.28
2022-07-20,143.35,144.1,141.14,143.36,2182134,153.45
2022-07-21,145.05,149.74,143.89,147.72,3385957,158.12
2022-07-22,147.43,148.54,144.71,146.53,2689292,156.84
2022-07-25,146.74,148.17,145.35,146.51,2111261,156.82
2022-07-26,146.6,147.73,144.8,145.56,1989109,155.81
2022-07-27,145.93,148.83,145.52,148.27,2357771,158.11
2022-07-28,148.5,152.17,148.03,151.71,2386770,161.77
2022-07-29,152.55,155.33,152.25,153.76,3055946,163.96
2022-08-01,152.03,153.75,151.35,151.89,2019227,161.96
2022-08-02,151.66,153.59,150.82,151.78,1690217,161.85
2022-08-03,152.21,155.41,151.62,155.1,1909537,165.39
2022-08-04,155.12,155.87,154.5,155.03,1873355,165.31
2022-08-05,154.12,155.37,153.76,155.3,1492239,165.6
2022-08-08,156.11,157.12,155.66,156.58,2120639,166.97
2022-08-09,157.1,158,156.14,156.67,1902279,167.06
2022-08-10,158.83,159.36,157.6,159.13,1787120,169.68
2022-08-11,159.75,160.99,159.27,159.64,1670101,170.23
2022-08-12,160.39,162.33,159.89,161.98,1671683,172.72
2022-08-15,161.3,162.63,160.23,162.39,1993255,173.16
2022-08-16,161.45,163.39,161.45,162.17,1965231,172.93
2022-08-17,161.1,162.51,160.69,162.08,1451805,172.83
2022-08-18,162.07,162.58,161.27,162.34,1088215,173.11
2022-08-19,162.29,162.29,160.74,161.09,2039937,171.78
2022-08-22,159.75,160.58,157.6,157.84,1500217,168.31
2022-08-23,157.28,157.96,156.41,156.51,1175184,166.89
2022-08-24,156.65,158,156.23,157.8,1273692,168.27
2022-08-25,158.45,159.8,157.52,159.77,1314738,170.37
2022-08-26,160.27,160.27,155.53,155.64,1565056,165.96
2022-08-29,154.41,155.43,153.26,154.13,1170139,164.35
2022-08-30,154.42,154.68,152.02,152.43,1471736,162.54
2022-08-31,152.95,154.45,151.1,151.33,2413362,161.37
2022-09-01,150.82,152.51,149.63,152.46,1436039,162.57
2022-09-02,153.69,154.28,149.45,150.3,1361919,160.27
2022-09-06,150.92,152.55,150.07,151.52,1823217,161.57
2022-09-07,151.93,155.56,151.81,155.26,1553722,165.56
2022-09-08,154.67,156.4,154.2,155.93,1427045,166.27
2022-09-09,155.94,157.2,155.42,156.39,1260815,166.76
2022-09-12,156.73,157.58,155.91,156.98,1603640,167.39
2022-09-13,154.55,155.04,150.24,150.51,1756556,160.49
2022-09-14,150.62,151.19,148.02,148.93,2608739,158.81
2022-09-15,149.27,149.27,146.61,147.13,1740475,156.89
2022-09-16,146.63,147.23,145.43,146.61,3373600,156.34
2022-09-19,145.6,147.47,145.24,147.44,1584302,157.22
2022-09-20,146.05,146.37,143.95,145.8,1397335,155.47
2022-09-21,146.8,148.77,144.01,144.05,1595433,153.6
2022-09-22,143.65,143.93,140.97,141.8,1670721,151.21
2022-09-23,141.19,142.21,140,141.96,1545433,151.38
2022-09-26,141.63,142.37,139.31,139.91,2143262,149.19
2022-09-27,141.32,142.53,138.9,139.9,1705364,149.18
2022-09-28,141.15,142.23,139.43,141.56,2253728,150.95
2022-09-29,141.21,141.69,139.49,141.28,1958858,150.65
2022-09-30,141.06,142.29,139.86,140,2965265,149.29
2022-10-03,141.4,146.03,140.61,145.25,2714053,154.88
2022-10-04,146.52,149.03,146.23,148.84,1847561,158.71
2022-10-05,148.23,150.23,147.41,149.33,1533830,159.23
2022-10-06,148.97,150,147.77,148.08,1935471,157.32
2022-10-07,147.4,147.62,142.5,143.25,3406617,152.19
2022-10-10,144.26,145.93,143.69,144.95,1549975,153.99
2022-10-11,144.76,145.82,142.8,143.41,1555612,152.36
2022-10-12,144.46,145.21,143.04,143.07,1880308,151.99
2022-10-13,140.27,147.45,139.44,146.83,2272419,155.99
2022-10-14,148.36,149.06,142.78,142.98,2165789,151.9
2022-10-17,145.27,147.63,145.27,146.73,1811588,155.88
2022-10-18,150.23,150.71,147.11,148.24,2101977,157.49
2022-10-19,147.07,148.41,146.26,147.75,1954088,156.97
2022-10-20,149.66,149.66,145.02,145.48,2300761,154.56
2022-10-21,144.04,146.09,141.93,145.83,2529367,154.93
2022-10-24,146.98,148.34,146.26,147.26,1913484,156.45
2022-10-25,146.79,146.79,143.16,144.12,2559180,153.11
2022-10-26,144.8,146.95,143.61,145.37,2198084,154.44
2022-10-27,146.42,147.26,145.17,146.12,2082713,155.23
2022-10-28,146.63,154.34,146.63,154.13,2325543,163.74
2022-10-31,153.29,154.64,151.88,152.01,2285743,161.49
2022-11-01,153.04,154.05,151.85,152.71,1538152,162.24
2022-11-02,152.19,154.52,149.72,149.72,1895356,159.06
2022-11-03,148.61,151.26,147.71,149.69,1661721,159.03
2022-11-04,150.9,151.85,148.05,150.95,1355484,160.37
2022-11-07,151.05,154.12,150.17,153.44,1094337,163.01
2022-11-08,152.86,154.3,150.91,152.23,1333949,161.73
2022-11-09,152.2,152.8,149.63,149.96,1199460,159.31
2022-11-10,154.5,158.71,153.71,158.5,2185614,168.39
2022-11-11,159.68,159.68,155.15,156.82,1994618,166.6
2022-11-14,156.71,158.31,155.47,155.58,1562773,165.29
2022-11-15,157.14,157.82,152.49,154.01,2053086,163.62
2022-11-16,154.01,156.45,153.92,155.79,1492766,165.51
2022-11-17,154.94,156.11,153.12,155.92,1365637,165.65
2022-11-18,157.71,158.37,156.25,157.66,1627459,167.5
2022-11-21,158.26,160.91,157.89,159.9,1875221,169.87
2022-11-22,160.65,160.91,159.19,160.79,1541516,170.82
2022-11-23,160.72,161.39,160.02,160.48,1068167,170.49
2022-11-25,161.41,162.31,160.56,161.73,535154,171.82
2022-11-28,160.55,161.25,158.03,158.49,2231416,168.38
2022-11-29,158.11,160.14,157.77,158.78,1661068,168.68
2022-11-30,158.08,163.75,157.55,163.01,5002299,173.18
2022-12-01,163.87,164.07,161.51,162.87,1415852,173.03
2022-12-02,161.13,164.15,160.38,163.7,1321092,173.91
2022-12-05,162.46,163.12,161.18,161.59,1417554,171.67
2022-12-06,161.71,162.53,160.96,161.85,1687332,171.95
2022-12-07,162.04,163.11,160.49,161.19,1972284,171.24
2022-12-08,160.02,162.75,158.88,162.09,1352374,172.2
2022-12-09,162.03,162.71,160.98,161.02,1540374,171.06
2022-12-12,161.63,162.94,160.82,162.87,2056866,173.03
2022-12-13,166.37,166.37,161.71,163.27,2298141,173.46
2022-12-14,163.21,166.14,161.75,162.25,1813438,172.37
2022-12-15,160.22,160.43,157.52,158.23,1753472,168.1
2022-12-16,156.56,157.14,154.14,155.49,3213812,165.19
2022-12-19,155.04,156.47,153.04,154.12,1671655,163.73
2022-12-20,155.08,156.65,154.6,155.17,1504781,164.85
2022-12-21,156.24,157.77,155.74,157.75,1162030,167.59
2022-12-22,157.02,157.5,153.96,155.97,1500476,165.7
2022-12-23,155.42,156.81,154.47,155.87,1223004,165.59
2022-12-27,155.91,157.25,155.53,156.67,785438,166.44
2022-12-28,157.18,157.73,154.87,154.94,772215,164.6
2022-12-29,155.8,157.56,155.24,156.99,816802,166.78
2022-12-30,155.88,156.24,154.02,155.76,808061,165.48
2023-01-03,156.54,157.32,154.89,156.23,1624318,165.98
2023-01-04,157.63,159.92,156.14,159.27,1729195,169.21
2023-01-05,158.69,159.08,156.15,156.38,1323322,166.14
2023-01-06,158.21,161.52,157.21,160.92,1322000,170.96
2023-01-09,160.84,163.73,160.08,160.39,1371420,170.39
2023-01-10,160.15,160.91,158.97,160.39,1126891,170.39
2023-01-11,161.16,163.92,161.16,163.7,1641021,173.91
2023-01-12,164.72,164.72,162.38,163.93,1946943,174.16
2023-01-13,162.75,163.66,162.07,163.2,1269503,173.38
2023-01-17,163.15,164.3,161.62,161.91,1278847,172.01
2023-01-18,161.84,162.22,158.62,158.9,1468096,168.81
2023-01-19,158.34,160.54,157.91,159.64,2009949,169.6
2023-01-20,159.95,163.06,158.77,162.95,1565553,173.12
2023-01-23,163.09,164.84,162.07,163.32,1410309,173.51
2023-01-24,163.59,163.99,161.6,163.3,1061762,173.49
2023-01-25,162.44,164.17,161.22,163.66,1558534,173.28
2023-01-26,162.88,166.22,160.94,165.91,2151491,175.66
2023-01-27,165.63,165.63,161.68,162.58,1621128,172.13
2023-01-30,162.52,164.08,162.04,162.39,1378229,171.93
2023-01-31,162.93,165.28,162.08,165.2,2011745,174.91
2023-02-01,163.72,167.03,163.34,165.72,2100179,175.46
2023-02-02,166.33,166.51,164.36,165.59,2281150,175.32
2023-02-03,164.25,164.78,161.26,162.34,1621563,171.88
2023-02-06,161.65,163.45,161.32,162.69,1341582,172.25
2023-02-07,160.96,164.89,160.54,164.16,1178002,173.81
2023-02-08,163.4,165.42,162.69,163.78,1023539,173.4
2023-02-09,164.8,165.26,161.79,161.9,1533900,171.41
2023-02-10,161.73,162.7,161.24,162.5,1432673,172.05
2023-02-13,162.78,164.77,162.62,164.34,1276907,174
2023-02-14,164.42,165.27,157.49,157.73,3270183,167
2023-02-15,156.9,159.29,156.75,158.74,1411661,168.07
2023-02-16,156.83,158.23,156.77,157.27,1511632,166.51
2023-02-17,156.72,157.48,156.09,157.2,1829937,166.44
2023-02-21,156.27,156.65,154.73,154.83,1946224,163.93
2023-02-22,155.8,156.05,154.02,154.95,1262228,164.06
2023-02-23,155.98,156.18,153.42,154.78,1193536,163.88
2023-02-24,153.26,153.69,152.33,153.05,1515926,162.04
2023-02-27,154.38,154.91,152.68,153.23,1460788,162.23
2023-02-28,153.3,154.73,153.09,153.14,2089668,162.14
2023-03-01,152.77,153.8,152.08,153.02,1549110,162.01
2023-03-02,152.28,153.31,151.41,152.9,1408080,161.89
2023-03-03,153.4,154.64,152.28,154.59,1004552,163.67
2023-03-06,154.59,156.31,153.96,156.09,1422180,165.26
2023-03-07,156.43,156.43,152.95,153.25,1063298,162.26
2023-03-08,153.57,155.01,152.49,153.24,1314890,162.25
2023-03-09,153.83,153.91,149.5,150.01,1460436,158.83
2023-03-10,149.43,150.9,147.99,148.47,2135808,157.2
2023-03-13,146.31,149.68,146.02,146.64,2355395,155.26
2023-03-14,148.53,149.19,146.54,148.53,1873682,157.26
2023-03-15,145.34,145.99,143.43,145.53,2266724,154.08
2023-03-16,145.53,151.01,144.7,149.88,2344944,158.69
2023-03-17,150.48,150.86,147.06,147.15,4917259,155.8
2023-03-20,147.66,149.76,147.37,149.43,1914907,158.21
2023-03-21,151.16,152,150.87,151.52,1769283,160.42
2023-03-22,151.81,152.7,149.1,149.15,1263748,157.91
2023-03-23,148.36,150.95,148.08,149.84,1292742,158.65
2023-03-24,149.23,151.87,148.57,151.62,1619814,160.53
2023-03-27,152.79,153.46,152.15,152.39,1503141,161.35
2023-03-28,152.15,153.42,151.82,153.29,1156752,162.3
2023-03-29,154.59,155.61,154.43,155.35,1359915,164.48
2023-03-30,155.84,156.57,154.3,155.73,1643954,164.88
2023-03-31,157.39,157.39,155.81,157.31,1656502,166.55
2023-04-03,156.65,159.94,156.65,159.27,1745132,168.63
2023-04-04,159.83,160.5,158.13,158.97,1070204,167.72
2023-04-05,158.94,160.68,158.7,159.42,1555665,168.2
2023-04-06,159.25,160.83,158.99,160.54,1739678,169.38
2023-04-10,159.61,160.15,158.27,159.36,828927,168.13
2023-04-11,159.47,161.02,159.05,160.37,1303222,169.2
2023-04-12,161.13,162.35,160.59,161.2,1173324,170.08
2023-04-13,161.09,163.62,160.65,163.4,1925468,172.4
2023-04-14,163.22,164.36,162.73,164.14,1500003,173.18
2023-04-17,164.19,165.17,163.91,165.08,1632260,174.17
2023-04-18,165.54,166.47,165.15,165.76,1641253,174.89
2023-04-19,165.76,166.71,163.85,164.5,1870185,173.56
2023-04-20,165.88,171.17,165.46,170.32,3480623,179.7
2023-04-21,170.61,170.74,169.26,170.58,4628378,179.97
2023-04-24,170.61,170.62,169.19,169.91,2071587,179.27
2023-04-25,169.91,170.61,168.41,168.52,1693514,177.8
2023-04-26,166.89,168.6,166.58,167.07,1887471,176.27
2023-04-27,167.13,170.14,167.13,170.08,1579606,179.45
2023-04-28,170.21,171.3,169.21,170.79,2131966,180.19
2023-05-01,170.7,172.91,170.44,172.04,1450056,181.51
2023-05-02,171.97,171.97,168.48,170.13,1567034,179.5
2023-05-03,170.94,171.53,168.55,168.6,1163340,177.88
2023-05-04,168.59,168.92,167.06,168.07,1427932,177.32
2023-05-05,168.67,170.56,168.21,170,1102645,179.36
2023-05-08,170.39,171.3,169.76,170.8,956389,180.2
2023-05-09,170.91,171.48,169.87,170.02,1200254,179.38
2023-05-10,170.61,171.46,169.71,171.1,918867,180.52
2023-05-11,170.88,171.31,169.85,170.96,1665813,180.37
2023-05-12,171.45,171.97,170.46,171.76,1552289,181.22
2023-05-15,171.85,172.29,170.84,172.11,1231891,181.59
2023-05-16,171.7,172.18,170.48,170.68,932666,180.08
2023-05-17,171.69,171.79,168.59,168.81,1993529,178.1
2023-05-18,168.8,170.27,167.45,170.01,1391868,179.37
2023-05-19,170.78,171.68,169.82,171.12,1271905,180.54
2023-05-22,170.37,171.22,168.74,170.34,1360426,179.72
2023-05-23,169.47,169.47,164.62,165.3,2547033,174.4
2023-05-24,164.82,165.13,163.79,164.02,1851152,173.05
2023-05-25,164.6,164.64,162.61,164.18,2315741,173.22
2023-05-26,164.62,165.34,163.48,164.19,1232344,173.23
2023-05-30,164.62,166.19,164.45,165.22,1702556,174.32
2023-05-31,164.52,164.99,162.52,164.14,5349712,173.18
2023-06-01,164.75,165.61,163.31,165.32,1494580,174.42
2023-06-02,165.76,168,165.31,167.19,1395074,176.4
2023-06-05,167.32,168.29,166.56,167.91,2111323,177.16
2023-06-06,168.33,168.54,166.36,167.25,1219822,176.46
2023-06-07,166.9,167.83,165.16,165.76,1683387,174.89
2023-06-08,167.27,167.61,166.34,167.11,1480293,176.31
2023-06-09,166.75,169.41,166.23,168.95,1430299,178.25
2023-06-12,169.09,169.67,167.1,169.29,1603524,178.61
2023-06-13,168.96,169.44,167.81,168.11,1602157,177.37
2023-06-14,168.26,169.88,167.44,168.81,1519162,178.1
2023-06-15,169.07,171.96,168.89,171.11,1868859,180.53
2023-06-16,171.89,173.14,171.17,171.7,2853089,181.15
2023-06-20,171.01,173.73,170.75,171.6,1496016,181.05
2023-06-21,171.25,172.1,169.99,171.72,1414582,181.18
2023-06-22,172.13,173.14,171.47,173.09,1643459,182.62
2023-06-23,172.83,174.72,172.19,174.14,3027346,183.73
2023-06-26,174.07,174.25,173.2,173.43,1535299,182.98
2023-06-27,173.66,175.15,173.44,173.99,1446452,183.57
2023-06-28,173.3,174.16,172.9,173.76,1121775,183.33
2023-06-29,173.87,176.36,173.41,176.23,1331500,185.93
2023-06-30,177.01,179.16,176.86,178.26,1469099,188.08
2023-07-03,176.99,176.99,174.44,175.74,696434,185.42
2023-07-05,175.04,176.63,174.53,176.32,1363939,186.03
2023-07-06,175.97,176.58,175.19,175.98,1954256,185.67
2023-07-07,174.9,175.9,174.22,174.39,1588681,183.99
2023-07-10,174.9,177.24,174.56,175.26,1057232,184.91
2023-07-11,176.72,177.57,175.61,177.15,1162573,186.9
2023-07-12,178.01,178.6,176.55,176.91,1467033,186.65
2023-07-13,176.64,177.32,175.49,176.82,1137101,186.56
2023-07-14,177.26,177.63,175.87,176.98,2248142,186.72
2023-07-17,177.06,179.36,176.94,178.55,1287043,188.38
2023-07-18,177.92,179.22,177.37,178.3,1458646,188.12
2023-07-19,177.78,178.9,177.3,177.58,1285536,187.36
2023-07-20,176.59,180.96,176.59,179.33,2755787,189.2
2023-07-21,180.98,184.03,180.39,181.44,2080269,191.43
2023-07-24,181.75,182.63,181.18,182.43,1097812,192.47
2023-07-25,182.67,183.39,181.98,183.31,2030342,193.4
2023-07-26,183.45,183.74,181.75,182.65,1874730,192
2023-07-27,182.71,183.44,179.96,180.28,2223587,189.51
2023-07-28,181.38,181.83,178.54,179.66,1689003,188.86
2023-07-31,179.43,179.82,178.19,179.24,1904601,188.42
2023-08-01,179.25,181.23,178.83,180.46,1764996,189.7
2023-08-02,179.99,181.84,179.56,181.7,1983598,191
2023-08-03,181.21,182.75,180.8,181.74,1330857,191.04
2023-08-04,181.77,183.48,179.99,180.36,1269862,189.59
2023-08-07,181.37,183.07,180.93,182.7,866708,192.05
2023-08-08,182.19,182.5,180.09,180.19,816872,189.41
2023-08-09,179.8,182.42,179.57,181.44,1416663,190.73
2023-08-10,182.21,184.39,180.8,181.5,1030676,190.79
2023-08-11,181.97,182.73,180.81,182.51,974012,191.85
2023-08-14,182.42,183.58,182.04,182.84,1400450,192.2
2023-08-15,181.54,182.68,180.79,180.88,987733,190.14
2023-08-16,181.28,182.76,180.96,180.99,1071214,190.25
2023-08-17,181.27,181.94,179.52,179.55,1142321,188.74
2023-08-18,178.61,180.9,178.61,179.64,1307578,188.84
2023-08-21,180.75,181.08,178.43,179.98,919480,189.19
2023-08-22,180.39,181.05,179.81,180.29,940080,189.52
2023-08-23,181.24,182.91,180.65,182.73,941426,192.08
2023-08-24,183.14,183.77,182.35,182.45,1071739,191.79
2023-08-25,183.53,185.54,182.94,184.75,1155288,194.21
2023-08-28,185.02,185.55,184.05,185.29,1576648,194.77
2023-08-29,185.41,187.1,184.28,187.04,1249130,196.61
2023-08-30,187.24,188.16,186.3,186.6,1716409,196.15
2023-08-31,187.04,187.21,185.25,185.49,2034346,194.99
2023-09-01,186.28,187.23,185.93,186.24,930091,195.77
2023-09-05,186.11,186.17,183.5,183.56,1360419,192.96
2023-09-06,183.1,184.98,182.43,184.49,1033929,193.93
2023-09-07,184.34,186.44,183.57,186.17,941034,195.7
2023-09-08,186.24,186.65,184.65,185.28,1122632,194.76
2023-09-11,185.99,186.61,185.19,186.16,925249,195.69
2023-09-12,186.18,187.67,186.02,187.25,1214998,196.84
2023-09-13,187.71,188.28,186.73,187.2,1053789,196.78
2023-09-14,188.18,189.05,186.91,188.88,1070112,198.55
2023-09-15,188.24,189.1,186.32,186.64,2638130,196.19
2023-09-18,186.94,188.61,186.44,188.1,1514495,197.73
2023-09-19,188.22,188.99,187.51,188.5,1287419,198.15
2023-09-20,188.81,189.5,187.8,187.85,1002075,197.47
2023-09-21,187.44,187.88,185.67,185.7,1548377,195.21
2023-09-22,185.76,187.18,185.11,185.99,1269644,195.51
2023-09-25,185.3,186.11,184.58,185.88,1339678,195.4
2023-09-26,185.22,185.88,183.48,184.08,1462062,193.5
2023-09-27,183.93,184.5,182.2,183.58,1174761,192.98
2023-09-28,183.89,185.26,183.2,183.98,1067181,193.4
2023-09-29,184.64,185.66,180.08,181.03,2415734,190.3
2023-10-02,180.19,181.59,178.55,179.58,1862545,188.77
2023-10-03,179.38,180.45,178.28,179.54,1421066,188.73
2023-10-04,180.07,182.34,179.53,181.81,1875812,191.12
2023-10-05,182.49,184.33,181.61,183.25,1481001,191.92
2023-10-06,183.07,185.92,182.5,184.62,1604791,193.35
2023-10-09,183.92,184.99,183.39,184.36,1976245,193.08
2023-10-10,184.67,184.85,183.17,183.92,1316681,192.62
2023-10-11,184.51,184.82,182.59,184.19,1303022,192.9
2023-10-12,184.09,184.65,181.96,182.31,1264159,190.93
2023-10-13,183.02,184.35,181.56,182.32,1530073,190.94
2023-10-16,183.33,184.73,181.98,183.81,1757853,192.5
2023-10-17,182.69,183.32,181.33,182.28,1802143,190.9
2023-10-18,182.43,183.17,180.36,181.09,1878246,189.65
2023-10-19,183.06,184.52,180.38,182.38,3163533,191
2023-10-20,182.39,183.65,178.57,179.2,3135484,187.67
2023-10-23,179.28,180.55,177.72,178,1397206,186.42
2023-10-24,179.07,180.88,179.07,180.45,1608217,188.98
2023-10-25,180.79,182.98,180.13,180.35,1212050,188.88
2023-10-26,181.02,182.41,178.36,178.67,2030175,187.12
2023-10-27,178.14,178.7,175.71,176.55,1441782,184.9
2023-10-30,177.14,180.38,176.74,179.77,1155140,188.27
2023-10-31,180.48,181.35,179.34,181.09,1308054,189.65
2023-11-01,181.94,182.31,179.7,181.47,1711361,190.05
2023-11-02,181.94,184.85,181.31,184.72,1589775,193.45
2023-11-03,185.4,185.62,183.19,185.17,1033118,193.93
2023-11-06,185.9,186.73,185.14,185.81,1238885,194.6
2023-11-07,186.2,186.52,185.12,185.84,977587,194.63
2023-11-08,186.53,188.33,185.58,187.83,1096239,196.71
2023-11-09,188.33,189.86,187.5,188.96,1084021,197.89
2023-11-10,189.99,191.62,188.64,191.4,1256722,200.45
2023-11-13,190.97,191.79,190.24,191.13,1055340,200.17
2023-11-14,191.21,191.92,188.95,189.15,2119556,198.09
2023-11-15,188.96,189.47,186.51,186.65,2186987,195.48
2023-11-16,187.71,190.43,186.32,189.37,3358976,198.32
2023-11-17,188.92,190.23,188.52,188.93,1453610,197.86
2023-11-20,188.93,190.44,188.2,189.7,1111151,198.67
2023-11-21,190.38,191.72,189.16,190.06,1125852,199.05
2023-11-22,190.45,191.29,190.35,191.13,950754,200.17
2023-11-24,192.26,192.84,191.7,191.86,697751,200.93
2023-11-27,191.93,192.38,190.93,191.2,1909314,200.24
2023-11-28,190.63,191.44,188.14,188.35,1604331,197.26
2023-11-29,188.39,189.01,186.45,187.47,1622967,196.33
2023-11-30,187.76,190.61,186.88,190.42,2211911,199.42
2023-12-01,189.95,190.2,187.99,188.49,1526307,197.4
2023-12-04,188.3,189.45,187.56,188.44,1906924,197.35
2023-12-05,188.16,188.5,186.27,187.48,1482559,196.35
2023-12-06,187.87,188.35,184.05,186.61,1484799,195.43
2023-12-07,186.92,187.7,186.17,186.63,1952868,195.45
2023-12-08,186.95,187.74,185.62,186.84,1291238,195.67
2023-12-11,187.49,189.85,187.15,189.68,1397806,198.65
2023-12-12,190.01,192.37,189.36,192.07,1893804,201.15
2023-12-13,191.9,193.65,190.99,192.75,1733001,201.86
2023-12-14,192.4,192.4,181.77,182.63,2885106,191.27
2023-12-15,180.08,180.24,177.16,178.67,3409708,187.12
2023-12-18,179.87,181.9,179.58,181.19,1956063,189.76
2023-12-19,180.97,181.99,178.75,179.28,2284291,187.76
2023-12-20,178.03,179.36,175.96,177.02,1888610,185.39
2023-12-21,176.77,178.65,176.22,178.39,1821332,186.82
2023-12-22,178.6,179.61,177.89,179.42,1642833,187.9
2023-12-26,178.92,179.22,178.2,179.03,1159599,187.5
2023-12-27,178.88,180.08,178.43,180,1057755,188.51
2023-12-28,180.47,181.22,180.04,180.27,1420403,188.79
2023-12-29,180.22,181.08,179.77,180.92,1148319,189.47
2024-01-02,180.72,182.26,180.32,181.58,1861170,190.17
2024-01-03,182.18,183.19,181.66,182.68,2035077,191.32
2024-01-04,183.44,184.73,182.65,182.84,1557857,191.49
2024-01-05,183.21,183.74,180.58,182.22,1779921,190.84
2024-01-08,181.38,183.04,180.39,182.95,1507608,191.6
2024-01-09,181.76,182.51,180.44,182.46,1329334,191.09
2024-01-10,182.32,183.89,181.91,183.75,1541668,192.44
2024-01-11,184.01,185.23,183.57,184.15,1400954,192.86
2024-01-12,185.1,187.57,184.92,187.09,1699107,195.94
2024-01-16,187.07,188.23,186.32,186.82,1634883,195.65
2024-01-17,187.1,189.95,186.64,187.48,1747396,196.34
2024-01-18,186,189.7,184.77,189.52,2002251,198.48
2024-01-19,190.51,191.28,189.07,190.11,2161371,199.1
2024-01-22,190.14,190.52,188.99,189.48,2738021,198.44
2024-01-23,189.84,190.98,189.76,190.13,1529476,199.12
2024-01-24,190.79,191.27,189.66,190.4,1735206,198.69
2024-01-25,183.51,184.35,180.45,183.12,3405491,191.09
2024-01-26,182.52,184.98,181.72,184.94,2073600,192.99
2024-01-29,184.59,184.86,181.97,183.02,2257567,190.99
2024-01-30,183.17,185.08,182.56,184.97,2737746,193.03
2024-01-31,185.68,187.54,185.25,185.75,3519721,193.84
2024-02-01,184.64,185.72,182.46,185.65,1705282,193.74
2024-02-02,186.24,187.34,185.09,185.29,1742486,193.36
2024-02-05,185.33,185.44,183.86,184.22,1894109,192.24
2024-02-06,184.23,186.65,183.94,186.38,1733471,194.5
2024-02-07,187.02,188.57,186.57,187.56,1982188,195.73
2024-02-08,188.38,188.67,186.38,188.59,1250896,196.8
2024-02-09,188.32,189.66,187.76,189.65,1044237,197.91
2024-02-12,189.74,189.74,187.62,188,1319982,196.19
2024-02-13,189.02,189.74,186.8,188.27,1483559,196.47
2024-02-14,189.16,189.56,187.81,189.47,1760959,197.72
2024-02-15,189.74,193.57,189.36,192.6,1651250,200.99
2024-02-16,192.73,193.5,191.68,191.94,1253099,200.3
2024-02-20,191.91,193.2,191.05,192.51,1210345,200.89
2024-02-21,193.56,193.69,190.51,191.49,961073,199.83
2024-02-22,192.23,195.98,191.93,195.74,1858472,204.26
2024-02-23,195.83,196.13,194.91,195.15,1391443,203.65
2024-02-26,195.33,196.01,194.68,195.01,1480240,203.5
2024-02-27,193.78,195.31,193.71,194.75,934998,203.23
2024-02-28,195.06,197.58,194.82,197.48,1181615,206.08
2024-02-29,195.62,197.39,192.38,193.83,2604833,202.27
2024-03-01,193.39,194.2,192.52,193.57,1399094,202
2024-03-04,192.41,193.56,191.42,193.46,1637693,201.88
2024-03-05,193.22,194.53,192.84,193.47,1225808,201.9
2024-03-06,193.12,195.45,192.24,195.14,1651121,203.64
2024-03-07,195.49,196.43,194.63,195.76,1168255,204.29
2024-03-08,195.19,197.09,194.52,196.59,1026961,205.15
2024-03-11,196.35,197.41,195.88,197.36,907799,205.96
2024-03-12,197.4,199.07,196.86,198.7,1087692,207.35
2024-03-13,198.84,199.27,197.45,199.22,897803,207.9
2024-03-14,200.43,200.47,198.24,199.07,1173358,207.74
2024-03-15,197.21,200.46,196.45,197.73,2766480,206.34
2024-03-18,197.92,199.16,197.22,198.27,1190101,206.9
2024-03-19,199.02,199.08,197.26,198.05,1636220,206.68
2024-03-20,198.24,199.06,197.47,197.83,2202480,206.45
2024-03-21,197.43,198.57,196.26,196.86,2357202,205.43
2024-03-22,197.62,198.11,195.74,195.89,1958968,204.42
2024-03-25,195.15,195.49,194.05,194.6,1711582,203.08
2024-03-26,194.48,196.05,194.48,194.88,1299821,203.37
2024-03-27,195.63,197.16,195.23,197.03,1315906,205.61
2024-03-28,197.96,198.11,196.74,197.38,1272216,205.98
2024-04-01,196.92,196.97,194.99,195.38,898980,203.89
2024-04-02,195.8,196.53,194.44,194.6,1914153,203.08
2024-04-03,194.59,196.79,194.29,195.69,2135319,203.5
2024-04-04,196.86,197.43,192.79,193.05,2174827,200.75
2024-04-05,194.07,198.36,193.52,197.69,2227919,205.58
2024-04-08,197.56,197.96,195.84,196.44,1575395,204.28
2024-04-09,197.1,197.63,194.8,196.49,1382286,204.33
2024-04-10,195.77,196.13,193.35,193.46,1957794,201.18
2024-04-11,192.14,193.51,191.51,191.55,1949221,199.19
2024-04-12,190.5,192.64,189.62,190.47,1933741,198.07
2024-04-15,192.5,192.5,189.41,189.75,1440435,197.32
2024-04-16,190.2,190.51,188.64,188.76,1493507,196.29
2024-04-17,189.21,190.45,188.7,190.04,2222548,197.62
2024-04-18,198.08,198.58,193.8,193.99,3707944,201.73
2024-04-19,194.74,195.34,191.26,194.64,2460976,202.41
2024-04-22,196.11,196.11,193.53,193.7,1616417,201.43
2024-04-23,194.74,195.22,193.02,193.97,1920409,201.71
2024-04-24,193.48,193.78,191.72,193.24,1614133,200.95
2024-04-25,192.94,193.94,191.6,193.74,1593211,201.47
2024-04-26,192.88,193.19,190.18,190.35,1783604,197.95
2024-04-29,190.42,191.31,189.58,190.86,1318748,198.48
2024-04-30,190.95,192.32,190.34,191.78,2519798,199.43
2024-05-01,191.68,193.54,191.31,192.1,1999515,199.77
2024-05-02,192.23,192.38,190.69,191.71,1821483,199.36
2024-05-03,191.16,192.17,189.17,191.62,1039890,199.27
2024-05-06,192.37,193.8,192.03,193.79,1445800,201.52
2024-05-07,194.45,196,193.61,195.89,1000323,203.71
2024-05-08,196.6,197.13,195.45,195.78,794775,203.59
2024-05-09,195.47,197.11,194.58,196.98,715163,204.84
2024-05-10,197.13,198.52,196.74,197.66,921241,205.55
2024-05-13,197.36,198.5,196.86,197.66,856716,205.55
2024-05-14,197.93,198.08,196.1,197.2,1289115,205.07
2024-05-15,196.68,198.87,196.65,198.41,1160793,206.33
2024-05-16,199.88,201.78,199.78,201.12,1898017,209.14
2024-05-17,202.07,202.07,200.4,201.91,1119913,209.97
2024-05-20,201.28,202.37,200.84,201.13,1407295,209.16
2024-05-21,201.9,202.24,200.81,201.87,1048602,209.93
2024-05-22,202.26,203.41,201.63,202.73,1259038,210.82
2024-05-23,202.33,202.33,199.81,200.01,1072739,207.99
2024-05-24,200.15,200.55,199.46,199.91,1009200,207.89
2024-05-28,198.88,199.4,195.86,196.14,1436287,203.97
2024-05-29,195.16,195.59,194.03,194.21,1443954,201.96
2024-05-30,194.23,197.57,194.1,196.56,1913907,204.4
2024-05-31,197.24,199.79,196.51,199.62,3943874,207.58
2024-06-03,199.18,200.09,197.3,198.59,1167855,206.51
2024-06-04,198,200.65,198,200.49,892358,208.49
2024-06-05,200.67,200.98,198.34,200.14,1162561,208.13
2024-06-06,200.79,201.06,199.2,200.27,1085384,208.26
2024-06-07,202.9,202.9,201.4,201.93,1725043,209.99
2024-06-10,201.94,202.39,199.11,201.57,1423517,209.61
2024-06-11,201.34,202.06,200.27,201.77,2672214,209.82
2024-06-12,202.12,202.86,200.79,202.4,1973858,210.48
2024-06-13,202.1,202.38,200.56,201.46,1726450,209.5
2024-06-14,200.72,201.58,200.13,200.87,947428,208.88
2024-06-17,200.49,203.87,200.07,203.4,1313681,211.52
2024-06-18,203.12,205.03,201.91,204.56,1628845,212.72
2024-06-20,204.21,207,203.12,206.75,1718396,215
2024-06-21,206.7,207.03,205.86,206.17,3275466,214.4
2024-06-24,206.19,208.57,205.73,207.47,1246526,215.75
2024-06-25,207.6,208.03,203.74,204.08,2217462,212.22
2024-06-26,202.31,202.95,200.54,202.7,1569887,210.79
2024-06-27,203.19,203.7,202.1,202.85,1517998,210.94
2024-06-28,202.44,203.83,201.62,202.63,6976503,210.72
2024-07-01,203.06,203.86,201.55,202.18,1241116,210.25
2024-07-02,201.51,203.99,201.51,203.86,1723002,211.99
2024-07-03,203.73,205.1,202.74,204.73,784564,212.9
2024-07-05,205.26,205.75,203.8,205.71,1221942,213.92
2024-07-08,206.23,207.24,205.34,206.04,1286837,214.26
2024-07-09,206.08,206.46,203.29,203.67,1730972,211.8
2024-07-10,203.88,206.76,203.83,206.63,1786213,214.87
2024-07-11,206.89,209.05,206.63,209,1573291,217.34
2024-07-12,210.1,211.28,209.64,209.97,1364072,218.35
2024-07-15,210.62,211.08,209.67,210.09,1556049,218.47
2024-07-16,210.63,211.67,209.87,210.51,1999723,218.91
2024-07-17,210.88,213.2,209.83,212.19,1780537,220.66
2024-07-18,209.52,211.08,206.41,209.08,2124460,217.42
2024-07-19,211.07,212.47,207.98,208.43,2486136,216.75
2024-07-22,210.24,211.72,209.73,210.63,1852843,219.03
2024-07-23,211.39,213.08,210.59,210.64,1390427,219.04
2024-07-24,211.15,212.09,208.85,209.14,1759604,217.48
2024-07-25,209.84,212.18,208.47,208.55,1792663,216.06
2024-07-26,208.95,212.17,208.84,210.39,1616181,217.97
2024-07-29,210.39,212.33,209.53,212.01,1403128,219.64
2024-07-30,212.47,215.44,211.91,214.69,1256062,222.42
2024-07-31,214.37,215.87,213.55,214.83,1424290,222.57
2024-08-01,215.82,216.8,214.3,216.8,1848623,224.61
2024-08-02,217.92,219.72,213.4,216.17,1860665,223.95
2024-08-05,218.67,219.39,207.63,208.77,2766893,216.29
2024-08-06,209.07,212.89,208.6,209.66,1411781,217.21
2024-08-07,210.03,214.32,209.55,210.51,1536709,218.09
2024-08-08,209.99,212.09,208.8,211.77,1418845,219.39
2024-08-09,211.83,212.99,210.77,212.41,929417,220.06
2024-08-12,212.91,212.91,209.03,209.8,2901253,217.35
2024-08-13,210.69,210.89,208.87,209.95,1977114,217.51
2024-08-14,209.7,213.56,209.7,213.37,1572457,221.05
2024-08-15,213.68,214.7,211.92,213.56,1592198,221.25
2024-08-16,213.63,214.4,213,214.2,1498937,221.91
2024-08-19,214.2,215.61,213.87,215.42,978171,223.18
2024-08-20,216.21,216.78,215.38,216.34,983808,224.13
2024-08-21,216.72,216.83,215.28,216.51,799374,224.31
2024-08-22,216.78,217.76,216.49,217.63,1106886,225.47
2024-08-23,218.2,218.63,213.85,215.56,1051957,223.32
2024-08-26,215.59,217.6,214.4,216.56,686066,224.36
2024-08-27,217.1,218.84,216.51,218.45,935108,226.32
2024-08-28,219.46,220.53,217.36,218.08,1442429,225.93
2024-08-29,218.08,219.88,216.5,219.17,797904,227.06
2024-08-30,218.97,219.79,216.82,219.6,1741145,227.51
2024-09-03,219.55,222.13,219.44,221.07,1774385,229.03
2024-09-04,221.43,223.85,221.19,223.38,1495394,231.42
2024-09-05,223.94,224.25,219.59,220.52,1765176,228.46
2024-09-06,220.68,221.96,219.54,219.93,1657605,227.85
2024-09-09,221.01,223.54,220.37,222.57,2442128,230.58
2024-09-10,222.99,224.15,221.75,223.78,1374512,231.84
2024-09-11,223.07,223.3,216.8,221.12,1320211,229.08
2024-09-12,220.7,222.9,219.69,222.04,1321685,230.03
2024-09-13,221.65,222.36,219.88,221.7,1665796,229.68
2024-09-16,223.29,224.18,222.68,223.14,1107133,231.17
2024-09-17,222.6,223.19,219.55,220.14,1342383,228.07
2024-09-18,221.08,221.51,217.11,218.33,1235687,226.19
2024-09-19,218.13,218.39,215.77,216.8,2470942,224.61
2024-09-20,215.29,216.03,214.1,215.78,3813172,223.55
2024-09-23,216.2,217.01,214.78,216.77,1999934,224.57
2024-09-24,216.29,216.53,214.47,215.48,1270447,223.24
2024-09-25,216.6,217.31,214.56,216.1,2630868,223.88
2024-09-26,215.05,217.5,214.36,216.02,1986234,223.8
2024-09-27,215.91,217.5,215.53,216.16,2267151,223.94
2024-09-30,216.32,216.49,214.01,215.34,1959672,223.09
2024-10-01,215.62,216.66,214.01,215.05,1418566,222.79
2024-10-02,214.01,215.48,212.85,215.34,1409831,223.09
2024-10-03,215.42,215.63,213.67,214.15,959169,221.86
2024-10-04,213.84,215.42,212.99,215.23,1081777,222.16
2024-10-07,214.47,214.47,212.2,212.92,1989793,219.78
2024-10-08,214.59,217.31,214.3,216.98,1730960,223.97
2024-10-09,216.65,220.39,216.36,219.69,1880268,226.76
2024-10-10,221,221.62,215.61,216.56,1474233,223.53
2024-10-11,217.6,218.5,216.75,218.03,1113763,225.05
2024-10-14,218.27,220.89,217.48,220.42,1325126,227.52
2024-10-15,221.59,222.83,218.74,219.01,1820619,226.06
2024-10-16,217.94,221.39,217.81,220.8,1813230,227.91
2024-10-17,222.87,225.05,219.05,219.84,2442674,226.92
2024-10-18,222.21,222.21,216.56,217.65,1980400,224.66
2024-10-21,215.19,216.59,214.2,215.13,1524179,222.06
2024-10-22,214.29,215.38,212.69,214.92,1605582,221.84
2024-10-23,214.22,218.31,213.81,216.52,4372144,223.49
2024-10-24,216.33,216.68,214.71,215.54,2006867,222.48
2024-10-25,216.58,216.84,213.92,214.41,1658639,221.31
2024-10-28,215.84,216.5,214.35,214.92,1008356,221.84
2024-10-29,215.11,217.25,214.63,214.77,1270140,221.69
2024-10-30,214.64,215.9,214.02,214.13,1174295,221.02
2024-10-31,213.66,214.45,211.33,211.43,1862106,218.24
2024-11-01,212.49,213.82,210.97,212.27,1781025,219.1
2024-11-04,213.69,214.64,212.37,214.26,1724097,221.16
2024-11-05,214.11,215.07,213.16,214.64,1507364,221.55
2024-11-06,220.65,222.46,214.25,216.29,2699068,223.25
2024-11-07,217.55,218.36,215.01,216.22,2071612,223.18
2024-11-08,217.68,219.8,216.82,218.33,2395777,225.36
2024-11-11,218.57,219.71,216.42,216.81,1788646,223.79
2024-11-12,217.55,219.92,217.45,218.15,1772060,225.17
2024-11-13,217.98,219.38,217.24,218.69,1256786,225.73
2024-11-14,218.15,218.82,214.45,214.59,1971459,221.5
2024-11-15,214.2,215.88,213.68,215.21,1930186,222.14
2024-11-18,214.5,217.56,213.82,216.69,1685728,223.67
2024-11-19,215.79,216.69,213.36,213.84,1457694,220.73
2024-11-20,215.53,215.63,213.28,215.04,1712583,221.96
2024-11-21,215.04,218.12,214.32,217.42,1526913,224.42
2024-11-22,218.22,221.15,217.04,220.71,1720817,227.82
2024-11-25,220.89,223.79,220.66,223.51,4583833,230.71
2024-11-26,224.34,226.2,222.59,225.51,1918487,232.77
2024-11-27,226.48,227.87,225.6,225.96,1349553,233.24
2024-11-29,226.22,228.15,225.63,225.95,904324,233.23
2024-12-02,225.91,225.95,223.18,225.77,1357544,233.04
2024-12-03,225.72,225.77,221.81,222.99,2699429,230.17
2024-12-04,222.19,223.6,221.24,222.57,1251114,229.74
2024-12-05,221.99,222.67,220.92,221.14,1633100,228.26
2024-12-06,221.17,221.91,217.77,218.14,1311267,225.16
2024-12-09,215.65,216.06,211.21,211.36,2842315,218.17
2024-12-10,211.06,212.31,206.4,208.86,2361756,215.59
2024-12-11,209.2,210,206.91,207.66,1924676,214.35
2024-12-12,209.75,211.46,207.98,209.18,2151249,215.92
2024-12-13,209.55,209.55,207.64,208.36,1520297,215.07
2024-12-16,208.29,208.98,206.41,206.47,2111194,213.12
2024-12-17,205.44,206.94,204.59,206.53,2268013,213.18
2024-12-18,206.27,207.27,203.17,203.34,2279522,209.89
2024-12-19,203.33,206.31,202.81,203.79,1642958,210.35
2024-12-20,204.18,207.37,203.51,205.13,3010741,211.74
2024-12-23,204.44,205.75,203.09,205.55,2270947,212.17
2024-12-24,206.09,207.78,204.42,207.36,561074,214.04
2024-12-26,207.18,208,206.09,207.52,1078080,214.2
2024-12-27,206.75,208.15,205.94,206.81,1622237,213.47
2024-12-30,205.32,206.42,203.37,205.37,1452214,211.98
2024-12-31,205.65,206.41,204.74,205.78,1515208,212.41
2025-01-02,206.99,207.9,204.38,204.75,1632104,211.34
2025-01-03,205.96,207.08,204.09,204.68,1052190,211.27
2025-01-06,204.3,205.17,201.61,201.98,1355672,208.48
2025-01-07,203.42,205.34,202.55,203.43,1443653,209.98
2025-01-08,203.92,205.22,202.78,204.76,1563119,211.35
2025-01-10,203.03,205.38,202.42,202.59,2234930,209.11
2025-01-13,202.02,206.23,200.75,204.9,4279016,211.5
2025-01-14,204.9,207.33,203.6,206.71,2912553,213.37
2025-01-15,207.74,207.74,205.36,205.96,2368202,212.59
2025-01-16,206.16,210.04,206.16,209.54,2074482,216.29
2025-01-17,209.71,210.52,208.26,208.52,2007091,215.23
2025-01-21,209.37,211.53,208.68,211.41,2610444,218.22
2025-01-22,211.88,212.13,208.65,210.56,1759793,217.34
2025-01-23,210.55,211.66,208.79,210.65,2115214,217.43
2025-01-24,209.92,212.72,209.42,212.13,2024226,218.96
2025-01-27,213.45,217.15,212.48,216.86,1663391,223.84
2025-01-28,216.61,217.49,213.84,213.99,1839420,220.88
2025-01-29,212.67,214.71,212.25,212.47,1668951,219.31
2025-01-30,217.34,217.34,209.59,214.74,2709020,220.83
2025-01-31,213.08,213.79,209.69,210.9,2345986,216.88
2025-02-03,210.04,213.66,208.85,213.24,2673154,219.29
2025-02-04,213.57,217.94,213.04,216.92,4758875,223.07
2025-02-05,218.18,219.49,216.4,219.29,2407200,225.51
2025-02-06,220.2,221.16,218.99,219.77,2955759,226
2025-02-07,219.71,221.73,219.42,221.13,2201046,227.4
2025-02-10,221.1,222.17,219.24,221.76,1697892,228.05
2025-02-11,221.69,222.28,220.69,221.71,2084959,228
2025-02-12,220.61,222.73,220.15,222.65,2045015,228.97
2025-02-13,222.9,225.25,222.59,224.73,1567554,231.1
2025-02-14,225.21,225.42,222.46,222.52,1691925,228.83
2025-02-18,222.18,224.43,221.62,223.79,1394262,230.14
2025-02-19,223.7,225.32,223.04,224.76,2042013,231.13
2025-02-20,223.65,224.97,222,224.21,1786955,230.57
2025-02-21,223.72,224.98,222.94,223.67,2193747,230.01
2025-02-24,224.63,228.14,222.93,226.43,1880584,232.85
2025-02-25,227.68,228.69,226.44,227.74,2253304,234.2
2025-02-26,227.13,227.75,224.98,225.17,1372446,231.56
2025-02-27,225.1,229.49,225.1,228.14,1614824,234.61
2025-02-28,230.21,231.41,227.97,231.28,2361392,237.84
2025-03-03,230.51,233.2,228.6,232.87,2009342,239.48
2025-03-04,233.2,235.17,229.86,230.24,2116558,236.77
2025-03-05,229.06,232.46,228.97,231.24,1728200,237.8
2025-03-06,230.23,230.72,228.07,229.89,2043829,236.41
2025-03-07,228.55,230.44,227.38,228.99,1671920,235.49
2025-03-10,228.49,231.99,227.69,229.7,2184449,236.22
2025-03-11,229.43,229.69,225.49,226.68,2572629,233.11
2025-03-12,225.91,226.46,221.94,223.47,1828823,229.81
2025-03-13,223.57,225.56,222.34,223.6,1596194,229.94
2025-03-14,223.6,225.49,222.98,225.14,1721149,231.53
2025-03-17,224.43,226.94,223.98,226.49,1603155,232.91
2025-03-18,226.32,227.76,225.2,225.76,1510776,232.16
2025-03-19,225.57,226.66,224.17,226.16,1598604,232.57
2025-03-20,226.1,227.6,224.67,226.93,1713913,233.37
2025-03-21,226.61,227.5,224.88,225.9,3067283,232.31
2025-03-24,227.38,229.28,226.42,228.15,2226478,234.62
2025-03-25,230.6,231.29,228.28,230.09,1444383,236.62
2025-03-26,230.45,232.63,230.42,232.21,1873697,238.8
2025-03-27,233.38,237.16,232.05,236.7,2507594,243.41
2025-03-28,236.95,237.1,234.83,235.7,2431082,242.39
2025-03-31,236.91,239.2,235.07,237.3,2595240,244.03
2025-04-01,237.24,238.34,235.49,237.27,1937698,244
2025-04-02,236.13,237.29,234.25,236.92,2052801,243.64
2025-04-03,236.44,240.54,235.34,238.33,2117312,244.27
2025-04-04,236.61,241.97,223.76,224.6,5141406,230.2
2025-04-07,223.71,227.55,217.14,218.3,6027212,223.74
2025-04-08,222.55,223.83,212.05,215.28,3109516,220.65
2025-04-09,213.44,225.24,212.27,223.98,2858234,229.56
2025-04-10,224.01,226.38,218.75,223.21,2257052,228.77
2025-04-11,223.45,229.05,221.31,227.67,2500153,233.34
2025-04-14,229.4,233.52,227.91,231.55,2339110,237.32
2025-04-15,231.71,232.33,226.37,226.71,2406579,232.36
2025-04-16,228.65,229.53,224.33,225.69,2164158,231.32
2025-04-17,213.45,219.31,208.13,214.72,4377474,220.07
2025-04-21,213.29,213.98,204.81,206.94,2708704,212.1
2025-04-22,208.98,214.85,208.25,214.21,2482999,219.55
2025-04-23,215.86,216.4,212.52,213.71,2166218,219.04
2025-04-24,213.11,213.8,210.21,213.64,1792928,218.96
2025-04-25,211.61,214.38,207.04,213.91,3174635,219.24
2025-04-28,214.78,216.25,214.1,215.1,2196860,220.46
2025-04-29,213.13,216.89,212.57,216.6,2059854,222
2025-04-30,217.24,220.78,213.91,219.99,3264015,225.47
2025-05-01,217.95,220.12,215.81,218.55,2313039,224
2025-05-02,220.45,222.04,219.26,221.76,1355556,227.29
2025-05-05,221.52,221.6,218.05,221.06,1501356,226.57
2025-05-06,220.5,222.02,219.37,221.19,1689131,226.7
2025-05-07,221.19,223.48,221.19,222.37,1676976,227.91
2025-05-08,222.46,225.64,222.29,222.88,1886875,228.43
2025-05-09,222.89,222.96,221.09,221.33,1525251,226.85
2025-05-12,221.31,221.72,216.81,221.51,1661946,227.03
2025-05-13,220.9,223.38,218.13,218.33,2983609,223.77
2025-05-14,218.63,219.17,214.46,217.1,2335885,222.51
2025-05-15,218.02,221.86,217.84,221.71,2302371,227.24
2025-05-16,222.02,226.26,221.28,225.76,2422470,231.39
2025-05-19,226.12,227.19,225.24,226.2,1207987,231.84
2025-05-20,225.76,226.78,224.42,225.2,1479070,230.81
2025-05-21,224.64,226.5,223.29,223.44,1653394,229.01
2025-05-22,223.23,224.4,220.52,222.91,1664406,228.47
2025-05-23,222.78,224.85,221.41,223.75,1514191,229.33
2025-05-27,224.2,226.19,223.03,225.9,1314373,231.53
2025-05-28,224.93,226.26,223.63,223.94,1134687,229.52
2025-05-29,223.43,225.98,222.66,225.86,994136,231.49
2025-05-30,225.88,228.71,222.58,227.98,3744300,233.66
2025-06-02,226.41,229.1,224.8,229.05,1425634,234.76
2025-06-03,228.75,230.05,225.87,229.15,1940315,234.86
2025-06-04,229.28,229.66,226.61,226.67,1337030,232.32
2025-06-05,227.29,227.82,221.8,223.29,1764441,228.86
2025-06-06,224.39,225.73,223.73,224.42,1059969,230.01
2025-06-09,223.28,223.47,213.9,217.11,2528473,222.52
2025-06-10,217.16,217.16,211.91,212.82,2930613,218.12
2025-06-11,211.81,213.12,208.52,212.01,2938295,217.29
2025-06-12,212.4,214.09,210.87,214.06,2135131,219.4
2025-06-13,213.4,214.35,211.65,212.09,1574516,217.38
2025-06-16,212.81,213.88,210.82,211.36,2624856,216.63
2025-06-17,211.72,211.72,209.97,210.78,3220523,216.03
2025-06-18,210.9,211.26,208.61,209.11,2510958,214.32
2025-06-20,209.5,213,209.17,210.95,4678795,216.21
2025-06-23,211.54,213.83,209.59,213.78,1964140,219.11
2025-06-24,213.86,214.96,210.1,214.33,1576224,219.67
2025-06-25,213.66,214.03,210.85,211.05,1743219,216.31
2025-06-26,211.07,212,209.8,210.77,2186581,216.02
2025-06-27,210.93,213.66,210.87,211.69,2378676,216.97
2025-06-30,211.04,214,209.93,213.32,2394510,218.64
2025-07-01,213.3,214.37,210.95,212.53,2333238,217.83
2025-07-02,211.18,211.8,205.39,207.55,3994317,212.72
2025-07-03,208.47,209.98,207.05,209.85,1711836,215.08
2025-07-07,209.6,210.27,207.08,207.98,2758950,213.16
2025-07-08,206.46,209.85,206.21,207.99,2124360,213.17
2025-07-09,207.66,209.12,206.88,208.96,1852742,214.17
2025-07-10,208.56,210,207.46,209.49,2234049,214.71
2025-07-11,208.59,209.01,206.24,206.59,2234454,211.74
2025-07-14,206.59,208.84,205.99,208.38,2409195,213.57
2025-07-15,207.61,208.42,205.72,205.77,2968275,210.9
2025-07-16,210.36,210.36,204.5,206.83,3331101,211.98
2025-07-17,209.76,211.05,204.16,205.91,3589738,211.04
2025-07-18,205.93,207.98,205.69,207.12,3524092,212.28
2025-07-21,206.41,208.57,204.74,204.9,2181029,210.01
2025-07-22,205.86,207.72,204.21,205.19,1780000,210.3
2025-07-23,205.96,207.82,203.7,204.7,2414570,209.8
2025-07-24,204.52,206.45,203.88,204.13,2767721,208.32
2025-07-25,204.94,206.96,204.87,206.17,2292713,210.4
2025-07-28,205.25,205.47,201.75,202.12,2483256,206.27
2025-07-29,201.7,202.14,197.46,198.84,4765167,202.92
2025-07-30,198.7,199.26,195.56,196.53,3080964,200.56
2025-07-31,195,197.02,194.46,195.19,3006613,199.2
2025-08-01,195.95,195.98,192.32,193.8,3514413,197.78
2025-08-04,194.9,195.21,193.38,195.08,2338263,199.08
2025-08-05,195.47,197.14,194.96,196.47,2555136,200.5
2025-08-06,196.8,200.38,196.6,199.8,3756577,203.9
2025-08-07,200.9,200.9,197.68,199.22,3026763,203.31
2025-08-08,199.58,200.57,198.08,199.57,2219215,203.67
2025-08-11,199.44,200.54,198.16,199.26,2724499,203.35
2025-08-12,199.58,200.97,198.37,200.3,2469683,204.41
2025-08-13,201.04,205.88,200.3,205.14,2069541,209.35
2025-08-14,205.19,205.65,202.09,202.83,1677118,206.99
2025-08-15,203.71,205.07,202.93,203.04,1767649,207.21
2025-08-18,202.59,204.12,202.55,203.47,1731957,207.65
2025-08-19,203.89,207.57,203.89,206.69,1480562,210.93
2025-08-20,207.74,209.5,206.52,206.96,1886821,211.21
2025-08-21,206.22,207.13,205.45,206.86,1503654,211.11
2025-08-22,207.8,208.37,205.88,206.32,1467085,210.55
2025-08-25,206.15,207.03,202.81,202.85,1370677,207.01
2025-08-26,202.5,202.77,201.14,202.27,2050465,206.42
2025-08-27,202.45,203.46,201.78,202.22,1383621,206.37
2025-08-28,202.05,202.85,200.18,202.29,2190301,206.44
2025-08-29,202.57,203.36,201.2,201.67,2404123,205.81
2025-09-02,201.51,203.02,200.4,201.31,2892566,205.44
2025-09-03,200.76,201.58,200.01,201.14,1244048,205.27
2025-09-04,201.59,202.8,200.68,201.96,2683770,206.11
2025-09-05,201.63,202.91,199.08,199.64,1241601,203.74
2025-09-08,198.69,199.58,196.99,199.37,1833487,203.46
2025-09-09,198.41,199.49,194.08,197.82,2193938,201.88
2025-09-10,196.99,197.43,194.11,194.77,2529215,198.77
2025-09-11,194.93,199.38,194.4,199.37,2998472,203.46
2025-09-12,198.55,200.24,198.36,198.85,2652548,202.93
2025-09-15,198.98,199.62,193.34,194.13,2122669,198.11
2025-09-16,193.08,193.83,192.22,192.87,2162659,196.83
2025-09-17,193.43,195.85,193.11,193.43,1734332,197.4
2025-09-18,192.53,194.45,191.09,192.2,1455501,196.15
2025-09-19,193.16,193.95,192.13,192.82,3629997,196.78
2025-09-22,192.91,193.51,191.89,193.08,2355907,197.04
2025-09-23,193.26,194.38,191.7,193.49,2739129,197.46
2025-09-24,192.68,197.04,192.36,195.64,2831265,199.66
2025-09-25,196.73,197.66,193.36,193.99,2324498,197.97
2025-09-26,195.66,196.88,194.54,195.55,1694879,199.56
2025-09-29,195.25,196.25,194.17,196.2,2265258,200.23
2025-09-30,195.43,197.79,195.37,197.48,2490675,201.53
2025-10-01,196.6,197.81,196.21,197.24,2927305,201.29
2025-10-02,195.9,198.43,194.7,196.43,1996594,199.57
2025-10-03,196.11,198.94,196.11,197.98,2291213,201.14
2025-10-06,197.95,198.61,196.64,198.18,1491107,201.34
2025-10-07,199.02,200.79,198.2,200.64,1829681,203.84
2025-10-08,201.01,201.81,199.86,201.53,2656114,204.75
2025-10-09,203.75,204.24,201.36,202.76,3193306,206
2025-10-10,204.03,204.56,202.5,203.77,2840988,207.02
2025-10-13,202.28,203.75,200.56,202.13,2659994,205.36
2025-10-14,202.54,204.02,201.3,203.77,2012977,207.02
2025-10-15,202.06,202.8,197.96,200.65,3115710,203.85
2025-10-16,190.9,193.41,182.21,183.55,8749716,186.48
2025-10-17,183.88,188.1,183.08,186.61,5808119,189.59
2025-10-20,186.92,188.05,184.7,186.93,2899624,189.91
2025-10-21,186.28,188.07,185.16,185.98,2751731,188.95
2025-10-22,186.1,187,184.66,186.34,2740028,189.31
2025-10-23,186.36,186.54,184.18,185.12,2447560,188.08
2025-10-24,185.19,185.57,183.49,183.62,2119690,186.55
2025-10-27,183.93,185.43,182.83,184.67,2679344,187.62
2025-10-28,184.06,184.67,179.86,179.95,2990215,182.82
2025-10-29,178.15,179.93,176.44,177.16,3851138,179.99
2025-10-30,177.88,178.63,175.51,175.86,4477775,178.67
2025-10-31,175.1,176.48,173.33,175.35,4252186,178.15
2025-11-03,173.19,175.26,171.44,174.35,4468113,177.13
2025-11-04,175.3,177.71,174.88,177.66,3336374,180.5
2025-11-05,178.09,179.22,175.55,175.6,2548538,178.4
2025-11-06,174.25,176.19,173.12,173.81,2693400,176.58
2025-11-07,173.8,177.73,172.86,177.22,2902747,180.05
2025-11-10,176.05,177.05,174.07,175.32,2142900,178.12
2025-11-11,176.18,179.26,175.34,179.06,2719753,181.92
2025-11-12,178.62,180.45,178.22,179.92,1901053,182.79
2025-11-13,180.02,181.43,179.67,180.96,2381939,183.85
2025-11-14,181.68,182.42,178.38,179.94,2857812,182.81
2025-11-17,180.54,180.8,177.78,178.03,3202243,180.87
2025-11-18,178.84,178.98,176.65,177.42,2729046,180.25
2025-11-19,177.7,177.91,173.88,174.35,2258590,177.13
2025-11-20,174.77,176.73,173.86,176.14,3835572,178.95
2025-11-21,177.21,179.46,176.41,178.08,3230813,180.92
2025-11-24,178.41,178.41,175.7,176.77,3519435,179.59
2025-11-25,177.86,179.5,176.99,179.16,2158414,182.02
2025-11-26,179.18,180.17,178.22,179.83,2275738,182.7
2025-11-28,179.14,181.43,179.14,180.57,1309171,183.45
2025-12-01,179.36,182.34,179.3,181.11,3051571,184
2025-12-02,180.52,181.89,179.01,180.48,2395054,183.36
2025-12-03,180.41,181.88,179.91,180.98,2394839,183.87
2025-12-04,181.27,182.14,179.56,180.32,3144655,183.2
2025-12-05,180.5,180.62,177.32,178.96,2837168,181.82
2025-12-08,178.49,179.69,177.17,178.75,2994207,181.6
2025-12-09,179.09,179.91,178.08,178.41,2287722,181.26
2025-12-10,178.6,179.16,177.18,178.09,2788471,180.93
2025-12-11,178.89,182.24,178.65,180.59,3676980,183.47
2025-12-12,180.59,183.31,180.19,183.28,2929426,186.21
2025-12-15,183.42,184.48,182.74,184.36,2562632,187.3
2025-12-16,185.45,185.78,183.62,184.23,2936212,187.17
2025-12-17,183.79,185.59,182.72,183.43,2912666,186.36
2025-12-18,182.82,184.3,182.44,182.81,2898166,185.73
2025-12-19,182.3,183.23,181.03,181.8,7301445,184.7
2025-12-22,181.87,183.49,181.53,182.6,2252048,185.51
2025-12-23,182.31,183.24,182.07,182.98,1785750,185.9
2025-12-24,182.83,185.16,182.55,184.65,973485,187.6
2025-12-26,184.4,185.14,183.44,184.06,938243,187
2025-12-29,184.43,185.54,184.07,184.68,1555094,187.63
2025-12-30,184.33,184.95,183.71,184.42,1417333,187.36
2025-12-31,184.48,184.49,182.58,182.6,1191871,185.52
2026-01-02,181.51,182.09,178.94,179.6,1983598,182.47
2026-01-05,178.22,184.66,177.77,184.4,3208869,187.34
2026-01-06,183.52,184.75,181.88,182.62,2155512,185.54
2026-01-07,181.8,182.62,178.51,180.03,2272263,182.9
2026-01-08,179.95,184.53,179.6,183.96,2309268,186.9
2026-01-09,183.74,184.75,182.67,183.09,1994387,186.01
2026-01-12,183.38,184.48,182.16,182.71,2380616,185.63
2026-01-13,182.3,182.33,178.97,179.83,2165803,182.7
2026-01-14,179.94,181.76,179.17,180.39,1696847,183.27
2026-01-15,180.26,181.55,179.02,179.4,2213547,182.26
2026-01-16,177.09,179.8,177.05,179.53,4296306,182.4
2026-01-20,179.19,179.66,177.23,178.16,3089885,181
2026-01-21,178.6,179.14,175.46,176.86,3337755,179.68
2026-01-22,175.98,177.89,175.5,177.81,2518268,180.65
2026-01-23,176.46,180.39,175.2,180.28,2611224,183.16
2026-01-26,180.03,182.09,179.42,180.77,3281475,183.66
2026-01-27,179.25,179.63,175.72,176.36,3389437,179.18
2026-01-28,175.2,176.92,173.97,175.38,4118265,178.18
2026-01-29,180.54,186.82,178.67,185.91,3610828,187.92
2026-01-30,187.96,187.96,183.66,186.17,2903809,188.19
2026-02-02,187.94,189.56,185.68,186.23,2811375,188.25
2026-02-03,185.17,188.32,184.64,186.47,3063932,188.49
2026-02-04,186.36,191.25,185.22,187.72,4263022,189.75
2026-02-05,188.82,191.01,185.07,185.5,3480214,187.51
2026-02-06,186.26,187.08,182.66,183.05,2342457,185.03
2026-02-09,182.21,182.99,168.95,169.31,5435484,171.14
2026-02-10,171.26,174.5,170.22,173.46,4799044,175.34
2026-02-11,172.26,174.03,170.17,171.15,4878249,173
2026-02-12,170.18,173.71,168.54,171.47,4544857,173.33
2026-02-13,170.4,172.9,170.4,172.19,2756987,174.06
2026-02-17,175.26,176.4,172.41,173.95,2703946,175.83
2026-02-18,174.42,176.28,173.72,176.2,2642635,178.11
2026-02-19,175.87,177.49,174.86,176.95,2721724,178.87
2026-02-20,177.08,178.06,175.76,177.4,3868562,179.32
2026-02-23,177,179.06,174.75,175.09,3073731,176.99
2026-02-24,173.48,176.63,172.28,176.52,3974159,178.43
2026-02-25,177.23,179.69,177.07,179.16,3475856,181.1
2026-02-26,180.49,183.76,179.84,183.3,2768880,185.29
2026-02-27,183.46,185.76,182.61,184.74,3369803,186.74
2026-03-02,183.35,185.5,182.65,184.43,1993360,186.43
2026-03-03,182.52,184.14,180.16,182.26,2513885,184.23
2026-03-04,181.34,183.01,179.92,182.86,2156473,184.84
2026-03-05,182.37,184.79,180.9,183.02,1992124,185
2026-03-06,182.32,182.32,179.03,181.12,3040624,183.08
2026-03-09,180.29,180.49,176.01,178.04,3131543,179.97
2026-03-10,177.17,177.17,171.96,172.14,2667563,174
2026-03-11,172.48,173.43,169.73,172.11,2981183,173.97
2026-03-12,171.38,174.53,169.01,169.05,3028837,170.88
2026-03-13,171.01,171.98,169.35,170.31,1801058,172.15
2026-03-16,171.29,172.94,169.56,171.9,2184125,173.76
2026-03-17,173.12,174.73,169.11,170.1,2860650,171.94
2026-03-18,168.92,170.05,163.12,169.19,2258030,171.02
2026-03-19,169.41,170.53,167.98,169.08,3052868,170.91
2026-03-20,170.96,175,169.54,174.59,9676723,176.48
2026-03-23,174.58,176.25,171.97,172.01,2735664,173.87
2026-03-24,172.28,172.99,170.82,171.25,2811142,173.1
2026-03-25,170.07,172.57,167.92,172.33,3821777,174.2
2026-03-26,172.5,175.14,171.39,172.27,3126164,174.14
2026-03-27,171.97,172.69,167.33,167.36,3986758,169.17
2026-03-30,168.35,173.7,168.31,172.85,3948306,174.72
2026-03-31,173.05,174.75,169.71,171.59,5077017,173.45
2026-04-01,170.92,172.88,169.74,170.03,2840473,171.87
2026-04-02,170.1,174.28,169.89,172.74,2144058,174.61
2026-04-06,173.12,174.43,172.55,172.95,2372511,174.82
2026-04-07,173.3,173.56,170.45,170.81,1697991,172.66
2026-04-08,170.15,174.08,170.02,173.93,1912930,175.81
2026-04-09,172.38,173.69,171.06,172.17,2227653,173.14
2026-04-10,170.77,171.04,164.13,167.2,2975112,168.15
2026-04-13,167.88,172.59,167.33,172.57,2811687,173.55
2026-04-14,171.52,172.86,170.79,171.88,1998180,172.85
2026-04-15,172.46,174.85,171.56,173.92,2593877,174.9
2026-04-16,177.19,182.42,177.1,181.54,4155432,182.57
2026-04-17,180.74,181.08,174.7,174.81,3931929,175.8
2026-04-20,174.96,175.6,171.9,173.61,5033200,174.59
2026-04-21,174.86,178.07,174.09,177.99,3486429,179
2026-04-22,177.31,177.84,173.22,174.51,3556110,175.5
2026-04-23,173.72,174.12,171.48,173.03,3821782,174.01
2026-04-24,171.44,172.27,168.67,169.14,1713780,170.1
2026-04-27,168.1,172.1,168.1,169.19,3070039,170.15
2026-04-28,171.4,171.88,167.92,169.86,2069838,170.82
2026-04-29,169.66,170.53,168.54,169.87,2167201,170.83
2026-04-30,167.41,168.68,164.77,166.77,2994615,167.71
2026-05-01,167.99,170.07,165.07,165.25,2482376,166.18
2026-05-04,164.67,168.08,164.07,166.93,2978469,167.87
2026-05-05,166.55,167.03,164.8,166.33,2320873,167.27
2026-05-06,167.23,168.05,162.89,162.98,3088129,163.9
2026-05-07,161.93,166.7,161.93,165.1,2928875,166.03
2026-05-08,164.61,165.81,161.59,162.33,1948562,163.25
2026-05-11,162.07,163.89,160.47,160.67,4216442,161.58
2026-05-12,161.66,163.96,160.15,162.47,3252449,163.39
2026-05-13,160.7,161.67,157.27,158.24,2227751,159.14
2026-05-14,158.48,161.07,158.32,159.12,3285523,160.02
2026-05-15,160.47,162.34,160.05,160.14,3457268,161.05
2026-05-18,160.33,165.15,160.33,165.05,2415654,165.98
2026-05-19,166.06,168.22,164,165.14,2707450,166.07
2026-05-20,163.47,164.49,161.54,162.46,2073802,163.38
2026-05-21,161.09,164.36,159.91,164.19,2087376,165.12
2026-05-22,163.86,164.96,161.96,163.19,2464165,164.11
2026-05-26,161.71,163.01,160.99,161.06,2014519,161.97
2026-05-27,161.22,163.59,159.06,159.69,2854788,160.59
2026-05-28,159.22,160.9,158.49,158.63,2965133,159.53
2026-05-29,157.92,159.92,156.85,159.07,5899075,159.97
2026-06-01,158.94,161.67,158.94,161.64,2844391,162.55
2026-06-02,160.8,161.78,158.16,160.48,2410354,161.39
2026-06-03,159.39,160.38,155.72,156.44,4150772,157.32
2026-06-04,159.89,161.97,158.73,160.35,3179791,161.26
2026-06-05,162.39,165.27,161.65,164.51,3007128,165.44
2026-06-08,163.52,164.16,160.76,161.61,2364918,162.52
2026-06-09,160.89,165.84,160.71,164.59,1712071,165.52
2026-06-10,166.12,167.87,164.73,166.21,2272773,167.15
2026-06-11,166.23,167.87,165.85,167.2,2341634,168.15
2026-06-12,166.95,169.19,165.82,167.73,2541860,168.68
2026-06-15,166.97,167.04,164.67,165.26,2331925,166.19
2026-06-16,165.59,166.5,164.88,165.84,2255360,166.78
2026-06-17,164.53,168.15,162.69,163.3,2407832,164.22
2026-06-18,164.03,164.07,159.78,161.5,4188825,162.41
2026-06-22,161.95,163.32,159.1,159.22,2676856,160.12
2026-06-23,161.16,163.73,160.89,162.92,2585712,163.84
2026-06-24,164.03,166.02,162.88,165.03,1996421,165.96
2026-06-25,164.31,166.13,161.1,161.32,1964406,162.23
2026-06-26,163.56,168.49,161.77,168.08,6654937,169.03
2026-06-29,167.24,168.06,164.45,165.77,2216400,166.71
2026-06-30,163.95,166.74,162.81,165.73,2206641,166.67
2026-07-01,166.24,172.52,166.24,171.17,2466608,172.14
2026-07-02,171.95,177.54,170.45,177.54,2068634,178.54
2026-07-06,177.13,177.13,172.27,173.75,3095161,174.73
2026-07-07,176.81,178.8,174.92,177,1831901,178
2026-07-08,176.88,178.48,175.05,178.04,2326067,179.05
2026-07-09,176.48,178.74,176.03,177.99,2684328,179
2026-07-10,178.99,179.9,176.8,177.31,1526817,178.31
2026-07-13,179.32,181.33,178.92,180.51,1845898,181.53
2026-07-14,177.77,179.78,177.02,177.05,3234118,178.05
2026-07-15,175.66,177.52,174.11,175.23,1784964,176.22
2026-07-16,176.79,181.4,176.79,181.13,2903072,182.15
2026-07-17,182.36,184.95,180.13,181.16,1906675,182.18
2026-07-20,179.48,181.29,178.35,181.08,3991283,182.1
2026-07-21,185.6,188.01,180.16,180.57,2992597,181.59
2026-07-22,178.99,179.72,174.42,175,2376260,175.99
2026-07-23,176.07,176.67,174.59,176.4,3075498,176.4
2026-07-24,176.46,180.87,175.97,180.74,1938533,180.74
2026-07-27,181.28,185.045,181.2475,183.31,2125024,183.31
2026-07-28,186.89,192.38,186.455,192.19,4654205,192.19
2026-07-29,191.63,198.49,190.01,197.59,5126473,197.59
2026-07-30,193.96,195.53,188.07,191.51,3714744,191.51
2026-07-31,188.69,191.1,187.93,189.69,2546430,189.69
2026-08-03,191.06,194.1,190.892,192.84,2356140,192.84
2026-08-04,189.15,192.24,188.83,191.45,2348567,191.45
2026-08-05,192.5,192.8808,190.18,191.47,2097549,191.47
2026-08-06,192.81,193.38,190.32,193.29,1695627,193.29
2026-08-07,191.18,193.48,190.29,191.65,1688934,191.65
2026-08-10,190.88,191.78,189.325,190.79,1428162,190.79
2026-08-11,189.17,192.3799,189.17,191.25,1193525,191.25
2026-08-12,188.44,190.855,188.01,188.86,1637996,188.86
2026-08-13,189.89,191.27,187.03,188.69,1517240,188.69
2026-08-14,188.68,189.86,187.03,187.82,1113293,187.82
2026-08-17,186.42,187.22,184.13,184.21,1337906,184.21
2026-08-18,186.77,188.48,185.37,186.37,1837662,186.37
2026-08-19,187,191.635,186.277,189.2,1893886,189.2
2026-08-20,188.46,191.81,187.58,190.21,2416072,190.21
2026-08-21,190.95,193.73,189.4801,192.01,2552747,192.01
2026-08-24,193.71,195.67,192.715,194.67,1927739,194.67
2026-08-25,193.81,195.465,193.28,193.4,1644412,193.4
2026-08-26,193.93,195.545,193.08,193.26,2955267,193.26
2026-08-27,190.61,192.425,188.76,190,2675133,190
2026-08-28,190.47,194.62,190.47,192.64,1447092,192.64
2026-08-31,191.99,192.66,189.49,189.8,2363078,189.8
2026-09-01,190.89,191.79,186.58,187.58,2064290,187.58
2026-09-02,188.51,189.335,186.71,187.84,3011770,187.84
2026-09-03,188.75,191.22,187.585,188.46,1981615,188.46
2026-09-04,186.54,187.69,185.4,185.74,1409355,185.74
2026-09-08,183.27,184.72,180.4,180.52,2100243,180.52
2026-09-09,179.89,180.53,176.58,176.84,2164201,176.84
2026-09-10,177.42,178.4999,176.4,177.29,2181388,177.29
2026-09-11,178.57,179.01,175.5225,176.91,1727694,176.91
2026-09-14,179.7,181.445,178.6813,180.43,1796302,180.43
2026-09-15,179.78,181.4,178.275,179.76,2769679,179.76
2026-09-16,178.83,179.6,175.75,176.76,3034408,176.76
2026-09-17,176.15,176.18,173.26,174.58,3135675,174.58
2026-09-18,173.76,176.24,172.63,175.01,7171846,175.01
2026-09-21,175.16,175.79,172.72,172.72,2862326,172.72
2026-09-22,172.85,172.905,167.93,170.01,3622294,170.01
2026-09-23,169.45,171.515,169.45,170.38,2654399,170.38
