date,open,high,low,close,volume,raw_close
2016-01-04,18.61,18.66,18.3,18.64,2969649,58.42
2016-01-05,18.66,18.88,18.54,18.81,2172120,58.93
2016-01-06,18.49,18.75,18.32,18.36,2733045,57.52
2016-01-07,17.72,17.96,17.53,17.65,2972844,55.31
2016-01-08,17.74,18.08,17.49,17.52,3797910,54.9
2016-01-11,17.53,17.6,17.2,17.39,2379612,54.5
2016-01-12,17.51,17.85,17.2,17.67,4124238,55.36
2016-01-13,17.69,17.83,16.74,16.91,3542988,52.99
2016-01-14,17.06,17.06,16.41,16.88,6666567,52.89
2016-01-15,16.38,16.65,16.1,16.59,3680505,52
2016-01-19,16.81,16.93,16.17,16.25,2878143,50.93
2016-01-20,16.01,16.29,15.61,16.14,3333762,50.59
2016-01-21,15.97,16.62,15.83,16.4,3928620,51.4
2016-01-22,16.6,16.9,16.59,16.79,2143098,52.6
2016-01-25,16.76,16.87,16.31,16.38,1511880,51.33
2016-01-26,16.5,17.25,16.38,16.99,2991651,53.24
2016-01-27,16.94,17.3,16.72,16.8,1967199,52.63
2016-01-28,16.92,17.07,16.51,16.67,1759482,52.25
2016-01-29,16.7,17.52,16.7,17.5,4189260,54.83
2016-02-01,17.41,18.11,17.15,18.08,4338579,56.67
2016-02-02,17.9,18.18,17.55,17.65,4363674,55.32
2016-02-03,17.73,17.92,17.34,17.68,5550885,55.39
2016-02-04,17.25,19.32,16.7,19.17,6559263,60.06
2016-02-05,19.16,19.21,18.61,19,4370937,59.55
2016-02-08,18.83,19.13,18.27,19.11,5367063,59.88
2016-02-09,18.86,19.56,18.61,19.47,4204698,61
2016-02-10,19.65,19.75,19.1,19.11,1830102,59.88
2016-02-11,18.91,19.08,18.52,18.8,1916496,58.92
2016-02-12,19.08,19.64,18.9,19.45,1752081,60.95
2016-02-16,19.75,20.07,19.26,19.94,1920885,62.47
2016-02-17,20.04,20.44,19.8,19.95,3151932,62.5
2016-02-18,20,20.1,19.75,20.05,1822977,62.84
2016-02-19,19.86,20.13,19.46,20.11,2153685,63.02
2016-02-22,20.39,20.71,20.19,20.37,2473971,63.84
2016-02-23,20.44,20.58,20.12,20.26,1654212,63.48
2016-02-24,20.04,20.28,19.54,20.24,1601259,63.42
2016-02-25,20.3,20.56,19.91,20.33,1181910,63.7
2016-02-26,20.43,20.75,20.35,20.68,1778163,64.81
2016-02-29,20.65,20.73,20.33,20.6,2068878,64.56
2016-03-01,20.83,21.52,20.62,21.45,3602163,67.2
2016-03-02,21.47,21.79,21.16,21.3,3802275,66.74
2016-03-03,21.19,21.46,20.67,21.46,4189701,67.24
2016-03-04,21.38,21.84,21.33,21.74,2655234,68.11
2016-03-07,21.68,22.01,21.59,21.93,2121219,68.71
2016-03-08,21.8,21.89,21.48,21.49,1395312,67.34
2016-03-09,21.64,21.71,21.39,21.47,2096355,67.29
2016-03-10,21.63,21.83,21.45,21.65,2617911,67.85
2016-03-11,21.84,21.98,21.59,21.96,1660203,68.81
2016-03-14,21.88,21.95,21.34,21.57,2376633,67.6
2016-03-15,21.45,21.54,21.09,21.47,1259580,67.29
2016-03-16,21.38,21.74,21.17,21.62,1234692,67.76
2016-03-17,21.7,22.29,21.62,22.18,2686743,69.5
2016-03-18,22.11,22.5,22.03,22.29,5144685,69.84
2016-03-21,22.21,22.46,21.38,22.13,1603881,69.35
2016-03-22,22,22.1,21.82,21.97,1689312,68.86
2016-03-23,21.94,22.18,21.83,21.84,1183146,68.45
2016-03-24,21.75,21.89,21.38,21.86,1514286,68.49
2016-03-28,22.01,22.06,21.36,21.63,1621311,67.78
2016-03-29,21.63,22.27,21.52,22.25,2188938,69.71
2016-03-30,22.27,22.4,22.13,22.22,1298631,69.64
2016-03-31,22.27,22.34,21.83,22.22,2529063,69.62
2016-04-01,22.03,22.17,21.7,22.17,1728264,69.46
2016-04-04,22.08,22.49,21.83,21.97,1368243,68.84
2016-04-05,21.77,22.05,21.67,21.7,1625511,68
2016-04-06,21.75,21.75,21.26,21.68,1524978,67.95
2016-04-07,21.58,21.74,21.22,21.42,1640850,67.12
2016-04-08,21.56,22.03,21.33,21.4,1826265,67.05
2016-04-11,21.52,21.81,21.45,21.59,1724601,67.64
2016-04-12,21.6,21.94,21.15,21.69,1007592,67.97
2016-04-13,21.88,22.11,21.77,21.99,2221713,68.9
2016-04-14,22.02,22.09,21.75,21.92,1380468,68.68
2016-04-15,21.95,22.19,21.92,22.12,1656231,69.3
2016-04-18,22.02,22.33,21.92,22.19,943227,69.52
2016-04-19,22.29,22.62,22.21,22.33,1008303,69.97
2016-04-20,22.28,22.59,22.2,22.51,945729,70.55
2016-04-21,22.18,22.29,21.67,21.75,2821194,68.17
2016-04-22,21.66,22.08,21.23,22.02,3311832,68.99
2016-04-25,22.05,22.13,21.52,21.65,1669824,67.84
2016-04-26,21.73,22.27,21.73,22.26,1742544,69.74
2016-04-27,22.35,23.12,22.35,23.02,3877437,72.15
2016-04-28,20.74,21.85,20.58,21.26,7656033,66.61
2016-04-29,21.13,21.35,20.98,21.08,3967032,66.05
2016-05-02,21.1,21.3,20.88,21.06,2054925,66
2016-05-03,20.96,21,20.54,20.8,2740131,65.18
2016-05-04,20.64,20.78,20.32,20.37,1972326,63.84
2016-05-05,20.4,20.55,20.06,20.08,1683525,62.92
2016-05-06,19.96,20.41,19.8,20.37,2627889,63.84
2016-05-09,20.45,20.9,20.25,20.65,3036753,64.71
2016-05-10,20.73,20.92,20.66,20.82,1971324,65.25
2016-05-11,20.72,20.84,20.53,20.56,1767087,64.43
2016-05-12,20.69,20.79,20.04,20.34,2065344,63.75
2016-05-13,20.28,20.39,19.7,19.84,1481733,62.18
2016-05-16,19.8,20.13,19.71,19.75,1689693,61.89
2016-05-17,19.78,20.35,19.56,19.86,2353104,62.22
2016-05-18,19.76,20.02,19.6,19.66,1273416,61.61
2016-05-19,19.48,20.03,19.43,19.91,1862217,62.38
2016-05-20,20.01,20.3,20.01,20.2,1532448,63.29
2016-05-23,20.38,20.51,20.28,20.31,2031855,63.63
2016-05-24,20.4,20.48,20.31,20.39,2343480,63.88
2016-05-25,20.47,20.64,20.4,20.46,1901223,64.12
2016-05-26,20.56,20.7,20.28,20.4,1477431,63.94
2016-05-27,20.38,20.66,20.33,20.52,1169442,64.31
2016-05-31,20.57,20.79,20.47,20.54,1429419,64.35
2016-06-01,20.32,20.36,20.12,20.27,2082891,63.52
2016-06-02,20.08,20.08,19.6,20,1822941,62.66
2016-06-03,19.94,20.01,19.65,19.95,1080780,62.51
2016-06-06,20,20.18,19.9,20.08,1684488,62.91
2016-06-07,20.14,20.18,19.94,19.96,1128804,62.56
2016-06-08,20,20.12,19.9,20.07,1459560,62.9
2016-06-09,20.01,20.02,19.52,19.54,1689870,61.22
2016-06-10,19.36,19.41,19.09,19.16,2102061,60.05
2016-06-13,19.06,19.18,18.94,18.97,2465964,59.44
2016-06-14,18.89,19.06,18.44,18.59,2500386,58.24
2016-06-15,18.72,18.9,18.5,18.64,2048649,58.42
2016-06-16,18.54,18.71,18.27,18.66,1422306,58.48
2016-06-17,18.68,18.98,18.62,18.91,5056737,59.27
2016-06-20,19.21,19.79,19.21,19.59,2461017,61.4
2016-06-21,18.78,19.24,18.54,19.1,2431653,59.86
2016-06-22,19.07,19.25,18.87,19.17,1818660,60.06
2016-06-23,19.39,19.5,19.28,19.48,1265850,61.03
2016-06-24,18.79,19.06,18.64,18.78,4203993,58.85
2016-06-27,18.61,18.61,18.11,18.24,2105418,57.15
2016-06-28,18.42,18.68,18.17,18.43,2524341,57.74
2016-06-29,18.72,19.05,18.5,18.96,1595970,59.41
2016-06-30,18.9,19.25,18.58,19.25,2282955,60.31
2016-07-01,19.25,19.61,19.21,19.56,1154742,61.3
2016-07-05,19.49,19.49,19.15,19.27,1272714,60.39
2016-07-06,19.2,19.28,19,19.2,1693485,60.17
2016-07-07,19.27,19.47,19.01,19.17,1669359,60.07
2016-07-08,19.36,19.85,19.32,19.84,1654224,62.16
2016-07-11,19.98,20.16,19.97,20.09,1454205,62.95
2016-07-12,20.18,20.36,20.1,20.27,1216302,63.53
2016-07-13,20.28,20.36,20.06,20.3,1403199,63.61
2016-07-14,20.51,20.79,20.51,20.77,1900191,65.08
2016-07-15,20.74,20.85,20.47,20.82,2973105,65.23
2016-07-18,20.71,20.87,20.52,20.75,1419411,65.03
2016-07-19,20.66,20.78,20.6,20.7,988941,64.86
2016-07-20,20.73,20.93,20.63,20.67,1457397,64.78
2016-07-21,20.56,20.76,20.48,20.7,2058360,64.87
2016-07-22,20.74,21.55,20.74,21.49,2453106,67.34
2016-07-25,21.45,21.46,21.14,21.42,1947147,67.13
2016-07-26,21.4,21.72,21.37,21.71,1854588,68.04
2016-07-27,21.67,21.89,21.53,21.62,2854602,67.76
2016-07-28,22.02,22.24,21.3,22.23,2704053,69.65
2016-07-29,22.25,22.29,21.85,22.23,1920174,69.66
2016-08-01,22.26,22.28,22.04,22.14,1737657,69.39
2016-08-02,22.17,22.17,21.55,21.92,1591572,68.69
2016-08-03,21.91,22.14,21.8,22.05,1575495,69.08
2016-08-04,21.99,22.19,21.97,22.12,1484898,69.31
2016-08-05,22.25,22.6,22.24,22.55,1319169,70.65
2016-08-08,22.56,22.71,22.55,22.61,1073307,70.85
2016-08-09,22.66,22.66,22.22,22.42,2402025,70.25
2016-08-10,22.4,22.48,22.17,22.26,1831827,69.75
2016-08-11,22.33,22.41,22.25,22.37,1538661,70.09
2016-08-12,22.32,22.38,22.13,22.14,1368066,69.37
2016-08-15,22.17,22.41,22.09,22.26,1052373,69.76
2016-08-16,22.18,22.32,22.1,22.23,1329036,69.65
2016-08-17,22.15,22.34,22.06,22.18,1144839,69.51
2016-08-18,22.09,22.31,22.03,22.17,1185072,69.47
2016-08-19,22.11,22.39,21.99,22.33,1328637,69.97
2016-08-22,22.32,22.32,22.05,22.17,955848,69.47
2016-08-23,22.3,22.34,22.23,22.27,931035,69.8
2016-08-24,22.22,22.66,22.21,22.42,1356495,70.24
2016-08-25,22.41,22.43,22.12,22.17,989475,69.47
2016-08-26,22.17,22.32,21.95,22.07,733770,69.16
2016-08-29,22.06,22.28,22.02,22.27,1257750,69.79
2016-08-30,22.27,22.66,22.27,22.58,1318425,70.77
2016-08-31,22.52,22.73,22.44,22.7,2201934,71.13
2016-09-01,22.76,22.9,22.46,22.68,1078542,71.06
2016-09-02,22.68,22.83,22.32,22.63,1903689,70.9
2016-09-06,22.58,22.69,22.27,22.37,1648245,70.09
2016-09-07,22.31,22.54,22.09,22.52,1492554,70.57
2016-09-08,22.47,22.49,22.34,22.39,1532223,70.16
2016-09-09,22.28,22.34,21.49,21.5,2052312,67.36
2016-09-12,21.35,21.97,21.35,21.93,1336167,68.72
2016-09-13,21.8,21.83,21.4,21.5,1024371,67.36
2016-09-14,21.53,21.67,21.4,21.6,1094775,67.69
2016-09-15,21.57,22.07,21.52,22.01,1177254,68.96
2016-09-16,21.93,22.13,21.84,21.93,3991167,68.71
2016-09-19,22.03,22.25,22,22.04,1616454,69.07
2016-09-20,21.89,22.14,21.51,21.59,1866714,67.65
2016-09-21,21.71,21.86,21.48,21.76,1213395,68.19
2016-09-22,21.94,21.94,21.54,21.61,2614299,67.71
2016-09-23,21.56,21.58,21.27,21.38,1621425,67
2016-09-26,21.24,21.55,21.17,21.44,1355391,67.17
2016-09-27,21.43,21.49,21.24,21.37,1183890,66.98
2016-09-28,21.43,21.49,21.22,21.47,930705,67.28
2016-09-29,21.44,21.69,21.28,21.48,1011102,67.32
2016-09-30,21.63,22.01,21.57,21.9,2633559,68.61
2016-10-03,21.92,22.1,21.77,22.04,1492725,69.05
2016-10-04,22.07,22.21,21.92,22.06,1294488,69.13
2016-10-05,22.17,22.41,22.04,22.4,1345245,70.18
2016-10-06,22.31,22.57,22.23,22.52,1298493,70.57
2016-10-07,22.48,22.61,22.17,22.53,2011605,70.6
2016-10-10,22.7,22.88,22.6,22.85,1515447,71.6
2016-10-11,22.75,22.84,22.58,22.67,2437572,71.04
2016-10-12,22.71,22.71,22.43,22.62,1407792,70.87
2016-10-13,22.39,22.39,22.1,22.25,1392198,69.72
2016-10-14,22.41,22.42,22.07,22.19,2123628,69.55
2016-10-17,22.1,22.29,22,22.27,1638447,69.78
2016-10-18,22.45,22.49,22.2,22.34,1173603,70.01
2016-10-19,22.33,22.49,22.26,22.42,1257015,70.25
2016-10-20,22.35,22.54,22.2,22.25,2200878,69.73
2016-10-21,22.15,22.39,21.96,22.37,1526031,70.09
2016-10-24,22.5,22.68,22.49,22.66,1198728,71.01
2016-10-25,22.72,22.8,22.54,22.73,1529565,71.23
2016-10-26,22.84,23.6,22.81,23.51,4379391,73.66
2016-10-27,23.83,24.61,23.8,24.47,4630275,76.67
2016-10-28,24.17,24.48,23.86,24,4172133,75.22
2016-10-31,24.15,24.33,23.83,23.83,3488070,74.68
2016-11-01,23.93,24.07,23.57,23.58,2797278,73.9
2016-11-02,23.82,23.84,23.44,23.45,2225097,73.47
2016-11-03,23.56,23.63,23.43,23.46,1722168,73.52
2016-11-04,23.44,23.63,23.29,23.31,1590894,73.03
2016-11-07,23.73,23.86,23.62,23.85,2062197,74.75
2016-11-08,23.89,24.16,23.72,24.01,2383551,75.25
2016-11-09,23.88,24.69,23.3,24.68,3829458,77.34
2016-11-10,24.95,26.08,24.93,25.83,4011426,80.95
2016-11-11,25.62,26.36,25.32,26.2,4052298,82.09
2016-11-14,26.34,27.21,26.2,27.02,4383612,84.66
2016-11-15,27.11,27.33,26.73,27.19,2064150,85.21
2016-11-16,27.14,27.41,27.1,27.37,2290230,85.76
2016-11-17,27.46,27.76,27.29,27.7,1482453,86.81
2016-11-18,27.76,27.84,27.3,27.51,2211669,86.21
2016-11-21,27.62,27.88,27.47,27.65,2149680,86.64
2016-11-22,27.76,27.76,27.36,27.65,1983465,86.65
2016-11-23,27.68,28.18,27.66,28.16,1242459,88.23
2016-11-25,28.29,28.43,27.72,28.43,695169,89.09
2016-11-28,28.25,28.35,27.73,27.77,2365815,87.01
2016-11-29,27.82,28.02,27.6,27.62,1998417,86.56
2016-11-30,27.76,28.04,27.73,27.85,2009451,87.28
2016-12-01,27.98,28.54,27.67,28.52,2928771,89.36
2016-12-02,28.53,28.78,28.02,28.13,3143643,88.14
2016-12-05,28.25,28.58,27.93,28.07,1803066,87.96
2016-12-06,28.16,28.42,27.93,28.37,1354551,88.89
2016-12-07,28.33,29.19,28.18,29.06,1882137,91.07
2016-12-08,29.16,29.22,28.8,29.19,1677111,91.47
2016-12-09,29.26,29.26,28.3,28.44,2541504,89.13
2016-12-12,28.28,28.74,28.14,28.31,1536063,88.7
2016-12-13,28.37,28.44,27.74,28.03,1950885,87.84
2016-12-14,28.08,28.3,27.78,27.88,1289631,87.36
2016-12-15,28.03,28.26,27.65,28.02,1435629,87.79
2016-12-16,28.04,28.11,27.7,27.93,4010052,87.53
2016-12-19,27.85,28.14,27.81,27.97,1172895,87.66
2016-12-20,27.95,28.39,27.95,28.26,1359726,88.57
2016-12-21,28.17,28.17,27.93,27.95,907338,87.58
2016-12-22,27.91,28.02,27.45,27.74,1070880,86.93
2016-12-23,27.81,27.91,27.58,27.73,707292,86.88
2016-12-27,27.83,28.01,27.37,27.83,673485,87.2
2016-12-28,27.84,27.86,27.22,27.34,1044921,85.68
2016-12-29,27.3,27.54,27.3,27.52,856113,86.23
2016-12-30,27.61,27.75,27.32,27.38,1326579,85.79
2017-01-03,27.66,28.04,27.4,27.69,1262154,86.78
2017-01-04,27.74,28.08,27.74,27.81,1944375,87.14
2017-01-05,27.73,28,27.38,27.48,1396206,86.11
2017-01-06,27.48,27.85,27.43,27.48,1748196,86.1
2017-01-09,27.46,27.51,27.08,27.33,1177143,85.63
2017-01-10,27.29,27.83,27.24,27.66,1354830,86.69
2017-01-11,27.79,27.99,27.64,27.79,1506750,87.08
2017-01-12,27.73,27.78,27.32,27.76,843171,87
2017-01-13,27.86,28.23,27.8,28.16,1164612,88.23
2017-01-17,28,28.06,27.51,27.61,893193,86.53
2017-01-18,27.73,28.11,27.46,28.07,1306545,87.97
2017-01-19,28.17,28.28,27.58,27.72,1134432,86.87
2017-01-20,27.75,27.97,27.68,27.94,1271895,87.56
2017-01-23,27.96,27.98,27.64,27.85,651018,87.27
2017-01-24,27.95,28.42,27.81,28.39,1075437,88.96
2017-01-25,28.43,29.28,28.43,29.15,1910475,91.33
2017-01-26,28.99,28.99,28.55,28.77,1311027,90.15
2017-01-27,28.76,28.93,28.48,28.89,799764,90.54
2017-01-30,28.75,28.79,28.16,28.56,1168056,89.49
2017-01-31,28.46,28.48,27.9,28.17,1945938,88.28
2017-02-01,28.37,28.63,27.66,28,2564898,87.73
2017-02-02,27.5,28.83,26.48,27.62,3690321,86.56
2017-02-03,27.89,28.44,27.68,28.44,1900944,89.11
2017-02-06,28.44,28.73,28.41,28.55,1926420,89.45
2017-02-07,28.62,28.66,27.9,28.07,1854558,87.96
2017-02-08,28.08,28.48,27.74,28.38,1845720,88.92
2017-02-09,28.48,29.23,28.4,28.92,1599222,90.62
2017-02-10,29.01,29.52,28.96,29.46,1343964,92.3
2017-02-13,29.63,29.73,29.4,29.55,1545393,92.59
2017-02-14,29.43,29.55,29.17,29.31,1188225,91.85
2017-02-15,29.27,29.72,29.27,29.56,1185294,92.64
2017-02-16,29.63,29.83,29.25,29.5,1085466,92.43
2017-02-17,29.43,29.51,29.2,29.47,680934,92.36
2017-02-21,29.59,29.63,29.36,29.43,932256,92.23
2017-02-22,29.49,29.63,29.1,29.26,1139910,91.68
2017-02-23,29.29,29.33,28.77,28.95,983304,90.71
2017-02-24,28.82,29.27,28.75,29.27,1023600,91.73
2017-02-27,29.28,29.51,29.19,29.5,1885338,92.45
2017-02-28,29.5,29.53,29.26,29.28,1588746,91.76
2017-03-01,29.52,30.31,29.28,30.18,1597215,94.56
2017-03-02,30.22,30.22,29.3,29.43,1399188,92.13
2017-03-03,29.47,29.47,28.97,29.17,1917663,91.31
2017-03-06,28.99,29.22,28.88,29.03,1588125,90.86
2017-03-07,29.03,29.06,28.75,28.77,920496,90.05
2017-03-08,28.89,28.89,28.58,28.64,966261,89.66
2017-03-09,28.64,28.75,28.19,28.3,910317,88.59
2017-03-10,28.51,28.63,28.26,28.58,1156659,89.45
2017-03-13,28.62,28.75,28.48,28.53,766992,89.31
2017-03-14,28.35,28.47,27.88,28.08,1244175,87.89
2017-03-15,28.16,28.31,28.03,28.2,2105916,88.27
2017-03-16,28.37,28.37,27.97,28.05,1134189,87.81
2017-03-17,28.04,28.1,27.75,27.9,3389163,87.34
2017-03-20,27.89,27.94,27.6,27.63,1356510,86.49
2017-03-21,27.71,27.74,26.84,27.12,1470573,84.89
2017-03-22,27.04,27.29,26.83,27.15,2077665,84.98
2017-03-23,27.19,27.56,27.02,27.24,1679295,85.28
2017-03-24,27.26,27.43,26.83,27.07,1001070,84.73
2017-03-27,26.78,27.06,26.49,27.01,1401711,84.54
2017-03-28,26.93,27.71,26.83,27.48,1684350,86.01
2017-03-29,27.46,27.46,26.91,27.29,1294218,85.42
2017-03-30,27.33,27.51,27.25,27.44,903759,85.89
2017-03-31,27.36,27.54,27.29,27.34,1311852,85.57
2017-04-03,27.33,27.51,26.98,26.99,1565400,84.48
2017-04-04,26.94,27.2,26.91,27.02,1326981,84.58
2017-04-05,27.22,27.33,26.67,26.73,2698236,83.67
2017-04-06,26.76,26.9,26.58,26.82,1309899,83.94
2017-04-07,26.66,26.83,26.52,26.59,1023045,83.24
2017-04-10,26.69,27.2,26.69,26.98,1567866,84.47
2017-04-11,26.91,26.98,26.44,26.82,1236093,83.96
2017-04-12,26.78,26.78,26.16,26.21,1155072,82.06
2017-04-13,26.09,26.29,25.74,25.75,1911459,80.6
2017-04-17,25.95,26.29,25.82,26.26,1454958,82.21
2017-04-18,26.14,26.2,25.97,26.1,1021263,81.69
2017-04-19,26.21,26.39,26.09,26.14,941826,81.81
2017-04-20,26.29,26.75,26.21,26.68,1335165,83.53
2017-04-21,26.79,27.01,26.65,26.94,1473480,84.33
2017-04-24,27.44,27.72,27.32,27.57,1533735,86.29
2017-04-25,27.67,27.81,27.08,27.49,1178361,86.06
2017-04-26,27.53,27.9,27.35,27.83,1889487,87.13
2017-04-27,28.68,29.1,28.29,28.82,2272167,90.22
2017-04-28,28.77,28.99,28.27,28.28,1450473,88.52
2017-05-01,28.46,28.46,28.13,28.19,1204899,88.23
2017-05-02,28.19,28.31,27.85,28.22,887763,88.34
2017-05-03,28.16,28.18,27.81,28.03,798702,87.73
2017-05-04,28.11,28.3,27.75,27.87,952962,87.24
2017-05-05,27.98,27.98,27.5,27.61,1382067,86.43
2017-05-08,27.57,27.61,27.23,27.28,1171788,85.4
2017-05-09,27.36,27.48,27.13,27.2,1129101,85.15
2017-05-10,27.14,27.21,26.9,27.12,1112847,84.88
2017-05-11,27.01,27.03,26.64,26.83,822852,84
2017-05-12,26.72,26.94,26.59,26.83,1574742,83.99
2017-05-15,26.87,27.15,26.87,27,850482,84.51
2017-05-16,26.96,27.27,26.88,27.25,937851,85.3
2017-05-17,26.88,27.09,26.36,26.63,2924025,83.36
2017-05-18,26.51,27.56,26.44,27.21,1538250,85.18
2017-05-19,27.27,27.73,27.11,27.47,2180412,85.99
2017-05-22,27.75,27.83,27.36,27.73,1253688,86.79
2017-05-23,27.88,28.11,27.56,28.05,1206351,87.81
2017-05-24,28.17,28.58,28.03,28.42,1570833,88.96
2017-05-25,28.51,28.74,28.38,28.67,1681314,89.75
2017-05-26,28.66,28.69,28.36,28.45,896583,89.06
2017-05-30,28.43,28.75,28.26,28.59,1115313,89.5
2017-05-31,28.75,28.75,28.36,28.53,1534812,89.32
2017-06-01,28.6,28.75,28.41,28.75,1094073,90
2017-06-02,28.78,29.26,28.73,28.87,997785,90.28
2017-06-05,29.14,29.32,28.88,29.22,1377972,91.38
2017-06-06,29.85,29.85,28.95,29.4,1410579,91.92
2017-06-07,29.43,29.98,29.41,29.93,1811547,93.57
2017-06-08,29.98,30.33,29.9,29.98,1281927,93.75
2017-06-09,30.09,30.17,29.62,30.03,1277097,93.89
2017-06-12,30.04,30.58,30.04,30.35,1445736,94.91
2017-06-13,30.42,30.85,30.37,30.53,1357926,95.46
2017-06-14,30.55,30.55,29.84,30.12,1325253,94.18
2017-06-15,29.83,30.14,29.66,30.13,1126419,94.22
2017-06-16,30.13,30.32,29.99,30.29,2797431,94.7
2017-06-19,30.47,30.49,30.04,30.35,1197447,94.91
2017-06-20,30.29,30.29,29.57,29.64,1011330,92.67
2017-06-21,29.75,29.86,29.38,29.47,979905,92.15
2017-06-22,29.47,29.63,28.98,29.24,1116654,91.44
2017-06-23,29.28,29.57,29.18,29.47,3355695,92.14
2017-06-26,29.54,29.7,29.47,29.57,773178,92.47
2017-06-27,29.54,29.99,29.47,29.7,1240875,92.86
2017-06-28,29.9,30.67,29.9,30.62,1780638,95.74
2017-06-29,30.71,30.81,30.11,30.39,1619907,95.01
2017-06-30,30.48,30.6,29.87,30.46,1337991,95.24
2017-07-03,30.6,31.12,30.53,30.96,598410,96.8
2017-07-05,30.95,31.41,30.7,31.22,1478085,97.61
2017-07-06,31.12,31.3,30.87,30.98,1401378,96.87
2017-07-07,30.98,31.36,30.47,31.29,1603884,97.84
2017-07-10,31.35,31.67,31.32,31.39,1466394,98.15
2017-07-11,31.39,31.46,31.04,31.21,1042632,97.58
2017-07-12,31.35,31.75,31.35,31.67,861186,99.02
2017-07-13,31.78,31.82,31.38,31.74,993780,99.24
2017-07-14,31.79,32.11,31.75,31.98,839442,99.99
2017-07-17,31.87,32.18,31.68,31.78,814755,99.37
2017-07-18,31.71,31.74,31.42,31.44,913458,98.31
2017-07-19,31.43,31.5,31.15,31.38,641346,98.13
2017-07-20,31.47,31.47,31.05,31.07,1516398,97.14
2017-07-21,30.96,31.25,30.83,31.17,1445469,97.45
2017-07-24,31.19,31.71,31.14,31.55,1611882,98.64
2017-07-25,31.84,32.21,31.75,31.96,3885663,99.92
2017-07-26,31.98,32.18,31.94,32.11,2423547,100.4
2017-07-27,32.8,33.1,30.62,30.83,2380341,96.4
2017-07-28,30.84,31.47,30.84,31.36,1581915,98.05
2017-07-31,31.24,31.35,30.41,30.67,1635588,95.91
2017-08-01,30.79,30.79,29.98,30.2,1407699,94.44
2017-08-02,30.21,30.37,29.89,30.15,1132272,94.28
2017-08-03,30.18,30.43,30.06,30.25,870573,94.59
2017-08-04,30.38,30.97,30.32,30.77,1536639,96.22
2017-08-07,30.76,30.89,30.4,30.83,1031934,96.4
2017-08-08,30.85,31.26,30.65,30.94,1463541,96.75
2017-08-09,30.83,31.07,30.54,31.04,844377,97.06
2017-08-10,30.85,31.07,30.43,30.47,974898,95.28
2017-08-11,30.54,30.93,30.47,30.79,1202910,96.28
2017-08-14,31.01,31.43,30.94,31.26,916482,97.74
2017-08-15,31.27,31.54,31.19,31.21,993636,97.6
2017-08-16,31.33,31.77,30.96,30.98,1808169,96.88
2017-08-17,30.86,30.95,30.5,30.52,1147080,95.43
2017-08-18,30.51,30.56,30.29,30.32,1067358,94.79
2017-08-21,30.28,30.4,29.84,30.01,1799238,93.82
2017-08-22,30.04,30.47,29.94,30.4,1254729,95.06
2017-08-23,30.28,30.29,29.98,29.99,1030044,93.76
2017-08-24,30.14,30.22,29.84,29.93,1040397,93.59
2017-08-25,30.09,30.73,30.05,30.52,1098957,95.42
2017-08-28,30.66,31.12,30.51,31.09,1555107,97.22
2017-08-29,30.99,31.82,30.81,31.71,1911393,99.15
2017-08-30,31.77,32.29,31.7,32.03,2142135,100.14
2017-08-31,32.14,32.14,31.63,31.95,1870917,99.9
2017-09-01,32.06,32.25,31.82,32.08,1172112,100.2
2017-09-05,31.91,32.19,31.8,32.09,1523598,100.24
2017-09-06,32.16,32.37,31.84,32.05,1195620,100.11
2017-09-07,32.12,32.3,31.93,32.08,972057,100.22
2017-09-08,32.08,32.77,31.82,32.63,1410015,101.93
2017-09-11,32.66,32.81,32.49,32.64,1159905,101.97
2017-09-12,32.65,32.79,32.46,32.6,1314951,101.82
2017-09-13,32.61,32.61,32.06,32.21,1185414,100.62
2017-09-14,32.3,32.3,31.91,32.01,1326474,99.98
2017-09-15,31.85,32.25,31.85,32.12,2738097,100.33
2017-09-18,32.23,32.6,32.21,32.49,1320735,101.48
2017-09-19,32.65,32.95,32.51,32.8,1708800,102.45
2017-09-20,32.86,33.7,32.86,33.27,1897605,103.91
2017-09-21,33.22,33.52,33.14,33.42,1188603,104.39
2017-09-22,33.44,33.89,33.38,33.87,1346094,105.8
2017-09-25,33.99,34.24,33.82,34.19,1574541,106.79
2017-09-26,34.19,34.51,34.09,34.43,1094943,107.55
2017-09-27,34.57,34.99,34.41,34.84,1525662,108.84
2017-09-28,34.79,34.93,34.65,34.81,1305120,108.75
2017-09-29,34.87,35.36,34.87,35.25,2161413,110.11
2017-10-02,35.25,35.36,34.85,35.11,1406775,109.67
2017-10-03,35.19,35.32,34.77,34.89,1312473,108.99
2017-10-04,35,35,34.56,34.59,1930923,108.04
2017-10-05,34.44,34.59,34.08,34.57,1846878,107.99
2017-10-06,34.6,34.94,34.6,34.82,1359663,108.78
2017-10-09,35.07,35.15,34.57,34.83,1292631,108.8
2017-10-10,34.53,34.75,34.42,34.69,2842470,108.37
2017-10-11,34.7,34.92,34.64,34.71,1400787,108.41
2017-10-12,34.98,35.14,34.68,35.03,2123010,109.41
2017-10-13,35.02,35.07,34.33,34.41,1847355,107.48
2017-10-16,34.44,34.69,34,34.65,2000220,108.25
2017-10-17,34.54,34.73,34.47,34.56,1399518,107.95
2017-10-18,34.7,35.18,34.67,35.1,1304124,109.65
2017-10-19,34.89,35.47,34.63,35.42,1433343,110.63
2017-10-20,35.6,36.02,35.51,36.02,1278222,112.5
2017-10-23,36.16,36.16,35.73,35.79,1306992,111.8
2017-10-24,35.99,36.22,35.89,35.95,1307799,112.31
2017-10-25,35.97,36.29,35.11,35.54,2813196,111.03
2017-10-26,35.86,37.75,35.67,37.53,3402303,117.23
2017-10-27,37.77,39.74,37.48,39.65,3303852,123.84
2017-10-30,39.34,39.62,38.54,38.61,2234751,120.61
2017-10-31,38.71,38.93,38.49,38.78,2257854,121.13
2017-11-01,39.05,39.25,38.24,38.41,1889538,119.97
2017-11-02,38.26,39.05,37.83,38.87,1678131,121.43
2017-11-03,38.85,39,38.55,38.75,1026708,121.03
2017-11-06,38.85,38.95,38.5,38.62,1301088,120.64
2017-11-07,38.76,38.88,38.36,38.81,1163760,121.22
2017-11-08,38.74,38.86,38.24,38.72,3351909,120.95
2017-11-09,38.53,38.71,37.91,38.13,1960002,119.11
2017-11-10,37.97,38.29,37.85,38.06,2345718,118.9
2017-11-13,37.96,38.21,37.71,37.85,2459436,118.24
2017-11-14,37.91,38.25,37.33,38.11,2299071,119.03
2017-11-15,37.87,38.07,37.41,37.56,1589268,117.32
2017-11-16,37.56,38.3,37.56,38.13,1125669,119.09
2017-11-17,38.12,38.29,37.73,38.09,1957995,118.97
2017-11-20,38.05,38.57,38.05,38.55,917664,120.43
2017-11-21,38.63,39.46,38.56,39.45,1843851,123.22
2017-11-22,39.41,39.61,39.12,39.46,1207965,123.26
2017-11-24,39.62,39.88,39.24,39.4,605880,123.06
2017-11-27,39.39,39.69,39.23,39.49,1654143,123.34
2017-11-28,39.89,40.01,39.37,39.98,1914297,124.87
2017-11-29,40.02,40.7,40,40.67,2413104,127.05
2017-11-30,41.08,41.57,40.33,41.37,15364878,129.24
2017-12-01,41.45,41.48,39.63,40.79,2161440,127.41
2017-12-04,40.27,41.85,40.27,40.89,2513580,127.74
2017-12-05,41.1,41.64,40.66,40.79,2399547,127.3
2017-12-06,40.98,41.34,40.69,41.2,3492633,128.59
2017-12-07,41.32,41.57,41.02,41.53,3636234,129.63
2017-12-08,41.65,42.1,41.49,41.81,2696064,130.5
2017-12-11,41.77,41.85,41.03,41.21,1914909,128.61
2017-12-12,41.34,41.51,41.13,41.35,1488423,129.07
2017-12-13,41.36,41.82,41.29,41.33,2031252,129
2017-12-14,41.46,41.62,40.91,41.04,1593291,128.11
2017-12-15,41.06,41.8,41.06,41.47,2816910,129.43
2017-12-18,41.49,41.87,41.16,41.43,1988733,129.31
2017-12-19,41.47,41.61,41.03,41.58,1589250,129.78
2017-12-20,41.79,41.83,41.39,41.44,2340918,129.34
2017-12-21,41.73,41.73,40.81,41.51,2756196,129.57
2017-12-22,41.64,42.68,41.37,42.51,2365089,132.68
2017-12-26,42.61,42.61,42.31,42.48,1721343,132.6
2017-12-27,42.68,42.95,42.52,42.81,1486605,133.61
2017-12-28,42.77,42.82,42.06,42.54,1366725,132.79
2017-12-29,42.61,42.76,42.11,42.15,1116084,131.55
2018-01-02,42.21,43.09,42.15,43.07,1731006,134.44
2018-01-03,43.14,43.25,42.93,43.12,1963293,134.58
2018-01-04,43.25,43.62,43,43.37,2374962,135.37
2018-01-05,43.49,43.86,43.32,43.76,1125066,136.6
2018-01-08,43.82,44.29,43.74,44.2,1721796,137.96
2018-01-09,44.23,44.88,44.14,44.68,2068038,139.47
2018-01-10,44.61,44.62,43.91,44.18,3303720,137.89
2018-01-11,44.35,45.17,44.18,45.11,1450284,140.8
2018-01-12,45.46,45.73,44.98,45.68,1232718,142.58
2018-01-16,45.86,46.27,45.31,45.55,2790012,142.18
2018-01-17,45.88,46.37,45.7,46.33,1550418,144.6
2018-01-18,46.42,46.9,46.18,46.74,1593600,145.88
2018-01-19,46.92,47.43,46.73,47.41,1348716,147.97
2018-01-22,47.53,47.77,46.89,47.77,2069292,149.1
2018-01-23,47.87,48.06,47.49,47.81,1550277,149.23
2018-01-24,47.96,47.98,47.2,47.51,2618076,148.3
2018-01-25,47.75,48.05,47.24,47.63,1721901,148.66
2018-01-26,47.79,48.11,47.34,48.03,1186773,149.92
2018-01-29,47.74,48.16,47.24,47.41,1685208,147.97
2018-01-30,47.02,47.32,46.5,47.03,1298733,146.8
2018-01-31,47.41,48.05,46.8,46.92,1841928,146.45
2018-02-01,46.82,47.36,46.36,47.18,1481484,147.25
2018-02-02,46.81,47.38,46.08,46.48,1899882,145.09
2018-02-05,46.03,46.78,44.37,44.62,2912199,139.26
2018-02-06,43.67,45.11,42.62,44.98,5024412,140.39
2018-02-07,44.85,45.78,44.69,45.5,1876044,142.01
2018-02-08,44.48,45.49,42.12,42.2,3646734,131.71
2018-02-09,43.02,43.23,41.16,41.7,4945590,130.14
2018-02-12,42.19,42.59,41.52,42.31,1973292,132.06
2018-02-13,42.18,43.53,41.8,43.44,2079447,135.6
2018-02-14,43.31,44.53,42.9,44.38,2016816,138.52
2018-02-15,44.67,44.79,43.07,43.72,1917051,136.45
2018-02-16,43.65,44.12,43.38,43.78,1486617,136.64
2018-02-20,43.52,44.05,43.23,43.33,1610919,135.23
2018-02-21,43.5,44.58,43.33,43.76,2122149,136.6
2018-02-22,44.05,45.15,43.8,44.58,1506420,139.13
2018-02-23,44.62,44.91,43.33,44.7,1311945,139.51
2018-02-26,45.14,45.3,44.9,45.11,1547949,140.8
2018-02-27,45.25,45.68,44.46,44.48,1115991,138.84
2018-02-28,44.52,45.26,44.44,44.51,2474868,138.92
2018-03-01,44.63,45.16,43.64,44.16,1873830,137.83
2018-03-02,43.86,44.54,43.04,44.47,2282049,138.79
2018-03-05,44.32,44.62,43.58,44.35,2036280,138.3
2018-03-06,44.67,45.23,44.44,44.73,2236374,139.47
2018-03-07,44.52,45.61,44.26,45.55,2936472,142.03
2018-03-08,45.76,45.99,45.06,45.7,1807575,142.51
2018-03-09,46.16,47.63,46.16,47.33,2007858,147.59
2018-03-12,47.46,48.27,47.17,47.43,1263918,147.89
2018-03-13,47.31,48.08,47.31,47.61,2346594,148.45
2018-03-14,47.75,47.93,46.77,46.8,1642575,145.95
2018-03-15,46.94,47.51,46.63,47.18,1879608,147.12
2018-03-16,47.11,47.7,47.05,47.17,5137965,147.08
2018-03-19,47.09,47.69,46.92,47.42,2162145,147.87
2018-03-20,47.37,48.55,47.37,48.09,2041626,149.96
2018-03-21,48.05,48.9,47.81,48.29,1632294,150.57
2018-03-22,47.76,48.27,46.97,47.03,1593933,146.64
2018-03-23,47.08,47.6,45.97,46.1,1544061,143.74
2018-03-26,46.96,47.54,46.25,47.35,1765308,147.65
2018-03-27,47.7,47.7,45.63,45.78,1756035,142.75
2018-03-28,45.77,46.09,44.68,45.57,1620660,142.11
2018-03-29,45.7,47.59,45.7,47.13,1832523,146.97
2018-04-02,47.02,47.61,44.99,45.4,1919487,141.57
2018-04-03,46.02,46.79,45.69,46.36,2379186,144.55
2018-04-04,45.58,46.99,45.28,46.91,2432052,146.27
2018-04-05,47.21,47.21,45.8,46.51,2019540,145.04
2018-04-06,46.14,46.32,44.67,45.17,2104632,140.84
2018-04-09,45.66,45.91,44.86,44.95,1911033,140.17
2018-04-10,45.55,46.18,45.36,45.72,1930365,142.57
2018-04-11,45.48,46.11,45.43,45.83,1048185,142.9
2018-04-12,45.93,46.75,45.73,46.62,1913832,145.39
2018-04-13,47.01,47.05,45.99,46.2,1133571,144.05
2018-04-16,46.64,47.61,46.26,47.36,1643331,147.68
2018-04-17,47.78,48.1,47.27,47.97,1204143,149.57
2018-04-18,48.1,48.68,48.05,48.42,1246074,150.99
2018-04-19,48.43,48.43,47.88,48.07,620244,149.89
2018-04-20,48.23,48.23,47.4,47.63,1407453,148.51
2018-04-23,47.85,48.06,47.47,47.62,1354989,148.48
2018-04-24,47.96,48.5,45.35,45.65,2521665,142.36
2018-04-25,45.53,46.18,44.9,45.48,2771124,141.81
2018-04-26,45.02,45.02,41.66,42.63,4676844,132.93
2018-04-27,42.69,43.1,42.01,42.97,1906809,133.99
2018-04-30,43.53,43.83,42.91,42.93,2660892,133.86
2018-05-01,42.92,43.09,41.97,42.25,2475759,131.75
2018-05-02,42.05,42.66,42.05,42.66,151005,133.04
2018-05-03,42.55,42.71,42.55,42.71,135564,133.17
2018-05-04,42.41,43.42,42.36,43.07,1404432,134.31
2018-05-07,43.32,44.44,43.31,44.23,2068167,137.93
2018-05-08,44.36,46.62,44.33,45.35,6439686,141.42
2018-05-09,45.35,46.45,45.34,46.43,2478198,144.77
2018-05-10,46.73,46.8,46.39,46.52,1734933,145.07
2018-05-11,46.69,47.45,46.69,47.17,1594836,147.09
2018-05-14,47.3,47.56,46.8,46.91,1502454,146.28
2018-05-15,46.6,46.96,46.23,46.39,1889823,144.66
2018-05-16,46.44,47.11,46.42,46.7,1235142,145.64
2018-05-17,46.56,47.42,46.56,46.94,1203126,146.36
2018-05-18,46.93,47.4,46.84,47.22,1924128,147.26
2018-05-21,47.65,48.66,47.48,48.46,1848186,151.11
2018-05-22,48.64,48.7,47.5,47.55,918366,148.28
2018-05-23,47.64,48.11,46.89,48.07,1502421,149.91
2018-05-24,48.16,49.43,48.16,49.24,2177298,153.54
2018-05-25,49.01,49.7,48.74,49.45,1383072,154.19
2018-05-29,49.37,49.81,49.02,49.61,1812624,154.7
2018-05-30,49.83,51.23,49.83,50.8,2074722,158.42
2018-05-31,50.78,51.2,49.76,50.01,2045529,155.96
2018-06-01,50.54,51.19,50.14,51.1,2188035,159.36
2018-06-04,51.2,51.43,49.2,49.42,2081340,154.12
2018-06-05,49.33,50.67,48.47,49.55,2203893,154.39
2018-06-06,49.91,50.62,49.07,50.57,1813353,157.55
2018-06-07,50.79,51,50.07,50.78,1253637,158.2
2018-06-08,50.84,51.69,50.64,51.56,1410837,160.64
2018-06-11,51.73,52.32,51.6,51.9,1977150,161.69
2018-06-12,52.09,52.67,51.92,52.38,1569351,163.21
2018-06-13,52.48,52.6,51.96,51.98,2644821,161.95
2018-06-14,52.1,52.1,50.89,51.44,3277905,160.28
2018-06-15,51.17,52.01,50.69,51.87,4429872,161.61
2018-06-18,51.46,52.34,51.29,51.67,2767047,160.98
2018-06-19,51.42,51.51,50.42,51.22,2995011,159.6
2018-06-20,51.4,52.43,50.88,52.34,1351077,163.07
2018-06-21,51.27,52.37,51.2,51.61,1052967,160.8
2018-06-22,52.08,52.14,50.6,50.65,4564533,157.8
2018-06-25,50.39,50.39,48.86,49.2,2084601,153.28
2018-06-26,49.26,49.65,48.81,49.07,2047341,152.9
2018-06-27,49.27,49.58,48.13,48.18,1619349,150.12
2018-06-28,48.07,48.33,47.42,48.11,1367802,149.9
2018-06-29,48.62,48.96,47.77,47.81,2214420,148.96
2018-07-02,47.68,48.26,47.31,47.86,2634393,149.12
2018-07-03,47.95,48.47,47.14,47.32,1018824,147.44
2018-07-05,47.42,48.06,46.45,46.97,2270517,146.33
2018-07-06,47.24,48.07,46.84,47.31,1402569,147.39
2018-07-09,47.62,48.78,47.58,48.76,1502637,151.91
2018-07-10,48.94,49.46,47.18,47.51,1997988,148.02
2018-07-11,47.03,47.07,46.19,46.82,2829027,145.89
2018-07-12,47.36,47.46,46.65,47.33,1890432,147.47
2018-07-13,47.17,47.98,47.15,47.59,2211276,148.29
2018-07-16,48.04,48.1,45.07,45.88,3712002,142.95
2018-07-17,45.85,47.04,45.65,46.79,2132814,145.78
2018-07-18,46.9,47.98,46.73,47.59,2653797,148.27
2018-07-19,47.29,48.27,46.73,47.87,2216805,149.15
2018-07-20,47.78,48.27,47.51,47.85,1691694,149.1
2018-07-23,47.88,48.8,47.81,48.47,1463826,151.01
2018-07-24,48.87,48.94,44.83,45.74,3678294,142.52
2018-07-25,46.67,47.6,45.6,47.49,2656161,147.96
2018-07-26,47.16,47.96,42.98,46.27,5656200,144.17
2018-07-27,46.63,47.65,45.41,46.17,2251050,143.85
2018-07-30,46.28,46.61,45.71,45.89,1379325,142.99
2018-07-31,45.99,47.44,45.94,47.12,1576758,146.8
2018-08-01,47.18,47.46,45.55,46.3,1984758,144.25
2018-08-02,46.04,47.58,46.04,47.45,1840899,147.84
2018-08-03,47.52,47.53,46.38,46.78,1630464,145.74
2018-08-06,46.83,47.11,46.37,47.01,1793067,146.48
2018-08-07,47.17,47.39,46.69,47.04,1682976,146.56
2018-08-08,46.92,47.38,46.54,47.25,1257093,147.2
2018-08-09,47.25,47.82,46.82,47.21,845784,147.1
2018-08-10,46.91,47.43,46.59,47.05,661830,146.58
2018-08-13,47.15,47.15,46.21,46.3,1153131,144.26
2018-08-14,46.49,47.02,46.28,46.64,1414734,145.32
2018-08-15,46.28,46.77,45.1,46.52,1525689,144.94
2018-08-16,46.8,47.72,46.69,46.92,1018008,146.18
2018-08-17,46.89,47.2,46.41,47.12,1272009,146.8
2018-08-20,47.14,47.97,46.86,47.69,1621164,148.58
2018-08-21,47.66,48.54,47.66,48.01,1377543,149.58
2018-08-22,47.89,48.04,47.59,47.8,817992,148.93
2018-08-23,47.8,47.94,47.24,47.42,923187,147.74
2018-08-24,47.53,47.71,47.05,47.07,1104486,146.66
2018-08-27,47.35,48.08,47.31,47.88,2157891,149.18
2018-08-28,48.06,48.3,47.69,47.88,1373247,149.18
2018-08-29,48.11,49.3,47.74,49.09,1802499,152.96
2018-08-30,49.1,49.66,48.78,49.16,1283325,153.17
2018-08-31,48.46,49.21,47.21,48.91,2427492,152.4
2018-09-04,48.68,49.75,48.68,49.58,1449789,154.49
2018-09-05,49.52,51.2,49.44,51,2527677,158.78
2018-09-06,51.09,53.29,49.21,53.12,3292062,165.35
2018-09-07,53,54.27,52.66,53.06,2071359,165.18
2018-09-10,53.49,54.62,53.44,53.83,2684301,167.58
2018-09-11,53.83,54.68,53.45,53.98,2513490,168.03
2018-09-12,53.81,54,52.41,53.52,1651965,166.61
2018-09-13,53.84,53.97,52.71,53.45,1292997,166.38
2018-09-14,53.63,54.19,52.9,53.29,1942149,165.89
2018-09-17,53.29,54.59,51.41,52.08,2588124,162.13
2018-09-18,52.63,52.77,51.6,52.31,1919577,162.85
2018-09-19,52.44,52.69,51.29,51.77,3262098,161.16
2018-09-20,51.96,51.99,50.68,50.82,3551646,158.19
2018-09-21,50.98,51.13,50.04,50.36,6029367,156.77
2018-09-24,50.36,50.84,49.49,50.8,3596526,158.14
2018-09-25,50.88,51.45,50.31,51.4,3787785,160
2018-09-26,51.53,52.58,51.1,51.88,1491456,161.51
2018-09-27,52.23,52.32,51.43,51.61,1203954,160.67
2018-09-28,51.47,51.93,51.21,51.8,1234719,161.26
2018-10-01,52.2,52.52,51.62,51.91,1192629,161.59
2018-10-02,51.85,51.85,50.18,50.21,1578378,156.32
2018-10-03,50.35,50.82,50.06,50.37,1346181,156.79
2018-10-04,50.23,50.73,49.28,49.62,1249734,154.47
2018-10-05,49.73,49.73,47.89,48.78,2301108,151.87
2018-10-08,48.6,48.98,47.75,48.43,1596726,150.75
2018-10-09,48.46,48.83,47.55,47.67,1928433,148.4
2018-10-10,47.71,47.81,44.54,44.65,4364766,139
2018-10-11,44.33,45.25,43.73,43.79,2109954,136.31
2018-10-12,44.75,44.89,43.37,43.87,2476191,136.57
2018-10-15,43.64,44.26,43.21,43.55,2220981,135.58
2018-10-16,44.21,44.71,43.57,44.65,2378400,139
2018-10-17,44.62,44.62,43.38,43.56,1710300,135.61
2018-10-18,43.46,43.81,42.37,42.45,2082579,132.15
2018-10-19,42.92,43.18,42.18,42.42,2278251,132.06
2018-10-22,41.77,42.41,41.1,42.13,2456007,131.14
2018-10-23,41.25,41.75,40.53,41.25,1985436,128.42
2018-10-24,41.41,41.83,39.52,39.67,2986182,123.51
2018-10-25,41.76,42.06,38.92,40.06,4904841,124.72
2018-10-26,39.28,40.2,38.58,39.96,2469912,124.39
2018-10-29,40.61,40.95,38.14,38.74,1783803,120.61
2018-10-30,39.49,40.74,39.22,40.54,2497779,126.21
2018-10-31,41.04,42.07,40.93,41.89,3824157,130.42
2018-11-01,42.15,43.1,41.65,42.91,2636574,133.58
2018-11-02,43.3,43.97,42.33,42.91,2160585,133.59
2018-11-05,43.01,43.35,41.96,42.96,1970133,133.75
2018-11-06,42.82,44.13,42.82,43.93,2269638,136.75
2018-11-07,44.46,45.4,44.39,45.08,2364657,140.33
2018-11-08,44.92,45.72,43.81,44.31,1934613,137.94
2018-11-09,44.03,44.03,42.61,43.36,2994693,134.99
2018-11-12,43.22,43.66,42.45,42.54,1860723,132.43
2018-11-13,42.76,43.35,42.01,42.25,1774773,131.52
2018-11-14,42.65,43.23,42.35,42.8,1479738,133.23
2018-11-15,42.55,44.01,42.42,43.72,1745733,136.1
2018-11-16,43.49,43.89,42.87,43.25,1414533,134.65
2018-11-19,43.08,43.78,42.41,43.14,1742223,134.31
2018-11-20,42.39,42.52,40.74,40.78,2027742,126.95
2018-11-21,40.78,41.96,40.58,41.66,1550565,129.68
2018-11-23,41.22,41.98,41.12,41.46,737529,129.07
2018-11-26,41.92,43,41.8,42.84,2074362,133.37
2018-11-27,42.67,42.9,42.07,42.61,2620110,132.65
2018-11-28,42.89,44.16,42.56,44.11,1368039,137.31
2018-11-29,43.99,44.01,43.16,43.37,1485258,135.01
2018-11-30,43.37,44.58,43.19,43.92,2977854,136.73
2018-12-03,44.75,44.97,43.3,43.52,1365903,135.49
2018-12-04,43.19,43.23,40.38,41.65,3188337,129.67
2018-12-06,40.92,43.28,40.49,43.15,3352161,134.19
2018-12-07,43.41,43.8,41.14,41.4,2555781,128.75
2018-12-10,41.08,42.01,40.66,41.72,2922924,129.75
2018-12-11,42.53,42.81,41.36,41.71,1975911,129.7
2018-12-12,42.62,42.71,41.87,41.88,1953504,130.23
2018-12-13,41.91,42,40.44,40.68,1305435,126.52
2018-12-14,40.19,41.12,39.52,39.69,1826019,123.43
2018-12-17,39.52,40.53,39.14,40.01,1860297,124.42
2018-12-18,40.47,41.03,39.82,40.31,1381560,125.37
2018-12-19,40.26,40.94,39.01,39.19,1569546,121.89
2018-12-20,38.88,39.78,38.34,38.83,1647891,120.76
2018-12-21,39.16,39.78,38.19,38.37,4028775,119.33
2018-12-24,38,38.13,37.11,37.16,851811,115.58
2018-12-26,37.25,38.79,36.98,38.73,1553115,120.46
2018-12-27,38.2,39.66,38.11,39.64,1581660,123.27
2018-12-28,39.67,40.13,39.04,39.43,1038651,122.61
2018-12-31,39.8,39.98,39.3,39.71,2109999,123.49
2019-01-02,38.99,40.05,38.86,39.69,1541868,123.42
2019-01-03,39.46,39.46,37.94,38.23,1124589,118.89
2019-01-04,38.92,39.7,38.28,39.55,1437300,122.99
2019-01-07,39.56,40.34,39.17,40,1058112,124.41
2019-01-08,40.62,41.25,40.31,41.19,1795698,128.1
2019-01-09,41.35,41.61,40.63,41.21,1556544,128.16
2019-01-10,41.11,41.52,40.28,41.18,1559979,128.07
2019-01-11,41.06,41.57,40.53,41.11,1233129,127.84
2019-01-14,40.56,41.01,40.28,40.49,1764636,125.92
2019-01-15,40.64,40.76,39.9,40.47,1089876,125.86
2019-01-16,40.47,41.2,40.02,40.74,1223148,126.7
2019-01-17,40.74,42.08,40.44,41.88,1943820,130.23
2019-01-18,42.41,44.02,42.39,43.93,1991835,136.63
2019-01-22,43.29,43.31,40.86,42.73,2915256,132.9
2019-01-23,42.99,43,41.66,42.1,1127718,130.94
2019-01-24,42.41,42.64,42.02,42.31,1383624,131.58
2019-01-25,42.89,43.5,42.6,43.27,910872,134.56
2019-01-28,43.01,43.78,42.7,43.62,1198974,135.67
2019-01-29,43.78,44.1,43.46,43.91,1048929,136.55
2019-01-30,44.26,44.91,43.52,44.86,1561728,139.51
2019-01-31,44.89,44.89,43.62,43.71,1670091,135.93
2019-02-01,43.68,44.75,43.68,44.38,1230762,138.01
2019-02-04,44.35,45.51,43.94,45.46,1309236,141.39
2019-02-05,45.67,45.87,44.95,45.58,1613994,141.74
2019-02-06,45.6,45.98,44.54,44.69,1849515,138.99
2019-02-07,45.59,46.64,45.2,45.98,2965110,142.99
2019-02-08,46.02,46.44,44.92,45.58,2063661,141.75
2019-02-11,45.82,46.17,44.72,45.21,1703319,140.59
2019-02-12,45.74,46.09,45.2,45.62,5045223,141.87
2019-02-13,45.67,46.84,45.67,46.3,2184294,144
2019-02-14,46,46.93,45.67,46.58,1786542,144.87
2019-02-15,46.81,47.18,46.47,47.07,1387110,146.37
2019-02-19,46.85,48.31,46.85,48.08,1980444,149.53
2019-02-20,48.24,49.17,47.99,49.04,1545294,152.5
2019-02-21,48.93,49.2,48.43,48.88,2575113,152
2019-02-22,49,49.05,48.3,48.83,1815324,151.86
2019-02-25,49,49.17,48.71,48.87,2043435,151.97
2019-02-26,48.53,48.85,48.4,48.55,1519278,151
2019-02-27,48.38,48.74,48.21,48.38,1931925,150.46
2019-02-28,48.38,48.51,47.86,48.48,1546002,150.77
2019-03-01,48.77,49.49,48.41,49.07,1910739,152.61
2019-03-04,49.31,49.32,47.55,47.79,1779945,148.63
2019-03-05,47.71,48.05,46.91,46.96,1359120,145.88
2019-03-06,46.83,47.13,46.41,46.49,1184697,144.42
2019-03-07,46.29,46.47,45.09,45.35,1746765,140.87
2019-03-08,45.08,45.99,44.63,45.94,1625559,142.71
2019-03-11,45.69,47.31,45.69,47.09,1507347,146.29
2019-03-12,47.19,47.45,46.54,47.12,1436538,146.36
2019-03-13,47.32,48.54,47.32,47.84,1791705,148.6
2019-03-14,47.72,48.02,47.51,47.55,1513653,147.7
2019-03-15,47.67,47.98,47.16,47.36,2672748,147.11
2019-03-18,47.3,48.06,47.3,48.06,1167024,149.3
2019-03-19,47.97,48.27,46.29,46.37,1410909,144.05
2019-03-20,46.24,46.75,45.59,46,1357596,142.88
2019-03-21,45.83,47.12,45.49,46.94,970890,145.82
2019-03-22,46.58,46.81,45.87,45.94,1530192,142.72
2019-03-25,45.95,46.63,45.73,45.77,1320342,142.19
2019-03-26,46.18,46.63,45.86,46.5,1150353,144.44
2019-03-27,46.44,47,46.13,46.32,1129938,143.89
2019-03-28,46.44,47,46.1,46.84,1297725,145.49
2019-03-29,47.03,47.23,46.37,46.48,1555671,144.39
2019-04-01,47,48.2,46.84,48.05,1302831,149.27
2019-04-02,48,48.27,47.46,47.83,1421676,148.59
2019-04-03,48.08,49.22,47.91,48.27,1779450,149.94
2019-04-04,48.37,49.22,48.32,48.97,1451499,152.11
2019-04-05,48.97,49.58,48.71,48.85,1432608,151.75
2019-04-08,48.71,49.16,48.29,49.15,627273,152.69
2019-04-09,49.03,49.03,48.4,48.5,900195,150.65
2019-04-10,48.64,48.75,48.14,48.39,1244232,150.31
2019-04-11,48.51,49.57,48.51,49.35,1661631,153.29
2019-04-12,49.54,50.03,49.2,49.49,1206189,153.74
2019-04-15,49.61,49.96,48.88,49.08,1478856,152.47
2019-04-16,48.8,50,48.66,49.84,1445820,154.83
2019-04-17,50.06,50.81,49.89,50.57,1593510,157.08
2019-04-18,50.73,51.25,49.79,49.97,1480932,155.23
2019-04-22,49.89,50.38,49.51,50.16,1194018,155.8
2019-04-23,50.5,50.5,49.72,49.84,1582056,154.82
2019-04-24,50.06,51.28,49.88,51.17,2354310,158.94
2019-04-25,51.51,52.47,48.11,49.01,4781334,152.25
2019-04-26,48.87,49.96,48.61,49.53,1347045,153.87
2019-04-29,49.13,49.13,47.93,48.22,2302785,149.79
2019-04-30,48.14,48.19,46.87,48.06,1777794,149.28
2019-05-01,47.97,48.05,46.9,47.95,2519523,148.96
2019-05-02,47.64,48.57,47.4,48.3,1369338,150.05
2019-05-03,48.61,49.77,48.57,49.35,1069032,153.29
2019-05-06,48.23,49.73,48.02,49.48,1364352,153.7
2019-05-07,48.98,49.38,47.06,47.56,2279403,147.73
2019-05-08,47.54,47.92,46.79,46.87,1579272,145.6
2019-05-09,46.34,47.4,46.15,47.06,1108056,146.2
2019-05-10,47,47.4,45.89,47.12,1650825,146.38
2019-05-13,46.25,46.47,45.35,45.67,1763940,141.86
2019-05-14,45.76,47.04,45.76,46.45,1406388,144.29
2019-05-15,45.97,46.91,45.77,46.7,1610808,145.08
2019-05-16,46.93,47.54,46.93,47.07,1197672,146.22
2019-05-17,46.72,47.54,46.66,47.04,1890969,146.13
2019-05-20,46.63,47.86,46.46,47.3,1722837,146.92
2019-05-21,47.44,47.69,46.79,46.96,1343964,145.89
2019-05-22,46.87,47.14,45.44,46.27,1897626,143.73
2019-05-23,45.64,45.64,44.74,44.97,1591104,139.68
2019-05-24,45.34,45.39,44.25,44.58,1813350,138.48
2019-05-28,44.64,44.98,43.95,44.13,2688204,137.08
2019-05-29,43.94,44.09,43.07,43.22,1734948,134.26
2019-05-30,43.3,43.7,42.49,43.2,1806177,134.21
2019-05-31,42.81,43.32,42.37,42.63,1906629,132.44
2019-06-03,42.51,43.59,42.13,42.38,2191470,131.65
2019-06-04,43.13,43.68,42.97,43.59,1599648,135.23
2019-06-05,43.82,44.22,43.33,43.74,1101681,135.7
2019-06-06,43.6,43.74,42.84,43.64,1334793,135.38
2019-06-07,43.94,44.22,43.61,43.89,905031,136.16
2019-06-10,44.16,45.29,43.94,44.83,1034766,139.07
2019-06-11,45.14,45.7,45.01,45.37,1449450,140.74
2019-06-12,45.36,45.92,45.07,45.77,1434375,142
2019-06-13,45.89,46.31,45.46,45.61,1210482,141.49
2019-06-14,45.5,45.9,44.81,45.78,1090314,142.04
2019-06-17,45.76,45.97,44.63,44.77,1000296,138.88
2019-06-18,44.94,45.93,44.81,45.39,1023939,140.83
2019-06-19,45.45,46.07,45.32,45.78,1256109,142.03
2019-06-20,46.39,46.97,46.18,46.93,1146855,145.58
2019-06-21,46.85,47.77,46.62,47.05,2558271,145.97
2019-06-24,47.22,47.53,45.87,45.94,1178196,142.52
2019-06-25,46.1,46.6,45.45,45.79,1118697,142.06
2019-06-26,45.96,46.31,45.81,46.26,908880,143.51
2019-06-27,46.65,47.51,46.52,47.47,1111665,147.26
2019-06-28,47.87,48.65,47.87,48.11,4992654,149.26
2019-07-01,48.44,49.2,47.86,48.34,1233180,149.97
2019-07-02,48.34,48.8,47.71,47.89,965274,148.57
2019-07-03,47.9,48.43,47.9,48.2,730500,149.53
2019-07-05,48.02,48.46,47.65,48.36,558105,150.04
2019-07-08,47.96,47.96,47.18,47.42,1609197,147.11
2019-07-09,47.13,47.36,46.86,47.17,1285629,146.33
2019-07-10,47.31,47.62,45.86,45.96,1332669,142.57
2019-07-11,45.22,46.52,45.13,46.03,1367343,142.8
2019-07-12,45.99,48.7,45.99,48.33,1597428,149.95
2019-07-15,48.4,48.93,47.66,47.92,1258494,148.67
2019-07-16,48.64,50.51,47.93,49.47,2461686,153.46
2019-07-17,49.15,49.62,48.4,49.51,1871784,153.6
2019-07-18,49.51,49.86,49.08,49.55,1825407,153.71
2019-07-19,49.85,50.38,49.85,50.03,1502610,155.2
2019-07-22,50.03,50.74,49.96,50.34,1656669,156.18
2019-07-23,50.51,51.83,50.43,51.82,1974681,160.75
2019-07-24,51.85,53,51.57,52.87,3566454,164.03
2019-07-25,53.02,54.47,51.79,52.55,4007148,163.02
2019-07-26,53.33,53.5,52.63,53.13,1742160,164.84
2019-07-29,53.13,53.49,52.52,53.03,1240785,164.53
2019-07-30,52.41,53.31,52.15,53.27,1794543,165.27
2019-07-31,53.29,54.39,53.23,53.82,2485005,166.98
2019-08-01,53.68,54.59,53.31,53.7,3318207,166.585
2019-08-02,53.5,53.78,52.98,53.53,1968705,166.06
2019-08-05,52.5,53.04,51.85,52.25,3282261,162.1
2019-08-06,52.69,53.31,52.04,53.17,1647651,164.95
2019-08-07,52.61,53.83,52.09,53.68,3079623,166.52
2019-08-08,53.74,54.66,53.47,54.4,3384945,168.77
2019-08-09,53.74,53.75,53.09,53.21,1781862,165.07
2019-08-12,52.97,53.59,52.62,53.53,1732107,166.06
2019-08-13,53.64,55.4,53.4,55.37,1767486,171.78
2019-08-14,54.48,55.25,53.22,53.55,1883307,166.14
2019-08-15,53.75,54.18,52.06,52.29,2641587,162.21
2019-08-16,52.59,53.58,52.59,53.41,2326566,165.69
2019-08-19,54.21,54.61,53.43,53.46,2113434,165.84
2019-08-20,53.48,53.97,52.88,52.93,2127387,164.22
2019-08-21,53.43,53.74,53.14,53.36,1604877,165.53
2019-08-22,53.5,53.66,52.67,53.12,1348833,164.8
2019-08-23,52.99,52.99,51.06,51.23,1524867,158.93
2019-08-26,51.45,52.02,51.05,51.88,1398726,160.94
2019-08-27,52.26,52.26,51.31,51.42,955098,159.51
2019-08-28,51.03,52.4,50.58,51.72,1602045,160.45
2019-08-29,52.24,53,51.9,52.24,1470546,162.07
2019-08-30,52.51,53.11,52.41,52.79,1523196,163.76
2019-09-03,52.21,54.41,51.01,51.44,1826064,159.42
2019-09-04,51.98,52.45,51.53,52.05,1562760,161.31
2019-09-05,52.58,53.55,52.58,53.14,2332998,164.68
2019-09-06,53.27,53.35,52.81,53.16,1017834,164.75
2019-09-09,53.22,53.97,52.68,53.89,2594448,167.01
2019-09-10,53.84,55.68,51.81,55.63,2011506,172.4
2019-09-11,55.56,56.47,55.22,56.34,1521894,174.62
2019-09-12,56.35,56.86,55.57,56.05,1374291,173.71
2019-09-13,56.4,56.46,55.78,56.12,811296,173.92
2019-09-16,55.47,56.32,54.91,56.22,1012767,174.24
2019-09-17,56.03,56.29,55.52,56.14,1130553,174
2019-09-18,55.82,56.24,54.93,56.11,1185981,173.89
2019-09-19,56.17,56.43,55.1,55.22,1309131,171.13
2019-09-20,55.35,55.47,54.61,54.74,3693414,169.65
2019-09-23,54.79,55.19,54.66,54.95,1103460,170.3
2019-09-24,55.37,55.6,54.06,54.13,1165071,167.77
2019-09-25,54.1,56.22,54.01,55.9,1665000,173.24
2019-09-26,55.82,56.65,55.63,56.31,1562130,174.52
2019-09-27,54.89,55.8,54.8,55.52,1542516,172.06
2019-09-30,55.54,55.96,54.52,54.84,2312994,169.97
2019-10-01,55.18,55.75,53.27,53.41,1353855,165.52
2019-10-02,53.15,53.18,51.81,52.19,1975986,161.75
2019-10-03,52.23,52.7,51.05,52.56,1470189,162.89
2019-10-04,52.78,53.34,52.25,52.52,1213443,162.76
2019-10-07,52.43,53.42,52.01,53.11,1947072,164.6
2019-10-08,52.46,53.21,52.11,52.2,1296459,161.78
2019-10-09,52.61,53.67,52.61,53.37,1047888,165.39
2019-10-10,53.26,54.52,53.26,53.79,870324,166.71
2019-10-11,54.35,55.72,54.35,55.18,1478925,171
2019-10-14,55.18,55.75,54.76,55.25,692742,171.24
2019-10-15,54.71,56.32,54.71,55.84,1538442,173.06
2019-10-16,55.69,57.18,55.69,56.65,1722210,175.56
2019-10-17,56.69,57.5,56.53,56.92,1337043,176.4
2019-10-18,56.93,57.89,56.83,57.61,1634937,178.53
2019-10-21,58.07,58.67,57.66,58.05,1477563,179.89
2019-10-22,58.06,58.43,57.47,58.42,1314717,181.04
2019-10-23,58.25,59.08,57.9,59.04,2033943,182.98
2019-10-24,58.15,60.21,57.11,59.32,2854476,183.84
2019-10-25,58.17,60.54,58.17,60.21,1971681,186.6
2019-10-28,60.73,61.01,59.94,60.46,1315773,187.37
2019-10-29,60.46,61.72,60.24,61.04,1731726,189.17
2019-10-30,60.87,60.88,59.06,59.82,1693110,185.4
2019-10-31,59.61,59.61,58.44,58.75,1655211,182.08
2019-11-01,59.26,60.74,58.77,60.7,1111572,188.12
2019-11-04,60.93,61.7,60.41,61.41,1554543,190.33
2019-11-05,61.7,62.17,61.59,62.04,1216062,192.27
2019-11-06,62,62.38,61.55,62.32,1365204,193.14
2019-11-07,62.65,63.5,62.45,62.73,1595124,194.42
2019-11-08,62.75,63.16,62.5,62.66,794385,194.18
2019-11-11,62.37,63.13,61.9,63.04,1069344,195.38
2019-11-12,63.04,63.65,62.83,63.13,994971,195.64
2019-11-13,62.86,62.9,61.95,62.78,1200549,194.55
2019-11-14,62.52,62.99,62.41,62.94,927054,195.07
2019-11-15,63.24,63.36,62.08,62.25,1603656,192.92
2019-11-18,62.04,62.55,61.73,62.3,1426254,193.09
2019-11-19,62.55,62.98,62.09,62.59,1419429,193.99
2019-11-20,62.4,62.66,61.49,61.67,1364976,191.11
2019-11-21,61.99,62.31,61.06,61.44,1400964,190.42
2019-11-22,61.8,61.84,61.14,61.17,1363701,189.57
2019-11-25,61.21,62.54,61.21,61.89,1446768,191.81
2019-11-26,61.89,62.87,61.68,62.62,1989816,194.06
2019-11-27,62.9,63.14,62.55,63.11,2068839,195.59
2019-11-29,62.94,62.94,61.76,61.82,639267,191.59
2019-12-02,61.69,61.95,59.96,60.11,2305035,186.28
2019-12-03,59,60.07,58.46,58.72,4309644,181.81
2019-12-04,58.32,59.9,58.28,58.71,4083789,181.78
2019-12-05,58.12,59.41,58.08,59.38,3686304,183.86
2019-12-06,60.01,60.77,59.03,59.53,64097751,184.31
2019-12-09,59.65,60.58,59.61,60.35,2579049,186.86
2019-12-10,60.37,60.7,59.92,60.56,1537677,187.52
2019-12-11,60.46,60.69,59.6,59.97,2082759,185.7
2019-12-12,60.07,60.65,59.61,60.55,1998132,187.48
2019-12-13,60.55,61.32,59.98,60.2,1540449,186.41
2019-12-16,60.69,60.99,60.04,60.07,2017383,186.01
2019-12-17,60.11,61.03,59.96,60.29,1698378,186.68
2019-12-18,60.44,60.47,59.44,59.96,1327578,185.64
2019-12-19,59.96,60.27,59.74,60.02,1155288,185.85
2019-12-20,60.26,60.96,59.62,60.78,4601373,188.19
2019-12-23,61.28,61.35,60.38,60.5,1344675,187.34
2019-12-24,60.7,60.85,60.4,60.71,492966,187.99
2019-12-26,60.79,60.89,60.52,60.8,606474,188.25
2019-12-27,61.12,61.27,60.66,61.02,744351,188.93
2019-12-30,60.79,61.08,60.4,60.85,881964,188.42
2019-12-31,60.76,61.63,60.76,61.29,1518195,189.78
2020-01-02,61.45,62.02,60.94,62.02,2315484,192.03
2020-01-03,61.48,61.62,60.97,61.28,2077212,189.74
2020-01-06,60.94,61.07,60.09,60.79,2160027,188.24
2020-01-07,60.86,61.16,60.62,60.97,1583313,188.78
2020-01-08,61.11,61.64,60.87,61.26,1501176,189.67
2020-01-09,61.62,62.71,61.36,62.66,1993872,194.02
2020-01-10,62.9,63.94,62.6,63.61,2727198,196.97
2020-01-13,63.63,64.84,63.48,64.79,2507949,200.61
2020-01-14,64.7,66.33,64.7,65.88,2448582,204
2020-01-15,65.79,66.68,65.75,66.55,1475253,206.07
2020-01-16,66.99,67.57,66.81,67.5,1654773,208.99
2020-01-17,66.83,67.88,66.53,67.32,1677954,208.44
2020-01-21,67.18,67.56,66.27,66.34,1590486,205.42
2020-01-22,66.7,66.77,65.43,65.5,1373979,202.8
2020-01-23,65.4,66.44,64.91,66.33,1432767,205.37
2020-01-24,66.47,66.87,65.48,66.04,996939,204.47
2020-01-27,64.68,65.57,64.27,64.82,1590189,200.69
2020-01-28,65.1,65.38,64.61,65.04,1053378,201.38
2020-01-29,65.06,66.42,65.06,65.54,984180,202.92
2020-01-30,64.8,66.1,64.61,65.76,1269699,203.61
2020-01-31,65.35,65.68,63.19,63.38,1859535,196.23
2020-02-03,63.83,64.76,63.38,64.22,1416489,198.85
2020-02-04,65.11,66.12,65.11,65.99,1347378,204.33
2020-02-05,66.38,66.92,66.2,66.84,1586226,206.95
2020-02-06,66.82,71,66.4,70.36,2649678,217.85
2020-02-07,70.97,71.47,70.03,71.24,1832667,220.59
2020-02-10,71.06,71.53,70.56,71.12,1341408,220.21
2020-02-11,71.34,71.46,70.31,70.87,1149756,219.44
2020-02-12,71.07,72.26,70.64,71.98,890211,222.87
2020-02-13,71.64,72.26,71.62,72.01,685185,222.98
2020-02-14,72.22,72.22,71.47,71.67,751938,221.91
2020-02-18,71.57,72.07,71.26,71.87,681546,222.54
2020-02-19,71.94,73.05,71.72,72.68,968001,225.04
2020-02-20,72.91,73.38,72.32,72.9,1075035,225.72
2020-02-21,72.56,72.74,71.32,71.88,995535,222.55
2020-02-24,69.87,70.43,68.35,69.89,1519872,216.4
2020-02-25,70.27,70.4,67.13,67.48,1219215,208.93
2020-02-26,67.95,68.83,66.46,66.62,1374564,206.28
2020-02-27,65.18,67.04,63.99,64.01,2029440,198.2
2020-02-28,62.8,62.82,60.39,62.59,3658242,193.8
2020-03-02,62.31,64.93,61.18,64.62,3291870,200.08
2020-03-03,64.57,66.24,62.35,62.79,2075856,194.2
2020-03-04,62.97,66.89,62.84,66.62,2257881,206.03
2020-03-05,64.61,66.04,64.21,65.17,1907346,201.55
2020-03-06,63.1,64.7,62.93,64.16,2315856,198.44
2020-03-09,60.51,62.85,58.65,58.75,3451554,181.7
2020-03-10,60.93,61.68,58.57,61.68,3713097,190.76
2020-03-11,59.85,61.36,57.86,58.2,2320809,180
2020-03-12,53.8,58.17,53.09,54.12,4138911,167.38
2020-03-13,55.73,58.99,55.36,57.53,3457020,177.93
2020-03-16,52.06,54.99,51.31,52.05,2512755,160.99
2020-03-17,53.42,58.06,52.34,55.08,3231387,170.35
2020-03-18,52.45,56.91,51.6,54.65,3014289,169.01
2020-03-19,54.43,55.02,51.78,52.41,2313732,162.1
2020-03-20,52.87,57.51,52.68,54.54,3905493,168.68
2020-03-23,55.79,57.23,53.36,55.57,2161635,171.86
2020-03-24,57.36,61.2,57.36,60.75,2557671,187.87
2020-03-25,62.27,67.83,58.37,65.73,2987654,135.53
2020-03-26,66.4,68.69,65.04,68.19,2330982,140.6
2020-03-27,65.28,66.44,61.98,62.24,3194838,128.33
2020-03-30,63.36,66.41,62.63,65.32,2975702,134.67
2020-03-31,64.34,65.95,63.06,63.66,3516560,131.26
2020-04-01,61.58,62.46,58.92,59.33,1771142,122.33
2020-04-02,58.35,60.91,57.72,60.24,2735530,124.21
2020-04-03,59.61,60.87,58.96,59.42,1483434,122.51
2020-04-06,61.89,67.58,61.2,67.02,2229368,138.18
2020-04-07,68.85,71.29,67.98,69.18,2785312,142.64
2020-04-08,66.47,70.03,66.45,67.08,1998698,138.3
2020-04-09,67.61,68.03,65.22,65.55,2836204,135.15
2020-04-13,64.38,65.09,62.45,63,1777106,129.89
2020-04-14,64.27,65.85,64.11,64.75,2046456,133.5
2020-04-15,63.94,65.05,63.22,64.39,1532462,132.76
2020-04-16,64.16,66.4,64.16,66.04,1644012,136.17
2020-04-17,67.73,67.9,65.64,66.28,1518234,136.65
2020-04-20,65.49,65.76,62.64,63,1557750,129.89
2020-04-21,61.6,62.34,59.9,60.22,2200684,124.17
2020-04-22,61.74,62.85,60.62,62.2,2236274,128.25
2020-04-23,62.74,68.93,62.74,68.51,3497720,141.25
2020-04-24,69.28,69.61,66.93,68.69,2972812,141.63
2020-04-27,69.11,69.75,68.21,69.16,1407272,142.6
2020-04-28,70.53,71.63,69.64,70.08,1322624,144.49
2020-04-29,70.76,72.84,70.53,72.08,1857344,148.61
2020-04-30,71.3,71.7,70.03,70.47,1475434,145.29
2020-05-01,69.46,72.74,68.92,71.31,1985490,147.03
2020-05-04,70.81,71.81,70.07,71.81,1293382,148.07
2020-05-05,71.94,74.83,71.94,74.52,1794892,153.64
2020-05-06,74.82,74.95,73.21,73.86,1758354,152.29
2020-05-07,74.6,75.11,72.3,72.61,2975468,149.71
2020-05-08,73.69,75.01,73.31,74.09,1533916,152.76
2020-05-11,73.6,76.34,73.54,75.54,1820638,155.75
2020-05-12,76.49,76.49,74.38,74.95,1517688,154.54
2020-05-13,74.65,75.39,71.51,72.54,1564190,149.56
2020-05-14,71.88,72.12,70.04,71.85,3055496,148.15
2020-05-15,72.18,72.98,71.76,72.29,2027826,149.05
2020-05-18,74.33,75.4,73.65,74.91,1923916,154.45
2020-05-19,75.15,76.17,74.33,74.37,1411910,153.34
2020-05-20,75.19,76.86,74.77,75.42,1513094,155.51
2020-05-21,74.93,76.33,74.53,75.62,1077288,155.91
2020-05-22,75.82,77.55,75.27,77.01,1351362,158.79
2020-05-26,79.18,79.98,78.36,79.64,2484346,164.2
2020-05-27,80.46,81.12,78.84,80.89,2132074,166.79
2020-05-28,80.6,82,79.84,80.4,1745854,165.78
2020-05-29,81.07,83.31,80.35,82.98,2969862,171.09
2020-06-01,82.46,83.01,81.36,81.48,1428152,168
2020-06-02,82.04,83.26,80.18,80.38,2085510,165.58
2020-06-03,80.94,81.44,79.89,80.83,1836368,166.5
2020-06-04,80.3,80.79,79.7,80.55,1696148,165.94
2020-06-05,81.85,82.86,80.74,82.34,1951644,169.63
2020-06-08,81.68,82.79,81,81.01,1674458,166.87
2020-06-09,80.68,80.83,79.26,79.55,2019956,163.88
2020-06-10,79.78,81.32,79.36,80.25,2131536,165.31
2020-06-11,79.86,80.09,76.21,76.34,1610956,157.25
2020-06-12,77.56,78.23,75.32,76.64,1746556,157.88
2020-06-15,75.12,78.78,74.55,78.73,1617446,162.18
2020-06-16,80.78,81.33,78.34,78.77,1471742,162.27
2020-06-17,78.36,79.95,78.19,79.3,1174954,163.36
2020-06-18,79.52,80.51,78.96,79.94,1290204,164.68
2020-06-19,81.2,81.87,78.62,81.66,5124548,168.21
2020-06-22,81.61,82.24,79.18,79.37,2456976,163.5
2020-06-23,80.49,81.18,79.8,80.08,1375372,164.97
2020-06-24,79.46,80.73,78.73,79.29,1279550,163.34
2020-06-25,78.77,79.38,78.3,79.13,1437066,163.01
2020-06-26,78.54,79.88,78.54,79.13,4292878,163
2020-06-29,79.26,80.65,78.46,79.94,1740882,164.67
2020-06-30,80.18,82.84,79.98,82.33,2142402,169.59
2020-07-01,83.01,83.29,81.08,81.73,1850928,168.36
2020-07-02,82.26,84.09,82.19,82.95,1926782,170.87
2020-07-06,83.77,85.91,83.77,85.38,2006430,175.88
2020-07-07,85.01,86.85,84.55,85.26,1327990,175.63
2020-07-08,86.4,86.68,85.33,85.86,1480478,176.87
2020-07-09,86.05,86.66,85.4,85.64,1435216,176.42
2020-07-10,86.15,86.45,85.07,85.86,1121042,176.88
2020-07-13,86.59,86.68,83.43,83.64,1354746,172.29
2020-07-14,83.82,86.44,83.29,86.28,1248328,177.73
2020-07-15,87.29,87.29,85.24,87.07,1083964,179.36
2020-07-16,87.55,89.05,87.22,87.85,1162174,180.97
2020-07-17,88.65,90.7,88.43,90.5,1489946,186.43
2020-07-20,90.06,91.31,89.78,91.06,1016632,187.59
2020-07-21,91.26,91.79,90.49,90.99,1072318,187.44
2020-07-22,91.6,92.29,90.19,90.41,1258032,186.25
2020-07-23,90.06,91.23,89.17,89.38,1444900,184.12
2020-07-24,89.57,90.72,88.21,88.47,1898340,182.24
2020-07-27,88.59,90.33,88.36,89.95,2302174,185.29
2020-07-28,89.98,90.42,88.37,88.54,1474756,182.4
2020-07-29,89.07,90.38,88.4,88.51,2664674,182.32
2020-07-30,87.75,88.11,85.92,87.48,2285596,180.21
2020-07-31,89.52,89.8,86.68,88.75,1739686,182.82
2020-08-03,88.91,90.51,88.23,88.55,1387546,182.42
2020-08-04,88.6,89.89,88.35,89.81,1402130,185.01
2020-08-05,89.88,90.65,88.64,90,1338554,185.4
2020-08-06,90.25,91.25,90,90.87,1280130,187.19
2020-08-07,90.8,91.92,89.76,90.28,1390918,185.98
2020-08-10,90.52,91.09,89.69,90.77,1545120,186.98
2020-08-11,91.19,92.37,90.88,91.24,1607310,187.95
2020-08-12,91.99,94.89,91.95,93.37,2094440,192.35
2020-08-13,92.72,94.47,92.59,93.45,1537694,192.5
2020-08-14,93.93,94.63,92.68,92.99,1072808,191.56
2020-08-17,93.14,94.15,93.14,93.82,1541364,193.27
2020-08-18,94.22,95.44,94.06,94.85,2197278,195.4
2020-08-19,95.56,95.85,95,95.14,1707702,195.99
2020-08-20,94.35,95.9,94.02,95.06,1168738,195.82
2020-08-21,95.27,96.15,94.69,95.75,1625426,197.25
2020-08-24,96.99,97.55,95.91,96.52,963596,198.83
2020-08-25,93.7,96.05,93.64,95.96,1325650,197.67
2020-08-26,96.08,96.92,95.28,96.6,895418,199
2020-08-27,96.86,97.39,95.44,96.64,1729240,199.07
2020-08-28,97.74,97.82,96.41,97.24,1216464,200.32
2020-08-31,98.87,99.24,97.83,98.15,2075310,202.18
2020-09-01,98.21,99.57,97.34,99.17,1379500,204.13
2020-09-02,100.33,100.77,98.47,98.91,1719814,203.61
2020-09-03,97.96,98.31,94.82,96.54,1824598,198.72
2020-09-04,97.53,97.59,92.59,95.34,1864058,196.26
2020-09-08,95.03,95.93,93.42,94.38,2427940,194.28
2020-09-09,95.23,98,95.23,96.69,2495690,199.04
2020-09-10,96.75,96.92,93.77,94.52,1478026,194.57
2020-09-11,94.83,96.11,93.89,95.04,1574834,195.64
2020-09-14,95.75,96.04,93.31,93.83,1788080,193.15
2020-09-15,94.12,96.19,93.5,95.93,2716032,197.46
2020-09-16,96.53,96.55,92.2,92.34,2134128,190.08
2020-09-17,90.89,93.39,89.95,92.54,1844450,190.5
2020-09-18,92.5,92.5,88.47,89.42,4160910,184.07
2020-09-21,88.41,88.65,85.67,86.77,4356776,178.61
2020-09-22,86.96,88.5,85.67,87.79,3123484,180.72
2020-09-23,87.84,90.09,87.47,88.5,2302932,182.18
2020-09-24,87.98,90.23,87.6,89.35,2589864,183.93
2020-09-25,88.52,89.95,87.97,88.61,1703032,182.41
2020-09-28,89.68,91.23,89.61,90.97,1737864,187.25
2020-09-29,90.46,91.47,89.82,89.93,3164612,185.11
2020-09-30,90.36,90.84,87.36,87.89,2389770,180.92
2020-10-01,88.63,89.83,87.69,88.79,1998788,182.77
2020-10-02,87.78,90.92,87.78,89.66,1288070,184.56
2020-10-05,89.94,92.09,89.94,91.55,1525480,188.46
2020-10-06,91.76,93.36,90.34,91.87,1686142,189.11
2020-10-07,92.75,94.31,92.31,93.73,1761774,192.93
2020-10-08,94.26,95.84,93.76,95.76,1394002,197.11
2020-10-09,96.2,97.41,95.65,97.04,2087736,199.76
2020-10-12,97.67,98.86,97.39,97.53,1273736,200.76
2020-10-13,97.42,98.38,97.1,97.46,1151576,200.61
2020-10-14,97.81,99.59,97.81,98.38,971338,202.51
2020-10-15,97.52,99.64,97.16,99.11,858574,204.01
2020-10-16,99.06,99.23,97.36,97.44,1259616,200.58
2020-10-19,97.68,98.11,95.15,95.65,1455188,196.9
2020-10-20,96.42,98,96.17,96.73,899696,199.12
2020-10-21,96.77,97.95,95.29,95.35,1418762,196.28
2020-10-22,95.77,96.7,94.09,95.29,1311550,196.16
2020-10-23,95.73,97.63,95.66,97.46,1401014,200.62
2020-10-26,96.31,96.86,95.26,96.39,1759238,198.41
2020-10-27,94.83,98.13,91.82,92.1,1952734,189.59
2020-10-28,90.8,92.07,89.97,90.68,1797738,186.66
2020-10-29,90.64,92.8,89.97,92.47,1706808,190.35
2020-10-30,91.54,93.95,91.54,92.48,1815028,190.37
2020-11-02,94.19,94.69,92.9,94.12,1534450,193.75
2020-11-03,95.08,97.11,94.67,96.13,1099216,197.88
2020-11-04,97.48,99.21,97.1,97.35,1337570,200.4
2020-11-05,98.86,100.74,97.67,100.16,1206272,206.17
2020-11-06,99.85,101.47,99.76,100.57,945808,207.02
2020-11-09,103.21,103.8,96.64,96.81,2522344,199.29
2020-11-10,96.71,97.89,94.35,95.94,1917616,197.48
2020-11-11,97.78,97.78,95.26,96.19,1859276,198
2020-11-12,96.66,96.94,94.71,95.83,1636664,197.27
2020-11-13,96.65,98.99,96.54,98.5,1363860,202.75
2020-11-16,98.47,100.76,97.84,100.13,1693858,206.11
2020-11-17,98.93,100.45,98.08,100.04,1178948,205.93
2020-11-18,100.02,100.89,99.28,99.35,1181462,204.5
2020-11-19,99.25,100.1,98.27,99.85,1343480,205.53
2020-11-20,99.49,100.68,99.24,99.89,968784,205.62
2020-11-23,100.32,101.68,97.99,98.25,1565208,202.24
2020-11-24,98.45,99.88,97.76,98.85,1590930,203.47
2020-11-25,99.38,99.59,97.28,98.57,1111434,202.91
2020-11-27,97.8,98.55,97.27,98.13,556244,201.99
2020-11-30,97.88,99.26,96.81,98.79,2830462,203.36
2020-12-01,99.05,102.8,98.53,102.6,2895680,211.04
2020-12-02,102.36,102.4,98.97,99.58,1773270,204.83
2020-12-03,98.78,101.32,98.78,100.64,1339704,207.01
2020-12-04,101.85,103.35,101.27,101.73,1503148,209.25
2020-12-07,101.59,101.83,100.34,101.16,1221378,208.08
2020-12-08,101.05,102.2,100.57,102.16,1113592,210.14
2020-12-09,102.17,102.56,98.23,98.58,1499084,202.77
2020-12-10,97.96,97.96,95.5,96.6,1677200,198.7
2020-12-11,96.14,98.63,96.02,97.62,1341508,200.79
2020-12-14,98.31,98.36,94.78,94.97,1794402,195.35
2020-12-15,95.63,97.39,95.19,96.4,1154200,198.28
2020-12-16,96.31,96.62,94.73,94.8,1283854,195
2020-12-17,95.04,95.66,94.36,95.32,2035890,196.06
2020-12-18,94.83,97.29,94,97.01,4195154,199.54
2020-12-21,95.82,97.03,95.29,96.17,1248324,197.82
2020-12-22,96.26,97.14,96.15,96.58,1089976,198.66
2020-12-23,96.85,97.44,95.64,95.69,795518,196.83
2020-12-24,95.71,96.75,95.55,96.38,327466,198.25
2020-12-28,96.85,97.18,94.7,94.76,852880,194.91
2020-12-29,95.14,95.78,93.43,94.38,936560,194.13
2020-12-30,94.75,94.94,93.32,94.13,1075666,193.62
2020-12-31,94.6,95.1,93.78,94.89,1292314,195.18
2021-01-04,94.86,95.54,92.5,92.71,2235946,190.69
2021-01-05,92.51,94.06,92.1,93.22,2872850,191.75
2021-01-06,92.71,95.16,92.71,93.97,2272502,193.3
2021-01-07,95.27,98.75,94.78,98.18,2298024,201.96
2021-01-08,98.29,100.63,98.29,99.93,1454552,205.56
2021-01-11,99.26,100.16,98.19,98.37,1511632,202.34
2021-01-12,98.76,100.06,97.63,98.86,875620,203.35
2021-01-13,98.79,98.83,97.3,97.7,1200516,200.96
2021-01-14,99.7,101.98,98.64,100.88,1482070,207.51
2021-01-15,99.9,101.4,98.43,100.82,1796808,207.39
2021-01-19,101.23,103.75,100.83,100.88,1189180,207.51
2021-01-20,100.88,101.99,99.23,101.59,1813166,208.96
2021-01-21,102.09,103.06,100.94,100.98,1478784,207.72
2021-01-22,100.85,100.85,98.79,99.47,1185784,204.61
2021-01-25,99.14,102.84,99.13,102.64,1331488,211.12
2021-01-26,103.09,103.33,100.43,100.9,1337604,207.54
2021-01-27,99.47,99.47,93.71,94.48,1692064,194.33
2021-01-28,94.95,97.46,94.37,96.76,1597792,199.02
2021-01-29,96.12,96.58,94.18,94.31,1705362,194
2021-02-01,95.78,97.15,94.53,96.79,1726596,199.1
2021-02-02,97.59,100.25,97.4,99.45,1114834,204.57
2021-02-03,99.57,100.15,96.07,96.14,1848732,197.75
2021-02-04,96.75,100.14,95.74,99.35,2663036,204.36
2021-02-05,100.81,103.05,99.95,101.83,1861662,209.45
2021-02-08,101.76,104.04,101.42,103.19,1389918,212.25
2021-02-09,103.08,105.16,102.9,104.78,1666812,215.52
2021-02-10,105.17,105.57,101.11,101.6,1974892,208.99
2021-02-11,102.45,102.77,99.63,101.14,1463100,208.04
2021-02-12,100.49,103.43,100.49,103.17,769842,212.21
2021-02-16,103.58,103.58,101.75,102.19,1102884,210.19
2021-02-17,101.24,102.1,99.12,101.12,830584,207.99
2021-02-18,100.75,103.83,100.43,102.96,1071734,211.79
2021-02-19,103.87,105.42,103.57,104.84,1467614,215.64
2021-02-22,104.17,104.31,102.36,102.95,1105136,211.76
2021-02-23,102.09,103.41,100.64,102.88,1349264,211.62
2021-02-24,102.23,106.22,102.17,105.65,1401076,217.31
2021-02-25,105.78,107.27,104.43,104.78,1200078,215.53
2021-02-26,105.01,106.35,104.05,104.41,1746688,214.77
2021-03-01,105.84,107.94,105.47,107.3,2362180,220.72
2021-03-02,107.16,108.66,105.98,108.22,1462370,222.41
2021-03-03,108.27,110.53,106.93,108.39,1639500,222.76
2021-03-04,108.31,108.8,104.2,104.63,2306396,215.02
2021-03-05,105.9,108.43,103.05,106.98,2346616,219.85
2021-03-08,107.23,108.97,106.21,106.39,1651256,218.65
2021-03-09,108.13,110.19,107.88,108.91,1553678,223.82
2021-03-10,110.21,111.35,109.4,109.94,1450498,225.93
2021-03-11,110.36,112.22,109.81,111.76,994570,229.67
2021-03-12,111.93,114.43,111.39,113.77,1406608,233.81
2021-03-15,113.23,113.87,111.5,112.89,1126876,231.99
2021-03-16,113.86,114,111.12,111.42,969606,228.98
2021-03-17,110.71,112.89,109.78,110.91,1467768,227.92
2021-03-18,110.59,113.41,110.46,111.97,2210256,230.1
2021-03-19,111.19,113.29,110.09,112.21,3404548,230.61
2021-03-22,112.44,113.4,111.33,112.53,1797148,231.25
2021-03-23,112.64,114.23,112.2,112.72,1944270,231.65
2021-03-24,112.69,114.92,112.69,113.92,1876648,234.11
2021-03-25,113.86,113.86,111.06,112.77,1916922,231.76
2021-03-26,112.18,115.31,112.09,114.72,1542118,235.75
2021-03-29,115.89,116,113.47,114.52,1490760,235.34
2021-03-30,114.9,117.68,114.46,117.08,1945756,240.61
2021-03-31,117.05,118.49,115.72,116.98,1672568,240.41
2021-04-01,116.92,118.64,116.92,118.58,1167168,243.69
2021-04-05,119.69,121.02,119.01,119.85,1408254,246.3
2021-04-06,119.88,121.09,118.85,119.02,1106114,244.59
2021-04-07,118.93,119.67,118.42,118.44,1041900,243.4
2021-04-08,118.84,119.82,117.91,119.21,1302614,244.98
2021-04-09,120.54,122.19,120.35,121.3,1473178,249.28
2021-04-12,121.3,121.89,120.11,121.17,1352206,249.02
2021-04-13,121.57,121.57,119.53,120.84,1317012,248.33
2021-04-14,121.14,121.42,120.08,120.62,1043182,247.89
2021-04-15,121.2,122.32,120.29,121.69,1120040,250.09
2021-04-16,122.6,123.29,122.23,122.32,1564864,251.37
2021-04-19,122.3,122.34,120.19,120.63,1227374,247.91
2021-04-20,121.61,122.37,119.53,120.5,1200058,247.64
2021-04-21,120.49,121.7,119.26,120.04,2042334,246.7
2021-04-22,120.19,124.14,120.19,122.01,2381786,250.75
2021-04-23,122.97,126.15,122.97,125.43,1754854,257.76
2021-04-26,125.87,126.26,122.67,123.35,1381640,253.49
2021-04-27,124.04,125.86,123.64,125.72,1122498,258.36
2021-04-28,125.16,125.87,124.3,125.16,1132482,257.22
2021-04-29,125.89,126.56,124.63,126.18,746234,259.31
2021-04-30,125.88,127.08,124.93,125.45,1085668,257.81
2021-05-03,125.94,127.93,125.65,127.33,1155196,261.67
2021-05-04,126.67,129.25,126.54,128.83,1250440,264.75
2021-05-05,129.61,129.61,127.76,128.53,839190,264.13
2021-05-06,128.6,129.01,127.18,128.93,838594,264.96
2021-05-07,129.48,131.34,128.36,131.17,815628,269.57
2021-05-10,131.57,134.35,131.26,131.44,1150398,270.13
2021-05-11,130.09,130.41,127.24,128.53,1725894,264.14
2021-05-12,127.93,128.15,124.7,124.75,1752760,256.38
2021-05-13,124.8,128.72,124.8,128.45,1230634,263.97
2021-05-14,129.15,131.7,128.67,131.17,775742,269.57
2021-05-17,130.55,132.14,130.55,131.49,1080518,270.23
2021-05-18,131.73,132.09,128.88,128.96,1485478,265.02
2021-05-19,126.99,128.87,125.8,128.54,1716320,264.15
2021-05-20,129.37,130.07,128.67,128.75,1014006,264.6
2021-05-21,128.93,130.15,127.77,127.95,1706668,262.94
2021-05-24,128.59,129.07,127.58,128.8,1724958,264.69
2021-05-25,129.29,130.65,126.96,127.16,1578904,261.33
2021-05-26,127.34,128.18,125.83,127.81,1238582,262.67
2021-05-27,127.42,130.61,127.34,128.62,8791046,264.32
2021-05-28,128.8,129.36,127.4,129.17,1428300,265.45
2021-06-01,130.81,131.12,129.99,130.43,1459684,267.85
2021-06-02,130.94,131.03,127.52,128.28,1525682,263.42
2021-06-03,127.78,129.62,126.36,128.65,1935182,264.18
2021-06-04,129.21,129.49,124.68,126.74,1554762,260.27
2021-06-07,127.36,127.56,122.88,123.83,1823370,254.29
2021-06-08,124.29,124.86,122.84,124.37,1497584,255.4
2021-06-09,124.45,124.74,121.36,121.63,2264068,249.77
2021-06-10,122.46,122.67,120.58,120.97,1479484,248.41
2021-06-11,121.33,122.84,121.33,122.24,1540838,251.03
2021-06-14,122.72,123.33,121.26,121.8,1187900,250.13
2021-06-15,122.21,123.9,121.65,123.4,1168624,253.41
2021-06-16,123.5,123.61,121.8,122.93,1110032,252.44
2021-06-17,123,123.37,119.74,121.35,1258020,249.19
2021-06-18,120.17,121.13,119.58,119.96,2457194,246.35
2021-06-21,120.85,122.75,120.5,122.42,1165676,251.4
2021-06-22,122.73,124.46,122.2,123.17,1156446,252.93
2021-06-23,123.13,124.24,122.31,123.18,751146,252.96
2021-06-24,123.87,124.55,122.39,122.76,1206608,252.1
2021-06-25,122.9,124.64,122.63,123.5,2968322,253.61
2021-06-28,123.41,124.52,122.28,124.46,1175834,255.58
2021-06-29,124.31,124.89,123.73,124.19,1340326,255.03
2021-06-30,124.13,124.61,123.25,123.59,2065006,253.8
2021-07-01,123.76,125.93,123.37,125.64,1667212,258
2021-07-02,126.18,126.42,125.34,125.64,1169450,258
2021-07-06,125.71,126.06,122.47,123.95,1596382,254.53
2021-07-07,124.29,126.41,123.95,126.21,1450104,259.17
2021-07-08,124.49,126.14,122.46,124.88,1368336,256.44
2021-07-09,126.3,127.16,125.56,126.89,1515174,260.58
2021-07-12,126.47,126.9,124.69,125.45,1520804,257.62
2021-07-13,126.18,126.28,124.58,125.43,1149570,257.58
2021-07-14,125.65,126.64,124.64,126.01,1103694,258.76
2021-07-15,124.92,127.26,124.48,126.03,996066,258.81
2021-07-16,126.04,126.63,123.43,123.66,2143146,253.94
2021-07-19,122,122.2,120.12,121.81,1293658,250.15
2021-07-20,122.13,124.32,121.77,123.22,1335916,253.04
2021-07-21,123.67,124.12,122.17,123.89,968004,254.41
2021-07-22,124.31,124.87,123.79,124.34,667544,255.34
2021-07-23,124.42,127.34,123.9,127.14,930426,261.08
2021-07-26,127.18,128.11,125.72,126.02,1026476,258.78
2021-07-27,125.52,127.8,124.82,126.26,1747574,259.27
2021-07-28,123.43,126.29,121.89,126.14,1802898,259.03
2021-07-29,127.04,133.13,126.49,130.5,1454038,267.99
2021-07-30,130.1,131.39,129.38,131.07,1199702,269.15
2021-08-02,131.1,131.68,129.69,129.92,986184,266.79
2021-08-03,129.28,133.4,129.2,133.34,1179258,273.82
2021-08-04,133.42,133.49,131.34,131.66,1088942,270.36
2021-08-05,132.41,133.81,131.91,132.55,881490,272.19
2021-08-06,132.93,133.37,132.07,132.81,596290,272.72
2021-08-09,132.89,133.05,131.44,132.55,643076,272.19
2021-08-10,132.79,134.12,132.33,132.65,900040,272.41
2021-08-11,132.71,134.68,132.45,134.56,892072,276.33
2021-08-12,134.17,136.43,134.17,135.89,722734,279.05
2021-08-13,135.77,137.17,135.16,136.84,740222,281
2021-08-16,136.08,137.25,134.89,137.17,783330,281.68
2021-08-17,136.76,136.76,134.02,136.25,734250,279.8
2021-08-18,135.54,137.39,134.41,134.63,1217742,276.47
2021-08-19,133.44,136.27,132.81,136.11,1072580,279.51
2021-08-20,136.29,138.29,136.01,137.57,877796,282.51
2021-08-23,138,139.73,137.74,138.37,789994,284.14
2021-08-24,138.92,139.8,138.25,139.04,600332,285.53
2021-08-25,138.66,139.94,138.65,139.3,792078,286.06
2021-08-26,140.09,140.09,138.18,139.32,949040,286.1
2021-08-27,139.48,142.47,138.86,141.11,984208,289.78
2021-08-30,141.11,143.41,140.13,143.09,945442,293.84
2021-08-31,143.06,143.64,140.41,140.69,2287374,288.72
2021-09-01,141.27,143.22,139.31,142.72,1204598,292.89
2021-09-02,143.27,146.2,142.86,146.14,1375582,299.89
2021-09-03,146.25,148.25,145.07,146.75,1015116,301.15
2021-09-07,147.06,148.11,146.06,147.14,1489090,301.96
2021-09-08,146.92,146.92,144.09,146.06,1343396,299.73
2021-09-09,144.48,144.62,139.1,141.15,2507886,289.65
2021-09-10,142.25,143.3,141.72,142.03,1529812,291.46
2021-09-13,143.39,143.39,140.03,141.25,1353904,289.87
2021-09-14,141.85,141.85,140.3,140.66,1237550,288.66
2021-09-15,141.07,142.98,139,141.7,1665008,290.78
2021-09-16,141.83,142.69,141.39,142.05,1015272,291.5
2021-09-17,141.65,142.27,140.34,141.15,3026964,289.65
2021-09-20,138.68,142.14,138.31,142.04,1442234,291.49
2021-09-21,143.66,146.23,142.7,145.31,2002696,298.2
2021-09-22,145.68,146.63,144.21,144.6,1244430,296.73
2021-09-23,145.35,147.43,145.34,146.03,1187190,299.67
2021-09-24,145.63,147.74,144.92,147.64,956826,302.97
2021-09-27,147.49,148.18,145.11,145.47,1033780,298.53
2021-09-28,144.47,144.55,142.36,143.03,1023944,293.51
2021-09-29,144.27,144.84,141.83,142.86,1034818,293.17
2021-09-30,143.77,144.86,139.05,139.36,2127412,285.98
2021-10-01,140.1,140.31,135.96,139.14,1143726,285.53
2021-10-04,139.07,139.85,137.67,138.08,1186422,283.36
2021-10-05,139.01,141.79,138.48,141.12,1662290,289.6
2021-10-06,140.42,142.84,139.68,142.7,782088,292.84
2021-10-07,143.61,144.99,142.63,143.13,1299216,293.72
2021-10-08,142.95,144.16,139.15,140.18,1188726,287.67
2021-10-11,140.81,141.28,139.69,139.83,636450,286.95
2021-10-12,140.26,140.82,138.23,139.25,832004,285.77
2021-10-13,139.45,139.87,137.6,138.77,871862,284.77
2021-10-14,140.66,144.22,139.64,144.04,1230590,295.58
2021-10-15,145.41,148.52,145.09,147.41,1525546,302.51
2021-10-18,147.41,150.05,147.41,149.93,1031656,307.67
2021-10-19,151.19,151.77,148.78,150.1,731074,308.03
2021-10-20,150.92,153.01,150.09,152.61,1073884,313.18
2021-10-21,153.29,155.94,152.82,155.3,1298328,318.69
2021-10-22,155.94,157.81,155.94,156.78,1155664,321.73
2021-10-25,157.16,159.92,156.86,158.23,1251600,324.7
2021-10-26,159.5,160.56,157.96,158.74,1257142,325.76
2021-10-27,153.39,160.44,148.68,157.83,1360434,323.89
2021-10-28,159.12,163.67,159.07,163.25,950822,335.02
2021-10-29,162.17,167.71,162.17,166.34,1249744,341.35
2021-11-01,167.51,168.72,165.88,168.08,1148038,344.93
2021-11-02,168.21,170.27,165.36,169.05,1052482,346.91
2021-11-03,168.7,170.16,166.78,169.74,1205818,348.33
2021-11-04,169.91,174.72,168.89,173.12,1405856,355.26
2021-11-05,173.98,175.74,165.45,169.98,1814658,348.83
2021-11-08,170.51,171.53,167.85,171.26,1114168,351.45
2021-11-09,169.02,172.28,169.02,171.5,1545208,351.94
2021-11-10,171.5,171.89,167.22,168.12,1087140,345.01
2021-11-11,169.04,170.4,168.15,170.25,650634,349.37
2021-11-12,170.55,176.21,170.44,174.15,1121714,357.38
2021-11-15,174.07,175.68,173.19,175.27,1087302,359.68
2021-11-16,174.45,177.41,173.52,176.08,1271516,361.35
2021-11-17,176.01,176.91,172.82,175.88,1084890,360.93
2021-11-18,175.98,176.65,171.39,171.53,1718640,352
2021-11-19,171.32,172.66,170.15,171.44,1651088,351.82
2021-11-22,172.7,175.4,172.03,172.68,1100448,354.37
2021-11-23,172.36,174.25,170.33,172.97,1229188,354.95
2021-11-24,172.05,175.15,170.39,174.86,1053352,358.83
2021-11-26,171.79,174.96,170.56,171.56,822028,352.06
2021-11-29,174.85,177.78,173.67,174.07,1529528,357.22
2021-11-30,174.23,175.25,172.09,173.17,3743294,355.17
2021-12-01,175.39,177.09,170.83,170.85,2053280,350.42
2021-12-02,170.71,174.84,168.7,174.09,1493078,357.05
2021-12-03,174.65,177.21,171.91,175.03,1491856,358.98
2021-12-06,175.79,176.47,169.85,172.18,1850494,353.13
2021-12-07,173.91,182.15,173.37,177.48,2170310,364
2021-12-08,177.65,180.54,173.6,173.97,1715782,356.81
2021-12-09,173.86,176.34,172.78,172.97,1428380,354.75
2021-12-10,173.76,175.65,172.97,173.72,1428908,356.29
2021-12-13,175.86,176.22,170,175,2142474,358.92
2021-12-14,174.04,174.56,168.82,171.66,1299190,352.08
2021-12-15,172.55,173.79,170.64,172.39,1334080,353.57
2021-12-16,173.42,175.4,170.73,171.23,1690136,351.2
2021-12-17,170.61,170.68,165.08,166.08,3168882,340.62
2021-12-20,163.61,165.04,159.53,162.78,1750432,333.85
2021-12-21,164,165.72,161.8,165.5,1249356,339.44
2021-12-22,165.31,168.03,164.99,167.74,1473588,344.03
2021-12-23,168.19,170.33,168.04,169.83,881544,348.31
2021-12-27,170.32,173.51,170.32,173.38,666378,355.6
2021-12-28,173.83,174.8,173.1,173.89,829886,356.64
2021-12-29,174.13,176.34,173.46,175.92,639070,360.81
2021-12-30,176.95,176.95,173.54,173.71,554632,356.27
2021-12-31,173.58,175.37,172.39,174.74,750036,358.38
2022-01-03,174.58,175.53,166.8,168.88,1693018,346.37
2022-01-04,169.25,173.78,167.76,173.08,1890846,354.98
2022-01-05,172.6,173.06,166.48,166.89,1790674,342.28
2022-01-06,166.31,167.49,164.56,166.84,1665660,342.19
2022-01-07,166.15,166.62,161.52,162.17,2211318,332.6
2022-01-10,160.58,161.19,157.04,160.98,2119762,330.17
2022-01-11,158.85,159.45,155.14,158.69,1939458,325.47
2022-01-12,159.92,160.08,155.24,158.12,2453276,324.3
2022-01-13,159.37,159.56,154.29,154.96,1945322,317.83
2022-01-14,157.52,158.82,151.14,154.13,3240210,316.12
2022-01-18,151.35,154.77,151.35,152.98,2202922,313.76
2022-01-19,153.4,155.04,151.66,152.33,1681770,312.43
2022-01-20,153.27,155.34,149.44,149.68,2834354,306.99
2022-01-21,149.39,149.75,144.36,144.72,19517530,296.81
2022-01-24,143.83,151.25,142.89,150.68,3111000,309.05
2022-01-25,147.79,149.05,144.8,146.26,1869794,299.97
2022-01-26,147.44,148.95,141.4,142.4,2211350,292.07
2022-01-27,144.3,145.47,138.96,139.44,1991646,285.98
2022-01-28,139.54,143.11,137.04,143.1,1832408,293.49
2022-01-31,142.81,147.27,142.32,147.21,2149294,301.93
2022-02-01,148.59,152.02,145.84,149.29,2791678,306.19
2022-02-02,151.15,158.4,148.5,158.08,3360510,324.22
2022-02-03,157.49,162.71,156.77,159.75,2846160,327.65
2022-02-04,158.19,159.45,150.11,150.94,2049216,309.58
2022-02-07,150.53,152.46,148.67,149.14,1377252,305.89
2022-02-08,149.52,153.05,148.63,151.42,1535008,310.57
2022-02-09,153.31,154.77,151.85,154.02,1287906,315.9
2022-02-10,151.24,154.3,148.64,149.77,1524762,307.17
2022-02-11,150.15,150.29,143.24,144.15,1941672,295.65
2022-02-14,144.48,145.33,142.31,143.32,1534148,293.95
2022-02-15,146.05,147.44,143.73,145.11,1377122,297.61
2022-02-16,143.72,145.21,141.11,144.94,1337374,297.27
2022-02-17,143.81,144.15,140.95,141.27,1564338,289.74
2022-02-18,141.7,142.97,140.02,140.4,1369802,287.96
2022-02-22,140.25,142.9,138.09,139.74,1686848,286.6
2022-02-23,140.17,141.1,137.37,137.73,1783046,282.48
2022-02-24,136.54,144.03,135.34,143.66,1924160,294.65
2022-02-25,142.73,148.74,142.49,148.13,1897364,303.81
2022-02-28,146.47,153.84,146.42,153.11,3468002,314.03
2022-03-01,152.16,153.82,149.2,151.35,3357750,310.12
2022-03-02,152.44,156.34,151.57,155.18,1721050,317.97
2022-03-03,155.31,159.67,155.31,158.34,2261766,324.45
2022-03-04,158.91,160.25,154.89,155.35,1504964,318.31
2022-03-07,155.32,155.91,147.05,147.39,2052440,302.01
2022-03-08,146.41,150.26,144.57,146.09,2013322,299.35
2022-03-09,149.59,150.87,146.39,149.76,1999644,306.87
2022-03-10,147.84,151.98,146.81,151.16,1311464,309.74
2022-03-11,153.18,154.97,148.9,149.52,1416430,306.38
2022-03-14,149.75,150.05,144.52,145.71,1400726,298.56
2022-03-15,147.23,151.45,145.27,150.79,2100750,308.97
2022-03-16,151.74,157.84,151.74,157.83,1710398,323.4
2022-03-17,157.1,157.75,154.68,157.53,1077842,322.78
2022-03-18,157.72,160.58,154.87,160.22,2670370,328.3
2022-03-21,158.63,159.58,153.75,156.07,1496252,319.79
2022-03-22,156.52,158.72,155.44,157.6,1094900,322.92
2022-03-23,156.58,156.64,152.96,153.58,1060990,314.69
2022-03-24,154.4,155.29,153.11,154.55,891488,316.67
2022-03-25,154.62,155.26,148.95,153.13,1399030,313.76
2022-03-28,153.54,155.79,150.98,154.19,1584974,315.93
2022-03-29,155.24,156.45,152.27,156.24,1659044,320.15
2022-03-30,155.14,155.61,150.76,151.94,1414152,311.32
2022-03-31,152.89,155.01,145.57,145.77,2686644,298.68
2022-04-01,146.1,146.57,135.06,135.92,4220982,278.5
2022-04-04,135.71,137.07,133.02,135.53,3082950,277.71
2022-04-05,135.18,137.45,130.29,131.44,4740120,269.32
2022-04-06,129.71,131.27,126.3,128.14,2987838,262.56
2022-04-07,127.76,129.66,125.52,128.84,2211660,263.99
2022-04-08,128.17,128.17,125.58,126.85,3766544,259.91
2022-04-11,126.36,128.21,125.58,125.96,1908454,258.1
2022-04-12,126.8,129.33,125.43,126.89,2520198,260
2022-04-13,127.22,130.82,127.15,130.1,2610662,266.58
2022-04-14,129.55,131,128.09,129.21,3426686,264.75
2022-04-18,128.52,130.5,127.52,129.52,1992802,265.39
2022-04-19,129.88,134.28,129.33,133.63,2875392,273.82
2022-04-20,134.76,137.11,134.02,135.14,3009804,276.9
2022-04-21,135.71,138.89,133.65,134.25,2442754,275.08
2022-04-22,133.83,134.33,131.07,131.3,1742886,269.03
2022-04-25,130.79,136.71,130.79,136.56,2857038,279.82
2022-04-26,135.2,137.25,132.78,132.8,3068426,272.11
2022-04-27,134.33,137.23,128.62,132.74,4437538,271.99
2022-04-28,136.23,143.7,134.16,142.63,3249452,292.26
2022-04-29,140.65,143.36,136.25,136.71,2520682,280.12
2022-05-02,136.91,139.31,133.41,136.67,2050148,280.04
2022-05-03,137.08,138.68,135.23,137.4,1525242,281.54
2022-05-04,137.2,143.29,137.2,142.03,1859536,291.02
2022-05-05,139.16,140.33,135.33,138.26,2324300,283.3
2022-05-06,137.45,138.62,132.3,136.82,1774844,280.34
2022-05-09,134.61,135.63,131.62,132.36,2118018,271.2
2022-05-10,134.81,136.12,129.99,133.8,2250648,274.16
2022-05-11,132.98,136.03,131.22,132.17,1725720,270.83
2022-05-12,130.97,133.4,127.56,131.6,2386722,269.65
2022-05-13,132.56,135.76,132,133.29,1679492,273.12
2022-05-16,132.45,132.63,127.78,128.1,1677932,262.48
2022-05-17,130.22,132.78,129.03,132.61,1263292,271.72
2022-05-18,129.81,130.02,114.6,115.41,3940668,236.47
2022-05-19,114.43,119.7,112.89,116.38,3239662,238.47
2022-05-20,117.69,119.25,114.16,118.68,2399440,243.18
2022-05-23,119.66,122.56,118.71,122.04,2326436,250.06
2022-05-24,120.95,121.08,117.63,120.29,1796658,246.48
2022-05-25,119.03,123.62,118.9,122.67,1863694,251.36
2022-05-26,123.3,128.42,123.3,127.36,1862108,260.96
2022-05-27,128.01,129.98,127.68,128.91,2209354,264.14
2022-05-31,127.19,128.03,123.81,126.17,4193958,258.24
2022-06-01,126.15,128.57,124.78,125.77,2531788,257.42
2022-06-02,125.78,131.16,125.78,130.69,1520310,267.48
2022-06-03,129.42,132.32,128.44,131.04,1630400,268.19
2022-06-06,130.78,132.1,127.12,131.46,2142048,269.05
2022-06-07,129.45,132.95,126.74,130.47,1785434,267.04
2022-06-08,128.98,129.3,123.41,124.04,1851282,253.88
2022-06-09,123.34,126.41,122.81,123.26,1518270,252.27
2022-06-10,120.92,122.63,118.97,120.77,1890830,247.18
2022-06-13,118.71,119.99,116.29,117.12,2414924,239.7
2022-06-14,118.64,120.17,115.59,117,1774836,239.47
2022-06-15,117.86,120.64,116.43,118.36,1580514,242.25
2022-06-16,115.69,116.61,113.6,114.79,2345524,234.95
2022-06-17,114.97,116.38,113.2,113.4,4155172,232.1
2022-06-21,115.55,117.39,114.84,116.46,1725320,238.35
2022-06-22,114.97,116.42,114.24,115.16,1521968,235.7
2022-06-23,116.22,121.19,115.09,120.98,1704198,247.62
2022-06-24,122.27,128.22,122.15,125.92,3194554,257.72
2022-06-27,128.77,129.94,126.3,127.06,1938538,260.06
2022-06-28,126.72,129.33,122.16,122.5,1601908,250.72
2022-06-29,123.28,125.48,120.13,124.73,1574788,255.29
2022-06-30,122.65,126.89,121.71,125.22,2443722,256.28
2022-07-01,124.52,127.83,123.13,127.53,1870642,261.01
2022-07-05,125.91,126.86,123.32,126.55,1601188,259.02
2022-07-06,128.23,130.35,126.32,129.08,1350954,264.19
2022-07-07,130.11,133.94,129.73,133.72,1784482,273.69
2022-07-08,133.34,134.81,130.4,133.4,1479874,273.02
2022-07-11,131.74,132.59,130.92,131.69,1340534,269.53
2022-07-12,129.57,132.59,128.11,128.41,2347014,262.81
2022-07-13,124.29,126.72,120.96,121.82,2190616,249.32
2022-07-14,120.29,123.03,118.97,122.59,1503030,250.9
2022-07-15,124.23,126.46,123.56,124.74,1698370,255.31
2022-07-18,125.85,129.03,125.52,127.77,1670584,261.5
2022-07-19,129,132.84,127.84,132.24,1189444,270.65
2022-07-20,132.03,135.33,131.33,135.15,1391280,276.62
2022-07-21,135.33,139.12,134.79,137.87,2315590,282.18
2022-07-22,138.03,138.8,135.6,136.3,1944126,278.96
2022-07-25,135.74,137.04,133.35,134.63,1768630,275.55
2022-07-26,134.16,135.88,131.62,133.43,2108024,273.1
2022-07-27,133.38,133.92,128.3,133.62,3885874,273.48
2022-07-28,135.25,143.9,134.89,143.24,2503182,293.16
2022-07-29,142.4,148.7,142.17,148.29,3092382,303.51
2022-08-01,146.58,149.68,146.06,148.43,1930166,303.79
2022-08-02,148.15,148.15,143.59,143.72,2481398,294.16
2022-08-03,144.61,145.35,142.71,144.48,1758690,295.7
2022-08-04,144.51,146.19,143.28,146.13,1239610,299.08
2022-08-05,144,148.21,143.78,148.13,1535440,303.17
2022-08-08,148.69,151.37,148.12,149.95,1687286,306.91
2022-08-09,149.27,150.23,146.23,147.52,1883874,301.92
2022-08-10,151.06,154.95,149.83,154.09,1971410,315.38
2022-08-11,155.1,158.17,153.8,154.1,1828834,315.39
2022-08-12,154.96,155.86,152.25,153.57,1630032,314.31
2022-08-15,153.57,154.49,151.13,152.58,1512448,312.29
2022-08-16,152.1,153.17,150.64,151.5,1132822,310.07
2022-08-17,148.85,149.44,144.82,148.15,2038956,303.22
2022-08-18,147.88,149.91,147.61,148.19,1125732,303.31
2022-08-19,146.59,146.84,144.16,145.13,1551742,297.04
2022-08-22,142.93,144.12,141.66,142.62,1760500,291.91
2022-08-23,142.45,143.92,141.77,142.64,1070010,291.95
2022-08-24,143.32,144.11,141.93,142.36,1358202,291.37
2022-08-25,143.62,147.06,142.48,147.02,1343356,300.91
2022-08-26,146.11,147.88,139.33,139.57,1889762,285.65
2022-08-29,138.7,139.05,136.44,136.7,1384802,279.79
2022-08-30,137.07,137.67,133.31,135,2015052,276.3
2022-08-31,136.19,136.19,131.36,132.61,2638530,271.41
2022-09-01,131.46,135.8,130.58,135.69,2030394,277.71
2022-09-02,137.12,137.45,131.87,133.01,1463960,272.23
2022-09-06,134.06,135.37,132.24,133.04,1809096,272
2022-09-07,133.25,133.25,127.01,129.12,2946382,263.98
2022-09-08,128.15,128.38,125.12,127.07,2561382,259.78
2022-09-09,127.89,131.61,127.89,131.47,1764612,268.79
2022-09-12,131.81,136.25,131.68,135,1779560,276
2022-09-13,130.54,131.77,127,127.47,2578842,260.6
2022-09-14,128.07,128.08,125.77,127.04,1427762,259.73
2022-09-15,127.32,128.3,124.69,125.39,1774570,256.36
2022-09-16,121.73,124.73,119.61,124.25,5111032,254.03
2022-09-19,123.26,126.66,122.97,126.33,1856724,258.28
2022-09-20,125.12,125.78,122.71,124.03,1668640,253.58
2022-09-21,125.48,127.02,123.02,123.07,1625062,251.6
2022-09-22,122.09,122.51,119.13,119.53,1473500,244.38
2022-09-23,118,121.43,117.39,121.32,2440542,248.03
2022-09-26,121.31,123.77,120.54,121.25,1528518,247.88
2022-09-27,122.69,123.93,120.75,122.16,2126484,249.75
2022-09-28,122.57,126.04,121.57,125.31,1614886,256.18
2022-09-29,123.72,124.88,123.2,124.33,1559056,254.18
2022-09-30,124.53,125.7,121.56,121.68,1974326,248.77
2022-10-03,122.8,128.88,122.8,128.09,2318288,261.87
2022-10-04,131.38,134,130.41,133.61,3042396,273.16
2022-10-05,128.7,134.8,128.7,133.28,1706890,272.49
2022-10-06,132.9,136.43,132.43,135.58,2067882,277.18
2022-10-07,132.61,133.23,126.75,127.19,2554958,260.04
2022-10-10,128.31,131.61,126.6,131.01,2761134,267.85
2022-10-11,129.5,132.75,129.22,130.97,2966254,267.76
2022-10-12,132.3,134.96,130.15,134.34,2242278,274.65
2022-10-13,128.81,133.72,125.61,131.36,3480298,268.55
2022-10-14,133.45,134.1,126.78,126.95,1846728,259.54
2022-10-17,130.5,132.88,130.29,130.65,2296296,267.11
2022-10-18,133.94,135.71,130.32,131.4,1891360,268.63
2022-10-19,130.48,130.9,126.55,127.55,1700128,260.76
2022-10-20,126.93,129.66,122.47,126.02,2427042,257.65
2022-10-21,125.95,127.56,123.88,127.38,2746600,260.43
2022-10-24,128.46,132.51,127.4,131.68,1846992,269.22
2022-10-25,131.77,136.01,131.72,134.04,2320258,274.03
2022-10-26,140.2,140.2,128.89,134.27,3403692,274.5
2022-10-27,133.22,135.36,127.77,129.33,2763584,264.41
2022-10-28,130.24,132.95,128.57,132.36,1529864,270.6
2022-10-31,130.86,135.88,129.14,134.32,1986730,274.6
2022-11-01,135.64,137.73,131.72,133.47,2345324,272.87
2022-11-02,132.65,134.26,127.11,127.36,2316674,260.39
2022-11-03,125.37,129.94,123.56,128.66,1827260,263.03
2022-11-04,130.26,133.05,129.46,133,1647806,271.91
2022-11-07,134.05,138.92,133.59,137.92,1860934,281.98
2022-11-08,139.25,142.6,138.04,141.88,3052544,290.06
2022-11-09,139.95,142.55,137.34,137.87,1991518,281.86
2022-11-10,146.88,149.8,144.93,149.49,3349700,305.63
2022-11-11,151.78,156.03,150.63,153.64,2839642,314.11
2022-11-14,152.37,157.1,152.04,153.72,1874290,314.27
2022-11-15,156.68,158.15,154.08,155.59,1939762,318.09
2022-11-16,154.34,154.46,149.97,150.25,1666314,307.17
2022-11-17,147.23,147.23,142.66,146.14,2270918,298.77
2022-11-18,148.09,148.64,143.87,145.93,2255726,298.34
2022-11-21,145.92,146.93,144.77,146.05,1137516,298.6
2022-11-22,147.57,147.57,143.93,144.73,1945840,295.9
2022-11-23,144.9,146.99,143.17,145.29,1352942,297.03
2022-11-25,144.2,145.56,143.67,143.8,525444,293.99
2022-11-28,142.83,145.03,140.82,141.03,1523582,288.32
2022-11-29,142.39,143.23,140.47,142.86,1366124,292.07
2022-11-30,142.57,148.49,140.29,148.02,2847056,302.61
2022-12-01,147.85,147.87,143.62,147.17,1969564,300.89
2022-12-02,144.56,149.2,143.34,148.13,1259754,302.85
2022-12-05,145.79,147.28,140.76,141.73,1613728,289.76
2022-12-06,141.31,141.37,139.06,140.58,1479078,287.12
2022-12-07,139.75,141.72,139.5,140.35,801428,286.65
2022-12-08,139.6,141.87,139.55,140.66,1225730,287.27
2022-12-09,140.27,143.91,139.55,143.09,2393756,292.23
2022-12-12,143.46,148.94,142.48,147.77,2029430,301.8
2022-12-13,156.45,157.56,147.98,149.17,2596550,304.65
2022-12-14,149,153.22,148.66,151.49,2845648,309.4
2022-12-15,149.22,149.73,145.42,146.47,2509956,299.14
2022-12-16,144.07,147.85,143.16,144.38,6154980,294.88
2022-12-19,144.44,144.47,140.99,142.09,1898352,290.19
2022-12-20,141.3,141.53,138.27,139.16,1491254,284.21
2022-12-21,141.5,142.36,138.6,140.68,1777298,287.31
2022-12-22,139.06,139.49,135.87,138.06,1328438,281.97
2022-12-23,138.08,140.68,137.59,140.09,1055264,286.1
2022-12-27,140.22,141.35,139.35,140.41,1286370,286.77
2022-12-28,140.45,141.26,138.08,138.2,779014,282.25
2022-12-29,139.72,142.29,139.19,140.32,1000146,286.58
2022-12-30,138.58,140.32,137.19,138.95,1219966,283.78
2023-01-03,140.04,140.28,137.09,138.33,1025524,282.52
2023-01-04,139.66,142.16,139.16,141.4,1709424,288.79
2023-01-05,139.56,139.99,137.22,137.82,1448042,281.48
2023-01-06,139.89,147.89,139.45,147.23,2353352,300.7
2023-01-09,149.04,153.13,148.25,150.01,2266812,306.37
2023-01-10,148.8,150.25,147.6,150.12,1053524,306.6
2023-01-11,151.4,154.23,151.09,153.3,1380560,313.08
2023-01-12,152.39,153.74,149.88,153.38,1206882,313.25
2023-01-13,151.32,155,151.32,154.41,1510848,315.35
2023-01-17,155.7,156.44,152.91,154.03,1543792,314.58
2023-01-18,154.96,161.47,154.45,154.56,1907678,315.66
2023-01-19,152.67,155.69,151.93,152.15,1649674,310.74
2023-01-20,152.91,155.3,151.41,155.22,1541240,317.02
2023-01-23,155.76,160.37,154.94,158.08,1660084,322.86
2023-01-24,157.68,158.41,155.95,157.12,1018724,320.9
2023-01-25,154.6,157.99,153.77,156.96,1226432,320.56
2023-01-26,158.73,159.45,153.99,156.32,1592782,319.25
2023-01-27,155.36,165.48,155.36,163.44,2403532,333.79
2023-01-30,158.65,161.45,157.2,157.6,1831880,321.88
2023-01-31,158.29,163.38,157.56,163.17,2218734,333.24
2023-02-01,171.37,183.19,170.44,180,5686558,367.62
2023-02-02,182.76,186.95,180.56,181.86,3832558,371.41
2023-02-03,178.73,184.01,175.15,181.66,2233138,371.01
2023-02-06,181.77,182.7,179.53,180.96,2061130,369.57
2023-02-07,179.6,181.6,176.55,179.06,3384990,365.7
2023-02-08,179.86,181.33,177.25,179.16,1575826,365.9
2023-02-09,179.99,180.14,173.07,173.82,1999272,355
2023-02-10,171.68,173.41,170.06,170.88,1933100,349
2023-02-13,171.41,174.37,169.42,174.29,2236826,355.96
2023-02-14,173.06,176.07,171.48,175.63,1376136,358.69
2023-02-15,173.26,175.53,172.49,174.9,1316108,357.21
2023-02-16,171.1,174.22,170.28,172.32,1601296,351.93
2023-02-17,171.69,174.17,170.34,173.74,1566342,354.84
2023-02-21,172.2,172.26,167.34,167.8,1444142,342.7
2023-02-22,168.66,170.39,166.94,167.46,1461046,342.01
2023-02-23,169.18,170.2,166.79,169.06,983894,345.28
2023-02-24,165.35,167.9,164.13,166.25,1625594,339.54
2023-02-27,168.93,169.6,167.15,167.65,1045462,342.39
2023-02-28,166.5,169.38,165.92,166.31,2371726,339.26
2023-03-01,166.48,168.49,165.56,165.99,1325676,338.61
2023-03-02,164.84,175.08,164.35,173.91,1987794,354.77
2023-03-03,173.68,175.37,171.42,174.05,2240220,355.06
2023-03-06,173.16,175.75,172.52,173.02,1537260,352.95
2023-03-07,172.98,173.85,170.79,171.48,1310764,349.8
2023-03-08,171.4,172.52,169.22,171.79,1142156,350.44
2023-03-09,173.14,173.73,167.91,168.13,1390824,342.97
2023-03-10,168.13,169.27,163.54,164.89,1412422,336.365
2023-03-13,161.78,163.88,158.5,161.39,2462736,329.22
2023-03-14,163.79,167.57,159.8,163.53,1880426,333.59
2023-03-15,161.76,163.37,159.41,162.98,1388578,332.47
2023-03-16,161.68,166.66,161.28,165.45,1789746,337.51
2023-03-17,165.21,166.37,161.79,162.53,3304404,331.56
2023-03-20,162.67,164.55,159.99,163.45,1485650,333.43
2023-03-21,166.11,167.59,164.15,164.78,1213052,336.15
2023-03-22,163.87,166.59,162.12,162.17,1376922,330.82
2023-03-23,162.67,166.22,160.81,161.52,1286450,329.5
2023-03-24,159.95,161.91,157.29,161.52,1431642,329.5
2023-03-27,162.79,165.02,162.19,163.97,1495640,334.49
2023-03-28,163.19,164.97,161.89,162.76,888200,332.03
2023-03-29,164.64,164.91,161.6,162.45,1212340,331.38
2023-03-30,164.11,164.46,162.83,163.54,1102448,333.61
2023-03-31,164.12,167.33,162.66,167.08,1550056,340.84
2023-04-03,166.04,167.11,160.86,163.83,1585392,334.21
2023-04-04,164.1,164.54,160.24,161.14,1584406,328.72
2023-04-05,159.92,160.29,157.24,159.3,1642918,324.97
2023-04-06,158.85,161.29,157.26,159.7,1131004,325.77
2023-04-10,158.46,164.29,157.55,164.12,1152538,334.79
2023-04-11,164.94,167.41,164.5,166.67,1186534,339.99
2023-04-12,168.12,169.44,165.66,166.7,1086002,340.06
2023-04-13,167.35,167.35,160.33,163.13,1633580,332.77
2023-04-14,162.22,166.97,162.22,166.02,1236954,338.67
2023-04-17,167.33,167.52,164.8,167.07,928464,340.82
2023-04-18,167.65,171.76,166.91,168.34,1274358,343.4
2023-04-19,167.41,169.99,167.17,169.62,878186,346.01
2023-04-20,168.21,172.06,167.65,170.05,1257222,346.89
2023-04-21,170.04,173.2,169.79,171.01,1438794,348.85
2023-04-24,171.23,174.86,170.68,173.75,1720584,354.44
2023-04-25,170.34,170.69,166,166.36,1506642,339.37
2023-04-26,156.54,159.63,146.29,149.77,5012580,305.52
2023-04-27,149.6,154.89,148.65,153.54,2378262,313.21
2023-04-28,155.7,158.99,153.76,157.06,2239784,320.39
2023-05-01,157.09,157.73,154.77,155.76,1869150,317.74
2023-05-02,155.76,156.39,151.81,154.7,1275260,315.57
2023-05-03,155.51,160.34,155.23,157.2,1707450,320.67
2023-05-04,155.97,157.21,152.8,153.06,1560460,312.24
2023-05-05,153.69,156.44,153.35,155.38,1349312,316.97
2023-05-08,156.23,157.06,152.04,152.77,1406126,311.64
2023-05-09,152.12,153.97,150.17,153.02,1415112,312.15
2023-05-10,155.38,156.32,152.64,154.13,1339998,314.41
2023-05-11,153.23,154.42,151.19,152.17,1349508,310.42
2023-05-12,152.59,153.9,149.25,151.02,1276576,308.07
2023-05-15,150.62,151.6,149.46,150.24,1340800,306.48
2023-05-16,149.23,149.23,146.25,146.29,1541340,298.43
2023-05-17,148.84,149.62,146.97,148.91,1610796,303.76
2023-05-18,148.52,151.61,147.55,150.22,1524162,306.43
2023-05-19,150.84,151.42,147.13,147.75,1222456,301.41
2023-05-22,149.78,150.2,146.52,148.12,1199438,302.15
2023-05-23,146.93,147.83,145.76,147.7,1783860,301.3
2023-05-24,146.35,148.13,145,147.3,2001454,300.48
2023-05-25,147.81,152.59,147.81,152.06,2173724,310.19
2023-05-26,152.2,156.31,151.62,154.82,2091626,315.83
2023-05-30,155.7,156.79,154.29,155.68,1522992,317.58
2023-05-31,154.73,155.48,150.31,152.18,4871204,310.44
2023-06-01,152.59,155.96,151.12,155.72,1539592,317.65
2023-06-02,156.04,159.13,155,156.71,2330780,319.67
2023-06-05,157.39,157.39,153.63,153.73,1644532,313.6
2023-06-06,150.69,153.64,146.27,150.95,2735932,307.53
2023-06-07,150.95,155.78,150.79,155.15,2408946,316.1
2023-06-08,154.53,156.36,153,155.54,1702244,316.88
2023-06-09,155.1,155.6,149.76,150.29,1493466,306.19
2023-06-12,149.24,150.46,146.71,150.26,1917740,306.14
2023-06-13,151.22,153.5,150.36,153.19,1524872,312.1
2023-06-14,153.92,158.22,152.27,157.42,1781290,320.72
2023-06-15,157.27,161.73,156.9,161.18,1586246,328.37
2023-06-16,163.82,164.82,159.6,159.75,2666666,325.46
2023-06-20,159.1,159.94,156.65,157.37,1159278,320.61
2023-06-21,156.01,160.83,155.69,160.33,1741592,326.65
2023-06-22,160.37,164.38,159.79,162.42,1560080,330.91
2023-06-23,160.87,163.29,160.15,160.32,1737030,326.63
2023-06-26,160.32,165.52,160.31,164.2,1522392,334.54
2023-06-27,165.76,176.6,165.34,176.34,3144180,359.27
2023-06-28,176.87,183.11,176.87,181.75,2674548,370.29
2023-06-29,182.34,184.91,180.74,184.43,1828034,375.75
2023-06-30,185.08,185.19,178.13,181.49,2229990,369.75
2023-07-03,180.52,181.52,178.7,180.56,828208,367.87
2023-07-05,178.29,182.59,177.93,180.5,1434350,367.73
2023-07-06,178.36,180.46,177.64,179.68,1322008,366.06
2023-07-07,181.31,185.82,181.1,181.58,1893972,369.94
2023-07-10,182.52,185.4,180.53,183.94,1356246,374.75
2023-07-11,183.77,186.09,182.57,185.49,1815138,377.91
2023-07-12,187.13,187.38,182.17,184.44,1431214,375.76
2023-07-13,186.24,186.34,183.34,185.21,1404250,377.34
2023-07-14,184.82,186.11,184.48,185.42,1041114,377.77
2023-07-17,183.88,189.42,183.45,188.13,1738166,383.28
2023-07-18,196.33,202.01,193.19,193.49,3142602,394.2
2023-07-19,193.91,196.03,192.32,193.98,2407246,395.2
2023-07-20,194.28,199.42,193.08,195.53,2581260,398.36
2023-07-21,194.41,198.46,192.49,193.63,4650122,394.49
2023-07-24,186.81,191.79,184.82,191.16,1803934,389.46
2023-07-25,191.76,195.93,191.15,194.06,1749724,395.37
2023-07-26,199.27,207.79,196.92,206.52,2648292,420.75
2023-07-27,208.34,208.34,200.7,202.29,1983536,412.13
2023-07-28,206.17,210.47,203.35,209.87,2082154,427.585
2023-07-31,209.59,210.69,203.74,205.9,1483944,419.49
2023-08-01,205.9,206.48,196.01,202.53,2181622,412.63
2023-08-02,200.01,203.19,199.5,200.55,1408998,408.58
2023-08-03,199.74,204.88,199.38,202.73,1756298,413.04
2023-08-04,200.68,205.06,198.05,199.82,1594946,407.11
2023-08-07,201.53,204.88,197.26,200.93,1254840,409.36
2023-08-08,199.29,201.08,197.64,200.8,1002246,409.1
2023-08-09,199.51,200.55,196.36,197.04,1362820,401.44
2023-08-10,197.85,201.07,196.63,199.25,935530,405.95
2023-08-11,198.11,202.45,198.11,201.63,1155850,410.78
2023-08-14,201.47,205.46,199.75,204.18,1180130,415.99
2023-08-15,203.7,205.16,200.61,201.07,1116678,409.64
2023-08-16,202.27,208.28,198.94,199.82,1433582,407.1
2023-08-17,197.83,201.26,193.2,193.47,1463454,394.17
2023-08-18,191.73,194.19,190.57,193.14,1740216,393.49
2023-08-21,194.84,201.03,194.83,197.86,1448854,403.11
2023-08-22,197.59,199.35,196.26,198.79,1425302,405
2023-08-23,199.15,202.92,197.06,202.54,1176954,412.65
2023-08-24,202.38,203.86,200.5,200.6,1139648,408.7
2023-08-25,201.59,202.47,197.58,200.77,778556,409.04
2023-08-28,202.69,206.25,201.7,204.38,1053562,416.39
2023-08-29,203.58,210.77,203.09,209.98,1253826,427.8
2023-08-30,209.98,212.24,209.39,211.21,1039968,430.31
2023-08-31,209.2,211.06,207.46,209.77,1694098,427.37
2023-09-01,212.82,215.01,210.36,213.94,1022148,435.87
2023-09-05,212.42,212.99,205.52,208.03,1383566,423.44
2023-09-06,208.01,211.97,206.5,208.24,1036638,423.86
2023-09-07,209.76,214.73,207.3,212.6,1904526,432.75
2023-09-08,211.61,212.62,206.7,206.95,1134824,421.25
2023-09-11,208.44,209.97,206.6,209.31,971362,426.04
2023-09-12,207.43,210.51,206.7,207.25,1042706,421.85
2023-09-13,207.28,209.5,203.8,204.25,1566958,415.74
2023-09-14,206,207.06,198.34,199.94,1856656,406.98
2023-09-15,200.15,201.4,196.54,201.23,3254634,409.6
2023-09-18,200.44,202.89,199.95,201.35,1041644,409.84
2023-09-19,200.53,201.33,197.14,199.6,1045562,406.28
2023-09-20,201.22,202.94,200.23,200.39,880360,407.88
2023-09-21,199.26,199.79,195.13,196.58,1109610,400.13
2023-09-22,196.58,200.38,196.22,196.84,839926,400.66
2023-09-25,196.84,202.09,196.67,200.7,678732,408.51
2023-09-26,199.53,199.53,195.43,196.03,675892,399.01
2023-09-27,198.06,198.99,195,196.46,1242236,399.89
2023-09-28,196.13,200.97,194.87,199.49,1501224,406.05
2023-09-29,201.43,203.76,200.06,201.01,1517910,409.14
2023-10-02,199.66,200.38,195.46,198.08,1200340,403.19
2023-10-03,196.57,200.91,195.01,196.45,1045292,399.87
2023-10-04,197.98,198.95,196.03,198.07,1298616,403.16
2023-10-05,199.05,200.41,195.96,198.13,1001240,403.28
2023-10-06,197.17,204.11,197.11,203.11,1202512,413.42
2023-10-09,200.86,208.03,200.21,207.41,908402,422.17
2023-10-10,207.41,211.11,206.92,208.85,823884,425.11
2023-10-11,208.56,209.77,207.19,209.17,757600,425.76
2023-10-12,210.29,210.36,206.25,208.34,664280,424.07
2023-10-13,209.37,210.27,197.71,199.01,1187756,405.08
2023-10-16,201.23,208.35,200.44,202.62,1283252,412.42
2023-10-17,203.61,206.68,202.1,204.94,820276,417.14
2023-10-18,203.01,204.04,197.24,197.43,1401108,401.86
2023-10-19,199.49,200.18,193.81,194.77,1374540,396.45
2023-10-20,196.21,198.6,189.97,193.09,1404456,393.03
2023-10-23,192.88,194.3,190.25,190.45,1291656,387.66
2023-10-24,190.98,192.67,186.72,189.59,1934436,385.9
2023-10-25,191.85,195.24,175.39,182.27,3089726,371.01
2023-10-26,181.42,184.15,177.51,181.67,2460126,369.79
2023-10-27,184.25,188.78,178.64,181.02,1871658,368.46
2023-10-30,184.36,186.63,179.85,186.27,1600470,379.14
2023-10-31,186.87,188.12,183.77,185.05,1175782,376.66
2023-11-01,185.74,192.49,185.19,191.92,1903024,390.65
2023-11-02,194.19,195.42,189.8,191.03,1630452,388.83
2023-11-03,192.93,194.2,191.01,192.75,1029020,392.34
2023-11-06,192.5,193.63,189.05,193.59,981522,394.04
2023-11-07,192.33,197.09,191.8,194.73,1286222,396.36
2023-11-08,194.7,196.47,191.32,191.68,1940744,390.15
2023-11-09,193.34,194.18,186.81,189.44,1434980,385.6
2023-11-10,190.87,193.21,189.33,192.89,1166924,392.63
2023-11-13,192.09,192.8,190,192.1,926326,391.01
2023-11-14,195.4,200.07,194.95,198.89,1411154,404.83
2023-11-15,199.66,202.08,197.58,197.86,1240490,402.74
2023-11-16,198.5,199.44,193.87,195.43,1086750,397.79
2023-11-17,197.21,197.8,195.47,196.47,1047870,399.9
2023-11-20,196.6,198.36,195.47,197.63,691678,402.27
2023-11-21,197.64,199.44,196.72,198.91,590536,404.88
2023-11-22,200.49,202.13,198.06,198.36,800110,403.75
2023-11-24,198.94,199.69,197.92,198.64,298942,404.32
2023-11-27,195.73,196.85,192.64,195.85,840234,398.65
2023-11-28,195.5,195.5,186.7,190.31,1559120,387.38
2023-11-29,190.97,193.08,187.74,188.61,1395210,383.91
2023-11-30,188.79,191.49,185.16,191.14,2585232,389.06
2023-12-01,190.64,200.38,189.74,199.33,1637866,405.74
2023-12-04,197.96,200.06,195.72,198.43,1077448,403.9
2023-12-05,196.83,198.34,193.9,194.15,1554220,394.79
2023-12-06,194.21,194.98,182.21,183.38,2348990,372.89
2023-12-07,183.49,184.72,180.51,184.41,2211686,374.99
2023-12-08,183.83,187.14,181.47,181.69,2065998,369.45
2023-12-11,185.33,188.36,182.81,186.32,2280368,378.88
2023-12-12,186.94,189.17,185.89,187.98,2082498,382.24
2023-12-13,188.03,188.88,184.34,188.87,1621146,384.06
2023-12-14,190.13,191.66,187,188.11,2194494,382.52
2023-12-15,188.83,195.76,188.83,193.29,2914492,393.05
2023-12-18,195.27,196.71,191.38,193.31,1079294,393.08
2023-12-19,194.09,198.78,194.09,197.24,933194,401.07
2023-12-20,195.03,204.55,194.32,197.71,1626984,402.03
2023-12-21,199.37,202.07,198.18,201.24,1031616,409.21
2023-12-22,202.96,204.27,200.94,203.09,811028,412.97
2023-12-26,203.68,205.54,203.27,204.58,625508,416
2023-12-27,204.98,206.02,202.23,203.4,682066,413.6
2023-12-28,204.52,204.62,200.86,202.15,639490,411.06
2023-12-29,201.63,203.15,198.49,199.33,775002,405.33
2024-01-02,198.34,200.18,193.86,195.6,1171312,397.74
2024-01-03,193.47,193.75,188.94,189.39,1776120,385.12
2024-01-04,189.27,191.88,186.89,191.43,1423184,389.26
2024-01-05,191.39,191.45,188.09,188.73,1093852,383.77
2024-01-08,190.53,193.53,189.24,193.12,1090590,392.71
2024-01-09,191.26,194.12,189.84,192.17,1060936,390.76
2024-01-10,191.1,192.38,188.31,192.29,1195484,391.02
2024-01-11,192.84,193.18,188.68,191.22,1335144,388.84
2024-01-12,192.46,192.46,188.4,191.24,1116046,388.87
2024-01-16,190.45,190.85,187,188.25,934576,382.8
2024-01-17,186.26,186.42,184.11,185.82,957220,377.86
2024-01-18,186.38,188.8,185.64,188.05,1294736,382.4
2024-01-19,188.5,191.17,187.28,190.43,1675244,387.23
2024-01-22,192.01,197.67,191.77,197.55,1730306,401.71
2024-01-23,197.76,199.32,193.38,193.88,1311304,394.24
2024-01-24,195.82,195.93,192.45,192.62,1101790,391.68
2024-01-25,194.59,196.42,192.49,194.47,1043644,395.44
2024-01-26,195.53,196.22,191.26,193.1,900988,392.67
2024-01-29,191.75,195.46,190.94,195.35,1169974,397.23
2024-01-30,193.16,196.52,193.15,194.68,1463806,395.87
2024-01-31,199.52,202.89,186.89,192.29,2933188,391.02
2024-02-01,189.61,193.56,184.99,192.87,2317222,392.19
2024-02-02,192.5,202.1,189.66,200.98,2262412,408.69
2024-02-05,200.94,204.36,198.08,203.81,1772954,414.44
2024-02-06,205.07,210.3,204.09,209.27,1645538,425.55
2024-02-07,211.95,220.54,211.74,212.67,2334254,432.45
2024-02-08,212.12,215.06,210.78,214,1351662,435.16
2024-02-09,215.34,215.34,210.81,214.08,1610194,435.33
2024-02-12,213.66,214.95,210.31,211.02,1296556,429.1
2024-02-13,206.76,210.87,205.97,208.48,1883746,423.94
2024-02-14,209,212.81,208.49,212.02,1422890,431.13
2024-02-15,213.48,213.88,209.02,212.61,1015886,432.33
2024-02-16,211.73,213.65,208.11,208.24,1150958,423.45
2024-02-20,207.72,208.45,202.74,206.25,1258736,419.41
2024-02-21,207.22,209.25,205.33,208.72,1000522,424.42
2024-02-22,211.41,215.13,210.86,214.87,1030056,436.93
2024-02-23,216.48,219.03,215.29,216.49,1027320,440.22
2024-02-26,215.72,219.97,215.41,219.28,1776598,445.89
2024-02-27,218.84,219.75,214.79,216.9,1787370,441.06
2024-02-28,214.14,215.65,212.24,212.89,1036986,432.9
2024-02-29,215.09,218.31,213.5,217.6,1938482,442.48
2024-03-01,218.13,220,215.88,218.49,2127616,444.28
2024-03-04,220.03,222.45,218.9,219.44,1386258,446.23
2024-03-05,217.62,219.55,209.04,211.75,2101906,430.08
2024-03-06,211.22,216.52,210.82,214.4,1293286,435.46
2024-03-07,216.62,219.87,216.43,218.14,1078630,443.07
2024-03-08,218.27,219.04,210.74,210.87,990552,428.29
2024-03-11,212.18,213.85,210.56,213.13,1128792,432.88
2024-03-12,212.39,218.06,212.2,217.14,855988,441.03
2024-03-13,217.54,218.28,213.17,213.59,858662,433.82
2024-03-14,215.21,215.33,206.79,210.02,1946720,426.57
2024-03-15,209.19,211.06,206.92,207.33,3263624,421.11
2024-03-18,209.75,210.29,205.95,206.17,1057752,418.74
2024-03-19,205.19,209.22,205.14,208.79,1066098,424.07
2024-03-20,207.92,213.89,207.72,213.81,883422,434.26
2024-03-21,215.98,220.18,215.98,219.01,926150,444.82
2024-03-22,219.01,219.04,215.48,217.16,860280,441.07
2024-03-25,216.62,216.95,212.99,214.19,801428,435.03
2024-03-26,214.97,216.37,212.83,213.34,701416,433.32
2024-03-27,215.78,216.3,208.63,210.7,1017752,427.95
2024-03-28,212.74,217.33,209.95,215.95,1213490,219.31
2024-04-01,216.22,217.62,213.26,214.78,1071938,218.12
2024-04-02,213.31,214.15,210.63,213.26,932863,216.57
2024-04-03,213.27,218.73,213.27,216.48,1017352,219.84
2024-04-04,217.99,221.36,213.26,214.72,894345,218.06
2024-04-05,217.1,221.55,216.28,221.13,740740,224.57
2024-04-08,222.31,224.31,221.06,221.25,749714,224.69
2024-04-09,221.25,221.27,212.9,219.11,886133,222.52
2024-04-10,215.16,215.85,210.74,211.75,974110,215.04
2024-04-11,211.46,217.56,210.27,216.43,856268,219.79
2024-04-12,213.39,218.24,213.39,217.75,1612734,221.13
2024-04-15,221.32,222.32,215.44,216.58,1102702,219.95
2024-04-16,216.58,218.08,214.84,217.11,1480980,220.48
2024-04-17,209.07,214.6,203.95,207.58,2480838,210.81
2024-04-18,210.03,210.36,204.49,204.64,1071936,207.82
2024-04-19,206.66,209.6,205.62,208.58,1540011,211.82
2024-04-22,210.48,211.75,205.42,208.35,1052806,211.59
2024-04-23,207.76,216.94,207.76,215.92,1437966,219.28
2024-04-24,204.82,213.62,186.1,192.07,4479524,195.06
2024-04-25,193.75,195.74,189.36,193.65,2605065,196.66
2024-04-26,181.44,188.56,178.53,179.63,3473793,182.42
2024-04-29,180.56,184.12,177.95,181.42,2372632,184.24
2024-04-30,180.67,181.87,178.04,178.93,1822693,181.71
2024-05-01,177.49,183.34,176.45,179.7,2267852,182.49
2024-05-02,181.43,182.42,179.01,180.59,1452360,183.4
2024-05-03,182.22,186.7,181.51,182.23,1640295,185.06
2024-05-06,182.48,182.93,177.02,177.42,2069445,180.18
2024-05-07,178.79,182.76,178.42,181.96,1749307,184.79
2024-05-08,183.15,183.93,178.9,178.92,1208397,181.7
2024-05-09,179.21,184.5,179.14,180.36,1643887,183.16
2024-05-10,180.6,183.79,180.6,182.21,1112396,185.04
2024-05-13,182.46,183.06,179.08,179.23,1522499,182.02
2024-05-14,181.53,183.11,177.66,179.16,2206342,181.94
2024-05-15,181.06,182.91,179.58,181.11,2406741,183.92
2024-05-16,180.49,181.5,178.1,179.38,1924921,182.17
2024-05-17,179.38,182.1,178.42,180.27,2175230,183.07
2024-05-20,180.2,180.2,175.96,176.23,1458484,178.97
2024-05-21,176.11,176.43,172.04,172.77,2666917,175.46
2024-05-22,172.32,173.1,169.61,169.85,2957450,172.49
2024-05-23,169.85,169.85,167.16,168.94,1995248,171.57
2024-05-24,169.69,171.3,168.34,170.41,1852339,173.06
2024-05-28,169.32,171.09,167.73,170.66,2523604,173.31
2024-05-29,168.6,170.45,167.95,168.68,2285315,171.3
2024-05-30,168.29,171.42,167.95,170.39,1654420,173.04
2024-05-31,170.35,172.73,169.36,172.57,2655843,175.25
2024-06-03,173.83,175.27,165.67,166.74,2440409,169.33
2024-06-04,174.39,179.21,169.33,169.51,2961990,172.14
2024-06-05,170.28,175.13,170.28,173.27,1572781,175.7
2024-06-06,168.76,168.92,163.2,167.49,2684294,169.84
2024-06-07,165.84,167.9,163.6,166.2,1503135,168.53
2024-06-10,165.39,169.59,164.9,168.76,1842149,171.12
2024-06-11,167.66,171.72,166.44,171.51,1809560,173.91
2024-06-12,172.35,175.89,171.49,172.38,1467461,174.79
2024-06-13,171.22,171.28,167.47,170.52,1121632,172.91
2024-06-14,169.18,170.72,164.53,170.35,2149024,172.74
2024-06-17,169.11,171.7,168.57,171.52,1664581,173.92
2024-06-18,171.53,172.28,169.64,170.91,1516547,173.3
2024-06-20,171.81,174.37,170.91,172.24,1689035,174.65
2024-06-21,173.45,174.04,170.72,172.47,2173373,174.89
2024-06-24,172.47,176.37,171.65,173.64,1524399,176.07
2024-06-25,171.37,173.29,170.07,172.43,1251543,174.85
2024-06-26,173.18,176.15,172.56,173.61,1455963,176.04
2024-06-27,173.49,174.75,171.25,171.96,1150716,174.37
2024-06-28,173.57,175.96,172.55,174.16,3111249,176.6
2024-07-01,173.73,178.1,173.22,176.23,1862986,178.7
2024-07-02,176.59,180.17,175.84,179.65,2515153,182.17
2024-07-03,180.33,181.67,178.76,179.36,919779,181.87
2024-07-05,179.53,181.14,178.37,180.25,1195390,182.77
2024-07-08,179.65,180.57,175.53,178.56,1596022,181.06
2024-07-09,178.82,178.99,174.97,175.95,1188748,178.41
2024-07-10,176.56,179.8,175.38,179.6,1375570,182.12
2024-07-11,180.64,185.11,180.12,184.18,1570147,186.76
2024-07-12,184.87,190.9,184.87,187.59,1876687,190.22
2024-07-15,187.73,195.04,187.38,192.55,2008850,195.25
2024-07-16,193.07,201.3,193.07,201.02,2009754,203.84
2024-07-17,199.27,201.53,195.93,195.94,2325205,198.68
2024-07-18,195.94,197.28,191.21,192.76,1581389,195.46
2024-07-19,193.03,194.66,190.93,192.77,1228436,195.47
2024-07-22,194.86,196.54,190.22,192.61,1341257,195.31
2024-07-23,191.17,193.44,190,191.17,1826035,193.85
2024-07-24,194.42,197.79,180.33,191.93,3328712,194.62
2024-07-25,191.96,207.61,191.96,202.86,3154131,205.7
2024-07-26,197.24,204.11,196.66,200.13,2484038,202.93
2024-07-29,200.8,203.94,197.72,198.72,1270497,201.5
2024-07-30,200.48,205.13,200.48,202.2,1210051,205.03
2024-07-31,203.34,211.27,202.76,207.28,1643725,210.18
2024-08-01,207.8,213.55,199.77,200.39,2034289,203.2
2024-08-02,196.62,197.24,188.46,192.42,2107060,195.12
2024-08-05,188.02,195.62,184.42,191.58,1645851,194.26
2024-08-06,192.31,199.85,191.81,195.13,1537391,197.86
2024-08-07,195.63,196.48,190.45,190.48,2497048,193.15
2024-08-08,193.01,195.15,190.04,193.29,2529204,196
2024-08-09,193.31,194.74,188.15,190.56,2169928,193.23
2024-08-12,190.7,191.16,186.6,187.99,1500897,190.62
2024-08-13,188.56,192.59,188.21,192.33,1086872,195.02
2024-08-14,192.33,195.05,189.44,190.33,820004,193
2024-08-15,194.89,198.78,193.92,194.42,1304916,197.14
2024-08-16,192.09,197.72,192.09,197.4,1193986,200.17
2024-08-19,197.4,198.14,195.56,197.39,755214,200.16
2024-08-20,196.99,199.17,195.79,196,910984,198.75
2024-08-21,197.82,200.41,196.6,200.1,913289,202.9
2024-08-22,200.18,202.28,196.94,198.12,860642,200.9
2024-08-23,199.08,201.94,198.25,200.95,589017,203.77
2024-08-26,201.34,202.26,195.96,196.37,873452,199.12
2024-08-27,195.34,196.22,188.89,190.2,1035590,192.86
2024-08-28,190.18,192.73,189.43,191.52,742673,194.2
2024-08-29,192.31,192.93,188.48,189.47,873495,192.12
2024-08-30,189.4,190.43,185.99,190.14,1451649,192.8
2024-09-03,188.92,193.67,187.34,192.09,1400267,194.78
2024-09-04,195.66,196.91,191.87,193.2,1103955,195.64
2024-09-05,184.87,185.43,177.57,183.73,2693744,186.06
2024-09-06,183.96,185.07,180.57,182.51,1429755,184.82
2024-09-09,183.66,188.6,183.45,187.41,1445233,189.78
2024-09-10,187.9,189.32,185.93,188.77,1001908,191.16
2024-09-11,188.11,188.17,180.52,186.49,1310150,188.85
2024-09-12,187.38,189.29,185,188.87,887577,191.26
2024-09-13,188.59,191.37,187.7,190.2,989187,192.61
2024-09-16,191.36,192.74,187.96,189.52,863763,191.92
2024-09-17,190.13,194.72,190.13,192.23,840912,194.66
2024-09-18,193.64,198.68,192,194.29,1245377,196.75
2024-09-19,199.68,203.96,199.44,201.96,2148122,204.52
2024-09-20,199.73,199.73,190.21,191.55,3753490,193.97
2024-09-23,193.12,193.82,191.46,193.72,981353,196.17
2024-09-24,195.71,197.44,194.63,195.94,1019807,198.42
2024-09-25,197.44,201.7,195.8,196.97,1387435,199.46
2024-09-26,199.18,200.54,191.49,192.89,1338812,195.33
2024-09-27,195.29,198.39,193.37,194.25,1773866,196.71
2024-09-30,194.14,197.79,193.07,196.16,1386862,198.64
2024-10-01,194.84,194.84,189.87,192.32,1236566,194.75
2024-10-02,192.38,193.51,190.66,191.08,813088,193.5
2024-10-03,189.11,190.39,187.68,188.54,1250265,190.93
2024-10-04,192.36,193.54,188.02,189.46,1173475,191.86
2024-10-07,187.45,187.45,183.05,186.22,1273075,188.58
2024-10-08,186.71,190.04,185.89,189.76,1065868,192.16
2024-10-09,189.79,192.75,189.45,192.01,990865,194.44
2024-10-10,190.53,192.37,189.24,192.16,753261,194.59
2024-10-11,193.55,197.97,193.55,197.09,1047705,199.58
2024-10-14,196.04,199.99,195.4,199.92,935477,202.45
2024-10-15,199.99,201.56,198.37,198.94,1302521,201.46
2024-10-16,202.07,205.99,200.44,200.95,1190829,203.49
2024-10-17,201.31,201.31,197.84,199,1265622,201.52
2024-10-18,199,199.45,195.66,197.05,1450600,199.54
2024-10-21,194.9,196.01,193.65,195.57,1244959,198.05
2024-10-22,194.23,198.42,192.56,197.06,1547641,199.55
2024-10-23,191.37,195.53,183.78,186.31,3890665,188.67
2024-10-24,187.82,190.68,186.46,189.41,1758655,191.81
2024-10-25,191.92,196.83,190.94,195.32,1949251,197.79
2024-10-28,196.9,198.57,195.35,198.37,1635854,200.88
2024-10-29,198.47,200.82,196.36,198.79,1733528,201.31
2024-10-30,198.98,206.21,198.98,201.27,1418919,203.82
2024-10-31,200.42,201.97,198.73,198.8,1268397,201.32
2024-11-01,197.81,200.49,197.81,198.47,936470,200.98
2024-11-04,198.09,202.77,198.09,201.44,917848,203.99
2024-11-05,201.7,204.58,200.14,204.42,1265924,207.01
2024-11-06,214.25,228.47,213.06,227.3,3077156,230.18
2024-11-07,227.3,228.03,219.53,220.12,1696711,222.91
2024-11-08,219.36,223.57,217.8,223.28,1092606,226.11
2024-11-11,225.23,230.34,225.08,228.94,1886241,231.84
2024-11-12,227.46,228.35,223.23,223.49,1637005,226.32
2024-11-13,224.3,224.59,220.56,222.78,1308845,225.6
2024-11-14,222.59,223.94,219.72,220.64,1156530,223.43
2024-11-15,220.36,220.36,212.39,212.88,1683188,215.57
2024-11-18,216.21,216.93,211.24,211.32,1292428,213.99
2024-11-19,208.82,210.89,208.51,209.15,926828,211.8
2024-11-20,208.31,211.96,207.73,211.65,675667,214.33
2024-11-21,213.5,217.03,211.44,215.66,1229695,218.39
2024-11-22,217.18,218.94,215.31,217.5,774310,220.25
2024-11-25,219.86,224.59,219.11,222.3,1888230,225.11
2024-11-26,220.6,223.38,219.06,223.15,1069781,225.97
2024-11-27,224.16,225.86,219.55,221.31,1319087,224.11
2024-11-29,223.23,224.16,221.22,222.33,639753,225.14
2024-12-02,223.6,223.6,220.77,222.04,1294931,224.85
2024-12-03,219.35,220.2,214.7,215.86,1184978,218.59
2024-12-04,212.91,215.54,205.3,208.64,2008191,211.03
2024-12-05,207.41,208.94,200.2,200.67,1609726,202.97
2024-12-06,202.45,204.28,200.58,200.7,1313113,203
2024-12-09,200.8,202.78,200.55,201.62,1305898,203.93
2024-12-10,201.85,204.52,198.21,202.77,1454298,205.09
2024-12-11,203.29,204,201.06,202.49,1875333,204.81
2024-12-12,202.14,202.26,197.96,200.74,1083673,203.04
2024-12-13,200,201.18,198.31,198.42,849101,200.69
2024-12-16,197.81,198.11,195.16,196.64,1852345,198.89
2024-12-17,195.46,197.58,194.61,196.73,1632528,198.98
2024-12-18,195.53,197.64,189.25,189.6,1166534,191.77
2024-12-19,191.01,192.13,185.52,185.61,1680098,187.74
2024-12-20,184.72,184.72,174.04,179.32,5024356,181.37
2024-12-23,178.77,179.94,177.32,178.12,1597243,180.16
2024-12-24,177.68,180.01,176.97,179.51,576017,181.57
2024-12-26,178.06,180.76,177.39,179.39,756743,181.44
2024-12-27,176.93,180.34,175.83,178.19,1080516,180.23
2024-12-30,177.27,177.4,172.82,175.27,1404770,177.28
2024-12-31,176.14,177.45,174.34,174.4,845675,176.4
2025-01-02,176.9,178.37,172.87,173.74,903431,175.73
2025-01-03,175.37,179.26,174.59,178.86,1090646,180.91
2025-01-06,179.34,182.29,179.06,180.6,1149783,182.67
2025-01-07,180.28,180.28,176.54,178.59,1498648,180.64
2025-01-08,177.22,179.77,176.85,177.55,1483633,179.58
2025-01-10,174.89,175.89,173.29,174.41,1045695,176.41
2025-01-13,173.35,178.78,173.35,178.62,1229699,180.67
2025-01-14,179.51,181.78,179.02,181.54,1175513,183.62
2025-01-15,185.86,187.75,183.93,184.74,1956964,186.86
2025-01-16,184.59,188.39,183.25,187.77,1083403,189.92
2025-01-17,189.09,189.09,184.35,187.4,1307512,189.55
2025-01-21,189.35,189.48,186.74,188.27,1440230,190.43
2025-01-22,188.05,189.23,186.5,186.65,1410214,188.79
2025-01-23,189.86,190.42,188.04,189.37,1178043,191.54
2025-01-24,187.87,189.88,187.66,188.65,870244,190.81
2025-01-27,187.28,193.51,187.28,192.51,1852816,194.71
2025-01-28,192.04,192.18,187.52,187.84,1522658,189.99
2025-01-29,187.86,188.53,183.48,183.74,1556220,185.84
2025-01-30,182.45,185.11,181.11,184.67,1587962,186.78
2025-01-31,184.67,186.79,182.28,183.51,1556607,185.61
2025-02-03,186,186.87,179.92,179.99,2162031,182.05
2025-02-04,179.05,181.84,179.01,181.58,1987239,183.66
2025-02-05,193.65,197.03,190.47,191.46,2772378,193.65
2025-02-06,192.16,198.81,191.59,193.66,1851540,195.88
2025-02-07,194.23,195.79,191.42,194.97,1865040,197.2
2025-02-10,197.02,199.69,195.76,199.5,1979572,201.78
2025-02-11,197.78,204.15,197.71,203.44,1956924,205.77
2025-02-12,199.05,201.67,196.43,200.72,1444810,203.02
2025-02-13,201.69,204.34,200.3,204.05,1287513,206.39
2025-02-14,204.66,207.12,203.68,204,1274117,206.34
2025-02-18,205.22,207.24,204.02,206.92,1865714,209.29
2025-02-19,204.98,206.15,202.61,202.79,1283014,205.11
2025-02-20,201.85,202.54,194.01,195.02,1366469,197.25
2025-02-21,195,195,168.08,178.36,5679561,180.4
2025-02-24,182.75,183.31,179.43,179.91,2225620,181.97
2025-02-25,178.66,180.66,176.03,177.84,2099710,179.88
2025-02-26,177.37,179.23,173.53,173.7,2414782,175.69
2025-02-27,173.92,176.17,172.1,172.79,1494805,174.77
2025-02-28,173.91,177.09,173.21,174.5,2123313,176.5
2025-03-03,176.16,176.75,169.5,170.33,2410402,172.28
2025-03-04,168.71,175.29,163.94,173.01,3026075,174.995
2025-03-05,173.71,175.14,170.02,174.8,2217485,176.52
2025-03-06,174.23,176.97,171.86,175.85,2027143,177.58
2025-03-07,175.85,179.7,174.92,177.8,2666968,179.55
2025-03-10,176.74,179.99,175.51,176.24,2021834,177.97
2025-03-11,175.72,176.03,164.8,165.4,2507446,167.03
2025-03-12,167.4,168.19,162.46,162.94,2344581,164.54
2025-03-13,164.16,165.42,157.8,161.39,2044694,162.98
2025-03-14,162.35,162.86,160.19,160.92,1412360,162.5
2025-03-17,159.44,165.46,157.56,164.5,1602822,166.12
2025-03-18,163.73,164.75,158.93,160.5,1148225,162.08
2025-03-19,160.51,161.83,157.95,160.86,1646474,162.44
2025-03-20,159.34,161.81,158.81,159.56,1585686,161.13
2025-03-21,156.77,163.76,156.13,163.61,3630657,165.22
2025-03-24,165.98,169,165.85,168.39,1302653,170.05
2025-03-25,168.46,169.06,165.46,165.97,1478569,167.6
2025-03-26,165.91,167.83,165.29,167.03,1423180,168.67
2025-03-27,167.13,169.87,166.72,168.57,1260170,170.23
2025-03-28,167.96,168.27,163.12,163.24,1285993,164.85
2025-03-31,160.47,165,160.47,163.84,1608374,165.45
2025-04-01,162.08,166.36,161.43,165.46,1219403,167.09
2025-04-02,163.06,168.92,162.87,168.44,905220,170.1
2025-04-03,160.95,164.01,151.53,154.23,2683786,155.75
2025-04-04,151.68,154.26,145.62,150.58,3326624,152.06
2025-04-07,150.79,158.3,144.53,149.94,2779554,151.41
2025-04-08,155.88,155.92,144.9,146.9,1878010,148.34
2025-04-09,145.41,164.59,144.37,163.88,3157514,165.49
2025-04-10,160.38,160.38,150.75,155.22,2180919,156.75
2025-04-11,153.31,153.31,144.72,150.75,2640983,152.23
2025-04-14,152.78,154.33,150.47,153.6,1189184,155.11
2025-04-15,153.79,154.96,149.99,151.36,1001757,152.85
2025-04-16,149.6,150.41,144.48,146.41,1927977,147.85
2025-04-17,147.94,153.32,147.6,152.25,1456532,153.75
2025-04-21,150,151.25,145.62,148.41,1791328,149.87
2025-04-22,148.81,151.68,147.19,150.59,1840270,152.07
2025-04-23,157.57,166.26,150.12,151.74,3069909,153.23
2025-04-24,150.18,157.63,149.43,157.35,1834905,158.9
2025-04-25,147.83,150.04,143.49,145.31,4094902,146.74
2025-04-28,145.58,148.07,144.37,147.55,2699025,149
2025-04-29,146.52,148.58,145.14,148.19,2026262,149.65
2025-04-30,147.7,152.16,144.94,151.79,2958826,153.28
2025-05-01,151.37,152.69,148.15,149.09,2153662,150.56
2025-05-02,151.51,159.25,150.77,156.47,2628116,158.01
2025-05-05,155.36,157.18,154.54,154.71,1272152,156.23
2025-05-06,152.5,154.12,151.03,151.86,1012344,153.35
2025-05-07,152.46,154.98,152.46,154.08,1173939,155.59
2025-05-08,154.58,159.85,154.03,158.56,1733883,160.12
2025-05-09,158.19,158.73,155.81,156.74,1058013,158.28
2025-05-12,168.2,175.13,166.36,174.36,3596790,176.07
2025-05-13,174.25,174.65,169.57,169.67,1841039,171.34
2025-05-14,168.81,170.33,166.73,169.98,1470379,171.65
2025-05-15,168.89,169.66,167.16,168.28,1652468,169.93
2025-05-16,169.52,169.87,167.31,169.61,1098425,171.28
2025-05-19,167.34,170.71,166.21,169.94,2107141,171.61
2025-05-20,168.74,170.05,167.17,167.95,1886569,169.6
2025-05-21,165.31,167.01,162.56,162.59,2048843,164.19
2025-05-22,162.54,162.96,160.76,162.01,1264386,163.6
2025-05-23,158.12,161.07,157.03,159.99,896068,161.56
2025-05-27,163.11,163.11,159.5,162.61,2223405,164.21
2025-05-28,163.39,163.52,160.58,160.85,1015774,162.43
2025-05-29,162.32,162.48,159.34,160.43,1301848,162.01
2025-05-30,160.27,160.87,157.41,158.61,2898004,160.17
2025-06-02,160.37,160.38,155.73,158.44,1563520,160
2025-06-03,158.06,161.93,156.74,161.44,1367691,163.03
2025-06-04,161.07,161.88,158.72,160.19,1318195,161.49
2025-06-05,158.85,160.23,156.67,158.4,1320105,159.68
2025-06-06,161.24,162.01,158.46,159.04,1232649,160.33
2025-06-09,159.82,162.57,158.14,160.91,1199035,162.21
2025-06-10,162.55,166.79,161.62,166.54,1916581,167.89
2025-06-11,167.18,168.89,160.27,160.81,1710526,162.11
2025-06-12,160.18,161.74,158.13,161.11,1306115,162.41
2025-06-13,158.87,160.69,158.37,158.89,1530716,160.18
2025-06-16,159.91,160.1,156.98,158.17,1998441,159.45
2025-06-17,159.21,159.21,154.81,155.41,1298820,156.67
2025-06-18,155.56,157.63,154.46,154.78,1281213,156.03
2025-06-20,155.98,158.03,154.3,155.2,2545790,156.46
2025-06-23,154.62,160.14,153.8,160.06,1256551,161.36
2025-06-24,160.92,162.45,160.16,160.67,1177256,161.97
2025-06-25,160.58,160.78,157.85,159.06,1400551,160.35
2025-06-26,159.64,160.86,158.64,159.7,1672032,160.99
2025-06-27,160.27,162.84,160.06,162.37,6623121,163.68
2025-06-30,162.5,163.13,160.02,161,1884808,162.3
2025-07-01,160.75,170.86,159.28,167.1,2076776,168.45
2025-07-02,167.29,169.69,165.6,168.49,1465236,169.85
2025-07-03,169.14,171.23,168.41,169.66,1369300,171.03
2025-07-07,168.39,169.29,162.32,162.99,1496908,164.31
2025-07-08,162.77,168.02,162.54,166.04,1971044,167.38
2025-07-09,166.15,167.76,164.96,166.66,896612,168.01
2025-07-10,166.65,171.87,166,169.75,1262278,171.12
2025-07-11,168.34,169.16,165.93,166.38,1137576,167.73
2025-07-14,165.18,166.25,163.16,164.4,1017262,165.73
2025-07-15,165.3,165.47,159.91,160.05,1142468,161.35
2025-07-16,162.37,163.18,157.92,159.54,1452194,160.83
2025-07-17,159.73,162.57,159.54,160.93,1770150,162.23
2025-07-18,164.18,164.35,159.16,160.79,1548679,162.09
2025-07-21,161.51,164.53,160.95,161.94,1080302,163.25
2025-07-22,163.24,165.96,161.36,165.55,1229020,166.89
2025-07-23,166.41,167.64,164.51,164.66,1577615,165.99
2025-07-24,165.18,166.72,163.17,166.44,1315691,167.79
2025-07-25,171.98,173.39,162.46,165.75,1747307,167.09
2025-07-28,165.14,166.21,162.84,163,1634019,164.32
2025-07-29,163,164.12,160.25,160.82,2771715,162.12
2025-07-30,151.27,151.27,143.34,145.28,5557072,146.46
2025-07-31,147.59,150.31,146.32,148.05,4285312,149.25
2025-08-01,146.95,146.97,140.59,140.71,2654029,141.85
2025-08-04,140.9,143.98,140.74,143.2,1694074,144.36
2025-08-05,143.22,146.78,142.92,145.97,1790680,147.15
2025-08-06,146.09,149.7,145.62,148.73,2849389,149.93
2025-08-07,149.33,151.27,143.55,144.16,1806171,145.33
2025-08-08,144.28,145.51,142.63,143.3,1440300,144.46
2025-08-11,143.37,144.91,139.78,141.87,2070971,143.02
2025-08-12,142.34,148.48,141.89,148.03,1568162,149.23
2025-08-13,147.9,152.32,147.41,152.23,1983135,153.46
2025-08-14,150.77,151.49,148.11,149.9,1662213,151.11
2025-08-15,150.9,152.08,149.81,149.93,1499675,151.14
2025-08-18,150.1,151.17,148.76,149.25,1136028,150.46
2025-08-19,150.68,156.36,150.11,153.56,2958964,154.8
2025-08-20,152.64,153.17,148.92,149.03,1512194,150.24
2025-08-21,148.12,148.78,145.99,148.55,2049958,149.75
2025-08-22,149,158.77,148.79,157.85,1962335,159.125
2025-08-25,157.25,157.59,153.45,154.22,1721302,155.47
2025-08-26,153.2,155.33,152.58,153.24,2155643,154.48
2025-08-27,152.57,154.73,151.32,152.58,1974994,153.82
2025-08-28,153.12,153.15,146.26,148.5,1977569,149.7
2025-08-29,148.42,149.92,147.01,149.76,1678501,150.97
2025-09-02,147.46,150.04,146.84,148.7,1794136,149.9
2025-09-03,148.13,149.61,146.85,147.2,1485911,148.11
2025-09-04,145.03,148.05,139.84,147.89,3284603,148.81
2025-09-05,148.35,153.2,147.87,149.78,1888510,150.71
2025-09-08,149.97,150.36,146.71,150.18,1603219,151.11
2025-09-09,149.72,149.72,146.83,147.3,1311034,148.22
2025-09-10,146.11,147.76,143.99,145.41,1199171,146.31
2025-09-11,144.83,149.91,144.69,148.48,1682125,149.4
2025-09-12,148.22,148.47,143.57,144,1863976,144.89
2025-09-15,144.43,146.1,142.92,144.35,1582357,145.25
2025-09-16,144.9,146.48,143.74,146.11,1707689,147.02
2025-09-17,145.76,148.95,140.67,140.91,1977483,141.79
2025-09-18,141.39,143.59,140.25,141.51,2222862,142.39
2025-09-19,141.97,142.08,139.22,139.97,4264091,140.84
2025-09-22,139.96,139.96,137.8,138.07,2093141,138.93
2025-09-23,138.22,140.74,137.8,138.48,1541324,139.34
2025-09-24,138.21,141.33,138.21,140.19,1667225,141.06
2025-09-25,140.29,141.33,138.79,139.56,1923309,140.43
2025-09-26,139.75,142.51,132.86,137.73,3893888,138.59
2025-09-29,138.78,140.63,135.76,140.17,2682080,141.04
2025-09-30,139.14,140.33,137.22,139.91,2368156,140.78
2025-10-01,138.49,139.77,135.97,138.38,2305619,139.24
2025-10-02,138.13,140.73,137.14,139.73,1502613,140.6
2025-10-03,140.22,144.31,140.22,140.46,1806606,141.33
2025-10-06,140.65,144.18,139.18,141.94,1477546,142.82
2025-10-07,141.76,143.72,139.42,140.49,1478134,141.36
2025-10-08,139.77,146.03,138.68,143.89,2244180,144.78
2025-10-09,143.61,143.99,139.23,140.41,2049442,141.28
2025-10-10,140.97,141.81,133.37,133.48,2136267,134.31
2025-10-13,134.72,137.04,134.41,135.34,1282433,136.18
2025-10-14,133.88,136.63,133.2,134.59,2628589,135.43
2025-10-15,134.62,137.02,133.95,134.21,1884587,135.04
2025-10-16,139.03,139.62,134.66,137.25,2326768,138.1
2025-10-17,137.87,138.09,135.16,137.19,1870246,138.04
2025-10-20,137.72,141.43,136.83,139.84,2009063,140.71
2025-10-21,139.27,144.1,138.88,143.47,1862729,144.36
2025-10-22,142.21,144.01,139.85,140.15,1603177,141.02
2025-10-23,139.68,140.38,133.59,135.02,2090731,135.86
2025-10-24,137,137.29,135.02,135.28,1145638,136.12
2025-10-27,135.42,136.89,133.51,135.89,2082611,136.73
2025-10-28,137.15,137.39,134.93,135.25,2065723,136.09
2025-10-29,141.15,146.08,133.2,135.29,4290789,136.13
2025-10-30,135.47,139.33,134.01,136.4,2762772,137.25
2025-10-31,135.56,140.4,133.75,139.55,2377315,140.42
2025-11-03,139.35,139.63,134.29,136.66,2462655,137.51
2025-11-04,135.91,141.08,134.37,140.49,2588178,141.36
2025-11-05,139.6,142.48,137.4,139.91,2351423,140.78
2025-11-06,139.03,139.55,136.61,136.84,3031616,137.69
2025-11-07,136.34,139.32,135.07,139.04,2065646,139.9
2025-11-10,139.05,139.38,134.75,136.91,1639363,137.76
2025-11-11,137.01,139.15,135.42,138.65,1560318,139.51
2025-11-12,138.58,140.65,137.83,137.99,1487811,138.85
2025-11-13,137.16,138.77,133.84,134.61,1870067,135.45
2025-11-14,134.48,134.84,130.65,131.47,1936186,132.29
2025-11-17,131.33,131.95,128.57,129.09,1990979,129.89
2025-11-18,128.4,131.67,127.72,129.85,2030703,130.66
2025-11-19,129.99,130.14,125.79,126.72,1963633,127.51
2025-11-20,127.45,129.71,125.23,125.51,2257713,126.29
2025-11-21,126.54,135.82,126.06,133.45,3335907,134.28
2025-11-24,133.12,133.22,130.94,131.51,2663200,132.33
2025-11-25,131.51,134.24,131.5,133.5,2066295,134.33
2025-11-26,132.63,135.29,132.62,134.08,1460164,134.91
2025-11-28,134.91,135.53,133.57,134.45,587556,135.29
2025-12-01,135.55,142.39,135.16,138.81,2628356,139.67
2025-12-02,138.64,141.57,137.11,140.59,2293968,141.46
2025-12-03,141.7,150.41,140.9,150.31,4491272,150.945
2025-12-04,151.05,153.38,150.26,152.86,4582750,153.51
2025-12-05,152.39,156.07,152.39,154.5,2833579,155.15
2025-12-08,156.37,156.37,150.56,151.04,3444679,151.68
2025-12-09,151.15,151.23,147.24,148.26,1674535,148.89
2025-12-10,148.69,158.12,147.86,156.66,2991509,157.32
2025-12-11,156.47,162.5,156.47,158.25,3657504,158.92
2025-12-12,158.45,160.56,157.36,158.82,2263989,159.49
2025-12-15,159.47,160.22,154.23,156.8,2593374,157.46
2025-12-16,158.11,158.63,154.21,156.28,2208496,156.94
2025-12-17,155.47,158.37,154.17,155.08,2272485,155.73
2025-12-18,156.25,159.43,155.65,157.88,2631423,158.55
2025-12-19,157.48,157.48,153.24,156.73,5048983,157.39
2025-12-22,157.73,159.79,156.34,158.63,1564305,159.3
2025-12-23,157.95,158.77,157.5,157.95,1175422,158.62
2025-12-24,158.02,159.21,157.65,158.69,795143,159.36
2025-12-26,157.99,158.95,157.37,158.82,702486,159.49
2025-12-29,159.01,160.82,157.88,158.89,1523536,159.56
2025-12-30,158.37,160.1,157.68,158.64,1427669,159.31
2025-12-31,157.99,158.43,156,156.14,1232805,156.8
2026-01-02,157.09,159.48,155.34,158.52,1891209,159.19
2026-01-05,158.35,165.25,157.49,163.04,1824626,163.73
2026-01-06,163.31,169.29,162.93,168.17,2038483,168.88
2026-01-07,168.37,169.68,164.54,165.02,1857055,165.72
2026-01-08,163.34,172.07,163.06,170.35,2283419,171.07
2026-01-09,170.88,172.94,168.88,172.4,1787703,173.13
2026-01-12,170.52,173.2,169.41,172.84,1897020,173.57
2026-01-13,172.39,172.9,170.01,170.93,1394084,171.65
2026-01-14,170.02,174.18,168.66,172.79,1708236,173.52
2026-01-15,173.42,177.81,173.19,177.46,2101557,178.21
2026-01-16,176.09,177.84,173.33,174.91,2495001,175.65
2026-01-20,171.14,172.82,167.29,169.29,3022094,170
2026-01-21,171.29,179.51,170.65,177.65,2266571,178.4
2026-01-22,178.44,180.49,176.34,177.5,1650753,178.25
2026-01-23,176.7,177.69,172.75,173.57,1656145,174.3
2026-01-26,173.2,173.75,170.37,173.26,1416210,173.99
2026-01-27,172.8,175.05,172.34,173.71,1207251,174.44
2026-01-28,174.32,175.01,171.83,171.99,1953473,172.72
2026-01-29,172.63,174.49,169.89,171.86,1492535,172.59
2026-01-30,169.98,172.57,169.28,172.47,2216681,173.2
2026-02-02,172.6,185.55,172.6,185.35,3685117,186.13
2026-02-03,184.22,189.45,183.6,188.97,3144913,189.77
2026-02-04,190.64,207.86,189.13,207.66,6487943,208.54
2026-02-05,199.18,205.56,197.17,201.29,4258825,202.14
2026-02-06,197.48,203.98,197.48,201.62,2906477,202.47
2026-02-09,200.58,201.96,194.06,195.29,2303169,196.11
2026-02-10,194.5,196.08,192.13,193.67,2613490,194.49
2026-02-11,193.88,199.16,193.38,193.64,2393254,194.46
2026-02-12,197.95,198.91,183.1,184.73,6282425,185.51
2026-02-13,187.2,194.6,186.45,192.4,2096805,193.21
2026-02-17,192.17,196.05,189.93,192.51,2237234,193.32
2026-02-18,191.28,194.35,191.28,192.99,1792637,193.81
2026-02-19,191.83,195.13,191.08,194.35,1840620,195.17
2026-02-20,193.36,202.02,192.99,200.54,2002680,201.39
2026-02-23,200.53,200.59,192.46,193.06,1280639,193.88
2026-02-24,193.45,197.59,191.2,195.87,1014196,196.7
2026-02-25,196.53,196.72,187.89,190.89,1582049,191.7
2026-02-26,192.65,198.72,192.42,197.54,2221063,198.37
2026-02-27,195.51,203,194.39,202.2,3549461,203.05
2026-03-02,201.82,208.27,198.58,206.88,2844382,207.75
2026-03-03,203.45,208.19,200.89,207.07,1638710,207.94
2026-03-04,213.07,221,211.98,215.58,3092878,216.19
2026-03-05,212.79,213.85,207.42,210.09,2195020,210.68
2026-03-06,203,203.71,190.6,193.42,3395703,193.97
2026-03-09,190.23,197.13,184.17,196.66,2558987,197.22
2026-03-10,195.14,198.36,192.34,194.47,1521973,195.02
2026-03-11,193.83,195.25,184.54,188.25,1587026,188.78
2026-03-12,184.48,185.42,175.55,175.74,2473798,176.24
2026-03-13,178.83,180.48,175.58,180.24,3081513,180.75
2026-03-16,182.82,183.55,179.42,181.93,1696662,182.44
2026-03-17,185.46,187.82,181.2,183.91,1870553,184.43
2026-03-18,182.31,183.53,179.13,182.06,1768583,182.57
2026-03-19,180.63,183.27,177.41,181.85,2103469,182.36
2026-03-20,181.89,183.84,179.48,183.4,3750599,183.92
2026-03-23,189.28,192.68,187.07,187.17,2156559,187.7
2026-03-24,184.19,190.82,182.38,184.51,3189015,185.03
2026-03-25,185.58,189.98,183.7,188.52,1786326,189.05
2026-03-26,188.17,191.02,186.31,187.4,1743801,187.93
2026-03-27,185.42,188.4,183.94,187.81,1798531,188.34
2026-03-30,188.93,194.3,188.81,189.22,2648910,189.75
2026-03-31,189.22,195.3,188.75,194.85,2654086,195.4
2026-04-01,194.12,201.06,194.12,199.07,2053887,199.63
2026-04-02,197.42,202.91,194.78,197.44,2061011,198
2026-04-06,197.44,201.87,195.92,201.61,2763436,202.18
2026-04-07,202.54,203.47,196.09,198.37,2941472,198.93
2026-04-08,204.65,209.59,202.73,206.95,2382067,207.53
2026-04-09,205.79,210.99,205.69,208.91,1300454,209.5
2026-04-10,208.91,211.62,206.97,207.76,1073584,208.35
2026-04-13,207.42,207.53,202.93,207.05,1348386,207.63
2026-04-14,206.92,210.2,205.03,209.82,1195943,210.41
2026-04-15,209.5,209.68,203.32,204.61,1245905,205.19
2026-04-16,206.31,216.49,205.97,212.97,2130666,213.57
2026-04-17,215.67,219.56,212.82,217.15,1561736,217.76
2026-04-20,215.6,223.29,215.08,222.75,1590256,223.38
2026-04-21,223.3,226.36,221.47,223.79,1616111,224.42
2026-04-22,225.91,226.44,218.72,219.36,1223947,219.98
2026-04-23,223.19,226.22,221.61,222.15,1591040,222.78
2026-04-24,222.26,222.67,218.02,219.36,1530683,219.98
2026-04-27,219.58,223.54,218.69,219.91,2639919,220.53
2026-04-28,223.4,223.41,216.28,221.15,2493845,221.77
2026-04-29,224.14,233.13,206.39,208.76,5035005,209.35
2026-04-30,209.16,214.03,207.11,211.83,3043338,212.43
2026-05-01,212.87,214.61,204.79,205.23,2187223,205.81
2026-05-04,199.46,199.9,189.46,191.64,3459549,192.18
2026-05-05,193.15,197.39,192.86,195.53,1979103,196.08
2026-05-06,196.02,202.76,196.02,200.06,1870927,200.62
2026-05-07,199.67,202.52,197.16,197.5,1644614,198.06
2026-05-08,197.2,201.84,195.77,197.77,1411463,198.33
2026-05-11,197.15,197.5,193.25,194.57,1208060,195.12
2026-05-12,195.39,195.45,186.36,190.58,1900298,191.12
2026-05-13,190.6,192.88,187.38,188.65,1156708,189.18
2026-05-14,189.1,202.41,189.09,198.25,2482082,198.81
2026-05-15,197.18,203.83,194.89,202.55,2014232,203.12
2026-05-18,202.66,205.56,200.73,203.56,1171952,204.13
2026-05-19,203.07,207.43,198.4,203.88,1982580,204.46
2026-05-20,205.51,209.88,204.2,209.24,1657470,209.83
2026-05-21,206.77,209.83,203.12,207.11,1154480,207.69
2026-05-22,208.41,210.37,205.54,209.88,1270175,210.47
2026-05-26,212.66,217.96,211.59,216,2213527,216.61
2026-05-27,218.66,221.26,217.45,218.83,1679393,219.45
2026-05-28,216.6,223.17,215.29,220.24,1527339,220.86
2026-05-29,218.63,225.48,216.09,224.52,3703071,225.15
2026-06-01,218.7,229.95,217.52,227.89,2004776,228.53
2026-06-02,226.07,229.05,223.45,228.44,1851338,229.08
2026-06-03,234.64,236.47,230.51,235.69,2346917,236.06
2026-06-04,239.26,245.4,238.52,245.14,2325927,245.52
2026-06-05,245.14,248.75,240.64,242.19,2123950,242.57
2026-06-08,244.58,250.3,241.62,246.63,1924851,247.01
2026-06-09,247.2,251.64,241.24,248.34,1540184,248.73
2026-06-10,230.48,239.2,223.28,235.58,3210913,235.95
2026-06-11,237.13,247.83,236.79,247.38,1955107,247.76
2026-06-12,247.43,248.55,241.49,245.37,1075540,245.75
2026-06-15,243,244.01,234.66,237.05,1980854,237.42
2026-06-16,237.24,238.22,230.09,231.26,1971010,231.62
2026-06-17,230.57,232.8,217.36,218.02,2964774,218.36
2026-06-18,220.93,223.82,218.94,220.7,3918074,221.04
2026-06-22,222.14,223.46,217.45,219.18,1911052,219.52
2026-06-23,222.03,222.03,216.68,217.24,1761028,217.58
2026-06-24,219.34,222.32,215.76,218.7,1721198,219.04
2026-06-25,221.23,227.71,217.75,219.78,1282118,220.12
2026-06-26,217.35,221.56,217.35,218.45,3021286,218.79
2026-06-29,216.51,220.1,216.51,219.35,1179673,219.69
2026-06-30,219.7,221.36,212.12,216.26,1972971,216.6
2026-07-01,220.34,220.66,212.89,217.62,1616448,217.96
2026-07-02,218.64,221.48,215.76,217.31,1211102,217.65
2026-07-06,216.98,220.13,215.29,216.1,1241061,216.44
2026-07-07,219.59,219.59,214.15,215.18,1161845,215.51
2026-07-08,216.03,218.82,214.83,217.91,1617274,218.25
2026-07-09,219.51,227.55,219.51,225.5,1636357,225.85
2026-07-10,226.02,228.62,222.55,227.27,2215958,227.625
2026-07-13,229.17,235.07,227.22,232.54,2072628,232.9
2026-07-14,231.97,232.96,225.35,228.26,1321547,228.61
2026-07-15,229.86,230.84,223.39,224.88,1005341,225.23
2026-07-16,228.94,236.86,227.65,236.78,1381210,237.15
2026-07-17,235.05,238.14,232.83,233.48,1301051,233.84
2026-07-20,234,234,228.74,231.4,1063573,231.76
2026-07-21,234.44,234.79,229.22,234.43,1854893,234.79
2026-07-22,234.27,235.39,232.05,232.44,1435098,232.8
2026-07-23,234.64,235.88,226.87,230.35,898661,230.71
2026-07-24,230.04,236.78,227.65,232.63,1487804,232.99
2026-07-27,231.78,233.56,224.14,226.42,1590978,226.77
2026-07-28,226.75,230.44,225.46,225.93,2068172,226.28
2026-07-29,221.3,225.38,214.46,222.44,2961709,222.79
2026-07-30,223.22,223.31,204.84,212.14,3588162,212.47
2026-07-31,214.04,214.04,209.68,211.81,1746330,212.14
2026-08-03,212.81,215.51,209.24,211.19,1868280,211.52
2026-08-04,212.6,219.64,211.35,218.98,1833237,219.32
2026-08-05,214.74,219.65,212.93,215.12,2036218,215.45
2026-08-06,213.48,214.41,209.69,211.08,1598342,211.41
2026-08-07,211.04,217.62,209.42,216.02,1253465,216.36
2026-08-10,214.93,219.4,211.48,212.22,1539932,212.55
2026-08-11,211,214.07,207.33,209.12,2022143,209.44
2026-08-12,209.41,213.64,208.91,212.22,2020539,212.55
2026-08-13,214.11,217.58,214.08,215.4,1154252,215.73
2026-08-14,214.54,215.42,209.82,210.64,1469390,210.97
2026-08-17,207.56,213.29,207.56,211.63,1359399,211.96
2026-08-18,211.7,211.7,207.3,207.68,1130178,208
2026-08-19,210.4,212.77,204.23,204.76,1366425,205.08
2026-08-20,203.16,206.45,201.92,204.1,852836,204.42
2026-08-21,207.22,208.16,204.61,206.15,1198539,206.47
2026-08-24,208.04,209.41,199.04,201.17,1528033,201.48
2026-08-25,202.86,202.86,197.55,198.03,1230494,198.34
2026-08-26,197.4,199.95,196.11,199.12,1219019,199.43
2026-08-27,196.86,200.41,196.86,199.75,1170471,200.06
2026-08-28,201.6,203.12,197.94,198.32,1173936,198.63
2026-08-31,197.75,200.67,195.98,199.65,1655976,199.96
2026-09-01,199.43,201.44,186.14,186.72,2492468,187.01
2026-09-02,186.61,189.295,183.5,187.61,2188250,187.61
2026-09-03,189.75,190.7,179.34,185.75,3658463,185.75
2026-09-04,186.25,187.705,183.32,185.87,2389187,185.87
2026-09-08,185.975,188.91,185.46,187.01,1614277,187.01
2026-09-09,185.62,188.27,180.845,181.96,1707239,181.96
2026-09-10,181.09,182.95,180.28,180.55,1509567,180.55
2026-09-11,182.26,183.35,177.54,179.79,1288354,179.79
2026-09-14,179.58,183.14,178.725,181.91,1388931,181.91
2026-09-15,182.13,183.085,179.25,180.96,1333451,180.96
2026-09-16,173.02,180,173.02,174.36,2756770,174.36
2026-09-17,177.19,178.79,174.33,175.09,1593312,175.09
2026-09-18,174.73,175.71,171.63,173,3578739,173
2026-09-21,173,175.525,169.65,175.36,1775101,175.36
2026-09-22,176.76,178.335,174.8,177.31,1807806,177.31
2026-09-23,177.43,180.18,175.58,177.72,1572714,177.72
