date,open,high,low,close,volume,raw_close
2016-01-04,36.12,36.73,34.35,35.01,819841,35.97
2016-01-05,35.04,35.06,33.36,33.94,963730,34.87
2016-01-06,34.05,34.48,33.31,34.05,1063406,34.99
2016-01-07,34.15,34.98,33.4,34.59,1111648,35.54
2016-01-08,34.73,34.77,32.1,32.37,1279547,33.26
2016-01-11,32.79,33.03,31.03,32.08,998198,32.96
2016-01-12,32.56,33.26,31.63,32.34,569335,33.23
2016-01-13,32.69,32.89,29.94,30.07,946895,30.9
2016-01-14,30.14,31.67,29.36,30.96,882067,31.81
2016-01-15,30.18,31.22,29.79,31.16,809223,32.02
2016-01-19,31.17,32.09,29.91,30.21,671204,31.04
2016-01-20,29.61,30.46,27.57,29.99,969546,30.82
2016-01-21,29.76,31.55,29.6,30.58,813020,31.42
2016-01-22,31.12,32.17,30.85,31.44,802601,32.3
2016-01-25,31.33,32.08,30.26,30.4,757446,31.24
2016-01-26,30.35,30.72,29.31,29.68,565312,30.5
2016-01-27,29.8,29.91,27.83,28.01,1022572,28.78
2016-01-28,28.11,28.83,27.64,28.44,845449,29.22
2016-01-29,28.67,29.83,28.56,29.34,680656,30.15
2016-02-01,29.11,30.66,28.89,30.5,786276,31.34
2016-02-02,30.08,30.79,29.93,30.07,959407,30.9
2016-02-03,30.44,30.52,29.18,29.46,618628,30.27
2016-02-04,29.3,30.31,28.54,30.14,718949,30.97
2016-02-05,29.77,30.12,25.48,25.8,1653485,26.51
2016-02-08,25.1,25.11,21.86,23.59,2724015,24.24
2016-02-09,23.03,24.12,21.82,21.9,2245822,22.5
2016-02-10,26.6,26.6,21.91,22.95,3279451,23.58
2016-02-11,22.44,23.8,22.23,23.71,1382404,24.36
2016-02-12,24.12,24.39,23.19,23.68,958163,24.33
2016-02-16,23.9,25.52,23.67,25.34,1027774,26.04
2016-02-17,25.48,26.88,25.41,26.53,1046910,27.26
2016-02-18,27.02,27.39,26.48,27.07,1227270,27.81
2016-02-19,26.98,27.75,26.72,27.2,1069201,27.95
2016-02-22,27.4,28.66,27.4,28.49,896179,29.27
2016-02-23,28.38,28.98,28.13,28.53,858304,29.31
2016-02-24,28.3,29.58,27.83,29.4,867036,30.21
2016-02-25,29.41,30.61,29.17,29.45,782263,30.26
2016-02-26,29.78,31.43,29.48,30.99,777886,31.84
2016-02-29,30.87,31.72,30.69,31.03,592926,31.88
2016-03-01,31.47,32.26,31.18,32.25,822661,33.14
2016-03-02,32.12,32.42,31.53,32.37,493522,33.26
2016-03-03,32.23,32.53,31.54,31.76,741884,32.63
2016-03-04,31.83,32.3,31.08,31.83,480835,32.71
2016-03-07,31.7,32.67,31.23,32.17,659500,33.06
2016-03-08,31.96,32.2,30.87,31.03,994050,31.88
2016-03-09,31.15,31.56,30.85,31.44,575319,32.31
2016-03-10,31.55,31.78,30.27,30.73,401962,31.58
2016-03-11,30.99,31.61,30.76,31.19,367914,32.05
2016-03-14,31.11,31.99,31.06,31.86,256889,32.74
2016-03-15,31.58,31.71,30.5,30.78,356915,31.63
2016-03-16,30.5,31.79,30.33,31.51,243701,32.38
2016-03-17,31.5,32.8,31.45,32.57,442006,33.47
2016-03-18,32.79,33.62,32.46,32.99,897927,33.9
2016-03-21,32.98,33.49,32.6,33.14,448304,34.05
2016-03-22,32.83,33.28,32.73,33.03,201308,33.94
2016-03-23,32.99,33.07,32.54,32.69,625102,33.59
2016-03-24,32.42,32.86,31.97,32.8,551877,33.7
2016-03-28,32.84,33.58,32.17,33.17,417466,34.08
2016-03-29,33.08,34.24,32.76,34.08,297587,35.02
2016-03-30,34.05,34.84,34.05,34.3,407671,35.24
2016-03-31,34.24,34.93,34.01,34.65,400982,35.6
2016-04-01,34.35,34.83,33.99,34.48,419254,35.43
2016-04-04,34.43,35.34,34.09,34.84,313373,35.8
2016-04-05,34.5,34.61,33.45,33.51,517906,34.43
2016-04-06,33.59,34.7,33.43,34.57,531697,35.52
2016-04-07,34.19,34.54,33.05,33.24,509441,34.15
2016-04-08,33.56,33.67,32.82,33.38,276619,34.3
2016-04-11,33.52,33.92,32.24,32.25,340019,33.14
2016-04-12,32.24,32.81,31.55,32.66,508272,33.56
2016-04-13,32.82,33.99,32.79,33.89,305971,34.82
2016-04-14,33.96,34.28,33.37,34.11,281848,35.05
2016-04-15,34.08,34.08,33,33.77,400725,34.7
2016-04-18,33.53,34.8,33.47,34.58,437075,35.53
2016-04-19,34.93,37.16,34.89,35.68,751644,36.66
2016-04-20,35.68,36.29,35.27,35.87,366065,36.86
2016-04-21,35.9,36.82,35.59,36.47,671603,37.47
2016-04-22,36.36,36.91,36.02,36.41,313922,37.41
2016-04-25,36.41,36.59,35.28,35.61,482484,36.59
2016-04-26,35.74,36.33,35.32,36.12,683202,37.11
2016-04-27,36.15,37.33,35.77,36.93,450566,37.95
2016-04-28,36.84,37.53,36.69,37.24,598642,38.26
2016-04-29,37,37.56,36.65,37.19,568984,38.21
2016-05-02,37.19,37.95,36.78,37.91,720251,38.95
2016-05-03,37.47,37.95,36.85,37.26,923424,38.28
2016-05-04,39.18,39.99,37.65,38.98,2107525,40.05
2016-05-05,38.97,39.3,37.38,37.65,638304,38.69
2016-05-06,36.72,37.01,35.41,36.46,1338124,37.46
2016-05-09,36.54,37.89,36.16,37.51,627644,38.54
2016-05-10,37.61,38.81,37.3,38.59,702178,39.65
2016-05-11,38.44,39.42,37.96,38.51,836693,39.57
2016-05-12,38.78,39.26,37.22,37.8,444217,38.84
2016-05-13,37.78,38.7,37.7,38.23,317859,39.28
2016-05-16,38.61,39.15,38.18,38.89,455534,39.96
2016-05-17,38.89,39.57,38.26,38.35,749705,39.4
2016-05-18,38.27,39.75,38.13,39.65,686312,40.74
2016-05-19,39.64,40.15,38.76,39.04,759000,40.11
2016-05-20,39.24,40,38.95,39.79,695060,40.88
2016-05-23,39.68,40.15,39.41,39.7,329114,40.79
2016-05-24,40.13,40.89,39.77,40.53,530629,41.65
2016-05-25,40.18,40.78,37.29,38.74,2591666,39.81
2016-05-26,39.57,41.46,39.47,40.15,1270236,41.25
2016-05-27,39.79,40.15,38.82,39.75,1005844,40.84
2016-05-31,39.8,39.88,39.13,39.36,760644,40.44
2016-06-01,39.48,40.11,39.03,39.97,1551423,41.07
2016-06-02,40.09,40.09,39.44,40,760000,41.1
2016-06-03,39.89,40.07,38.9,39.85,738087,40.95
2016-06-06,39.93,40.1,39.46,39.71,551943,40.8
2016-06-07,39.71,40.28,39.69,40.21,538835,41.32
2016-06-08,40.26,40.61,39.97,40.5,492233,41.61
2016-06-09,40.39,40.53,40.15,40.3,363929,41.41
2016-06-10,39.79,40.37,39.69,39.97,511327,41.07
2016-06-13,39.9,40.88,39.87,40.08,770778,41.18
2016-06-14,39.74,40.52,39.72,40.29,515271,41.4
2016-06-15,40.5,41.07,40.14,40.98,628656,42.11
2016-06-16,40.99,41.2,40.48,40.86,543717,41.98
2016-06-17,41.14,41.14,39.91,40.74,666468,41.86
2016-06-20,41.12,41.75,40.93,41.29,552439,42.43
2016-06-21,41.44,41.8,41.02,41.46,505140,42.6
2016-06-22,41.26,41.59,40.54,40.63,421378,41.75
2016-06-23,41.09,42.02,40.62,42,580611,43.16
2016-06-24,39.86,40.51,39.37,39.78,3335137,40.87
2016-06-27,39.33,39.41,37.9,38.27,921276,39.32
2016-06-28,38.82,39.41,38.55,39.31,559867,40.39
2016-06-29,39.75,40.64,39.49,40.53,492522,41.65
2016-06-30,40.91,42.09,40.55,42.05,1018710,43.21
2016-07-01,41.94,42.78,41.94,42.41,470549,43.58
2016-07-05,42.03,42.57,41.59,42.24,791154,43.4
2016-07-06,42.02,43.12,41.95,42.86,715044,44.04
2016-07-07,43.06,43.82,42.88,43.65,583505,44.85
2016-07-08,43.89,44.7,43.7,44.26,811268,45.48
2016-07-11,44.67,45.24,44.57,44.82,650335,46.05
2016-07-12,45.46,45.9,44.8,45.25,550466,46.49
2016-07-13,45.31,45.58,44.42,44.43,769271,45.65
2016-07-14,45.07,45.73,44.83,45.01,475183,46.25
2016-07-15,45.25,45.38,44.78,44.96,298607,46.2
2016-07-18,45.1,45.7,44.83,45.46,349945,46.71
2016-07-19,45.4,45.66,44.61,45.05,299582,46.29
2016-07-20,45.48,46.46,45.45,46.12,430662,47.39
2016-07-21,46.03,46.03,43.94,44.12,636335,45.33
2016-07-22,44.15,45.59,44.15,45.56,449216,46.81
2016-07-25,45.29,45.81,45.17,45.79,566369,47.05
2016-07-26,45.59,46.04,45.19,46.03,463816,47.3
2016-07-27,46.23,46.43,45.66,46.01,410418,47.28
2016-07-28,45.96,46.49,45.33,46.4,427948,47.68
2016-07-29,46.45,46.46,45.25,45.95,1089916,47.21
2016-08-01,46.71,47.21,45.9,46.54,917573,47.82
2016-08-02,46.75,46.75,45.6,46.07,1845442,47.34
2016-08-03,47.59,49.7,46.19,49.62,4238446,50.99
2016-08-04,49.76,50.01,48.51,49.92,1154148,51.29
2016-08-05,49.34,50.67,49.1,50.12,1231581,51.5
2016-08-08,50.37,50.46,49.22,49.38,742846,50.74
2016-08-09,49.44,49.84,48.28,49.06,833103,50.41
2016-08-10,49.2,49.33,48.37,48.77,706414,50.11
2016-08-11,48.86,49.35,48.69,49.03,350487,50.38
2016-08-12,49.03,49.48,48.42,49.42,419196,50.78
2016-08-15,49.67,50.33,49.59,49.85,602816,51.22
2016-08-16,49.76,50.06,49.15,49.35,426151,50.71
2016-08-17,49.02,49.02,47.26,48.07,1383800,49.39
2016-08-18,48.03,48.12,47.55,48.11,406325,49.43
2016-08-19,47.82,48.16,47.46,47.67,542122,48.98
2016-08-22,47.63,48,47.23,47.83,403173,49.15
2016-08-23,48.08,48.95,47.96,48.63,579879,49.97
2016-08-24,48.57,50.12,48.5,49.12,687578,50.47
2016-08-25,49.16,50.03,48.85,49.74,411380,51.11
2016-08-26,49.65,50.15,49.53,49.91,379781,51.28
2016-08-29,49.87,50.11,49.61,49.81,372668,51.18
2016-08-30,49.63,50.1,49.57,50.08,539780,51.46
2016-08-31,50.04,50.17,49.67,49.97,332495,51.34
2016-09-01,49.74,50.14,49.6,49.98,453549,51.35
2016-09-02,50.01,50.85,49.73,50.71,855536,52.1
2016-09-06,50.8,51.51,50.27,50.61,509953,52
2016-09-07,50.48,51.03,50.36,51.02,555162,52.42
2016-09-08,50.94,51.03,50.53,50.64,352247,52.03
2016-09-09,50.23,50.53,47.99,48.17,943407,49.5
2016-09-12,47.7,48.85,46.82,48.73,1068966,50.07
2016-09-13,48.55,49.2,45.92,46.84,747901,48.13
2016-09-14,47.08,47.4,46.5,46.78,378169,48.07
2016-09-15,46.79,47.87,46.5,47.53,673190,48.84
2016-09-16,47.5,47.61,47.08,47.26,878850,48.56
2016-09-19,47.44,47.5,45.8,45.9,790488,47.16
2016-09-20,45.98,46.27,45.24,45.27,732095,46.52
2016-09-21,45.46,46.72,45.25,46.64,581396,47.92
2016-09-22,46.99,48.99,46.77,48.89,770848,50.24
2016-09-23,48.96,49.55,48.57,48.65,519941,49.99
2016-09-26,48.48,49.32,48.42,49.08,393140,50.43
2016-09-27,48.93,50.08,48.93,49.71,549781,51.08
2016-09-28,49.63,49.74,48.67,49.12,482372,50.47
2016-09-29,49.12,49.12,48.29,48.65,331201,49.99
2016-09-30,48.38,49.1,48.32,48.79,587323,50.13
2016-10-03,48.53,48.84,48.13,48.57,342712,49.91
2016-10-04,48.86,48.86,47.7,48.02,287660,49.34
2016-10-05,48.11,48.38,47.43,47.52,335639,48.83
2016-10-06,47.8,48.7,47.12,48.57,392730,49.91
2016-10-07,48.25,48.63,47.48,48.31,567881,49.64
2016-10-10,48.38,49.25,48.3,49.16,410158,50.51
2016-10-11,49.02,49.06,47.62,48.01,528320,49.33
2016-10-12,48,48.56,47.86,48.32,466919,49.65
2016-10-13,47.71,48.85,47.16,48.59,585236,49.93
2016-10-14,48.66,49.23,48.28,48.37,333456,49.7
2016-10-17,48.31,48.81,48.08,48.49,448065,49.82
2016-10-18,49.08,49.15,48.29,48.67,1038397,50.01
2016-10-19,48.76,49.11,47.78,47.82,586763,49.14
2016-10-20,47.69,47.8,46.82,47.44,515488,48.75
2016-10-21,47.2,48.7,47.16,48.63,817570,49.97
2016-10-24,49.02,51.17,48.72,51.04,1457140,52.44
2016-10-25,51.05,51.39,49.75,50.57,959938,51.96
2016-10-26,50.38,51.02,50.09,50.34,422244,51.73
2016-10-27,50.35,50.76,48.84,49.29,954642,50.65
2016-10-28,48.89,50.63,48.23,50.26,708617,51.64
2016-10-31,50.26,50.46,49.83,50.34,679008,51.73
2016-11-01,50.56,51.11,50.16,50.61,1338706,52
2016-11-02,41.34,44.22,39.73,42.53,8288239,43.7
2016-11-03,42.53,42.91,41.72,41.98,1792176,43.13
2016-11-04,41.79,42.78,41.24,41.83,1731005,42.98
2016-11-07,42.87,43.46,42.63,43.42,1082750,44.61
2016-11-08,43.41,44.75,43.02,44.46,1031178,45.68
2016-11-09,42.84,43.63,40.42,41.18,4457098,42.31
2016-11-10,41.42,41.94,38.1,38.31,2904391,39.36
2016-11-11,38.19,40.65,38.14,40.41,1937637,41.52
2016-11-14,40.79,41.85,39.58,40.65,1698968,41.77
2016-11-15,40.65,40.95,40.14,40.47,681000,41.58
2016-11-16,40.69,42.24,40.44,42.06,843750,43.22
2016-11-17,42.09,42.8,41.68,42.23,575720,43.39
2016-11-18,42.65,43.11,42.35,42.62,521566,43.79
2016-11-21,43.06,43.31,42.16,42.54,642113,43.71
2016-11-22,42.67,42.67,41.8,41.98,895690,43.14
2016-11-23,41.73,42.14,40.94,42.12,766263,43.28
2016-11-25,42.29,42.34,41.72,42.16,149764,43.32
2016-11-28,42.02,42.31,41.48,41.62,282277,42.77
2016-11-29,41.47,43.39,41.47,42.55,848595,43.72
2016-11-30,42.76,44.24,42.52,43.67,1354782,44.87
2016-12-01,43.81,44.2,40.86,41.47,1598922,42.61
2016-12-02,41.35,42.5,40.94,42.37,765047,43.54
2016-12-05,42.4,43.51,42.21,43.21,1165712,44.4
2016-12-06,43.31,44.93,42.71,44.71,855485,45.94
2016-12-07,44.75,45.78,43.85,45.46,999489,46.71
2016-12-08,45.52,46.33,45.19,45.59,893582,46.84
2016-12-09,45.73,46.3,45.5,45.66,738671,46.92
2016-12-12,45.7,46.06,44.46,44.8,577169,46.03
2016-12-13,44.96,45.47,44.02,44.28,735379,45.5
2016-12-14,44.18,44.77,43.8,44.15,544948,45.36
2016-12-15,44.15,44.38,43.12,43.49,953310,44.69
2016-12-16,44.01,45,43.8,44.69,1206380,45.92
2016-12-19,44.97,45.36,44.54,45.2,580156,46.44
2016-12-20,45.26,45.34,44.89,45.06,429487,46.3
2016-12-21,45.17,45.25,44.17,44.52,515869,45.74
2016-12-22,44.35,44.39,42.82,43.39,451011,44.58
2016-12-23,43.44,44.48,43.44,44.48,362023,45.7
2016-12-27,44.53,45.8,44.32,45.64,668260,46.9
2016-12-28,45.74,45.75,44.34,44.88,1050285,46.11
2016-12-29,45.09,45.26,44.38,44.89,671076,46.13
2016-12-30,45.2,45.2,44.08,44.27,581173,45.49
2017-01-03,44.96,45.6,44.39,45.23,719357,46.47
2017-01-04,45.44,46.32,45.24,46.07,802444,47.34
2017-01-05,46.04,46.13,45.34,45.74,483568,47
2017-01-06,45.85,46.31,45.62,46.22,276259,47.49
2017-01-09,46.42,47.65,46.38,47.1,707301,48.4
2017-01-10,46.89,47.39,46.46,46.92,788535,48.21
2017-01-11,47.05,47.65,46.79,47.48,482702,48.79
2017-01-12,47.46,47.46,46.08,46.8,464330,48.09
2017-01-13,47.01,47.97,47.01,47.42,538948,48.72
2017-01-17,47.18,47.18,46.13,46.62,534668,47.9
2017-01-18,46.96,47.47,46.52,46.78,392395,48.07
2017-01-19,47.07,47.1,46.18,46.6,391833,47.88
2017-01-20,46.61,47.89,46.55,47.87,497036,49.19
2017-01-23,47.64,48.72,47.49,48.55,827910,49.89
2017-01-24,48.74,49.45,48.52,48.97,583945,50.32
2017-01-25,49.45,49.6,48.44,48.67,398358,50.01
2017-01-26,48.85,48.93,47.16,47.32,603406,48.62
2017-01-27,47.57,47.91,46.78,47.89,698702,49.21
2017-01-30,47.3,47.3,44.77,45.8,1161165,47.06
2017-01-31,45.74,45.74,44.32,45,1402551,46.24
2017-02-01,44.91,45.04,41.38,42.75,2599023,43.93
2017-02-02,42.44,43.34,41.73,43.13,1272095,44.32
2017-02-03,44.01,46.18,43.67,44.76,2132658,45.99
2017-02-06,46.45,46.45,43.35,43.41,1087637,44.6
2017-02-07,43.73,44.36,43.39,44.18,686367,45.4
2017-02-08,44.12,44.13,43.07,44.05,1744217,45.26
2017-02-09,47.54,50.64,46.62,49.95,3879312,51.32
2017-02-10,50.05,51,49.32,50.93,1055672,52.33
2017-02-13,51.06,51.47,50.45,50.45,894658,51.84
2017-02-14,50.12,50.91,49.44,50.8,718868,52.2
2017-02-15,50.55,51.5,50.48,51.38,559491,52.79
2017-02-16,51.49,51.5,50.41,51.02,652463,52.42
2017-02-17,50.79,52.03,50.68,51.95,708328,53.38
2017-02-21,51.73,51.98,51.41,51.69,592122,53.11
2017-02-22,51.58,52.24,51.25,52.12,435877,53.55
2017-02-23,52.4,52.63,51.88,52.61,672980,54.06
2017-02-24,51.92,53.83,51.58,53.82,1181212,55.3
2017-02-27,53.81,53.93,52.68,53.25,779492,54.71
2017-02-28,52.95,53.38,52.24,52.39,809162,53.83
2017-03-01,53.04,54.61,52.95,54.22,890557,55.71
2017-03-02,54.05,54.38,53.25,53.72,502429,55.2
2017-03-03,54.09,55.05,53.99,54.99,1118580,56.5
2017-03-06,54.49,55.32,54.3,55.15,582429,56.67
2017-03-07,54.89,55.78,54.85,55.23,739270,56.75
2017-03-08,55.62,55.69,54.3,54.53,448969,56.03
2017-03-09,54.4,54.64,53.8,54.35,311557,55.85
2017-03-10,54.74,55.09,53.99,54.68,523152,56.18
2017-03-13,54.86,54.99,54.11,54.95,548500,56.46
2017-03-14,54.78,54.78,53.78,54.56,388277,56.06
2017-03-15,54.83,54.88,54.29,54.8,476434,56.31
2017-03-16,55.03,55.19,54.51,55.07,382143,56.59
2017-03-17,55.26,55.28,54.56,54.96,849566,56.47
2017-03-20,55.47,55.59,54.52,54.93,502258,56.44
2017-03-21,55.22,55.43,53.31,53.4,561100,54.87
2017-03-22,53.39,53.91,52.69,53.8,696364,55.28
2017-03-23,53.75,53.75,52.26,52.64,699293,54.09
2017-03-24,53.04,53.81,52.76,53.47,409150,54.94
2017-03-27,52.96,54.56,52.29,54.37,491018,55.87
2017-03-28,54.69,55.25,54.26,54.97,476238,56.48
2017-03-29,55.13,55.74,54.97,55.44,363616,56.97
2017-03-30,55.32,55.92,54.94,55.66,454231,57.19
2017-03-31,55.54,56.17,55.32,55.97,584766,57.51
2017-04-03,56.21,56.79,55.81,56.24,472468,57.79
2017-04-04,56.12,56.65,55.9,56.47,535234,58.02
2017-04-05,56.56,57.24,55.56,55.71,702190,57.24
2017-04-06,55.82,56.48,55.58,56.35,558016,57.9
2017-04-07,56.38,56.93,56.16,56.3,627976,57.85
2017-04-10,56.37,56.6,55.71,55.86,370022,57.4
2017-04-11,55.86,56.75,55.86,56.41,353169,57.96
2017-04-12,56.41,56.79,56.05,56.32,339607,57.87
2017-04-13,56.25,57.29,56.13,56.19,302857,57.74
2017-04-17,56.3,56.82,56.16,56.77,291473,58.33
2017-04-18,56.5,57.52,56.46,57.46,330110,59.04
2017-04-19,57.68,58.5,57.42,57.85,530746,59.44
2017-04-20,58.22,58.3,57.32,57.9,708949,59.49
2017-04-21,57.87,57.97,57.34,57.69,678105,59.28
2017-04-24,58.86,58.86,58.29,58.41,570153,60.02
2017-04-25,58.72,59.56,58.67,58.88,586452,60.5
2017-04-26,59.14,59.31,58.32,58.36,432328,59.97
2017-04-27,58.57,58.97,58.3,58.83,368320,60.45
2017-04-28,58.88,59.12,58.25,58.64,492532,60.25
2017-05-01,58.97,59.3,58.28,59.13,538459,60.76
2017-05-02,59.32,59.42,58.45,58.9,839343,60.52
2017-05-03,61.42,61.8,59.2,61.61,1939398,63.3
2017-05-04,61.86,62.94,61.8,61.88,1257338,63.58
2017-05-05,61.98,63.21,61.98,62.99,865220,64.72
2017-05-08,62.99,63.55,62.69,63.38,766396,65.12
2017-05-09,63.44,63.64,62.73,62.74,676348,64.47
2017-05-10,62.68,63.53,62.68,62.72,893512,64.45
2017-05-11,62.51,62.72,62.02,62.36,555968,64.08
2017-05-12,62.63,63.33,62.41,63.27,813662,65.01
2017-05-15,63.54,63.96,63.21,63.66,695087,65.41
2017-05-16,64,64,63.05,63.81,701643,65.57
2017-05-17,63.07,63.16,61.19,61.51,879144,63.2
2017-05-18,61.09,62.87,60.54,62.5,746171,64.22
2017-05-19,62.98,63.45,62.57,63.15,694038,64.89
2017-05-22,63.33,63.64,62.91,63.26,540395,65
2017-05-23,63.61,63.88,62.61,62.87,461883,64.6
2017-05-24,63.1,63.44,62.85,63.35,408193,65.09
2017-05-25,63.73,65.09,63.43,64.15,539657,65.91
2017-05-26,64.02,64.59,63.81,64.19,329017,65.96
2017-05-30,64.23,64.86,63.93,64.31,335006,66.08
2017-05-31,64.41,64.63,63.18,63.69,564033,65.44
2017-06-01,63.81,65.31,63.3,65.31,553079,67.11
2017-06-02,65.47,66.3,64.69,66.05,519562,67.87
2017-06-05,66.05,66.66,65.81,66.49,409313,68.32
2017-06-06,66.35,67.11,66.16,66.33,613609,68.15
2017-06-07,66.47,67.09,66.19,66.8,448574,68.64
2017-06-08,66.84,67.33,66.2,67.16,447866,69.01
2017-06-09,67.33,67.79,62.42,63.8,1160253,65.56
2017-06-12,63.16,65.1,60.5,64.79,1083648,66.57
2017-06-13,65.67,65.97,64.24,65.69,544524,67.5
2017-06-14,66.01,66.44,63.91,64.8,450957,66.58
2017-06-15,63.77,66.25,63.07,66.22,677858,68.04
2017-06-16,65.95,67.87,65.86,67.5,1357601,69.36
2017-06-19,68.18,69.17,67.52,68.94,1005736,70.84
2017-06-20,68.9,70.85,68.2,68.47,983285,70.35
2017-06-21,68.91,70.01,68.9,69.66,591829,71.58
2017-06-22,69.81,70.22,69.24,69.87,583882,71.79
2017-06-23,69.93,71.64,69.68,71.07,1417822,73.03
2017-06-26,71.59,71.63,69.4,69.85,613284,71.77
2017-06-27,69.68,70.02,67.51,67.55,641092,69.41
2017-06-28,67.76,68.29,66.7,67.85,837488,69.72
2017-06-29,67.32,67.66,64.9,65.73,824890,67.54
2017-06-30,65.95,67.31,65.72,66.58,600145,68.41
2017-07-03,66.75,66.75,63.92,64.22,425788,65.99
2017-07-05,64.33,65.74,64.33,64.93,631626,66.72
2017-07-06,64.51,65.16,64.14,64.64,331431,66.42
2017-07-07,64.83,66.07,64.8,65.83,355940,67.64
2017-07-10,65.45,65.96,64.77,65.29,497446,67.09
2017-07-11,65.21,66.7,65.21,66.4,420846,68.23
2017-07-12,67.04,68.47,66.97,67.93,572670,69.8
2017-07-13,68.11,68.42,66.43,66.65,547353,68.48
2017-07-14,66.8,67.38,66.48,66.9,343638,68.74
2017-07-17,67.07,67.56,66.84,67.15,454154,69
2017-07-18,66.98,68.01,66.67,67.51,451622,69.37
2017-07-19,67.77,68.38,67.68,67.73,344917,69.59
2017-07-20,67.88,68.29,67.42,68.17,280409,70.05
2017-07-21,68.32,68.33,67.55,67.78,290835,69.64
2017-07-24,67.93,70.03,67.87,69.78,370209,71.7
2017-07-25,69.78,69.9,68.93,69.08,310676,70.98
2017-07-26,69.43,69.84,68.71,68.88,352104,70.77
2017-07-27,69.05,69.7,66.58,67.41,726484,69.26
2017-07-28,67.11,69.25,67.01,68.57,628633,70.46
2017-07-31,68.61,69.04,67.86,68.21,460213,70.09
2017-08-01,68.85,69.78,67.87,69.28,1021967,71.19
2017-08-02,70.56,70.69,62.77,66.29,2826004,68.11
2017-08-03,66.42,67.9,66.33,67.53,733319,69.39
2017-08-04,67.58,68.5,67.35,67.62,585745,69.48
2017-08-07,67.35,68.47,67.15,68.12,494643,69.99
2017-08-08,67.92,68.82,67.38,68.03,348819,69.9
2017-08-09,67.34,68.68,67.31,67.67,466311,69.53
2017-08-10,67.3,67.64,66.05,66.3,604479,68.12
2017-08-11,65.83,67.3,65.54,67.11,385704,68.96
2017-08-14,67.74,69.2,67.74,69.13,376515,71.03
2017-08-15,69.19,70.04,68.45,69.61,362807,71.53
2017-08-16,69.63,70.13,69.27,69.5,285903,71.41
2017-08-17,68.82,70.11,68.5,68.56,354796,70.45
2017-08-18,68.15,68.92,67.87,68.37,342059,70.25
2017-08-21,68.34,69.54,68.13,69.36,293011,71.27
2017-08-22,69.71,72.1,69.71,71.86,594751,73.84
2017-08-23,70.97,72.82,70.61,72,686616,73.98
2017-08-24,72.46,72.63,70.94,71.49,444883,73.46
2017-08-25,71.79,72.45,70.76,70.82,274553,72.77
2017-08-28,71.05,71.15,69.98,70.79,411476,72.74
2017-08-29,69.98,70.62,69.49,70,567328,71.93
2017-08-30,70.07,71.6,69.86,71.39,434007,73.35
2017-08-31,71.57,72.69,71.57,72.61,433053,74.61
2017-09-01,72.7,73.55,72.52,72.77,563417,74.77
2017-09-05,72.51,73.39,71.78,72.65,343992,74.65
2017-09-06,72.83,72.91,70.96,71.33,401944,73.29
2017-09-07,71.76,72.63,71.34,71.88,336302,73.86
2017-09-08,71.89,72.19,71.35,71.66,266901,73.63
2017-09-11,72.17,73.48,71.95,73.25,383427,75.27
2017-09-12,73.25,73.28,72.04,72.73,351933,74.73
2017-09-13,72.98,73.21,72.6,72.91,280227,74.92
2017-09-14,72.75,73.08,72.23,72.95,295127,74.96
2017-09-15,72.95,73.19,72.52,72.79,1058703,74.79
2017-09-18,72.95,73.42,72.8,73.07,318846,75.08
2017-09-19,73.24,73.25,72.62,72.78,256613,74.78
2017-09-20,72.65,73.05,72.15,72.82,199951,74.82
2017-09-21,72.8,74.27,72.12,73.76,356330,75.79
2017-09-22,73.54,74.7,73.34,74.04,421903,76.08
2017-09-25,74.01,74.18,71.08,72.23,558866,74.22
2017-09-26,72.69,72.69,71.06,71.48,489592,73.45
2017-09-27,71.57,73.63,71.51,73,765150,75.01
2017-09-28,72.88,73.11,72.3,72.75,380252,74.75
2017-09-29,72.71,73.18,72.39,72.95,725971,74.96
2017-10-02,73,73.86,71.64,72.82,484935,74.82
2017-10-03,72.82,73.95,72.6,73.04,352169,75.05
2017-10-04,73.01,73.25,72.1,72.47,321831,74.46
2017-10-05,72.73,74.03,72.13,73.99,316797,76.03
2017-10-06,73.9,75.8,73.48,75.71,493096,77.79
2017-10-09,75.72,76.75,75.5,76.12,406346,78.21
2017-10-10,76.27,76.86,75.59,76.31,464038,78.41
2017-10-11,76.27,76.95,75.98,76.69,297306,78.8
2017-10-12,76.78,77.84,76.67,77.13,327508,79.25
2017-10-13,77.31,77.76,76.89,77.75,290927,79.89
2017-10-16,77.8,77.93,76.69,76.88,481887,78.99
2017-10-17,76.87,77.44,76.54,76.77,251722,78.88
2017-10-18,77.18,77.81,76.32,77.45,258368,79.58
2017-10-19,77.02,77.37,76.12,77.12,294549,79.24
2017-10-20,77.79,78.39,77.45,77.93,268035,80.07
2017-10-23,78.07,78.25,77.24,77.35,196908,79.48
2017-10-24,77.37,78.13,77.37,77.93,238140,80.07
2017-10-25,77.85,78.61,77.15,77.63,229268,79.77
2017-10-26,77.91,79.04,77.74,78.81,289629,80.98
2017-10-27,79.44,80.31,78.83,79.81,458151,82.01
2017-10-30,79.8,79.8,77.53,77.98,642764,80.13
2017-10-31,78.92,80.38,78.59,80,1052236,82.2
2017-11-01,76.8,76.8,72.36,75.23,2714530,77.3
2017-11-02,75.23,77.76,74.94,77.15,803678,79.27
2017-11-03,77.13,78.61,75.79,78.14,544109,80.29
2017-11-06,79.51,80.88,79.26,79.68,598328,81.87
2017-11-07,79.87,80.28,77.59,77.73,702520,79.87
2017-11-08,77.6,77.95,76.8,77.28,734676,79.41
2017-11-09,76.57,76.94,75.5,76.38,582494,78.48
2017-11-10,76.48,77.13,75.98,76.79,626940,78.9
2017-11-13,76.51,77.69,75.55,77.35,451819,79.48
2017-11-14,77.16,77.76,76.64,77.75,275100,79.89
2017-11-15,77.24,77.24,75.86,76.4,352984,78.5
2017-11-16,76.68,79.9,76.68,79.25,834453,81.43
2017-11-17,79.24,80,78.65,79.79,563719,81.99
2017-11-20,80.32,81.43,80.02,81.21,752152,83.44
2017-11-21,81.89,83.11,81.75,82.86,1068790,85.14
2017-11-22,82.99,83.01,81.47,82.51,404310,84.78
2017-11-24,82.74,83.57,82.74,83.3,228249,85.59
2017-11-27,83.37,83.79,81.77,81.88,557303,84.13
2017-11-28,81.97,82.33,81.31,82.27,605442,84.53
2017-11-29,82.44,82.46,77.57,78.69,851752,80.85
2017-11-30,79.4,80.05,78.38,79.8,507195,82
2017-12-01,79.49,79.95,74.47,78.37,717950,80.53
2017-12-04,79.39,79.52,74.54,74.61,857090,76.66
2017-12-05,74.05,75.63,73.37,74.22,1122950,76.26
2017-12-06,73.57,75.59,73.56,74.99,629104,77.05
2017-12-07,74.99,76.63,74.96,76.17,524858,78.27
2017-12-08,76.88,77.5,76.44,76.55,624923,78.66
2017-12-11,76.75,77.97,76.44,77.41,591171,79.54
2017-12-12,77.23,78.12,75.79,75.83,457337,77.92
2017-12-13,75.97,77.6,75.97,77.32,485674,79.45
2017-12-14,77.38,78.33,77.34,77.44,297343,79.57
2017-12-15,77.63,79.34,76.81,79.16,717685,81.34
2017-12-18,80.24,81.57,79.43,80.55,517279,82.77
2017-12-19,80.35,81.6,80.05,80.3,511593,82.51
2017-12-20,80.64,80.84,79.11,80.13,418960,82.33
2017-12-21,80.17,80.41,79.15,79.47,351087,81.66
2017-12-22,79.45,79.45,78.28,78.56,310320,80.72
2017-12-26,78.11,78.88,77.38,78.55,214911,80.71
2017-12-27,78.69,79.65,78.36,79.1,257901,81.28
2017-12-28,79.05,79.05,78.26,78.59,219385,80.75
2017-12-29,78.59,78.85,77.88,78.18,385911,80.33
2018-01-02,78.32,78.35,77.06,78.29,561422,80.44
2018-01-03,78.35,80.05,78.35,78.86,328985,81.03
2018-01-04,79.42,81.25,79.42,80.88,475348,83.11
2018-01-05,81.75,82.29,81,81.63,378057,83.88
2018-01-08,81.65,82.69,81.02,82.37,394049,84.64
2018-01-09,82.72,82.98,82.07,82.45,388751,84.72
2018-01-10,81.99,82.76,81.51,82.12,357942,84.38
2018-01-11,82.74,83.1,81.51,82.24,890281,84.5
2018-01-12,82.88,86.98,82.79,86.37,1269190,88.75
2018-01-16,87.74,88.48,84.31,84.62,930694,86.95
2018-01-17,85.59,86.33,84.75,85.98,477816,88.35
2018-01-18,86.16,87.49,85.21,86.73,616011,89.12
2018-01-19,86.98,89.33,86.66,88.75,793546,91.19
2018-01-22,88.88,90.33,88.15,89.84,1131766,92.31
2018-01-23,90.71,91.1,89.5,89.52,922733,91.98
2018-01-24,89.78,90.28,87.83,88.15,1597611,90.57
2018-01-25,88.61,88.83,87.15,87.48,497634,89.89
2018-01-26,88.33,90.6,87.83,90.45,950186,92.94
2018-01-29,90.48,90.86,89.06,90.17,526537,92.65
2018-01-30,88.86,90.51,88.2,88.95,513874,91.4
2018-01-31,89.55,90.7,88.42,89.19,558885,91.64
2018-02-01,88.8,89.65,87.53,87.76,539012,90.17
2018-02-02,87.19,87.58,85.74,86.18,1043558,88.55
2018-02-05,84.96,86.48,81.24,81.82,1196940,84.07
2018-02-06,79.8,85.1,78.52,84.29,1494538,86.61
2018-02-07,84.55,85.64,79.42,82.24,2055608,84.5
2018-02-08,83.13,83.42,80.49,80.68,1284099,82.9
2018-02-09,81.76,82.46,78.24,81.12,1391133,83.35
2018-02-12,81.88,82.88,81.17,82.25,977726,84.51
2018-02-13,83.06,86.84,82.49,86.52,1025966,88.9
2018-02-14,86.11,90.12,85.86,89.61,1345326,92.08
2018-02-15,90.36,93.09,89.08,92.47,934259,95.01
2018-02-16,92.45,94,91.98,92.36,1170603,94.9
2018-02-20,91.73,94.51,90.51,93.2,738685,95.76
2018-02-21,93.44,94.95,93.03,93.06,616693,95.62
2018-02-22,93.27,94.37,92.73,93.54,373451,96.11
2018-02-23,94.27,95.79,93.45,95.78,447764,98.42
2018-02-26,96.35,97.27,95.92,96.83,540182,99.49
2018-02-27,96.84,98.48,96.54,96.95,758474,99.62
2018-02-28,96.94,98.72,96.23,96.27,499347,98.92
2018-03-01,96.6,97.18,94.07,96.12,675576,98.76
2018-03-02,94.73,99.96,94.33,99.77,739136,102.51
2018-03-05,99.27,102.24,99.08,101.53,796108,104.32
2018-03-06,102.1,103.55,101.01,103.03,693979,105.86
2018-03-07,102.29,105.27,101.96,104.62,645662,107.5
2018-03-08,105.53,106.79,104.8,106.41,517557,109.34
2018-03-09,107.05,107.3,105.31,107.02,679778,109.96
2018-03-12,107.05,108.36,106,107.25,474462,110.2
2018-03-13,108.02,108.44,105.83,106.59,512023,109.52
2018-03-14,107.41,109.2,106.45,108.27,398829,111.25
2018-03-15,108.32,108.43,105.71,106.88,527299,109.82
2018-03-16,106.86,107.42,105.45,107.04,1143086,109.98
2018-03-19,106.3,106.97,103.32,105.15,608595,108.04
2018-03-20,105.17,108.68,104.88,108.13,410089,111.1
2018-03-21,108.13,110.88,107.54,109.98,657626,113.01
2018-03-22,108.03,109.69,106.91,107.77,663008,110.73
2018-03-23,106.11,108.54,103.77,103.93,1309830,106.79
2018-03-26,106.08,111.08,105.88,110.81,1045669,113.86
2018-03-27,111.7,112.39,103.9,104.74,974359,107.62
2018-03-28,104.2,105.11,101.06,102.36,1121909,105.18
2018-03-29,102.64,106.08,102.12,104.51,1086846,107.39
2018-04-02,103.46,104.72,99.27,101.1,880714,103.88
2018-04-03,101.97,102.83,100.43,101.96,623933,104.77
2018-04-04,98.85,105.36,98.83,104.98,486829,107.87
2018-04-05,106.44,107.18,105.06,105.69,580898,108.6
2018-04-06,104.23,106.32,103.52,104.31,597911,107.18
2018-04-09,105.42,107.29,104.8,104.9,524626,107.79
2018-04-10,107.01,108.58,105.3,108.07,454234,111.04
2018-04-11,107.84,110.68,107.64,109.26,456981,112.27
2018-04-12,108.29,109.6,107.58,108.48,613046,111.46
2018-04-13,108.61,110.02,105.92,107.02,804852,109.96
2018-04-16,108.03,109.51,106.64,109.01,587258,112.01
2018-04-17,109.92,113.87,109.76,112.92,1011068,116.03
2018-04-18,113.63,115.28,111.97,114.47,702045,117.62
2018-04-19,113.67,114.54,112.5,113.63,450452,116.76
2018-04-20,112.96,113.59,111.31,112.66,741269,115.76
2018-04-23,112.36,112.66,110.67,111.02,770721,114.07
2018-04-24,111.84,113.51,106.48,107.59,1272678,110.55
2018-04-25,107.59,107.94,104.57,107.81,647599,110.78
2018-04-26,109.09,111.15,108.28,110.36,463235,113.4
2018-04-27,111.34,111.41,108.56,110.45,516178,113.49
2018-04-30,111.17,112.88,110.51,111.15,795138,114.21
2018-05-01,110.95,110.95,107.95,109.58,1740003,112.59
2018-05-02,102.13,105.94,100.24,101.59,2248484,104.38
2018-05-03,101.97,102.87,98.39,102.31,1044832,105.12
2018-05-04,101.39,105.46,101.25,104.42,619912,107.29
2018-05-07,104.64,106.2,104.02,105.42,535931,108.32
2018-05-08,105.42,106.43,104.55,106.05,336856,108.97
2018-05-09,106.08,106.65,104.87,106.08,510281,109
2018-05-10,106.54,107.82,106.01,106.59,588737,109.52
2018-05-11,106.69,106.87,104.36,104.5,880828,107.38
2018-05-14,104.62,105.31,98.89,99.28,1636617,102.01
2018-05-15,98.45,99.45,97.6,98.85,883765,101.57
2018-05-16,98.79,100.13,97.89,98.95,905215,101.67
2018-05-17,98.95,100.13,98.31,98.97,970408,101.69
2018-05-18,98.91,101.04,98.67,100.75,607117,103.52
2018-05-21,101.47,102,99.49,99.95,565310,102.7
2018-05-22,100.03,100.5,98.18,98.23,622723,100.93
2018-05-23,97.32,99.09,95.39,99.05,727676,101.78
2018-05-24,99.33,101.14,98.67,100.29,556631,103.05
2018-05-25,100.05,102.15,99.81,101.23,825845,104.02
2018-05-29,100.37,102,100.24,101.26,508728,104.05
2018-05-30,102.28,104.5,102.11,102.21,553014,105.02
2018-05-31,101.99,103.99,101.6,102.65,716087,105.47
2018-06-01,103.15,103.71,101.59,102.74,680022,105.57
2018-06-04,102.84,105.48,102.84,105.03,793592,107.92
2018-06-05,105.03,107.53,104.99,106.92,654400,109.86
2018-06-06,106.92,107.29,105.69,106.51,577680,109.44
2018-06-07,106.57,106.66,99.51,100.28,928165,103.04
2018-06-08,100.33,102.68,99.76,102.65,765197,105.47
2018-06-11,102.94,104.04,102.73,103.78,473275,106.64
2018-06-12,104.14,107.89,104.14,107.49,795628,110.45
2018-06-13,107.06,110.7,107.06,108.73,1088899,111.72
2018-06-14,109.1,111.82,109.1,110.63,950926,113.67
2018-06-15,110.07,110.51,107.33,109.6,936295,112.62
2018-06-18,109.33,112.11,108.26,111.07,805666,114.13
2018-06-19,109.97,110.84,106.68,110.64,902043,113.68
2018-06-20,110.88,112.45,109.47,109.63,797002,112.65
2018-06-21,110.1,110.32,105.54,106.89,875771,109.83
2018-06-22,106.96,107.11,103.24,104.35,7755760,107.22
2018-06-25,103.82,104.02,96.9,97.75,1779216,100.44
2018-06-26,98.31,100.02,97.99,98.94,1203563,101.66
2018-06-27,99.56,100.4,94.46,94.67,1024999,97.27
2018-06-28,93.92,97.93,93.86,97.35,769345,100.03
2018-06-29,97.71,98.87,96.06,96.18,852898,98.83
2018-07-02,95.11,98.64,94.58,98.53,652429,101.24
2018-07-03,98.78,99.27,97.23,97.97,368006,100.67
2018-07-05,98.64,99.32,97.53,98.66,757238,101.37
2018-07-06,99.02,101.04,98.21,100.71,414528,103.48
2018-07-09,101.46,102.26,99.51,102.06,627495,104.87
2018-07-10,102.26,103.27,101.07,102.71,484542,105.54
2018-07-11,101.65,104.77,101.65,104.08,597335,106.94
2018-07-12,104.84,107.83,104.5,107.55,918222,110.51
2018-07-13,107.56,108.2,106.3,107.24,442108,110.19
2018-07-16,107.34,107.97,106.38,106.88,297284,109.82
2018-07-17,105.43,108.53,104.66,107.77,432105,110.73
2018-07-18,107.88,108.46,106.84,108.15,459248,111.13
2018-07-19,108.87,109.65,107.55,108.57,485110,111.56
2018-07-20,108.97,109.42,108.39,108.77,484439,111.76
2018-07-23,108.74,110.07,107.2,109.73,422843,112.75
2018-07-24,110.26,110.86,105.92,106.94,587820,109.88
2018-07-25,106.67,109.95,106.67,109.59,502469,112.61
2018-07-26,108.76,110.49,107.08,109.66,482720,112.68
2018-07-27,109.85,110.08,103.21,105.12,743137,108.01
2018-07-30,104.87,105.12,99.73,100.36,784637,103.12
2018-07-31,101.11,103.62,98.17,103.41,1795501,106.25
2018-08-01,112.94,124.57,111.92,122.57,4428208,125.94
2018-08-02,121.82,132.21,121.78,131.41,2174931,135.03
2018-08-03,131.39,131.87,127.24,129.26,1959696,132.82
2018-08-06,129.48,131.58,129,130.88,994353,134.48
2018-08-07,131.4,133.14,129.83,130.8,623880,134.4
2018-08-08,131.27,132.65,129.58,131.23,481298,134.84
2018-08-09,131.26,132.51,130.13,130.27,545464,133.85
2018-08-10,129.51,132.49,128.97,132.13,663883,135.76
2018-08-13,131.96,133.2,130.49,131,411460,134.6
2018-08-14,131.6,134.48,129.05,134.21,630222,137.9
2018-08-15,131.93,134.63,130.59,131.95,727659,135.58
2018-08-16,133.33,134.98,132.04,134.56,852774,138.26
2018-08-17,134.32,136.61,133.04,136.13,772079,139.87
2018-08-20,136.21,138.24,134.5,137.82,712467,141.61
2018-08-21,137.87,141.12,137.83,140.19,869017,144.05
2018-08-22,138.92,141.84,138.43,141.46,567130,145.35
2018-08-23,142.06,144.35,141.48,142.33,521244,146.25
2018-08-24,142.91,146.91,142.76,146.9,916747,150.94
2018-08-27,147.93,149.49,146.47,147.41,669549,151.47
2018-08-28,148.11,148.87,145.48,148.26,890473,152.34
2018-08-29,148.3,150.19,148.24,149.81,445789,153.93
2018-08-30,148.66,150.27,148,148.7,539266,152.79
2018-08-31,147.34,150.98,146.89,150.97,494572,155.12
2018-09-04,151.36,152.79,149.89,152.04,559260,156.22
2018-09-05,151.02,151.37,142.48,144.45,980938,148.42
2018-09-06,145.03,148.54,143.9,147.97,769410,152.04
2018-09-07,146.96,152.07,145.98,151.73,801579,155.9
2018-09-10,152.47,153.25,150.01,152.78,806664,156.98
2018-09-11,152.64,155.57,152.28,154.74,766001,159
2018-09-12,155.24,155.48,151.67,154.61,622799,158.86
2018-09-13,155.66,158.36,155.43,157.75,768202,162.09
2018-09-14,157.76,159.69,157.34,158.95,539786,163.32
2018-09-17,158.65,158.95,152.31,153.19,699042,157.4
2018-09-18,153.35,155.23,152.94,153.47,818193,157.69
2018-09-19,153.22,154.28,148.12,149.52,851451,153.63
2018-09-20,149.97,151.73,147.25,149.37,1172303,153.48
2018-09-21,150.01,150.87,148.54,149.54,1070118,153.65
2018-09-24,148.63,151.93,146.67,150.82,563495,154.97
2018-09-25,151.71,155.46,150.95,154.76,684413,159.02
2018-09-26,152.42,152.92,149.18,150.63,541131,154.77
2018-09-27,151.35,153.04,150.39,150.83,369552,154.98
2018-09-28,150.34,152.98,150.15,151.25,439626,155.41
2018-10-01,150.13,153.23,146.48,146.76,871890,150.8
2018-10-02,146.07,147.63,142.29,142.99,750776,146.92
2018-10-03,144.47,145.8,142.1,143.65,974625,147.6
2018-10-04,143.29,143.71,134.79,136.93,1365168,140.7
2018-10-05,136.45,139.6,131.58,135.33,973856,139.05
2018-10-08,134.45,134.79,127.85,131.16,830702,134.77
2018-10-09,130.29,133.72,128.47,131.19,593828,134.8
2018-10-10,130.34,131.76,122.35,125.12,1662313,128.56
2018-10-11,124.09,130.06,121.97,122.74,1501438,126.12
2018-10-12,127.98,129.89,123.46,127.38,977261,130.88
2018-10-15,127.3,128.27,124.57,126.36,620977,129.84
2018-10-16,128.47,132.7,128.06,132.42,638384,136.06
2018-10-17,134.17,134.3,129.99,132.85,685342,136.51
2018-10-18,131.63,132.8,127.86,130.06,582082,133.64
2018-10-19,131.28,132.49,126.93,127.41,854144,130.92
2018-10-22,127.73,131.51,127.07,130.18,523522,133.76
2018-10-23,126.52,129.3,124.82,128.27,757337,131.8
2018-10-24,128.07,129.67,120.02,120.17,797848,123.48
2018-10-25,121.12,126.08,120.83,123.97,817695,127.38
2018-10-26,118.4,124.29,116.79,120.74,1098916,124.06
2018-10-29,124.49,125.86,118.48,120.55,1099685,123.87
2018-10-30,119.35,126.91,118.73,126.12,1826687,129.59
2018-10-31,121.39,127.72,116.88,121.85,2333220,125.2
2018-11-01,121.96,122.61,118.73,122.13,1119526,125.49
2018-11-02,123.26,126.09,120.5,121.77,1024676,125.12
2018-11-05,121.74,122.23,118.73,120.9,846030,124.23
2018-11-06,120.89,123.5,119.05,119.86,503795,123.16
2018-11-07,121.99,126.55,121.13,124.8,738152,128.23
2018-11-08,124.91,125.67,122.16,123.92,566843,127.33
2018-11-09,122.68,123.86,120.36,123.57,598943,126.97
2018-11-12,122.55,122.95,117.27,119.31,764378,122.59
2018-11-13,120.05,122.94,118.42,120.39,567882,123.7
2018-11-14,121.59,122.95,118.9,119.63,578309,122.92
2018-11-15,119.21,122.41,118.9,121.36,744840,124.7
2018-11-16,119.36,122.35,118.77,120.31,1173638,123.62
2018-11-19,119.21,119.61,110.01,110.15,993336,113.18
2018-11-20,107.05,111.64,104.58,110.95,1341417,114
2018-11-21,113.23,117.59,111.92,116.83,756605,120.04
2018-11-23,115.42,118.34,115.04,115.96,463819,119.15
2018-11-26,118.68,119.96,117.06,119.54,558518,122.83
2018-11-27,118.15,118.97,116.87,118.24,572967,121.49
2018-11-28,120.56,127.04,120.05,126.57,635985,130.05
2018-11-29,125.91,129.6,125.23,127.85,554592,131.37
2018-11-30,128.12,129.72,127.47,129.22,827835,132.77
2018-12-03,132.38,132.38,128.59,131.12,471325,134.73
2018-12-04,129.96,132.78,126.68,127.49,619649,131
2018-12-06,123.79,130.56,121.43,129.99,660255,133.57
2018-12-07,129.81,131.4,124.14,126.17,732749,129.64
2018-12-10,125.17,129.53,124.57,128.19,614631,131.72
2018-12-11,130.31,131.23,126.14,128.1,861873,131.62
2018-12-12,130.9,133.54,130.46,130.99,508454,134.59
2018-12-13,131.9,133.02,128.47,129.79,532389,133.36
2018-12-14,127.51,129.31,126.17,127.12,595960,130.62
2018-12-17,125.25,125.82,119.23,120.05,660165,123.35
2018-12-18,121.79,122.89,120.39,121.53,465131,124.87
2018-12-19,122.04,124.22,118.15,120.34,420255,123.65
2018-12-20,119.34,121.4,111.94,116.36,779525,119.56
2018-12-21,116.65,117.62,111.58,111.93,898731,115.01
2018-12-24,110.57,113.11,108.5,108.55,557247,111.54
2018-12-26,108.93,117.25,108.93,117,511197,120.22
2018-12-27,115.08,118.58,113.38,118.49,445620,121.75
2018-12-28,119.38,120.51,115.96,117.99,361940,121.24
2018-12-31,119.29,120.03,117.58,119.17,802265,122.45
2019-01-02,116.67,118.54,115.16,116.5,626372,119.7
2019-01-03,115.06,116.34,111.95,113.38,785760,116.5
2019-01-04,115.81,120.81,114.46,117.78,665217,121.02
2019-01-07,118.82,121.53,118.7,120.79,646995,124.11
2019-01-08,122.78,124.63,120.06,123.74,572823,127.14
2019-01-09,124.69,126.27,123.59,125.03,419800,128.47
2019-01-10,123.42,125.98,123.42,125.17,346757,128.61
2019-01-11,124.46,125.48,123.64,123.89,301313,127.3
2019-01-14,122.31,122.76,120.42,121.23,522540,124.57
2019-01-15,121.88,127.49,121.88,127.27,668652,130.77
2019-01-16,128.35,129.9,126.62,127.86,306646,131.38
2019-01-17,127.5,129.85,126.61,128.68,299297,132.22
2019-01-18,130.53,133.71,129.69,132.59,669366,136.24
2019-01-22,131.48,133.48,130.9,132.88,927535,136.54
2019-01-23,134.31,136.26,132.96,133.35,523048,137.02
2019-01-24,133.99,134.82,131.53,134.78,679853,138.49
2019-01-25,136.25,139.29,135.38,139.22,543708,143.05
2019-01-28,137.22,140.2,135.7,140.14,673764,144
2019-01-29,140.65,141.39,137.58,137.88,950199,141.67
2019-01-30,139.34,142.21,138.52,141.66,358850,145.56
2019-01-31,142.01,145.28,142.01,144.27,477756,148.24
2019-02-01,144.09,146.84,143.44,146.81,576088,150.85
2019-02-04,151.05,152.68,149.34,151.78,896474,155.96
2019-02-05,152.79,153.83,150.43,152.76,1054864,156.96
2019-02-06,165.45,174.42,161.95,164.61,2785842,169.14
2019-02-07,161.99,167.84,160.7,163.67,1304036,168.17
2019-02-08,162.3,171.48,161.54,171.25,1016851,175.96
2019-02-11,171.79,172.61,165.52,167.6,1241399,172.21
2019-02-12,169.42,170.01,167.28,168.7,742612,173.34
2019-02-13,169.34,170.59,167.4,168.43,640638,173.06
2019-02-14,167.48,173.9,167.48,173.6,1347550,178.38
2019-02-15,174.48,177.64,172.89,177.58,769306,182.47
2019-02-19,176.35,177.53,174.63,174.75,749093,179.56
2019-02-20,174.58,177.66,171.14,172.3,876328,177.04
2019-02-21,171.77,176.04,171.29,174.14,502424,178.93
2019-02-22,175.18,179.35,174.32,179.35,739891,184.28
2019-02-25,181.02,181.02,174.64,176.47,584988,181.33
2019-02-26,175.38,176.52,173.58,175.6,483060,180.43
2019-02-27,175.18,178,174.26,177.83,255666,182.72
2019-02-28,177.22,178.89,176.33,176.86,224975,181.73
2019-03-01,178.78,178.78,174.62,176.93,394184,181.8
2019-03-04,177.91,178.47,167.06,172.67,929728,177.42
2019-03-05,172.47,174.2,169.95,173.79,399588,178.57
2019-03-06,174.2,174.2,168.84,170.94,699931,175.64
2019-03-07,171.16,174.52,170.34,171.51,576336,176.23
2019-03-08,167.39,173.38,164.53,173.31,492417,178.08
2019-03-11,173.38,177.53,173.23,176.31,890039,181.16
2019-03-12,176.78,178.13,175.18,177.41,579051,182.29
2019-03-13,178.5,179.23,175.91,176.18,488979,181.03
2019-03-14,176.06,179.32,175.89,178.44,810565,183.35
2019-03-15,178.17,178.98,175.75,177.07,730599,181.94
2019-03-18,177.21,178.58,174.77,176.83,513424,181.69
2019-03-19,177.35,179.1,176.28,178.22,521116,183.12
2019-03-20,178.16,180.4,175.57,177.1,445616,181.97
2019-03-21,176.49,185.53,176.44,184.96,942259,190.05
2019-03-22,184.4,185.53,175.77,176.31,768194,181.16
2019-03-25,174.68,179.3,169.36,178.89,629036,183.81
2019-03-26,183.84,183.84,179.51,180.74,530233,185.71
2019-03-27,180.98,181.98,173.23,178.07,533041,182.97
2019-03-28,178.63,182.97,177.91,181.69,523668,186.69
2019-03-29,183.45,184.91,181.06,184.07,1052762,189.13
2019-04-01,186.16,188.56,181.85,185.19,609973,190.28
2019-04-02,185.2,186.32,182.62,185.61,416134,190.72
2019-04-03,186.85,187.73,183.46,185.21,567235,190.31
2019-04-04,184.91,186.45,175.49,178.77,1004030,183.69
2019-04-05,180.04,180.81,178.43,178.57,556152,183.48
2019-04-08,178.57,179.35,174.76,179.32,635319,184.25
2019-04-09,178.1,180.36,178.1,179.4,527126,184.34
2019-04-10,180.2,183.55,180.2,182.57,357891,187.59
2019-04-11,183.03,183.94,181.61,183.53,275113,188.58
2019-04-12,185.07,185.25,181.91,183.71,332675,188.76
2019-04-15,183.48,186.86,183.06,185.07,373944,190.16
2019-04-16,185.78,187.6,182.49,183.83,386219,188.89
2019-04-17,185.31,186.47,180.47,181.93,509261,186.94
2019-04-18,182,185.04,177.73,183.89,833842,188.95
2019-04-22,183.09,186.52,183.05,185.1,383938,190.19
2019-04-23,186.28,190.58,186.28,189.41,730710,194.62
2019-04-24,189.65,191.15,186.57,187.44,1058606,192.6
2019-04-25,189.43,192.05,186.46,191.28,530014,196.54
2019-04-26,191.3,195.4,190.79,194.71,699971,200.07
2019-04-29,197.17,197.18,190.84,192.74,775774,198.04
2019-04-30,192.01,197.61,191.19,197.11,1025603,202.53
2019-05-01,197.76,197.76,188.81,196.07,1293473,201.46
2019-05-02,196.25,201.35,194.25,196.08,946939,201.47
2019-05-03,196.62,201.6,195.96,201.35,907103,206.89
2019-05-06,198.57,202.64,197.09,201.91,919628,207.46
2019-05-07,200.46,202.45,195.34,196.49,833840,201.9
2019-05-08,196.14,200.68,195.32,199.27,574231,204.75
2019-05-09,197.44,204.3,195.92,202.32,760244,207.89
2019-05-10,201.33,204.91,197.37,202.81,754123,208.39
2019-05-13,197.82,199.02,191.71,191.97,984608,197.25
2019-05-14,194.35,198.7,192.12,197.84,740624,203.28
2019-05-15,196.44,200.16,194.97,198.92,686366,204.39
2019-05-16,199.95,209.18,199.58,206.37,941470,212.05
2019-05-17,204.38,209.61,204.04,205.11,646858,210.75
2019-05-20,202.92,204.27,198.32,201.74,794037,207.29
2019-05-21,204.19,208.61,203.52,207.83,744504,213.55
2019-05-22,207.12,209.88,207.1,207.37,448373,213.07
2019-05-23,204.57,204.58,197.84,201.23,636449,206.77
2019-05-24,201.91,205.26,201.53,202.65,526383,208.23
2019-05-28,202.63,207.01,200.86,202.62,4285875,208.19
2019-05-29,200.85,202.78,197.74,200.53,676605,206.05
2019-05-30,201.56,203.73,200.35,203.54,553605,209.14
2019-05-31,201.11,206.89,200.7,206.42,1281838,212.1
2019-06-03,205.64,207.89,189.62,192.06,1350614,197.34
2019-06-04,193.75,203.55,192.55,203.42,1116220,209.02
2019-06-05,205.89,210.97,203.67,210.97,791744,216.77
2019-06-06,210.97,215,207.46,213.34,636453,219.21
2019-06-07,214.44,217.89,213.91,216.49,693278,222.45
2019-06-10,221.32,224.72,215.44,215.97,1149599,221.91
2019-06-11,216.42,217.8,204.39,208.1,968628,213.83
2019-06-12,208.27,208.9,204.86,208.27,684029,214
2019-06-13,208.49,212.9,207.07,212.9,610594,218.76
2019-06-14,212.85,212.98,208.04,208.6,435994,214.34
2019-06-17,209.51,214.54,209.27,213.64,643792,219.52
2019-06-18,215.75,219.95,215.3,216.46,573291,222.42
2019-06-19,216.65,219.84,214.44,219.84,965449,225.89
2019-06-20,223.65,227.18,220.92,223.99,1195349,230.15
2019-06-21,223.8,225,221.14,222.14,1542873,228.25
2019-06-24,222.23,223.81,218.22,219.71,807522,225.75
2019-06-25,220.54,220.54,211.14,212.5,1022274,218.35
2019-06-26,214.41,216.23,210.86,211.01,686968,216.82
2019-06-27,212.85,218.71,211.94,218.55,493862,224.56
2019-06-28,219.3,220.76,215.77,220.65,887479,226.72
2019-07-01,224.45,225.97,220.14,220.92,679555,227
2019-07-02,220.92,226.83,219.7,226.68,708426,232.92
2019-07-03,227.79,231.03,227.34,229.43,475074,235.74
2019-07-05,227.73,232.92,225.91,232.89,333634,239.3
2019-07-08,231.32,234.69,230.07,232.66,538400,239.06
2019-07-09,232.49,235.61,231.82,233.5,789358,239.92
2019-07-10,235.18,238.81,234.87,237.92,638878,244.47
2019-07-11,238.44,240.24,235.79,237.34,540918,243.87
2019-07-12,237.8,239.09,235.7,237.12,501802,243.64
2019-07-15,237.43,239.08,236.26,236.86,421652,243.38
2019-07-16,237.24,238.28,232.77,233.54,574816,239.97
2019-07-17,233.98,237.77,233.73,235.92,412986,242.41
2019-07-18,235.12,236.18,231.24,235.57,636442,242.05
2019-07-19,232.62,236.1,226.18,226.58,649845,232.81
2019-07-22,227.16,229.8,225.36,227.67,512792,233.93
2019-07-23,228.61,229.27,223.88,225.68,410284,231.89
2019-07-24,225.02,229.49,222.56,228.83,484063,235.13
2019-07-25,227.85,230.96,226.33,228.82,422074,235.12
2019-07-26,231.02,232.58,228.28,228.9,564507,235.2
2019-07-29,229.25,230.33,217.75,223.46,754771,229.61
2019-07-30,221.04,223.75,219.83,222.5,907890,228.62
2019-07-31,237.17,239.45,228.77,234.3,1956974,240.75
2019-08-01,234.18,236.3,228.73,231.51,913456,237.88
2019-08-02,228.57,232.24,226.94,230.19,533990,236.52
2019-08-05,221.92,222.31,210.75,215.25,1086250,221.17
2019-08-06,219.46,222.17,218.1,219.28,690465,225.31
2019-08-07,219.11,226.28,216.08,225.01,600412,231.2
2019-08-08,226.23,234.78,226.23,234.03,685673,240.47
2019-08-09,232.71,235.82,230.14,234.18,486749,240.62
2019-08-12,232.27,235.86,229.97,232.73,214691,239.135
2019-08-13,232.33,238.32,231.27,237.06,481286,243.58
2019-08-14,232.04,234.37,223.36,226.08,562797,232.3
2019-08-15,227.44,229.87,225.36,228.84,372903,235.14
2019-08-16,232.11,235.72,231.6,234.96,462467,241.42
2019-08-19,238.44,239.74,235.72,237.14,484682,243.66
2019-08-20,236.41,241.79,233.71,240.36,538312,246.97
2019-08-21,243.31,249.96,242.8,245.16,651171,251.9
2019-08-22,245.36,246.73,238.3,241.94,815434,248.6
2019-08-23,242.9,249.7,241.92,242.25,760244,248.91
2019-08-26,245.31,246.09,241.85,245.91,552038,252.68
2019-08-27,248.61,250.67,243.54,248.27,583603,255.1
2019-08-28,245.87,246.95,239.42,246.45,597609,253.23
2019-08-29,251.08,252.76,246.7,247.3,453203,254.1
2019-08-30,248.68,249.13,239.52,243.42,413011,250.12
2019-09-03,241.55,243.62,237.1,237.73,576978,244.27
2019-09-04,239.4,242.29,239.4,241.24,517824,247.88
2019-09-05,243.5,245.98,239.76,245.92,591654,252.69
2019-09-06,246.2,247.72,242.33,242.94,460968,249.62
2019-09-09,243.44,243.44,220.92,222.6,1179763,228.72
2019-09-10,218.98,218.98,199.95,205.66,1763900,211.32
2019-09-11,205.35,206.32,197.73,201.17,1021727,206.7
2019-09-12,203.31,209.98,203.31,206.82,923755,212.51
2019-09-13,206.96,208.22,202.8,204.05,659259,209.66
2019-09-16,201.55,207.88,201.44,205.63,591063,211.29
2019-09-17,206.86,211.09,206.32,209.7,607573,215.47
2019-09-18,208.36,211.19,205.55,210.28,947922,216.07
2019-09-19,210.09,214.96,210.09,213.45,939880,219.32
2019-09-20,213.91,216.91,208.75,210.18,2147032,215.96
2019-09-23,210.16,213.03,208.01,211.62,808054,217.44
2019-09-24,213.03,214.04,202.28,203.34,989243,208.93
2019-09-25,203.79,206.08,195.9,205.6,695194,211.26
2019-09-26,205.84,207.55,202.64,206.62,327132,212.3
2019-09-27,207.58,207.58,198.32,200.87,456427,206.4
2019-09-30,200.49,205.13,197.81,203.88,1058593,209.49
2019-10-01,204.1,205.5,200.77,202.37,471513,207.94
2019-10-02,201.12,201.18,194.07,199.09,511419,204.57
2019-10-03,199.51,204.3,195.85,203.53,689013,209.13
2019-10-04,205.39,208.7,204.39,208.55,578494,214.29
2019-10-07,207.77,209.82,207.11,208.56,360961,214.3
2019-10-08,207.17,208.13,201.31,202.04,371577,207.6
2019-10-09,205.27,209.93,204.97,209.55,332298,215.31
2019-10-10,208.56,210.21,207.63,208.45,294832,214.18
2019-10-11,211.39,215.85,210.91,214.14,510064,220.03
2019-10-14,214.2,217.03,213.69,214.5,312631,220.4
2019-10-15,215.44,217.03,214.28,214.97,359499,220.88
2019-10-16,209.52,209.96,199.69,206.43,452767,212.11
2019-10-17,208.08,208.41,203.72,204.56,343326,210.19
2019-10-18,204.32,205.72,193.77,197.55,780121,202.98
2019-10-21,199.45,202.1,196.6,200.51,370534,206.03
2019-10-22,201.07,202.52,184.14,185.5,823339,190.6
2019-10-23,184.91,192.18,184.37,189.4,783240,194.61
2019-10-24,191.51,198.68,191.47,198.05,526802,203.5
2019-10-25,199.25,204.81,197.12,204.06,566708,209.67
2019-10-28,204.48,206.67,200.99,203.48,663914,209.08
2019-10-29,204.23,207.29,202.64,203.56,600287,209.16
2019-10-30,201.46,207.95,190.05,207.3,1466199,213
2019-10-31,207.13,207.13,200.55,205.87,735423,211.53
2019-11-01,205.86,208.81,203.4,208.57,453491,214.31
2019-11-04,209.49,209.98,204.28,206.37,671204,212.05
2019-11-05,205.84,207.59,203.34,207.1,981099,212.8
2019-11-06,206.07,208.15,204.23,207.84,436873,213.56
2019-11-07,209.24,211.61,205.62,207.3,459396,213
2019-11-08,207.3,214.32,206.72,212.57,632976,218.42
2019-11-11,210.91,215.41,210.04,214.27,384220,220.16
2019-11-12,214.21,216.23,213.44,216.06,459308,222
2019-11-13,215.17,220.65,214.51,220.55,507003,226.62
2019-11-14,220.46,224.69,219.11,224.62,619107,230.8
2019-11-15,225.8,226.56,222.94,226.52,554863,232.75
2019-11-18,226.47,231.55,226.14,228.96,579533,235.26
2019-11-19,229.99,235.36,229.88,233.08,703162,239.49
2019-11-20,236.49,254.51,236.49,253.94,1661345,260.93
2019-11-21,254.98,256.61,251.42,254.46,1066552,261.46
2019-11-22,254.4,256.28,251.24,256.26,646481,263.31
2019-11-25,257.33,261.97,256.92,260.08,692176,267.24
2019-11-26,260.82,267.96,260.44,266.76,1033471,274.1
2019-11-27,267.97,272.45,266.78,272.17,513698,279.66
2019-11-29,271.42,271.69,269.39,269.4,247322,276.81
2019-12-02,269.4,270.41,258.08,261.84,938667,269.04
2019-12-03,252.06,265.67,248.19,263.19,913591,270.43
2019-12-04,264.13,267.61,262.08,262.68,504259,269.91
2019-12-05,263.68,266.67,261.3,261.34,543283,268.53
2019-12-06,261.8,263.59,259.03,261.59,524239,268.79
2019-12-09,261.21,264.23,260.8,261.6,285850,268.8
2019-12-10,262.77,264,258.2,258.39,378347,265.5
2019-12-11,258.62,260.21,251.35,255.05,593621,262.07
2019-12-12,253.79,255.39,247.59,247.67,526037,254.48
2019-12-13,247.27,252.36,246.32,250.11,384561,256.99
2019-12-16,251.72,255.11,250.53,252.53,479742,259.48
2019-12-17,254.62,254.62,248.19,249.64,412447,256.51
2019-12-18,249.9,254.98,249.9,252.4,348664,259.34
2019-12-19,252.09,255.73,252.09,254.75,310811,261.76
2019-12-20,256.03,257.53,254.4,256.48,388886,263.54
2019-12-23,256.87,261.36,256.75,257.92,460437,265.02
2019-12-24,257.74,259.53,256.95,257.55,119133,264.64
2019-12-26,258.26,262.8,258.26,261.53,332600,268.72
2019-12-27,262.76,263.56,258.97,261.69,463328,268.89
2019-12-30,260.8,261.59,249.19,255.39,505622,262.42
2019-12-31,253.05,258.33,252.07,257.67,849193,264.76
2020-01-02,258.89,264.7,258.54,264.52,424632,271.8
2020-01-03,262.27,266.35,260.93,265.41,361983,272.71
2020-01-06,260.03,270.75,259.85,270.64,508211,278.09
2020-01-07,270.95,275.03,269.38,272.01,476393,279.49
2020-01-08,273.03,278.97,272.12,275.54,599631,283.12
2020-01-09,278.12,280.12,275.71,277.65,528244,285.29
2020-01-10,278.83,280.54,276.58,277.93,436859,285.58
2020-01-13,281.26,289.14,279.89,287.52,619419,295.43
2020-01-14,287.62,289.56,277.9,278.84,835902,286.51
2020-01-15,281.24,284.67,279.62,281.35,426270,289.09
2020-01-16,282.94,286.52,280.95,286.43,365570,294.31
2020-01-17,288.07,288.58,284.54,288.31,327650,296.24
2020-01-21,288.27,293.15,287.63,291.75,487278,299.78
2020-01-22,295.02,298.17,292.69,295.16,534661,303.28
2020-01-23,309.74,315.33,305.61,306.42,3339494,314.85
2020-01-24,307.86,309.36,303.36,306.38,2197772,314.81
2020-01-27,299.23,306.03,299.23,304.16,14569044,312.53
2020-01-28,304.6,311.33,302.68,310.06,1222622,318.59
2020-01-29,311.86,316.05,309.87,313.43,1081013,322.05
2020-01-30,312.21,317.04,309.49,316.9,642400,325.62
2020-01-31,314.75,315.32,309.36,309.64,920433,318.16
2020-02-03,312.88,316.67,309.66,314.81,977679,323.47
2020-02-04,319.41,328.94,318.33,328.7,1091757,337.74
2020-02-05,332.47,332.84,310.19,313.87,1787689,322.5
2020-02-06,293.02,298.77,280.39,282.93,2720510,290.71
2020-02-07,282.49,291.7,282.49,285.67,1016121,293.53
2020-02-10,285.67,291.97,284.67,290.01,856012,297.99
2020-02-11,291.4,292.56,284.25,286.87,874978,294.76
2020-02-12,287.78,288.66,280.56,288.43,651476,296.36
2020-02-13,287.1,298.4,286.48,295.17,769858,303.29
2020-02-14,296.56,307.29,296.56,306.01,898539,314.43
2020-02-18,305.86,309.98,303.3,309.64,695312,318.16
2020-02-19,312.71,317.26,311.93,315.79,887261,324.48
2020-02-20,316.19,316.46,297.05,302.02,970239,310.33
2020-02-21,300.64,301.22,291.21,292.35,857870,300.39
2020-02-24,277.76,290.99,277.56,287.85,1079923,295.77
2020-02-25,291.72,293.55,280.14,281.17,951217,288.91
2020-02-26,280.45,292.47,279.98,284.1,731184,291.92
2020-02-27,272.72,285.71,270.24,273.83,925627,281.36
2020-02-28,263.73,276.01,257.43,275.08,1568277,282.65
2020-03-02,280.17,284.5,268.73,284.14,883878,291.96
2020-03-03,285.77,289.67,266.69,274.74,757649,282.3
2020-03-04,279.76,285.83,274.87,285.83,627198,293.69
2020-03-05,280.33,287.49,273.51,274.7,725847,282.26
2020-03-06,266.65,267.61,250.44,260.54,1093687,267.71
2020-03-09,233.6,249,229.39,234.39,1397983,240.84
2020-03-10,239.84,241.88,226.27,233.07,1255270,239.48
2020-03-11,228.25,232.04,211.14,214.77,1386518,220.68
2020-03-12,184.32,213.75,180.41,186.84,2027121,191.98
2020-03-13,200.12,220.58,191.32,220.55,1725847,226.62
2020-03-16,191.09,203.24,179.45,191.01,1371085,196.27
2020-03-17,194.77,211.04,185.39,210.95,1134390,216.75
2020-03-18,193.88,198.89,181.98,187.24,1320986,192.39
2020-03-19,188.31,198.37,177.2,192.26,1234195,197.55
2020-03-20,199.5,212.59,184.93,187.65,1546808,192.81
2020-03-23,185.98,186.85,169,174.15,1693650,178.94
2020-03-24,185.35,196.58,179.26,196.22,1439558,201.62
2020-03-25,197.49,213.09,187.47,205.01,1177036,210.65
2020-03-26,198.78,224.21,196.73,223.07,1129942,229.21
2020-03-27,214.42,217.97,201.91,203.35,1175384,208.94
2020-03-30,204.12,213.14,203.35,207.41,824758,213.12
2020-03-31,204.39,206.65,193.31,196.6,1184430,202.01
2020-04-01,187.83,193.13,178.39,182.42,1074900,187.44
2020-04-02,178.78,181.01,168.44,176.41,1385124,181.26
2020-04-03,175.98,177.12,159.04,160.59,1987004,165.01
2020-04-06,169.34,178.87,166.43,176.98,1581579,181.85
2020-04-07,189.39,198.86,180.29,181.04,1748487,186.02
2020-04-08,185.21,199.68,184.22,197.16,817909,202.58
2020-04-09,203.7,224.59,201.54,216.05,2340727,221.99
2020-04-13,215.13,216.04,204.42,210.56,1034888,216.35
2020-04-14,222.87,227.07,216.33,222.39,938618,228.51
2020-04-15,215.29,220.38,214.03,220.34,809250,226.4
2020-04-16,220.24,223.36,200.49,201.18,1518549,206.71
2020-04-17,210.77,221.45,207.31,218.97,1521941,224.99
2020-04-20,215.67,222.99,213.26,216.41,681140,222.36
2020-04-21,210.63,211.58,199.57,202.63,784267,208.2
2020-04-22,208.52,213.54,207.2,211.91,581362,217.74
2020-04-23,200.1,211.78,199.6,206,1102315,211.67
2020-04-24,208.29,208.97,201.75,206.13,783550,211.8
2020-04-27,212.45,220.98,210.34,220.05,821870,226.1
2020-04-28,229.56,234.55,224.64,230.35,1370776,236.69
2020-04-29,233.09,265.55,232.34,262.77,2306207,270
2020-04-30,257.46,263.79,253.43,254.03,1145944,261.02
2020-05-01,246.63,248.17,229.15,235.19,1380297,241.66
2020-05-04,230.63,242.84,227.25,241.48,714872,248.12
2020-05-05,246.53,254.69,244.39,250.1,690943,256.98
2020-05-06,252.49,253.78,246.44,248.21,570130,255.04
2020-05-07,254.63,267.63,254.63,261.62,1123012,268.82
2020-05-08,266.29,268.56,259.55,264.75,726516,272.03
2020-05-11,262.43,272.71,261.3,266.95,623304,274.29
2020-05-12,267.77,268.66,256.07,256.4,585354,263.45
2020-05-13,255.33,256.67,233.73,236.8,1455813,243.31
2020-05-14,233.52,246.18,227.02,246.04,1139248,252.81
2020-05-15,245.83,257.48,245.57,254.67,960781,261.68
2020-05-18,266.66,279.36,263.99,276.3,1569964,283.9
2020-05-19,277.76,283.07,272.18,272.2,892392,279.69
2020-05-20,268.33,273.42,261.42,266.15,1344353,273.47
2020-05-21,267.64,270.3,261.08,266.94,618342,274.28
2020-05-22,266.66,267.33,259.92,262.14,666281,269.35
2020-05-26,272.5,276.38,268.17,272.8,818965,280.3
2020-05-27,275.52,279.78,264.96,279.37,893381,287.06
2020-05-28,279.32,290.51,277.41,279.52,835379,287.21
2020-05-29,280.29,289.68,278.74,289.27,1189905,297.23
2020-06-01,288.76,301,286.71,297.43,784819,305.61
2020-06-02,297.42,300.07,291.04,298.62,593177,306.84
2020-06-03,300.52,302.14,297.18,298.76,502266,306.98
2020-06-04,295.65,298.44,290.21,295.05,565386,303.17
2020-06-05,302.13,321.76,300.51,320.95,1455658,329.78
2020-06-08,320.13,324.47,315.32,322.16,857453,331.02
2020-06-09,316.3,322.58,315.34,318.83,787479,327.6
2020-06-10,322.13,327.84,310.53,322.62,757779,331.5
2020-06-11,305.38,306.57,286.75,287.76,1070798,295.68
2020-06-12,300.37,307.45,288.34,294.69,664217,302.8
2020-06-15,286.71,302.91,283.49,299.48,563000,307.72
2020-06-16,310.5,312.67,298.1,304.27,696851,312.64
2020-06-17,308.98,308.98,300.4,300.75,443245,309.02
2020-06-18,302.52,311.36,298.69,307.83,621782,316.3
2020-06-19,312.06,315.63,306,309.64,912764,318.16
2020-06-22,310.43,316.56,310.43,314.02,412247,322.66
2020-06-23,317.57,322.43,315.33,320.81,550561,329.64
2020-06-24,317.51,323.04,301.93,304.2,726966,312.57
2020-06-25,302.67,310.39,299.44,308.55,401570,317.04
2020-06-26,310.05,310.41,296.34,298.17,2199666,306.37
2020-06-29,300.49,301.17,285.51,292.32,812694,300.36
2020-06-30,293.85,302.16,291,301.44,1008165,309.73
2020-07-01,302.87,314.51,301.78,311.69,602936,320.26
2020-07-02,317.83,319.75,311.78,312.89,477365,321.5
2020-07-06,317.44,320.6,312.47,312.8,594153,321.41
2020-07-07,308.5,317.55,304.74,305.33,557891,313.73
2020-07-08,306.56,311.59,304.74,310.6,418581,319.14
2020-07-09,313.96,316.05,301.2,305.6,699092,314.01
2020-07-10,305.59,306.79,298.79,300.73,445799,309
2020-07-13,303.85,304.28,282.31,282.48,654620,290.25
2020-07-14,281.05,281.82,269.18,278.77,903123,286.44
2020-07-15,283.66,289.65,281.26,286.31,468248,294.19
2020-07-16,283.49,285.39,278.25,282.53,378096,290.3
2020-07-17,284.4,288.98,278.85,287.17,338719,295.07
2020-07-20,288.34,295.41,284.89,294.69,356780,302.8
2020-07-21,297.27,297.66,284.63,286.03,362507,293.9
2020-07-22,285.85,293.85,285.85,290.08,288132,298.06
2020-07-23,290.03,298.72,280.13,283.4,408224,291.2
2020-07-24,279.43,286.5,274.49,279.29,309636,286.97
2020-07-27,281.27,283.99,278.26,282.52,223134,290.29
2020-07-28,280.93,284.56,278.88,279.11,263311,286.79
2020-07-29,285.16,287.16,282.24,286.54,337684,294.42
2020-07-30,280.84,281.34,270.59,278.86,539596,286.53
2020-07-31,282.18,282.24,269.81,276.76,617190,284.37
2020-08-03,278.47,282.55,275.66,280.37,636827,288.08
2020-08-04,279.15,281,273.91,277.86,787879,285.5
2020-08-05,277.33,296.51,275.61,293.96,1287216,302.05
2020-08-06,290.19,294.39,281.55,290.66,692453,298.66
2020-08-07,289.64,293.19,284.85,288.72,776408,296.66
2020-08-10,287.27,287.27,274.45,281.69,692937,289.44
2020-08-11,281.47,286.92,275.06,277.85,498849,285.49
2020-08-12,279.26,282.52,277.75,280,365777,287.7
2020-08-13,280.35,297.67,280.35,293.8,516672,301.88
2020-08-14,296.03,301.05,292.59,294.96,754461,303.07
2020-08-17,298.1,299.1,290.79,291.04,448658,299.05
2020-08-18,291.79,293,283.34,284.48,428419,292.31
2020-08-19,285.16,287.24,279.62,285.16,410259,293
2020-08-20,282.26,289.52,282.26,285.57,451864,293.43
2020-08-21,284.85,284.85,278.77,279.52,311634,287.21
2020-08-24,281.89,282.24,275.5,276.81,318549,284.43
2020-08-25,276.73,280.27,275.78,279.58,368502,287.27
2020-08-26,281.82,292.03,281.54,287.92,432664,295.84
2020-08-27,287.75,290.54,283.29,285.16,395494,293
2020-08-28,287.04,293.57,286.86,291.81,337155,299.84
2020-08-31,291.63,297.53,291.41,291.44,715905,299.46
2020-09-01,294.84,303.54,292.74,299.29,422978,307.52
2020-09-02,303.14,303.14,293.4,297.13,499574,305.3
2020-09-03,292.6,292.6,272.56,276.4,833649,284
2020-09-04,272.54,277.98,258.05,263.5,676516,270.75
2020-09-08,252.16,272.71,250.97,265.21,719960,272.51
2020-09-09,271.53,278.38,270.88,272.67,537084,280.17
2020-09-10,274.96,281.26,266.44,268.11,315506,275.49
2020-09-11,271.18,271.53,256.3,258.38,507800,265.49
2020-09-14,261.84,267.17,261.53,265.34,307869,272.64
2020-09-15,268.02,273.2,266.41,272.59,387388,280.09
2020-09-16,277.01,283.91,272.92,273.04,410592,280.55
2020-09-17,264.7,271.63,263.51,271.46,480904,278.93
2020-09-18,271.83,274.77,262.55,266.37,816277,273.7
2020-09-21,260.89,267.02,257.9,266.98,632312,274.32
2020-09-22,268.59,272.83,264.18,272.58,394000,280.08
2020-09-23,272.16,275.91,266.13,268.15,275927,275.53
2020-09-24,266.15,271.43,258.6,266.09,355576,273.41
2020-09-25,265.96,277.72,262.98,276.1,315349,283.7
2020-09-28,280.95,283.84,278.34,283.04,341588,290.83
2020-09-29,284.63,296.77,284.41,295.7,703372,303.83
2020-09-30,294.25,304.35,293.22,302.97,1121494,311.3
2020-10-01,307.11,312.69,305.14,311.86,829769,320.44
2020-10-02,317.27,326.23,312.36,322.65,881616,331.53
2020-10-05,323,335.42,318.26,333.69,729259,342.87
2020-10-06,333.21,336.88,326.32,330.2,804556,339.28
2020-10-07,332.84,343.69,326.62,342.41,628219,351.83
2020-10-08,349.45,352.23,345.14,349.9,525504,359.53
2020-10-09,351.33,358.57,351.14,356.2,548882,366
2020-10-12,358.91,360.4,348.48,357.02,448307,366.84
2020-10-13,356.42,366.31,355.38,363.77,562008,373.78
2020-10-14,366.34,369.17,358.71,362.95,313901,372.94
2020-10-15,354.3,368.13,352.31,365.85,291632,375.91
2020-10-16,368.85,374.71,367.42,371.58,291819,381.8
2020-10-19,376.06,379.4,368.51,372.86,369267,383.12
2020-10-20,372.88,382.5,372.88,374.38,284538,384.68
2020-10-21,385.4,386.87,365.26,366,411311,376.07
2020-10-22,366.94,370.88,356.62,367.23,383492,377.33
2020-10-23,370.78,378.57,367.38,378.24,390734,388.65
2020-10-26,371.91,373.45,361.76,368.29,312172,378.42
2020-10-27,371.32,376.62,370.12,372.45,320349,382.7
2020-10-28,363.89,365.62,357.62,361.6,367201,371.55
2020-10-29,362.21,367.76,361.33,363.1,346201,373.09
2020-10-30,360.56,360.9,347.04,354.34,332392,364.09
2020-11-02,354.34,361.53,344.98,350.95,461566,360.6
2020-11-03,356.65,362.64,353.75,359.26,356766,369.14
2020-11-04,369.83,387.19,369.83,386.79,745867,397.43
2020-11-05,383.32,389.05,358.89,363.27,877875,373.26
2020-11-06,362.77,380.18,355.29,377.73,499190,388.12
2020-11-09,385.41,408.74,384.56,394.2,739095,405.05
2020-11-10,389.47,392.13,362.67,367.57,600228,377.68
2020-11-11,377.13,383.94,370.25,371.25,367041,381.46
2020-11-12,372.57,382.53,368.15,369.81,322717,379.98
2020-11-13,371.53,376.54,365.54,371.5,283007,381.72
2020-11-16,371.76,375.41,366.23,369.17,274836,379.33
2020-11-17,368.9,373.72,362.83,371.44,212300,381.66
2020-11-18,370.78,377.31,366.01,370.09,271595,380.27
2020-11-19,372.85,382.64,369.8,382.13,307027,392.64
2020-11-20,380,389.92,376.45,382.2,279485,392.71
2020-11-23,385.18,395.04,382.48,391.71,297910,402.49
2020-11-24,396.5,396.5,385.4,389.76,271119,400.48
2020-11-25,392,398.2,388.61,396.27,323182,407.17
2020-11-27,399.19,406.87,399.19,405.61,169479,416.77
2020-11-30,404.31,411.19,394.17,405.91,496830,417.08
2020-12-01,408.04,410.7,400.79,404.58,303676,415.71
2020-12-02,398.42,409.83,394.09,408.37,281215,419.6
2020-12-03,408.51,425.3,408.51,417.01,361185,428.48
2020-12-04,418.92,427.96,418.92,425.45,378862,437.15
2020-12-07,424.57,430.99,421.54,425.3,291560,437
2020-12-08,425.59,430.31,421.77,428.23,377913,440.01
2020-12-09,425.72,429.2,408.98,410.37,383481,421.66
2020-12-10,408.75,418.69,403.56,415.56,438875,426.99
2020-12-11,414.88,418.65,408.69,412.54,320697,423.89
2020-12-14,415.02,418.49,407.96,414.57,351259,425.98
2020-12-15,418.3,423.08,413.03,413.91,483438,425.3
2020-12-16,413.91,418.62,411.95,411.96,407937,423.29
2020-12-17,412.65,430.41,411.96,429.97,555404,441.8
2020-12-18,430.82,431.97,422.11,428.06,1173267,439.84
2020-12-21,424.02,437.73,419.65,433.66,436034,445.59
2020-12-22,436.04,454.05,434.11,452.68,556446,465.13
2020-12-23,453.38,458.47,448.23,451.94,356750,464.37
2020-12-24,452.57,452.57,445.74,449.76,108688,462.13
2020-12-28,455.47,455.64,443.07,451.18,328271,463.59
2020-12-29,451.58,452.21,433.8,435.61,380380,447.59
2020-12-30,440.5,440.5,434.23,435.92,540602,447.91
2020-12-31,435.12,441.6,432.86,440.14,491475,452.25
2021-01-04,437.95,438.11,410.43,416.28,545199,427.73
2021-01-05,412.14,421.91,409.73,415.45,506381,426.88
2021-01-06,409.73,413.79,400.12,402.81,593307,413.89
2021-01-07,406.92,421.67,406.92,420.18,386532,431.74
2021-01-08,425.41,436.98,423.03,429.32,395510,441.13
2021-01-11,425.03,425.03,415.2,415.72,254238,427.16
2021-01-12,415.85,416.31,404.57,409.53,450667,420.8
2021-01-13,411.65,412.83,402.75,404.42,344262,415.55
2021-01-14,407.03,412.29,399.66,401.93,386520,412.99
2021-01-15,404,404.54,388.18,388.32,598518,399
2021-01-19,389.29,392.49,383.66,386.69,718023,397.33
2021-01-20,388.9,399.55,385.13,397.83,844659,408.77
2021-01-21,399.15,401.22,392.36,393.7,276693,404.53
2021-01-22,393.43,399.95,391.75,398.83,298693,409.8
2021-01-25,401.66,405.2,388.33,399.24,409530,410.22
2021-01-26,399.02,399.45,380.01,381.69,512617,392.19
2021-01-27,373.35,377.47,364.32,366.38,655868,376.46
2021-01-28,370.05,384.42,369.96,376.43,440634,386.79
2021-01-29,373.47,376.15,363.68,369.57,400658,379.74
2021-02-01,375.51,387.07,373.93,385.84,389484,396.45
2021-02-02,389.51,405.06,383.92,401.04,381087,412.07
2021-02-03,403.39,408.41,398.8,404.35,446417,415.47
2021-02-04,406.77,417.59,403.59,416.7,346339,428.16
2021-02-05,420.79,427.25,418.49,422.59,453144,434.22
2021-02-08,424.33,429.6,415.52,417.98,319013,429.48
2021-02-09,417.81,423.85,413.64,421.43,319052,433.02
2021-02-10,422.38,422.39,408.04,414.3,453295,425.7
2021-02-11,417.87,431.28,391.59,396.41,803201,407.32
2021-02-12,392.98,402.61,391.16,401.92,488161,412.98
2021-02-16,402.8,402.8,378.6,379.55,593643,389.99
2021-02-17,376.04,381.93,366.8,381.26,667635,391.75
2021-02-18,379.52,395.22,374.24,390.8,465747,401.55
2021-02-19,391.54,400.96,388.8,389.42,684638,400.13
2021-02-22,383.16,384.3,369.48,370.55,412130,380.74
2021-02-23,362.54,370.7,346.41,367.26,645351,377.36
2021-02-24,365.91,376.92,356.24,376.61,608992,386.97
2021-02-25,374.57,375.55,354.49,358.45,473377,368.31
2021-02-26,362.75,368.8,357.62,364.22,517747,374.24
2021-03-01,371.38,380.97,370.5,376.59,447335,386.95
2021-03-02,379.9,380.56,369.81,370.03,402701,380.21
2021-03-03,365.68,366.96,351.37,353.36,399500,363.08
2021-03-04,349,354.58,331.71,339.35,507980,348.69
2021-03-05,349.94,370.68,342.31,365.48,855247,375.53
2021-03-08,361.86,370.15,355.58,356.42,590850,366.23
2021-03-09,371.55,380.86,365.79,369.11,440640,379.26
2021-03-10,373.48,385.89,366.91,367.63,459701,377.74
2021-03-11,376.2,385.01,374.16,379.4,339632,389.84
2021-03-12,371.77,374.72,366.88,374.01,310892,384.3
2021-03-15,374.69,383.72,371.31,383.3,375930,393.84
2021-03-16,385.49,386.7,365.33,370.02,334599,380.2
2021-03-17,366.31,379.91,360.21,374.4,309857,384.7
2021-03-18,369.07,369.59,354.52,355.58,356535,365.36
2021-03-19,357.76,368.97,355.21,362.56,580715,372.53
2021-03-22,360.82,375.07,360.82,368.61,382804,378.75
2021-03-23,367.61,372.21,361.14,363.88,277413,373.89
2021-03-24,364.79,366.91,353.63,354.61,291979,364.37
2021-03-25,347.32,354.33,343.75,353.33,377184,363.05
2021-03-26,353.87,362.9,348.83,362.63,388336,372.61
2021-03-29,361.69,364.96,347.07,354.67,271255,364.43
2021-03-30,351.73,353.01,343.63,350.55,438516,360.19
2021-03-31,354.95,365.95,354.2,360.15,667282,370.06
2021-04-01,369.87,373.78,364.56,366.66,380356,376.75
2021-04-05,370.3,372.14,361.57,367.65,585221,377.76
2021-04-06,364.38,374.33,359.92,367.86,533549,377.98
2021-04-07,367.7,368.16,359.82,362.04,341228,372
2021-04-08,366.81,375.94,364.29,368.89,490554,379.04
2021-04-09,366.75,372.4,361.16,371.02,284458,381.23
2021-04-12,366.5,373.38,363.91,370.81,290673,381.01
2021-04-13,373.17,382.8,372.22,379.28,338277,389.71
2021-04-14,380.85,391.42,374.4,376.1,300031,386.45
2021-04-15,378.49,390.12,378.05,387.52,589058,398.18
2021-04-16,389.29,389.29,383.92,387.8,295528,398.47
2021-04-19,385.41,385.41,382.65,382.65,26011,393.18
2021-04-20,381.32,386.86,370.8,372.18,267598,382.42
2021-04-21,372.14,379.67,369.83,377.85,233251,388.25
2021-04-22,379.71,387.1,374.41,379.58,362426,390.02
2021-04-23,386.06,389.67,381.86,388.89,332479,399.59
2021-04-26,387.5,392.83,381.71,390.22,297737,400.96
2021-04-27,392.24,393.93,386.39,389.52,260003,400.24
2021-04-28,388.56,393.23,385.02,390.36,268106,401.1
2021-04-29,390.78,390.78,378.24,383.68,298487,394.24
2021-04-30,380.55,384.7,373.51,374.12,343215,384.41
2021-05-03,376.42,376.62,366.5,368.76,319401,378.9
2021-05-04,364.01,365.02,341.77,344.81,788410,354.3
2021-05-05,344.99,346.47,326.8,331.96,718628,341.09
2021-05-06,329.31,329.47,312.65,318.39,718019,327.15
2021-05-07,321.9,329.73,314.63,318.81,556891,327.58
2021-05-10,314.96,316.03,304.96,308.71,530113,317.2
2021-05-11,300.37,316.99,298.54,312.69,528446,321.29
2021-05-12,307.3,311.15,295.9,297.31,589659,305.49
2021-05-13,301.76,304.54,294.34,300.66,648190,308.93
2021-05-14,307.57,318.76,304.58,317.57,511664,326.31
2021-05-17,312.19,314.26,306.57,313.57,549555,322.2
2021-05-18,314.84,319.8,311.77,313.33,376065,321.95
2021-05-19,306.56,312.04,303.13,311.38,476139,319.95
2021-05-20,312.42,326.59,312.41,322.94,692347,331.82
2021-05-21,326.17,327.08,318.81,321.4,576177,330.24
2021-05-24,326.08,331.87,324.15,327.43,959625,336.44
2021-05-25,328.32,330.61,320.89,321.16,1218668,330
2021-05-26,323.01,327.92,321.58,326.55,722790,335.53
2021-05-27,325.43,326.31,320.19,322.11,796155,330.97
2021-05-28,325.4,328.18,320.12,320.78,354064,329.6
2021-06-01,321.73,323.5,313.99,316.76,333041,325.47
2021-06-02,316.65,320.88,314.71,316.11,420299,324.81
2021-06-03,311.65,312.42,306.99,310.86,395790,319.41
2021-06-04,314.93,318.11,312.59,313.65,492010,322.28
2021-06-07,309.49,315.67,308.51,311.67,584767,320.24
2021-06-08,316.29,320.71,313.44,317.58,390538,326.32
2021-06-09,318.94,323.71,318.52,318.91,366346,327.68
2021-06-10,319.67,327.08,318.13,326.43,623968,335.41
2021-06-11,328.29,331.74,326.39,330.9,592001,340
2021-06-14,331.46,333.93,329.56,331.89,280047,341.02
2021-06-15,330.8,333.03,325.9,326.18,310185,335.15
2021-06-16,327.21,330.32,318.33,323.59,433089,332.49
2021-06-17,321.46,340.06,321.2,339.17,724135,348.5
2021-06-18,337.71,345.92,335.68,342.91,878453,352.34
2021-06-21,342.21,348.71,337.82,347.15,298368,356.7
2021-06-22,347.14,352.88,345.78,351.88,302346,361.56
2021-06-23,353.28,357.13,352.2,355.34,352468,365.12
2021-06-24,358.6,360.34,356.2,357.51,268955,367.35
2021-06-25,359.31,360.39,356.14,358.93,467200,368.8
2021-06-28,362.71,365.79,356.12,363.5,307783,373.5
2021-06-29,364.35,366.18,360.58,363.94,257481,373.95
2021-06-30,363.49,363.49,353.25,353.74,289259,363.47
2021-07-01,352.43,367.15,349.2,363.59,1071178,373.59
2021-07-02,368.41,374.49,365.05,373.58,626368,383.86
2021-07-06,375.59,380.32,370.31,377.69,554801,388.08
2021-07-07,380.42,382.09,372.84,376.85,272209,387.22
2021-07-08,369.83,375.49,364.63,372.25,473520,382.49
2021-07-09,373.63,375.51,369.6,373.32,438385,383.59
2021-07-12,374.69,377.91,365.35,366.06,302893,376.13
2021-07-13,365.93,367.62,360.36,362.06,384278,372.02
2021-07-14,364.72,364.72,357.24,360.09,328490,370
2021-07-15,357.97,361.51,352.48,360.03,327584,369.93
2021-07-16,363.92,366.91,361.68,362.87,265665,372.85
2021-07-19,355.96,363.74,353.57,357.56,357483,367.4
2021-07-20,361.17,374.11,358.03,368.45,437942,378.59
2021-07-21,368.44,373.17,365.83,372.76,247620,383.02
2021-07-22,373.17,376.58,372.24,375.22,219534,385.54
2021-07-23,379.56,385.32,377.15,385.3,270599,395.9
2021-07-26,385.32,385.4,377.94,380.83,258470,391.31
2021-07-27,380.53,381.3,371.85,378.16,220644,388.56
2021-07-28,379.54,386.17,378.25,384.66,189369,395.24
2021-07-29,384.79,391.61,384.31,389.31,277231,400.02
2021-07-30,386.99,394.07,386.99,389.29,400469,400
2021-08-02,390.76,392.23,385.17,389.23,338779,399.94
2021-08-03,388.46,392.02,385.03,389.33,460046,400.04
2021-08-04,423.35,433.46,416.45,431,869664,442.86
2021-08-05,435.75,445.36,432.93,445.03,832561,457.27
2021-08-06,443.46,454.15,442.05,453.96,625252,466.45
2021-08-09,455.47,462.47,450.81,456.01,642403,468.56
2021-08-10,456.48,459.84,441.93,446.07,610418,458.34
2021-08-11,446.92,453.26,444.74,451.27,345371,463.68
2021-08-12,450.11,460.13,447.1,459.9,379625,472.55
2021-08-13,458.93,459.81,444.92,451.31,614378,463.73
2021-08-16,449.61,461.71,446.05,460.76,431560,473.44
2021-08-17,458.03,458.37,447.41,450.15,412491,462.53
2021-08-18,449.63,454.38,445.97,446.93,281791,459.23
2021-08-19,444.67,452.07,441.68,444.84,352217,457.08
2021-08-20,447.55,459.79,447.55,456.85,301170,469.42
2021-08-23,459.12,465.28,457.42,464.05,294562,476.82
2021-08-24,464.48,473.37,464.48,472.58,238437,485.58
2021-08-25,473.76,477.6,470.31,471.17,203469,484.13
2021-08-26,471.57,474.06,467.16,468.27,190626,481.15
2021-08-27,470.51,476.91,467.42,471.72,232919,484.7
2021-08-30,472.48,477.27,471.72,475.76,175234,488.85
2021-08-31,478.12,478.12,473.3,475.81,409502,488.9
2021-09-01,473.13,479.9,472.99,478.83,312281,492
2021-09-02,480.29,488.9,479.82,487.39,426201,500.8
2021-09-03,484.67,489.78,482.2,482.97,270573,496.26
2021-09-07,479.62,480.54,469.96,470.36,396790,483.3
2021-09-08,469.29,473.57,464.55,465.38,405798,478.18
2021-09-09,466.94,476.32,465.38,467.25,300213,480.1
2021-09-10,469.89,471.48,461.89,462.9,224647,475.63
2021-09-13,464.72,464.72,448.78,453.13,418436,465.6
2021-09-14,455.33,456.52,450.36,455.49,476601,468.02
2021-09-15,454.26,462.37,454.26,462.28,574137,475
2021-09-16,462.28,469.54,461.32,469.09,356996,482
2021-09-17,469.09,472.19,464.23,469.45,1066523,482.37
2021-09-20,460.34,471.32,456.21,471.03,457599,483.99
2021-09-21,474.93,484.52,473.47,479.34,451994,492.53
2021-09-22,480.78,489,479.6,487.05,490780,500.45
2021-09-23,491.05,499.33,488.89,497.57,283931,511.26
2021-09-24,496.34,501.72,494.31,501.68,274309,515.48
2021-09-27,498.02,498.29,489.7,493.44,321772,507.02
2021-09-28,484.93,485.7,473.94,475.33,564432,488.41
2021-09-29,481.08,486.97,478.63,481.75,443284,495
2021-09-30,481.61,488.58,480.74,482.48,720330,495.75
2021-10-01,484.21,493.61,481.98,492.07,436310,505.61
2021-10-04,486.61,486.61,470.88,481.36,692366,494.6
2021-10-05,482.48,492.29,482.28,484.75,489458,498.09
2021-10-06,480.35,493.92,479.58,493.9,275102,507.49
2021-10-07,499.26,507.85,497.58,497.99,365553,511.69
2021-10-08,501.21,503.02,490.63,491.54,171244,505.06
2021-10-11,487.72,495.13,487.72,488.27,234727,501.7
2021-10-12,492.21,499.93,489.94,495.77,231593,509.41
2021-10-13,498.76,503.12,498.58,502.51,207423,516.33
2021-10-14,508.28,515.73,506.84,510.16,254145,524.2
2021-10-15,512.76,513.12,502.91,504.88,449912,518.77
2021-10-18,505.86,508.27,502.97,507.22,366621,521.17
2021-10-19,510.52,513.15,504.15,504.8,351539,518.69
2021-10-20,506.07,507.47,498,498.9,401048,512.63
2021-10-21,498.29,519.67,498.29,519.63,322130,533.93
2021-10-22,520.68,532.05,520.19,521.47,241748,535.82
2021-10-25,523.87,524.5,523.87,524.5,24893,538.93
2021-10-26,527.2,528.23,519.62,522.81,212057,537.19
2021-10-27,521.9,524.18,514.63,517.1,242771,531.33
2021-10-28,519.69,525.51,517.25,522.93,224738,537.32
2021-10-29,519.84,534.26,519.84,533.18,279874,547.85
2021-11-01,533.26,538.93,528.47,531.95,382449,546.58
2021-11-02,542.8,544,532.54,538.42,515989,553.23
2021-11-03,522.62,522.62,487.83,498.61,814640,512.33
2021-11-04,505.29,506.08,497.01,498.29,559940,512
2021-11-05,501.41,508.84,490.35,490.89,489957,504.4
2021-11-08,495.67,501.17,493.78,497.73,374755,511.42
2021-11-09,499.51,502.82,488.56,493.75,328382,507.33
2021-11-10,489.78,493.07,473.94,478.44,288571,491.6
2021-11-11,482.11,482.22,474.22,474.94,434577,488.01
2021-11-12,475.91,478.29,471.41,477.11,387244,490.24
2021-11-15,480.35,480.35,467.48,471.12,345120,484.08
2021-11-16,469.86,477.44,468.66,472.99,278467,486
2021-11-17,472.99,472.99,458.36,464.3,305901,477.07
2021-11-18,463.03,465.86,456.35,456.83,329713,469.4
2021-11-19,461.68,462.47,451.29,457.92,392177,470.52
2021-11-22,457.42,457.51,436.2,440.59,316856,452.71
2021-11-23,437.61,442.18,424.66,436.37,432216,448.37
2021-11-24,431.44,442.75,428.81,440.19,318864,452.3
2021-11-26,437.46,445.45,424.6,426.12,264572,437.84
2021-11-29,433.18,437.53,427.53,435.45,339115,447.43
2021-11-30,432.82,438.24,422.58,425.77,489424,437.48
2021-12-01,431.99,434.09,410.34,410.79,396508,422.09
2021-12-02,409.17,430.13,409.17,427.32,533258,439.08
2021-12-03,426.89,428.37,398.37,406.64,603898,417.83
2021-12-06,404.12,411.33,397.08,407.38,338466,418.59
2021-12-07,417.68,430.54,416.08,423.73,451825,435.39
2021-12-08,423.94,427.15,413.62,424.07,275753,435.74
2021-12-09,423.83,425.91,412.69,412.97,296514,424.33
2021-12-10,415.87,420.83,404.06,408.48,279446,419.72
2021-12-13,407.78,412.86,402.17,404.34,371713,415.46
2021-12-14,398.27,402.67,387.35,394.27,398378,405.12
2021-12-15,394.92,404.75,389.03,403.78,289960,414.89
2021-12-16,405.68,405.68,385.27,388.68,326118,399.37
2021-12-17,386.59,397.98,378.78,395.93,819689,406.82
2021-12-20,390.14,395.93,386.87,389.82,447280,400.54
2021-12-21,393.19,407.27,393.19,405.59,351094,416.75
2021-12-22,405.83,416.48,402.74,410.46,399938,421.75
2021-12-23,409.85,414.88,405.91,412.48,169734,423.83
2021-12-27,412.55,415.87,409.43,414.94,366198,426.36
2021-12-28,418,418.42,409.21,409.72,171231,420.99
2021-12-29,410.85,410.85,399.65,406.04,169736,417.21
2021-12-30,407.18,411.51,405.19,406.52,238799,417.7
2021-12-31,407,407.71,403.03,404.07,527588,415.19
2022-01-03,404.07,404.94,388.7,394.1,662891,404.94
2022-01-04,394.69,394.69,374.12,381.38,1144227,391.87
2022-01-05,378.09,378.09,349.13,351.28,1532322,360.94
2022-01-06,347.85,353.11,340.66,347.28,1268139,356.83
2022-01-07,346.59,352.38,341.62,346.27,874836,355.8
2022-01-10,340.84,354.74,333.81,354.27,672229,364.02
2022-01-11,354.27,360,348.27,357.37,500364,367.2
2022-01-12,356.34,365.63,345.64,348.48,458025,358.07
2022-01-13,348.28,350.24,333.18,333.38,535667,342.55
2022-01-14,331.04,336.96,321.16,325.05,921428,333.99
2022-01-18,317.74,323.96,312.78,314.09,588447,322.73
2022-01-19,317.28,328.78,316.45,320.93,631353,329.76
2022-01-20,328.14,332.72,318.57,319.48,618943,328.27
2022-01-21,318.53,319.2,301.22,301.7,885795,310
2022-01-24,294.64,317.55,290.24,317.55,250105,326.29
2022-01-25,307.84,311.43,291.04,296.51,749187,304.67
2022-01-26,307.53,311.19,289.22,293.97,654700,302.06
2022-01-27,300.71,302.02,289.28,292.92,756623,300.98
2022-01-28,295.02,308.88,288.73,308.74,522363,317.23
2022-01-31,309.58,326.95,309.58,326.32,548922,335.3
2022-02-01,327,330.59,318.81,329,481109,338.05
2022-02-02,328.19,328.79,314.35,316.84,380357,325.56
2022-02-03,308.55,313.56,305.6,306.25,460599,314.68
2022-02-04,309.69,321.05,301.71,317.04,455586,325.76
2022-02-07,317.61,325.96,314.78,319.78,742544,328.58
2022-02-08,317.62,327.83,316.42,326.04,881049,335.01
2022-02-09,356.4,357.61,340.65,355.17,1334518,364.94
2022-02-10,344.45,361.39,342.81,354.63,797617,364.39
2022-02-11,352.24,359.03,336.02,340.2,836522,349.56
2022-02-14,337.73,342.65,334.07,336.46,544765,345.72
2022-02-15,341.26,345.4,335.58,338.87,375426,348.19
2022-02-16,332.16,336.03,322.44,335.26,599439,344.48
2022-02-17,330.88,332.31,318.42,318.95,383684,327.72
2022-02-18,320.87,320.87,306.5,310.04,441564,318.57
2022-02-22,307.62,317.76,306,312.09,433563,320.68
2022-02-23,315.08,317.86,305.87,306.46,462109,314.89
2022-02-24,295.06,319.63,294.43,315.81,1070701,324.5
2022-02-25,318.96,327.4,311.43,326.65,672969,335.64
2022-02-28,326.42,333.54,324.99,330.13,609948,339.21
2022-03-01,331.55,334.96,323.38,325.64,463312,334.6
2022-03-02,330.23,330.23,320.05,329.14,306521,338.2
2022-03-03,332.42,332.42,313.33,315.28,297952,323.95
2022-03-04,316.74,322.9,301.91,310.01,453315,318.54
2022-03-07,312.62,316.17,293.03,293.27,498568,301.34
2022-03-08,290.24,290.24,286.69,286.69,24987,294.58
2022-03-09,295.13,307.15,291.76,302.88,296977,311.21
2022-03-10,295.63,302.16,293.63,301.38,399338,309.67
2022-03-11,306,306,294.45,295.1,314133,303.22
2022-03-14,292.93,302.34,285.67,289.69,373798,297.66
2022-03-15,291.97,297.96,289.69,297.82,444321,306.01
2022-03-16,300.95,318.86,300.94,318.46,540543,327.22
2022-03-17,315.72,334.93,312.36,333.92,671384,343.11
2022-03-18,332.32,351.82,331.94,349.41,983340,359.02
2022-03-21,345.86,350.36,336.77,342.45,508627,351.87
2022-03-22,342.05,354.88,338.51,347.68,527061,357.24
2022-03-23,344.95,344.95,334.03,335.06,405882,344.28
2022-03-24,336.22,339.64,329.46,339.51,239481,348.85
2022-03-25,340.48,341.66,324.45,332.12,370522,341.26
2022-03-28,333.07,340.05,329.98,338.75,240341,348.07
2022-03-29,346.58,353.75,341.31,350.08,380227,359.71
2022-03-30,345.56,346.92,336.3,337.96,521299,347.26
2022-03-31,340.97,345.88,337.11,337.11,486934,346.38
2022-04-01,337.69,343.28,334.51,341.58,448997,350.98
2022-04-04,343.69,354.06,342.91,349.04,278439,358.64
2022-04-05,348.59,349.57,338.92,344.67,368670,354.15
2022-04-06,337.37,338.84,324.66,326.08,482310,335.05
2022-04-07,324.44,332.71,314.34,319.29,808750,328.07
2022-04-08,317.4,319.59,313.09,315.02,798789,323.69
2022-04-11,312.13,314.54,306.9,308.25,430454,316.73
2022-04-12,313.42,322.52,308.18,308.95,378285,317.45
2022-04-13,309.13,318.83,308.57,316.38,341492,325.08
2022-04-14,318.7,318.71,309.12,310.81,339749,319.36
2022-04-18,308.22,308.78,292.24,300.19,710899,308.45
2022-04-19,300.63,311.37,298.93,310.43,436074,318.97
2022-04-20,312.48,313.24,302.12,303.55,298499,311.9
2022-04-21,308.02,311.4,294.91,295.75,408117,303.89
2022-04-22,297.05,298.84,287.57,288.05,335570,295.97
2022-04-25,285.49,298.02,285.49,295.33,527766,303.46
2022-04-26,290.88,292.23,277.16,277.17,530506,284.8
2022-04-27,277.39,286.92,274.52,274.75,530228,282.31
2022-04-28,281.5,289.71,273.98,287.43,768258,295.34
2022-04-29,285.28,290.04,273.44,273.93,729492,281.47
2022-05-02,275.32,285.13,270.92,284.88,599133,292.72
2022-05-03,284.55,289.06,275.17,280.74,881283,288.46
2022-05-04,297.9,321.1,284.29,319.41,1469110,328.2
2022-05-05,313.85,315.37,288.77,292.99,686528,301.05
2022-05-06,287.36,293.76,271.15,287.34,638323,295.24
2022-05-09,279.6,279.6,266.07,272.67,656710,280.17
2022-05-10,279.4,285.48,264.89,276.38,806771,283.98
2022-05-11,272.47,278.83,257.4,259.01,572685,266.14
2022-05-12,254.32,272.9,252.99,267.63,778452,274.99
2022-05-13,272.5,284.29,272.5,280.83,474505,288.56
2022-05-16,277.37,282.88,271.68,272.32,431073,279.81
2022-05-17,280.71,283.67,267.35,274.1,367838,281.64
2022-05-18,270.03,271.51,257.93,261.74,359719,268.94
2022-05-19,261.37,271.17,258.43,262.44,458993,269.66
2022-05-20,266.66,269.98,257.76,269.38,586676,276.79
2022-05-23,269.04,271.93,258.94,267.03,441478,274.38
2022-05-24,262.45,264.53,257.47,259.55,700323,266.69
2022-05-25,258.87,270.97,258.87,267.5,350935,274.86
2022-05-26,268.35,274.29,265.99,274.15,407083,281.69
2022-05-27,277.89,286.51,277.89,286.4,444704,294.28
2022-05-31,285.88,287.36,273.67,276.73,751860,284.34
2022-06-01,280.87,286.61,274.02,274.62,403145,282.18
2022-06-02,274.71,295.23,274.62,294.98,402344,303.1
2022-06-03,287.81,294.26,286.39,290.53,341060,298.52
2022-06-06,294.44,296.44,287.93,293.92,503434,302.01
2022-06-07,291.44,301.45,289.38,299.08,284865,307.31
2022-06-08,300.39,305.01,296.79,303.65,493334,312
2022-06-09,301.63,305.85,293.91,294.3,444314,302.4
2022-06-10,289.88,290.79,278.44,286.51,403121,294.39
2022-06-13,273.83,279.56,260.99,261.31,423312,268.5
2022-06-14,262.02,266.71,260.31,263.21,403199,270.45
2022-06-15,267.46,271.71,259.86,266.49,385532,273.82
2022-06-16,258.66,260.64,248.97,253.01,537507,259.97
2022-06-17,254.54,261.96,254.54,257.74,778115,264.83
2022-06-21,262.77,270.08,262.15,264.71,389827,271.99
2022-06-22,261.97,268.9,261.97,265.86,232911,273.17
2022-06-23,269.11,279.96,265.54,278.48,340004,286.14
2022-06-24,282.42,298.73,282.42,298.32,603063,306.53
2022-06-27,298.2,303.26,291.3,292.05,346745,300.08
2022-06-28,290.68,294.67,278.85,278.97,306815,286.64
2022-06-29,278.74,281.1,272.73,276.57,317417,284.18
2022-06-30,273.03,275.66,266.05,272.62,466068,280.12
2022-07-01,273.17,283.76,272.37,283.37,345740,291.17
2022-07-05,279.73,305.59,276.93,304.9,551967,313.29
2022-07-06,304.29,308.37,300.65,304.37,448918,312.74
2022-07-07,302.68,319.56,302.68,317.28,512137,326.01
2022-07-08,310.47,321.07,309.52,314.63,366794,323.29
2022-07-11,310.48,314.24,305.06,311.37,286584,319.94
2022-07-12,311.43,314.49,284.86,288.85,697522,296.8
2022-07-13,281.77,294.41,279.28,287.47,336437,295.38
2022-07-14,283.89,285.34,273.84,282.96,395755,290.74
2022-07-15,287.65,294.35,284.45,293.75,365812,301.83
2022-07-18,296.74,304.05,290.79,291.75,325641,299.78
2022-07-19,295.86,303.78,291.2,303.15,424968,311.49
2022-07-20,304.3,322.18,303.63,317.22,453340,325.95
2022-07-21,315.51,322.88,314.54,322.11,298805,330.97
2022-07-22,322.1,325.78,312.96,315.84,342198,324.53
2022-07-25,311.43,311.43,305.51,308.55,283410,317.04
2022-07-26,307.97,307.97,291.43,294.8,521883,302.91
2022-07-27,301.81,313.37,299.23,311.63,401279,320.2
2022-07-28,311.8,319.6,297.21,317.83,785979,326.57
2022-07-29,318.76,321.89,313.11,321.64,484867,330.49
2022-08-01,321.13,328.02,314.97,323.17,554138,332.06
2022-08-02,320.41,332.62,320.41,328.81,548228,337.86
2022-08-03,338.68,354.35,333.32,342.9,1097424,352.33
2022-08-04,341.74,351.83,340.63,351.11,451654,360.77
2022-08-05,344.48,363.73,344.48,360.1,593266,370.01
2022-08-08,359.38,366.01,357.58,358.14,398996,367.99
2022-08-09,356.48,366,350.78,361.54,494129,371.49
2022-08-10,373.72,374.5,363.92,367.23,447797,377.33
2022-08-11,372.33,374.14,365.78,367.78,456506,377.9
2022-08-12,367.88,383.43,365.95,383.36,573274,393.91
2022-08-15,381.34,392,381.34,388.23,464895,398.91
2022-08-16,387.32,390.64,382.45,386.36,332849,396.99
2022-08-17,381.68,385.55,378.06,380.22,363429,390.68
2022-08-18,380.22,382.8,375.42,376.64,288183,387
2022-08-19,372.02,374.24,366.64,366.92,488104,377.01
2022-08-22,360.09,362.57,354.95,358.04,389859,367.89
2022-08-23,358.17,363.5,356.98,358.82,326050,368.69
2022-08-24,362.17,368.1,361.09,361.5,261732,371.45
2022-08-25,364.78,368.56,359.52,364.12,252219,374.14
2022-08-26,363.45,364.95,350.54,350.95,302685,360.6
2022-08-29,344.9,348.59,341.49,341.78,351828,351.18
2022-08-30,345.18,348.2,339.46,347.72,374294,357.29
2022-08-31,351,352.7,341.6,341.8,522644,351.2
2022-09-01,339.13,339.52,328.54,337.29,315123,346.57
2022-09-02,341.7,343.71,332.33,335.24,376250,344.46
2022-09-06,335.72,337.9,331.46,336.66,279628,345.92
2022-09-07,337.77,347.94,336.2,346.62,217222,356.16
2022-09-08,344.14,355.23,342.58,354.8,294129,364.56
2022-09-09,357.37,362.89,357.06,360.26,293525,370.17
2022-09-12,361.59,365.78,358.84,365.63,320105,375.69
2022-09-13,350.82,355.66,348.95,351.69,295037,361.37
2022-09-14,355.28,359.47,349.12,354.29,310009,364.04
2022-09-15,350.36,357.01,340.36,342.17,355253,351.58
2022-09-16,337.91,343.28,333.89,340.24,637763,349.6
2022-09-19,336.91,342.65,336.91,342.04,238733,351.45
2022-09-20,339.65,342.17,335.49,337.63,238756,346.92
2022-09-21,340.61,346.25,333.47,334.09,218180,343.28
2022-09-22,332.93,333.85,317.72,319.67,392879,328.46
2022-09-23,315.02,318.34,308.88,317.03,470304,325.75
2022-09-26,315.9,322.95,311.69,312.34,345558,320.93
2022-09-27,318,323.02,315.33,319.5,243963,328.29
2022-09-28,320.03,334.34,317.72,332.63,343922,341.78
2022-09-29,328.18,329.66,323.73,325.48,385702,334.43
2022-09-30,324.8,331.79,320.88,321.15,453999,329.99
2022-10-03,323.89,330.02,319.04,327.63,392099,336.64
2022-10-04,338.49,344.63,336.75,340.26,424067,349.62
2022-10-05,334.71,347.63,334.57,342.25,325786,351.67
2022-10-06,341.31,347.31,335.5,344.13,527650,353.6
2022-10-07,337.25,338.57,328.33,329.34,455396,338.4
2022-10-10,330.12,330.12,308.39,315.31,402121,323.98
2022-10-11,314.9,318.55,303.11,310.87,487837,319.42
2022-10-12,311.12,313.01,301.99,303.03,517048,311.37
2022-10-13,293.11,307.07,288.62,305.05,444163,313.44
2022-10-14,307.67,312.2,290.11,290.73,422874,298.73
2022-10-17,301.1,311.87,300.74,307.21,382616,315.66
2022-10-18,318.44,324.26,313.26,320.33,401883,329.14
2022-10-19,315.81,317.04,306.48,311.92,242127,320.5
2022-10-20,312.5,320.38,305.78,309.79,403754,318.31
2022-10-21,309.61,315.33,301.76,314.36,374292,323.01
2022-10-24,316.44,316.44,302.88,315.34,346294,324.02
2022-10-25,316.63,328.68,316.63,328.13,346768,337.16
2022-10-26,319.72,333.42,319.27,322.18,308701,331.04
2022-10-27,325.78,330.72,322.79,324.87,284043,333.81
2022-10-28,325.25,332.52,319.92,332.47,390011,341.62
2022-10-31,330.49,338.93,328.39,336.74,598222,346
2022-11-01,343.74,344.45,329.36,333.53,719517,342.71
2022-11-02,333.98,334.04,307.54,307.98,809286,316.45
2022-11-03,306.14,329.14,304.31,317.59,615913,326.33
2022-11-04,321.17,321.17,287.89,298,920560,306.2
2022-11-07,300.47,300.47,283.45,288.28,785747,296.21
2022-11-08,290.09,301.04,282.91,296.7,469792,304.86
2022-11-09,293.48,293.48,285.31,291.49,379825,299.51
2022-11-10,312.32,327.75,312.32,320.92,656759,329.75
2022-11-11,321.86,338.51,318.77,331.24,598066,340.35
2022-11-14,327.01,329.97,318.72,320.99,333596,329.82
2022-11-15,331.88,340.54,329.75,337.89,447142,347.19
2022-11-16,333.62,335.99,326.8,328.65,476197,337.69
2022-11-17,321.16,322.59,306.84,309.82,551395,318.34
2022-11-18,316.84,316.84,299.68,307.92,631431,316.39
2022-11-21,304.62,309.47,302.71,306.7,350813,315.14
2022-11-22,306.36,310.95,300.33,310.83,246966,319.38
2022-11-23,310.86,320.51,306.74,318.45,191686,327.21
2022-11-25,318.24,319.64,315.2,318.34,124725,327.1
2022-11-28,315.17,322.46,314.99,316.52,275961,325.23
2022-11-29,316.84,319.65,311.17,313.36,255985,321.98
2022-11-30,312.23,330.74,309.57,330.02,696609,339.1
2022-12-01,329.09,339.64,327.89,336.95,556951,346.22
2022-12-02,328.92,334.3,325.21,330.77,290882,339.87
2022-12-05,326.25,328.33,303.43,307.02,494482,315.47
2022-12-06,307.23,307.23,297.58,304.3,377169,312.67
2022-12-07,304.3,306.34,298.03,300.7,447158,308.97
2022-12-08,302.97,312.36,299.93,310.23,406461,318.76
2022-12-09,309.17,314.69,305.25,305.72,376124,314.13
2022-12-12,305.9,322.42,305.33,317.21,533724,325.94
2022-12-13,333.2,336.73,315.92,319.97,672353,328.77
2022-12-14,319.36,325.33,315.7,318.95,448274,327.72
2022-12-15,312.89,314.53,305.08,306.5,335145,314.93
2022-12-16,304.74,306.9,297.95,303.06,523199,311.4
2022-12-19,302.57,304.46,298.86,301.3,418503,309.59
2022-12-20,298.15,303.25,293.78,295.69,421589,303.82
2022-12-21,296.08,303.62,291.49,302.05,280749,310.36
2022-12-22,296.24,296.83,286.54,295.66,425596,303.79
2022-12-23,293.57,297.39,289.54,297,227265,305.17
2022-12-27,296.35,296.75,290.45,293.54,212354,301.62
2022-12-28,293.1,296.93,291.12,294.53,346562,302.63
2022-12-29,298.97,304.61,294.02,303.52,347520,311.87
2022-12-30,298.52,302.31,297.03,302,317749,310.31
2023-01-03,308.11,309.86,293.92,296.47,251679,304.63
2023-01-04,299.14,300.14,293.34,295.76,433159,303.9
2023-01-05,290.22,290.52,284.14,286.73,474818,294.62
2023-01-06,289.65,289.65,276.63,278.98,1122392,286.65
2023-01-09,281.84,289.85,280.52,284.76,1099463,292.59
2023-01-10,281.77,292.17,278.07,290.35,659295,298.34
2023-01-11,294.15,297.45,292.52,296.1,390334,304.25
2023-01-12,298.21,301.81,290.85,296.13,420545,304.28
2023-01-13,291.68,297.67,291.03,296.31,415736,304.46
2023-01-17,296.3,304.29,294.06,301.99,460332,310.3
2023-01-18,305.94,312.58,301.92,303.42,526034,311.77
2023-01-19,298.69,302.09,295.69,296.64,265337,304.8
2023-01-20,297.09,305.7,295.98,305.07,292601,313.46
2023-01-23,304.93,314.63,302.6,313.45,340449,322.07
2023-01-24,310.83,314.19,309.46,311.35,265744,319.92
2023-01-25,302.52,307.75,289.95,306.18,411603,314.6
2023-01-26,310.72,313.78,306.52,312.85,246822,321.46
2023-01-27,309.7,316.68,309.27,313.61,353691,322.24
2023-01-30,308.94,314.19,307.2,307.31,254468,315.76
2023-01-31,309.24,315.27,307.6,315.27,372908,323.94
2023-02-01,315.39,333.86,314.89,331.65,636871,340.77
2023-02-02,342.45,352.66,339.82,342.97,583376,352.41
2023-02-03,333.39,341.13,327.93,328.41,387757,337.44
2023-02-06,323.81,326.83,319.88,320.86,578319,329.69
2023-02-07,319.58,338.1,316.61,335.3,504667,344.52
2023-02-08,321.16,321.86,303.83,312.61,1536645,321.21
2023-02-09,318.34,321.25,312.29,313.85,1018760,322.48
2023-02-10,310.46,311.82,305.11,308.6,479211,317.09
2023-02-13,310.75,315.09,308.74,314.11,451887,322.75
2023-02-14,311.15,317.69,310.46,316,624246,324.69
2023-02-15,314.65,317.68,309.4,311.43,638066,320
2023-02-16,301.7,307.74,298.75,299.22,597914,307.45
2023-02-17,297.55,297.55,290.29,295.75,966241,303.89
2023-02-21,290.92,293.05,288.16,288.57,465358,296.51
2023-02-22,291.97,296.3,289.65,290.94,492436,298.94
2023-02-23,294.39,294.91,286.54,291.9,238733,299.93
2023-02-24,287.45,287.87,283.97,285.56,313330,293.42
2023-02-27,288.74,288.91,285.55,286.25,480885,294.12
2023-02-28,286.1,289.28,281.01,281.32,654064,289.06
2023-03-01,280.69,282.66,276.56,276.89,530922,284.51
2023-03-02,275.8,281.76,275.15,279.65,464336,287.34
2023-03-03,281.04,285.16,280.83,283.73,777775,291.54
2023-03-06,286.91,291.15,284.62,284.89,463917,292.73
2023-03-07,285.11,287.01,279.7,279.7,336484,287.4
2023-03-08,278.91,281.88,277.23,281.1,369519,288.83
2023-03-09,279.4,285.5,277.37,278.1,441978,285.75
2023-03-10,276.7,277.12,262.46,265.96,703892,273.28
2023-03-13,263.47,272.94,258.55,267.19,700682,274.54
2023-03-14,272.99,275.81,268.37,273,367498,280.51
2023-03-15,269.92,274.12,268.06,270.44,376321,277.88
2023-03-16,270.53,274.51,266.55,272.56,408501,280.06
2023-03-17,272.29,275.6,267.71,269.53,644350,276.94
2023-03-20,267.44,268.39,261.8,263.13,514241,270.37
2023-03-21,264.06,270.57,263.27,269.92,543894,277.35
2023-03-22,269.01,269.2,259.49,259.71,334635,266.85
2023-03-23,262.28,266.74,260.01,265.03,448389,272.32
2023-03-24,265.43,265.52,260.82,264.29,313197,271.56
2023-03-27,266.05,270.13,263.64,265.18,302931,272.48
2023-03-28,264.52,266.6,262.86,265.72,295235,273.03
2023-03-29,269.32,278.48,267.19,278.22,514989,285.87
2023-03-30,284.66,295.63,284.35,288.36,931669,296.29
2023-03-31,289.91,297.9,289.15,295.87,533066,304.01
2023-04-03,292.37,293.88,286.12,290.62,393365,298.62
2023-04-04,292.57,292.7,283.34,284.94,363668,292.78
2023-04-05,283.21,285.41,273.84,277.95,483075,285.6
2023-04-06,275.9,282.15,271.09,281.7,515790,289.45
2023-04-10,278.85,287.9,276.18,286.5,413635,294.38
2023-04-11,284.8,290.61,283.82,287.99,410616,295.91
2023-04-12,291.59,295.22,286.03,286.33,328669,294.21
2023-04-13,288.09,295.64,288.09,294.82,420478,302.93
2023-04-14,292.48,296.63,287.76,295.03,465083,303.15
2023-04-17,295.62,300.22,293.93,299.02,347836,307.25
2023-04-18,303.79,303.79,293.95,297.09,362696,305.26
2023-04-19,295.56,297.9,294.82,296.79,305166,304.96
2023-04-20,293.72,294.83,290.36,291.79,390850,299.82
2023-04-21,293.52,294.18,290.61,292.5,300569,300.55
2023-04-24,293.51,293.81,285.48,290.55,318596,298.54
2023-04-25,287.43,289.4,280.79,280.98,435591,288.71
2023-04-26,284.58,285.16,276.04,278.05,403416,285.7
2023-04-27,280.01,282.38,276.98,281.16,371975,288.9
2023-04-28,278.8,285.69,274.27,282.6,937518,290.37
2023-05-01,282.6,292.49,280.38,289.58,669977,297.55
2023-05-02,288.12,288.12,277.25,281.02,981928,288.75
2023-05-03,283.35,292.66,282.24,285.84,1493653,293.7
2023-05-04,289.08,295.94,272.02,272.49,1103800,279.99
2023-05-05,273.66,275.55,260.49,265.33,1304095,272.63
2023-05-08,264.9,268.17,262.95,267.03,738627,274.38
2023-05-09,264.6,266.86,261.33,261.54,680184,268.74
2023-05-10,265.18,267.64,261.94,265.87,563054,273.18
2023-05-11,265.82,266.13,256.14,258.21,838288,265.31
2023-05-12,258.2,261.75,255.1,261.32,506047,268.51
2023-05-15,260.78,266.3,259.84,264.44,563791,271.72
2023-05-16,262.85,263.85,257.65,258.19,358464,265.29
2023-05-17,260.04,265.99,258.02,265.51,563673,272.81
2023-05-18,267.23,275.61,266.29,274.69,595809,282.25
2023-05-19,276.09,279.09,275.37,277.72,609286,285.36
2023-05-22,278.56,287.61,277.99,281.46,562353,289.2
2023-05-23,278.36,280.82,274.88,276.37,916201,283.97
2023-05-24,273.82,275.69,271.66,273.32,325328,280.84
2023-05-25,276.49,277,270.2,271.55,517105,279.02
2023-05-26,273.46,277.87,272.93,273.8,366662,280.95
2023-05-30,279.19,280.21,272.27,272.69,433840,279.82
2023-05-31,270.52,273.69,266.19,273,1149525,280.13
2023-06-01,269.63,277.07,266.11,273.95,427916,281.11
2023-06-02,278.2,286.46,277.04,285.85,608106,293.32
2023-06-05,283.9,299.76,283.25,298.14,852085,305.93
2023-06-06,296.65,304.16,296.31,299.61,493895,307.44
2023-06-07,301.37,302.12,292.2,295.24,405268,302.95
2023-06-08,295.19,300.85,293.84,297.24,487080,305.01
2023-06-09,298.86,300.79,296.12,296.94,418372,304.7
2023-06-12,299.46,305.63,298.21,304.61,366010,312.57
2023-06-13,307.56,315.05,306.44,314.52,508974,322.74
2023-06-14,314.52,319.65,309.67,311.76,505300,319.91
2023-06-15,310.12,316.51,307.77,315.7,552169,323.95
2023-06-16,318.95,320.51,309.93,311.77,672194,319.92
2023-06-20,307.99,315.15,306.69,314.25,495622,322.46
2023-06-21,310.97,313.06,302.63,304.48,484435,312.44
2023-06-22,303.03,303.52,298.1,298.94,613491,306.75
2023-06-23,295.58,300.36,295.11,298.4,608535,306.2
2023-06-26,297.07,303.45,296.55,302.89,372517,310.8
2023-06-27,304.62,308.39,301.9,305.97,456397,313.97
2023-06-28,308.06,312.06,301.42,304.28,653615,312.23
2023-06-29,304.28,308.13,302.03,305.69,336161,313.68
2023-06-30,309.11,314.11,307.06,313.06,451812,321.24
2023-07-03,312.03,313.72,309.57,311.48,197366,319.62
2023-07-05,308.99,310.93,306.33,309.79,333267,317.89
2023-07-06,305.69,317.11,304.82,315.63,600392,323.88
2023-07-07,314.39,319.22,312.95,316.25,397901,324.51
2023-07-10,314.84,328.68,314.26,326.34,718869,334.87
2023-07-11,326.29,331,323.37,330.18,443486,338.81
2023-07-12,335.24,336.2,329.03,332.22,504444,340.9
2023-07-13,334.28,342.96,333.41,340.75,509515,349.65
2023-07-14,340.75,346.48,338.74,345.97,709334,355.01
2023-07-17,344.91,351.58,344.81,349.85,362695,358.99
2023-07-18,350.05,355.91,349.32,354.49,500970,363.75
2023-07-19,355.77,359.41,351.72,356.16,380166,365.47
2023-07-20,352.94,354.7,347.16,348.5,304970,357.61
2023-07-21,352.78,352.93,340.93,341.26,509809,350.18
2023-07-24,342.46,346.45,339.32,342.04,406461,350.98
2023-07-25,342.13,345.3,341.47,344.81,239952,353.82
2023-07-26,343.04,351.64,343.04,348.88,356069,358
2023-07-27,352.76,361.55,350.16,351.89,609295,361.09
2023-07-28,357.18,361.64,353.83,359.08,438052,368.46
2023-07-31,360.98,364.52,357.86,359.37,417765,368.76
2023-08-01,357.58,363.64,355.15,361.34,748706,370.78
2023-08-02,324.03,324.03,290.16,291.99,2402414,299.62
2023-08-03,292.13,295.41,280.67,289.39,1836026,296.95
2023-08-04,289.27,289.76,281.13,283.02,1273051,290.42
2023-08-07,282.75,288.03,281.11,285.65,671808,293.11
2023-08-08,282.81,284.56,276.29,284.14,655291,291.56
2023-08-09,282.62,285.65,279.1,279.57,444948,286.88
2023-08-10,280.82,286.51,279.92,284.09,610307,291.51
2023-08-11,280.9,287.74,280.9,284.56,553379,292
2023-08-14,281.59,287.57,280.86,286.76,716668,294.25
2023-08-15,284.31,285.97,283.07,284.53,551068,291.96
2023-08-16,283.02,284.56,281.11,283.4,474052,290.81
2023-08-17,282.61,283.39,273.03,273.26,671974,280.4
2023-08-18,270.96,276.38,269.6,274.16,535726,281.32
2023-08-21,274.72,279.25,274.72,276.43,482339,283.65
2023-08-22,277.78,280.97,277.47,279.56,473325,286.86
2023-08-23,280.95,283.32,278.01,282.49,290574,289.87
2023-08-24,284.42,284.52,276.78,277.33,343826,284.58
2023-08-25,278.65,281.42,276.66,279.47,311482,286.39
2023-08-28,279.67,283.56,278.8,280.69,273979,287.65
2023-08-29,279.93,286.83,278.82,285.95,395146,293.04
2023-08-30,285.82,289.15,284.95,286.56,307050,293.66
2023-08-31,288.03,290.82,286.2,287.71,484222,294.84
2023-09-01,289.9,291.77,286.86,288.64,366471,295.79
2023-09-05,287.61,288.28,283.78,287.01,330082,294.12
2023-09-06,285.92,287.4,283.22,286.05,338757,293.14
2023-09-07,283.12,283.52,276.99,281.62,588356,288.6
2023-09-08,281.7,283.42,276.89,277.44,389772,284.31
2023-09-11,279.3,280.65,276.56,279.04,387949,285.95
2023-09-12,276.44,279.44,276.16,277.27,242309,284.14
2023-09-13,275.92,276.81,270.43,272.64,554178,279.4
2023-09-14,273.88,276.16,272.35,273.56,421928,280.34
2023-09-15,272.5,274.05,270.52,271.2,852915,277.92
2023-09-18,269.65,271.43,267.78,269.42,325816,276.1
2023-09-19,267.5,270.4,264.56,270.21,372672,276.91
2023-09-20,271.42,272.43,261.79,261.99,523154,268.48
2023-09-21,258.59,260.45,255.27,255.36,597273,261.69
2023-09-22,256.43,257.17,250.7,250.94,622366,257.16
2023-09-25,249.81,253.15,249.03,252.07,485783,258.32
2023-09-26,249.77,251.11,246.02,247.47,585559,253.6
2023-09-27,249.22,251.86,248.54,250.86,636464,257.08
2023-09-28,250.74,254.88,248.55,251.23,493561,257.46
2023-09-29,254.35,258.24,252.57,253,483984,259.27
2023-10-02,252.36,255.67,250.67,253.75,501676,260.04
2023-10-03,252.52,256.24,251.58,255.22,593582,261.54
2023-10-04,256.39,259.07,250.94,254.86,497477,261.17
2023-10-05,255.27,256.96,252.2,256.25,359237,262.6
2023-10-06,254.45,265.79,254.45,263.74,517911,270.28
2023-10-09,260.77,269.46,260.77,269.02,330734,275.69
2023-10-10,269.33,273.19,268.17,268.35,386997,275
2023-10-11,269.11,271.54,267.36,271.37,281470,278.09
2023-10-12,271.5,271.5,261.73,262.05,517672,268.54
2023-10-13,262.18,264.93,256.16,258.56,324598,264.97
2023-10-16,259.17,265.15,255.21,263.6,336299,270.13
2023-10-17,262.58,269,261.54,268.58,483980,275.23
2023-10-18,266.09,267.46,260.51,261.74,389666,268.23
2023-10-19,263.56,265.74,257.78,259.08,365107,265.5
2023-10-20,258.46,259.81,250.28,252.83,420353,259.09
2023-10-23,251.23,255.86,248.66,251.42,367810,257.65
2023-10-24,253.29,258.3,250.69,255.13,282827,261.45
2023-10-25,251.9,251.94,242,242.08,445500,248.08
2023-10-26,244.61,247.2,236.78,239.02,471182,244.94
2023-10-27,239.86,240.05,232.42,234.53,570267,240.34
2023-10-30,235.17,236.42,231.14,234.26,846858,240.06
2023-10-31,235.78,241.44,233.23,239.05,1837867,244.97
2023-11-01,148.86,155.16,143.33,147.05,11068415,150.69
2023-11-02,148.53,158.98,142.62,158.73,5212807,162.66
2023-11-03,159.12,161.45,152.28,155.18,3408703,159.02
2023-11-06,157.46,160.07,150.81,157,2966762,160.89
2023-11-07,158.69,165.36,158.08,163.78,1477737,167.84
2023-11-08,163.55,166.5,161.39,163.47,943425,167.52
2023-11-09,165.21,166.77,162.59,163.7,1013875,167.76
2023-11-10,162.06,167.46,161.21,167.02,1016377,171.16
2023-11-13,165.73,168.27,165.16,167.84,908882,172
2023-11-14,170.61,175.99,169.9,172.02,1211165,176.28
2023-11-15,173.65,178.57,172.64,172.83,1128226,177.11
2023-11-16,173.19,174.65,168.57,169.45,953711,173.65
2023-11-17,170.8,173.6,169.08,173.21,1356113,177.5
2023-11-20,173.6,180.07,172.08,178.03,1036752,182.44
2023-11-21,176.29,177.75,173.48,173.81,679197,178.12
2023-11-22,175.56,176.04,173.17,173.21,773334,177.5
2023-11-24,173.23,175.08,172.45,174.54,501810,178.49
2023-11-27,173.51,175.09,171.89,172.22,750447,176.11
2023-11-28,171.74,174.68,170.89,174.32,600933,178.26
2023-11-29,176.52,180.54,176.41,177.28,799985,181.29
2023-11-30,179.25,179.25,173.97,177.64,1371946,181.66
2023-12-01,177.8,181.75,177.03,181.64,1290300,185.75
2023-12-04,180.18,182.64,178.62,182.08,727837,186.2
2023-12-05,181.05,181.4,176.43,178.09,744777,182.12
2023-12-06,179.46,182.72,177.61,181.41,890459,185.51
2023-12-07,180.91,184.14,178.47,181.16,998701,185.26
2023-12-08,179.91,186.55,179.56,182.44,1062264,186.57
2023-12-11,181.99,187.51,181.99,185.05,812518,189.23
2023-12-12,185.37,190.27,182.2,185.25,811645,189.44
2023-12-13,185.36,193.94,183.2,193.77,1019092,198.15
2023-12-14,197.4,202.77,194.87,199.21,1081140,203.71
2023-12-15,198.51,199.84,195.49,198.29,1416151,202.77
2023-12-18,199.09,200.27,195.59,199.12,668598,203.62
2023-12-19,200.47,204.03,200.22,203.38,711115,207.98
2023-12-20,202.2,204.98,198.7,199.52,750474,204.03
2023-12-21,201.04,202.9,197.88,202.03,744339,206.6
2023-12-22,203.49,204.31,199.95,201.05,495099,205.6
2023-12-26,201.44,202.16,199.53,201.76,487945,206.32
2023-12-27,201.63,202.76,200.24,201.14,432962,205.69
2023-12-28,200.89,203.16,200.54,202.97,583643,207.56
2023-12-29,202.42,203.76,200.99,202.15,522956,206.72
2024-01-02,200.44,203.28,199.12,200.08,990153,204.6
2024-01-03,197.11,197.95,189.46,190.15,831823,194.45
2024-01-04,191.23,194.16,189.68,192.15,571701,196.5
2024-01-05,188.76,195.8,188.56,192.79,624518,197.15
2024-01-08,193.01,200.91,192.79,199.63,600618,204.14
2024-01-09,197.52,201.61,197.52,198.53,429470,203.02
2024-01-10,199.89,199.97,195.98,197.53,641691,202
2024-01-11,198.48,198.48,191.75,195.86,832901,200.29
2024-01-12,195.48,196.37,193.11,193.2,573037,197.57
2024-01-16,191.69,192.65,187,190.43,879821,194.74
2024-01-17,188.89,189.71,185.56,187.94,989190,192.19
2024-01-18,190.02,191.44,184.3,191.31,712352,195.64
2024-01-19,191.31,191.73,187.3,189.31,1041508,193.59
2024-01-22,191.36,193.67,186.78,190.89,1505028,195.21
2024-01-23,193.77,198.19,192.22,192.89,793914,197.25
2024-01-24,194.76,194.92,188.8,189.14,680753,193.42
2024-01-25,190.31,192.3,187.64,188.52,808588,192.78
2024-01-26,189.65,191.81,188.86,189.52,801096,193.81
2024-01-29,188.52,191.72,187.74,191.59,626649,195.92
2024-01-30,190.2,193.17,189.43,191.2,490817,195.52
2024-01-31,190.85,191.18,185.89,186.03,563408,190.24
2024-02-01,187.12,188.55,184.07,188.46,993361,192.72
2024-02-02,188.4,191.59,186.78,190.68,911722,194.99
2024-02-05,189.71,190.3,185.77,189.93,798732,194.23
2024-02-06,191.27,194.81,191.04,193.29,1378789,197.66
2024-02-07,193.67,195.7,187.72,194.63,1264093,199.03
2024-02-08,184.75,194.96,181.98,191.42,1777359,195.75
2024-02-09,191.74,193.16,183.31,185.8,1784148,190
2024-02-12,186.16,191.03,186.16,187.46,1129536,191.7
2024-02-13,182.62,184.49,179.93,182.84,1097692,186.97
2024-02-14,184.82,188.08,183.73,185.07,1015821,189.25
2024-02-15,186.77,192.07,185.41,190.08,1612295,194.38
2024-02-16,189.23,191.83,186.55,186.6,904831,190.82
2024-02-20,184.33,186.97,183.99,185.85,745911,190.05
2024-02-21,183.43,183.71,176.53,177.99,697703,182.02
2024-02-22,180.1,181.71,176.72,177.69,1238545,181.71
2024-02-23,177.49,181.15,176.03,180.59,1335554,184.67
2024-02-26,179.98,179.98,175.64,176.1,729587,180.08
2024-02-27,176.63,182.16,176.63,179.05,748320,183.1
2024-02-28,177.66,180.51,177.53,179.54,755412,183.6
2024-02-29,179.78,182.17,177.26,178.36,911862,182.39
2024-03-01,178.29,181.08,177.42,181.04,659825,184.75
2024-03-04,179.71,180.17,173.22,174.47,913620,178.05
2024-03-05,173.22,173.24,167.46,170.4,929677,173.89
2024-03-06,171.64,173.72,170.25,172.35,715119,175.88
2024-03-07,173.45,178.7,172.89,178.03,799786,181.68
2024-03-08,178.71,179.03,175.59,177.58,721146,181.22
2024-03-11,177.52,181.53,177.14,180.79,895177,184.5
2024-03-12,181.22,183.18,178.98,183.08,635121,186.84
2024-03-13,183.28,186.04,183.08,184.47,791245,188.25
2024-03-14,184.95,187.1,183.7,185.99,820050,189.8
2024-03-15,184.64,187.92,182.25,185.89,1680277,189.7
2024-03-18,187.68,189.26,185.4,187.76,756319,191.61
2024-03-19,187.6,187.6,183.94,185.77,691798,189.58
2024-03-20,186.58,188.7,185.79,187.49,493303,191.34
2024-03-21,188.91,190.89,188.12,189.64,565705,193.53
2024-03-22,189.41,189.78,186.18,188.6,459051,192.47
2024-03-25,187.89,188.85,185.54,187.42,397259,191.26
2024-03-26,188.41,188.48,185.91,186.77,1098554,190.6
2024-03-27,189.12,193.54,189.12,193.26,766626,197.22
2024-03-28,194.38,197.74,193.81,195.01,750657,199.01
2024-04-01,194.32,194.96,191.23,194.29,785226,198.28
2024-04-02,188.14,194.2,185.88,193.7,1156163,197.67
2024-04-03,193.24,195.71,192.53,194.81,980768,198.81
2024-04-04,197.9,200.52,193.77,193.78,749683,197.75
2024-04-05,193.15,194.84,189.81,194.3,622269,198.29
2024-04-08,195.84,198.74,194.59,197.8,707186,201.86
2024-04-09,199.12,203.81,198.67,203.64,647914,207.82
2024-04-10,199.45,199.69,195.57,199.22,1152746,203.31
2024-04-11,201.21,201.21,195.72,200.41,521903,204.52
2024-04-12,198.94,198.94,193.78,194.02,758371,198
2024-04-15,193.78,194.18,187.94,188.86,601172,192.73
2024-04-16,187.71,188.3,185.8,186.33,795466,190.15
2024-04-17,186.64,187.39,182.94,183.1,821838,186.86
2024-04-18,183.94,184.79,180.73,181.15,614044,184.87
2024-04-19,180.94,183.42,179.56,179.57,572598,183.25
2024-04-22,180.75,184.61,178.72,182.96,522104,186.71
2024-04-23,183.06,187.67,183.06,184.31,607194,188.09
2024-04-24,184.17,184.78,180.5,184.13,549314,187.91
2024-04-25,181.76,183.13,179.99,182.83,843714,186.58
2024-04-26,184.05,187.9,184.05,185.09,674972,188.89
2024-04-29,185.23,190.76,185.23,189.31,757833,193.19
2024-04-30,187.54,189.66,184.2,184.2,883678,187.98
2024-05-01,183.84,187.12,182.14,182.5,1366077,186.24
2024-05-02,176.38,176.97,155.8,163.37,2756585,166.72
2024-05-03,169.33,172.49,164.14,167.85,1207026,171.29
2024-05-06,169.01,171.78,166.32,170.93,748365,174.44
2024-05-07,170.95,174.47,170.44,172.92,502245,176.47
2024-05-08,170.85,172.46,168.28,168.82,501998,172.28
2024-05-09,168.46,171.12,167.73,170.09,521613,173.58
2024-05-10,170.39,171.48,168.37,169.91,474217,173.39
2024-05-13,170.71,173.11,170.31,170.58,468504,174.08
2024-05-14,171.48,173.44,170.88,171,494624,174.51
2024-05-15,172.91,174.28,169.15,173.88,673364,177.45
2024-05-16,174.25,177.79,174.2,177.43,615277,181.07
2024-05-17,177.48,178.66,176.07,178.62,493214,182.28
2024-05-20,178.64,178.82,174.81,176.67,484817,180.29
2024-05-21,175.95,177.04,174.66,176.06,379313,179.67
2024-05-22,176,177.49,174.66,177.04,646695,180.67
2024-05-23,177.31,178.08,170.89,170.93,629355,174.44
2024-05-24,170.75,171.2,165.19,167.61,759251,170.68
2024-05-28,167.92,168.27,163.24,163.79,824934,166.79
2024-05-29,161.21,163.64,160.53,160.65,876806,163.59
2024-05-30,159.35,159.94,155.32,156.09,959700,158.95
2024-05-31,154.15,154.15,141.29,142.71,2551869,145.32
2024-06-03,144.75,146.27,141.79,142.54,1758485,145.15
2024-06-04,141.88,146.63,141.29,143.99,946199,146.63
2024-06-05,144.24,145.34,141.29,141.72,804493,144.32
2024-06-06,143.06,144.37,140.82,142.64,1076331,145.25
2024-06-07,141.21,144.95,140.16,142.72,792436,145.33
2024-06-10,141.17,143.96,139.85,143.67,878161,146.3
2024-06-11,141.44,142.54,139.74,140.81,883456,143.39
2024-06-12,143.62,145.14,141.01,141.57,694468,144.16
2024-06-13,141.13,141.85,138.14,138.45,725368,140.99
2024-06-14,138.44,141.41,137.6,140.21,795572,142.78
2024-06-17,140.54,142.8,138.68,140.32,1009683,142.89
2024-06-18,139.92,141.67,138.89,138.92,1085363,141.46
2024-06-20,138.7,143.33,138.37,143.06,802757,145.68
2024-06-21,143.16,144.83,141.4,144.75,2648674,147.4
2024-06-24,142.27,144.06,141.41,142.39,657664,145
2024-06-25,142.08,142.08,138.62,138.99,721691,141.54
2024-06-26,138.5,140.06,137.18,138.46,1023893,141
2024-06-27,138.46,140.67,137.48,139.23,584795,141.78
2024-06-28,139.59,140.48,138.02,140.47,995008,143.04
2024-07-01,140.39,140.78,138.3,139.74,699888,142.3
2024-07-02,140.22,141.47,137.83,139.61,712872,142.17
2024-07-03,139.94,141.85,139.55,140.54,458017,143.11
2024-07-05,140.29,140.41,138.13,139.41,427715,141.96
2024-07-08,140.08,140.19,137.26,137.83,666262,140.35
2024-07-09,137.38,138.37,136.99,137.64,741760,140.16
2024-07-10,137.92,138.11,137.02,137.76,581730,140.28
2024-07-11,139.45,142.23,138.16,141.88,764144,144.48
2024-07-12,143.37,147.72,142,145.76,908242,148.43
2024-07-15,146.72,154.03,145.55,153.3,1091013,156.11
2024-07-16,153.58,159.58,153.5,158.13,987334,161.03
2024-07-17,157.12,158.85,153.77,157.79,752906,160.68
2024-07-18,157.79,159.33,151.04,152.01,735534,154.79
2024-07-19,152.17,155.6,149.71,155.26,747768,158.1
2024-07-22,156.56,157.68,152.13,157.11,610777,159.99
2024-07-23,157.49,164.96,156.55,162.44,997170,165.42
2024-07-24,162.19,164.46,155.35,155.73,700105,158.58
2024-07-25,156.39,164.34,155.62,159.96,651979,162.89
2024-07-26,161.09,162.06,158.69,161.08,585889,164.03
2024-07-29,161.83,164.85,160.34,161.28,560868,164.23
2024-07-30,161.29,164.2,159.18,162.49,644147,165.47
2024-07-31,164.61,167.46,163.1,163.79,1338887,166.79
2024-08-01,170.89,175.68,162.45,164.37,1693220,167.38
2024-08-02,161.96,163.84,155.81,161.35,845636,164.31
2024-08-05,154.39,160.46,153.49,155.23,3179816,158.07
2024-08-06,155.86,159.26,155.16,155.55,668224,158.4
2024-08-07,157.08,159.66,149.79,149.99,774951,152.74
2024-08-08,151.14,157.81,150.1,156.42,710350,159.29
2024-08-09,155.71,156.57,154.25,155.2,470466,158.04
2024-08-12,155.56,155.91,150.67,150.95,514351,153.71
2024-08-13,151.21,154.56,149.71,153.83,707163,156.65
2024-08-14,153.43,153.81,150.63,152.38,575553,155.17
2024-08-15,154.69,158.1,154.69,156.82,742894,159.69
2024-08-16,155.85,157.95,154.29,157.12,1418882,160
2024-08-19,157.12,158.09,155.42,156.04,482840,158.9
2024-08-20,155.54,156.01,154.45,155.7,467114,158.55
2024-08-21,156.48,158.54,154.47,157.91,438030,160.8
2024-08-22,157.91,158.39,156.08,157.26,440767,160.14
2024-08-23,158.1,160.71,156.94,160.29,582722,163.23
2024-08-26,161.37,163.14,160.55,162.02,447388,164.61
2024-08-27,161.5,161.89,159.05,160.54,494174,163.1
2024-08-28,160.68,162.51,159.32,160.48,528735,163.04
2024-08-29,161.79,162.55,160.15,160.98,349849,163.55
2024-08-30,161.42,161.88,158.96,160.22,648520,162.78
2024-09-03,159.17,160.99,157.94,158.75,651005,161.29
2024-09-04,158.24,159.77,156.23,157.48,555961,160
2024-09-05,156.9,158.51,153.33,153.76,3017943,156.22
2024-09-06,153.77,155.58,150.67,152.47,982147,154.91
2024-09-09,153.24,161.93,153.19,161.24,1025288,163.82
2024-09-10,162.06,165.04,159.2,164.98,744471,167.62
2024-09-11,164.47,165.9,158.44,165.85,820523,168.5
2024-09-12,167.14,167.58,162.95,164.92,1037560,167.55
2024-09-13,165.5,168.37,164.86,166.72,826184,169.38
2024-09-16,167.43,169.57,166.37,166.43,602182,169.09
2024-09-17,166.84,169.67,165.72,166.38,484030,169.04
2024-09-18,166.53,171.41,165.96,168.25,614614,170.94
2024-09-19,172.12,172.25,168.45,170.21,609540,172.93
2024-09-20,170.28,170.52,165.94,167.56,1306303,170.24
2024-09-23,168.89,170.06,166.11,169.87,557038,172.58
2024-09-24,171.44,172.36,169.19,170.99,525083,173.72
2024-09-25,170.55,170.62,165.07,165.2,524330,167.84
2024-09-26,167.56,167.56,155.54,164.83,1586885,167.46
2024-09-27,165.97,167.67,164.54,165.16,467889,167.8
2024-09-30,164.57,165.18,162.74,163.95,501615,166.57
2024-10-01,164.13,164.5,160.29,163.69,504764,166.31
2024-10-02,163.65,165.19,161.74,164.11,345397,166.73
2024-10-03,162.56,164.33,161.99,163.94,348612,166.56
2024-10-04,165.55,165.91,163.48,165.33,356196,167.97
2024-10-07,164.8,164.8,160.71,161.04,398098,163.61
2024-10-08,161.29,161.91,157.31,157.42,560943,159.94
2024-10-09,158.94,161.08,157.48,161.03,620247,163.6
2024-10-10,160.37,161.54,158.24,161.4,536253,163.98
2024-10-11,161.53,162.56,159.91,159.94,377905,162.5
2024-10-14,160.43,162.34,159.37,162.09,515629,164.68
2024-10-15,162.33,166.7,161.84,162.34,511847,164.93
2024-10-16,162.36,162.9,160.16,161,497744,163.57
2024-10-17,161.29,162.81,158.7,162.65,524563,165.25
2024-10-18,163.96,164.87,161.58,163.28,376637,165.89
2024-10-21,163.61,169.34,163.36,165.18,810993,167.82
2024-10-22,164.55,165.1,162.75,163.78,409476,166.4
2024-10-23,162.75,163.78,160.06,161.8,357951,164.39
2024-10-24,164.3,164.34,161.51,162.58,671208,165.18
2024-10-25,163.33,164.24,161.17,162.04,328427,164.63
2024-10-28,162.95,166.03,162.58,164.72,524672,167.35
2024-10-29,164.18,166.93,162.91,164.91,573702,167.54
2024-10-30,164.36,172.15,164.36,169.54,1238154,172.25
2024-10-31,186.7,218.8,186.22,205.74,2560033,209.03
2024-11-01,204.46,209.24,200.08,207.34,1117336,210.65
2024-11-04,206.85,209.78,205.59,208.13,818398,211.46
2024-11-05,207.64,215.6,206.18,215.1,1044583,218.54
2024-11-06,218.96,230.01,218.95,227.46,1344141,231.09
2024-11-07,227.07,227.07,222.73,223.62,594075,227.19
2024-11-08,222.86,225.5,220.48,225.15,492992,228.75
2024-11-11,226.91,227.37,222.36,224.12,468882,227.7
2024-11-12,223.43,226.39,223.13,225.29,627439,228.89
2024-11-13,224.8,227.47,223.42,224.22,427864,227.8
2024-11-14,223.43,224.5,219.6,221.14,504550,224.67
2024-11-15,220.34,220.94,216.36,216.42,478120,219.88
2024-11-18,215.4,217.01,213.08,215.46,373047,218.9
2024-11-19,211.82,216.39,209.72,213.51,415399,216.92
2024-11-20,214.2,217.19,212.7,216.32,661449,219.78
2024-11-21,218.02,224.08,217.43,223.45,396846,227.02
2024-11-22,224.33,227.1,223.23,226.7,372363,230.32
2024-11-25,229.13,232.9,228.66,231.32,652919,234.63
2024-11-26,230.93,233.41,229.3,232.9,479576,236.24
2024-11-27,233.65,233.98,228.37,231.67,496141,234.99
2024-11-29,231.97,232.89,227.74,228.65,346719,231.92
2024-12-02,228.51,231.62,227.86,229.13,621255,232.41
2024-12-03,227.04,229.5,225.11,226.63,609409,229.88
2024-12-04,227.25,228.8,223.36,228.47,439917,231.74
2024-12-05,228.47,229.26,224.78,228.54,406811,231.81
2024-12-06,229.71,234.82,229.7,233.14,488075,236.48
2024-12-09,233.43,235.2,228.13,231.62,686713,234.94
2024-12-10,232.26,232.82,229.16,232.33,447539,235.66
2024-12-11,234.61,239.31,231.68,236.86,673599,240.25
2024-12-12,236.23,237.01,234.63,236.61,583595,240
2024-12-13,236.15,236.15,229.69,231.19,459919,234.5
2024-12-16,231,232.27,227.28,228.78,599528,232.06
2024-12-17,228.19,233.23,227.73,229.68,801446,232.97
2024-12-18,227.38,229.91,206.44,206.53,1083175,209.49
2024-12-19,209.85,210.79,202.65,204.07,952420,206.99
2024-12-20,202.62,207.82,201.36,204.3,1603871,207.23
2024-12-23,203.24,205.32,201.02,203.99,389761,206.91
2024-12-24,203.68,207.02,202.9,206.79,147458,209.75
2024-12-26,205.67,207.03,204.44,206.15,436893,209.1
2024-12-27,204.66,206.78,201.95,203.8,351181,206.72
2024-12-30,201.81,202.97,198.26,201.55,289664,204.44
2024-12-31,202.23,203.32,200.68,202.08,313644,204.97
2025-01-02,204.08,204.18,196.99,198.56,530595,201.4
2025-01-03,200.21,201.04,197.91,200.98,410707,203.86
2025-01-06,202.16,212.21,201.28,204.11,573448,207.03
2025-01-07,204.77,205.17,198.82,199.25,421523,202.1
2025-01-08,197.63,198.55,194.34,196.6,449175,199.42
2025-01-10,194.6,200.91,194.6,199.15,553991,202
2025-01-13,197.78,198.95,195.77,197.94,350826,200.78
2025-01-14,198.27,200.48,196.63,200.39,290562,203.26
2025-01-15,202.72,205,201.29,202.45,576472,205.35
2025-01-16,202.5,205.25,200.61,205.02,396479,207.96
2025-01-17,207.47,207.47,203.13,206.23,544323,209.18
2025-01-21,207.5,208.71,204.59,206.31,424391,209.26
2025-01-22,205.22,206.24,202.72,204.64,319519,207.57
2025-01-23,203.86,203.86,200.95,202.35,708407,205.25
2025-01-24,204.42,207.46,203.42,204.57,305285,207.5
2025-01-27,204.01,211.14,204.01,209.91,715067,212.92
2025-01-28,210.86,214.85,207.71,210.73,420796,213.75
2025-01-29,210.02,210.02,203.2,203.55,482630,206.47
2025-01-30,203.85,206.31,201.02,202.36,323753,205.26
2025-01-31,204.66,208.72,202.36,204.63,531682,207.56
2025-02-03,202.06,203.68,197.79,202.34,651867,205.24
2025-02-04,202.79,203.1,200,202.35,471649,205.25
2025-02-05,201.01,203.33,196.66,203.23,587495,206.14
2025-02-06,204.61,204.82,200.94,202.11,438553,205
2025-02-07,204.57,205.08,196.29,196.96,372080,199.78
2025-02-10,199.76,202.15,197.57,201.87,525400,204.76
2025-02-11,200.02,204.64,199.32,200.5,752529,203.37
2025-02-12,197.69,204.89,196.35,204.13,1240030,207.05
2025-02-13,212.74,214.42,197.18,208.99,1259291,211.98
2025-02-14,210.26,210.26,204.6,206.27,900288,209.22
2025-02-18,207.6,211.35,206.45,210.55,667026,213.57
2025-02-19,209.5,213.17,206.08,213.12,469853,216.17
2025-02-20,212.01,212.44,207.23,211.37,324377,214.4
2025-02-21,211.96,211.96,206.52,210.05,597496,213.06
2025-02-24,211.33,217.48,208.12,216.09,813600,219.19
2025-02-25,215.92,217.77,214.01,215.98,768950,219.07
2025-02-26,216.15,218.96,215.83,216.64,636524,219.74
2025-02-27,217.33,218.32,212.61,213.29,885491,216.35
2025-02-28,213.11,218.28,213.11,216.37,822597,219.47
2025-03-03,216.05,221.32,215.06,217.1,1016838,220.21
2025-03-04,215.78,217.61,212.82,214.14,875909,217.21
2025-03-05,212.61,215.86,211.72,214.32,894705,217.39
2025-03-06,209.75,213.26,200.66,200.74,851221,203.62
2025-03-07,201.22,210.63,200.03,210.01,707555,213.02
2025-03-10,212.71,223.32,211.84,214.33,996061,217.02
2025-03-11,212.97,213.61,203.61,204.1,794416,206.66
2025-03-12,206.51,207.64,200.29,204,600166,206.56
2025-03-13,203.07,203.07,196.67,200.31,575924,202.82
2025-03-14,201.2,205.6,201.2,205.41,410843,207.99
2025-03-17,208.16,218.1,207.36,213.34,898023,216.01
2025-03-18,211.05,214.72,208.01,214.34,697024,217.03
2025-03-19,214.97,217.84,211.39,214.75,578981,217.44
2025-03-20,213.79,216.13,212.64,212.76,496852,215.43
2025-03-21,210.32,216.61,208.19,215.6,2944716,218.3
2025-03-24,217.33,221.53,216.35,220.9,580342,223.67
2025-03-25,222.21,224.46,219.64,220.67,440643,223.44
2025-03-26,221.93,223.67,218.51,219.96,476744,222.72
2025-03-27,219.29,223.04,217.19,223.02,452024,225.82
2025-03-28,222.87,225.62,215.13,216.04,547962,218.75
2025-03-31,214.34,218.04,211.03,215.77,674084,218.48
2025-04-01,215.55,218.54,211.67,218.16,670910,220.9
2025-04-02,215.21,219.13,212.89,215.77,527824,218.48
2025-04-03,208.99,214.44,203.9,210.79,817821,213.43
2025-04-04,205.77,206.51,192.58,195.66,799486,198.11
2025-04-07,188.64,199.97,183.19,194.1,1213928,196.53
2025-04-08,200,204,189.17,190.68,973571,193.07
2025-04-09,189.36,216.1,188.81,215.79,1162354,218.5
2025-04-10,211.06,212.04,201.05,207.62,593275,210.22
2025-04-11,207.62,213.81,204.95,213.05,406694,215.72
2025-04-14,215.62,218.66,213.18,215.57,544725,218.27
2025-04-15,217.5,218.99,215.44,216.57,453003,219.29
2025-04-16,216.22,216.59,210.47,212.86,371637,215.53
2025-04-17,213.28,215.91,211.24,214.22,403703,216.91
2025-04-21,211.55,213.12,199.21,203.65,616854,206.2
2025-04-22,205.34,210.94,205.19,208.9,368304,211.52
2025-04-23,213.21,221.5,213.21,216.52,393953,219.23
2025-04-24,215.96,223.72,214.37,223.06,331857,225.86
2025-04-25,222.64,226.03,221.02,224.78,348959,227.6
2025-04-28,224.96,226.62,221.72,223.69,507832,226.49
2025-04-29,222.95,226.91,222.42,225.73,410345,228.56
2025-04-30,221.36,224.16,218.03,223.59,588793,226.39
2025-05-01,224.9,228.33,223.25,224.29,499349,227.1
2025-05-02,225.58,228.53,224.35,224.55,456065,227.37
2025-05-05,222.52,227.57,222.52,224.47,459961,227.28
2025-05-06,221.96,225.94,221.45,224.97,576099,227.79
2025-05-07,225.36,226.07,220.59,225.84,758016,228.67
2025-05-08,239.99,251.33,230.11,246.26,1502012,249.35
2025-05-09,245.96,251.96,244.69,249.57,730429,252.7
2025-05-12,256.51,256.78,249.06,255.18,952327,258.38
2025-05-13,254.81,258.4,254.36,256.99,535353,260.21
2025-05-14,256.14,256.84,252.18,254.04,696638,257.22
2025-05-15,253.04,254.54,248.56,253.28,715693,256.46
2025-05-16,253.13,258.07,252.19,257.14,488505,260.36
2025-05-19,253.1,257.18,253.1,256.71,370783,259.93
2025-05-20,255.1,258,254.09,257.46,277164,260.69
2025-05-21,256.54,258.45,252.98,254.06,358804,257.25
2025-05-22,253.19,259.55,252.01,258.26,529885,261.5
2025-05-23,254.82,256.77,252.57,254.71,412519,257.9
2025-05-27,256.11,258.68,250.67,258.4,446736,261.26
2025-05-28,258.82,259.79,256.14,256.62,322685,259.46
2025-05-29,257.47,258.45,251.76,252.88,515304,255.68
2025-05-30,253.64,256.51,250.74,256.25,913126,259.09
2025-06-02,256.25,257.15,250.18,256.7,590687,259.54
2025-06-03,257.15,261.18,253.96,260.91,590794,263.8
2025-06-04,260.9,262.7,256.8,261.9,663228,264.8
2025-06-05,262.58,264.83,259.35,261.04,523967,263.93
2025-06-06,263.82,264.12,260.74,262.8,348678,265.71
2025-06-09,262.68,263,252.42,255.62,762067,258.45
2025-06-10,255.07,255.76,249.8,251.34,501615,254.12
2025-06-11,251.84,252.66,248.01,249.04,484328,251.8
2025-06-12,250.83,250.83,243.55,248.1,685856,250.85
2025-06-13,245.41,246.11,240.98,242.32,552423,245
2025-06-16,243.85,245.33,241,243.71,478869,246.41
2025-06-17,242.47,243.98,239.07,239.08,561214,241.73
2025-06-18,239.25,239.88,229.09,230.27,1013838,232.82
2025-06-20,231.24,232.32,227.09,229.61,1415297,232.15
2025-06-23,229.18,231.04,226.64,230.42,515347,232.97
2025-06-24,232.43,232.88,228.13,232.48,547789,235.05
2025-06-25,232.15,232.78,219.78,220.35,901587,222.79
2025-06-26,221.5,224.79,218.73,222.99,853742,225.46
2025-06-27,223.33,226.09,221.58,224.74,590049,227.23
2025-06-30,225.85,229.09,224.65,228.87,605442,231.4
2025-07-01,227.58,233.21,225.91,231.24,913139,233.8
2025-07-02,231.22,232.73,219.77,225.63,655492,228.13
2025-07-03,226.64,230.85,225.49,230.52,374191,233.07
2025-07-07,229.81,232.43,227.18,229.85,511839,232.39
2025-07-08,231.14,233.65,230,231.41,519360,233.97
2025-07-09,231.42,232.43,228.24,231.52,476489,234.08
2025-07-10,230.95,231.81,226.21,226.85,418438,229.36
2025-07-11,226.37,226.81,217.45,217.79,624587,220.2
2025-07-14,217.82,221.15,215.61,219.57,630712,222
2025-07-15,219.33,221.71,218.45,219.3,468708,221.73
2025-07-16,220.62,221.12,217,220.8,421158,223.24
2025-07-17,221.57,223.97,220.54,222.26,429235,224.72
2025-07-18,224.26,227.63,221.88,227.2,481419,229.71
2025-07-21,228.11,228.17,225.07,225.45,412246,227.94
2025-07-22,226.11,231.88,226.11,230.7,622194,233.25
2025-07-23,230.95,234.63,230.23,233.85,551250,236.44
2025-07-24,233.85,235.89,232.02,235.35,382554,237.95
2025-07-25,235.49,237.51,234.24,236.19,325705,238.8
2025-07-28,236.38,237,233.02,233.85,474885,236.44
2025-07-29,232.99,235.09,230.6,234.85,474923,237.45
2025-07-30,234.19,235.83,230.93,232.99,518410,235.57
2025-07-31,233.29,235.05,228.66,229.01,523556,231.54
2025-08-01,228.59,228.59,222.75,223.96,580498,226.44
2025-08-04,224.95,230.3,223.96,226.81,566698,229.32
2025-08-05,227.26,227.26,220.65,220.83,568350,223.27
2025-08-06,223.87,224.46,217.33,220.82,1636319,223.26
2025-08-07,236.18,246.23,228.83,230.83,1484170,233.38
2025-08-08,231.19,231.65,225.04,227.33,672084,229.85
2025-08-11,227.12,228.08,217.69,218.62,711061,221.04
2025-08-12,219.67,219.87,211.21,212.85,769809,215.21
2025-08-13,212.81,219.87,211.42,219.07,752330,221.49
2025-08-14,216.61,218.01,213.59,213.64,578608,216
2025-08-15,214.2,216.14,213.1,214.8,593622,217.18
2025-08-18,219.13,223.38,219.13,222.81,622685,225.28
2025-08-19,222.46,225.94,221.3,225.44,656611,227.93
2025-08-20,224.33,226.8,221.6,224.47,817234,226.95
2025-08-21,223.02,223.97,220.47,222.85,514826,225.32
2025-08-22,223.25,231.72,222.05,231.33,699286,233.89
2025-08-25,230.8,232.41,227.77,228.62,372438,230.78
2025-08-26,228.13,230.16,223.75,223.86,679248,225.97
2025-08-27,224.35,226.34,223.74,225.76,679135,227.89
2025-08-28,225.68,226.01,223.52,223.6,524333,225.71
2025-08-29,223.68,225.44,223.23,225.02,341240,227.15
2025-09-02,221.92,222.89,214.19,217.94,928001,220
2025-09-03,216.68,219.33,214.59,219.28,830520,221.35
2025-09-04,219.47,223.73,217.47,222.4,631344,224.5
2025-09-05,222.91,225.17,220.32,222.02,445843,224.12
2025-09-08,221.3,222.33,219.67,222.2,436534,224.3
2025-09-09,222.02,222.02,217.17,220.41,589476,222.49
2025-09-10,218.52,221.36,218.09,218.81,596513,220.88
2025-09-11,219.05,225.36,218.57,224.25,468823,226.37
2025-09-12,224.25,224.55,219.9,220.55,379388,222.63
2025-09-15,220.76,221.56,216.01,216.16,485417,218.2
2025-09-16,216.21,216.21,208.54,211.32,766167,213.32
2025-09-17,212.59,216.74,211.38,212.72,688163,214.73
2025-09-18,213.53,216.54,212.11,214.52,626731,216.55
2025-09-19,214.43,216.66,213.82,214.57,1660400,216.6
2025-09-22,213.68,220.28,213.68,218.04,753673,220.1
2025-09-23,218.28,218.62,214.75,217.6,555975,219.66
2025-09-24,217.92,218.46,214.9,215.39,466998,217.42
2025-09-25,214.78,214.78,211.81,212.84,657068,214.85
2025-09-26,215.46,217.14,214.06,215.48,767734,217.51
2025-09-29,215.85,216.7,214.87,216.13,700568,218.17
2025-09-30,214.35,215.07,205.24,206.19,905167,208.14
2025-10-01,206.55,206.55,197.11,197.37,1588526,199.23
2025-10-02,198.62,201.36,196.34,199.5,1254358,201.38
2025-10-03,200.06,201.4,198.13,199.97,679780,201.86
2025-10-06,200.11,202.11,197.72,198.35,1038926,200.22
2025-10-07,199.22,202.08,197.63,201.8,780357,203.71
2025-10-08,201.85,204.56,200.1,203.16,527677,205.08
2025-10-09,204.34,204.46,200.47,200.69,654913,202.59
2025-10-10,201.14,201.71,197.76,197.95,494226,199.82
2025-10-13,196.96,200.35,195.88,199.42,410445,201.3
2025-10-14,197.61,201.16,197.61,198.65,532161,200.53
2025-10-15,200.16,200.67,197.63,197.63,531812,199.5
2025-10-16,198.6,199.68,196.65,198.61,646516,200.49
2025-10-17,198.41,200.54,196.28,198.81,449725,200.69
2025-10-20,198.81,201.34,198.13,199.21,437990,201.09
2025-10-21,199.21,205.39,198.54,204.92,510879,206.86
2025-10-22,204.15,204.56,200.29,200.46,377373,202.35
2025-10-23,200.07,201.56,198.13,198.38,482085,200.25
2025-10-24,200.21,200.33,197.54,197.64,436473,199.51
2025-10-27,195.35,200.97,195.35,198.37,399386,200.24
2025-10-28,197.36,199.53,196.55,196.64,488533,198.5
2025-10-29,193.52,194.76,183.88,184.72,795703,186.46
2025-10-30,184.81,186.65,182.99,183.56,679501,185.29
2025-10-31,182.91,186.32,182.04,185.34,610135,187.09
2025-11-03,185.11,185.11,181.17,183.12,890719,184.85
2025-11-04,183.44,184.47,178.88,180.21,593231,181.91
2025-11-05,179.58,184.54,178.83,181.99,1306212,183.71
2025-11-06,174.65,174.65,155.04,162.48,2050332,164.01
2025-11-07,162.32,162.94,157.87,160.63,944914,162.15
2025-11-10,161.31,165.39,160.98,165.24,987897,166.8
2025-11-11,165.21,168.78,163.82,168.75,932363,170.34
2025-11-12,169.44,169.74,164.45,166.09,988004,167.66
2025-11-13,164.46,165.51,162.47,163.12,976528,164.66
2025-11-14,162.16,164.83,160.76,164.57,890283,166.12
2025-11-17,165.05,167.24,161.67,162.55,847771,164.09
2025-11-18,162.07,163.57,157.85,159.82,610445,161.33
2025-11-19,160.01,160.08,157.51,159.46,607356,160.97
2025-11-20,160.82,160.98,157.51,158.41,694220,159.91
2025-11-21,158.45,161.98,157.65,160.62,1049192,162.14
2025-11-24,160.7,160.7,156.88,158.09,1054157,159.21
2025-11-25,159.42,163.38,158.68,163.18,796618,164.34
2025-11-26,162.59,163.04,159.27,159.68,671601,160.82
2025-11-28,160.19,161.02,159.6,160.03,214455,161.17
2025-12-01,158.87,162.62,158.36,160.67,769516,161.81
2025-12-02,161.71,162.71,159.25,160.81,595019,161.95
2025-12-03,160.75,164,160.75,163.4,447911,164.56
2025-12-04,164.14,166.26,163.27,164.97,645178,166.14
2025-12-05,164.33,168.06,163.37,164.55,807844,165.72
2025-12-08,162.65,164.24,161.29,162.81,816681,163.97
2025-12-09,163.04,164.11,160.99,161.55,690336,162.7
2025-12-10,161.31,162.73,159.92,162.64,825503,163.8
2025-12-11,162.39,167.66,161.76,164.91,796646,166.08
2025-12-12,165.41,168.08,164.43,165.43,643737,166.61
2025-12-15,165.97,166.31,161.35,161.66,835048,162.81
2025-12-16,160.08,162.41,159.17,161.62,578073,162.77
2025-12-17,163.77,169.02,163.77,165.79,984729,166.97
2025-12-18,165.16,166.07,161.44,163.15,1107474,164.31
2025-12-19,162.94,163.48,160.75,161.57,2246192,162.72
2025-12-22,161.67,165.18,161.6,164.25,624280,165.42
2025-12-23,164.41,164.41,157.74,158.5,708178,159.63
2025-12-24,158.27,159.4,157.92,159.27,255010,160.4
2025-12-26,159.01,159.75,158.16,159.28,600015,160.41
2025-12-29,159.23,159.97,157.43,159.63,690724,160.76
2025-12-30,159.12,160.81,158.18,159.39,594804,160.52
2025-12-31,158.68,159.49,157.88,158.24,654926,159.36
2026-01-02,158.3,158.72,150.77,151.32,965378,152.4
2026-01-05,151.87,154.37,150.74,151.92,957543,153
2026-01-06,150.99,156.3,150.67,155.44,640761,156.55
2026-01-07,156.17,157.18,154.4,155.71,630065,156.82
2026-01-08,154.63,157.97,154.3,156.69,703096,157.8
2026-01-09,156.53,156.69,154.3,156.06,469425,157.17
2026-01-12,155.85,158.18,153.63,157.82,928539,158.94
2026-01-13,157.05,157.92,153.4,156.39,945125,157.5
2026-01-14,156.06,156.63,152.65,153.49,709982,154.58
2026-01-15,153.98,156.55,151.39,151.7,769522,152.78
2026-01-16,151.42,151.72,147.36,147.36,925755,148.41
2026-01-20,145.46,148.94,144.58,146.44,998495,147.48
2026-01-21,147.69,149.56,147.03,148.13,869052,149.18
2026-01-22,149.62,152.47,148.95,151.49,814121,152.57
2026-01-23,151.39,152.37,148.24,151.21,784067,152.29
2026-01-26,148.94,149.93,141.87,146.41,1749939,147.45
2026-01-27,145.05,146.19,140.91,141.19,1126710,142.19
2026-01-28,141.2,142.66,138.45,138.66,1229355,139.65
2026-01-29,135.92,138.66,131.2,133.39,2283386,134.34
2026-01-30,133.64,135.26,131.86,133.8,1335728,134.75
2026-02-02,136.01,137.02,132.05,132.37,930750,133.31
2026-02-03,129.41,131.04,123.2,123.45,1912441,124.33
2026-02-04,122.58,129.67,121.75,128.92,1916397,129.84
2026-02-05,130.22,133.52,128.16,130.66,1640828,131.59
2026-02-06,130.94,133.34,126.89,130.05,1898810,130.97
2026-02-09,129.81,132.25,127.5,128.51,1350840,129.42
2026-02-10,129.08,130.82,123.87,124.06,1794898,124.94
2026-02-11,124.11,124.13,116.01,117.87,3155453,118.71
2026-02-12,106.04,119.29,104.16,118.91,4829331,119.76
2026-02-13,120.87,126.1,119.26,124.43,4024568,125.31
2026-02-17,123.69,124.42,118.26,121.46,2796794,122.32
2026-02-18,123.07,124.75,121.52,123.34,3126750,124.22
2026-02-19,122.75,123.11,117.62,119.87,2168903,120.72
2026-02-20,119.7,120.9,113.85,113.9,1936904,114.71
2026-02-23,112.48,115.68,112.13,113.62,2799281,114.43
2026-02-24,113.87,119.38,113.3,118.5,2323854,119.34
2026-02-25,118.72,123.14,117.58,123.04,1915700,123.91
2026-02-26,124.12,129.97,123.36,128.87,2537098,129.79
2026-02-27,126.03,126.23,119.36,124.94,5960469,125.83
2026-03-02,123.21,129.18,123.21,127.39,2438465,128.3
2026-03-03,125.91,131.45,125.91,130.88,2533487,131.81
2026-03-04,129.54,134.57,129.03,133.16,2027608,134.11
2026-03-05,133.29,137.4,133.29,135.7,1923491,136.66
2026-03-06,137.73,137.73,130.11,137.04,1671013,138.01
2026-03-09,135.89,138.26,132.66,137.65,1559045,138.25
2026-03-10,136.51,136.51,129.58,131.34,1376966,131.91
2026-03-11,132.67,134.18,127.2,129.76,1082977,130.33
2026-03-12,130.07,132.49,125.08,126.07,1298077,126.62
2026-03-13,126.49,127.67,124.3,125.16,1085706,125.71
2026-03-16,123.8,125.27,121.78,122.93,4004062,123.47
2026-03-17,123.54,126.53,123.1,125.32,1131803,125.87
2026-03-18,123.46,125.67,123.08,123.95,1215499,124.49
2026-03-19,123.65,127.53,123.23,123.61,930343,124.15
2026-03-20,123.4,126.52,121.06,124.28,14557548,124.82
2026-03-23,124.82,127.25,123.7,126.04,1166116,126.59
2026-03-24,124.52,124.55,117.63,118.44,1241479,118.96
2026-03-25,121.15,122.65,117.27,119.3,1077658,119.82
2026-03-26,118.16,123.86,118.16,122.49,1888906,123.03
2026-03-27,120.7,120.7,115.8,116.55,1115267,117.06
2026-03-30,117.37,121.22,116.87,120.44,906570,120.97
2026-03-31,122.55,124.64,118.6,121.01,756895,121.54
2026-04-01,120.98,122.34,116.99,120.27,765205,120.8
2026-04-02,121.75,124.53,118.78,123.02,727547,123.56
2026-04-06,122.39,123.58,120.47,122.43,1303531,122.97
2026-04-07,123.06,126.36,122.32,123.68,1081570,124.22
2026-04-08,124.09,126.34,117.27,117.32,1006611,117.83
2026-04-09,116.08,116.62,112.35,114.34,1106596,114.84
2026-04-10,113.78,115.17,110.01,113.1,1048228,113.59
2026-04-13,113.65,119.5,113.65,119.09,1095807,119.61
2026-04-14,119.74,122.74,117.92,119.32,869911,119.84
2026-04-15,120.59,125.3,118.48,123.1,899385,123.64
2026-04-16,125.3,126.65,123.8,124.98,827184,125.53
2026-04-17,126.16,127.14,123.59,126.38,986800,126.93
2026-04-20,126.3,133.18,126.3,132.4,1176954,132.98
2026-04-21,132.23,136.37,129.42,129.87,820622,130.44
2026-04-22,131.74,134.24,127.73,129.86,927578,130.43
2026-04-23,126.94,127.66,121.25,124.95,653492,125.5
2026-04-24,124.57,125.49,120.75,123.18,1085257,123.72
2026-04-27,122.88,125.92,121.47,123.37,609776,123.91
2026-04-28,125.36,127.04,123.18,124.28,539110,124.82
2026-04-29,125.03,127.63,123.63,127.37,665542,127.93
2026-04-30,126.01,127.14,123.8,126.21,606571,126.76
2026-05-01,129.3,132.22,126.65,131.39,836171,131.96
2026-05-04,131.25,136.4,130.47,131.65,941883,132.23
2026-05-05,132.77,132.85,128.86,131.11,760468,131.68
2026-05-06,129.14,131.12,124.54,125.81,1378460,126.36
2026-05-07,130.51,138.15,129.31,137.83,2189689,138.43
2026-05-08,136.15,136.47,130.17,136.27,1190727,136.87
2026-05-11,135.49,138.85,133.67,137.84,1204063,138.44
2026-05-12,138.84,140.85,135.25,137,1256336,137.6
2026-05-13,135.46,138.01,131.76,134.31,1192340,134.9
2026-05-14,134.1,135.36,130.37,133.03,1304533,133.61
2026-05-15,135.59,139.84,134.57,135.65,1129047,136.24
2026-05-18,136.24,141.79,136.24,138.57,802251,139.18
2026-05-19,141.55,144.52,139.24,140.56,1102666,141.17
2026-05-20,138.89,138.89,132.96,137.38,905756,137.98
2026-05-21,135.55,136.15,132.58,133.77,812062,134.35
2026-05-22,134.38,138.15,133.92,137.2,513950,137.8
2026-05-26,134.94,136.3,132.37,132.6,643977,132.82
2026-05-27,132.71,137.11,131.28,132.06,598239,132.28
2026-05-28,132.92,138.4,132.15,136.58,786330,136.8
2026-05-29,135.82,143.9,134.78,139.44,1190806,139.67
2026-06-01,141.67,151.13,139.44,148.34,907683,148.58
2026-06-02,143.88,145.23,141.13,143.99,995462,144.23
2026-06-03,142.37,142.37,135.28,137.56,721317,137.79
2026-06-04,141.41,142.6,136.5,136.86,509378,137.08
2026-06-05,138.41,138.94,135.49,137.39,653454,137.62
2026-06-08,134.79,136.62,132.78,135.48,679233,135.7
2026-06-09,133.78,136.76,133,135.92,778213,136.14
2026-06-10,133.88,138.63,133.28,136.5,795891,136.72
2026-06-11,133.27,136.42,129.66,132.02,1277078,132.24
2026-06-12,132.02,134.93,129.79,134.3,857963,134.52
2026-06-15,133.65,139.21,133.28,134.47,1195238,134.69
2026-06-16,134.65,136.65,128.07,128.92,826930,129.13
2026-06-17,127.12,128.5,122.29,123.52,1841287,123.72
2026-06-18,121.03,126.09,120.8,124.65,3261669,124.85
2026-06-22,124.3,125.66,121.78,123.47,1333400,123.67
2026-06-23,126.69,127.86,123.8,124.08,901055,124.28
2026-06-24,124.26,128.28,123.51,127.01,672393,127.22
2026-06-25,125.46,128.37,123.24,124.28,663869,124.48
2026-06-26,125.55,129.76,125.55,128.97,2097503,129.18
2026-06-29,131.52,132.91,126.45,126.97,854023,127.18
2026-06-30,124.89,126.51,123.65,125.47,679532,125.68
2026-07-01,128.59,135.13,127.58,133.74,1333721,133.96
2026-07-02,133.5,138.98,133.5,138.98,907897,139.21
2026-07-06,137.72,140.62,135.46,139.67,911271,139.9
2026-07-07,142.56,145.76,142.28,143.54,976668,143.78
2026-07-08,142,142.05,136.62,138.27,1061601,138.5
2026-07-09,134.53,139.49,132.36,139.33,864730,139.56
2026-07-10,141.34,141.84,137.87,138.85,560274,139.08
2026-07-13,141.03,146.47,140.77,146.26,621057,146.5
2026-07-14,140.11,144.85,139.97,143.43,511622,143.67
2026-07-15,144.71,148.46,143.63,144.49,414927,144.73
2026-07-16,147.61,152.95,146.95,150.23,916331,150.48
2026-07-17,150.02,152.6,145.14,147.7,781895,147.94
2026-07-20,146.09,150.68,143.98,149.46,617407,149.71
2026-07-21,144.97,149.27,143.02,143.98,682827,144.22
2026-07-22,145.07,145.46,137.99,139.07,520578,139.3
2026-07-23,140.59,141.46,136.58,138.47,591315,138.7
2026-07-24,140.65,145.9,140.47,145.11,553106,145.35
2026-07-27,148.86,155.87,147.14,151.05,979759,151.3
2026-07-28,154.43,164.11,154.29,161.46,884989,161.72
2026-07-29,162.34,172.26,162.34,168.64,1056068,168.92
2026-07-30,165.02,165.78,156.15,161.26,1156439,161.52
2026-07-31,160.02,164.73,157.16,163.69,867167,163.96
2026-08-03,167.7,172.26,166.78,168.39,924532,168.67
2026-08-04,165.87,175.25,164.73,175.01,1065798,175.3
2026-08-05,178.36,178.95,172.33,174.51,830409,174.8
2026-08-06,212.54,220.12,207.66,215.62,3831978,215.97
2026-08-07,216.58,222.07,213.21,214.59,1267638,214.94
2026-08-10,212.65,213.82,209.69,213.1,1233761,213.45
2026-08-11,212.62,215.26,209.78,211.88,672217,212.23
2026-08-12,213.14,213.14,204.03,210.93,724685,211.28
2026-08-13,210.65,224.26,207.6,223.26,1270869,223.63
2026-08-14,224.24,224.45,216.07,217.77,545926,218.13
2026-08-17,214.51,216.54,212.19,213.84,476449,214.19
2026-08-18,217.32,221.24,215.08,215.37,708267,215.72
2026-08-19,216.39,222.5,215.61,221.8,598468,222.16
2026-08-20,221.11,226.93,220.76,226.35,650329,226.72
2026-08-21,226.33,230.15,223.5,228.69,668286,229.07
2026-08-24,228.46,232.37,227.425,229.62,490266,229.62
2026-08-25,230.37,233.46,227.2131,231.7,482555,231.7
2026-08-26,226.82,233.21,225.58,232.31,549196,232.31
2026-08-27,233.01,239.92,231.775,237.04,819187,237.04
2026-08-28,236.41,242.5,233.17,238.53,475230,238.53
2026-08-31,235.3,239.58,234.725,239.1,746810,239.1
2026-09-01,241.77,243.28,237.12,237.95,721743,237.95
2026-09-02,237.09,240.585,234.48,236.25,608919,236.25
2026-09-03,240,244.98,237.32,240.52,592222,240.52
2026-09-04,238.14,238.15,230.5601,231.67,662171,231.67
2026-09-08,227.36,228.49,218.16,219.16,1011564,219.16
2026-09-09,219.23,219.94,213.65,215.58,831987,215.58
2026-09-10,216.19,219.12,214.99,216.04,600294,216.04
2026-09-11,216.14,220.31,216.05,218.91,557798,218.91
2026-09-14,224.84,227.3894,218.21,222.85,855287,222.85
2026-09-15,221.63,231.49,220.46,226.76,1087428,226.76
2026-09-16,222.98,228.9,220.1,227.59,653671,227.59
2026-09-17,227.11,230.95,222.25,226.06,658970,226.06
2026-09-18,225.81,227.5,222.03,226.28,2404879,226.28
2026-09-21,226.01,228.39,224.64,226.24,516429,226.24
2026-09-22,232.86,232.86,223.55,224.61,726835,224.61
2026-09-23,225.1,225.63,218.91,221.68,561504,221.68
