date,open,high,low,close,volume,raw_close
2016-01-04,90.18,90.84,89.73,90.75,2116175,101.67
2016-01-05,91.5,91.52,89.23,90.44,1664692,101.32
2016-01-06,89.11,90.5,88.94,89.53,2102983,100.3
2016-01-07,88.23,89.32,87.12,87.29,2119875,97.79
2016-01-08,87.51,88.57,86.88,87.34,2783896,97.85
2016-01-11,87.81,88.45,87.15,87.87,2496211,98.44
2016-01-12,88.82,89.27,87.74,89.16,1804095,99.89
2016-01-13,89.79,91.33,87.08,87.49,2739403,98.01
2016-01-14,87.69,89.57,87.04,89.07,2132821,99.79
2016-01-15,88.74,89.07,86.15,86.93,1865183,97.39
2016-01-19,87.91,88.01,86.25,87.64,1975131,98.18
2016-01-20,86.39,88.2,85.69,87.32,3124413,97.82
2016-01-21,87.7,88.18,86.75,87.44,1732317,97.96
2016-01-22,88.75,88.99,87.16,87.56,1833478,98.09
2016-01-25,87.12,87.61,85.69,85.81,1458997,96.13
2016-01-26,86.16,87.82,85.64,87.6,1415636,98.14
2016-01-27,87.31,88.93,87.24,87.57,2204962,98.1
2016-01-28,88.05,88.55,87.4,87.66,1896241,98.2
2016-01-29,86.38,89.28,85.33,89.26,3839443,100
2016-02-01,88.91,90.14,87.81,89.74,2537990,100.53
2016-02-02,87.33,88.6,87.28,87.61,2556568,98.15
2016-02-03,88.66,92.21,88.32,92.2,2681448,103.29
2016-02-04,92.25,95.5,92.25,94.2,2255170,105.53
2016-02-05,93.7,94.19,92.55,93.81,2105586,105.1
2016-02-08,93.3,93.55,89.68,90.98,3192030,101.93
2016-02-09,90.84,93.01,90.59,92.67,1669874,103.82
2016-02-10,93.11,93.98,91.94,92.27,1188060,103.37
2016-02-11,90.82,92.08,90.39,91.1,1793437,102.06
2016-02-12,91.4,92.79,91.23,92.68,1082501,103.83
2016-02-16,93.76,93.76,92.35,92.83,2152038,104
2016-02-17,93.61,94.08,93.12,93.28,1532068,104.5
2016-02-18,93.11,93.6,92.9,93.28,1060842,104.5
2016-02-19,93.2,93.33,91.91,92.22,1501118,103.31
2016-02-22,92.73,93.77,92.45,93.03,1340773,104.22
2016-02-23,92.39,92.66,90.69,91.24,1358951,102.22
2016-02-24,90.36,91.17,89.98,90.95,1554678,101.89
2016-02-25,91.23,91.86,90.19,91.59,1853664,102.61
2016-02-26,92.21,93.03,91.44,92.15,1679500,103.24
2016-02-29,92.27,92.77,90.82,90.86,1513942,101.79
2016-03-01,91.81,94.2,91.4,94.03,1692322,105.34
2016-03-02,93.47,93.96,92.23,92.96,1673366,104.14
2016-03-03,93.12,95.29,92.36,95.16,1427328,105.84
2016-03-04,95.36,98.98,95.23,97.81,2346442,108.79
2016-03-07,98.16,98.66,96.77,97.63,1937300,108.59
2016-03-08,96.68,97.72,95.87,97.23,1446544,108.14
2016-03-09,97.48,98.32,96.97,98.06,1529478,109.06
2016-03-10,98.68,100.09,98.27,99.49,2660424,110.66
2016-03-11,99.87,100.88,99.44,99.9,2311986,111.11
2016-03-14,99.53,99.84,98.53,98.81,1412553,109.9
2016-03-15,97.87,98.58,97.61,98.4,1117949,109.44
2016-03-16,98.24,99.49,97.84,99.02,1437334,110.13
2016-03-17,99.46,102.09,99.43,101.71,2403795,113.12
2016-03-18,102.09,102.18,101.43,101.49,2890034,112.88
2016-03-21,101.74,101.96,101.37,101.56,1272888,112.96
2016-03-22,101.27,101.47,100.54,101.22,1346667,112.58
2016-03-23,101.05,101.92,100.4,101.42,1299008,112.8
2016-03-24,100.59,100.79,99.8,100.47,1302273,111.74
2016-03-28,100.75,101.35,100.65,101.1,917322,112.45
2016-03-29,100.65,101.43,100.33,101.11,1073649,112.46
2016-03-30,101.82,103.59,101.53,103.4,1988238,115
2016-03-31,103.33,103.68,102.82,102.9,1925191,114.45
2016-04-01,102.45,103.84,101.35,103.61,1295959,115.24
2016-04-04,102.95,103.94,102.77,103.14,1054931,114.71
2016-04-05,102.34,102.9,101.04,101.59,1418140,112.99
2016-04-06,101.62,101.89,100.46,101.85,1043148,113.28
2016-04-07,101.18,101.37,100.06,100.4,954906,111.67
2016-04-08,101.15,101.85,100.66,100.97,900024,112.3
2016-04-11,101.39,102,101.34,101.36,1097031,112.74
2016-04-12,101.58,102.87,101.02,102.55,830919,114.06
2016-04-13,103.23,103.95,102.35,103.91,986713,115.57
2016-04-14,104.11,104.21,103.28,103.87,808336,115.53
2016-04-15,103.67,104.79,103.48,104.58,1172819,116.32
2016-04-18,103.94,104.48,103.71,104.4,959014,116.12
2016-04-19,104.77,106.87,104.42,106.83,1418947,118.82
2016-04-20,106.99,107.63,106.61,107.25,1129253,119.29
2016-04-21,107.78,107.93,106.76,106.86,612469,118.85
2016-04-22,107.37,107.7,106.42,107.55,750882,119.62
2016-04-25,107,107.64,106.86,107.16,696422,119.19
2016-04-26,107.17,107.51,106.38,107.37,989148,119.42
2016-04-27,107.43,107.47,105.76,106.5,1610324,118.45
2016-04-28,105.73,107.33,105.44,106.33,1296414,118.26
2016-04-29,102.2,106.41,100.82,105.61,2207930,117.46
2016-05-02,106.08,106.76,105.24,105.55,1348026,117.4
2016-05-03,104.74,104.84,102.69,103.48,1548783,115.09
2016-05-04,103.11,103.33,102.25,102.44,1369235,113.94
2016-05-05,103.08,103.26,101.85,102.02,1155415,113.47
2016-05-06,102.01,102.99,101.68,102.77,922781,114.3
2016-05-09,102.77,102.77,101.17,101.62,1204129,113.03
2016-05-10,102.29,102.7,101.9,102.52,1077411,114.02
2016-05-11,102.6,103.07,101.88,101.98,1206733,113.43
2016-05-12,102.67,103.57,102.04,102.14,1208906,113.6
2016-05-13,102.61,102.61,100.3,100.66,871830,111.96
2016-05-16,100.81,101.94,100.38,101.55,812767,112.95
2016-05-17,101.37,101.69,100.83,100.95,1166382,112.28
2016-05-18,100.3,100.67,99.33,99.6,1052032,110.78
2016-05-19,99.48,100.63,98.46,98.95,1471007,110.06
2016-05-20,99.72,99.84,98.81,98.97,1365186,110.08
2016-05-23,99.59,99.89,98.91,99.34,1145961,110.49
2016-05-24,99.92,100.27,99.41,99.59,1351763,110.77
2016-05-25,100.04,100.71,99.8,100.37,995689,111.63
2016-05-26,100.53,100.69,99.31,99.41,679074,110.57
2016-05-27,99.76,99.9,99.09,99.59,829444,110.77
2016-05-31,99.68,99.92,98.73,98.77,2014380,109.86
2016-06-01,98.72,99.83,98.02,99.66,2290722,110.84
2016-06-02,99.35,99.41,98.85,99.4,1126215,110.56
2016-06-03,99.2,100.09,99.2,99.79,1233622,110.24
2016-06-06,100.1,101.63,100.04,101.07,1307011,111.65
2016-06-07,101.19,101.91,101.19,101.26,1188470,111.86
2016-06-08,101.03,103,101.03,102.9,1546229,113.67
2016-06-09,102.48,102.77,101.86,102.69,1837177,113.44
2016-06-10,102.2,103.26,101.73,102.95,1915105,113.73
2016-06-13,102.71,103.62,102.04,102.18,1341874,112.88
2016-06-14,101.75,102.4,101.34,101.79,1265330,112.45
2016-06-15,101.9,102.48,101.24,101.39,1533465,112
2016-06-16,100.68,101.62,99.67,101.5,1223108,112.12
2016-06-17,101.61,102.12,100.76,101.48,1825734,112.1
2016-06-20,102.61,103.47,101.8,101.95,1599115,112.62
2016-06-21,102.23,102.23,100.93,101.25,1581997,111.85
2016-06-22,101.6,102.25,101.12,102.17,1184157,112.86
2016-06-23,103.38,104.29,103.2,104.28,1449405,115.2
2016-06-24,101.51,101.92,99.38,99.84,2131970,110.29
2016-06-27,98.63,98.92,96.23,96.87,1926543,107.01
2016-06-28,97.99,98.9,96.89,98.2,1426081,108.48
2016-06-29,99.55,100.21,99.32,100.16,1439563,110.65
2016-06-30,100.48,101.74,99.77,101.74,1660141,112.39
2016-07-01,101.86,103.14,101.4,102.64,1600236,113.39
2016-07-05,101.75,102.26,100.45,100.92,1238491,111.48
2016-07-06,102.74,102.75,99.68,101.23,1539098,111.83
2016-07-07,101.52,102.25,100.78,101.24,774685,111.84
2016-07-08,101.71,104.08,101.29,103.87,1118138,114.74
2016-07-11,104.02,104.55,103.39,103.52,1127638,114.36
2016-07-12,104.32,106.21,104.19,105.9,1422927,116.99
2016-07-13,106.33,106.52,105.32,106.41,967600,117.55
2016-07-14,106.91,107.47,106.67,107.13,1006487,118.35
2016-07-15,107.57,107.84,106.06,107.71,1081093,118.99
2016-07-18,107.46,107.72,107.04,107.42,645701,118.66
2016-07-19,107.2,107.34,106.56,106.98,650755,118.18
2016-07-20,106.88,107.54,106.59,107.06,513831,118.27
2016-07-21,106.95,107.06,106.23,106.53,829209,117.68
2016-07-22,106.5,106.9,106.17,106.55,644497,117.7
2016-07-25,106.43,106.64,105.99,106.58,649997,117.74
2016-07-26,106.64,107.34,106.36,107.17,976182,118.39
2016-07-27,107.24,107.54,106.66,107.13,1042336,118.34
2016-07-28,104.4,106.17,103.84,106.01,1647407,117.11
2016-07-29,105.45,105.77,104.57,105.5,1585759,116.54
2016-08-01,105.86,105.89,104.35,104.92,1615676,115.9
2016-08-02,104.86,105.19,104.09,105.05,1158776,116.05
2016-08-03,105.27,105.88,105,105.53,1242642,116.58
2016-08-04,105.41,105.84,105.22,105.61,1274310,116.67
2016-08-05,106.12,106.27,105.52,105.65,931795,116.71
2016-08-08,105.98,106.43,105.41,105.74,1003234,116.81
2016-08-09,105.58,106.05,104.58,105.84,715724,116.92
2016-08-10,106.03,106.27,105.44,105.45,626789,116.49
2016-08-11,105.69,106.09,105.29,105.89,701187,116.98
2016-08-12,105.67,106.77,105.32,105.7,669664,116.77
2016-08-15,105.8,107.03,105.8,106.85,636206,118.03
2016-08-16,111.37,113.15,109.62,109.78,6115360,121.27
2016-08-17,109.09,109.52,107.79,109.03,2357961,120.44
2016-08-18,109.03,110.36,108.9,110.34,1130260,121.89
2016-08-19,109.85,111.12,109.18,110.95,2425025,122.56
2016-08-22,110.56,111.05,110.26,110.83,924081,122.43
2016-08-23,111.27,111.65,110.48,110.85,770334,122.45
2016-08-24,109.73,110.71,109.58,110.52,903958,122.09
2016-08-25,110.43,111.41,110.3,111.38,1029005,123.04
2016-08-26,111.69,111.84,109.86,110.28,1049088,121.82
2016-08-29,110.35,111.14,110.35,110.67,773891,122.25
2016-08-30,110.84,111.26,110.48,110.91,693387,122.52
2016-08-31,110.76,110.86,109.9,110.48,1020256,122.04
2016-09-01,110.68,111.34,110.38,111.21,1283180,122.85
2016-09-02,111.38,111.95,111.25,111.74,547764,123.44
2016-09-06,111.84,112.35,110.95,111.26,873433,122.16
2016-09-07,110.99,111.59,110.57,111.33,789029,122.24
2016-09-08,111.5,111.5,109.64,109.81,1086708,120.57
2016-09-09,109.51,109.51,106.93,106.93,1509833,117.41
2016-09-12,105.72,108.66,105.29,107.95,4964663,118.53
2016-09-13,106.92,109.36,105.67,107.47,3695982,118
2016-09-14,107.77,107.82,106,106.41,1739888,116.84
2016-09-15,106.01,108.12,105.87,107.66,1562089,118.21
2016-09-16,107.15,107.63,106.61,107.18,1771792,117.68
2016-09-19,107.63,108.12,107.27,107.3,920434,117.81
2016-09-20,108.07,108.38,107.08,107.12,816517,117.61
2016-09-21,107.62,107.84,106.85,107.47,1683139,118
2016-09-22,108.38,108.58,107.37,107.81,1315357,118.37
2016-09-23,107.42,107.71,106.2,106.41,1636479,116.84
2016-09-26,106.34,106.92,105.99,106.04,1560840,116.43
2016-09-27,106.04,106.86,105.97,106.56,1034266,117
2016-09-28,107.97,108.84,107.23,107.79,2310368,118.35
2016-09-29,108.01,109.15,107.84,108.25,1749583,118.86
2016-09-30,108.86,110.36,108.37,110.05,1991364,120.83
2016-10-03,109.62,110.72,109.14,110.42,1814975,121.24
2016-10-04,110.47,111.11,109.47,109.62,1478239,120.36
2016-10-05,110.29,110.49,109.38,109.62,1001864,120.36
2016-10-06,109.24,110.22,109.24,110.07,975502,120.85
2016-10-07,110.35,110.35,107.76,108.25,1214198,118.85
2016-10-10,109.36,109.36,108.12,108.17,781571,118.77
2016-10-11,107.8,107.85,105.95,106.68,1243333,117.13
2016-10-12,106.55,107.19,106.36,106.84,682278,117.31
2016-10-13,105.91,106.84,104.58,106.65,735402,117.1
2016-10-14,107.3,107.47,106.72,106.72,541103,117.18
2016-10-17,106.51,106.87,106.31,106.63,704898,117.08
2016-10-18,107.83,108.25,107.26,107.92,820475,118.49
2016-10-19,108.15,109.3,107.66,109.18,936161,119.88
2016-10-20,108.61,109.34,108.2,109.08,727410,119.77
2016-10-21,108.29,109.42,107.56,109.18,767959,119.88
2016-10-24,109.36,109.98,108.66,108.89,688475,119.56
2016-10-25,108.84,108.84,107.77,107.95,671220,118.53
2016-10-26,107.55,108.34,107.06,107.99,976519,118.57
2016-10-27,107.69,107.69,104.47,106.16,2226860,116.56
2016-10-28,106.31,107.69,106.06,106.96,1262447,117.44
2016-10-31,107.34,107.57,106.38,106.61,1624973,117.06
2016-11-01,106.71,106.98,104.81,105.63,953494,115.98
2016-11-02,105.42,105.71,104.39,104.74,1025775,115
2016-11-03,104.94,105.29,104.43,104.59,832849,114.84
2016-11-04,104.99,105.1,104.22,104.28,943662,114.5
2016-11-07,105.61,107.02,105.33,107,1541893,117.48
2016-11-08,107,107.84,106.33,107.33,823547,117.85
2016-11-09,105.34,108.73,105.03,108.09,2076992,118.68
2016-11-10,108.28,110.8,108.28,109.5,1652306,120.23
2016-11-11,109.06,109.59,106.59,107.33,1472418,117.85
2016-11-14,107.47,108.09,105.36,106.37,1689063,116.79
2016-11-15,106.12,106.68,105.56,106.63,1148807,117.08
2016-11-16,106.71,106.92,106.19,106.7,669177,117.15
2016-11-17,106.98,107.3,105.67,105.91,1115718,116.29
2016-11-18,105.88,106.12,105.23,105.45,1285966,115.78
2016-11-21,106.07,106.67,105.99,106.32,1241743,116.74
2016-11-22,106.94,106.95,105.88,106.41,1197482,116.83
2016-11-23,106,108.12,105.74,108.12,1736180,118.71
2016-11-25,108.1,108.64,108.1,108.45,402816,119.08
2016-11-28,108.17,108.45,107.91,108.1,831733,118.69
2016-11-29,107.61,112.89,106.69,111.28,3949910,122.18
2016-11-30,111.62,111.71,109.33,109.57,2532821,120.3
2016-12-01,109.97,110.23,108.56,109.05,1938725,119.73
2016-12-02,108.94,109.67,108.46,108.91,1031350,119.58
2016-12-05,109.54,110.01,108.51,109.76,2191128,119.76
2016-12-06,109.6,110.15,108.94,109.08,1103731,119.02
2016-12-07,109.73,112.31,109.43,112.05,2927851,122.26
2016-12-08,112.58,113.29,111.76,112.7,1353834,122.96
2016-12-09,112.76,114.02,111.29,113.58,1457451,123.92
2016-12-12,113.94,114.09,112.78,113.17,965338,123.48
2016-12-13,113.79,113.8,112.59,113.4,998605,123.73
2016-12-14,113.34,113.83,112.14,112.35,1094579,122.58
2016-12-15,112.22,113.73,112.15,113.13,1019166,123.43
2016-12-16,113.61,113.62,111.93,112.26,2254135,122.49
2016-12-19,112.11,112.75,111.94,112.73,855202,123
2016-12-20,111.65,111.76,106.75,108.51,4872069,118.39
2016-12-21,108.74,108.86,107.33,108.64,2278527,118.53
2016-12-22,108.05,108.05,106.43,107.41,1894041,117.19
2016-12-23,107.14,107.81,106.58,107.77,1009365,117.59
2016-12-27,108.11,108.78,107.86,108.65,785339,118.55
2016-12-28,108.91,109.46,107.6,107.67,830449,117.48
2016-12-29,107.82,108.15,107.46,107.61,662579,117.41
2016-12-30,107.44,107.6,106.72,107.41,1263284,117.19
2017-01-03,108.13,108.35,106.43,107.14,2532080,116.9
2017-01-04,107.57,107.61,106.73,107.1,1665784,116.85
2017-01-05,106.54,106.67,105.4,106.01,1919866,115.67
2017-01-06,106.06,106.68,105.53,106.5,2055728,116.2
2017-01-09,106.75,107.44,106.29,106.82,1289359,116.55
2017-01-10,107.04,107.21,106.03,106.18,1044255,115.85
2017-01-11,106.11,107.23,105.49,107.16,1081164,116.92
2017-01-12,107.23,107.74,106.8,107.46,1169291,117.25
2017-01-13,107.44,107.82,106.99,107.31,1404642,117.08
2017-01-17,106.88,107.43,106.65,107.16,1495906,116.92
2017-01-18,106.97,107.34,106.75,106.87,1585556,116.6
2017-01-19,106.78,107.14,106.15,106.41,2090378,116.1
2017-01-20,106.48,107.59,106.21,107.59,1416754,117.39
2017-01-23,107.43,107.77,106.77,106.94,1825583,116.68
2017-01-24,107.42,108.36,107.23,107.87,3630187,117.69
2017-01-25,108.05,110.16,107.49,109.59,3997519,119.57
2017-01-26,106.81,109.76,106.05,109.52,2092530,119.5
2017-01-27,110.39,110.9,109.52,110.17,1809121,120.2
2017-01-30,109.4,109.55,108.02,109.34,1772217,119.3
2017-01-31,108.85,108.96,108.2,108.55,1603375,118.44
2017-02-01,107.53,108.57,107.36,108.1,1438426,117.95
2017-02-02,107.12,107.54,106.81,106.88,1794730,116.62
2017-02-03,107.15,107.93,107.06,107.66,1274073,117.47
2017-02-06,107.25,107.33,106.38,106.72,1671211,116.44
2017-02-07,106.19,106.99,105.89,106.59,1851966,116.3
2017-02-08,106.28,106.89,105.89,106.59,970096,116.3
2017-02-09,106.7,106.99,105.95,106.1,1130316,115.76
2017-02-10,106.5,106.85,106.1,106.53,1318902,116.23
2017-02-13,107.21,108.1,106.87,107.64,1204497,117.44
2017-02-14,106.99,107.77,106.21,107.53,836708,117.32
2017-02-15,107.16,107.91,106.97,107.77,963003,117.59
2017-02-16,107.87,108.36,107.34,107.69,1894132,117.5
2017-02-17,107.84,108.07,107.48,107.62,1035220,117.42
2017-02-21,107.51,109.02,107.27,108.43,1773143,118.31
2017-02-22,107.98,108.64,107.74,107.96,937190,117.79
2017-02-23,108.16,108.58,107.83,108.2,922271,118.06
2017-02-24,107.33,108.37,107.08,108.25,940048,118.11
2017-02-27,108.15,109.72,107.97,108.63,1803393,118.52
2017-02-28,108.21,109.18,107.55,108.8,1800421,118.71
2017-03-01,109.78,110.55,109.36,110.31,1371742,120.36
2017-03-02,110.28,110.55,108.77,108.86,1131671,118.78
2017-03-03,108.9,108.92,108.29,108.5,1246823,117.6
2017-03-06,108.09,109.17,108.08,108.62,1289229,117.73
2017-03-07,108.53,109.83,108.21,109.6,1746104,118.79
2017-03-08,109.06,110.36,109.02,109.4,2813309,118.57
2017-03-09,109.01,109.52,107.59,107.94,1855909,116.99
2017-03-10,108.44,108.58,107.84,107.9,1548999,116.95
2017-03-13,108.06,108.26,107.01,107.69,1654223,116.72
2017-03-14,107.41,108.12,107.23,107.63,1550019,116.65
2017-03-15,108.23,109.75,107.67,109.44,1712293,118.62
2017-03-16,109.51,109.97,107.99,108.06,1766715,117.12
2017-03-17,108.61,109.31,108.46,109.17,3103027,118.32
2017-03-20,109.26,109.53,108.85,109.09,679175,118.24
2017-03-21,109.13,109.46,107.58,107.9,1167163,116.95
2017-03-22,107.72,108.39,107.28,108.01,1218422,117.07
2017-03-23,107.9,109.01,107.46,108.54,846294,117.64
2017-03-24,108.45,108.98,107.16,107.4,957926,116.41
2017-03-27,106.84,109.07,106.72,108.77,1403665,117.89
2017-03-28,109.39,110.16,108.63,109.59,2206865,118.78
2017-03-29,109.76,110.36,109.14,109.22,1393717,118.38
2017-03-30,108.91,110.35,108.91,109.42,1797286,118.6
2017-03-31,109.08,110.23,108.95,109.42,1711554,118.6
2017-04-03,109.56,110.02,108.05,108.87,2015822,118
2017-04-04,109.3,110.33,108.94,110.04,1082201,119.27
2017-04-05,110.72,110.72,108.78,108.99,1502038,118.13
2017-04-06,109.22,110.49,109.06,110.14,1339416,119.37
2017-04-07,109.93,110.26,109.3,109.66,1176429,118.85
2017-04-10,109.49,110.65,108.87,110.32,751143,119.57
2017-04-11,110.01,110.29,109.46,109.96,1235415,119.18
2017-04-12,109.51,110.05,108.92,109.08,988406,118.23
2017-04-13,108.88,109.63,108.32,108.38,867941,117.47
2017-04-17,108.65,109.65,108.35,108.92,787538,118.05
2017-04-18,108.92,109.53,108.51,109.17,1550319,118.32
2017-04-19,109.98,110.16,108.73,109.02,1182233,118.16
2017-04-20,109.54,110.76,109.16,110.47,1083604,119.73
2017-04-21,110.45,110.78,109.86,110.33,967483,119.58
2017-04-24,112.05,113.6,111.73,113.49,1998079,123.01
2017-04-25,113.98,115.1,113.62,115.05,1744186,124.7
2017-04-26,114.89,116.17,114.5,115.43,1644403,125.11
2017-04-27,113.67,116.22,110.73,115.77,1746839,125.48
2017-04-28,115.44,115.95,114.51,115.31,1837538,124.98
2017-05-01,115.69,115.79,114.88,115.29,1017594,124.96
2017-05-02,115.74,115.9,114.88,115.86,1395793,125.57
2017-05-03,115.68,116.12,115.37,115.82,1083817,125.53
2017-05-04,116.06,116.58,115.73,116.55,1537555,126.32
2017-05-05,116.82,119.51,116.56,119.46,2097145,129.48
2017-05-08,118.46,119.29,118.39,119.1,1090074,129.09
2017-05-09,119.12,119.42,118.58,118.67,933259,128.62
2017-05-10,118.62,119.21,118.28,119.18,889266,129.17
2017-05-11,119.01,119.33,118.1,119.1,984099,129.09
2017-05-12,118.73,119.91,118.68,119.68,1185097,129.72
2017-05-15,119.91,120.35,119.43,120.1,2129909,130.17
2017-05-16,120.24,121.55,120.24,120.89,1849232,131.03
2017-05-17,120.25,120.75,118.84,118.85,1579841,128.82
2017-05-18,114.83,118.65,113.39,118.44,2237682,128.37
2017-05-19,118.81,119.56,118.47,119.23,1257410,129.23
2017-05-22,119.9,120.13,119.21,119.78,749332,129.82
2017-05-23,120.08,120.39,119.32,119.92,888458,129.97
2017-05-24,119.96,123.34,119.4,122.04,2330244,132.27
2017-05-25,122.83,122.9,121.45,121.72,1392543,131.93
2017-05-26,121.64,121.99,121.23,121.76,1003006,131.97
2017-05-30,121.46,121.47,120.86,121.41,1895080,131.59
2017-05-31,121.49,122.14,121.11,122.06,1199244,132.29
2017-06-01,122.18,127.96,121.87,123.72,2375827,134.09
2017-06-02,124.16,127.19,123.78,126.05,2582169,136.62
2017-06-05,126.21,126.59,123.63,123.81,1834330,133.42
2017-06-06,123.24,124.49,122.89,123.69,1167493,133.29
2017-06-07,124.9,125.47,123.13,123.5,1988196,133.08
2017-06-08,123.09,123.72,122.28,123.4,1631429,132.98
2017-06-09,123.94,126.42,123.92,126.38,1914262,136.19
2017-06-12,126.4,127.13,125.01,125.25,1490214,134.97
2017-06-13,125.06,126.59,125.06,126.47,1133768,136.28
2017-06-14,126.46,126.63,125.06,125.45,944421,135.19
2017-06-15,124.45,125.4,124.15,125.15,1257847,134.86
2017-06-16,125.59,126.22,124.93,126.21,2563514,136
2017-06-19,126.67,127.1,126.22,126.63,1382362,136.46
2017-06-20,126,126.68,124.88,125.06,1675482,134.76
2017-06-21,125.37,125.53,123.22,123.29,1142796,132.86
2017-06-22,123.29,123.79,122.76,122.93,2155121,132.47
2017-06-23,123,124.17,122.76,123.24,2032965,132.8
2017-06-26,123.32,123.6,122.7,123.31,818976,132.88
2017-06-27,123.71,123.71,122.52,122.71,904795,132.23
2017-06-28,123.71,124.45,123.11,124.02,1218383,133.64
2017-06-29,124.12,124.16,121.66,122.19,1046932,131.67
2017-06-30,122.44,123.61,121.88,123,1660238,132.55
2017-07-03,122.76,125.11,122.76,124.52,1042555,134.18
2017-07-05,124.55,124.85,122.67,123.11,1171835,132.66
2017-07-06,122.91,123.7,122.8,122.89,1682292,132.43
2017-07-07,122.99,123.67,122.33,123.48,1388465,133.06
2017-07-10,123.1,124.43,122.95,123.74,810080,133.34
2017-07-11,123.69,123.89,122.89,123.39,712801,132.96
2017-07-12,124.71,124.8,124.03,124.18,1376589,133.82
2017-07-13,124.15,124.54,123.69,123.96,976134,133.58
2017-07-14,124.41,124.98,123.93,124.64,1161222,134.31
2017-07-17,124.81,125.19,124.43,124.85,1273850,134.54
2017-07-18,124.6,124.8,123.85,124.5,915734,134.16
2017-07-19,124.5,125.93,124.3,125.85,791405,135.62
2017-07-20,125.81,126.11,124.94,125.47,1060255,135.21
2017-07-21,125.37,125.57,124.75,125.04,886598,134.74
2017-07-24,125.1,125.81,124.72,125.48,1084018,135.22
2017-07-25,126.55,126.75,125.58,126.08,1110692,135.86
2017-07-26,125.59,126.02,124.7,125.31,1218335,135.03
2017-07-27,125.28,125.81,122.31,123.15,1900795,132.71
2017-07-28,123.15,123.76,121.47,122.74,1500585,132.26
2017-07-31,122.92,122.92,120.14,120.79,2596559,130.16
2017-08-01,121.69,122.74,120.58,121.3,1845658,130.71
2017-08-02,121.24,121.57,120.65,121.19,1042178,130.6
2017-08-03,121.25,121.4,120.58,120.94,749824,130.32
2017-08-04,120.94,121.3,120.29,120.78,1166883,130.15
2017-08-07,121,121.14,120.54,120.84,569545,130.22
2017-08-08,120.72,120.72,119.02,119.32,1196249,128.58
2017-08-09,119.22,119.67,118.69,119.58,1548310,128.86
2017-08-10,119.24,119.65,118.39,118.43,1275900,127.62
2017-08-11,118.49,119.23,118.19,118.26,642637,127.44
2017-08-14,119.27,121.71,119.27,121.62,1741103,131.06
2017-08-15,121.55,122.19,121.25,122,1086943,131.47
2017-08-16,122.16,124.49,122.12,123.97,1878145,133.59
2017-08-17,123.95,124.18,122.11,122.3,1048401,131.79
2017-08-18,122.23,122.94,121.57,122.77,1156797,132.3
2017-08-21,122.14,122.54,121.55,121.76,1160709,131.21
2017-08-22,122.6,123.6,122.55,123.19,954024,132.75
2017-08-23,123.08,123.81,122.21,122.85,918106,132.38
2017-08-24,123.17,123.4,122.32,122.63,676218,132.15
2017-08-25,122.84,123.4,122.57,122.88,633521,132.42
2017-08-28,123.05,123.3,122.05,122.57,536583,132.08
2017-08-29,120.78,121.71,120.4,121.45,626570,130.88
2017-08-30,121.45,121.58,120.58,121.23,1945909,130.64
2017-08-31,121.23,122.18,121.08,122.07,1311586,131.54
2017-09-01,121.71,122.48,121.27,121.59,959525,131.03
2017-09-05,121.34,121.48,120.48,120.92,909652,130.3
2017-09-06,121.48,122.3,121.32,122.28,1879598,131.77
2017-09-07,123.42,123.79,122.89,123.45,1430392,132.24
2017-09-08,123.13,123.8,122.89,123.66,872786,132.46
2017-09-11,123.69,126.08,123.69,126.04,2452233,135.01
2017-09-12,125.41,126.83,125,125.86,1499596,134.82
2017-09-13,125.52,125.8,124.77,125.24,940580,134.15
2017-09-14,124.82,125.61,124.2,125.18,1511275,134.09
2017-09-15,125.28,125.88,124.56,125.3,2000404,134.22
2017-09-18,125.7,126.01,124.95,125.79,1134440,134.74
2017-09-19,126.1,127.51,125.71,127.44,2181450,136.51
2017-09-20,127.71,129.5,127.58,128.82,1793972,137.99
2017-09-21,128.95,129.71,128.67,129.36,983755,138.57
2017-09-22,129.28,129.28,128.13,128.46,999897,137.6
2017-09-25,127.41,128.66,127.24,128.55,1744015,137.7
2017-09-26,129.29,131.3,128.76,129.23,1562379,138.43
2017-09-27,129.96,130.69,128.2,129.49,1644737,138.71
2017-09-28,129.13,131.7,128.91,131.69,1570370,141.06
2017-09-29,132.22,132.45,130.15,130.46,1458413,139.74
2017-10-02,130.34,131.88,129.99,131.81,995919,141.19
2017-10-03,131.64,133.18,131.17,133.02,1058910,142.49
2017-10-04,133.03,133.47,132.39,132.89,813451,142.35
2017-10-05,133.09,133.25,132.34,132.89,916016,142.35
2017-10-06,132.63,132.92,132.1,132.53,1364756,141.96
2017-10-09,132.38,132.44,131.29,131.51,675639,140.87
2017-10-10,131.85,132.49,131.03,131.28,930145,140.62
2017-10-11,131.46,131.88,130.62,131.8,891934,141.18
2017-10-12,131.19,132.55,131.03,132.44,990583,141.87
2017-10-13,132.83,133.38,132.44,132.76,742622,142.21
2017-10-16,132.24,132.6,131.04,131.9,896018,141.29
2017-10-17,132.17,132.41,131.37,132.04,708601,141.44
2017-10-18,131.85,131.85,130.61,130.61,1051332,139.9
2017-10-19,130.49,131.39,130.27,131.08,948321,140.41
2017-10-20,131.74,133.63,131.31,133.63,1306039,143.14
2017-10-23,134.13,134.4,132.98,132.98,1299104,142.44
2017-10-24,133.97,134.97,133.14,133.45,1147127,142.95
2017-10-25,133.48,134.38,132.98,134.08,1566787,143.62
2017-10-26,135.03,139.95,133.77,139.66,2870875,149.6
2017-10-27,139.33,139.82,138.02,138.3,2318621,148.14
2017-10-30,138.83,139.57,136.95,137.65,1804843,147.45
2017-10-31,138.03,138.07,136.39,136.41,1725190,146.12
2017-11-01,138.74,138.91,137.22,138.09,1416876,147.92
2017-11-02,137.77,138.18,136.77,138.07,1452785,147.9
2017-11-03,137.8,138.13,136.75,137.7,1266554,147.5
2017-11-06,137.7,138.17,137.36,137.67,697998,147.47
2017-11-07,138.17,139.05,137.76,139.05,926621,148.95
2017-11-08,139.67,140.08,138.81,140.01,1957028,149.97
2017-11-09,139.25,140.27,138.49,138.6,2260410,148.46
2017-11-10,138.59,138.77,137.79,138.43,1482017,148.28
2017-11-13,136.66,138.7,136.06,138.31,1557427,148.15
2017-11-14,137.99,138.01,136.8,137.82,1138710,147.63
2017-11-15,137.43,137.7,136.18,136.46,2271350,146.17
2017-11-16,137.7,139.18,137.03,139.14,1982894,149.04
2017-11-17,139.2,141.38,139.14,140.63,3275692,150.64
2017-11-20,140.63,141.14,140.43,140.85,1859714,150.87
2017-11-21,141.42,142.16,140.77,141.3,2454103,151.35
2017-11-22,141.72,142.36,141.15,141.64,2955385,151.72
2017-11-24,143.07,143.63,142.61,142.72,832848,152.88
2017-11-27,143.23,143.69,141.78,141.98,1359506,152.08
2017-11-28,142.21,146.01,141.71,145.97,2968069,156.36
2017-11-29,145.89,145.89,144.08,144.86,1493659,155.17
2017-11-30,145.45,145.61,143.06,143.69,3641093,153.92
2017-12-01,143.52,143.65,141.46,141.78,2670333,151.87
2017-12-04,143.12,144.11,142.84,143.17,2568678,153.36
2017-12-05,143.07,143.53,142.56,142.91,1496665,153.08
2017-12-06,142.39,142.67,140.98,141.12,1540356,150.39
2017-12-07,141.35,142.02,141.02,141.66,1784462,150.96
2017-12-08,142.72,142.94,141.85,142.08,1621665,151.41
2017-12-11,142.73,143.34,142.43,142.88,3531976,152.26
2017-12-12,143.27,143.3,141.52,142.02,1718355,151.34
2017-12-13,142.96,142.96,141.47,141.95,1302720,151.27
2017-12-14,142.08,142.21,139.59,139.95,3142209,149.14
2017-12-15,140.44,140.71,139.61,140.38,4090305,149.6
2017-12-18,141.25,144,141.23,143.88,2614342,153.33
2017-12-19,144.72,144.99,143.87,144.67,2214961,154.17
2017-12-20,145.09,145.24,144.27,144.52,1116078,154.01
2017-12-21,144.95,145.17,144.18,144.61,1417747,154.1
2017-12-22,144.91,145.08,143.9,144.36,596404,153.84
2017-12-26,144.3,144.3,142.95,143.21,2060237,152.61
2017-12-27,143.64,144.81,143.34,144.69,1986004,154.19
2017-12-28,144.91,145.84,144.26,145.72,974602,155.29
2017-12-29,145.59,146.15,144.66,145.15,2092190,154.68
2018-01-02,145.23,146.72,143.86,146.57,1206698,156.19
2018-01-03,146.42,147.98,146.09,147.8,1705481,157.5
2018-01-04,149.57,151.4,149.08,150.11,1993693,159.97
2018-01-05,151.8,152.34,150.67,151.43,1865073,161.37
2018-01-08,151.18,151.69,150.57,151.37,993939,161.31
2018-01-09,152.34,154.36,151.98,152.85,3621251,162.88
2018-01-10,152.68,153.12,151.55,152.6,2862798,162.62
2018-01-11,154,155.85,153.25,153.72,2136481,163.81
2018-01-12,153.19,154.95,153.19,154.04,3156163,164.15
2018-01-16,154.37,155.05,150.35,152.11,3203996,162.1
2018-01-17,153.47,154.11,151.51,153.39,2012728,163.46
2018-01-18,152.94,154.37,151.46,151.55,1912422,161.5
2018-01-19,152.21,152.35,151.35,151.91,1863110,161.88
2018-01-22,151.62,151.74,149.78,150.72,1982860,160.62
2018-01-23,150.16,150.9,148.74,149.42,1988822,159.23
2018-01-24,149.25,152.06,149.19,150.96,4168409,160.87
2018-01-25,156.02,156.66,151.83,153.29,3615177,163.35
2018-01-26,153.61,156,152.19,155.48,2008776,165.69
2018-01-29,155.02,155.9,150.81,152.8,3466140,162.83
2018-01-30,152.68,152.9,150.76,150.82,2125276,160.72
2018-01-31,151.48,152.33,150.18,151.54,4626545,161.49
2018-02-01,149.99,150.99,149.14,149.98,1709520,159.83
2018-02-02,147.06,147.66,145.4,145.5,2256190,155.05
2018-02-05,144.53,147.18,140.79,141.06,2784172,150.32
2018-02-06,140.9,146.76,138.9,145.74,3959442,155.31
2018-02-07,145.04,145.24,140.76,140.77,2425180,150.01
2018-02-08,140.67,141.34,135.18,135.19,2213148,144.07
2018-02-09,136.34,141.35,135.79,140.27,3367050,149.48
2018-02-12,141.58,145.43,141.23,144.28,3782942,153.75
2018-02-13,143.32,144.93,142.71,144.35,1583005,153.83
2018-02-14,142.87,146.61,142.64,145.52,1739835,155.07
2018-02-15,146.64,146.68,143.69,146.2,1709186,155.8
2018-02-16,145.03,145.57,143.76,144.15,1841055,153.61
2018-02-20,142.87,144.76,142.3,144.14,2870448,153.6
2018-02-21,144.02,146.15,143.33,143.33,2220492,152.74
2018-02-22,144.51,145.41,143.71,144.2,1914288,153.67
2018-02-23,144.8,146.15,143.15,146.03,1733958,155.62
2018-02-26,145.94,146.37,144.19,146.23,1150740,155.83
2018-02-27,145.44,145.75,144.09,144.51,1359897,154
2018-02-28,144.65,144.98,140.44,140.52,1815015,149.75
2018-03-01,140.02,140.83,137.56,138.81,2074024,147.92
2018-03-02,138.17,140.74,137.62,140.22,1579071,149.43
2018-03-05,139.64,143.97,139.36,143.33,2063523,152.74
2018-03-06,144.41,145.93,143.19,144.97,1566322,153.65
2018-03-07,143.93,147,143.7,146.34,1984357,155.1
2018-03-08,146.94,149.16,146.66,148.96,2372879,157.88
2018-03-09,149.02,151.13,148.27,151.04,1435339,160.09
2018-03-12,153.46,154.23,151.07,152.01,1944299,161.11
2018-03-13,152.73,152.84,150.08,151.31,1829505,160.37
2018-03-14,151.85,152.13,148.58,148.64,2034022,157.54
2018-03-15,148.68,149.48,146.76,146.87,1580015,155.67
2018-03-16,145.91,146.56,144.5,145.6,2586529,154.32
2018-03-19,141.77,143.7,140.16,141.13,2248008,149.58
2018-03-20,142.07,142.6,141.4,141.73,928991,150.22
2018-03-21,142.09,144.24,141.51,143.14,916719,151.71
2018-03-22,141.58,142.16,137.66,137.83,1500681,146.09
2018-03-23,138.55,139.46,134.11,134.49,1419110,142.55
2018-03-26,136.81,138.18,135.55,137.85,1228066,146.11
2018-03-27,137.92,138.83,135.06,135.97,1030531,144.11
2018-03-28,136.29,136.63,133.37,134.13,1351445,142.16
2018-03-29,132.71,137.15,132.33,136.15,1648247,144.3
2018-04-02,135.88,136.67,132.66,134.07,2236613,142.1
2018-04-03,133.95,136.09,133.41,135.52,1188280,143.64
2018-04-04,133.03,137.09,132.09,136.82,1266010,145.02
2018-04-05,137.75,139.48,137.12,138.42,1096256,146.71
2018-04-06,137.11,138.24,134.3,135.09,1524315,143.18
2018-04-09,135.91,137.69,134.74,135.82,1442519,143.95
2018-04-10,137.89,139.82,136.89,138.4,1188856,146.69
2018-04-11,137.03,137.44,135.96,136.43,965426,144.6
2018-04-12,137.19,139.32,136.61,138.62,1058868,146.92
2018-04-13,139.02,139.41,137.57,138.25,820703,146.53
2018-04-16,139.64,142.66,138.7,142.66,2672081,151.2
2018-04-17,143.36,146.39,142.19,146.17,2512663,154.92
2018-04-18,146.06,146.18,144.39,144.59,1072744,153.25
2018-04-19,144.21,144.21,141.92,143,890000,151.56
2018-04-20,142.71,142.81,141.19,142.16,1172246,150.68
2018-04-23,141.09,142.21,140.66,141.86,1016958,150.36
2018-04-24,142.16,142.69,136.71,138.49,1324106,146.78
2018-04-25,143.83,144.51,140.18,141.29,2181954,149.75
2018-04-26,142.75,147.83,141.6,147.17,3238446,155.99
2018-04-27,147.18,147.39,143.2,144.57,1806208,153.23
2018-04-30,145.16,145.16,143.36,143.9,1713788,152.52
2018-05-01,143.46,144.71,142.52,144.64,1092569,153.3
2018-05-02,145.19,145.32,142.27,142.69,1794789,151.24
2018-05-03,142.77,145.5,141.96,144.2,1664189,152.84
2018-05-04,143.05,146.44,142.78,145.84,1144687,154.57
2018-05-07,147.04,148.17,145.91,146.49,958759,155.26
2018-05-08,145.72,146.24,144.66,145.3,1201367,154
2018-05-09,146.22,147.46,144.58,146.72,1618424,155.51
2018-05-10,147.42,149.06,147.07,148.17,1409338,157.05
2018-05-11,148.06,150.01,147.67,148.72,1247692,157.63
2018-05-14,149.31,149.81,148.5,149.5,1322065,158.45
2018-05-15,149.01,149.68,148.25,149.62,1574454,158.58
2018-05-16,149.51,150.78,149.19,150.01,1537347,159
2018-05-17,150.02,151.12,149.56,150.83,1646528,159.86
2018-05-18,150.27,151.3,150.15,150.52,2500612,159.54
2018-05-21,151.48,152.15,150.96,151.4,814892,160.47
2018-05-22,151.48,152.55,150.09,150.21,1121828,159.21
2018-05-23,149.32,149.99,148.22,149.7,1595261,158.67
2018-05-24,150.18,150.27,147.89,148.6,1507814,157.5
2018-05-25,148.01,148.55,146.76,148.19,1233862,157.07
2018-05-29,147.11,147.7,144.59,144.65,1608698,153.31
2018-05-30,145.74,147.81,145.37,147.65,1352048,156.49
2018-05-31,147.95,148.27,146.67,147.43,3469880,156.26
2018-06-01,148.69,149.57,147.76,148.88,1209186,157.8
2018-06-04,149.54,149.94,148.38,148.63,692137,157.53
2018-06-05,149.89,151.18,149.73,150.5,1396377,159.51
2018-06-06,150.79,154.14,149.69,153.9,2007655,162.27
2018-06-07,152.59,152.95,151.03,151.52,1370520,159.77
2018-06-08,150.79,151.83,150.21,151.58,1232935,159.83
2018-06-11,151.71,152.93,151,152.28,1492897,160.57
2018-06-12,152.68,154.51,152.17,153.01,1426102,161.34
2018-06-13,153.13,153.88,151.94,152.19,1232178,160.47
2018-06-14,153.5,154.2,152.85,153.21,1309023,161.55
2018-06-15,152.77,152.77,150.82,151.99,3307405,160.26
2018-06-18,150.16,150.48,149.44,150.29,1175003,158.47
2018-06-19,148.23,148.3,146.82,147.3,1282865,155.31
2018-06-20,147.48,147.67,146.26,147.02,1331363,155.02
2018-06-21,147.27,148.32,147.12,147.83,2411981,155.87
2018-06-22,148.73,150.78,148.62,149.98,1611717,158.14
2018-06-25,149.04,149.47,145.4,146.81,1690411,154.8
2018-06-26,147.01,147.3,145.6,146.23,1215889,154.19
2018-06-27,147.3,149.14,147.03,147.51,1523722,155.54
2018-06-28,147.84,148.6,146.38,148.59,1640234,156.68
2018-06-29,149.21,151.52,149.04,149.99,1593188,158.15
2018-07-02,148.9,150.51,148.47,150.11,1365606,158.28
2018-07-03,150.51,151.24,148.95,149.07,718855,157.18
2018-07-05,153.64,154.75,152.76,153.53,1689684,161.88
2018-07-06,153.63,156.96,153.18,155.57,1833987,164.04
2018-07-09,156.56,157.71,156.3,156.3,1481078,164.81
2018-07-10,156.59,158.11,156.13,157.88,2293349,166.47
2018-07-11,154.76,156.08,154.23,155.59,1620163,164.06
2018-07-12,156.17,157.59,154.67,157.33,2125362,165.89
2018-07-13,156.63,159.07,156.3,158.19,1605458,166.8
2018-07-16,159.36,159.84,158.14,158.42,1537010,167.04
2018-07-17,158.43,158.85,157.72,158.25,2128332,166.86
2018-07-18,157.65,158.43,155.77,156.51,1748453,165.03
2018-07-19,155.42,156.8,154.29,156.73,1622843,165.26
2018-07-20,154.76,157.77,154.73,157.04,1445618,165.58
2018-07-23,155.93,156.3,153.4,153.54,1819864,161.9
2018-07-24,154.23,155.54,154.03,154.91,1784329,163.34
2018-07-25,156.32,157.43,154.55,157.25,1784403,165.81
2018-07-26,154.37,158.75,153.93,157.86,2315769,166.45
2018-07-27,157.93,159.26,157.03,157.84,1546768,166.43
2018-07-30,157.84,159.19,156.48,156.81,1423574,165.34
2018-07-31,157.22,159.29,157.04,158.86,2059024,167.5
2018-08-01,158.94,159.26,156.15,156.94,1647992,165.48
2018-08-02,155.63,156.03,154.5,155.46,1666510,163.92
2018-08-03,155.49,156.72,155.42,156.52,1198211,164.21
2018-08-06,147.04,151.37,146.33,150.57,4078755,157.96
2018-08-07,151.53,152.36,149.15,149.68,2727160,157.03
2018-08-08,150.04,150.57,149.16,149.7,1910609,157.05
2018-08-09,149.65,150.84,148.92,149.79,1101504,157.15
2018-08-10,148.54,148.54,146.92,147.54,1512208,154.79
2018-08-13,148.21,148.7,146.4,147.1,1450529,154.32
2018-08-14,148.06,148.53,147.28,148.07,1792143,155.34
2018-08-15,146.92,147.48,145.38,147.39,1448155,154.63
2018-08-16,147.94,148.64,147.11,147.3,1220166,154.53
2018-08-17,146.94,148.93,146.94,148.74,2005568,156.04
2018-08-20,149.31,151.27,149.31,150.88,1269141,158.29
2018-08-21,151.12,151.8,150.57,150.91,1046707,158.32
2018-08-22,150.52,150.83,147.68,147.76,1291716,155.02
2018-08-23,147.74,148.45,146.88,147.65,979651,154.9
2018-08-24,148.14,149.18,147.29,148.9,829748,156.21
2018-08-27,149.62,150.83,149.54,150.65,740144,158.05
2018-08-28,151.08,151.65,150.2,150.94,1374715,158.35
2018-08-29,151.12,152.19,150.4,152.03,761917,159.5
2018-08-30,151.62,151.89,149.9,150.5,853412,157.89
2018-08-31,150.75,151.61,150.09,150.79,1250186,158.19
2018-09-04,150.4,150.59,147.86,148.87,1818884,156.18
2018-09-05,148.57,149.61,148.26,148.83,2075327,156.14
2018-09-06,149.2,150.31,148.06,149.34,992178,156.67
2018-09-07,149.02,149.05,147.34,147.77,1323118,155.03
2018-09-10,148.51,149.15,148.07,148.57,752501,155.87
2018-09-11,148.29,150.07,147.33,149.73,1349128,157.08
2018-09-12,149.61,150.31,149.11,149.27,872649,156.6
2018-09-13,150.67,151.87,149.93,151.74,1079811,159.19
2018-09-14,152.21,152.58,149.5,149.64,1760767,156.99
2018-09-17,149.8,151.63,149.62,150.62,1765334,158.02
2018-09-18,151.16,151.69,150.52,150.77,1198082,158.17
2018-09-19,155.13,158.84,155.13,156.68,2849869,164.37
2018-09-20,157.63,158.88,156.26,158.43,1809408,166.21
2018-09-21,159.15,160.09,157.99,158.71,2798227,166.5
2018-09-24,158.22,159.42,156.25,156.32,1793582,164
2018-09-25,156.08,157.1,155.26,155.43,1501990,163.06
2018-09-26,155.09,156.59,154.32,154.97,1478946,162.58
2018-09-27,155.37,156.12,154.36,154.73,1481697,162.33
2018-09-28,153.18,154.55,152.62,153.21,1476119,160.73
2018-10-01,157.83,161.18,157.55,160.97,2518819,168.87
2018-10-02,158.48,161.34,157.69,161.12,1748266,169.03
2018-10-03,161.8,161.8,159.35,159.73,1210005,167.57
2018-10-04,159.01,159.18,155.73,158.07,1918231,165.83
2018-10-05,156.47,157.98,155.99,156.55,1819012,164.24
2018-10-08,155.84,157.19,155.25,156.62,1238484,164.31
2018-10-09,155.27,156.08,153.46,153.64,1729407,161.18
2018-10-10,153.66,154.04,150.55,150.61,2400769,158.01
2018-10-11,150.54,150.8,146.57,147.04,2162912,154.26
2018-10-12,149.48,150.39,148.06,148.93,2055693,156.24
2018-10-15,149.28,151.83,148.69,149.45,2368682,156.79
2018-10-16,150.34,153.31,149.86,153.15,1441635,160.67
2018-10-17,154.13,154.66,151.64,152.31,1758350,159.79
2018-10-18,159.26,159.68,152.01,153.81,3877673,161.36
2018-10-19,153.9,155.43,151.83,152.37,3192648,159.85
2018-10-22,157.5,161.04,153.01,159.07,7867273,166.88
2018-10-23,157.12,158.17,154.04,156.49,5331552,164.17
2018-10-24,154.17,156.32,153.25,153.68,5821461,161.23
2018-10-25,155.14,158.57,154.83,157.28,5411516,165
2018-10-26,156.05,159.29,155.79,157.22,50610913,164.94
2018-10-29,158.44,161.24,156.89,157.74,14780109,165.49
2018-10-30,158.33,159.82,155.12,156.8,87933074,164.5
2018-10-31,156.8,156.8,156.8,156.8,0,164.5
2018-11-01,156.8,156.8,156.8,156.8,0,164.5
2018-11-02,156.8,156.8,156.8,156.8,0,164.5
2018-11-05,156.8,156.8,156.8,156.8,0,164.5
2018-11-06,156.8,156.8,156.8,156.8,0,164.5
2018-11-07,156.8,156.8,156.8,156.8,0,164.5
2018-11-08,156.8,156.8,156.8,156.8,0,164.5
2018-11-09,156.8,156.8,156.8,156.8,0,164.5
2018-11-12,156.8,156.8,156.8,156.8,0,164.5
2018-11-13,156.8,156.8,156.8,156.8,0,164.5
2018-11-14,156.8,156.8,156.8,156.8,0,164.5
2018-11-15,156.8,156.8,156.8,156.8,0,164.5
2018-11-16,156.8,156.8,156.8,156.8,0,164.5
2018-11-19,156.8,156.8,156.8,156.8,0,164.5
2018-11-20,156.8,156.8,156.8,156.8,0,164.5
2018-11-21,156.8,156.8,156.8,156.8,0,164.5
2018-11-23,156.8,156.8,156.8,156.8,0,164.5
2018-11-26,156.8,156.8,156.8,156.8,0,164.5
2018-11-27,156.8,156.8,156.8,156.8,0,164.5
2018-11-28,156.8,156.8,156.8,156.8,0,164.5
2018-11-29,156.8,156.8,156.8,156.8,0,164.5
2018-11-30,156.8,156.8,156.8,156.8,0,164.5
2018-12-03,156.8,156.8,156.8,156.8,0,164.5
2018-12-04,156.8,156.8,156.8,156.8,0,164.5
2018-12-06,156.8,156.8,156.8,156.8,0,164.5
2018-12-07,156.8,156.8,156.8,156.8,0,164.5
2018-12-10,156.8,156.8,156.8,156.8,0,164.5
2018-12-11,156.8,156.8,156.8,156.8,0,164.5
2018-12-12,156.8,156.8,156.8,156.8,0,164.5
2018-12-13,156.8,156.8,156.8,156.8,0,164.5
2018-12-14,156.8,156.8,156.8,156.8,0,164.5
2018-12-17,156.8,156.8,156.8,156.8,0,164.5
2018-12-18,156.8,156.8,156.8,156.8,0,164.5
2018-12-19,156.8,156.8,156.8,156.8,0,164.5
2018-12-20,156.8,156.8,156.8,156.8,0,164.5
2018-12-21,156.8,156.8,156.8,156.8,0,164.5
2018-12-24,156.8,156.8,156.8,156.8,0,164.5
2018-12-26,156.8,156.8,156.8,156.8,0,164.5
2018-12-27,156.8,156.8,156.8,156.8,0,164.5
2018-12-28,156.8,156.8,156.8,156.8,0,164.5
2018-12-31,156.8,156.8,156.8,156.8,0,164.5
2019-01-02,156.8,156.8,156.8,156.8,0,164.5
2019-01-03,156.8,156.8,156.8,156.8,0,164.5
2019-01-04,156.8,156.8,156.8,156.8,0,164.5
2019-01-07,156.8,156.8,156.8,156.8,0,164.5
2019-01-08,156.8,156.8,156.8,156.8,0,164.5
2019-01-09,156.8,156.8,156.8,156.8,0,164.5
2019-01-10,156.8,156.8,156.8,156.8,0,164.5
2019-01-11,156.8,156.8,156.8,156.8,0,164.5
2019-01-14,156.8,156.8,156.8,156.8,0,164.5
2019-01-15,156.8,156.8,156.8,156.8,0,164.5
2019-01-16,156.8,156.8,156.8,156.8,0,164.5
2019-01-17,156.8,156.8,156.8,156.8,0,164.5
2019-01-18,156.8,156.8,156.8,156.8,0,164.5
2019-01-22,156.8,156.8,156.8,156.8,0,164.5
2019-01-23,156.8,156.8,156.8,156.8,0,164.5
2019-01-24,156.8,156.8,156.8,156.8,0,164.5
2019-01-25,156.8,156.8,156.8,156.8,0,164.5
2019-01-28,156.8,156.8,156.8,156.8,0,164.5
2019-01-29,156.8,156.8,156.8,156.8,0,164.5
2019-01-30,156.8,156.8,156.8,156.8,0,164.5
2019-01-31,156.8,156.8,156.8,156.8,0,164.5
2019-02-01,156.8,156.8,156.8,156.8,0,164.5
2019-02-04,156.8,156.8,156.8,156.8,0,164.5
2019-02-05,156.8,156.8,156.8,156.8,0,164.5
2019-02-06,156.8,156.8,156.8,156.8,0,164.5
2019-02-07,156.8,156.8,156.8,156.8,0,164.5
2019-02-08,156.8,156.8,156.8,156.8,0,164.5
2019-02-11,156.8,156.8,156.8,156.8,0,164.5
2019-02-12,156.8,156.8,156.8,156.8,0,164.5
2019-02-13,156.8,156.8,156.8,156.8,0,164.5
2019-02-14,156.8,156.8,156.8,156.8,0,164.5
2019-02-15,156.8,156.8,156.8,156.8,0,164.5
2019-02-19,156.8,156.8,156.8,156.8,0,164.5
2019-02-20,156.8,156.8,156.8,156.8,0,164.5
2019-02-21,156.8,156.8,156.8,156.8,0,164.5
2019-02-22,156.8,156.8,156.8,156.8,0,164.5
2019-02-25,156.8,156.8,156.8,156.8,0,164.5
2019-02-26,156.8,156.8,156.8,156.8,0,164.5
2019-02-27,156.8,156.8,156.8,156.8,0,164.5
2019-02-28,156.8,156.8,156.8,156.8,0,164.5
2019-03-01,156.8,156.8,156.8,156.8,0,164.5
2019-03-04,156.8,156.8,156.8,156.8,0,164.5
2019-03-05,156.8,156.8,156.8,156.8,0,164.5
2019-03-06,156.8,156.8,156.8,156.8,0,164.5
2019-03-07,156.8,156.8,156.8,156.8,0,164.5
2019-03-08,156.8,156.8,156.8,156.8,0,164.5
2019-03-11,156.8,156.8,156.8,156.8,0,164.5
2019-03-12,156.8,156.8,156.8,156.8,0,164.5
2019-03-13,156.8,156.8,156.8,156.8,0,164.5
2019-03-14,156.8,156.8,156.8,156.8,0,164.5
2019-03-15,156.8,156.8,156.8,156.8,0,164.5
2019-03-18,156.8,156.8,156.8,156.8,0,164.5
2019-03-19,156.8,156.8,156.8,156.8,0,164.5
2019-03-20,156.8,156.8,156.8,156.8,0,164.5
2019-03-21,156.8,156.8,156.8,156.8,0,164.5
2019-03-22,156.8,156.8,156.8,156.8,0,164.5
2019-03-25,156.8,156.8,156.8,156.8,0,164.5
2019-03-26,156.8,156.8,156.8,156.8,0,164.5
2019-03-27,156.8,156.8,156.8,156.8,0,164.5
2019-03-28,156.8,156.8,156.8,156.8,0,164.5
2019-03-29,156.8,156.8,156.8,156.8,0,164.5
2019-04-01,156.8,156.8,156.8,156.8,0,164.5
2019-04-02,156.8,156.8,156.8,156.8,0,164.5
2019-04-03,156.8,156.8,156.8,156.8,0,164.5
2019-04-04,156.8,156.8,156.8,156.8,0,164.5
2019-04-05,156.8,156.8,156.8,156.8,0,164.5
2019-04-08,156.8,156.8,156.8,156.8,0,164.5
2019-04-09,156.8,156.8,156.8,156.8,0,164.5
2019-04-10,156.8,156.8,156.8,156.8,0,164.5
2019-04-11,156.8,156.8,156.8,156.8,0,164.5
2019-04-12,156.8,156.8,156.8,156.8,0,164.5
2019-04-15,156.8,156.8,156.8,156.8,0,164.5
2019-04-16,156.8,156.8,156.8,156.8,0,164.5
2019-04-17,156.8,156.8,156.8,156.8,0,164.5
2019-04-18,156.8,156.8,156.8,156.8,0,164.5
2019-04-22,156.8,156.8,156.8,156.8,0,164.5
2019-04-23,156.8,156.8,156.8,156.8,0,164.5
2019-04-24,156.8,156.8,156.8,156.8,0,164.5
2019-04-25,156.8,156.8,156.8,156.8,0,164.5
2019-04-26,156.8,156.8,156.8,156.8,0,164.5
2019-04-29,156.8,156.8,156.8,156.8,0,164.5
2019-04-30,156.8,156.8,156.8,156.8,0,164.5
2019-05-01,156.8,156.8,156.8,156.8,0,164.5
2019-05-02,156.8,156.8,156.8,156.8,0,164.5
2019-05-03,156.8,156.8,156.8,156.8,0,164.5
2019-05-06,156.8,156.8,156.8,156.8,0,164.5
2019-05-07,156.8,156.8,156.8,156.8,0,164.5
2019-05-08,156.8,156.8,156.8,156.8,0,164.5
2019-05-09,156.8,156.8,156.8,156.8,0,164.5
2019-05-10,156.8,156.8,156.8,156.8,0,164.5
2019-05-13,156.8,156.8,156.8,156.8,0,164.5
2019-05-14,156.8,156.8,156.8,156.8,0,164.5
2019-05-15,156.8,156.8,156.8,156.8,0,164.5
2019-05-16,156.8,156.8,156.8,156.8,0,164.5
2019-05-17,156.8,156.8,156.8,156.8,0,164.5
2019-05-20,156.8,156.8,156.8,156.8,0,164.5
2019-05-21,156.8,156.8,156.8,156.8,0,164.5
2019-05-22,156.8,156.8,156.8,156.8,0,164.5
2019-05-23,156.8,156.8,156.8,156.8,0,164.5
2019-05-24,156.8,156.8,156.8,156.8,0,164.5
2019-05-28,156.8,156.8,156.8,156.8,0,164.5
2019-05-29,156.8,156.8,156.8,156.8,0,164.5
2019-05-30,156.8,156.8,156.8,156.8,0,164.5
2019-05-31,156.8,156.8,156.8,156.8,0,164.5
2019-06-03,156.8,156.8,156.8,156.8,0,164.5
2019-06-04,156.8,156.8,156.8,156.8,0,164.5
2019-06-05,156.8,156.8,156.8,156.8,0,164.5
2019-06-06,156.8,156.8,156.8,156.8,0,164.5
2019-06-07,156.8,156.8,156.8,156.8,0,164.5
2019-06-10,156.8,156.8,156.8,156.8,0,164.5
2019-06-11,156.8,156.8,156.8,156.8,0,164.5
2019-06-12,156.8,156.8,156.8,156.8,0,164.5
2019-06-13,156.8,156.8,156.8,156.8,0,164.5
2019-06-14,156.8,156.8,156.8,156.8,0,164.5
2019-06-17,156.8,156.8,156.8,156.8,0,164.5
2019-06-18,156.8,156.8,156.8,156.8,0,164.5
2019-06-19,156.8,156.8,156.8,156.8,0,164.5
2019-06-20,156.8,156.8,156.8,156.8,0,164.5
2019-06-21,156.8,156.8,156.8,156.8,0,164.5
2019-06-24,156.8,156.8,156.8,156.8,0,164.5
2019-06-25,156.8,156.8,156.8,156.8,0,164.5
2019-06-26,156.8,156.8,156.8,156.8,0,164.5
2019-06-27,156.8,156.8,156.8,156.8,0,164.5
2019-06-28,156.8,156.8,156.8,156.8,0,164.5
2019-07-01,156.8,156.8,156.8,156.8,0,164.5
2019-07-02,156.8,156.8,156.8,156.8,0,164.5
2019-07-03,156.8,156.8,156.8,156.8,0,164.5
2019-07-05,156.8,156.8,156.8,156.8,0,164.5
2019-07-08,156.8,156.8,156.8,156.8,0,164.5
2019-07-09,156.8,156.8,156.8,156.8,0,164.5
2019-07-10,156.8,156.8,156.8,156.8,0,164.5
2019-07-11,156.8,156.8,156.8,156.8,0,164.5
2019-07-12,156.8,156.8,156.8,156.8,0,164.5
2019-07-15,156.8,156.8,156.8,156.8,0,164.5
2019-07-16,156.8,156.8,156.8,156.8,0,164.5
2019-07-17,156.8,156.8,156.8,156.8,0,164.5
2019-07-18,156.8,156.8,156.8,156.8,0,164.5
2019-07-19,156.8,156.8,156.8,156.8,0,164.5
2019-07-22,156.8,156.8,156.8,156.8,0,164.5
2019-07-23,156.8,156.8,156.8,156.8,0,164.5
2019-07-24,156.8,156.8,156.8,156.8,0,164.5
2019-07-25,156.8,156.8,156.8,156.8,0,164.5
2019-07-26,156.8,156.8,156.8,156.8,0,164.5
2019-07-29,156.8,156.8,156.8,156.8,0,164.5
2019-07-30,156.8,156.8,156.8,156.8,0,164.5
2019-07-31,156.8,156.8,156.8,156.8,0,164.5
2019-08-01,156.8,156.8,156.8,156.8,0,164.5
2019-08-02,156.8,156.8,156.8,156.8,0,164.5
2019-08-05,156.8,156.8,156.8,156.8,0,164.5
2019-08-06,156.8,156.8,156.8,156.8,0,164.5
2019-08-07,156.8,156.8,156.8,156.8,0,164.5
2019-08-08,156.8,156.8,156.8,156.8,0,164.5
2019-08-09,156.8,156.8,156.8,156.8,0,164.5
2019-08-12,156.8,156.8,156.8,156.8,0,164.5
2019-08-13,156.8,156.8,156.8,156.8,0,164.5
2019-08-14,156.8,156.8,156.8,156.8,0,164.5
2019-08-15,156.8,156.8,156.8,156.8,0,164.5
2019-08-16,156.8,156.8,156.8,156.8,0,164.5
2019-08-19,156.8,156.8,156.8,156.8,0,164.5
2019-08-20,156.8,156.8,156.8,156.8,0,164.5
2019-08-21,156.8,156.8,156.8,156.8,0,164.5
2019-08-22,156.8,156.8,156.8,156.8,0,164.5
2019-08-23,156.8,156.8,156.8,156.8,0,164.5
2019-08-26,156.8,156.8,156.8,156.8,0,164.5
2019-08-27,156.8,156.8,156.8,156.8,0,164.5
2019-08-28,156.8,156.8,156.8,156.8,0,164.5
2019-08-29,156.8,156.8,156.8,156.8,0,164.5
2019-08-30,156.8,156.8,156.8,156.8,0,164.5
2019-09-03,156.8,156.8,156.8,156.8,0,164.5
2019-09-04,156.8,156.8,156.8,156.8,0,164.5
2019-09-05,156.8,156.8,156.8,156.8,0,164.5
2019-09-06,156.8,156.8,156.8,156.8,0,164.5
2019-09-09,156.8,156.8,156.8,156.8,0,164.5
2019-09-10,156.8,156.8,156.8,156.8,0,164.5
2019-09-11,156.8,156.8,156.8,156.8,0,164.5
2019-09-12,156.8,156.8,156.8,156.8,0,164.5
2019-09-13,156.8,156.8,156.8,156.8,0,164.5
2019-09-16,156.8,156.8,156.8,156.8,0,164.5
2019-09-17,156.8,156.8,156.8,156.8,0,164.5
2019-09-18,156.8,156.8,156.8,156.8,0,164.5
2019-09-19,156.8,156.8,156.8,156.8,0,164.5
2019-09-20,156.8,156.8,156.8,156.8,0,164.5
2019-09-23,156.8,156.8,156.8,156.8,0,164.5
2019-09-24,156.8,156.8,156.8,156.8,0,164.5
2019-09-25,156.8,156.8,156.8,156.8,0,164.5
2019-09-26,156.8,156.8,156.8,156.8,0,164.5
2019-09-27,156.8,156.8,156.8,156.8,0,164.5
2019-09-30,156.8,156.8,156.8,156.8,0,164.5
2019-10-01,156.8,156.8,156.8,156.8,0,164.5
2019-10-02,156.8,156.8,156.8,156.8,0,164.5
2019-10-03,156.8,156.8,156.8,156.8,0,164.5
2019-10-04,156.8,156.8,156.8,156.8,0,164.5
2019-10-07,156.8,156.8,156.8,156.8,0,164.5
2019-10-08,156.8,156.8,156.8,156.8,0,164.5
2019-10-09,156.8,156.8,156.8,156.8,0,164.5
2019-10-10,156.8,156.8,156.8,156.8,0,164.5
2019-10-11,156.8,156.8,156.8,156.8,0,164.5
2019-10-14,156.8,156.8,156.8,156.8,0,164.5
2019-10-15,156.8,156.8,156.8,156.8,0,164.5
2019-10-16,156.8,156.8,156.8,156.8,0,164.5
2019-10-17,156.8,156.8,156.8,156.8,0,164.5
2019-10-18,156.8,156.8,156.8,156.8,0,164.5
2019-10-21,156.8,156.8,156.8,156.8,0,164.5
2019-10-22,156.8,156.8,156.8,156.8,0,164.5
2019-10-23,156.8,156.8,156.8,156.8,0,164.5
2019-10-24,156.8,156.8,156.8,156.8,0,164.5
2019-10-25,156.8,156.8,156.8,156.8,0,164.5
2019-10-28,156.8,156.8,156.8,156.8,0,164.5
2019-10-29,156.8,156.8,156.8,156.8,0,164.5
2019-10-30,156.8,156.8,156.8,156.8,0,164.5
2019-10-31,156.8,156.8,156.8,156.8,0,164.5
2019-11-01,156.8,156.8,156.8,156.8,0,164.5
2019-11-04,156.8,156.8,156.8,156.8,0,164.5
2019-11-05,156.8,156.8,156.8,156.8,0,164.5
2019-11-06,156.8,156.8,156.8,156.8,0,164.5
2019-11-07,156.8,156.8,156.8,156.8,0,164.5
2019-11-08,156.8,156.8,156.8,156.8,0,164.5
2019-11-11,156.8,156.8,156.8,156.8,0,164.5
2019-11-12,156.8,156.8,156.8,156.8,0,164.5
2019-11-13,156.8,156.8,156.8,156.8,0,164.5
2019-11-14,156.8,156.8,156.8,156.8,0,164.5
2019-11-15,156.8,156.8,156.8,156.8,0,164.5
2019-11-18,156.8,156.8,156.8,156.8,0,164.5
2019-11-19,156.8,156.8,156.8,156.8,0,164.5
2019-11-20,156.8,156.8,156.8,156.8,0,164.5
2019-11-21,156.8,156.8,156.8,156.8,0,164.5
2019-11-22,156.8,156.8,156.8,156.8,0,164.5
2019-11-25,156.8,156.8,156.8,156.8,0,164.5
2019-11-26,156.8,156.8,156.8,156.8,0,164.5
2019-11-27,156.8,156.8,156.8,156.8,0,164.5
2019-11-29,156.8,156.8,156.8,156.8,0,164.5
2019-12-02,156.8,156.8,156.8,156.8,0,164.5
2019-12-03,156.8,156.8,156.8,156.8,0,164.5
2019-12-04,156.8,156.8,156.8,156.8,0,164.5
2019-12-05,156.8,156.8,156.8,156.8,0,164.5
2019-12-06,156.8,156.8,156.8,156.8,0,164.5
2019-12-09,156.8,156.8,156.8,156.8,0,164.5
2019-12-10,156.8,156.8,156.8,156.8,0,164.5
2019-12-11,156.8,156.8,156.8,156.8,0,164.5
2019-12-12,156.8,156.8,156.8,156.8,0,164.5
2019-12-13,156.8,156.8,156.8,156.8,0,164.5
2019-12-16,156.8,156.8,156.8,156.8,0,164.5
2019-12-17,156.8,156.8,156.8,156.8,0,164.5
2019-12-18,156.8,156.8,156.8,156.8,0,164.5
2019-12-19,156.8,156.8,156.8,156.8,0,164.5
2019-12-20,156.8,156.8,156.8,156.8,0,164.5
2019-12-23,156.8,156.8,156.8,156.8,0,164.5
2019-12-24,156.8,156.8,156.8,156.8,0,164.5
2019-12-26,156.8,156.8,156.8,156.8,0,164.5
2019-12-27,156.8,156.8,156.8,156.8,0,164.5
2019-12-30,156.8,156.8,156.8,156.8,0,164.5
2019-12-31,156.8,156.8,156.8,156.8,0,164.5
2020-01-02,156.8,156.8,156.8,156.8,0,164.5
2020-01-03,156.8,156.8,156.8,156.8,0,164.5
2020-01-06,156.8,156.8,156.8,156.8,0,164.5
2020-01-07,156.8,156.8,156.8,156.8,0,164.5
2020-01-08,156.8,156.8,156.8,156.8,0,164.5
2020-01-09,156.8,156.8,156.8,156.8,0,164.5
2020-01-10,156.8,156.8,156.8,156.8,0,164.5
2020-01-13,156.8,156.8,156.8,156.8,0,164.5
2020-01-14,156.8,156.8,156.8,156.8,0,164.5
2020-01-15,156.8,156.8,156.8,156.8,0,164.5
2020-01-16,156.8,156.8,156.8,156.8,0,164.5
2020-01-17,156.8,156.8,156.8,156.8,0,164.5
2020-01-21,156.8,156.8,156.8,156.8,0,164.5
2020-01-22,156.8,156.8,156.8,156.8,0,164.5
2020-01-23,156.8,156.8,156.8,156.8,0,164.5
2020-01-24,156.8,156.8,156.8,156.8,0,164.5
2020-01-27,156.8,156.8,156.8,156.8,0,164.5
2020-01-28,156.8,156.8,156.8,156.8,0,164.5
2020-01-29,156.8,156.8,156.8,156.8,0,164.5
2020-01-30,156.8,156.8,156.8,156.8,0,164.5
2020-01-31,156.8,156.8,156.8,156.8,0,164.5
2020-02-03,156.8,156.8,156.8,156.8,0,164.5
2020-02-04,156.8,156.8,156.8,156.8,0,164.5
2020-02-05,156.8,156.8,156.8,156.8,0,164.5
2020-02-06,156.8,156.8,156.8,156.8,0,164.5
2020-02-07,156.8,156.8,156.8,156.8,0,164.5
2020-02-10,156.8,156.8,156.8,156.8,0,164.5
2020-02-11,156.8,156.8,156.8,156.8,0,164.5
2020-02-12,156.8,156.8,156.8,156.8,0,164.5
2020-02-13,156.8,156.8,156.8,156.8,0,164.5
2020-02-14,156.8,156.8,156.8,156.8,0,164.5
2020-02-18,156.8,156.8,156.8,156.8,0,164.5
2020-02-19,156.8,156.8,156.8,156.8,0,164.5
2020-02-20,156.8,156.8,156.8,156.8,0,164.5
2020-02-21,156.8,156.8,156.8,156.8,0,164.5
2020-02-24,156.8,156.8,156.8,156.8,0,164.5
2020-02-25,156.8,156.8,156.8,156.8,0,164.5
2020-02-26,156.8,156.8,156.8,156.8,0,164.5
2020-02-27,156.8,156.8,156.8,156.8,0,164.5
2020-02-28,156.8,156.8,156.8,156.8,0,164.5
2020-03-02,156.8,156.8,156.8,156.8,0,164.5
2020-03-03,156.8,156.8,156.8,156.8,0,164.5
2020-03-04,156.8,156.8,156.8,156.8,0,164.5
2020-03-05,156.8,156.8,156.8,156.8,0,164.5
2020-03-06,156.8,156.8,156.8,156.8,0,164.5
2020-03-09,156.8,156.8,156.8,156.8,0,164.5
2020-03-10,156.8,156.8,156.8,156.8,0,164.5
2020-03-11,156.8,156.8,156.8,156.8,0,164.5
2020-03-12,156.8,156.8,156.8,156.8,0,164.5
2020-03-13,156.8,156.8,156.8,156.8,0,164.5
2020-03-16,156.8,156.8,156.8,156.8,0,164.5
2020-03-17,156.8,156.8,156.8,156.8,0,164.5
2020-03-18,156.8,156.8,156.8,156.8,0,164.5
2020-03-19,156.8,156.8,156.8,156.8,0,164.5
2020-03-20,156.8,156.8,156.8,156.8,0,164.5
2020-03-23,156.8,156.8,156.8,156.8,0,164.5
2020-03-24,156.8,156.8,156.8,156.8,0,164.5
2020-03-25,156.8,156.8,156.8,156.8,0,164.5
2020-03-26,156.8,156.8,156.8,156.8,0,164.5
2020-03-27,156.8,156.8,156.8,156.8,0,164.5
2020-03-30,156.8,156.8,156.8,156.8,0,164.5
2020-03-31,156.8,156.8,156.8,156.8,0,164.5
2020-04-01,156.8,156.8,156.8,156.8,0,164.5
2020-04-02,156.8,156.8,156.8,156.8,0,164.5
2020-04-03,156.8,156.8,156.8,156.8,0,164.5
2020-04-06,156.8,156.8,156.8,156.8,0,164.5
2020-04-07,156.8,156.8,156.8,156.8,0,164.5
2020-04-08,156.8,156.8,156.8,156.8,0,164.5
2020-04-09,156.8,156.8,156.8,156.8,0,164.5
2020-04-13,156.8,156.8,156.8,156.8,0,164.5
2020-04-14,156.8,156.8,156.8,156.8,0,164.5
2020-04-15,156.8,156.8,156.8,156.8,0,164.5
2020-04-16,156.8,156.8,156.8,156.8,0,164.5
2020-04-17,156.8,156.8,156.8,156.8,0,164.5
2020-04-20,156.8,156.8,156.8,156.8,0,164.5
2020-04-21,156.8,156.8,156.8,156.8,0,164.5
2020-04-22,156.8,156.8,156.8,156.8,0,164.5
2020-04-23,156.8,156.8,156.8,156.8,0,164.5
2020-04-24,156.8,156.8,156.8,156.8,0,164.5
2020-04-27,156.8,156.8,156.8,156.8,0,164.5
2020-04-28,156.8,156.8,156.8,156.8,0,164.5
2020-04-29,156.8,156.8,156.8,156.8,0,164.5
2020-04-30,156.8,156.8,156.8,156.8,0,164.5
2020-05-01,156.8,156.8,156.8,156.8,0,164.5
2020-05-04,156.8,156.8,156.8,156.8,0,164.5
2020-05-05,156.8,156.8,156.8,156.8,0,164.5
2020-05-06,156.8,156.8,156.8,156.8,0,164.5
2020-05-07,156.8,156.8,156.8,156.8,0,164.5
2020-05-08,156.8,156.8,156.8,156.8,0,164.5
2020-05-11,156.8,156.8,156.8,156.8,0,164.5
2020-05-12,156.8,156.8,156.8,156.8,0,164.5
2020-05-13,156.8,156.8,156.8,156.8,0,164.5
2020-05-14,156.8,156.8,156.8,156.8,0,164.5
2020-05-15,156.8,156.8,156.8,156.8,0,164.5
2020-05-18,156.8,156.8,156.8,156.8,0,164.5
2020-05-19,156.8,156.8,156.8,156.8,0,164.5
2020-05-20,156.8,156.8,156.8,156.8,0,164.5
2020-05-21,156.8,156.8,156.8,156.8,0,164.5
2020-05-22,156.8,156.8,156.8,156.8,0,164.5
2020-05-26,156.8,156.8,156.8,156.8,0,164.5
2020-05-27,156.8,156.8,156.8,156.8,0,164.5
2020-05-28,156.8,156.8,156.8,156.8,0,164.5
2020-05-29,156.8,156.8,156.8,156.8,0,164.5
2020-06-01,156.8,156.8,156.8,156.8,0,164.5
2020-06-02,156.8,156.8,156.8,156.8,0,164.5
2020-06-03,156.8,156.8,156.8,156.8,0,164.5
2020-06-04,156.8,156.8,156.8,156.8,0,164.5
2020-06-05,156.8,156.8,156.8,156.8,0,164.5
2020-06-08,156.8,156.8,156.8,156.8,0,164.5
2020-06-09,156.8,156.8,156.8,156.8,0,164.5
2020-06-10,156.8,156.8,156.8,156.8,0,164.5
2020-06-11,156.8,156.8,156.8,156.8,0,164.5
2020-06-12,156.8,156.8,156.8,156.8,0,164.5
2020-06-15,156.8,156.8,156.8,156.8,0,164.5
2020-06-16,156.8,156.8,156.8,156.8,0,164.5
2020-06-17,156.8,156.8,156.8,156.8,0,164.5
2020-06-18,156.8,156.8,156.8,156.8,0,164.5
2020-06-19,156.8,156.8,156.8,156.8,0,164.5
2020-06-22,156.8,156.8,156.8,156.8,0,164.5
2020-06-23,156.8,156.8,156.8,156.8,0,164.5
2020-06-24,156.8,156.8,156.8,156.8,0,164.5
2020-06-25,156.8,156.8,156.8,156.8,0,164.5
2020-06-26,156.8,156.8,156.8,156.8,0,164.5
2020-06-29,156.8,156.8,156.8,156.8,0,164.5
2020-06-30,156.8,156.8,156.8,156.8,0,164.5
2020-07-01,156.8,156.8,156.8,156.8,0,164.5
2020-07-02,156.8,156.8,156.8,156.8,0,164.5
2020-07-06,156.8,156.8,156.8,156.8,0,164.5
2020-07-07,156.8,156.8,156.8,156.8,0,164.5
2020-07-08,156.8,156.8,156.8,156.8,0,164.5
2020-07-09,156.8,156.8,156.8,156.8,0,164.5
2020-07-10,156.8,156.8,156.8,156.8,0,164.5
2020-07-13,156.8,156.8,156.8,156.8,0,164.5
2020-07-14,156.8,156.8,156.8,156.8,0,164.5
2020-07-15,156.8,156.8,156.8,156.8,0,164.5
2020-07-16,156.8,156.8,156.8,156.8,0,164.5
2020-07-17,156.8,156.8,156.8,156.8,0,164.5
2020-07-20,156.8,156.8,156.8,156.8,0,164.5
2020-07-21,156.8,156.8,156.8,156.8,0,164.5
2020-07-22,156.8,156.8,156.8,156.8,0,164.5
2020-07-23,156.8,156.8,156.8,156.8,0,164.5
2020-07-24,156.8,156.8,156.8,156.8,0,164.5
2020-07-27,156.8,156.8,156.8,156.8,0,164.5
2020-07-28,156.8,156.8,156.8,156.8,0,164.5
2020-07-29,156.8,156.8,156.8,156.8,0,164.5
2020-07-30,156.8,156.8,156.8,156.8,0,164.5
2020-07-31,156.8,156.8,156.8,156.8,0,164.5
2020-08-03,156.8,156.8,156.8,156.8,0,164.5
2020-08-04,156.8,156.8,156.8,156.8,0,164.5
2020-08-05,156.8,156.8,156.8,156.8,0,164.5
2020-08-06,156.8,156.8,156.8,156.8,0,164.5
2020-08-07,156.8,156.8,156.8,156.8,0,164.5
2020-08-10,156.8,156.8,156.8,156.8,0,164.5
2020-08-11,156.8,156.8,156.8,156.8,0,164.5
2020-08-12,156.8,156.8,156.8,156.8,0,164.5
2020-08-13,156.8,156.8,156.8,156.8,0,164.5
2020-08-14,156.8,156.8,156.8,156.8,0,164.5
2020-08-17,156.8,156.8,156.8,156.8,0,164.5
2020-08-18,156.8,156.8,156.8,156.8,0,164.5
2020-08-19,156.8,156.8,156.8,156.8,0,164.5
2020-08-20,156.8,156.8,156.8,156.8,0,164.5
2020-08-21,156.8,156.8,156.8,156.8,0,164.5
2020-08-24,156.8,156.8,156.8,156.8,0,164.5
2020-08-25,156.8,156.8,156.8,156.8,0,164.5
2020-08-26,156.8,156.8,156.8,156.8,0,164.5
2020-08-27,156.8,156.8,156.8,156.8,0,164.5
2020-08-28,156.8,156.8,156.8,156.8,0,164.5
2020-08-31,156.8,156.8,156.8,156.8,0,164.5
2020-09-01,156.8,156.8,156.8,156.8,0,164.5
2020-09-02,156.8,156.8,156.8,156.8,0,164.5
2020-09-03,156.8,156.8,156.8,156.8,0,164.5
2020-09-04,156.8,156.8,156.8,156.8,0,164.5
2020-09-08,156.8,156.8,156.8,156.8,0,164.5
2020-09-09,156.8,156.8,156.8,156.8,0,164.5
2020-09-10,156.8,156.8,156.8,156.8,0,164.5
2020-09-11,156.8,156.8,156.8,156.8,0,164.5
2020-09-14,156.8,156.8,156.8,156.8,0,164.5
2020-09-15,156.8,156.8,156.8,156.8,0,164.5
2020-09-16,156.8,156.8,156.8,156.8,0,164.5
2020-09-17,156.8,156.8,156.8,156.8,0,164.5
2020-09-18,156.8,156.8,156.8,156.8,0,164.5
2020-09-21,156.8,156.8,156.8,156.8,0,164.5
2020-09-22,156.8,156.8,156.8,156.8,0,164.5
2020-09-23,156.8,156.8,156.8,156.8,0,164.5
2020-09-24,156.8,156.8,156.8,156.8,0,164.5
2020-09-25,156.8,156.8,156.8,156.8,0,164.5
2020-09-28,156.8,156.8,156.8,156.8,0,164.5
2020-09-29,156.8,156.8,156.8,156.8,0,164.5
2020-09-30,156.8,156.8,156.8,156.8,0,164.5
2020-10-01,156.8,156.8,156.8,156.8,0,164.5
2020-10-02,156.8,156.8,156.8,156.8,0,164.5
2020-10-05,156.8,156.8,156.8,156.8,0,164.5
2020-10-06,156.8,156.8,156.8,156.8,0,164.5
2020-10-07,156.8,156.8,156.8,156.8,0,164.5
2020-10-08,156.8,156.8,156.8,156.8,0,164.5
2020-10-09,156.8,156.8,156.8,156.8,0,164.5
2020-10-12,156.8,156.8,156.8,156.8,0,164.5
2020-10-13,156.8,156.8,156.8,156.8,0,164.5
2020-10-14,156.8,156.8,156.8,156.8,0,164.5
2020-10-15,156.8,156.8,156.8,156.8,0,164.5
2020-10-16,156.8,156.8,156.8,156.8,0,164.5
2020-10-19,156.8,156.8,156.8,156.8,0,164.5
2020-10-20,156.8,156.8,156.8,156.8,0,164.5
2020-10-21,156.8,156.8,156.8,156.8,0,164.5
2020-10-22,156.8,156.8,156.8,156.8,0,164.5
2020-10-23,156.8,156.8,156.8,156.8,0,164.5
2020-10-26,156.8,156.8,156.8,156.8,0,164.5
2020-10-27,156.8,156.8,156.8,156.8,0,164.5
2020-10-28,156.8,156.8,156.8,156.8,0,164.5
2020-10-29,156.8,156.8,156.8,156.8,0,164.5
2020-10-30,156.8,156.8,156.8,156.8,0,164.5
2020-11-02,156.8,156.8,156.8,156.8,0,164.5
2020-11-03,156.8,156.8,156.8,156.8,0,164.5
2020-11-04,156.8,156.8,156.8,156.8,0,164.5
2020-11-05,156.8,156.8,156.8,156.8,0,164.5
2020-11-06,156.8,156.8,156.8,156.8,0,164.5
2020-11-09,156.8,156.8,156.8,156.8,0,164.5
2020-11-10,156.8,156.8,156.8,156.8,0,164.5
2020-11-11,156.8,156.8,156.8,156.8,0,164.5
2020-11-12,156.8,156.8,156.8,156.8,0,164.5
2020-11-13,156.8,156.8,156.8,156.8,0,164.5
2020-11-16,156.8,156.8,156.8,156.8,0,164.5
2020-11-17,156.8,156.8,156.8,156.8,0,164.5
2020-11-18,156.8,156.8,156.8,156.8,0,164.5
2020-11-19,156.8,156.8,156.8,156.8,0,164.5
2020-11-20,156.8,156.8,156.8,156.8,0,164.5
2020-11-23,156.8,156.8,156.8,156.8,0,164.5
2020-11-24,156.8,156.8,156.8,156.8,0,164.5
2020-11-25,156.8,156.8,156.8,156.8,0,164.5
2020-11-27,156.8,156.8,156.8,156.8,0,164.5
2020-11-30,156.8,156.8,156.8,156.8,0,164.5
2020-12-01,156.8,156.8,156.8,156.8,0,164.5
2020-12-02,156.8,156.8,156.8,156.8,0,164.5
2020-12-03,156.8,156.8,156.8,156.8,0,164.5
2020-12-04,156.8,156.8,156.8,156.8,0,164.5
2020-12-07,156.8,156.8,156.8,156.8,0,164.5
2020-12-08,156.8,156.8,156.8,156.8,0,164.5
2020-12-09,156.8,156.8,156.8,156.8,0,164.5
2020-12-10,156.8,156.8,156.8,156.8,0,164.5
2020-12-11,156.8,156.8,156.8,156.8,0,164.5
2020-12-14,156.8,156.8,156.8,156.8,0,164.5
2020-12-15,156.8,156.8,156.8,156.8,0,164.5
2020-12-16,156.8,156.8,156.8,156.8,0,164.5
2020-12-17,156.8,156.8,156.8,156.8,0,164.5
2020-12-18,156.8,156.8,156.8,156.8,0,164.5
2020-12-21,156.8,156.8,156.8,156.8,0,164.5
2020-12-22,156.8,156.8,156.8,156.8,0,164.5
2020-12-23,156.8,156.8,156.8,156.8,0,164.5
2020-12-24,156.8,156.8,156.8,156.8,0,164.5
2020-12-28,156.8,156.8,156.8,156.8,0,164.5
2020-12-29,156.8,156.8,156.8,156.8,0,164.5
2020-12-30,156.8,156.8,156.8,156.8,0,164.5
2020-12-31,156.8,156.8,156.8,156.8,0,164.5
2021-01-04,156.8,156.8,156.8,156.8,0,164.5
2021-01-05,156.8,156.8,156.8,156.8,0,164.5
2021-01-06,156.8,156.8,156.8,156.8,0,164.5
2021-01-07,156.8,156.8,156.8,156.8,0,164.5
2021-01-08,156.8,156.8,156.8,156.8,0,164.5
2021-01-11,156.8,156.8,156.8,156.8,0,164.5
2021-01-12,156.8,156.8,156.8,156.8,0,164.5
2021-01-13,156.8,156.8,156.8,156.8,0,164.5
2021-01-14,156.8,156.8,156.8,156.8,0,164.5
2021-01-15,156.8,156.8,156.8,156.8,0,164.5
2021-01-19,156.8,156.8,156.8,156.8,0,164.5
2021-01-20,156.8,156.8,156.8,156.8,0,164.5
2021-01-21,156.8,156.8,156.8,156.8,0,164.5
2021-01-22,156.8,156.8,156.8,156.8,0,164.5
2021-01-25,156.8,156.8,156.8,156.8,0,164.5
2021-01-26,156.8,156.8,156.8,156.8,0,164.5
2021-01-27,156.8,156.8,156.8,156.8,0,164.5
2021-01-28,156.8,156.8,156.8,156.8,0,164.5
2021-01-29,156.8,156.8,156.8,156.8,0,164.5
2021-02-01,156.8,156.8,156.8,156.8,0,164.5
2021-02-02,156.8,156.8,156.8,156.8,0,164.5
2021-02-03,156.8,156.8,156.8,156.8,0,164.5
2021-02-04,156.8,156.8,156.8,156.8,0,164.5
2021-02-05,156.8,156.8,156.8,156.8,0,164.5
2021-02-08,156.8,156.8,156.8,156.8,0,164.5
2021-02-09,156.8,156.8,156.8,156.8,0,164.5
2021-02-10,156.8,156.8,156.8,156.8,0,164.5
2021-02-11,156.8,156.8,156.8,156.8,0,164.5
2021-02-12,156.8,156.8,156.8,156.8,0,164.5
2021-02-16,156.8,156.8,156.8,156.8,0,164.5
2021-02-17,156.8,156.8,156.8,156.8,0,164.5
2021-02-18,156.8,156.8,156.8,156.8,0,164.5
2021-02-19,156.8,156.8,156.8,156.8,0,164.5
2021-02-22,156.8,156.8,156.8,156.8,0,164.5
2021-02-23,156.8,156.8,156.8,156.8,0,164.5
2021-02-24,156.8,156.8,156.8,156.8,0,164.5
2021-02-25,156.8,156.8,156.8,156.8,0,164.5
2021-02-26,156.8,156.8,156.8,156.8,0,164.5
2021-03-01,156.8,156.8,156.8,156.8,0,164.5
2021-03-02,156.8,156.8,156.8,156.8,0,164.5
2021-03-03,156.8,156.8,156.8,156.8,0,164.5
2021-03-04,156.8,156.8,156.8,156.8,0,164.5
2021-03-05,156.8,156.8,156.8,156.8,0,164.5
2021-03-08,156.8,156.8,156.8,156.8,0,164.5
2021-03-09,156.8,156.8,156.8,156.8,0,164.5
2021-03-10,156.8,156.8,156.8,156.8,0,164.5
2021-03-11,156.8,156.8,156.8,156.8,0,164.5
2021-03-12,156.8,156.8,156.8,156.8,0,164.5
2021-03-15,156.8,156.8,156.8,156.8,0,164.5
2021-03-16,156.8,156.8,156.8,156.8,0,164.5
2021-03-17,156.8,156.8,156.8,156.8,0,164.5
2021-03-18,156.8,156.8,156.8,156.8,0,164.5
2021-03-19,156.8,156.8,156.8,156.8,0,164.5
2021-03-22,156.8,156.8,156.8,156.8,0,164.5
2021-03-23,156.8,156.8,156.8,156.8,0,164.5
2021-03-24,156.8,156.8,156.8,156.8,0,164.5
2021-03-25,156.8,156.8,156.8,156.8,0,164.5
2021-03-26,156.8,156.8,156.8,156.8,0,164.5
2021-03-29,156.8,156.8,156.8,156.8,0,164.5
2021-03-30,156.8,156.8,156.8,156.8,0,164.5
2021-03-31,156.8,156.8,156.8,156.8,0,164.5
2021-04-01,156.8,156.8,156.8,156.8,0,164.5
2021-04-05,156.8,156.8,156.8,156.8,0,164.5
2021-04-06,156.8,156.8,156.8,156.8,0,164.5
2021-04-07,156.8,156.8,156.8,156.8,0,164.5
2021-04-08,156.8,156.8,156.8,156.8,0,164.5
2021-04-09,156.8,156.8,156.8,156.8,0,164.5
2021-04-12,156.8,156.8,156.8,156.8,0,164.5
2021-04-13,156.8,156.8,156.8,156.8,0,164.5
2021-04-14,156.8,156.8,156.8,156.8,0,164.5
2021-04-15,156.8,156.8,156.8,156.8,0,164.5
2021-04-16,156.8,156.8,156.8,156.8,0,164.5
2021-04-19,156.8,156.8,156.8,156.8,0,164.5
2021-04-20,156.8,156.8,156.8,156.8,0,164.5
2021-04-21,156.8,156.8,156.8,156.8,0,164.5
2021-04-22,156.8,156.8,156.8,156.8,0,164.5
2021-04-23,156.8,156.8,156.8,156.8,0,164.5
2021-04-26,156.8,156.8,156.8,156.8,0,164.5
2021-04-27,156.8,156.8,156.8,156.8,0,164.5
2021-04-28,156.8,156.8,156.8,156.8,0,164.5
2021-04-29,156.8,156.8,156.8,156.8,0,164.5
2021-04-30,156.8,156.8,156.8,156.8,0,164.5
2021-05-03,156.8,156.8,156.8,156.8,0,164.5
2021-05-04,156.8,156.8,156.8,156.8,0,164.5
2021-05-05,156.8,156.8,156.8,156.8,0,164.5
2021-05-06,156.8,156.8,156.8,156.8,0,164.5
2021-05-07,156.8,156.8,156.8,156.8,0,164.5
2021-05-10,156.8,156.8,156.8,156.8,0,164.5
2021-05-11,156.8,156.8,156.8,156.8,0,164.5
2021-05-12,156.8,156.8,156.8,156.8,0,164.5
2021-05-13,156.8,156.8,156.8,156.8,0,164.5
2021-05-14,156.8,156.8,156.8,156.8,0,164.5
2021-05-17,156.8,156.8,156.8,156.8,0,164.5
2021-05-18,156.8,156.8,156.8,156.8,0,164.5
2021-05-19,156.8,156.8,156.8,156.8,0,164.5
2021-05-20,156.8,156.8,156.8,156.8,0,164.5
2021-05-21,156.8,156.8,156.8,156.8,0,164.5
2021-05-24,156.8,156.8,156.8,156.8,0,164.5
2021-05-25,156.8,156.8,156.8,156.8,0,164.5
2021-05-26,156.8,156.8,156.8,156.8,0,164.5
2021-05-27,156.8,156.8,156.8,156.8,0,164.5
2021-05-28,156.8,156.8,156.8,156.8,0,164.5
2021-06-01,156.8,156.8,156.8,156.8,0,164.5
2021-06-02,156.8,156.8,156.8,156.8,0,164.5
2021-06-03,156.8,156.8,156.8,156.8,0,164.5
2021-06-04,156.8,156.8,156.8,156.8,0,164.5
2021-06-07,156.8,156.8,156.8,156.8,0,164.5
2021-06-08,156.8,156.8,156.8,156.8,0,164.5
2021-06-09,156.8,156.8,156.8,156.8,0,164.5
2021-06-10,156.8,156.8,156.8,156.8,0,164.5
2021-06-11,156.8,156.8,156.8,156.8,0,164.5
2021-06-14,156.8,156.8,156.8,156.8,0,164.5
2021-06-15,156.8,156.8,156.8,156.8,0,164.5
2021-06-16,156.8,156.8,156.8,156.8,0,164.5
2021-06-17,156.8,156.8,156.8,156.8,0,164.5
2021-06-18,156.8,156.8,156.8,156.8,0,164.5
2021-06-21,156.8,156.8,156.8,156.8,0,164.5
2021-06-22,156.8,156.8,156.8,156.8,0,164.5
2021-06-23,156.8,156.8,156.8,156.8,0,164.5
2021-06-24,156.8,156.8,156.8,156.8,0,164.5
2021-06-25,156.8,156.8,156.8,156.8,0,164.5
2021-06-28,156.8,156.8,156.8,156.8,0,164.5
2021-06-29,156.8,156.8,156.8,156.8,0,164.5
2021-06-30,156.8,156.8,156.8,156.8,0,164.5
2021-07-01,156.8,156.8,156.8,156.8,0,164.5
2021-07-02,156.8,156.8,156.8,156.8,0,164.5
2021-07-06,156.8,156.8,156.8,156.8,0,164.5
2021-07-07,156.8,156.8,156.8,156.8,0,164.5
2021-07-08,156.8,156.8,156.8,156.8,0,164.5
2021-07-09,156.8,156.8,156.8,156.8,0,164.5
2021-07-12,156.8,156.8,156.8,156.8,0,164.5
2021-07-13,156.8,156.8,156.8,156.8,0,164.5
2021-07-14,156.8,156.8,156.8,156.8,0,164.5
2021-07-15,156.8,156.8,156.8,156.8,0,164.5
2021-07-16,156.8,156.8,156.8,156.8,0,164.5
2021-07-19,156.8,156.8,156.8,156.8,0,164.5
2021-07-20,156.8,156.8,156.8,156.8,0,164.5
2021-07-21,156.8,156.8,156.8,156.8,0,164.5
2021-07-22,156.8,156.8,156.8,156.8,0,164.5
2021-07-23,156.8,156.8,156.8,156.8,0,164.5
2021-07-26,156.8,156.8,156.8,156.8,0,164.5
2021-07-27,156.8,156.8,156.8,156.8,0,164.5
2021-07-28,156.8,156.8,156.8,156.8,0,164.5
2021-07-29,156.8,156.8,156.8,156.8,0,164.5
2021-07-30,156.8,156.8,156.8,156.8,0,164.5
2021-08-02,156.8,156.8,156.8,156.8,0,164.5
2021-08-03,156.8,156.8,156.8,156.8,0,164.5
2021-08-04,156.8,156.8,156.8,156.8,0,164.5
2021-08-05,156.8,156.8,156.8,156.8,0,164.5
2021-08-06,156.8,156.8,156.8,156.8,0,164.5
2021-08-09,156.8,156.8,156.8,156.8,0,164.5
2021-08-10,156.8,156.8,156.8,156.8,0,164.5
2021-08-11,156.8,156.8,156.8,156.8,0,164.5
2021-08-12,156.8,156.8,156.8,156.8,0,164.5
2021-08-13,156.8,156.8,156.8,156.8,0,164.5
2021-08-16,156.8,156.8,156.8,156.8,0,164.5
2021-08-17,156.8,156.8,156.8,156.8,0,164.5
2021-08-18,156.8,156.8,156.8,156.8,0,164.5
2021-08-19,156.8,156.8,156.8,156.8,0,164.5
2021-08-20,156.8,156.8,156.8,156.8,0,164.5
2021-08-23,156.8,156.8,156.8,156.8,0,164.5
2021-08-24,156.8,156.8,156.8,156.8,0,164.5
2021-08-25,156.8,156.8,156.8,156.8,0,164.5
2021-08-26,156.8,156.8,156.8,156.8,0,164.5
2021-08-27,156.8,156.8,156.8,156.8,0,164.5
2021-08-30,156.8,156.8,156.8,156.8,0,164.5
2021-08-31,156.8,156.8,156.8,156.8,0,164.5
2021-09-01,156.8,156.8,156.8,156.8,0,164.5
2021-09-02,156.8,156.8,156.8,156.8,0,164.5
2021-09-03,156.8,156.8,156.8,156.8,0,164.5
2021-09-07,156.8,156.8,156.8,156.8,0,164.5
2021-09-08,156.8,156.8,156.8,156.8,0,164.5
2021-09-09,156.8,156.8,156.8,156.8,0,164.5
2021-09-10,156.8,156.8,156.8,156.8,0,164.5
2021-09-13,156.8,156.8,156.8,156.8,0,164.5
2021-09-14,156.8,156.8,156.8,156.8,0,164.5
2021-09-15,156.8,156.8,156.8,156.8,0,164.5
2021-09-16,156.8,156.8,156.8,156.8,0,164.5
2021-09-17,156.8,156.8,156.8,156.8,0,164.5
2021-09-20,156.8,156.8,156.8,156.8,0,164.5
2021-09-21,156.8,156.8,156.8,156.8,0,164.5
2021-09-22,156.8,156.8,156.8,156.8,0,164.5
2021-09-23,156.8,156.8,156.8,156.8,0,164.5
2021-09-24,156.8,156.8,156.8,156.8,0,164.5
2021-09-27,156.8,156.8,156.8,156.8,0,164.5
2021-09-28,156.8,156.8,156.8,156.8,0,164.5
2021-09-29,156.8,156.8,156.8,156.8,0,164.5
2021-09-30,156.8,156.8,156.8,156.8,0,164.5
2021-10-01,156.8,156.8,156.8,156.8,0,164.5
2021-10-04,156.8,156.8,156.8,156.8,0,164.5
2021-10-05,156.8,156.8,156.8,156.8,0,164.5
2021-10-06,156.8,156.8,156.8,156.8,0,164.5
2021-10-07,156.8,156.8,156.8,156.8,0,164.5
2021-10-08,156.8,156.8,156.8,156.8,0,164.5
2021-10-11,156.8,156.8,156.8,156.8,0,164.5
2021-10-12,156.8,156.8,156.8,156.8,0,164.5
2021-10-13,156.8,156.8,156.8,156.8,0,164.5
2021-10-14,156.8,156.8,156.8,156.8,0,164.5
2021-10-15,156.8,156.8,156.8,156.8,0,164.5
2021-10-18,156.8,156.8,156.8,156.8,0,164.5
2021-10-19,156.8,156.8,156.8,156.8,0,164.5
2021-10-20,156.8,156.8,156.8,156.8,0,164.5
2021-10-21,11.46,12.11,10.74,11.51,7410706,12.08
2021-10-22,11.44,11.53,11.16,11.44,904881,12
2021-10-25,11.45,11.91,11.45,11.91,52190,12.5
2021-10-26,11.91,12.11,11.45,11.91,690978,12.49
2021-10-27,11.77,12.54,11.66,11.77,340799,12.35
2021-10-28,11.84,11.99,11.53,11.64,338651,12.21
2021-10-29,11.55,12.12,11.53,11.91,389465,12.5
2021-11-01,11.81,12.12,11.44,11.58,499474,12.15
2021-11-02,11.49,11.9,11.49,11.74,100994,12.32
2021-11-03,11.61,12.06,11.51,11.68,199680,12.25
2021-11-04,11.49,11.91,11.49,11.84,129238,12.42
2021-11-05,11.65,12.01,11.65,11.91,90030,12.5
2021-11-08,11.78,12.01,11.68,11.91,272586,12.49
2021-11-09,11.74,12.01,11.73,11.98,214657,12.57
2021-11-10,11.78,12.19,11.78,11.96,342021,12.55
2021-11-11,11.73,12.15,11.56,12.06,173088,12.65
2021-11-12,12.04,13.34,12.04,12.82,615427,13.45
2021-11-15,13.2,13.98,13.05,13.34,400186,13.99
2021-11-16,13.34,13.8,13.21,13.31,297805,13.96
2021-11-17,13.35,13.6,13.15,13.31,213517,13.96
2021-11-18,13.28,13.72,12.84,13.37,380845,14.03
2021-11-19,13.26,13.58,12.97,13.3,180786,13.95
2021-11-22,13.99,14.25,13.27,13.28,358834,13.93
2021-11-23,13.25,13.25,12.3,12.61,459027,13.23
2021-11-24,12.49,12.9,12.49,12.87,78085,13.5
2021-11-26,12.7,12.74,12.51,12.65,31512,13.27
2021-11-29,12.78,12.78,12.32,12.55,279141,13.17
2021-11-30,12.6,13.15,12.44,13.13,350165,13.77
2021-12-01,13.23,13.63,13.21,13.36,302498,14.02
2021-12-02,13.52,13.71,13.26,13.68,481210,14.35
2021-12-03,13.73,13.92,13.55,13.68,374865,14.35
2021-12-06,13.82,14.2,13.44,13.82,422162,14.5
2021-12-07,13.83,14.58,13.83,14.31,231433,15.01
2021-12-08,14.31,14.33,13.56,14.04,190337,14.73
2021-12-09,13.86,14.15,13.21,13.71,147641,14.38
2021-12-10,13.77,13.92,12.95,13.37,146217,14.03
2021-12-13,13.34,13.53,12.45,12.86,178750,13.49
2021-12-14,12.62,13.06,12.42,12.63,165588,13.25
2021-12-15,12.64,13.27,12.5,12.8,668594,13.43
2021-12-16,12.79,13.05,12.41,12.42,781528,13.03
2021-12-17,12.35,12.91,11.75,12.12,2331540,12.71
2021-12-20,11.59,12.12,11.57,11.57,961377,12.14
2021-12-21,11.63,11.95,11.52,11.72,825685,12.3
2021-12-22,11.71,11.97,11.71,11.84,209342,12.42
2021-12-23,11.85,12.2,11.82,12.01,233399,12.6
2021-12-27,12.1,12.32,11.91,12.06,101246,12.65
2021-12-28,12.02,12.23,12.02,12.14,191790,12.74
2021-12-29,12.16,12.73,11.94,12.53,206928,13.15
2021-12-30,12.56,12.97,12.46,12.91,176776,13.54
2021-12-31,12.92,13.37,12.92,13.33,141497,13.98
2022-01-03,13.45,13.53,12.76,13.03,180054,13.67
2022-01-04,13.03,13.04,12.51,12.8,257638,13.43
2022-01-05,12.73,12.96,12.39,12.58,135382,13.2
2022-01-06,12.53,12.71,12.21,12.46,133396,13.07
2022-01-07,12.45,12.58,12.31,12.49,66996,13.1
2022-01-10,12.46,12.46,12.05,12.14,223391,12.74
2022-01-11,12.08,12.52,12.08,12.39,87599,13
2022-01-12,12.45,12.81,12.21,12.53,159441,13.15
2022-01-13,12.54,13.04,12.34,12.87,166178,13.5
2022-01-14,12.76,12.84,12.39,12.68,126035,13.3
2022-01-18,12.51,12.65,12.17,12.2,71236,12.8
2022-01-19,12.24,12.57,12.11,12.12,63433,12.72
2022-01-20,12.23,12.24,12.01,12.04,70360,12.63
2022-01-21,11.96,12.09,11.67,11.68,305035,12.25
2022-01-24,11.53,11.71,11.47,11.53,47177,12.1
2022-01-25,11.44,11.58,11.24,11.46,288481,12.02
2022-01-26,11.53,11.6,11.04,11.12,180347,11.67
2022-01-27,11.24,11.31,10.89,11.16,135538,11.71
2022-01-28,11.16,11.31,10.9,11.24,190840,11.79
2022-01-31,11.55,11.58,11.34,11.51,288561,12.08
2022-02-01,11.55,12.04,11.3,11.98,254115,12.57
2022-02-02,12.12,12.22,11.76,12.11,163395,12.7
2022-02-03,12.01,12.11,11.88,11.92,141221,12.51
2022-02-04,11.96,12.2,11.86,12.07,185353,12.66
2022-02-07,12.12,12.22,11.91,12.01,205198,12.6
2022-02-08,12.01,12.15,11.93,11.96,128380,12.55
2022-02-09,12.04,12.09,11.89,11.98,131278,12.57
2022-02-10,11.91,12.05,11.84,11.91,132383,12.5
2022-02-11,11.91,12.02,11.79,11.94,163856,12.53
2022-02-14,11.97,12.01,11.56,11.64,111814,12.21
2022-02-15,11.73,12.15,11.72,12.15,84782,12.75
2022-02-16,12.12,12.93,12.11,12.69,85261,13.31
2022-02-17,12.66,12.79,12.44,12.44,111825,13.05
2022-02-18,12.46,12.49,12.18,12.22,83680,12.82
2022-02-22,12.07,12.14,11.43,11.69,128199,12.26
2022-02-23,11.78,12.26,11.63,12.02,150572,12.61
2022-02-24,11.71,11.94,11.27,11.72,180319,12.3
2022-02-25,11.8,11.95,11.59,11.9,180547,12.48
2022-02-28,11.82,11.98,11.58,11.86,276526,12.44
2022-03-01,12.02,13.08,11.3,11.35,423571,11.91
2022-03-02,11.38,11.91,11.37,11.72,243048,12.3
2022-03-03,11.7,11.99,11.49,11.59,237258,12.16
2022-03-04,11.51,11.53,11.27,11.52,335729,12.09
2022-03-07,11.46,12.09,11.16,11.44,380555,12
2022-03-08,11.25,11.25,11.25,11.25,757,11.8
2022-03-09,11.41,11.65,11.34,11.63,111627,12.2
2022-03-10,11.43,11.58,11.25,11.33,101125,11.89
2022-03-11,11.35,11.4,11.08,11.15,142875,11.7
2022-03-14,11.1,11.33,10.91,11.12,163214,11.67
2022-03-15,11.21,11.33,11.08,11.28,195013,11.83
2022-03-16,11.31,11.64,11.21,11.41,266010,11.97
2022-03-17,11.44,11.71,11.44,11.65,117160,12.22
2022-03-18,11.6,11.9,11.34,11.34,451881,11.9
2022-03-21,11.41,11.69,11.37,11.54,131715,12.11
2022-03-22,11.6,11.73,11.51,11.71,149178,12.28
2022-03-23,11.67,12.01,11.59,11.71,102153,12.28
2022-03-24,11.82,11.94,11.68,11.82,146014,12.4
2022-03-25,11.74,11.91,11.74,11.82,113466,12.4
2022-03-28,11.81,11.87,11.72,11.78,97454,12.36
2022-03-29,11.81,11.99,11.55,11.6,361712,12.17
2022-03-30,11.6,11.86,11.53,11.6,119765,12.17
2022-03-31,11.62,11.72,11.52,11.55,116234,12.12
2022-04-01,11.55,11.84,11.5,11.71,162289,12.28
2022-04-04,11.71,11.95,11.58,11.8,235225,12.38
2022-04-05,11.75,11.78,11.16,11.33,267321,11.89
2022-04-06,11.26,11.26,10.84,10.85,160323,11.38
2022-04-07,10.72,11.08,10.6,10.97,193503,11.51
2022-04-08,10.91,11.26,10.87,11.02,95614,11.56
2022-04-11,11.13,11.3,10.79,10.9,93971,11.44
2022-04-12,10.9,11.08,10.74,10.86,93832,11.39
2022-04-13,10.78,11.26,10.72,11.26,86805,11.81
2022-04-14,11.33,11.43,11.02,11.15,136222,11.7
2022-04-18,11.05,11.13,10.88,10.89,76925,11.42
2022-04-19,10.81,11.26,10.81,11.24,121648,11.79
2022-04-20,11.33,11.64,11.32,11.56,152893,12.13
2022-04-21,11.63,11.91,11.11,11.3,265132,11.85
2022-04-22,11.24,11.5,11,11.34,394999,11.9
2022-04-25,11.3,11.72,11.3,11.65,197904,12.22
2022-04-26,11.59,12,11.3,11.64,196661,12.21
2022-04-27,11.69,11.86,11.41,11.52,224162,12.09
2022-04-28,11.58,11.81,11.42,11.68,255933,12.25
2022-04-29,11.63,11.85,11.42,11.53,750291,12.1
2022-05-02,11.53,11.7,11.42,11.67,139757,12.24
2022-05-03,11.71,11.71,11.56,11.59,78627,12.16
2022-05-04,11.59,11.88,11.46,11.88,117227,12.46
2022-05-05,11.72,11.74,11.41,11.62,115001,12.19
2022-05-06,11.57,11.72,11.34,11.69,114616,12.26
2022-05-09,11.54,11.65,10.64,10.81,258740,11.34
2022-05-10,10.85,11.03,10.18,10.25,223875,10.75
2022-05-11,10.27,10.59,10.04,10.35,176797,10.86
2022-05-12,10.3,10.78,10.08,10.52,191736,11.04
2022-05-13,10.81,10.91,10.5,10.68,173805,11.2
2022-05-16,10.69,10.9,10.59,10.73,106467,11.26
2022-05-17,10.93,11,10.69,10.88,142621,11.41
2022-05-18,10.8,11.05,10.77,10.97,154606,11.51
2022-05-19,10.88,11.11,10.53,10.66,96554,11.18
2022-05-20,10.8,10.89,10.69,10.86,135469,11.39
2022-05-23,10.85,11.13,10.79,10.95,108397,11.49
2022-05-24,10.85,10.89,10.51,10.76,61797,11.29
2022-05-25,10.77,10.87,10.6,10.69,117658,11.22
2022-05-26,10.77,11.31,10.77,11.13,98726,11.68
2022-05-27,11.24,11.56,11.1,11.14,123312,11.66
2022-05-31,11.13,11.13,10.79,10.99,91902,11.5
2022-06-01,11.08,11.18,10.78,10.94,111231,11.45
2022-06-02,11.04,11.37,10.96,11.32,100268,11.85
2022-06-03,11.28,11.47,11.17,11.46,78146,11.99
2022-06-06,11.58,11.72,10.81,10.91,203782,11.42
2022-06-07,10.89,11.1,10.78,11.04,151110,11.55
2022-06-08,11.08,11.13,10.48,10.74,123822,11.24
2022-06-09,10.76,10.9,10.57,10.77,128330,11.27
2022-06-10,10.65,10.7,10.09,10.09,106327,10.56
2022-06-13,9.843,10.02,9.642,9.786,161449,10.24
2022-06-14,9.853,10.04,9.709,9.967,152628,10.43
2022-06-15,10.09,10.55,9.967,10.43,496928,10.91
2022-06-16,10.15,10.2,9.814,10.07,741725,10.54
2022-06-17,10.1,10.45,10.04,10.41,1783011,10.89
2022-06-21,10.43,10.8,10.43,10.5,582227,10.99
2022-06-22,10.29,10.45,9.958,10.12,746902,10.59
2022-06-23,10.03,10.22,9.853,9.948,98669,10.41
2022-06-24,10.03,10.39,10.03,10.09,153727,10.56
2022-06-27,10.17,10.56,10.09,10.41,307535,10.89
2022-06-28,10.52,10.76,10.31,10.76,210674,11.26
2022-06-29,10.74,10.74,10.28,10.48,122415,10.97
2022-06-30,10.31,10.63,10.24,10.63,97808,11.12
2022-07-01,10.6,10.93,10.59,10.91,72947,11.42
2022-07-05,10.73,11.33,10.66,11.33,167914,11.86
2022-07-06,11.26,11.32,11.16,11.23,144977,11.75
2022-07-07,11.32,11.62,11.2,11.53,83699,12.06
2022-07-08,11.56,11.56,11.23,11.38,38164,11.91
2022-07-11,11.37,11.37,11.06,11.23,44210,11.75
2022-07-12,11.25,11.52,11.18,11.32,67194,11.85
2022-07-13,11.22,11.27,10.95,10.99,39536,11.5
2022-07-14,10.88,10.97,10.67,10.94,62509,11.45
2022-07-15,11.09,11.4,11.03,11.4,73451,11.93
2022-07-18,11.53,11.56,11.27,11.44,115980,11.97
2022-07-19,11.48,11.64,11.26,11.38,274463,11.91
2022-07-20,11.32,11.5,11.21,11.37,348880,11.9
2022-07-21,11.39,11.48,11.3,11.38,80554,11.91
2022-07-22,11.33,11.33,11.04,11.18,87607,11.7
2022-07-25,11.13,11.13,10.85,11.02,137532,11.53
2022-07-26,11.08,11.08,10.88,10.99,73628,11.5
2022-07-27,11.08,11.2,10.99,11.17,82996,11.69
2022-07-28,11.25,11.37,11.1,11.25,120475,11.77
2022-07-29,11.31,11.4,11.18,11.31,85211,11.83
2022-08-01,11.31,11.69,11.24,11.65,313729,12.19
2022-08-02,11.64,11.69,11.41,11.48,91684,12.01
2022-08-03,11.42,11.7,11.42,11.68,101751,12.22
2022-08-04,11.66,11.74,11.51,11.69,47234,12.23
2022-08-05,11.64,11.78,11.52,11.57,27582,12.11
2022-08-08,11.65,11.79,11.55,11.6,34570,12.14
2022-08-09,11.67,11.69,11.52,11.67,71729,12.21
2022-08-10,11.71,11.85,11.71,11.82,53995,12.37
2022-08-11,11.94,12.04,11.68,11.71,117878,12.25
2022-08-12,12.03,12.95,11.95,12.81,486156,13.4
2022-08-15,12.92,13.17,12.4,12.44,237644,13.02
2022-08-16,12.53,12.83,12.38,12.51,233173,13.09
2022-08-17,12.43,12.64,12.27,12.6,167387,13.19
2022-08-18,12.59,12.81,12.47,12.81,140346,13.4
2022-08-19,12.75,12.75,12.38,12.41,85492,12.99
2022-08-22,12.32,12.36,12.12,12.22,135801,12.79
2022-08-23,12.29,12.36,12.08,12.14,93819,12.7
2022-08-24,12.04,12.21,11.95,12.13,154192,12.69
2022-08-25,12.18,12.34,12.03,12.14,97137,12.7
2022-08-26,12.42,12.7,12.18,12.43,273126,12.98
2022-08-29,12.4,12.63,12.15,12.18,180815,12.71
2022-08-30,12.31,12.38,11.9,11.95,117494,12.47
2022-08-31,12.3,12.43,11.93,11.95,277264,12.48
2022-09-01,11.94,12.04,11.6,11.8,124133,12.32
2022-09-02,11.8,11.98,11.67,11.75,74677,12.27
2022-09-06,11.66,11.79,10.97,11.23,355645,11.72
2022-09-07,11.13,11.67,11.12,11.63,207121,12.14
2022-09-08,11.53,11.63,11.28,11.4,93728,11.9
2022-09-09,11.47,11.57,11.37,11.39,97842,11.89
2022-09-12,11.49,11.67,11.47,11.5,105277,12.01
2022-09-13,11.34,11.45,11.05,11.08,268843,11.57
2022-09-14,11.09,11.38,11.04,11.18,287753,11.67
2022-09-15,11.08,11.25,10.92,10.99,124318,11.47
2022-09-16,10.89,10.96,10.75,10.95,440301,11.43
2022-09-19,10.88,10.95,10.77,10.83,121522,11.31
2022-09-20,10.8,10.8,10.52,10.57,277835,11.03
2022-09-21,10.65,10.95,10.58,10.78,93872,11.25
2022-09-22,10.76,10.76,10.26,10.26,108718,10.71
2022-09-23,10.23,10.25,9.972,10.16,272805,10.61
2022-09-26,10.25,10.41,10.17,10.25,342819,10.7
2022-09-27,10.34,10.36,10,10.05,193650,10.49
2022-09-28,10.11,10.25,9.924,10.16,103165,10.61
2022-09-29,10.04,10.1,9.857,9.914,164505,10.35
2022-09-30,9.943,10.11,9.886,10.08,1467213,10.52
2022-10-03,10.06,10.33,9.981,10.26,207799,10.71
2022-10-04,10.42,10.59,10.36,10.58,99171,11.05
2022-10-05,10.39,10.59,10.39,10.52,60217,10.98
2022-10-06,10.49,10.62,10.35,10.42,46651,10.88
2022-10-07,10.36,10.41,10.09,10.17,59663,10.62
2022-10-10,10.18,10.18,9.981,10.01,100489,10.45
2022-10-11,9.972,9.972,9.656,9.838,256732,10.27
2022-10-12,9.79,9.934,9.752,9.809,98978,10.24
2022-10-13,9.589,9.972,9.512,9.962,155243,10.4
2022-10-14,10.04,10.09,9.886,9.895,151217,10.33
2022-10-17,10.01,10.05,9.857,9.886,166836,10.32
2022-10-18,10.09,10.16,9.953,10.04,154008,10.48
2022-10-19,9.991,10.11,9.934,9.991,144366,10.43
2022-10-20,9.981,10.28,9.828,9.886,258841,10.32
2022-10-21,9.828,10.13,9.828,10.04,68551,10.48
2022-10-24,10.05,10.22,9.953,10.15,89067,10.6
2022-10-25,10.15,10.44,10.07,10.33,266572,10.78
2022-10-26,10.35,10.39,10.21,10.21,57551,10.66
2022-10-27,10.26,10.3,10.05,10.17,77172,10.62
2022-10-28,10.23,10.39,10.19,10.35,78196,10.81
2022-10-31,10.28,10.39,9.953,9.953,92050,10.39
2022-11-01,10,10.11,9.943,10.04,176218,10.48
2022-11-02,10.11,10.27,10,10.11,79794,10.55
2022-11-03,9.972,10,9.704,9.704,56917,10.13
2022-11-04,9.828,9.924,9.445,9.598,136946,10.02
2022-11-07,9.684,9.742,9.388,9.579,143804,10
2022-11-08,9.627,9.627,9.411,9.464,84763,9.88
2022-11-09,9.388,9.483,9.253,9.311,97847,9.72
2022-11-10,9.694,10.37,9.694,10.1,240673,10.54
2022-11-11,10.03,10.23,9.742,9.847,244250,10.28
2022-11-14,9.847,9.857,9.244,9.311,219562,9.72
2022-11-15,9.426,9.828,9.426,9.579,153508,10
2022-11-16,9.493,9.627,9.407,9.493,148994,9.91
2022-11-17,9.33,9.68,9.33,9.55,141994,9.97
2022-11-18,9.579,9.828,9.368,9.819,176654,10.25
2022-11-21,9.761,9.953,9.675,9.713,116981,10.14
2022-11-22,9.732,9.914,9.493,9.847,163171,10.28
2022-11-23,9.934,9.934,9.608,9.761,150746,10.19
2022-11-25,9.799,9.991,9.756,9.953,53169,10.39
2022-11-28,9.934,9.962,9.747,9.819,107192,10.25
2022-11-29,9.828,9.934,9.713,9.819,91453,10.22
2022-11-30,9.838,9.953,9.665,9.828,213234,10.23
2022-12-01,9.819,10.1,9.819,10.05,109336,10.46
2022-12-02,9.953,10.19,9.886,10.14,125228,10.55
2022-12-05,10.14,10.17,10.09,10.12,181171,10.53
2022-12-06,10.07,10.11,9.785,9.838,171672,10.24
2022-12-07,9.838,9.915,9.793,9.895,87420,10.3
2022-12-08,9.895,10.07,9.83,9.895,145861,10.3
2022-12-09,9.847,9.953,9.847,9.867,108763,10.27
2022-12-12,9.953,10.29,9.953,10.12,108463,10.53
2022-12-13,10.38,10.39,10.07,10.2,288819,10.62
2022-12-14,10.25,10.47,10.17,10.39,302350,10.82
2022-12-15,10.25,10.33,9.751,10.04,359434,10.45
2022-12-16,10,10.14,9.838,10.03,615134,10.44
2022-12-19,9.809,9.915,9.694,9.809,342973,10.21
2022-12-20,9.694,10.04,9.694,10.04,236318,10.45
2022-12-21,10.1,10.17,9.713,9.78,342437,10.18
2022-12-22,9.665,9.689,9.444,9.463,135751,9.85
2022-12-23,9.29,9.463,9.117,9.377,279686,9.76
2022-12-27,9.473,10.02,9.473,9.982,411226,10.39
2022-12-28,9.828,9.963,9.53,9.53,576429,9.92
2022-12-29,9.569,10.11,9.569,9.924,337119,10.33
2022-12-30,9.838,10.31,9.799,10.25,723065,10.67
2023-01-03,10.4,10.6,10.3,10.42,220722,10.85
2023-01-04,10.55,10.78,10.38,10.58,164293,11.01
2023-01-05,10.56,10.56,10.32,10.32,93903,10.74
2023-01-06,10.35,10.51,10.27,10.45,129872,10.88
2023-01-09,10.56,10.8,10.56,10.62,123646,11.05
2023-01-10,10.58,10.82,10.58,10.81,214430,11.25
2023-01-11,10.92,10.97,10.76,10.84,143247,11.28
2023-01-12,10.96,11.19,10.75,11.13,118963,11.58
2023-01-13,11.08,11.19,10.94,11.18,117147,11.64
2023-01-17,11.23,11.41,11.1,11.17,103336,11.63
2023-01-18,11.27,11.29,11.05,11.14,85955,11.6
2023-01-19,11.11,11.13,10.83,10.83,65793,11.27
2023-01-20,10.88,11,10.79,10.82,153062,11.26
2023-01-23,10.82,11.08,10.8,10.98,128763,11.43
2023-01-24,10.87,10.94,10.66,10.72,103585,11.16
2023-01-25,10.77,10.9,10.64,10.82,187449,11.26
2023-01-26,10.91,10.91,10.78,10.82,49996,11.26
2023-01-27,10.89,10.99,10.84,10.88,81228,11.32
2023-01-30,10.81,10.93,10.69,10.69,53163,11.13
2023-01-31,10.66,10.87,10.65,10.86,83896,11.3
2023-02-01,10.78,10.9,10.73,10.87,293962,11.31
2023-02-02,10.99,11.27,10.85,11.16,244357,11.62
2023-02-03,11.08,11.45,11.07,11.35,193404,11.81
2023-02-06,11.27,11.32,11.09,11.1,105126,11.55
2023-02-07,11.06,11.27,10.94,11.14,325978,11.6
2023-02-08,11.1,11.15,11,11.05,147304,11.5
2023-02-09,11.09,11.3,10.82,10.82,122085,11.26
2023-02-10,10.81,10.99,10.76,10.92,84787,11.37
2023-02-13,10.86,11.01,10.81,10.88,106124,11.33
2023-02-14,10.82,10.98,10.81,10.88,91524,11.33
2023-02-15,10.8,10.97,10.8,10.93,61098,11.38
2023-02-16,10.85,11.25,10.85,11.07,95079,11.52
2023-02-17,11.05,11.2,10.97,11.05,73621,11.5
2023-02-21,10.96,10.96,10.64,10.65,74503,11.09
2023-02-22,10.68,10.74,10.55,10.67,72568,11.11
2023-02-23,10.76,10.83,10.61,10.65,60586,11.09
2023-02-24,10.56,10.63,10.39,10.46,49609,10.89
2023-02-27,10.53,10.59,10.47,10.57,73657,11
2023-02-28,10.57,10.62,10.35,10.35,102996,10.77
2023-03-01,10.37,10.54,10.32,10.39,94777,10.82
2023-03-02,10.37,10.37,10.17,10.22,43916,10.64
2023-03-03,10.21,10.39,10.21,10.36,177791,10.78
2023-03-06,10.35,10.36,10.16,10.21,156283,10.63
2023-03-07,10.36,10.42,9.799,9.991,260197,10.4
2023-03-08,10.03,10.09,9.867,9.895,141523,10.3
2023-03-09,9.588,9.703,9.338,9.54,579942,9.93
2023-03-10,9.329,9.502,8.887,9.242,748915,9.62
2023-03-13,9.088,9.088,8.618,8.877,647901,9.24
2023-03-14,9.117,9.223,8.752,8.8,241168,9.16
2023-03-15,8.646,8.954,8.646,8.781,242425,9.11
2023-03-16,8.723,9.003,8.665,8.916,220290,9.25
2023-03-17,8.858,8.935,8.646,8.733,239582,9.06
2023-03-20,8.829,8.954,8.434,8.916,846620,9.25
2023-03-21,9.089,9.398,8.969,9.35,239866,9.7
2023-03-22,9.35,9.629,9.205,9.205,254133,9.55
2023-03-23,9.244,9.311,9.051,9.253,233749,9.6
2023-03-24,9.224,9.552,9.138,9.513,193315,9.87
2023-03-27,9.648,9.783,9.456,9.629,201951,9.99
2023-03-28,9.6,9.648,9.407,9.465,168719,9.82
2023-03-29,9.542,9.581,9.398,9.571,109175,9.93
2023-03-30,9.619,9.687,9.465,9.465,134839,9.82
2023-03-31,9.523,9.759,9.475,9.745,213891,10.11
2023-04-03,9.754,9.899,9.513,9.61,169334,9.97
2023-04-04,9.571,9.571,9.07,9.301,238408,9.65
2023-04-05,9.301,9.33,9.157,9.234,196553,9.58
2023-04-06,9.244,9.321,9.181,9.253,146972,9.6
2023-04-10,9.253,9.456,9.224,9.417,237107,9.77
2023-04-11,9.407,9.591,9.407,9.475,168816,9.83
2023-04-12,9.648,9.687,9.465,9.552,296897,9.91
2023-04-13,9.677,9.764,9.552,9.745,308012,10.11
2023-04-14,9.812,10.12,9.774,10.1,258728,10.48
2023-04-17,10.03,10.19,9.966,10.04,171921,10.42
2023-04-18,10.04,10.14,9.899,10.02,234936,10.4
2023-04-19,10.01,10.33,9.995,10.32,174517,10.71
2023-04-20,10.24,10.31,10.07,10.1,89761,10.48
2023-04-21,10.11,10.11,9.899,9.938,137065,10.31
2023-04-24,9.899,10.03,9.88,9.88,102499,10.25
2023-04-25,9.745,9.812,9.6,9.619,166758,9.98
2023-04-26,9.591,9.832,9.574,9.726,177606,10.09
2023-04-27,9.793,9.86,9.668,9.735,143499,10.1
2023-04-28,9.745,10.01,9.745,9.957,122811,10.33
2023-05-01,9.938,10.07,9.904,10.06,176118,10.44
2023-05-02,10.01,10.01,9.706,9.793,118528,10.16
2023-05-03,9.86,10.08,9.73,9.966,237030,10.34
2023-05-04,9.966,10.01,9.619,9.735,160210,10.1
2023-05-05,9.812,9.928,9.74,9.774,141871,10.14
2023-05-08,9.851,9.851,9.595,9.639,98967,10
2023-05-09,9.591,9.648,9.465,9.61,148065,9.97
2023-05-10,9.716,9.812,9.615,9.754,154317,10.12
2023-05-11,9.648,9.832,9.648,9.754,162581,10.12
2023-05-12,9.822,9.899,9.644,9.735,169246,10.1
2023-05-15,9.793,9.88,9.697,9.706,109336,10.07
2023-05-16,10.41,11.16,10.27,10.37,448972,10.76
2023-05-17,10.35,10.5,10.16,10.42,214757,10.81
2023-05-18,10.32,10.39,9.889,10.18,390964,10.56
2023-05-19,10.27,10.51,10.23,10.35,224813,10.74
2023-05-22,10.23,10.59,10.23,10.49,194630,10.88
2023-05-23,10.5,10.76,10.31,10.42,123107,10.81
2023-05-24,10.33,10.33,10.15,10.21,108257,10.59
2023-05-25,10.13,10.31,10.11,10.12,77898,10.5
2023-05-26,10.05,10.41,10.05,10.28,100650,10.63
2023-05-30,10.38,10.4,10.1,10.11,112048,10.46
2023-05-31,10.16,10.33,10.15,10.28,94629,10.63
2023-06-01,10.22,10.55,10.16,10.49,160572,10.85
2023-06-02,10.62,10.74,10.58,10.64,169248,11
2023-06-05,10.57,10.84,10.57,10.75,205375,11.12
2023-06-06,10.75,11.04,10.75,11.01,172519,11.39
2023-06-07,11.11,11.21,10.99,11.09,168685,11.47
2023-06-08,11.11,11.26,11.02,11.08,143133,11.46
2023-06-09,11.06,11.13,10.74,11.04,405533,11.42
2023-06-12,11.14,11.14,10.73,10.94,341750,11.31
2023-06-13,11.04,11.15,11.03,11.04,200213,11.42
2023-06-14,11.09,11.31,11,11.17,222103,11.55
2023-06-15,11.16,11.3,11.15,11.28,245929,11.67
2023-06-16,11.21,11.23,11.05,11.11,273466,11.49
2023-06-20,11.09,11.32,11.09,11.17,270811,11.55
2023-06-21,11.12,11.29,11.12,11.16,237958,11.54
2023-06-22,11.07,11.2,10.92,10.98,372176,11.36
2023-06-23,10.94,10.95,10.34,10.54,5874975,10.9
2023-06-26,10.45,10.71,10.41,10.43,496149,10.79
2023-06-27,10.51,10.73,10.36,10.7,253515,11.07
2023-06-28,10.69,10.81,10.59,10.76,301497,11.13
2023-06-29,10.8,10.99,10.65,10.82,393242,11.19
2023-06-30,10.87,10.96,10.72,10.93,197012,11.3
2023-07-03,10.84,10.99,10.81,10.91,77633,11.28
2023-07-05,10.88,10.93,10.7,10.73,169886,11.1
2023-07-06,10.64,10.64,10.46,10.64,196178,11
2023-07-07,10.58,10.85,10.57,10.81,251915,11.18
2023-07-10,10.75,10.93,10.65,10.72,163445,11.09
2023-07-11,10.73,10.91,10.71,10.89,123108,11.26
2023-07-12,11.09,11.22,10.96,11.03,182337,11.41
2023-07-13,11.27,11.29,11.12,11.23,180775,11.61
2023-07-14,11.24,11.24,10.96,11.03,188044,11.41
2023-07-17,11.02,11.17,10.97,11,167160,11.38
2023-07-18,11.01,11.22,10.92,11.18,174959,11.56
2023-07-19,11.25,11.39,11.24,11.34,282827,11.73
2023-07-20,11.36,11.37,11.12,11.22,203829,11.6
2023-07-21,11.28,11.31,11.06,11.13,147022,11.51
2023-07-24,11.19,11.37,11.15,11.26,129066,11.65
2023-07-25,11.25,11.3,11.02,11.07,136185,11.45
2023-07-26,11.07,11.33,11.07,11.32,150633,11.71
2023-07-27,11.31,11.34,11.16,11.2,140359,11.58
2023-07-28,11.29,11.36,11.22,11.24,96029,11.62
2023-07-31,11.3,11.47,11.3,11.46,136205,11.85
2023-08-01,11.43,11.5,11.35,11.49,236186,11.88
2023-08-02,11.37,11.4,11.3,11.31,181260,11.7
2023-08-03,11.24,11.29,11.02,11.21,222835,11.59
2023-08-04,11.24,11.47,11.24,11.44,178765,11.83
2023-08-07,11.47,11.8,11.46,11.59,282459,11.99
2023-08-08,11.54,11.54,11.37,11.53,227937,11.92
2023-08-09,11.48,11.48,11.25,11.32,185731,11.71
2023-08-10,11.32,11.49,11.29,11.46,195009,11.85
2023-08-11,12.09,12.97,11.98,12.2,472331,12.62
2023-08-14,12.23,12.26,12.05,12.13,274895,12.55
2023-08-15,12.09,12.11,11.9,11.94,269666,12.35
2023-08-16,12.02,12.28,11.96,12.12,215867,12.54
2023-08-17,12.17,12.24,12.01,12.04,243830,12.45
2023-08-18,11.92,12.15,11.9,12.1,208639,12.51
2023-08-21,12.07,12.13,11.72,11.74,139164,12.14
2023-08-22,11.78,11.84,11.68,11.8,123761,12.2
2023-08-23,11.93,11.94,11.79,11.9,104463,12.31
2023-08-24,11.89,11.96,11.81,11.82,147995,12.23
2023-08-25,11.87,11.87,11.67,11.72,144787,12.12
2023-08-28,11.72,11.95,11.72,11.82,119047,12.22
2023-08-29,11.73,11.89,11.71,11.82,137999,12.23
2023-08-30,11.74,11.91,11.74,11.82,182838,12.19
2023-08-31,11.82,11.89,11.59,11.68,880564,12.05
2023-09-01,11.76,11.81,11.36,11.38,321149,11.74
2023-09-05,11.41,11.52,11.1,11.11,169742,11.46
2023-09-06,11.12,11.36,11.08,11.31,229632,11.67
2023-09-07,11.32,11.32,11.06,11.16,233575,11.51
2023-09-08,11.19,11.21,10.97,11.17,162282,11.52
2023-09-11,11.17,11.25,11.06,11.12,166307,11.47
2023-09-12,11.14,11.29,11.08,11.1,211171,11.45
2023-09-13,11.15,11.17,10.96,10.98,213184,11.33
2023-09-14,11,11.08,10.91,10.99,176105,11.34
2023-09-15,10.89,11.03,10.79,10.92,556188,11.26
2023-09-18,10.94,11.02,10.85,10.94,148190,11.28
2023-09-19,10.95,10.97,10.77,10.91,140521,11.25
2023-09-20,10.99,11.11,10.89,10.97,127387,11.32
2023-09-21,10.91,11.04,10.78,10.97,143466,11.32
2023-09-22,11.03,11.04,10.83,10.84,89191,11.18
2023-09-25,10.8,11.28,10.8,11.18,266972,11.53
2023-09-26,11.08,11.18,11.02,11.03,191965,11.38
2023-09-27,11,11.11,10.97,11.04,179180,11.39
2023-09-28,11.03,11.26,11.03,11.25,169152,11.6
2023-09-29,11.29,11.36,11.21,11.29,1013307,11.65
2023-10-02,11.29,11.47,10.95,11.01,298246,11.36
2023-10-03,10.93,10.93,10.56,10.6,163788,10.93
2023-10-04,10.56,10.64,10.33,10.63,211913,10.97
2023-10-05,10.59,10.63,10.26,10.29,286764,10.61
2023-10-06,10.26,10.51,9.985,10.22,634019,10.54
2023-10-09,10.24,10.31,9.917,9.995,263596,10.31
2023-10-10,9.995,10.34,9.937,10.27,379048,10.59
2023-10-11,10.35,10.46,10.14,10.18,317892,10.5
2023-10-12,10.24,10.24,9.879,9.888,225413,10.2
2023-10-13,9.956,9.956,9.685,9.772,136011,10.08
2023-10-16,9.869,10.11,9.869,9.888,171628,10.2
2023-10-17,9.83,10.15,9.83,10.09,177522,10.41
2023-10-18,9.985,9.985,9.627,9.627,190514,9.93
2023-10-19,9.627,9.656,9.36,9.384,162672,9.68
2023-10-20,9.413,9.413,9.016,9.016,220960,9.3
2023-10-23,8.938,9.118,8.812,8.89,341108,9.17
2023-10-24,9.045,9.152,8.788,8.948,297663,9.23
2023-10-25,8.851,8.987,8.793,8.832,315578,9.11
2023-10-26,8.832,9.132,8.783,8.822,281906,9.1
2023-10-27,8.783,8.967,8.744,8.822,174418,9.1
2023-10-30,8.919,9.142,8.849,9.142,177784,9.43
2023-10-31,9.142,9.171,8.967,9.132,160686,9.42
2023-11-01,9.132,9.21,9.103,9.122,158257,9.41
2023-11-02,9.239,9.433,9.219,9.433,200613,9.73
2023-11-03,9.607,9.922,9.607,9.772,253087,10.08
2023-11-06,9.83,9.83,9.578,9.714,219980,10.02
2023-11-07,9.665,9.699,9.559,9.588,137412,9.89
2023-11-08,9.598,9.791,9.572,9.782,159046,10.09
2023-11-09,9.888,9.927,9.598,9.636,270955,9.94
2023-11-10,9.627,9.627,9.103,9.2,484787,9.49
2023-11-13,9.161,9.161,8.933,8.938,222733,9.22
2023-11-14,9.598,10.15,9.244,9.307,487629,9.6
2023-11-15,9.278,9.394,9.249,9.249,275413,9.54
2023-11-16,9.249,9.249,8.948,8.958,295066,9.24
2023-11-17,8.948,9.045,8.822,8.9,622626,9.18
2023-11-20,8.938,9.224,8.9,9.152,259531,9.44
2023-11-21,9.084,9.152,9.037,9.093,284160,9.38
2023-11-22,9.21,9.491,9.21,9.394,316644,9.69
2023-11-24,9.365,9.539,9.36,9.462,173029,9.76
2023-11-27,9.394,9.53,9.321,9.326,337405,9.62
2023-11-28,9.287,9.452,9.239,9.365,354876,9.66
2023-11-29,9.562,9.747,9.513,9.708,443222,9.98
2023-11-30,9.698,9.922,9.688,9.922,422989,10.2
2023-12-01,9.883,9.931,9.713,9.747,402695,10.02
2023-12-04,9.717,9.766,9.455,9.455,370252,9.72
2023-12-05,9.435,9.455,9.324,9.367,364817,9.63
2023-12-06,9.465,9.474,9.319,9.406,301547,9.67
2023-12-07,9.426,9.62,9.426,9.562,277313,9.83
2023-12-08,9.533,9.708,9.503,9.659,282335,9.93
2023-12-11,9.708,9.708,9.367,9.396,166096,9.66
2023-12-12,9.387,9.387,9.027,9.075,508931,9.33
2023-12-13,9.124,9.62,9.124,9.62,1008954,9.89
2023-12-14,9.727,10.03,9.698,9.834,607812,10.11
2023-12-15,9.902,9.961,9.698,9.922,952993,10.2
2023-12-18,10.02,10.02,9.732,9.893,354826,10.17
2023-12-19,9.902,10.12,9.815,10.03,564041,10.31
2023-12-20,10.03,10.16,9.922,9.951,705000,10.23
2023-12-21,9.961,9.965,9.348,9.426,1042330,9.69
2023-12-22,9.406,9.547,9.28,9.513,486397,9.78
2023-12-26,9.552,9.805,9.503,9.795,258093,10.07
2023-12-27,9.824,9.902,9.713,9.805,419232,10.08
2023-12-28,9.795,10.16,9.781,10.14,579695,10.42
2023-12-29,10.06,10.18,9.863,9.941,1289342,10.22
2024-01-02,9.931,9.931,9.299,9.348,588065,9.61
2024-01-03,9.406,9.44,9.046,9.212,427972,9.47
2024-01-04,9.27,9.346,9.085,9.085,372070,9.34
2024-01-05,8.998,9.03,8.385,8.492,2045308,8.73
2024-01-08,8.609,8.706,8.074,8.677,3796537,8.92
2024-01-09,8.628,8.716,8.387,8.618,831913,8.86
2024-01-10,8.56,8.628,8.297,8.531,750233,8.77
2024-01-11,8.56,8.628,8.395,8.492,430638,8.73
2024-01-12,8.618,8.647,8.433,8.463,568427,8.7
2024-01-16,8.365,8.628,8.326,8.618,413827,8.86
2024-01-17,8.531,8.589,8.482,8.56,338888,8.8
2024-01-18,8.618,8.881,8.54,8.871,444192,9.12
2024-01-19,8.949,9.066,8.784,8.813,624360,9.06
2024-01-22,8.9,8.978,8.842,8.93,829505,9.18
2024-01-23,9.007,9.192,8.876,9.017,547555,9.27
2024-01-24,9.095,9.131,8.91,8.91,409154,9.16
2024-01-25,8.93,8.949,8.735,8.842,372579,9.09
2024-01-26,8.91,9.007,8.813,8.978,337738,9.23
2024-01-29,8.91,9.046,8.842,9.046,207339,9.3
2024-01-30,8.968,9.124,8.949,9.095,236660,9.35
2024-01-31,9.095,9.182,8.949,8.949,428306,9.2
2024-02-01,8.968,9.134,8.395,8.618,3415286,8.86
2024-02-02,8.278,8.56,8.083,8.492,2312720,8.73
2024-02-05,8.424,8.793,8.395,8.735,1050387,8.98
2024-02-06,8.706,8.793,8.599,8.725,612245,8.97
2024-02-07,8.754,8.832,8.604,8.823,507455,9.07
2024-02-08,8.832,8.988,8.798,8.968,332619,9.22
2024-02-09,9.007,9.007,8.832,8.91,441962,9.16
2024-02-12,8.823,9.207,8.823,9.144,527138,9.4
2024-02-13,8.939,8.949,8.589,8.754,1183732,9
2024-02-14,8.9,8.9,8.725,8.861,570738,9.11
2024-02-15,8.968,9.202,8.968,9.173,425037,9.43
2024-02-16,9.134,9.207,8.978,9.153,430872,9.41
2024-02-20,9.037,9.105,8.964,9.017,659425,9.27
2024-02-21,9.017,9.017,8.424,8.443,456840,8.68
2024-02-22,8.453,8.526,8.2,8.492,1176406,8.73
2024-02-23,8.463,8.511,8.331,8.482,567840,8.72
2024-02-26,8.453,8.677,8.395,8.609,791291,8.85
2024-02-27,8.657,8.959,8.531,8.861,703397,9.11
2024-02-28,8.764,8.905,8.706,8.852,527375,9.1
2024-02-29,8.988,9.105,8.915,9.017,556328,9.27
2024-03-01,7.665,8.122,6.935,8.103,3332648,8.33
2024-03-04,7.704,7.869,7.684,7.772,1302191,7.99
2024-03-05,7.782,7.898,7.587,7.607,1140075,7.82
2024-03-06,7.655,7.709,7.521,7.607,750980,7.82
2024-03-07,7.714,7.84,7.665,7.821,671684,8.04
2024-03-08,7.882,8.067,7.838,7.901,669909,8.09
2024-03-11,7.882,8.126,7.821,8.009,756933,8.2
2024-03-12,8.009,8.204,7.911,8.048,789661,8.24
2024-03-13,8.126,8.321,8.028,8.067,892741,8.26
2024-03-14,8.145,8.145,7.852,7.901,670089,8.09
2024-03-15,7.813,8.121,7.813,8.018,1064868,8.21
2024-03-18,8.077,8.077,7.765,7.882,835496,8.07
2024-03-19,7.823,7.96,7.823,7.852,619907,8.04
2024-03-20,7.804,8.145,7.735,8.058,714726,8.25
2024-03-21,8.067,8.233,7.994,8.097,586560,8.29
2024-03-22,8.067,8.067,7.906,7.95,563765,8.14
2024-03-25,7.96,8.018,7.794,7.823,832656,8.01
2024-03-26,7.882,7.95,7.755,7.755,636644,7.94
2024-03-27,7.823,8.243,7.765,8.184,889018,8.38
2024-03-28,8.165,8.224,8.058,8.224,687319,8.42
2024-04-01,8.321,8.36,8.141,8.243,633048,8.44
2024-04-02,8.194,8.243,8.097,8.175,327986,8.37
2024-04-03,8.097,8.224,8.077,8.165,1018552,8.36
2024-04-04,8.253,8.311,8.145,8.204,414625,8.4
2024-04-05,8.145,8.228,8.111,8.204,541245,8.4
2024-04-08,8.282,8.307,8.155,8.165,289950,8.36
2024-04-09,8.165,8.219,8.048,8.087,709584,8.28
2024-04-10,7.901,7.901,7.452,7.559,621624,7.74
2024-04-11,7.579,7.667,7.52,7.628,611487,7.81
2024-04-12,7.755,7.921,7.496,7.511,460773,7.69
2024-04-15,7.579,7.638,7.393,7.393,623515,7.57
2024-04-16,7.305,7.364,7.237,7.315,690039,7.49
2024-04-17,7.354,7.452,7.295,7.315,611849,7.49
2024-04-18,7.345,7.374,7.174,7.247,837847,7.42
2024-04-19,7.218,7.398,7.218,7.315,683963,7.49
2024-04-22,7.315,7.432,7.315,7.364,640736,7.54
2024-04-23,7.384,7.481,7.335,7.413,597236,7.59
2024-04-24,7.364,7.496,7.364,7.413,718312,7.59
2024-04-25,7.413,7.423,7.203,7.227,1088949,7.4
2024-04-26,7.276,7.325,7.159,7.286,1113969,7.46
2024-04-29,7.345,7.452,7.345,7.374,1143254,7.55
2024-04-30,7.335,7.354,6.925,6.934,739306,7.1
2024-05-01,6.964,7.305,6.915,7.179,801913,7.35
2024-05-02,7.237,7.305,7.136,7.188,669060,7.36
2024-05-03,7.305,7.442,7.305,7.374,735584,7.55
2024-05-06,7.413,7.486,7.364,7.462,270369,7.64
2024-05-07,7.462,7.54,7.413,7.452,435315,7.63
2024-05-08,7.354,7.452,7.266,7.413,358960,7.59
2024-05-09,7.716,7.945,7.442,7.94,806456,8.13
2024-05-10,7.921,8.145,7.921,7.989,695279,8.18
2024-05-13,8.106,8.233,8.043,8.116,744388,8.31
2024-05-14,8.224,8.282,8.009,8.126,857634,8.32
2024-05-15,8.204,8.272,8.058,8.087,501618,8.28
2024-05-16,8.087,8.15,8.067,8.097,390167,8.29
2024-05-17,8.106,8.131,8.023,8.038,327719,8.23
2024-05-20,8.018,8.018,7.896,7.979,388324,8.17
2024-05-21,7.95,8.033,7.945,8.009,455947,8.2
2024-05-22,8.009,8.048,7.974,8.028,463159,8.22
2024-05-23,8.048,8.17,7.926,7.94,376364,8.13
2024-05-24,7.94,8.077,7.94,7.999,323510,8.19
2024-05-28,7.999,8.009,7.828,7.843,351914,8.03
2024-05-29,7.706,7.926,7.706,7.862,414960,8.05
2024-05-30,7.931,8.048,7.882,7.901,317499,8.09
2024-05-31,7.945,8.034,7.867,7.926,451437,8.08
2024-06-03,8.034,8.034,7.788,7.877,372291,8.03
2024-06-04,7.837,7.857,7.774,7.808,337277,7.96
2024-06-05,7.847,7.965,7.779,7.936,510095,8.09
2024-06-06,7.955,8.014,7.837,7.975,344984,8.13
2024-06-07,7.877,7.975,7.798,7.945,470011,8.1
2024-06-10,7.877,8.043,7.823,7.994,275296,8.15
2024-06-11,7.926,8.171,7.896,8.093,516446,8.25
2024-06-12,8.279,8.357,7.911,7.916,639233,8.07
2024-06-13,7.896,7.96,7.739,7.906,488075,8.06
2024-06-14,7.857,7.896,7.798,7.847,517695,8
2024-06-17,7.73,7.877,7.73,7.749,549054,7.9
2024-06-18,7.896,8.024,7.857,7.936,423734,8.09
2024-06-20,7.926,8.171,7.847,8.151,537495,8.31
2024-06-21,8.181,8.181,8.014,8.083,718045,8.24
2024-06-24,8.122,8.23,8.102,8.21,295403,8.37
2024-06-25,8.181,8.21,8.034,8.093,310800,8.25
2024-06-26,8.112,8.191,8.024,8.142,649017,8.3
2024-06-27,8.132,8.2,8.053,8.2,440422,8.36
2024-06-28,8.279,8.406,8.2,8.318,2313558,8.48
2024-07-01,8.318,8.455,7.999,8.034,893895,8.19
2024-07-02,8.004,8.107,7.97,8.102,350516,8.26
2024-07-03,8.132,8.161,8.073,8.142,271537,8.3
2024-07-05,8.112,8.132,8.028,8.063,341382,8.22
2024-07-08,8.171,8.254,8.127,8.2,682542,8.36
2024-07-09,8.24,8.642,8.191,8.632,572556,8.8
2024-07-10,8.573,8.691,8.495,8.681,748501,8.85
2024-07-11,8.779,9.122,8.779,9.103,711680,9.28
2024-07-12,9.191,9.363,9.132,9.27,614135,9.45
2024-07-15,9.338,9.505,9.289,9.436,468342,9.62
2024-07-16,9.534,9.956,9.515,9.937,703141,10.13
2024-07-17,9.927,10.11,9.677,9.77,615735,9.96
2024-07-18,9.711,9.966,9.593,9.633,1203494,9.82
2024-07-19,9.633,9.77,9.476,9.554,547669,9.74
2024-07-22,9.534,9.682,9.417,9.633,322149,9.82
2024-07-23,9.633,9.819,9.588,9.731,407287,9.92
2024-07-24,9.731,9.956,9.593,9.593,877756,9.78
2024-07-25,9.603,9.927,9.603,9.858,544334,10.05
2024-07-26,9.946,10.04,9.819,9.976,411977,10.17
2024-07-29,9.976,10.02,9.716,9.77,526517,9.96
2024-07-30,9.848,9.878,9.637,9.701,426381,9.89
2024-07-31,9.74,9.843,9.608,9.78,684531,9.97
2024-08-01,9.77,9.77,9.373,9.466,533424,9.65
2024-08-02,9.211,9.299,9.113,9.162,426994,9.34
2024-08-05,8.926,8.936,8.529,8.73,713368,8.9
2024-08-06,8.73,8.73,8.514,8.554,565805,8.72
2024-08-07,8.661,8.76,8.406,8.426,443708,8.59
2024-08-08,8.475,8.622,8.446,8.612,356662,8.78
2024-08-09,9.878,9.878,8.897,9.122,526642,9.3
2024-08-12,9.221,9.657,9.172,9.544,659023,9.73
2024-08-13,9.613,9.691,9.525,9.642,550273,9.83
2024-08-14,9.701,9.701,9.466,9.515,283842,9.7
2024-08-15,9.701,9.711,9.534,9.701,489846,9.89
2024-08-16,9.642,9.839,9.564,9.819,368019,10.01
2024-08-19,9.78,10.15,9.78,10.12,782580,10.32
2024-08-20,10.14,10.14,9.848,9.907,567222,10.1
2024-08-21,9.642,9.956,9.603,9.907,486695,10.1
2024-08-22,9.868,9.946,9.799,9.809,574391,10
2024-08-23,9.946,10.15,9.888,10.15,598546,10.35
2024-08-26,10.24,10.24,9.873,9.897,237622,10.09
2024-08-27,9.819,9.853,9.691,9.721,279299,9.91
2024-08-28,9.721,9.809,9.51,9.574,241132,9.76
2024-08-29,9.682,9.839,9.564,9.77,360890,9.96
2024-08-30,9.794,9.903,9.657,9.893,255952,10.05
2024-09-03,9.834,9.834,9.45,9.804,673330,9.96
2024-09-04,9.844,10.09,9.844,9.913,311424,10.07
2024-09-05,9.972,10.02,9.844,9.913,199197,10.07
2024-09-06,9.922,9.962,9.794,9.824,382717,9.98
2024-09-09,9.814,9.967,9.814,9.863,275410,10.02
2024-09-10,9.863,10.01,9.794,9.952,383366,10.11
2024-09-11,9.932,10.01,9.779,9.972,259328,10.13
2024-09-12,10.07,10.07,9.819,10,464567,10.16
2024-09-13,10.13,10.47,10.13,10.34,299985,10.5
2024-09-16,10.37,10.4,10.31,10.38,403516,10.54
2024-09-17,10.41,10.59,10.41,10.57,435531,10.74
2024-09-18,10.5,10.6,10.34,10.35,430860,10.51
2024-09-19,10.58,10.78,10.34,10.77,778045,10.94
2024-09-20,10.77,10.77,10.55,10.67,1085915,10.84
2024-09-23,10.73,10.8,10.57,10.59,342902,10.76
2024-09-24,10.62,10.77,10.55,10.73,440649,10.9
2024-09-25,10.77,10.78,10.67,10.72,509383,10.89
2024-09-26,10.83,10.83,10.6,10.6,396905,10.77
2024-09-27,10.68,10.8,10.63,10.65,185757,10.82
2024-09-30,10.63,10.71,10.44,10.54,259775,10.71
2024-10-01,10.52,10.64,10.4,10.62,338574,10.79
2024-10-02,10.55,10.69,10.52,10.58,545172,10.75
2024-10-03,10.57,10.79,10.57,10.77,205259,10.94
2024-10-04,10.77,10.96,10.71,10.88,881896,11.05
2024-10-07,10.94,10.99,10.75,10.81,224985,10.98
2024-10-08,10.85,10.86,10.77,10.81,170070,10.98
2024-10-09,10.8,10.89,10.8,10.85,174211,11.02
2024-10-10,10.89,10.97,10.83,10.88,207394,11.05
2024-10-11,10.95,11.03,10.94,10.95,168557,11.12
2024-10-14,11.01,11.05,10.91,11.02,194557,11.19
2024-10-15,11.03,11.1,11,11.02,181183,11.2
2024-10-16,11.07,11.29,11.07,11.23,346028,11.41
2024-10-17,11.28,11.28,11.01,11.07,401785,11.25
2024-10-18,11.09,11.17,10.93,11.11,423851,11.29
2024-10-21,11.13,11.13,10.9,11.01,222650,11.18
2024-10-22,11.02,11.17,10.99,11.09,277137,11.27
2024-10-23,11.02,11.11,10.64,10.78,361901,10.95
2024-10-24,10.85,10.92,10.79,10.91,187071,11.08
2024-10-25,10.96,11.04,10.83,10.95,266431,11.12
2024-10-28,11.03,11.19,11,11.02,264571,11.2
2024-10-29,10.97,11.18,10.95,11.16,207820,11.34
2024-10-30,11.16,11.28,11.06,11.07,144817,11.25
2024-10-31,11.09,11.16,10.87,10.88,152795,11.05
2024-11-01,10.95,11,10.71,10.72,244885,10.89
2024-11-04,10.68,10.77,10.6,10.68,192220,10.85
2024-11-05,10.64,10.96,10.64,10.96,203744,11.13
2024-11-06,11.32,11.42,11.07,11.25,501465,11.43
2024-11-07,11.25,11.27,11.09,11.18,473357,11.36
2024-11-08,11.31,11.7,11.04,11.5,1171597,11.68
2024-11-11,11.57,12.04,11.31,12.04,1751987,12.23
2024-11-12,11.66,12.18,11.53,11.89,1076725,12.08
2024-11-13,12.06,12.09,11.6,11.62,623149,11.8
2024-11-14,11.67,11.83,11.59,11.71,654448,11.9
2024-11-15,11.78,11.92,11.66,11.84,612587,12.03
2024-11-18,11.81,12.02,11.79,11.91,535939,12.1
2024-11-19,11.69,12.19,11.66,12.11,691000,12.3
2024-11-20,12.11,12.93,12.1,12.93,2971797,13.14
2024-11-21,13.04,13.46,12.77,13.39,1761162,13.6
2024-11-22,13.52,13.6,13.33,13.57,836070,13.79
2024-11-25,13.7,13.99,13.64,13.77,2822361,13.99
2024-11-26,13.68,13.78,13.61,13.7,677092,13.92
2024-11-27,13.67,13.98,13.67,13.95,596125,14.17
2024-11-29,13.97,14.09,13.85,13.91,587681,14.1
2024-12-02,14.03,14.07,13.86,13.91,1176661,14.1
2024-12-03,14.03,14.05,13.73,13.77,1132846,13.95
2024-12-04,13.78,14.01,13.59,13.72,1210900,13.9
2024-12-05,13.75,13.83,13.5,13.52,891644,13.7
2024-12-06,13.64,13.69,13.05,13.07,613015,13.24
2024-12-09,13.14,13.17,13,13.11,830434,13.29
2024-12-10,13.1,13.34,12.94,13.16,584407,13.34
2024-12-11,13.24,13.51,13.19,13.44,511372,13.62
2024-12-12,13.39,13.57,13.09,13.1,639814,13.28
2024-12-13,13.19,13.24,12.91,13.08,535350,13.25
2024-12-16,13.04,13.17,12.98,13.13,682838,13.31
2024-12-17,13.03,13.38,12.61,13.31,1682058,13.49
2024-12-18,13.34,13.75,12.61,12.69,891376,12.86
2024-12-19,12.81,12.93,12.37,12.55,650926,12.72
2024-12-20,12.35,12.96,12.35,12.72,868111,12.89
2024-12-23,12.8,12.88,12.47,12.55,533735,12.72
2024-12-24,12.54,12.7,12.54,12.65,173768,12.82
2024-12-26,12.57,12.82,12.49,12.78,329046,12.95
2024-12-27,12.68,12.81,12.4,12.43,495778,12.6
2024-12-30,12.34,12.44,12.12,12.27,633919,12.43
2024-12-31,12.35,12.49,12.2,12.44,547410,12.61
2025-01-02,12.54,12.89,12.54,12.67,689323,12.84
2025-01-03,12.73,12.8,12.49,12.73,352072,12.9
2025-01-06,12.77,13.07,12.73,13,1299320,13.17
2025-01-07,13.32,13.38,12.88,13.02,889130,13.19
2025-01-08,12.94,13.22,12.82,13.22,442749,13.4
2025-01-10,13.03,13.03,12.34,12.54,733166,12.71
2025-01-13,12.59,12.76,12.44,12.6,502913,12.77
2025-01-14,12.63,12.82,12.55,12.82,417987,12.99
2025-01-15,13.15,13.24,13.04,13.16,631429,13.34
2025-01-16,13.2,13.31,13.13,13.25,492770,13.43
2025-01-17,13.4,13.44,13.16,13.21,637631,13.39
2025-01-21,13.38,13.71,13.36,13.47,796766,13.65
2025-01-22,13.51,13.55,13.09,13.27,371792,13.45
2025-01-23,13.18,13.64,13.16,13.58,607426,13.76
2025-01-24,13.58,13.75,13.4,13.59,318634,13.77
2025-01-27,13.48,13.59,13.15,13.22,311459,13.4
2025-01-28,13.28,13.57,13.27,13.51,525384,13.69
2025-01-29,13.54,13.65,13.34,13.48,328848,13.66
2025-01-30,13.62,13.74,13.39,13.54,344895,13.72
2025-01-31,13.55,13.57,13.32,13.48,459908,13.66
2025-02-03,13.09,13.28,12.9,13.17,388854,13.35
2025-02-04,13.18,13.3,13.09,13.11,259244,13.29
2025-02-05,13.15,13.66,13.07,13.58,1227842,13.76
2025-02-06,13.58,13.67,13.35,13.4,392969,13.58
2025-02-07,13.41,13.49,13.23,13.25,310465,13.43
2025-02-10,13.29,13.57,13.18,13.43,641384,13.61
2025-02-11,13.31,13.32,13.02,13.26,1022357,13.44
2025-02-12,13.1,13.43,11.84,12.74,1790189,12.91
2025-02-13,12.67,12.73,12.08,12.54,871203,12.71
2025-02-14,12.49,12.55,11.96,12.44,978496,12.61
2025-02-18,12.52,13.29,12.3,13.22,1322775,13.4
2025-02-19,13.05,13.16,12.85,13.02,740374,13.19
2025-02-20,12.91,12.99,12.57,12.82,750150,12.99
2025-02-21,12.95,12.95,12.72,12.75,827115,12.92
2025-02-24,12.77,12.83,12.43,12.51,546806,12.68
2025-02-25,12.49,12.59,12.3,12.47,524595,12.64
2025-02-26,12.49,12.69,12.46,12.64,410172,12.81
2025-02-27,12.68,12.7,12.4,12.49,448231,12.66
2025-02-28,12.47,12.66,12.39,12.64,677534,12.77
2025-03-03,12.75,13.05,12.42,12.48,788599,12.61
2025-03-04,12.3,12.3,11.73,11.89,497872,12.02
2025-03-05,11.91,12.03,11.79,11.95,461343,12.08
2025-03-06,11.76,11.89,11.47,11.49,458892,11.61
2025-03-07,11.46,11.66,11.15,11.52,624588,11.64
2025-03-10,11.24,11.28,10.86,11.03,555160,11.15
2025-03-11,10.99,11.23,10.85,11.07,426798,11.19
2025-03-12,11.29,11.34,11.13,11.18,272076,11.3
2025-03-13,11.21,11.22,10.88,10.92,191019,11.04
2025-03-14,11.09,11.43,11.02,11.35,441740,11.47
2025-03-17,11.34,11.7,11.34,11.6,339781,11.72
2025-03-18,11.59,11.71,11.53,11.55,314539,11.67
2025-03-19,11.54,11.87,11.51,11.8,469574,11.92
2025-03-20,11.7,11.95,11.7,11.83,369712,11.96
2025-03-21,11.74,11.81,11.66,11.74,1686011,11.86
2025-03-24,11.94,12.16,11.94,12.15,336682,12.28
2025-03-25,12.28,12.32,12.02,12.13,517367,12.26
2025-03-26,12.16,12.25,11.81,11.96,328322,12.09
2025-03-27,11.83,11.89,11.68,11.73,484326,11.85
2025-03-28,11.69,11.78,11.5,11.63,507480,11.75
2025-03-31,11.38,11.68,11.36,11.63,459718,11.75
2025-04-01,11.59,11.65,11.4,11.57,364215,11.69
2025-04-02,11.37,11.89,11.37,11.82,238587,11.94
2025-04-03,11.2,11.27,10.29,10.42,690880,10.53
2025-04-04,9.955,9.994,9.203,9.381,906048,9.48
2025-04-07,8.886,9.915,8.757,9.826,1315586,9.93
2025-04-08,10.49,10.69,9.43,9.51,862424,9.61
2025-04-09,9.401,10.58,9.203,10.49,1091133,10.6
2025-04-10,10.14,10.44,9.984,10.33,712554,10.44
2025-04-11,10.28,10.48,10.02,10.44,440662,10.55
2025-04-14,10.66,10.72,10.4,10.71,336275,10.82
2025-04-15,10.74,11.05,10.74,10.88,508820,11
2025-04-16,10.78,10.89,10.68,10.8,378384,10.91
2025-04-17,10.79,11.01,10.71,10.9,342408,11.02
2025-04-21,10.85,10.87,10.19,10.29,836133,10.4
2025-04-22,10.51,10.64,10.33,10.62,540531,10.73
2025-04-23,10.94,11.2,10.66,10.79,506895,10.9
2025-04-24,10.8,11.11,10.8,11.07,465781,11.19
2025-04-25,10.98,11.12,10.92,11.09,365979,11.21
2025-04-28,11.12,11.21,10.98,11.13,737294,11.25
2025-04-29,11.1,11.27,10.99,11.21,375919,11.33
2025-04-30,10.99,11.14,10.84,10.95,773758,11.07
2025-05-01,10.87,11.26,10.87,11.15,426029,11.27
2025-05-02,11.27,11.6,11.27,11.45,436283,11.57
2025-05-05,11.3,11.52,11.27,11.33,455496,11.45
2025-05-06,11.14,11.36,11.1,11.24,367391,11.36
2025-05-07,11.23,11.42,11.22,11.29,644910,11.41
2025-05-08,10.94,11.7,10.73,11.6,614074,11.72
2025-05-09,11.62,11.68,11.45,11.54,502106,11.66
2025-05-12,12.03,12.31,11.77,11.88,721389,12.01
2025-05-13,11.97,12.09,11.73,11.83,1649443,11.96
2025-05-14,11.81,12.03,11.81,11.99,508536,12.12
2025-05-15,11.96,12.09,11.8,12.07,443929,12.2
2025-05-16,12.12,12.15,12,12,503080,12.13
2025-05-19,11.84,11.94,11.79,11.84,364934,11.97
2025-05-20,11.8,11.81,11.54,11.55,259381,11.67
2025-05-21,11.39,11.44,11.05,11.11,597054,11.23
2025-05-22,11.06,11.24,10.93,11.07,497779,11.19
2025-05-23,10.85,11.17,10.78,11.09,423865,11.21
2025-05-27,11.28,11.46,11.07,11.33,837569,11.45
2025-05-28,11.32,11.47,11.23,11.37,500541,11.49
2025-05-29,11.44,11.48,10.69,10.73,532290,10.84
2025-05-30,10.73,10.92,10.54,10.78,869522,10.86
2025-06-02,10.82,10.87,10.39,10.47,562733,10.54
2025-06-03,10.47,10.48,9.974,10.03,1542873,10.1
2025-06-04,10.11,10.36,9.83,10.29,1063385,10.36
2025-06-05,10.23,10.26,9.86,9.89,679652,9.96
2025-06-06,10.06,10.1,9.801,9.801,512378,9.87
2025-06-09,9.84,9.93,9.711,9.821,733905,9.89
2025-06-10,9.969,10.1,9.86,9.93,799315,10
2025-06-11,9.979,9.999,9.776,9.801,1131082,9.87
2025-06-12,9.701,9.761,9.523,9.721,1062104,9.79
2025-06-13,9.572,9.58,9.23,9.304,858211,9.37
2025-06-16,9.394,9.453,9.255,9.274,568027,9.34
2025-06-17,9.165,9.294,8.897,8.947,762705,9.01
2025-06-18,8.937,9.145,8.927,8.947,625663,9.01
2025-06-20,9.036,9.051,8.847,8.847,1349047,8.91
2025-06-23,8.828,9.111,8.788,9.046,1218366,9.11
2025-06-24,9.145,9.404,9.061,9.344,1235217,9.41
2025-06-25,9.344,9.731,9.195,9.731,2524611,9.8
2025-06-26,9.791,10.24,9.791,10.09,3066932,10.16
2025-06-27,10.1,10.33,9.9,10.03,3767846,10.1
2025-06-30,10.09,10.17,9.771,10.15,1009333,10.22
2025-07-01,10.12,10.46,9.979,10.42,1045347,10.49
2025-07-02,10.38,10.61,10.38,10.61,645293,10.68
2025-07-03,10.63,10.77,10.58,10.67,342327,10.75
2025-07-07,10.61,10.66,10.36,10.42,497793,10.49
2025-07-08,10.48,10.75,10.4,10.64,1054029,10.72
2025-07-09,10.69,10.73,10.55,10.66,1036958,10.74
2025-07-10,10.67,10.99,10.65,10.96,444586,11.04
2025-07-11,10.86,10.88,10.75,10.75,350932,10.83
2025-07-14,10.73,10.91,10.68,10.82,490695,10.9
2025-07-15,11.04,11.06,10.7,10.73,603511,10.81
2025-07-16,10.83,11.45,10.79,11.42,1232543,11.5
2025-07-17,11.36,11.75,11.34,11.74,607273,11.82
2025-07-18,11.8,11.83,11.55,11.68,454389,11.76
2025-07-21,11.77,11.8,11.51,11.51,592295,11.59
2025-07-22,11.52,11.84,11.52,11.82,447392,11.9
2025-07-23,11.89,12.1,11.8,12.02,474936,12.11
2025-07-24,12,12.14,11.97,12.06,665058,12.15
2025-07-25,12.06,12.24,11.99,12.22,629401,12.31
2025-07-28,12.25,12.35,12.18,12.34,531169,12.43
2025-07-29,12.41,12.43,12.19,12.31,517766,12.4
2025-07-30,12.3,12.44,12.12,12.26,675962,12.35
2025-07-31,12.27,12.4,12.18,12.21,516938,12.3
2025-08-01,11.94,12.07,11.62,11.81,531922,11.89
2025-08-04,11.9,12.07,11.83,12.01,411698,12.09
2025-08-05,12.06,12.12,11.8,12.02,774276,12.11
2025-08-06,12.09,12.19,12,12.04,527873,12.13
2025-08-07,12.41,12.68,11.91,11.98,616776,12.06
2025-08-08,12.33,12.99,12.22,12.41,843418,12.5
2025-08-11,12.39,12.46,11.97,12.15,441509,12.24
2025-08-12,12.27,12.54,12.26,12.42,521184,12.51
2025-08-13,12.51,12.73,12.39,12.73,463520,12.82
2025-08-14,12.63,12.72,12.46,12.66,474450,12.75
2025-08-15,12.72,12.72,12.37,12.44,393432,12.53
2025-08-18,12.39,12.55,12.33,12.44,543507,12.53
2025-08-19,12.49,12.54,12.12,12.14,372075,12.23
2025-08-20,12.05,12.34,11.85,12.31,518823,12.4
2025-08-21,12.23,12.45,12.18,12.4,274249,12.49
2025-08-22,12.47,12.81,12.43,12.66,540045,12.75
2025-08-25,12.54,12.65,12.43,12.43,258807,12.52
2025-08-26,12.42,12.55,12.33,12.38,493341,12.47
2025-08-27,12.34,12.45,12.23,12.34,367492,12.43
2025-08-28,12.4,12.54,12.26,12.26,455972,12.35
2025-08-29,12.35,12.4,12.17,12.29,395118,12.34
2025-09-02,12.07,12.26,11.99,12.23,281123,12.28
2025-09-03,12.11,12.23,11.93,12.03,265740,12.08
2025-09-04,12.16,12.3,12.08,12.15,304247,12.2
2025-09-05,12.14,12.22,11.78,11.98,403932,12.03
2025-09-08,12.05,12.32,11.96,12.28,493900,12.33
2025-09-09,12.21,12.39,11.93,11.94,603519,11.99
2025-09-10,11.98,12.19,11.87,12.11,288117,12.16
2025-09-11,12.1,12.49,12.1,12.32,399010,12.37
2025-09-12,12.33,12.35,12.08,12.09,270828,12.14
2025-09-15,12.11,12.22,11.86,11.91,298967,11.96
2025-09-16,11.92,11.97,11.76,11.84,311416,11.89
2025-09-17,11.85,12.1,11.59,11.67,393927,11.72
2025-09-18,11.78,12.19,11.78,12.09,582859,12.14
2025-09-19,12.1,12.13,11.91,11.92,1493655,11.97
2025-09-22,11.79,11.87,11.64,11.82,364019,11.87
2025-09-23,11.75,12.08,11.67,11.72,486078,11.77
2025-09-24,11.66,11.74,11.02,11.24,553378,11.29
2025-09-25,11.2,11.3,11.11,11.2,474943,11.24
2025-09-26,11.18,11.36,11.14,11.19,329040,11.23
2025-09-29,11.25,11.29,11.07,11.14,287488,11.18
2025-09-30,11.05,11.18,10.66,10.84,401807,10.88
2025-10-01,10.82,10.91,10.57,10.65,576370,10.69
2025-10-02,10.67,10.73,10.53,10.65,238306,10.69
2025-10-03,10.71,10.92,10.71,10.85,294417,10.89
2025-10-06,10.92,11.04,10.71,10.89,371737,10.93
2025-10-07,10.97,10.99,10.81,10.91,375133,10.95
2025-10-08,10.88,10.89,10.3,10.53,494876,10.57
2025-10-09,10.58,10.7,10.43,10.69,504804,10.73
2025-10-10,10.73,10.87,10.15,10.21,412564,10.25
2025-10-13,10.33,10.48,10.27,10.47,324331,10.51
2025-10-14,10.38,10.78,10.37,10.65,342204,10.69
2025-10-15,10.76,10.93,10.7,10.78,295649,10.82
2025-10-16,10.74,10.78,10.31,10.44,429646,10.48
2025-10-17,10.4,10.49,10.32,10.43,433453,10.47
2025-10-20,10.52,10.75,10.52,10.66,307507,10.7
2025-10-21,10.68,10.83,10.68,10.7,276244,10.74
2025-10-22,10.73,10.77,10.5,10.53,370426,10.57
2025-10-23,10.5,10.61,10.28,10.48,420352,10.52
2025-10-24,10.66,10.67,10.51,10.51,178300,10.55
2025-10-27,10.62,10.85,10.58,10.78,318223,10.82
2025-10-28,10.75,10.94,10.67,10.84,274273,10.88
2025-10-29,10.76,10.89,10.48,10.57,413348,10.61
2025-10-30,10.52,10.6,10.1,10.11,337469,10.15
2025-10-31,10.05,10.18,10.01,10.12,404965,10.16
2025-11-03,10.1,10.37,9.99,10.29,475258,10.33
2025-11-04,10.25,10.39,10.2,10.27,301223,10.31
2025-11-05,10.43,10.55,10.19,10.54,369738,10.58
2025-11-06,10.26,10.65,10.03,10.35,731210,10.39
2025-11-07,10.41,10.75,10.25,10.54,906115,10.58
2025-11-10,10.66,10.72,10.33,10.38,479211,10.42
2025-11-11,10.36,10.49,10.31,10.41,602228,10.45
2025-11-12,10.39,10.6,10.11,10.12,684892,10.16
2025-11-13,10.09,10.21,9.811,9.841,497158,9.88
2025-11-14,9.751,9.94,9.691,9.87,622900,9.91
2025-11-17,9.821,9.95,9.273,9.273,666266,9.31
2025-11-18,9.253,9.422,9.173,9.313,731451,9.35
2025-11-19,9.283,9.367,9.024,9.123,703745,9.16
2025-11-20,9.273,9.472,8.645,8.665,724970,8.7
2025-11-21,8.765,9.074,8.675,9.054,666150,9.09
2025-11-24,9.014,9.213,8.854,9.163,580469,9.2
2025-11-25,9.203,9.288,9.103,9.203,375308,9.24
2025-11-26,9.183,9.357,9.163,9.343,563020,9.38
2025-11-28,9.31,9.4672,9.31,9.38,201191,9.38
2025-12-01,9.26,9.57,9.2,9.43,437516,9.43
2025-12-02,9.47,9.63,9.385,9.43,619629,9.43
2025-12-03,9.5,9.885,9.475,9.84,607299,9.84
2025-12-04,9.74,9.9,9.72,9.85,437790,9.85
2025-12-05,9.78,10.01,9.7,9.84,420770,9.84
2025-12-08,9.93,9.93,9.66,9.78,633169,9.78
2025-12-09,9.82,10.19,9.77,9.97,653220,9.97
2025-12-10,9.99,10.305,9.79,10.21,717136,10.21
2025-12-11,10.21,10.425,10.11,10.38,429633,10.38
2025-12-12,10.33,10.365,10.2,10.27,599579,10.27
2025-12-15,10.37,10.37,9.905,10.06,341730,10.06
2025-12-16,10.12,10.249,9.97,10.18,418486,10.18
2025-12-17,10.16,10.29,9.86,9.91,558343,9.91
2025-12-18,10.09,10.225,9.76,9.83,351929,9.83
2025-12-19,9.82,9.91,9.71,9.91,1080753,9.91
2025-12-22,9.87,10.14,9.78,10,350087,10
2025-12-23,9.99,10.1372,9.96,9.97,304830,9.97
2025-12-24,9.96,10.125,9.955,10.06,117735,10.06
2025-12-26,10.03,10.08,9.97,10.08,206949,10.08
2025-12-29,10.07,10.15,10.05,10.09,236972,10.09
2025-12-30,10.09,10.1,9.85,9.88,300699,9.88
2025-12-31,9.84,9.84,9.705,9.81,343844,9.81
2026-01-02,9.83,9.91,9.76,9.89,311630,9.89
2026-01-05,9.87,10.65,9.87,10.5,388309,10.5
2026-01-06,10.46,10.58,10.365,10.55,288991,10.55
2026-01-07,10.52,10.52,10.08,10.19,276518,10.19
2026-01-08,10.12,10.5075,10.08,10.46,315584,10.46
2026-01-09,10.46,10.59,10.22,10.33,347533,10.33
2026-01-12,10.2,10.2975,10.06,10.29,272074,10.29
2026-01-13,10.27,10.375,9.885,10.15,449511,10.15
2026-01-14,10.09,10.45,9.99,10.44,397043,10.44
2026-01-15,10.47,10.62,10.47,10.61,345860,10.61
2026-01-16,10.6,10.78,10.45,10.71,859495,10.71
2026-01-20,10.6,11.06,10.525,10.66,766916,10.66
2026-01-21,10.75,11.1,10.69,11.09,779691,11.09
2026-01-22,11.17,11.47,11.015,11.06,465744,11.06
2026-01-23,11.02,11.18,10.69,10.76,370903,10.76
2026-01-26,10.75,10.75,10.305,10.7,542074,10.7
2026-01-27,10.66,10.99,10.55,10.97,556710,10.97
2026-01-28,11.02,11.055,10.56,10.6,789322,10.6
2026-01-29,10.61,10.91,10.54,10.9,538274,10.9
2026-01-30,10.93,11.015,10.551,10.78,693251,10.78
2026-02-02,10.73,11.035,10.67,10.93,409073,10.93
2026-02-03,10.88,10.98,9.97,10.35,976767,10.35
2026-02-04,10.48,10.56,10,10.5,839898,10.5
2026-02-05,10.48,10.48,9.79,9.86,809289,9.86
2026-02-06,10.13,10.21,10.025,10.2,467541,10.2
2026-02-09,10.12,10.4937,10.12,10.45,408662,10.45
2026-02-10,10.48,10.63,10.43,10.54,453424,10.54
