date,open,high,low,close,volume,raw_close
2016-01-04,39.38,39.52,38.8,39.25,28879675,52.91
2016-01-05,39.26,39.51,38.98,39.23,15826494,52.89
2016-01-06,38.66,39.03,38.45,38.49,21315901,51.88
2016-01-07,37.84,37.97,37.2,37.39,32618117,50.4
2016-01-08,37.68,37.73,36.69,36.76,25781305,49.56
2016-01-11,37.22,37.33,36.82,37.16,20507944,50.09
2016-01-12,37.74,38.22,37.42,38.1,31445985,51.36
2016-01-13,38.37,38.43,36.72,36.89,23630448,49.73
2016-01-14,37.15,37.83,36.79,37.57,26568505,50.64
2016-01-15,36.05,36.82,35.7,36.22,45779959,48.82
2016-01-19,36.53,36.75,35.6,35.76,31589380,48.21
2016-01-20,35.07,35.79,34.78,35.51,41964098,47.87
2016-01-21,35.62,36.38,35.54,35.61,25448956,48.01
2016-01-22,36.37,36.55,36.02,36.36,20368990,49.02
2016-01-25,36.28,36.33,35.33,35.36,24706463,47.66
2016-01-26,35.42,36.02,35.36,35.8,20508779,48.26
2016-01-27,35.83,36.57,35.7,36.03,22320706,48.57
2016-01-28,36.42,36.64,36.05,36.29,22581976,48.92
2016-01-29,36.56,37.28,36.47,37.26,30043743,50.23
2016-02-01,37.18,37.22,36.76,37.05,18611836,49.94
2016-02-02,36.54,36.59,36.19,36.22,26407279,48.83
2016-02-03,36.22,36.26,34.77,35.58,48459091,47.6
2016-02-04,35.43,36.34,35.41,36.07,31933365,48.25
2016-02-05,36.16,36.38,35.58,35.78,25100248,47.86
2016-02-08,35.22,35.39,34.43,34.76,33157499,46.5
2016-02-09,34.1,34.96,33.91,34.72,31291817,46.45
2016-02-10,35.05,35.3,34.47,34.51,21150030,46.17
2016-02-11,33.59,34.04,33.27,33.76,34428592,45.16
2016-02-12,34.36,35.42,34.34,35.37,30833978,47.31
2016-02-16,35.92,36.19,35.56,36.06,22366822,48.24
2016-02-17,36.37,36.6,35.88,35.98,19594192,48.13
2016-02-18,35.95,35.99,35.49,35.68,19037461,47.73
2016-02-19,35.43,36.01,35.39,35.95,21344420,48.09
2016-02-22,36.5,36.88,36.5,36.77,19192089,49.19
2016-02-23,36.53,36.57,35.87,35.96,16255101,48.1
2016-02-24,35.39,35.64,34.81,35.59,19499537,47.61
2016-02-25,35.67,36,35.67,35.7,17604608,47.75
2016-02-26,35.98,36.28,35.76,35.94,21641358,48.07
2016-02-29,35.91,35.91,35.07,35.08,26808465,46.92
2016-03-01,35.24,36.42,35.24,36.42,26516668,48.72
2016-03-02,36.51,37.06,36.34,37.06,19638000,49.57
2016-03-03,37.1,37.22,36.68,37.21,15059813,49.77
2016-03-04,37.39,37.74,37.14,37.46,20016360,50.11
2016-03-07,37.21,37.49,36.96,37.43,15314361,50.07
2016-03-08,37.09,37.12,36.57,36.67,19595523,49.05
2016-03-09,36.91,37,36.26,36.47,18827529,48.79
2016-03-10,36.59,36.73,35.85,36.26,19827996,48.51
2016-03-11,36.72,37.48,36.54,37.43,20288175,50.07
2016-03-14,37.36,37.43,36.96,37.29,14193804,49.88
2016-03-15,36.85,37.37,36.78,37.36,13792024,49.98
2016-03-16,37.19,37.59,36.84,37.03,17572399,49.54
2016-03-17,36.97,37.33,36.51,37.18,17341985,49.73
2016-03-18,37.71,37.9,37.33,37.78,48424629,50.54
2016-03-21,37.75,37.94,37.51,37.88,14121260,50.67
2016-03-22,37.54,37.81,37.38,37.65,15613372,50.37
2016-03-23,37.51,37.62,37.15,37.2,14939884,49.76
2016-03-24,36.65,36.69,36.27,36.56,22721525,48.9
2016-03-28,36.66,36.66,36.29,36.41,19787607,48.7
2016-03-29,36.35,36.37,35.76,35.92,26815119,48.05
2016-03-30,36.18,36.75,35.99,36.37,17895408,48.65
2016-03-31,36.33,36.51,36.08,36.15,18533536,48.36
2016-04-01,36.05,36.32,35.71,36.22,16093122,48.45
2016-04-04,36.2,36.38,36.03,36.26,13052250,48.5
2016-04-05,35.94,35.95,35.48,35.52,19472570,47.51
2016-04-06,35.43,35.98,35.3,35.94,18253674,48.08
2016-04-07,35.67,35.72,34.85,35.08,18798697,46.93
2016-04-08,35.4,35.62,35.11,35.19,14319574,47.07
2016-04-11,35.22,35.67,35.14,35.16,15984187,47.03
2016-04-12,35.24,35.76,35.1,35.71,19804482,47.77
2016-04-13,36.1,36.81,36.08,36.65,27476952,49.03
2016-04-14,36.11,36.85,36.01,36.47,31037873,48.79
2016-04-15,36.35,36.59,35.93,36.07,28124142,48.25
2016-04-18,35.86,36.54,35.82,36.51,19749862,48.84
2016-04-19,36.64,37.32,36.62,37.29,20537814,49.88
2016-04-20,37.36,37.77,37.2,37.71,23812894,50.45
2016-04-21,37.79,37.96,37.33,37.42,21318213,50.05
2016-04-22,37.42,37.93,37.42,37.84,17878555,50.62
2016-04-25,37.61,37.83,37.47,37.76,13746292,50.51
2016-04-26,37.76,38.12,37.71,38.07,14664854,50.92
2016-04-27,38.03,38.43,37.92,38.07,17169569,50.93
2016-04-28,37.76,38.07,37.53,37.68,16767498,50.41
2016-04-29,37.72,37.72,37.14,37.36,20769129,49.98
2016-05-02,37.59,37.9,37.49,37.82,15667484,50.59
2016-05-03,37.27,37.48,37.03,37.38,17198002,50
2016-05-04,36.96,37.11,36.67,36.87,24127796,48.94
2016-05-05,36.91,37.05,36.74,36.88,16535782,48.96
2016-05-06,36.69,37,36.65,36.93,15254744,49.02
2016-05-09,36.93,37.08,36.77,36.82,15775193,48.88
2016-05-10,36.91,37.3,36.91,37.21,15331442,49.4
2016-05-11,37.18,37.45,36.97,36.97,18837109,49.08
2016-05-12,37.17,37.35,36.94,37.06,14440071,49.2
2016-05-13,36.99,37.23,36.32,36.34,26451790,48.24
2016-05-16,36.25,36.63,36.11,36.36,21041460,48.27
2016-05-17,36.26,36.29,35.82,35.87,23890485,47.62
2016-05-18,35.92,36.7,35.87,36.65,31318348,48.65
2016-05-19,36.49,36.88,36.28,36.44,14316700,48.38
2016-05-20,36.62,37.07,36.58,36.72,15335721,48.75
2016-05-23,36.7,36.82,36.42,36.69,11665498,48.7
2016-05-24,36.95,37.19,36.68,37.06,17868089,49.2
2016-05-25,37.35,38.29,37.3,38.04,23688381,50.5
2016-05-26,38.06,38.16,37.97,38.08,15841831,50.55
2016-05-27,38.12,38.31,38.03,38.3,15322400,50.85
2016-05-31,38.43,38.56,38.03,38.21,23742438,50.72
2016-06-01,37.86,38.45,37.79,38.42,18387954,51
2016-06-02,38.39,38.5,38.2,38.5,15151785,51.11
2016-06-03,37.79,37.9,37.37,37.81,27139709,50.19
2016-06-06,37.85,38.32,37.81,38.03,15927005,50.49
2016-06-07,38.21,38.21,37.87,37.87,17170459,50.27
2016-06-08,37.85,38,37.47,37.66,19549529,50
2016-06-09,37.4,37.42,36.8,37.02,20395552,49.14
2016-06-10,36.53,36.69,36.29,36.41,18604981,48.34
2016-06-13,36.26,36.54,36.13,36.14,17120501,47.97
2016-06-14,36.05,36.25,35.04,35.31,26397162,46.88
2016-06-15,35.61,35.83,35.21,35.24,21423406,46.78
2016-06-16,35.01,35.3,34.62,35.29,16603257,46.85
2016-06-17,35.29,35.4,35.04,35.1,35146839,46.6
2016-06-20,35.77,36.08,35.34,35.35,21064365,46.93
2016-06-21,35.62,35.66,35.23,35.58,13199577,47.23
2016-06-22,35.52,35.84,35.35,35.38,18028887,46.97
2016-06-23,35.89,36.09,35.7,36.09,17745739,47.91
2016-06-24,34.47,35.38,34.11,34.43,50860546,45.71
2016-06-27,34.05,34.15,33.52,33.91,37124397,45.01
2016-06-28,34.57,34.73,34.15,34.73,29559098,46.1
2016-06-29,35.13,35.39,34.76,35.38,22623871,46.97
2016-06-30,35.59,35.68,35.05,35.65,26162605,47.33
2016-07-01,35.46,35.62,35.3,35.43,20659874,47.03
2016-07-05,35.18,35.22,34.51,34.81,24912450,46.21
2016-07-06,34.57,35.15,34.43,35.14,20300566,46.65
2016-07-07,35.09,35.57,34.98,35.25,18978619,46.8
2016-07-08,35.74,36.1,35.74,36,21315721,47.79
2016-07-11,36.23,36.5,36.11,36.22,17910587,48.08
2016-07-12,36.47,36.63,36.32,36.42,16260100,48.35
2016-07-13,36.39,36.51,36.14,36.36,15430390,48.27
2016-07-14,36.95,37.02,36.66,36.87,18808092,48.94
2016-07-15,36.8,36.82,35.71,35.94,38469998,47.71
2016-07-18,36.01,36.41,35.99,36.37,25717142,48.28
2016-07-19,36.22,36.57,36.19,36.44,17344843,48.37
2016-07-20,36.6,36.68,36.46,36.62,17377726,48.61
2016-07-21,36.65,36.77,36.38,36.38,16750941,48.3
2016-07-22,36.4,36.43,36.23,36.4,15293797,48.32
2016-07-25,36.34,36.35,36.04,36.25,13060445,48.12
2016-07-26,36.18,36.29,36.01,36.14,17073831,47.97
2016-07-27,36.12,36.32,35.99,36.16,19021318,48
2016-07-28,36.11,36.32,35.92,36.26,13470031,48.13
2016-07-29,36.12,36.29,36.12,36.14,15224981,47.97
2016-08-01,36.14,36.2,35.88,36.01,17599512,47.81
2016-08-02,35.9,36.03,35.7,35.93,18114047,47.7
2016-08-03,35.94,36.17,35.94,36.12,16759998,47.57
2016-08-04,36.14,36.45,36.12,36.33,15402788,47.84
2016-08-05,36.74,36.98,36.55,36.96,20704150,48.68
2016-08-08,37.04,37.25,37.01,37.14,15833563,48.91
2016-08-09,37.22,37.32,37.06,37.15,11255036,48.93
2016-08-10,37.07,37.15,36.51,36.58,17772496,48.18
2016-08-11,36.62,36.83,36.39,36.63,16071966,48.24
2016-08-12,36.49,36.51,36.32,36.37,14730496,47.9
2016-08-15,36.49,36.71,36.47,36.65,12513668,48.27
2016-08-16,36.57,36.9,36.49,36.78,15197714,48.44
2016-08-17,36.73,36.95,36.68,36.91,14181185,48.61
2016-08-18,36.83,36.95,36.7,36.85,13306287,48.53
2016-08-19,36.78,37,36.6,36.94,13973206,48.65
2016-08-22,36.93,37.01,36.83,36.93,10288310,48.63
2016-08-23,36.93,37.02,36.74,36.76,16499542,48.41
2016-08-24,36.83,37.03,36.71,36.93,17642596,48.63
2016-08-25,36.92,36.97,36.68,36.74,14513098,48.38
2016-08-26,36.89,37.09,36.66,36.84,16390093,48.51
2016-08-29,37.02,37.77,36.97,37.63,22500393,49.56
2016-08-30,37.76,38.45,37.72,38.44,26306691,50.62
2016-08-31,38.5,38.67,38.15,38.57,29180353,50.8
2016-09-01,38.67,38.73,38.05,38.29,18280601,50.43
2016-09-02,38.31,38.47,38.1,38.38,14119624,50.55
2016-09-06,38.39,38.4,37.69,37.96,23602573,49.99
2016-09-07,37.81,37.99,37.7,37.79,13357651,49.77
2016-09-08,37.82,37.96,37.63,37.89,14976131,49.9
2016-09-09,37.58,37.86,36.99,36.99,35535522,48.72
2016-09-12,36.73,36.93,36.43,36.86,38709298,48.54
2016-09-13,36.3,36.34,35.32,35.66,61562445,46.96
2016-09-14,35.75,36.13,35.31,35.32,46818147,46.52
2016-09-15,35.02,35.2,34.31,35.04,65471964,46.15
2016-09-16,34.7,34.83,34.36,34.5,63859411,45.43
2016-09-19,34.64,35.15,34.53,34.94,35510359,46.01
2016-09-20,35.8,35.84,35.02,35.35,53846031,46.56
2016-09-21,35.32,35.34,34.42,34.8,66847706,45.83
2016-09-22,34.8,35.02,34.45,34.72,38317247,45.72
2016-09-23,34.55,34.86,34.5,34.73,31389639,45.74
2016-09-26,34.45,34.55,33.9,34.08,33059999,44.88
2016-09-27,34.01,34.25,33.91,34.24,26152378,45.09
2016-09-28,34.44,34.53,34.14,34.41,29576841,45.31
2016-09-29,34.31,34.37,33.57,33.69,46789415,44.37
2016-09-30,33.66,33.97,33.49,33.62,61351042,44.28
2016-10-03,33.5,33.53,33.08,33.28,41766586,43.83
2016-10-04,33.12,33.48,33.07,33.22,45556734,43.75
2016-10-05,33.28,34.23,33.28,34.16,42660494,44.99
2016-10-06,34.31,34.47,34.04,34.31,31229546,45.18
2016-10-07,34.32,34.51,34.12,34.42,26605784,45.33
2016-10-10,34.7,34.87,34.5,34.66,22992235,45.65
2016-10-11,34.78,34.79,34.28,34.51,27710836,45.45
2016-10-12,34.56,34.8,34.41,34.41,23444223,45.32
2016-10-13,34.35,34.35,33.62,33.98,46097056,44.75
2016-10-14,34.3,34.56,33.65,33.95,47972175,44.71
2016-10-17,33.82,33.99,33.65,33.79,20380432,44.5
2016-10-18,33.98,34.17,33.72,34.13,25417523,44.95
2016-10-19,34.06,34.57,34.06,34.37,29289851,45.26
2016-10-20,34.15,34.39,33.91,34.12,28646301,44.93
2016-10-21,33.97,34.39,33.91,34.24,24358304,45.09
2016-10-24,34.51,34.69,34.39,34.56,20566492,45.52
2016-10-25,34.53,34.78,34.48,34.72,21655315,45.72
2016-10-26,34.52,35.06,34.5,35.04,26426217,46.15
2016-10-27,35.25,35.54,35.13,35.24,27274703,46.41
2016-10-28,35.36,35.42,34.84,35.1,22174000,46.23
2016-10-31,35.23,35.35,34.93,34.94,21903050,46.01
2016-11-01,35.02,35.14,34.63,34.92,21309112,45.99
2016-11-02,34.75,34.85,34.51,34.64,20923405,45.24
2016-11-03,34.71,35.06,34.65,34.72,16085599,45.34
2016-11-04,34.73,34.78,34.06,34.15,28852208,44.6
2016-11-07,34.62,34.98,34.62,34.76,27439958,45.4
2016-11-08,34.59,35.08,34.36,34.87,20569585,45.54
2016-11-09,35.47,37.22,35.22,36.74,71782895,47.99
2016-11-10,37.46,39.76,37.36,39.53,104244161,51.63
2016-11-11,39.13,39.81,38.84,39.61,49842284,51.73
2016-11-14,39.75,41.39,39.75,40.75,62279766,53.22
2016-11-15,40.11,40.27,39.46,40.27,42154460,52.59
2016-11-16,39.65,39.94,39.32,39.57,28573032,51.68
2016-11-17,39.35,40.5,39.02,40.19,30527043,52.49
2016-11-18,40.13,40.56,39.81,40.44,31166207,52.82
2016-11-21,40.47,40.56,39.83,39.91,25941320,52.12
2016-11-22,40.14,40.26,39.67,39.98,25216383,52.22
2016-11-23,40.15,40.3,39.78,39.94,21528948,52.16
2016-11-25,40.12,40.29,39.85,40.29,10778286,52.62
2016-11-28,39.91,40.18,39.35,39.49,28518504,51.58
2016-11-29,39.48,39.91,39.48,39.71,17661139,51.86
2016-11-30,40.18,40.7,40.04,40.52,31210400,52.92
2016-12-01,40.68,41.71,40.63,41.61,37961618,54.34
2016-12-02,41.53,41.55,40.82,41.02,23545170,53.58
2016-12-05,41.27,41.75,41.25,41.61,28015141,54.35
2016-12-06,41.69,42.55,41.51,42.53,32488114,55.55
2016-12-07,42.54,43.86,42.29,43.86,48800625,57.28
2016-12-08,43.86,44.42,43.42,43.86,41684112,57.29
2016-12-09,43.57,43.83,43.25,43.75,21848658,57.14
2016-12-12,43.26,43.72,42.53,42.71,30819254,55.78
2016-12-13,42.76,43.04,42.33,42.75,25566659,55.84
2016-12-14,41.91,42.59,41.37,41.88,58545784,54.7
2016-12-15,42.24,43.07,42.03,42.26,33084906,55.19
2016-12-16,42.49,42.61,42.05,42.37,40782823,55.34
2016-12-19,42.25,42.47,41.84,42.28,18447511,55.22
2016-12-20,42.47,43.12,42.23,42.95,21919679,56.1
2016-12-21,42.95,42.95,42.6,42.66,16252789,55.71
2016-12-22,42.69,42.9,42.49,42.69,15857922,55.75
2016-12-23,42.71,42.86,42.59,42.85,9404309,55.96
2016-12-27,42.8,42.95,42.75,42.84,9756747,55.95
2016-12-28,42.86,42.94,42.32,42.36,11983227,55.32
2016-12-29,42.26,42.46,41.71,41.99,17008475,54.84
2016-12-30,42.03,42.39,41.95,42.2,18090611,55.11
2017-01-03,42.62,43.15,42.46,42.88,24634027,56
2017-01-04,43,43.11,42.58,42.92,16747470,56.05
2017-01-05,42.49,42.74,41.71,42.25,20200792,55.18
2017-01-06,42.31,42.54,41.88,42.14,20356144,55.04
2017-01-09,41.87,41.97,41.48,41.53,24330589,54.24
2017-01-10,41.61,42.25,41.54,41.82,19862434,54.62
2017-01-11,41.81,41.96,41.13,41.96,22670477,54.8
2017-01-12,41.84,41.94,41.27,41.73,21822947,54.5
2017-01-13,42.2,43.03,41.84,42.35,39204338,55.31
2017-01-17,41.96,42.08,41.02,41.18,29836802,53.78
2017-01-18,41.18,41.57,40.84,41.55,23198909,54.27
2017-01-19,41.53,41.93,41.24,41.79,22396537,54.58
2017-01-20,41.92,42.2,41.82,42.17,28030393,55.07
2017-01-23,41.89,42.11,41.46,41.54,18858373,54.25
2017-01-24,41.62,42.17,41.45,41.88,20992555,54.7
2017-01-25,42.4,43.51,42.33,43.35,33975798,56.62
2017-01-26,43.34,43.89,43.33,43.78,25238710,57.18
2017-01-27,43.67,43.73,43.19,43.33,18626426,56.59
2017-01-30,42.97,43.12,42.69,42.94,17255771,56.08
2017-01-31,42.86,43.17,42.72,43.13,24865186,56.33
2017-02-01,43.58,43.99,42.99,43.1,22329267,55.91
2017-02-02,42.83,43.14,42.71,42.98,14069991,55.75
2017-02-03,43.85,44.16,43.5,44.15,21496543,57.27
2017-02-06,44,44.26,43.55,43.59,15188712,56.55
2017-02-07,43.83,44.09,43.38,43.43,16837905,56.34
2017-02-08,43.33,43.33,42.52,42.88,19759447,55.63
2017-02-09,43.15,43.76,42.91,43.73,17160694,56.73
2017-02-10,43.95,43.97,43.68,43.83,13229326,56.86
2017-02-13,43.99,44.33,43.85,44,17429028,57.08
2017-02-14,44.04,44.71,43.93,44.69,17604159,57.98
2017-02-15,44.79,45.48,44.63,45.13,27293666,58.55
2017-02-16,44.99,44.99,44.33,44.8,15687330,58.12
2017-02-17,44.39,44.79,44.29,44.78,19435135,58.09
2017-02-21,44.9,45.2,44.63,44.9,18979740,58.25
2017-02-22,44.71,45.16,44.71,44.99,13705075,58.36
2017-02-23,45.04,45.16,44.76,45.09,14636528,58.49
2017-02-24,44.48,44.64,44.19,44.56,18191471,57.81
2017-02-27,44.57,44.9,44.49,44.76,10723648,58.06
2017-02-28,44.7,44.96,44.5,44.62,19327412,57.88
2017-03-01,45.57,46.24,45.55,46.04,27913850,59.73
2017-03-02,46.08,46.09,45.15,45.26,18778520,58.71
2017-03-03,45.37,45.67,45.23,45.4,15987854,58.89
2017-03-06,45.13,45.39,44.85,45.18,16211255,58.61
2017-03-07,45.04,45.11,44.72,44.94,14942807,58.3
2017-03-08,45.44,45.58,44.84,44.87,15997816,58.21
2017-03-09,45.06,45.38,44.86,45.25,18670706,58.7
2017-03-10,45.47,45.62,45.11,45.37,16796452,58.85
2017-03-13,45.35,45.5,45.11,45.25,15587951,58.7
2017-03-14,45.09,45.33,44.9,45.3,11937927,58.76
2017-03-15,45.4,45.72,44.99,45.26,18834543,58.71
2017-03-16,45.37,45.8,45.3,45.73,19710148,59.32
2017-03-17,45.77,45.8,45.11,45.23,27229614,58.67
2017-03-20,45.07,45.07,44.42,44.42,19277622,57.63
2017-03-21,44.66,44.68,42.88,43.05,34168278,55.85
2017-03-22,42.81,42.84,42.28,42.65,29072267,55.33
2017-03-23,42.58,43.16,42.38,42.59,20152939,55.25
2017-03-24,42.78,43.21,42.57,43.04,22906457,55.83
2017-03-27,42.11,42.84,41.81,42.7,18423590,55.39
2017-03-28,42.67,43.36,42.58,43.14,16379566,55.96
2017-03-29,43.11,43.24,42.82,42.91,11378658,55.67
2017-03-30,42.92,43.5,42.87,43.35,13070729,56.24
2017-03-31,43.18,43.3,42.88,42.91,14413324,55.66
2017-04-03,42.94,43.03,42.24,42.78,15917198,55.49
2017-04-04,42.63,42.65,42.38,42.55,12921055,55.2
2017-04-05,43.01,43.32,42.34,42.38,18613015,54.98
2017-04-06,42.36,42.9,42.17,42.68,11708921,55.37
2017-04-07,42.35,42.64,42.1,42.27,17556322,54.84
2017-04-10,42.39,42.59,41.87,42.04,16389957,54.54
2017-04-11,41.8,41.83,41.06,41.75,29254675,54.16
2017-04-12,41.59,41.64,40.89,40.95,27692142,53.12
2017-04-13,39.93,40.66,39.58,39.58,49437087,51.35
2017-04-17,39.81,40.67,39.51,40.64,33758162,52.72
2017-04-18,40.36,40.6,40.15,40.43,23257839,52.45
2017-04-19,40.76,40.96,40.12,40.2,18655825,52.15
2017-04-20,40.64,41.31,40.42,41.24,34910706,53.5
2017-04-21,41.16,41.5,40.82,40.86,29641562,53
2017-04-24,41.74,41.89,41.31,41.36,25208259,53.65
2017-04-25,41.86,42.46,41.85,42.06,28810596,54.56
2017-04-26,42.09,42.45,41.9,42.04,17067710,54.54
2017-04-27,42.04,42.13,41.56,41.97,14834926,54.44
2017-04-28,41.88,42.07,41.42,41.5,18470552,53.84
2017-05-01,41.7,42.2,41.6,41.98,15409989,54.46
2017-05-02,41.98,42.1,41.67,42.04,17070505,54.54
2017-05-03,41.93,42.61,41.88,42.58,16903614,54.85
2017-05-04,42.9,43.16,42.59,42.83,17872926,55.18
2017-05-05,42.92,42.99,42.6,42.78,13730246,55.11
2017-05-08,42.78,42.92,42.5,42.73,15195699,55.04
2017-05-09,42.8,42.98,42.27,42.45,15180735,54.68
2017-05-10,42.25,42.63,42.2,42.48,16671987,54.72
2017-05-11,42.14,42.24,41.19,41.72,33640916,53.74
2017-05-12,41.38,41.39,40.79,41.16,30770182,53.02
2017-05-15,41.19,41.46,41.16,41.39,16479307,53.32
2017-05-16,41.45,41.48,41.1,41.34,13295668,53.26
2017-05-17,40.4,40.87,40.09,40.55,35043373,52.24
2017-05-18,40.61,41.11,40.33,40.66,21006303,52.38
2017-05-19,40.81,41.41,40.67,41.19,19751588,53.06
2017-05-22,41.35,41.39,40.75,41.15,14753740,53.01
2017-05-23,41.15,41.58,41.03,41.45,12638513,53.39
2017-05-24,41.52,41.62,40.99,41.21,12255731,53.09
2017-05-25,41.34,41.34,40.81,40.97,17404857,52.78
2017-05-26,40.86,40.99,40.65,40.68,15227359,52.41
2017-05-30,40.49,40.75,40.29,40.49,21216191,52.16
2017-05-31,40.54,40.56,39.46,39.7,34401360,51.14
2017-06-01,40,40.53,39.64,40.43,22272659,52.08
2017-06-02,40.11,40.55,40,40.22,21530049,51.81
2017-06-05,40.14,40.51,40.11,40.15,14660519,51.72
2017-06-06,39.84,40.39,39.78,40.22,15889125,51.81
2017-06-07,40.24,40.61,40.13,40.44,18993969,52.09
2017-06-08,40.37,41.17,40.27,40.8,24293780,52.56
2017-06-09,41.03,41.88,40.99,41.76,28956744,53.8
2017-06-12,41.9,42.37,41.87,41.99,23833462,54.09
2017-06-13,42.19,42.45,42.14,42.27,19064224,54.45
2017-06-14,41.99,42.42,41.58,42.33,17732826,54.53
2017-06-15,41.95,42.27,41.77,41.84,18533890,53.9
2017-06-16,41.86,42.1,41.65,41.83,33760108,53.89
2017-06-19,42.16,42.42,42.01,42.1,16597750,54.24
2017-06-20,41.97,41.99,41.47,41.5,14586740,53.46
2017-06-21,41.51,41.51,40.99,41.13,13799907,52.98
2017-06-22,40.99,41.06,40.54,40.75,16518173,52.49
2017-06-23,40.91,41.01,40.61,40.72,28497518,52.45
2017-06-26,40.93,41.48,40.82,41.06,13842521,52.9
2017-06-27,41.16,41.65,41.07,41.27,15313796,53.16
2017-06-28,41.62,42.24,41.55,42.17,22320290,54.33
2017-06-29,43.2,43.94,42.86,43.3,34598120,55.78
2017-06-30,43.49,43.51,42.82,43.01,19272240,55.41
2017-07-03,43.32,43.82,43.25,43.3,12831265,55.78
2017-07-05,43.45,43.49,42.96,43.3,15338637,55.78
2017-07-06,43.46,43.72,43.08,43.13,15640557,55.56
2017-07-07,43.28,43.34,42.89,43.27,13468705,55.74
2017-07-10,43.11,43.32,42.96,43.15,11838350,55.59
2017-07-11,43.21,43.25,42.56,42.73,16048620,55.04
2017-07-12,42.64,42.88,42.38,42.83,13506927,55.17
2017-07-13,42.9,43.21,42.74,43.16,15762716,55.6
2017-07-14,42.16,42.85,42.01,42.69,19145151,54.99
2017-07-17,42.62,42.68,42.26,42.47,16198569,54.71
2017-07-18,42.16,42.63,42.1,42.54,14809637,54.8
2017-07-19,42.54,42.86,42.45,42.65,13234483,54.94
2017-07-20,42.66,42.94,42.45,42.6,17308392,54.88
2017-07-21,42.25,42.4,42,42.05,19712991,54.17
2017-07-24,42,42.24,41.95,42.13,20431510,54.27
2017-07-25,42.69,43.01,42.63,42.74,21488074,55.06
2017-07-26,42.94,42.95,42.55,42.63,20695886,54.91
2017-07-27,42.59,42.66,42.22,42.47,18773033,54.71
2017-07-28,42.15,42.36,41.28,41.38,33994135,53.3
2017-07-31,41.47,42.09,41.45,41.87,22722780,53.94
2017-08-01,42.1,42.22,41.8,41.98,21378537,54.08
2017-08-02,41.86,42.19,41.79,41.93,20717247,53.62
2017-08-03,41.83,41.96,41.71,41.75,21702066,53.4
2017-08-04,41.97,41.99,40.59,41.32,46340201,52.84
2017-08-07,41.23,41.4,41,41.08,25521869,52.54
2017-08-08,40.91,41.68,40.83,41.21,26118610,52.71
2017-08-09,40.88,41.29,40.77,41.28,15596847,52.79
2017-08-10,40.96,41.22,40.6,40.62,20378199,51.95
2017-08-11,40.53,40.82,40.46,40.61,15702288,51.94
2017-08-14,40.95,41.51,40.93,41.32,18090669,52.84
2017-08-15,41.6,41.72,41.31,41.32,11701236,52.85
2017-08-16,41.45,41.61,41.02,41.2,12091288,52.69
2017-08-17,41.03,41.15,40.5,40.5,18558126,51.8
2017-08-18,40.37,40.77,40.17,40.41,19453460,51.68
2017-08-21,40.46,40.59,40.19,40.52,14404215,51.82
2017-08-22,40.62,40.87,40.6,40.83,14437049,52.22
2017-08-23,40.53,41.03,40.5,40.68,11027849,52.03
2017-08-24,40.81,41.07,40.69,40.78,14006077,52.16
2017-08-25,40.92,41.1,40.47,40.48,17517695,51.77
2017-08-28,40.62,40.67,40.21,40.37,14497879,51.63
2017-08-29,40.04,40.27,39.98,40.21,11749007,51.42
2017-08-30,40.24,40.46,40.03,40.16,12295971,51.36
2017-08-31,39.88,40.07,39.78,39.93,28803780,51.07
2017-09-01,39.92,40.26,39.82,39.85,17490473,50.97
2017-09-05,39.59,39.62,38.91,39.17,34585689,50.1
2017-09-06,39.29,39.31,38.75,39,28032504,49.88
2017-09-07,39.02,39.05,38.52,38.85,24376317,49.68
2017-09-08,38.79,39.08,38.65,38.77,20425945,49.58
2017-09-11,39.1,39.72,39.05,39.61,19479905,50.66
2017-09-12,39.76,40.45,39.75,40.32,18884317,51.57
2017-09-13,40.18,40.28,40.02,40.24,14085674,51.46
2017-09-14,40.3,40.44,39.94,40.1,15882208,51.29
2017-09-15,40.1,40.41,40.07,40.39,40024437,51.66
2017-09-18,40.4,41.32,40.35,41.21,23066648,52.71
2017-09-19,41.23,41.9,41.07,41.72,18444668,53.36
2017-09-20,41.75,42.31,41.66,42.03,22979997,53.75
2017-09-21,41.88,42.41,41.85,42.27,17406291,54.06
2017-09-22,42.16,42.5,42.03,42.42,19326431,54.25
2017-09-25,42.29,42.48,41.87,42.25,12970315,54.03
2017-09-26,42.3,42.44,42.04,42.07,13673568,53.8
2017-09-27,42.59,42.64,42.27,42.39,18045735,54.21
2017-09-28,42.45,42.48,42.02,42.42,15890695,54.25
2017-09-29,42.42,43.18,42.29,43.12,22876790,55.15
2017-10-02,43.13,43.37,42.89,43.37,13019645,55.47
2017-10-03,43.24,43.49,42.89,43.46,18235220,55.58
2017-10-04,43.25,43.28,42.92,42.97,15825449,54.96
2017-10-05,43.01,43.61,42.83,43.31,15886095,55.39
2017-10-06,43.38,43.54,43.18,43.46,12404999,55.58
2017-10-09,43.47,43.55,42.94,43.11,12425112,55.14
2017-10-10,43.29,43.57,43.12,43.48,13806406,55.61
2017-10-11,43.35,43.56,43.21,43.52,14494575,55.66
2017-10-12,43.54,43.56,43.05,43.17,16676823,55.21
2017-10-13,41.82,42,41.32,41.98,37225784,53.69
2017-10-16,41.93,42.2,41.77,42.07,24123046,53.8
2017-10-17,42.21,42.22,41.54,41.59,19738807,53.19
2017-10-18,41.76,42.28,41.69,41.76,23306777,53.41
2017-10-19,41.53,42.17,41.44,42.03,13582626,53.75
2017-10-20,42.4,43.06,42.25,42.94,31580540,54.92
2017-10-23,42.79,43.04,42.77,42.93,18915587,54.91
2017-10-24,43.01,43.44,43.01,43.33,20118203,55.42
2017-10-25,43.39,43.46,42.9,43.2,19294846,55.25
2017-10-26,43.36,43.92,43.36,43.49,16776922,55.62
2017-10-27,43.18,43.82,43.11,43.69,18970646,55.87
2017-10-30,43.36,43.76,43.25,43.67,13427313,55.85
2017-10-31,43.75,44.19,43.71,43.9,16490263,56.14
2017-11-01,44.04,44.44,43.94,43.95,12896060,56.21
2017-11-02,43.94,44.5,43.58,44.47,16574709,56.48
2017-11-03,44.29,44.44,44.01,44.37,10825623,56.35
2017-11-06,44.17,44.43,44.09,44.23,11725449,56.18
2017-11-07,44.23,44.32,43.05,43.34,20096531,55.05
2017-11-08,43.15,43.3,42.56,42.72,25277299,54.26
2017-11-09,42.44,42.67,41.9,42.52,25367905,54
2017-11-10,42.53,42.62,42.35,42.37,14989402,53.81
2017-11-13,42.14,42.45,42.05,42.3,14737493,53.72
2017-11-14,42.14,42.6,41.98,42.55,23094837,54.04
2017-11-15,42.23,42.61,42.11,42.32,21814746,53.75
2017-11-16,42.48,43.2,42.41,42.99,30276919,54.6
2017-11-17,42.68,42.88,42.49,42.64,16876977,54.15
2017-11-20,42.64,42.68,42.4,42.56,18907888,54.05
2017-11-21,42.58,42.97,42.51,42.93,15186952,54.52
2017-11-22,42.88,43.01,42.54,42.57,12612135,54.06
2017-11-24,42.68,42.76,42.52,42.59,5870480,54.09
2017-11-27,42.53,42.88,42.41,42.48,12302776,53.95
2017-11-28,42.42,44.01,42.3,43.75,29081302,55.57
2017-11-29,43.97,45.08,43.86,44.63,30606659,56.68
2017-11-30,44.93,45.14,44.39,44.46,35911332,56.47
2017-12-01,44.54,45.02,43.65,44.25,32857415,56.2
2017-12-04,45.09,45.66,45.04,45.19,30338588,57.39
2017-12-05,45.39,46.78,45.23,46.1,42863476,58.55
2017-12-06,46.11,46.53,45.76,46.12,28265796,58.57
2017-12-07,46.02,47.24,45.9,46.74,34397902,59.36
2017-12-08,47.01,47.18,46.57,46.7,23029227,59.31
2017-12-11,46.67,46.69,46.16,46.35,18224357,58.87
2017-12-12,46.23,47.68,46.23,47.5,28002985,60.33
2017-12-13,47.49,47.64,46.75,46.77,19837688,59.4
2017-12-14,46.89,47.23,46.62,46.63,16442115,59.22
2017-12-15,46.81,47.75,46.73,47.14,45334763,59.87
2017-12-18,47.59,48.13,47.53,47.97,21821372,60.92
2017-12-19,48.19,48.24,47.46,47.53,19379844,60.36
2017-12-20,47.94,48.08,47.29,47.35,18293287,60.14
2017-12-21,47.78,48.91,47.78,48.51,24161475,61.61
2017-12-22,48.82,49.01,48.18,48.46,13467994,61.55
2017-12-26,48.42,48.6,47.87,48.13,12822502,61.13
2017-12-27,48.11,48.22,47.76,47.99,11224970,60.95
2017-12-28,48.05,48.27,47.96,48.27,11197704,61.3
2017-12-29,48.39,48.49,47.77,47.77,13483921,60.67
2018-01-02,48.12,48.31,47.79,48.1,15115579,61.09
2018-01-03,48.2,48.64,48.11,48.47,15382622,61.56
2018-01-04,48.8,49.64,48.75,49.08,20673653,62.33
2018-01-05,49.42,49.45,48.88,49.41,15883049,62.75
2018-01-08,49.34,49.39,48.77,48.85,17090696,62.04
2018-01-09,49.05,49.42,48.87,49.02,16860847,62.26
2018-01-10,49.2,49.92,49.1,49.7,20491240,63.12
2018-01-11,50.12,50.13,49.36,49.61,25953811,63.01
2018-01-12,49.76,49.92,48.86,49.25,26995965,62.55
2018-01-16,49.44,49.72,48.95,49.21,19298663,62.5
2018-01-17,49.49,50.42,49.2,50.3,25780180,63.88
2018-01-18,50.29,50.64,50.28,50.35,17773781,63.95
2018-01-19,50.51,50.6,50.26,50.57,18607877,64.22
2018-01-22,50.39,50.98,50.37,50.97,13587491,64.73
2018-01-23,50.65,51.06,50.57,50.78,14445576,64.49
2018-01-24,51.14,51.68,51.02,51.56,21843065,65.48
2018-01-25,51.73,51.85,51.49,51.69,19429268,65.65
2018-01-26,51.88,52,51.38,51.91,17838125,65.93
2018-01-29,51.79,52.21,51.7,51.82,17128332,65.82
2018-01-30,51.52,51.91,51.4,51.4,17611026,65.28
2018-01-31,51.39,52.05,51.31,51.79,20773303,65.78
2018-02-01,51.78,52.35,51.53,51.89,17174459,65.51
2018-02-02,51.75,51.9,50.56,50.75,20643930,64.07
2018-02-05,46.49,47.44,45.54,46.07,106152464,58.16
2018-02-06,45.07,46.34,44.25,45.37,86326715,57.28
2018-02-07,45.1,46.03,44.95,45.58,47234795,57.54
2018-02-08,45.41,45.5,43.84,43.88,47472251,55.4
2018-02-09,44.47,44.78,43.34,44.46,52075503,56.13
2018-02-12,44.64,45.24,44.26,44.75,28879872,56.5
2018-02-13,44.4,46.01,44.32,45.94,26749684,58
2018-02-14,45.82,47.21,45.78,47.17,25618192,59.55
2018-02-15,47.38,47.6,46.85,47.54,23520634,60.02
2018-02-16,47.26,47.86,47.26,47.48,19943317,59.95
2018-02-20,47.41,48.53,47.35,47.48,19258121,59.95
2018-02-21,47.41,47.91,47.31,47.31,22465561,59.73
2018-02-22,47.43,47.66,46.48,46.58,18978899,58.81
2018-02-23,46.79,46.92,46.22,46.87,22274131,59.17
2018-02-26,47.33,47.52,46.69,47.5,17961745,59.97
2018-02-27,47.55,47.9,46.9,46.9,18957731,59.21
2018-02-28,47.1,47.38,46.19,46.26,20844963,58.41
2018-03-01,46.14,46.68,45.2,45.39,30517338,57.31
2018-03-02,45.08,45.64,44.69,45.47,24059530,57.41
2018-03-05,45,45.92,44.82,45.62,22140609,57.59
2018-03-06,45.71,45.84,44.86,45.2,25283224,57.07
2018-03-07,44.67,44.94,44.36,44.83,26556003,56.6
2018-03-08,44.93,45.16,44.54,44.93,18988837,56.72
2018-03-09,45.27,46.15,45.15,46.12,19916037,58.23
2018-03-12,46.15,46.38,45.91,45.96,13626190,58.02
2018-03-13,46.25,46.27,45.48,45.59,15067493,57.56
2018-03-14,45.83,45.86,44.71,44.85,13336338,56.63
2018-03-15,44.97,45.24,44.55,45.01,14084950,56.83
2018-03-16,45.14,45.28,44.25,44.28,43815097,55.9
2018-03-19,44.26,44.35,43.54,43.94,19256685,55.48
2018-03-20,44.17,44.27,43.29,43.48,27810526,54.9
2018-03-21,43.58,44.02,43.2,43.4,20335552,54.79
2018-03-22,42.94,42.99,41.33,41.61,34905236,52.53
2018-03-23,41.76,41.93,40.35,40.38,33778616,50.98
2018-03-26,41.15,41.62,40.81,41.42,29349121,52.29
2018-03-27,41.5,41.82,40.15,40.47,25626299,51.1
2018-03-28,40.52,41.13,40.35,40.78,24704022,51.48
2018-03-29,41.24,41.78,40.97,41.51,20802133,52.41
2018-04-02,41.48,41.5,39.93,40.67,26121461,51.35
2018-04-03,40.97,41.34,40.44,41.25,18133484,52.08
2018-04-04,40.5,42.01,40.4,41.91,17334446,52.91
2018-04-05,42.25,42.74,42.02,42.19,17381150,53.26
2018-04-06,41.7,41.92,41.16,41.37,24459284,52.23
2018-04-09,41.6,42.24,41.31,41.39,18482138,52.25
2018-04-10,41.97,42.03,41.28,41.68,16572466,52.62
2018-04-11,41.44,41.56,40.97,41.13,15852569,51.93
2018-04-12,41.31,42.19,41.21,41.74,21657163,52.7
2018-04-13,41.2,41.43,40.25,40.31,34001072,50.89
2018-04-16,40.07,40.66,39.85,40.24,33319320,50.8
2018-04-17,40.36,40.52,39.99,40.05,26793526,50.57
2018-04-18,40.22,40.37,39.81,39.91,21893720,50.39
2018-04-19,40.01,40.88,39.99,40.82,24919407,51.54
2018-04-20,41.13,41.84,41.04,41.63,32815636,52.56
2018-04-23,41.62,41.85,41.33,41.67,19859509,52.61
2018-04-24,41.94,42.57,41.33,41.59,24487250,52.51
2018-04-25,41.54,42.37,41.13,42.07,22318349,53.11
2018-04-26,41.97,42.07,41.39,41.54,18183128,52.44
2018-04-27,41.41,41.93,41.35,41.47,12876473,52.36
2018-04-30,41.63,42.02,41.16,41.16,19991292,51.96
2018-05-01,41,41.66,40.87,41.63,14721547,52.56
2018-05-02,41.49,41.88,41.24,41.34,17855782,52.19
2018-05-03,41.19,41.33,40.55,41.13,20709539,51.54
2018-05-04,40.84,42.22,40.76,41.82,18636271,52.41
2018-05-07,42.27,42.29,41.8,42.02,18887655,52.66
2018-05-08,42.07,42.86,42,42.45,23365931,53.19
2018-05-09,42.65,43.07,42.58,42.9,17446880,53.76
2018-05-10,43.2,43.68,42.8,43.61,22177631,54.65
2018-05-11,43.64,43.83,43.31,43.45,15664086,54.45
2018-05-14,43.72,43.75,43.36,43.48,14563502,54.48
2018-05-15,43.44,44.12,43.39,43.69,16629312,54.75
2018-05-16,43.65,44.15,43.54,43.92,18016286,55.04
2018-05-17,43.41,43.63,43.12,43.27,22620482,54.22
2018-05-18,43.21,43.43,42.84,42.85,23279379,53.7
2018-05-21,43.16,43.6,43.15,43.52,12605207,54.54
2018-05-22,43.6,44.41,43.44,44.1,19319697,55.26
2018-05-23,43.92,44.83,43.59,44.83,24964048,56.18
2018-05-24,44.59,44.61,43.44,43.63,26257118,54.67
2018-05-25,43.57,43.88,43.52,43.81,18752444,54.9
2018-05-29,43.13,43.3,42.01,42.26,34657655,52.95
2018-05-30,42.82,43.44,42.6,43.28,18579905,54.23
2018-05-31,43.26,43.4,42.93,43.09,20512783,53.99
2018-06-01,43.54,43.91,43.31,43.64,15263728,54.69
2018-06-04,43.72,44.03,43.57,43.76,11804039,54.83
2018-06-05,43.58,43.84,43.33,43.49,13821830,54.5
2018-06-06,43.67,44.39,43.62,44.35,17573987,55.58
2018-06-07,44.51,44.68,44.09,44.39,19673479,55.63
2018-06-08,44.34,44.51,43.88,44.43,14999033,55.68
2018-06-11,44.52,44.78,44.29,44.3,15927202,55.51
2018-06-12,44.4,44.65,43.96,44.2,14902430,55.38
2018-06-13,44.2,44.63,44,44.02,16417134,55.16
2018-06-14,44.16,44.17,43.48,43.68,20644195,54.74
2018-06-15,43.53,44.19,43.4,43.88,44305550,54.98
2018-06-18,43.5,44.08,43.44,43.96,19741244,55.08
2018-06-19,43.64,44.08,43.57,43.96,19090800,55.08
2018-06-20,44.26,44.36,43.44,43.48,18568398,54.48
2018-06-21,43.29,43.7,43,43.39,23755482,54.37
2018-06-22,43.86,43.93,42.92,43.05,30620702,53.94
2018-06-25,42.92,43.21,42.38,43.06,22566115,53.96
2018-06-26,43.05,43.05,42.31,42.64,15542468,53.43
2018-06-27,42.49,43.04,42.34,42.52,21049586,53.28
2018-06-28,42.73,42.98,42.31,42.8,14851663,53.63
2018-06-29,44.39,45.58,44.22,44.24,47018786,55.44
2018-07-02,44.05,44.99,43.95,44.95,22291692,56.32
2018-07-03,45.03,45.19,44.23,44.34,13819944,55.56
2018-07-05,44.63,44.75,43.93,44.08,19535176,55.24
2018-07-06,44.13,44.79,43.92,44.6,13881460,55.89
2018-07-09,44.84,45.46,44.7,45.3,18077357,56.77
2018-07-10,45.54,45.55,44.96,45.18,16566333,56.62
2018-07-11,45.01,45.29,44.67,44.75,17249737,56.07
2018-07-12,45.06,45.07,44.37,44.71,19785369,56.03
2018-07-13,43.68,44.52,42.8,44.18,35619235,55.36
2018-07-16,44.48,45.67,44.4,45.48,27501987,56.99
2018-07-17,45.45,45.51,45.03,45.14,23876352,56.56
2018-07-18,44.9,45.34,44.8,45.14,21313562,56.57
2018-07-19,44.9,45.39,44.71,44.95,24874180,56.33
2018-07-20,44.75,45.21,44.57,45.02,19368379,56.41
2018-07-23,45,46.36,44.93,46.29,26383990,58
2018-07-24,46.24,46.84,46.17,46.57,30878953,58.35
2018-07-25,46.37,46.68,46.17,46.47,16884696,58.23
2018-07-26,46.66,46.87,46.44,46.53,15862800,58.31
2018-07-27,46.59,47,46.41,46.79,19842540,58.63
2018-07-30,46.95,47.3,46.53,46.68,26709660,58.49
2018-07-31,46.77,46.85,45.65,45.72,23757002,57.29
2018-08-01,46.25,46.51,45.66,46.01,20150283,57.65
2018-08-02,45.55,46.64,45.55,46.52,14442944,58.29
2018-08-03,46.33,47.03,46.31,46.95,15123472,58.83
2018-08-06,46.75,47.11,46.44,47,14667498,58.89
2018-08-07,47.04,47.21,46.84,46.94,16029651,58.82
2018-08-08,46.89,47.48,46.89,47.24,14996972,59.19
2018-08-09,47.15,47.35,46.95,46.98,17322259,58.44
2018-08-10,46.13,46.96,46.13,46.66,17248057,58.05
2018-08-13,46.35,46.71,46.27,46.31,22356704,57.61
2018-08-14,46.36,46.83,46.36,46.68,16414333,58.07
2018-08-15,46.37,46.82,46.34,46.62,20302475,57.99
2018-08-16,46.74,47.28,46.66,47.16,22752274,58.66
2018-08-17,47.03,47.46,47.03,47.32,15103482,58.86
2018-08-20,47.28,47.6,47.16,47.45,11970978,59.03
2018-08-21,47.43,47.85,47.38,47.4,21849191,58.96
2018-08-22,47.46,47.83,47.29,47.57,21577283,59.17
2018-08-23,47.43,47.47,47.08,47.12,21364614,58.62
2018-08-24,47.33,47.36,47.16,47.18,15625463,58.69
2018-08-27,47.32,47.81,47.24,47.51,22227397,59.1
2018-08-28,47.58,47.69,47.42,47.48,21332172,59.07
2018-08-29,47.47,47.57,47.28,47.4,15530154,58.96
2018-08-30,47.16,47.49,46.97,46.99,15985097,58.46
2018-08-31,46.84,47.06,46.68,47.01,19427941,58.48
2018-09-04,46.99,47.38,46.68,47.27,20235030,58.8
2018-09-05,47.33,47.59,47.28,47.39,25729532,58.95
2018-09-06,47.36,47.56,46.57,46.57,22791739,57.93
2018-09-07,46.56,46.68,46.1,46.14,22815825,57.4
2018-09-10,46.32,46.5,46.07,46.19,17279893,57.46
2018-09-11,46.14,46.27,46.08,46.13,23140198,57.38
2018-09-12,46.09,46.13,44.86,44.97,25921203,55.94
2018-09-13,45.02,45.22,44.2,44.21,30410651,55
2018-09-14,44.37,44.66,43.97,44,22243188,54.73
2018-09-17,44.02,44.02,43.36,43.66,24569930,54.31
2018-09-18,43.61,43.97,43.44,43.81,23550969,54.5
2018-09-19,43.8,44.57,43.63,44.39,18589777,55.22
2018-09-20,44.72,44.86,44.2,44.66,22197646,55.55
2018-09-21,44.82,44.86,44.15,44.2,45902250,54.99
2018-09-24,44.05,44.34,43.6,43.62,23184405,54.26
2018-09-25,43.68,43.96,43.57,43.59,17188243,54.23
2018-09-26,43.71,43.77,42.62,42.73,23875943,53.16
2018-09-27,42.83,43.09,42.41,42.46,22303524,52.82
2018-09-28,42.36,42.59,42.13,42.25,21104444,52.56
2018-10-01,42.4,42.44,41.93,42,18217769,52.25
2018-10-02,41.99,42.08,41.7,41.91,18924935,52.13
2018-10-03,42.2,42.54,42.07,42.32,20538562,52.65
2018-10-04,42.39,43.29,42.39,43.02,23050539,53.51
2018-10-05,43.17,43.3,42.59,42.76,16391982,53.19
2018-10-08,42.59,43.38,42.59,43.14,14649530,53.67
2018-10-09,42.91,43.38,42.59,43.03,17940238,53.53
2018-10-10,43.17,43.47,42.13,42.15,23842904,52.43
2018-10-11,42.11,42.48,41.01,41.35,36289165,51.44
2018-10-12,41.88,42.87,40.89,41.89,35112165,52.11
2018-10-15,42.21,43.4,42.21,42.8,37105047,53.24
2018-10-16,42.85,43.24,42.23,43.19,31425396,53.73
2018-10-17,43.06,44.22,42.76,43.78,25688581,54.46
2018-10-18,43.55,43.73,42.41,42.69,24001196,53.1
2018-10-19,42.67,43.11,42.49,42.52,20949844,52.89
2018-10-22,42.66,42.74,41.45,41.52,18731513,51.65
2018-10-23,40.87,41.76,40.57,41.45,27271794,51.56
2018-10-24,41.25,41.39,40.21,40.35,34021742,50.19
2018-10-25,40.62,42.29,40.53,41.69,31670783,51.86
2018-10-26,41.25,41.75,40.83,41.2,32373272,51.25
2018-10-29,41.7,42.73,41.47,41.99,33423273,52.23
2018-10-30,42.16,42.53,41.7,42.36,27439389,52.69
2018-10-31,42.64,43.43,42.63,42.79,26284620,53.23
2018-11-01,42.95,43.38,42.73,43.06,18600348,53.56
2018-11-02,43.58,43.92,42.69,43.1,19526143,53.61
2018-11-05,43.19,43.65,41.13,43.14,20603646,53.66
2018-11-06,42.89,43.17,42.57,43.05,22727759,53.55
2018-11-07,43.26,43.55,42.44,43.07,22479529,53.58
2018-11-08,42.87,43.44,42.84,43.08,23683014,53.16
2018-11-09,43.02,43.27,42.73,42.98,21795496,53.04
2018-11-12,43.08,43.42,42.37,42.42,21095019,52.35
2018-11-13,42.64,43.21,42.64,42.74,33139765,52.74
2018-11-14,43.06,43.18,41.73,42.26,27273554,52.15
2018-11-15,41.77,42.88,41.56,42.8,24805180,52.82
2018-11-16,42.67,43.09,42.53,42.9,20505319,52.94
2018-11-19,42.91,43.34,42.63,43.21,22187632,53.32
2018-11-20,42.99,43.14,42.43,42.58,24884692,52.54
2018-11-21,42.65,43.11,42.36,42.49,18258140,52.43
2018-11-23,42.12,42.37,41.82,42,11788172,51.83
2018-11-26,42.41,43.1,42.41,42.85,23243023,52.88
2018-11-27,42.71,43.21,42.5,43.1,19242445,53.19
2018-11-28,43.07,44.05,42.61,44.04,25408608,54.35
2018-11-29,43.74,44.1,43.59,43.79,16204268,54.04
2018-11-30,43.83,44.21,43.65,43.99,22852742,54.28
2018-12-03,44.39,44.6,43.44,43.95,23133961,54.24
2018-12-04,43.72,43.75,41.74,41.96,36463241,51.78
2018-12-06,41.05,41.44,40.53,41.4,44359354,51.09
2018-12-07,41.24,41.69,40.56,40.73,30917919,50.26
2018-12-10,40.58,40.58,39.14,39.55,38080905,48.8
2018-12-11,40.04,40.18,38.53,38.7,35707286,47.76
2018-12-12,39.13,39.14,37.97,38.69,47659435,47.74
2018-12-13,38.87,39,38.03,38.11,40181660,47.03
2018-12-14,37.72,38.48,37.59,37.71,28462085,46.54
2018-12-17,37.46,38.34,37.37,37.77,32416745,46.61
2018-12-18,38.04,38.5,37.54,37.7,29616729,46.52
2018-12-19,37.59,38.44,36.71,37.01,37391709,45.67
2018-12-20,36.79,37.9,36.73,37.31,47127211,46.04
2018-12-21,36.95,37.71,36.41,36.56,73776349,45.12
2018-12-24,36.04,36.55,35.33,35.33,19235698,43.6
2018-12-26,35.53,36.95,34.86,36.95,30810535,45.59
2018-12-27,36.24,36.9,35.53,36.9,30472241,45.53
2018-12-28,37.02,37.63,36.9,37.1,25235921,45.78
2018-12-31,37.26,37.67,36.93,37.34,18842344,46.08
2019-01-02,36.89,38.05,36.8,38.04,22763485,46.94
2019-01-03,37.8,38.37,37.58,37.74,23729633,46.57
2019-01-04,38.43,38.99,38.25,38.86,25958846,47.95
2019-01-07,38.72,39.08,38.53,38.61,24309882,47.64
2019-01-08,38.82,39.03,38.02,38.53,21040654,47.54
2019-01-09,38.5,38.88,38.15,38.74,20186284,47.8
2019-01-10,38.49,38.94,38.34,38.7,18213213,47.75
2019-01-11,38.49,38.97,38.23,38.79,22216842,47.87
2019-01-14,38.5,39.3,38.41,39.24,28161593,48.42
2019-01-15,38.57,39.1,38.1,38.63,29620960,47.67
2019-01-16,39.02,39.98,38.89,39.66,34397779,48.94
2019-01-17,39.42,40,39.22,39.89,27317831,49.23
2019-01-18,39.79,40.64,39.59,40.53,41466079,50.01
2019-01-22,40.33,40.6,40.22,40.41,37900575,49.86
2019-01-23,40.52,40.78,40.11,40.62,18919028,50.12
2019-01-24,40.35,40.79,40.24,40.5,19028655,49.98
2019-01-25,40.84,40.96,40.49,40.62,21828908,50.13
2019-01-28,40.32,40.44,39.87,40.37,21899161,49.82
2019-01-29,40.34,40.61,40.29,40.4,12826752,49.85
2019-01-30,40.39,40.8,40.19,40.59,18701999,50.09
2019-01-31,40.29,40.41,39.79,39.99,27060007,48.91
2019-02-01,40.07,40.13,39.9,39.99,23315413,48.91
2019-02-04,39.95,40.19,39.83,40.12,19533655,49.06
2019-02-05,40.29,40.33,39.86,40.29,16783211,49.27
2019-02-06,40.14,40.5,40.12,40.25,13600080,49.22
2019-02-07,40.14,40.31,39.01,39.32,26016477,48.08
2019-02-08,39.2,39.28,38.48,38.96,23153179,47.65
2019-02-11,39.14,39.22,38.74,38.96,17469200,47.65
2019-02-12,39.26,40.44,39.26,40.11,24254740,49.05
2019-02-13,40.26,40.65,39.98,40.08,14763663,49.02
2019-02-14,39.77,39.99,39.28,39.68,17723576,48.52
2019-02-15,40.14,40.41,39.65,40.25,21125718,49.22
2019-02-19,40.09,40.58,39.92,40.38,16552029,49.38
2019-02-20,40.42,40.79,40.31,40.73,18883194,49.81
2019-02-21,40.69,40.8,40.37,40.53,19018562,49.56
2019-02-22,40.56,40.68,40.03,40.08,17268450,49.02
2019-02-25,40.28,41.07,40.27,40.61,18231240,49.66
2019-02-26,40.47,41,40.35,40.55,18709822,49.59
2019-02-27,40.55,40.91,40.36,40.8,19746108,49.9
2019-02-28,40.87,40.99,40.67,40.8,21687460,49.89
2019-03-01,41.07,41.57,40.78,40.91,20261709,50.03
2019-03-04,41.12,41.62,40.63,40.98,18276673,50.11
2019-03-05,40.91,40.93,40.33,40.8,15337612,49.89
2019-03-06,40.86,41.06,40.62,40.74,15434821,49.82
2019-03-07,40.65,40.76,40.31,40.62,20254342,49.68
2019-03-08,40.28,40.8,40.21,40.72,18322112,49.8
2019-03-11,40.89,40.97,40.58,40.69,20980794,49.76
2019-03-12,40.71,40.92,40.51,40.6,20304167,49.65
2019-03-13,40.78,40.95,40.57,40.82,24404195,49.92
2019-03-14,40.94,41.53,40.83,41.17,22453730,50.35
2019-03-15,41.07,41.54,40.89,41.43,64701629,50.66
2019-03-18,41.57,42.58,41.56,42.3,30101172,51.73
2019-03-19,42.86,42.86,41.98,42.04,23661567,51.41
2019-03-20,41.86,42.17,41.16,41.21,22728714,50.4
2019-03-21,40.87,41,40.2,40.77,25531818,49.86
2019-03-22,40.27,40.45,39.25,39.5,30321696,48.31
2019-03-25,39.59,39.98,39.13,39.32,18789912,48.08
2019-03-26,39.68,40.1,39.59,40.08,18224304,49.01
2019-03-27,40.02,40.22,39.62,39.88,17929711,48.77
2019-03-28,39.85,40.24,39.54,40.14,17223286,49.09
2019-03-29,40.72,40.72,39.09,39.51,57577773,48.32
2019-04-01,39.6,39.99,39.39,39.91,43356152,48.81
2019-04-02,39.72,39.97,39.22,39.42,36784570,48.21
2019-04-03,39.63,39.96,39.32,39.95,32666566,48.86
2019-04-04,40.03,40.62,39.97,40.21,20006023,49.17
2019-04-05,40.28,40.4,39.74,39.89,25682289,48.78
2019-04-08,39.77,40.15,39.72,39.97,21698715,48.88
2019-04-09,39.81,39.82,39.26,39.37,24913286,48.14
2019-04-10,39.32,39.41,38.76,39.08,33796888,47.79
2019-04-11,39.23,39.46,38.74,39.04,35139373,47.74
2019-04-12,39.05,39.92,37.66,38.02,72014246,46.49
2019-04-15,37.51,38.48,37.34,38.24,36440021,46.77
2019-04-16,38.33,39.14,38.33,38.96,26826868,47.65
2019-04-17,39.22,39.22,38.37,38.88,27257549,47.55
2019-04-18,38.79,39.14,38.53,38.91,26902237,47.58
2019-04-22,38.77,38.84,38.51,38.65,17420169,47.26
2019-04-23,38.6,38.79,38.39,38.72,17560594,47.35
2019-04-24,38.48,39,38.46,38.83,19289811,47.48
2019-04-25,38.57,39.22,38.36,38.85,24746005,47.51
2019-04-26,38.86,39.23,38.76,39.22,14250041,47.96
2019-04-29,39.23,39.9,39.22,39.47,18997463,48.27
2019-04-30,39.54,39.71,39.34,39.59,20711203,48.41
2019-05-01,39.51,39.95,39.24,39.44,18805809,48.23
2019-05-02,39.54,39.65,39.13,39.5,17828074,48.3
2019-05-03,39.68,39.88,39.54,39.78,18269304,48.65
2019-05-06,39.24,39.84,39.15,39.6,20460925,48.43
2019-05-07,39.29,39.38,38.36,38.57,26013505,47.17
2019-05-08,38.48,38.69,38.28,38.43,21614738,47
2019-05-09,37.98,38.66,37.8,38.59,24851369,46.74
2019-05-10,38.32,39.11,38.07,38.93,21167657,47.15
2019-05-13,38.21,38.8,38.19,38.25,24892929,46.33
2019-05-14,38.29,38.75,37.96,38.38,23385960,46.49
2019-05-15,38,38.27,37.56,37.85,21444096,45.84
2019-05-16,37.97,38.42,37.78,37.9,22015517,45.9
2019-05-17,37.52,38.17,37.49,37.73,25404741,45.7
2019-05-20,37.67,37.9,37.4,37.52,21064965,45.45
2019-05-21,37.67,38.28,37.58,38.25,20919832,46.33
2019-05-22,38.04,38.23,37.94,38.06,15431980,46.1
2019-05-23,37.84,37.86,37.21,37.62,19056241,45.56
2019-05-24,37.78,38.27,37.64,38.12,15249392,46.17
2019-05-28,38.04,38.19,37.62,37.64,24929148,45.59
2019-05-29,37.48,37.71,37.26,37.55,17186324,45.48
2019-05-30,37.72,37.85,37.05,37.19,14504377,45.05
2019-05-31,36.77,37.04,36.51,36.63,19516438,44.37
2019-06-03,36.53,37.24,36.49,36.76,22242927,44.52
2019-06-04,37.29,37.78,37.16,37.71,22784972,45.68
2019-06-05,37.87,37.89,37.4,37.86,14639038,45.86
2019-06-06,37.76,38.14,37.52,37.91,18015041,45.92
2019-06-07,37.9,38.11,37.6,37.67,16545034,45.63
2019-06-10,38.03,38.65,38.03,38.2,17238506,46.27
2019-06-11,37.85,38.36,37.79,38.19,16092628,46.26
2019-06-12,37.99,38.2,36.97,37.08,23567972,44.91
2019-06-13,37.24,37.67,37.09,37.39,17117099,45.29
2019-06-14,37.41,37.81,37.02,37.64,17735601,45.59
2019-06-17,37.63,38,37.27,37.38,15078162,45.27
2019-06-18,37.36,38.3,37.2,38.06,19688871,46.1
2019-06-19,38.38,38.6,37.67,37.69,19831824,45.65
2019-06-20,37.85,37.97,37.35,37.86,22106652,45.86
2019-06-21,37.85,38.71,37.81,38.71,53317295,46.89
2019-06-24,38.43,38.55,38.17,38.2,24615795,46.27
2019-06-25,38.09,38.42,37.51,38.09,24416848,46.14
2019-06-26,38.15,38.21,37.8,37.81,19262420,45.8
2019-06-27,38.16,38.42,38.07,38.22,14404978,46.29
2019-06-28,38.65,39.38,38.64,39.07,38060719,47.32
2019-07-01,39.53,39.73,39.13,39.37,16271950,47.69
2019-07-02,39.23,39.46,38.73,38.99,13017078,47.23
2019-07-03,39.07,39.46,38.79,39.35,11285729,47.66
2019-07-05,39.71,39.79,39.36,39.44,12078421,47.77
2019-07-08,39.13,39.62,39.06,39.24,14282841,47.53
2019-07-09,39.05,39.54,38.98,39.49,14141809,47.83
2019-07-10,39.36,39.47,38.84,38.93,13812183,47.15
2019-07-11,38.98,39.28,38.85,38.92,20956719,47.14
2019-07-12,38.9,39.15,38.74,39.1,13737256,47.36
2019-07-15,39.13,39.18,38.34,38.57,22894056,46.71
2019-07-16,38.57,38.78,37.33,37.4,39014785,45.3
2019-07-17,37.32,37.77,37.27,37.33,26084738,45.21
2019-07-18,37.34,38,37.31,37.83,20701388,45.82
2019-07-19,37.95,38.32,37.86,38,23242911,46.03
2019-07-22,37.89,38.43,37.78,38.38,20280368,46.48
2019-07-23,38.54,39.29,38.52,38.97,22126280,47.2
2019-07-24,39.05,40.02,39.04,40,31169257,48.45
2019-07-25,40.06,40.24,39.64,39.7,22124921,48.09
2019-07-26,39.75,40.71,39.69,40.7,22958642,49.3
2019-07-29,40.79,40.93,39.78,39.86,20467753,48.28
2019-07-30,39.64,40.12,39.54,40.08,14833988,48.55
2019-07-31,39.84,40.44,39.72,39.97,26934936,48.41
2019-08-01,39.97,40.15,38.76,38.85,23803103,47.06
2019-08-02,38.9,39.31,38.28,39.17,21272652,47.44
2019-08-05,38.39,38.64,37.85,38.09,31889065,46.14
2019-08-06,38.48,38.83,37.83,38.75,20932467,46.93
2019-08-07,38.04,38.1,37.34,37.82,29432447,45.81
2019-08-08,38.15,38.94,38.03,38.74,23338224,46.4
2019-08-09,38.42,38.96,38.2,38.66,21927644,46.3
2019-08-12,38,38.33,37.85,38.01,14576813,45.53
2019-08-13,38.08,38.75,37.79,38.37,17816818,45.96
2019-08-14,37.59,37.65,36.69,36.71,31731320,43.97
2019-08-15,36.99,37.15,36.19,36.22,30217612,43.38
2019-08-16,36.52,37.19,36.43,37.06,23004924,44.39
2019-08-19,37.68,37.96,37.52,37.78,17670680,45.25
2019-08-20,37.6,37.6,37.26,37.3,14777672,44.68
2019-08-21,37.54,37.81,37.41,37.57,14872330,45
2019-08-22,37.85,38.26,37.62,38.09,16010282,45.62
2019-08-23,37.74,38.11,36.81,37.09,23869576,44.42
2019-08-26,37.33,37.57,37.15,37.55,19042250,44.98
2019-08-27,37.76,37.84,37.09,37.36,17039646,44.75
2019-08-28,37.27,38.22,37.15,37.96,15830386,45.47
2019-08-29,38.41,38.82,38.22,38.57,18090140,46.19
2019-08-30,38.86,39.15,38.75,38.88,16948718,46.57
2019-09-03,38.67,38.69,37.97,38.48,18989735,46.09
2019-09-04,38.86,38.99,38.64,38.82,18779565,46.5
2019-09-05,39.5,40.22,39.49,39.76,20621702,47.62
2019-09-06,39.73,39.88,39.32,39.37,20223203,47.15
2019-09-09,39.51,40.61,39.15,40.42,29606682,48.41
2019-09-10,40.13,40.85,40.13,40.34,28241148,48.31
2019-09-11,40.32,40.89,39.9,40.79,20567293,48.85
2019-09-12,40.51,40.97,40.26,40.62,27079549,48.65
2019-09-13,40.92,41.21,40.63,40.84,26827160,48.92
2019-09-16,40.46,40.91,40.41,40.89,19552483,48.98
2019-09-17,40.66,40.79,40.34,40.71,19873677,48.76
2019-09-18,40.6,41.09,40.44,40.85,22190730,48.93
2019-09-19,40.89,41.17,40.8,40.84,19383822,48.91
2019-09-20,40.97,41.16,40.58,40.6,37801740,48.63
2019-09-23,40.34,40.98,40.34,40.88,23843917,48.96
2019-09-24,40.94,41.09,40.47,40.62,24053708,48.65
2019-09-25,40.7,41.36,40.62,41.13,24390038,49.26
2019-09-26,41.13,41.22,40.76,40.8,21504374,48.87
2019-09-27,42.08,42.92,41.95,42.34,61050519,50.71
2019-09-30,42.39,42.46,41.79,42.11,31264988,50.44
2019-10-01,42.29,42.4,40.91,40.96,28995150,49.06
2019-10-02,40.66,40.94,40.39,40.47,27866099,48.47
2019-10-03,40.33,40.5,39.51,40.48,21980502,48.48
2019-10-04,40.63,41.12,40.52,41.09,17565667,49.21
2019-10-07,40.87,41.15,40.7,40.75,17125844,48.81
2019-10-08,40.27,40.37,39.69,39.93,21186766,47.82
2019-10-09,40.22,40.43,40.14,40.2,14371584,48.15
2019-10-10,40.35,40.97,40.21,40.62,19492659,48.65
2019-10-11,41.3,41.68,41.04,41.09,25110302,49.21
2019-10-14,40.99,41.29,40.89,41.14,19353589,49.27
2019-10-15,41.14,42.79,40.73,41.84,41325455,50.11
2019-10-16,41.78,41.98,41.29,41.4,26202938,49.59
2019-10-17,41.73,41.89,41.31,41.42,22959023,49.61
2019-10-18,41.2,41.93,41.18,41.72,22941229,49.97
2019-10-21,41.98,42.16,41.89,42.13,22507529,50.46
2019-10-22,42.11,42.6,41.94,42.26,22466945,50.62
2019-10-23,42.35,42.56,42.22,42.52,16260542,50.93
2019-10-24,42.3,42.75,42.3,42.66,18662005,51.1
2019-10-25,42.65,43.19,42.58,43.06,18867411,51.57
2019-10-28,43.37,43.45,43.05,43.12,25166302,51.65
2019-10-29,43,43.72,43,43.56,22235037,52.17
2019-10-30,43.32,43.65,43.1,43.44,16912531,52.03
2019-10-31,43.22,43.44,42.7,43.11,21106540,51.63
2019-11-01,43.52,43.65,43.34,43.57,17684869,52.18
2019-11-04,43.9,44.08,43.62,44.02,19944127,52.72
2019-11-05,44.03,44.67,44.03,44.5,27949813,53.3
2019-11-06,44.48,44.95,44.39,44.92,24199865,53.8
2019-11-07,45.33,45.85,45.33,45.52,25079090,54
2019-11-08,45.37,45.71,45.15,45.6,16194651,54.1
2019-11-11,45.34,45.64,45.29,45.56,11652480,54.05
2019-11-12,45.31,45.72,45.2,45.7,16201799,54.22
2019-11-13,45.36,45.43,44.85,44.92,18183718,53.29
2019-11-14,44.86,45.15,44.76,45.09,17394113,53.49
2019-11-15,45.33,45.47,45.04,45.35,19339945,53.8
2019-11-18,45.38,45.61,45.22,45.52,17311862,54
2019-11-19,45.6,45.79,45.41,45.54,18292067,54.03
2019-11-20,45.29,45.4,44.89,45.13,16966499,53.54
2019-11-21,45.38,45.46,44.96,45.15,18256911,53.56
2019-11-22,45.43,45.81,45.35,45.75,15335058,54.28
2019-11-25,45.96,45.96,45.55,45.69,17580794,54.21
2019-11-26,45.61,45.62,45.29,45.36,22107521,53.81
2019-11-27,45.64,45.85,45.53,45.8,17465317,54.34
2019-11-29,45.58,46.15,45.58,45.91,12201128,54.46
2019-12-02,45.78,45.89,45.14,45.2,22498675,53.62
2019-12-03,44.68,44.72,43.97,44.32,28089551,52.58
2019-12-04,44.34,45.08,44.28,44.88,20416139,53.24
2019-12-05,45.02,45.12,44.76,44.87,14892782,53.23
2019-12-06,45.4,45.86,45.26,45.83,19894049,54.37
2019-12-09,45.66,45.98,45.44,45.45,17584996,53.92
2019-12-10,45.09,45.41,44.99,45.26,17174839,53.69
2019-12-11,45.3,45.5,44.73,44.82,18593046,53.17
2019-12-12,44.99,45.98,44.76,45.82,22208274,54.36
2019-12-13,45.56,45.87,45.04,45.34,20593576,53.79
2019-12-16,45.72,45.99,45.7,45.7,23162723,54.22
2019-12-17,45.61,45.95,45.51,45.8,19226695,54.34
2019-12-18,45.91,45.91,45.21,45.24,22187146,53.67
2019-12-19,45.27,45.37,45.03,45.21,21003522,53.63
2019-12-20,45.56,45.56,44.73,44.95,99958757,53.33
2019-12-23,44.96,45.52,44.89,45.36,20634834,53.81
2019-12-24,45.47,45.55,45.29,45.37,5121583,53.82
2019-12-26,45.56,45.85,45.48,45.64,15223529,54.15
2019-12-27,45.76,45.79,45.4,45.45,10969180,53.92
2019-12-30,45.64,45.74,45.1,45.18,12306815,53.6
2019-12-31,45.12,45.37,45.06,45.35,14593670,53.8
2020-01-02,45.39,45.55,45.1,45.31,18663976,53.75
2020-01-03,44.77,45.19,44.59,45.03,17610955,53.42
2020-01-06,44.46,44.84,44.44,44.76,15373496,53.1
2020-01-07,44.54,44.72,44.23,44.39,14322519,52.66
2020-01-08,44.54,44.95,44.5,44.52,18090357,52.82
2020-01-09,44.84,44.84,44.24,44.45,23171535,52.73
2020-01-10,44.5,44.59,44.24,44.25,15803817,52.5
2020-01-13,44.25,44.25,43.69,43.92,27896118,52.11
2020-01-14,42.34,42.77,41.51,41.56,59265386,49.3
2020-01-15,41.16,41.17,40.44,40.73,49878315,48.32
2020-01-16,40.85,41.57,40.32,41.51,38775113,49.25
2020-01-17,41.61,41.66,40.91,41.45,33016464,49.18
2020-01-21,41.38,42.04,41.13,41.25,34582486,48.94
2020-01-22,41.33,41.38,40.7,40.93,22222470,48.56
2020-01-23,40.79,40.84,40.44,40.65,18943353,48.22
2020-01-24,40.62,40.64,39.77,40.1,22608439,47.57
2020-01-27,39.52,39.97,39.4,39.7,19924001,47.1
2020-01-28,40.05,40.28,39.85,39.93,17842583,47.37
2020-01-29,39.97,40.37,39.84,39.84,17857821,47.27
2020-01-30,39.76,40.42,39.65,40.38,15881701,47.91
2020-01-31,39.97,40,39.41,39.57,26726800,46.94
2020-02-03,39.82,40.22,39.64,39.72,17293620,47.12
2020-02-04,40.21,40.32,39.83,39.84,16084616,47.26
2020-02-05,40.38,40.8,40.27,40.72,21704089,48.31
2020-02-06,41.27,41.32,40.76,40.87,20908324,47.98
2020-02-07,40.66,40.89,40.44,40.76,14387743,47.84
2020-02-10,40.61,40.77,40.4,40.7,22090493,47.77
2020-02-11,40.96,41.18,40.84,40.88,14392564,47.99
2020-02-12,41.08,41.31,40.69,40.71,20527029,47.79
2020-02-13,40.57,41.04,40.51,40.99,14004086,48.12
2020-02-14,41.01,41.16,40.68,41.08,17457067,48.22
2020-02-18,40.87,40.99,39.64,40.03,24731627,46.99
2020-02-19,40.25,40.34,40.02,40.12,17501735,47.09
2020-02-20,40.04,40.39,39.77,40.33,17557463,47.34
2020-02-21,40.45,40.76,40.12,40.64,24389427,47.7
2020-02-24,39.68,40,39.41,39.52,24863017,46.39
2020-02-25,39.43,39.76,38.3,38.44,34150019,45.12
2020-02-26,38.74,38.89,37.59,37.6,30104581,44.14
2020-02-27,36.9,37.75,36.15,36.18,43868941,42.47
2020-02-28,35.19,35.67,33.86,34.8,81209975,40.85
2020-03-02,34.91,36.02,33.61,36,47975087,42.26
2020-03-03,35.83,36.55,34.1,34.53,48588147,40.53
2020-03-04,34.94,35.29,34.04,35.27,36993259,41.4
2020-03-05,34.08,34.08,32.86,33.14,49430968,38.9
2020-03-06,31.52,32.1,30.95,31.6,61391253,37.09
2020-03-09,28.73,29.37,27.45,27.67,58605675,32.48
2020-03-10,29.5,29.88,27.5,29.88,42974380,35.08
2020-03-11,29.01,29.19,27.27,27.54,48763941,32.33
2020-03-12,25.4,26.29,23.1,25.26,72635080,29.65
2020-03-13,25.68,27.05,23.66,26.32,83986403,30.89
2020-03-16,22.44,24.9,22.41,22.58,63121448,26.5
2020-03-17,23.54,26.09,22.06,25.24,65315115,29.63
2020-03-18,23.6,24.61,22.92,23.96,55243273,28.12
2020-03-19,23.56,24.8,22.39,24.1,56967261,28.29
2020-03-20,24.43,24.49,22.3,22.58,88786976,26.5
2020-03-23,22.37,22.89,21.39,21.51,50913052,25.25
2020-03-24,22.97,24.85,22.43,24.64,53338981,28.92
2020-03-25,24.71,25.81,23.66,24.68,60345764,28.97
2020-03-26,24.99,26.74,24.77,26.32,49816895,30.9
2020-03-27,25.57,26.66,24.77,25.8,41254932,30.28
2020-03-30,25.86,25.97,24.61,25.49,43845663,29.92
2020-03-31,25.05,25.34,23.99,24.45,40263526,28.7
2020-04-01,23.02,23.32,22.32,22.64,51481903,26.57
2020-04-02,22.55,23.45,22.47,23.19,37646463,27.22
2020-04-03,23,23.31,22.07,22.35,34591158,26.23
2020-04-06,23.35,24.56,23.34,24.39,40247215,28.63
2020-04-07,26.14,26.22,24.46,24.51,41253216,28.77
2020-04-08,25.01,25.96,24.43,25.8,44322670,30.28
2020-04-09,26.52,28.89,26.49,28.28,65681600,33.2
2020-04-13,28.3,28.32,26.76,26.78,38340180,31.43
2020-04-14,27.35,27.69,25.18,25.71,67291888,30.18
2020-04-15,24.51,24.8,24.04,24.23,43741073,28.44
2020-04-16,24.09,24.09,22.71,22.91,54492273,26.89
2020-04-17,24.02,24.52,23.68,24.18,52481820,28.38
2020-04-20,23.28,24.61,22.93,23.58,49149969,27.68
2020-04-21,22.92,23.21,22.58,22.87,45284145,26.84
2020-04-22,23.43,23.49,22.75,22.83,31078940,26.8
2020-04-23,22.96,23.18,22.51,22.6,40193433,26.53
2020-04-24,22.83,23.25,22.46,22.93,38022038,26.92
2020-04-27,23.32,24.35,23.14,24.2,41909535,28.41
2020-04-28,25.16,25.49,24.36,24.59,36425865,28.87
2020-04-29,25.63,25.95,25.26,25.56,41162164,30
2020-04-30,24.98,25.22,24.36,24.75,32487964,29.05
2020-05-01,24.28,24.3,23.24,23.5,36923354,27.59
2020-05-04,22.97,23.38,22.66,23.3,35853905,27.35
2020-05-05,23.44,23.68,22.36,22.42,59140855,26.32
2020-05-06,22.54,22.7,21.64,21.82,60087090,25.61
2020-05-07,22.24,22.69,21.85,21.93,53769436,25.23
2020-05-08,22.28,22.41,21.93,22.1,56239766,25.43
2020-05-11,21.83,21.93,21.38,21.54,52904821,24.78
2020-05-12,21.74,21.96,20.86,20.9,56745849,24.04
2020-05-13,20.82,20.82,19.12,19.58,92033075,22.53
2020-05-14,19.24,21.37,19.14,20.91,90355722,24.06
2020-05-15,20.59,20.71,20.06,20.3,56426902,23.36
2020-05-18,21.34,22.24,21.16,22.09,61390156,25.41
2020-05-19,21.77,21.86,20.79,20.82,49783688,23.95
2020-05-20,21.29,21.5,21.17,21.31,47451636,24.52
2020-05-21,21.17,21.6,21.14,21.26,29781517,24.46
2020-05-22,21.24,21.29,20.79,21.01,31777230,24.17
2020-05-26,21.77,23.04,21.77,22.83,60037442,26.26
2020-05-27,24.16,24.56,23.33,24.29,63837015,27.95
2020-05-28,24.62,24.66,23.57,23.66,53358003,27.22
2020-05-29,23.03,23.53,22.68,23.01,58026957,26.47
2020-06-01,23.13,23.98,22.92,23.55,36156597,27.09
2020-06-02,23.97,24.33,23.61,23.82,41055617,27.4
2020-06-03,24.68,25.37,24.63,25.06,52722780,28.83
2020-06-04,25.62,26.29,24.89,26.27,63665607,30.22
2020-06-05,29.46,29.46,27.35,27.53,110941873,31.67
2020-06-08,28.6,29.06,28.05,28.96,71338349,33.32
2020-06-09,28.2,28.75,27.39,28.36,53037154,32.63
2020-06-10,28.1,28.1,25.77,25.82,85029535,29.71
2020-06-11,23.64,24.71,23.21,23.29,78304881,26.79
2020-06-12,24.34,24.54,23.77,24.31,53602642,27.97
2020-06-15,23.35,24.67,23.09,24.52,51029481,28.21
2020-06-16,25.62,25.77,24.14,24.79,56348528,28.52
2020-06-17,24.77,24.82,23.77,23.86,43192103,27.45
2020-06-18,23.56,24.27,23.41,23.95,35585244,27.55
2020-06-19,24.34,24.38,23.48,23.99,90414290,27.6
2020-06-22,23.7,24.01,23.37,23.77,37345623,27.35
2020-06-23,24.15,24.59,23.63,23.67,49644946,27.23
2020-06-24,23.43,23.49,22.59,22.7,63130171,26.12
2020-06-25,22.56,23.83,22.5,23.79,46837138,27.37
2020-06-26,22.69,22.95,21.95,22.03,94871903,25.34
2020-06-29,22.24,22.51,21.96,22.34,45351547,25.7
2020-06-30,21.91,22.49,21.88,22.25,50798857,25.6
2020-07-01,22.36,22.56,21.67,21.81,38711597,25.09
2020-07-02,22.41,22.75,21.82,22.03,38627912,25.34
2020-07-06,22.42,22.62,21.71,22.16,49285822,25.49
2020-07-07,21.91,21.92,21.16,21.26,38549654,24.46
2020-07-08,21.24,21.54,20.92,21.34,42051728,24.55
2020-07-09,21.3,21.54,20.61,20.9,39285616,24.04
2020-07-10,21.02,22.19,20.99,22.14,58861966,25.47
2020-07-13,22.44,22.63,21.68,22.09,52790617,25.41
2020-07-14,20.79,21.2,20.28,21.08,121604772,24.25
2020-07-15,21.71,22.2,21.59,22.03,64111798,25.35
2020-07-16,21.65,22.68,21.57,22.13,49816638,25.46
2020-07-17,22.16,22.29,21.61,21.69,41528369,24.95
2020-07-20,21.49,21.63,21.21,21.36,40945923,24.57
2020-07-21,21.51,22.84,21.48,22.77,61906360,26.2
2020-07-22,22.71,22.9,22.44,22.83,42333510,26.26
2020-07-23,22.74,23.04,22.34,22.9,52077484,26.35
2020-07-24,23.01,23.34,22.77,22.83,40467949,26.26
2020-07-27,22.62,22.62,21.95,22.16,36014849,25.49
2020-07-28,22.02,22.34,22.02,22.19,31506863,25.53
2020-07-29,22.12,22.44,21.73,22.41,32406963,25.78
2020-07-30,21.9,21.94,21.3,21.43,52484564,24.65
2020-07-31,21.3,21.43,20.93,21.09,49895997,24.26
2020-08-03,21.08,21.3,20.77,21.11,29156644,24.29
2020-08-04,21.04,21.11,20.89,21.05,29097015,24.22
2020-08-05,21.21,21.51,21.16,21.21,35199937,24.4
2020-08-06,21.12,21.38,21.05,21.16,48742784,24.24
2020-08-07,21.06,22.01,20.95,21.88,50549106,25.07
2020-08-10,22.01,22.24,21.14,21.56,53925713,24.7
2020-08-11,22.07,22.81,21.99,22.1,58194344,25.32
2020-08-12,22.68,22.81,21.58,21.99,44357745,25.19
2020-08-13,21.78,22.02,21.54,21.84,28162556,25.02
2020-08-14,21.64,22.25,21.5,22.08,28404804,25.3
2020-08-17,21.85,21.94,21.33,21.36,39392275,24.47
2020-08-18,21.31,21.34,20.96,20.98,31098933,24.04
2020-08-19,20.96,21.29,20.81,21.01,35245020,24.07
2020-08-20,20.72,20.89,20.6,20.73,37523916,23.75
2020-08-21,20.63,20.87,20.53,20.63,29379993,23.64
2020-08-24,20.77,21.39,20.61,21.37,38180627,24.49
2020-08-25,21.59,21.72,21.21,21.48,36407621,24.61
2020-08-26,21.39,21.45,20.98,20.98,29610634,24.04
2020-08-27,20.94,21.63,20.92,21.46,38130619,24.59
2020-08-28,21.6,21.62,21.25,21.55,26993491,24.69
2020-08-31,21.37,21.39,21.03,21.08,30017547,24.15
2020-09-01,20.96,21.24,20.72,20.99,32759015,24.05
2020-09-02,20.96,21.52,20.89,21.44,41951693,24.57
2020-09-03,21.65,22.13,21.21,21.4,43994001,24.52
2020-09-04,21.82,21.99,21.17,21.64,51165418,24.79
2020-09-08,21.19,21.43,20.72,20.92,51905928,23.97
2020-09-09,20.96,21.01,20.69,20.81,52746329,23.84
2020-09-10,20.97,21.53,20.82,20.9,55949340,23.95
2020-09-11,20.88,21.23,20.69,21.18,36674750,24.27
2020-09-14,21.28,21.79,21.15,21.65,51604091,24.81
2020-09-15,21.78,21.85,21.44,21.72,44200068,24.88
2020-09-16,21.71,22.69,21.6,22.44,56215313,25.71
2020-09-17,22.02,22.19,21.73,21.92,57337828,25.11
2020-09-18,21.77,22.17,21.73,21.93,166489052,25.13
2020-09-21,21.34,21.4,20.7,20.98,62177945,24.04
2020-09-22,20.93,21.26,20.54,20.64,43452592,23.65
2020-09-23,20.76,21.06,19.93,19.93,49796314,22.83
2020-09-24,20.04,20.7,19.69,20.35,45811551,23.32
2020-09-25,20.19,20.69,20.08,20.63,31780063,23.64
2020-09-28,20.94,21.18,20.74,20.79,43474930,23.82
2020-09-29,20.7,20.7,20.14,20.3,40721110,23.26
2020-09-30,20.39,20.83,20.29,20.52,47415377,23.51
2020-10-01,20.57,20.78,20.21,20.56,40497065,23.56
2020-10-02,20.21,21.03,20.14,20.94,27387922,23.99
2020-10-05,21.14,21.47,21.14,21.34,24090305,24.45
2020-10-06,21.54,21.82,20.98,21.1,32516508,24.18
2020-10-07,21.31,21.76,21.29,21.65,38010489,24.81
2020-10-08,21.72,22.1,21.53,22.08,27731700,25.3
2020-10-09,22.16,22.26,21.83,22.08,29554186,25.3
2020-10-12,21.99,22.47,21.95,22.41,27749231,25.68
2020-10-13,22.19,22.26,21.56,21.59,31859594,24.74
2020-10-14,21.18,21.32,20.27,20.29,77406756,23.25
2020-10-15,20.13,20.15,19.86,20.03,63297822,22.95
2020-10-16,20.08,20.27,19.73,19.95,44817317,22.86
2020-10-19,19.98,19.99,19.65,19.67,39768248,22.54
2020-10-20,19.84,20.19,19.8,19.91,35817379,22.81
2020-10-21,19.92,20.03,19.73,19.81,30720705,22.7
2020-10-22,19.78,20.35,19.73,20.29,34369853,23.25
2020-10-23,20.58,20.59,20.17,20.32,25449934,23.28
2020-10-26,20.05,20.09,19.73,19.81,35516554,22.7
2020-10-27,19.73,19.73,19.04,19.04,51018468,21.82
2020-10-28,18.53,18.75,18.15,18.49,57265238,21.18
2020-10-29,18.37,18.66,18.12,18.45,47912694,21.14
2020-10-30,18.42,18.73,18.19,18.72,36997179,21.45
2020-11-02,18.94,19.18,18.49,19.11,40097007,21.9
2020-11-03,19.47,19.64,19.19,19.28,39835696,22.09
2020-11-04,18.98,19.69,18.48,19.1,49642482,21.88
2020-11-05,19.19,19.79,19.17,19.58,41229439,22.33
2020-11-06,19.73,19.79,19.15,19.21,31927163,21.91
2020-11-09,21.07,21.8,20.43,21.24,108937319,24.22
2020-11-10,21.36,21.37,20.92,21.21,50472653,24.19
2020-11-11,21.24,21.52,21.05,21.21,41396825,24.19
2020-11-12,20.96,21.17,20.66,20.88,36925722,23.81
2020-11-13,20.96,21.2,20.81,21.1,32898613,24.07
2020-11-16,21.91,21.95,21.39,21.83,38985014,24.9
2020-11-17,21.51,22.05,21.5,21.96,31575730,25.04
2020-11-18,22.05,22.75,21.97,21.97,47576448,25.06
2020-11-19,22.09,22.99,21.89,22.94,46731238,26.16
2020-11-20,22.83,23,22.32,22.34,40893556,25.48
2020-11-23,22.75,23.18,22.68,23.06,44263249,26.3
2020-11-24,24.08,25.19,23.97,25.09,84239128,28.61
2020-11-25,24.84,25.16,24.55,25.07,40244560,28.59
2020-11-27,25.07,25.1,24.71,24.95,21026019,28.46
2020-11-30,24.93,25.04,23.92,23.98,53701489,27.35
2020-12-01,24.68,25.15,24.59,24.6,44294263,28.06
2020-12-02,24.54,25.42,24.41,25.31,38152806,28.87
2020-12-03,25.37,25.86,25.24,25.57,42982819,29.16
2020-12-04,25.87,26.28,25.73,25.91,49324331,29.55
2020-12-07,25.8,25.98,25.49,25.73,34741820,29.34
2020-12-08,25.45,25.69,24.9,25.37,35187371,28.94
2020-12-09,25.64,25.64,25.09,25.47,38600434,29.05
2020-12-10,25.18,25.92,25.02,25.86,34195961,29.49
2020-12-11,25.44,25.77,25.14,25.5,31811430,29.08
2020-12-14,25.9,26.11,25,25.11,30506131,28.64
2020-12-15,25.54,26.1,25.34,26.07,41948007,29.73
2020-12-16,25.99,26.22,25.85,26,39593548,29.65
2020-12-17,26.13,26.22,25.81,25.84,49362758,29.47
2020-12-18,25.84,25.97,25.25,25.44,67440348,29.01
2020-12-21,25.93,26.21,25.29,25.91,56902000,29.55
2020-12-22,26,26.06,25.38,25.39,27290122,28.96
2020-12-23,25.67,26.73,25.66,26.61,40227034,30.35
2020-12-24,26.56,26.64,26.01,26.16,14980605,29.84
2020-12-28,26.37,26.72,26.22,26.24,23033597,29.93
2020-12-29,26.44,26.45,26.08,26.11,20898263,29.78
2020-12-30,26.13,26.34,26,26.08,20010376,29.75
2020-12-31,26.08,26.51,26.01,26.46,23288865,30.18
2021-01-04,26.58,26.69,25.78,26.04,35203357,29.7
2021-01-05,26.38,27.14,26.15,26.77,39773547,30.53
2021-01-06,27.97,28.93,27.87,28.66,80503054,32.69
2021-01-07,29.44,29.99,29.21,29.31,53429769,33.43
2021-01-08,29.47,29.5,28.65,29.1,35096842,33.19
2021-01-11,28.62,29.43,28.34,29.14,36692619,33.24
2021-01-12,29.81,30.27,29.51,29.76,65430681,33.94
2021-01-13,29.65,30.04,29.49,29.64,37933068,33.8
2021-01-14,29.87,30.78,29.82,30.47,59368379,34.75
2021-01-15,29,29.37,27.9,28.09,96948058,32.04
2021-01-19,28.42,28.97,28.3,28.61,48854369,32.63
2021-01-20,28.74,28.79,28.32,28.46,32793181,32.46
2021-01-21,28.34,28.43,27.99,28.06,31034034,32
2021-01-22,27.48,28.11,27.31,27.97,26717218,31.9
2021-01-25,27.95,28.36,27.72,28.27,31983459,32.24
2021-01-26,28.49,28.52,27.5,27.51,30290166,31.38
2021-01-27,27.11,27.21,26.23,26.45,47972817,30.17
2021-01-28,26.76,27.22,26.58,27.01,32290753,30.81
2021-01-29,26.98,27.35,26.15,26.2,45076964,29.88
2021-02-01,26.43,26.5,26.02,26.3,26087325,29.99
2021-02-02,26.71,27.35,26.64,26.96,27335071,30.75
2021-02-03,26.94,27.86,26.84,27.79,30025230,31.7
2021-02-04,28.03,28.89,27.97,28.73,33032688,32.66
2021-02-05,29.03,29.19,28.59,28.64,26259978,32.56
2021-02-08,28.83,29.53,27.06,29.38,32674678,33.4
2021-02-09,29.21,29.38,28.95,29.25,25320038,33.26
2021-02-10,29.45,29.63,29.11,29.2,24984322,33.2
2021-02-11,29.14,29.33,28.47,28.78,25294926,32.72
2021-02-12,28.72,29.57,28.72,29.49,36383094,33.53
2021-02-16,29.97,30.72,29.91,30.6,40418732,34.79
2021-02-17,30.2,32.94,29.93,32.18,82002977,36.59
2021-02-18,32.05,32.86,31.82,32.51,44938425,36.96
2021-02-19,32.66,33.29,32.57,33.27,41215219,37.83
2021-02-22,33.14,33.36,32.63,32.77,37756324,37.26
2021-02-23,33.06,33.22,32.2,32.67,38659556,37.14
2021-02-24,32.76,33.72,32.67,33.68,44889272,38.29
2021-02-25,34.02,34.02,32.81,33.04,39117936,37.56
2021-02-26,32.63,32.9,31.6,31.81,43078200,36.17
2021-03-01,32.64,32.91,32.32,32.62,30407869,37.09
2021-03-02,32.68,32.94,32.54,32.67,22646498,37.14
2021-03-03,32.85,34,32.85,33.15,37185335,37.69
2021-03-04,33.09,33.42,31.98,32.68,44549094,37.16
2021-03-05,33.31,33.53,31.96,32.92,37334297,37.43
2021-03-08,33.54,34.19,33.22,34.01,40887832,38.67
2021-03-09,33.57,34.13,32.97,33.54,37881546,38.13
2021-03-10,34.02,34.92,33.67,34.81,40015338,39.58
2021-03-11,34.5,34.82,33.96,34.2,32888388,38.88
2021-03-12,34.74,35.2,34.67,35.16,30207252,39.97
2021-03-15,35.24,35.39,34.45,34.92,27809310,39.7
2021-03-16,34.63,34.73,34.06,34.61,27445356,39.35
2021-03-17,34.9,35.57,34.48,35.04,36760999,39.84
2021-03-18,35.31,36.54,35.31,35.9,60860571,40.81
2021-03-19,35.13,35.24,34.5,34.86,79678297,39.63
2021-03-22,34.55,34.58,33.97,34.28,35440349,38.97
2021-03-23,33.86,34.34,33.47,33.63,35206583,38.24
2021-03-24,33.74,34.32,33.52,33.53,26430358,38.12
2021-03-25,33.4,34.62,33.23,34.57,30625904,39.3
2021-03-26,35.1,35.39,34.45,34.97,31730695,39.76
2021-03-29,33.93,34.62,33.34,33.81,40500372,38.44
2021-03-30,33.9,35.25,33.84,34.65,37900987,39.39
2021-03-31,34.54,34.86,34.23,34.36,30136543,39.07
2021-04-01,34.27,34.88,34.23,34.86,24324441,39.63
2021-04-05,35.21,35.47,34.58,34.73,22729419,39.48
2021-04-06,34.67,35.1,34.53,35.05,22465254,39.85
2021-04-07,35.04,35.26,34.86,35.17,21337855,39.99
2021-04-08,35.07,35.36,34.59,35.21,22483153,40.03
2021-04-09,35.48,35.88,35.4,35.62,30193317,40.5
2021-04-12,35.59,35.97,35.53,35.86,22782885,40.77
2021-04-13,35.62,35.63,34.92,35,31471787,39.79
2021-04-14,34.92,37.1,34.36,36.93,67587264,41.99
2021-04-15,37.03,37.17,36.09,37.15,47682366,42.24
2021-04-16,37.53,38.82,37.45,38.56,59688739,43.84
2021-04-19,38.45,38.6,38.45,38.6,1957031,43.88
2021-04-20,38.17,38.17,37.25,37.42,31256344,42.54
2021-04-21,37.15,38.13,36.74,38.03,30587710,43.24
2021-04-22,38.05,38.28,37.54,37.56,25855394,42.7
2021-04-23,37.57,38.86,37.5,38.58,30289908,43.86
2021-04-26,38.82,39.3,38.69,38.82,27380452,44.14
2021-04-27,39.04,39.77,38.88,39.66,31827218,45.09
2021-04-28,39.71,40.17,39.52,39.65,22267149,45.08
2021-04-29,40.13,40.8,40.04,40.67,28261809,46.24
2021-04-30,40.28,40.47,39.46,39.62,39402540,45.05
2021-05-03,39.98,40.15,39.64,40,17785287,45.48
2021-05-04,39.81,40.32,39.29,40.23,28285855,45.74
2021-05-05,40.4,40.64,39.99,40.41,20606418,45.94
2021-05-06,40.65,41.16,40.28,41.1,37201849,46.63
2021-05-07,40.49,41.1,40.15,41.02,26839563,46.54
2021-05-10,41.29,41.74,41.07,41.08,32030233,46.6
2021-05-11,40.57,41.33,40.12,40.3,32737151,45.72
2021-05-12,41.28,41.57,40.09,40.23,36351196,45.64
2021-05-13,40.1,41.25,39.94,40.9,25421002,46.4
2021-05-14,41.08,41.53,40.96,41.39,18493156,46.96
2021-05-17,41.36,42.29,41.25,42.22,44155069,47.9
2021-05-18,42.22,42.43,41.28,41.31,41712924,46.86
2021-05-19,40.5,40.83,39.99,40.7,50142944,46.17
2021-05-20,40.61,40.71,39.91,40.31,45036575,45.73
2021-05-21,40.52,40.81,40.35,40.44,47633478,45.88
2021-05-24,40.55,41,40.33,40.76,43170946,46.24
2021-05-25,40.89,41.45,40.58,40.63,51000733,46.09
2021-05-26,40.65,41.07,40.2,40.9,46634819,46.4
2021-05-27,41.42,41.77,40.82,41.22,74152730,46.76
2021-05-28,41.3,41.32,40.8,41.18,27820464,46.72
2021-06-01,41.57,41.79,41.25,41.66,31111298,47.26
2021-06-02,41.77,41.84,41.06,41.26,32411961,46.81
2021-06-03,41.16,41.43,40.86,40.95,35159966,46.46
2021-06-04,41.48,41.52,41,41.39,32017271,46.96
2021-06-07,41.52,41.59,41.23,41.53,29467335,47.11
2021-06-08,41.2,41.44,40.82,41.09,37133005,46.61
2021-06-09,40.76,40.85,40.22,40.48,39983234,45.92
2021-06-10,40.96,41.12,39.68,39.75,37041716,45.09
2021-06-11,39.83,40.28,39.83,40.27,34373304,45.68
2021-06-14,40.2,40.44,39.53,39.8,29693601,45.15
2021-06-15,39.84,40.3,39.66,40.07,26453221,45.46
2021-06-16,39.62,40.51,39.07,40.17,41820641,45.57
2021-06-17,40.36,40.51,37.6,37.72,51763849,42.79
2021-06-18,36.74,37.3,36.56,36.8,76987336,41.75
2021-06-21,37.28,38.18,37.23,38.15,29433308,43.28
2021-06-22,38.27,38.67,37.78,38.38,30096511,43.54
2021-06-23,38.34,39.06,38.34,38.75,21602099,43.96
2021-06-24,39.01,40.04,38.97,39.83,29571080,45.18
2021-06-25,40.17,41.12,39.86,40.88,59423205,46.38
2021-06-28,40.55,40.61,39.75,40.36,29891066,45.79
2021-06-29,40.58,40.88,39.31,39.48,44302031,44.79
2021-06-30,39.33,40.01,39.18,39.92,20769070,45.29
2021-07-01,40.09,40.23,39.64,40.03,20217109,45.41
2021-07-02,39.93,40.03,39.53,39.73,14642464,45.07
2021-07-06,39.43,39.51,38.17,38.34,28408080,43.49
2021-07-07,38.15,38.75,38.01,38.26,24517291,43.4
2021-07-08,37.53,37.86,37,37.3,32010908,42.32
2021-07-09,38.06,38.88,37.77,38.71,27371280,43.91
2021-07-12,38.15,39.01,37.86,38.93,19751722,44.16
2021-07-13,38.6,38.9,37.91,38.11,27801363,43.23
2021-07-14,38.43,39.78,37.47,39.62,53729499,44.95
2021-07-15,39.31,40.01,39.11,39.67,35309271,45
2021-07-16,40.03,40.13,38.88,39.03,30509848,44.28
2021-07-19,37.65,38.17,37.28,37.95,47356568,43.05
2021-07-20,37.9,39.8,37.79,39.53,36634330,44.84
2021-07-21,39.92,40.68,39.85,40.37,31519992,45.8
2021-07-22,40.41,40.5,39.49,39.69,24641573,45.03
2021-07-23,39.76,40.12,39.16,39.31,25195037,44.59
2021-07-26,39.2,39.88,39.2,39.68,25632992,45.01
2021-07-27,39.31,40,39.02,39.79,24946826,45.14
2021-07-28,40,40.58,39.65,40.12,24678491,45.51
2021-07-29,40.45,41.17,40.27,40.99,25849892,46.5
2021-07-30,40.78,41.3,40.31,40.5,28634444,45.94
2021-08-02,40.58,41.26,40.17,40.36,25348549,45.79
2021-08-03,40.53,41.37,39.76,41.28,26140087,46.83
2021-08-04,40.79,41.4,40.58,40.68,24267687,46.15
2021-08-05,40.77,41.61,40.73,41.6,27451862,46.99
2021-08-06,42.05,43.37,42.01,43.18,35667700,48.77
2021-08-09,43.08,43.68,42.75,43.07,33341302,48.65
2021-08-10,43.14,43.99,43.1,43.94,32427496,49.63
2021-08-11,43.94,44.91,43.53,44.85,31026594,50.66
2021-08-12,44.94,45.37,44.76,45.28,23005671,51.15
2021-08-13,45.34,45.51,44.42,44.59,17288683,50.37
2021-08-16,44.2,44.25,43.33,43.74,24742774,49.41
2021-08-17,43.27,43.71,42.52,43.12,18945320,48.71
2021-08-18,42.81,43.36,42.41,42.47,17893418,47.97
2021-08-19,41.92,42.45,41.46,41.83,22219852,47.25
2021-08-20,41.73,42,41.47,41.98,16920024,47.42
2021-08-23,42.27,42.49,42,42.15,17873623,47.61
2021-08-24,42.27,42.82,42.24,42.81,16182437,48.36
2021-08-25,43.04,43.93,42.91,43.64,22719050,49.29
2021-08-26,43.85,44.15,43.28,43.43,23255857,49.05
2021-08-27,43.58,44.13,43.49,44.1,18635635,49.81
2021-08-30,44.05,44.1,42.81,42.86,17241928,48.41
2021-08-31,42.86,43.37,40.03,40.46,77486101,45.7
2021-09-01,40.46,40.7,38.31,38.47,88529220,43.45
2021-09-02,38.67,39.73,38.55,39.46,39640056,44.57
2021-09-03,39.39,39.4,38.8,39.11,22849354,44.17
2021-09-07,39.24,39.8,39.18,39.23,20952007,44.31
2021-09-08,39.06,39.43,38.63,38.8,22991643,43.82
2021-09-09,38.82,39.59,38.74,39.27,20769275,44.36
2021-09-10,39.84,40.06,39.12,39.25,24545575,44.33
2021-09-13,39.45,40.56,39.45,40.51,29570776,45.76
2021-09-14,40.74,41.56,40.51,40.77,38846580,46.05
2021-09-15,40.61,41.51,40.59,41.29,34635823,46.64
2021-09-16,41.52,41.85,40.73,40.97,26686002,46.28
2021-09-17,40.49,41.33,40.49,41.14,43249274,46.47
2021-09-20,39.87,40.61,39.7,40.56,33656832,45.81
2021-09-21,40.7,41.04,40.49,40.59,24429460,45.85
2021-09-22,41.16,42.22,41.14,41.68,31691017,47.08
2021-09-23,42.02,42.65,41.75,42.32,23437351,47.8
2021-09-24,42.3,43,42.26,42.43,21908601,47.92
2021-09-27,42.83,43.33,40.87,42.11,50639006,47.56
2021-09-28,41.62,41.64,39.9,40.65,52080012,45.92
2021-09-29,41.12,41.74,40.66,41.64,23399297,47.03
2021-09-30,41.73,41.74,40.83,41.09,26246411,46.41
2021-10-01,41.21,41.88,41.16,41.63,20241616,47.02
2021-10-04,41.63,42.22,41.32,41.63,24530481,47.02
2021-10-05,42.05,42.89,41.92,42.46,21984761,47.96
2021-10-06,42.12,42.57,41.66,42.38,19413141,47.87
2021-10-07,42.73,43.02,42.09,42.28,21490327,47.76
2021-10-08,42.38,42.8,42.19,42.5,16042670,48
2021-10-11,42.67,42.9,41.81,41.86,17020596,47.28
2021-10-12,41.87,42.08,41.18,41.3,20307156,46.65
2021-10-13,41.23,41.23,40.03,40.77,25915670,46.05
2021-10-14,41.32,41.51,39.69,40.11,56727712,45.31
2021-10-15,40.48,43.15,40.47,42.83,62561484,48.38
2021-10-18,42.66,44.01,42.62,43.76,35982500,49.43
2021-10-19,43.95,44.58,43.63,44.57,27953654,50.34
2021-10-20,44.43,44.61,44.01,44.41,25978040,50.16
2021-10-21,44.22,44.8,44.05,44.56,23515195,50.33
2021-10-22,44.74,45.25,44.7,44.85,23236705,50.66
2021-10-25,45.07,45.07,44.82,44.82,2524087,50.62
2021-10-26,44.91,45.24,44.59,44.82,19759065,50.63
2021-10-27,44.5,45.14,44.22,44.31,24405736,50.05
2021-10-28,44.6,45.51,44.58,45.47,28732040,51.36
2021-10-29,45.37,45.72,45.17,45.29,22905505,51.16
2021-11-01,45.65,46.04,45.39,45.78,22765660,51.71
2021-11-02,45.63,45.78,45.35,45.42,23783532,51.3
2021-11-03,45.19,46.54,45.17,46.04,26818685,52
2021-11-04,45.81,45.95,44.35,44.99,34873517,50.62
2021-11-05,45.33,45.86,44.79,44.83,25878277,50.44
2021-11-08,44.93,45.65,44.93,45.21,21668534,50.87
2021-11-09,44.88,44.94,43.74,44.34,32828428,49.89
2021-11-10,44.21,45.12,44.15,44.76,21876399,50.36
2021-11-11,44.81,45.25,44.63,44.96,17433391,50.59
2021-11-12,45.04,45.33,44.77,45.29,18600006,50.96
2021-11-15,45.5,45.94,45.3,45.4,23342293,51.08
2021-11-16,45.42,45.49,44.59,44.77,21221237,50.37
2021-11-17,44.81,45.05,44.02,44.3,19442396,49.84
2021-11-18,44.11,44.6,43.79,44.35,21103214,49.9
2021-11-19,43.55,43.76,42.46,43.39,34141441,48.82
2021-11-22,45,45.42,44.2,44.74,31542777,50.34
2021-11-23,45.07,45.98,45.06,45.68,30565550,51.4
2021-11-24,45.78,45.98,45.49,45.6,22014196,51.31
2021-11-26,43.64,43.64,42.38,43.04,31952060,48.43
2021-11-29,44.14,44.23,42.94,43.69,32291324,49.16
2021-11-30,42.76,43.11,42.05,42.46,49794620,47.78
2021-12-01,43.27,43.95,41.93,41.96,31665793,47.21
2021-12-02,42.42,43.9,42.22,43.47,32495236,48.91
2021-12-03,43.78,43.78,42.1,42.44,30889235,47.75
2021-12-06,43.53,44.35,43.29,43.38,35453210,48.81
2021-12-07,43.96,44.9,43.85,44.66,31588246,50.25
2021-12-08,44.6,44.71,43.83,43.91,22386716,49.41
2021-12-09,43.57,44.46,43.32,44.16,18314172,49.69
2021-12-10,44.7,44.97,44.06,44.62,22268817,50.2
2021-12-13,44.35,44.4,43.04,43.16,22529630,48.56
2021-12-14,43.2,43.98,43.19,43.45,20083261,48.89
2021-12-15,43.57,43.79,42.78,43.5,22699377,48.94
2021-12-16,44.19,45.16,43.83,44.7,36359715,50.3
2021-12-17,44.17,44.2,42.54,42.62,107616541,47.95
2021-12-20,41.82,41.92,41.1,41.64,34369241,46.85
2021-12-21,42.3,42.78,42.07,42.49,24763934,47.81
2021-12-22,42.43,42.94,42.32,42.69,17637147,48.03
2021-12-23,43.02,43.49,42.86,42.98,17231637,48.36
2021-12-27,43.15,43.38,42.73,43.34,13091438,48.77
2021-12-28,43.16,43.72,42.98,43.03,15270352,48.42
2021-12-29,43.19,43.42,42.99,43.06,16531144,48.45
2021-12-30,43.1,43.46,42.7,42.75,14567784,48.1
2021-12-31,42.69,42.98,42.52,42.64,15673092,47.98
2022-01-03,43.49,45.16,43.47,45.09,43344182,50.73
2022-01-04,45.84,47.23,45.79,46.88,47762252,52.75
2022-01-05,47.03,47.23,46.21,46.47,39666483,52.29
2022-01-06,47.24,47.7,46.8,47.66,36032746,53.63
2022-01-07,47.87,49.05,47.81,48.68,37674926,54.77
2022-01-10,49.33,49.82,48.42,49.19,37539816,55.35
2022-01-11,49.38,49.89,49.09,49.82,27974374,56.06
2022-01-12,50.13,50.4,49.56,50.13,37175256,56.4
2022-01-13,50.3,50.82,49.56,49.77,36286650,56
2022-01-14,50.53,52.32,50.12,51.6,59601675,58.06
2022-01-18,51.29,51.65,50.22,50.38,44970202,56.69
2022-01-19,50.76,51.26,49.3,49.39,39258975,55.57
2022-01-20,49.52,50.11,48.8,48.88,29025892,55
2022-01-21,48.44,48.88,47.22,47.7,42838928,53.67
2022-01-24,46.86,47.39,45.63,47.39,14526673,53.32
2022-01-25,46.81,47.75,45.81,47.63,43605309,53.59
2022-01-26,47.91,48.81,47.65,48.12,27887197,54.14
2022-01-27,48.53,49.33,47.31,47.78,36320899,53.76
2022-01-28,47.65,48.19,46.9,48.16,37543110,54.19
2022-01-31,47.83,48.04,47.13,47.81,38543347,53.8
2022-02-01,48.63,49.6,47.98,49.41,38607259,55.6
2022-02-02,49.12,49.81,48.85,49.71,31517042,55.93
2022-02-03,49.85,50.25,48.86,49.25,26869649,55.17
2022-02-04,50.03,50.92,49.52,50.29,36487905,56.33
2022-02-07,50.36,51.68,49.91,51.18,41091682,57.33
2022-02-08,51.78,52.66,51.6,52.45,47006956,58.75
2022-02-09,52.4,53.01,52.08,52.73,27632517,59.06
2022-02-10,53.16,53.83,52.49,52.72,37982677,59.05
2022-02-11,52.24,53.78,51.7,52.06,41206567,58.31
2022-02-14,52.23,52.36,51.05,51.64,34638170,57.85
2022-02-15,52.78,52.95,51.86,52.12,19901151,58.38
2022-02-16,51.7,52.56,51.38,51.9,23517068,58.14
2022-02-17,51.02,51.36,49.77,50.13,27971131,56.15
2022-02-18,50.13,50.64,49.43,49.66,24809645,55.63
2022-02-22,49.61,50.1,48.83,49.35,30141880,55.28
2022-02-23,49.86,50.01,47.99,48.16,23554634,53.95
2022-02-24,46.21,47.16,45.24,47.06,45340941,52.71
2022-02-25,47.47,48.6,47.4,48.31,29972658,54.11
2022-02-28,46.98,47.67,46.61,47.65,38124100,53.37
2022-03-01,46.81,47.07,44.65,44.9,60276505,50.29
2022-03-02,45.82,47.15,45.53,46.62,37948267,52.22
2022-03-03,46.73,46.92,45.48,45.74,26077984,51.24
2022-03-04,44.67,44.69,43.01,43.56,39048503,48.79
2022-03-07,43.37,43.37,40.86,40.9,60788090,45.81
2022-03-08,41.64,41.64,41.48,41.48,3799411,46.46
2022-03-09,43.56,44.41,43.16,43.89,37384745,49.16
2022-03-10,43.08,44.25,42.72,43.75,28035774,49.01
2022-03-11,44.34,44.64,43.24,43.27,25905214,48.47
2022-03-14,44.33,44.97,44.01,44.51,31162836,49.86
2022-03-15,44.78,45.2,44.04,44.74,28644537,50.11
2022-03-16,45.57,46.61,45.28,46.07,38930092,51.6
2022-03-17,45.55,45.97,44.84,45.96,34474245,51.48
2022-03-18,45.4,46.01,44.67,45.9,91649508,51.42
2022-03-21,46.12,46.24,45.18,45.65,27349521,51.14
2022-03-22,46.79,48.39,46.69,47.66,33321222,53.39
2022-03-23,47.1,47.36,45.61,45.64,30485859,51.12
2022-03-24,46.16,46.26,45.44,45.82,21568845,51.33
2022-03-25,45.95,46.95,45.9,46.92,21165081,52.56
2022-03-28,46.45,46.52,45.33,46.25,27496067,51.81
2022-03-29,47.37,47.58,46,46.07,24553923,51.6
2022-03-30,46,46.14,44.45,44.74,36643313,50.11
2022-03-31,44.41,45.02,43.24,43.26,35948805,48.46
2022-04-01,43.97,44.16,42.7,43.49,32437579,48.71
2022-04-04,43.25,43.44,42.5,43.26,25416867,48.46
2022-04-05,42.77,43.65,42.65,42.96,23613942,48.12
2022-04-06,42.57,42.92,42.32,42.75,28296842,47.89
2022-04-07,42.99,43.12,41.58,42.62,31813586,47.74
2022-04-08,42.85,43.64,42.79,43.5,25959899,48.73
2022-04-11,43.69,44.81,43.67,44.04,29489528,49.33
2022-04-12,44.35,44.55,42.85,43.23,27629630,48.42
2022-04-13,42.44,43.4,42.36,43.33,21782167,48.54
2022-04-14,40.97,42.69,40.2,41.38,69696186,46.35
2022-04-18,41.26,42.48,41.2,42.11,27731464,47.17
2022-04-19,42.31,43.02,42.25,42.7,22321831,47.83
2022-04-20,43.28,44.07,43.14,43.43,28415976,48.65
2022-04-21,43.88,44.18,42.49,42.66,21093472,47.78
2022-04-22,42.57,42.78,41.3,41.37,25028307,46.34
2022-04-25,40.85,41.04,39.75,40.91,32162400,45.83
2022-04-26,40.32,41.06,39.78,39.8,23358841,44.58
2022-04-27,39.65,40.34,39.41,39.8,20815821,44.58
2022-04-28,40.21,40.45,39.56,40.33,18917897,45.17
2022-04-29,40.21,40.53,38.84,38.95,31378105,43.63
2022-05-02,39.16,39.32,38.04,38.99,26787461,43.67
2022-05-03,39.19,39.85,38.98,39.42,23635958,44.16
2022-05-04,39.56,41.18,39.44,41.05,31430109,45.98
2022-05-05,40.39,40.45,39,40.18,32243197,44.76
2022-05-06,40.04,40.29,39.06,39.99,29190557,44.55
2022-05-09,39.47,39.98,38.8,39.46,29286932,43.96
2022-05-10,39.85,40.13,37.87,38.67,29376429,43.08
2022-05-11,38.7,39.95,38.14,38.21,26849537,42.57
2022-05-12,37.91,38.07,36.73,37.53,32202320,41.81
2022-05-13,38.1,38.77,37.95,38.27,23450497,42.64
2022-05-16,38.06,38.3,37.43,37.89,18752784,42.21
2022-05-17,38.59,39.33,38.56,39.23,25454041,43.71
2022-05-18,38.86,38.88,37.6,37.8,32369046,42.11
2022-05-19,37.43,37.98,37.31,37.7,27202391,42
2022-05-20,38.16,38.41,36.56,37.4,42473976,41.67
2022-05-23,38.36,39.78,38.36,39.33,30452444,43.82
2022-05-24,39.22,39.29,38.27,38.86,25616658,43.29
2022-05-25,38.68,39.9,38.62,39.6,24290649,44.12
2022-05-26,40.24,41.08,40.17,40.93,27932150,45.6
2022-05-27,41.02,41.34,40.8,41.19,23227239,45.89
2022-05-31,40.7,41.53,40.39,41.08,52008592,45.77
2022-06-01,41.25,41.35,39.85,40.54,22726493,45.16
2022-06-02,40.5,40.78,39.95,40.69,15835830,45.33
2022-06-03,40.24,40.69,40.04,40.23,14014217,44.82
2022-06-06,40.7,41.19,40.36,40.5,12888572,45.12
2022-06-07,40.18,40.88,40.06,40.81,15001758,45.47
2022-06-08,40.29,40.45,39.7,40.06,13976911,44.63
2022-06-09,40.02,40.06,38.27,38.3,22175026,42.67
2022-06-10,36.83,37.2,35.92,35.98,30784279,40.08
2022-06-13,34.99,35.62,34.8,35,30611776,38.99
2022-06-14,34.8,35.28,33.22,33.6,39777778,37.43
2022-06-15,34.11,34.7,33.51,34.26,33814522,38.17
2022-06-16,33.54,33.87,32.8,33.8,40898683,37.65
2022-06-17,33.96,34.98,33.66,34.54,78242358,38.48
2022-06-21,35.78,35.85,34.89,35,28253310,38.99
2022-06-22,34.46,35.07,34.39,34.65,20532563,38.6
2022-06-23,34.16,34.43,33.35,34.02,24999936,37.9
2022-06-24,34.72,36.89,34.57,36.59,45957669,40.76
2022-06-27,36.66,36.79,35.81,36.12,19156765,40.24
2022-06-28,36.78,37.31,35.98,36.07,20655453,40.18
2022-06-29,36.15,36.38,35.5,35.64,17291856,39.71
2022-06-30,35.07,35.64,34.36,35.16,24349656,39.17
2022-07-01,34.76,35.98,34.52,35.83,16962957,39.92
2022-07-05,35.01,36.01,34.57,35.99,21197166,40.1
2022-07-06,35.55,35.93,34.94,35.46,18475354,39.5
2022-07-07,36.09,36.34,35.66,36.01,25123593,40.12
2022-07-08,36.17,36.53,35.78,36.07,15947266,40.18
2022-07-11,35.61,35.91,35.22,35.72,14349012,39.79
2022-07-12,35.08,36.33,35.02,35.55,17556920,39.6
2022-07-13,35.08,35.32,34.48,35.07,15401663,39.07
2022-07-14,34.19,34.78,33.6,34.77,26288798,38.74
2022-07-15,35.37,37.53,35.21,36.92,45551025,41.13
2022-07-18,37.64,38.41,36.82,36.97,19865781,41.19
2022-07-19,37.59,38.66,37.47,38.51,28558296,42.9
2022-07-20,38.18,38.62,38.02,38.35,23093393,42.72
2022-07-21,38.13,38.93,37.95,38.85,19390348,43.28
2022-07-22,38.75,39.07,38.32,38.75,17395148,43.17
2022-07-25,39.07,39.41,38.79,39.05,23476713,43.5
2022-07-26,38.7,39.21,38.43,38.51,17191756,42.9
2022-07-27,38.58,39.47,38.32,39.23,21188369,43.71
2022-07-28,39.09,39.34,38.34,38.88,16119633,43.32
2022-07-29,38.88,39.8,38.88,39.38,20173014,43.87
2022-08-01,38.99,39.63,38.74,39.08,15280853,43.54
2022-08-02,39.04,39.08,38.47,38.49,19583650,42.88
2022-08-03,38.95,40.01,38.82,39.4,19383258,43.89
2022-08-04,39.32,39.4,38.53,38.66,16752044,42.77
2022-08-05,38.48,40.03,38.44,39.55,17691169,43.76
2022-08-08,39.74,39.94,38.98,39.03,13961401,43.19
2022-08-09,39.06,39.58,38.85,39.22,11575543,43.4
2022-08-10,39.8,40.4,39.8,40.07,15777250,44.33
2022-08-11,40.67,41.22,40.57,40.9,16130755,45.25
2022-08-12,41.14,41.54,40.84,41.52,12339471,45.94
2022-08-15,41.04,41.41,40.59,41.35,12743657,45.75
2022-08-16,41.2,41.86,40.99,41.63,13317569,46.06
2022-08-17,41.32,41.85,41.17,41.7,14431277,46.14
2022-08-18,41.7,41.76,41.36,41.7,8799571,46.14
2022-08-19,41.48,41.59,40.71,40.99,15349620,45.35
2022-08-22,40.3,40.44,39.88,40.14,14405606,44.41
2022-08-23,40.18,40.63,40.02,40.1,11826002,44.37
2022-08-24,40.07,40.4,39.79,40.35,12867728,44.64
2022-08-25,40.48,41.14,40.16,41.02,13021478,45.39
2022-08-26,41.2,41.32,39.71,39.74,15976646,43.97
2022-08-29,39.59,40.05,39.39,39.69,13964581,43.92
2022-08-30,40,40.16,39.36,39.89,15747919,44.14
2022-08-31,40.02,40.3,39.41,39.5,28975052,43.71
2022-09-01,39.46,39.53,38.68,39.5,14691717,43.7
2022-09-02,40.04,40.49,39.02,39.21,15270875,43.38
2022-09-06,39.5,39.66,38.28,38.75,16193536,42.88
2022-09-07,38.45,39.69,38.19,39.62,24393940,43.84
2022-09-08,39.42,40.91,39.17,40.88,20558672,45.23
2022-09-09,41.13,41.4,40.9,40.97,14084322,45.33
2022-09-12,41.29,41.7,40.9,41.15,13973924,45.53
2022-09-13,40.08,40.25,38.9,39.06,23371591,43.22
2022-09-14,39.09,39.41,38.19,39.12,16524198,43.28
2022-09-15,39.22,40.39,39.18,39.89,14886277,44.14
2022-09-16,39.5,39.82,39.16,39.71,29301707,43.94
2022-09-19,39.25,40.32,39.23,40.06,13850919,44.32
2022-09-20,39.67,40.03,38.94,39.23,21325641,43.41
2022-09-21,39.46,39.6,38.18,38.2,22000530,42.27
2022-09-22,38.4,38.42,37.45,37.53,17414456,41.52
2022-09-23,36.89,37.04,35.88,36.52,25813840,40.41
2022-09-26,36.28,36.64,35.55,36.16,23659504,40.01
2022-09-27,36.34,36.69,35.62,36.18,19321152,40.03
2022-09-28,36.06,37.11,36.06,36.88,17899588,40.81
2022-09-29,36.3,36.78,35.94,36.6,16655191,40.5
2022-09-30,36.73,37.18,36.31,36.35,24672777,40.22
2022-10-03,37.32,37.78,36.73,37.58,18839877,41.58
2022-10-04,38.1,39.4,38.1,39.35,20994020,43.54
2022-10-05,38.71,39.35,38.47,39.14,17234170,43.31
2022-10-06,38.75,38.99,38.15,38.18,17210951,42.24
2022-10-07,37.99,38.07,37.41,37.77,19533522,41.79
2022-10-10,37.91,38.06,37.19,37.46,12037043,41.45
2022-10-11,37.25,37.34,36.2,36.36,21184009,40.23
2022-10-12,36.37,37.25,36.11,36.61,18583789,40.51
2022-10-13,35.93,38.56,35.93,38.3,25941710,42.38
2022-10-14,39.59,40.6,38.98,39.02,36860252,43.17
2022-10-17,40.36,40.84,39.67,39.73,27554640,43.96
2022-10-18,40.77,40.94,39.6,40.37,26519215,44.67
2022-10-19,39.93,40.24,39.13,39.42,19723526,43.62
2022-10-20,39.47,40.16,39.32,39.45,19605631,43.65
2022-10-21,39.44,40.56,39.38,40.52,21786241,44.83
2022-10-24,40.63,41.15,40.52,40.85,18334871,45.2
2022-10-25,40.47,41.21,40.1,41.01,18663867,45.37
2022-10-26,41.27,41.76,41.1,41.3,16481483,45.7
2022-10-27,41.59,42.02,41.16,41.26,16139534,45.65
2022-10-28,41.49,42.02,41.1,41.89,16850022,46.35
2022-10-31,41.7,42.04,41.55,41.57,16903018,45.99
2022-11-01,42.1,42.53,41.81,42.43,24801710,46.95
2022-11-02,42.37,42.98,42.02,42.37,31679274,46.88
2022-11-03,42.02,42.02,41.31,41.42,18747702,45.54
2022-11-04,42.14,42.67,41.75,42.52,29102152,46.74
2022-11-07,42.87,43.5,42.58,42.82,17713343,47.07
2022-11-08,42.98,43.18,42.5,42.92,14842744,47.18
2022-11-09,42.57,42.75,41.8,41.82,18318730,45.97
2022-11-10,42.77,43.76,42.69,43.62,23091917,47.95
2022-11-11,43.75,43.99,43.05,43.25,18054950,47.55
2022-11-14,42.93,43.27,42.63,42.63,13929946,46.87
2022-11-15,43.1,43.22,42.06,42.49,19076020,46.71
2022-11-16,42.45,42.61,41.87,42.03,14713334,46.21
2022-11-17,41.58,42,41.36,41.83,11357648,45.99
2022-11-18,42.5,42.54,41.82,42.3,10513730,46.5
2022-11-21,42.18,42.83,42.18,42.61,11656810,46.84
2022-11-22,42.87,43.11,42.67,42.85,11684932,47.11
2022-11-23,42.86,43.2,42.74,43.05,10878534,47.33
2022-11-25,43.08,43.33,42.77,43.15,4913253,47.44
2022-11-28,42.86,43.43,42.68,42.73,12493529,46.98
2022-11-29,42.92,43.34,42.79,43.27,13344936,47.57
2022-11-30,43.04,43.62,41.97,43.62,26417009,47.95
2022-12-01,43.6,43.82,42.26,42.63,15980271,46.87
2022-12-02,42.19,42.32,40.82,41.79,29819705,45.94
2022-12-05,41.57,41.73,39.68,39.71,32574600,43.66
2022-12-06,39.73,39.89,38.8,39.48,25961448,43.4
2022-12-07,39.2,39.42,38.6,38.61,24114882,42.45
2022-12-08,38.85,39.01,38.3,38.73,17161416,42.58
2022-12-09,38.5,39.04,38.5,38.66,16022640,42.5
2022-12-12,38.75,39.05,38.3,38.99,18428878,42.86
2022-12-13,39.91,40.1,38.3,38.77,31496029,42.62
2022-12-14,38.74,39.32,38.16,38.37,22044435,42.18
2022-12-15,37.68,37.94,37.31,37.63,16767015,41.37
2022-12-16,37.32,37.7,37.16,37.47,29824948,41.19
2022-12-19,37.6,38.12,37.39,38.04,17454159,41.82
2022-12-20,37.56,38.71,37.27,37.28,25415425,40.98
2022-12-21,37.62,37.88,37.22,37.4,20170810,41.12
2022-12-22,37.03,37.06,36.4,37,17382728,40.68
2022-12-23,37.01,37.29,36.79,37.28,10165687,40.98
2022-12-27,37.3,37.42,36.94,37.33,10297637,41.04
2022-12-28,37.24,37.64,37.17,37.4,11889350,41.12
2022-12-29,37.43,37.66,37.35,37.59,11597069,41.33
2022-12-30,37.39,37.69,37.29,37.56,10018589,41.29
2023-01-03,37.85,38.33,37.7,38.01,15944341,41.79
2023-01-04,38.44,39.17,38.41,38.8,18943554,42.65
2023-01-05,38.73,38.78,38.14,38.59,12380714,42.42
2023-01-06,38.74,39.11,38.3,38.93,15229705,42.8
2023-01-09,39.22,39.23,38.35,38.56,21225581,42.39
2023-01-10,38.81,39,38.22,38.53,18348818,42.36
2023-01-11,38.55,38.95,38.22,38.88,18272129,42.74
2023-01-12,39.16,39.61,38.93,38.96,20940373,42.83
2023-01-13,37.64,40.35,36.8,40.22,41645188,44.22
2023-01-17,39.88,40.36,39.28,40.13,25473853,44.12
2023-01-18,39.99,40.58,39.38,39.46,20277987,43.38
2023-01-19,39.03,39.3,38.68,39.07,18565318,42.95
2023-01-20,39.19,39.97,38.9,39.95,23226243,43.92
2023-01-23,39.96,41.1,39.9,40.96,19692033,45.03
2023-01-24,40.85,41.11,36.39,40.43,13697168,44.45
2023-01-25,40.07,41.31,40.05,41.24,17285592,45.34
2023-01-26,41.41,41.75,41.08,41.67,16724633,45.81
2023-01-27,41.67,42.17,41.67,41.95,18160775,46.12
2023-01-30,41.76,42.43,41.67,42.11,19427394,46.29
2023-01-31,42.13,42.64,41.9,42.63,22840370,46.87
2023-02-01,42.44,43.48,42.27,43.05,21874606,47.33
2023-02-02,43.31,43.54,42.5,43.24,19057958,47.23
2023-02-03,43.02,43.98,42.97,43.56,17346292,47.58
2023-02-06,43.26,43.72,43.16,43.65,15948898,47.68
2023-02-07,43.42,44.32,43.35,44.06,21764791,48.13
2023-02-08,43.67,44.5,43.58,44.17,18070537,48.25
2023-02-09,44.37,44.51,43.47,43.55,17362107,47.57
2023-02-10,43.4,43.67,43.01,43.49,18927856,47.51
2023-02-13,43.34,44.08,43.14,44.06,16451661,48.13
2023-02-14,43.88,44.71,43.71,44.4,16844439,48.5
2023-02-15,43.87,44.18,43.67,43.91,12856710,47.97
2023-02-16,43.57,43.77,43.2,43.23,12631719,47.22
2023-02-17,43.1,43.55,43.04,43.47,13460618,47.49
2023-02-21,43.09,43.09,42.08,42.33,13652656,46.24
2023-02-22,42.06,42.32,41.82,42.12,13402927,46.01
2023-02-23,42.22,42.51,41.91,42.34,14783579,46.25
2023-02-24,41.96,42.81,41.83,42.68,16039894,46.62
2023-02-27,42.97,43.42,42.77,42.82,15468291,46.78
2023-02-28,42.72,43.05,42.6,42.81,18627235,46.77
2023-03-01,42.57,42.95,42.34,42.73,13382222,46.68
2023-03-02,42.53,42.68,41.54,41.93,19116480,45.8
2023-03-03,42.13,43,42.03,42.89,14946497,46.85
2023-03-06,42.91,43.19,42.58,42.69,14235998,46.63
2023-03-07,42.28,42.36,40.39,40.69,24056783,44.45
2023-03-08,40.52,40.79,39.91,40.13,14852048,43.84
2023-03-09,39.77,39.85,37.38,37.65,33599809,41.13
2023-03-10,37.15,38.78,36.37,37.86,55418825,41.36
2023-03-13,36.43,37.12,34.98,35.16,77760817,38.41
2023-03-14,37.99,38.08,36.04,36.77,52855086,40.17
2023-03-15,35.06,35.68,34.86,35.56,47324477,38.85
2023-03-16,35.36,36.67,34.92,35.98,40397549,39.3
2023-03-17,35.48,35.48,34.36,34.57,47354062,37.76
2023-03-20,34.9,35.2,34.28,34.31,34283746,37.48
2023-03-21,35.34,35.66,35.12,35.23,34664600,38.48
2023-03-22,35.43,35.43,34.04,34.05,22994382,37.2
2023-03-23,34.32,34.46,33.42,33.51,30239875,36.61
2023-03-24,32.96,33.39,32.27,33.17,35694705,36.23
2023-03-27,33.89,34.5,33.83,34.3,27454606,37.47
2023-03-28,34.2,34.41,33.75,34.04,15270005,37.18
2023-03-29,34.42,34.8,34.15,34.76,20789094,37.97
2023-03-30,35.06,35.24,34.03,34.22,22340446,37.38
2023-03-31,34.54,34.74,34.15,34.22,30269178,37.38
2023-04-03,34.35,34.93,34.23,34.53,21540975,37.72
2023-04-04,34.51,34.6,33.31,33.7,21942678,36.81
2023-04-05,33.41,33.88,33.2,33.77,15486891,36.89
2023-04-06,33.97,34.88,33.93,34.69,23484942,37.9
2023-04-10,34.51,35.43,34.43,35.36,27005818,38.63
2023-04-11,35.49,36.2,35.43,36.04,25116114,39.37
2023-04-12,36.09,36.48,35.6,35.88,20252925,39.19
2023-04-13,35.99,36.32,35.74,36.31,22397755,39.66
2023-04-14,36.39,37.08,35.81,36.29,40936878,39.64
2023-04-17,36.46,37.81,36.21,37.81,31445004,41.3
2023-04-18,37.72,38.5,37.66,38.33,27892257,41.87
2023-04-19,38.42,38.82,38.26,38.67,23310493,42.24
2023-04-20,38.32,38.49,37.94,38.15,19265538,41.67
2023-04-21,37.72,37.9,36.81,37.75,23974155,41.24
2023-04-24,37.65,38.08,37.57,37.94,17327817,41.45
2023-04-25,37.26,37.58,36.97,37.12,20727965,40.55
2023-04-26,36.84,37.03,35.93,36.12,26915624,39.46
2023-04-27,36.19,36.42,35.99,36.31,21695753,39.66
2023-04-28,35.93,36.55,35.66,36.39,20189287,39.75
2023-05-01,37.07,37.69,36.79,36.97,26564347,40.39
2023-05-02,36.63,36.63,35.08,35.55,36239477,38.84
2023-05-03,35.73,36.31,35.34,35.38,25202737,38.65
2023-05-04,34.76,35.13,33.58,33.88,53246973,36.72
2023-05-05,34.56,35.32,34.44,35,27036030,37.94
2023-05-08,35.45,35.77,35.2,35.41,22735421,38.38
2023-05-09,35,35.68,34.85,35.56,18999064,38.54
2023-05-10,36.17,36.19,34.97,35.32,17941573,38.28
2023-05-11,34.84,35.5,34.51,35.36,18536194,38.33
2023-05-12,35.48,35.55,34.3,34.59,17653501,37.49
2023-05-15,34.69,36.07,34.56,35.77,24405846,38.77
2023-05-16,35.69,35.77,35.35,35.42,21823892,38.39
2023-05-17,35.97,37.47,35.88,37.33,29241596,40.46
2023-05-18,37.2,37.2,36.51,37.1,27213897,40.21
2023-05-19,37.21,37.32,36.55,36.93,19769774,40.03
2023-05-22,37.09,38.04,37,37.81,27519430,40.98
2023-05-23,37.84,38.86,37.8,38.02,26116555,41.21
2023-05-24,37.72,38.09,37.53,37.71,21193568,40.87
2023-05-25,37.48,38.09,37.38,37.73,17691783,40.9
2023-05-26,37.73,38.31,37.6,38.04,17398399,41.23
2023-05-30,38.05,38.21,37.21,37.81,14752581,40.98
2023-05-31,37.17,37.34,36.26,36.73,27221068,39.81
2023-06-01,37.1,37.39,36.61,36.96,17082149,40.06
2023-06-02,37.48,38.33,37.25,38.05,16906059,41.24
2023-06-05,37.97,38.1,37.31,37.32,19433778,40.45
2023-06-06,37.27,38.4,37.14,38.07,18825119,41.26
2023-06-07,38.24,38.88,37.82,38.81,17781833,42.07
2023-06-08,38.47,39.12,38.34,39.09,17159323,42.37
2023-06-09,39.05,39.18,38.78,38.87,11101144,42.13
2023-06-12,38.85,39.45,38.2,38.59,19435624,41.83
2023-06-13,38.45,39.98,38.31,39.35,18863974,42.65
2023-06-14,39.44,39.66,38.73,38.82,14826070,42.08
2023-06-15,38.58,39.14,38.4,39.08,14188173,42.36
2023-06-16,39.28,39.43,38.8,38.91,36422065,42.18
2023-06-20,38.86,38.88,38.14,38.65,16681111,41.89
2023-06-21,38.61,38.71,38.31,38.43,11686484,41.65
2023-06-22,38.33,38.41,37.75,37.88,11506654,41.06
2023-06-23,37.39,37.58,37.18,37.47,18952027,40.61
2023-06-26,37.62,38.03,37.32,37.45,13618534,40.59
2023-06-27,37.48,37.88,37.21,37.74,11749594,40.91
2023-06-28,37.75,37.77,37.25,37.48,13959577,40.62
2023-06-29,38.27,39.22,38.16,39.16,23956316,42.45
2023-06-30,39.62,39.87,39.32,39.38,19619135,42.68
2023-07-03,39.56,40.22,39.43,40.04,9197115,43.4
2023-07-05,39.88,40.24,39.45,40.11,15723585,43.48
2023-07-06,39.87,39.96,38.97,39.57,14981510,42.89
2023-07-07,39.29,40.07,39.29,39.46,13506538,42.77
2023-07-10,39.4,39.66,39.01,39.04,16675757,42.32
2023-07-11,39.07,39.61,38.81,39.43,15402346,42.74
2023-07-12,39.96,40.46,39.68,39.91,13998345,43.26
2023-07-13,40.1,40.37,39.94,40.33,18034792,43.71
2023-07-14,41.29,41.8,39.95,40.19,30897628,43.56
2023-07-17,40.19,41.64,40.18,41.28,25175573,44.74
2023-07-18,41.3,42.16,41.14,42.07,24188947,45.6
2023-07-19,42.37,42.96,42.01,42.68,18932712,46.26
2023-07-20,42.78,43.58,42.63,43.48,18927161,47.13
2023-07-21,43.52,43.56,42.39,42.4,16215408,45.96
2023-07-24,42.41,43.2,42.4,42.83,12053228,46.42
2023-07-25,42.8,43.03,41.91,41.96,13537416,45.48
2023-07-26,42.88,43.2,42.54,42.84,19520918,46.44
2023-07-27,42.96,43.52,42.05,42.23,19509567,45.77
2023-07-28,42.48,42.65,42.04,42.57,12617524,46.14
2023-07-31,42.75,43.07,42.31,42.59,11707226,46.16
2023-08-01,42.45,42.59,41.83,42.17,12705675,45.71
2023-08-02,41.61,41.67,41.11,41.61,13914290,45.1
2023-08-03,41.57,42.2,41.39,41.98,12154795,45.15
2023-08-04,41.93,42.49,41.57,41.7,10840774,44.85
2023-08-07,42.01,42.27,41.76,41.9,10860289,45.06
2023-08-08,40.89,41.42,40.33,41.36,14519962,44.48
2023-08-09,41.12,41.14,40.51,40.65,11973848,43.72
2023-08-10,40.91,41.27,40.56,40.6,11982245,43.67
2023-08-11,40.46,40.77,40.33,40.66,7316190,43.73
2023-08-14,40.47,40.83,40.23,40.67,10676969,43.74
2023-08-15,40.1,40.22,39.53,39.73,13835860,42.73
2023-08-16,39.67,39.73,39.18,39.26,10076681,42.22
2023-08-17,39.49,39.74,39.29,39.49,12685975,42.47
2023-08-18,39.14,39.79,39.1,39.52,10797344,42.5
2023-08-21,39.66,39.86,39.16,39.51,12601803,42.49
2023-08-22,39.47,39.58,38.52,38.59,13634777,41.5
2023-08-23,38.64,38.72,38.33,38.69,11927386,41.61
2023-08-24,38.54,39.22,38.48,38.52,10363279,41.43
2023-08-25,38.72,38.87,37.9,38.34,12534676,41.23
2023-08-28,38.5,39.12,38.39,38.94,10314543,41.88
2023-08-29,38.93,39.4,38.73,39.05,14404782,42
2023-08-30,39.11,39.17,38.56,38.62,12536290,41.54
2023-08-31,38.75,38.78,38.22,38.39,21534922,41.29
2023-09-01,38.63,39.04,38.6,38.73,12890292,41.65
2023-09-05,38.73,39.31,38.41,38.62,14337173,41.54
2023-09-06,38.32,38.49,37.75,38.14,18775432,41.02
2023-09-07,37.87,38.14,37.47,37.59,13800977,40.43
2023-09-08,37.61,38.23,37.5,38.12,13922600,41
2023-09-11,38.47,38.79,38.32,38.43,15053846,41.33
2023-09-12,38.5,39.95,38.37,39.55,18393946,42.54
2023-09-13,39.71,39.87,39.16,39.28,15274153,42.25
2023-09-14,39.8,40.34,39.7,40.03,20764475,43.05
2023-09-15,39.67,40.26,39.62,39.93,47371772,42.95
2023-09-18,39.97,40.54,39.77,40.38,15849747,43.43
2023-09-19,40.49,40.67,39.89,40.19,15319632,43.22
2023-09-20,40.35,40.65,39.81,39.86,16794932,42.87
2023-09-21,39.75,40.14,39.32,39.35,14990854,42.32
2023-09-22,39.36,39.41,38.26,38.34,16783110,41.23
2023-09-25,38.01,38.7,37.91,38.64,10624005,41.56
2023-09-26,38.17,38.41,37.53,37.8,15219393,40.65
2023-09-27,37.78,38.31,37.62,37.99,11815520,40.86
2023-09-28,37.97,38.31,37.86,38.04,12454558,40.91
2023-09-29,38.31,38.48,37.73,37.99,13137669,40.86
2023-10-02,37.84,37.89,36.67,36.83,15102915,39.61
2023-10-03,36.62,36.69,35.76,35.96,19252889,38.67
2023-10-04,35.81,36.36,35.69,36.23,14343462,38.97
2023-10-05,36.04,36.65,35.89,36.54,11820595,39.3
2023-10-06,36.16,37.09,36.04,36.9,13976758,39.69
2023-10-09,36.36,37.01,36.36,36.91,12096617,39.7
2023-10-10,37.12,37.55,36.93,37.02,14429736,39.82
2023-10-11,37.2,37.38,36.49,36.9,14835939,39.69
2023-10-12,36.9,37.2,36.56,36.95,14878061,39.74
2023-10-13,37.96,38.72,37.63,38.08,28092156,40.96
2023-10-16,38.56,39.2,38.49,38.73,18418960,41.65
2023-10-17,38.52,39.39,38.52,39.03,16982349,41.98
2023-10-18,38.77,39,38.45,38.61,16053155,41.53
2023-10-19,38.57,39.25,38.27,38.29,16120346,41.18
2023-10-20,38.17,38.21,37.14,37.44,17498903,40.27
2023-10-23,37.43,37.55,36.65,36.71,13785821,39.48
2023-10-24,36.83,37.03,36.49,36.52,15097799,39.28
2023-10-25,36.33,36.45,35.87,36.29,13849038,39.03
2023-10-26,36.28,37.17,36.24,36.87,15470398,39.65
2023-10-27,36.62,36.64,35.91,36.04,13582823,38.76
2023-10-30,36.36,36.81,35.97,36.66,14141859,39.43
2023-10-31,36.86,37.02,36.48,36.98,11919158,39.77
2023-11-01,37.15,37.17,36.53,36.83,19850330,39.61
2023-11-02,37.28,38.03,36.95,38,19998532,40.51
2023-11-03,38.62,39.27,38.53,39.04,16147460,41.62
2023-11-06,39.2,39.2,38.6,38.78,15148575,41.34
2023-11-07,38.63,38.65,38.22,38.5,13796900,41.04
2023-11-08,38.53,38.64,37.93,38.44,19418766,40.98
2023-11-09,38.74,38.82,37.78,37.9,14006478,40.4
2023-11-10,38.11,38.41,37.86,38.36,14707399,40.89
2023-11-13,38.21,38.51,38.02,38.25,12159672,40.77
2023-11-14,38.93,39.76,38.89,39.47,20183772,42.08
2023-11-15,39.47,40.36,39.47,40.19,17268134,42.84
2023-11-16,40.17,40.3,39.39,39.9,16931425,42.53
2023-11-17,40.17,40.33,39.81,40.3,13893922,42.96
2023-11-20,40.21,40.29,39.88,40.14,10370254,42.79
2023-11-21,40,40.08,39.54,39.96,16078376,42.6
2023-11-22,40.02,40.18,39.77,40.13,11862199,42.78
2023-11-24,40.15,40.44,40.08,40.26,5287202,42.92
2023-11-27,40,40.37,39.89,40.36,15714992,43.02
2023-11-28,40.31,40.76,40.14,40.68,15332877,43.37
2023-11-29,40.98,41.4,40.92,41.07,16745991,43.78
2023-11-30,41.1,41.98,40.79,41.83,23247545,44.59
2023-12-01,41.75,42.43,41.63,42.23,18116070,45.02
2023-12-04,41.94,42.52,41.76,42.33,13424151,45.12
2023-12-05,42.17,42.19,41.66,41.74,14531733,44.49
2023-12-06,42.03,42.45,41.68,41.74,18923833,44.5
2023-12-07,42.02,42.63,41.89,42.59,18787826,45.4
2023-12-08,42.55,43.47,42.33,43.25,20238411,46.1
2023-12-11,43.06,43.36,42.75,43.15,21116909,46
2023-12-12,43.1,43.86,42.97,43.59,19787054,46.47
2023-12-13,43.62,44.82,43.48,44.8,26549110,47.76
2023-12-14,45.44,47.42,45.44,47.38,41115353,50.51
2023-12-15,47,47.63,46.83,47.2,44099216,50.31
2023-12-18,47.29,47.35,46.46,46.59,20531707,49.66
2023-12-19,46.59,47.2,46.26,46.99,20556399,50.09
2023-12-20,46.74,47.44,46.24,46.29,20481526,49.34
2023-12-21,46.55,46.74,46.09,46.39,11127688,49.45
2023-12-22,46.59,46.77,46.05,46.14,10450410,49.18
2023-12-26,46.12,46.59,45.99,46.57,8856695,49.64
2023-12-27,46.35,46.5,46.11,46.28,12536734,49.33
2023-12-28,46.1,46.58,46.05,46.42,9872634,49.48
2023-12-29,46.29,46.51,46.16,46.17,11733578,49.22
2024-01-02,46.01,46.68,45.8,46.28,14915982,49.33
2024-01-03,46.05,46.05,45.33,45.67,21653564,48.68
2024-01-04,45.8,46.77,45.75,46.23,15917476,49.28
2024-01-05,46.34,47.35,46.24,46.83,15074813,49.92
2024-01-08,46.32,46.89,46.1,46.83,15119720,49.92
2024-01-09,46.38,46.4,46.01,46.24,13625243,49.29
2024-01-10,45.97,46.07,45.6,46.04,11849834,49.08
2024-01-11,45.86,46.04,45.35,46,21049150,49.04
2024-01-12,44.98,45.76,44.09,44.47,30454104,47.4
2024-01-16,43.87,44.15,43.36,43.92,25209850,46.82
2024-01-17,43.38,44.14,43.35,43.78,17445622,46.67
2024-01-18,43.67,43.73,43.26,43.56,17901253,46.44
2024-01-19,43.74,45.2,43.51,45.14,25606893,48.12
2024-01-22,45.24,45.9,45.18,45.53,19372216,48.53
2024-01-23,45.64,46.17,45.4,46.08,16422119,49.12
2024-01-24,46.31,46.99,46.2,46.43,17776027,49.49
2024-01-25,46.6,46.84,46.44,46.79,17979557,49.88
2024-01-26,46.75,47.37,46.69,47.2,19211127,50.32
2024-01-29,47.05,47.53,46.89,47.23,16725249,50.35
2024-01-30,47.5,48.1,47.49,48.02,14736829,51.19
2024-01-31,47.85,48.26,47.05,47.07,20394382,50.18
2024-02-01,47.06,47.2,45.23,46.03,27566104,48.73
2024-02-02,45.82,46.83,45.4,46.44,19329199,49.16
2024-02-05,45.92,46.21,45.57,46.01,14202723,48.7
2024-02-06,45.84,46.4,45.35,45.62,13928474,48.29
2024-02-07,45.77,45.91,44.82,45.8,15839616,48.48
2024-02-08,45.51,45.82,45.4,45.68,10839238,48.35
2024-02-09,45.55,45.6,44.84,45.4,16593980,48.06
2024-02-12,45.34,46.56,45.23,46.21,14101942,48.92
2024-02-13,45.72,46.02,44.96,45.57,13660054,48.24
2024-02-14,45.91,46.02,45.31,45.85,12683358,48.53
2024-02-15,46.03,49.55,45.93,49.16,46473552,52.04
2024-02-16,49.07,49.43,48.48,49.04,24359733,51.91
2024-02-20,48.65,49.35,48.43,48.91,19839124,51.77
2024-02-21,48.78,49.77,48.3,49.75,18563729,52.66
2024-02-22,49.91,50.93,49.83,50.42,20467922,53.37
2024-02-23,50.57,51.03,50.46,50.88,20863497,53.86
2024-02-26,50.78,51.54,50.71,51.14,18099866,54.13
2024-02-27,51.27,51.85,51.24,51.78,19551678,54.81
2024-02-28,51.71,52.35,51.55,51.69,20045243,54.72
2024-02-29,51.99,52.61,51.9,52.51,28335630,55.59
2024-03-01,52.33,52.67,51.86,52.01,17760953,55.06
2024-03-04,51.83,53.43,51.7,52.72,19483451,55.81
2024-03-05,52.63,53.94,52.36,53.47,21786061,56.6
2024-03-06,53.68,54.21,53.16,53.95,25415497,57.11
2024-03-07,53.89,54.49,53.72,53.85,18116285,57
2024-03-08,54.04,54.36,53.73,53.91,17872502,57.07
2024-03-11,53.63,54.17,53.39,53.93,16622044,57.09
2024-03-12,54.08,54.9,53.94,54.42,23622972,57.61
2024-03-13,54.43,55.21,54.43,54.62,17444934,57.82
2024-03-14,54.67,54.91,53.96,54.2,24851140,57.37
2024-03-15,53.71,55.07,53.71,54.33,40782798,57.51
2024-03-18,54.41,54.63,53.95,54.57,16376548,57.77
2024-03-19,54.46,54.73,53.77,53.86,14504755,57.01
2024-03-20,53.49,54.33,53.17,54.13,22841550,57.3
2024-03-21,54.4,54.9,54.27,54.65,18141700,57.85
2024-03-22,54.61,54.81,53.96,53.97,13736607,57.13
2024-03-25,53.92,54.16,53.25,53.59,15028154,56.73
2024-03-26,53.98,53.99,53.46,53.54,11445879,56.68
2024-03-27,53.26,54.45,53.26,54.42,13762768,57.61
2024-03-28,54.47,54.86,54.38,54.75,14618982,57.96
2024-04-01,54.68,54.68,54.09,54.42,11039467,57.61
2024-04-02,54.19,54.79,54.03,54.18,14632878,57.35
2024-04-03,54.04,54.75,53.7,53.97,13226477,57.13
2024-04-04,54.54,54.79,53.41,53.54,12361915,56.68
2024-04-05,53.5,54.43,53.44,54.22,11080968,57.4
2024-04-08,54.2,54.77,54.14,54.59,15308824,57.79
2024-04-09,54.51,54.78,53.72,54.39,10645952,57.58
2024-04-10,53.65,54.13,53.3,53.79,16475238,56.94
2024-04-11,53.83,53.85,52.55,53.55,18995594,56.69
2024-04-12,52.87,53.85,52.28,53.35,27872536,56.47
2024-04-15,54.42,54.77,53.6,53.82,19407516,56.97
2024-04-16,53.75,53.81,52.58,53.29,25620002,56.41
2024-04-17,53.73,54.44,53.52,54.02,18867719,57.18
2024-04-18,54.44,55.86,54.05,55.49,24468521,58.74
2024-04-19,55.74,57.48,55.6,57.01,34334317,60.35
2024-04-22,57.06,58.08,57,57.72,21753384,61.1
2024-04-23,57.79,58.34,57.45,57.57,21731239,60.94
2024-04-24,57.25,57.58,56.73,57.25,19731585,60.6
2024-04-25,57.26,57.59,56.3,56.61,24002548,59.93
2024-04-26,56.47,57.09,56.09,56.6,18785900,59.91
2024-04-29,56.55,56.96,56.08,56.49,15343629,59.8
2024-04-30,56.3,56.67,56.02,56.04,18007721,59.32
2024-05-01,56.28,56.82,56.04,56.23,16366622,59.52
2024-05-02,56.79,56.82,56.04,56.52,15329457,59.83
2024-05-03,56.71,56.92,55.85,56.62,17298461,59.94
2024-05-06,57.12,57.51,56.52,56.86,16240271,60.19
2024-05-07,56.95,57.26,56.74,56.93,16268431,60.26
2024-05-08,56.82,58.03,56.77,57.84,18718415,61.23
2024-05-09,57.71,58.31,57.46,58.22,14224342,61.28
2024-05-10,58.39,58.88,58.39,58.8,14428171,61.89
2024-05-13,58.87,59.07,58.16,58.2,15203467,61.26
2024-05-14,58.49,58.89,57.98,58.8,14499616,61.89
2024-05-15,59.1,59.43,58.78,59.23,17489595,62.34
2024-05-16,59.33,59.36,57.92,58.01,21104094,61.06
2024-05-17,58.35,58.56,57.85,58.03,15795963,61.08
2024-05-20,57.93,58.71,57.57,57.67,15029013,60.7
2024-05-21,57.79,58.62,57.75,58.39,18422116,61.46
2024-05-22,58.24,58.38,57.49,57.89,10340465,60.93
2024-05-23,57.72,57.75,56.4,56.7,13056305,59.68
2024-05-24,57.04,57.38,56.88,57.21,9913040,60.21
2024-05-28,56.98,57.18,56.24,56.51,11276265,59.48
2024-05-29,55.93,56,55.51,55.82,12835045,58.75
2024-05-30,55.89,56.43,55.68,56.26,13584811,59.21
2024-05-31,56.31,57,56.03,56.93,25386837,59.92
2024-06-03,57.2,57.2,55.68,56.38,13206546,59.34
2024-06-04,55.89,56.51,55.43,55.77,12520732,58.7
2024-06-05,55.92,55.98,55.22,55.75,11199140,58.68
2024-06-06,55.85,56.05,54.63,54.85,18587366,57.73
2024-06-07,54.7,55.75,54.7,55.45,14466845,58.36
2024-06-10,55.01,55.23,54.51,55.04,12793783,57.93
2024-06-11,54.87,54.87,53.69,54.28,19197807,57.13
2024-06-12,55.37,55.53,54.3,54.44,16929802,57.3
2024-06-13,54.58,54.75,53.86,54.41,15963716,57.27
2024-06-14,54.15,54.74,53.79,54.54,15375353,57.4
2024-06-17,54.35,55.34,54.22,55.33,18361139,58.24
2024-06-18,55.31,56.1,55.01,56.1,15547404,59.05
2024-06-20,55.81,56.25,55.67,56.02,11985694,58.96
2024-06-21,55.39,55.54,54.46,55.2,62733159,58.1
2024-06-24,55.57,56.49,55.36,56.07,16198325,59.01
2024-06-25,55.84,56.06,54.33,54.35,27490698,57.2
2024-06-26,54.37,54.92,53.99,54.17,30425651,57.01
2024-06-27,53.6,54.6,53.52,54.56,13832248,57.42
2024-06-28,55.19,56.48,55.19,56.43,31026182,59.39
2024-07-01,56.64,57.59,56.6,57.57,14470399,60.59
2024-07-02,57.47,58.13,57.14,57.93,9543675,60.97
2024-07-03,57.96,58.09,57.16,57.63,6698813,60.66
2024-07-05,57.48,57.63,56.16,56.65,11436349,59.62
2024-07-08,56.98,57.39,55.73,56.07,12479998,59.01
2024-07-09,56.13,57.41,55.98,56.89,12238284,59.88
2024-07-10,56.57,57,56.41,56.74,12097212,59.72
2024-07-11,56.44,57.68,56.32,57.16,16852839,60.16
2024-07-12,53.4,54.08,52.83,53.72,53042761,56.54
2024-07-15,54.2,55.33,54.19,54.85,27277286,57.73
2024-07-16,55.14,57.6,54.65,57.23,25577337,60.24
2024-07-17,57.16,57.96,56.9,57.87,17371094,60.91
2024-07-18,57.6,57.79,56.05,56.28,17739015,59.24
2024-07-19,56.34,56.79,56.16,56.27,12362828,59.23
2024-07-22,56.3,56.43,55.62,56.19,13638599,59.14
2024-07-23,56.25,56.92,56.09,56.69,10927821,59.67
2024-07-24,56.79,57.21,56.41,56.47,10777076,59.44
2024-07-25,56.59,57.7,56.48,56.72,14119567,59.7
2024-07-26,56.86,57.43,56.6,57.38,12538935,60.39
2024-07-29,57.71,57.79,56.38,56.62,8986171,59.59
2024-07-30,57.44,57.7,56.9,57.02,11503929,60.01
2024-07-31,56.84,57.12,56.25,56.38,11535807,59.34
2024-08-01,56.3,56.38,53.7,54.04,17752743,56.88
2024-08-02,52.43,52.8,50.17,50.6,27642566,53.26
2024-08-05,48.74,49.79,47.65,49.52,28594008,52.12
2024-08-06,49.67,50.32,49.45,49.75,18723461,52.36
2024-08-07,50.5,50.82,49.55,49.68,18407499,52.29
2024-08-08,50.33,50.66,50.02,50.13,16176021,52.76
2024-08-09,50.07,50.58,49.85,50.51,11668975,52.76
2024-08-12,50.65,51.19,49.47,49.84,18090061,52.06
2024-08-13,50.13,50.7,49.6,50.62,12268566,52.87
2024-08-14,50.77,51.48,50.47,51.37,13217178,53.66
2024-08-15,52.18,52.82,52.11,52.24,16549362,54.57
2024-08-16,52.44,53.07,52.28,52.97,19173886,55.33
2024-08-19,52.99,54.05,52.9,54.04,12792854,56.45
2024-08-20,53.64,54.3,53.54,53.76,12533548,56.15
2024-08-21,54.03,54.04,52.85,53.1,13691706,55.46
2024-08-22,53.33,53.97,53.29,53.57,15683045,55.96
2024-08-23,54.01,54.95,53.92,54.28,17074409,56.7
2024-08-26,54.59,54.71,54.12,54.3,9478780,56.72
2024-08-27,54.29,54.49,53.76,53.86,7638523,56.26
2024-08-28,53.67,54.91,53.64,54.64,11905210,57.07
2024-08-29,54.87,55.31,54.1,54.9,9283465,57.35
2024-08-30,55,56.08,54.93,55.98,20377255,58.47
2024-09-03,56.12,56.43,55.43,55.88,15933591,58.37
2024-09-04,56,56.48,55.26,55.64,10985827,58.12
2024-09-05,56.12,56.18,54.13,54.44,18301040,56.86
2024-09-06,54.26,54.36,51.4,51.7,21853782,54
2024-09-09,52.4,52.73,52.11,52.26,17134809,54.59
2024-09-10,53.61,53.71,51.1,51.65,24649976,53.95
2024-09-11,51.43,51.56,50.19,51.44,17322037,53.73
2024-09-12,51.44,52.02,48.08,49.37,42605419,51.57
2024-09-13,49.65,50.77,49.54,50.53,24762027,52.78
2024-09-16,50.56,51.63,50.56,51.5,18066190,53.79
2024-09-17,51.67,52.72,51.67,52.19,15885201,54.51
2024-09-18,52.14,52.84,51.79,51.95,20108994,54.26
2024-09-19,52.66,53.62,52.32,53.42,21399027,55.8
2024-09-20,52.99,53.89,52.54,53.89,45276002,56.29
2024-09-23,53.86,54.11,52.56,52.76,14759257,55.11
2024-09-24,52.77,52.84,51.5,51.85,16365645,54.16
2024-09-25,51.97,52.01,51.13,51.32,10555705,53.61
2024-09-26,51.73,54.68,51.04,53.99,34463426,56.39
2024-09-27,54.21,54.21,53.42,53.52,13530435,55.9
2024-09-30,53.29,54.11,53.11,54.08,16286042,56.49
2024-10-01,53.61,53.64,52.85,53.03,11069395,55.39
2024-10-02,52.97,53.43,52.58,52.94,9007156,55.3
2024-10-03,52.73,52.86,52.09,52.64,8135347,54.98
2024-10-04,53.6,54.69,53.59,54.53,14594449,56.96
2024-10-07,54.79,55.17,54.38,54.72,11177802,57.16
2024-10-08,55.8,55.8,54.83,54.86,12073043,57.3
2024-10-09,54.88,55.26,54.64,55.09,12415302,57.54
2024-10-10,55.26,55.9,54.9,55.29,12743970,57.75
2024-10-11,57.4,59.09,57.37,58.39,37049236,60.99
2024-10-14,58.66,60.65,58.34,59.51,30758849,62.16
2024-10-15,60.23,61.1,59.57,60.34,24693400,63.03
2024-10-16,60.54,61.35,60.43,61.17,17412649,63.89
2024-10-17,61.74,61.96,60.79,61.64,15073498,64.38
2024-10-18,61.66,62.02,61.1,61.62,19234041,64.36
2024-10-21,61.73,61.93,61.19,61.29,15603359,64.02
2024-10-22,61.29,62.43,61.27,62.05,26164886,64.81
2024-10-23,62.01,62.28,61.14,61.81,18380876,64.56
2024-10-24,61.86,62.77,61.58,62.64,18393320,65.43
2024-10-25,63.04,63.14,61.51,61.78,14855494,64.53
2024-10-28,62.22,62.94,62.05,62.81,16158895,65.61
2024-10-29,62.7,63.19,62.46,62.52,13205453,65.3
2024-10-30,62.35,63.56,62.35,62.62,16021700,65.41
2024-10-31,62.32,62.95,61.87,62.15,12963150,64.92
2024-11-01,62.44,62.78,61.86,61.92,13313938,64.68
2024-11-04,61.81,61.89,60.36,60.98,12607419,63.7
2024-11-05,61.27,61.75,60.91,61.34,13447215,64.07
2024-11-06,70.17,71.1,66.97,69.38,63689141,72.47
2024-11-07,68.59,68.61,66.76,66.84,18681172,69.82
2024-11-08,67.41,67.53,66.79,67.44,14270937,70.04
2024-11-11,68.38,70.53,68.38,69.87,17117844,72.56
2024-11-12,70.07,70.65,69.43,69.91,17848158,72.6
2024-11-13,70.05,71.21,69.96,70.07,18823337,72.77
2024-11-14,70.15,70.74,69.82,70.1,13654820,72.8
2024-11-15,70.29,71.65,70.18,71.58,18836977,74.34
2024-11-18,71.73,71.93,70.98,71.34,18440126,74.09
2024-11-19,70.89,71.41,70.42,70.7,15412942,73.43
2024-11-20,70.94,71.04,69.74,70.85,14414506,73.58
2024-11-21,71.19,73.22,71.19,72.05,20068239,74.83
2024-11-22,71.8,73.26,71.78,73.14,14997402,75.96
2024-11-25,73.37,74.44,73.15,74.05,28636560,76.9
2024-11-26,74.62,75.23,73.53,74.48,19139091,77.35
2024-11-27,74.5,74.9,73.59,74.34,19793927,77.21
2024-11-29,74.81,75.14,73.31,73.34,9785038,76.17
2024-12-02,74.09,74.09,72.02,72.49,18274471,75.28
2024-12-03,73,73.03,71.27,71.39,15047857,74.14
2024-12-04,71.3,71.49,70.01,70.35,14301098,73.06
2024-12-05,70.68,71.84,70.39,70.93,17766742,73.66
2024-12-06,71.24,71.95,70.99,71.57,14798102,74.33
2024-12-09,71.55,71.78,69.73,69.92,15517503,72.62
2024-12-10,70.77,70.77,69.23,69.38,12277491,72.05
2024-12-11,69.9,70.21,68.8,68.94,11867433,71.6
2024-12-12,69.21,69.39,68.16,68.17,12446710,70.8
2024-12-13,68.22,68.41,67.42,67.83,16794527,70.44
2024-12-16,67.85,69.61,67.23,69.31,24602530,71.98
2024-12-17,68.41,68.88,67.77,68.18,15595907,70.81
2024-12-18,67.99,68.85,66.06,66.21,21201203,68.76
2024-12-19,66.82,68.07,66.12,66.29,16444623,68.85
2024-12-20,66.6,68.4,66.22,67.73,50113370,70.34
2024-12-23,67.13,68.07,67.03,67.92,11816967,70.54
2024-12-24,68.05,68.93,67.92,68.93,4442654,71.59
2024-12-26,68.78,69.17,68.47,69.1,6964333,71.76
2024-12-27,68.54,69.08,68.01,68.47,7219740,71.11
2024-12-30,67.8,68.17,67.18,67.8,8443769,70.41
2024-12-31,67.91,68.29,67.46,67.63,7031615,70.24
2025-01-02,67.86,68.57,67.17,67.58,8303301,70.19
2025-01-03,67.74,68.77,67.15,68.66,9154750,71.31
2025-01-06,69.26,70.53,68.87,69.36,15565647,72.03
2025-01-07,70.27,70.42,68.86,68.93,13521984,71.59
2025-01-08,68.86,69.4,68.42,68.91,16544696,71.57
2025-01-10,68.27,68.3,66.77,67.36,14466594,69.96
2025-01-13,67.31,67.99,66.97,67.91,10439794,70.53
2025-01-14,68.81,68.81,67.68,68.55,21909821,71.19
2025-01-15,72.56,73.97,70.92,73.13,33482930,75.95
2025-01-16,73.03,73.6,71.91,73.13,22897930,75.95
2025-01-17,73.16,74.38,72.7,74.22,20673730,77.08
2025-01-21,74.81,75.38,74.46,74.96,21057650,77.85
2025-01-22,74.69,74.92,74.01,74.66,11669520,77.54
2025-01-23,74.83,75.39,74.17,74.56,12981823,77.43
2025-01-24,74.14,74.77,74.14,74.45,10393298,77.32
2025-01-27,74.53,75.14,74.04,75.05,10637065,77.94
2025-01-28,74.98,75.25,74.31,74.99,11561996,77.88
2025-01-29,74.86,76.05,74.73,75.46,9175363,78.37
2025-01-30,76.21,76.3,75.18,75.89,11275962,78.82
2025-01-31,75.77,76.34,75.4,75.87,14983820,78.8
2025-02-03,74.36,75.59,74.16,75.24,12373157,78.14
2025-02-04,76.88,76.89,75.53,76.52,14588112,79.47
2025-02-05,76.7,77.37,76.24,77.08,17930960,80.05
2025-02-06,77.51,78.47,76.94,78.4,16988870,81.42
2025-02-07,78.64,78.67,76.53,78.06,17780698,80.67
2025-02-10,77.86,77.96,75.72,76.54,18341013,79.1
2025-02-11,76.22,77.38,75.29,77.06,16683024,79.64
2025-02-12,76.64,77.14,76.28,76.69,13440503,79.25
2025-02-13,76.86,77.08,76.06,76.3,10093391,78.85
2025-02-14,76.67,77.74,76.34,77.39,17521307,79.98
2025-02-18,77.4,78.33,76.92,78.17,15318290,80.78
2025-02-19,77.72,78.03,77.38,77.75,13898952,80.35
2025-02-20,77.52,77.68,75.49,76.09,14807119,78.63
2025-02-21,76.36,76.88,74.83,74.99,18205374,77.5
2025-02-24,75.45,75.98,73.94,74.72,12989712,77.22
2025-02-25,75.35,75.51,72.5,73.54,15683388,76
2025-02-26,73.88,75.25,73.8,73.98,13466826,76.45
2025-02-27,74.5,75.4,73.9,74.14,13744399,76.62
2025-02-28,74.55,75.88,74.11,75.79,24698778,78.32
2025-03-03,76.31,76.42,73.85,74.54,18013395,77.03
2025-03-04,73.03,73.2,69.03,70.93,28858219,73.3
2025-03-05,70.84,72.21,70.1,71.76,20422009,74.16
2025-03-06,71.4,71.5,69.31,70.3,19460421,72.65
2025-03-07,69.91,69.91,65.9,68.75,21256856,71.05
2025-03-10,67.3,67.3,63.39,64.62,27582865,66.78
2025-03-11,64.66,65.81,63.66,65.1,24310690,67.28
2025-03-12,66.57,67.24,65.51,66.7,18462333,68.93
2025-03-13,67.38,67.47,66.1,66.24,17471458,68.46
2025-03-14,67.21,68.76,67.01,68.56,15762259,70.85
2025-03-17,68.19,69.24,67.81,68.55,11184960,70.84
2025-03-18,68.71,69.17,68.11,68.81,11102079,71.11
2025-03-19,68.84,71.44,68.54,70.41,14453638,72.76
2025-03-20,69.51,70.99,69.46,70.17,12388300,72.52
2025-03-21,69.63,70.42,68.85,70.17,32647128,72.52
2025-03-24,71.26,72.12,70.97,71.88,10688938,74.28
2025-03-25,72.06,72.24,71.44,71.84,9499297,74.24
2025-03-26,71.98,72.94,70.75,71.09,10851951,73.47
2025-03-27,71.19,71.19,69.88,69.94,10457578,72.28
2025-03-28,69.93,70.2,67.69,68.4,13555193,70.69
2025-03-31,67.64,69.73,67.31,69.47,14855342,71.79
2025-04-01,68.55,69.31,67.85,69,10661039,71.31
2025-04-02,68.28,70.13,67.95,69.92,8854066,72.26
2025-04-03,65.59,66.5,63.29,63.54,25880059,65.67
2025-04-04,60.72,61.51,57.78,59.01,31050689,60.98
2025-04-07,58.73,62.25,56.53,60.16,41305768,62.17
2025-04-08,62.59,63.51,58.91,60.07,27370219,62.08
2025-04-09,58.68,65.02,57.51,64.18,42741013,66.33
2025-04-10,62.85,62.9,59.5,61.07,29025954,63.11
2025-04-11,59.55,61.56,57.72,60.49,33866990,62.51
2025-04-14,61.12,61.94,60.38,61.06,28057823,63.1
2025-04-15,61.39,63.3,61.25,62.45,20903300,64.54
2025-04-16,61.82,62.87,61.32,61.91,17350992,63.98
2025-04-17,62.3,63.58,61.99,62.62,18961620,64.71
2025-04-21,62.12,63.05,61.35,61.94,17859094,64.01
2025-04-22,62.62,64.26,62.62,64.09,17535679,66.23
2025-04-23,65.25,67.25,65.25,65.74,20678780,67.94
2025-04-24,65.51,67.58,65.32,67.31,18420882,69.56
2025-04-25,66.83,67.92,66.76,67.47,17775914,69.73
2025-04-28,67.55,68.28,66.45,67.18,16694076,69.43
2025-04-29,66.72,69.03,66.72,68.8,24563554,71.1
2025-04-30,67.42,69.1,67.09,68.71,23952976,71.01
2025-05-01,68.46,70.12,68.15,69.49,19672472,71.81
2025-05-02,70.64,71.76,70.51,71.41,18347422,73.8
2025-05-05,70.98,72.46,70.68,71.46,16070390,73.85
2025-05-06,70.77,71.79,70.21,71.1,18095111,73.48
2025-05-07,71.22,71.9,70.62,70.81,14310348,73.18
2025-05-08,71.3,71.59,70.28,70.94,19957459,73.31
2025-05-09,71.16,71.26,70.08,70.49,11137041,72.45
2025-05-12,72.96,73.21,72.07,72.85,20425541,74.88
2025-05-13,73.4,74.51,72.94,73.93,13635074,75.99
2025-05-14,74.18,74.42,73.78,74.22,14067098,76.28
2025-05-15,74,74.45,73.28,73.54,15303909,75.59
2025-05-16,73.51,74.28,73.33,74.12,13864562,76.18
2025-05-19,73.55,74.34,73.39,74,12720458,76.06
2025-05-20,73.44,73.82,73.04,73.48,10655614,75.52
2025-05-21,72.91,73.1,71.11,71.21,17711288,73.19
2025-05-22,71.16,71.89,70.52,71.4,9716997,73.39
2025-05-23,69.95,71.21,69.95,70.86,9260881,72.83
2025-05-27,71.61,72.09,71.07,71.99,11014073,73.99
2025-05-28,72.19,72.35,71.35,71.74,8711110,73.73
2025-05-29,72.4,73.05,71.35,72.49,14022053,74.51
2025-05-30,72.19,72.78,71.74,72.76,17041969,74.78
2025-06-02,72.25,72.73,71.28,72.7,11237467,74.72
2025-06-03,72.7,73.78,72.36,73.6,13193503,75.65
2025-06-04,75.6,76.67,73.34,73.34,29577980,75.38
2025-06-05,73.56,73.71,72.17,72.87,20148718,74.9
2025-06-06,74.09,74.68,73.78,74.26,10988023,76.33
2025-06-09,74.48,74.62,73.88,74.39,13453151,76.46
2025-06-10,74.1,74.28,73.1,73.41,14892891,75.45
2025-06-11,73.5,73.67,72.55,72.9,16442377,74.93
2025-06-12,72.32,72.5,71.19,72.01,14522493,74.01
2025-06-13,70.95,71.79,69.98,70.4,21168334,72.36
2025-06-16,71.41,71.73,70.95,71.17,16231481,73.15
2025-06-17,70.81,71.23,70.34,70.54,14156764,72.5
2025-06-18,70.68,73.1,70.61,72.72,23498254,74.74
2025-06-20,73.2,73.72,73.04,73.36,27677535,75.4
2025-06-23,73.1,74.95,72.8,74.93,17375689,77.01
2025-06-24,75.61,76.62,75.61,76,16342330,78.11
2025-06-25,76.16,77.17,75.88,76.93,13954461,79.07
2025-06-26,77.29,77.93,77.05,77.8,18214760,79.96
2025-06-27,77.83,77.98,76.82,77.35,21324186,79.5
2025-06-30,78.3,78.91,77.75,77.95,21685816,80.12
2025-07-01,77.88,79.3,77.75,79.29,20967092,81.49
2025-07-02,79.7,80.17,79.05,80.13,15195059,82.36
2025-07-03,80.4,81.67,80.27,81.34,11237287,83.6
2025-07-07,80.73,81.33,79.29,80.11,18155970,82.34
2025-07-08,80.07,80.19,78.84,79.38,18303368,81.59
2025-07-09,80.2,80.29,79.26,79.58,16135513,81.79
2025-07-10,79.4,80.5,79.4,80.13,14349176,82.36
2025-07-11,79.54,80.44,79.23,80.32,12583148,82.55
2025-07-14,79.98,81.26,79.9,81.17,20194153,83.43
2025-07-15,78.57,78.89,75.62,76.73,53937981,78.86
2025-07-16,76.75,77.91,76.09,77.75,30563353,79.91
2025-07-17,77.31,78.47,76.96,77.55,21837606,79.71
2025-07-18,77.68,78.58,76.75,78.46,21235944,80.64
2025-07-21,78.57,79.26,78,78.11,14506595,80.28
2025-07-22,78.11,80.36,78.11,80.15,22437003,82.38
2025-07-23,80.75,81.65,80.37,81.44,19379220,83.7
2025-07-24,81.57,82.53,80.87,81.6,19031175,83.87
2025-07-25,81.84,82.17,80.98,82.04,14072398,84.32
2025-07-28,82.04,82.21,80.47,80.82,10627130,83.07
2025-07-29,81.37,81.43,79.98,80.41,12478156,82.65
2025-07-30,80.74,80.84,79.11,79.57,15578534,81.78
2025-07-31,79.15,79.71,78.16,78.45,14813914,80.63
2025-08-01,77.05,77.2,75.31,75.68,16071318,77.78
2025-08-04,76.4,76.4,74.83,75.48,13892055,77.58
2025-08-05,76.22,76.23,74.09,75.85,15765121,77.96
2025-08-06,75.8,76.68,75.46,75.51,14157025,77.61
2025-08-07,76.16,76.18,74.7,74.97,13105942,77.05
2025-08-08,75.46,76.51,74.72,76.19,14122980,77.85
2025-08-11,76.35,76.42,75.58,75.93,14408079,77.59
2025-08-12,76.55,77.86,76.48,77.78,14366372,79.48
2025-08-13,77.97,78.02,75.45,76.23,14415138,77.89
2025-08-14,76.6,77.88,76.05,77.72,16051482,79.41
2025-08-15,77.84,77.95,75.36,75.45,15380417,77.1
2025-08-18,75.35,75.94,75.27,75.79,11660879,77.44
2025-08-19,75.51,76.11,75.39,75.88,10118544,77.53
2025-08-20,75.82,76.8,74.96,76.49,12102230,78.16
2025-08-21,76.22,76.4,75.44,76.17,9102838,77.83
2025-08-22,76.67,77.62,76.46,77.41,11282594,79.1
2025-08-25,77.2,78.78,77.19,78.48,12016971,80.19
2025-08-26,78.12,79.89,78.08,79.77,14936593,81.51
2025-08-27,79.53,81.43,79.51,80.74,15567692,82.5
2025-08-28,81.11,81.36,80.17,80.23,13963176,81.98
2025-08-29,80.22,81.04,80.05,80.43,12037169,82.18
2025-09-02,79.97,80.07,78.72,80.03,13325976,81.78
2025-09-03,79.99,80.26,78.31,78.79,11173968,80.51
2025-09-04,79.03,80.37,78.51,80.08,10822312,81.83
2025-09-05,79.9,80.27,77.02,77.27,20660153,78.96
2025-09-08,77.3,78.09,76.88,77.45,17106972,79.14
2025-09-09,77.62,79.72,77.31,79.04,17157295,80.76
2025-09-10,78.94,79.51,78.2,78.59,16460207,80.3
2025-09-11,78.49,79.65,78.08,79.52,17782066,81.25
2025-09-12,79.37,79.89,79.06,79.72,10498608,81.46
2025-09-15,79.87,80.07,79.4,79.67,9563192,81.41
2025-09-16,79.82,79.87,78.38,79.65,10705921,81.39
2025-09-17,79.48,80.95,78.82,80.72,14746095,82.48
2025-09-18,80.8,81.74,80.19,81.72,13021112,83.5
2025-09-19,82.04,83.11,81.16,82.83,36482387,84.64
2025-09-22,82.09,83.46,81.95,83.34,14544979,85.16
2025-09-23,83.33,84.81,81.88,82.57,14818507,84.37
2025-09-24,82.84,83.55,81.87,82.31,9478931,84.11
2025-09-25,81.9,82.85,81.77,82.52,8514892,84.32
2025-09-26,82.88,83.81,82.75,83.2,8502912,85.01
2025-09-29,82.89,83.37,82.24,82.84,9834068,84.65
2025-09-30,82.85,83.3,80.9,82.03,11428987,83.82
2025-10-01,81.33,81.82,79.05,79.14,16961912,80.87
2025-10-02,78.98,79.32,78.33,78.78,11419979,80.5
2025-10-03,79.29,79.95,78.72,78.95,10124895,80.67
2025-10-06,78.84,79.72,77.87,78.97,12837746,80.69
2025-10-07,79.14,79.62,78.82,79.41,10371256,81.14
2025-10-08,79.52,79.59,77.84,78.03,11277365,79.73
2025-10-09,78.2,79.02,77.73,78.19,8432166,79.89
2025-10-10,77.91,78.72,75.96,75.96,16004293,77.62
2025-10-13,77.06,77.54,76.6,77.24,14229294,78.92
2025-10-14,80.76,84.22,78.67,82.76,36260554,84.56
2025-10-15,83.35,85.6,83.34,84.61,22909412,86.46
2025-10-16,85.13,85.56,81.23,82.21,22715623,84
2025-10-17,82.65,82.72,80.55,81.5,18798991,83.28
2025-10-20,81.83,84.3,81.32,84.18,15777224,86.02
2025-10-21,84.28,85.45,82.85,82.95,20093360,84.76
2025-10-22,83.33,83.34,81.37,82.09,18955029,83.88
2025-10-23,82.51,83.66,81.96,82.66,14157823,84.46
2025-10-24,82.99,85.03,82.95,84.57,14011435,86.41
2025-10-27,85.05,85.48,84.47,85.15,11681994,87.01
2025-10-28,85.2,85.44,83.95,85.05,13200962,86.9
2025-10-29,84.96,85.37,83.84,84.16,16444350,86
2025-10-30,84.24,85.4,84.05,84.15,14829970,85.99
2025-10-31,83.66,85.49,83.2,85.11,14776738,86.97
2025-11-03,85.28,86.01,84.02,85.44,12769342,87.3
2025-11-04,85.14,86.61,84.05,85.27,16737680,87.13
2025-11-05,85.52,86.42,84.08,85.09,15609717,86.95
2025-11-06,85.05,85.48,83.69,84.2,16800171,86.04
2025-11-07,83.73,84.7,82.68,84.65,15612089,86.04
2025-11-10,84.89,85.59,84.07,84.71,13138552,86.1
2025-11-11,84.72,85.65,84.65,84.79,13851472,86.19
2025-11-12,84.91,87.2,84.54,84.86,16775234,86.26
2025-11-13,84.76,85.48,83.1,83.33,15707987,84.7
2025-11-14,83.08,83.97,81.62,83.67,15397272,85.05
2025-11-17,83.31,83.67,81.2,82.07,14457093,83.42
2025-11-18,82.06,83.39,81.59,82.5,14243988,83.86
2025-11-19,82.61,83.45,82.26,82.8,10959596,84.16
2025-11-20,83.68,84.65,80.99,81.07,12135845,82.4
2025-11-21,81.43,82.28,79.74,81.76,16169513,83.11
2025-11-24,81.74,83.71,81.08,83.29,27574482,84.66
2025-11-25,83.16,84.15,82.26,83.72,12966444,85.1
2025-11-26,84.04,84.99,83.75,84.17,9304299,85.56
2025-11-28,84.25,85.12,83.92,84.46,6545001,85.85
2025-12-01,84.44,85.16,83.79,84.02,9794023,85.4
2025-12-02,84.3,85.38,83.9,84.92,9483957,86.32
2025-12-03,84.86,87.94,84.86,87.9,14439300,89.35
2025-12-04,87.95,89.16,87.87,88.75,13433025,90.21
2025-12-05,88.53,89.63,88.1,88.38,11210942,89.83
2025-12-08,88.37,89.55,87.71,88.6,13267574,90.06
2025-12-09,88.78,88.78,87.34,87.45,17101654,88.89
2025-12-10,87.5,89.39,86.76,89.22,22729108,90.69
2025-12-11,89.07,91.9,88.76,91.09,15505116,92.59
2025-12-12,91.61,91.91,90.63,91.26,12532836,92.76
2025-12-15,92.06,92.73,90.99,91.4,13885156,92.9
2025-12-16,91.57,91.66,89.95,90.7,12981086,92.19
2025-12-17,91.25,91.82,90.97,91.09,14818954,92.59
2025-12-18,91.52,92.37,89.81,90,11844109,91.48
2025-12-19,90.13,91.62,90.12,91.5,37783890,93.01
2025-12-22,91.69,92.86,91.54,92.75,9512327,94.28
2025-12-23,92.71,93.14,92.5,92.94,8642102,94.47
2025-12-24,93.12,94.29,92.94,93.76,5506806,95.3
2025-12-26,93.81,93.92,93.19,93.72,5169406,95.26
2025-12-29,93.82,94.06,92.84,92.99,8624207,94.52
2025-12-30,93.2,93.34,92.47,92.78,6418098,94.31
2025-12-31,92.97,93.15,91.61,91.69,7919574,93.2
2026-01-02,91.79,93.8,91.3,93.66,9242623,95.2
2026-01-05,93.55,96.18,93.44,94.82,14383348,96.38
2026-01-06,93.85,94.98,93.53,94.83,12329215,96.39
2026-01-07,94.16,94.34,92.13,92.76,14589529,94.29
2026-01-08,92.73,94.6,92.66,94.05,12406013,95.6
2026-01-09,94.26,95,93.71,94.4,10261332,95.95
2026-01-12,93.29,93.99,92.36,93.42,15958140,94.96
2026-01-13,93.75,94.2,91.55,92.04,21998550,93.56
2026-01-14,89.28,89.33,86.63,87.8,33803927,89.25
2026-01-15,87.89,88.45,86.93,87.52,21738571,88.96
2026-01-16,87.52,88.24,86.65,86.95,26981614,88.38
2026-01-20,85.85,87.2,84.88,85.26,19353525,86.66
2026-01-21,85.1,86.14,84.64,84.73,17606674,86.12
2026-01-22,85.03,87.56,85.03,86.61,19668941,88.04
2026-01-23,86.08,86.29,84.64,85.55,15227498,86.96
2026-01-26,85.69,86.86,85.69,86.62,13047439,88.05
2026-01-27,86.72,87.62,86.06,87.27,15105426,88.71
2026-01-28,87.18,87.62,85.43,86.6,16395695,88.03
2026-01-29,87.25,89.17,87.11,89.17,21496996,90.64
2026-01-30,88.74,89.58,88.3,89.02,18306892,90.49
2026-02-02,88.7,91.29,88.44,90.78,13835176,92.27
2026-02-03,91.21,93.25,90.41,90.81,18099049,92.31
2026-02-04,91.14,92.39,91.03,91.63,12382833,93.14
2026-02-05,91.35,91.55,89.44,90.52,12641313,92.01
2026-02-06,91.7,93.57,91.51,92.9,13205720,93.97
2026-02-09,92.68,94.01,87.99,93.54,20544849,94.61
2026-02-10,93.23,93.93,88.73,90.87,20148421,91.91
2026-02-11,91.6,92.02,87.49,87.94,15461694,88.95
2026-02-12,88.3,88.95,84.85,85.31,16858172,86.29
2026-02-13,84.71,86.45,84.12,85.99,12424984,86.98
2026-02-17,86.83,87.83,86.32,86.41,12361853,87.4
2026-02-18,86.82,88.38,86.65,87.55,8251266,88.56
2026-02-19,86.84,87.16,85.62,86.58,10427324,87.57
2026-02-20,86.37,87.7,85.16,87.69,14255044,88.7
2026-02-23,87.17,87.59,82.82,84.18,20609098,85.15
2026-02-24,83.44,84.22,81.53,83.61,18819333,84.57
2026-02-25,84.22,85.93,84,85.77,16621907,86.76
2026-02-26,85.9,87.32,84.61,85.32,18769334,86.3
2026-02-27,83.71,83.86,79.54,80.52,29147438,81.45
2026-03-02,78.25,82.12,78.04,81.64,21836086,82.58
2026-03-03,80.07,82.54,78.94,81.59,19020190,82.53
2026-03-04,81.75,83.09,81.1,82.98,18062437,83.93
2026-03-05,82.7,82.85,80.27,81.18,20940505,82.11
2026-03-06,79.35,79.65,77.05,79.51,16800627,80.42
2026-03-09,78.53,78.88,75.99,77.93,24961678,78.83
2026-03-10,78.05,78.89,76.57,77.41,18484660,78.3
2026-03-11,77.16,77.34,75.63,76.01,17499073,76.88
2026-03-12,74.62,74.68,73.8,74.4,24795696,75.25
2026-03-13,74.79,75.34,73.19,73.26,15498337,74.1
2026-03-16,73.98,75.03,73.53,74.89,17837651,75.75
2026-03-17,75.63,76.29,74.96,75.36,18174651,76.23
2026-03-18,74.95,76.02,74.95,75.32,12952374,76.19
2026-03-19,74.82,75.93,73.83,75.52,18745563,76.39
2026-03-20,75.53,77.03,75.34,76.72,40462607,77.6
2026-03-23,78.59,78.89,77.23,77.39,15322186,78.28
2026-03-24,76.75,79.55,76.69,78.71,19135542,79.61
2026-03-25,78.61,79.87,78.43,79.35,17214555,80.26
2026-03-26,78.98,79.39,77.83,78.12,15499014,79.02
2026-03-27,77.73,77.74,75.98,76.31,13676216,77.19
2026-03-30,77,77.33,75.62,75.93,14312772,76.8
2026-03-31,76.95,78.83,76.57,78.71,19098677,79.61
2026-04-01,80.27,80.77,79.26,79.65,14980635,80.57
2026-04-02,78.5,79.92,77.8,79.68,10002777,80.6
2026-04-06,80.04,80.94,79.84,80.92,7071038,81.85
2026-04-07,80.49,81.16,79.98,80.82,8821935,81.75
2026-04-08,83.54,84.76,83.29,83.7,15131650,84.66
2026-04-09,83.49,85.17,83.48,85.04,10497504,86.02
2026-04-10,84.85,84.92,84.02,84.43,7947354,85.4
2026-04-13,83.63,85.72,83.11,85.66,14507969,86.64
2026-04-14,82.08,82.22,79.41,80.77,32848209,81.7
2026-04-15,80,80.76,79.24,79.38,31495958,80.29
2026-04-16,79.18,80.93,79.09,80.33,20714574,81.25
2026-04-17,81.2,81.66,80.11,80.49,24035391,81.41
2026-04-20,80.62,81.47,80.31,81.04,14242050,81.97
2026-04-21,81.21,82.16,80.27,80.62,17388420,81.55
2026-04-22,80.62,80.95,79.25,79.66,13725541,80.58
2026-04-23,79.64,80.45,78.83,79.6,13907627,80.51
2026-04-24,79.2,79.45,78.35,78.52,15421117,79.42
2026-04-27,78.49,79.97,78.44,79.64,20116196,80.56
2026-04-28,80.4,81.02,80.02,80.57,14827962,81.5
2026-04-29,80.32,81.07,79.78,80.58,19931765,81.51
2026-04-30,79.9,81.69,79.1,81.3,13536933,82.23
2026-05-01,81.32,81.72,79.89,79.89,14633916,80.81
2026-05-04,79.66,79.95,78.28,78.28,12962361,79.18
2026-05-05,78.5,79.2,78.11,78.98,11381120,79.89
2026-05-06,79.87,80.55,79.44,79.51,14348541,80.42
2026-05-07,79.77,80.09,77.8,78.26,19096536,79.16
2026-05-08,78.55,78.58,75.12,75.21,31064779,75.64
2026-05-11,75.24,75.29,72.77,73.16,25406320,73.58
2026-05-12,73.48,74.82,72.45,74.75,21004928,75.18
2026-05-13,73.73,74.33,72.86,73.11,16345827,73.53
2026-05-14,73.56,74.06,72.8,73.37,19389967,73.79
2026-05-15,73.52,73.64,72.36,73,16480496,73.42
2026-05-18,72.91,74.34,72.91,73.95,16935667,74.37
2026-05-19,74.05,74.92,73.43,74.12,18650942,74.55
2026-05-20,74.46,75.86,73.56,75.38,14696554,75.81
2026-05-21,75.16,75.62,74.48,75.49,9435086,75.92
2026-05-22,75.92,76.41,75.69,75.96,8736962,76.4
2026-05-26,76.47,77.23,76.33,77.08,21962174,77.52
2026-05-27,76.69,77.27,74.75,75.68,15581558,76.11
2026-05-28,75.41,77.18,74.92,76.21,14150310,76.65
2026-05-29,76.18,77.31,75.9,77.1,22328206,77.54
2026-06-01,76.31,77.57,76.06,76.73,15560319,77.17
2026-06-02,76.37,79.09,76.28,78.99,19449337,79.44
2026-06-03,78.43,78.67,76.96,78.23,15238087,78.68
2026-06-04,79.51,81.42,79.26,81.15,19453886,81.62
2026-06-05,81.68,81.98,80.99,81.47,15112253,81.94
2026-06-08,81.34,82.07,80.36,80.5,11482852,80.96
2026-06-09,80.79,82.08,80.47,81.53,15550693,82
2026-06-10,81.38,82.71,80.99,81.5,12582238,81.97
2026-06-11,82.08,82.44,80.36,81.93,10931044,82.4
2026-06-12,82.46,83.62,82.15,83.25,10527296,83.73
2026-06-15,83.94,84.45,82.56,82.67,14528320,83.14
2026-06-16,83.52,84.57,83.46,84.56,12401776,85.05
2026-06-17,84.64,86.58,83.11,83.33,19404852,83.81
2026-06-18,84.45,85.08,81.48,81.73,36739791,82.2
2026-06-22,82.24,83.65,82.21,83.36,18659031,83.84
2026-06-23,83.53,83.85,82.58,83.65,11613346,84.13
2026-06-24,83.71,84.01,83.03,83.82,11426112,84.3
2026-06-25,83.8,85.81,83.8,84.26,11411131,84.74
2026-06-26,84.35,84.67,82.63,83.38,20830803,83.86
2026-06-29,83.28,84.1,82.99,83.03,16659743,83.51
2026-06-30,83.22,83.32,82.05,82.17,17284686,82.64
2026-07-01,82.36,85.56,82.27,85.45,14671971,85.94
2026-07-02,86.12,86.3,84.6,85.02,10785083,85.51
2026-07-06,85.51,87.13,85.43,86.95,9916199,87.45
2026-07-07,87.53,88.06,86.39,86.68,10030719,87.18
2026-07-08,86.03,86.27,84.61,85.07,9979860,85.56
2026-07-09,85.36,86.95,85.16,86.41,13326473,86.91
2026-07-10,87,87.34,86.16,86.66,14055931,87.16
2026-07-13,87.39,87.51,85.62,87.17,15028725,87.67
2026-07-14,84.37,88.17,83.35,84.8,38944502,85.29
2026-07-15,85.45,87.12,85.21,87.01,28731528,87.51
2026-07-16,87.45,88.39,86.71,87.57,20162277,88.07
2026-07-17,87.24,89.28,86.01,87.01,22764399,87.51
2026-07-20,87.38,88.06,85.57,85.84,17536535,86.33
2026-07-21,86.19,87.76,85.4,87.24,17606529,87.74
2026-07-22,87.69,87.69,85.75,85.93,15477448,86.42
2026-07-23,85.29,86,84.61,85.7,11218961,86.19
2026-07-24,85.46,86.45,85.21,85.82,11869730,86.31
2026-07-27,86.8,87.4,86.4,86.77,10386292,87.27
2026-07-28,87.25,87.72,85.92,86.37,16565173,86.87
2026-07-29,86.35,86.52,83.23,83.39,18062829,83.87
2026-07-30,84.1,85.09,83.54,84.94,15138897,85.43
2026-07-31,85.51,86.24,84.95,85.96,14772440,86.45
2026-08-03,87.06,87.46,85.92,87.39,11180274,87.89
2026-08-04,87.06,88.92,86.87,87.89,16453917,88.39
2026-08-05,88.72,89.11,88.33,88.66,9612529,89.17
2026-08-06,89.33,89.66,86.7,87.09,13095658,87.59
2026-08-07,86.46,87.36,86.04,87.25,7391647,87.25
2026-08-10,86.91,87.805,86.57,87.52,12928705,87.52
2026-08-11,87.62,88.5,87.25,87.45,11058155,87.45
2026-08-12,88,89.215,87.4,88.93,14439441,88.93
2026-08-13,89.36,89.5,87.78,88.11,10458824,88.11
2026-08-14,88.07,88.835,87.76,88.82,8785402,88.82
2026-08-17,88.72,89.525,87.48,87.54,14572393,87.54
2026-08-18,88.3,88.3,86.854,87.4,8218128,87.4
2026-08-19,87.41,87.41,85.5845,85.94,10680082,85.94
2026-08-20,85.62,85.67,83.62,83.7,13706837,83.7
2026-08-21,84.5,85,83.48,83.84,13304785,83.84
2026-08-24,84.215,85.68,84.02,84.72,7943642,84.72
2026-08-25,84.98,85.15,83.88,84.79,8984440,84.79
2026-08-26,84.99,85.585,84.1,85.23,9895738,85.23
2026-08-27,84.755,85.29,83.72,84.97,10841674,84.97
2026-08-28,85.41,86.72,85.2,86.69,12018828,86.69
2026-08-31,86.29,87.09,85.88,86.39,19131905,86.39
2026-09-01,86.44,87.94,86.01,87.04,19254696,87.04
2026-09-02,87.75,90.09,87.58,89.27,20580981,89.27
2026-09-03,89.8,90.34,88.68,89.19,13198018,89.19
2026-09-04,88.75,90.13,88.73,89.97,8000124,89.97
2026-09-08,89.635,89.73,87.96,87.96,9741370,87.96
2026-09-09,87.56,89.94,87.2001,89.67,14562044,89.67
2026-09-10,89.65,89.99,88.645,89.45,13075527,89.45
2026-09-11,90.74,91.16,89.755,90.29,12909385,90.29
2026-09-14,90.165,90.48,87.3831,88.71,15689114,88.71
2026-09-15,90.52,91.99,87.91,89.72,15908207,89.72
2026-09-16,89.72,89.72,86.095,87.05,13521999,87.05
2026-09-17,87.77,87.89,85.7937,86.89,12591237,86.89
2026-09-18,86.26,86.74,85.95,86.12,25008876,86.12
2026-09-21,86.83,87.15,86.23,86.54,9681595,86.54
2026-09-22,86.62,86.62,82.7938,83.15,15850076,83.15
2026-09-23,82.745,83.395,81.81,81.9,14619231,81.9
