date,open,high,low,close,volume,raw_close
2016-01-04,95.69,98.21,94.5,98.14,1207741,148.09
2016-01-05,98.51,99.18,95.85,96.03,1035151,144.9
2016-01-06,94.57,95.74,93.04,93.57,993031,141.2
2016-01-07,91.64,93.22,91.14,91.22,1350720,137.65
2016-01-08,92.2,92.69,89.64,89.84,863511,135.56
2016-01-11,90.45,91.09,87.78,89.07,983699,134.41
2016-01-12,89.97,90.36,87.07,89.01,828504,134.31
2016-01-13,89.35,90,85.94,86.12,1260656,129.96
2016-01-14,86.84,89.51,86.09,88.82,1295111,134.03
2016-01-15,86.2,86.63,83.3,85.25,1553796,128.64
2016-01-19,86.15,87.15,83.36,84.3,1417108,127.21
2016-01-20,82.81,87.51,81.91,86.57,1679815,130.63
2016-01-21,87.23,90.61,87.13,88.38,1263218,133.37
2016-01-22,90.11,91.1,86.81,88.52,1628721,133.58
2016-01-25,87.97,89.16,86.85,88.29,1301174,133.22
2016-01-26,88.31,90.58,88.1,88.97,1103112,134.25
2016-01-27,88.32,89.65,87.04,87.72,1356462,132.37
2016-01-28,88.8,90.17,87.17,87.49,1974221,132.02
2016-01-29,89.25,92.15,87.5,89.06,3006632,134.39
2016-02-01,89.29,91.61,87.65,89.74,2148431,135.42
2016-02-02,89.13,89.37,87.32,87.6,1555487,132.19
2016-02-03,88.7,89.54,87.19,89.52,1342268,135.08
2016-02-04,90.7,93.49,90.6,92.65,1466702,139.8
2016-02-05,92.59,93.78,90.86,91.33,927159,137.82
2016-02-08,90.61,90.84,88.01,89.62,1267443,135.24
2016-02-09,88.36,91.51,88.36,90.82,1223937,137.04
2016-02-10,91.6,91.77,88.99,89.04,843129,134.36
2016-02-11,87.11,88.19,84.98,85.98,1252350,129.74
2016-02-12,87.34,87.99,86.34,87.6,1179902,132.19
2016-02-16,88.8,90.1,87.04,89.76,1460955,135.45
2016-02-17,90.53,92.61,90.31,92.02,942538,138.85
2016-02-18,92.05,93.23,91.1,93.1,880080,140.48
2016-02-19,92.31,95.1,92.31,94.71,1306147,142.91
2016-02-22,96.16,98.64,95.96,98.22,1324282,148.21
2016-02-23,98.08,100.03,97.66,99.5,1249967,150.14
2016-02-24,98.82,101.09,97.47,100.86,1155361,151.28
2016-02-25,101.23,101.75,99.29,101.25,1155338,151.87
2016-02-26,101.67,103.84,101.26,103.04,980900,154.55
2016-02-29,103.01,105.2,102.59,103.55,1223148,155.32
2016-03-01,104.33,105.38,103.55,105.02,727330,157.52
2016-03-02,104.87,106.01,104.69,105.89,774418,158.82
2016-03-03,105.99,106.03,103.87,105.37,1056435,158.05
2016-03-04,105.79,108.12,104.82,107.45,1163164,161.16
2016-03-07,107.01,107.63,105.68,106.11,1126569,159.15
2016-03-08,105.57,106.53,103.94,105.71,995971,158.55
2016-03-09,105.77,106.53,104.63,105.73,744660,158.58
2016-03-10,106.39,107.21,104.42,105.56,915829,158.33
2016-03-11,106.93,110.57,106.83,109.81,1463937,164.7
2016-03-14,109.11,111.81,108.67,110.7,991225,166.04
2016-03-15,110.97,113.71,110.21,112.57,1599162,168.84
2016-03-16,111.37,116.67,110.7,116.15,1444980,174.22
2016-03-17,115.9,118.67,115.38,117.77,1094735,176.65
2016-03-18,118.13,119.77,117.81,118.63,1823975,177.93
2016-03-21,118.82,119.7,117.54,118.31,766662,177.46
2016-03-22,118.13,118.78,116.87,118.12,781235,177.17
2016-03-23,117.8,118.04,116.56,116.68,709868,175.01
2016-03-24,115.9,116.82,114.82,116.73,852513,175.09
2016-03-28,117.09,118.72,117.01,118,633058,176.99
2016-03-29,117.68,118.54,115.85,118.2,904269,177.29
2016-03-30,119.07,119.26,117.81,118.24,989364,177.35
2016-03-31,118.01,120.4,117.72,120.23,1288109,180.34
2016-04-01,120.71,122.5,119.47,122.21,1621175,183.31
2016-04-04,122.63,123.13,121.39,121.99,1040961,182.98
2016-04-05,121.21,122.78,120.03,120.78,978708,181.16
2016-04-06,121.11,122.28,120.56,121.57,724858,182.35
2016-04-07,121.01,121.68,119,120.3,944766,180.44
2016-04-08,121.5,122.39,120.85,121.73,633592,182.59
2016-04-11,121.5,123.71,121.22,122.35,727787,183.52
2016-04-12,122.48,124,121.73,123.45,528181,185.17
2016-04-13,123.97,125.14,123.55,124.89,714737,187.33
2016-04-14,124.98,125.06,122.41,124.09,884357,186.13
2016-04-15,124.25,124.98,123.32,124.27,835444,186.4
2016-04-18,124.41,127.13,124.35,126.67,937555,190
2016-04-19,128.19,129.07,124.71,126.77,1186190,190.15
2016-04-20,127.24,128.03,125.38,125.65,1056748,188.46
2016-04-21,125.92,126.45,124.81,124.97,630552,187.45
2016-04-22,124.97,125.35,124.19,124.88,914636,187.31
2016-04-25,124.89,125.67,123.42,124.03,1080233,186.04
2016-04-26,116.54,119.77,114.14,119.63,3419760,179.43
2016-04-27,120.12,121.34,117.25,118.84,1382860,178.25
2016-04-28,117.72,119.1,116.07,116.53,882959,174.78
2016-04-29,116.53,116.86,115.39,116.1,959790,174.14
2016-05-02,116.67,118.69,116.28,117.88,996418,176.81
2016-05-03,116.76,118.81,116.07,117.93,1037942,176.89
2016-05-04,116.97,118.71,116.01,116.79,1008301,175.18
2016-05-05,116.88,118.43,116.72,117.53,757117,176.29
2016-05-06,116.72,118.32,116.55,117.81,591520,176.7
2016-05-09,117.67,118.29,116.01,116.73,795353,175.09
2016-05-10,117.58,118.89,116.84,118.19,767660,177.28
2016-05-11,117.49,117.9,114.68,114.92,802378,172.37
2016-05-12,114.93,116.12,112.89,114.37,830516,171.54
2016-05-13,114.47,115.27,112.22,112.49,836458,168.72
2016-05-16,112.38,112.58,110.05,111.73,1801362,167.58
2016-05-17,111.43,114.19,111.11,113.17,1243833,169.75
2016-05-18,112.82,114.04,111.35,111.99,821165,166.98
2016-05-19,111.31,112.59,110.38,112.45,859106,167.67
2016-05-20,113.03,113.52,111.69,112.74,970392,168.1
2016-05-23,112.66,113.36,111.74,111.91,559822,166.87
2016-05-24,112.66,117.48,112.66,116.86,1625486,174.25
2016-05-25,117.07,118.34,116.42,116.95,715849,174.39
2016-05-26,116.6,117.5,115.06,115.52,669761,172.25
2016-05-27,115.54,117.63,115.54,117.1,576318,174.61
2016-05-31,117.24,117.32,116.14,117.11,893205,174.62
2016-06-01,116.26,117.63,115.55,117.52,533277,175.23
2016-06-02,117.51,117.9,116.19,117.38,552056,175.03
2016-06-03,116.53,117.19,115.49,116.57,638899,173.81
2016-06-06,116.63,118,115.85,117.25,533283,174.83
2016-06-07,117.1,120.28,116.9,119.33,932698,177.93
2016-06-08,119.3,121.52,119.26,121.46,881380,181.11
2016-06-09,120.9,121.09,119.31,120.51,588545,179.69
2016-06-10,119.73,119.85,118.4,119.05,607275,177.52
2016-06-13,118.81,119.39,117.25,117.37,875919,175.01
2016-06-14,116.95,117.52,115.65,117.27,726235,174.86
2016-06-15,117.81,119.72,116.86,118.24,1086918,176.3
2016-06-16,117.86,117.86,115.7,116.98,966585,174.43
2016-06-17,117.06,118.32,116.63,117.79,1125778,175.64
2016-06-20,118.95,121,118.95,119.19,777314,177.73
2016-06-21,119.72,120.17,118.27,118.83,670918,177.18
2016-06-22,119.33,120.54,118.93,119.51,517957,178.2
2016-06-23,120.97,121.39,119.01,119.91,740163,178.8
2016-06-24,114.55,114.61,107.95,109.03,3168609,162.57
2016-06-27,107.64,107.64,102.07,103.59,1932086,154.46
2016-06-28,106.72,108.38,106.25,108,1812525,161.04
2016-06-29,109.35,111.15,108.78,109.91,997515,163.89
2016-06-30,109.91,111.76,108.52,111.76,968296,166.64
2016-07-01,112,113.62,111.58,112.18,777675,167.27
2016-07-05,111.5,111.95,108.63,109.96,693206,163.96
2016-07-06,109.6,111.73,109.11,111.61,930703,166.42
2016-07-07,111.92,113.17,111.07,112.59,509455,167.88
2016-07-08,113.92,115.79,113.03,114.94,784038,171.38
2016-07-11,115.24,116.22,114.21,115.83,720755,172.72
2016-07-12,117.25,117.25,115.67,116.51,580640,173.72
2016-07-13,116.96,117.14,115.11,116.55,490017,173.79
2016-07-14,117.43,118.64,116.71,116.82,616902,174.19
2016-07-15,117.36,118.53,116.85,117.71,779684,175.51
2016-07-18,118.01,121.84,117.34,119.39,1364960,178.02
2016-07-19,119.19,121.35,119.19,120.28,584607,179.35
2016-07-20,119.93,124.74,119.63,123.18,1621090,183.67
2016-07-21,123.23,123.82,121.96,122.54,1301836,182.72
2016-07-22,125.41,126.26,121.9,125.82,1420792,187.61
2016-07-25,124.69,127.67,124.11,127.6,1182894,190.26
2016-07-26,127.56,127.81,126.14,127.41,1132081,189.98
2016-07-27,126.91,128.56,126.85,127.84,1095309,190.62
2016-07-28,127.84,129.45,127.05,129.02,972136,192.38
2016-07-29,129.37,129.83,128.29,129.01,1028012,192.36
2016-08-01,129.01,130.17,128.58,128.85,848758,192.13
2016-08-02,128.54,129.05,126.74,127.01,689560,189.38
2016-08-03,126.75,126.89,125.49,125.97,795894,187.83
2016-08-04,126.31,127.32,125.65,126.89,655209,189.21
2016-08-05,127.42,128.44,126.08,127.13,665945,189.56
2016-08-08,127.86,127.86,126.53,127.13,404740,189.56
2016-08-09,127.37,127.37,126.3,126.91,481061,189.24
2016-08-10,127.3,127.3,124.75,125.26,802866,186.78
2016-08-11,125.82,126.87,125.21,125.49,661926,187.12
2016-08-12,124.78,125.52,124.08,124.72,671450,185.97
2016-08-15,124.99,125.16,123.53,123.98,1206952,184.86
2016-08-16,123.21,123.94,122.49,122.74,940931,183.02
2016-08-17,122.79,123.36,121.33,122.15,940531,182.13
2016-08-18,122.35,124.15,121.46,123.79,690701,184.58
2016-08-19,123.41,124.1,122.1,122.64,897213,182.87
2016-08-22,122.66,123.55,121.86,123.24,470159,183.76
2016-08-23,124.17,125.5,123.95,124.9,700346,186.24
2016-08-24,124.67,124.9,121.81,122.43,810491,181.57
2016-08-25,122.24,122.62,121.06,121.76,737263,180.58
2016-08-26,122.1,122.82,121.1,122.06,931913,181.02
2016-08-29,122.04,123.14,122.04,122.27,555529,181.34
2016-08-30,122.17,122.63,120.46,120.86,507550,179.25
2016-08-31,120.71,121.38,119.68,120.45,775139,178.64
2016-09-01,120.42,120.63,118.9,119.78,664616,177.65
2016-09-02,120.65,121.03,119.45,120.01,472786,177.98
2016-09-06,120.53,120.69,119.42,120.43,496285,178.61
2016-09-07,120.43,123.01,120.09,122.89,1165388,182.25
2016-09-08,122.35,122.67,117.75,117.86,1435195,174.8
2016-09-09,115.97,116.33,111.86,112.41,2145630,166.72
2016-09-12,111.09,114.96,111.03,114.57,1097808,169.92
2016-09-13,113.41,114.19,111.85,112.41,811689,166.72
2016-09-14,112.28,113.01,110.49,110.8,1105292,164.33
2016-09-15,110.9,111.44,109.91,111.32,774856,165.1
2016-09-16,110.86,110.99,108.45,109.74,1496145,162.75
2016-09-19,109.95,111.34,108.85,109.12,1033145,161.83
2016-09-20,109.58,109.81,107.58,108.18,796643,160.44
2016-09-21,108.21,110.01,108.09,109.7,1049992,162.69
2016-09-22,110.88,111.35,110.22,110.82,715149,164.35
2016-09-23,110.34,110.57,109.11,109.35,682569,162.17
2016-09-26,108.98,109.12,107.72,108.29,605838,160.61
2016-09-27,108.5,110.23,108.46,109.78,661831,162.81
2016-09-28,109.65,109.98,107.7,109.43,892507,162.29
2016-09-29,109.23,110.15,107.8,108.12,623520,160.35
2016-09-30,108.34,109.95,108.2,109.34,705864,162.16
2016-10-03,108.89,110.32,108.6,109.28,531970,162.07
2016-10-04,109.37,110.28,108.76,109.41,611583,162.27
2016-10-05,109.8,111.29,109.8,110.65,632804,164.1
2016-10-06,110.45,112.6,110.24,112.1,804998,166.26
2016-10-07,112.3,112.58,109.65,110.24,662085,163.49
2016-10-10,110.93,111.41,108.79,108.94,644401,161.56
2016-10-11,108.92,109.08,107.3,108.58,990020,161.03
2016-10-12,108.95,108.95,107.98,108.44,590138,160.83
2016-10-13,107.45,108.83,106.96,108.41,658257,160.78
2016-10-14,109.23,110.36,108.22,108.39,572936,160.75
2016-10-17,107.11,111.98,107.03,109.91,1524706,163.01
2016-10-18,110.75,110.75,108.34,109.43,1288293,162.29
2016-10-19,109.74,112.77,109.36,112.25,1111189,166.47
2016-10-20,111.78,112.78,110.78,111.98,731395,166.07
2016-10-21,111.17,112.84,110.2,112.72,944335,167.18
2016-10-24,113.16,116.01,113.16,114.94,1492193,170.46
2016-10-25,105.52,107.74,100.16,102.55,6015700,152.09
2016-10-26,102.48,103.42,100.45,100.82,1911454,149.52
2016-10-27,100.99,101.14,98.38,99.58,1582352,147.69
2016-10-28,100.3,103.03,100.01,101.69,1450725,150.82
2016-10-31,102.28,102.28,100.74,101.02,1366247,149.82
2016-11-01,101.3,102.42,100.82,101.53,1254339,150.57
2016-11-02,101.42,103.64,100.83,101.65,1233543,150.76
2016-11-03,102.34,102.34,101.34,101.81,769241,150.99
2016-11-04,103.15,104.15,101.97,103.02,1025592,152.79
2016-11-07,104.51,105.23,103.93,104.46,770750,154.93
2016-11-08,104.38,107.14,103.95,106.49,1144738,157.93
2016-11-09,105.81,109.09,104.04,108.38,1555935,160.74
2016-11-10,108.84,111.82,108.15,111.25,1605892,165
2016-11-11,111.07,111.77,108.93,109.87,865370,162.95
2016-11-14,110.07,111.63,109.27,109.86,883317,162.93
2016-11-15,110.53,111.62,109.62,111.44,1209170,165.27
2016-11-16,111.21,111.59,109.04,109.98,881662,162.12
2016-11-17,110.31,111.59,109.59,110.76,921864,163.27
2016-11-18,111.06,111.36,108.77,109.25,735964,161.05
2016-11-21,109.41,110.6,109.16,110.45,620205,162.81
2016-11-22,110.47,111.5,109.9,111.24,812413,163.98
2016-11-23,111.21,112.18,109.96,112.15,671661,165.32
2016-11-25,112.31,112.92,112.14,112.35,188392,165.61
2016-11-28,111.93,112.69,110.14,110.32,643314,162.63
2016-11-29,110.91,111.56,109.39,110.97,590938,163.58
2016-11-30,111.2,111.83,109.26,110.2,692438,162.44
2016-12-01,109.83,111.4,109.42,110.31,592282,162.61
2016-12-02,110.81,115.07,110.52,113.18,1646882,166.84
2016-12-05,114.33,115.74,114.01,115.32,1127535,170
2016-12-06,115.66,116.13,113.71,114.92,919722,169.4
2016-12-07,114.72,118.56,114.6,117.9,1110338,173.8
2016-12-08,118.04,118.24,115.55,116.89,796091,172.31
2016-12-09,117.3,118.17,115.41,117.85,1019239,173.73
2016-12-12,118.11,122.7,117.79,119.53,1028558,176.2
2016-12-13,120.58,122.22,120.56,120.85,878378,178.14
2016-12-14,120.13,122.33,119.27,119.39,1583081,175.99
2016-12-15,119.11,119.96,117.49,117.91,741139,173.81
2016-12-16,118.1,119.24,117.49,118.09,958532,174.08
2016-12-19,118.49,119.59,117.99,118.42,692513,174.57
2016-12-20,118.84,120.83,118.4,120.7,803019,177.93
2016-12-21,121.04,124,120.56,122.81,1154167,181.04
2016-12-22,122.79,122.96,121.59,122.79,930023,181.01
2016-12-23,122.77,124.1,121.9,123.43,606147,181.95
2016-12-27,123.53,125.66,123.34,124.58,778720,183.65
2016-12-28,125.16,125.16,123.53,124.02,888913,182.82
2016-12-29,123.65,124.97,123.46,124.27,630783,183.19
2016-12-30,124.69,125.02,122.7,123.31,542145,181.77
2017-01-03,124.45,125.2,123.21,124.1,703538,182.93
2017-01-04,124.71,126.77,124.12,125.78,703309,185.42
2017-01-05,125.78,127.49,124.84,126.16,917032,185.98
2017-01-06,126.48,126.79,125.28,126.25,661463,186.1
2017-01-09,126.39,126.48,123.11,123.2,831221,181.61
2017-01-10,123.54,125.08,122.98,124.7,713137,183.82
2017-01-11,125.15,125.5,123.11,124.18,765525,183.05
2017-01-12,123.55,125.11,121.93,124.73,744409,183.86
2017-01-13,125.21,126.16,124.69,125.34,893506,184.77
2017-01-17,125.37,126.77,124.9,125.8,691642,185.44
2017-01-18,126.24,126.4,124.48,126.18,561018,186.01
2017-01-19,126.18,126.63,125.12,125.66,686435,185.23
2017-01-20,125.51,126.89,124.91,125.92,692400,185.62
2017-01-23,126.04,127.11,125.5,126.85,729744,186.99
2017-01-24,127.41,129.47,126.59,128.16,1162976,188.92
2017-01-25,129.15,130.25,128.22,129.03,1371781,190.2
2017-01-26,122.11,123.38,116.5,118,4640512,173.94
2017-01-27,116.68,117.91,114.09,115.9,2223006,170.85
2017-01-30,115.03,118.71,114.78,118.65,1274903,174.91
2017-01-31,118.46,118.8,117.45,118.64,833680,174.89
2017-02-01,119.16,119.42,117.87,118,728813,173.94
2017-02-02,117.76,118.04,115.44,116.34,975261,171.5
2017-02-03,116.92,118.41,116.5,117.77,583590,173.61
2017-02-06,117.37,117.87,116.28,117.07,617291,172.57
2017-02-07,117.92,119.16,117.32,117.63,785733,173.4
2017-02-08,117.26,118.19,116.12,118,927844,173.94
2017-02-09,117.55,118.89,116.88,118.08,549995,174.07
2017-02-10,118.29,119.01,117.58,118.36,678005,174.48
2017-02-13,118.42,119.52,118.42,119,753028,175.42
2017-02-14,118.55,119.38,117.92,118.63,534828,174.87
2017-02-15,118.61,120.54,118.51,120.11,832024,177.05
2017-02-16,120.17,120.88,119.29,119.86,723090,176.69
2017-02-17,119.69,120.42,119.18,120.2,449847,177.19
2017-02-21,118.81,122.78,118.81,121.85,786217,179.62
2017-02-22,121.88,122.83,121.39,122.7,714424,180.87
2017-02-23,123.46,123.8,121.63,122.6,806738,180.72
2017-02-24,121.9,122.56,120.77,122.22,754514,180.16
2017-02-27,122.32,122.79,121.24,121.43,887723,179
2017-02-28,121.43,121.54,119.97,121.15,656909,178.59
2017-03-01,121.53,122.09,121.13,121.45,1066610,178.03
2017-03-02,121.59,121.89,120.93,121.29,469750,177.8
2017-03-03,121.44,122.11,120.55,121.36,447412,177.89
2017-03-06,120.39,121.27,119.61,119.9,485517,175.75
2017-03-07,119.79,120.67,118.85,119.64,534699,175.38
2017-03-08,119.99,120.59,119.36,120.09,752121,176.04
2017-03-09,119.9,120.83,119.47,120.34,588539,176.4
2017-03-10,120.96,122.58,120.62,121.26,843991,177.75
2017-03-13,121.43,122.49,120.5,121.58,1012865,178.22
2017-03-14,121.2,122.29,120.9,121.97,449031,178.79
2017-03-15,122.24,122.87,120.56,121.07,987598,177.47
2017-03-16,120.73,121.41,117.39,117.81,1235569,172.69
2017-03-17,117.9,118.03,116.85,117.82,1342005,172.71
2017-03-20,117.71,118.09,117.23,117.88,632411,172.8
2017-03-21,118.64,118.7,116.94,117.34,880665,172.01
2017-03-22,117.25,117.56,115.83,116.19,862326,170.32
2017-03-23,116.07,117.44,115.36,116.12,1032814,170.22
2017-03-24,116.42,117.06,115.56,115.97,571735,170
2017-03-27,115.29,116.15,114.7,115.88,663088,169.86
2017-03-28,115.84,116.3,114.86,115.87,597109,169.85
2017-03-29,115.98,117.02,115.66,116.71,398280,171.08
2017-03-30,116.49,117.19,115.64,116.08,513108,170.15
2017-03-31,116.17,117.14,115.8,116.88,592489,171.33
2017-04-03,117.22,117.42,115.39,116.46,609051,170.72
2017-04-04,116.03,116.59,112.43,112.98,1254141,165.61
2017-04-05,112.97,114.23,112.54,112.97,1294418,165.6
2017-04-06,112.6,115.39,112.6,114.04,748714,167.17
2017-04-07,113.71,114.32,113.42,113.95,437442,167.03
2017-04-10,114.45,115.45,114.29,114.34,660857,167.6
2017-04-11,114.12,114.89,113.75,114.81,413544,168.3
2017-04-12,115.06,115.86,114.11,114.79,819586,168.27
2017-04-13,114.6,116.1,114.23,115.59,763430,169.44
2017-04-17,115.72,116.96,114.27,115.26,1320959,168.95
2017-04-18,115.04,115.33,113.72,114.7,1096572,168.14
2017-04-19,115.12,116.71,115.09,116.07,969458,170.14
2017-04-20,116.21,117.69,115.9,117.09,949024,171.64
2017-04-21,116.99,117.23,115.56,117,1056791,171.51
2017-04-24,118.67,120.63,117.95,119.25,1638421,174.8
2017-04-25,121.25,124.8,121.08,123.44,3824210,180.94
2017-04-26,123.83,127.09,123.4,126.29,1673490,185.12
2017-04-27,126.21,127.31,125.49,126.79,833576,185.86
2017-04-28,126.8,126.85,125.43,126.67,1039055,185.68
2017-05-01,126.66,127.71,126.62,126.83,737160,185.91
2017-05-02,126.65,128.46,126.55,128.02,918052,187.66
2017-05-03,127.88,129.09,127.11,127.67,930040,187.15
2017-05-04,127.9,128.45,125.33,125.48,1039192,183.93
2017-05-05,125.41,126.47,125.17,126.3,618832,185.14
2017-05-08,126.59,126.87,125.17,125.31,612682,183.68
2017-05-09,125.84,126.25,125.1,125.87,632140,184.5
2017-05-10,125.8,126.45,125.18,126.38,599127,185.25
2017-05-11,126.32,126.94,124.76,126.65,469718,185.65
2017-05-12,126.25,126.27,124.73,124.97,635086,183.19
2017-05-15,125.54,128.79,124.88,128.14,1538924,187.83
2017-05-16,128.49,128.77,126.17,127.53,672436,186.94
2017-05-17,126.88,127.58,124.96,125.09,825296,182.28
2017-05-18,120.42,122.7,118.7,121.6,1472807,177.2
2017-05-19,121.93,123.83,121.2,122.89,843831,179.08
2017-05-22,123.58,124.68,122.98,123.61,549172,180.13
2017-05-23,123.86,124.3,123.56,124.06,448348,180.78
2017-05-24,124,124.21,123.17,123.51,477282,179.98
2017-05-25,123.5,125.09,122.86,123.8,595696,180.4
2017-05-26,124.02,124.06,122.67,122.93,601562,179.13
2017-05-30,123.08,126.18,122.66,125.72,820406,183.2
2017-05-31,125.74,127.52,125.36,127.32,825989,185.54
2017-06-01,127.34,129.54,127.08,128.88,860777,187.81
2017-06-02,129.16,131.02,128.39,130.31,681237,189.89
2017-06-05,130.31,133.8,129.74,131.66,1199654,191.86
2017-06-06,131.57,132.29,129.6,129.64,727724,188.91
2017-06-07,129.66,130.41,128.96,129.81,603637,189.17
2017-06-08,129.8,130.39,129,129.76,540340,189.09
2017-06-09,129.57,131.65,129.14,131.06,535485,190.98
2017-06-12,131.17,131.65,129.16,130.8,666058,190.61
2017-06-13,131.53,133.49,130.64,133.06,767457,193.9
2017-06-14,133.1,139.3,132.58,134.87,1428149,196.54
2017-06-15,133.91,135.11,133.17,134.67,852944,196.24
2017-06-16,134.39,134.73,133.53,134.41,783479,195.87
2017-06-19,135.02,136.05,134.56,135.1,597697,196.87
2017-06-20,135.48,137.2,133.35,133.51,1248334,194.56
2017-06-21,133.76,134.07,131.94,133,617893,193.81
2017-06-22,133.3,134.33,132.51,133.93,506153,195.16
2017-06-23,133.56,133.56,128,129.48,1822884,188.68
2017-06-26,129.77,131.71,129.64,130.88,835894,190.72
2017-06-27,130.96,131.71,129.04,129.37,660137,188.52
2017-06-28,130.33,130.59,129.17,129.38,630434,188.54
2017-06-29,129.59,130.24,127.99,129.04,673484,188.04
2017-06-30,129.2,132.09,129.2,131.5,863473,191.62
2017-07-03,131.7,132.46,130.93,131.74,411555,191.97
2017-07-05,132.2,133.26,132.2,132.59,459735,193.21
2017-07-06,131.95,132.63,129.57,130.18,571060,189.7
2017-07-07,130.73,132.38,129.46,131.83,455483,192.11
2017-07-10,132.1,133.03,131.65,132.33,413114,192.83
2017-07-11,132.33,132.45,130.21,131.24,455256,191.25
2017-07-12,132.12,133.18,131.83,131.94,587168,192.26
2017-07-13,132.29,132.99,131.53,131.93,709192,192.25
2017-07-14,132.2,132.6,130.69,131.96,657341,192.29
2017-07-17,133.13,135.56,133.12,134.17,1244731,195.52
2017-07-18,134.26,134.87,133.23,134.64,771548,196.2
2017-07-19,135.89,137.67,135.61,136.11,989792,198.34
2017-07-20,134.64,135.24,129.27,130.21,2378664,189.74
2017-07-21,130.05,131.73,129.4,131.22,763561,191.22
2017-07-24,131.04,131.04,129.44,130.44,573443,190.08
2017-07-25,131.35,131.86,130.03,131.04,747615,190.95
2017-07-26,130.87,132.08,130.1,130.51,929979,190.19
2017-07-27,124.79,125.13,120.17,122.31,2688501,178.24
2017-07-28,121.53,122.84,120.44,121.98,1534911,177.76
2017-07-31,122.2,122.5,119.53,122.07,970554,177.88
2017-08-01,122.21,123.03,120.32,121.11,1092189,176.48
2017-08-02,120.97,121.48,120.04,121.18,730455,176.58
2017-08-03,121.15,121.31,119.32,120.72,817407,175.91
2017-08-04,121.13,122.25,120.78,122.03,781099,177.82
2017-08-07,122.15,122.89,121.24,122.42,1176459,178.39
2017-08-08,122.19,123.1,121.6,122.52,786610,178.54
2017-08-09,121.9,122.42,119.82,120.13,868292,175.05
2017-08-10,120.09,120.41,117.76,117.85,1172044,171.74
2017-08-11,117.55,118.49,117.04,117.51,638665,171.24
2017-08-14,117.98,120.04,117.9,119.16,675002,173.65
2017-08-15,119.42,119.42,118.45,118.85,747584,173.19
2017-08-16,119.24,120.3,119.07,119.48,627207,174.11
2017-08-17,119.4,119.63,117.65,117.68,612589,171.49
2017-08-18,117.29,117.65,116.48,116.71,638914,170.08
2017-08-21,116.66,117.09,115.13,115.15,964753,167.8
2017-08-22,115.4,116.58,115.16,116.19,856039,169.31
2017-08-23,116.04,116.82,115.75,116.3,602606,168.37
2017-08-24,116.73,117.21,115.46,115.59,593087,167.35
2017-08-25,116.17,116.87,115.68,116.35,429062,168.45
2017-08-28,116.58,116.96,115.37,116.17,428834,168.19
2017-08-29,115.63,116.75,115.48,116.06,455147,168.02
2017-08-30,116.08,117.24,115.56,116.67,606486,168.91
2017-08-31,117.25,118.94,117.25,118.54,712640,171.62
2017-09-01,118.56,120.4,118.28,119.7,634723,173.29
2017-09-05,119.49,119.56,117.75,118.9,509146,172.14
2017-09-06,119.06,119.21,116.64,117.56,847228,170.2
2017-09-07,117.92,117.92,116.37,116.7,810389,168.96
2017-09-08,116.17,119.05,116.06,119,683781,172.29
2017-09-11,119.9,121.31,119.61,119.91,985580,173.6
2017-09-12,120.34,121.86,120.09,121.8,566319,176.34
2017-09-13,122.08,122.26,119.99,121.49,582927,175.89
2017-09-14,120.6,121.78,120.11,120.97,876119,175.13
2017-09-15,119.58,120.26,117.73,118.71,1521358,171.86
2017-09-18,119.02,119.17,117.48,118,612085,170.84
2017-09-19,117.98,118.58,117.08,118.15,874520,171.06
2017-09-20,118.15,118.63,117.38,117.69,783647,170.38
2017-09-21,118.07,119.43,117.48,119.28,666402,172.69
2017-09-22,119.4,122.57,119.3,121.04,1010898,175.23
2017-09-25,120.91,123.17,120.76,122.46,863100,177.29
2017-09-26,122.81,125.88,122.39,125.46,1079377,181.63
2017-09-27,125.78,125.88,124.21,125.39,802935,181.53
2017-09-28,125.44,127.05,124.97,126.8,849842,183.57
2017-09-29,126.12,128.29,126.12,127.4,534907,184.44
2017-10-02,128.06,128.44,126.13,127.02,869623,183.9
2017-10-03,127.51,128.3,126.2,127.85,681218,185.09
2017-10-04,127.87,128.41,126.67,128.35,712049,185.82
2017-10-05,128.41,131.74,126.5,126.71,1437730,183.44
2017-10-06,126.79,126.93,124.81,125.25,884562,181.33
2017-10-09,125.52,125.59,123.58,124.3,742208,179.96
2017-10-10,124.89,124.89,121.61,122.38,1395940,177.18
2017-10-11,122.35,122.86,121.46,122.2,692653,176.91
2017-10-12,122.02,122.88,121.51,122.33,749429,177.1
2017-10-13,122.93,123.94,121.79,123.49,663663,178.78
2017-10-16,123.06,123.06,120.93,122.1,679644,176.77
2017-10-17,121.89,122.03,120.69,121.8,833390,176.34
2017-10-18,121.86,123.14,121.17,122.11,667419,176.79
2017-10-19,121.94,123.11,121.22,122.92,430587,177.96
2017-10-20,123.63,126.5,123.51,126.03,1016594,182.46
2017-10-23,126.06,127.01,124.95,126.06,1677654,182.5
2017-10-24,113.93,116.46,111.9,112.77,9705112,163.26
2017-10-25,112.39,112.59,110.32,111.16,2582194,160.94
2017-10-26,111.3,112.66,110.91,111.56,1601442,161.51
2017-10-27,111.65,112.55,110.95,111.49,1301185,161.41
2017-10-30,111.21,111.89,110.9,111.66,942590,161.66
2017-10-31,111.74,113.85,110.95,113.23,1204525,163.93
2017-11-01,113.97,115.66,113.02,113.57,1179107,164.42
2017-11-02,113.08,113.74,111.16,112.87,1028416,163.41
2017-11-03,112.95,114.82,112.8,113.18,1122030,163.86
2017-11-06,112.95,113.22,112.28,112.88,527026,163.42
2017-11-07,112.84,112.93,111.97,112.28,848916,162.56
2017-11-08,112.36,112.63,111.77,112.43,593950,162.77
2017-11-09,111.73,112.53,111.41,112.41,712617,162.74
2017-11-10,112.27,112.56,111.68,111.93,744207,162.05
2017-11-13,111.55,112.22,111.5,111.67,552629,161.67
2017-11-14,111.88,111.88,110.49,111.21,665221,161
2017-11-15,110.23,112.06,109.69,111.6,774022,161.57
2017-11-16,112.36,114.38,112.14,113.28,687237,162.88
2017-11-17,112.96,115.5,112.49,115.03,875507,165.4
2017-11-20,115.36,116.04,114.56,114.89,631706,165.2
2017-11-21,115.32,118.14,114.2,117.45,1504864,168.88
2017-11-22,117.39,117.84,115.56,115.89,986621,166.64
2017-11-24,116.73,117.36,116.02,116.71,353269,167.82
2017-11-27,116.63,116.83,114.7,114.75,1046574,165
2017-11-28,114.76,116.72,113.89,116.48,1801817,167.48
2017-11-29,116.54,118.37,116.16,117.53,1455386,168.99
2017-11-30,118.16,119.32,116.17,117.23,1079928,168.57
2017-12-01,117.14,117.66,114.41,116.46,836626,167.46
2017-12-04,117.81,119.2,117.06,117.97,1290588,169.63
2017-12-05,117.39,118.29,115.93,117.62,786044,169.12
2017-12-06,117.8,118.78,117.46,117.61,503833,169.11
2017-12-07,118.26,119.12,117.54,118.57,875697,170.49
2017-12-08,118.84,118.84,117.16,118.02,620339,169.7
2017-12-11,117.76,118.13,115.91,116.75,1306724,167.87
2017-12-12,117.28,117.39,115.43,115.8,984302,166.51
2017-12-13,116.09,116.97,115.9,116.17,554149,167.04
2017-12-14,116.35,116.75,113.3,114,928311,163.92
2017-12-15,114.29,114.83,113.51,114.4,1565983,164.49
2017-12-18,114.96,115.45,114.56,115,816697,165.36
2017-12-19,115.17,116.05,114.54,115.52,603753,166.1
2017-12-20,115.63,115.93,114.59,114.67,450423,164.88
2017-12-21,115.03,118.78,114.99,117.96,1381189,169.61
2017-12-22,118.26,119.83,117.55,119.4,769407,171.68
2017-12-26,119.42,120.45,118.07,118.34,533332,170.16
2017-12-27,118.19,118.83,117.98,118.28,362024,170.08
2017-12-28,118.42,118.76,117.64,118.69,304185,170.67
2017-12-29,118.6,119.39,117.01,117.28,454057,168.64
2018-01-02,117.65,118.19,116.14,116.83,741097,167.99
2018-01-03,117.03,117.91,116.77,117.42,996678,168.84
2018-01-04,118.17,118.4,116.91,117.41,671176,168.82
2018-01-05,117.45,117.75,116.65,117.17,603391,168.48
2018-01-08,117.25,118.53,116.77,117.57,1066615,169.05
2018-01-09,117.92,118.11,116.79,117.09,1154569,168.37
2018-01-10,116.17,116.22,114.28,115.59,910478,166.21
2018-01-11,116.04,117.74,114.42,117.55,1032491,169.03
2018-01-12,118.1,120.31,117.18,120.14,1238879,172.75
2018-01-16,120.31,120.45,116.59,117.5,989855,168.95
2018-01-17,118.07,119.83,117.21,119.19,853386,171.38
2018-01-18,119.56,119.65,115.9,116.41,1185200,167.39
2018-01-19,116.39,116.7,115.1,116.51,921478,167.53
2018-01-22,116.11,116.11,113.89,115.9,1193582,166.65
2018-01-23,122.51,123.1,118.51,119.6,2217831,171.98
2018-01-24,120.79,126.5,120.65,124.47,2366145,178.97
2018-01-25,125.19,130.38,124.5,127.33,2678604,183.09
2018-01-26,129.17,130.02,128.31,129.33,1574219,185.97
2018-01-29,127.66,128.59,126.71,126.92,1012941,182.5
2018-01-30,126.38,127.33,125.22,126.62,915570,182.07
2018-01-31,127.27,127.69,125.5,126.17,871909,181.42
2018-02-01,125.61,128.31,125.47,126.91,855014,182.49
2018-02-02,126.07,126.29,123.28,123.83,912975,178.06
2018-02-05,123.07,124.56,119.29,119.54,1376388,171.88
2018-02-06,117.24,121.32,116.5,120.88,1379876,173.81
2018-02-07,120.45,122.72,119.25,119.28,949287,171.52
2018-02-08,118.67,118.92,114.71,114.72,1016449,164.95
2018-02-09,117.03,119.2,113.8,116.15,1701374,167.01
2018-02-12,117.55,119.96,116.86,118.96,1009486,171.05
2018-02-13,118.51,119.39,117.46,118.36,635986,170.19
2018-02-14,117.52,120.08,116.89,119.07,816704,171.21
2018-02-15,120.18,123.51,119.24,122.91,972835,176.74
2018-02-16,122.72,125.18,119.73,120.11,1332162,172.7
2018-02-20,119.83,120.55,116.68,117.18,1142881,168.5
2018-02-21,117.43,117.69,115.63,115.65,1367763,166.29
2018-02-22,115.89,117.29,115.62,117.17,719255,168.48
2018-02-23,118.01,120,117.17,119.23,800847,171.44
2018-02-26,119.23,119.37,115.64,116.9,1118721,168.09
2018-02-27,117.53,117.91,114.89,114.92,606157,165.24
2018-02-28,114.92,115.68,112.6,112.96,1115245,162.43
2018-03-01,112.52,114.77,111.07,112.43,1483216,160.57
2018-03-02,111.79,111.79,109.49,111.09,1147220,158.65
2018-03-05,110.55,112.17,110.55,111.04,946867,158.58
2018-03-06,111.65,113.36,111.65,113.03,931808,161.42
2018-03-07,112.56,113.26,110.43,111.05,782306,158.6
2018-03-08,111.42,111.8,109.85,111.18,704526,158.78
2018-03-09,111.93,115,110.96,114.87,1042854,164.06
2018-03-12,115.36,115.63,114.1,114.35,584208,163.31
2018-03-13,114.84,115.26,113.5,113.94,496053,162.72
2018-03-14,114.73,114.73,111.93,112.12,591192,160.12
2018-03-15,112.14,112.64,111.32,112.37,723765,160.48
2018-03-16,112.64,113.92,111.87,111.91,1220141,159.82
2018-03-19,111.26,111.33,109.62,110.63,1209766,158
2018-03-20,111.27,111.38,109.24,110.11,1145507,157.26
2018-03-21,110.49,111.34,110.02,110.8,745312,158.24
2018-03-22,109.98,110.9,108.86,108.87,870985,155.48
2018-03-23,109.15,109.23,106.71,106.87,1215217,152.63
2018-03-26,108.29,108.46,106.75,107.44,708274,153.44
2018-03-27,107.42,108.06,106.08,106.99,786581,152.8
2018-03-28,106.99,107.4,105.18,105.85,843107,151.17
2018-03-29,106.49,107.96,106.4,107.21,574992,153.11
2018-04-02,106.82,107.05,104.06,105.35,1079488,150.46
2018-04-03,105.67,106.51,105.05,105.89,611434,151.23
2018-04-04,102.23,106.35,101.94,106.15,1557777,151.6
2018-04-05,107.09,107.48,106.19,106.86,935333,152.61
2018-04-06,106.23,106.36,102.51,103.99,1048957,148.52
2018-04-09,103.59,104.67,102.73,102.78,767373,146.79
2018-04-10,103.65,105.38,103.58,104.9,880679,149.82
2018-04-11,104.27,105.39,104.18,104.28,469014,148.93
2018-04-12,104.41,105.03,104.1,104.35,622936,149.03
2018-04-13,105.2,105.64,103.61,104.04,437069,148.59
2018-04-16,105.23,107.96,104.83,107.53,1064005,153.57
2018-04-17,108.25,109.29,107.42,107.5,885296,153.53
2018-04-18,107.69,109.62,107.69,108.33,600411,154.72
2018-04-19,107.81,108.25,105.32,106.44,609912,152.01
2018-04-20,106.19,106.82,103.71,104.59,936426,149.37
2018-04-23,104.59,105.58,104.14,105.25,1315202,150.32
2018-04-24,109.93,111.86,108.96,109.2,3860836,155.96
2018-04-25,108.87,109.67,107.83,108.87,1546800,155.48
2018-04-26,109.31,109.69,107.3,109.13,1152918,155.85
2018-04-27,109.08,110.73,108.37,110.46,1058445,157.75
2018-04-30,110.45,110.62,108.37,108.5,992634,154.95
2018-05-01,107.97,109.56,106.93,109.17,1312488,155.92
2018-05-02,109.27,109.39,107.72,108,952737,154.24
2018-05-03,107.54,107.77,105.18,106.25,1567159,151.74
2018-05-04,105.87,107.91,105.79,107.34,1065161,153.3
2018-05-07,107.51,108.38,107.16,107.41,1165544,153.4
2018-05-08,107.52,108.73,107.17,107.82,767107,153.98
2018-05-09,107.87,108.91,107.05,108.25,875604,154.6
2018-05-10,108.8,109.88,108.32,108.96,1002714,155.62
2018-05-11,108.77,109.69,108.57,109.21,782407,155.97
2018-05-14,109.31,110.95,109.24,110.39,1263171,157.65
2018-05-15,109.96,110.63,109.64,110.11,1799777,157.26
2018-05-16,110.22,112.33,110.05,111.72,2139034,159.56
2018-05-17,112.14,114.33,111.56,114.15,4129988,161.85
2018-05-18,114.24,115.83,113.73,114.74,3849100,162.68
2018-05-21,116.27,117.36,115.31,116.34,5028924,164.95
2018-05-22,116.37,118.16,115.84,115.88,6833538,164.3
2018-05-23,115.98,117.05,114.7,116.12,4189064,164.65
2018-05-24,111.39,112,106.32,106.5,7138594,151.01
2018-05-25,106.47,108.25,105.79,106.55,4617234,151.07
2018-05-29,105.37,106.43,104.94,105.79,1568331,149.99
2018-05-30,106.26,106.46,104.88,105.26,2855922,149.24
2018-05-31,104.95,105.01,101.17,102.09,3668753,144.75
2018-06-01,102.25,102.48,100.93,102.48,3529995,145.31
2018-06-04,105.07,106.57,104.55,105.24,1826601,149.22
2018-06-05,105.49,105.6,103.97,104.69,1409501,148.44
2018-06-06,104.27,104.46,102.46,104.1,1195886,147.6
2018-06-07,104.35,105.35,103.4,104.64,1013289,148.37
2018-06-08,104.63,105.29,103.32,104.99,1025046,148.86
2018-06-11,104.99,106.76,104.92,106.27,775804,150.68
2018-06-12,106.81,107.17,105.93,106.95,907527,151.64
2018-06-13,107.18,107.34,106.36,106.54,766051,151.06
2018-06-14,107.75,110.55,107.25,109.65,2070879,155.47
2018-06-15,109.2,109.2,106.89,107.23,1937272,152.04
2018-06-18,106.17,106.58,105.62,106.24,873789,150.63
2018-06-19,105.2,105.2,103.09,103.68,1504525,147
2018-06-20,103.82,104.28,102.11,102.9,806059,145.9
2018-06-21,102.26,102.57,101.34,101.55,744042,143.98
2018-06-22,101.76,102.24,101.28,102.02,848075,144.65
2018-06-25,101.75,102.08,100.97,101.48,1121742,143.89
2018-06-26,102.15,102.4,100.37,101.83,976602,144.38
2018-06-27,102.34,103.97,101.76,102.02,683783,144.65
2018-06-28,102.2,102.96,101.33,102.66,1433706,145.56
2018-06-29,102.93,104.2,102.54,103.13,756611,146.23
2018-07-02,102.09,103.8,101.42,103.63,918872,146.94
2018-07-03,104.23,104.54,102.99,103.08,328237,146.15
2018-07-05,103.3,105.14,103.11,104.95,741279,148.81
2018-07-06,104.81,106.68,104.81,106.41,547942,150.87
2018-07-09,107.2,109.52,106.31,109.25,929759,154.9
2018-07-10,109.27,109.32,107.57,108.65,714664,154.05
2018-07-11,108.11,109.38,107.5,108.73,697424,154.17
2018-07-12,109.2,109.79,108.25,109.52,779685,155.29
2018-07-13,109.23,110.38,108.62,109.86,956601,155.77
2018-07-16,108.98,109.14,107.41,108.22,934895,153.44
2018-07-17,108.05,108.87,105.56,106.33,1328939,150.76
2018-07-18,105.74,106.46,104.49,106.1,992633,150.44
2018-07-19,106.13,107.69,105.47,107.45,975889,152.35
2018-07-20,107.33,109.17,106.81,107.06,1267886,151.8
2018-07-23,106.99,107.7,106.07,106.29,1324353,150.71
2018-07-24,95.47,95.78,90.45,90.85,12709096,128.82
2018-07-25,90.47,90.66,86.62,87.6,4911239,124.21
2018-07-26,87.3,90.13,86.77,90.02,2338406,127.64
2018-07-27,90.28,91.76,89.9,90.2,1895380,127.89
2018-07-30,89.91,91.29,89.91,90.21,2521868,127.9
2018-07-31,90.71,92.85,90.28,92.46,1246142,131.1
2018-08-01,92.54,92.89,91.28,92.36,1001744,130.95
2018-08-02,91.83,93.65,91.83,93.25,869202,132.21
2018-08-03,93.75,95.9,93.51,95.06,1257574,134.78
2018-08-06,94.79,95.35,92.87,93.54,1173180,132.63
2018-08-07,93.65,94.17,92.76,93.2,1037717,132.14
2018-08-08,93.28,93.28,91.95,92.9,759470,131.72
2018-08-09,93.1,94.26,92.17,92.25,750732,130.8
2018-08-10,91.69,91.74,89.59,89.8,1069219,127.32
2018-08-13,89.57,89.63,87.42,87.87,1423477,124.59
2018-08-14,87.94,88.25,87.43,87.7,698034,124.35
2018-08-15,86.98,88.05,86.19,87.84,1290520,124.54
2018-08-16,88.34,90.37,88.18,90.04,900098,127.66
2018-08-17,89.56,90.45,88.88,89.74,513933,127.24
2018-08-20,90.13,90.61,89.87,90.33,541585,128.07
2018-08-21,91.07,92.62,90.71,91.95,667422,130.37
2018-08-22,91.75,91.79,90.52,90.85,926569,128.82
2018-08-23,90.52,90.63,88.93,89.29,837617,126.6
2018-08-24,89.94,89.94,88.99,89.66,539175,127.12
2018-08-27,90.73,92.94,90.44,92.25,1051145,130.8
2018-08-28,92.07,93.06,91.43,91.62,1822555,129.91
2018-08-29,91.55,92.07,90.42,91.58,652317,129.85
2018-08-30,91.57,91.84,89.7,89.98,661886,126.45
2018-08-31,89.65,89.97,88.32,88.93,1210404,124.98
2018-09-04,88.54,88.85,87.62,88.24,841554,124
2018-09-05,88.24,90.65,88.17,90.23,1032125,126.8
2018-09-06,90.39,91.94,89.67,89.99,462846,126.47
2018-09-07,89.72,90.16,89.23,89.42,447004,125.67
2018-09-10,89.85,90.56,89.68,89.98,534992,126.45
2018-09-11,89.56,90.37,88.76,89.55,498238,125.85
2018-09-12,89.59,89.59,88.42,88.6,1108353,124.51
2018-09-13,89,89.21,88.31,89.18,881037,125.32
2018-09-14,88.33,89.44,87.2,87.67,1028431,123.21
2018-09-17,87.52,89.15,87.32,87.57,1274630,123.07
2018-09-18,87.41,87.7,86.19,86.88,1213646,122.1
2018-09-19,87.27,88.98,86.91,87.5,986848,122.97
2018-09-20,88.23,89.01,87.38,87.52,1010072,122.99
2018-09-21,87.52,88.56,87.26,88.06,2573708,123.75
2018-09-24,88.06,88.59,86.45,86.47,1278902,121.52
2018-09-25,86.76,86.76,86.07,86.33,895035,121.32
2018-09-26,86.64,86.98,84.66,84.93,1070419,119.36
2018-09-27,85.02,85.71,84.48,84.64,715785,118.94
2018-09-28,84.61,84.99,84.22,84.5,636667,118.75
2018-10-01,84.88,85.36,84.25,84.39,854994,118.59
2018-10-02,82.97,83.95,81.77,82.15,1278987,115.45
2018-10-03,82.66,83.07,81.13,81.38,1396649,114.37
2018-10-04,81.24,81.99,80.95,81.26,740324,114.19
2018-10-05,81.32,82.23,79.12,79.36,1245247,111.52
2018-10-08,79.06,80.3,78.51,80.1,919755,112.56
2018-10-09,78.6,78.99,75.47,75.64,1763686,106.3
2018-10-10,75.27,76.41,74.59,74.69,1673047,104.97
2018-10-11,74.92,76.32,74.08,74.25,1166072,104.35
2018-10-12,75.23,75.38,73.19,73.9,1088341,103.85
2018-10-15,73.44,76.12,73.36,74.98,1024031,105.37
2018-10-16,75.39,77.51,74.93,77.11,1350013,108.37
2018-10-17,76.64,77.9,76.39,77.09,1331217,108.34
2018-10-18,76.62,77.44,75.44,76.14,1369563,107
2018-10-19,76.13,76.95,75.71,76.06,1367221,106.89
2018-10-22,76.2,76.64,75.21,75.66,1199648,106.33
2018-10-23,75.02,78.67,74.39,78.07,1949765,109.72
2018-10-24,77.57,79.21,73.76,74.2,2325234,104.27
2018-10-25,77.83,80.39,76.55,79.23,2992842,111.34
2018-10-26,77.34,77.7,72.67,74.38,2622097,104.53
2018-10-29,75.71,76.76,73.45,74.18,1629456,104.25
2018-10-30,74.43,79.47,74.13,79.18,1520776,111.27
2018-10-31,80.07,80.3,77.79,78.1,1207204,109.76
2018-11-01,78.93,82.05,78.1,81.2,1289655,114.11
2018-11-02,82.2,83.77,81.35,82.21,1217680,115.53
2018-11-05,82.46,83.03,81.75,82.66,880249,116.16
2018-11-06,82.28,83.41,81.9,82.49,641586,115.92
2018-11-07,83.14,83.35,81.68,83.33,873096,117.11
2018-11-08,82.62,84.03,81.85,83.45,737362,117.28
2018-11-09,82.77,83.85,82.02,82.8,745909,116.36
2018-11-12,82.24,83.23,81.62,82.1,903811,115.37
2018-11-13,82.08,84.19,81.93,83.22,971811,116.95
2018-11-14,83.18,84.19,80.74,81.08,1246609,113.94
2018-11-15,79.75,82.33,79.15,81.42,1334818,113.27
2018-11-16,81.49,84.66,81.49,84.18,1223175,117.1
2018-11-19,83.74,85.97,83.74,85.25,1168263,118.6
2018-11-20,84.02,86.54,83.59,85.38,1088212,118.77
2018-11-21,85.73,87.57,84.95,86.45,1307863,120.27
2018-11-23,86.05,87.6,86.05,87.01,410577,121.04
2018-11-26,87.7,90.23,87.27,89.77,1411740,124.88
2018-11-27,89.18,90.19,88.59,90.04,989091,125.26
2018-11-28,88.65,90.88,87.27,90.73,1487670,126.22
2018-11-29,90.34,91.55,90.19,90.86,973803,126.4
2018-11-30,90.86,91.01,89.8,90.67,887777,126.13
2018-12-03,92.11,92.23,89.6,90.95,796192,126.53
2018-12-04,89.71,91.1,86.63,86.99,1234719,121.01
2018-12-06,86.13,87.47,84.53,87.37,980961,121.55
2018-12-07,87.5,88.3,86.19,86.53,591675,120.37
2018-12-10,86.26,86.81,81.43,83.85,1338647,116.64
2018-12-11,84.89,85.2,82.24,82.98,901213,115.43
2018-12-12,83.87,85.43,82.89,84.37,1047740,117.37
2018-12-13,84.54,85.24,83.71,84.24,919575,117.19
2018-12-14,82.76,84.1,81.01,81.37,1239363,113.2
2018-12-17,80.72,83.06,79.5,80.13,1220985,111.47
2018-12-18,80.93,82.33,80.16,81.05,818179,112.75
2018-12-19,81.15,83.12,78.76,79.16,840564,110.12
2018-12-20,79.13,80.8,77.05,78.47,958685,109.16
2018-12-21,78.68,80.44,74.84,75.43,1715160,104.93
2018-12-24,74.77,75.37,72.15,73.12,550514,101.72
2018-12-26,73.62,76.23,71.45,76.2,1037959,106.01
2018-12-27,75.19,76.71,73.69,76.7,848499,106.7
2018-12-28,77.15,78.62,76.5,77.11,925033,107.27
2018-12-31,77.6,78.04,74.82,76.82,952094,106.87
2019-01-02,74.91,78.68,74.62,77.58,812686,107.92
2019-01-03,77.02,78.2,75.92,77.32,751906,107.56
2019-01-04,78.68,81.69,78.68,81.1,890877,112.82
2019-01-07,81.69,84.84,80.49,83.46,897990,116.11
2019-01-08,84.34,85.64,83.73,85.34,823564,118.72
2019-01-09,85.51,88.06,85.2,87.33,868246,121.49
2019-01-10,86.58,88.36,86.29,88.06,788624,122.51
2019-01-11,87.34,88.9,86.96,88.48,579062,123.09
2019-01-14,88.09,89.77,87.58,89.09,998442,123.93
2019-01-15,88.92,89.81,87.87,89.03,637789,123.85
2019-01-16,89.22,89.6,88.2,88.55,525779,123.18
2019-01-17,87.76,90.77,87.54,90.23,500477,125.52
2019-01-18,91,92,90.15,91.34,822410,127.06
2019-01-22,91.46,91.46,89.78,90.73,1199576,126.22
2019-01-23,90.24,90.94,85.32,86.14,1360613,119.83
2019-01-24,86.47,88.65,86.3,88.35,919485,122.9
2019-01-25,89.65,90.79,89.16,89.91,719143,125.07
2019-01-28,88.52,90.71,88.22,89.47,1305747,124.46
2019-01-29,84.78,98.7,83.94,98.11,7593409,136.49
2019-01-30,96.81,96.82,92.61,94.99,2277471,132.15
2019-01-31,94.99,96.97,94.38,95.61,1701961,133.01
2019-02-01,96.02,97.31,94.28,95.6,1088403,132.99
2019-02-04,95.66,97.55,95.45,97.4,811154,135.5
2019-02-05,97.24,98.89,96.62,97.38,892349,135.47
2019-02-06,96.98,97.76,96.48,96.55,674891,134.31
2019-02-07,96.56,97.32,95.43,96.39,582299,134.09
2019-02-08,96.26,96.58,94.51,95.81,581437,133.29
2019-02-11,96.01,96.2,94.65,95.54,751818,132.91
2019-02-12,96.18,98.96,95.84,98.08,861849,136.44
2019-02-13,98.28,99.54,97.92,99.16,751572,137.95
2019-02-14,98.7,100.03,98.05,98.89,835675,137.57
2019-02-15,99.6,101.32,98.88,100.18,969377,139.36
2019-02-19,99.29,102.23,99.18,101.75,708295,141.55
2019-02-20,101.77,103.83,101.22,102.58,800185,142.7
2019-02-21,101.95,103.71,101.51,102.65,644274,142.8
2019-02-22,103.3,104.73,102.8,104.65,712700,145.58
2019-02-25,105.06,105.53,103.88,103.99,836271,144.67
2019-02-26,103.51,104.59,102.62,103,698831,143.28
2019-02-27,103.17,104.03,101.44,102.75,689502,142.94
2019-02-28,102.53,102.93,100.86,102.55,1119299,141.51
2019-03-01,103.02,103.42,101.85,102.4,576425,141.31
2019-03-04,102.66,103.63,102.35,103.59,769308,142.95
2019-03-05,103.63,104.19,102.74,102.84,609775,141.91
2019-03-06,102.5,103.02,100.51,100.66,640400,138.91
2019-03-07,100.55,101.1,99.22,99.61,630385,137.46
2019-03-08,99.34,100,98.34,99.68,447779,137.55
2019-03-11,99.53,100.92,98.69,98.99,586512,136.6
2019-03-12,99.63,102.35,99.32,102.19,1069374,141.01
2019-03-13,102.56,104.48,101.95,102.25,1384845,141.1
2019-03-14,102.4,102.9,101.07,101.5,842530,140.07
2019-03-15,100.72,100.94,95.3,96.51,2228465,133.18
2019-03-18,96.45,98.58,96.38,96.61,1083575,133.31
2019-03-19,97.33,98.49,95.52,95.81,963203,132.21
2019-03-20,95.63,96.48,94.13,94.57,967401,130.5
2019-03-21,94.74,97.42,94.74,97.11,1591478,134.01
2019-03-22,96.66,96.95,93.42,93.51,1066148,129.04
2019-03-25,93.23,94.96,93.08,93.53,1033295,129.07
2019-03-26,94.31,95.19,93.96,94.9,862959,130.95
2019-03-27,95.75,96.09,94.69,95.5,667070,131.78
2019-03-28,95.5,96.27,95.04,95.69,382104,132.05
2019-03-29,96.21,97.03,95.27,96.3,727341,132.89
2019-04-01,96.85,97.54,95.84,97.45,620195,134.47
2019-04-02,97.4,97.94,96.67,97.53,598483,134.59
2019-04-03,97.73,97.78,95.82,96.21,872281,132.77
2019-04-04,96.21,97.45,95.95,97.45,649749,134.47
2019-04-05,97.58,99.05,97.19,98.63,650855,136.11
2019-04-08,98.77,100,97.79,99.91,629413,137.87
2019-04-09,99.72,99.72,97.4,97.67,594435,134.78
2019-04-10,98.14,99.5,97.64,99.3,607974,137.03
2019-04-11,99.4,101.74,98.89,101.25,634366,139.72
2019-04-12,101.09,101.91,100.34,101.37,915291,139.88
2019-04-15,101.45,101.61,98.57,98.82,1223916,136.37
2019-04-16,98.05,99.7,98,99.53,793922,137.35
2019-04-17,99.56,100.78,98.48,99.19,609631,136.88
2019-04-18,98.99,101.33,98.95,100.77,729855,139.06
2019-04-22,101,102.36,100.66,100.99,1824452,139.36
2019-04-23,104.45,105,100.52,101.4,3076749,139.93
2019-04-24,101.9,101.9,98.19,100.88,1311316,139.21
2019-04-25,100.43,100.43,97.35,97.86,1044429,135.04
2019-04-26,98.41,99.38,97.17,99.32,946376,137.06
2019-04-29,99.44,101.45,98.97,100.41,765665,138.56
2019-04-30,100.4,101.28,98.99,100.6,722374,138.82
2019-05-01,100.67,101.87,99.92,101.28,911553,139.76
2019-05-02,101.42,103.98,101.33,103.13,701815,142.31
2019-05-03,103.58,104.16,102.93,103.24,603901,142.46
2019-05-06,101.43,101.9,100.09,101.44,872504,139.98
2019-05-07,100.5,100.87,98.45,99.82,807274,137.75
2019-05-08,99.51,100.83,98.98,99.27,484664,136.98
2019-05-09,98.34,98.47,95.14,96.98,879457,133.83
2019-05-10,98.25,98.25,94.52,97.34,816973,134.32
2019-05-13,95.03,95.81,91.42,92.82,1155407,128.08
2019-05-14,93.12,94.11,91.96,93.54,838746,129.08
2019-05-15,93.41,95.41,92.69,94.7,855028,130.68
2019-05-16,94.8,96.37,94.48,95.02,763489,129.92
2019-05-17,94.2,95.12,92.58,94.08,570495,128.63
2019-05-20,93.36,95.08,92.89,94.73,597750,129.52
2019-05-21,94.63,97.05,94.63,96.91,739687,132.5
2019-05-22,95.77,96.9,95.3,95.81,729836,131
2019-05-23,94.48,94.48,90.98,92.19,1015636,126.05
2019-05-24,92.75,93.29,91.12,91.34,705145,124.89
2019-05-28,91.39,92.13,89.56,89.59,725280,122.5
2019-05-29,89.39,89.86,87.22,87.99,701607,120.3
2019-05-30,88,88.76,86.64,87.61,506953,119.79
2019-05-31,86.05,86.51,83.38,84.02,971178,114.88
2019-06-03,84.1,86.94,83.69,85.8,755957,117.31
2019-06-04,86.92,92.2,86.73,92.02,1103362,125.81
2019-06-05,92.27,92.75,89.61,91.85,590655,125.59
2019-06-06,93.32,94.39,91.77,93.74,832690,128.17
2019-06-07,93.72,94.58,93.21,94.16,518126,128.74
2019-06-10,95.08,96.32,94.19,95.26,606894,130.24
2019-06-11,95.88,96.64,94.97,95.31,493616,130.31
2019-06-12,95.14,96.23,93.95,95.2,538556,130.17
2019-06-13,95.99,98.84,95.99,98.8,808617,135.08
2019-06-14,98.74,100.32,98.09,99.23,827792,135.68
2019-06-17,100.01,101.49,99.31,100.98,840723,138.06
2019-06-18,102.15,104.19,101.3,103.7,1128065,141.79
2019-06-19,103.79,104.2,102.16,103.84,883834,141.98
2019-06-20,105.09,105.4,102.99,103.3,713703,141.24
2019-06-21,103.37,103.94,101.74,103.62,1039302,141.67
2019-06-24,103.62,104.03,102.22,102.47,630587,140.1
2019-06-25,102.74,103.25,100.41,100.64,673855,137.6
2019-06-26,100.91,103.31,100.86,102.2,853440,139.74
2019-06-27,102.8,104.47,102.8,104.08,596677,142.31
2019-06-28,104.22,105.6,103.86,104.12,851699,142.36
2019-07-01,105.72,108.14,105.58,106.48,865116,145.58
2019-07-02,106.05,106.05,104.6,105.93,451597,144.84
2019-07-03,106.47,107.01,105.4,106.95,211290,146.23
2019-07-05,105.94,106.74,105.08,105.8,415276,144.66
2019-07-08,105.66,105.93,104.62,105.71,414170,144.53
2019-07-09,104.98,105.25,103.55,104.44,668588,142.8
2019-07-10,105.13,105.61,103.1,103.92,582161,142.08
2019-07-11,103.86,104.4,102.74,104.32,505646,142.63
2019-07-12,104.87,107.4,104.46,107.09,888209,146.42
2019-07-15,106.56,107.09,104.81,105.25,697855,143.9
2019-07-16,105.28,108.75,104.77,108.66,1052415,148.57
2019-07-17,108.79,110.22,108.04,109.12,1030999,149.2
2019-07-18,108.72,110.73,108.68,109.99,925869,150.38
2019-07-19,110.26,110.73,108.37,108.38,659357,148.19
2019-07-22,108.95,109.42,108.11,108.5,1640313,148.35
2019-07-23,107.5,111.54,100.94,104.2,3163577,142.47
2019-07-24,104.08,107.79,103.71,107.2,1378672,146.57
2019-07-25,107.26,108.98,106.42,107.51,652902,146.99
2019-07-26,107.17,109.03,105.96,108.93,676792,148.94
2019-07-29,108.9,109.77,108.06,108.98,635304,149.01
2019-07-30,108.41,110.27,107.82,110.26,639737,150.75
2019-07-31,110.12,110.53,105.56,106.4,1392914,145.48
2019-08-01,106.38,107.38,102.32,102.34,978494,139.92
2019-08-02,101.96,101.96,98.52,99.16,967381,135.58
2019-08-05,97.28,97.66,95.42,97.39,1006069,133.16
2019-08-06,98.37,99.83,97.73,99.7,853216,136.31
2019-08-07,98.96,101.63,97.3,101.32,655153,138.53
2019-08-08,102.12,104,101.69,103.85,644722,141.99
2019-08-09,103.29,103.59,99.84,99.91,694572,136.6
2019-08-12,99.26,100.51,98.16,98.76,354010,135.03
2019-08-13,98.93,102.94,98.21,99.25,628208,135.7
2019-08-14,97.89,98.41,94.43,94.95,826627,129.82
2019-08-15,95.48,95.54,93.85,94.47,484502,129.17
2019-08-16,95.2,96.68,93.83,96.37,510863,131.77
2019-08-19,97.38,99.77,97.38,98.97,528853,135.32
2019-08-20,98.52,100.82,98.01,100.32,710278,137.17
2019-08-21,101.39,103.59,101.06,102.51,950867,140.16
2019-08-22,102.51,103.04,101.33,101.87,455542,139.29
2019-08-23,100.2,101.12,97.86,98.41,734723,134.55
2019-08-26,100.08,100.17,98.71,99.37,516750,135.86
2019-08-27,99.95,101.11,98.07,98.08,660605,134.1
2019-08-28,97.85,100.52,97.27,100.43,547372,137.32
2019-08-29,101.81,102.94,100.86,101.47,449248,137.52
2019-08-30,102.37,103.55,102.2,102.63,682494,139.09
2019-09-03,101.08,102.17,98.18,99.22,616583,134.47
2019-09-04,100.4,102.15,100.11,101.58,599630,137.68
2019-09-05,103.55,105.89,102.99,105.48,777071,142.96
2019-09-06,105.83,107.15,105.51,106.16,638467,143.88
2019-09-09,106.71,109.61,106.22,109.1,853583,147.87
2019-09-10,108.56,111.44,107.8,111.13,1203140,150.62
2019-09-11,110.91,113.05,109.86,112.73,683336,152.78
2019-09-12,112.8,112.89,111.23,111.29,642211,150.83
2019-09-13,111.72,112.87,110.46,110.57,386608,149.86
2019-09-16,109.49,110.3,109.28,109.77,362482,148.77
2019-09-17,109.38,112.87,107.77,112.3,811063,152.2
2019-09-18,109.75,111.38,108.33,109.96,685010,149.03
2019-09-19,110.82,111.74,109.61,109.62,577555,148.57
2019-09-20,109.91,111.28,109.24,109.63,869316,148.59
2019-09-23,108.61,111.04,108.42,110.26,435946,149.44
2019-09-24,111.41,111.57,109.49,110.07,516559,149.18
2019-09-25,109.72,111.52,109.15,110.94,557603,150.36
2019-09-26,114.04,117.47,112.37,114.25,1444464,154.84
2019-09-27,114.22,115.52,113.07,114.73,1055951,155.5
2019-09-30,115.48,117.32,114.84,116.84,822412,158.36
2019-10-01,116.87,117.57,113.56,114.21,627468,154.79
2019-10-02,113.35,113.91,111.22,112.84,606749,152.93
2019-10-03,112.5,113.22,110.06,112.98,656162,153.13
2019-10-04,112.85,115.1,112.84,114.61,673491,155.33
2019-10-07,113.69,116.88,113.26,115.8,877465,156.95
2019-10-08,114.19,115.85,112.34,114.4,715385,155.05
2019-10-09,115.46,115.46,113.52,115.16,659242,156.08
2019-10-10,114.93,116.71,114.35,116.08,369222,157.32
2019-10-11,116.95,118.79,116.67,116.74,654527,158.22
2019-10-14,116.29,117.85,116.01,116.92,617502,158.47
2019-10-15,117.19,118.05,116.27,117.04,788348,158.62
2019-10-16,116.46,118.59,116.06,117.71,671504,159.54
2019-10-17,117.96,118.52,116.88,118.18,355389,160.17
2019-10-18,117.73,119.43,117.55,118.84,768991,161.06
2019-10-21,119.82,120.74,118.19,118.54,980724,160.66
2019-10-22,119.41,119.76,117.22,118.51,1399486,160.62
2019-10-23,113.62,120.53,113.34,119.65,2035790,162.16
2019-10-24,119.71,120.24,117.62,118.44,854402,160.53
2019-10-25,118.05,119.41,117.52,117.58,755998,159.36
2019-10-28,118.15,119.14,113.83,114.02,959972,154.54
2019-10-29,113.83,115.77,113.74,114.72,935257,155.48
2019-10-30,114.61,114.87,111.94,114.18,628600,154.75
2019-10-31,114.08,114.18,110.71,112.24,645153,152.12
2019-11-01,113.19,113.47,110.16,110.73,1917429,150.07
2019-11-04,111.83,114.45,111.33,113.95,956325,154.44
2019-11-05,114.36,116.96,114.17,116.41,987168,157.77
2019-11-06,116.59,116.59,113.64,115.44,637593,156.46
2019-11-07,116.03,117,115.12,115.33,495777,156.31
2019-11-08,115.39,115.89,113.87,114.19,597218,154.77
2019-11-11,113.01,115.07,112.74,115.06,532231,155.94
2019-11-12,114.96,115.47,113.71,114.59,897268,155.31
2019-11-13,113.82,114.75,109.95,110.88,1247029,150.28
2019-11-14,111.18,112.96,111.15,111.54,1034092,149.97
2019-11-15,110.82,110.96,106.1,107.37,2840188,144.36
2019-11-18,107.52,107.92,105.69,106.48,1883956,143.16
2019-11-19,106.81,106.81,104.21,104.86,1751199,140.98
2019-11-20,104.94,106.49,104.55,106.11,1690493,142.66
2019-11-21,105.88,107.65,105.53,105.92,932217,142.41
2019-11-22,106.26,107.38,106.01,107.16,560256,144.07
2019-11-25,107.61,109.1,107,108.6,772932,146.01
2019-11-26,108.72,109.94,107.95,109.86,1388570,147.7
2019-11-27,110.38,110.58,107.51,108.33,894001,145.65
2019-11-29,107.58,108.38,106.19,106.43,397538,143.1
2019-12-02,106.53,107.13,104.6,106.31,941032,142.93
2019-12-03,105.61,105.61,103.05,104.82,768496,140.93
2019-12-04,105.75,107.1,105.59,105.65,659279,142.04
2019-12-05,106.05,107.93,106.05,107.78,497745,144.91
2019-12-06,108.92,110.64,108.85,109.76,756666,147.57
2019-12-09,109.63,110.08,108.52,108.75,530193,146.22
2019-12-10,108.43,109.36,107.03,107.45,929304,144.47
2019-12-11,107.18,108.75,107.18,108.74,523359,146.2
2019-12-12,109.24,113.79,108.57,112.71,1881155,151.54
2019-12-13,111.57,112.29,107.5,110.39,1805200,148.42
2019-12-16,110.62,111.32,108.33,110.9,1101035,149.1
2019-12-17,110.75,110.75,108.6,109.07,923099,146.65
2019-12-18,109.52,109.82,108.4,109.03,484610,146.59
2019-12-19,108.82,108.89,106.83,107.03,796219,143.9
2019-12-20,107.32,109.79,106.68,109.64,1809001,147.41
2019-12-23,110.45,110.76,107.78,108.2,484508,145.48
2019-12-24,108.15,108.49,107.34,107.98,211336,145.18
2019-12-26,108.03,108.41,107.18,107.99,259447,145.19
2019-12-27,107.92,108.67,107.62,108.53,395007,145.92
2019-12-30,108.79,109.44,107.89,108.75,489747,146.22
2019-12-31,108.92,110.2,108.26,109.73,478650,147.53
2020-01-02,110.72,111.16,108.46,110.41,912084,148.45
2020-01-03,109.07,109.07,107.85,108.53,576006,145.92
2020-01-06,107.59,109.89,106.66,109.55,644871,147.29
2020-01-07,109.52,110.81,109.04,109.59,846555,147.34
2020-01-08,109.46,111.74,109.46,111.12,623835,149.4
2020-01-09,112.09,112.13,110.2,111.83,776354,150.36
2020-01-10,111.78,112.18,109.9,111.33,1042334,149.68
2020-01-13,111.71,113.66,111.34,113.63,1128865,152.78
2020-01-14,113.63,114.82,113.05,113.97,862199,153.23
2020-01-15,113.48,116.5,113.23,114.49,1059307,153.93
2020-01-16,115.46,116.04,113.6,114.66,1005972,154.16
2020-01-17,115.01,115.62,113.1,113.52,854848,152.63
2020-01-21,112.78,113.75,111.51,112.61,1049480,151.4
2020-01-22,112.6,112.97,108.91,109.1,1398957,146.69
2020-01-23,108.5,112.53,107.34,112.1,1017126,150.72
2020-01-24,111.97,113.54,110.05,111.13,1115732,149.42
2020-01-27,108.75,112.03,107.97,110.25,1666573,148.23
2020-01-28,112.31,117.79,109.97,116.53,3147761,156.67
2020-01-29,116.91,117.84,114.39,114.62,994847,154.1
2020-01-30,113.69,115.12,112.37,113.64,846506,152.79
2020-01-31,113.93,114.52,108,108.72,1233306,146.17
2020-02-03,109.35,111.13,108.58,109.45,823784,147.15
2020-02-04,112.09,112.97,111.15,111.68,760373,150.16
2020-02-05,113.68,115.47,112.94,114.88,935449,154.45
2020-02-06,115.11,115.81,113.81,113.84,708514,153.06
2020-02-07,112.67,112.67,110.52,110.98,775975,149.21
2020-02-10,110.52,112.17,110.12,111.13,467704,149.41
2020-02-11,112.28,114.03,111.65,113.04,698387,151.98
2020-02-12,113.64,115.11,112.52,113.43,577443,152.5
2020-02-13,112.64,113.57,111.83,113.08,562541,152.03
2020-02-14,113.1,114.16,112.47,113.17,606690,152.16
2020-02-18,112.08,112.86,107.94,110.14,1302420,148.08
2020-02-19,110.77,111.83,108.61,109.5,726509,147.22
2020-02-20,109.49,111.37,108.72,110.88,708737,149.08
2020-02-21,109.91,110.63,108,109.48,574575,147.19
2020-02-24,105.58,106.21,104.22,104.7,1230823,140.77
2020-02-25,105.59,105.77,100.26,102.01,1532826,137.15
2020-02-26,102.63,105.16,101.62,102.13,1201753,137.31
2020-02-27,100.24,104.45,98.5,98.63,1751370,131.45
2020-02-28,94.28,97.69,93.16,95.94,2099524,127.86
2020-03-02,96.03,100.53,95.04,100.45,1598008,133.87
2020-03-03,99.76,102.09,94.92,95.94,1213124,127.87
2020-03-04,97.03,99.1,95.7,99,752975,131.94
2020-03-05,96.31,97.39,93.05,93.69,962908,124.86
2020-03-06,90.8,93.16,88.22,90.88,2065288,121.12
2020-03-09,84.6,86.39,83.26,84.32,1907309,112.38
2020-03-10,87.83,88.34,82.48,88.07,1207224,117.37
2020-03-11,85.18,87.05,82.33,82.9,1160082,110.49
2020-03-12,77.23,79.79,74.74,76.83,1712604,102.39
2020-03-13,80.88,86.88,77.53,86.61,2341835,115.43
2020-03-16,78.78,81.92,69.13,69.62,2409181,92.79
2020-03-17,71.45,76.92,66.57,73.06,1898146,97.37
2020-03-18,67.91,71.94,64.48,66.76,1980484,88.98
2020-03-19,65.28,70.5,57.76,61.95,1929299,82.57
2020-03-20,63.24,63.34,55.32,55.86,1775518,74.45
2020-03-23,55.46,55.76,48.02,48.19,1910128,64.22
2020-03-24,51.43,64.28,51.4,62.43,2839227,83.21
2020-03-25,63.78,66.49,60.25,61.82,1845590,82.39
2020-03-26,62.95,64.03,57.93,62.43,2020403,83.2
2020-03-27,59.82,63.91,58.28,63.22,1447223,84.26
2020-03-30,62.76,66.34,60.78,65.81,1635601,87.71
2020-03-31,65.23,67.09,63.78,64.38,1470835,85.8
2020-04-01,60.03,62,59.1,60.48,866630,80.6
2020-04-02,59.29,62.54,59.12,61.25,1197524,81.63
2020-04-03,61.53,63.26,59.16,62.01,1136709,82.64
2020-04-06,64.81,69.89,64.81,69.4,1477065,92.49
2020-04-07,71.07,73.77,69.66,71.21,1167414,94.91
2020-04-08,71.61,75.41,71,74.79,919867,99.68
2020-04-09,76.7,80.21,76.48,78.6,1343679,104.75
2020-04-13,78.6,79.19,73.07,75.52,919246,100.65
2020-04-14,78.02,78.33,76.4,77.67,952313,103.51
2020-04-15,74.99,75.45,71.18,74.95,1177154,99.89
2020-04-16,73.91,74.74,70.39,72.51,1083307,96.64
2020-04-17,75.54,79.4,74.86,79.03,1078718,105.33
2020-04-20,77.13,78.12,74.78,75.03,804754,100
2020-04-21,72.81,75.47,72.35,73.67,766948,98.18
2020-04-22,75.78,75.78,72.91,74.55,736254,99.35
2020-04-23,75.42,78.03,74.95,76.72,765339,102.25
2020-04-24,77.46,78.83,76.35,78.47,994520,104.58
2020-04-27,79.16,82.54,78.91,81.92,864772,109.18
2020-04-28,84.37,85.94,83.34,85.42,937730,113.85
2020-04-29,89.36,92.98,87.8,91.92,1340981,122.5
2020-04-30,88.11,89.24,83.84,83.84,1633820,111.74
2020-05-01,84.6,89.1,81.87,84.18,2053976,112.19
2020-05-04,82.15,83.46,79.4,79.55,1510861,106.02
2020-05-05,82.01,83.94,81.55,81.98,1149507,109.26
2020-05-06,82.31,83.09,80.18,80.38,909954,107.13
2020-05-07,81.73,82.69,79.99,80.21,741089,106.9
2020-05-08,82.6,85.55,81.34,84.49,748421,112.6
2020-05-11,82.24,82.7,80.36,81.54,633056,108.67
2020-05-12,81.55,82.34,79.22,79.35,670610,105.75
2020-05-13,78.41,79.06,76.31,77.85,875156,103.75
2020-05-14,77.54,82.04,76.69,81.95,1680670,107.96
2020-05-15,80.55,82.69,79.5,82.59,694373,108.8
2020-05-18,85.21,90.93,85.21,90.02,1167196,118.59
2020-05-19,89.81,92.47,87.91,89.94,1150564,118.48
2020-05-20,91.61,92.32,89.9,90.23,816863,118.86
2020-05-21,90.26,92.25,89.01,90.33,389216,119
2020-05-22,89.79,91.05,88.38,90.87,574346,119.7
2020-05-26,94.61,96.98,93.9,95.31,968500,125.55
2020-05-27,97.58,98.95,95.97,98.07,793773,129.19
2020-05-28,97.69,98.04,92.24,92.36,1120357,121.67
2020-05-29,91.93,93.05,90.67,92.47,993872,121.82
2020-06-01,92.25,94.44,91.73,93.95,507798,123.77
2020-06-02,94.91,97.32,94.4,97.26,579211,128.13
2020-06-03,99.08,100.13,97.34,98.81,684211,130.17
2020-06-04,97.81,102.45,97.17,102.4,1288048,134.89
2020-06-05,104.42,106.5,102.31,103.88,1061276,136.85
2020-06-08,105.1,108.5,104.62,106.95,850576,140.89
2020-06-09,104.63,106.5,102.76,104.01,682221,137.01
2020-06-10,103.98,104.47,101.57,102.2,794368,134.63
2020-06-11,97.45,103.23,92.75,92.98,1124103,122.48
2020-06-12,97.23,97.33,90.8,92.69,1032077,122.1
2020-06-15,89.82,96.13,88.49,95.34,863635,125.6
2020-06-16,99.6,99.86,94.49,95.89,724543,126.32
2020-06-17,96.43,97.56,95.53,95.83,568215,126.24
2020-06-18,94.82,96.82,94.55,96.13,558881,126.63
2020-06-19,98.27,98.37,94.78,96.48,2087704,127.09
2020-06-22,95.18,96.38,94.14,95.48,625339,125.78
2020-06-23,97.12,98.26,95.15,96.81,743276,127.53
2020-06-24,95.63,96.04,91.25,93.74,740292,123.49
2020-06-25,92.27,94.39,91.62,94.36,510923,124.3
2020-06-26,93.4,94.19,92.14,93.22,967355,122.8
2020-06-29,94.57,97.01,93.09,96.52,562781,127.15
2020-06-30,95.99,98.78,95.94,98.33,722653,129.53
2020-07-01,100.14,100.95,96.32,96.44,829737,127.04
2020-07-02,98.14,100.3,96.46,98.06,606689,129.18
2020-07-06,100.26,102.07,100.02,101.32,678375,133.47
2020-07-07,100.03,101.82,99.37,101.46,999637,133.66
2020-07-08,101.29,103.26,100.08,103.24,834353,136
2020-07-09,103.32,103.32,99.76,101.09,682944,133.17
2020-07-10,101.78,103.36,101.64,102.97,678669,135.64
2020-07-13,104.68,106.72,103.59,103.59,901505,136.46
2020-07-14,102.95,105.57,101.89,105.5,832378,138.98
2020-07-15,108.13,109.22,106.69,108.66,808173,143.14
2020-07-16,108.55,111.58,107.98,109.55,875093,144.31
2020-07-17,110.06,110.74,108.01,108.22,651437,142.56
2020-07-20,107.47,109.23,107.19,108.6,608049,143.06
2020-07-21,109.13,109.9,108.5,109.13,551678,143.76
2020-07-22,109.45,113.34,108.76,111.51,1146574,146.89
2020-07-23,117.03,123.73,116.85,120.42,3115510,158.63
2020-07-24,121.53,122.51,119.2,119.9,1194200,157.95
2020-07-27,119.94,126.06,118.14,125.8,1309724,165.72
2020-07-28,124.71,125.47,123.21,123.46,964047,162.64
2020-07-29,123.63,124.81,122.84,123.41,844034,162.57
2020-07-30,121.55,124.22,121.27,123.74,520271,163.01
2020-07-31,123.64,123.91,122.24,123.83,676179,163.12
2020-08-03,124.34,125.98,123.2,124.96,607171,164.61
2020-08-04,124.02,127.48,123.92,127.14,642671,167.49
2020-08-05,127.65,132.56,127.18,131.9,1439643,173.75
2020-08-06,131.37,131.37,129.27,130.48,806113,171.88
2020-08-07,130.16,131.55,129.06,131.48,454193,173.2
2020-08-10,131.28,135.43,131.02,134.34,676163,176.97
2020-08-11,135.44,137.39,133.62,133.85,689542,176.33
2020-08-12,135.67,135.88,133.5,135.56,474218,178.58
2020-08-13,134.66,136.79,133.98,135.47,308584,178.46
2020-08-14,135.97,138.94,135.45,137.35,591849,180.93
2020-08-17,137.3,138.28,136.32,138.11,508661,181.94
2020-08-18,138.29,139.59,136.86,138.16,481022,182
2020-08-19,137.88,141.16,137.76,139.96,569531,184.37
2020-08-20,138.36,140.42,137.53,138.86,433739,182.92
2020-08-21,136.83,138.77,136.65,137.23,969184,180.78
2020-08-24,138.32,138.59,136.56,137.69,667650,181.38
2020-08-25,138.7,138.7,135.74,137.04,602955,180.53
2020-08-26,137.64,137.64,135.46,136.59,425922,179.94
2020-08-27,137.22,137.97,135.87,135.9,560285,177.83
2020-08-28,136.36,137.3,136,136.7,419773,178.88
2020-08-31,136.73,136.95,134.87,135.81,644778,177.72
2020-09-01,135.53,137.26,135.06,136.23,554192,178.27
2020-09-02,136.93,137.71,136.07,137.14,735980,179.46
2020-09-03,137.64,137.71,129.53,131.11,707166,171.56
2020-09-04,132.97,133.24,127.32,128.39,795122,168
2020-09-08,125.47,131.87,125.38,128.63,754376,168.32
2020-09-09,129.72,132.45,129.48,131.31,450210,171.82
2020-09-10,132.31,133.94,129.27,129.5,734822,169.46
2020-09-11,130.4,133.35,130.12,132.05,626788,172.8
2020-09-14,133.82,136.14,133.12,135.88,659972,177.8
2020-09-15,136.24,137.85,135.76,136.31,544158,178.37
2020-09-16,137.54,139.49,136.72,137.23,723748,179.57
2020-09-17,135.33,138.1,134.35,135.07,722090,176.74
2020-09-18,134.69,135.84,132.51,133.18,1424447,174.27
2020-09-21,130.45,135.84,129.91,135.84,1266562,177.75
2020-09-22,135.9,137.9,134.74,137.32,873105,179.69
2020-09-23,137.36,139.03,134.16,134.3,676339,175.74
2020-09-24,133.93,136.62,132.69,134.09,831985,175.46
2020-09-25,134.09,136.75,132.99,136.11,561949,178.11
2020-09-28,138.25,141.61,137.21,141.38,762310,185
2020-09-29,140.68,141.21,138.08,138.13,485176,180.75
2020-09-30,140.54,142.79,138.94,140.53,966759,183.89
2020-10-01,141.5,141.79,138.68,139.99,769749,183.19
2020-10-02,137.25,141.73,137.04,140.77,489643,184.21
2020-10-05,142.13,148.14,141.51,147.48,1162751,192.99
2020-10-06,148.04,149.07,144.99,145.67,965974,190.62
2020-10-07,147.74,150.91,147.51,149.9,746026,196.15
2020-10-08,150.62,153.15,150.49,152.99,882843,200.19
2020-10-09,154.25,156.82,153.28,153.91,893588,201.4
2020-10-12,154.93,155.32,152.61,153.54,732220,200.91
2020-10-13,153.54,155.26,152.74,153.89,861431,201.37
2020-10-14,154.44,156.34,154.04,155.46,575009,203.43
2020-10-15,153.03,156.17,152.84,154.37,740455,202
2020-10-16,155.97,157.51,153.9,154.04,822738,201.57
2020-10-19,153.76,156.13,151.73,151.99,648387,198.88
2020-10-20,154.29,155.51,151.09,152.79,740723,199.93
2020-10-21,153.87,154.48,148.33,150.42,1101131,196.83
2020-10-22,155.71,158.42,146.63,148.1,2677201,193.8
2020-10-23,150.48,151.75,149.03,151.4,827144,198.11
2020-10-26,149.4,150.15,146.76,148.3,712718,194.06
2020-10-27,148.52,150.59,146.81,149.65,695644,195.82
2020-10-28,145.28,148.65,143.69,144.01,719037,188.44
2020-10-29,143.77,145.16,141.19,142.43,636535,186.38
2020-10-30,142.45,144.44,137.86,141.35,920222,184.96
2020-11-02,141.98,147.56,141.77,147.29,629120,192.73
2020-11-03,149.25,152.16,147.84,151.14,699539,197.77
2020-11-04,150.81,150.81,147.49,148.56,699350,194.4
2020-11-05,150.63,153.93,150.63,151.89,861797,198.76
2020-11-06,152.25,155.06,151.15,154.09,504306,201.64
2020-11-09,156.66,157.86,137.95,138.08,1214500,180.69
2020-11-10,138.71,141.38,137.69,139.89,800868,183.05
2020-11-11,140.98,141.57,139.29,141.48,678180,185.13
2020-11-12,141.68,142.52,138.72,140.57,703494,183.94
2020-11-13,142.14,145.34,141.76,144.23,478514,188.73
2020-11-16,145.09,145.99,141.53,144.13,916364,188.6
2020-11-17,144.66,146.73,143.03,146.02,608402,191.07
2020-11-18,146.62,150.83,146.41,148.39,692504,194.17
2020-11-19,147.74,149.55,145.56,148.11,509063,192.56
2020-11-20,148.36,149.59,146.99,148.38,633937,192.91
2020-11-23,149.44,153.66,148.17,152.82,707238,198.68
2020-11-24,154.62,158.28,153.91,154,829014,200.22
2020-11-25,153.48,155.24,151.54,153.92,582408,200.12
2020-11-27,153.82,154.79,152.46,154.57,201954,200.96
2020-11-30,153.38,153.68,148.13,149.69,858817,194.61
2020-12-01,151.06,152.56,148.13,149.06,823198,193.8
2020-12-02,149.02,149.16,141.14,141.36,1083836,183.78
2020-12-03,143.26,144.48,141.1,143.75,1183315,186.89
2020-12-04,143.79,144.86,140.76,141.58,753579,184.07
2020-12-07,141.58,145.56,140.85,145.26,835094,188.85
2020-12-08,144.23,145.86,141.72,142.41,595411,185.15
2020-12-09,143.89,145.2,142.05,142.32,794144,185.04
2020-12-10,141.49,142.08,139.29,140.3,695536,182.41
2020-12-11,140.69,142.64,140.24,141.47,704834,183.93
2020-12-14,143.29,144.22,141.46,141.55,755670,184.03
2020-12-15,142.27,145.7,141.35,145.09,657167,188.63
2020-12-16,145.67,147.36,143.42,143.9,630450,187.09
2020-12-17,145.37,146.72,143.62,146.72,703436,190.75
2020-12-18,146.84,147.42,143.41,144.89,1971606,188.37
2020-12-21,142.54,144.18,140.72,143.54,554176,186.62
2020-12-22,143.06,145.19,142.6,144.44,514425,187.79
2020-12-23,145.1,146.98,144.29,145.79,489990,189.55
2020-12-24,146.24,148.76,145.07,148.6,333854,193.2
2020-12-28,149.12,149.22,142.39,142.44,620549,185.19
2020-12-29,142.45,143.31,139.45,140.91,431855,183.2
2020-12-30,141.64,142.93,141.29,141.82,461720,184.39
2020-12-31,141.47,141.47,138.65,138.83,602524,180.49
2021-01-04,140.36,140.52,134.89,136.06,957937,176.9
2021-01-05,135.96,137.7,131.78,137.47,1068554,178.73
2021-01-06,137.68,139.97,134.95,137.39,1011236,178.62
2021-01-07,137.01,140.97,135.88,140.35,702022,182.47
2021-01-08,140.48,141.2,135.59,138.09,890971,179.54
2021-01-11,136.63,139.99,136.48,138.59,705407,180.18
2021-01-12,139.64,142.04,138.43,141.74,1100058,184.28
2021-01-13,143.07,149.93,142.42,147.66,1225819,191.97
2021-01-14,147.16,149.39,145.83,148.35,1137781,192.87
2021-01-15,147.86,150.16,146.61,149.63,787827,194.54
2021-01-19,149.99,155.02,149.74,152.84,705001,198.71
2021-01-20,153.5,156.21,149.89,150.53,929178,195.71
2021-01-21,150.76,151.92,149.64,150.02,697847,195.05
2021-01-22,148.83,152.54,147.33,152.45,646860,198.21
2021-01-25,153.5,162.12,153.5,156.15,1213392,203.02
2021-01-26,156.16,160.14,154.75,158.77,793874,206.42
2021-01-27,157.65,165.12,156.91,163.37,1874234,212.4
2021-01-28,158.65,158.65,147.09,149.68,2613235,194.6
2021-01-29,149.68,150.12,142.17,142.36,1603494,185.09
2021-02-01,143.09,144.66,138.79,143.49,1029927,186.56
2021-02-02,144.21,146.82,141.64,146.22,1039957,190.11
2021-02-03,146.43,148.86,143.93,146.99,777081,191.1
2021-02-04,146.67,147.89,143.53,144.52,881561,187.9
2021-02-05,145.49,149.56,143.46,148.89,1081822,193.57
2021-02-08,150.01,154.51,149.12,154.16,816187,200.43
2021-02-09,153.82,155.18,152.78,153.29,604194,199.3
2021-02-10,154.22,155.3,150.52,152.01,545297,197.63
2021-02-11,151.85,152.89,149.39,151.22,492703,196.6
2021-02-12,150.12,154.11,150.05,153.78,502158,199.93
2021-02-16,154.89,154.99,149.92,150.92,643760,196.21
2021-02-17,150.16,150.53,148.83,149.19,499534,193.97
2021-02-18,149.22,150.09,145.58,146.85,646310,190.92
2021-02-19,146.86,151.97,146.86,150.25,673404,195.34
2021-02-22,149.93,150.24,147.11,148.21,736902,192.69
2021-02-23,148.14,148.71,143.06,148.3,649211,192.81
2021-02-24,148.3,150.06,146.69,148.85,619801,193.52
2021-02-25,147.84,150.36,143.91,145.63,648856,188.12
2021-02-26,146.85,149.31,144.78,147.15,777239,190.08
2021-03-01,149.6,153.43,149.15,153.05,746374,197.7
2021-03-02,153.58,155.06,150.19,150.2,624362,194.02
2021-03-03,150.23,151.96,147.1,147.85,582815,190.98
2021-03-04,147.37,150.19,142.25,144.55,720728,186.72
2021-03-05,145.92,151.91,143.17,151.15,807975,195.25
2021-03-08,151.63,159.47,150.98,156.37,1032998,201.99
2021-03-09,157.69,159.55,153.93,153.93,697904,198.84
2021-03-10,155.42,159.58,153.28,158.46,677780,204.69
2021-03-11,159.43,161.7,158.35,159.17,532465,205.6
2021-03-12,158.83,161.57,157.97,160.9,491613,207.84
2021-03-15,161.75,164.89,160.12,164.83,606157,212.92
2021-03-16,164.97,166.74,163.98,164.25,620507,212.17
2021-03-17,163.15,167.54,162.9,167.43,639197,216.28
2021-03-18,167.43,171.47,165.69,166.62,713285,215.23
2021-03-19,166.94,170.93,166.7,169.12,2496180,218.46
2021-03-22,169,172.5,166.6,171.51,733273,221.55
2021-03-23,169.3,171.86,164.47,165.51,511648,213.79
2021-03-24,166.62,168.55,163.39,163.39,534126,211.06
2021-03-25,163.38,167.57,161.33,167.31,502123,216.12
2021-03-26,168.97,172.88,166.85,172.71,370264,223.09
2021-03-29,173.43,174.57,167.87,167.88,529358,216.85
2021-03-30,166.86,170.67,166.44,170.5,618539,220.24
2021-03-31,171.17,172.23,168.97,170.59,621865,220.35
2021-04-01,171.1,174.7,170.09,174.42,821619,225.3
2021-04-05,176.2,181.28,174.07,180.77,979948,233.51
2021-04-06,181.7,183.4,179.61,181.44,834450,234.37
2021-04-07,180.41,181.91,177.3,178.34,580687,230.37
2021-04-08,178.87,182.26,177.23,181.11,807750,233.95
2021-04-09,181.73,183.65,180.72,183.47,413077,236.99
2021-04-12,184.04,184.44,181.97,183.88,524440,237.52
2021-04-13,183.23,183.59,178.91,180.92,561233,233.7
2021-04-14,179.89,181.02,179.15,179.58,477030,231.97
2021-04-15,180.76,180.76,177.34,178.75,676181,230.89
2021-04-16,180.17,183.34,180.01,181.78,616473,234.81
2021-04-19,183.37,183.37,182.14,182.14,44398,235.27
2021-04-20,185.21,186.18,180.25,183.05,867595,236.45
2021-04-21,179.91,183.36,179.09,181.69,1363612,234.7
2021-04-22,185.33,190.63,177.64,180.53,1868343,233.19
2021-04-23,182.31,186.73,181.36,184.98,1307765,238.94
2021-04-26,184.76,185.23,180.96,182.79,778556,236.12
2021-04-27,183.8,186.05,182.7,185.3,534570,239.36
2021-04-28,185.02,185.06,181.36,182.28,563882,235.45
2021-04-29,183.24,184.88,181.41,184.5,464842,238.32
2021-04-30,183.99,184.42,181.35,183.05,752175,236.45
2021-05-03,184.35,188.13,184.08,186.53,747694,240.95
2021-05-04,186.84,188.76,184.64,188.62,610656,243.64
2021-05-05,188.89,192.69,188.86,191.1,687297,246.85
2021-05-06,192.29,194.79,191.4,193.71,583833,250.22
2021-05-07,192.74,196.82,190.85,195.82,733840,252.95
2021-05-10,196.95,199.49,194.41,194.93,759927,251.8
2021-05-11,193.97,193.97,188.41,190.61,617786,246.21
2021-05-12,190.26,190.57,183.73,185.8,857294,240
2021-05-13,185.64,191.57,185.41,190.6,512659,246.2
2021-05-14,192.29,193.45,190.91,191,424584,246.72
2021-05-17,192.97,193.28,187.69,190.07,888987,245.52
2021-05-18,190.22,190.44,186.06,186.19,737665,240.51
2021-05-19,183.11,186.15,178.44,184.97,1275433,238.93
2021-05-20,184.78,185.44,181.5,184.56,848230,237
2021-05-21,185.44,187.47,183.78,184.45,881589,236.86
2021-05-24,185.24,185.3,182.44,183,823850,235
2021-05-25,183.78,184.81,182.79,184.17,727873,236.5
2021-05-26,184.46,186.22,183.66,184.91,869968,237.45
2021-05-27,186.44,188.19,185.08,187.95,1441233,241.36
2021-05-28,189.12,189.26,184.34,184.63,869037,237.09
2021-06-01,186.05,187.09,183.47,185.2,651523,237.83
2021-06-02,186.04,186.04,183.39,184.39,710245,236.78
2021-06-03,183.84,184.58,181.8,182.19,559700,233.96
2021-06-04,182.06,182.91,179.88,181.86,811600,233.54
2021-06-07,184.1,185.52,182.58,183.61,669702,235.79
2021-06-08,183.11,183.85,181.36,181.43,668299,232.99
2021-06-09,181.44,182.5,178.89,179.03,934693,229.9
2021-06-10,179.23,179.28,172.73,173.38,1556486,222.65
2021-06-11,174.02,176.11,173.35,175.94,987151,225.93
2021-06-14,175.21,175.21,171.12,172.18,597602,221.1
2021-06-15,172.36,173.39,170.36,172.18,726960,221.11
2021-06-16,171.68,172.03,166.32,167.41,970855,214.98
2021-06-17,167.42,168.53,160.97,164.51,915240,211.26
2021-06-18,162.23,164.93,161.28,163.98,1290046,210.58
2021-06-21,165.48,168.2,165.26,167.05,591971,214.52
2021-06-22,167.05,168.48,165.28,167.89,477041,215.6
2021-06-23,168.16,168.79,166.33,167.04,361716,214.5
2021-06-24,167.92,168.72,165.95,167.23,538862,214.75
2021-06-25,168.41,170.1,167.46,168.26,540755,216.07
2021-06-28,167.62,168.98,166.89,167.92,414019,215.64
2021-06-29,169.08,171.12,168.67,169.57,394666,217.75
2021-06-30,168.8,170.03,168.52,169.78,523721,218.02
2021-07-01,170.59,171.93,169.44,170.96,568951,219.54
2021-07-02,171.47,173.52,170.66,173.26,587786,222.49
2021-07-06,173.26,173.26,167.62,169.18,981379,217.25
2021-07-07,171.06,174.61,170.61,173.09,905297,222.28
2021-07-08,170.61,173.03,168.2,171.19,638939,219.84
2021-07-09,173.21,175.5,173.11,175.23,583692,225.02
2021-07-12,174.78,175.97,173.27,175.2,611745,224.99
2021-07-13,174.11,174.5,170.15,170.34,608204,218.74
2021-07-14,171.65,174.12,171.34,172.35,475419,221.33
2021-07-15,171.32,173.93,171.32,173.62,331158,222.95
2021-07-16,173.78,174.71,170.89,171.21,397720,219.86
2021-07-19,168.24,168.8,164.02,165.39,881949,212.39
2021-07-20,164.02,166.51,160.38,166.01,1551367,213.18
2021-07-21,167.32,171.3,167.3,169.18,1423665,217.25
2021-07-22,168.9,169.02,162.13,167.18,1879724,214.68
2021-07-23,169.08,171.49,167.81,170.94,1023804,219.52
2021-07-26,171.31,172.88,169.28,171.45,750021,220.17
2021-07-27,169.97,173.16,168.59,170.87,738355,219.43
2021-07-28,171.51,172.57,169.27,171.23,606436,219.89
2021-07-29,172.49,175.67,172.46,174.82,610831,224.49
2021-07-30,174.35,177.08,172.27,172.52,577556,221.54
2021-08-02,173.86,175.73,172.23,172.53,395359,221.56
2021-08-03,173.03,176.89,171.78,175.17,536172,224.95
2021-08-04,174.48,175.94,171.79,171.88,421803,220.72
2021-08-05,172.99,174.71,172.14,172.74,410777,221.82
2021-08-06,173.09,175.02,171.67,171.75,434969,220.55
2021-08-09,171.33,173.62,170.57,171.86,309318,220.7
2021-08-10,172.34,175.64,171.67,173.7,612902,223.06
2021-08-11,173.58,179.15,173.22,178.75,708887,229.54
2021-08-12,179.16,180.91,178.2,179.72,467642,230.79
2021-08-13,179.73,181.7,179.6,181.05,469383,232.5
2021-08-16,180.62,182.45,178.3,181.33,392388,232.86
2021-08-17,179.07,179.07,172.14,174.33,448905,223.87
2021-08-18,173.67,175.47,171.41,171.54,406903,220.28
2021-08-19,169.9,172.67,168.67,170.81,344300,219.35
2021-08-20,170.82,173.41,170.51,172.25,316965,221.2
2021-08-23,173.67,173.67,170.78,171.5,338694,220.23
2021-08-24,172.57,173.69,171.21,172.19,397749,221.12
2021-08-25,172.91,176.68,172.91,174.33,416863,223.87
2021-08-26,174.54,174.75,172.57,173.26,278395,221.1
2021-08-27,173.95,178.15,173.9,177.05,379569,225.94
2021-08-30,178.02,178.34,175.46,175.47,464764,223.92
2021-08-31,175.75,175.77,172.75,173.6,641494,221.53
2021-09-01,173.61,176.24,173.07,175.31,632914,223.72
2021-09-02,175.88,178.32,174.86,177.44,595822,226.43
2021-09-03,177.17,178.49,175.72,177,462240,225.87
2021-09-07,175.92,176.85,170.23,170.4,648184,217.45
2021-09-08,169.73,170.16,167.12,169.36,629334,216.13
2021-09-09,170.03,172.11,169.02,170.23,621724,217.24
2021-09-10,170.72,171.98,168.84,169.06,714400,215.74
2021-09-13,170.44,172.4,169.26,171.35,805680,218.67
2021-09-14,172.24,172.4,169.11,169.45,697181,216.24
2021-09-15,168.97,171.71,168.03,170.26,721882,217.27
2021-09-16,169.29,170.22,166.48,166.67,605821,212.69
2021-09-17,165.88,167.06,163.49,165.05,1233237,210.63
2021-09-20,161.43,164.44,160.58,163.82,695159,209.05
2021-09-21,165.11,165.37,160.64,161.15,515919,205.65
2021-09-22,162.95,163.67,162.06,162.5,646026,207.37
2021-09-23,164.34,166.4,163.39,163.79,602313,209.02
2021-09-24,163.88,165.66,163.56,164.69,484169,210.16
2021-09-27,164.63,168.33,164.63,166.23,464408,212.13
2021-09-28,165.66,167.33,163.6,164.96,463853,210.51
2021-09-29,166.11,166.75,165.28,165.84,368957,211.63
2021-09-30,166.55,166.55,159.65,159.75,883096,203.86
2021-10-01,160.81,161.69,157.55,160.81,644349,205.21
2021-10-04,160.33,164.58,160.33,160.9,858834,205.33
2021-10-05,160.29,162.68,159.01,159.82,696826,203.95
2021-10-06,159.39,160.15,154.34,157.53,997644,201.03
2021-10-07,159.68,163.6,159.66,160.6,664027,204.94
2021-10-08,160.99,161.43,155.61,155.76,775102,198.77
2021-10-11,155.72,157.73,154.23,155.5,621556,198.44
2021-10-12,155.39,157.5,154.1,156.47,619747,199.68
2021-10-13,157.3,157.3,154.18,155.35,812834,198.25
2021-10-14,156.46,160.81,155.99,160.4,868596,204.69
2021-10-15,162.21,164.9,161.47,161.99,624516,206.72
2021-10-18,160.64,162.3,159.7,161.92,537401,206.63
2021-10-19,162.9,162.9,161.07,161.14,611185,205.64
2021-10-20,161.14,164.64,161.14,163.96,708154,209.24
2021-10-21,162.73,164.23,161.45,162.91,1235493,207.9
2021-10-22,157.37,168.97,156.8,167.26,2510233,213.44
2021-10-25,163.21,163.28,163.21,163.28,108074,208.37
2021-10-26,164.56,164.98,160.35,161.43,853916,206
2021-10-27,161.86,163.29,158.06,158.37,892559,202.1
2021-10-28,159.4,165.06,158.73,164.7,763835,210.18
2021-10-29,165.04,167.39,164.25,165.21,861276,210.83
2021-11-01,165.87,168.68,165.23,168.06,680050,214.46
2021-11-02,168.13,169.47,166.2,168.83,672121,215.45
2021-11-03,169.51,174.4,168.48,170.88,986741,218.07
2021-11-04,171.42,173.96,169.62,170.97,540869,218.18
2021-11-05,172.56,174.18,170.1,170.94,547452,218.14
2021-11-08,170.92,172.27,169.58,171.3,441508,218.6
2021-11-09,170.99,174.03,170.9,173.23,474644,221.06
2021-11-10,172.84,175.33,172.51,173.27,574041,221.11
2021-11-11,173.65,177.97,172.74,176.31,670989,225
2021-11-12,177.12,183.05,176.75,181.93,838518,232.17
2021-11-15,182.87,186.33,182.47,183.74,745832,234.48
2021-11-16,183.86,185.87,182.74,184.32,605761,235.22
2021-11-17,183.92,184.4,181.15,182.52,452325,232.92
2021-11-18,183.8,183.8,180.09,181.02,550174,229.61
2021-11-19,181.41,183.55,180.53,180.76,457506,229.29
2021-11-22,181.42,183.88,180.6,181.81,467184,230.62
2021-11-23,181.96,183.24,180.38,182.32,380472,231.27
2021-11-24,181.26,183.69,179.8,182.32,349918,231.26
2021-11-26,176.43,179.1,176.28,178.17,376404,226
2021-11-29,178.96,179.59,175.2,175.63,404909,222.78
2021-11-30,174.13,174.83,170.92,171.66,1182613,217.74
2021-12-01,173.54,178.19,170.43,170.59,722886,216.38
2021-12-02,172.19,177.42,171.82,175.02,655519,222
2021-12-03,174.72,176.88,174.27,175.84,830791,223.04
2021-12-06,178.25,181.39,177.52,179.83,629488,228.11
2021-12-07,181.72,182.46,180.12,181.02,402691,229.61
2021-12-08,181.84,182.65,179.1,179.71,808710,227.95
2021-12-09,178.67,180.79,178.07,178.2,565839,226.04
2021-12-10,179.78,181.76,178.89,181.35,596356,230.03
2021-12-13,181.87,182.47,177.83,179.9,693417,228.2
2021-12-14,179.6,183.98,178.6,182.92,1069120,232.02
2021-12-15,182.54,187.93,181.77,187.52,859934,237.86
2021-12-16,188.02,190.48,187.71,187.85,917673,238.28
2021-12-17,188.43,189.43,181.05,181.61,2171051,230.36
2021-12-20,178.85,179.14,170.9,173.57,903857,220.17
2021-12-21,175.07,175.26,172.52,174.53,489532,221.38
2021-12-22,174.28,177.78,173.85,176.85,317694,224.33
2021-12-23,177.89,180.05,177.36,179.17,297258,227.27
2021-12-27,179.75,182.1,178.83,181.81,240873,230.62
2021-12-28,181.31,183.25,181.17,181.9,435434,230.73
2021-12-29,181.38,184.76,181.38,183.75,328502,233.08
2021-12-30,184.01,185.72,183,183.36,259317,232.58
2021-12-31,182.86,185.87,181.8,185,353271,234.66
2022-01-03,185.81,187.3,180.84,183.45,701419,232.7
2022-01-04,184.56,189.77,184.37,188.79,522189,239.47
2022-01-05,189.84,193.5,185.3,185.77,649422,235.64
2022-01-06,186.82,186.82,181,184.28,578702,233.75
2022-01-07,184.43,184.73,178.82,178.99,645993,227.04
2022-01-10,177.11,177.96,173.41,175.37,783318,222.45
2022-01-11,176.06,179.27,172.65,179.19,602109,227.3
2022-01-12,178.95,181.09,175.94,177.59,618457,225.26
2022-01-13,178.76,181.91,177.66,178.78,605958,226.77
2022-01-14,175.97,175.97,168.72,171.09,1107207,217.02
2022-01-18,168.97,168.97,163.25,165.36,974273,209.75
2022-01-19,166.42,166.93,162.99,163.09,985303,206.87
2022-01-20,163.62,165.4,158.43,158.78,921287,201.4
2022-01-21,159.15,162.23,158.32,158.87,978365,201.52
2022-01-24,155.31,163.35,154.79,163.35,286166,207.2
2022-01-25,158.89,166.62,158.68,164.07,1088004,208.11
2022-01-26,166.52,168.02,162.93,163.7,918564,207.65
2022-01-27,166.75,168.79,155.64,157.54,1723233,199.83
2022-01-28,157.36,161.87,156.04,161.76,1009680,205.19
2022-01-31,160.69,165.78,160.69,165.71,933545,210.19
2022-02-01,165.48,166.49,161.68,164.36,952513,208.48
2022-02-02,165.12,166.57,161.32,166.56,743149,211.28
2022-02-03,164.92,165.43,161.69,162.1,550424,205.62
2022-02-04,161.01,161.92,157.74,159.25,632488,202
2022-02-07,159.66,160.97,157.16,157.8,510674,200.16
2022-02-08,158.52,160.29,156.8,158.09,757375,200.53
2022-02-09,159.88,163.68,159.27,162.57,855632,206.21
2022-02-10,160.48,162.91,157.1,157.34,682956,199.58
2022-02-11,157.67,159.04,152.52,154.26,1022784,195.67
2022-02-14,154.53,156.84,153.32,155.01,681138,196.62
2022-02-15,158.92,161.8,158.5,161.12,796048,204.38
2022-02-16,160.03,163.28,159.58,162.69,813114,206.37
2022-02-17,161.91,163.92,160.3,161.56,646090,204.93
2022-02-18,161.22,163.29,160.24,161.25,648999,204.54
2022-02-22,160.12,161.89,153.53,155.95,1191019,197.81
2022-02-23,157.54,159.21,152.73,153.08,1053590,194.17
2022-02-24,149.65,158.03,149.05,157.66,1134171,198.18
2022-02-25,156.31,163.48,156.31,162.65,1042132,204.45
2022-02-28,160.04,161.49,157.67,160.12,1030627,201.27
2022-03-01,159.68,161.05,156.81,160.08,822258,201.23
2022-03-02,161.89,166.55,160.06,164.31,1086835,206.54
2022-03-03,165.92,167.85,163.18,166.61,942837,209.43
2022-03-04,164.31,166.95,159.42,162.2,1397932,203.89
2022-03-07,160.35,161.76,150.77,151.02,2003139,189.84
2022-03-08,150.45,153.13,150.45,153.13,129266,192.49
2022-03-09,156.24,158.68,154.07,156.24,1142791,196.4
2022-03-10,154.04,154.27,149.01,149.65,1487674,188.11
2022-03-11,151.88,153.11,147.17,147.49,1155266,185.4
2022-03-14,149.58,150.32,145.78,148.11,1270849,186.18
2022-03-15,150.24,152.74,148.9,151.22,838938,190.09
2022-03-16,152.03,156.1,149.87,154,856410,193.58
2022-03-17,152.42,155.87,151.49,155.49,658283,195.46
2022-03-18,151.64,155.36,148.33,154.91,2968781,194.72
2022-03-21,154.57,155.07,147.48,148.6,1384606,186.8
2022-03-22,149.85,152.42,149.26,150.23,910216,188.84
2022-03-23,149.27,149.95,145.36,145.43,885106,182.81
2022-03-24,145.9,146.23,143.99,145.41,1160281,182.79
2022-03-25,145.62,146.46,143.63,144.29,851067,181.38
2022-03-28,144.08,146.14,143.4,145.18,1605317,182.5
2022-03-29,148.05,152.23,147.33,148.85,2522235,187.11
2022-03-30,148.54,148.74,143.43,143.45,1334172,180.32
2022-03-31,143.24,143.24,137.33,137.45,1801393,172.78
2022-04-01,139.02,139.26,134.64,137.18,1340176,172.44
2022-04-04,137.66,140.73,137.28,139.29,1218964,175.09
2022-04-05,138.58,140.41,136.5,137.45,1041627,172.78
2022-04-06,135.25,136.41,133.17,133.59,1273486,167.93
2022-04-07,133.28,134.88,130.88,134.16,1257557,168.64
2022-04-08,134.05,138.13,131.66,136.89,1457003,172.08
2022-04-11,136.67,142.85,136.67,140.36,1528124,176.43
2022-04-12,141.42,144.54,138.74,138.9,1125236,174.6
2022-04-13,138.42,141.36,137.69,140.94,934648,177.16
2022-04-14,140.08,141.7,135.6,135.68,1560220,170.55
2022-04-18,135.31,137.01,133.75,135.86,1052067,170.78
2022-04-19,136.76,140.89,136.76,140.45,1003771,176.55
2022-04-20,141.48,143.35,139.62,141.68,1139151,178.09
2022-04-21,143.9,145.17,140.28,141.68,936992,178.1
2022-04-22,141.01,141.01,137.39,138.28,1200642,173.82
2022-04-25,138.02,142.4,135.09,142.3,2702668,178.87
2022-04-26,148.72,155.02,146.57,148.89,4638786,187.16
2022-04-27,146.58,152.63,144.45,145.6,2124492,183.02
2022-04-28,147.11,150.36,144.47,147.4,1028574,185.28
2022-04-29,147.09,149.49,143.97,144.4,1506682,181.52
2022-05-02,144.15,147.84,142.89,147.39,1098056,185.27
2022-05-03,147.98,152.44,146.94,151.49,1169764,190.43
2022-05-04,150.74,158.37,150.01,157.67,1569694,198.19
2022-05-05,154.27,155.85,149.49,151.17,1017598,190.03
2022-05-06,149.66,153.06,146.59,152.02,867612,191.09
2022-05-09,149.73,155.56,149.73,153.81,1382214,193.34
2022-05-10,155.76,156.16,147.29,150.03,910917,188.59
2022-05-11,149.25,150.19,139.94,140.43,1110673,176.53
2022-05-12,140.41,147.32,139.76,145.15,1229459,182.46
2022-05-13,146.23,149.05,143.89,145.55,752481,182.96
2022-05-16,143.68,145.45,139.44,143.94,832429,180.93
2022-05-17,146.77,148.78,143.87,148.47,731065,186.63
2022-05-18,142.44,143.35,136.07,138.69,1849620,174.34
2022-05-19,137.7,140.63,136.46,138.07,1134075,171.82
2022-05-20,139.95,139.95,134.43,139.67,1407079,173.81
2022-05-23,140.45,141.23,137.58,139.73,866364,173.88
2022-05-24,138.4,138.43,133.28,134.93,1190581,167.91
2022-05-25,134.18,141.1,134.18,139.72,992415,173.87
2022-05-26,140.63,145.96,140.63,143.81,1449963,178.96
2022-05-27,144.43,146.92,144.18,146.91,923832,182.81
2022-05-31,145.34,149.56,144.3,148.05,1704492,184.24
2022-06-01,148.06,148.67,145.07,145.07,981071,180.53
2022-06-02,145.88,146.12,143.17,145.07,906783,180.53
2022-06-03,143.79,144.3,140.84,141.47,938791,176.04
2022-06-06,141.9,143.03,140.78,141.26,793216,175.78
2022-06-07,136.25,139.25,134.06,139.14,1361873,173.15
2022-06-08,137.77,138.78,135.92,136.87,720161,170.32
2022-06-09,136.68,139.95,136.21,137.1,721617,170.61
2022-06-10,135.16,136.27,131.94,132.07,773085,164.35
2022-06-13,131.17,131.17,125.84,126.95,1062115,157.98
2022-06-14,126.9,128.09,122.96,124.85,933165,155.36
2022-06-15,126.03,129,124.32,124.98,1346960,155.52
2022-06-16,121.54,122.15,117.27,118.49,1868040,147.45
2022-06-17,118.57,122.38,117.29,121.54,2787362,151.25
2022-06-21,124.22,125.24,122.15,122.97,1005096,153.02
2022-06-22,120.25,123.24,119.22,122.79,960705,152.8
2022-06-23,123.1,131.6,123.1,131.45,1749317,163.58
2022-06-24,132.53,134.78,130.05,133.68,1801685,166.35
2022-06-27,134.2,134.58,130.83,131.69,968673,163.88
2022-06-28,132.3,133.39,129.22,129.4,804046,161.03
2022-06-29,129.13,129.91,126.29,126.76,818498,157.74
2022-06-30,124.56,126.04,121.81,124.45,1076832,154.87
2022-07-01,125,128.11,124.2,126.64,1097058,157.59
2022-07-05,124.81,129.19,124.23,129.18,960457,160.75
2022-07-06,129.9,131.34,126.65,128,792194,159.29
2022-07-07,128.48,131.29,126.95,130.38,786761,162.25
2022-07-08,130.21,131.03,128.95,129.23,675091,160.81
2022-07-11,128.84,130.68,128.43,128.7,660873,160.16
2022-07-12,129.76,134.23,129.67,132.04,1027226,164.31
2022-07-13,129.3,132.59,128.59,131.32,579557,163.42
2022-07-14,129.09,129.91,126.13,127.98,675074,159.26
2022-07-15,129.44,130.29,126.42,128.08,877028,159.38
2022-07-18,128.82,132.02,127.93,129.64,768887,161.32
2022-07-19,131.44,133.02,129.72,132.77,921012,165.22
2022-07-20,133.44,134.72,131.47,134.45,630796,167.31
2022-07-21,133.6,135.69,132.09,135.44,745680,168.54
2022-07-22,136.11,138.06,133.47,134.82,802136,167.77
2022-07-25,135,135.98,130.98,132.31,1800610,164.65
2022-07-26,135.47,136.71,133.04,135.29,2939002,168.36
2022-07-27,135.24,136.72,133.92,135.88,1252944,169.09
2022-07-28,136.03,141.97,136.03,141.2,1113272,175.71
2022-07-29,141.67,141.67,137.41,138.92,2326864,172.87
2022-08-01,138.06,141.26,137.03,141.09,908883,175.57
2022-08-02,140.22,140.22,134.61,134.76,906299,167.69
2022-08-03,135.08,135.63,132.56,133.51,834848,166.14
2022-08-04,132.59,136.18,132.59,135.02,637654,168.02
2022-08-05,133.86,136.2,133.25,135.37,609372,168.46
2022-08-08,134.6,136.13,132.39,132.46,1497333,164.83
2022-08-09,132.19,132.19,127.34,127.53,1489408,158.7
2022-08-10,130.75,134.51,130.2,133.91,1180400,166.64
2022-08-11,134.67,136.68,133.62,134.01,785686,166.76
2022-08-12,134.97,135.58,134,134.44,594732,167.3
2022-08-15,133.48,137.33,133.41,136.91,716591,170.37
2022-08-16,135.78,143.08,135.41,141.08,1183553,175.56
2022-08-17,138.77,140.4,137.28,138.97,729936,172.94
2022-08-18,139.13,139.83,137.97,138.79,412744,172.71
2022-08-19,138.13,138.13,134.54,135.2,715714,168.24
2022-08-22,132.91,134.2,131.63,132.41,905495,164.77
2022-08-23,132.59,134.05,132.43,132.65,697261,165.07
2022-08-24,132.43,134.32,130.55,132.77,623982,165.22
2022-08-25,133.25,136.7,132.69,136.65,589237,168.25
2022-08-26,137.16,137.23,129.14,129.41,714882,159.33
2022-08-29,128.53,129.79,127.93,128.03,464251,157.63
2022-08-30,129.07,129.72,127.08,128.16,612758,157.8
2022-08-31,129.11,129.5,126.21,127.19,960441,156.6
2022-09-01,126.62,126.9,123.78,126.03,753673,155.17
2022-09-02,127.22,128.3,123.84,124.83,578028,153.69
2022-09-06,125.31,125.31,121.52,122.64,815101,151
2022-09-07,123.19,125.87,122.96,125.43,553212,154.43
2022-09-08,124.31,126.56,122.77,126.52,537059,155.78
2022-09-09,127.9,130.95,127.64,130.12,681547,160.21
2022-09-12,130.62,132.51,129.71,129.93,690586,159.97
2022-09-13,125.89,126.24,118.32,119.08,1674996,146.62
2022-09-14,119.46,120.09,117.23,118.3,1213675,145.66
2022-09-15,118.24,119.8,117.55,118.49,1034887,145.89
2022-09-16,117.32,119.47,116.85,117.82,2820514,145.06
2022-09-19,117.66,120.51,117.14,119.6,780851,147.26
2022-09-20,118.08,118.33,114.86,116.06,784367,142.89
2022-09-21,116.55,119.67,115.69,115.74,721344,142.5
2022-09-22,114.89,115.82,113.81,113.85,568712,140.17
2022-09-23,113.33,114.41,112.21,114.35,785595,140.79
2022-09-26,113.46,114.93,111.52,111.62,703180,137.43
2022-09-27,112.58,112.87,110.67,111.47,498425,137.24
2022-09-28,111.87,115.97,111.73,115.34,560738,142.01
2022-09-29,113.67,113.83,111.24,111.77,541532,137.62
2022-09-30,112.05,112.35,109.39,109.49,895739,134.81
2022-10-03,111.2,114.72,110.21,114.07,813329,140.44
2022-10-04,116.33,118.89,116.19,118.77,692758,146.23
2022-10-05,116.31,118.28,115.49,117.31,582529,144.44
2022-10-06,116.87,118.01,116,116.07,443645,142.91
2022-10-07,113.92,114.68,111.51,112.68,635247,138.73
2022-10-10,113.31,115.33,113.17,114.63,637480,141.14
2022-10-11,114.76,117.7,114.14,116.1,483023,142.94
2022-10-12,116.09,116.87,113.99,116.1,618661,142.95
2022-10-13,113.49,119.3,111.99,116.41,847851,143.33
2022-10-14,116.96,117.3,112.42,113.07,900684,139.21
2022-10-17,115.86,116.62,113.49,114.45,754579,140.91
2022-10-18,116.11,117.84,115.09,117.04,647228,144.1
2022-10-19,115.35,116.62,111.33,111.9,1109461,137.78
2022-10-20,111.64,113.7,106.01,106.67,2665973,131.33
2022-10-21,102.11,109.12,101.06,106.58,4261482,131.22
2022-10-24,108.1,109.77,106.2,107.94,1503193,132.9
2022-10-25,107.5,111.84,107.28,111.27,1164237,137
2022-10-26,108.4,111.55,106.8,109.44,1157783,134.74
2022-10-27,110.14,112.59,109.41,109.67,1051818,135.03
2022-10-28,109.43,113.72,108.84,113.63,790417,139.91
2022-10-31,112.94,113.01,110.59,112.28,1167037,138.24
2022-11-01,113.71,114.23,111.12,111.57,867626,137.37
2022-11-02,111.57,112.76,106.87,106.9,1017113,131.62
2022-11-03,105.33,106.78,103.38,104.94,924973,129.21
2022-11-04,106.58,108.55,104.91,108.29,732030,133.33
2022-11-07,109.38,111.4,107.91,111.09,643268,136.78
2022-11-08,112.08,115.43,111.81,114.93,1131733,141.51
2022-11-09,114.16,116.34,111.84,112.12,765123,138.05
2022-11-10,116.75,122.21,116.75,121.55,1110358,149.65
2022-11-11,121.5,127.92,121.28,127.17,944487,156.58
2022-11-14,125.81,127.91,124.11,124.22,871026,152.94
2022-11-15,127.1,128.34,123.55,125.49,631544,154.51
2022-11-16,124.1,124.26,119.95,121.28,623835,149.32
2022-11-17,119.3,121.57,117.11,121.48,551784,147.82
2022-11-18,123.12,123.52,119.27,121.15,526232,147.42
2022-11-21,120.33,120.75,118.33,119.36,513709,145.24
2022-11-22,120.52,121.66,119.75,120.85,462577,147.05
2022-11-23,121.05,122.53,120.47,121.92,301485,148.35
2022-11-25,121.46,123.09,121.46,122.26,189977,148.77
2022-11-28,121.32,122.15,117.92,118.2,463202,143.82
2022-11-29,117.56,120.34,117.28,119.97,834620,145.98
2022-11-30,119.54,120.64,116.37,120.42,908311,146.53
2022-12-01,121.61,124.2,121.22,122.47,539901,149.02
2022-12-02,120.16,121.25,118.22,120.09,783670,146.12
2022-12-05,118.48,118.75,115.96,116.26,498611,141.46
2022-12-06,116.38,117.17,114.69,116.58,928646,141.86
2022-12-07,116.7,119.18,115.66,117.32,617611,142.76
2022-12-08,117.52,120.07,116.86,119.46,559898,145.36
2022-12-09,118.94,119.8,118.11,118.19,403015,143.81
2022-12-12,118.42,121.41,117.27,121.18,683028,147.45
2022-12-13,125.76,127.46,120.39,121.2,1007919,147.47
2022-12-14,120.34,122.87,118.66,119.99,679583,146
2022-12-15,117.83,119.3,117.4,118.39,628908,144.06
2022-12-16,116.5,117.75,115.01,116.28,1350908,141.49
2022-12-19,115.85,116.86,114.23,114.7,625148,139.57
2022-12-20,112.69,114.17,111.31,112.62,787775,137.04
2022-12-21,113.77,116.49,113.77,116.05,754302,141.21
2022-12-22,114.41,114.82,111.97,114.72,798747,139.59
2022-12-23,114.52,116.44,114.41,116.39,299473,141.62
2022-12-27,116.12,117.11,115.69,116.45,404218,141.69
2022-12-28,116.58,117.1,113.69,113.7,371735,138.35
2022-12-29,114.28,118.11,113.94,117.6,505233,143.1
2022-12-30,116.14,117.24,115.04,116.26,456427,141.46
2023-01-03,118.44,119.17,116.81,118.12,513028,143.73
2023-01-04,119.75,122.86,119.74,121.82,570356,148.23
2023-01-05,120.39,123.27,119.35,123.08,619042,149.76
2023-01-06,124.37,125.53,123.63,124.51,864820,151.5
2023-01-09,124.92,127.47,124.51,125.2,545188,152.34
2023-01-10,124.55,127.42,124.43,127.14,479201,154.7
2023-01-11,124.15,127.87,123.6,126.78,809557,154.26
2023-01-12,128.19,128.19,125.5,126.68,475865,154.14
2023-01-13,124.85,127.65,124.85,126.8,344497,154.29
2023-01-17,125.24,130.74,124.05,127.3,1203069,154.9
2023-01-18,127.16,128.16,123.54,123.57,712733,150.36
2023-01-19,122.5,122.78,119.05,119.57,583951,145.49
2023-01-20,120.31,124.05,118.76,123.95,517162,150.82
2023-01-23,124.49,126.11,123.83,125.02,399898,152.12
2023-01-24,124.66,126.38,124.3,125.52,373186,152.73
2023-01-25,124.26,126.2,123.89,124.94,443386,152.03
2023-01-26,124.75,126.07,122.82,123.33,674703,150.07
2023-01-27,122.48,127.2,121.86,126.64,621366,154.1
2023-01-30,124.99,128.61,124.1,126.18,1220344,153.54
2023-01-31,128.21,129.12,124.92,127.87,1656787,155.59
2023-02-01,127.38,130.13,124.66,128.62,1002148,156.5
2023-02-02,129.61,132.1,129.2,130.63,1198265,158.95
2023-02-03,128.47,130.12,127.3,127.36,622218,154.97
2023-02-06,125.47,126.37,122.43,123.26,931448,149.98
2023-02-07,122.35,123.44,121.06,122.96,647210,149.62
2023-02-08,121.98,122.03,118.22,118.31,759109,143.96
2023-02-09,119.31,120.36,115.16,115.98,765219,141.12
2023-02-10,115.06,117.25,115.06,116.31,608414,141.52
2023-02-13,116.29,121.34,116.02,121.3,716337,147.6
2023-02-14,120.49,124.53,119.58,123.74,874181,150.57
2023-02-15,123.11,123.68,121.27,121.5,832898,147.84
2023-02-16,118.81,121.21,118.13,119.26,664013,145.12
2023-02-17,118.61,119.55,116.77,119.17,688890,145
2023-02-21,116.51,118.65,115.6,115.79,847835,140.89
2023-02-22,116.84,117.11,115.06,115.39,639492,140.4
2023-02-23,116.08,116.27,113.92,115.98,570884,141.13
2023-02-24,113.64,116.3,113.64,114.31,811494,139.09
2023-02-27,115.85,116.65,113.72,114.19,650780,138.94
2023-02-28,114.1,115.01,113.32,113.4,798344,137.98
2023-03-01,113.28,113.35,111.16,112.24,939856,136.57
2023-03-02,111.49,114.67,110.95,114.44,615543,137.47
2023-03-03,115.45,116.44,114.51,115.5,530562,138.74
2023-03-06,115.99,117.05,113.95,114.25,953202,137.24
2023-03-07,114.82,115.53,112.12,112.14,578389,134.7
2023-03-08,112.67,113.95,111.55,113.79,686129,136.69
2023-03-09,113.86,115.09,111.75,111.76,844491,134.25
2023-03-10,111.97,111.97,108.19,109.38,831448,131.39
2023-03-13,108.49,112.46,107.47,109.72,1186594,131.8
2023-03-14,111.62,112.61,109.02,109.86,1057473,131.97
2023-03-15,108.22,110.11,105.66,107.21,1085768,128.78
2023-03-16,105.84,108.8,105.58,107.78,895476,129.46
2023-03-17,107.65,108.29,105.97,106.93,3073080,128.45
2023-03-20,107,110.37,106.62,109.07,1069691,131.01
2023-03-21,110.31,111.04,108.15,109.05,671763,130.99
2023-03-22,108.27,109.33,105.79,105.86,549002,127.16
2023-03-23,106.45,107.54,103.87,104.97,576705,126.09
2023-03-24,103.87,106.14,103.31,105.87,468179,127.17
2023-03-27,106.88,107.16,105.46,106.42,413637,127.83
2023-03-28,106.5,107.27,105.23,105.75,358692,127.03
2023-03-29,107.08,107.34,105.96,107.18,550713,128.75
2023-03-30,108.37,108.72,106.73,107.14,371278,128.7
2023-03-31,107.6,109.97,107.6,109.91,456740,132.02
2023-04-03,109.96,110.39,108.67,109.65,564399,131.71
2023-04-04,109.75,109.75,107.19,108.6,426083,130.45
2023-04-05,107.98,108.36,107.18,107.77,626658,129.45
2023-04-06,108.03,108.12,106.04,106.1,559319,127.45
2023-04-10,105.51,107.5,105.06,107.46,582070,129.08
2023-04-11,111.16,112.79,109.91,111.57,1586166,134.02
2023-04-12,112.85,113.91,110.34,111.51,854165,133.95
2023-04-13,112.3,112.59,110.91,111.89,796374,134.4
2023-04-14,111.89,112.86,110.96,112.35,900323,134.95
2023-04-17,112.65,114.09,112.44,114.04,513917,136.98
2023-04-18,114.34,116.23,114.08,116.21,850218,139.59
2023-04-19,115.88,116.36,114.77,116.17,483245,139.54
2023-04-20,116.04,117.59,115.71,117.11,600230,140.67
2023-04-21,117.57,118.1,116.93,117.37,668255,140.98
2023-04-24,117.42,119.04,116.47,117.13,1072883,140.7
2023-04-25,118.96,119.88,110.24,110.35,2265361,132.55
2023-04-26,109.57,109.85,106.45,107.41,1571196,129.02
2023-04-27,108.37,112.74,108,112.71,1284078,135.39
2023-04-28,113.74,116.47,113.39,116.21,1059478,139.59
2023-05-01,116.75,118.53,116.31,116.37,919937,139.79
2023-05-02,115.92,116.57,113.59,115.72,993133,139
2023-05-03,116.72,120.38,116.18,117.51,1039143,141.15
2023-05-04,116.73,117.12,112.87,113.01,762403,135.75
2023-05-05,114.54,114.82,113.22,114.07,576963,137.02
2023-05-08,114.69,114.69,112.82,113.94,417451,136.87
2023-05-09,112.99,113.72,112.59,113.17,472401,135.94
2023-05-10,113.9,113.9,109.05,111.16,755497,133.52
2023-05-11,110.37,111.18,109.45,110.24,449247,132.42
2023-05-12,110.68,110.68,106.73,108.72,684315,130.59
2023-05-15,109,109.47,108.36,109.32,411664,131.31
2023-05-16,107.43,107.72,104.77,106.65,1058396,128.11
2023-05-17,106.66,109.9,106.59,109.34,605801,131.34
2023-05-18,109.56,113.01,108.89,112.77,867873,133.65
2023-05-19,112.77,112.77,110.17,110.89,440663,131.43
2023-05-22,110.88,111.62,110.02,110.91,370381,131.45
2023-05-23,109.96,112.91,109.43,112.01,806053,132.75
2023-05-24,111.87,112.59,110.21,111.97,598194,132.71
2023-05-25,112.41,112.96,110.45,111.62,408677,132.29
2023-05-26,111.44,113.8,110.88,113.25,454502,134.22
2023-05-30,113.88,114.28,111.94,112.01,594973,132.76
2023-05-31,110.23,110.86,107.42,109.09,982464,129.29
2023-06-01,108.78,110.94,107.13,110.87,855633,131.4
2023-06-02,112.47,115.36,111.53,114.49,728795,135.69
2023-06-05,113.92,114.34,111.43,112.61,691239,133.47
2023-06-06,112.41,116.12,112.11,115.79,520964,137.24
2023-06-07,116.57,123.21,116.57,123.17,1037110,145.98
2023-06-08,123.18,123.61,120.65,121.43,781152,143.92
2023-06-09,121.19,121.65,119.67,119.86,595269,142.06
2023-06-12,120.16,122.22,118.99,121.8,501906,144.36
2023-06-13,122.34,124.6,122.17,123.77,636413,146.69
2023-06-14,124.38,125.61,122.81,123.15,552742,145.96
2023-06-15,123.08,125.3,123.08,125.1,444072,148.27
2023-06-16,125.54,125.93,123.13,123.62,887941,146.51
2023-06-20,123.19,123.97,122.05,123.57,476504,146.45
2023-06-21,122.81,123.27,120.58,122.06,750803,144.66
2023-06-22,121.79,121.79,119.25,120.31,395609,142.59
2023-06-23,118.97,119.36,117.65,118.62,1031674,140.59
2023-06-26,119.01,120.75,117.47,120.47,559256,142.78
2023-06-27,120.58,125.63,120.44,124.87,634193,147.99
2023-06-28,123.85,126.03,122.74,123.75,804184,146.67
2023-06-29,123.79,126.54,123.19,126.11,670599,149.46
2023-06-30,126.53,126.8,125.23,125.54,419988,148.79
2023-07-03,125.31,126.25,124.89,125.85,309488,149.16
2023-07-05,125.08,125.37,123.93,124.3,345809,147.32
2023-07-06,122.76,123.93,122,123.66,441734,146.56
2023-07-07,123.76,126.24,123.35,125.11,770904,148.28
2023-07-10,125.37,129.55,125.19,129.42,524271,153.39
2023-07-11,130.27,134.48,129.56,133.29,989215,157.98
2023-07-12,134.61,135.52,133.22,133.3,551996,157.99
2023-07-13,133.93,134.71,131.55,132.48,524965,157.02
2023-07-14,132.75,132.75,129.32,129.76,782016,153.79
2023-07-17,129,129.87,127.93,128,622421,151.7
2023-07-18,127.51,131.1,127.51,130.87,898758,155.11
2023-07-19,130.88,132.92,130.52,131.71,649550,156.1
2023-07-20,126.32,129.21,125.88,127.8,1254672,151.47
2023-07-21,128.86,129.19,125.94,126.33,763263,149.73
2023-07-24,126.73,128.29,126.7,127.2,1050502,150.76
2023-07-25,126.16,126.37,121.05,123.45,1966988,146.31
2023-07-26,122.49,124.38,120.85,121.14,1114761,143.57
2023-07-27,122.3,123.04,119.26,119.63,900651,141.78
2023-07-28,120.65,122.24,120.09,120.31,662637,142.59
2023-07-31,120.65,122.06,120.6,121.72,1892400,144.26
2023-08-01,120.63,121.55,119.64,120.89,534096,143.28
2023-08-02,119.28,125.3,119.05,122.8,1329948,145.54
2023-08-03,122.4,122.4,119.21,119.44,557860,141.56
2023-08-04,119.9,121.1,119.35,119.39,533760,141.5
2023-08-07,119.94,121.83,119.77,120.55,685924,142.87
2023-08-08,119.07,119.8,117.66,119.61,451018,141.76
2023-08-09,118.46,119.2,117.28,117.95,489794,139.79
2023-08-10,118.46,119.28,117.38,118.09,750886,139.96
2023-08-11,118.17,118.71,117.6,118.6,501770,140.56
2023-08-14,118.02,118.44,116.83,117.43,507600,139.18
2023-08-15,117.52,117.79,116.33,116.81,546118,138.44
2023-08-16,116.44,117.52,114.68,114.72,454357,135.97
2023-08-17,115.74,115.74,112.84,113.33,659727,134.32
2023-08-18,112.5,114.49,112.22,114.03,596385,135.15
2023-08-21,114.31,114.54,112.12,112.41,492480,133.23
2023-08-22,112.74,114.94,112.56,114.75,982161,136
2023-08-23,114.75,114.75,113.69,114.54,722418,135.75
2023-08-24,115.02,115.32,113.74,114.15,741810,133.55
2023-08-25,114.47,115.09,113.38,114.54,540972,134
2023-08-28,115.13,117.56,115.13,116.67,759781,136.5
2023-08-29,116.44,118.45,115.97,117.94,440468,137.98
2023-08-30,117.97,119.36,117.83,118.5,426702,138.63
2023-08-31,118.64,119.69,118,119.63,582005,139.96
2023-09-01,120.02,121.82,120.02,121.33,557096,141.95
2023-09-05,120.79,121.06,117.2,117.67,633996,137.66
2023-09-06,117.53,118.56,117.52,118.11,480565,138.18
2023-09-07,117.53,118.13,115.85,116.35,689746,136.12
2023-09-08,116.34,117.85,116.2,116.67,347707,136.5
2023-09-11,116.85,117.97,116.6,117.07,380210,136.96
2023-09-12,116.7,117.79,116.25,116.55,340478,136.36
2023-09-13,116.67,117.01,115.31,115.47,352631,135.09
2023-09-14,116.53,117.96,115.39,116.73,481520,136.56
2023-09-15,115.83,118.03,114.84,117.94,1572535,137.98
2023-09-18,117.8,118.15,116.22,117.12,488690,137.02
2023-09-19,116.72,117.66,116.35,117.3,341964,137.23
2023-09-20,118.01,118.73,116.29,116.55,243162,136.35
2023-09-21,115.7,115.7,113.35,113.38,410093,132.65
2023-09-22,113.58,113.78,111.6,111.91,313127,130.92
2023-09-25,111.41,113.41,111.41,112.65,330930,131.79
2023-09-26,111.92,112.3,110.95,111.25,408370,130.15
2023-09-27,111.89,113.01,110.94,111.66,441814,130.63
2023-09-28,111.41,114.57,111.35,113.81,589620,133.15
2023-09-29,114.96,115.78,114.21,114.28,419479,133.7
2023-10-02,113.88,114.78,111.73,112.89,463765,132.07
2023-10-03,112.21,112.61,109.41,109.49,487515,128.09
2023-10-04,109.61,110.16,108.3,110.05,471004,128.75
2023-10-05,109.94,110.38,107.44,107.5,595068,125.77
2023-10-06,106.42,107.13,104.83,106.21,829267,124.26
2023-10-09,105.31,107.77,104.18,107.55,532060,125.83
2023-10-10,108.08,109.84,107.53,109.32,436455,127.89
2023-10-11,110.02,110.55,108.61,109.55,449616,128.16
2023-10-12,109.2,109.2,105.23,105.59,562731,123.53
2023-10-13,105.43,105.98,104.67,105.38,463581,123.29
2023-10-16,106.37,108.83,106.2,108.19,1078536,126.57
2023-10-17,107.7,113.09,107.7,111.9,907591,130.91
2023-10-18,110.77,112.27,109.64,111.38,1038034,130.3
2023-10-19,111.35,113.04,110.35,110.39,623631,129.15
2023-10-20,110.55,111.12,109.32,110.26,524164,129
2023-10-23,109.72,111.35,108.93,109.07,698817,127.6
2023-10-24,109.65,110.52,107.87,108.6,730822,127.05
2023-10-25,108.08,109.05,105.82,107.37,865440,125.61
2023-10-26,101.88,102.55,89.32,90.37,4855602,105.73
2023-10-27,88.57,88.89,84.11,87.27,2931467,102.1
2023-10-30,87.28,88.08,85.26,87.64,1244144,102.53
2023-10-31,87.72,89.9,87.22,89.37,891594,104.56
2023-11-01,89.31,89.56,87.36,89.36,906182,104.54
2023-11-02,90.6,92.27,90.39,91.96,775394,107.59
2023-11-03,93.51,95.67,93.09,95.27,1008193,111.46
2023-11-06,95.37,95.69,93.78,95.13,884957,111.3
2023-11-07,94.46,95.58,94.03,94.85,625210,110.97
2023-11-08,95.21,96.11,94.43,95.87,537783,112.16
2023-11-09,96.35,96.35,92.09,92.25,798961,107.93
2023-11-10,92.89,93.85,91.6,93.84,747995,109.79
2023-11-13,93.4,93.75,91.6,91.67,774425,107.25
2023-11-14,95.11,99.11,94.66,96.61,1217675,113.03
2023-11-15,97.07,98.84,96.67,98.26,1310725,114.96
2023-11-16,98.04,98.94,96.41,97.46,911727,112.28
2023-11-17,98.36,98.45,96.4,97.64,593818,112.49
2023-11-20,97.89,97.89,95.7,96.67,927579,111.38
2023-11-21,95.38,95.62,92.95,94.28,1043771,108.62
2023-11-22,95.23,95.48,93.91,94.53,1264611,108.91
2023-11-24,94.28,94.77,93.27,94.77,412124,109.18
2023-11-27,94.07,95.1,92.87,94.08,1014771,108.39
2023-11-28,93.78,94.44,92.69,94.03,950695,108.33
2023-11-29,94.75,96.24,94.32,95.16,1061387,109.63
2023-11-30,95.25,96.44,94.04,94.52,4858715,108.9
2023-12-01,94.76,99.27,94.47,98.67,1252589,113.68
2023-12-04,98.23,99.12,96.78,97.15,1010271,111.93
2023-12-05,96.08,96.11,93.78,93.82,874984,108.09
2023-12-06,94.39,95.91,93.96,94.8,933574,109.22
2023-12-07,94.78,96.41,93.83,96.28,1061349,110.93
2023-12-08,96.33,97.54,95.65,96.68,827768,111.39
2023-12-11,95.82,96.76,94.87,95.31,905420,109.81
2023-12-12,95.44,95.92,94.21,95.35,751396,109.85
2023-12-13,94.96,99.71,94.36,99.6,868225,114.75
2023-12-14,101.88,109.08,101.88,106.43,2163198,122.62
2023-12-15,106.09,106.46,102.48,103.33,2029183,119.05
2023-12-18,103.34,103.74,101.9,102.32,646222,117.88
2023-12-19,103.21,104.57,103.18,104.02,595497,119.84
2023-12-20,103.4,104.15,101.07,101.26,562958,116.66
2023-12-21,102.09,102.79,100.99,102.72,563310,118.34
2023-12-22,102.74,103.91,102.74,103.4,547111,119.13
2023-12-26,103.72,106.01,103.31,105.7,642778,121.78
2023-12-27,106.02,107.23,105.54,106.33,647285,122.5
2023-12-28,105.89,107.29,105.77,106.8,576542,123.04
2023-12-29,106.36,107.95,105.43,105.69,740295,121.77
2024-01-02,105.09,107.68,104.8,106.67,713250,122.9
2024-01-03,105.32,105.54,101.99,102.31,866570,117.87
2024-01-04,102.03,102.92,101.59,102.56,619333,118.16
2024-01-05,102.15,105.41,102.15,104.98,1015107,120.95
2024-01-08,105.01,106.42,104.49,105.84,696543,121.94
2024-01-09,104.79,105.65,104.34,104.92,533162,120.88
2024-01-10,105.08,105.28,103.81,104.71,485379,120.64
2024-01-11,104.24,104.56,101.85,104.47,716424,120.36
2024-01-12,105.19,105.52,98.45,99.09,1603075,114.16
2024-01-16,98.22,98.95,96.77,97.76,1547469,112.63
2024-01-17,96.59,98.26,96.43,97.28,712696,112.08
2024-01-18,97.86,98,96.34,97.55,708202,112.39
2024-01-19,97.51,98.57,96.17,97.75,697590,112.62
2024-01-22,98.23,100.18,97.92,99.17,874467,114.25
2024-01-23,99.38,99.72,96.52,96.83,1037697,111.56
2024-01-24,96.83,97.62,95.1,95.79,1004837,110.36
2024-01-25,96.32,99.36,96.14,99.18,989462,114.27
2024-01-26,100.38,101.9,99.99,100.65,1120243,115.96
2024-01-29,101.23,103.08,100.65,102.24,1630580,117.79
2024-01-30,97.43,98.22,95.16,95.49,4092080,110.01
2024-01-31,95.68,98.91,94.7,95.06,2759131,109.52
2024-02-01,95.91,97.09,94.93,96.69,1274772,111.4
2024-02-02,95.49,96.71,93.57,95.86,1673882,110.44
2024-02-05,94.73,95.12,93.3,93.91,1033730,108.2
2024-02-06,93.74,95.03,93.52,94.81,735511,109.23
2024-02-07,95.63,95.75,93.65,94.65,866055,109.05
2024-02-08,94.95,95.97,94.64,95.64,910584,110.19
2024-02-09,95.24,95.85,94.3,94.66,687770,109.06
2024-02-12,94.86,98.3,94.77,97.32,1645437,112.12
2024-02-13,94.25,94.92,91.97,92.82,1553331,106.94
2024-02-14,93.87,95.28,92.98,94.44,997139,108.81
2024-02-15,95.02,96.13,94.92,95.3,660690,109.8
2024-02-16,93.93,95.16,93.5,93.88,748793,108.16
2024-02-20,93.31,95.58,93.08,94.96,675055,109.4
2024-02-21,95.03,95.6,94.5,95.49,634183,110.01
2024-02-22,96.36,97.46,95.66,96.75,908993,111.47
2024-02-23,96.78,97.27,95.95,95.96,1063542,110.56
2024-02-26,95.15,95.92,93.13,93.18,1535194,107.35
2024-02-27,94.32,95.14,93.26,93.58,1258868,107.82
2024-02-28,93.12,94.22,92.99,93.42,1277950,107.63
2024-02-29,94.05,95.14,93.79,94.75,1264048,107.39
2024-03-01,94.93,94.97,93.35,94.24,972904,106.81
2024-03-04,94.59,95.14,93.54,94.01,1771413,106.55
2024-03-05,93.15,94.76,90.86,90.99,2204313,103.13
2024-03-06,91.35,94.36,90.57,93.77,1508901,106.28
2024-03-07,94.41,95.98,94.41,95.41,1205654,108.14
2024-03-08,95.81,96.67,95.02,96.46,904098,109.33
2024-03-11,95.95,96.8,94.88,95.87,938999,108.66
2024-03-12,95.82,96.48,94.62,95.1,810296,107.78
2024-03-13,95.26,96.43,95.07,95.9,1003420,108.69
2024-03-14,95.37,95.6,92.61,93.24,1254701,105.68
2024-03-15,92.63,94.81,92.22,92.75,14710344,105.12
2024-03-18,93.38,95.18,92.42,92.81,1426396,105.19
2024-03-19,92.64,95.04,92.64,94.76,815806,107.4
2024-03-20,94.78,97.37,93.97,96.76,1121164,109.66
2024-03-21,97.05,99.58,96.71,98.56,1091919,111.71
2024-03-22,98.78,98.78,97.7,97.79,607040,110.83
2024-03-25,98.05,102.11,98.05,100.08,1343358,113.43
2024-03-26,100.81,101.18,98.99,99.02,848284,112.23
2024-03-27,100.2,104.52,100.13,104.02,1502981,117.89
2024-03-28,104.21,105.77,104.21,105.55,1092173,119.63
2024-04-01,105.66,106.22,104.35,105.17,1557028,119.2
2024-04-02,104.07,104.59,101.25,101.36,1114861,114.88
2024-04-03,100.65,102.67,100.58,102.2,1174701,115.83
2024-04-04,103.67,104.06,101.11,101.14,845907,114.63
2024-04-05,101.03,102.22,100.58,101.77,683563,115.34
2024-04-08,102.61,103.73,102.02,102.32,704195,115.97
2024-04-09,102.85,104.1,102.46,103.05,906268,116.79
2024-04-10,100.58,100.89,97.37,97.88,1285363,110.94
2024-04-11,98.59,98.83,97.54,98.28,755921,111.39
2024-04-12,96.55,97.06,95.33,95.34,999368,108.06
2024-04-15,95.61,96.45,93.42,93.99,1001897,106.53
2024-04-16,93.64,93.88,92.5,93.13,860608,105.55
2024-04-17,93.88,94.03,91.6,91.63,988709,103.85
2024-04-18,92.82,93.11,91.25,91.86,917768,104.11
2024-04-19,91.73,92.83,91.66,92.35,1010683,104.67
2024-04-22,91.7,93.2,91.06,93.03,1104203,105.44
2024-04-23,93.02,95.17,92.83,92.99,1231969,105.39
2024-04-24,92.64,93.82,91.96,93.24,1705866,105.68
2024-04-25,90.53,90.53,81.65,83.79,6752663,94.97
2024-04-26,83.83,84.9,81.09,83.47,2579311,94.6
2024-04-29,84.38,85.81,84.12,85.5,1574908,96.9
2024-04-30,84.7,85.87,83.67,83.7,1026037,94.86
2024-05-01,83.47,86.25,83.42,83.44,1061144,94.57
2024-05-02,84.35,84.58,82.72,83.39,1010213,94.51
2024-05-03,85.14,86.03,84.05,84.31,1040809,95.56
2024-05-06,85.42,86,83.84,84.01,1007417,95.21
2024-05-07,84.65,84.88,83.69,83.84,1211009,95.02
2024-05-08,83.31,84.09,82.91,83.72,852833,94.89
2024-05-09,83.72,84.74,83.38,83.95,827965,95.15
2024-05-10,84.41,84.64,83.79,83.86,886968,95.04
2024-05-13,84.48,85.69,83.63,84.25,2466031,95.49
2024-05-14,85.89,87,84.5,84.69,1652942,95.99
2024-05-15,86.1,86.1,83.63,83.77,1542005,94.94
2024-05-16,83.78,84.14,82.42,82.68,1340860,91.98
2024-05-17,82.74,83.73,81.97,82.14,1440855,91.38
2024-05-20,82.39,82.64,81.33,81.46,1091334,90.62
2024-05-21,81.13,81.6,80.35,80.47,1173868,89.52
2024-05-22,80.23,80.25,78.96,79.73,1354953,88.7
2024-05-23,79.55,79.55,77.35,77.72,1979316,86.46
2024-05-24,78.11,78.44,77.14,77.77,1236822,86.52
2024-05-28,78.03,79.34,77.85,77.99,1699210,86.76
2024-05-29,77.07,77.19,75.67,76.21,1242934,84.78
2024-05-30,76.93,81.54,76.69,80.96,2392970,90.07
2024-05-31,81.44,83.68,81.02,83.62,1476031,93.03
2024-06-03,84.05,84.79,82.82,82.91,1593555,92.24
2024-06-04,82.32,82.36,80.19,80.21,788486,89.23
2024-06-05,80.45,80.63,79.33,80.47,977180,89.52
2024-06-06,80.11,80.56,79.79,80.05,672830,89.05
2024-06-07,78.91,79.7,78.44,79.21,854354,88.12
2024-06-10,78.39,79.67,78.22,79.35,694717,88.28
2024-06-11,78.94,80.09,78.12,79.59,919332,88.54
2024-06-12,81.91,85.88,81.91,84.54,3474128,94.05
2024-06-13,84.32,84.32,81.8,83.43,1043302,92.81
2024-06-14,82.48,83.28,81.45,81.62,1200030,90.8
2024-06-17,81.71,84.63,81.71,82.47,1691085,91.75
2024-06-18,82.36,83.29,80.05,80.1,1183273,89.11
2024-06-20,79.65,80.76,79.65,80.54,841883,89.6
2024-06-21,80.55,81.78,80.11,81.29,1282448,90.43
2024-06-24,81.8,83.02,81.67,82.53,1218925,91.81
2024-06-25,81.77,81.81,78.17,78.23,1712032,87.03
2024-06-26,92.86,93.14,86.49,91.61,9743383,101.91
2024-06-27,90.67,90.88,89.31,90.68,1778063,100.88
2024-06-28,90.84,92.73,90.47,91.87,1307926,102.2
2024-07-01,91.49,92.25,90.43,90.67,1173004,100.87
2024-07-02,91.87,92.5,91.04,91.89,1344020,102.23
2024-07-03,92.29,93.35,90.65,90.65,514663,100.85
2024-07-05,90.28,91.26,89.65,90.25,969092,100.4
2024-07-08,90.72,93.21,90.54,92.5,1177966,102.9
2024-07-09,91.73,91.85,90.68,91.08,944209,101.33
2024-07-10,91.09,93.66,90.39,92.48,715562,102.88
2024-07-11,94.38,97.55,94.23,97.48,936349,108.44
2024-07-12,98.45,99.91,97.61,98.74,892059,109.85
2024-07-15,98.31,100.18,97.52,99.48,899956,110.67
2024-07-16,100.11,101.85,99.95,100.98,841914,112.34
2024-07-17,99.55,101.54,99.55,100.31,939607,111.59
2024-07-18,99.39,103.78,93.42,94.56,2627768,105.2
2024-07-19,94.07,96.53,94.07,94.94,743928,105.62
2024-07-22,95.42,96.58,94.81,95.56,733011,106.31
2024-07-23,93.48,93.52,90.46,91.11,1724556,101.36
2024-07-24,90.99,91.51,88.12,88.77,1854154,98.75
2024-07-25,89.89,91.34,87.22,91.3,1742132,101.57
2024-07-26,92.06,92.32,89.12,89.47,1072848,99.53
2024-07-29,89.46,89.89,87.32,89.32,1172218,99.37
2024-07-30,88.97,92.01,87.85,91.99,1357214,102.34
2024-07-31,92.42,93.69,90.87,91.66,1376258,101.97
2024-08-01,91.6,92.85,87.63,88.63,962711,98.6
2024-08-02,87.19,87.21,85.13,87.01,1072616,96.8
2024-08-05,83.56,84.74,82.39,83.8,1227062,93.23
2024-08-06,83.83,84.85,82.74,83.02,878468,92.36
2024-08-07,84.44,84.6,80.97,81.12,909887,90.25
2024-08-08,81.81,84.21,81.46,84.03,1046391,93.48
2024-08-09,84.16,84.94,83.02,83.7,751168,93.12
2024-08-12,84.05,84.49,82.35,82.86,475841,92.18
2024-08-13,83.15,86.91,82.79,86.14,1658643,95.83
2024-08-14,86.63,87.02,84.41,84.82,680210,94.36
2024-08-15,86.99,87.6,85.2,85.96,769744,95.63
2024-08-16,85.57,87.6,85.57,86.93,589299,96.71
2024-08-19,87.37,87.76,86.19,86.42,617351,96.14
2024-08-20,86.35,87.3,86.04,86.76,611682,96.52
2024-08-21,87.76,89.13,86.95,88.99,678279,99
2024-08-22,89.13,89.44,87.79,88.13,567702,98.04
2024-08-23,88.53,92.38,87.91,92.02,704172,102.37
2024-08-26,92.82,93.58,91.85,92.6,548802,103.02
2024-08-27,91.93,92.68,90.98,92.43,530634,102.83
2024-08-28,91.83,92.85,91.76,91.78,464963,102.1
2024-08-29,92.52,92.93,91.05,92.12,530737,102.48
2024-08-30,92.88,93.45,90.86,91.72,664579,100.29
2024-09-03,90.84,91.71,89.49,89.78,656934,98.17
2024-09-04,89.24,90.59,88.78,90.38,304094,98.83
2024-09-05,90.73,91.1,89.18,89.19,420089,97.53
2024-09-06,89.03,90.41,88.71,89.26,444233,97.61
2024-09-09,89.16,89.8,88.25,88.81,686525,97.11
2024-09-10,88.71,88.94,87.14,88.88,441894,97.19
2024-09-11,88.3,88.4,84.48,85.33,1251066,93.31
2024-09-12,85.6,86.37,85.14,85.84,461200,93.87
2024-09-13,87.14,90.54,87.14,90.16,967421,98.59
2024-09-16,90.87,92.72,90.54,92.02,768552,100.62
2024-09-17,93.11,94.04,91.65,93.13,897864,101.84
2024-09-18,93.52,95.99,92.13,92.3,930736,100.93
2024-09-19,94.94,94.94,93.16,94.53,725753,103.37
2024-09-20,93.91,94.61,92.52,93.65,1166378,102.41
2024-09-23,94.56,94.99,93.06,93.57,375031,102.32
2024-09-24,93.97,94.82,93.72,94.71,402773,103.56
2024-09-25,94.74,94.8,93.28,93.92,740563,102.7
2024-09-26,95.11,98.65,94.81,97.47,1248363,106.58
2024-09-27,98.77,99.77,97.26,98.46,476844,107.66
2024-09-30,97.85,98.68,97.17,97.85,476048,107
2024-10-01,97.85,98.21,96.11,97.79,367536,106.93
2024-10-02,97.29,98.02,96.06,96.17,408865,105.16
2024-10-03,95.22,96.01,94.81,95.87,514647,104.83
2024-10-04,97.4,97.47,95.07,95.28,532299,104.19
2024-10-07,94.65,95.49,93.33,94.4,431589,103.22
2024-10-08,93.45,95.02,93.36,94.67,361351,103.52
2024-10-09,95.11,96.74,94.67,95.76,531356,104.71
2024-10-10,95.11,95.19,93.43,94.39,663274,103.21
2024-10-11,94.74,96.62,94.44,96.12,799809,105.11
2024-10-14,95.8,95.8,93.12,95.31,755288,104.22
2024-10-15,95.31,96.94,94.19,94.28,789144,103.09
2024-10-16,95.63,96.62,94.92,95.89,664036,104.85
2024-10-17,95.93,96.47,95.03,95.77,406452,104.72
2024-10-18,96.06,98.73,95.61,98.01,670141,107.17
2024-10-21,97.94,97.96,95.9,96,801272,104.98
2024-10-22,95.59,95.75,93.46,93.54,764641,102.29
2024-10-23,92.93,93.44,90.69,90.79,1427104,99.28
2024-10-24,96.97,104.2,96.77,100.93,3017492,110.37
2024-10-25,100.25,100.79,94.94,95.15,1547061,104.05
2024-10-28,96.32,96.68,94.77,94.84,1048670,103.71
2024-10-29,94.19,95.2,93.46,93.91,743017,102.69
2024-10-30,93.59,95.02,93.51,94.7,849347,103.55
2024-10-31,93.8,95.06,93.8,94.66,574116,103.51
2024-11-01,95.14,96.47,94.12,94.36,525786,103.18
2024-11-04,94.46,96.73,94.46,96.02,879023,105
2024-11-05,95.75,97.89,95.23,97.26,865433,106.35
2024-11-06,99.68,101.19,98.3,98.8,1099176,108.04
2024-11-07,98.57,101.37,98.57,99.42,576914,108.71
2024-11-08,99.42,101.09,98.52,101.06,583702,110.51
2024-11-11,101.81,103.58,101.05,103.28,755214,112.94
2024-11-12,102.52,103.37,100.64,101.04,660493,110.49
2024-11-13,102.43,104.54,102.04,104.09,892064,113.82
2024-11-14,104.71,106.59,103.91,104.28,1118163,114.03
2024-11-15,104.86,105.49,103.19,104.3,743478,112.3
2024-11-18,103.92,104.29,102.79,103.39,543217,111.32
2024-11-19,101.74,102.73,100.42,101.87,589693,109.68
2024-11-20,100.6,102.18,100.47,101.98,515861,109.8
2024-11-21,102.14,103.81,101.38,103.26,367384,111.18
2024-11-22,103.28,104.72,103.26,104.5,396497,112.52
2024-11-25,106.34,110.93,106.33,109.59,817364,118
2024-11-26,108.27,108.27,104.28,104.45,910302,112.46
2024-11-27,104.8,105.97,103.57,103.84,446746,111.8
2024-11-29,103.94,104.8,103.48,103.48,286774,111.42
2024-12-02,103.48,104,101.91,102.86,587260,110.75
2024-12-03,102.77,103.56,101.4,102.53,725110,110.39
2024-12-04,101.81,102.24,100.38,101.75,482495,109.55
2024-12-05,102.17,102.4,100.42,100.79,680462,108.52
2024-12-06,102.16,104.9,101.01,104.78,904765,112.82
2024-12-09,109.38,116.5,108.53,115.58,2339976,124.45
2024-12-10,114.72,116.11,113.87,115.05,883810,123.88
2024-12-11,116.93,117.3,115.06,115.51,978505,124.37
2024-12-12,114.71,115.06,113.49,114.67,555581,123.47
2024-12-13,113.84,114.58,112.84,114.08,491749,122.83
2024-12-16,113.36,114.27,112.35,112.85,593255,121.51
2024-12-17,112.32,112.83,110.79,111.74,515514,120.31
2024-12-18,111.81,112.84,107.11,107.22,831221,115.44
2024-12-19,107.57,109.02,105.01,105.87,773897,113.99
2024-12-20,105.53,107.5,105.27,106.35,1253152,114.51
2024-12-23,105.66,107.58,104.88,107.49,471901,115.73
2024-12-24,107.1,108.34,106.56,108.25,176386,116.55
2024-12-26,107.62,107.96,106.82,107.76,495882,116.03
2024-12-27,107.34,108.21,106.03,106.96,623932,115.17
2024-12-30,106.31,106.31,104.33,105.73,476616,113.84
2024-12-31,106.22,106.99,105.73,106.32,337647,114.48
2025-01-02,106.99,107.8,105.77,106.86,564639,115.06
2025-01-03,107.11,107.34,105.97,106.84,564772,115.04
2025-01-06,108.07,109.03,106.6,106.7,634296,114.89
2025-01-07,106.71,106.97,105.41,105.5,561152,113.59
2025-01-08,104.27,105.51,102.27,105.38,578231,113.46
2025-01-10,104.02,110.73,103.77,109.6,1298928,118.01
2025-01-13,109.64,112.76,109.14,112.07,1305108,120.67
2025-01-14,113.78,118.59,113.54,117.04,1972797,126.02
2025-01-15,120.74,121.1,119.21,120.45,1141433,129.69
2025-01-16,120.13,120.69,118.25,119.69,679023,128.87
2025-01-17,120.69,121.53,119.61,120.75,631788,130.01
2025-01-21,121.57,122.68,120.89,122.58,617840,131.98
2025-01-22,122.23,123.65,121.33,122.67,706311,132.08
2025-01-23,122.77,124.95,121.5,123.39,1031176,132.86
2025-01-24,122.64,124.28,121.5,122.66,613981,132.07
2025-01-27,122.51,125.84,122.51,123.65,896822,133.14
2025-01-28,123.29,125.34,122.13,123.26,916736,132.71
2025-01-29,123.94,123.94,119.48,120.53,1353239,129.78
2025-01-30,103.09,104.95,96.59,100.67,4737375,108.39
2025-01-31,100.41,101.4,97.42,97.53,1831875,105.01
2025-02-03,93.44,96.12,91.97,92.14,2013231,99.21
2025-02-04,91.65,93.95,91.38,93.24,1626112,100.39
2025-02-05,93.4,96,92.88,95.49,1301283,102.81
2025-02-06,96.24,97.44,95.54,95.54,1007651,102.87
2025-02-07,95.7,96.36,94.33,94.55,934121,101.8
2025-02-10,94.7,95.21,93.31,93.41,1012559,100.58
2025-02-11,92.88,94.01,92.1,92.43,918948,99.52
2025-02-12,91.48,92.1,90.62,91.35,1422442,98.36
2025-02-13,91.46,94.66,91.16,94.32,1259804,101.56
2025-02-14,95.73,97.75,95.19,96.49,984921,103.89
2025-02-18,96.59,98.49,94.75,97.66,1007823,105.15
2025-02-19,95.97,98.53,95.66,98.45,942506,106
2025-02-20,97.98,99.04,97.54,98.51,558894,106.07
2025-02-21,99.24,99.36,96.59,97.33,1034209,104.8
2025-02-24,97.32,97.47,93.89,93.9,1106058,101.1
2025-02-25,94.53,97.15,94.38,96.78,826309,104.2
2025-02-26,96.79,97.24,95.88,96.87,623074,104.3
2025-02-27,96.97,97.31,95.29,95.37,715317,102.69
2025-02-28,95.09,96.49,94.49,96.18,974510,101.79
2025-03-03,96.38,96.38,92.63,93.02,1334008,98.45
2025-03-04,91.54,92.12,85.68,85.71,2627301,90.71
2025-03-05,86.31,87.2,84.53,86.53,1296110,91.58
2025-03-06,86.16,89.15,86.11,88.72,895282,93.9
2025-03-07,88.34,91,86.57,89.64,1243778,94.87
2025-03-10,89.43,91.65,89,89.4,753807,94.62
2025-03-11,89.29,89.39,85.57,86.85,1298219,91.92
2025-03-12,86.92,87.36,85.08,86.03,954541,91.05
2025-03-13,85.61,86.39,83.01,83.7,1180662,88.58
2025-03-14,85.2,87.68,84.94,85.96,967718,90.98
2025-03-17,86.01,89.48,86.01,89.03,908040,94.23
2025-03-18,89.47,90.05,87.18,88.07,877289,93.21
2025-03-19,88.02,90.07,87.97,89.29,605406,94.5
2025-03-20,88.58,90.28,87.94,88.96,656381,94.15
2025-03-21,87.66,88.68,86.99,88.2,1176818,93.35
2025-03-24,88.84,90.8,88.77,90.37,578509,95.64
2025-03-25,90.04,90.09,88.35,88.66,756280,93.83
2025-03-26,88.91,89.75,88.25,88.69,616379,93.87
2025-03-27,88.33,89.34,87.56,87.87,528880,93
2025-03-28,87.42,87.73,84.14,84.57,1053804,89.51
2025-03-31,83.55,85.89,82.26,85.16,764364,90.13
2025-04-01,85.32,86.53,83.71,86.13,759018,91.16
2025-04-02,84.91,86.62,84.39,85.77,988262,90.78
2025-04-03,82.95,85.12,81.18,81.37,3215348,86.12
2025-04-04,79.01,81.16,75.31,80.94,1817078,85.66
2025-04-07,78.12,82.19,75.68,78.52,1639277,83.1
2025-04-08,80.26,80.79,72.06,73.17,1379631,77.44
2025-04-09,71.41,81.39,70.9,80.57,2132170,85.27
2025-04-10,78.05,79.14,72.25,76.49,1624899,80.95
2025-04-11,76.3,77.21,72.91,76.78,1176633,81.26
2025-04-14,78.29,78.38,75.05,75.8,1206499,80.22
2025-04-15,75.86,76.61,74.1,75.05,1051119,79.43
2025-04-16,75.06,76.27,72.08,73.12,1074168,77.39
2025-04-17,73.05,74.54,72.53,74.49,1097980,78.84
2025-04-21,72.95,73.32,70.89,72.79,1199680,77.04
2025-04-22,73.52,74.54,72.2,73.06,1609456,77.32
2025-04-23,75.32,77.26,73.15,73.45,1746058,77.74
2025-04-24,75.45,76.17,72.06,74.62,2875707,78.97
2025-04-25,74.16,75.3,72.69,73.13,1588892,77.4
2025-04-28,73.08,74.26,71.93,72.81,1098743,77.06
2025-04-29,71.88,73.47,71.77,72.36,1547027,76.58
2025-04-30,71.29,72.23,69.65,72.07,1474482,76.28
2025-05-01,72.17,72.68,70.39,71.54,1337759,75.71
2025-05-02,72.23,74.59,72.13,73.58,1233518,77.87
2025-05-05,72.94,73.56,72.25,72.87,961140,77.12
2025-05-06,72.14,72.94,71.36,72.41,1109497,76.64
2025-05-07,72.53,73,71.72,72.31,848270,76.53
2025-05-08,73.12,75.62,73.08,75.47,1042559,79.87
2025-05-09,75.65,76.31,74.97,75.62,1111700,80.03
2025-05-12,80.31,82.47,78.07,78.96,1459635,83.57
2025-05-13,79.87,81,79.24,79.42,1406651,84.05
2025-05-14,79.4,80.29,77.73,79.02,1109678,83.63
2025-05-15,78.53,79.66,77.96,79.02,1449182,83.63
2025-05-16,79.04,80.35,78.8,79.78,919726,82.67
2025-05-19,78.38,79.4,77.45,79.33,847796,82.2
2025-05-20,78.99,79.81,78.77,79.15,865854,82.02
2025-05-21,78.17,78.94,74.32,74.5,1478916,77.2
2025-05-22,73.83,75.55,73.49,75.01,952160,77.73
2025-05-23,73.41,74.87,73.41,74.58,785893,77.28
2025-05-27,75.66,77.1,75.19,76.89,940765,79.67
2025-05-28,76.74,77.79,75.39,75.41,929112,78.14
2025-05-29,76.21,77.04,74.68,75.87,857607,78.62
2025-05-30,75.2,75.54,74.09,75.36,1244967,78.09
2025-06-02,75.07,75.88,73.34,75.8,1216151,78.55
2025-06-03,75.75,78.74,74.99,78.53,982160,81.37
2025-06-04,78.95,79.52,78.29,78.86,871769,81.72
2025-06-05,78.62,79.86,77.42,79.2,1878462,82.07
2025-06-06,79.67,80.47,79.02,80.13,1084276,83.03
2025-06-09,80.58,83.24,80.58,81.62,2182140,84.58
2025-06-10,82.81,85.2,82.07,84.91,1301626,87.98
2025-06-11,85.59,86.1,82.94,84.34,1388655,87.39
2025-06-12,83.3,84.94,82.25,84.5,1069680,87.56
2025-06-13,87.78,89.3,86.6,87.09,2582188,90.24
2025-06-16,88.23,89.98,86.57,89.8,1652069,93.05
2025-06-17,88.96,90.33,88.07,88.08,1718742,91.27
2025-06-18,88.48,89.64,88.15,88.59,1073198,91.8
2025-06-20,88.98,90.24,88.22,89.73,1099483,92.98
2025-06-23,88.78,90.94,88.08,90.49,1329009,93.77
2025-06-24,91.68,93.21,91.25,91.8,758741,95.12
2025-06-25,91.58,92.23,90.53,90.8,713459,94.09
2025-06-26,91.41,92.77,90.52,92.11,667154,95.45
2025-06-27,93.01,93.87,91.7,92.81,1188504,96.17
2025-06-30,94.68,98.17,94.13,97.88,2138407,101.42
2025-07-01,97.52,103.49,96.96,101.6,1477183,105.28
2025-07-02,101.84,106.85,100.38,106.73,1729901,110.59
2025-07-03,107.01,108.05,105.56,106.09,730222,109.93
2025-07-07,105.25,105.54,103.31,104.71,1071529,108.5
2025-07-08,105.2,107.48,103.97,103.97,981530,107.74
2025-07-09,105.71,105.93,102.79,104.11,1263897,107.88
2025-07-10,103.91,106.41,103.11,104.64,997877,108.43
2025-07-11,103.42,105.13,103.02,104.71,782507,108.5
2025-07-14,104.1,104.16,101.15,102.77,929486,106.49
2025-07-15,102.78,102.78,96.8,97.41,2135269,100.94
2025-07-16,97.55,97.55,92.57,92.8,2054665,96.16
2025-07-17,92.86,94.01,91.75,93.24,1562754,96.62
2025-07-18,92.65,92.95,89.23,89.92,2096759,93.18
2025-07-21,90.85,91.18,88.98,89,1027766,92.22
2025-07-22,89.12,93.51,88.96,93.15,1141309,96.52
2025-07-23,94.58,96.14,93.72,95.99,1433379,99.47
2025-07-24,95.05,96.64,94.43,95.17,1458912,98.62
2025-07-25,96.51,96.51,93.95,96.25,797824,99.74
2025-07-28,96.51,96.98,93.43,94.49,3809671,97.91
2025-07-29,82.52,87.39,81.07,81.8,14680194,84.76
2025-07-30,81.46,82.18,80.1,80.81,4132333,83.74
2025-07-31,80.03,81.47,79.62,80.14,2402627,83.04
2025-08-01,79.84,80.11,78.1,79.78,2335693,82.67
2025-08-04,79.78,80.75,78.65,80.2,1506387,83.1
2025-08-05,80.61,82.01,79.79,81.58,1443255,84.53
2025-08-06,82.03,82.03,79.72,80.02,1111654,82.92
2025-08-07,81.17,82.15,80.27,80.82,1014591,83.75
2025-08-08,81.4,81.4,79.98,80.78,1064952,83.71
2025-08-11,80.97,81.79,78.23,79.36,1236990,82.23
2025-08-12,79.8,83.13,79.62,82.74,1320758,85.74
2025-08-13,82.94,87.89,82.52,87.06,1276135,90.21
2025-08-14,85.15,86.33,84.2,85.9,809804,89.01
2025-08-15,86.57,86.89,85.02,85.05,983789,88.13
2025-08-18,85.65,86.18,84.38,85.01,1456962,88.09
2025-08-19,85.7,88.42,85.14,86.44,1089190,89.57
2025-08-20,86.14,87.14,83.95,83.96,1089979,87
2025-08-21,83.27,85.21,82.47,85.13,765563,88.21
2025-08-22,85.78,90.95,85.37,90.38,1395642,93.65
2025-08-25,90.04,91.16,88.99,90.35,956648,93.62
2025-08-26,90.17,92.13,89.89,91.62,1117699,94.94
2025-08-27,91.19,92.62,90.96,91.29,808062,94.6
2025-08-28,91.92,91.92,90.11,91.16,841850,94.46
2025-08-29,91.42,92.15,89.82,90.76,1165628,93.15
2025-09-02,89.59,89.82,87.82,88.23,1147868,90.55
2025-09-03,87.71,89.03,86.94,87.16,885301,89.46
2025-09-04,87.47,89.83,86.77,89.67,952641,92.03
2025-09-05,90.27,93.98,89.98,92.02,1227572,94.44
2025-09-08,92.08,93.54,90.45,93.09,976581,95.54
2025-09-09,92.77,94.09,91.34,91.4,1164849,93.81
2025-09-10,90.78,91.57,89.23,91.34,1100783,93.75
2025-09-11,91.09,92.83,90.34,92.52,818461,94.96
2025-09-12,91.87,92.19,89.69,89.74,894162,92.1
2025-09-15,90.63,90.9,87.05,87.62,1043106,89.93
2025-09-16,87.93,88.5,86.75,87.98,1798088,90.3
2025-09-17,87.95,89.22,84.12,84.23,1583590,86.45
2025-09-18,84.23,84.57,82.58,82.72,2067634,84.9
2025-09-19,82.12,82.5,80.38,80.56,1620848,82.68
2025-09-22,80.4,80.4,78.67,79.01,1331774,81.09
2025-09-23,79.57,80.11,77.77,77.88,1271933,79.93
2025-09-24,77.16,78.53,77.16,77.6,1207343,79.64
2025-09-25,77.07,77.48,75.23,75.48,2091333,77.47
2025-09-26,75.66,76.84,75.32,75.5,1177609,77.49
2025-09-29,76.55,76.93,75.09,76.36,1164199,78.37
2025-09-30,76.3,76.82,75.21,76.58,1093911,78.6
2025-10-01,76.52,77.41,76.05,76.98,793365,79.01
2025-10-02,77.01,78.14,76.76,77.52,980554,79.56
2025-10-03,77.89,78.52,77.1,78,869330,80.05
2025-10-06,77.95,78.42,76.25,77.29,930347,79.33
2025-10-07,77.32,77.54,74.63,74.66,778360,76.63
2025-10-08,74.93,76.19,73.85,75.15,950703,77.13
2025-10-09,75.17,75.29,72.17,72.54,1589430,74.45
2025-10-10,72.59,73.12,69.5,69.69,1954725,71.53
2025-10-13,70.76,71.39,69.93,70.07,1109151,71.92
2025-10-14,69.48,72.74,69.18,72.14,1463781,74.04
2025-10-15,72.48,73.59,71.19,71.28,1038698,73.16
2025-10-16,71.15,71.24,69.78,70.34,1961316,72.19
2025-10-17,70.44,70.97,69.77,70.89,864210,72.76
2025-10-20,71.13,72.18,70.18,70.79,874640,72.65
2025-10-21,70.64,73.19,70.07,72.64,1144403,74.55
2025-10-22,71.85,72.91,70.76,71.14,1292000,73.01
2025-10-23,71.31,72.53,70.18,72.38,878247,74.29
2025-10-24,73,73.1,71.73,71.77,977650,73.66
2025-10-27,72.15,73,71.48,71.89,2243109,73.78
2025-10-28,72.29,77.46,71.38,75.59,4445951,77.58
2025-10-29,74.05,74.71,71.91,72.65,1664982,74.56
2025-10-30,72.1,72.37,69.67,69.88,1817736,71.72
2025-10-31,70.83,70.83,69.13,69.79,1414930,71.63
2025-11-03,69.67,69.69,67.59,69.12,1266845,70.94
2025-11-04,68.56,69.23,67.24,68.69,1241280,70.5
2025-11-05,68.66,69.41,66.99,69.33,1238503,71.16
2025-11-06,69.37,69.67,66.43,66.68,1498788,68.44
2025-11-07,66.33,67,65.43,65.86,1194143,67.59
2025-11-10,66.36,66.54,63.75,63.82,1720903,65.5
2025-11-11,64.36,65.06,63.98,64.38,1084569,66.08
2025-11-12,64.74,65.45,64.11,64.95,1379277,66.66
2025-11-13,64.6,65.11,63.67,64,1392707,65.69
2025-11-14,65.38,68.5,65.18,68.48,2920672,70.28
2025-11-17,68.96,69.47,66.36,66.45,2133073,68.2
2025-11-18,66.25,67.14,65.29,66.92,1564520,68.68
2025-11-19,67.02,68.48,65.91,68.24,1352876,70.04
2025-11-20,69.18,71.39,67.74,68.45,1795046,70.25
2025-11-21,69.22,72.93,68.92,72.44,1802114,73.4
2025-11-24,72.05,74.7,70.9,74.04,1741067,75.02
2025-11-25,74.48,77.58,74.12,76.72,1653541,77.73
2025-11-26,76.1,78.23,76.1,77.71,1181178,78.74
2025-11-28,77.54,77.64,76.03,76.34,671067,77.35
2025-12-01,76,79.55,75.59,78.45,1080982,79.48
2025-12-02,78.53,78.8,77.04,78.52,1095839,79.56
2025-12-03,78.9,80.78,78.4,79.8,1219913,80.85
2025-12-04,79.63,80.14,77.94,78.86,980439,79.9
2025-12-05,77.58,78.84,75.01,75.07,1455357,76.06
2025-12-08,74.81,75.06,73.55,74.03,1341476,75.01
2025-12-09,73.14,75.1,73.14,73.64,1173355,74.61
2025-12-10,74.52,77.36,73.87,77.1,1569458,78.12
2025-12-11,77.17,79.1,77.13,77.53,905158,78.55
2025-12-12,78.12,78.76,76.46,76.63,1017530,77.64
2025-12-15,76.74,76.98,75.27,76.25,1150589,77.26
2025-12-16,76.26,76.87,73.87,74.6,1120822,75.58
2025-12-17,73.99,76.31,73.99,75.11,1387026,76.1
2025-12-18,76.02,77.19,75.5,75.96,1019613,76.96
2025-12-19,75.65,76,72.55,72.62,2496727,73.58
2025-12-22,72.45,72.79,70.48,71.49,1708127,72.43
2025-12-23,71.2,71.56,70.11,70.66,1025187,71.59
2025-12-24,70.72,71.4,70.17,71.16,740185,72.1
2025-12-26,70.96,71.6,70.58,71.17,701357,72.11
2025-12-29,70.99,72.2,70.55,70.71,1132512,71.64
2025-12-30,70.44,71.84,70.25,71.28,1135602,72.22
2025-12-31,71.04,71.66,70.28,71.2,1097573,72.14
2026-01-02,71.56,74.76,70.79,73.53,1160745,74.5
2026-01-05,73.58,76.36,73.31,75.66,1022701,76.66
2026-01-06,75.41,78.9,74.81,78.08,1193279,79.11
2026-01-07,78.46,79.57,74.91,75.9,1157398,76.9
2026-01-08,75.46,81.01,74.67,80.31,1807130,81.37
2026-01-09,80.85,82.54,79.72,82.36,1350393,83.45
2026-01-12,81.92,83.23,81.29,82.85,976782,83.94
2026-01-13,82.95,83.97,82.54,83.92,887196,85.03
2026-01-14,83.77,84.87,82.3,84.14,1029251,85.25
2026-01-15,83.68,84.59,82.91,83.64,1073725,84.74
2026-01-16,83.52,86.47,82.7,86,1536247,87.13
2026-01-20,84.14,85.72,82.81,85,1455964,86.12
2026-01-21,85.51,87.83,85.03,86.76,1239698,87.9
2026-01-22,86.85,89.04,86.71,88.49,1428006,89.66
2026-01-23,87.84,88.05,83.5,84.32,1708145,85.43
2026-01-26,84.38,84.72,82.25,83.61,1356009,84.71
2026-01-27,83.11,83.61,81.83,82.38,1626274,83.47
2026-01-28,82.34,83.8,79.47,79.82,2736223,80.87
2026-01-29,75.26,76.47,71.61,75.96,5449069,76.96
2026-01-30,74.85,80.11,74.13,78.95,3743108,79.99
2026-02-02,78.07,79.13,76.6,78.9,1957088,79.94
2026-02-03,79.39,85.59,79.1,84.39,2680653,85.5
2026-02-04,85.4,87.69,84.19,86.55,1857289,87.69
2026-02-05,85.37,86.18,82.22,83.98,1409165,85.09
2026-02-06,84.53,86.42,84.02,85.39,1119859,86.52
2026-02-09,85.08,87.06,84.41,86.72,1205698,87.86
2026-02-10,87.34,91.89,87.32,89.96,1653874,91.15
2026-02-11,89.87,91.63,88.89,91.61,1126829,92.82
2026-02-12,91.87,93.59,88.67,89.23,1041435,90.41
2026-02-13,85.77,88.14,84.83,87.54,1878020,88.69
2026-02-17,87.99,88.18,84.37,86.08,1227989,87.22
2026-02-18,85.37,86.35,84.89,85.31,1058155,86.44
2026-02-19,85.32,86.63,84.12,84.44,1266095,85.55
2026-02-20,83.97,86.17,79.11,83.39,3751328,84.49
2026-02-23,82.39,83.39,80.69,82.13,821995,83.21
2026-02-24,74.02,76.42,70.34,70.74,7687315,71.67
2026-02-25,70.47,71.06,69.58,69.84,12003768,70.76
2026-02-26,69.83,70.3,66.92,68.23,7899844,69.13
2026-02-27,68.1,68.92,66.85,68.43,3489012,68.43
2026-03-02,67.605,67.7,64.02,64.06,5283438,64.06
2026-03-03,62.52,62.52,58.73,60.35,6674736,60.35
2026-03-04,60.75,61.05,59.08,59.95,3360855,59.95
2026-03-05,60.04,61.81,59.84,61.23,3179013,61.23
2026-03-06,60.33,60.38,58.65,58.76,3461524,58.76
2026-03-09,58,59.1,56.33,58.74,3976010,58.74
2026-03-10,58.4,59.365,56.85,57.55,2884377,57.55
2026-03-11,57.21,58.38,56.44,58.23,2487439,58.23
2026-03-12,57.57,59.12,57.09,57.14,3544502,57.14
2026-03-13,57.31,58.13,56.75,57.49,2452643,57.49
2026-03-16,58.05,58.05,55.79,56.32,3444707,56.32
2026-03-17,57,58.15,56.78,56.86,1669887,56.86
2026-03-18,56.855,56.855,54.31,54.35,2760449,54.35
2026-03-19,53.84,54.97,53.39,54.24,2231708,54.24
2026-03-20,53.845,54.2,52.01,52.26,5645328,52.26
2026-03-23,53.52,55.27,53.2,54.43,2235467,54.43
2026-03-24,53.26,55.5,53.26,53.84,2112055,53.84
2026-03-25,54.61,55.41,53.1,55.22,1785621,55.22
2026-03-26,54.58,55.83,53.37,53.61,1671443,53.61
2026-03-27,53.15,53.91,51.69,51.92,2238013,51.92
2026-03-30,52.17,52.4999,50.41,50.87,2101484,50.87
2026-03-31,51.45,54.73,51.45,53.92,2844136,53.92
2026-04-01,53.24,54.71,52.66,54.28,2702070,54.28
2026-04-02,53.3,56.31,52.45,55.47,1916891,55.47
2026-04-06,55.25,56.87,55.05,56.29,1724402,56.29
2026-04-07,55.73,55.99,53.68,54.53,1432112,54.53
2026-04-08,56.6,58.16,55.73,56.16,3475272,56.16
2026-04-09,55.76,57.16,55.33,56.88,1333217,56.88
2026-04-10,57.05,57.2881,55.8,56.51,1313132,56.51
2026-04-13,56.18,56.49,55.16,56.03,1523786,56.03
2026-04-14,56.39,57.44,54.54,55.27,1934549,55.27
2026-04-15,55.2,56.645,54.47,55.75,2928250,55.75
2026-04-16,56.13,58.22,55.8,55.99,2963813,55.99
2026-04-17,56.44,59.22,56,56.83,2946564,56.83
2026-04-20,55.1,57.28,53.75,57.25,2727897,57.25
2026-04-21,57.34,58.76,56.49,56.91,2394753,56.91
2026-04-22,57.39,57.45,55.3201,55.65,1843779,55.65
2026-04-23,55.75,56.73,52.9,54.2,3314910,54.2
2026-04-24,53.88,54.13,52.1301,53.8,2805750,53.8
2026-04-27,54,56.79,54,55.77,2314917,55.77
2026-04-28,56,56.8,54.83,55.2,1613141,55.2
2026-04-29,55.04,55.2075,54.2,54.64,1544309,54.64
2026-04-30,55.05,56.265,54.64,56.06,1319973,56.06
2026-05-01,56.05,57.09,55.105,56.57,1512417,56.57
2026-05-04,55.29,55.7499,53.04,53.07,2051802,53.07
2026-05-05,53.61,54.87,52.28,54.19,1560774,54.19
2026-05-06,55.55,56.39,54.03,54.73,3967610,54.73
2026-05-07,44.88,48.85,44.87,48.21,13620682,48.21
2026-05-08,48.5,48.64,44.715,44.96,6140619,44.96
2026-05-11,44.45,44.6538,40.74,41.08,7777643,41.08
2026-05-12,41,41.9,40.38,41.29,3301810,41.29
2026-05-13,40.67,42.0717,40.51,41.77,2877469,41.77
2026-05-14,41.77,43.3199,41.77,42.53,3749698,42.53
2026-05-15,42.76,42.86,39.855,39.99,4005150,39.99
2026-05-18,39.75,40.55,39.08,39.47,3062555,39.47
2026-05-19,39.09,41.5,38.38,40.76,4241891,40.76
2026-05-20,40.88,41.855,39.3,41.51,2660107,41.51
2026-05-21,41.05,43.29,40.16,43.21,2763743,43.21
2026-05-22,43.45,43.74,42.265,42.67,2152264,42.67
2026-05-26,43.23,43.8,41.59,42.66,2575648,42.66
2026-05-27,43.26,45.18,43.25,44.36,2577429,44.36
2026-05-28,44,44.29,42.96,44.07,2215927,44.07
2026-05-29,43.26,44.35,42.9701,43.42,4458653,43.42
2026-06-01,43.44,43.65,42.14,42.44,2067864,42.44
2026-06-02,42.16,42.24,40.92,41.01,1916463,41.01
2026-06-03,40.66,41.5879,40.34,40.71,1888021,40.71
2026-06-04,41.22,41.93,38.635,40,3888373,40
2026-06-05,40.16,40.2,38.96,39.47,2788566,39.47
2026-06-08,39.03,40.04,38.7,39.56,2174329,39.56
2026-06-09,39.94,41.73,39.57,41.44,2532784,41.44
2026-06-10,41.35,42.5,40.075,40.11,2380123,40.11
2026-06-11,40.63,42.55,39.83,42.41,2241688,42.41
2026-06-12,42.73,43.51,41.9,42.89,1685918,42.89
2026-06-15,43.95,44.95,41.66,41.86,2418006,41.86
2026-06-16,41.555,41.555,38.77,40.11,2906334,40.11
2026-06-17,39.81,41.1275,38.47,38.64,2295654,38.64
2026-06-18,39,39.615,38.2,38.86,4403974,38.86
2026-06-22,38.06,38.9899,36.4,36.57,2957707,36.57
2026-06-23,36.25,37.41,36.06,36.19,2466831,36.19
2026-06-24,36.65,38.61,36.65,37.86,2201493,37.86
2026-06-25,38.08,39.04,37.0503,37.74,2268701,37.74
2026-06-26,37.73,40.35,37.65,38.98,2662634,38.98
2026-06-29,38.82,38.98,37.19,38,2959509,38
2026-06-30,38.01,39.61,37.33,39.42,2232960,39.42
2026-07-01,39.47,40.42,39.16,40.17,1753679,40.17
2026-07-02,40.47,40.9,38.025,38.1,2229797,38.1
2026-07-06,38.1,38.87,36.93,38.04,2947747,38.04
2026-07-07,38.61,38.88,36.8,37.12,2602314,37.12
2026-07-08,37,39.19,36.01,37.67,3971310,37.67
2026-07-09,37.51,38.25,36.882,37.86,1471852,37.86
2026-07-10,37.79,41.8599,37.78,40.72,4097107,40.72
2026-07-13,40.72,41.19,38.76,38.85,2424143,38.85
2026-07-14,39.29,39.67,37.94,38.65,2136151,38.65
2026-07-15,38.63,40.15,38.37,38.58,1986905,38.58
2026-07-16,38.7,40.39,38.675,39.89,1558657,39.89
2026-07-17,39.59,39.95,38.0101,38.24,1880187,38.24
2026-07-20,38.47,38.47,36.25,36.91,2532026,36.91
2026-07-21,36.66,37.2,36.14,36.44,2126692,36.44
2026-07-22,37,37.88,36.8,37.14,1850423,37.14
2026-07-23,36.25,36.5,35.4483,35.69,2199138,35.69
2026-07-24,36.01,37.9363,35.81,37.27,2537401,37.27
2026-07-27,37.79,38.79,37.31,37.63,2175687,37.63
2026-07-28,38.03,39.83,38.025,38.48,1650748,38.48
2026-07-29,39.16,39.22,37.34,38.45,2305338,38.45
2026-07-30,37.98,38.88,37.45,38.07,1649659,38.07
2026-07-31,37.72,38.48,37.17,37.5,2425674,37.5
2026-08-03,38.49,40.21,38.47,39.21,3970343,39.21
2026-08-04,40.785,44.98,40.785,44.62,5879078,44.62
2026-08-05,43.81,47.1,43.5,45.19,3866276,45.19
2026-08-06,45.25,45.25,42.83,43,2768375,43
2026-08-07,43.4,44.14,41.88,43.28,1768978,43.28
2026-08-10,42.63,42.96,41.19,42.17,1931423,42.17
2026-08-11,41.99,44.1,41.9598,43.59,1437167,43.59
2026-08-12,43.385,43.385,42.16,42.85,1475230,42.85
2026-08-13,43.36,43.965,42.73,42.85,1373292,42.85
2026-08-14,42.5,42.99,41.16,41.37,1596965,41.37
2026-08-17,41,41.2051,39.12,39.59,2697276,39.59
2026-08-18,40,40.315,39.18,39.27,1437016,39.27
2026-08-19,39.86,41.72,39.75,40.09,2134644,40.09
2026-08-20,40.08,41.03,38.83,40.47,1875090,40.47
2026-08-21,40.85,41.974,40.22,40.35,3189805,40.35
2026-08-24,40,40.8,39.42,40.13,1661858,40.13
2026-08-25,40.46,40.88,39.45,40.72,1475654,40.72
2026-08-26,40.92,41.17,40.09,40.14,1231221,40.14
2026-08-27,40.05,40.05,39.1015,39.75,1708160,39.75
2026-08-28,39.71,41.475,39.645,41.15,1859778,41.15
2026-08-31,40.21,40.945,39.89,40.84,1813187,40.84
2026-09-01,40.36,40.425,37.42,37.94,4593056,37.94
2026-09-02,38.29,39.52,38.26,38.92,2680884,38.92
2026-09-03,39.5,40.15,37.8,38.49,1981126,38.49
2026-09-04,38.56,40.23,38.365,39.3,1875287,39.3
2026-09-08,39.08,39.36,37.57,37.61,2091008,37.61
2026-09-09,37.4,37.6792,35.83,36.83,2814671,36.83
2026-09-10,36.16,36.4353,35.32,35.89,3390696,35.89
2026-09-11,35.64,36.31,35.07,35.21,3518908,35.21
2026-09-14,35.2,35.7,33.86,34,3682602,34
2026-09-15,33.9,34.05,32.86,33.03,4124563,33.03
2026-09-16,33.58,33.79,32.26,32.42,3031082,32.42
2026-09-17,32.75,33.27,32.1156,33.03,3381437,33.03
2026-09-18,32.85,33.0297,31.95,31.97,3754192,31.97
2026-09-21,32.48,33.345,31.52,32.64,3051035,32.64
2026-09-22,33.35,34,33.13,33.56,2681263,33.56
2026-09-23,33.24,33.64,32.66,32.93,1940140,32.93
