date,open,high,low,close,volume,raw_close
2016-01-04,12.63,12.63,12.34,12.42,2737800,53.3
2016-01-05,12.42,12.56,12.38,12.53,2043248,53.76
2016-01-06,12.38,12.47,12.3,12.37,1484443,53.08
2016-01-07,12.16,12.36,12.14,12.16,5071521,52.18
2016-01-08,12.21,12.27,12.1,12.12,2884055,52.01
2016-01-11,12.15,12.21,11.9,11.96,2319060,51.32
2016-01-12,12.04,12.06,11.78,11.86,3368243,50.87
2016-01-13,11.91,11.95,11.54,11.57,2956179,49.62
2016-01-14,11.57,11.83,11.57,11.74,1851609,50.38
2016-01-15,11.59,11.59,11.26,11.48,3775700,49.24
2016-01-19,11.59,11.59,11.42,11.47,1970969,49.19
2016-01-20,11.31,11.4,11.08,11.28,2227682,48.41
2016-01-21,11.45,11.47,11.27,11.28,2322708,48.4
2016-01-22,11.43,11.51,11.35,11.47,1788878,49.19
2016-01-25,11.44,11.46,11.17,11.18,2762221,47.95
2016-01-26,11.22,11.4,11.19,11.32,1338066,48.58
2016-01-27,11.32,11.45,11.22,11.27,1373058,48.34
2016-01-28,11.37,11.39,11.26,11.38,2210922,48.81
2016-01-29,11.43,11.69,11.39,11.69,4038332,50.15
2016-02-01,11.65,11.8,11.56,11.72,1956717,50.27
2016-02-02,11.62,11.64,11.45,11.49,2786670,49.28
2016-02-03,11.2,11.82,11.2,11.77,4262071,50.51
2016-02-04,11.74,11.88,11.65,11.78,2258749,50.52
2016-02-05,11.76,11.93,11.76,11.91,2444438,51.11
2016-02-08,11.81,11.96,11.7,11.93,2757820,51.18
2016-02-09,11.82,12.04,11.82,11.98,1616041,51.39
2016-02-10,12.02,12.13,11.95,11.96,1806046,51.31
2016-02-11,11.71,11.83,11.69,11.74,3011073,50.36
2016-02-12,11.81,12.06,11.81,11.98,1585355,51.39
2016-02-16,12.11,12.14,11.96,12.08,2099877,51.81
2016-02-17,12.12,12.14,12.04,12.08,1449457,51.83
2016-02-18,12.09,12.18,12,12.16,1750629,52.17
2016-02-19,12.1,12.22,12.08,12.12,1699990,52
2016-02-22,12.2,12.24,12.11,12.15,828579,52.13
2016-02-23,12.13,12.17,12.02,12.04,920136,51.66
2016-02-24,11.97,12.06,11.9,12.04,1083908,51.65
2016-02-25,12.07,12.17,12.07,12.13,868478,52.04
2016-02-26,12.18,12.2,12.07,12.17,1832817,52.2
2016-02-29,12.16,12.19,12.01,12.01,1880587,51.5
2016-03-01,12.08,12.26,12.04,12.23,1706416,52.48
2016-03-02,12.19,12.36,12.17,12.36,1368572,53.02
2016-03-03,12.37,12.42,12.33,12.4,1001416,53.2
2016-03-04,12.39,12.41,12.3,12.36,1496697,53.02
2016-03-07,12.3,12.35,12.2,12.3,1298905,52.76
2016-03-08,12.25,12.25,12.17,12.24,1146997,52.5
2016-03-09,12.3,12.3,12.14,12.17,968871,52.2
2016-03-10,12.19,12.26,12.05,12.18,917338,52.23
2016-03-11,12.27,12.48,12.22,12.47,1079770,53.38
2016-03-14,12.47,12.55,12.42,12.51,1480791,53.55
2016-03-15,12.43,12.57,12.4,12.53,1122130,53.64
2016-03-16,12.5,12.53,12.42,12.46,1189343,53.32
2016-03-17,12.48,12.78,12.44,12.73,2061551,54.5
2016-03-18,12.71,12.85,12.66,12.79,3091165,54.75
2016-03-21,12.75,12.79,12.67,12.7,950018,54.35
2016-03-22,12.67,12.85,12.67,12.78,1406517,54.68
2016-03-23,12.78,12.81,12.67,12.71,921935,54.39
2016-03-24,12.61,12.68,12.51,12.58,1633456,53.85
2016-03-28,12.39,12.75,12.32,12.73,1285372,54.47
2016-03-29,12.72,12.89,12.72,12.88,1958509,55.14
2016-03-30,12.95,13.18,12.91,13.12,2788614,56.15
2016-03-31,13.08,13.21,13.05,13.13,3223985,56.2
2016-04-01,13.06,13.27,13.02,13.26,2140661,56.74
2016-04-04,13.27,13.28,13.1,13.16,913649,56.33
2016-04-05,13.07,13.14,12.99,13.03,1636453,55.77
2016-04-06,13.03,13.05,12.93,13.02,1430301,55.73
2016-04-07,12.92,13.07,12.89,12.94,2465262,55.4
2016-04-08,13.03,13.09,12.9,12.95,1001325,55.42
2016-04-11,12.98,13.03,12.87,12.89,751389,55.18
2016-04-12,12.89,13.11,12.79,13.11,1547650,56.1
2016-04-13,13.17,13.21,13.04,13.21,827708,56.53
2016-04-14,13.18,13.22,13.05,13.08,1155434,55.97
2016-04-15,13.1,13.23,13.06,13.18,1423689,56.39
2016-04-18,13.17,13.27,13.14,13.27,1224905,56.78
2016-04-19,13.29,13.32,13.21,13.26,1023516,56.76
2016-04-20,13.25,13.33,13.17,13.29,999762,56.88
2016-04-21,13.2,13.29,12.89,12.9,2786254,55.2
2016-04-22,12.91,13.11,12.9,13.1,2224553,56.08
2016-04-25,13.07,13.11,12.97,13.05,1779458,55.85
2016-04-26,13.06,13.19,13.05,13.16,1443592,56.33
2016-04-27,13.32,13.39,13.09,13.3,2812245,56.93
2016-04-28,13.16,13.22,13.05,13.08,5103901,56
2016-04-29,13.11,13.12,12.98,13.08,2178349,56
2016-05-02,13.11,13.22,13.04,13.08,2793450,55.99
2016-05-03,13.02,13.08,12.96,13.01,2752582,55.68
2016-05-04,12.95,12.98,12.84,12.9,3245231,55.21
2016-05-05,12.96,13.01,12.85,12.92,3059653,55.28
2016-05-06,12.89,12.92,12.8,12.84,2073114,54.97
2016-05-09,12.85,12.9,12.75,12.87,2160502,55.08
2016-05-10,12.96,13.08,12.85,13.07,1494689,55.95
2016-05-11,13.02,13.14,13.02,13.05,1355339,55.86
2016-05-12,13.07,13.18,13.02,13.16,1493343,56.31
2016-05-13,13.14,13.19,13.04,13.11,1894242,56.11
2016-05-16,13.08,13.17,13.05,13.13,1094779,56.2
2016-05-17,13.12,13.15,12.89,12.94,1356824,55.37
2016-05-18,12.89,13.17,12.89,13.1,1575450,56.05
2016-05-19,13.02,13.05,12.88,13.01,874391,55.7
2016-05-20,13.02,13.15,13,13.09,1589830,56.03
2016-05-23,13.08,13.08,12.95,13.01,1350681,55.68
2016-05-24,13.08,13.22,13,13.19,1325291,56.47
2016-05-25,13.2,13.25,13.17,13.2,1718867,56.5
2016-05-26,13.2,13.2,13.11,13.13,1757457,56.18
2016-05-27,13.15,13.26,13.15,13.25,974926,56.69
2016-05-31,13.26,13.39,13.23,13.32,2877346,57.03
2016-06-01,13.27,13.34,13.2,13.33,1088562,57.07
2016-06-02,13.31,13.41,13.27,13.34,964099,57.11
2016-06-03,13.29,13.29,13.12,13.21,1512199,56.52
2016-06-06,13.22,13.26,13.14,13.16,1132440,56.34
2016-06-07,13.19,13.19,13.1,13.15,1004049,56.3
2016-06-08,13.14,13.2,13.11,13.18,1170237,56.4
2016-06-09,13.15,13.2,13.09,13.19,491943,56.44
2016-06-10,13.1,13.16,13.04,13.11,746070,56.1
2016-06-13,13.07,13.15,12.98,13,1693284,55.53
2016-06-14,12.96,13.05,12.96,13,984622,55.51
2016-06-15,13.02,13.02,12.89,12.91,1091113,55.11
2016-06-16,12.83,13.07,12.82,13.06,1038767,55.77
2016-06-17,13.06,13.11,13,13.09,2501840,55.91
2016-06-20,13.18,13.26,13.07,13.08,1464442,55.86
2016-06-21,13.08,13.2,13.07,13.14,1284562,56.11
2016-06-22,13.17,13.24,13.16,13.19,1672069,56.31
2016-06-23,13.31,13.46,13.31,13.44,1586995,57.39
2016-06-24,13.01,13.23,12.97,13.08,2526055,55.87
2016-06-27,12.98,12.98,12.81,12.89,2781958,55.06
2016-06-28,13.01,13.23,12.96,13.23,1786465,56.49
2016-06-29,13.33,13.51,13.33,13.5,1724290,57.66
2016-06-30,13.53,14.03,13.48,14.03,4089879,59.92
2016-07-01,14,14.07,13.88,13.94,2331196,59.54
2016-07-05,13.85,13.85,13.72,13.76,1941195,58.74
2016-07-06,13.69,13.82,13.68,13.78,1869739,58.84
2016-07-07,13.81,13.91,13.68,13.73,968868,58.63
2016-07-08,13.82,13.89,13.78,13.86,1280545,59.18
2016-07-11,13.89,13.98,13.86,13.95,1185735,59.57
2016-07-12,14,14.05,13.91,13.91,1291534,59.4
2016-07-13,13.91,13.98,13.9,13.92,851914,59.43
2016-07-14,14,14.05,13.92,13.93,1153143,59.49
2016-07-15,13.93,13.96,13.86,13.88,1050715,59.26
2016-07-18,13.88,13.89,13.79,13.8,1548652,58.94
2016-07-19,13.72,13.77,13.62,13.72,1227865,58.58
2016-07-20,13.73,13.8,13.7,13.7,685729,58.5
2016-07-21,13.65,13.71,13.62,13.66,938891,58.33
2016-07-22,13.66,13.84,13.66,13.81,1011011,58.96
2016-07-25,13.78,13.81,13.68,13.69,1581737,58.47
2016-07-26,13.74,13.92,13.69,13.75,1820137,58.73
2016-07-27,13.75,13.8,13.64,13.67,1175094,58.37
2016-07-28,13.63,13.8,13.49,13.74,1610728,58.66
2016-07-29,13.7,13.72,13.63,13.63,2183814,58.19
2016-08-01,13.35,13.7,13.35,13.61,1233940,58.13
2016-08-02,13.6,13.64,13.55,13.61,1432080,58.13
2016-08-03,13.61,13.7,13.61,13.69,1012392,58.46
2016-08-04,13.69,13.77,13.63,13.64,667915,58.23
2016-08-05,13.7,13.77,13.67,13.77,720700,58.82
2016-08-08,13.77,13.81,13.75,13.81,766543,58.97
2016-08-09,13.81,13.83,13.73,13.75,675462,58.7
2016-08-10,13.75,13.76,13.68,13.7,683856,58.5
2016-08-11,13.71,13.73,13.65,13.65,499641,58.3
2016-08-12,13.62,13.67,13.59,13.61,413717,58.13
2016-08-15,13.63,13.67,13.6,13.67,935455,58.38
2016-08-16,13.63,13.68,13.58,13.58,925016,57.99
2016-08-17,13.56,13.61,13.49,13.57,1555186,57.93
2016-08-18,13.58,13.7,13.58,13.7,1214875,58.5
2016-08-19,13.62,13.71,13.57,13.7,1467392,58.52
2016-08-22,13.66,13.75,13.62,13.75,754407,58.73
2016-08-23,13.78,13.8,13.62,13.64,1283067,58.24
2016-08-24,13.63,13.7,13.61,13.67,925003,58.36
2016-08-25,13.66,13.77,13.65,13.74,1255442,58.65
2016-08-26,13.76,13.82,13.56,13.64,1719009,58.25
2016-08-29,13.67,13.8,13.67,13.74,913329,58.68
2016-08-30,13.77,13.82,13.71,13.76,2354538,58.77
2016-08-31,13.79,14,13.79,13.9,3048526,59.37
2016-09-01,13.88,13.94,13.72,13.73,1840576,58.61
2016-09-02,13.76,13.81,13.71,13.77,1563377,58.82
2016-09-06,13.78,13.81,13.69,13.7,1261173,58.5
2016-09-07,13.63,13.77,13.63,13.76,1474966,58.74
2016-09-08,13.75,13.76,13.65,13.66,1054103,58.31
2016-09-09,13.58,13.63,13.35,13.36,1817673,57.04
2016-09-12,13.29,13.61,13.24,13.59,1910172,58.03
2016-09-13,13.43,13.5,13.39,13.44,1447581,57.41
2016-09-14,13.49,13.49,13.34,13.36,1520278,57.06
2016-09-15,13.36,13.48,13.3,13.42,1409018,57.32
2016-09-16,13.39,13.43,13.29,13.34,2976318,56.32
2016-09-19,13.39,13.54,13.37,13.53,1802287,57.14
2016-09-20,13.6,13.69,13.59,13.62,1445772,57.5
2016-09-21,13.65,13.73,13.58,13.71,1539604,57.92
2016-09-22,13.76,13.88,13.76,13.87,1319790,58.56
2016-09-23,13.79,13.84,13.63,13.63,1699224,57.55
2016-09-26,13.58,13.59,13.53,13.54,1537940,57.17
2016-09-27,13.55,13.71,13.51,13.71,1197723,57.89
2016-09-28,13.74,13.83,13.66,13.82,970498,58.36
2016-09-29,13.76,13.77,13.59,13.62,1914529,57.52
2016-09-30,13.65,13.72,13.63,13.68,1775965,57.76
2016-10-03,13.61,13.64,13.51,13.6,2063441,57.44
2016-10-04,13.56,13.66,13.5,13.63,1929757,57.57
2016-10-05,13.72,13.75,13.6,13.64,1810755,57.61
2016-10-06,13.67,13.67,13.56,13.65,975840,57.65
2016-10-07,13.65,13.76,13.63,13.65,1814069,57.65
2016-10-10,13.71,13.81,13.7,13.71,760660,57.91
2016-10-11,13.67,13.73,13.55,13.61,898242,57.49
2016-10-12,13.65,13.81,13.58,13.78,650578,58.18
2016-10-13,13.73,13.79,13.71,13.73,978631,57.98
2016-10-14,13.82,13.89,13.79,13.84,805173,58.43
2016-10-17,13.84,13.9,13.8,13.81,886592,58.31
2016-10-18,13.94,13.95,13.73,13.75,1615264,58.06
2016-10-19,13.83,13.83,13.73,13.77,793428,58.15
2016-10-20,13.73,13.73,13.37,13.39,1604421,56.53
2016-10-21,13.32,13.34,13.19,13.23,1109426,55.86
2016-10-24,13.36,13.36,13.21,13.26,1095194,55.98
2016-10-25,13.23,13.26,13.15,13.22,1263579,55.83
2016-10-26,13.36,13.68,13.35,13.56,2117920,57.27
2016-10-27,13.62,13.62,13.36,13.39,1306344,56.53
2016-10-28,13.42,13.58,13.37,13.44,890713,56.74
2016-10-31,13.51,13.55,13.45,13.52,1384668,57.1
2016-11-01,13.56,13.56,13.26,13.33,1266009,56.28
2016-11-02,13.28,13.38,13.26,13.27,1534227,56.06
2016-11-03,13.31,13.4,13.26,13.33,1350850,56.29
2016-11-04,13.31,13.39,13.26,13.26,1935157,56
2016-11-07,13.42,13.42,13.24,13.35,2440543,56.39
2016-11-08,13.33,13.55,13.32,13.5,1017663,57.03
2016-11-09,13.64,13.7,13.42,13.6,2058679,56.93
2016-11-10,13.68,13.75,13.65,13.69,2979703,57.31
2016-11-11,13.62,14.01,13.61,14.01,2654484,58.65
2016-11-14,14.03,14.22,14.02,14.18,1059888,59.35
2016-11-15,13.98,14.12,13.89,14.08,1660638,58.94
2016-11-16,14.02,14.17,13.97,14.14,2213692,59.21
2016-11-17,14.17,14.41,14.1,14.37,1775243,60.15
2016-11-18,14.33,14.52,14.24,14.51,1802763,60.76
2016-11-21,14.51,14.57,14.37,14.51,1021416,60.75
2016-11-22,14.61,14.66,14.49,14.63,1739964,61.26
2016-11-23,14.66,14.71,14.62,14.7,917419,61.55
2016-11-25,14.72,14.82,14.71,14.82,578940,62.04
2016-11-28,14.78,14.85,14.76,14.8,1476356,61.96
2016-11-29,14.82,14.89,14.75,14.89,1381563,62.2
2016-11-30,14.94,15,14.77,14.79,3302761,61.79
2016-12-01,14.85,15.02,14.83,14.92,1528213,62.34
2016-12-02,14.92,14.95,14.79,14.93,1607647,62.35
2016-12-05,14.97,15,14.92,14.98,1075096,62.58
2016-12-06,15.05,15.19,15.01,15.19,1268811,63.46
2016-12-07,15.2,15.32,15.2,15.32,1196015,63.99
2016-12-08,15.34,15.53,15.29,15.51,1374084,64.78
2016-12-09,15.5,15.58,15.42,15.56,1045760,65.02
2016-12-12,15.64,15.81,15.58,15.8,1230147,66
2016-12-13,15.84,15.9,15.7,15.81,1150267,66.06
2016-12-14,15.85,15.91,15.63,15.69,1137034,65.53
2016-12-15,15.68,15.87,15.65,15.79,1294315,65.98
2016-12-16,15.8,16.02,15.69,15.73,4427048,65.71
2016-12-19,15.79,15.95,15.76,15.83,1995745,66.11
2016-12-20,15.84,15.92,15.81,15.9,1954580,66.44
2016-12-21,15.9,16.01,15.87,15.97,958935,66.72
2016-12-22,15.96,16.01,15.89,15.98,779442,66.75
2016-12-23,15.99,15.99,15.91,15.96,780246,66.68
2016-12-27,15.98,16,15.92,15.93,1107246,66.56
2016-12-28,15.97,15.97,15.84,15.9,1649014,66.4
2016-12-29,15.9,15.99,15.85,15.96,1443342,66.65
2016-12-30,15.98,16.01,15.87,15.92,1521149,66.51
2017-01-03,15.99,15.99,15.84,15.96,1275145,66.69
2017-01-04,15.97,16.24,15.97,16.2,1694833,67.66
2017-01-05,16.22,16.22,16.04,16.12,1263080,67.33
2017-01-06,16.13,16.14,16.02,16.06,1018308,67.07
2017-01-09,16.06,16.06,15.79,15.79,1249607,65.97
2017-01-10,15.85,16.09,15.79,16.02,1546998,66.91
2017-01-11,16,16.12,15.93,16.09,1082109,67.2
2017-01-12,16.01,16.08,15.78,15.98,1396305,66.75
2017-01-13,16.03,16.18,16,16.07,1069233,67.12
2017-01-17,16.17,16.21,15.98,16.07,1799077,67.11
2017-01-18,16.13,16.27,16.04,16.08,2036788,67.17
2017-01-19,16.13,16.2,15.98,16.07,1352484,67.13
2017-01-20,16.11,16.16,15.97,15.99,1041818,66.81
2017-01-23,15.99,16.06,15.92,15.97,713451,66.73
2017-01-24,16.01,16.22,16.01,16.12,1635153,67.33
2017-01-25,16.19,16.32,16.15,16.18,1689710,67.58
2017-01-26,16.21,16.29,16.16,16.26,799058,67.94
2017-01-27,16.25,16.26,16.16,16.23,765338,67.8
2017-01-30,16.12,16.22,16.06,16.11,1695286,67.3
2017-01-31,16.13,16.19,15.93,16.09,2661626,67.21
2017-02-01,16.14,16.28,15.88,16.06,2105480,67.1
2017-02-02,16.12,16.26,16.11,16.23,1668505,67.8
2017-02-03,16.33,16.36,16.23,16.25,1249394,67.87
2017-02-06,16.27,16.35,16.2,16.27,1849044,67.97
2017-02-07,16.3,16.39,16.25,16.28,1338174,68.02
2017-02-08,16.25,16.29,16.16,16.2,1674661,67.66
2017-02-09,16.24,16.35,16.21,16.35,1043928,68.28
2017-02-10,16.36,16.41,16.24,16.35,1368650,68.28
2017-02-13,16.35,16.43,16.32,16.43,1006131,68.62
2017-02-14,16.39,16.56,16.37,16.55,982803,69.12
2017-02-15,16.55,16.75,16.51,16.75,1477494,69.96
2017-02-16,16.76,16.97,16.73,16.94,2266494,70.76
2017-02-17,16.9,16.9,16.77,16.89,930467,70.56
2017-02-21,16.9,16.98,16.85,16.93,1037228,70.72
2017-02-22,16.91,17.09,16.84,17.03,1666946,71.15
2017-02-23,17.09,17.16,17,17.13,1030775,71.56
2017-02-24,17.06,17.16,17.06,17.12,963133,71.52
2017-02-27,17.1,17.12,16.92,16.97,1955566,70.88
2017-02-28,16.92,17.08,16.86,17,2976496,71.02
2017-03-01,17.14,17.37,17.14,17.27,2142713,72.13
2017-03-02,17.24,17.24,16.98,17,1457102,71.01
2017-03-03,16.98,17.05,16.89,17.03,895252,71.14
2017-03-06,16.93,17.05,16.93,16.98,958695,70.95
2017-03-07,16.98,17.05,16.9,17.03,914476,71.14
2017-03-08,17.02,17.1,16.96,17.03,1804845,71.12
2017-03-09,17.03,17.15,17.03,17.15,1540670,71.66
2017-03-10,17.18,17.29,17.15,17.27,1541315,72.16
2017-03-13,17.26,17.42,17.26,17.42,1577596,72.63
2017-03-14,17.37,17.45,17.34,17.38,1069156,72.48
2017-03-15,17.44,17.53,17.4,17.5,1381984,72.98
2017-03-16,17.51,17.55,17.34,17.4,1233798,72.56
2017-03-17,17.32,17.46,17.23,17.43,4161368,72.69
2017-03-20,17.41,17.41,17.29,17.31,1221837,72.17
2017-03-21,17.41,17.41,17.08,17.13,1555355,71.42
2017-03-22,17.11,17.11,16.96,16.99,1362008,70.83
2017-03-23,16.98,17.16,16.88,17.01,791005,70.94
2017-03-24,17.03,17.08,16.85,16.89,820840,70.42
2017-03-27,16.76,16.97,16.6,16.96,1600377,70.74
2017-03-28,16.93,17.04,16.88,17.01,1300930,70.92
2017-03-29,16.94,16.98,16.8,16.81,948206,70.1
2017-03-30,16.8,16.97,16.79,16.96,1077927,70.73
2017-03-31,16.87,17.01,16.87,16.94,1850522,70.63
2017-04-03,16.92,17.02,16.68,16.71,1626169,69.68
2017-04-04,16.72,16.89,16.57,16.83,2033143,70.17
2017-04-05,16.87,16.97,16.67,16.67,1459505,69.53
2017-04-06,16.67,16.75,16.56,16.59,1233535,69.18
2017-04-07,16.55,16.58,16.41,16.46,2516983,68.63
2017-04-10,16.46,16.6,16.45,16.57,1204071,69.09
2017-04-11,16.53,16.61,16.44,16.59,1100118,69.19
2017-04-12,16.55,16.55,16.4,16.44,710019,68.54
2017-04-13,16.43,16.44,16.31,16.31,1154148,67.99
2017-04-17,16.3,16.55,16.29,16.54,1532084,68.97
2017-04-18,16.49,16.53,16.41,16.49,1124462,68.75
2017-04-19,16.53,16.55,16.36,16.41,964966,68.41
2017-04-20,16.46,16.46,16.34,16.37,1881434,68.24
2017-04-21,16.37,16.37,16.29,16.31,1316793,68.01
2017-04-24,16.49,16.54,16.41,16.52,1561825,68.87
2017-04-25,16.52,16.52,16.28,16.36,2677752,68.21
2017-04-26,16.32,16.57,16.32,16.43,2463149,68.49
2017-04-27,16.44,16.5,16.35,16.44,1782695,68.57
2017-04-28,16.47,16.47,16.29,16.3,1622149,67.98
2017-05-01,16.32,16.33,16.22,16.27,1069736,67.86
2017-05-02,16.28,16.34,16.11,16.18,1253869,67.46
2017-05-03,16.15,16.25,16.1,16.19,852437,67.49
2017-05-04,16.25,16.31,16.07,16.22,3006902,67.62
2017-05-05,16.24,16.24,16.12,16.19,1054900,67.5
2017-05-08,16.17,16.2,15.99,16.02,1610627,66.81
2017-05-09,16.02,16.02,15.76,15.78,1846334,65.81
2017-05-10,15.78,15.95,15.78,15.9,1109740,66.3
2017-05-11,15.83,15.92,15.75,15.89,1181975,66.25
2017-05-12,15.88,15.93,15.81,15.87,1090222,66.16
2017-05-15,15.88,15.95,15.84,15.9,1633523,66.31
2017-05-16,15.88,15.95,15.81,15.94,1721155,66.45
2017-05-17,15.82,16.02,15.81,15.93,1870887,66.41
2017-05-18,15.94,16.18,15.84,16.04,1703460,66.89
2017-05-19,16.08,16.18,16.01,16.09,1408522,67.11
2017-05-22,16.17,16.27,16.14,16.23,1445904,67.67
2017-05-23,16.25,16.35,16.19,16.31,1394425,68.01
2017-05-24,16.37,16.38,16.25,16.3,1214132,67.96
2017-05-25,16.31,16.45,16.28,16.42,1029280,68.45
2017-05-26,16.41,16.43,16.35,16.38,831215,68.3
2017-05-30,16.38,16.45,16.29,16.42,665047,68.46
2017-05-31,16.43,16.57,16.35,16.55,2381005,68.99
2017-06-01,16.58,16.64,16.49,16.59,1475381,69.17
2017-06-02,16.58,16.68,16.55,16.57,853389,69.1
2017-06-05,16.58,16.58,16.43,16.45,807691,68.6
2017-06-06,16.39,16.45,16.23,16.25,1170601,67.74
2017-06-07,16.26,16.34,16.2,16.21,1002989,67.6
2017-06-08,16.2,16.43,16.17,16.37,1215148,68.28
2017-06-09,16.38,16.62,16.33,16.57,1011126,69.08
2017-06-12,16.53,16.62,16.37,16.6,1553370,69.23
2017-06-13,16.64,16.67,16.54,16.62,1171843,68.68
2017-06-14,16.64,16.81,16.59,16.81,857408,69.43
2017-06-15,16.68,16.86,16.68,16.85,1151357,69.63
2017-06-16,16.81,16.99,16.76,16.99,2663246,70.17
2017-06-19,17,17.08,16.85,16.91,1440537,69.88
2017-06-20,16.89,16.9,16.78,16.79,1325079,69.35
2017-06-21,16.8,16.84,16.68,16.72,842416,69.06
2017-06-22,16.71,16.71,16.55,16.57,1026128,68.47
2017-06-23,16.59,16.64,16.53,16.59,2522842,68.53
2017-06-26,16.62,16.69,16.57,16.67,1002317,68.86
2017-06-27,16.66,16.68,16.56,16.56,1124269,68.41
2017-06-28,16.6,16.85,16.54,16.79,1353412,69.38
2017-06-29,16.83,16.87,16.65,16.76,1945626,69.22
2017-06-30,16.78,16.82,16.72,16.74,1233903,69.17
2017-07-03,16.76,17.17,16.76,16.95,961763,70.04
2017-07-05,16.96,17.01,16.75,16.78,1599051,69.31
2017-07-06,16.73,16.82,16.64,16.75,2061436,69.21
2017-07-07,16.75,16.85,16.68,16.81,1047424,69.43
2017-07-10,16.74,16.81,16.67,16.7,2184279,69
2017-07-11,16.71,16.76,16.59,16.72,1637712,69.07
2017-07-12,16.72,16.82,16.72,16.75,774947,69.21
2017-07-13,16.75,16.84,16.69,16.81,1002543,69.46
2017-07-14,16.8,16.99,16.75,16.92,1142920,69.89
2017-07-17,16.9,16.9,16.74,16.77,1295946,69.28
2017-07-18,16.74,16.74,16.5,16.58,1686291,68.5
2017-07-19,16.61,16.79,16.57,16.79,1216275,69.38
2017-07-20,16.82,16.99,16.68,16.99,1140196,70.17
2017-07-21,16.96,17.09,16.96,17.08,1395390,70.58
2017-07-24,17.08,17.27,17.07,17.25,1537906,71.26
2017-07-25,17.37,17.51,17.32,17.48,2549971,72.2
2017-07-26,16.7,17.1,16.58,16.72,2415771,69.07
2017-07-27,16.7,16.71,16.56,16.58,1742296,68.48
2017-07-28,16.57,16.75,16.55,16.69,1596678,68.96
2017-07-31,16.71,16.79,16.64,16.69,2798890,68.97
2017-08-01,16.78,16.85,16.61,16.78,1605430,69.33
2017-08-02,16.78,16.91,16.62,16.74,2138187,69.14
2017-08-03,16.74,16.81,16.66,16.75,1989130,69.2
2017-08-04,16.73,16.75,16.52,16.61,1175542,68.63
2017-08-07,16.61,16.65,16.49,16.49,1447669,68.14
2017-08-08,16.5,16.52,16.1,16.24,3382090,67.11
2017-08-09,16.24,16.56,16.2,16.55,2210429,68.39
2017-08-10,16.49,16.7,16.44,16.59,2082540,68.54
2017-08-11,16.59,16.6,16.49,16.55,1436221,68.38
2017-08-14,16.63,16.77,16.63,16.74,1276830,69.14
2017-08-15,16.74,16.76,16.49,16.52,886723,68.25
2017-08-16,16.55,16.58,16.45,16.51,763722,68.22
2017-08-17,16.51,16.53,16.35,16.37,907574,67.61
2017-08-18,16.32,16.36,16.29,16.29,940842,67.31
2017-08-21,16.3,16.32,16.16,16.21,731325,66.97
2017-08-22,16.23,16.28,16.21,16.27,775699,67.21
2017-08-23,16.2,16.27,16.17,16.18,1066533,66.84
2017-08-24,16.22,16.26,16.13,16.21,952975,66.97
2017-08-25,16.24,16.4,16.23,16.34,649171,67.49
2017-08-28,16.31,16.31,16.09,16.15,938381,66.71
2017-08-29,16.07,16.23,16.07,16.14,1178371,66.69
2017-08-30,16.14,16.15,15.93,15.94,779803,65.86
2017-08-31,16,16.14,15.94,16.13,1436562,66.64
2017-09-01,16.16,16.16,16,16.04,1163811,66.28
2017-09-05,16,16,15.35,15.36,2887052,63.46
2017-09-06,15.34,15.58,15.16,15.42,2892236,63.69
2017-09-07,15.37,15.39,15.01,15.14,2556248,62.54
2017-09-08,15.09,15.77,15.07,15.61,3279673,64.49
2017-09-11,15.88,16.19,15.76,15.92,3147278,65.79
2017-09-12,15.97,15.99,15.82,15.96,1282803,65.95
2017-09-13,15.95,15.97,15.82,15.92,1293627,65.75
2017-09-14,15.91,15.93,15.75,15.83,1530940,65.4
2017-09-15,15.83,15.93,15.74,15.85,3790661,65.5
2017-09-18,15.88,15.9,15.77,15.78,1352791,65.21
2017-09-19,15.78,15.9,15.75,15.76,1777828,64.96
2017-09-20,15.77,15.87,15.77,15.82,1565112,65.2
2017-09-21,15.8,15.95,15.79,15.81,849929,65.17
2017-09-22,15.79,15.93,15.79,15.85,912303,65.33
2017-09-25,15.82,15.98,15.81,15.95,1362099,65.77
2017-09-26,15.94,16.2,15.87,16.13,2136479,66.5
2017-09-27,16.19,16.23,15.96,16.12,1600870,66.44
2017-09-28,16.11,16.23,16.06,16.19,1331916,66.73
2017-09-29,16.15,16.25,16.12,16.19,2342543,66.74
2017-10-02,16.19,16.34,16.13,16.34,988200,67.35
2017-10-03,16.33,16.37,16.13,16.32,1622916,67.26
2017-10-04,16.27,16.44,16.2,16.4,1518361,67.61
2017-10-05,16.46,16.47,16.27,16.43,1497278,67.73
2017-10-06,16.42,16.51,16.36,16.39,2626799,67.57
2017-10-09,16.39,16.45,16.28,16.31,1114188,67.25
2017-10-10,16.31,16.43,16.28,16.34,1077397,67.36
2017-10-11,16.3,16.35,16.22,16.32,1376487,67.29
2017-10-12,16.34,16.38,16.24,16.31,1703362,67.24
2017-10-13,16.32,16.46,16.24,16.35,1233660,67.41
2017-10-16,16.35,16.55,16.34,16.55,1821288,68.21
2017-10-17,16.56,16.61,16.46,16.6,1443713,68.45
2017-10-18,16.63,16.78,16.52,16.68,1524126,68.77
2017-10-19,16.67,16.85,16.59,16.84,1080475,69.44
2017-10-20,16.93,17.06,16.86,17.01,1540775,70.13
2017-10-23,17,17,16.89,16.99,1409862,70.04
2017-10-24,17,17.15,16.95,17.01,2029289,70.12
2017-10-25,17.41,17.41,16.84,17.05,2086398,70.29
2017-10-26,17.03,17.21,17.01,17.12,1521990,70.57
2017-10-27,17.12,17.13,16.82,16.87,1457416,69.56
2017-10-30,16.78,16.94,16.66,16.68,1549233,68.75
2017-10-31,16.66,16.71,16.57,16.64,1571869,68.58
2017-11-01,16.76,16.76,16.51,16.63,1203555,68.54
2017-11-02,16.67,16.81,16.59,16.78,2296785,69.18
2017-11-03,16.71,16.83,16.66,16.8,1717571,69.25
2017-11-06,16.77,16.9,16.76,16.84,863628,69.42
2017-11-07,16.85,17.02,16.73,16.75,2380647,69.03
2017-11-08,16.75,16.78,16.63,16.67,1476555,68.71
2017-11-09,16.63,16.76,16.58,16.66,1005240,68.67
2017-11-10,16.64,16.69,16.56,16.67,1242546,68.74
2017-11-13,16.6,16.67,16.51,16.53,1493930,68.13
2017-11-14,16.53,16.55,16.39,16.44,1908414,67.78
2017-11-15,16.4,16.64,16.34,16.52,1333786,68.1
2017-11-16,16.52,16.56,16.24,16.27,1604623,67.08
2017-11-17,16.24,16.34,16.21,16.26,1527717,67.04
2017-11-20,16.25,16.31,16.21,16.24,1301379,66.94
2017-11-21,16.26,16.31,16.21,16.25,1384020,67
2017-11-22,16.25,16.27,16.11,16.11,1602277,66.42
2017-11-24,16.14,16.16,16.05,16.06,814316,66.19
2017-11-27,16.04,16.14,15.99,16.1,1221061,66.38
2017-11-28,16.09,16.32,16.06,16.3,1549891,67.2
2017-11-29,16.37,16.79,16.29,16.78,1841244,68.5
2017-11-30,16.81,16.97,16.59,16.93,4732158,69.12
2017-12-01,16.95,17.06,16.65,17.03,2988852,69.52
2017-12-04,17.15,17.32,17.05,17.08,2671842,69.75
2017-12-05,17.16,17.16,16.93,17.02,2031672,69.48
2017-12-06,17.02,17.13,17,17.07,1290903,69.71
2017-12-07,17.05,17.15,17.03,17.11,1601802,69.87
2017-12-08,17.2,17.26,17.12,17.24,1507585,70.4
2017-12-11,17.2,17.31,17.14,17.26,1458256,70.49
2017-12-12,17.28,17.42,17.27,17.39,1904495,71.02
2017-12-13,17.41,17.46,17.24,17.27,1943038,70.5
2017-12-14,17.32,17.33,17.2,17.2,2343924,70.25
2017-12-15,17.31,17.54,17.25,17.45,4585555,71.24
2017-12-18,17.49,17.61,17.23,17.28,1661178,70.55
2017-12-19,17.45,17.45,17.09,17.17,2751640,70.1
2017-12-20,17.3,17.45,17.2,17.33,1371181,70.75
2017-12-21,17.35,17.44,17.27,17.32,609329,70.72
2017-12-22,17.36,17.39,17.26,17.36,955158,70.9
2017-12-26,17.33,17.53,17.32,17.36,621762,70.9
2017-12-27,17.39,17.43,17.31,17.4,1322382,71.06
2017-12-28,17.44,17.58,17.36,17.58,833041,71.77
2017-12-29,17.59,17.61,17.47,17.55,1445718,71.65
2018-01-02,17.6,17.63,17.11,17.15,1708782,70.04
2018-01-03,17.16,17.26,17.01,17.01,1271028,69.46
2018-01-04,17.04,17.15,17,17.08,990741,69.74
2018-01-05,17.11,17.11,16.96,17.01,1512489,69.45
2018-01-08,16.99,16.99,16.81,16.92,1633307,69.1
2018-01-09,16.96,17.08,16.84,16.85,2981522,68.79
2018-01-10,16.87,16.87,16.64,16.64,1592713,67.95
2018-01-11,16.65,16.81,16.65,16.8,1174155,68.61
2018-01-12,16.8,17.05,16.73,17.01,1790623,69.44
2018-01-16,17.11,17.14,17,17,1289914,69.42
2018-01-17,16.99,17.21,16.99,17.17,1119696,70.11
2018-01-18,17.18,17.23,17.06,17.15,2005175,70.02
2018-01-19,17.16,17.32,17.16,17.32,1020546,70.73
2018-01-22,17.39,17.56,17.37,17.55,1296624,71.64
2018-01-23,17.57,17.73,17.46,17.64,1165093,72.04
2018-01-24,17.68,17.68,17.5,17.58,1295024,71.79
2018-01-25,17.6,17.72,17.52,17.71,1261109,72.32
2018-01-26,17.72,17.77,17.61,17.66,1126102,72.09
2018-01-29,17.65,17.66,17.48,17.56,1320779,71.68
2018-01-30,17.51,17.66,17.45,17.53,1278770,71.58
2018-01-31,17.61,18.07,17.51,17.87,2759248,72.98
2018-02-01,17.79,18.06,17.75,17.98,1752883,73.43
2018-02-02,17.92,18.23,17.92,17.95,1223191,73.31
2018-02-05,17.85,18,17.37,17.41,1422937,71.1
2018-02-06,17.18,17.45,16.93,17.34,2827531,70.81
2018-02-07,17.31,17.49,17.17,17.18,2631312,70.13
2018-02-08,17.18,17.18,16.59,16.6,2487904,67.76
2018-02-09,16.7,16.79,16.44,16.66,2432892,68.02
2018-02-12,16.71,16.84,16.48,16.66,1985691,68.02
2018-02-13,16.6,16.74,16.45,16.71,1258875,68.22
2018-02-14,16.69,17.02,16.56,17,1256242,69.43
2018-02-15,17.08,17.11,16.93,17.08,917929,69.74
2018-02-16,17.03,17.14,17,17.1,1949994,69.83
2018-02-20,17.05,17.05,16.69,16.83,1164290,68.73
2018-02-21,16.84,17.14,16.84,16.93,1317893,69.14
2018-02-22,16.99,17.11,16.81,16.84,1442775,68.77
2018-02-23,16.88,16.96,16.7,16.91,1063418,69.04
2018-02-26,16.97,17.18,16.93,17.16,873065,70.08
2018-02-27,17.15,17.22,17.02,17.02,1048950,69.5
2018-02-28,17.15,17.21,16.74,16.75,1435461,68.38
2018-03-01,16.78,16.88,16.55,16.63,831333,67.9
2018-03-02,16.55,16.74,16.5,16.71,921466,68.22
2018-03-05,16.71,17.23,16.71,17.19,1080094,70.18
2018-03-06,17.21,17.32,16.9,17.27,1471824,70.52
2018-03-07,17.21,17.32,17.08,17.3,1879257,70.63
2018-03-08,17.35,17.35,17.19,17.27,1442437,70.5
2018-03-09,17.37,17.63,17.28,17.63,1294261,71.99
2018-03-12,17.63,17.85,17.59,17.79,1945518,72.62
2018-03-13,17.82,17.82,17.55,17.69,1256603,72.08
2018-03-14,17.76,17.76,17.44,17.5,1495179,71.33
2018-03-15,17.54,17.6,17.42,17.47,1077597,71.19
2018-03-16,17.5,17.63,17.42,17.51,3957035,71.34
2018-03-19,17.5,17.65,17.45,17.56,1674027,71.58
2018-03-20,17.57,17.78,17.54,17.68,862302,72.06
2018-03-21,17.63,17.76,17.53,17.53,928357,71.44
2018-03-22,17.41,17.71,17.37,17.47,3191271,71.2
2018-03-23,17.48,17.6,17.17,17.23,3855529,70.22
2018-03-26,17.49,17.62,17.25,17.6,1671337,71.73
2018-03-27,17.62,17.68,17.37,17.48,1492283,71.22
2018-03-28,17.5,17.87,17.36,17.82,1439299,72.61
2018-03-29,17.9,17.98,17.76,17.84,2404312,72.7
2018-04-02,17.84,17.93,17.34,17.55,1677159,71.53
2018-04-03,17.6,17.9,17.56,17.84,2074568,72.69
2018-04-04,17.62,17.98,17.56,17.97,1666946,73.25
2018-04-05,18.03,18.12,17.87,17.99,1151735,73.33
2018-04-06,17.89,18.02,17.6,17.72,1181442,72.2
2018-04-09,17.7,17.9,17.61,17.73,1174861,72.27
2018-04-10,17.85,17.89,17.67,17.83,1611430,72.65
2018-04-11,17.74,17.88,17.64,17.86,1183717,72.77
2018-04-12,17.93,18.01,17.87,17.97,1090330,73.23
2018-04-13,18.04,18.04,17.82,17.93,1280718,73.07
2018-04-16,18.04,18.28,17.98,18.24,974743,74.34
2018-04-17,18.29,18.35,18.09,18.23,2803963,74.3
2018-04-18,18.26,18.26,18.07,18.18,1614033,74.1
2018-04-19,18.2,18.32,18.14,18.2,1364060,74.16
2018-04-20,18.25,18.36,18.17,18.34,1176575,74.74
2018-04-23,18.35,18.37,18.19,18.33,1197099,74.69
2018-04-24,18.33,18.41,18.14,18.24,1306830,74.32
2018-04-25,19.57,19.57,18.51,18.68,1980041,76.13
2018-04-26,18.69,18.69,18.3,18.55,1466498,75.58
2018-04-27,18.51,18.67,18.45,18.6,1182370,75.82
2018-04-30,18.66,18.72,18.28,18.3,1945032,74.56
2018-05-01,18.26,18.42,18.14,18.4,1109919,74.97
2018-05-02,18.35,18.37,17.96,18.14,1533009,73.93
2018-05-03,18.06,18.16,17.86,18.11,1142440,73.82
2018-05-04,18.06,18.44,18.04,18.36,871735,74.84
2018-05-07,18.39,18.5,18.15,18.44,1018811,75.15
2018-05-08,18.44,18.58,18.36,18.48,1439913,75.33
2018-05-09,18.5,18.54,18.37,18.47,1530569,75.27
2018-05-10,18.52,18.73,18.41,18.68,878114,76.13
2018-05-11,18.7,18.94,18.67,18.87,1172815,76.91
2018-05-14,18.89,18.9,18.64,18.68,993481,76.11
2018-05-15,18.6,18.73,18.6,18.7,991845,76.2
2018-05-16,18.69,18.84,18.64,18.76,780384,76.45
2018-05-17,18.74,18.89,18.66,18.82,1013384,76.71
2018-05-18,18.82,18.84,18.75,18.78,1171047,76.53
2018-05-21,18.84,19.03,18.76,18.98,951891,77.36
2018-05-22,18.96,19.02,18.86,18.89,1011636,76.99
2018-05-23,18.87,18.92,18.74,18.85,1266840,76.8
2018-05-24,18.83,18.91,18.66,18.85,1436933,76.82
2018-05-25,18.82,18.94,18.79,18.83,765510,76.72
2018-05-29,18.69,18.71,18.4,18.47,1207409,75.29
2018-05-30,18.56,18.96,18.52,18.88,1994314,76.96
2018-05-31,18.85,18.88,18.63,18.76,3640349,76.47
2018-06-01,18.9,18.96,18.84,18.9,1147257,77.03
2018-06-04,18.98,19.11,18.92,19.04,984150,77.6
2018-06-05,18.99,19.14,18.85,18.92,1326705,77.09
2018-06-06,18.97,19.1,18.88,19.09,1097165,77.8
2018-06-07,19.11,19.24,18.96,19.19,1099963,78.2
2018-06-08,19.18,19.35,19.17,19.34,922323,78.31
2018-06-11,19.35,19.41,19.22,19.26,662752,77.97
2018-06-12,19.29,19.29,19,19.02,1088353,77
2018-06-13,19.08,19.14,18.89,18.9,1487244,76.55
2018-06-14,18.65,18.78,18.52,18.63,1597903,75.28
2018-06-15,18.6,18.67,18.37,18.65,2972426,75.36
2018-06-18,18.46,18.51,18.33,18.38,1345842,74.28
2018-06-19,18.28,18.55,18.28,18.5,2087089,74.78
2018-06-20,18.57,18.58,18.36,18.37,1553836,74.22
2018-06-21,18.33,18.44,18.14,18.17,1672457,73.44
2018-06-22,18.25,18.38,18.19,18.24,2931447,73.73
2018-06-25,18.23,18.3,18.12,18.23,1910830,73.68
2018-06-26,18.25,18.31,18.07,18.09,2468721,73.11
2018-06-27,18.1,18.23,17.77,17.78,1442336,71.86
2018-06-28,17.74,17.9,17.74,17.85,1162042,72.12
2018-06-29,17.87,18.08,17.85,17.92,2347477,72.41
2018-07-02,17.86,17.96,17.75,17.79,1194844,71.89
2018-07-03,17.84,18.08,17.83,17.86,1244673,72.17
2018-07-05,17.95,17.97,17.75,17.9,1039415,72.35
2018-07-06,17.86,18.09,17.82,17.93,1073469,72.45
2018-07-09,18.01,18.25,18,18.22,1409916,73.62
2018-07-10,18.24,18.34,18.2,18.27,1174111,73.82
2018-07-11,18.22,18.34,18.19,18.29,1064417,73.92
2018-07-12,18.38,18.46,18.11,18.16,649785,73.39
2018-07-13,18.1,18.25,18.1,18.16,1252253,73.37
2018-07-16,18.16,18.42,18.16,18.41,1020002,74.42
2018-07-17,18.42,18.46,18.24,18.26,1660469,73.8
2018-07-18,18.26,18.51,18.22,18.46,993714,74.62
2018-07-19,18.39,18.49,18.34,18.41,1540964,74.41
2018-07-20,18.41,18.56,18.31,18.47,1072797,74.64
2018-07-23,18.44,18.5,18.32,18.48,908658,74.68
2018-07-24,18.49,18.53,18.33,18.38,791515,74.28
2018-07-25,18.56,19.42,18.12,18.4,2185882,74.34
2018-07-26,18.45,18.87,18.45,18.83,1450929,76.1
2018-07-27,18.87,19.04,18.63,18.66,1164368,75.41
2018-07-30,18.63,18.79,18.63,18.65,1086466,75.39
2018-07-31,18.68,18.81,18.46,18.76,1662005,75.81
2018-08-01,18.76,18.89,18.66,18.77,1063094,75.84
2018-08-02,18.66,18.87,18.63,18.75,768143,75.78
2018-08-03,18.75,18.8,18.64,18.8,788940,75.99
2018-08-06,18.79,18.9,18.74,18.79,801488,75.93
2018-08-07,18.8,18.88,18.58,18.67,1101397,75.44
2018-08-08,18.66,18.73,18.6,18.7,933356,75.59
2018-08-09,18.69,18.93,18.68,18.85,905377,76.18
2018-08-10,18.72,18.84,18.56,18.8,625397,75.97
2018-08-13,18.81,18.92,18.72,18.8,740610,75.98
2018-08-14,18.82,19.02,18.78,18.91,922532,76.41
2018-08-15,18.86,18.99,18.8,18.93,764478,76.5
2018-08-16,18.98,19.17,18.98,19.11,770397,77.23
2018-08-17,19.11,19.21,19.02,19.16,747211,77.44
2018-08-20,19.17,19.37,19.17,19.31,914027,78.04
2018-08-21,19.31,19.41,19.31,19.33,839949,78.1
2018-08-22,19.32,19.33,19.05,19.08,1131694,77.11
2018-08-23,19.1,19.24,19.02,19.21,965614,77.65
2018-08-24,19.24,19.35,19.21,19.33,600453,78.11
2018-08-27,19.38,19.46,19.35,19.38,945040,78.32
2018-08-28,19.43,19.53,19.38,19.5,867942,78.82
2018-08-29,19.52,19.55,19.41,19.44,828960,78.57
2018-08-30,19.43,19.44,19.27,19.34,615593,78.14
2018-08-31,19.29,19.39,19.2,19.37,1732087,78.26
2018-09-04,19.37,19.5,19.24,19.49,885387,78.76
2018-09-05,19.49,19.64,19.42,19.46,1289796,78.66
2018-09-06,19.47,19.55,19.43,19.49,965823,78.77
2018-09-07,19.48,19.51,19.35,19.44,751025,78.55
2018-09-10,19.5,19.5,19.33,19.37,902944,78.26
2018-09-11,19.31,19.5,19.24,19.47,1184412,78.67
2018-09-12,19.43,19.48,19.35,19.44,927190,78.56
2018-09-13,19.47,19.73,19.47,19.72,790745,79.69
2018-09-14,19.75,19.96,19.75,19.9,1601440,80.43
2018-09-17,19.86,19.86,19.63,19.7,986320,79.6
2018-09-18,19.69,19.85,19.64,19.71,1655022,78.99
2018-09-19,19.72,19.78,19.49,19.52,1305018,78.24
2018-09-20,19.59,19.69,19.49,19.67,1345511,78.85
2018-09-21,19.31,19.72,19.28,19.66,2920384,78.81
2018-09-24,19.66,19.74,19.47,19.5,1632251,78.15
2018-09-25,19.54,19.8,19.52,19.79,6368655,79.32
2018-09-26,19.85,19.89,19.66,19.69,2663023,78.93
2018-09-27,19.69,19.92,19.65,19.74,2748265,79.13
2018-09-28,19.71,19.96,19.7,19.94,2865040,79.93
2018-10-01,19.96,20.07,19.52,19.58,2468758,78.48
2018-10-02,19.58,19.72,19.5,19.69,1189069,78.94
2018-10-03,19.77,19.92,19.71,19.75,1896871,79.16
2018-10-04,19.72,19.87,19.71,19.78,1473926,79.29
2018-10-05,19.77,19.87,19.65,19.65,1172562,78.76
2018-10-08,19.58,19.8,19.56,19.72,783641,79.05
2018-10-09,19.7,19.87,19.62,19.8,1214517,79.35
2018-10-10,19.72,19.81,19.21,19.22,2080910,77.05
2018-10-11,19.17,19.17,18.54,18.56,1972593,74.41
2018-10-12,18.86,18.86,18.07,18.36,1926436,73.6
2018-10-15,18.36,18.53,18.27,18.32,2036151,73.44
2018-10-16,18.42,18.68,18.24,18.64,2089948,74.72
2018-10-17,18.63,18.74,18.43,18.61,1069783,74.6
2018-10-18,18.58,18.7,18.39,18.48,1009074,74.07
2018-10-19,18.45,18.62,18.36,18.44,955634,73.93
2018-10-22,18.49,18.57,18.23,18.31,1611390,73.41
2018-10-23,18.1,18.2,17.9,18.01,1571902,72.2
2018-10-24,18.39,18.82,18.21,18.22,1929180,73.03
2018-10-25,18.34,18.58,18.23,18.49,1482880,74.11
2018-10-26,18.4,18.56,18.14,18.46,2091808,73.98
2018-10-29,18.67,18.87,18.48,18.61,2105098,74.61
2018-10-30,18.7,18.82,18.56,18.79,1592635,75.3
2018-10-31,18.91,19.19,18.83,18.94,2251361,75.9
2018-11-01,18.94,18.97,18.76,18.9,1252067,75.76
2018-11-02,19.03,19.12,18.68,18.87,1399221,75.64
2018-11-05,18.94,19.22,18.86,19.07,1507497,76.45
2018-11-06,19.04,19.3,18.97,19.27,1431847,77.24
2018-11-07,19.32,19.62,19.32,19.59,1272577,78.52
2018-11-08,19.54,19.76,19.54,19.65,1319547,78.78
2018-11-09,19.64,19.71,19.44,19.56,1158303,78.41
2018-11-12,19.55,19.58,19.27,19.32,1459839,77.42
2018-11-13,19.32,19.44,19.19,19.26,1142670,77.19
2018-11-14,19.32,19.43,18.81,18.89,1620583,75.72
2018-11-15,18.83,19.29,18.74,19.26,1327299,77.18
2018-11-16,19.19,19.61,19.17,19.57,1795932,78.45
2018-11-19,19.57,19.65,19.42,19.59,1713936,78.54
2018-11-20,19.5,19.62,19.4,19.52,2112648,78.24
2018-11-21,19.54,19.68,19.4,19.45,1585234,77.98
2018-11-23,19.31,19.47,19.31,19.37,657490,77.64
2018-11-26,19.53,19.58,19.36,19.55,1636898,78.36
2018-11-27,19.51,19.68,19.42,19.5,1641448,77.52
2018-11-28,19.49,19.79,19.39,19.79,2039971,78.65
2018-11-29,19.7,19.85,19.66,19.74,1275078,78.45
2018-11-30,19.74,19.98,19.69,19.82,9993530,78.78
2018-12-03,19.91,20.01,19.39,19.68,2365807,78.22
2018-12-04,19.7,19.73,19.22,19.28,1498527,76.63
2018-12-06,19.07,19.26,18.71,19.21,2337201,76.38
2018-12-07,19.15,19.42,18.89,19.05,1781922,75.73
2018-12-10,19.05,19.13,18.67,18.92,1470939,75.21
2018-12-11,19.09,19.21,18.77,18.84,1398073,74.9
2018-12-12,19.03,19.14,18.83,18.9,1379916,75.11
2018-12-13,18.92,19.07,18.8,18.91,1664820,75.15
2018-12-14,18.79,18.88,18.72,18.79,1411570,74.71
2018-12-17,18.79,18.86,18.33,18.38,1510467,73.08
2018-12-18,18.47,18.65,18.36,18.49,1421749,73.5
2018-12-19,18.51,18.82,18.3,18.39,1432029,73.09
2018-12-20,18.29,18.39,18.01,18.03,1990753,71.66
2018-12-21,18.02,18.46,17.91,17.92,3345728,71.22
2018-12-24,17.72,17.8,17.39,17.5,1234740,69.56
2018-12-26,17.51,18.13,17.33,18.13,2104545,72.07
2018-12-27,17.89,18.35,17.8,18.34,1285142,72.92
2018-12-28,18.39,18.56,18.3,18.36,1626142,72.97
2018-12-31,18.4,18.59,18.28,18.59,2400404,73.91
2019-01-02,18.33,18.39,18.09,18.22,1741395,72.42
2019-01-03,18.16,18.29,17.89,17.92,1449937,71.22
2019-01-04,18.1,18.28,18.07,18.19,2260173,72.32
2019-01-07,18.22,18.43,18.16,18.25,1154614,72.53
2019-01-08,18.28,18.31,17.95,18.11,1651134,72
2019-01-09,18.24,18.26,18.11,18.16,1820029,72.2
2019-01-10,18.15,18.4,18.11,18.36,2112706,72.98
2019-01-11,18.34,18.45,18.15,18.26,1207332,72.59
2019-01-14,18.19,18.44,18.14,18.42,1232212,73.23
2019-01-15,18.41,18.6,18.41,18.59,1011487,73.88
2019-01-16,18.62,18.86,18.56,18.84,1340209,74.89
2019-01-17,18.72,19.01,18.72,18.85,1627222,74.91
2019-01-18,18.93,19.1,18.87,19.04,813955,75.68
2019-01-22,19,19.15,18.73,18.79,945509,74.7
2019-01-23,18.79,19,18.76,18.98,810678,75.43
2019-01-24,18.89,18.93,18.67,18.78,1529307,74.67
2019-01-25,18.89,18.97,18.76,18.87,1918404,75
2019-01-28,18.8,18.92,18.71,18.89,851931,75.1
2019-01-29,18.87,18.93,18.73,18.78,924827,74.65
2019-01-30,19,19.56,18.9,19.39,2064885,77.06
2019-01-31,19.3,19.37,19.17,19.34,1411482,76.89
2019-02-01,19.32,19.57,19.3,19.55,1327228,77.73
2019-02-04,19.52,19.79,19.42,19.79,1247943,78.66
2019-02-05,19.85,20.04,19.7,20.04,1275095,79.64
2019-02-06,19.97,20.11,19.9,20.1,1171995,79.88
2019-02-07,20.06,20.38,20.06,20.34,1700770,80.84
2019-02-08,20.23,20.35,19.98,20.17,1354789,80.17
2019-02-11,20.2,20.21,20.06,20.18,1329378,80.23
2019-02-12,20.23,20.32,20.19,20.28,1289668,80.62
2019-02-13,20.35,20.53,20.33,20.51,1109737,81.51
2019-02-14,20.44,20.56,20.29,20.34,1677597,80.84
2019-02-15,20.47,20.62,20.44,20.48,2115342,81.4
2019-02-19,20.42,20.66,20.4,20.62,1036644,81.96
2019-02-20,20.6,20.78,20.53,20.78,1039297,82.59
2019-02-21,20.78,20.8,20.62,20.73,959222,82.41
2019-02-22,20.81,20.87,20.7,20.77,967585,82.55
2019-02-25,20.79,20.86,20.36,20.56,3063787,81.73
2019-02-26,20.49,20.77,20.49,20.69,1709575,82.26
2019-02-27,20.82,20.99,20.73,20.89,1357843,83.05
2019-02-28,20.93,21.2,20.93,21.05,2487645,83.66
2019-03-01,21.17,21.3,21.09,21.22,1609051,84.34
2019-03-04,21.25,21.28,20.93,21.11,1775341,83.91
2019-03-05,21.17,21.17,20.98,21.09,966967,83.83
2019-03-06,21.06,21.17,20.8,20.91,1160416,83.1
2019-03-07,20.91,20.91,20.68,20.82,1117131,82.77
2019-03-08,20.78,20.86,20.71,20.83,1502134,82.8
2019-03-11,20.94,20.99,20.85,20.89,1721297,83.03
2019-03-12,20.95,21.06,20.88,20.98,1247416,83.4
2019-03-13,20.99,21.04,20.82,20.88,1974675,82.84
2019-03-14,20.89,21.08,20.73,21.01,1282425,83.36
2019-03-15,20.99,21.29,20.93,21.08,2752724,83.64
2019-03-18,21.11,21.27,21.09,21.19,950254,84.06
2019-03-19,21.22,21.27,20.91,20.94,853385,83.08
2019-03-20,20.92,21.08,20.81,20.86,1027508,82.77
2019-03-21,20.77,21.21,20.73,21.16,778416,83.96
2019-03-22,21.07,21.34,21.01,21.05,1475674,83.53
2019-03-25,21.05,21.29,21.02,21.16,1622571,83.96
2019-03-26,21.25,21.4,21.06,21.2,903139,84.1
2019-03-27,21.21,21.39,21.2,21.32,947990,84.61
2019-03-28,21.38,21.45,21.13,21.32,1234436,84.61
2019-03-29,21.42,21.46,21.29,21.35,2136229,84.72
2019-04-01,21.43,21.49,21.23,21.38,1040934,84.82
2019-04-02,21.39,21.42,21.16,21.31,798008,84.55
2019-04-03,21.36,21.5,21.01,21.46,1649814,56.77
2019-04-04,21.5,21.6,21.31,21.5,1476263,56.87
2019-04-05,21.53,21.64,21.46,21.62,1194558,57.18
2019-04-08,21.63,21.7,21.44,21.57,991064,57.06
2019-04-09,21.55,21.6,21.37,21.45,858156,56.75
2019-04-10,21.51,21.55,21.4,21.5,1172216,56.87
2019-04-11,21.55,21.73,21.4,21.71,641430,57.42
2019-04-12,21.77,21.93,21.73,21.91,656286,57.95
2019-04-15,21.91,21.94,21.77,21.88,497310,57.87
2019-04-16,21.96,22.17,21.9,22.16,1040897,58.63
2019-04-17,22.19,22.19,21.85,21.9,952429,57.92
2019-04-18,21.95,22.22,21.88,22.06,1377562,58.35
2019-04-22,21.98,21.98,21.78,21.85,831921,57.81
2019-04-23,21.85,22.18,21.82,22.11,1141987,58.48
2019-04-24,21.9,23.01,21.82,22.86,2266735,60.47
2019-04-25,22.89,23,22.62,22.92,913626,60.62
2019-04-26,22.89,23.03,22.81,22.97,884234,60.77
2019-04-29,22.97,23.15,22.92,22.96,905132,60.74
2019-04-30,23,23.23,22.84,23.17,1445436,61.3
2019-05-01,23.11,23.34,23.09,23.17,880562,61.28
2019-05-02,23.17,23.32,23.03,23.11,873774,61.14
2019-05-03,23.22,23.34,23.12,23.25,828049,61.5
2019-05-06,23.01,23.33,22.94,23.26,1531739,61.52
2019-05-07,23.1,23.33,22.92,23.05,906831,60.96
2019-05-08,23.05,23.18,22.87,22.92,1888425,60.63
2019-05-09,22.79,23,22.71,22.92,1392558,60.64
2019-05-10,22.89,23.24,22.8,23.24,1158783,61.47
2019-05-13,22.98,23.09,22.87,23.06,1249368,61
2019-05-14,23.08,23.3,23.06,23.18,1111491,61.31
2019-05-15,23.13,23.36,23.09,23.28,1821361,61.57
2019-05-16,23.36,23.53,23.35,23.48,1469650,62.1
2019-05-17,23.36,23.47,23.31,23.36,1441667,61.78
2019-05-20,23.35,23.46,23.29,23.4,781251,61.89
2019-05-21,23.45,23.57,23.42,23.44,1604646,62.01
2019-05-22,23.42,23.56,23.37,23.53,2885555,62.23
2019-05-23,23.47,23.51,23.21,23.28,1786068,61.58
2019-05-24,23.34,23.5,23.25,23.46,1051904,62.06
2019-05-28,23.47,23.59,23.29,23.31,2534242,61.66
2019-05-29,23.29,23.49,23.14,23.47,1492769,62.09
2019-05-30,23.53,23.6,23.39,23.44,862218,62.01
2019-05-31,23.33,23.57,23.28,23.51,1580622,62.2
2019-06-03,23.55,23.71,23.44,23.69,1934628,62.67
2019-06-04,23.77,23.85,23.53,23.81,1255475,62.99
2019-06-05,23.88,24.18,23.82,24.11,1787496,63.79
2019-06-06,24.15,24.28,24.06,24.19,1186260,64
2019-06-07,24.26,24.43,24.25,24.31,1465571,64.31
2019-06-10,24.33,24.39,24.21,24.33,1449396,64.35
2019-06-11,24.43,24.43,24.05,24.23,1116310,64.09
2019-06-12,24.26,24.47,24.26,24.46,1584162,64.71
2019-06-13,24.57,24.58,24.29,24.52,1182197,64.87
2019-06-14,24.53,24.84,24.46,24.81,1651752,65.62
2019-06-17,24.87,24.94,24.72,24.8,798120,65
2019-06-18,24.87,25.1,24.79,25.06,1414660,65.67
2019-06-19,25.1,25.44,25.1,25.34,1773864,66.4
2019-06-20,25.42,25.52,25.29,25.49,1410097,66.81
2019-06-21,25.43,25.74,25.28,25.52,3301796,66.88
2019-06-24,25.54,25.8,25.43,25.46,1686525,66.71
2019-06-25,25.47,25.61,25.33,25.47,1097320,66.75
2019-06-26,25.49,25.52,24.83,24.83,2573266,65.06
2019-06-27,24.62,24.84,24.51,24.83,2511605,65.06
2019-06-28,24.89,25.17,24.86,25.16,3316650,65.93
2019-07-01,25.33,25.35,24.94,25.34,1747986,66.42
2019-07-02,25.38,25.51,25.21,25.44,1623651,66.66
2019-07-03,25.53,25.72,25.46,25.7,759782,67.35
2019-07-05,25.7,25.74,25.43,25.74,1170144,67.46
2019-07-08,25.57,25.82,25.56,25.69,1016752,67.33
2019-07-09,25.66,25.88,25.42,25.87,1435117,67.79
2019-07-10,25.95,26.23,25.86,25.87,1117739,67.79
2019-07-11,25.91,25.99,25.71,25.86,654003,67.76
2019-07-12,25.83,25.92,25.68,25.9,972886,67.87
2019-07-15,25.98,26.13,25.91,26.04,726966,68.24
2019-07-16,26.04,26.18,26.02,26.1,1212480,68.39
2019-07-17,26.04,26.04,25.79,25.88,1076078,67.81
2019-07-18,25.91,25.97,25.8,25.89,1357911,67.84
2019-07-19,25.93,25.94,25.49,25.5,1437891,66.84
2019-07-22,25.5,25.59,25.34,25.38,1197675,66.52
2019-07-23,25.37,25.5,25.14,25.4,1645296,66.57
2019-07-24,26.2,26.42,25.65,26.18,3168837,68.6
2019-07-25,26.23,26.46,26.08,26.41,1357294,69.21
2019-07-26,26.42,26.85,26.33,26.83,2252148,70.32
2019-07-29,26.87,26.99,26.57,26.73,1282414,70.06
2019-07-30,26.63,27.04,26.63,26.89,1137629,70.46
2019-07-31,26.9,27.18,26.15,26.48,2853877,69.39
2019-08-01,26.39,26.86,26.21,26.25,1510812,68.8
2019-08-02,26.25,26.73,26.21,26.54,1293990,69.55
2019-08-05,26.31,26.54,25.79,25.9,1358300,67.88
2019-08-06,25.94,26.6,25.84,26.58,1454944,69.67
2019-08-07,26.33,26.96,26.17,26.86,1347043,70.38
2019-08-08,27.05,27.64,27.01,27.43,2141293,71.88
2019-08-09,27.37,27.62,27.08,27.35,854914,71.67
2019-08-12,27.24,27.71,27.07,27.17,1153941,71.21
2019-08-13,27.12,27.63,27.1,27.53,1547883,72.15
2019-08-14,27.26,27.51,26.79,26.89,1635700,70.48
2019-08-15,26.98,27.33,26.77,27.1,1610289,71.01
2019-08-16,27.21,27.63,27.16,27.56,1696194,72.23
2019-08-19,27.87,27.92,27.57,27.86,984888,73.02
2019-08-20,27.85,27.88,27.47,27.53,909531,72.15
2019-08-21,27.64,27.64,27.39,27.44,1779277,71.92
2019-08-22,27.47,27.79,27.24,27.74,1390880,72.7
2019-08-23,27.65,27.95,27.1,27.21,1143666,71.3
2019-08-26,27.39,27.5,27.16,27.5,1228178,72.07
2019-08-27,27.63,27.71,27.36,27.39,1825834,71.78
2019-08-28,27.32,27.33,27.1,27.17,1267683,71.21
2019-08-29,27.38,27.55,27.18,27.4,1404945,71.8
2019-08-30,27.45,27.59,27.1,27.19,2447716,71.25
2019-09-03,27.11,27.36,27.09,27.25,1496907,71.41
2019-09-04,27.47,27.56,27.11,27.47,2326729,72
2019-09-05,27.64,27.68,27.22,27.45,1285238,71.93
2019-09-06,27.45,27.71,27.38,27.56,1810100,72.22
2019-09-09,27.68,27.68,27.02,27.25,1551069,71.42
2019-09-10,27.25,27.39,26.92,27.02,2608366,70.82
2019-09-11,27.15,27.38,26.86,27.15,1645247,71.14
2019-09-12,27.24,27.37,27.03,27.19,1240827,71.26
2019-09-13,27.26,27.26,26.94,27.09,1106136,70.99
2019-09-16,26.93,27.07,26.76,27.05,1447749,70.9
2019-09-17,27.01,27.51,26.84,27.48,1678297,72.02
2019-09-18,27.45,27.57,27.22,27.49,1349091,71.92
2019-09-19,27.49,27.75,27.42,27.52,1194021,72.01
2019-09-20,27.58,27.63,27.08,27.41,5848917,71.73
2019-09-23,27.38,27.75,27.32,27.63,1634726,72.3
2019-09-24,27.69,27.96,27.56,27.67,1336583,72.4
2019-09-25,27.69,27.83,27.53,27.74,1315134,72.58
2019-09-26,27.73,27.89,27.57,27.77,954839,72.66
2019-09-27,27.86,27.88,27.28,27.41,995013,71.72
2019-09-30,27.45,27.66,27.28,27.6,1623251,72.23
2019-10-01,27.71,27.78,27.17,27.18,1084380,71.11
2019-10-02,26.94,27.15,26.82,27.03,1285987,70.73
2019-10-03,26.99,27.2,26.9,27.13,1027113,71
2019-10-04,27.18,27.67,27.18,27.67,1140412,72.41
2019-10-07,27.62,27.79,27.38,27.58,1354281,72.16
2019-10-08,27.41,27.46,26.97,26.98,1005788,70.59
2019-10-09,27.15,27.31,27.07,27.2,923620,71.18
2019-10-10,27.2,27.45,27.12,27.26,877515,71.32
2019-10-11,27.44,27.57,27.14,27.16,1265402,71.07
2019-10-14,27.07,27.23,27.02,27.18,628715,71.12
2019-10-15,27.23,27.37,27,27.1,1216512,70.91
2019-10-16,26.97,26.97,26.58,26.93,1259858,70.47
2019-10-17,27,27.14,26.81,27.07,1670575,70.83
2019-10-18,27.07,27.35,26.83,27.19,1141823,71.16
2019-10-21,27.3,27.35,27.03,27.1,1307675,70.91
2019-10-22,26.93,27.07,25.93,25.93,5476626,67.85
2019-10-23,27.44,29.63,27.03,27.47,3241428,71.87
2019-10-24,27.57,27.57,26.94,27.01,2406030,70.68
2019-10-25,27,27.03,26.39,26.54,1532947,69.44
2019-10-28,26.64,26.73,26.32,26.38,1652240,69.03
2019-10-29,26.34,26.78,26.27,26.61,1581324,69.63
2019-10-30,26.68,26.97,26.51,26.84,895554,70.22
2019-10-31,26.72,26.81,26.45,26.71,1286475,69.9
2019-11-01,26.85,26.91,26.49,26.55,1005221,69.47
2019-11-04,26.64,26.69,25.85,25.97,1416269,67.96
2019-11-05,26.05,26.16,25.77,25.85,1196678,67.63
2019-11-06,25.91,26.34,25.84,26.29,1961550,68.79
2019-11-07,26.31,26.37,25.78,25.99,2333603,68
2019-11-08,26.01,26.13,25.89,25.95,1086725,67.89
2019-11-11,25.8,26.09,25.8,26.06,1220184,68.2
2019-11-12,26.17,26.18,25.89,26.02,1139073,68.08
2019-11-13,25.9,26.43,25.82,26.21,1313149,68.58
2019-11-14,26.18,26.24,26,26.16,1157838,68.46
2019-11-15,26.22,26.48,25.89,25.93,1673158,67.85
2019-11-18,25.87,26.19,25.87,26.14,1325432,68.41
2019-11-19,26.2,26.74,26.15,26.58,2351841,69.55
2019-11-20,26.5,26.77,26.37,26.64,2799159,69.72
2019-11-21,26.75,26.82,26.22,26.23,1202735,67.79
2019-11-22,26.21,26.4,26.21,26.3,1158192,67.97
2019-11-25,26.33,26.53,26.23,26.37,1843854,68.16
2019-11-26,26.42,26.8,26.42,26.8,3120783,69.25
2019-11-27,26.87,26.9,26.67,26.76,2575399,69.17
2019-11-29,26.31,26.64,26.28,26.31,5003032,68
2019-12-02,26.41,26.54,26.16,26.45,4793553,68.36
2019-12-03,26.22,26.41,26.11,26.32,4071658,68.02
2019-12-04,26.25,26.78,26.18,26.4,113862062,68.23
2019-12-05,26.79,27.01,26.63,26.97,4181791,69.71
2019-12-06,27.14,27.23,26.96,27.12,2887627,70.09
2019-12-09,27.17,27.28,27.04,27.14,2446728,70.15
2019-12-10,27.11,27.26,27,27.05,2161507,69.92
2019-12-11,27.21,27.21,26.81,26.92,1842981,69.56
2019-12-12,26.88,27.11,26.8,26.93,1604481,69.6
2019-12-13,26.81,26.99,26.77,26.92,2709801,69.56
2019-12-16,27.04,27.05,26.72,26.8,3166157,69.27
2019-12-17,26.81,27.02,26.76,26.92,3914289,69.57
2019-12-18,26.7,26.95,26.66,26.75,3655656,69.12
2019-12-19,26.77,26.8,26.54,26.6,1522878,68.74
2019-12-20,26.85,26.88,26.58,26.67,3872112,68.93
2019-12-23,26.76,26.81,26.36,26.47,1106808,68.4
2019-12-24,26.5,26.6,26.37,26.47,345579,68.42
2019-12-26,26.52,26.65,26.38,26.49,810202,68.47
2019-12-27,26.52,26.56,26.42,26.53,1112094,68.57
2019-12-30,26.59,26.62,26.46,26.56,1337276,68.63
2019-12-31,26.57,26.74,26.55,26.74,2473697,69.1
2020-01-02,26.89,26.89,26.47,26.68,2988843,68.96
2020-01-03,26.45,26.77,26.37,26.72,1170065,69.05
2020-01-06,26.56,26.7,26.47,26.68,1929717,68.95
2020-01-07,26.63,26.66,26.18,26.19,1836049,67.69
2020-01-08,26.23,26.54,26.21,26.38,1642171,68.17
2020-01-09,26.46,26.55,26.3,26.53,2326108,68.57
2020-01-10,26.52,26.52,26.21,26.26,1643886,67.86
2020-01-13,26.2,26.46,26.2,26.35,2791892,68.11
2020-01-14,26.3,26.57,26.2,26.42,2838953,68.29
2020-01-15,26.4,26.77,26.39,26.68,1220616,68.95
2020-01-16,26.73,26.99,26.67,26.98,1363545,69.73
2020-01-17,27.05,27.23,26.97,27.23,2118091,70.36
2020-01-21,27.12,27.23,26.94,27.03,1724260,69.85
2020-01-22,27.51,27.62,27.34,27.57,2426510,71.24
2020-01-23,27.43,27.64,27.16,27.62,1769424,71.38
2020-01-24,27.61,27.91,27.59,27.89,1648095,72.07
2020-01-27,27.68,27.88,27.62,27.7,2065133,71.59
2020-01-28,27.76,28.15,27.76,28,2348383,72.37
2020-01-29,28.18,28.42,27.55,28.15,2494941,72.75
2020-01-30,28.01,28.89,27.91,28.86,1968050,74.58
2020-01-31,28.76,28.94,28.34,28.45,2566235,73.53
2020-02-03,28.61,28.98,28.57,28.78,2605173,74.39
2020-02-04,28.94,29.34,28.84,28.96,2085304,74.84
2020-02-05,29.14,29.51,29.06,29.48,1736880,76.19
2020-02-06,29.53,29.95,29.53,29.86,1795493,77.18
2020-02-07,29.81,30.16,29.77,30.11,2479491,77.81
2020-02-10,30.13,30.49,30.12,30.48,2064316,78.76
2020-02-11,30.51,30.73,30.5,30.68,2161500,79.28
2020-02-12,30.64,30.64,30.36,30.43,1382249,78.64
2020-02-13,30.39,30.7,30.3,30.69,2263232,79.32
2020-02-14,30.69,30.74,30.5,30.72,2146275,79.4
2020-02-18,30.72,30.89,30.61,30.71,2032285,79.36
2020-02-19,30.77,30.92,30.68,30.75,1271720,79.48
2020-02-20,30.64,30.73,30,30.21,2562342,78.07
2020-02-21,30.18,30.52,30.13,30.43,12381952,78.65
2020-02-24,30.12,30.35,29.77,29.81,2963787,77.04
2020-02-25,29.81,29.94,29.05,29.09,2815737,75.17
2020-02-26,29.2,29.47,28.64,28.65,2706558,74.04
2020-02-27,28.32,28.53,27.04,27.08,2970123,69.99
2020-02-28,26.5,26.71,25.58,25.98,5937237,67.14
2020-03-02,26.03,27.17,25.75,27.16,3132252,70.2
2020-03-03,27.1,27.56,26.18,26.3,3136603,67.96
2020-03-04,26.74,27.1,26.17,27.09,3688809,70.02
2020-03-05,26.46,26.49,25.63,25.84,3460326,66.79
2020-03-06,25.02,25.79,24.8,25.63,3209474,66.24
2020-03-09,24.26,24.26,22.94,23.33,4166129,60.3
2020-03-10,23.95,24.48,23.31,24.46,3149309,63.11
2020-03-11,23.73,23.8,22.43,22.54,4225887,58.15
2020-03-12,21,21.37,19.81,19.94,5218845,51.45
2020-03-13,20.93,21.86,19.59,21.78,4353045,56.18
2020-03-16,19.22,20.54,18.23,18.42,5238427,47.51
2020-03-17,18.92,20.65,18.23,20.62,4923182,53.19
2020-03-18,19.34,20.42,18.41,19.67,4924568,50.74
2020-03-19,19.41,19.72,18.61,18.78,3221061,48.45
2020-03-20,18.83,19.39,18.31,18.44,4771741,47.58
2020-03-23,18.13,18.35,16.69,16.81,4032121,43.36
2020-03-24,17.65,18.73,17.39,18.65,3156365,48.1
2020-03-25,18.56,19.25,17.71,18.42,2990999,47.52
2020-03-26,18.56,19.84,18.16,19.7,2506018,50.81
2020-03-27,19.29,20.76,18.96,20.11,2483331,51.87
2020-03-30,20.11,21.2,19.54,21.13,3088221,54.51
2020-03-31,20.78,20.99,19.79,20.22,9260680,52.17
2020-04-01,19.27,19.73,19.08,19.48,3302754,50.24
2020-04-02,19.24,20.19,19.2,19.65,3446574,50.68
2020-04-03,19.37,19.75,19.09,19.18,3291221,49.48
2020-04-06,20.05,20.98,19.89,20.83,3057664,53.73
2020-04-07,21.62,22.25,20.84,20.86,3074253,53.82
2020-04-08,21.08,21.5,20.6,21.41,2029272,55.22
2020-04-09,21.74,22.85,21.74,22.61,1747876,58.32
2020-04-13,22.62,22.62,21.84,21.98,2779080,56.7
2020-04-14,22.58,23.01,22.46,22.75,1948623,58.7
2020-04-15,22.1,22.21,21.43,21.6,2905888,55.72
2020-04-16,21.51,21.78,20.83,21.18,2409043,54.65
2020-04-17,21.91,22.23,21.59,22.09,3511577,56.99
2020-04-20,21.69,21.74,21.13,21.42,1994530,55.25
2020-04-21,20.86,21.17,20.61,20.68,2064901,53.35
2020-04-22,20.44,21.06,19.68,19.88,5017605,51.28
2020-04-23,19.96,20.12,19.44,19.44,2472966,50.15
2020-04-24,19.56,19.67,19.08,19.48,2756380,50.24
2020-04-27,19.51,20.58,19.51,20.51,2078896,52.9
2020-04-28,21.03,21.21,20.69,20.95,2707780,54.05
2020-04-29,21.39,22.07,21.15,21.78,2167935,56.19
2020-04-30,21.34,21.44,20.9,20.93,2117007,54
2020-05-01,20.52,20.56,19.83,19.94,1703846,51.45
2020-05-04,19.72,19.96,19.51,19.92,1982625,51.38
2020-05-05,20.11,20.63,20.05,20.06,1890641,51.75
2020-05-06,20.15,20.24,19.37,19.37,2620662,49.98
2020-05-07,19.57,20.24,19.57,19.82,2353171,51.13
2020-05-08,20.2,20.29,19.65,20.05,1814051,51.73
2020-05-11,19.77,20.05,19.43,19.76,1748970,50.98
2020-05-12,19.82,19.93,19.11,19.15,2019420,49.39
2020-05-13,18.92,18.97,18.08,18.2,2870354,46.94
2020-05-14,17.96,18.51,17.54,18.37,3267501,47.4
2020-05-15,18.17,18.64,17.92,18.5,12333084,47.73
2020-05-18,19.32,20.29,19.19,20.13,4118908,51.92
2020-05-19,20.04,20.2,19.8,19.89,1985166,51.32
2020-05-20,20.08,20.81,20.02,20.7,1976080,53.41
2020-05-21,20.63,21.68,20.63,21.6,2601830,55.72
2020-05-22,21.66,21.92,21.36,21.88,2460503,56.45
2020-05-26,22.7,22.87,22.24,22.3,2244591,57.53
2020-05-27,23.08,23.24,22.44,22.69,2261103,58.54
2020-05-28,23.09,23.09,22.4,22.53,1971198,58.13
2020-05-29,22.36,22.68,22.19,22.46,3885905,57.95
2020-06-01,22.4,22.51,22.02,22.47,1355022,57.96
2020-06-02,22.44,23.19,22.36,23.12,2002306,59.63
2020-06-03,23.29,23.8,23.16,23.34,2678343,60.21
2020-06-04,23.22,23.84,23.04,23.81,2125350,61.42
2020-06-05,24.86,25.13,24.37,24.76,2344000,63.86
2020-06-08,24.81,25.35,24.81,25.35,2040585,65.39
2020-06-09,24.8,25.06,24.38,24.42,1434773,62.99
2020-06-10,24.2,24.41,23.25,23.3,2661678,60.11
2020-06-11,22.6,22.87,21.66,21.73,2607223,56.05
2020-06-12,22.6,22.67,21.59,22.1,2086821,57.02
2020-06-15,21.32,22.68,21.11,22.59,2222894,58.27
2020-06-16,23.47,23.47,22.46,22.7,1898205,58.56
2020-06-17,22.71,22.85,22.37,22.61,2979648,58.32
2020-06-18,22.31,22.9,22.26,22.63,2168248,58.38
2020-06-19,23.08,23.08,22.37,22.74,6025371,58.66
2020-06-22,22.49,22.59,22.19,22.42,1537616,57.71
2020-06-23,22.8,22.92,22.36,22.39,2019388,57.64
2020-06-24,22.02,22.05,21.36,21.65,1734786,55.74
2020-06-25,21.68,22.19,21.36,22.13,1615126,56.98
2020-06-26,21.88,22.11,21.37,21.52,4035082,55.41
2020-06-29,21.87,22.02,21.55,21.94,1632354,56.48
2020-06-30,21.82,22.39,21.82,22.25,2872595,57.29
2020-07-01,22.23,22.53,22.06,22.15,1867585,57.03
2020-07-02,22.63,22.74,21.89,21.94,1402607,56.47
2020-07-06,22.45,22.57,22.14,22.23,1315116,57.24
2020-07-07,22.01,22.41,21.96,22.04,1795473,56.74
2020-07-08,21.98,22.3,21.8,22.06,1588133,56.78
2020-07-09,21.96,22.01,21.42,21.68,1803593,55.8
2020-07-10,21.57,22.56,21.57,22.46,1696180,57.81
2020-07-13,22.62,23.11,22.5,22.74,2234571,58.54
2020-07-14,22.75,23.33,22.66,23.27,1795344,59.91
2020-07-15,23.75,24.09,23.52,23.94,2435103,61.64
2020-07-16,23.94,24.84,23.88,24.61,2511029,63.35
2020-07-17,24.65,24.78,24.36,24.68,2518582,63.54
2020-07-20,24.6,24.76,24.38,24.63,2271550,63.4
2020-07-21,24.7,25.15,24.7,24.87,2184826,64.02
2020-07-22,25.03,25.46,24.71,24.83,4243576,63.93
2020-07-23,24.8,25.2,24.61,25.05,1824225,64.5
2020-07-24,25.15,25.18,24.76,24.84,1745088,63.96
2020-07-27,24.74,24.86,24.28,24.42,1764533,62.87
2020-07-28,24.32,24.48,24.09,24.16,1459912,62.2
2020-07-29,24.12,24.63,24.08,24.63,1451853,63.4
2020-07-30,24.13,24.39,23.89,24.2,1252833,62.3
2020-07-31,24.08,24.15,23.6,23.99,1890933,61.75
2020-08-03,24.04,24.29,23.86,24.14,1277588,62.14
2020-08-04,24.08,24.11,23.7,23.77,1219340,61.2
2020-08-05,24,24.27,23.95,24.06,1526051,61.94
2020-08-06,23.98,24.22,23.93,24.16,1550623,62.19
2020-08-07,24.01,24.84,23.99,24.82,1324487,63.89
2020-08-10,24.9,25.21,24.64,25.01,1406857,64.38
2020-08-11,25.38,25.62,24.62,24.69,2247783,63.57
2020-08-12,25.05,25.05,24.5,24.5,1314409,63.08
2020-08-13,24.25,24.52,24.04,24.41,1103206,62.85
2020-08-14,24.26,24.51,24.11,24.19,1374592,62.28
2020-08-17,24.07,24.1,23.5,23.66,1693737,60.91
2020-08-18,23.76,24.01,23.74,23.8,1370706,61.26
2020-08-19,23.86,23.95,23.47,23.55,1526211,60.63
2020-08-20,23.29,23.61,23.22,23.37,1289481,60.16
2020-08-21,23.36,23.62,23.29,23.38,1179254,60.18
2020-08-24,23.47,23.94,23.45,23.93,1146566,61.61
2020-08-25,24.14,24.18,23.82,23.93,1429492,61.6
2020-08-26,23.88,24.1,23.61,23.9,1540379,61.54
2020-08-27,23.99,24.73,23.99,24.56,2111202,63.23
2020-08-28,24.76,24.76,24.23,24.47,1433283,63
2020-08-31,24.39,24.47,23.94,24.1,2495844,62.05
2020-09-01,23.92,24.34,23.92,24.33,1243854,62.63
2020-09-02,24.37,24.84,24.18,24.73,1200642,63.66
2020-09-03,24.94,25.4,24.26,24.46,2390847,62.98
2020-09-04,24.91,25.1,24.23,24.45,1742098,62.94
2020-09-08,24.22,24.44,23.86,24.2,2111220,62.31
2020-09-09,24.46,24.92,24.35,24.68,1878691,63.53
2020-09-10,24.71,24.79,24.18,24.23,1503301,62.37
2020-09-11,24.32,24.58,24.19,24.43,1156036,62.88
2020-09-14,24.56,25.03,24.45,24.85,1658517,63.85
2020-09-15,24.97,25.07,24.59,24.65,1125940,63.34
2020-09-16,24.7,25.2,24.7,24.93,1537771,64.05
2020-09-17,24.81,24.91,24.46,24.75,2264897,63.59
2020-09-18,24.64,25.02,24.34,24.38,3840997,62.65
2020-09-21,23.91,24.05,23.23,23.79,3407618,61.14
2020-09-22,23.76,24.19,23.71,23.91,1815457,61.44
2020-09-23,23.99,24.1,23.18,23.18,1752277,59.56
2020-09-24,23.25,23.71,22.9,23.28,1426034,59.82
2020-09-25,23.05,23.61,23.05,23.57,1311588,60.56
2020-09-28,23.99,24.24,23.87,23.98,1763034,61.62
2020-09-29,23.91,24.04,23.4,23.73,1671610,60.97
2020-09-30,23.88,24.1,23.59,23.8,2303399,61.15
2020-10-01,23.85,23.96,23.42,23.66,1294125,60.79
2020-10-02,23.32,24.01,23.32,23.85,1026326,61.27
2020-10-05,24.1,24.25,24,24.14,1141161,62.04
2020-10-06,24.26,24.4,23.83,23.95,1380233,61.54
2020-10-07,24.09,24.31,23.82,24.06,1239336,61.81
2020-10-08,24.19,24.6,24.09,24.59,918906,63.18
2020-10-09,24.76,24.89,24.52,24.53,1758449,63.02
2020-10-12,24.56,25.13,24.42,25.07,1053416,64.42
2020-10-13,24.84,24.99,24.17,24.26,1048673,62.33
2020-10-14,24.23,24.56,24.01,24.02,1137582,61.71
2020-10-15,23.77,24.25,23.62,24.15,1663713,62.06
2020-10-16,24.2,24.46,24.06,24.15,1652314,62.05
2020-10-19,24.24,24.55,23.76,23.82,1594316,61.21
2020-10-20,24.08,24.78,24.05,24.6,2262172,63.22
2020-10-21,24.71,25.64,24.71,25.34,3175953,65.11
2020-10-22,25.33,25.81,25.15,25.69,2134255,66.01
2020-10-23,25.78,25.9,25.32,25.58,1395344,65.72
2020-10-26,25.3,25.32,24.67,24.83,1635855,63.8
2020-10-27,24.83,24.86,23.9,23.91,1662732,61.44
2020-10-28,23.56,24.07,23.56,23.64,1990057,60.73
2020-10-29,23.56,24.16,23.31,23.76,2435469,61.04
2020-10-30,23.67,23.96,23.2,23.4,2514843,60.12
2020-11-02,23.85,24.17,23.64,24.13,2481826,62
2020-11-03,24.57,24.91,24.48,24.73,2052202,63.54
2020-11-04,24.29,24.98,24.13,24.27,2963018,62.36
2020-11-05,24.37,24.93,24.33,24.48,1628158,62.9
2020-11-06,24.63,24.73,24.12,24.16,1676652,62.08
2020-11-09,25.89,27.2,25.88,26.94,3634085,69.22
2020-11-10,27.05,27.62,26.88,27.47,2789847,70.59
2020-11-11,27.57,27.57,26.99,27.22,1818668,69.95
2020-11-12,26.88,26.95,26.32,26.55,1189912,68.22
2020-11-13,26.74,27.01,26.56,26.8,1220739,68.87
2020-11-16,27.48,27.55,27.06,27.43,1338016,70.48
2020-11-17,27.11,27.34,26.84,27.29,1363002,70.11
2020-11-18,27.37,27.5,26.81,26.82,1535724,68.91
2020-11-19,26.55,26.58,25.73,26.02,4024116,66.86
2020-11-20,25.93,26.2,25.22,25.48,3220051,65.48
2020-11-23,25.74,25.76,25.08,25.38,3230520,65.22
2020-11-24,25.82,26.17,25.5,25.62,2754400,65.84
2020-11-25,25.39,25.46,24.91,25.28,4183373,64.96
2020-11-27,25.24,25.36,24.89,25.07,2477560,64.41
2020-11-30,24.91,25.36,24.57,25.35,39304665,65.13
2020-12-01,25.85,26.48,25.69,26.29,3704332,67.54
2020-12-02,26.14,26.37,25.73,26.18,2453919,67.28
2020-12-03,26.18,26.39,25.88,26.06,3154275,66.95
2020-12-04,26.2,26.34,25.99,26.3,1655043,67.59
2020-12-07,26.01,26.17,25.32,25.38,1664550,65.21
2020-12-08,25.19,25.58,25.19,25.34,1150168,65.11
2020-12-09,25.37,25.55,25.04,25.32,2196612,65.07
2020-12-10,25.18,25.49,25.1,25.23,1793290,64.84
2020-12-11,25.1,25.55,25.06,25.22,1999145,64.79
2020-12-14,25.51,25.59,24.99,25,2752103,64.11
2020-12-15,25.17,25.73,25.04,25.64,1402186,65.77
2020-12-16,25.73,25.9,25.56,25.75,1405138,66.04
2020-12-17,25.86,26.06,25.68,26.02,1971258,66.74
2020-12-18,26.05,26.23,25.63,25.84,4503867,66.28
2020-12-21,25.83,25.92,25.11,25.52,1694326,65.45
2020-12-22,25.44,25.65,25.38,25.49,1233168,65.38
2020-12-23,25.68,25.99,25.67,25.73,1231643,65.98
2020-12-24,25.79,25.85,25.41,25.77,412182,66.1
2020-12-28,25.88,25.96,25.69,25.77,1387464,66.09
2020-12-29,25.91,25.92,25.51,25.63,988087,65.73
2020-12-30,25.69,26.01,25.69,25.77,1055310,66.1
2020-12-31,25.82,25.95,25.57,25.9,1944335,66.42
2021-01-04,25.93,26,25.24,25.32,2426490,64.94
2021-01-05,25.34,25.5,24.94,25.1,1681706,64.38
2021-01-06,25.51,26.16,25.41,25.96,3959826,66.59
2021-01-07,26.1,26.15,25.56,25.74,2590312,66.01
2021-01-08,26.14,26.22,25.51,25.87,5692497,66.36
2021-01-11,25.84,26.1,25.74,25.88,2179311,66.37
2021-01-12,25.9,26.4,25.85,26.22,3292976,67.25
2021-01-13,26.28,26.48,25.9,25.95,2849658,66.56
2021-01-14,26,26.04,25.58,25.74,1297181,66.01
2021-01-15,25.61,25.89,25.36,25.79,1532778,66.14
2021-01-19,25.91,25.94,25.59,25.59,1860149,65.62
2021-01-20,25.5,26.06,25.36,25.99,1620006,66.66
2021-01-21,26.03,26.28,25.89,25.96,2421540,66.59
2021-01-22,25.68,25.8,25.33,25.69,1577931,65.88
2021-01-25,25.41,25.97,25.36,25.76,2287966,66.06
2021-01-26,25.81,25.9,25.32,25.32,1963278,64.95
2021-01-27,25.09,25.47,23.98,24.03,4764624,61.64
2021-01-28,24.2,24.84,24.18,24.67,2213003,63.26
2021-01-29,24.47,24.62,24.06,24.23,2182434,62.14
2021-02-01,24.37,24.76,24.35,24.53,2830261,62.9
2021-02-02,24.72,25.15,24.69,24.93,1161938,63.95
2021-02-03,24.95,25.14,24.6,24.8,1892686,63.6
2021-02-04,24.88,25.4,24.88,25.34,1257430,64.99
2021-02-05,25.48,25.72,25.4,25.64,2472140,65.75
2021-02-08,25.71,25.85,25.62,25.78,1885576,66.11
2021-02-09,25.8,26.34,25.8,26.22,1236881,67.25
2021-02-10,26.22,26.5,26.08,26.34,2062248,67.55
2021-02-11,26.35,26.77,26.35,26.73,1886512,68.56
2021-02-12,26.71,26.94,26.2,26.47,1595504,67.88
2021-02-16,26.61,26.66,26.22,26.52,1542172,68.01
2021-02-17,26.4,26.65,26.36,26.47,1519546,67.88
2021-02-18,26.32,26.44,25.93,26.17,2170723,67.12
2021-02-19,26.26,26.64,26.18,26.47,1913859,67.88
2021-02-22,26.47,26.61,26.27,26.59,2389414,68.19
2021-02-23,26.82,27.13,26.67,26.95,1609008,69.13
2021-02-24,27.5,28.17,27.36,27.78,2736328,71.26
2021-02-25,27.92,28.05,27.2,27.21,1459224,69.78
2021-02-26,27.18,27.43,26.97,27.03,3113788,69.33
2021-03-01,27.42,27.64,27.31,27.34,2437553,70.13
2021-03-02,27.26,27.78,27.26,27.48,1653952,70.48
2021-03-03,27.5,28.23,27.41,27.87,1855986,71.49
2021-03-04,27.81,28.11,27.33,27.56,1492926,70.68
2021-03-05,27.92,28.53,27.54,28.45,1720937,72.96
2021-03-08,28.64,29.53,28.49,29.12,1238391,74.68
2021-03-09,28.83,29.32,28.3,28.95,2560162,74.14
2021-03-10,28.87,29.82,28.85,29.68,2323136,76
2021-03-11,29.43,29.95,29.22,29.68,3679285,76
2021-03-12,30.1,30.19,29.7,29.91,2071725,76.6
2021-03-15,29.89,30.17,29.71,30.1,2439949,77.08
2021-03-16,29.78,29.93,29.5,29.76,1579860,76.21
2021-03-17,29.97,30.02,29.52,29.69,3471873,76.03
2021-03-18,29.88,30.22,29.59,29.83,3407215,76.37
2021-03-19,29.59,29.8,28.9,28.95,6324243,74.12
2021-03-22,28.81,29.01,28.5,28.61,2001687,73.27
2021-03-23,28.45,28.75,28.39,28.57,1852839,73.16
2021-03-24,28.78,29.46,28.78,29.11,1596215,74.54
2021-03-25,29.12,29.54,28.84,29.4,1482041,75.27
2021-03-26,29.66,29.66,29.32,29.61,1319303,75.82
2021-03-29,29.45,29.73,29.33,29.64,995204,75.89
2021-03-30,29.71,29.9,29.54,29.81,1078830,76.32
2021-03-31,29.61,29.72,29.32,29.43,2237883,75.35
2021-04-01,29.27,29.89,29.2,29.87,2022237,76.49
2021-04-05,29.98,30.29,29.95,30.15,1354788,77.21
2021-04-06,30.18,30.45,30.08,30.43,1370920,77.93
2021-04-07,30.72,30.98,30.41,30.69,2369290,78.58
2021-04-08,30.55,30.92,30.53,30.77,1564395,78.78
2021-04-09,31.06,31.18,30.82,31.09,1405662,79.62
2021-04-12,31.09,31.15,30.85,31.07,1992552,79.55
2021-04-13,30.97,30.97,30.56,30.74,1552380,78.72
2021-04-14,30.73,31.08,30.61,31.04,1611315,79.49
2021-04-15,31.08,31.23,30.93,31.01,1524084,79.41
2021-04-16,31.24,31.36,30.97,31.21,2492158,79.91
2021-04-19,31.29,31.54,31.29,31.54,202153,80.76
2021-04-20,31.29,31.65,31.2,31.5,1554000,80.67
2021-04-21,31.85,31.93,31.05,31.46,2588370,80.56
2021-04-22,31.38,31.51,31.14,31.42,1711921,80.46
2021-04-23,31.48,31.94,31.38,31.77,1144372,81.36
2021-04-26,31.84,32.12,31.33,31.41,1336119,80.44
2021-04-27,31.38,31.56,31.14,31.47,1528816,80.57
2021-04-28,31.47,31.48,30.61,30.81,2153526,78.89
2021-04-29,30.98,31.23,30.83,31.09,1757727,79.61
2021-04-30,31.09,31.25,30.91,31.13,1862826,79.72
2021-05-03,31.36,31.77,31.2,31.44,1973373,80.51
2021-05-04,31.39,31.58,31.16,31.53,1246484,80.74
2021-05-05,31.49,31.57,30.84,31.39,2069149,80.39
2021-05-06,31.54,31.66,31.18,31.58,1704451,80.87
2021-05-07,31.24,31.83,31.16,31.81,2054243,81.45
2021-05-10,31.98,32.19,31.56,31.59,1466102,80.88
2021-05-11,31.57,31.6,30.78,30.89,1350009,79.09
2021-05-12,31.03,31.03,30.26,30.38,1769557,77.79
2021-05-13,30.22,31.15,30.18,31.02,1151014,79.42
2021-05-14,31.11,31.52,31.07,31.43,1308116,80.49
2021-05-17,31.36,31.36,30.94,31.01,1470512,79.41
2021-05-18,30.87,31.1,30.63,30.72,2006626,78.65
2021-05-19,30.53,30.79,30.1,30.76,2276712,78.76
2021-05-20,30.82,30.88,30.53,30.66,1538169,78.5
2021-05-21,30.75,30.96,30.47,30.6,1873192,78.36
2021-05-24,30.68,30.73,30.54,30.56,1873779,78.24
2021-05-25,30.51,30.65,29.91,30,2180306,76.81
2021-05-26,30.19,30.19,29.84,29.91,1872141,76.58
2021-05-27,29.98,30.25,29.88,30.23,4403117,77.4
2021-05-28,30.39,30.57,30.23,30.46,2042973,77.99
2021-06-01,30.67,30.79,30.31,30.34,1710585,77.7
2021-06-02,30.35,30.35,30.04,30.05,2361001,76.95
2021-06-03,29.91,30.24,29.71,30.17,2296770,77.25
2021-06-04,30.14,30.23,29.91,30.19,1289279,77.3
2021-06-07,30.17,30.17,29.55,29.56,1758051,75.69
2021-06-08,29.5,29.7,29.37,29.64,2153954,75.89
2021-06-09,29.51,29.52,29.34,29.47,1635790,75.45
2021-06-10,29.64,29.77,29.4,29.43,2416632,75.35
2021-06-11,29.47,29.66,29.47,29.66,2252614,75.95
2021-06-14,29.59,29.67,29.34,29.46,981873,75.44
2021-06-15,29.5,29.93,29.27,29.7,1550004,76.05
2021-06-16,29.79,30.01,29.67,29.74,1942962,76.14
2021-06-17,29.8,29.8,29.22,29.24,2096084,74.87
2021-06-18,28.84,28.92,28.4,28.41,3244317,72.74
2021-06-21,28.59,29.06,28.56,29.04,1541331,74.35
2021-06-22,29.17,29.18,28.88,28.99,1456173,74.24
2021-06-23,28.9,29.01,28.71,28.75,1575585,73.63
2021-06-24,28.92,29.28,28.8,29.12,2490421,73.93
2021-06-25,29.14,29.49,29.05,29.42,2073485,74.69
2021-06-28,29.37,29.37,28.92,29.22,1781383,74.17
2021-06-29,29.32,29.37,29.13,29.22,1033101,74.19
2021-06-30,29.23,29.39,29.11,29.32,1785939,74.43
2021-07-01,29.49,30.05,29.35,29.92,1529982,75.96
2021-07-02,29.83,29.99,29.74,29.92,1307405,75.97
2021-07-06,29.87,29.93,29.43,29.87,1295322,75.82
2021-07-07,29.67,30.17,29.61,30.09,1603329,76.38
2021-07-08,29.72,29.76,29.08,29.18,1852206,74.07
2021-07-09,29.67,29.82,29.54,29.79,1300693,75.62
2021-07-12,29.55,30.08,29.49,30.04,1346384,76.27
2021-07-13,29.88,30.06,29.5,29.57,1289292,75.08
2021-07-14,29.6,29.83,29.47,29.71,1126849,75.42
2021-07-15,29.44,30.24,29.44,30.12,1602463,76.47
2021-07-16,30.22,30.4,30.08,30.22,1665468,76.73
2021-07-19,29.71,29.83,28.99,29.22,1586792,74.18
2021-07-20,29.33,30.18,29.31,29.88,1870679,75.85
2021-07-21,30.11,30.59,29.81,30.13,1165299,76.5
2021-07-22,29.99,30.16,29.6,29.63,1716520,75.21
2021-07-23,29.73,30.2,29.14,29.47,2181141,74.81
2021-07-26,29.46,29.68,29.25,29.37,1804410,74.55
2021-07-27,29.16,29.53,29,29.26,1364256,74.27
2021-07-28,29.37,29.49,28.53,28.73,2087055,72.94
2021-07-29,28.95,29.08,28.76,28.98,1086975,73.56
2021-07-30,28.87,29.06,28.73,28.82,2064521,73.17
2021-08-02,28.96,29.1,28.66,28.69,1889309,72.83
2021-08-03,28.77,28.77,28.33,28.58,1476542,72.55
2021-08-04,28.32,28.67,28.31,28.34,2284035,71.95
2021-08-05,28.37,28.64,28.26,28.62,1938570,72.66
2021-08-06,28.9,29.11,28.82,28.94,1876452,73.47
2021-08-09,29,29.03,28.76,28.94,1680599,73.46
2021-08-10,28.81,29.18,28.76,28.8,1412433,73.12
2021-08-11,28.84,29.17,28.79,29.16,1534218,74.03
2021-08-12,29.18,29.18,28.91,29.09,1198388,73.84
2021-08-13,29.21,29.4,29.07,29.37,1347374,74.56
2021-08-16,29.13,29.5,29.07,29.31,1140356,74.41
2021-08-17,29.05,29.71,29.02,29.43,1299854,74.72
2021-08-18,29.34,29.57,29.17,29.18,1010119,74.08
2021-08-19,29.57,29.88,29.2,29.77,1697679,75.57
2021-08-20,29.82,30.29,29.76,30.09,1885101,76.38
2021-08-23,30.12,30.25,29.94,29.96,1376570,76.06
2021-08-24,29.98,30.11,29.85,29.91,1351773,75.92
2021-08-25,29.93,30.21,29.85,30.01,1326352,76.19
2021-08-26,30.02,30.06,29.59,29.59,1225491,75.12
2021-08-27,29.65,30,29.62,29.99,1271328,76.14
2021-08-30,30,30.01,29.59,29.61,809570,75.17
2021-08-31,29.54,29.91,29.52,29.66,1749143,75.31
2021-09-01,29.75,29.77,29.32,29.61,1121735,75.17
2021-09-02,29.66,29.71,29.38,29.69,1151338,75.37
2021-09-03,29.54,29.63,29.22,29.33,1000518,74.45
2021-09-07,29.26,29.35,28.87,28.88,1640020,73.33
2021-09-08,28.83,29.27,28.68,29.24,1681643,74.22
2021-09-09,29.22,29.66,28.77,28.77,1593330,73.05
2021-09-10,28.89,29,28.24,28.25,1724760,71.73
2021-09-13,28.46,28.71,28.35,28.55,1683650,72.48
2021-09-14,28.6,28.63,28.14,28.2,1834436,71.47
2021-09-15,28.03,28.37,28.03,28.29,1926301,71.69
2021-09-16,28.41,28.59,28.22,28.48,2043762,72.17
2021-09-17,28.34,28.56,28.29,28.49,5147860,72.19
2021-09-20,28.34,28.36,27.9,28.26,2421047,71.62
2021-09-21,28.46,28.55,28.25,28.3,1837008,71.72
2021-09-22,28.51,28.67,28.37,28.53,1285917,72.29
2021-09-23,28.78,29.02,28.71,28.77,1498396,72.9
2021-09-24,28.7,29.04,28.7,28.93,1499427,73.31
2021-09-27,29.12,29.32,28.98,29,1044524,73.48
2021-09-28,28.93,29.06,28.59,28.64,1722998,72.57
2021-09-29,28.63,29.12,28.53,28.99,1444959,73.46
2021-09-30,29.2,29.32,28.87,28.88,2550784,73.18
2021-10-01,29,29.6,28.57,29.37,1570221,74.42
2021-10-04,29.36,29.77,29.1,29.19,1876887,73.97
2021-10-05,29.28,29.87,29.1,29.7,1204033,75.27
2021-10-06,29.48,30.27,29.36,30.24,1787906,76.63
2021-10-07,30.37,30.95,30.37,30.57,1781577,77.46
2021-10-08,30.53,30.78,30.39,30.44,1528051,77.15
2021-10-11,30.55,30.78,30.2,30.21,1130123,76.56
2021-10-12,30.21,30.53,30.14,30.17,1164631,76.46
2021-10-13,30.06,30.1,29.56,30.03,1440038,76.11
2021-10-14,30.21,30.6,30.13,30.58,1238575,77.49
2021-10-15,30.84,30.91,30.67,30.69,1128496,77.78
2021-10-18,30.58,30.6,30.09,30.15,1465267,76.4
2021-10-19,30.57,30.68,30.44,30.57,1344312,77.47
2021-10-20,30.43,31.01,30.43,30.97,1129662,78.48
2021-10-21,30.92,31.28,30.81,31.13,1325072,78.89
2021-10-22,31.79,32.65,31.53,32.46,3313743,82.26
2021-10-25,32.59,32.59,32.33,32.33,346720,81.94
2021-10-26,32.39,32.47,32.2,32.3,1015141,81.85
2021-10-27,32.35,32.45,31.66,31.67,1804203,80.26
2021-10-28,31.83,32.09,31.68,31.94,1006094,80.93
2021-10-29,31.96,31.98,31.29,31.41,1760701,79.6
2021-11-01,31.48,31.6,31.27,31.59,1207833,80.06
2021-11-02,31.7,32.27,31.6,32.21,1371384,81.62
2021-11-03,32.21,32.51,32.04,32.2,1378696,81.6
2021-11-04,32.08,32.09,31.21,31.33,1478065,79.39
2021-11-05,31.56,31.95,31.43,31.8,1318560,80.58
2021-11-08,32.08,32.23,31.86,32.13,1295588,81.42
2021-11-09,32,32.17,31.75,32.09,1141294,81.32
2021-11-10,32.13,32.33,32.02,32.1,1289830,81.34
2021-11-11,32.06,32.21,31.86,32.08,870900,81.3
2021-11-12,32.06,32.22,31.76,32.05,1452071,81.23
2021-11-15,32.14,32.24,31.8,31.9,1628959,80.84
2021-11-16,32.03,32.38,31.79,32.01,1891134,81.11
2021-11-17,31.9,32.3,31.43,32.22,1951749,81.66
2021-11-18,32.33,32.5,32.02,32.31,1282792,81.88
2021-11-19,32.22,32.22,31.66,31.68,1182899,80.29
2021-11-22,31.82,32.89,31.64,32.56,1820128,82.51
2021-11-23,32.93,33.51,32.93,33.34,2291919,84.5
2021-11-24,33.3,33.36,32.62,32.95,1999885,83.5
2021-11-26,32,32.21,31.36,31.75,1580980,80.47
2021-11-29,32.1,32.1,31.34,31.36,1331257,79.47
2021-11-30,31.03,31.2,30.14,30.24,5078526,76.64
2021-12-01,30.75,31.07,29.86,29.88,1653932,75.71
2021-12-02,30.14,31.31,29.97,31.12,2090675,78.85
2021-12-03,31.12,31.19,30.48,30.67,1605285,77.72
2021-12-06,31.19,31.83,31.14,31.52,1431357,78.71
2021-12-07,31.65,32.09,31.64,31.94,1843344,79.77
2021-12-08,31.89,32.22,31.78,31.99,1072782,79.9
2021-12-09,32.12,32.15,31.52,31.95,1846761,79.78
2021-12-10,32.22,32.44,32.03,32.41,1195364,80.94
2021-12-13,32.37,32.5,31.96,32.28,1332821,80.62
2021-12-14,32.37,32.97,32.13,32.63,2111969,81.48
2021-12-15,32.74,32.85,32.43,32.7,1493912,81.67
2021-12-16,33.15,33.29,32.81,32.88,1991992,82.12
2021-12-17,32.8,32.81,32.17,32.19,4692546,80.4
2021-12-20,31.87,31.95,31.17,31.53,1764238,78.75
2021-12-21,31.83,32.22,31.59,31.85,1951211,79.54
2021-12-22,31.73,32.02,31.67,31.89,1480963,79.65
2021-12-23,32.08,32.34,31.95,32.1,1065231,80.17
2021-12-27,32.11,32.64,32.02,32.58,856289,81.36
2021-12-28,32.52,33.06,32.52,32.82,1035414,81.97
2021-12-29,32.87,33.23,32.87,33.04,1065271,82.52
2021-12-30,33.16,33.25,32.62,32.65,962964,81.53
2021-12-31,32.64,33.18,32.64,32.99,1656783,82.39
2022-01-03,33.12,33.18,32.28,32.54,1221637,81.26
2022-01-04,32.81,33.24,32.71,33.02,1782216,82.47
2022-01-05,33.26,33.27,32.65,32.66,1505425,81.55
2022-01-06,33.34,33.36,32.97,33.21,1409312,82.94
2022-01-07,33.21,33.96,33.21,33.87,1515728,84.58
2022-01-10,34.04,34.13,33.58,33.79,1698005,84.39
2022-01-11,33.92,34.08,33.41,34.06,1558307,85.06
2022-01-12,34.04,34.3,33.84,34.24,1494996,85.51
2022-01-13,34.41,34.87,34.29,34.53,1844266,86.24
2022-01-14,34.13,34.35,33.89,34.27,1484786,85.59
2022-01-18,34.14,34.23,33.69,33.93,1475966,84.73
2022-01-19,34.02,34.08,33.03,33.05,1149972,82.53
2022-01-20,33.12,34.22,33.12,33.36,1915863,83.3
2022-01-21,33.37,33.73,32.99,33.05,1940148,82.54
2022-01-24,32.78,33.38,32.26,33.38,525838,83.36
2022-01-25,32.88,33.39,32.3,33.02,2669796,82.47
2022-01-26,33.04,33.51,32.9,32.98,1348479,82.36
2022-01-27,33.22,33.88,32.54,32.57,2251921,81.34
2022-01-28,33.24,34.41,33.04,33.9,5684496,84.66
2022-01-31,33.54,34.01,33.47,33.84,7834115,84.5
2022-02-01,33.69,34.56,33.69,34.35,3452231,85.79
2022-02-02,34.38,35.26,34.33,35.14,3770754,87.76
2022-02-03,35.49,35.79,35.25,35.61,3015468,88.94
2022-02-04,35.55,36.21,35.48,35.94,2918207,89.76
2022-02-07,36.05,36.64,35.96,36.36,2539777,90.81
2022-02-08,36.57,37.25,36.4,37.16,2954709,92.8
2022-02-09,37.31,37.56,36.92,37.09,2689238,92.62
2022-02-10,36.88,37.28,36.48,36.82,2733117,91.94
2022-02-11,36.63,36.81,35.92,36.03,2786305,89.97
2022-02-14,36.05,36.16,35.41,35.83,2666387,89.49
2022-02-15,36.2,36.53,35.89,36.08,1617918,90.11
2022-02-16,35.91,36.5,35.91,36.42,2013891,90.95
2022-02-17,36.23,36.23,35.56,35.94,1256850,89.76
2022-02-18,35.83,36.3,35.76,36.23,1924544,90.47
2022-02-22,36.24,36.66,35.84,36.22,2032593,90.44
2022-02-23,36.56,36.57,35.75,35.78,2103102,89.35
2022-02-24,34.93,35.18,34.21,35.1,2428022,87.65
2022-02-25,35.33,36.56,35.33,36.52,1526217,91.19
2022-02-28,35.5,36.32,35.46,36.16,2119970,90.3
2022-03-01,35.95,36.1,35.04,35.31,1699220,88.18
2022-03-02,35.6,36.48,35.6,36.26,1494929,90.54
2022-03-03,36.36,36.68,35.96,36.19,1733535,90.37
2022-03-04,35.55,36.08,35.25,36.08,1638623,90.09
2022-03-07,35.68,35.97,35.36,35.6,1707255,88.9
2022-03-08,35.88,35.88,35.78,35.78,255975,89.23
2022-03-09,36.71,37.11,36.28,36.77,2984062,91.68
2022-03-10,36.38,37.33,36.34,37.22,1855757,92.81
2022-03-11,37.39,38.2,37.38,37.86,2177340,94.4
2022-03-14,38.31,38.68,37.38,37.57,2368640,93.68
2022-03-15,37.98,38.25,37.62,38.1,2717012,95
2022-03-16,38.34,38.36,37.21,37.71,2860713,94.04
2022-03-17,37.45,38.2,37.23,38.19,2074266,95.24
2022-03-18,38.17,38.56,37.63,38.5,4630774,96
2022-03-21,39,39.35,38.6,39.29,1789274,97.97
2022-03-22,39.53,39.9,39.2,39.63,2065050,98.83
2022-03-23,39.55,39.97,39.24,39.28,1633169,97.95
2022-03-24,38.88,39.57,38.8,39.3,2342322,65.34
2022-03-25,39.41,39.77,39.3,39.69,2167480,65.98
2022-03-28,39.7,39.91,39.5,39.86,1837038,66.26
2022-03-29,40.07,40.3,39.74,40.15,3363010,66.75
2022-03-30,40.22,40.38,40,40.35,2421165,67.08
2022-03-31,40.3,40.62,39.92,40.06,5125432,66.59
2022-04-01,40.25,40.65,40.12,40.49,1844710,67.31
2022-04-04,40.4,40.4,39.43,39.68,2222392,65.96
2022-04-05,39.65,40.31,39.65,39.95,2510343,66.42
2022-04-06,39.94,40.5,39.89,40.18,1904332,66.8
2022-04-07,40.21,40.62,39.92,40.46,1907682,67.27
2022-04-08,40.8,41,40.5,40.72,2160013,67.7
2022-04-11,40.75,41.19,40.5,40.58,1788738,67.46
2022-04-12,40.7,41.47,40.58,41.22,2736210,68.52
2022-04-13,41.04,41.43,40.62,41.1,2208859,68.33
2022-04-14,41.1,41.29,40.83,41.04,12880473,68.22
2022-04-18,40.72,41.78,40.67,41.76,2986228,69.43
2022-04-19,41.78,41.91,41.29,41.63,3043821,69.2
2022-04-20,41.88,42.87,41.77,42.74,2180098,71.05
2022-04-21,42.85,43.03,41.71,41.82,3043884,69.52
2022-04-22,41.73,41.73,40.85,40.89,2229015,67.97
2022-04-25,40.7,40.9,40.03,40.84,4377903,67.9
2022-04-26,41.08,41.83,40.26,40.48,3541545,67.29
2022-04-27,40.66,41.55,40.36,40.99,3564955,68.15
2022-04-28,41.25,41.44,40.73,41.36,2734996,68.75
2022-04-29,41.21,41.26,39.85,40,5479236,66.49
2022-05-02,40.31,40.5,39.16,39.82,3597384,66.19
2022-05-03,40.1,40.75,39.72,40.46,2633199,67.26
2022-05-04,40.57,41.64,40.47,41.51,2691643,69.01
2022-05-05,41.19,41.52,40.43,40.94,1952137,68.06
2022-05-06,40.81,41.54,40.48,41.37,2072383,68.78
2022-05-09,41.15,41.26,40.35,40.44,3032578,67.23
2022-05-10,40.65,41.03,39.57,39.91,3738334,66.35
2022-05-11,39.97,40.84,39.87,40.1,2522374,66.66
2022-05-12,40.06,40.33,39.4,39.91,3165709,66.35
2022-05-13,40.18,40.54,39.91,40.5,3053593,67.33
2022-05-16,40.6,41.1,40.42,40.68,2773203,67.63
2022-05-17,41.16,41.73,40.83,41.55,2820999,69.08
2022-05-18,41.38,41.49,40.75,40.85,2266264,67.91
2022-05-19,40.39,40.65,39.17,39.88,2934645,66.29
2022-05-20,40.03,40.33,39.42,39.99,9263982,66.48
2022-05-23,40.5,41.17,40.15,40.81,2650324,67.84
2022-05-24,40.88,41.45,40.21,41.36,2450829,68.76
2022-05-25,41.04,41.67,41.04,41.51,2069061,69.01
2022-05-26,41.85,42.37,41.71,42.17,1988505,70.11
2022-05-27,42.23,42.59,42.1,42.59,2116212,70.8
2022-05-31,42.31,42.96,41.98,42.79,3380223,71.13
2022-06-01,42.74,43.06,41.67,42.51,2256310,70.67
2022-06-02,42.58,42.68,42.15,42.65,2182534,70.9
2022-06-03,42.46,42.64,42.36,42.47,1639453,70.61
2022-06-06,42.83,43.19,42.5,43.05,1304871,71.56
2022-06-07,42.86,43.5,42.72,43.47,1656444,72.27
2022-06-08,43.23,43.23,42.67,42.72,1399269,71.02
2022-06-09,42.73,42.85,41.88,41.9,1393065,69.65
2022-06-10,41.28,41.54,40.84,41.06,1562949,68.26
2022-06-13,40.36,40.66,39.66,39.88,2093781,66.3
2022-06-14,39.98,40.55,39.79,40.15,2227317,66.74
2022-06-15,40.5,41.1,39.94,40.31,2233617,67.01
2022-06-16,39.74,40.1,39.32,39.88,2790778,66.3
2022-06-17,39.97,40.45,39.57,40.19,6128701,66.82
2022-06-21,40.92,40.92,40.2,40.62,2695690,67.53
2022-06-22,40.11,40.59,39.88,40.26,2441896,66.93
2022-06-23,40.45,40.8,39.47,39.67,2365017,65.95
2022-06-24,39.94,41.36,39.74,41.3,4754164,68.03
2022-06-27,41.36,42.06,41.21,42,2171956,69.19
2022-06-28,42.32,42.75,41.76,41.94,2235124,69.09
2022-06-29,42.06,42.23,40.83,40.91,2171332,67.39
2022-06-30,40.51,41.6,40.25,41.44,2838634,68.26
2022-07-01,41.6,42.2,41.07,42.11,1918308,69.36
2022-07-05,41.61,42.07,40.75,41.16,2306250,67.81
2022-07-06,41.22,41.57,40.76,41.26,2652928,67.97
2022-07-07,41.48,41.85,40.99,41.01,2671182,67.55
2022-07-08,41.19,41.63,40.84,40.86,2012721,67.31
2022-07-11,40.73,41.15,40.55,40.84,2101824,67.28
2022-07-12,40.44,40.95,39.94,40.05,1879201,65.98
2022-07-13,39.78,40.31,39.77,39.83,2006413,65.62
2022-07-14,38.99,39.23,37.46,37.77,2766136,62.22
2022-07-15,38.34,38.55,37.89,38.26,2454114,63.03
2022-07-18,38.41,38.63,37.66,37.76,2455065,62.21
2022-07-19,38.04,38.89,37.95,38.82,2243404,63.95
2022-07-20,38.71,38.91,38.42,38.65,2359390,63.67
2022-07-21,38.5,39.12,37.91,39.08,2636944,64.38
2022-07-22,38.51,38.97,37.78,38.03,3004557,62.65
2022-07-25,38.52,39.16,38.48,38.69,2289847,63.73
2022-07-26,38.84,38.98,38.41,38.58,1983172,63.55
2022-07-27,38.61,38.89,38.14,38.64,2456197,63.65
2022-07-28,38.66,38.74,37.11,37.52,2540428,61.8
2022-07-29,37.64,38.17,37.64,37.96,3759319,62.53
2022-08-01,37.62,37.73,36.99,37.29,2774608,61.42
2022-08-02,37.33,37.56,37.06,37.1,1876249,61.11
2022-08-03,37.33,37.76,36.96,37.72,3093772,62.14
2022-08-04,37.61,37.79,37.1,37.14,2218548,61.18
2022-08-05,37.18,37.62,37.18,37.53,1683862,61.83
2022-08-08,37.64,37.89,37.53,37.67,1822192,62.05
2022-08-09,37.84,38.31,37.71,38.23,1897599,62.98
2022-08-10,38.41,38.94,38.41,38.91,1805233,64.09
2022-08-11,39.15,39.69,39.05,39.6,2090473,65.24
2022-08-12,39.65,40.03,39.6,40.02,1310253,65.93
2022-08-15,39.63,40.37,39.49,40.24,1230081,66.28
2022-08-16,40.24,40.59,40.17,40.43,1623081,66.6
2022-08-17,40.24,41.34,40.22,41.31,2402580,68.05
2022-08-18,41.33,41.58,41.02,41.33,1071354,68.09
2022-08-19,41.3,41.39,40.93,41.03,2072710,67.59
2022-08-22,40.68,40.68,39.81,39.88,1485897,65.69
2022-08-23,39.96,40.05,39.68,39.76,984996,65.49
2022-08-24,39.63,40.47,39.53,40.25,2064192,66.31
2022-08-25,40.45,40.98,40.17,40.96,1428993,67.48
2022-08-26,41.12,41.26,40.39,40.39,1705876,66.54
2022-08-29,40.08,40.41,39.71,40.16,1384887,66.15
2022-08-30,40.07,40.07,39.52,39.6,1226212,65.24
2022-08-31,39.66,39.91,39.25,39.34,2619252,64.8
2022-09-01,39.18,39.56,38.95,39.45,1583212,64.98
2022-09-02,39.6,40.3,39.12,39.32,1614441,64.77
2022-09-06,39.65,40.3,39.57,39.88,3157944,65.7
2022-09-07,39.77,40.67,39.71,40.59,1488175,66.86
2022-09-08,40.44,41.32,40.39,41.29,1304875,68.01
2022-09-09,41.46,41.65,41.05,41.05,1799545,67.63
2022-09-12,41.24,41.56,41.07,41.29,1520473,68.01
2022-09-13,40.77,41.13,40.43,40.5,1643775,66.72
2022-09-14,40.52,41.09,40.44,40.85,2201616,67.3
2022-09-15,40.93,41.41,40.76,41.13,1830193,67.75
2022-09-16,40.92,41.02,40.29,40.64,5599434,66.94
2022-09-19,40.32,41.07,40.25,41.01,1359511,67.56
2022-09-20,40.64,40.76,39.83,40.3,1193506,66.38
2022-09-21,40.49,40.6,39.43,39.46,1144590,65.01
2022-09-22,39.51,39.51,38.77,39.12,1201269,64.44
2022-09-23,38.84,39.07,38.43,38.81,2123812,63.84
2022-09-26,38.45,38.58,37.14,37.43,2013870,61.56
2022-09-27,37.68,38.14,37.43,38.04,2297977,62.57
2022-09-28,38.2,38.81,37.98,38.58,1525089,63.45
2022-09-29,38.44,39.76,38.06,39.63,3364918,65.18
2022-09-30,39.76,40.01,39.22,39.26,2800519,64.58
2022-10-03,39.61,40.63,39.05,40.36,1982073,66.39
2022-10-04,40.63,41.49,40.58,41.44,2292474,68.16
2022-10-05,41.19,41.63,41.17,41.33,1471287,67.98
2022-10-06,41.14,41.43,41.04,41.22,1223934,67.79
2022-10-07,40.96,41.06,40.41,40.69,2223685,66.92
2022-10-10,40.89,41.34,40.75,41.09,1664404,67.59
2022-10-11,41.03,41.96,41.03,41.38,1875310,68.06
2022-10-12,41.35,41.66,41.1,41.42,2465974,68.12
2022-10-13,40.89,43.6,40.6,43.47,2352126,71.49
2022-10-14,43.67,44.1,42.55,42.62,2063259,70.1
2022-10-17,43.03,43.56,42.95,43.35,2209920,71.3
2022-10-18,43.96,44.18,43.09,43.65,2296405,71.8
2022-10-19,43.65,44.13,43,43.45,3136915,71.46
2022-10-20,43.02,43.14,42.52,42.72,1780771,70.26
2022-10-21,42.96,43.53,42.69,43.38,4149318,71.35
2022-10-24,43.78,44.51,43.67,44.12,3112452,72.57
2022-10-25,42.18,42.72,41.12,41.99,4321401,69.07
2022-10-26,42.58,42.67,41.78,42.56,3348211,70
2022-10-27,42.92,43.62,42.78,43.26,3132640,71.15
2022-10-28,43.66,44.74,43.35,44.55,2132865,73.27
2022-10-31,44.29,45.42,44.27,45.22,3276006,74.38
2022-11-01,45.39,45.91,45.14,45.78,2367754,75.29
2022-11-02,45.53,46.24,45,45.19,3500760,74.33
2022-11-03,45,46.22,44.68,45.36,1899717,74.6
2022-11-04,45.75,45.9,44.9,45.53,1468782,74.88
2022-11-07,45.58,45.76,45.08,45.35,1542949,74.59
2022-11-08,45.23,45.58,44.39,45.33,1513404,74.56
2022-11-09,45.3,45.62,44.64,44.75,1209664,73.61
2022-11-10,45.72,45.75,44.38,44.56,2231470,73.29
2022-11-11,44.99,45.2,41.98,42.42,4139716,69.77
2022-11-14,42.62,42.62,41.71,41.72,3194322,68.62
2022-11-15,42.01,42.24,41.57,42.02,2871435,69.11
2022-11-16,42.07,43.92,42.07,43.63,2542026,71.76
2022-11-17,43.22,43.89,42.92,43.74,1897420,71.94
2022-11-18,44.2,44.65,43.87,44.58,2413297,73.33
2022-11-21,44.7,45.75,44.7,45.1,2082303,74.17
2022-11-22,45.42,45.72,44.83,45.09,1157446,74.16
2022-11-23,44.99,45.36,44.99,45.22,859600,74.38
2022-11-25,45.43,45.82,45.31,45.72,677635,75.19
2022-11-28,45.5,45.82,45.37,45.47,1266453,74.79
2022-11-29,45.44,45.77,45.27,45.62,878275,75.04
2022-11-30,45.44,46.44,45.06,46.38,3528954,76.28
2022-12-01,46.63,46.81,45.56,45.79,1570588,75.31
2022-12-02,45.5,46.13,45.42,46.01,1142197,75.67
2022-12-05,45.64,45.68,44.84,45.19,927708,74.33
2022-12-06,45.31,45.85,45.31,45.85,1134480,75.41
2022-12-07,45.71,46.01,45.14,45.39,2455023,74.65
2022-12-08,45.62,45.94,45.13,45.26,1531093,74.44
2022-12-09,45.23,45.58,44.71,44.72,1564180,73.56
2022-12-12,44.77,45.28,44.46,45.13,2060422,74.22
2022-12-13,45.6,45.75,44.32,44.43,2309623,73.08
2022-12-14,44.45,44.75,44.09,44.38,1636900,72.99
2022-12-15,44.06,44.27,43.6,43.81,1627953,72.05
2022-12-16,43.47,44.13,43.31,43.87,4997662,72.05
2022-12-19,43.89,44.35,43.15,43.55,1765872,71.53
2022-12-20,43.85,44.5,43.8,44.37,1624027,72.87
2022-12-21,44.74,45.03,44.43,44.98,2361325,73.87
2022-12-22,44.93,45.2,43.92,44.43,1669509,72.98
2022-12-23,44.48,44.79,44.31,44.72,964101,73.45
2022-12-27,44.83,45.24,44.6,45,1358826,73.91
2022-12-28,45.19,45.21,44.32,44.32,830524,72.8
2022-12-29,44.49,44.98,44.27,44.59,852490,73.24
2022-12-30,44.41,44.59,43.78,44.18,1386135,72.57
2023-01-03,44.12,44.4,43.49,44.19,1739383,72.58
2023-01-04,44.35,44.62,43.85,44.04,2352388,72.34
2023-01-05,44.01,44.25,43.4,43.76,2379913,71.88
2023-01-06,44.18,45.33,44.03,45.23,1845277,74.29
2023-01-09,45.23,45.29,44.2,44.43,1947042,72.98
2023-01-10,44.7,44.97,44.33,44.66,1207399,73.35
2023-01-11,44.62,44.81,44.22,44.42,1351252,72.96
2023-01-12,44.57,45.05,44.22,44.77,1601923,73.03
2023-01-13,44.57,45.08,44.33,44.97,1131726,73.36
2023-01-17,44.97,44.97,43.7,44.02,1596984,71.81
2023-01-18,43.96,44.05,43.48,43.53,2279553,71
2023-01-19,43.44,43.54,42.73,42.79,1893244,69.8
2023-01-20,42.9,42.92,41.83,42.86,2840254,69.92
2023-01-23,42.99,43.31,42.75,43.12,1430724,70.33
2023-01-24,43.12,46.3,42.59,43.39,1565142,70.78
2023-01-25,43.34,43.91,43.24,43.78,1237996,71.42
2023-01-26,43.81,44.03,43.49,43.72,1447935,71.32
2023-01-27,43.83,44.04,42.29,42.43,2488059,69.22
2023-01-30,42.73,43.02,42.3,42.78,3683805,69.78
2023-01-31,42.92,43.02,42.38,43,1677942,70.14
2023-02-01,42.4,42.67,41.96,42.35,1931683,69.08
2023-02-02,42.26,42.26,40.6,40.82,4796749,66.59
2023-02-03,41.02,41.28,40.42,40.99,3133108,66.87
2023-02-06,40.98,41.92,40.89,41.88,2214382,68.31
2023-02-07,41.73,42.81,41.67,42.71,1828374,69.67
2023-02-08,42.56,43.12,42.43,42.43,1769158,69.22
2023-02-09,42.6,43.06,42.01,42.01,2157472,68.53
2023-02-10,42.1,42.23,41.75,41.8,1352919,68.19
2023-02-13,42.02,42.36,41.82,41.97,1846837,68.46
2023-02-14,42.04,42.26,41.1,41.11,2044399,67.06
2023-02-15,41.15,41.54,41.04,41.28,1317669,67.34
2023-02-16,41.08,41.4,40.83,40.98,1461858,66.85
2023-02-17,40.98,41.51,40.95,41.16,3295704,67.14
2023-02-21,41.13,41.16,40.67,40.94,1918057,66.78
2023-02-22,41.17,41.26,40.8,40.83,1274620,66.6
2023-02-23,40.89,41.17,40.38,40.63,1546062,66.27
2023-02-24,40.23,40.82,40.18,40.68,2446090,66.35
2023-02-27,40.69,41.01,40.46,40.64,1450983,66.29
2023-02-28,40.82,40.98,40.48,40.58,2501739,66.19
2023-03-01,40.36,41.26,40.34,41.23,2058066,67.25
2023-03-02,41.09,41.31,40.66,41.28,2394339,67.34
2023-03-03,41.17,41.52,40.8,41.4,2167444,67.54
2023-03-06,41.42,41.53,40.8,41.04,1508124,66.94
2023-03-07,41.06,41.12,40.27,40.48,1895758,66.03
2023-03-08,40.47,40.71,39.74,39.98,3041289,65.11
2023-03-09,40.09,40.09,39.03,39.24,2078464,63.91
2023-03-10,38.94,39.2,38.41,38.47,3050695,62.66
2023-03-13,37.76,37.85,36.83,36.98,2881434,60.23
2023-03-14,37.51,37.78,36.91,37.56,2232835,61.18
2023-03-15,37.11,37.5,36.53,37.02,5244291,60.3
2023-03-16,36.92,38.72,36.83,38.63,4861008,62.91
2023-03-17,38.43,38.43,37.43,37.45,7300707,61
2023-03-20,37.7,38.3,37.63,37.88,3524191,61.69
2023-03-21,38.53,38.88,38.31,38.37,2327823,62.5
2023-03-22,38.39,38.51,37.47,37.48,1976410,61.05
2023-03-23,37.45,37.49,36.68,36.82,1634643,59.97
2023-03-24,36.43,36.97,36.18,36.86,1621050,60.03
2023-03-27,37.38,37.8,37.16,37.56,1873171,61.17
2023-03-28,37.4,37.86,37.27,37.72,1668580,61.43
2023-03-29,38.07,38.15,37.72,38.06,1958992,61.99
2023-03-30,38.11,38.11,37.65,38.07,1265328,62
2023-03-31,38.4,38.4,38.03,38.23,3175050,62.26
2023-04-03,38.35,38.93,38.16,38.58,2485837,62.84
2023-04-04,38.68,38.7,37.78,38.32,1270843,62.41
2023-04-05,38.17,38.66,38.12,38.47,1618671,62.65
2023-04-06,38.66,39.18,38.42,38.74,1966608,63.1
2023-04-10,38.67,38.89,38.55,38.67,1717854,62.99
2023-04-11,38.68,38.92,38.55,38.74,1436383,63.1
2023-04-12,38.67,38.95,38.29,38.58,2392080,62.84
2023-04-13,38.25,38.61,37.91,38.47,2239896,62.66
2023-04-14,38.64,38.82,37.53,37.75,2180284,61.48
2023-04-17,37.76,38.37,37.53,38.37,1694313,62.5
2023-04-18,38.43,38.82,38.28,38.64,1817275,62.94
2023-04-19,38.77,38.83,38.43,38.58,2332813,62.83
2023-04-20,38.66,38.96,38.18,38.9,3935460,63.36
2023-04-21,36.35,36.38,34.41,35.32,12002580,57.52
2023-04-24,35.55,36.49,35.32,35.54,5800249,57.88
2023-04-25,35.36,36.14,35.25,35.38,3564181,57.63
2023-04-26,35.26,35.96,34.78,35.22,3563989,57.36
2023-04-27,34.95,35.62,34.92,35.49,3213073,57.8
2023-04-28,35.48,36.26,35.27,36.18,4171516,58.92
2023-05-01,36.15,36.72,35.94,36.67,3095244,59.73
2023-05-02,36.57,36.64,35.68,35.86,3197031,58.4
2023-05-03,35.86,36.04,35.6,35.67,3269061,58.1
2023-05-04,35.43,35.78,35.01,35.59,3543661,57.96
2023-05-05,35.97,36.4,35.92,36.01,1962006,58.65
2023-05-08,36.22,36.31,36.04,36.05,1579333,58.71
2023-05-09,35.97,36.45,35.9,36.19,2258056,58.95
2023-05-10,36.25,36.4,35.49,36.22,1725394,58.99
2023-05-11,36.07,36.21,35.92,36.15,1655313,58.88
2023-05-12,36.44,36.44,35.92,36.18,1745298,58.92
2023-05-15,36.31,36.36,35.89,36.24,1528810,59.02
2023-05-16,36.13,36.22,35.76,35.77,1655080,58.26
2023-05-17,35.85,35.88,35.23,35.26,3525354,57.43
2023-05-18,35.28,35.36,34.94,35.33,2527719,57.54
2023-05-19,35.6,35.82,35.25,35.4,5574559,57.65
2023-05-22,35.35,35.85,34.92,35.84,2777790,58.37
2023-05-23,35.87,36.06,35.43,35.46,2141202,57.76
2023-05-24,35.45,35.45,34.86,34.88,1802104,56.81
2023-05-25,34.5,34.79,34.18,34.44,3650259,56.1
2023-05-26,34.4,34.56,34.08,34.47,2784678,56.15
2023-05-30,34.62,34.94,34.3,34.89,2288178,56.83
2023-05-31,34.69,34.86,34.12,34.19,4051444,55.68
2023-06-01,34.2,34.95,34.08,34.94,2238756,56.91
2023-06-02,35.21,35.56,34.99,35.4,2442706,57.65
2023-06-05,35.45,35.59,34.92,35.25,1934602,57.42
2023-06-06,35.22,35.4,35.04,35.33,1267494,57.55
2023-06-07,35.3,35.56,34.87,35.43,1798138,57.7
2023-06-08,35.35,35.43,35,35.18,1459192,57.3
2023-06-09,35.12,35.48,35.1,35.11,1312012,57.19
2023-06-12,35.06,35.17,34.76,35.09,1335460,57.15
2023-06-13,35.05,35.63,34.97,35.09,2115169,57.15
2023-06-14,35.14,35.43,34.6,34.71,2551786,56.54
2023-06-15,35.38,36,35.16,35.86,2938857,58.4
2023-06-16,36.06,36.55,35.98,36.4,5677072,59.28
2023-06-20,36.21,36.22,35.74,35.89,1759491,58.45
2023-06-21,35.76,36.22,35.61,36.16,1632715,58.89
2023-06-22,36.19,36.28,35.57,35.9,1625431,58.47
2023-06-23,35.78,36.21,35.71,35.81,2182567,58.21
2023-06-26,35.91,36.12,35.59,36.08,1518402,58.66
2023-06-27,36.08,36.43,36.05,36.13,1275768,58.73
2023-06-28,35.97,36.1,35.32,35.75,2004822,58.12
2023-06-29,35.74,36.41,35.74,36.37,1294474,59.12
2023-06-30,36.51,36.85,36.26,36.64,1730547,59.56
2023-07-03,36.58,36.94,36.41,36.71,809512,59.68
2023-07-05,36.43,36.74,36.08,36.71,2001210,59.68
2023-07-06,36.57,36.88,36.45,36.64,1788996,59.56
2023-07-07,36.4,37.08,36.38,36.82,1882707,59.86
2023-07-10,36.69,37.2,36.56,36.59,1767204,59.49
2023-07-11,36.59,36.86,36.49,36.84,1635307,59.89
2023-07-12,37.07,37.15,36.56,36.67,1768567,59.62
2023-07-13,36.33,36.53,36.22,36.27,1838517,58.96
2023-07-14,36.22,36.32,35.55,36.25,2088310,58.93
2023-07-17,36.37,37.44,36.35,37.23,2012854,60.53
2023-07-18,37.12,37.42,37.01,37.25,1449403,60.56
2023-07-19,37.34,37.62,37.23,37.3,1280533,60.63
2023-07-20,37.54,37.95,37.38,37.92,3510090,61.64
2023-07-21,39.68,39.68,37.3,37.87,3812203,61.57
2023-07-24,37.86,38.06,37.5,37.72,2470074,61.32
2023-07-25,37.88,37.88,37.28,37.36,1907631,60.74
2023-07-26,37.54,38.14,37.54,38,1896075,61.77
2023-07-27,38.09,38.57,37.86,38.45,2766636,62.5
2023-07-28,38.72,38.72,38.01,38.37,2502561,62.38
2023-07-31,38.38,38.6,37.78,37.95,3005587,61.69
2023-08-01,37.95,38.21,37.72,37.95,931161,61.69
2023-08-02,37.97,38.72,37.95,38.54,1506466,62.65
2023-08-03,38.54,38.67,38.09,38.35,1483336,62.34
2023-08-04,38.17,38.45,38.02,38.08,1588438,61.9
2023-08-07,38.28,38.96,38.28,38.76,972526,63.01
2023-08-08,38.51,38.68,38.35,38.56,1675567,62.68
2023-08-09,38.53,38.85,38.35,38.61,1182816,62.76
2023-08-10,38.75,39.28,38.75,38.95,2364528,63.32
2023-08-11,38.92,39.37,38.86,39.33,1419027,63.94
2023-08-14,39.47,39.47,39.13,39.25,1299246,63.8
2023-08-15,38.94,39.13,38.55,38.59,943921,62.74
2023-08-16,38.66,39,38.49,38.52,1205196,62.62
2023-08-17,38.76,38.76,38,38.04,1031757,61.84
2023-08-18,37.95,38.28,37.9,38.1,1229842,61.94
2023-08-21,38.15,38.21,37.63,37.71,1403536,61.3
2023-08-22,37.63,37.8,37.31,37.35,1039758,60.72
2023-08-23,37.3,37.67,37.14,37.51,1483011,60.98
2023-08-24,37.44,38,37.37,37.41,1068693,60.81
2023-08-25,37.47,37.8,37.3,37.48,892213,60.93
2023-08-28,37.31,37.84,37.31,37.7,1137123,61.28
2023-08-29,37.85,38.03,37.32,37.98,1312389,61.75
2023-08-30,37.99,38.2,37.81,37.93,1561480,61.66
2023-08-31,38.09,38.15,37.76,38.05,2068863,61.86
2023-09-01,38.33,38.51,38.24,38.4,828406,62.43
2023-09-05,38.4,38.63,37.97,37.98,1080867,61.75
2023-09-06,37.86,38.03,37.63,37.85,991006,61.53
2023-09-07,37.99,38.14,37.7,38,1963690,61.78
2023-09-08,38.09,38.42,37.91,38.09,1142772,61.93
2023-09-11,38.19,38.43,38.11,38.27,1176823,62.22
2023-09-12,38.37,39.05,38.33,38.92,1023462,63.27
2023-09-13,39.05,39.05,38.62,38.85,1556439,63.16
2023-09-14,39.13,39.74,39.01,39.74,2255748,64.6
2023-09-15,39.55,39.71,39.33,39.44,2956786,64.12
2023-09-18,39.58,40.04,39.41,39.99,1262761,65.01
2023-09-19,40.17,40.35,39.93,40.24,1569111,65.42
2023-09-20,40.53,40.54,40.16,40.38,1907383,65.65
2023-09-21,40.32,40.38,40.05,40.06,1624347,65.13
2023-09-22,40.05,40.48,40.03,40.31,1200702,64.91
2023-09-25,40.12,40.32,40,40.31,1428301,64.91
2023-09-26,40.18,40.36,39.95,40.01,1232092,64.43
2023-09-27,40.05,40.24,39.46,39.96,2277456,64.35
2023-09-28,40.06,40.67,40.04,40.4,1795069,65.06
2023-09-29,40.44,40.44,39.32,39.42,1638349,63.49
2023-10-02,39.26,39.33,38.7,39.07,1766983,62.92
2023-10-03,39,39.06,38.54,38.77,1705597,62.44
2023-10-04,38.82,39.51,38.82,39.4,1633060,63.45
2023-10-05,39.47,40.07,39.47,39.88,1288056,64.23
2023-10-06,39.9,40.08,39.63,39.68,1631869,63.91
2023-10-09,39.55,39.87,39.39,39.6,1146733,63.78
2023-10-10,39.72,39.74,39.09,39.24,1679572,63.19
2023-10-11,39.23,39.96,39.2,39.83,2291331,64.14
2023-10-12,40,40.09,39.19,39.4,1649823,63.45
2023-10-13,39.69,39.87,39.41,39.64,1073677,63.84
2023-10-16,39.82,40.42,39.74,40.37,1440649,65.01
2023-10-17,40.4,41.06,40.27,41.04,1428016,66.09
2023-10-18,41.04,41.21,40.49,40.51,1399464,65.24
2023-10-19,40.45,40.65,39.82,39.89,1094905,64.24
2023-10-20,39.94,40.04,39.23,39.29,1869231,63.28
2023-10-23,39.32,39.46,38.95,39.05,1783690,62.89
2023-10-24,41.58,42.42,40.89,41.45,5529915,66.76
2023-10-25,41.85,42.21,41.41,41.64,3079387,67.06
2023-10-26,41.7,42.12,41.38,41.63,2267566,67.05
2023-10-27,41.38,41.5,40.24,40.56,2492307,65.32
2023-10-30,40.72,41.55,40.59,41.42,2253507,66.71
2023-10-31,41.42,42.03,41.21,41.86,4236039,67.42
2023-11-01,42.19,42.4,41.85,42.18,1988352,67.93
2023-11-02,42.27,42.32,41.6,42.11,1849536,67.81
2023-11-03,42.34,42.48,41.84,42.15,1583715,67.88
2023-11-06,42.14,42.59,42.11,42.34,1353567,68.19
2023-11-07,42.36,42.57,42.16,42.41,1203151,68.3
2023-11-08,42.46,42.48,41.86,42.16,1094988,67.9
2023-11-09,42.24,42.31,41.8,41.86,871981,67.41
2023-11-10,41.91,42.37,41.85,42.32,917148,68.15
2023-11-13,42.42,42.81,42.29,42.71,1348219,68.78
2023-11-14,42.54,42.71,42.19,42.52,1763692,68.47
2023-11-15,42.52,43.04,42.33,42.56,2537253,68.54
2023-11-16,42.86,43.34,42.76,43.32,1679301,69.77
2023-11-17,43.38,43.76,43.24,43.6,1661338,70.21
2023-11-20,43.41,43.63,43.22,43.25,1225678,69.65
2023-11-21,43.44,44.29,43.44,44.17,1825351,71.14
2023-11-22,44.05,44.52,44.03,44.13,1422397,71.07
2023-11-24,44.02,44.84,44.02,44.6,715210,71.83
2023-11-27,44.53,44.71,44.34,44.58,1398865,71.8
2023-11-28,44.57,44.77,44.17,44.18,1338081,71.15
2023-11-29,44.07,44.11,43.65,43.82,1328041,70.57
2023-11-30,43.85,45.17,43.85,45.05,9089106,72.55
2023-12-01,44.89,45.68,44.89,45.49,2576949,73.26
2023-12-04,45.38,46.05,45.36,45.73,2305225,73.65
2023-12-05,45.65,45.77,45.37,45.46,1336849,73.21
2023-12-06,45.43,45.82,44.63,44.75,1911811,72.07
2023-12-07,44.87,44.93,43.94,44.03,1900990,70.9
2023-12-08,44.03,44.35,43.85,44.29,1313694,71.33
2023-12-11,44.66,45.12,44.47,45.12,1763140,72.66
2023-12-12,45.26,45.81,45.12,45.51,1573726,73.29
2023-12-13,45.38,45.58,45.07,45.2,2282104,72.79
2023-12-14,45.27,45.27,43.53,44.19,3201946,71.17
2023-12-15,43.85,44.16,43.52,43.98,5343906,70.22
2023-12-18,44.23,44.56,43.79,44.29,1955757,70.72
2023-12-19,43.97,44.35,43.87,43.94,1882207,70.15
2023-12-20,43.8,44,43.4,43.41,2692824,69.31
2023-12-21,43.24,43.71,42.98,43.69,2353971,69.76
2023-12-22,43.84,44.09,43.77,43.97,1435584,70.21
2023-12-26,43.85,44.05,43.77,43.9,661033,70.1
2023-12-27,43.75,44,43.66,43.87,1018698,70.05
2023-12-28,43.91,44.23,43.91,44.11,955813,70.42
2023-12-29,44.18,44.38,43.91,44.29,1179069,70.72
2024-01-02,44.32,45.19,44.32,45.19,1578319,72.15
2024-01-03,45.28,45.93,45.28,45.45,1651594,72.56
2024-01-04,45.74,46.22,45.74,45.83,1849332,73.17
2024-01-05,46.15,46.66,45.89,46.57,1844524,74.36
2024-01-08,46.35,46.45,45.08,45.48,1820715,72.61
2024-01-09,45.41,45.5,44.71,45.24,1810498,72.23
2024-01-10,45.13,45.39,45.03,45.09,1497012,72
2024-01-11,45.11,45.71,45.06,45.65,1269730,72.88
2024-01-12,45.85,45.98,45.52,45.6,1605738,72.81
2024-01-16,45.8,46.04,45.55,45.91,1426951,73.3
2024-01-17,45.95,46.69,45.95,46.18,1255291,73.73
2024-01-18,45.95,46.62,45.74,46.59,908725,74.38
2024-01-19,46.97,47.31,46.72,47.17,2227066,75.32
2024-01-22,47.14,48.35,47.07,48.28,2706067,77.08
2024-01-23,48.27,48.66,47.92,48.09,2017090,76.78
2024-01-24,48.81,49.02,48.53,48.66,2854159,77.69
2024-01-25,52.26,53.24,50.79,52.15,4434601,83.27
2024-01-26,52.07,52.21,50.96,51.03,2664879,81.47
2024-01-29,50.69,50.86,50.31,50.85,2263236,81.19
2024-01-30,50.99,51.44,50.89,51.13,1389976,81.63
2024-01-31,51.29,51.65,51.14,51.28,3056674,81.88
2024-02-01,50.86,50.92,49.97,50.28,2392872,80.28
2024-02-02,50.57,51.02,50.36,50.65,1678257,80.87
2024-02-05,50.73,51.18,50.46,50.97,1050723,81.38
2024-02-06,50.69,50.93,50.34,50.41,1221138,80.49
2024-02-07,50.61,50.64,50.22,50.32,1406067,80.34
2024-02-08,50.16,50.31,49.75,50.03,1707070,79.88
2024-02-09,49.75,50.43,49.67,50.41,1372125,80.48
2024-02-12,50.53,50.97,50.33,50.55,1006516,80.71
2024-02-13,51.08,51.14,50.26,50.69,1790934,80.94
2024-02-14,50.81,51.58,50.81,51.31,1580371,81.92
2024-02-15,51.34,51.93,51.28,51.53,1490863,82.27
2024-02-16,51.66,52.1,51.45,51.74,1312309,82.61
2024-02-20,51.56,52.01,51.34,51.35,1453107,81.98
2024-02-21,51.55,52.32,51.38,52.28,1876344,83.48
2024-02-22,52.46,53.83,52.33,53.68,2663529,85.71
2024-02-23,53.86,54.07,53.32,53.43,1658446,85.31
2024-02-26,53.68,53.97,53.2,53.34,1996180,85.17
2024-02-27,53.34,53.38,52.87,53.16,1077879,84.88
2024-02-28,53.24,53.43,52.93,52.96,1303722,84.56
2024-02-29,52.92,52.99,51.74,52.36,2872206,83.6
2024-03-01,52.52,52.52,51.86,51.86,1360090,82.69
2024-03-04,51.91,52.57,51.91,52.44,1552822,83.61
2024-03-05,52.35,52.99,52.35,52.71,1591327,84.05
2024-03-06,52.77,53.28,52.38,53.14,1371117,84.74
2024-03-07,52.99,53.34,52.78,52.8,1301536,84.19
2024-03-08,52.72,53.12,52.55,52.93,1266550,84.4
2024-03-11,52.79,53.66,52.79,53.27,1191792,84.94
2024-03-12,53.41,53.9,53.2,53.7,1883911,85.63
2024-03-13,53.86,53.93,53.36,53.61,1918746,85.49
2024-03-14,53.56,53.68,52.86,53.45,1716061,85.23
2024-03-15,52.94,53.66,52.77,53.63,3788295,85.51
2024-03-18,53.31,53.56,53.14,53.3,1366230,84.99
2024-03-19,53.73,54.13,53.49,53.93,1694512,86
2024-03-20,53.88,54.37,53.81,54.16,1393879,86.36
2024-03-21,54.03,54.37,53.54,53.82,1347402,85.82
2024-03-22,54.41,54.55,54,54.08,1855405,86.23
2024-03-25,54.16,54.54,53.99,54.39,1380478,86.72
2024-03-26,54.2,54.68,54.07,54.27,1833291,86.54
2024-03-27,54.43,55.32,54.43,55.29,1564536,88.17
2024-03-28,55.57,55.93,55.37,55.46,2471509,88.44
2024-04-01,55.38,55.42,54.78,54.87,1722748,87.49
2024-04-02,54.89,55.29,54.61,54.72,1836727,87.26
2024-04-03,54.82,54.94,54.43,54.59,1753074,87.04
2024-04-04,54.72,55.36,54.25,54.32,1250944,86.61
2024-04-05,54.62,54.96,54.52,54.72,1745499,87.26
2024-04-08,54.7,55.01,54.34,54.46,1676587,86.84
2024-04-09,54.49,54.78,52.15,52.52,2340016,83.74
2024-04-10,52.38,53.03,52.38,52.64,1708537,83.93
2024-04-11,52.69,52.69,51.51,51.54,1783239,82.19
2024-04-12,51.57,51.85,51.16,51.52,1563087,82.15
2024-04-15,52.23,52.36,51.34,51.43,1702873,82
2024-04-16,51.68,51.83,51.29,51.5,1576119,82.12
2024-04-17,51.41,51.41,50.4,50.62,2505787,80.71
2024-04-18,51.07,51.27,50.55,50.79,1655355,80.98
2024-04-19,51.14,51.7,50.8,51.68,2927253,82.4
2024-04-22,51.98,52.57,51.74,52.32,2266039,83.43
2024-04-23,52.37,52.53,48.94,49.59,6044898,79.08
2024-04-24,48.73,49.32,48.2,48.82,4295959,77.85
2024-04-25,48.68,49.23,48.67,48.86,2803194,77.91
2024-04-26,48.22,48.68,47.72,48.07,2153065,76.65
2024-04-29,48.11,48.55,48.1,48.53,1590345,77.38
2024-04-30,48.61,48.61,48.2,48.27,2431659,76.97
2024-05-01,48.28,49.29,48.21,48.78,1841679,77.78
2024-05-02,49.09,49.64,48.73,49.55,2038527,79.01
2024-05-03,49.22,49.53,48.56,49.27,1889854,78.56
2024-05-06,49.53,49.53,48.92,49.36,1519953,78.71
2024-05-07,49.61,49.68,49.18,49.26,1511916,78.55
2024-05-08,49.34,49.7,49.23,49.27,1274251,78.56
2024-05-09,49.11,49.47,49.1,49.41,960480,78.79
2024-05-10,49.51,50.03,49.42,50.01,1133842,79.74
2024-05-13,49.95,50.05,49.19,49.3,1227291,78.61
2024-05-14,49.2,49.54,49.17,49.44,1237830,78.83
2024-05-15,49.12,49.56,49.04,49.15,1918180,78.37
2024-05-16,50.04,50.15,49.21,49.29,1436943,78.59
2024-05-17,49.43,49.76,49.14,49.74,1193448,79.31
2024-05-20,49.84,49.91,49.21,49.34,1038114,78.67
2024-05-21,49.38,50.3,49.38,49.69,1611874,79.23
2024-05-22,49.67,50.44,49.67,50.23,1418569,80.09
2024-05-23,50.08,50.3,49.23,49.45,1192789,78.85
2024-05-24,49.61,49.75,49.22,49.73,897438,79.29
2024-05-28,49.55,49.81,49.25,49.27,1256928,78.57
2024-05-29,49.12,49.47,48.85,48.89,1938999,77.95
2024-05-30,48.79,50.02,48.79,49.86,1670601,79.5
2024-05-31,49.96,50.9,49.68,50.82,2531238,81.03
2024-06-03,50.75,50.82,49.9,50.22,1370143,80.07
2024-06-04,50.07,50.6,49.84,50.38,2285931,80.34
2024-06-05,50.51,50.55,49.56,50.07,1056726,79.84
2024-06-06,50.25,50.4,49.83,49.93,877531,79.61
2024-06-07,50.15,50.67,50.01,50.3,923937,80.2
2024-06-10,50.17,50.36,49.75,50.03,745027,79.77
2024-06-11,49.84,49.88,49.15,49.21,1288408,78.46
2024-06-12,49.03,49.39,48.68,49.02,1913232,78.17
2024-06-13,48.16,49.22,48.14,49.09,2138293,78.27
2024-06-14,48.79,49.11,48.58,49.01,1601806,78.15
2024-06-17,49.12,50.3,49.12,50,1818127,79.72
2024-06-18,49.9,50.52,49.84,50.28,1360290,80.17
2024-06-20,50.44,51.14,50.25,50.82,1550215,81.03
2024-06-21,50.94,51.08,50.25,50.48,2825623,80.49
2024-06-24,50.81,51.34,50.56,51.09,1664556,80.84
2024-06-25,51.12,51.39,50.72,51.14,1419909,80.91
2024-06-26,50.83,50.83,49.75,50.12,1220751,79.31
2024-06-27,50.18,50.56,49.99,50.17,1322421,79.38
2024-06-28,50.06,50.42,49.45,49.66,3504334,78.58
2024-07-01,50.24,50.64,49.64,49.94,1329213,79.02
2024-07-02,49.66,50.33,49.66,50.06,1694644,79.21
2024-07-03,49.69,50.15,49.51,50.04,842820,79.17
2024-07-05,49.78,49.99,49.42,49.7,2002237,78.64
2024-07-08,50.12,50.56,50.05,50.32,1198272,79.62
2024-07-09,50.17,50.48,49.75,49.77,1018681,78.75
2024-07-10,49.95,50.37,49.88,50.33,1219312,79.63
2024-07-11,49.88,50.24,49.14,49.57,1928315,52.29
2024-07-12,50.05,50.78,49.57,50.67,1720961,53.45
2024-07-15,50.79,51.5,50.79,51.21,1295073,54.02
2024-07-16,51.33,52.02,51.33,51.6,1614792,54.43
2024-07-17,52,52.95,51.93,52.89,1561402,55.79
2024-07-18,52.92,53.71,52.92,53.29,1158109,56.21
2024-07-19,52.66,52.85,48.74,48.86,4404823,51.54
2024-07-22,49.08,49.94,48.83,49.13,4162714,51.82
2024-07-23,50.72,51.14,49.18,49.5,4001057,52.21
2024-07-24,49.66,50.21,49.39,49.57,2155308,52.29
2024-07-25,49.56,50.46,49.49,49.74,1552863,52.47
2024-07-26,49.9,51.34,49.9,51.26,1384730,54.07
2024-07-29,51.36,51.64,50.84,51.15,993039,53.95
2024-07-30,51.38,52.77,50.98,52.58,1457687,55.46
2024-07-31,52.46,52.69,51.92,52.26,2589353,55.13
2024-08-01,52.5,52.79,51.1,51.92,1371822,54.77
2024-08-02,51.86,52.43,51.15,52.31,1392139,55.18
2024-08-05,52.77,52.9,50.86,51.88,2131430,54.73
2024-08-06,52.03,52.78,51.94,52.24,2059788,55.1
2024-08-07,52.51,53.6,52.25,53.07,2723720,55.98
2024-08-08,53.09,53.99,52.97,53.76,1585116,56.71
2024-08-09,53.92,54.21,53.55,54.16,1322402,57.13
2024-08-12,54.35,54.58,54.05,54.19,1752946,57.16
2024-08-13,54.2,54.38,53.3,53.58,1646394,56.52
2024-08-14,53.84,54.48,53.6,54.33,1221093,57.31
2024-08-15,54.62,55.07,54.43,54.59,1391426,57.58
2024-08-16,54.79,54.91,54.11,54.57,1311657,57.56
2024-08-19,54.47,54.89,54.33,54.42,735613,57.4
2024-08-20,54.31,54.61,54.15,54.37,886429,57.35
2024-08-21,54.57,54.71,53.89,54.62,887783,57.62
2024-08-22,54.61,55.01,54.51,54.97,632904,57.98
2024-08-23,54.98,55.31,54.81,55.19,919623,58.22
2024-08-26,55.34,55.8,55.23,55.27,771547,58.3
2024-08-27,55.43,55.74,55.19,55.66,965337,58.71
2024-08-28,55.72,56.04,55.34,55.68,1298822,58.73
2024-08-29,55.79,56.3,55.27,56.24,859579,59.32
2024-08-30,56.11,56.64,56.03,56.6,1935906,59.7
2024-09-03,56.45,57.69,56.07,57.37,1380085,60.52
2024-09-04,57.45,58.09,57.03,57.43,1436812,60.58
2024-09-05,57.6,57.6,55.6,55.95,2041225,59.02
2024-09-06,55.95,56.47,55.63,55.64,1362816,58.69
2024-09-09,56,56.72,55.6,56.29,1734153,59.38
2024-09-10,56.44,56.6,55.4,55.45,1350877,58.49
2024-09-11,55.34,55.42,53.77,54.14,1615580,57.11
2024-09-12,54.23,54.85,54.01,54.78,1213265,57.78
2024-09-13,54.84,55.35,54.84,55.31,1015283,58.34
2024-09-16,55.65,56.29,55.43,55.7,1421402,58.75
2024-09-17,55.71,56.07,54.99,55.11,3442695,58.13
2024-09-18,55.34,55.44,54.74,54.8,1807481,57.81
2024-09-19,54.9,55,54.22,54.53,1492619,57.52
2024-09-20,54.18,54.75,54.05,54.46,5837141,57.45
2024-09-23,54.69,55.1,54.43,54.77,1573019,57.44
2024-09-24,54.34,54.62,53.83,54.02,1399138,56.65
2024-09-25,54.29,54.33,53.57,53.77,1735594,56.39
2024-09-26,53.61,54.21,53.29,54.07,1569412,56.71
2024-09-27,53.87,54.31,53.73,53.88,1274635,56.51
2024-09-30,53.94,54.12,53.2,54.09,2287863,56.73
2024-10-01,53.91,54.7,53.53,54.6,2586369,57.26
2024-10-02,54.49,55.02,54.24,54.95,2643217,57.63
2024-10-03,54.96,55.07,54.08,54.5,1766015,57.16
2024-10-04,54.63,55.99,54.48,55.79,1434972,58.51
2024-10-07,55.25,55.45,53.4,53.85,2528702,56.48
2024-10-08,54.08,55.04,53.67,54.8,2107111,57.47
2024-10-09,54.57,55.59,54.57,55.29,1442622,57.99
2024-10-10,56.26,56.37,55.11,55.4,1469042,58.1
2024-10-11,55.75,56.21,55.56,55.85,1040476,58.57
2024-10-14,55.62,56.68,55.38,56.5,1629463,59.26
2024-10-15,56.54,57.19,56.06,56.18,1827164,58.92
2024-10-16,56.27,56.78,56.09,56.52,1574251,59.28
2024-10-17,57.65,58.44,57.44,58.2,2536775,61.04
2024-10-18,58.37,58.73,57.9,58.41,7725215,61.26
2024-10-21,58.64,59.08,58.18,58.19,3249569,61.03
2024-10-22,57.69,57.69,55.25,55.81,3651371,58.53
2024-10-23,55.79,56.42,55.15,56.38,2206610,59.13
2024-10-24,56.52,57.24,56.43,56.55,1822084,59.31
2024-10-25,56.44,56.59,55.24,55.45,1826162,58.16
2024-10-28,55.85,56.26,55.53,55.69,1430275,58.41
2024-10-29,55.65,56,54.88,54.94,1703282,57.62
2024-10-30,55.33,55.58,55.13,55.32,1164993,58.02
2024-10-31,55.04,55.28,54.49,54.51,2347066,57.17
2024-11-01,54.71,55.2,54.47,54.83,1317182,57.5
2024-11-04,54.88,55.18,54.58,54.85,1351282,57.53
2024-11-05,54.87,55.52,54.82,55.5,994725,58.21
2024-11-06,58.31,58.31,56.81,57.85,1659410,60.67
2024-11-07,57.76,57.76,56.75,56.85,1186067,59.62
2024-11-08,57.32,58.03,56.7,57.73,940238,60.55
2024-11-11,58.02,58.49,57.57,57.61,1437247,60.42
2024-11-12,57.85,57.93,57.29,57.59,1056024,60.4
2024-11-13,57.42,57.73,57.24,57.44,1295251,60.24
2024-11-14,57.26,57.54,56.66,56.88,1763289,59.65
2024-11-15,56.84,58.01,56.84,57.91,2073983,60.74
2024-11-18,57.65,58.2,57.62,58,1330259,60.83
2024-11-19,57.53,57.69,56.78,57.39,829816,60.19
2024-11-20,57.71,58.29,57.18,58.11,941389,60.94
2024-11-21,58.39,59.36,58.07,59.25,1830005,62.14
2024-11-22,59.16,59.63,59.16,59.37,1033504,62.27
2024-11-25,60.31,60.51,59.76,60.12,1616607,63.05
2024-11-26,60.25,61.46,60.03,61.34,1150374,64.33
2024-11-27,61.53,62.44,61.34,61.92,1158138,64.94
2024-11-29,62.1,62.34,61.51,61.55,853416,64.55
2024-12-02,61.65,61.74,60.61,60.69,1065468,63.65
2024-12-03,60.88,60.9,60.12,60.57,1081031,63.52
2024-12-04,60.39,60.88,60.07,60.7,795139,63.66
2024-12-05,60.73,61.29,60.42,60.65,791521,63.61
2024-12-06,60.5,60.95,59.79,60.02,1467240,62.95
2024-12-09,60.13,60.24,59.08,59.15,1211743,62.04
2024-12-10,59.09,59.09,57.57,58.44,1215690,61.29
2024-12-11,58.39,58.53,57.62,58.04,2196388,60.87
2024-12-12,58.35,58.7,57.63,57.67,1208355,60.48
2024-12-13,58.01,58.24,57.81,57.93,1372499,60.76
2024-12-16,57.98,58.09,57.44,57.48,1305909,59.71
2024-12-17,57.11,57.41,56.57,56.65,1446142,58.85
2024-12-18,56.58,57.11,55.69,55.71,1754278,57.87
2024-12-19,55.81,56.39,55.62,55.86,1598582,58.03
2024-12-20,55.68,56.94,54.76,56.38,4520933,58.57
2024-12-23,55.98,56.36,55.64,56.23,2017879,58.41
2024-12-24,56.13,56.57,56.07,56.52,544242,58.71
2024-12-26,56.48,57.1,56.37,57.01,808684,59.22
2024-12-27,56.58,57.2,56.47,56.77,824466,58.97
2024-12-30,56.32,56.62,55.85,56.34,794696,58.52
2024-12-31,56.59,56.59,56.03,56.34,831235,58.52
2025-01-02,56.76,56.76,55.71,55.84,1384926,58.01
2025-01-03,55.93,55.93,55.3,55.77,1615978,57.93
2025-01-06,55.69,56,54.92,55.08,1958234,57.22
2025-01-07,55.14,56.01,55.02,55.35,1437901,57.5
2025-01-08,55.34,56,54.91,55.92,1224956,58.09
2025-01-10,54.97,55.33,53.88,54.58,2092725,56.7
2025-01-13,54.42,55.37,54.42,55.16,1835315,57.3
2025-01-14,55.08,56.43,54.87,56.4,1368000,58.59
2025-01-15,57.05,57.74,56.95,57.7,1801590,59.94
2025-01-16,57.67,58.28,57.51,58.12,1961262,60.37
2025-01-17,58.25,58.28,57.27,57.28,7137076,59.5
2025-01-21,57.39,57.76,56.87,56.98,2305746,59.19
2025-01-22,57.32,57.53,56.74,56.85,2248924,59.05
2025-01-23,56.29,56.6,54.75,54.81,2637107,56.93
2025-01-24,54.76,55.4,54.74,55.37,2186227,57.52
2025-01-27,56.05,57.28,55.59,56.99,2618332,59.2
2025-01-28,58.45,58.83,56.76,57.13,2974697,59.34
2025-01-29,56.83,57.05,56.1,56.48,2155795,58.67
2025-01-30,56.64,57.31,56.48,57.08,1756857,59.29
2025-01-31,56.83,57.25,56.12,56.63,2496884,58.83
2025-02-03,56.38,57.7,55.9,57.3,1986114,59.52
2025-02-04,57.5,58.15,57.38,58.04,1707920,60.29
2025-02-05,58.45,58.62,57.91,58.58,1330814,60.85
2025-02-06,59.07,59.33,58.72,59.19,1462183,61.48
2025-02-07,59.13,59.25,58.72,59.21,1340346,61.51
2025-02-10,59.04,59.18,58.27,58.55,1454436,60.82
2025-02-11,58.68,59.12,58.18,58.92,1406903,61.2
2025-02-12,58.52,58.86,58.22,58.47,1453954,60.74
2025-02-13,58.5,59.31,58.42,59.2,1201761,61.49
2025-02-14,59.03,59.24,58.06,58.1,1432802,60.35
2025-02-18,58.24,58.42,57.91,58.25,1224549,60.51
2025-02-19,58.15,58.77,58.06,58.53,1235745,60.8
2025-02-20,58.13,58.31,57.33,58.15,1116121,60.4
2025-02-21,58.05,58.87,57.95,58.69,1639793,60.97
2025-02-24,58.84,60.33,58.84,59.98,2573756,62.31
2025-02-25,60.44,60.64,59.89,60.48,1527572,62.82
2025-02-26,60.23,60.48,59,59.1,2213994,61.39
2025-02-27,59.3,60.35,59.17,59.8,1549918,62.12
2025-02-28,60.29,60.82,59.74,60.73,1679997,63.08
2025-03-03,60.75,61.57,60.74,61.43,1404939,63.73
2025-03-04,61.49,61.67,59.91,59.98,1273305,62.23
2025-03-05,59.92,60.66,59.85,60.27,1139388,62.53
2025-03-06,60.03,60.09,59.41,59.93,1204079,62.17
2025-03-07,59.71,60.74,59.52,60.3,1387124,62.56
2025-03-10,60,61.64,60,60.69,1407290,62.96
2025-03-11,60.74,60.88,59.68,59.72,2386319,61.96
2025-03-12,59.52,59.7,58.49,59.33,1368338,61.55
2025-03-13,59.55,60.44,59.34,59.64,1558040,61.87
2025-03-14,59.85,61.05,59.73,60.95,1277185,63.23
2025-03-17,60.73,62,60.7,61.77,1805622,64.08
2025-03-18,61.68,61.94,60.9,61.11,1326263,63.4
2025-03-19,61.11,61.67,60.87,61.39,1676310,63.69
2025-03-20,61.22,61.69,61,61.29,1110346,63.59
2025-03-21,61.13,61.66,60.75,60.96,4177813,63.24
2025-03-24,61.48,61.86,61.11,61.79,1173240,64.1
2025-03-25,62.17,62.5,61.49,62.09,1385455,64.42
2025-03-26,62.42,63.1,62.21,62.88,1339930,65.24
2025-03-27,63.28,64.14,62.72,63.89,1639304,66.28
2025-03-28,68.27,73.62,68.1,68.7,8170555,71.27
2025-03-31,68.78,69.49,67.92,68.59,3895741,71.16
2025-04-01,68.25,68.95,67.42,67.71,3055978,70.25
2025-04-02,67.47,67.81,66.65,67.23,2246282,69.75
2025-04-03,66.38,68.33,66.38,67.75,2311164,70.29
2025-04-04,66.15,67.15,62.88,63.07,2853475,65.43
2025-04-07,62.22,63.41,60.37,61.96,3219183,64.28
2025-04-08,63.68,64.56,62.08,62.96,2683901,65.32
2025-04-09,61.35,64.8,61.35,64.51,3276745,66.93
2025-04-10,64.05,65.42,62.92,64.69,2503849,67.11
2025-04-11,64.48,66.27,63.69,65.98,2574997,68.45
2025-04-14,66.38,67.29,66.08,66.84,1716596,69.34
2025-04-15,66.95,67.15,65.79,65.89,1388332,68.36
2025-04-16,66.73,67.31,65.63,65.98,1484235,68.45
2025-04-17,66.17,66.93,65.67,66.32,2145124,68.8
2025-04-21,66.41,66.56,64.19,64.9,1834828,67.33
2025-04-22,65.16,68.52,63.81,68.29,2647975,70.85
2025-04-23,68.44,68.75,67.12,68.67,2497772,71.24
2025-04-24,68.46,69.4,67.5,69.16,1819935,71.75
2025-04-25,68.77,68.91,67.47,67.94,1814724,70.48
2025-04-28,68.13,68.56,67.71,68.14,1592666,70.69
2025-04-29,68.04,68.81,67.72,68.71,1626370,71.28
2025-04-30,68.93,69.3,67.41,69.1,2105760,71.69
2025-05-01,68.47,69.24,67.63,68.61,1581584,71.18
2025-05-02,69.31,70.27,69.08,69.99,1706298,72.61
2025-05-05,69.81,70.17,68.94,69.87,995290,72.49
2025-05-06,69.57,70.47,69.57,70.04,1471500,72.66
2025-05-07,69.99,70.76,69.72,70.44,2212429,73.08
2025-05-08,70.29,70.75,70.05,70.09,1430918,72.72
2025-05-09,69.98,70.29,69.67,69.87,1105994,72.49
2025-05-12,70.14,70.14,67.75,69.59,1517493,72.2
2025-05-13,69.82,70.1,69.05,69.09,1341984,71.68
2025-05-14,69.24,69.24,67.96,68.46,1208562,71.02
2025-05-15,68.97,70.08,68.68,70.08,1238041,72.7
2025-05-16,70.18,70.65,69.85,70.63,1298966,73.28
2025-05-19,71.01,71.3,70.58,71.16,1000082,73.82
2025-05-20,70.89,71.18,70.63,70.89,746951,73.55
2025-05-21,70.64,71.1,70.26,70.56,1257963,73.2
2025-05-22,70.15,70.44,69.08,69.58,1248532,72.19
2025-05-23,69.4,70.61,69.38,70.44,1261402,73.08
2025-05-27,70.64,71.53,70.32,71.52,1299100,74.2
2025-05-28,71.23,71.69,70.5,70.64,1078489,73.29
2025-05-29,70.5,71.32,70.36,71.29,1324438,73.96
2025-05-30,70.99,72.22,70.66,71.99,4276404,74.69
2025-06-02,71.46,72.47,71.21,72.46,1181131,75.17
2025-06-03,72.11,72.72,70.65,72.06,1396214,74.76
2025-06-04,72.06,72.06,70.98,71.37,1130134,74.04
2025-06-05,71.42,71.54,70.65,71.2,1063565,73.87
2025-06-06,71.76,71.94,71.03,71.54,915970,74.22
2025-06-09,71.25,71.56,68.78,70.11,1289015,72.74
2025-06-10,69.87,70,68.9,69.21,1139448,71.8
2025-06-11,69.22,69.91,68.52,69.78,1520378,72.39
2025-06-12,69.9,71.18,69.83,71.13,1584090,73.79
2025-06-13,71.03,71.35,70.45,70.64,1619919,73.29
2025-06-16,70.77,71.39,70.35,70.48,1312472,73.12
2025-06-17,70.35,70.53,69.82,70.26,1329846,72.89
2025-06-18,70.23,70.87,69.92,70.15,1457659,72.78
2025-06-20,70.31,71.18,70.09,71.09,3887525,73.75
2025-06-23,71.23,71.84,70.82,71.83,2290859,73.92
2025-06-24,71.77,71.99,71.02,71.19,1642682,73.27
2025-06-25,70.88,70.96,69.53,69.77,1792907,71.8
2025-06-26,70,70.42,69.62,70.29,1520631,72.34
2025-06-27,69.74,70.57,69.47,70.24,2406739,72.29
2025-06-30,70.19,71.49,69.81,71.39,1537829,73.47
2025-07-01,71.33,71.49,69.84,70.8,2099811,72.86
2025-07-02,70.15,70.38,67.55,68.76,3455410,70.76
2025-07-03,69.23,69.68,68.83,69.46,1422342,71.49
2025-07-07,69.35,69.92,68.32,68.75,2425655,70.75
2025-07-08,68.31,68.83,68.07,68.38,1874409,70.37
2025-07-09,68.24,68.52,67.62,67.77,2085897,69.75
2025-07-10,67.63,67.65,66.34,67.19,3123148,69.15
2025-07-11,66.93,67.28,66.58,66.93,2236115,68.88
2025-07-14,66.93,67.88,66.68,67.48,1777237,69.45
2025-07-15,67.06,67.4,65.77,65.86,1985384,67.78
2025-07-16,66.41,66.83,65.55,66.04,2237152,67.97
2025-07-17,66.07,66.44,65.66,66.2,2827566,68.13
2025-07-18,66.39,67.28,66.21,66.8,3744181,68.75
2025-07-21,66.9,67.05,65.88,65.88,3349251,67.8
2025-07-22,65.84,67.25,64.79,66.6,3443927,68.54
2025-07-23,66.69,67.04,65.81,66.61,2781253,68.55
2025-07-24,66.34,66.87,66.06,66.6,2323108,68.54
2025-07-25,66.52,67.21,66.48,67.04,1370169,68.99
2025-07-28,66.87,66.92,65.89,66.07,2013411,68
2025-07-29,66.53,66.94,65.98,66.69,1916538,68.63
2025-07-30,66.88,67.45,66.67,66.96,1908305,68.91
2025-07-31,67.03,67.87,66.78,66.86,2315342,68.81
2025-08-01,67.2,67.46,66.55,67.29,2236973,69.25
2025-08-04,67.47,68.61,67.29,68.48,1884447,70.48
2025-08-05,68.72,68.96,68,68.08,1686227,70.06
2025-08-06,68.25,68.91,67.96,68.55,1714025,70.55
2025-08-07,68.38,68.7,67.67,68.12,1686065,70.11
2025-08-08,68.47,69.02,68.42,68.63,1282986,70.63
2025-08-11,68.68,68.87,67.77,67.98,2170234,69.96
2025-08-12,68.15,68.31,67.6,68.03,2111575,70.01
2025-08-13,68.35,69.42,68.2,69.33,1804046,71.35
2025-08-14,69.6,69.73,68.95,69.53,1311368,71.56
2025-08-15,69.87,69.87,68.56,68.78,3939337,70.79
2025-08-18,68.46,68.67,68.2,68.5,1977553,70.5
2025-08-19,68.51,69.65,68.47,69.53,1449936,71.56
2025-08-20,69.92,70.9,69.75,70.58,1281971,72.64
2025-08-21,70.54,70.85,70.32,70.46,1309602,72.51
2025-08-22,70.91,71.02,69.92,70.1,1423665,72.14
2025-08-25,69.83,70.02,69.08,69.12,1283571,71.13
2025-08-26,69.09,69.3,68.81,69.04,1854512,71.05
2025-08-27,69.19,69.94,68.98,69.64,1133289,71.67
2025-08-28,69.31,69.5,68.9,69.22,1260600,71.24
2025-08-29,69.38,69.82,69.2,69.66,1383312,71.69
2025-09-02,69.74,70.17,69.2,69.94,1521669,71.98
2025-09-03,69.62,70.33,69.38,70.23,1320443,72.28
2025-09-04,70.75,71.27,70.47,70.85,1606198,72.92
2025-09-05,70.77,70.95,69.62,69.92,981158,71.96
2025-09-08,69.81,70.53,69.08,70.36,1507299,72.41
2025-09-09,70.22,70.65,69.98,70.23,1445803,72.28
2025-09-10,69.93,70.21,69.52,70.11,1525381,72.15
2025-09-11,70.16,71.79,69.95,71.69,1643159,73.78
2025-09-12,71.49,72.14,71.16,71.73,1496581,73.82
2025-09-15,71.58,71.94,70.67,70.73,1561356,72.79
2025-09-16,70.5,70.5,68.43,69.4,3552375,71.42
2025-09-17,69.57,71.24,69.4,71.04,1815751,73.11
2025-09-18,70.65,71.22,70.05,71.03,2548230,73.1
2025-09-19,71.23,71.57,70.92,71.31,3377419,73.39
2025-09-22,71.31,71.69,70.75,71.42,2017835,73.41
2025-09-23,71.21,72.24,71.08,72.13,1419448,74.14
2025-09-24,71.89,72.79,71.53,72.78,1788491,74.81
2025-09-25,72.96,73.3,72.18,72.54,2345894,74.56
2025-09-26,73.26,74.1,72.9,73.82,1582130,75.88
2025-09-29,73.86,73.99,73.32,73.96,1756723,76.02
2025-09-30,74.04,74.88,73.77,74.54,1878971,76.62
2025-10-01,74.3,74.33,73.1,73.36,2871441,75.41
2025-10-02,72.93,74.29,72.71,74.11,2032027,76.18
2025-10-03,74.17,75.21,73.71,74.77,2113443,76.86
2025-10-06,74.9,75.47,74.59,74.89,1816739,76.98
2025-10-07,75.14,75.83,75.11,75.66,1668434,77.77
2025-10-08,76.26,76.26,75.44,75.73,1399147,77.84
2025-10-09,75.92,76.27,75.1,75.42,1597524,77.52
2025-10-10,75.86,76.3,75.36,75.54,1775383,77.65
2025-10-13,75.25,75.88,74.55,75.35,1475113,77.45
2025-10-14,75.7,76.35,75.17,76.33,1667324,78.46
2025-10-15,75.9,75.9,73.43,74.32,2976235,76.39
2025-10-16,73.66,73.8,71.42,71.65,3186165,73.65
2025-10-17,71.7,72.28,71.42,72.04,3911101,74.05
2025-10-20,72.28,72.5,71.37,71.49,3011445,73.48
2025-10-21,69.55,73.34,69.19,72.96,5517732,75
2025-10-22,72.8,73.5,71.83,72.98,5630513,75.02
2025-10-23,73.41,73.41,72.34,73.2,4568583,75.24
2025-10-24,73.18,73.47,72.59,72.99,3852104,75.03
2025-10-27,72.9,73.48,72.66,73.22,2289940,75.26
2025-10-28,73.02,73.02,70.39,70.64,3053628,72.61
2025-10-29,70.23,70.24,68.85,69.46,4271827,71.4
2025-10-30,69.77,70.18,69.07,69.6,7972222,71.54
2025-10-31,68.9,69.72,68.79,69.4,3013757,71.34
2025-11-03,69.38,69.88,68.39,69.83,5321630,71.78
2025-11-04,70.16,72.04,70.15,72.04,3244645,74.05
2025-11-05,72.04,73.03,71.97,72.69,2420008,74.72
2025-11-06,72.88,73.65,72.53,72.56,2309775,74.58
2025-11-07,72.2,73.58,72.15,72.94,2048064,74.97
2025-11-10,72.57,73.81,72.3,73.78,2866754,75.84
2025-11-11,74.16,74.56,73.54,74.28,1298043,76.35
2025-11-12,74.17,74.79,74.17,74.57,1884243,76.65
2025-11-13,74.62,75.29,74.59,74.87,2262834,76.96
2025-11-14,75.11,75.79,74.3,74.91,3179231,77
2025-11-17,75.24,75.72,74.79,75.01,1826660,77.1
2025-11-18,74.87,75.89,74.77,75.4,2174796,77.5
2025-11-19,75.24,75.99,74.22,74.61,2249838,76.69
2025-11-20,74.97,75.52,74.57,75.2,1847680,77.3
2025-11-21,75.48,76.82,75.31,75.98,2008706,78.1
2025-11-24,76.04,76.2,75.27,75.43,2703999,77.53
2025-11-25,75.95,76.31,75.66,75.81,1745814,77.92
2025-11-26,76.03,76.27,75.53,75.53,1191783,77.64
2025-11-28,75.39,75.84,75.33,75.58,629906,77.69
2025-12-01,75.49,75.94,70.98,71,4340526,72.98
2025-12-02,70.57,71.7,70.53,70.82,4044507,72.8
2025-12-03,71.15,71.54,69.38,69.71,3460125,71.65
2025-12-04,69.74,69.99,68.66,68.95,5683951,70.87
2025-12-05,66.19,68.28,63.62,64.91,15664182,66.72
2025-12-08,65.41,65.64,64.18,64.8,4292291,66.61
2025-12-09,64.89,65.87,64.89,65.12,3082987,66.94
2025-12-10,65.03,66.19,64.88,65.76,4281271,67.59
2025-12-11,66,67.76,65.86,67.46,3027274,69.34
2025-12-12,67.84,67.84,67.11,67.45,4040503,69.33
2025-12-15,67.86,68.57,67.76,68.3,3285069,69.1
2025-12-16,68.29,68.54,67.38,67.77,3570365,68.56
2025-12-17,67.45,68.38,67.21,68.31,1780277,69.11
2025-12-18,68.02,68.8,67.74,68.74,1697074,69.55
2025-12-19,68.69,69.16,68.54,68.57,2952005,69.37
2025-12-22,68.61,69.83,68.44,69.41,3282779,70.22
2025-12-23,70.03,70.35,69.34,69.42,4495364,70.23
2025-12-24,69.46,69.82,69.31,69.82,1676615,70.64
2025-12-26,69.71,70.18,69.48,69.75,1179970,70.57
2025-12-29,69.93,70.19,69.71,69.97,1631714,70.79
2025-12-30,69.95,70.32,69.6,69.98,5667208,70.8
2025-12-31,69.79,70.33,69.26,69.31,1536995,70.12
2026-01-02,68.96,69.24,68.11,68.56,2114180,69.36
2026-01-05,68.01,70.26,67.9,69.89,2960646,70.71
2026-01-06,69.55,69.9,68.44,69.18,2133139,69.99
2026-01-07,68.31,68.64,67.24,67.7,2242396,68.49
2026-01-08,68.03,69.74,67.65,69.43,2935857,70.24
2026-01-09,69.53,69.68,67.57,67.65,2476857,68.44
2026-01-12,67.83,68.51,67.58,67.91,2217396,68.71
2026-01-13,67.7,68.17,66.78,67.21,2084027,68
2026-01-14,67.54,68.95,67.45,68.38,1918682,69.18
2026-01-15,68.4,68.97,67.51,67.91,1769503,68.71
2026-01-16,67.84,68.24,66.89,67.09,3279638,67.88
2026-01-20,65.96,67.53,65.88,66.94,2084696,67.73
2026-01-21,67,67.46,65.73,66.76,2681147,67.54
2026-01-22,66.63,66.86,66.22,66.74,2639757,67.52
2026-01-23,66.82,67.15,65.73,66.34,3969325,67.12
2026-01-26,66.91,67.41,65.6,66.1,4333647,66.88
2026-01-27,68.08,69.11,64.27,66.45,4420518,67.23
2026-01-28,66.09,67.23,66.06,66.89,1990087,67.67
2026-01-29,67.38,68.21,66.64,67.47,2481497,68.26
2026-01-30,67.39,67.86,67.03,67.78,1732897,68.58
2026-02-02,67.75,67.96,66.63,66.98,2842373,67.77
2026-02-03,66.69,68.58,66.47,68.39,2070263,69.19
2026-02-04,68.68,69.83,68.64,69.38,1778801,70.19
2026-02-05,69.77,70.77,69.55,70.46,1700658,71.29
2026-02-06,70.46,71.07,69.32,69.59,1520917,70.41
2026-02-09,69.67,70.22,68.19,68.45,2044698,69.25
2026-02-10,67.93,69.39,67.58,69.11,1557313,69.92
2026-02-11,68.96,70.85,68.45,70.71,2448035,71.54
2026-02-12,70.96,72.22,70.18,70.82,2085316,71.65
2026-02-13,70.13,70.89,68.51,68.89,2749211,69.7
2026-02-17,69.82,70.81,69.58,70.22,1998820,71.04
2026-02-18,70.22,70.46,69.09,69.98,1841795,70.8
2026-02-19,70.62,71.22,69.24,69.52,2727068,70.34
2026-02-20,70.2,70.32,69.54,70.26,1763929,71.08
2026-02-23,70.8,71.3,69.87,70.27,1771605,71
2026-02-24,70.03,70.99,69.22,70.89,2037723,71.63
2026-02-25,71,71.29,69.95,70.84,1641323,71.58
2026-02-26,71.32,71.62,70.59,70.84,1558749,71.58
2026-02-27,71.2,71.2,70.28,70.96,4799561,71.7
2026-03-02,70.79,72.66,70.79,72.48,1640460,73.24
2026-03-03,71.92,71.98,70.36,71.89,1684554,72.64
2026-03-04,71.87,71.87,69.62,69.66,1786679,70.39
2026-03-05,69.15,69.28,68.11,68.85,2913124,69.57
2026-03-06,68.62,69.5,67.7,69.2,1677378,69.92
2026-03-09,68.9,68.9,66.92,67.53,1926952,68.24
2026-03-10,67.09,67.76,66.76,67.16,1674155,67.86
2026-03-11,67.08,67.58,66.59,67.16,1491407,67.86
2026-03-12,66.64,68.3,66.27,67.99,1454411,68.7
2026-03-13,68.72,69.03,67.99,68.05,1392661,68.76
2026-03-16,68.31,68.62,67.7,67.82,1541830,68.53
2026-03-17,68.41,68.47,67.33,68.14,1542887,68.85
2026-03-18,67.51,67.83,66.09,66.56,2210093,67.26
2026-03-19,66.82,67,65.22,65.54,2167480,66.22
2026-03-20,65.36,65.85,65,65.06,8514253,65.74
2026-03-23,65.99,66.01,64.86,64.87,2498289,65.55
2026-03-24,64.85,65.25,64.22,64.36,1800395,65.03
2026-03-25,64.17,64.65,63.02,63.82,2661843,64.49
2026-03-26,63.93,64.6,63.92,64.59,1874831,65.26
2026-03-27,65.06,65.14,63.94,64.07,1844400,64.74
2026-03-30,64.63,65.75,64.39,65.56,4206450,66.25
2026-03-31,64.95,66.49,64.95,65.59,1878706,66.28
2026-04-01,64.69,65.23,64.32,64.6,1545214,65.28
2026-04-02,64.6,65.69,64.55,65.31,1235999,65.99
2026-04-06,65.04,65.49,64.73,65.48,1057551,66.16
2026-04-07,65.44,66.06,65.09,65.99,1352106,66.68
2026-04-08,65.33,66.56,65.18,66.52,1714175,67.22
2026-04-09,65.97,67.21,65.75,66.51,1455199,67.21
2026-04-10,66.25,66.25,64.63,65.02,2049438,65.7
2026-04-13,64.99,66.43,64.99,66.27,1511862,66.96
2026-04-14,65.73,66.08,65.01,65.31,2864813,65.99
2026-04-15,65.17,65.72,64.8,65.42,1757329,66.1
2026-04-16,65.26,65.91,65.09,65.58,1622665,66.27
2026-04-17,65.68,66.39,64.99,66.14,1858955,66.83
2026-04-20,66.21,66.99,65.18,65.52,1723545,66.2
2026-04-21,65.61,65.97,64.41,64.72,3619105,65.4
2026-04-22,66.58,67.32,64.8,66.8,4476700,67.5
2026-04-23,67.47,68.01,66.55,67.74,2834928,68.45
2026-04-24,67.26,67.26,65.52,65.84,2211558,66.53
2026-04-27,64.82,66.25,64.78,65.52,1944479,66.2
2026-04-28,66.31,66.76,65.88,66.43,1879499,67.12
2026-04-29,66.36,66.59,65.63,66.26,2154784,66.95
2026-04-30,65.64,66.31,65.08,66.14,2777855,66.83
2026-05-01,66.52,67.23,65.66,65.69,2202569,66.38
2026-05-04,65.34,66.53,65.12,65.63,1637555,66.32
2026-05-05,65.53,66.36,65.3,65.8,1583664,66.49
2026-05-06,65.74,66.44,65.28,65.44,1544686,66.12
2026-05-07,65.11,66.18,64.91,65.84,1493530,66.53
2026-05-08,65.93,65.96,64.89,65,1378720,65.68
2026-05-11,65.34,65.88,64.85,65.72,1672240,66.41
2026-05-12,65.81,66.47,65.36,65.87,1276712,66.56
2026-05-13,65.59,66.19,64.4,64.75,1755723,65.43
2026-05-14,65.1,65.77,64.87,65.35,1742394,66.03
2026-05-15,65.82,66.4,65.32,65.76,2118071,66.45
2026-05-18,65.8,68.19,65.58,68.05,1974036,68.76
2026-05-19,68.04,68.39,67.37,67.81,1766283,68.52
2026-05-20,67.43,67.63,66.93,67.53,1948617,68.24
2026-05-21,67.09,67.41,66.21,66.77,2295949,67.47
2026-05-22,66.8,67.37,66.48,66.84,1636190,67.54
2026-05-26,66.74,67.1,66.41,66.63,1721850,67.33
2026-05-27,66.51,66.99,64.5,64.61,2635756,65.29
2026-05-28,64.58,64.87,63.62,63.64,2216142,64.3
2026-05-29,63.34,63.95,62.69,62.88,7648013,63.54
2026-06-01,62.55,63.8,62.22,63.68,2496366,64.35
2026-06-02,63.77,64.79,63.32,64.51,2029959,65.18
2026-06-03,64.42,65.15,63.89,64.61,2841379,65.29
2026-06-04,66.17,67.29,65.28,65.62,2188810,66.31
2026-06-05,66.33,68.08,66.3,67.86,1924050,68.57
2026-06-08,67.1,67.41,66.03,66.06,2307022,66.75
2026-06-09,66.18,67.12,65.94,66.52,1937707,67.22
2026-06-10,67,68.06,66.79,67.45,1533221,68.15
2026-06-11,67.48,67.97,66.67,66.84,2732680,67.54
2026-06-12,66.51,67.58,66.15,67.56,1799600,68.27
2026-06-15,67.45,67.79,67.08,67.33,1568931,68.03
2026-06-16,67.68,68.22,67.13,67.66,1818472,68.37
2026-06-17,67.13,68.17,67,67.39,1511137,68.09
2026-06-18,67.55,67.55,66.31,66.49,4293653,67.18
2026-06-22,66.58,67.34,66.3,66.45,1961635,67.14
2026-06-23,67.78,68.96,67.21,68.86,2959634,68.96
2026-06-24,69.17,70.47,68.79,69.95,2509481,70.05
2026-06-25,69.61,70.83,68.94,69.19,2030973,69.29
2026-06-26,70,71.26,69.24,71.17,2625341,71.27
2026-06-29,70.88,71.46,70.52,70.91,1505284,71.01
2026-06-30,70.82,71.23,70.26,70.43,1458025,70.53
2026-07-01,70.69,71.3,69.93,70.56,1923146,70.66
2026-07-02,70.65,72.21,69.83,71.98,1940837,72.08
2026-07-06,71.9,71.98,70.35,70.82,1588940,70.92
2026-07-07,71.68,72.98,71.38,71.44,1508960,71.54
2026-07-08,71.49,72.36,71,71.18,1663132,71.28
2026-07-09,71.16,72.02,70.75,71.72,2568292,71.82
2026-07-10,71.66,72.12,71.49,72.09,1765524,72.19
2026-07-13,72.64,73.79,72.6,73.73,2101161,73.84
2026-07-14,73.15,73.59,71.86,71.88,1659725,71.98
2026-07-15,70.42,71.03,69.5,69.78,1658323,69.88
2026-07-16,68.46,70.14,68.46,69.8,2092954,69.9
2026-07-17,71.13,72.31,70.51,71.51,3804211,71.61
2026-07-20,71.77,72.69,71.31,72.63,2461202,72.73
2026-07-21,71.37,74.71,71.37,72.06,3681097,72.16
2026-07-22,72.55,72.67,71.6,72.26,2003577,72.36
2026-07-23,72.29,73.38,71.77,73.33,1782530,73.43
2026-07-24,73.41,75.59,73.41,75.35,1952037,75.46
2026-07-27,74.95,75.96,74.76,75.59,1371196,75.7
2026-07-28,76.27,77.34,75.96,76.06,1538710,76.17
2026-07-29,75.7,76.85,75.08,75.54,1868096,75.65
2026-07-30,74.89,74.97,72.49,73.28,1699151,73.38
2026-07-31,72.26,73.32,72.16,72.44,1505829,72.54
2026-08-03,72.35,72.72,71.65,71.99,2201469,72.09
2026-08-04,72.19,72.19,70.4,71.29,2436444,71.39
2026-08-05,71.8,72.17,71.29,71.98,1633795,72.08
2026-08-06,73.02,73.33,71.4,72.03,2769973,72.13
2026-08-07,71.38,71.81,70.45,71.5,1496020,71.6
2026-08-10,70.87,71.08,69.98,70.72,1537579,70.82
2026-08-11,70.37,70.73,69.92,69.99,1092729,70.09
2026-08-12,69.42,70.45,69.21,69.63,1208958,69.73
2026-08-13,70.02,70.6,69.58,70.37,1524069,70.47
2026-08-14,70.28,70.6,69.95,70.41,1138098,70.51
2026-08-17,70.1,70.94,69.61,69.65,1246285,69.75
2026-08-18,70.78,71.28,70.05,70.07,1465312,70.17
2026-08-19,70.25,71.17,69.48,69.51,1484550,69.61
2026-08-20,69.36,70,69.08,69.08,1136943,69.18
2026-08-21,69.28,69.56,68.39,68.5,2097692,68.6
2026-08-24,68.93,70.11,68.93,69.6,1328340,69.7
2026-08-25,69.54,69.54,68.36,68.38,1423479,68.48
2026-08-26,68.28,68.8,68.28,68.57,1262816,68.67
2026-08-27,67.9,68.34,67.5,68.24,1636847,68.34
2026-08-28,68.66,68.83,67.89,68.34,1267051,68.44
2026-08-31,68.24,68.32,67.26,67.46,2032672,67.56
2026-09-01,67.89,68.06,67.32,67.62,1749971,67.72
2026-09-02,68.06,68.39,67.53,68.02,1788133,68.12
2026-09-03,68.59,69.75,68.46,69.4,2173114,69.5
2026-09-04,68.75,69.69,68.63,69.04,1709293,69.14
2026-09-08,68.63,70.57,68.12,69.67,4196628,69.77
2026-09-09,69.24,69.93,68.67,69.81,3289050,69.91
2026-09-10,70.32,70.68,68.93,69.95,3665975,70.05
2026-09-11,70.87,70.87,69.48,69.8,2653699,69.9
2026-09-14,70.73,71.36,69.94,70.77,2846075,70.87
2026-09-15,70.6,71.23,69.9,71.18,3114758,71.28
2026-09-16,70.71,71.1,69.68,69.85,4693827,69.95
2026-09-17,69.88,70.37,69.5,70,4014148,70.1
2026-09-18,69.7,70.26,69.05,69.89,20271273,69.99
2026-09-21,69.76,70.08,68.74,68.79,4691588,68.79
2026-09-22,68.72,69.06,67.71,68.17,4500365,68.17
2026-09-23,67.99,68.79,67.535,67.67,1857010,67.67
