date,open,high,low,close,volume,raw_close
2016-01-04,49.03,49.31,48.37,49,23034280,77.46
2016-01-05,48.83,49.43,48.66,49.42,13851750,78.12
2016-01-06,48.48,49.12,48.45,49.01,21179512,77.47
2016-01-07,48.12,49.34,48.02,48.22,23405044,76.23
2016-01-08,48.28,48.49,47.13,47.25,20917249,74.69
2016-01-11,47.45,47.52,45.9,46.62,22808524,73.69
2016-01-12,46.88,47.71,46.28,47.57,23944516,75.2
2016-01-13,47.98,48.75,47.41,47.86,27950181,75.65
2016-01-14,48.21,50.56,47.95,50.05,37262288,79.12
2016-01-15,48.29,49.45,48.27,49.08,33086939,77.58
2016-01-19,49.3,49.5,47.57,48.33,25626713,76.4
2016-01-20,47.49,47.9,45.26,46.29,34870299,73.18
2016-01-21,46.28,47.44,45.93,46.88,23788511,74.1
2016-01-22,48.34,48.57,47.27,48.44,24149827,76.57
2016-01-25,47.92,48.29,46.75,46.8,18474893,73.98
2016-01-26,47.3,48.57,46.97,48.52,20656887,76.7
2016-01-27,48.08,49.01,47.27,47.63,19504057,75.29
2016-01-28,48.95,49.13,47.84,48.7,17441403,76.99
2016-01-29,48.54,49.25,48.24,49.25,29622827,77.85
2016-02-01,48.49,48.58,47.72,48.26,18225003,76.29
2016-02-02,46.98,47.84,46.53,47.19,22187030,74.59
2016-02-03,47.78,49.68,46.98,49.65,29021525,78.48
2016-02-04,49.71,50.61,49.07,50.5,24653551,79.83
2016-02-05,50.31,50.67,49.7,50.66,28215280,80.08
2016-02-08,50.17,51.74,49.92,51.34,27846537,81.16
2016-02-09,51.06,51.5,50.23,51.12,19443636,80.08
2016-02-10,50.92,51.99,50.61,50.65,17584667,79.35
2016-02-11,50.01,51.16,49.52,50.81,21145227,79.6
2016-02-12,51.1,51.75,50.95,51.73,19108386,81.03
2016-02-16,52.15,52.25,51.25,51.85,18140708,81.22
2016-02-17,52.12,52.84,51.81,52.35,18220292,82
2016-02-18,52.95,53.02,52.26,52.63,16113868,82.45
2016-02-19,52.47,52.7,51.65,52.66,16208739,82.5
2016-02-22,53.1,53.26,52.47,52.59,16045518,82.39
2016-02-23,52.34,52.58,51.63,51.85,12126407,81.23
2016-02-24,51.01,52.2,50.86,52.04,14780858,81.52
2016-02-25,52.06,52.39,51.08,52.35,14845462,82.01
2016-02-26,52.91,53.03,52.15,52.19,15512797,81.75
2016-02-29,52.27,52.6,51.1,51.16,22401600,80.15
2016-03-01,51.42,52.2,51.27,51.89,17452927,81.28
2016-03-02,51.67,52.8,51.27,52.79,15110840,82.7
2016-03-03,52.77,52.8,52.05,52.6,14471582,82.4
2016-03-04,52.77,52.96,52.19,52.53,19555767,82.29
2016-03-07,52.54,53.92,52.48,53.92,20130491,84.46
2016-03-08,53.62,53.76,52.65,52.75,15670483,82.63
2016-03-09,53.12,53.53,52.5,52.6,15601763,82.4
2016-03-10,52.61,52.77,51.66,52.46,16879503,82.18
2016-03-11,53.14,53.32,52.35,52.47,17465167,82.19
2016-03-14,52.01,52.75,51.72,52.61,15380095,82.41
2016-03-15,52.09,52.89,52.04,52.87,10112686,82.82
2016-03-16,53,53.09,52.31,52.9,12244550,82.87
2016-03-17,53.4,54.05,52.8,53.69,15259867,84.1
2016-03-18,54,54,53.15,53.75,26588298,84.2
2016-03-21,53.52,53.71,53.3,53.38,9410135,83.62
2016-03-22,53.03,54.17,52.99,53.7,15366424,84.12
2016-03-23,53.53,53.81,53.32,53.46,14500977,83.75
2016-03-24,52.95,53.64,52.94,53.61,10793527,83.98
2016-03-28,53.64,53.85,53.43,53.76,8511438,84.22
2016-03-29,53.41,54.01,53.09,53.96,10941982,84.53
2016-03-30,54.28,54.29,53.62,53.95,11684158,84.52
2016-03-31,53.67,54.32,53.36,53.36,15983061,83.59
2016-04-01,52.6,53.23,52.59,52.96,14287044,82.96
2016-04-04,53.02,53.56,52.84,53.09,8896030,83.16
2016-04-05,52.73,53.07,52.34,52.48,11508272,82.21
2016-04-06,52.78,53.28,52.54,53.18,10077693,83.31
2016-04-07,52.83,53.09,52.38,52.58,9171275,82.37
2016-04-08,53.18,53.27,52.89,53.12,10373277,83.21
2016-04-11,53.19,53.78,53.16,53.19,11419784,83.32
2016-04-12,53.42,54.02,53.22,53.85,10908131,84.35
2016-04-13,53.92,54.2,53.65,54.15,10074859,84.83
2016-04-14,54.26,54.83,54.11,54.53,11460217,85.43
2016-04-15,54.45,54.68,54.12,54.24,14149878,84.97
2016-04-18,53.54,54.81,53.53,54.76,10073545,85.78
2016-04-19,54.8,55.1,54.4,55.03,11200262,86.21
2016-04-20,55.05,55.82,54.88,55.41,16161462,86.8
2016-04-21,55.28,56.07,55.26,55.4,12916607,86.79
2016-04-22,55.69,55.95,55.42,55.88,10404041,87.53
2016-04-25,55.59,55.79,55.12,55.75,8901052,87.33
2016-04-26,56.02,56.14,55.58,55.94,10544653,87.63
2016-04-27,56.14,56.63,55.75,56.47,11528395,88.46
2016-04-28,56.09,56.67,55.86,56.19,12161364,88.03
2016-04-29,56.61,57.31,56.01,56.43,20634343,88.4
2016-05-02,56.33,57.12,56.23,56.9,10999176,89.13
2016-05-03,56.43,56.58,55.76,56.25,11189297,88.11
2016-05-04,56.37,56.65,55.92,56.14,11658206,87.94
2016-05-05,56.65,56.79,55.93,56.2,9360846,88.04
2016-05-06,55.83,56.61,55.83,56.5,8762904,88.51
2016-05-09,56.56,56.66,55.68,56.54,12244055,88.57
2016-05-10,56.75,57.45,56.7,57.45,13738643,89.99
2016-05-11,57.39,57.73,57.11,57.17,12591440,88.81
2016-05-12,57.81,57.89,57.39,57.72,11843094,89.67
2016-05-13,57.47,57.72,56.98,57.07,10760549,88.66
2016-05-16,57.42,57.72,57.29,57.66,9742304,89.57
2016-05-17,57.46,57.88,57.39,57.63,11164825,89.53
2016-05-18,57.81,57.93,57.07,57.52,10664831,89.35
2016-05-19,57.04,58.04,56.94,58.01,15797529,90.11
2016-05-20,58.19,58.19,57.54,57.77,15105426,89.74
2016-05-23,57.29,57.87,57.18,57.68,13467135,89.6
2016-05-24,57.86,58.19,57.65,57.72,11065903,89.67
2016-05-25,57.84,58.17,57.67,58.1,10687116,90.26
2016-05-26,58.1,58.23,57.46,57.81,8586414,89.8
2016-05-27,57.55,57.97,57.5,57.94,8762427,90.01
2016-05-31,57.93,58.06,57.12,57.3,17033255,89.02
2016-06-01,56.92,57.58,56.73,57.45,8942204,89.24
2016-06-02,56.78,56.99,56.4,56.99,10959653,88.53
2016-06-03,56.93,57.18,56.67,56.89,10664165,88.37
2016-06-06,57.21,57.61,57.09,57.51,10141582,89.34
2016-06-07,57.77,58.53,57.75,58.39,14554027,90.71
2016-06-08,58.6,58.77,58.28,58.44,11313734,90.79
2016-06-09,58.05,58.6,58.01,58.37,9773279,90.67
2016-06-10,58.17,58.53,57.79,57.92,11549640,89.98
2016-06-13,57.88,58.86,57.74,58.31,12538674,90.59
2016-06-14,58.22,58.49,57.84,58.21,10905476,90.43
2016-06-15,58.08,58.51,57.93,58.04,11929888,90.16
2016-06-16,57.74,58.83,57.36,58.72,13822646,91.22
2016-06-17,58.89,58.96,58.06,58.4,23697610,90.72
2016-06-20,58.77,58.96,58.62,58.66,10387503,91.12
2016-06-21,58.4,58.99,58.1,58.92,9694110,91.53
2016-06-22,59.12,59.18,58.58,58.69,9791558,91.17
2016-06-23,59.18,59.27,58.7,59.09,10470175,91.8
2016-06-24,57.86,58.45,57.39,57.54,22974733,89.39
2016-06-27,57.23,57.36,56.72,57.2,16168492,88.86
2016-06-28,57.76,58.53,57.63,58.52,14890651,90.91
2016-06-29,58.84,59.67,58.66,59.52,15334431,92.46
2016-06-30,59.43,60.4,59.42,60.34,16769331,93.74
2016-07-01,60.1,60.5,59.91,60.41,11280386,93.84
2016-07-05,59.94,60.25,59.38,59.88,12530519,93.02
2016-07-06,60.09,60.59,59.51,60.57,14569390,94.09
2016-07-07,60.73,60.83,59.45,59.84,13448127,92.96
2016-07-08,60.12,60.37,59.81,60.21,10999974,93.54
2016-07-11,60.35,60.77,60.28,60.44,9034179,93.89
2016-07-12,60.94,61.12,60.57,61.12,11192446,94.95
2016-07-13,60.93,61.1,60.58,61.08,10511277,94.88
2016-07-14,61.19,61.49,60.91,61.12,10329343,94.95
2016-07-15,61.44,61.51,60.92,61.23,13283691,95.12
2016-07-18,61.1,61.25,60.77,61.04,11021517,94.82
2016-07-19,61,61.11,60.64,60.81,6787788,94.47
2016-07-20,60.67,60.78,60.38,60.46,8021110,93.93
2016-07-21,60.44,60.68,60.16,60.41,9046922,93.85
2016-07-22,60.58,60.7,60.33,60.52,8444297,94.01
2016-07-25,60.17,60.27,59.07,59.35,12504080,92.2
2016-07-26,58.98,59.24,58.65,58.92,13164614,91.53
2016-07-27,58.91,59.1,58.34,58.52,11194320,90.91
2016-07-28,58.28,58.4,57.68,58.06,13303469,90.2
2016-07-29,56.4,57.3,55.44,57.26,27350943,88.95
2016-08-01,56.7,56.74,55.1,55.27,24619522,85.86
2016-08-02,55.65,56.21,55.09,56.03,20316737,87.04
2016-08-03,56.01,56.32,55.75,56.32,16899352,87.49
2016-08-04,56.33,56.42,56.02,56.31,14570247,87.48
2016-08-05,56.47,56.54,56.1,56.36,11288404,87.56
2016-08-08,56.68,57.22,56.67,57.03,11357730,88.59
2016-08-09,57.05,57.14,56.76,57.1,10315782,88.7
2016-08-10,56.99,57.08,55.84,56.1,13769895,86.41
2016-08-11,56.28,56.66,56,56.3,12932888,86.72
2016-08-12,56.46,57.12,56.42,57.03,10945353,87.85
2016-08-15,57.4,57.46,56.9,57.01,7053067,87.81
2016-08-16,57.02,57.25,56.72,57.08,7521158,87.92
2016-08-17,57.08,57.25,56.91,57.2,7987187,88.11
2016-08-18,57.38,57.74,57.21,57.72,12000166,88.91
2016-08-19,57.54,57.61,56.99,57,10057830,87.8
2016-08-22,56.68,57.2,56.38,57.12,9324102,87.99
2016-08-23,57.03,57.14,56.84,56.95,8062016,87.72
2016-08-24,56.81,57.23,56.71,57.14,9099946,88.02
2016-08-25,57.14,57.15,56.64,56.78,8257111,87.46
2016-08-26,56.89,57.2,56.48,56.66,7204431,87.27
2016-08-29,56.51,57.08,56.51,57.03,8383528,87.84
2016-08-30,57.05,57.29,56.72,56.82,7470143,87.52
2016-08-31,56.58,56.62,55.97,56.57,15856109,87.14
2016-09-01,56.3,56.38,55.89,56.38,9325890,86.84
2016-09-02,56.75,56.86,56.44,56.75,8172213,87.42
2016-09-06,57.03,57.55,56.91,57.5,11562796,88.57
2016-09-07,57.55,57.57,57.11,57.29,8263335,88.24
2016-09-08,57.49,58.02,57.16,57.81,10673671,89.05
2016-09-09,57.56,57.56,56.35,56.38,14996661,86.84
2016-09-12,56.34,56.94,56.24,56.67,12447993,87.29
2016-09-13,56.13,56.14,55.23,55.32,14570410,85.21
2016-09-14,55.21,55.72,54.71,54.92,15101364,84.6
2016-09-15,54.97,55.6,54.87,55.23,10813183,85.08
2016-09-16,54.86,55.22,54.25,54.55,28449925,84.03
2016-09-19,54.91,54.94,54.41,54.42,8804257,83.83
2016-09-20,54.36,54.5,53.59,53.59,18756942,82.54
2016-09-21,53.77,54.29,53.44,54.08,16317217,83.3
2016-09-22,54.72,54.89,54.13,54.24,12427307,83.54
2016-09-23,53.68,54.73,53.62,54.18,14422377,83.45
2016-09-26,54.22,54.86,53.84,53.92,13389446,83.06
2016-09-27,53.62,54.11,53.42,54.04,10640904,83.24
2016-09-28,54.18,56.63,54.11,56.42,29642935,86.9
2016-09-29,56.46,56.61,55.62,56.13,20033519,86.46
2016-09-30,56.38,57.01,56.25,56.66,19269167,87.28
2016-10-03,56.44,56.61,56.18,56.51,8123661,87.05
2016-10-04,56.73,56.81,55.88,55.99,9364123,86.25
2016-10-05,56.37,56.59,56.29,56.48,10190437,87
2016-10-06,56.64,56.79,56.12,56.51,8420043,87.04
2016-10-07,56.45,56.74,56.1,56.31,7582397,86.74
2016-10-10,56.83,57.57,56.81,57.42,11059378,88.44
2016-10-11,57.18,57.25,56.68,56.96,10194923,87.74
2016-10-12,56.62,56.95,56.27,56.57,9727286,87.13
2016-10-13,56.06,56.4,55.46,56.2,10828340,86.56
2016-10-14,56.6,56.83,56.14,56.18,9581346,86.54
2016-10-17,56.14,56.34,55.88,56.18,8293165,86.54
2016-10-18,56.59,56.7,56.08,56.33,6209646,86.77
2016-10-19,56.61,57.03,56.4,56.59,11098429,87.17
2016-10-20,56.34,56.81,56.22,56.62,7626859,87.21
2016-10-21,56.1,56.36,55.64,56.23,12939169,86.62
2016-10-24,56.31,56.69,55.88,56.42,9595593,86.91
2016-10-25,56.27,56.9,56.22,56.3,7445855,86.72
2016-10-26,55.99,56.77,55.8,56.54,9250287,87.09
2016-10-27,56.66,56.91,56.35,56.43,9940044,86.92
2016-10-28,55.36,56.07,54.62,55.04,20850702,84.78
2016-10-31,54.46,54.79,53.88,54.09,19108196,83.32
2016-11-01,54.21,54.48,54.06,54.31,14279113,83.65
2016-11-02,54.08,54.46,53.85,54.18,12683917,83.45
2016-11-03,54.33,54.46,53.92,54.31,9932957,83.66
2016-11-04,54.29,54.75,53.73,54.25,15122978,83.57
2016-11-07,54.85,55.49,54.79,55.48,15440375,85.45
2016-11-08,55.49,56.22,55.34,55.87,10675681,85.31
2016-11-09,55.05,56.79,54.79,56.49,17808551,86.25
2016-11-10,56.27,57.63,56.1,57.01,15200557,87.05
2016-11-11,56.67,56.8,55.6,56.11,15519503,85.67
2016-11-14,55.87,56.1,55.23,55.85,13549434,85.28
2016-11-15,56.18,57.02,56.18,56.86,14190792,86.82
2016-11-16,56.81,56.84,56.05,56.16,9162718,85.75
2016-11-17,56.61,56.9,55.68,55.82,9194827,85.23
2016-11-18,55.81,56.1,55.56,55.85,10055578,85.28
2016-11-21,56.61,56.78,56.41,56.65,10458997,86.49
2016-11-22,56.86,57.14,56.31,56.77,10752985,86.68
2016-11-23,56.68,57.03,56.53,56.93,7063576,86.92
2016-11-25,56.79,57.07,56.68,57.06,5844227,87.12
2016-11-28,56.95,57.07,56.57,56.63,8587536,86.47
2016-11-29,55.95,56.38,55.72,56.26,10421224,85.9
2016-11-30,57.37,57.76,57.11,57.18,28065827,87.3
2016-12-01,57.62,57.96,57.14,57.14,14490028,87.24
2016-12-02,57.11,57.63,56.72,57.01,11447756,87.04
2016-12-05,57.24,57.52,56.93,57.3,13928466,87.48
2016-12-06,57.16,57.55,56.78,57.35,12396336,87.56
2016-12-07,57.39,57.73,57.11,57.68,13078156,88.07
2016-12-08,57.67,58.19,57.41,57.85,10197534,88.32
2016-12-09,58.06,58.29,57.75,58.29,9400016,89
2016-12-12,59.04,59.93,59.04,59.59,17505697,90.98
2016-12-13,60.18,61.05,59.71,60.64,20305641,92.58
2016-12-14,60.43,60.43,59.06,59.33,17798790,90.58
2016-12-15,59.01,59.59,58.79,59.53,12851444,90.89
2016-12-16,59.94,60.04,59.37,59.72,27355234,91.18
2016-12-19,59.85,59.95,59.08,59.22,10860580,90.42
2016-12-20,59.28,59.5,59.14,59.23,8753068,90.43
2016-12-21,59.39,59.54,59.06,59.13,8701903,90.28
2016-12-22,58.96,59.54,58.96,59.52,9602715,90.87
2016-12-23,59.53,59.58,59.29,59.41,5068522,90.71
2016-12-27,59.49,59.67,59.33,59.44,6370518,90.75
2016-12-28,59.39,59.67,59.12,59.14,8831976,90.3
2016-12-29,59.01,59.34,58.97,59.18,8863168,90.35
2016-12-30,58.97,59.4,58.95,59.12,11838543,90.26
2017-01-03,59.56,59.82,59.04,59.53,11993849,90.89
2017-01-04,59.68,59.7,58.78,58.87,11006656,89.89
2017-01-05,59.07,59.14,57.92,58,16346142,88.55
2017-01-06,58.15,58.28,57.52,57.96,17469877,88.5
2017-01-09,57.78,57.78,56.69,57.01,15937174,87.04
2017-01-10,57.09,57.18,56.27,56.28,14838549,85.93
2017-01-11,56.26,56.95,56.23,56.86,12278855,86.81
2017-01-12,57.16,57.23,56.37,56.55,11277309,86.34
2017-01-13,56.5,56.77,56.44,56.56,9522417,86.35
2017-01-17,56.71,57.24,56.49,57.22,14835143,87.36
2017-01-18,57.02,57.25,56.36,56.51,13426641,86.28
2017-01-19,56.31,56.39,55.4,55.49,18287234,84.73
2017-01-20,55.96,56.3,55.7,56.25,22681084,85.89
2017-01-23,56.12,56.25,55.51,55.65,13010431,84.97
2017-01-24,55.66,55.98,55.56,55.73,13026583,85.09
2017-01-25,55.89,56.25,55.84,55.89,11192940,85.34
2017-01-26,56.12,56.22,55.75,56.06,9581736,85.6
2017-01-27,55.87,56.16,55.7,56.01,12415912,85.51
2017-01-30,55.95,55.97,55.13,55.58,14250866,84.86
2017-01-31,55.7,55.72,54.45,54.94,21378820,83.89
2017-02-01,55.02,55.12,54.06,54.32,16381653,82.94
2017-02-02,54.5,54.71,54.07,54.66,13731969,83.45
2017-02-03,54.82,54.83,54.3,54.72,13945933,83.54
2017-02-06,54.72,54.79,54.32,54.56,10713388,83.31
2017-02-07,54.51,54.77,54,54.21,12820286,82.77
2017-02-08,54.19,54.28,53.65,53.85,15000564,81.48
2017-02-09,54.07,54.23,53.98,54.09,10491801,81.84
2017-02-10,54.37,54.71,54.28,54.54,9745027,82.52
2017-02-13,54.73,54.98,54.43,54.86,10023915,83
2017-02-14,54.8,54.92,54.24,54.74,12726889,82.82
2017-02-15,54.62,54.98,54.5,54.96,13666970,83.16
2017-02-16,54.94,55.14,54.31,54.4,11861940,82.3
2017-02-17,54.26,54.32,53.83,54.04,19312653,81.76
2017-02-21,54.28,54.3,53.74,54.13,18374841,81.89
2017-02-22,53.97,54,53.45,53.49,14877101,80.93
2017-02-23,53.81,54.34,53.56,54.05,14697085,81.78
2017-02-24,53.93,54.07,53.38,53.59,12862656,81.08
2017-02-27,53.62,54.01,53.41,53.89,15263092,81.54
2017-02-28,53.89,54.19,53.57,53.75,19896371,81.32
2017-03-01,54,55.08,54,54.87,19295858,83.02
2017-03-02,54.73,55.68,54.72,55.06,15187810,83.3
2017-03-03,55.23,55.26,54.37,54.5,13404086,82.46
2017-03-06,54.49,54.79,54.42,54.75,11138821,82.83
2017-03-07,54.93,55.05,54.29,54.54,14773112,82.52
2017-03-08,54.43,54.45,53.54,53.56,18597319,81.03
2017-03-09,53.3,54.01,53.08,53.98,16473027,81.67
2017-03-10,54.49,54.51,53.64,53.94,12935276,81.61
2017-03-13,53.87,54.16,53.57,53.81,10680963,81.42
2017-03-14,53.54,53.69,53.17,53.53,12579367,80.99
2017-03-15,53.77,54.24,53.57,54.2,13279801,82
2017-03-16,54.22,54.33,53.98,54.24,11143879,82.07
2017-03-17,54.22,54.37,54.08,54.2,28243824,82
2017-03-20,54.01,54.22,53.83,54.2,8480422,82
2017-03-21,54.3,54.43,53.93,54.09,14822321,81.83
2017-03-22,54.17,54.26,53.82,54.04,12238386,81.76
2017-03-23,53.95,54.34,53.84,54.11,10088045,81.86
2017-03-24,54.22,54.22,53.64,53.69,10710596,81.23
2017-03-27,53.42,53.82,53.4,53.7,9560880,81.25
2017-03-28,53.75,54.21,53.51,54.09,12320332,81.84
2017-03-29,53.99,54.39,53.9,54.21,9316783,82.02
2017-03-30,54.22,55.43,54.15,55.32,55664670,83.7
2017-03-31,55.03,55.06,54.11,54.2,24356108,82.01
2017-04-03,54.21,54.4,53.77,54.24,12896341,82.07
2017-04-04,54.26,54.48,53.75,54.44,10069418,82.37
2017-04-05,54.76,55.22,54.51,54.55,14667466,82.53
2017-04-06,54.69,55,54.5,54.87,11030337,83.01
2017-04-07,55.02,55.1,54.65,54.7,10856132,82.76
2017-04-10,54.94,55.17,54.81,54.94,10090176,83.13
2017-04-11,54.91,54.97,54.48,54.75,9532351,82.84
2017-04-12,54.77,55.09,54.66,54.84,10506841,82.97
2017-04-13,54.67,54.68,53.91,53.99,9560748,81.69
2017-04-17,54.1,54.18,53.82,53.92,10903749,81.58
2017-04-18,53.75,54.08,53.56,53.57,9555241,81.05
2017-04-19,53.65,53.87,53.07,53.2,12305995,80.49
2017-04-20,53.5,54.03,53.34,53.54,14250276,81.01
2017-04-21,53.49,53.54,53.19,53.33,11867863,80.69
2017-04-24,53.72,53.8,53.41,53.61,9733029,81.11
2017-04-25,53.83,54.15,53.72,54.02,12524929,81.73
2017-04-26,53.88,54.42,53.79,53.8,10495168,81.4
2017-04-27,53.58,53.74,53.5,53.71,13343199,81.26
2017-04-28,54.5,54.52,53.91,53.97,14366576,81.65
2017-05-01,53.87,54.34,53.85,54.24,9769374,82.06
2017-05-02,54.29,54.59,54.13,54.23,10044837,82.05
2017-05-03,54.16,54.9,54.14,54.66,11189766,82.7
2017-05-04,54.39,54.44,53.8,53.96,17175853,81.64
2017-05-05,53.96,54.35,53.94,54.21,11203370,82.02
2017-05-08,54.2,54.82,54.2,54.79,9370560,82.89
2017-05-09,54.83,54.86,54.3,54.4,9622290,82.31
2017-05-10,54.79,54.96,54.48,54.65,10445643,81.91
2017-05-11,55.1,55.18,54.78,55.12,10979183,82.61
2017-05-12,54.97,55.18,54.88,55.08,7869982,82.55
2017-05-15,55.38,55.5,55.14,55.24,12341871,82.8
2017-05-16,55.35,55.53,55.01,55.08,10311858,82.55
2017-05-17,54.92,55.4,54.68,54.7,12509427,81.99
2017-05-18,54.56,54.81,54.32,54.54,11017983,81.75
2017-05-19,54.71,54.77,54.51,54.66,15888898,81.93
2017-05-22,54.78,54.93,54.66,54.9,11120930,82.29
2017-05-23,54.92,55.3,54.87,55.1,7642436,82.58
2017-05-24,54.99,55.07,54.72,54.9,9216144,82.29
2017-05-25,54.93,55.18,54.39,54.54,13204312,81.75
2017-05-26,54.45,54.58,53.93,54.41,8940977,81.55
2017-05-30,54.23,54.27,54.07,54.11,9689435,81.1
2017-05-31,54,54.01,53.69,53.71,17124540,80.5
2017-06-01,53.66,53.98,53.5,53.84,10946898,80.7
2017-06-02,53.77,53.83,52.88,53.04,23554163,79.5
2017-06-05,53,53.64,52.97,53.46,12363680,80.12
2017-06-06,53.58,54.26,53.52,54.18,13563931,81.21
2017-06-07,54.08,54.31,53.6,53.98,14634967,80.91
2017-06-08,53.72,54.1,53.7,53.79,12623268,80.62
2017-06-09,54.14,54.8,53.84,54.8,15096194,82.13
2017-06-12,55.16,55.84,55.14,55.33,20033943,82.93
2017-06-13,55.28,55.56,55.09,55.35,13568059,82.96
2017-06-14,55.25,55.26,54.42,54.76,15120320,82.07
2017-06-15,54.56,54.98,54.43,54.88,12874289,82.26
2017-06-16,55.12,55.74,54.84,55.7,58515342,83.49
2017-06-19,55.52,55.68,55.08,55.22,11694685,82.76
2017-06-20,54.76,55.02,54.32,54.92,14210697,82.31
2017-06-21,54.74,55.13,54.14,54.34,12630512,81.44
2017-06-22,54.34,54.43,53.98,54.1,9487634,81.08
2017-06-23,53.94,54.5,53.88,54.45,13455021,81.61
2017-06-26,54.42,54.54,53.98,54.2,8368396,81.24
2017-06-27,54.34,54.53,54.12,54.12,10520633,81.11
2017-06-28,54.32,54.55,54.17,54.4,10256056,81.53
2017-06-29,54.29,54.6,53.65,53.84,26334904,80.7
2017-06-30,54.1,54.2,53.84,53.86,16695320,80.73
2017-07-03,53.9,55.04,53.86,54.78,9732987,82.1
2017-07-05,54.5,54.5,53.72,53.94,11425017,80.85
2017-07-06,53.95,54.1,53.44,53.46,10836603,80.12
2017-07-07,53.52,53.77,53.25,53.52,11931974,80.22
2017-07-10,53.38,53.65,53.35,53.48,7245641,80.16
2017-07-11,53.6,53.88,53.4,53.78,10960390,80.6
2017-07-12,54.17,54.39,53.88,54.02,8923585,80.96
2017-07-13,54.02,54.1,53.86,54.02,6537631,80.97
2017-07-14,54.04,54.32,53.89,54.23,8326751,81.28
2017-07-17,54.04,54.33,53.93,53.95,8887956,80.86
2017-07-18,54.06,54.1,53.65,53.78,9080040,80.6
2017-07-19,53.66,53.96,53.56,53.94,10441300,80.85
2017-07-20,54.02,54.37,53.88,53.95,10633158,80.86
2017-07-21,53.81,53.94,53.38,53.46,15237423,80.12
2017-07-24,53.42,53.52,53.22,53.29,10978017,79.87
2017-07-25,53.89,54.08,53.56,53.56,13355244,80.27
2017-07-26,53.76,53.98,53.51,53.62,12031602,80.37
2017-07-27,53.54,53.96,53.31,53.93,12104924,80.83
2017-07-28,53.14,53.32,52.22,53.11,24064337,79.6
2017-07-31,53.26,53.64,53.11,53.4,15146052,80.04
2017-08-01,53.48,53.74,53.36,53.49,11283573,80.17
2017-08-02,53.31,53.8,53.24,53.78,11584843,80.6
2017-08-03,53.6,53.92,53.58,53.7,11519000,80.49
2017-08-04,53.67,53.75,53.41,53.52,9344624,80.21
2017-08-07,53.49,53.49,53.28,53.48,9019137,80.16
2017-08-08,53.39,53.52,53.26,53.35,9833369,79.96
2017-08-09,53.54,53.61,53.23,53.52,8832633,80.21
2017-08-10,53.73,53.74,53.16,53.2,13458878,78.97
2017-08-11,53.36,53.39,52.68,52.69,11388931,78.21
2017-08-14,52.96,53.08,52.63,52.7,9949195,78.23
2017-08-15,52.63,52.71,52.33,52.57,11365468,78.04
2017-08-16,52.57,52.66,52.08,52.19,10381081,77.47
2017-08-17,52.05,52.06,51.34,51.37,15609891,76.26
2017-08-18,51.32,51.95,51.23,51.63,15459601,76.64
2017-08-21,51.51,51.62,51.25,51.45,12193951,76.38
2017-08-22,51.57,52.1,51.55,51.7,10478187,76.74
2017-08-23,51.67,51.88,51.51,51.61,7925456,76.61
2017-08-24,51.53,51.64,51.33,51.42,9581313,76.33
2017-08-25,51.58,51.96,51.49,51.68,7665813,76.72
2017-08-28,51.8,51.83,51.37,51.51,9932124,76.47
2017-08-29,51.34,51.53,51.25,51.5,8090031,76.45
2017-08-30,51.36,51.5,51.24,51.27,9157617,76.1
2017-08-31,51.38,51.53,51.23,51.42,19796652,76.33
2017-09-01,51.43,51.77,51.41,51.58,8188015,76.57
2017-09-05,51.63,52.11,51.61,51.99,15222036,77.18
2017-09-06,52.47,53.37,52.26,53.07,21146453,78.78
2017-09-07,53.23,53.44,52.96,53.24,10788428,79.03
2017-09-08,53.23,53.25,52.97,53.1,9464516,78.82
2017-09-11,53.5,53.5,53.15,53.39,15039725,79.25
2017-09-12,53.49,53.68,53.38,53.56,8703412,79.5
2017-09-13,53.56,53.74,53.47,53.74,9377565,79.77
2017-09-14,53.79,54.05,53.74,53.95,10265270,80.09
2017-09-15,53.97,54.03,53.59,53.94,23230602,80.07
2017-09-18,53.75,53.99,53.69,53.95,9477079,80.09
2017-09-19,53.93,54.16,53.88,54.04,10869267,80.22
2017-09-20,54.08,54.34,54.07,54.26,11830825,80.55
2017-09-21,54.22,54.25,53.73,53.82,13816969,79.89
2017-09-22,53.7,54.09,53.67,53.84,11760435,79.92
2017-09-25,53.91,54.57,53.88,54.55,12183496,80.98
2017-09-26,54.37,54.56,54.27,54.49,9963301,80.89
2017-09-27,54.49,54.87,54.42,54.86,11131480,81.43
2017-09-28,54.99,55.54,54.94,55.37,19362845,82.19
2017-09-29,55.2,55.28,54.95,55.23,12099359,81.98
2017-10-02,54.77,55.12,54.73,54.99,7941773,81.63
2017-10-03,54.84,55.22,54.77,55.08,6674002,81.76
2017-10-04,55.11,55.15,54.87,55.1,7059778,81.79
2017-10-05,55.08,55.4,54.96,55.25,8480723,82.02
2017-10-06,55.08,55.17,54.81,55.04,7073193,81.71
2017-10-09,55.13,55.36,55.08,55.26,8799431,82.03
2017-10-10,55.47,55.73,55.3,55.42,7908392,82.26
2017-10-11,55.35,55.74,55.33,55.64,8408415,82.6
2017-10-12,55.44,55.58,55.35,55.53,7647797,82.43
2017-10-13,55.73,55.97,55.48,55.52,8317754,82.41
2017-10-16,55.75,55.88,55.6,55.79,6584712,82.81
2017-10-17,55.66,55.89,55.6,55.89,7521127,82.96
2017-10-18,55.89,56.18,55.6,55.75,7178249,82.76
2017-10-19,55.48,55.95,55.46,55.74,9465462,82.74
2017-10-20,55.77,56,55.66,55.99,11689414,83.11
2017-10-23,56.01,56.43,55.94,56.08,10840956,83.24
2017-10-24,56.28,56.46,56.12,56.23,8339123,83.47
2017-10-25,56.2,56.41,55.88,56.03,10319841,83.17
2017-10-26,56.16,56.35,55.99,56.23,9870937,83.47
2017-10-27,55.91,56.75,55.25,56.39,16628088,83.71
2017-10-30,56.39,56.55,56.19,56.28,9225137,83.54
2017-10-31,56.32,56.37,56.03,56.15,11389965,83.35
2017-11-01,56.18,56.55,56.09,56.5,10721256,83.87
2017-11-02,56.32,56.39,55.85,56.27,8567674,83.53
2017-11-03,56.2,56.34,56.02,56.03,7945955,83.18
2017-11-06,56.12,56.5,55.95,56.42,10248556,83.75
2017-11-07,56.41,56.47,55.93,56.3,9173205,83.58
2017-11-08,56.16,56.25,55.82,56.23,9934890,83.47
2017-11-09,56.09,56.68,55.97,56.57,11737637,83.97
2017-11-10,56.44,56.49,56.04,56.39,10078479,82.94
2017-11-13,56.19,56.49,56.16,56.36,7299748,82.89
2017-11-14,56.04,56.26,55.81,55.91,10355254,82.24
2017-11-15,55.58,55.81,55.17,55.21,11008661,81.21
2017-11-16,54.69,54.97,54.49,54.77,11638888,80.56
2017-11-17,54.61,54.84,54.5,54.55,10776766,80.24
2017-11-20,54.55,54.83,54.4,54.77,9258851,80.55
2017-11-21,54.86,55.24,54.83,54.98,10795796,80.87
2017-11-22,55.18,55.35,55.11,55.14,9431285,81.1
2017-11-24,55.37,55.55,55.22,55.36,4330603,81.42
2017-11-27,55.29,55.34,55.08,55.15,11290920,81.11
2017-11-28,55.35,55.75,55.28,55.53,10849336,81.67
2017-11-29,55.51,55.96,55.4,55.93,10616012,82.27
2017-11-30,56.06,56.7,56.03,56.63,23047840,83.29
2017-12-01,56.73,57.2,56.03,56.74,15322658,83.46
2017-12-04,56.57,57.23,56.43,56.82,13690311,83.57
2017-12-05,56.77,56.95,56.23,56.36,10726251,82.89
2017-12-06,56.49,56.57,55.89,55.94,15405697,82.28
2017-12-07,56.02,56.17,55.87,56.13,14133530,82.55
2017-12-08,56.26,56.36,55.93,56.2,12352764,82.66
2017-12-11,56.4,56.6,56.25,56.45,9745698,83.03
2017-12-12,56.49,56.69,56.23,56.27,13331602,82.76
2017-12-13,56.17,56.63,56.08,56.51,11690546,83.12
2017-12-14,56.45,56.66,56.36,56.36,10897357,82.9
2017-12-15,56.49,56.62,56.34,56.45,35534515,83.03
2017-12-18,56.55,56.89,56.37,56.39,10935577,82.94
2017-12-19,56.49,56.55,55.98,56.05,11950160,82.44
2017-12-20,56.16,56.53,56.1,56.34,12539759,82.87
2017-12-21,56.67,57.29,56.4,57.01,14853390,83.85
2017-12-22,57.03,57.12,56.84,57.09,11673973,83.97
2017-12-26,57.08,57.36,57.04,57.1,5275216,83.98
2017-12-27,57.1,57.18,56.93,57.04,8215738,83.9
2017-12-28,57.1,57.14,56.97,57.12,9458577,84.02
2017-12-29,57.11,57.25,56.87,56.87,11120459,83.64
2018-01-02,56.99,57.92,56.88,57.81,12955629,85.03
2018-01-03,57.92,59.13,57.67,58.95,15353284,86.7
2018-01-04,59.01,59.3,58.76,59.03,11796129,86.82
2018-01-05,58.98,59.07,58.27,58.98,12475329,86.75
2018-01-08,58.95,59.25,58.88,59.25,13914278,87.14
2018-01-09,59.11,59.25,58.91,58.99,9209071,86.77
2018-01-10,59.15,59.28,58.46,58.53,12482709,86.08
2018-01-11,58.72,59.4,58.42,59.1,16656288,86.93
2018-01-12,59.29,59.82,59.27,59.5,11335586,87.52
2018-01-16,59.65,59.67,58.88,59.13,12742145,86.97
2018-01-17,59.29,59.97,59.1,59.83,12165960,88
2018-01-18,59.67,59.96,59.38,59.44,10903353,87.43
2018-01-19,59.54,59.67,58.89,59.25,15540545,87.15
2018-01-22,59.27,60.03,59.18,60,12658412,88.25
2018-01-23,60,60.14,59.65,60.03,12234148,88.3
2018-01-24,60.16,60.45,59.84,60.19,12186735,88.53
2018-01-25,60.2,60.42,59.97,60.08,12515458,88.37
2018-01-26,60.27,60.51,60.15,60.51,12155672,89
2018-01-29,60.23,60.71,59.8,59.84,10689835,88.01
2018-01-30,59.52,60.09,59,59,13836668,86.78
2018-01-31,58.85,59.47,58.7,59.35,17153939,87.3
2018-02-01,59.49,60.68,59.39,60.56,19765503,89.07
2018-02-02,57.88,58.48,56.43,57.47,32703622,84.53
2018-02-05,56.62,57.1,53.12,54.2,33126437,79.72
2018-02-06,53.38,54.63,52.28,53.27,38347010,78.35
2018-02-07,53.33,53.99,52.3,52.31,24119781,76.94
2018-02-08,52.65,52.75,51.69,51.72,27548861,76.07
2018-02-09,52.37,52.53,50.76,52.05,31675981,75.78
2018-02-12,52.92,53.31,52.09,52.49,22687107,76.42
2018-02-13,52.27,52.72,52.01,52.41,12703020,76.3
2018-02-14,52.06,52.65,51.63,52.52,18695651,76.46
2018-02-15,52.63,52.68,51.82,52.34,15459162,76.21
2018-02-16,52.3,52.97,52.1,52.57,15462354,76.54
2018-02-20,52.52,53.21,51.83,52.03,14598549,75.75
2018-02-21,52.08,52.5,51.42,51.44,12843906,74.89
2018-02-22,51.72,52.78,51.64,52.1,15235045,75.86
2018-02-23,52.26,53.31,52.17,53.25,15200842,77.53
2018-02-26,53.4,54.21,53.27,54.15,19958803,78.84
2018-02-27,54.26,54.86,53.23,53.23,17106257,77.5
2018-02-28,53.68,53.75,51.99,52.02,20303991,75.74
2018-03-01,51.88,52.67,51.41,51.65,16945286,75.2
2018-03-02,51.44,52.11,51.16,51.89,17497152,75.55
2018-03-05,51.67,52.58,51.6,52.39,17314660,76.27
2018-03-06,52.66,52.87,52.1,52.32,12043876,76.18
2018-03-07,51.51,51.68,50.52,51.01,29242285,74.26
2018-03-08,51.17,51.36,50.61,50.91,22162891,74.12
2018-03-09,51.39,51.55,50.97,51.21,22116165,74.56
2018-03-12,51.42,51.91,51.3,51.68,15540275,75.24
2018-03-13,51.74,52.08,51,51.19,14879995,74.53
2018-03-14,51.27,51.37,50.5,50.55,16607168,73.6
2018-03-15,51.07,51.51,50.9,51.11,17239802,74.42
2018-03-16,51.07,51.6,51.07,51.6,42806880,75.12
2018-03-19,51.51,51.52,50.73,50.93,14146413,74.15
2018-03-20,50.98,51.31,50.79,50.82,14957356,73.99
2018-03-21,50.98,51.95,50.81,51.54,17289679,75.04
2018-03-22,51.11,51.31,50.41,50.48,19611346,73.5
2018-03-23,50.7,50.97,49.91,50.06,22464697,72.89
2018-03-26,50.59,50.93,49.97,50.83,17831828,74
2018-03-27,50.83,51.44,50.33,50.62,17565731,73.7
2018-03-28,50.65,50.83,49.99,50.01,19980404,72.81
2018-03-29,50.33,51.44,50.32,51.25,17274530,74.61
2018-04-02,51.01,51.1,49.56,50.29,20750138,73.22
2018-04-03,50.45,51.61,50.21,51.53,18336307,75.02
2018-04-04,50.86,51.55,50.44,51.42,14932838,74.87
2018-04-05,51.55,52.42,51.53,52.21,15672400,76.02
2018-04-06,51.95,52.28,50.97,51.42,16148102,74.87
2018-04-09,51.66,52.06,51.38,51.42,12712602,74.87
2018-04-10,52.26,53.42,52.24,52.94,21430157,77.07
2018-04-11,52.96,53.6,52.72,53.18,14850989,77.43
2018-04-12,53.48,53.67,52.89,53.04,16393667,77.22
2018-04-13,53.44,53.7,53.3,53.46,11868467,77.84
2018-04-16,53.66,54.32,53.37,53.94,11471670,78.54
2018-04-17,53.94,54.1,53.6,53.8,11502229,78.33
2018-04-18,54.29,54.78,54.22,54.41,13307607,79.22
2018-04-19,54.48,54.82,54.13,54.55,12550810,79.42
2018-04-20,54.48,54.54,53.8,54.26,14003768,79
2018-04-23,54.21,54.67,54.09,54.65,14318624,79.57
2018-04-24,54.81,54.9,53.55,53.81,15653158,78.35
2018-04-25,53.71,54.69,53.22,54.6,15263934,79.5
2018-04-26,54.67,55.57,54.62,55.54,16895161,80.86
2018-04-27,52.85,54.02,52.53,53.43,17578653,77.79
2018-04-30,53.51,53.96,53.4,53.4,17862995,77.75
2018-05-01,53.07,53.07,52.19,52.85,17628451,76.95
2018-05-02,52.51,53.04,52.41,52.75,15508621,76.8
2018-05-03,52.47,52.62,51.79,52.57,13513439,76.54
2018-05-04,52.29,53.04,52.16,52.82,11156230,76.9
2018-05-07,53.4,54.32,53.16,53.4,16421948,77.74
2018-05-08,53.44,53.68,52.45,53.64,18602389,78.09
2018-05-09,54.25,55.11,54.23,54.9,19058594,79.93
2018-05-10,55.39,56.18,55.29,56.13,18563792,81.72
2018-05-11,56.32,56.87,56.14,56.39,16418995,81.28
2018-05-14,56.68,57.12,56.62,56.77,12746102,81.83
2018-05-15,56.79,56.91,56.48,56.75,14180006,81.79
2018-05-16,56.73,56.92,56.32,56.91,10459359,82.02
2018-05-17,57.03,57.09,56.5,56.81,12156398,81.88
2018-05-18,56.58,56.75,56.38,56.41,11210021,81.3
2018-05-21,56.7,57.13,56.56,57.09,9848304,82.28
2018-05-22,57.2,57.34,56.44,56.64,11692143,81.64
2018-05-23,56.16,57.05,55.9,57,16703950,82.15
2018-05-24,56.44,56.45,55.47,55.69,15179838,80.27
2018-05-25,55,55.04,54.18,54.61,15932848,78.71
2018-05-29,54.22,54.62,53.79,54.41,16810650,78.42
2018-05-30,54.98,56.66,54.96,56.55,18645147,81.5
2018-05-31,56.07,56.58,55.98,56.36,19732641,81.24
2018-06-01,56.8,57.13,56.58,56.77,10941966,81.83
2018-06-04,56.93,57.26,56.06,56.18,11980888,80.97
2018-06-05,55.91,56.65,55.79,55.98,14383000,80.68
2018-06-06,56.53,56.95,56.11,56.93,13348548,82.06
2018-06-07,57.4,57.79,57.28,57.5,15431679,82.88
2018-06-08,57.66,58.04,57.24,58,16517916,83.6
2018-06-11,58.09,58.13,57.54,57.66,11899854,83.1
2018-06-12,57.66,58.11,57.11,57.18,14422130,82.42
2018-06-13,57.2,57.31,56.52,56.55,13996887,81.51
2018-06-14,56.85,57.1,56.55,56.82,13354915,81.89
2018-06-15,56.7,56.77,55.86,55.96,29204924,80.66
2018-06-18,55.78,56.46,55.71,56.07,10223763,80.82
2018-06-19,55.43,56.17,55.3,55.99,10217940,80.7
2018-06-20,56.09,56.29,55.69,55.82,10077244,80.45
2018-06-21,55.52,55.77,55.04,55.29,12721059,79.69
2018-06-22,56.31,56.85,56.14,56.46,21618152,81.38
2018-06-25,56.05,56.36,55.02,55.32,11998883,79.74
2018-06-26,55.61,56.21,55.48,55.95,12031353,80.64
2018-06-27,56.24,57.23,56.24,56.69,14508828,81.71
2018-06-28,56.7,56.94,56.22,56.87,10215179,81.97
2018-06-29,57.2,57.96,57.09,57.4,20384913,82.73
2018-07-02,56.82,56.98,56.42,56.73,10935809,81.76
2018-07-03,57.29,57.9,56.95,57.06,8019713,82.24
2018-07-05,57.3,57.43,56.93,57.11,10332197,82.31
2018-07-06,56.86,57.38,56.66,57.12,9000564,82.33
2018-07-09,57.45,57.67,57.28,57.52,8106665,82.9
2018-07-10,58.07,58.36,57.94,58.04,9946966,83.66
2018-07-11,57.61,57.95,56.91,57.3,11461823,82.59
2018-07-12,57.59,57.75,57.11,57.37,11528825,82.69
2018-07-13,57.36,58.11,57.28,57.8,9622271,83.31
2018-07-16,57.25,57.44,56.89,57.23,9229865,82.49
2018-07-17,57.07,57.41,56.92,57.11,8709266,82.31
2018-07-18,56.75,57.11,56.54,57.04,9628010,82.22
2018-07-19,57.03,57.32,56.7,56.9,9843802,82.01
2018-07-20,56.7,56.85,56.37,56.48,10323172,81.4
2018-07-23,56.86,56.89,56.32,56.48,9109185,81.4
2018-07-24,56.56,57.6,56.53,57.59,12307552,83.01
2018-07-25,57.59,58.1,57.25,58,10818929,83.59
2018-07-26,58.16,58.56,57.84,58.45,15212778,84.24
2018-07-27,56.18,57.16,56.06,56.84,19646726,81.92
2018-07-30,56.98,56.98,56,56.71,12103477,81.74
2018-07-31,56.64,57,56.5,56.55,14802713,81.51
2018-08-01,56.12,56.15,55.66,55.78,10016930,80.39
2018-08-02,55.43,55.68,55.12,55.44,9035080,79.91
2018-08-03,55.48,55.71,55.25,55.64,8567959,80.2
2018-08-06,55.68,55.8,55.32,55.63,11377205,80.18
2018-08-07,56.14,56.61,55.72,56.39,11872899,81.27
2018-08-08,56.21,56.36,55.75,56.01,8152302,80.73
2018-08-09,56.01,56.13,55.58,55.73,10671293,80.32
2018-08-10,55.73,55.74,55.27,55.67,14556364,79.42
2018-08-13,55.69,55.9,54.98,55.07,12404182,78.56
2018-08-14,55.37,55.43,54.73,54.89,9096912,78.31
2018-08-15,54.52,54.6,53.63,53.93,17664423,76.94
2018-08-16,54.17,54.75,54.11,54.68,13013920,78
2018-08-17,54.91,55.02,54.53,54.86,11773218,78.26
2018-08-20,54.86,55.38,54.79,55.24,9026434,78.81
2018-08-21,55.41,55.78,55.14,55.26,10632046,78.83
2018-08-22,55.45,56.11,55.39,56.05,11479424,79.96
2018-08-23,55.77,55.82,55.3,55.43,8211648,79.08
2018-08-24,55.74,56.11,55.67,55.81,7707163,79.62
2018-08-27,56.01,56.41,55.98,56.36,7457366,80.4
2018-08-28,56.48,56.65,56.22,56.27,9737220,80.28
2018-08-29,56.39,56.81,56.14,56.68,9124479,80.86
2018-08-30,56.39,56.62,56.16,56.43,8192005,80.51
2018-08-31,56.25,56.4,55.92,56.2,13201325,80.17
2018-09-04,56.36,56.56,55.94,56.28,9754634,80.29
2018-09-05,56.01,57.08,55.8,57.03,16496679,81.36
2018-09-06,56.86,57.23,56.32,56.4,15196303,80.46
2018-09-07,56.18,57.43,55.95,57.36,18319680,81.83
2018-09-10,57.64,58,57.24,57.28,12565408,81.71
2018-09-11,57.45,58.31,57.22,58.08,13276343,82.86
2018-09-12,58.36,58.73,58.09,58.27,13189167,83.13
2018-09-13,58.28,58.36,57.49,57.7,12983452,82.32
2018-09-14,57.77,58.28,57.67,58.12,9721438,82.92
2018-09-17,58.18,58.61,58.17,58.47,9979936,83.41
2018-09-18,58.81,58.97,58.5,58.62,11021763,83.63
2018-09-19,58.63,59.42,58.63,59.32,11618071,84.63
2018-09-20,59.48,59.82,59.26,59.46,12646282,84.82
2018-09-21,59.59,59.88,59.25,59.7,33721263,85.17
2018-09-24,60.14,61.04,60.09,60.7,14911641,86.6
2018-09-25,61.01,61.24,60.54,60.63,14411973,86.5
2018-09-26,60.3,60.63,60.07,60.13,12340100,85.78
2018-09-27,60.34,60.55,60,60.12,8994194,85.77
2018-09-28,59.76,60.23,59.57,59.6,11944233,85.02
2018-10-01,59.83,60.3,59.76,60.15,9831134,85.81
2018-10-02,60.14,60.75,60.02,60.61,9379362,86.46
2018-10-03,60.64,60.91,60.27,60.39,11290485,86.15
2018-10-04,59.93,60.34,59.76,59.99,11598696,85.58
2018-10-05,59.8,60.07,59.53,59.82,11079594,85.34
2018-10-08,59.43,60.5,59.34,60.37,16002559,86.13
2018-10-09,60.55,60.9,60.1,60.64,11504946,86.51
2018-10-10,60.79,60.86,59.23,59.25,18678152,84.52
2018-10-11,58.84,59,56.9,57.2,22355647,81.6
2018-10-12,57.57,57.65,56.27,57.04,17273705,81.38
2018-10-15,57.04,57.29,56.65,56.65,12312195,80.82
2018-10-16,56.43,56.96,56.08,56.92,11150693,81.2
2018-10-17,56.74,57.14,56.32,57.13,13693382,81.5
2018-10-18,56.92,57.81,56.92,57.37,18758588,81.85
2018-10-19,57.24,57.8,57.14,57.46,13345606,81.97
2018-10-22,57.48,57.61,56.53,56.88,10606694,81.15
2018-10-23,56.12,56.4,55.18,55.96,16928140,79.84
2018-10-24,56.17,56.26,54.36,54.41,18291643,77.62
2018-10-25,55.02,55.41,54.49,54.89,13774037,78.31
2018-10-26,54.58,54.96,53.95,54.35,20417593,77.53
2018-10-29,54.72,54.98,53.43,54.01,17314228,77.05
2018-10-30,54.41,55.4,54.27,55.22,20506725,78.78
2018-10-31,55.61,56.32,55.31,55.85,19434243,79.68
2018-11-01,55.96,56.6,55.59,56.55,15609688,80.67
2018-11-02,57.31,57.79,56.24,57.44,21974086,81.95
2018-11-05,57.83,58.09,57.09,57.23,18457764,81.64
2018-11-06,57.3,57.55,57.02,57.47,10093794,81.99
2018-11-07,57.63,58.28,57.24,58.2,14012121,83.03
2018-11-08,58.27,58.7,57.15,57.28,18718294,81.71
2018-11-09,56.83,57.64,56.43,57.26,17487530,80.87
2018-11-12,57.82,57.87,56.45,56.53,13652222,79.83
2018-11-13,56.5,56.54,54.97,55.23,17311135,78
2018-11-14,55.84,56,54.34,54.8,20705685,77.39
2018-11-15,54.29,55.36,53.75,55.36,21301359,78.19
2018-11-16,55.49,56.07,55.3,55.91,16209900,78.96
2018-11-19,55.55,56.19,55.53,56.09,10420657,79.22
2018-11-20,55.53,55.87,54.08,54.5,16845361,76.97
2018-11-21,54.83,55.5,54.71,54.92,10882953,77.56
2018-11-23,53.85,53.95,52.89,53.45,11958068,75.49
2018-11-26,53.98,54.75,53.9,54.51,15156153,76.98
2018-11-27,54.22,54.84,54.1,54.56,11161904,77.05
2018-11-28,54.55,55.55,54.41,55.55,13399297,78.45
2018-11-29,55.39,56.31,55.37,55.98,11327904,79.06
2018-11-30,55.55,56.36,55.46,56.29,16835623,79.5
2018-12-03,56.82,57.68,56.74,57.51,23141122,81.22
2018-12-04,57.62,58.03,56.19,56.24,21559701,79.43
2018-12-06,55.23,55.54,54.46,55.51,26105573,78.39
2018-12-07,56.21,56.9,54.76,54.97,17810822,77.64
2018-12-10,55.13,55.13,52.96,54.2,19831687,76.54
2018-12-11,55.02,55.09,53.59,54.29,17215230,76.68
2018-12-12,55.26,55.37,53.82,53.83,16761911,76.02
2018-12-13,53.83,54.68,53.78,54.51,15234307,76.98
2018-12-14,54.32,54.43,53.17,53.52,14947679,75.58
2018-12-17,53.29,53.53,52.03,52.43,18581158,74.04
2018-12-18,52.14,52.3,50.71,50.98,21083072,72
2018-12-19,51.3,51.88,49.77,50.12,24981232,70.78
2018-12-20,49.63,50.03,48.18,48.59,32565281,68.63
2018-12-21,48.25,49.83,47.91,48.23,58508522,68.12
2018-12-24,47.35,47.82,46.34,46.39,15562588,65.51
2018-12-26,46.86,48.61,45.78,48.6,27768005,68.64
2018-12-27,47.96,48.81,46.79,48.81,24565265,68.94
2018-12-28,48.98,49.27,48.02,48.27,22126379,68.17
2018-12-31,48.38,48.96,47.91,48.28,18208062,68.19
2019-01-02,47.69,49.47,47.62,49.35,19120641,69.69
2019-01-03,49.56,49.74,48.4,48.59,15844222,68.62
2019-01-04,49.31,50.46,49.11,50.38,17913611,71.15
2019-01-07,50.45,51.05,50.09,50.64,12308482,71.52
2019-01-08,51.36,51.4,50.94,51.01,12655873,72.04
2019-01-09,51.41,51.41,50.73,51.28,14994730,72.42
2019-01-10,51.03,51.04,50.36,51.02,15843992,72.05
2019-01-11,50.87,50.9,50.32,50.78,10942162,71.72
2019-01-14,50.42,50.83,50.36,50.72,13170265,71.63
2019-01-15,50.95,51.24,50.5,50.75,12660310,71.67
2019-01-16,50.57,51.25,50.49,50.73,14744734,71.64
2019-01-17,50.41,51.22,50.2,51.07,11148300,72.13
2019-01-18,51.88,51.89,51.07,51.68,17461811,72.99
2019-01-22,51.26,51.48,50.75,50.9,18035309,71.89
2019-01-23,50.99,51.19,50.22,50.49,14545683,71.3
2019-01-24,50.34,50.96,50.02,50.56,12370038,71.4
2019-01-25,51.03,51.17,50.65,50.78,10430656,71.72
2019-01-28,50.29,50.47,49.83,50.44,15627714,71.24
2019-01-29,50.77,51.12,50.61,50.63,11778177,71.51
2019-01-30,50.82,51.38,50.63,51.19,13440238,72.29
2019-01-31,51.19,52.04,51,51.89,23614624,73.28
2019-02-01,53.01,54.16,52.62,53.76,24892967,75.92
2019-02-04,53.64,53.64,52.68,52.98,17444111,74.82
2019-02-05,53.23,53.56,53.11,53.52,14414278,75.59
2019-02-06,53.52,53.65,53.2,53.29,12484984,75.26
2019-02-07,53.07,53.24,52.33,52.88,15860944,74.68
2019-02-08,52.81,53.03,52.07,52.96,13330216,73.98
2019-02-11,52.89,53.14,52.55,53.05,12138897,74.1
2019-02-12,53.75,54.02,53.57,53.98,14113308,75.4
2019-02-13,54.11,54.8,54.06,54.59,14719853,76.25
2019-02-14,54.6,54.88,54.2,54.6,14605678,76.27
2019-02-15,55.08,55.67,54.95,55.63,16729231,77.71
2019-02-19,55.53,56.19,55.45,56.01,14986001,78.23
2019-02-20,56.03,56.42,55.84,56.22,14645457,78.53
2019-02-21,55.99,56.31,55.56,55.71,11456660,77.82
2019-02-22,56.35,56.52,55.57,56.14,10740744,78.42
2019-02-25,56.15,56.45,55.99,56.2,10252457,78.5
2019-02-26,56.33,56.65,56.12,56.31,12298699,78.66
2019-02-27,56.47,57.1,56.31,56.89,13542410,79.47
2019-02-28,56.88,57.1,56.35,56.58,17643854,79.03
2019-03-01,56.83,57.27,56.58,57.27,17453891,80
2019-03-04,57.45,57.66,56.57,57.5,20563058,80.31
2019-03-05,57.36,57.56,57.1,57.41,15681213,80.19
2019-03-06,56.45,56.83,55.74,56.76,21029363,79.28
2019-03-07,56.95,57.46,56.79,57.39,17738755,80.16
2019-03-08,56.48,56.79,56.02,56.57,18069651,79.01
2019-03-11,57.26,57.48,57.02,57.12,12378573,79.78
2019-03-12,57.35,57.69,57.2,57.27,12783598,80
2019-03-13,57.7,57.82,57.42,57.78,11547518,80.71
2019-03-14,57.85,57.93,57.52,57.59,11629024,80.44
2019-03-15,57.4,57.67,57.35,57.38,31435989,80.15
2019-03-18,57.59,58.17,57.59,58.05,11487702,81.08
2019-03-19,58.41,58.71,57.73,57.9,16670124,80.87
2019-03-20,57.81,58.65,57.68,58.22,15675132,81.32
2019-03-21,57.85,58.63,57.85,58.56,11444004,81.79
2019-03-22,58.15,58.31,57.49,57.62,14052137,80.48
2019-03-25,57.27,57.59,56.98,57.22,12576360,79.92
2019-03-26,57.51,58.18,57.4,57.96,10849498,80.96
2019-03-27,57.97,58.21,57.15,57.52,8259597,80.34
2019-03-28,57.3,57.84,57.29,57.8,8243520,80.74
2019-03-29,58.23,58.33,57.62,57.85,14142040,80.8
2019-04-01,58.15,58.55,58.05,58.51,12224144,81.73
2019-04-02,58.54,58.67,58.07,58.26,8584722,81.38
2019-04-03,58.54,58.54,57.71,57.92,9861299,80.9
2019-04-04,58.08,58.76,57.83,58.74,10080799,82.05
2019-04-05,58.82,59.09,58.67,59.06,10895567,82.49
2019-04-08,59.19,59.57,59.13,59.42,10501834,83
2019-04-09,59.08,59.12,58.52,58.66,9667694,81.93
2019-04-10,58.65,58.76,58.28,58.39,11474964,81.56
2019-04-11,58.38,58.76,58,58.67,9861330,81.95
2019-04-12,59.29,59.29,57.69,57.93,17849582,80.92
2019-04-15,57.91,58.03,57.65,57.74,10274907,80.65
2019-04-16,57.85,58.24,57.77,58.13,7837127,81.2
2019-04-17,58.38,58.49,58.05,58.3,9122474,81.43
2019-04-18,58.39,58.58,58.04,58.08,10336693,81.13
2019-04-22,58.61,59.58,58.45,59.35,11572863,82.9
2019-04-23,59.56,59.77,59.19,59.69,11816852,83.38
2019-04-24,59.43,59.48,58.51,58.53,13233551,81.76
2019-04-25,58.46,59.31,58.28,58.86,11966054,82.22
2019-04-26,57.47,57.73,56.96,57.63,19956329,80.49
2019-04-29,57.36,57.55,57.03,57.25,11162683,79.97
2019-04-30,57.54,57.65,57.22,57.47,17122779,80.28
2019-05-01,57.23,57.46,56.29,56.32,16221175,78.67
2019-05-02,56.04,56.2,55.3,55.33,17472517,77.29
2019-05-03,55.69,55.99,55.44,55.46,14444811,77.47
2019-05-06,55.07,55.6,54.92,55.22,15527553,77.13
2019-05-07,54.77,54.98,54.24,54.93,14904133,76.72
2019-05-08,54.8,55.33,54.71,55.01,12647454,76.84
2019-05-09,54.66,55.04,54.38,54.96,14390776,76.77
2019-05-10,55.16,55.61,54.43,55.44,12293507,76.56
2019-05-13,54.78,55.2,54.57,54.82,13512707,75.71
2019-05-14,55.13,55.61,54.86,54.9,11759457,75.81
2019-05-15,54.72,55.43,54.46,55.3,10040042,76.37
2019-05-16,55.32,55.72,55.19,55.29,9267987,76.36
2019-05-17,54.78,55.25,54.74,54.97,10501922,75.91
2019-05-20,55.07,55.29,54.8,54.96,7836876,75.9
2019-05-21,55.23,55.37,54.98,55.22,10156811,76.25
2019-05-22,55.05,55.19,54.59,54.72,8607121,75.56
2019-05-23,54.14,54.17,52.89,53.43,16400028,73.79
2019-05-24,53.69,53.77,53.18,53.66,7841828,74.1
2019-05-28,53.73,53.77,52.49,52.58,18112363,72.61
2019-05-29,52.06,52.45,51.86,52.25,14819147,72.16
2019-05-30,52.15,52.23,51.8,52.12,10193197,71.97
2019-05-31,51.55,51.81,51.15,51.25,15864157,70.77
2019-06-03,51.48,52.14,51.39,52.05,14296475,71.88
2019-06-04,52.46,53.34,52.26,53.29,11649402,73.59
2019-06-05,53.33,53.33,52.56,52.85,12154359,72.98
2019-06-06,53.38,54.03,53.29,53.81,13225179,74.31
2019-06-07,53.96,54.28,53.9,54.01,10362416,74.58
2019-06-10,54.45,54.55,53.91,54.24,8405727,74.91
2019-06-11,54.68,54.9,54.18,54.19,10434851,74.84
2019-06-12,53.93,54.03,53.45,53.61,8762916,74.03
2019-06-13,54.09,54.43,53.86,54.08,10298641,74.68
2019-06-14,54.07,54.17,53.75,53.84,10318651,74.35
2019-06-17,53.7,54.45,53.61,54.38,10763106,75.09
2019-06-18,54.61,55.19,54.56,54.85,11308835,75.74
2019-06-19,54.6,54.93,54.44,54.54,11442015,75.32
2019-06-20,55.21,55.74,55.09,55.48,18270888,76.61
2019-06-21,55.86,56.31,55.66,56.26,29269321,77.69
2019-06-24,56.14,56.31,55.62,55.72,11735859,76.95
2019-06-25,55.82,55.92,55.17,55.23,10829865,76.27
2019-06-26,55.53,55.85,55.37,55.47,14112267,76.6
2019-06-27,55.46,55.58,54.86,54.9,9197464,75.82
2019-06-28,55.17,55.56,54.99,55.49,19742372,76.63
2019-07-01,55.85,56.43,55.24,55.44,12527709,76.56
2019-07-02,55.14,55.23,54.61,54.83,11633321,75.72
2019-07-03,54.9,55.4,54.76,55.35,6096374,76.44
2019-07-05,55.17,55.29,54.74,55.13,8159989,76.13
2019-07-08,55.14,55.54,54.97,55.38,8860342,76.48
2019-07-09,55.36,55.59,54.84,55.35,9083018,76.43
2019-07-10,55.61,56.21,55.57,56.13,8974824,77.51
2019-07-11,56.06,56.2,55.79,56.17,7204773,77.57
2019-07-12,56.3,56.4,56.12,56.21,7146963,77.63
2019-07-15,56.21,56.29,55.68,55.82,8373592,77.08
2019-07-16,55.7,55.81,54.88,54.98,11606544,75.93
2019-07-17,54.85,55.01,54.56,54.66,8541454,75.48
2019-07-18,54.33,54.51,53.72,54.19,13339113,74.84
2019-07-19,54.24,54.49,53.97,54.3,12836445,74.99
2019-07-22,54.48,54.53,53.95,54.36,9563022,75.07
2019-07-23,54.42,54.87,54.13,54.58,9392692,75.37
2019-07-24,54.59,55.07,54.2,54.57,9803381,75.36
2019-07-25,54.87,54.87,54.17,54.26,11177892,74.93
2019-07-26,54.22,54.37,54.02,54.17,9465083,74.81
2019-07-29,54.22,54.59,54.09,54.56,7919895,75.34
2019-07-30,54.35,54.71,54.23,54.56,7604686,75.35
2019-07-31,54.34,54.79,53.77,53.85,16045882,74.36
2019-08-01,53.4,53.78,52.33,52.47,18619992,72.46
2019-08-02,52.58,53.05,51.54,51.96,24387434,71.75
2019-08-05,51.25,51.36,50.41,50.89,22368170,70.28
2019-08-06,50.9,51.42,50.89,51.38,13812547,70.96
2019-08-07,50.59,51.32,50.25,51.05,16795315,70.5
2019-08-08,51.3,52.43,51.14,52.41,18396968,72.38
2019-08-09,52.23,52.32,51.03,51.3,15213890,70.84
2019-08-12,51.36,51.44,50.83,50.96,8770453,69.505
2019-08-13,50.78,51.77,50.53,51.68,13883027,70.49
2019-08-14,50.64,50.65,49.6,49.6,20262367,67.65
2019-08-15,49.46,49.53,48.77,49.3,14157362,67.25
2019-08-16,49.69,50.19,49.32,50.07,14132543,68.3
2019-08-19,50.56,51.06,50.48,50.92,11221012,69.45
2019-08-20,50.81,50.81,50.37,50.61,11471138,69.03
2019-08-21,51.29,51.31,50.86,51.11,11133294,69.72
2019-08-22,51.25,51.29,50.77,51,10982329,69.57
2019-08-23,50.45,50.97,49.14,49.48,18547112,67.49
2019-08-26,49.94,50.04,49.51,49.74,8368621,67.85
2019-08-27,49.95,50.18,49.1,49.26,11548007,67.19
2019-08-28,49.51,49.84,49.24,49.62,10796806,67.68
2019-08-29,50.07,50.34,49.92,50.17,10493307,68.43
2019-08-30,50.3,50.65,49.9,50.21,11447497,68.48
2019-09-03,49.77,50.35,49.58,50.26,10881116,68.56
2019-09-04,50.95,51.03,50.65,50.8,7871363,69.29
2019-09-05,51.2,51.72,51.1,51.52,11756009,70.27
2019-09-06,51.58,52.02,51.41,52,12105546,70.93
2019-09-09,52.17,52.84,52.04,52.41,14423938,71.49
2019-09-10,52.89,53.41,52.51,52.84,15186183,72.07
2019-09-11,53.36,53.4,52.46,52.73,11934262,71.93
2019-09-12,52.04,52.9,51.83,52.77,11131077,71.98
2019-09-13,52.98,53.31,52.83,53.26,8506812,72.64
2019-09-16,55.01,55.12,53.96,54.05,21368838,73.73
2019-09-17,54.12,54.31,53.25,53.64,16399803,73.17
2019-09-18,53.26,53.5,53.03,53.39,8579399,72.82
2019-09-19,53.5,53.66,52.93,53.03,10003783,72.33
2019-09-20,53.15,53.15,52.68,52.84,24501687,72.08
2019-09-23,52.43,53.05,52.39,52.88,9327798,72.13
2019-09-24,52.65,52.69,51.92,52.16,18220878,71.14
2019-09-25,52.04,52.4,51.92,52.31,9155989,71.35
2019-09-26,52.21,52.31,51.82,52.03,9611353,70.97
2019-09-27,51.83,52.54,51.78,52.4,9946835,71.48
2019-09-30,52.23,52.38,51.74,51.77,12221311,70.61
2019-10-01,51.93,51.99,50.52,50.55,12763663,68.95
2019-10-02,50.05,50.29,49.12,49.23,16844314,67.15
2019-10-03,49.12,49.85,48.61,49.84,13946475,67.98
2019-10-04,49.93,50.64,49.72,50.56,12389815,68.97
2019-10-07,50.37,50.61,49.87,49.87,13967453,68.02
2019-10-08,49.52,49.79,48.86,48.9,11661826,66.7
2019-10-09,49.34,49.63,49.27,49.44,9952226,67.44
2019-10-10,49.44,50.12,49.4,50.04,9438210,68.25
2019-10-11,50.57,50.95,50.5,50.57,11790978,68.98
2019-10-14,50.29,50.86,50.29,50.72,8291577,69.18
2019-10-15,50.63,51.32,50.59,50.89,7502603,69.42
2019-10-16,50.74,50.98,50.01,50.02,11231923,68.23
2019-10-17,50.21,50.5,49.91,49.96,11158298,68.14
2019-10-18,49.76,49.96,49.57,49.57,15984522,67.61
2019-10-21,49.72,50.42,49.72,50.4,12659954,68.74
2019-10-22,50.43,51.14,50.33,50.65,10844307,69.09
2019-10-23,50.56,51.14,50.43,51.14,10728107,69.75
2019-10-24,51.29,51.36,50.6,50.65,11207230,69.09
2019-10-25,50.51,50.94,50.51,50.77,8851150,69.25
2019-10-28,50.92,51.08,50.28,50.32,12839697,68.64
2019-10-29,50.21,50.61,50.03,50.18,15777133,68.44
2019-10-30,50.12,50.12,49.32,49.65,13896307,67.72
2019-10-31,49.46,49.65,49.22,49.54,20013239,67.57
2019-11-01,50.14,51.03,50.08,51.03,15667373,69.6
2019-11-04,51.37,52.69,51.28,52.54,18146060,71.67
2019-11-05,52.82,53.61,52.68,53.59,16625591,73.09
2019-11-06,53.31,53.42,52.2,52.41,16880928,71.49
2019-11-07,52.81,53.54,52.79,53.53,15081573,73.01
2019-11-08,53.13,53.27,52.43,52.51,13859673,70.77
2019-11-11,52.09,52.39,51.92,52.19,9563589,70.34
2019-11-12,52.14,52.24,51.18,51.47,16149855,69.37
2019-11-13,51.21,51.31,50.9,51.05,13861736,68.8
2019-11-14,51.09,51.17,50.59,50.83,12796811,68.5
2019-11-15,50.98,51.42,50.95,51.34,13158304,69.19
2019-11-18,50.97,51.06,50.68,50.84,11241365,68.52
2019-11-19,50.75,50.87,50.29,50.32,14013568,67.82
2019-11-20,50.21,50.86,49.95,50.48,19781100,68.03
2019-11-21,50.47,51.75,50.4,51.69,15871162,69.67
2019-11-22,51.72,52.07,51.44,51.47,14021783,69.37
2019-11-25,51.47,51.52,50.98,51.13,12047435,68.91
2019-11-26,51.14,51.22,50.78,51,20345984,68.74
2019-11-27,51.02,51.26,50.76,50.97,9380263,68.7
2019-11-29,50.7,50.85,50.45,50.55,9652548,68.13
2019-12-02,50.83,51.11,50.73,50.77,12937881,68.42
2019-12-03,50.45,50.64,50.1,50.37,14065798,67.88
2019-12-04,50.64,51.02,50.56,50.94,12457129,68.65
2019-12-05,51.12,51.17,50.61,50.76,14970732,68.41
2019-12-06,51.02,51.84,51.02,51.58,15157038,69.51
2019-12-09,51.26,51.92,51.21,51.69,14193458,69.66
2019-12-10,51.69,52.05,50.97,51.24,15423440,69.06
2019-12-11,51,51.76,50.95,51.17,15159354,68.96
2019-12-12,51.17,52.22,51.12,52.19,19135617,70.34
2019-12-13,52.29,52.34,51.29,51.37,13512058,69.23
2019-12-16,51.72,52.12,51.72,51.94,18749392,70
2019-12-17,51.92,52.22,51.43,51.7,16780901,69.68
2019-12-18,51.66,52.15,51.4,51.84,15942319,69.87
2019-12-19,51.93,51.98,51.37,51.49,16795555,69.39
2019-12-20,51.83,52.11,51.49,51.89,42321160,69.94
2019-12-23,51.83,52.16,51.59,52.15,16628113,70.29
2019-12-24,52.2,52.31,51.87,51.95,4329403,70.02
2019-12-26,52.08,52.31,51.95,52.04,9544113,70.13
2019-12-27,52.09,52.17,51.85,51.86,12866612,69.89
2019-12-30,52.01,52.26,51.49,51.55,13991799,69.48
2019-12-31,51.21,51.79,51.2,51.78,15619204,69.78
2020-01-02,52.12,52.7,52.11,52.61,13635019,70.9
2020-01-03,52.93,52.96,52.06,52.18,18974752,70.33
2020-01-06,52.18,52.94,52.11,52.58,22072291,70.87
2020-01-07,52.31,52.32,51.58,52.15,20400724,70.29
2020-01-08,52.02,52.15,51.32,51.37,16601043,69.23
2020-01-09,51.3,51.86,50.92,51.76,16909027,69.76
2020-01-10,51.91,51.91,51.29,51.3,13434862,69.14
2020-01-13,51.35,51.84,51.28,51.79,11327534,69.8
2020-01-14,51.57,51.63,51.12,51.35,18425521,69.2
2020-01-15,51.35,51.63,51.12,51.26,13238866,69.09
2020-01-16,51.42,51.63,51.05,51.06,15387857,68.82
2020-01-17,51.01,51.26,50.67,50.87,20163418,68.56
2020-01-21,50.74,50.77,50.09,50.14,20934217,67.58
2020-01-22,50.13,50.23,49.71,49.85,19051699,67.19
2020-01-23,49.5,49.66,49.01,49.54,21898691,66.77
2020-01-24,49.37,49.47,49,49.21,20607399,66.32
2020-01-27,48.54,48.77,48.01,48.04,25046066,64.74
2020-01-28,48.31,48.38,47.95,47.97,21262783,64.65
2020-01-29,48.25,48.33,47.15,47.57,15738244,64.11
2020-01-30,47.32,48.14,47.06,48.07,19785025,64.79
2020-01-31,46.89,46.89,45.9,46.09,38099803,62.12
2020-02-03,45.54,45.57,44.79,45.06,29464856,60.73
2020-02-04,45.59,45.94,44.44,44.5,34304074,59.97
2020-02-05,45.08,46.69,44.96,46.54,34189032,62.73
2020-02-06,46.69,46.75,45.84,45.91,17740698,61.88
2020-02-07,45.57,45.75,45.31,45.61,16644377,61.47
2020-02-10,45.52,45.55,44.87,45.13,22861926,59.96
2020-02-11,45.59,45.83,45.29,45.56,16017078,60.53
2020-02-12,46.17,46.31,45.58,46.11,20380640,61.27
2020-02-13,45.96,46.22,45.58,45.86,20485056,60.93
2020-02-14,46.02,46.03,45.37,45.65,12332434,60.65
2020-02-18,45.27,45.45,44.74,45.07,21260070,59.88
2020-02-19,45.24,45.63,45.03,45.41,15071690,60.34
2020-02-20,45.33,45.56,44.95,45.05,16494344,59.86
2020-02-21,44.79,44.79,44.25,44.5,24713305,59.13
2020-02-24,43.37,43.5,42.42,42.42,34005590,56.36
2020-02-25,42.71,42.71,40.62,40.79,39243760,54.2
2020-02-26,41.06,41.26,39.84,39.9,32232126,53.01
2020-02-27,38.92,39.46,37.48,37.5,51442594,49.82
2020-02-28,36.71,38.72,36.13,38.72,68765144,51.44
2020-03-02,39.58,40.56,38.48,40.55,41748456,53.88
2020-03-03,40.6,40.76,38.37,38.61,56200842,51.3
2020-03-04,39.31,39.5,38.47,39.45,26503810,52.42
2020-03-05,37.95,38.16,36.91,37.71,44883413,50.11
2020-03-06,36.76,36.89,35.52,35.89,59344263,47.69
2020-03-09,31.39,33.54,30.71,31.51,77692519,41.86
2020-03-10,34.75,34.82,31.2,32.67,65043753,43.41
2020-03-11,31.9,32.72,31.42,31.6,56635533,41.98
2020-03-12,30.03,30.59,27.85,29.53,70537799,39.23
2020-03-13,30.11,30.21,26.34,28.69,86598147,38.12
2020-03-16,25.89,28.51,25.03,25.96,52800927,34.49
2020-03-17,26.5,28.13,25.74,27.7,44245144,36.81
2020-03-18,26,27.63,23.5,24.84,58001032,33
2020-03-19,25.39,26.27,24.35,25.91,53796099,34.43
2020-03-20,26.22,26.48,23.75,24.64,88490614,32.74
2020-03-23,24.48,24.61,22.66,23.67,59924158,31.45
2020-03-24,25.91,27.22,25.09,26.67,67234446,35.44
2020-03-25,27.48,29.04,26.48,28.07,62809431,37.29
2020-03-26,28.22,29.77,27.64,29.22,51031211,38.82
2020-03-27,27.95,28.36,27.25,27.81,57774129,36.95
2020-03-30,27.27,28.71,26.99,28.22,51836321,37.5
2020-03-31,28.86,29.69,28.13,28.58,45553303,37.97
2020-04-01,27.78,29.13,27.35,28.25,39482813,37.53
2020-04-02,29.16,31.58,28.52,30.41,64187913,40.4
2020-04-03,31.2,31.75,28.99,29.51,50428871,39.21
2020-04-06,30.01,30.73,29.53,30.46,45899862,40.47
2020-04-07,32.29,32.6,30.98,31.04,51949025,41.24
2020-04-08,31.57,33.15,31.21,33,36115205,43.85
2020-04-09,34.21,35.16,31.41,32.46,62250894,43.13
2020-04-13,33.45,33.64,31.59,32.18,31589429,42.76
2020-04-14,32.36,32.93,31.54,31.93,32606116,42.43
2020-04-15,30.86,30.9,29.64,30.47,34827043,40.48
2020-04-16,30.47,30.47,29.3,29.47,33471199,39.15
2020-04-17,30.01,32.6,30.01,32.53,44155354,43.22
2020-04-20,30.67,32.16,30.51,30.99,41472029,41.18
2020-04-21,30.41,31.71,29.83,30.83,46296316,40.96
2020-04-22,32.06,32.31,31.51,31.71,28632544,42.13
2020-04-23,32.46,33.61,32.22,32.7,36646006,43.45
2020-04-24,33.42,33.79,32.46,32.91,30602716,43.73
2020-04-27,32.81,33.36,31.78,33.07,29436118,43.94
2020-04-28,33.39,34.16,33.2,33.85,27670937,44.97
2020-04-29,34.82,35.83,34.74,35.72,31493332,47.46
2020-04-30,35.89,35.89,34.45,34.97,43842522,46.47
2020-05-01,34.34,34.91,32.36,32.47,37352031,43.14
2020-05-04,31.99,33.82,31.78,33.78,29674114,44.88
2020-05-05,34.82,35.49,33.61,33.74,31042392,44.83
2020-05-06,33.82,34.07,33.04,33.11,24592363,43.99
2020-05-07,33.84,34.07,33.09,33.3,24736185,44.24
2020-05-08,34.1,34.79,33.85,34.76,21714818,46.18
2020-05-11,34.7,34.77,34.25,34.43,24102703,45.74
2020-05-12,34.85,35.04,33.85,33.85,28034892,44.12
2020-05-13,33.56,33.66,31.92,32.17,33723978,41.93
2020-05-14,31.51,32.65,30.84,32.48,26386651,42.33
2020-05-15,32.52,32.99,32.11,32.22,25445278,42
2020-05-18,34.06,34.97,33.8,34.79,34037834,45.34
2020-05-19,34.95,35.78,33.7,33.71,22668396,43.94
2020-05-20,34.23,34.97,34.2,34.81,20492130,45.37
2020-05-21,34.86,35.13,34.06,34.2,20822015,44.58
2020-05-22,33.8,34.27,33.34,34.22,16187500,44.6
2020-05-26,35.09,35.52,34.89,35.22,21648182,45.91
2020-05-27,35.82,36.17,34.84,35.48,22045147,46.24
2020-05-28,35.62,35.65,34.47,34.56,23017258,45.04
2020-05-29,34.39,35.05,34.04,34.89,31037184,45.47
2020-06-01,34.77,35.64,34.37,35.51,20401936,46.28
2020-06-02,35.95,36.4,35.87,36.3,25528708,47.31
2020-06-03,36.83,37.9,36.79,37.78,24902971,49.24
2020-06-04,37.51,37.71,36.95,37.67,19859272,49.1
2020-06-05,39.63,41.01,39.59,40.72,44224018,53.08
2020-06-08,41.98,42.47,41.02,42,36055399,54.74
2020-06-09,40.57,41.41,40.24,41.06,29732338,53.52
2020-06-10,41.05,41.05,38.82,38.86,32764960,50.65
2020-06-11,36.47,37.47,35.37,35.43,42508022,46.18
2020-06-12,36.86,37.31,35.22,36.19,33191153,47.17
2020-06-15,34.79,36.64,34.33,36.17,29799639,47.14
2020-06-16,38.03,38.17,36.24,36.98,28426877,48.2
2020-06-17,36.83,36.93,35.75,35.78,20743350,46.63
2020-06-18,35.38,36.31,35.12,36,23182390,46.92
2020-06-19,37,37.03,35.28,35.28,63790963,45.98
2020-06-22,35.05,35.63,34.83,35.61,19567589,46.42
2020-06-23,35.98,36.23,35.68,35.83,20868895,46.7
2020-06-24,35.22,35.26,33.95,34.14,30337251,44.5
2020-06-25,33.8,34.71,33.52,34.66,20838666,45.17
2020-06-26,34.43,34.48,33.37,33.47,41345403,43.62
2020-06-29,33.61,34.2,33.4,34,18999208,44.32
2020-06-30,33.32,34.5,33.11,34.31,25460252,44.72
2020-07-01,34.13,34.82,33.5,33.54,18647760,43.71
2020-07-02,34.23,34.67,33.7,33.82,20559135,44.08
2020-07-06,34.27,34.59,33.64,34.06,24733622,44.39
2020-07-07,33.68,33.76,33.08,33.17,19199206,43.24
2020-07-08,33.11,33.7,32.87,33.1,20690347,43.14
2020-07-09,32.91,33.07,31.68,31.73,28802977,41.36
2020-07-10,31.55,32.77,31.53,32.72,20027829,42.65
2020-07-13,32.98,33.21,32.4,32.73,21208726,42.66
2020-07-14,32.63,33.9,32.42,33.81,23336983,44.07
2020-07-15,34.55,34.59,33.92,34.24,18582797,44.63
2020-07-16,34,34.38,33.6,33.97,15988426,44.28
2020-07-17,34.01,34.28,33.29,33.39,19825632,43.52
2020-07-20,33.15,33.38,32.59,32.61,19510078,42.5
2020-07-21,33.11,34.67,33.08,34.26,30665768,44.65
2020-07-22,33.87,33.87,33.27,33.46,23377794,43.61
2020-07-23,33.3,33.62,33.01,33.53,19415216,43.7
2020-07-24,33.67,34.08,33.14,33.32,18091879,43.43
2020-07-27,33.17,33.83,32.97,33.81,22565122,44.07
2020-07-28,33.69,33.95,33.34,33.41,20541097,43.55
2020-07-29,33.54,33.83,33.25,33.78,15374229,44.03
2020-07-30,33.09,33.13,32.09,32.12,32212721,41.87
2020-07-31,31.58,32.35,31.39,32.28,36594106,42.08
2020-08-03,32.26,32.61,31.82,32.42,25343864,42.25
2020-08-04,32.48,33.45,32.41,33.35,19553376,43.47
2020-08-05,33.87,34,33.4,33.64,18845075,43.85
2020-08-06,33.3,33.68,33.18,33.48,15949709,43.64
2020-08-07,33.17,33.39,32.84,33.33,20904416,43.44
2020-08-10,33.75,34.22,33.45,34.15,25551391,44.51
2020-08-11,34.91,35.61,34.32,34.5,31798679,44.97
2020-08-12,34.78,35.16,34.13,34.49,24110441,44.09
2020-08-13,34.05,34.32,33.58,33.65,19079393,43.01
2020-08-14,33.33,33.86,33.18,33.8,14671041,43.2
2020-08-17,33.77,33.77,33.23,33.36,17079402,42.64
2020-08-18,33.32,33.79,33.09,33.2,14349091,42.43
2020-08-19,33.13,33.37,32.75,32.83,15851968,41.96
2020-08-20,32.62,32.77,32.31,32.33,17959057,41.32
2020-08-21,32.31,32.34,31.85,32.08,28174858,41.01
2020-08-24,32.3,33.26,32.15,33.03,20181788,42.22
2020-08-25,32.59,32.91,31.84,31.98,34106033,40.88
2020-08-26,31.8,31.95,31.29,31.3,28364187,40.01
2020-08-27,31.29,31.53,30.75,31.09,34748103,39.74
2020-08-28,31.17,32.01,31.11,31.83,42138373,40.69
2020-08-31,31.8,31.86,31.21,31.25,28805926,39.94
2020-09-01,31.1,31.1,30.55,30.85,23908682,39.43
2020-09-02,30.69,31.07,30.47,30.66,28709334,39.19
2020-09-03,30.67,31.32,30.42,30.6,31705583,39.11
2020-09-04,30.87,31.13,30.24,30.57,25941010,39.08
2020-09-08,29.93,30.26,29.22,29.87,41721132,38.18
2020-09-09,30,30.39,29.67,29.69,28139455,37.95
2020-09-10,29.94,30.02,28.87,28.95,37469621,37
2020-09-11,29.05,29.19,28.55,28.87,28258355,36.9
2020-09-14,28.88,28.96,28.55,28.68,28067516,36.66
2020-09-15,28.79,29.24,28.33,28.38,26520414,36.27
2020-09-16,28.52,29.85,28.38,29.58,35252019,37.81
2020-09-17,29.22,29.71,28.92,29.57,28637291,37.8
2020-09-18,29.36,29.59,28.71,29.1,61039956,37.19
2020-09-21,28.5,28.72,27.91,28.5,39212531,36.43
2020-09-22,28.52,28.82,27.75,27.8,29619856,35.53
2020-09-23,27.89,28,26.87,26.91,33689392,34.39
2020-09-24,26.91,27.24,26.41,26.85,28034658,34.32
2020-09-25,26.6,27.34,26.51,27.1,25004945,34.64
2020-09-28,27.49,28.09,27.46,27.63,25097278,35.31
2020-09-29,27.38,27.47,26.59,26.82,22145444,34.28
2020-09-30,27.1,27.32,26.7,26.86,25507786,34.33
2020-10-01,26.44,26.68,25.77,25.92,39131561,33.13
2020-10-02,25.23,26.09,25.2,25.8,34524210,32.98
2020-10-05,26.07,26.4,25.95,26.4,24295404,33.74
2020-10-06,26.69,26.93,26.06,26.12,28368586,33.39
2020-10-07,26.32,26.4,25.98,26.21,25406366,33.5
2020-10-08,26.51,27.65,26.41,27.59,36512810,35.26
2020-10-09,27.91,28.13,27.11,27.18,30475728,34.74
2020-10-12,27.02,27.17,26.78,27.09,19120033,34.63
2020-10-13,27.17,27.28,26.68,26.77,22574625,34.22
2020-10-14,26.65,27.25,26.62,26.72,18694537,34.15
2020-10-15,26.36,26.96,26.03,26.95,25244115,34.45
2020-10-16,26.89,27.1,26.5,26.68,24029458,34.1
2020-10-19,26.68,26.89,26.12,26.15,25083329,33.42
2020-10-20,26.33,26.55,26.08,26.37,24043255,33.7
2020-10-21,26.22,26.3,25.93,25.94,31459617,33.16
2020-10-22,25.96,27.35,25.83,27.27,33723047,34.86
2020-10-23,27.36,27.45,26.49,26.73,29082676,34.16
2020-10-26,26.3,26.42,25.78,26.09,33543790,33.35
2020-10-27,25.94,25.97,25.58,25.68,28939067,32.82
2020-10-28,25.11,25.33,24.66,24.7,43973672,31.57
2020-10-29,24.57,25.92,24.34,25.79,40558159,32.97
2020-10-30,25.36,25.93,25.04,25.52,58958335,32.62
2020-11-02,25.93,26.96,25.48,26.59,43076322,33.99
2020-11-03,26.98,26.98,25.92,26.14,37969440,33.41
2020-11-04,26.03,26.71,25.45,26,38791196,33.23
2020-11-05,26.11,26.54,25.93,25.95,32578408,33.17
2020-11-06,25.9,26.33,25.52,25.65,37337227,32.78
2020-11-09,28.49,29.74,28.21,28.89,81220940,36.93
2020-11-10,29.69,29.99,28.83,29.53,51889770,36.86
2020-11-11,29.72,29.74,29,29.23,36186161,36.48
2020-11-12,28.73,29.08,27.94,28.23,32765969,35.23
2020-11-13,28.36,29.04,28.35,28.91,33398145,36.08
2020-11-16,30.12,30.58,29.73,30.58,41954660,38.16
2020-11-17,30.29,31.01,29.95,30.98,28725680,38.67
2020-11-18,31.26,31.35,29.81,29.81,32782607,37.21
2020-11-19,29.53,30.05,29.29,29.97,29099038,37.4
2020-11-20,29.93,29.97,29.47,29.6,20153570,36.94
2020-11-23,30.05,31.59,29.87,31.54,32104335,39.36
2020-11-24,32.46,33.72,32.23,33.64,49488828,41.98
2020-11-25,33.39,33.42,32.57,32.7,29773467,40.81
2020-11-27,32.61,32.8,31.94,32.2,15838957,40.19
2020-11-30,31.89,31.95,30.42,30.55,55162237,38.13
2020-12-01,31.22,31.77,30.82,30.85,34109569,38.5
2020-12-02,30.76,32.38,30.72,32,32255540,39.94
2020-12-03,32.11,32.56,31.83,32.22,30173382,40.21
2020-12-04,32.67,33.46,32.57,33.4,30528832,41.68
2020-12-07,33.19,33.28,32.59,32.77,28449570,40.9
2020-12-08,32.47,34.12,32.4,33.84,35895630,42.24
2020-12-09,34.22,35.04,33.96,34.29,40121177,42.8
2020-12-10,34.61,35.63,34.26,35.26,40856606,44.01
2020-12-11,35.01,35.19,34.62,35.09,28221793,43.8
2020-12-14,35.53,35.62,33.8,33.83,33923655,42.22
2020-12-15,34,34.63,33.7,34.49,30474285,43.04
2020-12-16,35.05,35.34,34.42,35.01,38379695,43.7
2020-12-17,35.25,35.29,34.77,34.84,23380602,43.48
2020-12-18,34.67,35.08,33.99,34.24,57966984,42.73
2020-12-21,32.94,33.72,32.47,33.61,30636045,41.95
2020-12-22,33.32,33.57,33.03,33.04,23122357,41.24
2020-12-23,33.26,33.96,33.22,33.47,20330665,41.77
2020-12-24,33.37,33.53,33.16,33.33,8591317,41.6
2020-12-28,33.45,34.09,33.27,33.44,24800806,41.74
2020-12-29,33.68,33.75,33.01,33.07,21526018,41.27
2020-12-30,33.12,33.99,33.07,33.33,25794445,41.6
2020-12-31,33.23,33.4,32.83,33.03,25755204,41.22
2021-01-04,33.21,33.85,32.85,33.25,31197896,41.5
2021-01-05,33.52,35.9,33.52,34.85,46775316,43.5
2021-01-06,35.58,36.14,35.01,35.74,38800655,44.61
2021-01-07,36.06,36.51,35.68,36.02,32754234,44.96
2021-01-08,36.22,36.71,36.02,36.42,32287669,45.46
2021-01-11,36.09,37.77,35.86,37.53,41316949,46.84
2021-01-12,38.03,38.6,37.59,38.36,39952841,47.88
2021-01-13,38.88,39.03,38.21,38.8,30596179,48.42
2021-01-14,38.86,40.93,38.86,40.31,37537234,50.31
2021-01-15,39.19,39.32,37.89,38.37,46274242,47.89
2021-01-19,38.82,39.61,38.74,39.13,27819083,48.84
2021-01-20,39.41,39.85,39.25,39.69,25401023,49.53
2021-01-21,39.53,39.57,38.2,38.55,32323144,48.11
2021-01-22,37.67,38.17,37.37,38,25787511,47.43
2021-01-25,37.58,37.7,36.99,37.58,27763174,46.9
2021-01-26,37.87,38.35,36.74,36.75,25772791,45.87
2021-01-27,36.06,37.39,35.68,36.34,34977201,45.35
2021-01-28,36.81,37.33,36.61,36.9,26929892,46.06
2021-01-29,36.5,36.89,35.66,35.93,47265262,44.84
2021-02-01,36.52,36.52,35.49,35.99,25849627,44.92
2021-02-02,36.7,37.65,36.28,36.56,33718196,45.63
2021-02-03,36.56,38.19,36.39,37.99,30791879,47.42
2021-02-04,38.36,38.76,37.86,38.72,26739380,48.33
2021-02-05,39.4,40.16,39.29,40.02,37272203,49.95
2021-02-08,40.8,41.95,40.63,41.74,38510485,52.1
2021-02-09,41.29,41.52,40.55,41.26,30174476,50.63
2021-02-10,41.26,41.9,41.06,41.65,28888122,51.12
2021-02-11,41.47,41.5,39.75,40.61,28892392,49.84
2021-02-12,40.28,41.32,40.26,41.17,21468730,50.52
2021-02-16,42.34,42.8,42.06,42.4,29937768,52.04
2021-02-17,42.66,43.41,42.21,43.06,26881564,52.85
2021-02-18,43.03,43.13,42.26,42.39,22692228,52.02
2021-02-19,42.46,42.83,42.3,42.67,25199556,52.37
2021-02-22,42.85,44.66,42.85,44.25,39210875,54.3
2021-02-23,44.8,45.02,43.79,44.86,35598670,55.05
2021-02-24,44.99,46.45,44.71,46.2,30634683,56.7
2021-02-25,46.43,46.65,45.1,45.44,31240381,55.76
2021-02-26,44.34,44.86,43.28,44.3,39497967,54.37
2021-03-01,46.01,46.94,45.74,45.96,39138551,56.4
2021-03-02,46.16,46.41,45.65,45.69,33449261,56.07
2021-03-03,45.97,47.23,45.53,46.05,38477168,56.52
2021-03-04,46.54,48.46,46.53,47.84,53738932,58.71
2021-03-05,48.75,49.75,48.17,49.65,54257867,60.93
2021-03-08,50.18,50.2,48.74,49.6,40110607,60.87
2021-03-09,49.39,50.02,48.46,48.83,38001916,59.93
2021-03-10,49.31,50.45,48.92,50.33,34409712,61.77
2021-03-11,50.34,50.97,49.92,49.96,25902040,61.31
2021-03-12,50.15,50.82,50.11,50.5,21328748,61.97
2021-03-15,50.1,50.4,48.78,49.21,33208090,60.39
2021-03-16,48.52,48.61,47.62,48.17,33310418,59.11
2021-03-17,47.82,48.67,47.77,48.38,26909446,59.37
2021-03-18,47.92,48.05,46.05,46.29,41714535,56.81
2021-03-19,46.21,46.82,45.48,46.03,123062870,56.49
2021-03-22,46.04,46.33,45.55,45.56,33382861,55.91
2021-03-23,44.77,45.87,44.37,45,35685794,55.22
2021-03-24,45.7,46.67,45.7,45.91,31724290,56.34
2021-03-25,44.99,46.04,44.41,45.78,36944294,56.18
2021-03-26,46.69,47.08,46.06,47.02,37219009,57.71
2021-03-29,46.72,47.11,46.23,46.77,23427322,57.4
2021-03-30,46.33,46.74,46.03,46.19,21745928,56.69
2021-03-31,45.92,46.14,45.47,45.49,27241057,55.83
2021-04-01,45.89,46.81,45.75,46.76,24425259,57.39
2021-04-05,46.69,46.71,45.75,46.04,25714467,56.5
2021-04-06,46.32,46.89,45.84,45.91,20648993,56.34
2021-04-07,45.95,46.26,45.83,46.11,26311266,56.59
2021-04-08,45.57,45.7,45.08,45.63,24479013,56
2021-04-09,45.63,45.99,45.25,45.53,22500437,55.87
2021-04-12,46.25,46.27,45.07,45.22,22024878,55.5
2021-04-13,45.06,45.61,44.89,45.39,22766102,55.71
2021-04-14,45.97,47.27,45.83,46.71,30051591,57.32
2021-04-15,46.79,46.79,46.27,46.43,25456900,56.98
2021-04-16,46.74,47,45.99,46.17,24776243,56.66
2021-04-19,46.28,46.28,46.02,46.02,2406768,56.48
2021-04-20,46.01,46.01,44.64,45.05,23990699,55.29
2021-04-21,44.41,45.74,44.25,45.63,18375331,56
2021-04-22,45.62,45.62,44.83,45.04,22886853,55.27
2021-04-23,45.04,45.58,44.96,45.28,16807430,55.57
2021-04-26,45.2,45.86,45.17,45.37,17400789,55.68
2021-04-27,45.64,46.14,45.48,45.97,20205313,56.41
2021-04-28,46.37,47.64,46.27,47.35,26535679,58.11
2021-04-29,48.01,48.47,47.38,48.03,29543150,58.94
2021-04-30,47.53,47.99,46.58,46.64,36878962,57.24
2021-05-03,47.24,48.07,47.05,47.93,22041400,58.82
2021-05-04,48.08,48.48,47.68,48.23,25352335,59.19
2021-05-05,48.7,49.75,48.4,49.68,33170602,60.97
2021-05-06,49.59,50.23,48.92,50.15,28850658,61.55
2021-05-07,49.76,50.9,49.58,50.87,38655161,62.43
2021-05-10,51.53,52.17,50.95,50.99,34851053,62.58
2021-05-11,50.21,50.83,49.2,49.37,36445473,60.59
2021-05-12,49.61,50.99,49.4,49.64,37316699,60.04
2021-05-13,48.78,49.97,48.57,49.02,25342401,59.3
2021-05-14,49.54,50.33,49.54,50.24,22293584,60.77
2021-05-17,50.05,51.46,49.96,51.41,42697650,62.19
2021-05-18,51.26,51.5,49.93,49.96,43534952,60.43
2021-05-19,48.86,49.48,48.29,48.76,50155415,58.98
2021-05-20,48.73,48.9,48.15,48.64,36940734,58.84
2021-05-21,49.12,49.46,48.65,48.71,35781413,58.92
2021-05-24,48.84,49.44,48.52,49.28,31008756,59.61
2021-05-25,49.19,49.22,48.05,48.16,44007846,58.26
2021-05-26,48.16,48.88,47.87,48.73,37222987,58.94
2021-05-27,48.97,49.35,47.97,48.41,55612821,58.56
2021-05-28,48.55,48.61,48.04,48.26,33183340,58.37
2021-06-01,49.15,50.18,49.15,49.98,48277940,60.46
2021-06-02,50.22,50.69,49.74,50.38,39529443,60.94
2021-06-03,50.06,50.77,49.9,50.58,34619208,61.18
2021-06-04,50.81,51.01,50.24,50.8,34365399,61.45
2021-06-07,50.7,51.03,50.45,50.47,27563121,61.05
2021-06-08,50.84,51.65,50.16,51.36,50363671,62.13
2021-06-09,51.81,52.43,51.41,51.79,50127003,62.65
2021-06-10,52.59,52.89,51.46,51.88,47138944,62.75
2021-06-11,52.09,52.24,51.37,51.4,31219016,62.17
2021-06-14,51.5,51.9,50.9,51.31,18517730,62.07
2021-06-15,51.65,53.24,51.55,53.18,32787497,64.33
2021-06-16,53.17,53.57,52.55,52.99,26917280,64.1
2021-06-17,52.79,53.29,50.65,51.25,30703868,61.99
2021-06-18,50.43,50.88,49.8,49.93,51868516,60.4
2021-06-21,50.37,51.83,50.35,51.74,35635017,62.59
2021-06-22,51.96,52.92,51.45,52.74,27933459,63.79
2021-06-23,52.95,53.49,52.56,53.12,23129667,64.26
2021-06-24,53.03,53.37,52.75,53.34,21714301,64.52
2021-06-25,53.41,53.67,53.21,53.46,21353675,64.66
2021-06-28,53.37,53.37,51.88,52.09,22658982,63.01
2021-06-29,52.26,52.72,51.74,51.77,22173520,62.62
2021-06-30,51.83,52.27,51.63,52.15,20306426,63.08
2021-07-01,53.18,53.26,51.89,52.3,24131767,63.26
2021-07-02,52.09,52.35,51.6,52.22,16345077,63.17
2021-07-06,51.88,51.88,50.35,50.74,25138922,61.37
2021-07-07,50.58,51.1,49.29,49.94,23795682,60.41
2021-07-08,49.15,50.19,49.03,49.72,20716781,60.14
2021-07-09,50.18,50.8,49.8,50.62,21978476,61.23
2021-07-12,49.95,50.84,49.74,50.57,25754005,61.17
2021-07-13,50.43,50.85,50.02,50.33,19100937,60.88
2021-07-14,50.57,51.03,49.07,49.21,23819358,59.53
2021-07-15,48.92,49.35,48.58,48.73,17326997,58.95
2021-07-16,48.92,48.99,47.25,47.39,29335833,57.32
2021-07-19,46,46.46,45.13,45.76,40267102,55.35
2021-07-20,45.88,46.79,45.49,46.26,28431518,55.96
2021-07-21,47.01,48.2,46.98,47.75,22949378,57.76
2021-07-22,47.73,47.73,46.84,47.21,14314474,57.11
2021-07-23,47.36,47.36,46.68,47.16,15438253,57.04
2021-07-26,47.25,48.49,47.12,48.35,19970175,58.48
2021-07-27,47.96,47.96,47.29,47.81,18453724,57.83
2021-07-28,47.95,48.47,47.64,48.13,18069522,58.22
2021-07-29,48.78,49.05,48.41,48.72,19511766,58.93
2021-07-30,48.68,48.68,47.39,47.59,33852991,57.57
2021-08-02,47.58,48.83,47.45,47.6,22025842,57.58
2021-08-03,47.59,48.29,47.06,48.11,20290746,58.2
2021-08-04,47.28,47.85,46.97,46.99,22939209,56.84
2021-08-05,47.23,47.7,46.98,47.29,16665919,57.2
2021-08-06,47.67,48.01,47.56,47.83,16409748,57.86
2021-08-09,47.23,47.55,46.98,47.29,19936932,57.2
2021-08-10,47.47,48.25,47.37,48.1,17732636,58.18
2021-08-11,48.11,48.36,47.72,48.24,20289416,58.35
2021-08-12,48.17,48.5,47.73,48.13,20970014,57.35
2021-08-13,47.86,47.89,47.25,47.64,21823299,56.77
2021-08-16,47.01,47.07,46.39,46.95,18378384,55.94
2021-08-17,46.58,47.25,46.15,46.63,17469954,55.56
2021-08-18,46.51,46.83,45.58,45.65,23576544,54.39
2021-08-19,44.87,45.07,43.72,44.25,32876657,52.73
2021-08-20,43.87,44.59,43.73,44.26,17966155,52.74
2021-08-23,45.28,46.21,45.28,46.08,23387153,54.91
2021-08-24,46.4,46.87,46.17,46.46,20287408,55.36
2021-08-25,46.36,46.8,46.05,46.54,14983959,55.46
2021-08-26,46.33,46.61,45.84,45.91,12892861,54.71
2021-08-27,46.49,47.18,46.49,46.8,17227314,55.77
2021-08-30,47.2,47.28,46.26,46.29,15237370,55.16
2021-08-31,46.1,46.42,45.7,45.75,32868914,54.52
2021-09-01,45.73,45.95,44.98,45.13,22926076,53.77
2021-09-02,45.56,46.69,45.54,46.22,24742490,55.08
2021-09-03,46.26,46.43,45.82,46.05,15386925,54.87
2021-09-07,45.88,46.38,45.71,45.78,16111493,54.55
2021-09-08,45.98,46.31,45.33,45.36,20199785,54.05
2021-09-09,45,46.16,44.73,45.39,20183603,54.09
2021-09-10,46.32,46.35,45.28,45.3,16274830,53.98
2021-09-13,45.86,46.93,45.84,46.47,24138810,55.37
2021-09-14,46.74,46.8,45.66,45.81,22618044,54.58
2021-09-15,46.47,47.44,46.42,47.35,25419925,56.42
2021-09-16,47.38,47.38,46.58,46.85,20195403,55.82
2021-09-17,46.44,47.63,46.24,46.29,36602027,55.16
2021-09-20,45.13,45.46,44.45,45.06,29652162,53.69
2021-09-21,45.63,45.75,44.69,45.02,21158702,53.64
2021-09-22,45.68,46.92,45.63,46.33,27625294,55.21
2021-09-23,46.51,48.04,46.39,47.9,24516544,57.08
2021-09-24,47.58,48.52,47.57,48.33,24925575,57.59
2021-09-27,49.39,50.19,49.36,49.77,35921244,59.3
2021-09-28,50.27,50.76,49.94,50.29,39598020,59.92
2021-09-29,50.22,50.51,49.56,50.25,25427305,59.88
2021-09-30,50.45,50.5,49.35,49.36,34644378,58.82
2021-10-01,49.86,51.18,49.86,51.13,26815111,60.93
2021-10-04,51.46,52.09,51.15,51.8,37981773,61.72
2021-10-05,52.46,52.62,51.21,51.71,31118033,61.62
2021-10-06,50.75,51.29,50.14,50.76,27419528,60.49
2021-10-07,50.87,51.26,50.47,50.91,20773007,60.66
2021-10-08,51.4,52.38,51.4,52.18,23892308,62.18
2021-10-11,52.9,52.92,51.61,51.66,23101525,61.56
2021-10-12,51.67,52.02,51.07,51.39,22517050,61.24
2021-10-13,51.01,51.52,50.53,51.25,16163737,61.07
2021-10-14,51.79,52.22,51.34,52.03,21442652,62
2021-10-15,52.64,52.93,52.4,52.53,17788679,62.59
2021-10-18,52.95,52.99,52.26,52.5,20289255,62.56
2021-10-19,52.76,53.38,52.59,53.29,21863766,63.5
2021-10-20,52.78,53.6,52.64,53.58,15985815,63.85
2021-10-21,53.27,53.41,52.32,52.61,17880179,62.69
2021-10-22,52.68,53.06,52.32,52.97,15528819,63.12
2021-10-25,53.48,54.05,53.48,54,1451244,64.35
2021-10-26,54.12,55.34,54.01,55.25,27015820,65.84
2021-10-27,54.68,54.76,53.69,53.82,23511527,64.13
2021-10-28,53.56,54.1,53.4,53.97,17867196,64.31
2021-10-29,54.59,54.85,53.99,54.1,27462582,64.47
2021-11-01,54.6,55.46,54.57,55.08,21446701,65.63
2021-11-02,54.57,54.92,54.26,54.4,18378081,64.82
2021-11-03,53.74,54.09,53.43,53.65,19394655,63.93
2021-11-04,54.28,54.46,53.57,54.05,19573602,64.41
2021-11-05,54.59,54.82,54.18,54.57,20245358,65.02
2021-11-08,55.01,55.71,54.87,55.15,18780613,65.72
2021-11-09,55.2,55.7,54.81,55.69,21321643,66.36
2021-11-10,55.56,55.84,54.24,54.59,21864635,64.19
2021-11-11,54.6,55.13,54.45,54.7,14126401,64.31
2021-11-12,54.39,54.75,54.08,54.28,19770935,63.82
2021-11-15,54.23,55.08,53.77,54.75,21417054,64.37
2021-11-16,54.72,55.6,54.72,55.3,19123416,65.02
2021-11-17,54.76,55.49,54.59,54.7,16912130,64.31
2021-11-18,54.57,54.88,53.68,54.1,19751267,63.61
2021-11-19,52.64,52.76,51.38,51.6,35651926,60.67
2021-11-22,51.3,53.19,51.3,52.31,25207597,61.51
2021-11-23,52.89,53.91,52.66,53.69,23708908,63.13
2021-11-24,53.22,54.3,53.22,53.99,17122317,63.48
2021-11-26,51.47,52.24,50.64,52.09,27020197,61.25
2021-11-29,53.22,53.7,52.13,52.38,20983580,61.59
2021-11-30,51.42,52.04,50.74,50.89,40980297,59.84
2021-12-01,51.8,52.76,50.82,50.85,32767768,59.79
2021-12-02,50.81,52.37,50.3,52.12,31938218,61.28
2021-12-03,52.66,52.93,51.32,51.79,23508202,60.89
2021-12-06,52.49,52.87,52.24,52.37,20472040,61.58
2021-12-07,53.02,53.61,52.82,52.96,22539217,62.27
2021-12-08,53.25,53.74,53.02,53.11,20461257,62.45
2021-12-09,52.77,53.38,52.57,53.25,18802415,62.61
2021-12-10,53.81,53.88,52.92,53.59,20525415,63.01
2021-12-13,53.13,53.34,52.18,52.42,20116740,61.63
2021-12-14,52.1,53.13,52.07,52.34,26402117,61.54
2021-12-15,52.04,52.31,51.04,52.11,22270016,61.27
2021-12-16,52.26,53.11,52.14,52.2,23542966,61.37
2021-12-17,51.84,52.11,50.77,51.06,58649497,60.03
2021-12-20,50,50.39,49.3,50.32,24677270,59.16
2021-12-21,50.82,51.61,50.79,51.46,21941042,60.5
2021-12-22,51.32,52.19,51,51.87,15106755,60.99
2021-12-23,52.03,52.6,51.88,51.9,14975343,61.02
2021-12-27,51.82,52.69,51.39,52.64,13936754,61.89
2021-12-28,52.65,53,52.22,52.47,14047460,61.69
2021-12-29,52.29,52.39,51.81,52.01,13970642,61.15
2021-12-30,52.07,52.39,51.68,51.7,13309105,60.79
2021-12-31,51.66,52.28,51.63,52.04,16658727,61.19
2022-01-03,52.08,54.09,52.06,54.04,27105217,63.54
2022-01-04,54.54,56.29,54.52,56.07,42200487,65.93
2022-01-05,56.56,57.5,56.54,56.77,37270971,66.75
2022-01-06,57.83,58.24,57.04,58.11,34353397,68.32
2022-01-07,58.28,58.84,57.82,58.58,26816477,68.88
2022-01-10,58.66,58.83,57.79,58.23,26759453,68.47
2022-01-11,58.59,60.73,58.33,60.68,35165413,71.35
2022-01-12,60.5,61.07,60.08,60.5,25099161,71.14
2022-01-13,60.49,60.88,59.8,60.07,23558146,70.63
2022-01-14,60.09,61.36,60.05,61.13,26086867,71.87
2022-01-18,61.93,62.84,61.24,62.15,36016962,73.08
2022-01-19,62.72,62.82,61.7,62.18,28503565,73.11
2022-01-20,61.66,63.25,61.46,62.32,28669868,73.27
2022-01-21,62.24,62.24,60.42,61.38,38258064,72.17
2022-01-24,60.28,61.91,59.37,61.91,14894515,72.79
2022-01-25,61.74,63.99,60.72,63.73,42085152,74.93
2022-01-26,64.15,64.64,63.08,63.08,26450954,74.17
2022-01-27,64.18,64.65,62.92,63.89,31774294,75.12
2022-01-28,63.76,64.32,62.89,64.03,33264582,75.28
2022-01-31,63.76,65,63.16,64.6,42299714,75.96
2022-02-01,65.02,69.32,64.87,68.75,64001302,80.83
2022-02-02,68.09,68.73,67.32,68.57,32119570,80.62
2022-02-03,68.12,68.3,67.21,67.77,32095823,79.68
2022-02-04,68.78,70.19,68.78,69.24,35041207,81.41
2022-02-07,69.01,70.66,68.58,70.07,38459788,82.39
2022-02-08,69.97,70.16,67.97,68.26,37490460,80.26
2022-02-09,68.43,68.82,67.68,67.93,43923683,79
2022-02-10,67.69,68.52,66.9,67.28,30403277,78.24
2022-02-11,67.61,69.07,67.27,68.98,45313556,80.21
2022-02-14,68.43,68.66,66.26,67.92,38390455,78.98
2022-02-15,66.13,67.24,65.72,67.07,27065228,77.99
2022-02-16,67.75,68.56,67.11,67.38,23924968,78.35
2022-02-17,67.49,68.04,67.03,67.27,26176238,78.23
2022-02-18,66.35,67.22,66.12,66.52,26461382,77.36
2022-02-22,68.51,68.61,64.76,65.75,38765463,76.46
2022-02-23,65.75,66.62,65.47,66.02,27402197,76.77
2022-02-24,67.93,67.96,63.66,65.18,50461532,75.8
2022-02-25,65.95,67.07,65.58,66.94,30281578,77.84
2022-02-28,65.79,67.87,65.53,67.44,37460307,78.42
2022-03-01,67.74,69.35,67.36,68.08,42984627,79.17
2022-03-02,69.31,70.64,68.64,69.25,47145867,80.53
2022-03-03,68.67,70.32,68.48,69.69,32861895,81.04
2022-03-04,69.7,72.47,69.36,72.31,45231273,84.09
2022-03-07,73.03,75.01,72.15,74.92,58580027,87.12
2022-03-08,76.57,76.57,75.49,75.49,4045986,87.78
2022-03-09,72.26,74.44,70.17,71.19,68428234,82.79
2022-03-10,72.24,73.68,71.29,73.4,47698286,85.36
2022-03-11,72.29,74.15,72.21,73.03,38524611,84.92
2022-03-14,71.43,71.76,69.22,70.41,40249642,81.88
2022-03-15,67.78,68.08,65.67,66.4,52364860,77.22
2022-03-16,66.91,67.61,65.57,66.15,40604515,76.93
2022-03-17,67.23,68.06,66.28,67.92,36689758,78.98
2022-03-18,67.99,68.27,67.16,67.65,59218012,78.67
2022-03-21,68.9,70.96,68.57,70.69,35553918,82.2
2022-03-22,70.2,70.69,69.47,70.38,25245479,81.84
2022-03-23,71.67,72.47,71.42,71.49,30752096,83.13
2022-03-24,71.77,72.79,71.16,71.7,21627852,83.38
2022-03-25,71.31,73.52,71.19,73.27,24191672,85.2
2022-03-28,71.52,71.64,70.53,71.21,26165719,82.81
2022-03-29,69.49,70.94,68.59,70.83,31861465,82.37
2022-03-30,71.43,72.24,71.13,72.05,25761565,83.78
2022-03-31,71.26,72.58,70.99,71.02,32040381,82.59
2022-04-01,70.51,72.35,70.51,71.48,20523151,83.12
2022-04-04,71.86,71.94,70.56,71.51,22511284,83.16
2022-04-05,71.8,73.15,70.99,71.14,23602223,82.73
2022-04-06,71.74,72.84,71.32,71.93,26771700,83.65
2022-04-07,72.09,73.47,71.13,73.14,27769234,85.05
2022-04-08,73.24,74.99,73.24,74.68,26702349,86.84
2022-04-11,73.77,73.89,71.8,72.11,24312751,83.85
2022-04-12,73.7,74.66,73.42,73.61,24544648,85.6
2022-04-13,74.48,74.91,73.26,74.65,20531586,86.81
2022-04-14,74.53,76.07,74.15,75.53,27546458,87.83
2022-04-18,76.1,76.44,75.46,76.15,20392050,88.55
2022-04-19,75.68,76.24,75.05,75.47,22376100,87.76
2022-04-20,75.65,76.1,75.07,75.64,22547385,87.96
2022-04-21,76.49,77.22,74.63,74.84,31911181,87.03
2022-04-22,74.52,75.78,73.09,73.21,25684761,85.13
2022-04-25,70.83,71.08,68.18,70.74,40764756,82.26
2022-04-26,71.14,72.85,70.67,70.76,31251831,82.29
2022-04-27,71.71,73.5,70.76,72.78,35190549,84.64
2022-04-28,72.99,75.79,72.29,74.99,35756790,87.2
2022-04-29,75.79,75.79,72.84,73.31,41546256,85.25
2022-05-02,73.1,74.84,72.78,74.31,38959278,86.41
2022-05-03,74.18,76.34,74.06,75.84,36416294,88.19
2022-05-04,76.96,79.01,76.46,78.86,48510151,91.7
2022-05-05,79.15,79.16,76.01,77.66,43941562,90.31
2022-05-06,78.24,78.95,76.84,78.85,31436077,91.69
2022-05-09,76.91,77.02,72.25,72.63,49736972,84.46
2022-05-10,73.64,74.72,71.82,73.11,36610668,85.02
2022-05-11,74.32,76.48,74.2,74.63,35255677,86.79
2022-05-12,74.67,75.04,72.45,74.97,31846295,86.3
2022-05-13,75.89,77.27,75.01,77.2,28128642,88.86
2022-05-16,77.3,79.9,77.29,79.01,27919874,90.95
2022-05-17,79.69,80.32,79.16,80.02,24869028,92.11
2022-05-18,80.37,80.72,78.04,78.75,28094573,90.65
2022-05-19,77.32,80.18,77.32,79.18,25876896,91.14
2022-05-20,79.86,81.31,78.53,79.8,32102418,91.86
2022-05-23,80.5,82.33,80.4,81.57,29779504,93.89
2022-05-24,80.64,82.35,80.2,82.01,26179066,94.4
2022-05-25,82.17,83.86,82.07,83.66,32251822,96.3
2022-05-26,83.92,84.64,83.57,83.96,28235901,96.64
2022-05-27,83.35,85.08,82.79,84.78,29759148,97.59
2022-05-31,85.62,86.68,83.14,83.4,53352886,96
2022-06-01,84.29,85.76,83.94,85,28517370,97.84
2022-06-02,84.52,85.22,84.09,84.85,20409756,97.67
2022-06-03,85.05,86.58,85.05,86.08,22232222,99.09
2022-06-06,86.16,86.68,85.72,85.87,22155168,98.84
2022-06-07,86.61,89.85,86.43,89.8,40250476,103.37
2022-06-08,89.91,91.71,89.46,90.86,33414526,104.59
2022-06-09,89.85,90.84,88.75,88.9,29041632,102.33
2022-06-10,88.56,89.78,86.69,87.27,34357275,100.46
2022-06-13,84.72,84.94,81.59,83.27,36224073,95.85
2022-06-14,84.62,85.72,82.77,83.49,34660839,96.1
2022-06-15,83.39,83.89,81.03,82.44,32029361,94.89
2022-06-16,80.28,80.91,78.43,79.39,38805655,91.39
2022-06-17,79.02,79.36,74.41,74.82,82849991,86.12
2022-06-21,76.95,80.38,76.9,79.47,39716802,91.48
2022-06-22,76.05,77.98,76.04,76.33,33917552,87.86
2022-06-23,77.02,77.36,72.56,74.03,37971726,85.21
2022-06-24,75.54,76.8,74.55,75.49,30982227,86.9
2022-06-27,76.28,78.22,76.16,77.34,28385666,89.03
2022-06-28,79.16,81,78.49,79.49,35421954,91.5
2022-06-29,80.78,80.97,76.24,76.55,28350697,88.12
2022-06-30,74.83,76.1,73.56,74.4,48369901,85.64
2022-07-01,75.35,76.35,73.59,76.06,28444150,87.55
2022-07-05,75.01,75.32,72.11,73.68,37662954,84.81
2022-07-06,72.77,74.04,70.38,72.35,36704171,83.28
2022-07-07,74.17,75.37,74.1,74.66,26539049,85.94
2022-07-08,75.54,75.84,73.78,74.78,19423946,86.08
2022-07-11,73.99,74.82,73.29,74.4,17435659,85.64
2022-07-12,72.78,73.89,71.98,73.41,22991557,84.5
2022-07-13,72.44,74.98,72.37,73.7,22207050,84.84
2022-07-14,71.11,72.37,70.1,72.23,28657681,83.14
2022-07-15,73.67,73.74,72.02,73.44,19643816,84.54
2022-07-18,75.22,76.4,74.49,74.8,22292877,86.1
2022-07-19,75.07,76.9,74.93,76.68,20695552,88.27
2022-07-20,76.08,77.88,75.8,77.53,18416012,89.24
2022-07-21,75.52,76.28,74.03,76.23,23097939,87.75
2022-07-22,76.06,76.86,75.26,75.65,17259056,87.08
2022-07-25,76.59,78.3,75.95,78.17,20035222,89.98
2022-07-26,79.17,79.3,77.32,77.87,16446973,89.63
2022-07-27,78.43,79.92,77.67,79.55,19705085,91.57
2022-07-28,80.08,81.01,79.06,80.48,22325998,92.64
2022-07-29,82.05,84.72,81.75,84.21,34185761,96.93
2022-08-01,82.35,82.83,80.99,82.08,23185643,94.48
2022-08-02,82.26,82.7,81.51,81.72,18404852,94.07
2022-08-03,82.03,82.03,78.87,79.07,25672618,91.02
2022-08-04,78.46,78.48,75.09,75.75,35041259,87.19
2022-08-05,75.02,77.92,74.96,76.84,19258873,88.45
2022-08-08,76.98,77.84,76.64,77.27,15806361,88.95
2022-08-09,78.23,79.59,78.14,78.7,20315062,90.59
2022-08-10,78.78,79.74,77.48,79.45,20372481,91.45
2022-08-11,80.56,82.72,80.21,81.74,20726554,93.19
2022-08-12,81.12,82.47,80.8,82.46,16568471,94
2022-08-15,79.41,81.34,78.65,80.98,22547142,92.32
2022-08-16,80.73,81.48,80.08,80.23,15314009,91.46
2022-08-17,80.06,81.76,79.75,80.88,15131897,92.2
2022-08-18,81.71,83.6,81.66,82.79,19343034,94.38
2022-08-19,82.6,83.51,82.28,82.53,18105256,94.08
2022-08-22,81.95,82.88,80.58,82.46,17769541,94.01
2022-08-23,83.81,86.32,83.73,85.96,25408593,98
2022-08-24,85.97,86.81,85.4,86.47,18601564,98.58
2022-08-25,86.77,87.6,86.05,86.92,16717477,99.09
2022-08-26,86.64,87.64,85.46,85.85,17540120,97.87
2022-08-29,86.12,89.08,86.09,87.82,24532011,100.12
2022-08-30,86.28,86.51,84.05,84.48,18684247,96.31
2022-08-31,82.48,84.95,82.1,83.85,20917367,95.59
2022-09-01,82.82,83.39,80.96,82.34,18389982,93.87
2022-09-02,84.52,84.9,83.43,83.85,19764686,95.59
2022-09-06,84.35,84.73,82.9,83.29,20854722,94.95
2022-09-07,81.74,82.97,80.96,82.58,18259104,94.14
2022-09-08,83.03,83.7,82.21,83.25,20773431,94.91
2022-09-09,84.67,85.09,83.61,84.65,19401124,96.5
2022-09-12,85.66,87.01,84.98,85.62,18275722,97.61
2022-09-13,84.74,85.77,83.25,83.62,20082635,95.33
2022-09-14,84.38,86.46,84.34,85.67,24591819,97.67
2022-09-15,84.4,84.68,82.5,83.18,23634245,94.83
2022-09-16,83.39,83.63,80.7,81.76,50714225,93.21
2022-09-19,79.83,82.01,79.82,81.75,16930016,93.2
2022-09-20,81.34,81.51,80.39,81.09,16500146,92.44
2022-09-21,82.08,82.35,79.71,79.78,18709855,90.95
2022-09-22,80.88,81.28,79.4,79.45,18074846,90.57
2022-09-23,76.75,76.75,74.43,75.22,30795871,85.75
2022-09-26,74.47,75.63,73.59,73.67,24225438,83.98
2022-09-27,75.1,76.28,74.39,75.21,19191526,85.74
2022-09-28,75.54,78.33,75.37,77.95,21968529,88.86
2022-09-29,77.35,78.38,76.43,77.79,19482718,88.68
2022-09-30,77.34,78.1,76.59,76.59,26293833,87.31
2022-10-03,78.98,81.02,78.7,80.63,26386802,91.92
2022-10-04,81.79,83.65,81.32,83.57,24021118,95.27
2022-10-05,83.99,87.71,83.91,86.95,37864294,99.12
2022-10-06,86.38,89.63,86.25,89.53,31107629,102.06
2022-10-07,89.64,90.63,87.88,88.62,26775078,101.03
2022-10-10,89.03,89.5,86.6,86.7,18406783,98.84
2022-10-11,85.28,87.51,84.87,85.96,20211074,98
2022-10-12,85.53,86.76,85.29,86.34,14279057,98.43
2022-10-13,85.57,89.87,85.44,89.36,23850733,101.87
2022-10-14,88.7,89.68,86.88,87.01,17309547,99.19
2022-10-17,88.66,89.45,88.16,88.26,16363922,100.62
2022-10-18,89.07,89.78,87.04,88.42,15296388,100.8
2022-10-19,88.81,91.22,88.8,91.04,22594732,103.79
2022-10-20,91.51,92.1,90.71,91.17,19707759,103.93
2022-10-21,91.62,93.33,91.14,92.86,25901438,105.86
2022-10-24,92.68,94.46,92.21,93.51,18410534,106.6
2022-10-25,93.34,94.15,92.17,92.88,17225497,105.88
2022-10-26,93.21,94.59,92.98,93.98,19795329,107.14
2022-10-27,95.1,96.12,94.23,94.34,19948022,107.55
2022-10-28,96.02,97.55,94.84,97.1,30944831,110.7
2022-10-31,96.05,99.04,96,97.2,31326176,110.81
2022-11-01,98.57,98.74,97.06,98.17,24252249,111.91
2022-11-02,97.88,98.33,95.88,96.15,22613569,109.61
2022-11-03,95.24,98.09,95.01,97.46,18410667,111.1
2022-11-04,99.12,99.56,97.19,98.52,19198916,112.31
2022-11-07,98.6,99.99,98.36,99.68,16008044,113.64
2022-11-08,99.54,100.58,98.77,100,14661028,114
2022-11-09,99.21,99.37,95.24,95.53,19522755,108.9
2022-11-10,96.66,97.1,94.36,96.93,20146732,110.5
2022-11-11,98.75,100.44,98.67,99.96,20508831,113.95
2022-11-14,99.59,101.37,99.47,100.25,20858291,113.37
2022-11-15,100.63,101.27,99.8,100.92,19373750,114.13
2022-11-16,100.31,101.03,98.91,99.84,13590973,112.91
2022-11-17,98.41,100.1,97.93,99.97,12435740,113.06
2022-11-18,98.06,99.46,96.92,99.11,15406939,112.08
2022-11-21,97.26,98.33,95.04,98.12,20972978,110.97
2022-11-22,99.22,101.22,98.53,100.96,17719088,114.18
2022-11-23,99.32,100.76,99.12,100.46,11546685,113.61
2022-11-25,100.7,101.34,99.97,100.11,7136013,113.21
2022-11-28,97.85,98.56,96.93,97.1,23017671,109.81
2022-11-29,97.81,98.86,97.08,97.74,14453174,110.54
2022-11-30,98.63,98.95,97.07,98.45,23158059,111.34
2022-12-01,98.72,99.1,97.43,97.97,14398314,110.8
2022-12-02,96.83,98.78,96.56,97.14,15242337,109.86
2022-12-05,97.89,98.47,93.68,94.48,19287746,106.85
2022-12-06,93.64,94.65,91.21,91.86,21196977,103.88
2022-12-07,91.77,92.72,90.52,91.65,20061729,103.65
2022-12-08,93.98,94.43,91.71,92.33,21128720,104.42
2022-12-09,92.48,93.69,91.34,91.55,21285158,103.54
2022-12-12,91.81,93.94,91.59,93.81,20413173,106.09
2022-12-13,95.32,95.98,94.63,94.84,24305345,107.25
2022-12-14,95.49,95.76,93.51,94.14,17597334,106.46
2022-12-15,93.14,93.88,91.7,93.23,15367888,105.44
2022-12-16,91.69,93.36,91.19,92.58,54593662,104.7
2022-12-19,93.08,93.91,92.3,93,13611124,105.17
2022-12-20,93,95.07,92.91,94.34,14680004,106.69
2022-12-21,95.75,96.02,94.76,95.55,13565365,108.06
2022-12-22,95.4,95.67,92.05,93.62,13215496,105.88
2022-12-23,94.57,96.15,94.53,96.1,11535068,108.68
2022-12-27,96.62,97.68,96.23,97.43,11962058,110.19
2022-12-28,97.19,97.27,95.41,95.83,10702075,108.38
2022-12-29,95.49,97.02,95.49,96.56,10534028,109.2
2022-12-30,96.04,97.71,96.04,97.53,11791723,110.3
2023-01-03,97.07,97.28,93.28,94.18,15146168,106.51
2023-01-04,92.67,94.75,92.63,94.46,18058396,106.82
2023-01-05,94.03,97.22,94,96.57,15946559,109.21
2023-01-06,97.34,99.03,96.98,97.74,16342159,110.53
2023-01-09,98.72,98.72,95.33,95.91,17964591,108.47
2023-01-10,97.08,97.56,95.5,97.35,15104595,110.09
2023-01-11,98.14,98.55,96.46,98.48,16710366,111.37
2023-01-12,98.88,100.57,98.81,100.11,15357321,113.22
2023-01-13,100.02,100.35,99.18,100.05,12008021,113.15
2023-01-17,100.28,100.87,99.63,99.86,16542201,112.93
2023-01-18,100.15,100.91,97.62,97.81,16399690,110.61
2023-01-19,97.33,99.15,96.9,98.43,12928021,111.32
2023-01-20,98.47,100.31,97.81,100.23,16455453,113.35
2023-01-23,100.49,101.33,99.6,99.71,16584422,112.76
2023-01-24,87.74,100.82,87.74,100.64,13585197,113.81
2023-01-25,100.12,100.49,98.5,100.11,11918232,113.21
2023-01-26,101.44,104.15,101.1,104.13,21019678,117.76
2023-01-27,103.41,104.05,102.03,102.23,15175221,115.61
2023-01-30,101.77,102.12,100.05,100.41,18672053,113.56
2023-01-31,99.12,102.93,97.65,102.58,27861849,116.01
2023-02-01,102.42,103.79,100.22,101.46,19464873,114.74
2023-02-02,101.56,101.75,97.12,98.28,24562123,111.15
2023-02-03,98.95,100.9,98.65,98.96,20215361,111.92
2023-02-06,99.35,100,97.55,98.8,13855205,111.73
2023-02-07,99.38,101.96,99.05,101.62,16013314,114.92
2023-02-08,101.73,102.42,100.67,100.73,18459678,113.92
2023-02-09,101.35,102.78,100.96,101.11,17439311,114.35
2023-02-10,103.02,105.78,102.71,105.38,24909553,119.17
2023-02-13,104.89,105.3,103.27,104.97,14536241,117.8
2023-02-14,104.26,104.97,103.38,103.74,12078992,116.42
2023-02-15,103.11,103.44,101.7,103.42,13673360,116.07
2023-02-16,102.75,104.06,102.29,103.12,11360604,115.73
2023-02-17,101.75,101.75,98.89,99.16,20752505,111.28
2023-02-21,98.74,100.14,98.74,99.06,14469431,111.17
2023-02-22,98.44,98.88,96.8,97.77,13973840,109.73
2023-02-23,98.67,99.65,97.93,98.67,11289402,110.74
2023-02-24,97.42,98.87,97.14,98.68,14338021,110.75
2023-02-27,98.73,99.14,97.98,98.51,11710453,110.55
2023-02-28,99.12,99.23,97.32,97.94,18107031,109.91
2023-03-01,97.4,99.67,97.34,98.81,13199919,110.89
2023-03-02,98.56,99.53,98.17,99.26,10343084,111.4
2023-03-03,98.06,101.02,97.97,100.52,12999221,112.81
2023-03-06,99.79,101.44,99.68,101.41,14347410,113.81
2023-03-07,100.52,100.84,99.06,99.45,11525289,111.61
2023-03-08,99.11,100.17,97.18,98,13509818,109.98
2023-03-09,98.79,100,97.15,97.24,12961244,109.13
2023-03-10,97.62,98.94,95.48,96.04,15793517,107.78
2023-03-13,93.86,96.11,92.42,94.93,20197806,106.54
2023-03-14,94.76,97.13,93.52,95.29,18263512,106.94
2023-03-15,91.62,92.85,89.3,90.55,25733780,101.62
2023-03-16,88.31,90.6,87.34,90.02,27476133,101.03
2023-03-17,89.64,90.54,88.34,88.96,43187098,99.84
2023-03-20,88.78,91.31,88.66,91.29,32042106,102.45
2023-03-21,92.82,95.59,92.78,95.38,31592310,107.04
2023-03-22,95.16,95.5,93.17,93.19,14952666,104.59
2023-03-23,93.88,94.75,91.28,92.14,14385865,103.41
2023-03-24,90.41,92.54,89.92,92.25,13401561,103.53
2023-03-27,93.33,94.88,92.59,94.27,14805911,105.8
2023-03-28,93.95,95.92,93.73,95.45,11047587,107.12
2023-03-29,96.29,97.27,95.78,97.09,14219122,108.96
2023-03-30,97.61,97.63,96.7,97.56,11578171,109.49
2023-03-31,97.73,98.17,97.17,97.71,14416789,109.66
2023-04-03,101.04,104.12,100.8,103.48,28087681,116.13
2023-04-04,103.59,103.99,101.73,102.49,16365489,115.02
2023-04-05,102.78,104.25,101.86,104.24,16479469,116.99
2023-04-06,104.13,104.41,102.27,102.52,15777957,115.05
2023-04-10,102.27,103.52,101.73,102.06,13006552,114.54
2023-04-11,102.44,103.54,101.92,102.78,11758461,115.35
2023-04-12,103.5,103.89,102.41,102.68,10919022,115.23
2023-04-13,102.11,103.26,101.7,103.16,12399652,115.77
2023-04-14,103.27,103.95,102.58,103.41,11529938,116.05
2023-04-17,102.91,103.82,101.95,102.2,13260311,114.7
2023-04-18,101.93,104.44,101.85,104.2,17436140,116.94
2023-04-19,103.43,104.16,103.16,103.87,10682605,116.57
2023-04-20,102.58,103.08,100.89,103.04,17038747,115.64
2023-04-21,103.8,104.15,102.7,103.37,14313674,116.01
2023-04-24,103.29,105.93,103.25,105.32,15831314,118.2
2023-04-25,104.74,104.91,103.03,103.83,12179824,116.52
2023-04-26,103.39,104.33,102.19,102.87,15566086,115.45
2023-04-27,103.02,104.26,102.37,104.1,16279072,116.83
2023-04-28,104.48,106.85,104.1,105.45,24373819,118.34
2023-05-01,103.35,104.52,101.98,102.18,17354987,114.67
2023-05-02,101.53,101.53,97.38,98.1,24324102,110.1
2023-05-03,97.2,97.85,96.02,96.17,16212343,107.93
2023-05-04,96.14,96.9,94.37,94.49,17177150,106.04
2023-05-05,96.72,97.51,95.81,96.84,14964655,108.68
2023-05-08,98.46,98.88,97.16,97.22,11187752,109.11
2023-05-09,96.54,98.22,96.42,97.25,11370769,109.14
2023-05-10,97.78,98.02,95.08,96,14884793,107.74
2023-05-11,94.89,95.18,93.5,94.26,17165897,105.79
2023-05-12,94.73,95.35,93.36,94.26,12608275,105.78
2023-05-15,94.83,95.2,93.99,94.43,13715576,105.07
2023-05-16,94.04,94.2,91.69,92.14,14800200,102.52
2023-05-17,92.93,94.58,92.44,94.21,14064742,104.82
2023-05-18,93.97,95.19,93.59,95.06,12005609,105.77
2023-05-19,95.78,96.21,95.11,95.5,13357683,106.26
2023-05-22,95.13,96.21,94.26,94.35,12882000,104.97
2023-05-23,95.26,97.27,95.05,95.63,14394440,106.4
2023-05-24,96.51,97.53,95.93,96.7,16340291,107.59
2023-05-25,95.22,95.66,94.11,94.97,14316463,105.66
2023-05-26,95.69,96.12,94.22,94.35,12362268,104.97
2023-05-30,92.84,93.58,92.22,93.51,11938025,104.04
2023-05-31,91.94,92.61,91.44,91.84,24926117,102.18
2023-06-01,91.45,94.89,91.01,92.9,13551937,103.36
2023-06-02,94.52,95.39,93.95,95.06,14112041,105.76
2023-06-05,96.34,96.43,94.45,94.63,12248251,105.29
2023-06-06,93.61,95.51,93.46,95.41,12209769,106.15
2023-06-07,95.98,97.87,95.93,97.54,16027088,108.53
2023-06-08,97.76,98.09,95.18,97.24,13517920,108.19
2023-06-09,97.48,97.62,96.31,96.52,12252532,107.39
2023-06-12,95.1,96.22,94.87,95.65,14115162,106.42
2023-06-13,96.51,97.37,95.52,95.67,13533782,106.44
2023-06-14,96.57,97.17,93.82,94.52,16627582,105.16
2023-06-15,94.82,96.2,94.77,95.17,16224110,105.89
2023-06-16,95.59,95.96,94.33,94.49,43128871,105.13
2023-06-20,94.08,94.17,91.78,92.32,17519381,102.72
2023-06-21,92.13,94.04,91.97,93.36,13285742,103.87
2023-06-22,92.43,93.37,92.26,92.84,12458808,103.3
2023-06-23,92.21,92.41,91.33,92.04,17933600,102.4
2023-06-26,91.86,94.29,91.86,93.73,14283407,104.29
2023-06-27,93.51,94.02,92.82,93.97,13227487,104.55
2023-06-28,93.75,95.11,92.75,94.73,13084063,105.4
2023-06-29,94.97,95.93,94.49,95.9,11364437,106.7
2023-06-30,96.5,96.96,96,96.39,13277219,107.25
2023-07-03,96.61,97.48,96.23,96.58,7366616,107.46
2023-07-05,96.74,97,95.36,96.09,12491206,106.91
2023-07-06,94.45,95.02,92.06,92.5,17964884,102.92
2023-07-07,91.6,93.47,91.28,92.72,21929159,103.16
2023-07-10,92.55,94.15,92.35,94.09,14877617,104.69
2023-07-11,94.61,95.41,94.2,95.24,12581082,105.97
2023-07-12,96.17,96.75,95.39,95.71,13238236,106.49
2023-07-13,95.24,95.48,92.86,93.96,26826838,104.54
2023-07-14,93.52,93.52,90.35,90.72,28181921,100.94
2023-07-17,90.53,91.37,90.08,91.12,18055850,101.38
2023-07-18,90.71,91.86,90.18,90.71,24617795,100.92
2023-07-19,90.82,92.04,90.6,91.33,15556542,101.62
2023-07-20,92.16,93.17,92,92.94,15740203,103.41
2023-07-21,93.62,93.81,92.81,93.37,17121487,103.89
2023-07-24,93.8,95.41,93.44,94.84,15090858,105.52
2023-07-25,94.43,95.35,93.96,94.98,14116085,105.68
2023-07-26,94.47,95.02,94.05,94.45,15159624,105.09
2023-07-27,95.27,96.16,94.14,94.75,17677887,105.42
2023-07-28,94.47,94.52,91.96,93.62,17571676,104.16
2023-07-31,94.54,96.94,94.54,96.39,24226155,107.24
2023-08-01,96.12,96.46,94.85,95.83,14212941,106.62
2023-08-02,95.5,95.61,93.99,94.63,13489811,105.29
2023-08-03,95.17,96.96,94.64,96.28,16283107,107.12
2023-08-04,97.03,98.18,96.47,96.55,14279635,107.42
2023-08-07,96.98,97.45,95.72,96.35,12410828,107.2
2023-08-08,95.31,96.84,94.22,96.83,14065574,107.73
2023-08-09,97.71,99.24,97.35,98.47,19919603,109.56
2023-08-10,99.04,100.33,98.36,98.97,15837170,110.12
2023-08-11,99.2,100.73,98.91,100.51,14047045,111.83
2023-08-14,100.38,100.65,99.57,100.59,12973385,111.92
2023-08-15,100.35,100.46,97.83,98.01,14909579,108.16
2023-08-16,98.12,99.07,96.3,96.36,13695123,106.34
2023-08-17,97.34,99.81,97.34,98.23,16709546,108.4
2023-08-18,97.54,99.85,97.52,99.71,16223955,110.04
2023-08-21,100,100.56,97.99,98.51,11092381,108.71
2023-08-22,98.92,99.42,97.82,97.95,10520844,108.1
2023-08-23,96.99,97.23,95.8,97.09,11435555,107.15
2023-08-24,96.43,97.65,96.12,96.37,10818480,106.35
2023-08-25,97.35,98.71,96.61,98.09,13579304,108.25
2023-08-28,98.27,99.71,98.26,98.92,10382124,109.16
2023-08-29,99.37,99.69,98.24,99.5,9665011,109.81
2023-08-30,100.08,100.71,99.66,100.47,11922062,110.88
2023-08-31,100.69,100.96,100.23,100.75,17479836,111.19
2023-09-01,101.67,103.14,101.67,102.87,14843483,113.52
2023-09-05,103.39,104.95,102.85,102.88,18304015,113.53
2023-09-06,102.83,103.84,102.6,103.76,13325544,114.51
2023-09-07,103.89,104.98,103.03,103.26,13248543,113.95
2023-09-08,103.78,105.16,103.59,104.76,14286485,115.61
2023-09-11,105.28,105.73,102.91,103.45,14383563,114.16
2023-09-12,104.52,106.62,104.45,106.46,20145763,117.49
2023-09-13,106.39,106.89,105.02,105.51,13472801,116.44
2023-09-14,106.52,107.52,106.32,107.4,15210703,118.52
2023-09-15,106.83,107.39,105.57,105.75,34568393,116.7
2023-09-18,106.5,107.14,105.75,106.6,14045313,117.64
2023-09-19,107.49,107.69,105.67,106.32,12569726,117.33
2023-09-20,105.6,106.94,105.4,105.48,11883209,116.4
2023-09-21,106,106.35,103.84,103.99,14409637,114.76
2023-09-22,104.85,105.73,104.03,104.15,13200214,114.94
2023-09-25,104.29,105.7,104.05,105.32,11316014,116.23
2023-09-26,104.66,105.77,104.54,105.48,11805436,116.41
2023-09-27,106.83,109.19,106.38,108.92,23976394,120.2
2023-09-28,108.72,109.37,107.1,108.26,16808118,119.47
2023-09-29,107.92,107.99,105.78,106.55,18813566,117.58
2023-10-02,106.5,106.74,103.8,104.78,14395963,115.63
2023-10-03,104.61,105.51,104.24,104.96,13297057,115.83
2023-10-04,103.35,103.38,100.13,101.04,19622227,111.5
2023-10-05,99.5,100.49,98.5,98.76,20128784,108.99
2023-10-06,95.81,98.11,95.25,97.11,25367468,107.17
2023-10-09,100.08,101.55,99.24,100.51,22369888,110.92
2023-10-10,100.6,100.99,99.79,100.08,13891954,110.45
2023-10-11,96.92,97.11,94.99,96.5,57939025,106.49
2023-10-12,97.49,97.72,96.13,96.48,31182959,106.47
2023-10-13,97.89,99.86,97.72,99.56,30290330,109.87
2023-10-16,100.13,100.29,98.89,99.63,18451997,109.95
2023-10-17,99.43,101.31,99.39,100.94,19775442,111.39
2023-10-18,101.33,102.75,101.22,102.35,23380268,112.95
2023-10-19,102.14,103.27,100.88,102.41,20972490,113.02
2023-10-20,102.32,102.68,100.39,100.66,22445271,111.08
2023-10-23,100.25,100.55,98.48,99.18,18184952,109.45
2023-10-24,99.4,99.51,97.97,98.22,16786109,108.39
2023-10-25,98.34,99.22,97.98,98.4,22047320,108.59
2023-10-26,97.37,98.17,96.5,97.5,18761261,107.6
2023-10-27,98.67,99.55,95.11,95.64,23092019,105.55
2023-10-30,95.82,96.43,95.34,95.94,19379918,105.88
2023-10-31,95.67,96.2,94.73,95.92,22185151,105.85
2023-11-01,96.53,97.11,95.56,95.73,28984867,105.64
2023-11-02,95.94,98.94,95.6,98.87,25212688,109.11
2023-11-03,98.23,98.57,96.54,97.66,30555556,107.78
2023-11-06,98.02,98.11,95.84,95.93,19097268,105.87
2023-11-07,94.67,95.02,93.6,94.43,20272488,104.21
2023-11-08,93.99,95.06,93.23,93.27,19184068,102.93
2023-11-09,93.94,94.21,93.2,93.3,18380539,102.96
2023-11-10,94.18,94.61,93.25,94.01,17831343,103.75
2023-11-13,94.28,95.27,94.06,95,15308383,104.84
2023-11-14,95.38,95.85,94.98,95.37,18260517,104.29
2023-11-15,95.06,96.15,94.64,94.79,20137562,103.66
2023-11-16,94.1,94.43,92.5,93.69,22469075,102.46
2023-11-17,94.24,96.41,93.96,95.98,22991825,104.96
2023-11-20,96.36,96.82,95.49,95.56,17464018,104.5
2023-11-21,95.29,95.74,94.38,95.52,14988986,104.46
2023-11-22,93.8,95.21,93.22,95.11,18073241,104.01
2023-11-24,95.12,96.44,95.02,95.62,9480770,104.57
2023-11-27,95.19,95.47,94.35,95.06,18013520,103.96
2023-11-28,95.32,95.93,94.99,95.01,20629514,103.9
2023-11-29,95.35,95.63,92.94,93.58,26802093,102.34
2023-11-30,94.29,95.54,93.1,93.95,29254689,102.74
2023-12-01,93.73,95.3,93.47,94.18,17845278,102.99
2023-12-04,93.39,94.52,92.9,93.67,21523942,102.43
2023-12-05,93.52,93.58,91.71,91.85,22250251,100.44
2023-12-06,91.44,92.1,89.93,90.63,31154792,99.11
2023-12-07,91.32,92.21,89.7,90,29990727,98.42
2023-12-08,90.55,91.25,90.3,91.03,22074945,99.55
2023-12-11,91.26,91.32,90.15,91.1,22252250,99.62
2023-12-12,90.24,90.24,89.14,89.66,26084064,98.05
2023-12-13,89.65,90.56,89.3,90.46,19915744,98.92
2023-12-14,91.31,93.4,91.19,92.89,26165653,101.58
2023-12-15,91.98,92.36,91.73,92.27,55527018,100.9
2023-12-18,93.39,94.29,92.83,92.95,21610428,101.65
2023-12-19,93.27,94.36,93.08,94.18,18904662,102.99
2023-12-20,94.64,95.05,92.47,92.6,20988863,101.27
2023-12-21,92.79,93.28,92.18,93.03,19250933,101.73
2023-12-22,93.56,94.13,93.11,93.19,12927831,101.91
2023-12-26,93.95,94.21,93.38,93.4,16835144,102.14
2023-12-27,93.31,93.78,92.66,92.96,14558830,101.66
2023-12-28,92.71,92.92,91.56,91.62,16329252,100.19
2023-12-29,91.78,91.98,91.1,91.43,17746408,99.98
2024-01-02,92.28,94.28,92.22,93.6,23483049,102.36
2024-01-03,93.52,94.75,92.96,94.39,23490779,103.22
2024-01-04,95.17,95.62,93.32,93.57,19395154,102.32
2024-01-05,94.34,94.55,93.39,93.85,15827392,102.63
2024-01-08,92.11,92.39,90.44,92.28,23370127,100.92
2024-01-09,92.62,92.62,90.7,91.14,19496647,99.67
2024-01-10,91.26,91.26,89.76,90.25,18206088,98.69
2024-01-11,90.57,90.99,90.13,90.23,15833360,98.67
2024-01-12,91.57,92.04,90.68,91.4,18041683,99.95
2024-01-16,91.28,91.45,89.18,89.33,20235699,97.69
2024-01-17,88.33,89.58,88.32,88.68,18384015,96.98
2024-01-18,88.7,88.78,87.62,88.52,20940275,96.8
2024-01-19,88.44,88.71,88.16,88.65,20088432,96.95
2024-01-22,88.43,88.79,87.58,88.54,19955946,96.82
2024-01-23,88.53,90.07,88.45,89.53,15863433,97.91
2024-01-24,89.91,91.12,89.38,91.08,17330646,99.6
2024-01-25,91.73,93.44,91.09,93.39,22089510,102.13
2024-01-26,93.24,94.26,92.53,94.19,20817240,103
2024-01-29,94.17,94.37,93.14,94.31,18317549,103.13
2024-01-30,93.65,95.91,93.36,95.88,19610934,104.85
2024-01-31,95.78,95.91,93.98,94.01,22415291,102.81
2024-02-01,94.71,95.11,92.92,93.63,19240687,102.39
2024-02-02,94.87,95.1,92.92,93.24,21973405,101.97
2024-02-05,92.77,93.62,91.9,92.86,17190890,101.55
2024-02-06,93.34,94.22,92.88,93.5,13353286,102.25
2024-02-07,93.5,93.94,92.52,93.47,13826832,102.22
2024-02-08,93.58,95.49,93.37,95.07,19636898,103.97
2024-02-09,95.19,95.87,93,93.06,20410510,101.77
2024-02-12,93.42,94.55,93.27,94.34,18173061,103.17
2024-02-13,94.84,95.15,92.85,93.53,18917431,101.34
2024-02-14,94.02,94.71,92.68,93.07,17651253,100.84
2024-02-15,92.85,95.93,92.85,95.74,23196310,103.73
2024-02-16,95.99,96.57,95.54,95.74,20151426,103.73
2024-02-20,95.84,96.1,94.73,94.83,17650010,102.75
2024-02-21,95.08,96.89,95.05,96.77,20999189,104.85
2024-02-22,96.13,97.29,95.48,96.69,20470668,104.76
2024-02-23,95.87,96.07,94.95,95.84,15975888,103.84
2024-02-26,95.73,96.85,95.11,96.22,13360800,104.25
2024-02-27,96.61,97.05,95.85,96.01,16366593,104.03
2024-02-28,96.42,97.3,95.99,96.28,14810486,104.32
2024-02-29,96.61,96.97,96.18,96.47,17566066,104.52
2024-03-01,97.57,98.19,97.25,97.68,18460120,105.84
2024-03-04,97.52,97.69,96.01,96.32,18137989,104.36
2024-03-05,96.47,98.08,96.28,97.5,19952712,105.64
2024-03-06,98.4,99.28,97.97,98.54,20472790,106.77
2024-03-07,98.38,99.66,98.38,99.1,15195406,107.37
2024-03-08,98.97,100.05,98.54,100.03,16281468,108.38
2024-03-11,99.91,100.71,99.07,100.62,17577285,109.02
2024-03-12,100.66,100.86,99.7,99.97,14957247,108.32
2024-03-13,100.73,101.85,100.7,101.09,17122239,109.53
2024-03-14,101.37,102.95,101.24,102.88,22121014,111.47
2024-03-15,102.31,103.65,102.31,102.69,38264401,111.27
2024-03-18,103.17,104.16,102.54,103.65,16770462,112.3
2024-03-19,103.57,104.74,103.42,104.37,14878756,113.09
2024-03-20,104.03,104.66,103.49,104.28,16119703,112.99
2024-03-21,104.22,105.13,103.89,104.74,14878022,113.49
2024-03-22,104.73,104.92,104.13,104.74,14701933,113.49
2024-03-25,105.06,106.85,105.06,105.81,14011734,114.65
2024-03-26,105.82,106.12,104.67,105.02,13152287,113.79
2024-03-27,104.73,106.19,104.67,106.11,12415674,114.97
2024-03-28,106.63,107.48,106.19,107.28,18482055,116.24
2024-04-01,107.44,108.2,106.49,107.97,13816996,116.99
2024-04-02,108.83,110.38,108.29,110.09,19919643,119.28
2024-04-03,110.27,110.52,109.58,110.11,16504307,119.3
2024-04-04,109.88,110.64,109.5,110.49,18467362,119.72
2024-04-05,110.73,112.74,110.42,112.02,21720591,121.37
2024-04-08,111.75,112.35,110.94,111.26,17513939,120.55
2024-04-09,111.67,112.27,111.07,111.84,14135720,121.18
2024-04-10,111.88,113.03,111.43,112.78,17409184,122.2
2024-04-11,113.23,113.23,111.07,112.4,17555869,121.79
2024-04-12,113.47,114.21,110.45,111.09,21552210,120.37
2024-04-15,111.76,112.31,110.24,110.46,15029528,119.68
2024-04-16,110.34,110.96,108.83,109.54,18082228,118.69
2024-04-17,109.41,110.15,108.09,109.49,14538577,118.63
2024-04-18,109.83,110.49,108.88,109.39,13821356,118.52
2024-04-19,109.97,111.61,109.78,110.64,21572367,119.88
2024-04-22,110.07,112.2,109.3,111.27,16340694,120.56
2024-04-23,110.75,111.73,110.24,111.7,13929816,121.03
2024-04-24,111.03,111.91,110.19,111.72,12101161,121.05
2024-04-25,111.7,112.38,110.2,111.98,16041029,121.33
2024-04-26,109.83,109.92,107.26,108.87,27289468,117.96
2024-04-29,108.68,110.8,108.68,110.42,17343755,119.64
2024-04-30,109.93,110.94,108.89,109.16,21083294,118.27
2024-05-01,109.16,109.34,106.75,107.09,27789759,116.03
2024-05-02,107.3,108.22,106.97,107.28,25516648,116.24
2024-05-03,107.06,107.12,105.33,107.06,28023313,116
2024-05-06,107.68,109.22,107.43,107.75,31401260,116.75
2024-05-07,108.24,108.52,107,107.22,30121973,116.17
2024-05-08,106.79,107.94,106.52,107.2,18957166,116.15
2024-05-09,107.24,109.4,107.24,109.31,17563975,118.44
2024-05-10,109.4,109.52,108.52,108.87,13648130,117.96
2024-05-13,109.29,109.87,108.09,108.82,15060619,117.91
2024-05-14,108.66,109.55,108.38,109.48,15079131,117.67
2024-05-15,109.43,110.57,108,110.33,18243803,118.58
2024-05-16,110.29,111,109.36,109.67,15745202,117.87
2024-05-17,110.07,111.49,109.75,111.32,15104469,119.64
2024-05-20,111.4,111.55,110.3,110.41,11551250,118.67
2024-05-21,110.16,111.14,109.59,109.65,14494980,117.85
2024-05-22,109.29,109.29,106.96,107.45,17879252,115.48
2024-05-23,107.56,109.33,105.47,105.61,15979835,113.51
2024-05-24,106.85,107.07,105.17,105.53,12212949,113.42
2024-05-28,105.62,107.1,105.2,106.87,13978305,114.86
2024-05-29,106.56,106.58,104.96,105.72,13902001,113.63
2024-05-30,105.39,106.19,105.1,106.06,14691976,113.99
2024-05-31,106.18,109.32,106.06,109.1,29037378,117.26
2024-06-03,108.21,108.26,105.85,106.49,19589338,114.45
2024-06-04,105.14,105.22,103.2,104.83,19412238,112.67
2024-06-05,105.04,105.32,103.72,105.25,14863516,113.12
2024-06-06,104.91,106.11,104.31,106.04,13154094,113.97
2024-06-07,105.87,106.9,104.83,104.91,13289196,112.75
2024-06-10,105.19,106.27,104.86,105.21,15245227,113.08
2024-06-11,104.66,104.83,103.57,104.37,12462403,112.17
2024-06-12,105.42,105.42,102.85,103.21,13606788,110.93
2024-06-13,103.13,103.15,102.09,102.38,14466868,110.04
2024-06-14,102.37,102.54,101.04,101.52,13313430,109.11
2024-06-17,101.58,101.84,100.65,100.82,21147943,108.36
2024-06-18,101.44,103.02,101.23,101.77,17762915,109.38
2024-06-20,102.26,104.79,101.97,103.97,17433192,111.74
2024-06-21,104.12,104.85,103.05,103.05,52220574,110.76
2024-06-24,103.87,106.56,103.87,106.12,16266688,114.05
2024-06-25,106.17,106.58,105.56,106.41,16213682,114.37
2024-06-26,106.43,106.83,105.27,106.45,15771751,114.41
2024-06-27,106.99,106.99,106.17,106.91,16812731,114.9
2024-06-28,107.8,108.43,106.7,107.11,24531508,115.12
2024-07-01,107.66,108.62,106.56,106.96,11972881,114.96
2024-07-02,107.84,107.87,105.59,106.24,13326703,114.18
2024-07-03,106.32,107.61,106.32,106.78,7732928,114.76
2024-07-05,106.64,106.66,104.85,105.48,12630986,113.37
2024-07-08,104.57,105.65,103.67,104.38,13350549,112.18
2024-07-09,103.38,104.71,102.92,103.22,11729085,110.94
2024-07-10,103.2,104.17,102.74,104.13,10004094,111.92
2024-07-11,103.68,105.43,103.21,105.37,13084875,113.25
2024-07-12,106.06,106.21,104.79,105.39,11684946,113.27
2024-07-15,106.32,108.08,105.67,107.19,13032503,115.21
2024-07-16,106.39,108.26,105.8,107.97,13614050,116.04
2024-07-17,108.62,109.95,108.44,109.46,13602766,117.64
2024-07-18,109.74,111.58,109.27,110.54,13033563,118.8
2024-07-19,110.34,110.61,107.81,108,16157707,116.07
2024-07-22,107.17,107.87,106.61,107.25,12065877,115.27
2024-07-23,106.82,107.16,105.3,105.52,11251733,113.41
2024-07-24,105.85,107.19,105.2,107.01,14925184,115.01
2024-07-25,107.16,109.82,106.59,109.26,17021698,117.43
2024-07-26,108.65,109.82,108.37,109.17,11252479,117.33
2024-07-29,109.16,109.22,107.35,108.02,8861806,116.1
2024-07-30,108.26,110.34,108.14,109.95,12483857,118.17
2024-07-31,111.32,111.43,110.31,110.34,15137710,118.59
2024-08-01,110.12,111.18,108.26,108.81,15051482,116.95
2024-08-02,107.9,110.6,107.39,108.75,20403773,116.88
2024-08-05,107.5,107.96,105.37,106.79,18025858,114.77
2024-08-06,106.49,107.59,105.72,106.22,13647778,114.16
2024-08-07,107.42,108.97,107.24,107.63,13660657,115.68
2024-08-08,108,109.89,107.68,109.69,13850993,117.89
2024-08-09,109.68,111.01,109.2,110.58,12151867,118.85
2024-08-12,111.23,111.81,109.81,110.72,13228911,119
2024-08-13,110.05,110.27,109.33,109.66,11585067,117.86
2024-08-14,109.88,111.56,109.45,110.67,12194520,118.95
2024-08-15,110.91,112.2,110.79,111.36,11579432,118.73
2024-08-16,110.67,111.12,110.36,110.83,10056024,118.17
2024-08-19,111.05,113.02,110.83,111.17,12417467,118.53
2024-08-20,111.28,111.28,107.4,107.47,15631967,114.58
2024-08-21,107.87,108.4,106.7,106.78,11752358,113.85
2024-08-22,106.72,107.87,106.58,107.61,10609501,114.73
2024-08-23,107.88,109.47,107.88,109.1,10381431,116.32
2024-08-26,110.45,111.56,109.66,111.43,13671016,118.81
2024-08-27,111.58,112,110.11,110.37,9991631,117.68
2024-08-28,109.74,110.28,109.04,109.29,10742867,116.52
2024-08-29,109.92,111.42,109.13,110.8,10753895,118.13
2024-08-30,109.54,110.69,109.07,110.62,13284689,117.94
2024-09-03,108.65,108.88,106.96,108.3,15725139,115.47
2024-09-04,108.13,108.94,106.9,106.98,12620584,114.06
2024-09-05,107.93,108.12,106.05,106.14,17200770,113.17
2024-09-06,106.54,107.09,104.8,105.65,13467747,112.64
2024-09-09,105.86,108.94,105.67,107.87,21645325,115.01
2024-09-10,107.95,108.24,103.33,103.94,20913405,110.82
2024-09-11,103.9,104.06,101.08,102.91,19571945,109.72
2024-09-12,103.08,104.42,102.95,104.32,15923318,111.23
2024-09-13,104.55,105.49,104.04,104.25,10035392,111.15
2024-09-16,105.09,106.06,104.76,105.71,11729034,112.71
2024-09-17,105.35,107.27,105.16,107.09,12202556,114.18
2024-09-18,107.03,108.45,106.74,107.47,12569929,114.58
2024-09-19,108.95,110.28,108.04,108.8,12660642,116
2024-09-20,108.29,108.34,107.16,108.11,36206195,115.27
2024-09-23,108.17,110.48,107.97,110.07,16066285,117.36
2024-09-24,110.52,110.82,109.58,109.78,11984863,117.05
2024-09-25,109.25,109.78,106.96,107.65,13816041,114.77
2024-09-26,104.24,106.44,104.24,105.8,16887908,112.8
2024-09-27,106.7,108.88,106.22,108.63,15963973,115.82
2024-09-30,108.29,110.1,107.82,109.94,13250657,117.22
2024-10-01,108.84,113.11,108.73,112.48,23235878,119.93
2024-10-02,114.36,115.2,112.74,113.98,17129676,121.52
2024-10-03,114.33,115.52,113.42,114.97,16524334,122.58
2024-10-04,115.55,117.42,114.83,117.08,19759207,124.83
2024-10-07,117.47,118.5,117.11,117.59,15714440,125.37
2024-10-08,116.19,116.32,113.73,114.46,14818475,122.04
2024-10-09,113.39,114.97,113.3,114.51,11144864,122.09
2024-10-10,115.51,116.02,114.7,115.5,10243320,123.14
2024-10-11,115.46,116.33,115.31,115.94,8294839,123.61
2024-10-14,115.59,116.55,115,116.38,9808122,124.08
2024-10-15,113.32,114.38,112.34,112.88,15771317,120.35
2024-10-16,113.39,113.9,113.11,113.17,8426770,120.66
2024-10-17,113.26,114.03,112.28,112.88,11204857,120.35
2024-10-18,112.96,113.15,111.75,112.56,12898640,120.01
2024-10-21,113.47,113.94,112.29,112.63,10177777,120.08
2024-10-22,112.79,113.67,112.49,113.21,9201408,120.7
2024-10-23,112.52,113.25,111.99,112.8,8320330,120.27
2024-10-24,112.55,112.96,111.73,112.17,9905556,119.59
2024-10-25,112.74,112.95,111.91,112.07,10714583,119.49
2024-10-28,109.54,111.62,109.52,111.52,11844545,118.9
2024-10-29,111.22,111.77,109.8,110,14731024,117.28
2024-10-30,110.36,110.93,109.25,109.45,12303738,116.69
2024-10-31,109.88,111.3,109.44,109.53,20511977,116.78
2024-11-01,112.48,112.5,107.71,107.81,20939321,114.95
2024-11-04,108.86,111.33,108.73,111.25,14965433,118.61
2024-11-05,111.69,111.81,110.68,111.58,10436744,118.96
2024-11-06,113.62,114.34,111.89,113.49,20807681,121
2024-11-07,113.77,113.96,112.18,113.63,12184431,121.15
2024-11-08,113.47,113.88,112.23,113.59,12835969,121.11
2024-11-11,113.49,114.07,112.62,112.99,11969663,120.47
2024-11-12,113.61,113.78,112.4,112.88,11972802,120.35
2024-11-13,113.08,114.47,111.43,113.93,15127877,121.47
2024-11-14,115.05,115.25,113.79,114,13041845,120.56
2024-11-15,113.85,114.65,112.65,112.82,19051713,119.31
2024-11-18,113.28,114.06,112.79,113.77,14243701,120.31
2024-11-19,113.24,113.24,111.77,112.18,11584382,118.63
2024-11-20,112.69,113.92,112.19,113.78,11353354,120.32
2024-11-21,114.5,115.89,113.73,115.3,14675422,121.93
2024-11-22,115.2,116.51,115.03,115.17,13323431,121.79
2024-11-25,114.83,115.25,113.11,113.45,26580295,119.97
2024-11-26,113.03,113.17,111.44,111.56,14827327,117.97
2024-11-27,111.67,112.27,111.05,111.26,11079122,117.66
2024-11-29,111.05,112.06,110.59,111.55,9426499,117.96
2024-12-02,111.63,111.77,110.47,111.44,12687317,117.85
2024-12-03,112.26,112.26,110.88,111.27,11756566,117.67
2024-12-04,111.11,111.16,107.67,108.07,19520583,114.28
2024-12-05,108.47,109.33,107.86,108.54,15751204,114.78
2024-12-06,108.31,108.53,107.33,107.39,16171066,113.57
2024-12-09,108.41,108.69,106.61,106.76,17412565,112.9
2024-12-10,107.41,107.69,105.67,106.54,20990943,112.67
2024-12-11,105.91,106.28,105.07,105.83,32392238,111.92
2024-12-12,105.52,106.27,104.76,105.74,14543256,111.82
2024-12-13,105.81,105.81,104.26,104.81,13106079,110.84
2024-12-16,104.21,104.4,102.28,102.57,20256088,108.47
2024-12-17,101.4,102.29,100.98,102.14,17553995,108.01
2024-12-18,101.72,102.91,100.53,100.63,17114542,106.42
2024-12-19,101.55,101.82,99.49,99.77,20565557,105.51
2024-12-20,99.72,100.36,99.14,100.11,40141153,105.87
2024-12-23,99.58,100.8,99.22,100.52,12285078,106.3
2024-12-24,100.73,101.36,99.95,100.61,7806997,106.4
2024-12-26,100.73,101.21,100.18,100.7,9653408,106.49
2024-12-27,100.52,102.12,100.02,100.69,11943906,106.48
2024-12-30,100.52,100.77,99.77,100.01,11080770,105.76
2024-12-31,100.4,102.03,100.03,101.72,12387756,107.57
2025-01-02,102.39,103.07,101.07,101.48,12685447,107.31
2025-01-03,102.13,102.59,101.62,102,14237885,107.86
2025-01-06,102.35,103.81,101.67,101.88,15623677,107.74
2025-01-07,103.02,104.08,102.39,102.84,12625890,108.75
2025-01-08,101.48,101.85,100.25,101.12,17858110,106.93
2025-01-10,102.79,104.11,100.03,100.75,19304499,106.54
2025-01-13,101.3,103.67,101.3,103.35,17073395,109.29
2025-01-14,102.87,103.79,101.97,103.75,11191175,109.72
2025-01-15,104.07,105.66,103.52,105.45,14521095,111.51
2025-01-16,105.14,105.62,104.54,105.27,10366585,111.32
2025-01-17,104.99,106.73,104.79,106.21,19298504,112.32
2025-01-21,105.96,106.08,105.09,105.41,20416286,111.47
2025-01-22,105.15,105.5,103.45,103.57,15718012,109.53
2025-01-23,104.31,105.1,103.65,104.16,13726784,110.15
2025-01-24,104.25,104.69,102.52,102.75,14235885,108.66
2025-01-27,103.08,104.45,102.5,104.18,15926670,110.17
2025-01-28,104.41,104.84,101.93,102.17,15862029,108.04
2025-01-29,101.85,102.87,101.63,102.76,12345523,108.67
2025-01-30,103.3,103.88,102.79,103.61,14346335,109.57
2025-01-31,104.54,104.54,100.33,101.02,20381446,106.83
2025-02-03,100.84,101.47,99.6,101.27,14613623,107.09
2025-02-04,100.9,104.28,100.74,103.98,14808549,109.96
2025-02-05,103.77,104.03,103.17,103.91,13364387,109.88
2025-02-06,104.75,105.01,102.11,102.53,13411401,108.43
2025-02-07,102.87,103.76,102.43,102.97,10018284,108.89
2025-02-10,104.02,104.99,103.9,104.94,12133887,110.97
2025-02-11,105.53,106.39,104.79,105.6,12713127,111.67
2025-02-12,105,105.17,102.26,102.42,18244122,107.35
2025-02-13,102.23,103.43,101.63,103.17,15459952,108.13
2025-02-14,103.54,105.17,103.14,103.27,15733529,108.24
2025-02-18,103.64,105.89,103.35,105.08,20060298,110.14
2025-02-19,105.67,106.98,105,105.24,10956665,110.3
2025-02-20,105.49,107.26,104.9,106.86,16325803,112
2025-02-21,106.21,106.71,105.48,105.61,14709985,110.69
2025-02-24,105.83,106.72,105.25,106.16,13153471,111.27
2025-02-25,106.19,106.98,103.89,104.69,14496964,109.73
2025-02-26,104.7,104.83,103.54,104.43,10446405,109.46
2025-02-27,104.96,106.18,104.26,105.09,15293173,110.15
2025-02-28,105.05,106.46,104.32,106.22,18821665,111.33
2025-03-03,106.57,107.01,101.62,102.81,18706879,107.76
2025-03-04,101.48,103.96,101.08,102.6,19394905,107.54
2025-03-05,100.98,101.45,98.91,100.6,24822245,105.44
2025-03-06,100.59,103.15,99.57,102.68,17150233,107.62
2025-03-07,103.43,105.33,103.33,104.01,19624965,109.02
2025-03-10,104.26,107.4,104.07,106.67,22749073,111.8
2025-03-11,106.78,106.95,103.79,104.15,19904735,109.16
2025-03-12,104.04,105.07,103.44,104.12,14051500,109.13
2025-03-13,103.36,105.73,102.68,103.68,17767836,108.67
2025-03-14,103.94,107.03,103.34,106.76,15890063,111.9
2025-03-17,106.67,109.24,106.6,108.54,19908789,113.76
2025-03-18,108.85,109.28,107.4,108.42,15998713,113.64
2025-03-19,108.96,110.5,108.6,110.11,17315001,115.41
2025-03-20,109.45,111.12,108.97,110.58,16230772,115.9
2025-03-21,110.2,110.66,109.1,110.2,41102795,115.5
2025-03-24,110.37,111.54,110.27,110.48,14207469,115.8
2025-03-25,111.08,112.23,110.64,111.24,12081795,116.59
2025-03-26,112.28,113.71,112.28,112.84,14112756,118.27
2025-03-27,112.68,113.6,111.87,112.48,12740786,117.89
2025-03-28,112.68,113.02,111.85,112.32,10233433,117.73
2025-03-31,112.38,114.4,112.38,113.47,21652345,118.93
2025-04-01,113.75,113.8,112.52,113.57,12425434,119.04
2025-04-02,112.95,113.38,112.26,113.22,12614605,118.67
2025-04-03,109.12,110.15,107.08,107.27,21204636,112.43
2025-04-04,104.82,105.74,99.06,99.55,30840658,104.34
2025-04-07,95.78,100.94,93.94,98.21,35068450,102.94
2025-04-08,100.61,100.75,94.46,96.14,27141304,100.77
2025-04-09,94.81,101.69,93.62,100.94,30057701,105.8
2025-04-10,98.95,99.02,93.31,95.34,33999317,99.93
2025-04-11,95.69,99.16,94.25,98.4,22884628,103.14
2025-04-14,100.21,100.26,98,98.64,18019969,103.39
2025-04-15,98.88,100.57,98.27,98.37,13164863,103.1
2025-04-16,99.18,100.74,98.93,99.41,13607024,104.19
2025-04-17,99.88,103.57,99.66,102.01,17915841,106.92
2025-04-21,100.76,100.78,99.34,100.51,16926493,105.35
2025-04-22,101.27,103.94,101.27,103.33,13145443,108.3
2025-04-23,103.81,104.28,101.58,102.44,14235710,107.37
2025-04-24,103.01,103.88,102.05,103.64,9849553,108.63
2025-04-25,103.17,103.76,102.49,103.59,11245793,108.57
2025-04-28,103.76,104.23,102.74,103.64,13890869,108.63
2025-04-29,102.79,103.83,102.58,103.38,9483135,108.36
2025-04-30,102.48,102.48,99.37,100.78,20379282,105.63
2025-05-01,100.27,102.01,100.16,100.92,18610256,105.78
2025-05-02,102.77,104,99.75,101.33,16581870,106.21
2025-05-05,99.85,99.85,98.34,98.53,19623970,103.27
2025-05-06,99.12,101.11,98.73,99.9,16303449,104.71
2025-05-07,100.17,100.46,99.29,99.81,12335924,104.61
2025-05-08,100.5,102.45,100.5,101.2,19196548,106.07
2025-05-09,102.22,102.8,101.5,102.38,10992080,107.31
2025-05-12,105.21,105.37,103.35,104.15,14244559,109.16
2025-05-13,104.3,105.44,104.01,104.43,13350836,109.46
2025-05-14,103.86,103.86,102.97,103.5,15494932,108.48
2025-05-15,102.54,104.62,102.04,104.55,15004291,108.58
2025-05-16,104.62,104.85,103.46,104.17,14042535,108.19
2025-05-19,103.58,103.58,101.79,102.52,16802719,106.47
2025-05-20,102.44,102.75,100.89,101.05,12429321,104.95
2025-05-21,100.65,101.07,99.79,99.81,16716079,103.66
2025-05-22,99.23,99.63,98.11,99.15,13417378,102.97
2025-05-23,98.79,99.63,98.28,99.2,12061606,103.03
2025-05-27,99.65,100,99.08,99.68,13043604,103.52
2025-05-28,100.42,100.55,98.01,98.32,14292377,102.11
2025-05-29,98.48,99.03,97.97,98.88,13832487,102.69
2025-05-30,98.37,98.59,97.43,98.5,28645787,102.3
2025-06-02,99.9,99.99,98.42,99.22,17290462,103.05
2025-06-03,99.08,100.77,98.42,99.95,19194335,103.8
2025-06-04,100.06,101.02,98.5,98.5,15648515,102.3
2025-06-05,99.16,99.22,97.95,98.05,13942218,101.83
2025-06-06,98.94,100.62,98.86,100.4,15487844,104.27
2025-06-09,100.46,101.92,99.98,101.07,17087328,104.97
2025-06-10,102.14,103.65,101.99,103.24,17634793,107.22
2025-06-11,103.76,105.33,102.51,105.25,22648191,109.31
2025-06-12,104.88,106.1,104.2,105.66,17469408,109.73
2025-06-13,108.18,108.35,106.57,107.96,28540165,112.12
2025-06-16,107.67,108.96,107,108.3,22986113,112.48
2025-06-17,109.72,110.66,108.91,109.77,19451701,114
2025-06-18,110.35,110.96,108.75,108.99,17968893,113.19
2025-06-20,109.24,110.76,108.98,110.44,36273288,114.7
2025-06-23,112.37,112.61,107.03,107.59,26631056,111.74
2025-06-24,105.19,106.82,103.9,104.32,24828277,108.34
2025-06-25,104.1,105.18,103.7,104.35,17483231,108.37
2025-06-26,104.9,106.33,104.52,105.91,18304841,109.99
2025-06-27,105.85,106.01,104.35,105.32,22002079,109.38
2025-06-30,104.61,104.8,103.72,103.8,19199048,107.8
2025-07-01,104.12,105.57,103.17,105.18,15536896,109.24
2025-07-02,105.92,107.23,104.78,106.93,11892160,111.05
2025-07-03,106.74,108.29,106.51,108.03,11223580,112.2
2025-07-07,107.4,107.89,106.13,106.98,15415889,111.11
2025-07-08,106.77,110.21,106.73,109.95,17913404,114.19
2025-07-09,109.69,110.03,109.06,109.58,10652062,113.8
2025-07-10,109.49,110.99,108.87,110.66,14903884,114.93
2025-07-11,110.59,111.46,110.25,111.14,11683884,115.43
2025-07-14,110.95,110.95,109.02,109.69,13220303,113.92
2025-07-15,109.44,109.82,108.41,108.72,10959347,112.91
2025-07-16,108.68,109.29,107.94,108.06,11156167,112.23
2025-07-17,107.35,108.06,106.97,107.51,13151446,111.66
2025-07-18,106.98,107.58,103.35,103.77,32366593,107.77
2025-07-21,103.61,104.73,103.45,104.04,17010405,108.05
2025-07-22,103.97,105.38,103.61,104.51,13981285,108.54
2025-07-23,104.89,105.92,104.81,105.85,12002687,109.93
2025-07-24,105.59,106.83,105.07,106.68,15647208,110.79
2025-07-25,106.62,106.86,105.63,106.3,10548938,110.4
2025-07-28,106.88,107.95,106.72,107.3,12352966,111.44
2025-07-29,107.75,108.8,107.27,108.69,15927998,112.88
2025-07-30,108.24,108.43,107.13,107.75,12996117,111.9
2025-07-31,106.26,108.32,106.26,107.5,17233744,111.64
2025-08-01,107.84,108.36,104.82,105.57,19652030,109.64
2025-08-04,105.17,105.84,103.11,103.38,19129474,107.37
2025-08-05,103.24,103.81,102.13,103.26,21314254,107.24
2025-08-06,104.28,105,102.42,102.56,15321811,106.51
2025-08-07,103.16,104.05,101.96,102.02,13468287,105.95
2025-08-08,102.55,103.52,102.02,102.83,14417734,106.8
2025-08-11,103.13,103.54,101.61,101.9,13570661,105.83
2025-08-12,102.39,103.3,101.85,102.19,14113216,106.13
2025-08-13,102.06,103.61,101.81,103.61,17958695,107.6
2025-08-14,103.56,103.6,102.49,103.39,13683472,107.38
2025-08-15,103.2,104.53,102.97,103.49,19271861,106.49
2025-08-18,103.11,104.21,102.69,103.71,13040018,106.72
2025-08-19,103.21,104.43,103.16,104.39,16113611,107.42
2025-08-20,104.84,106.25,104.65,105.47,18959716,108.53
2025-08-21,105.37,106.48,104.92,106.15,12194897,109.23
2025-08-22,106.51,108.27,106.51,108.15,13586668,111.28
2025-08-25,107.78,108.77,107.43,108.59,9744897,111.74
2025-08-26,108.23,108.66,107.25,108.35,18143880,111.49
2025-08-27,108.28,109.8,108.28,109.57,15262630,112.75
2025-08-28,109.69,110.44,108.91,110.16,14189829,113.35
2025-08-29,110.51,111.56,110.38,111.07,14595624,114.29
2025-09-02,110.96,111.99,110.14,111.46,15206667,114.69
2025-09-03,110.76,111.21,108.32,108.76,14920087,111.91
2025-09-04,108.95,109.94,108.24,109.23,12864438,112.4
2025-09-05,108.46,108.63,105.95,106.15,16825707,109.23
2025-09-08,106.64,106.95,105.3,106.76,15440513,109.85
2025-09-09,107.41,109.34,107.41,107.53,14899502,110.65
2025-09-10,108.03,109.39,107.72,109.33,15837583,112.5
2025-09-11,108.26,109.59,107.75,108.98,11526887,112.14
2025-09-12,109.68,110.03,108.72,109,11105690,112.16
2025-09-15,109.02,109.29,108.18,109.19,12880487,112.35
2025-09-16,109.77,112.07,109.6,111.45,17208044,114.68
2025-09-17,111.3,112.23,110.84,112.04,13302030,115.29
2025-09-18,111.93,112.1,110.21,110.72,14627676,113.93
2025-09-19,110.69,110.77,109.47,109.64,38746517,112.82
2025-09-22,109.28,109.62,108.42,108.86,15611495,112.02
2025-09-23,109.55,111.52,109.31,110.74,25369106,113.95
2025-09-24,111.34,112.5,111.25,111.33,14756050,114.56
2025-09-25,111.41,112.64,111.19,112.33,15012553,115.59
2025-09-26,112.69,115.03,112.65,113.92,18568916,117.22
2025-09-29,112.79,113.22,110.46,111,19189260,114.22
2025-09-30,110.16,110.29,108.79,109.57,18076211,112.75
2025-10-01,109.39,109.84,108.16,108.84,16613992,111.99
2025-10-02,108.82,109.9,107.9,108.16,13062563,111.29
2025-10-03,108.75,110.54,108.75,110.07,12950118,113.26
2025-10-06,110.1,111.54,109.99,110.98,12036830,114.2
2025-10-07,110.86,111.28,108.59,111.04,11945032,114.26
2025-10-08,111.16,111.77,110.22,110.81,12300968,114.02
2025-10-09,111.2,112.26,109.56,109.73,10976215,112.91
2025-10-10,109.09,109.45,107.59,107.61,13811577,110.73
2025-10-13,108.4,109.14,108.18,109.08,10296499,112.24
2025-10-14,107.64,109.78,107.59,109.13,11167154,112.29
2025-10-15,109.62,110.37,107.84,108.47,12182935,111.61
2025-10-16,108.73,109.03,107.28,107.52,11782202,110.64
2025-10-17,108.49,109.73,108.05,109.08,13460069,112.24
2025-10-20,108.85,109.96,108.83,109.53,9523617,112.7
2025-10-21,109.71,110.17,108.84,109.54,9202349,112.71
2025-10-22,110.25,111.94,109.89,111.48,12920958,114.71
2025-10-23,113.34,113.56,112.11,112.71,14977514,115.98
2025-10-24,113.07,113.19,111.94,112.14,9903303,115.39
2025-10-27,112.44,112.72,111.86,112.67,10975412,115.94
2025-10-28,112.24,112.91,111.75,111.79,9535211,115.03
2025-10-29,111.68,113.75,111.58,113.17,12570572,116.45
2025-10-30,113.15,113.24,111.3,111.46,16172943,114.69
2025-10-31,110.76,111.98,109.45,111.14,20213352,114.36
2025-11-03,111.27,111.75,110.44,110.56,12290304,113.76
2025-11-04,110.19,111.13,109.34,110.93,16860741,114.14
2025-11-05,110.88,111.94,110.47,110.48,12400921,113.68
2025-11-06,110.44,111.7,110.44,111.27,14219654,114.5
2025-11-07,111.96,114.2,111.66,113.92,17181149,117.22
2025-11-10,114.13,115.11,112.2,114.89,13047958,118.22
2025-11-11,115.48,117.41,115.48,116.41,16077101,119.78
2025-11-12,115.75,115.92,114.47,114.79,13790889,118.12
2025-11-13,115.29,116.39,114.95,115.44,17291874,118.79
2025-11-14,116.12,117.13,114.36,116.94,17064267,119.29
2025-11-17,116.63,117.15,114.81,115.37,16034860,117.68
2025-11-18,114.95,117.13,114.19,116.69,15808518,119.03
2025-11-19,114.55,115.86,113.65,115.04,15919239,117.35
2025-11-20,115.66,116.66,114.44,114.72,14401011,117.02
2025-11-21,114.69,115.07,113.38,114.78,15667596,117.08
2025-11-24,114.9,114.9,112.48,113.69,18034923,115.97
2025-11-25,112.91,113.62,111.94,112.26,14434558,114.51
2025-11-26,112.16,113.46,112.06,112.51,11650597,114.77
2025-11-28,112.69,116.4,112.56,113.64,7240825,115.92
2025-12-01,113.82,115.1,113.82,114.34,12658100,116.63
2025-12-02,114.15,114.31,112.43,113.11,14607704,115.38
2025-12-03,113.66,115.66,113.6,115.48,16819130,117.8
2025-12-04,115.19,116.01,114.37,114.84,13686897,117.14
2025-12-05,114.45,116.44,114.12,114.25,12516864,116.54
2025-12-08,113.55,114.7,112.78,113.7,14904164,115.98
2025-12-09,114.6,118.1,114.59,115.92,23790815,118.25
2025-12-10,116.39,117.51,116.04,117.19,19845192,119.54
2025-12-11,116.77,117.99,116.72,117.19,14781787,119.54
2025-12-12,117.09,117.56,115.98,116.48,14459538,118.82
2025-12-15,116.67,116.69,114.55,115.44,16358669,117.76
2025-12-16,114.47,114.54,112.36,112.42,17638716,114.68
2025-12-17,112.94,115.31,112.91,115.1,18502152,117.41
2025-12-18,114.69,114.69,113.36,114.25,13705560,116.54
2025-12-19,114.45,115.26,113.67,114.4,45412814,116.69
2025-12-22,115.03,116.13,115.03,115.83,11768611,118.15
2025-12-23,116.14,117.67,115.99,117.07,12567630,119.42
2025-12-24,116.98,117.69,116.78,116.88,6137406,119.22
2025-12-26,116.55,117.2,116.2,116.77,8066129,119.11
2025-12-29,117.79,118.91,117.05,118.16,14782512,120.53
2025-12-30,118.72,119.4,118.26,118.61,11150486,120.99
2025-12-31,118.8,118.88,117.51,117.97,10559866,120.34
2026-01-02,117.73,120.27,117.25,120.24,14175055,122.65
2026-01-05,122.75,123.45,119.98,122.89,30081214,125.36
2026-01-06,122.88,123.33,118.62,118.67,23328636,121.05
2026-01-07,117.44,117.76,115.95,116.16,20352950,118.49
2026-01-08,116.64,121.19,116.32,120.49,20232721,122.91
2026-01-09,120.81,122.4,120.67,122.16,16137674,124.61
2026-01-12,122.01,122.05,120.15,121.59,15314895,124.03
2026-01-13,122.54,124.64,122.36,124.05,21619727,126.54
2026-01-14,124.85,129.13,124.63,127.64,27593938,130.2
2026-01-15,126.59,127.63,125.78,126.59,17400039,129.13
2026-01-16,126.37,127.6,126.34,127.34,16592354,129.89
2026-01-20,128.92,129.35,127.51,127.89,16477282,130.46
2026-01-21,129.32,131.1,129.32,130.98,18879887,133.61
2026-01-22,130.43,131.54,129.26,131.01,16600126,133.64
2026-01-23,132.43,133.31,131.84,132.32,17758214,134.97
2026-01-26,134.24,134.25,131.53,132.19,16056066,134.84
2026-01-27,132.59,134.24,132.06,134.14,14517025,136.83
2026-01-28,134.98,135.3,133.98,134.87,15637279,137.58
2026-01-29,137.56,139.54,136.37,137.75,35760620,140.51
2026-01-30,136.01,139.41,135.12,138.62,29657667,141.4
2026-02-02,137.08,137.56,135.34,135.68,27735570,138.4
2026-02-03,135.91,142.16,135.59,140.9,37577844,143.73
2026-02-04,141.28,144.93,141.28,144.69,29426241,147.59
2026-02-05,143.7,143.84,140.97,143.21,18431739,146.08
2026-02-06,143.74,146.63,143.22,146.12,17216025,149.05
2026-02-09,146.32,148.57,145.71,148.24,21297302,151.21
2026-02-10,148.37,148.8,146.87,148.61,15800255,151.59
2026-02-11,150.94,153.84,150.55,152.5,23091488,155.56
2026-02-12,151.87,153.21,147.91,147.96,30652471,149.93
2026-02-13,148.57,149.67,146.04,146.5,20166031,148.45
2026-02-17,146.25,147.17,143.24,144.27,19766567,146.19
2026-02-18,146.2,149,145.67,148.7,19849670,150.68
2026-02-19,150.2,151.37,148.85,148.99,20305026,150.97
2026-02-20,148.51,148.83,144.54,145.35,25908581,147.28
2026-02-23,146.2,149.28,146.18,148.78,16081577,150.76
2026-02-24,148.44,148.74,146.09,147.3,14192644,149.26
2026-02-25,147.94,148.21,145.4,147.1,15233102,149.06
2026-02-26,145.86,148.98,144.84,146.59,15638950,148.54
2026-02-27,149.02,151.63,147.29,150.5,30282695,152.5
2026-03-02,157.26,157.51,151.02,152.19,31517155,154.22
2026-03-03,153.39,154,148.33,149.84,25212420,151.83
2026-03-04,148.74,149.17,145.92,147.85,16776339,149.82
2026-03-05,149.02,150.33,147.51,148.78,22979016,150.76
2026-03-06,151.14,151.78,147.99,149.22,21146957,151.21
2026-03-09,150.02,151.87,147.51,148.46,25547093,150.44
2026-03-10,147.29,148.42,145.76,146.18,19629772,148.13
2026-03-11,146.05,149.82,145.72,149.59,15307487,151.58
2026-03-12,150.27,152.96,149.64,151.51,26065186,153.53
2026-03-13,152.27,154.83,150.97,154.07,22425793,156.12
2026-03-16,153.95,155.71,152.73,155.17,22848752,157.23
2026-03-17,156.17,158.34,154.74,156.72,21602500,158.81
2026-03-18,157.56,158.08,155.46,155.52,18958554,157.59
2026-03-19,156.18,157.46,152.81,156.08,27096969,158.16
2026-03-20,157.26,160.31,157.01,157.57,53957701,159.67
2026-03-23,154.06,159.3,152.98,159.01,25038548,161.13
2026-03-24,159.59,165.28,159.13,163.21,26144022,165.38
2026-03-25,161.72,162.83,160.79,161.12,17202872,163.26
2026-03-26,161.94,163.5,159.93,163.26,18638139,165.43
2026-03-27,163.41,168.98,162.64,168.74,30354729,170.99
2026-03-30,170.24,174.09,168.8,169.22,29830814,171.47
2026-03-31,170.4,172.09,163.79,167.43,32024973,169.66
2026-04-01,163.59,165.79,157.44,158.67,37953995,160.78
2026-04-02,162.33,164.71,157.49,158.58,25394938,160.69
2026-04-06,158.46,161.6,157.44,161.22,16359801,163.37
2026-04-07,162.06,164.06,159.65,161.76,25242538,163.91
2026-04-08,151.5,154.3,149,154.17,31334127,156.22
2026-04-09,154.8,157.14,152.28,153,25882118,155.04
2026-04-10,152.02,153.08,149.93,150.51,21076997,152.51
2026-04-13,152.24,152.59,149.29,150.64,18700663,152.64
2026-04-14,148.09,148.14,144.79,147.28,18541653,149.24
2026-04-15,146.65,148.26,144.97,147.05,15637742,149.01
2026-04-16,147.57,150.77,147.38,149.98,15201329,151.98
2026-04-17,142.96,144.87,140.11,144.52,28966090,146.44
2026-04-20,145.44,147.41,144.43,145.74,16367663,147.68
2026-04-21,145.43,146.86,144.32,146.41,17532530,148.36
2026-04-22,147.4,148.7,146.23,147.54,13749732,149.5
2026-04-23,147.88,149.24,146.54,148.55,12981599,150.53
2026-04-24,147.67,148.33,145.02,146.95,13747213,148.91
2026-04-27,147.2,149.19,146.03,146.24,13950825,148.19
2026-04-28,149.54,150.31,147.86,148.58,15183906,150.56
2026-04-29,150.02,152.92,149.03,152.64,14680512,154.67
2026-04-30,150.43,153.65,149.35,152.3,22897439,154.33
2026-05-01,150.61,152.97,149.15,150.74,15473636,152.75
2026-05-04,150.67,152.44,147.55,151.67,14234473,153.69
2026-05-05,151.09,153.25,150.41,152.85,12504477,154.88
2026-05-06,147.11,148.36,145.16,146.74,20544939,148.69
2026-05-07,144.87,145.15,142.3,144.66,22519422,146.58
2026-05-08,143.93,144.58,142.03,142.67,19559341,144.57
2026-05-11,144.1,147.75,144.08,147.71,14858862,149.68
2026-05-12,149.26,149.82,147.8,148.65,16449841,150.63
2026-05-13,148.09,149.8,147.71,149.58,15779020,151.57
2026-05-14,149.91,151.11,149.27,150.77,11337851,152.78
2026-05-15,152.76,156.98,152.02,156.9,27890724,157.92
2026-05-18,156.3,160.69,154.23,159.46,20075013,160.49
2026-05-19,160.46,162.27,158.61,161.5,20722666,162.55
2026-05-20,160.57,162.63,155.26,155.27,18517800,156.28
2026-05-21,157.4,158.36,152.47,154.29,17070896,155.29
2026-05-22,153.04,154.55,152.18,153.92,12956817,154.92
2026-05-26,152.51,153.56,148.51,148.85,13069156,149.81
2026-05-27,146.28,147.73,144.82,146.95,16249452,147.9
2026-05-28,148.38,149.24,145.93,146.01,14023640,146.96
2026-05-29,145.24,145.98,143.78,144.33,27970338,145.26
2026-06-01,146.07,148.69,146.05,148.42,16742288,149.38
2026-06-02,148.07,149.86,147.54,148.6,10469117,149.56
2026-06-03,149.64,153.91,149.05,151.55,14380279,152.53
2026-06-04,151.07,152.44,149.97,151.06,11805547,152.04
2026-06-05,151.03,151.15,148.34,148.96,16590652,149.92
2026-06-08,150.18,152.82,149.93,150.77,13878024,151.75
2026-06-09,149.94,150.16,146.83,147.95,18154351,148.91
2026-06-10,150.26,151.51,148.6,149.65,14603345,150.62
2026-06-11,151.32,151.51,145.48,145.66,17292611,146.6
2026-06-12,144.69,147.95,144.22,146.06,17720817,147.01
2026-06-15,138.84,141.07,136.83,140.01,24212034,140.92
2026-06-16,139.29,141.24,139.08,140.95,18932583,141.86
2026-06-17,140.31,141.42,139.42,139.83,16669709,140.74
2026-06-18,137.43,137.57,134.98,136.92,48074756,137.81
2026-06-22,137.65,138.11,136.14,137.58,15791728,138.47
2026-06-23,138.56,139.49,137.61,138.83,13704788,139.73
2026-06-24,136.24,136.75,134.72,136.02,16220515,136.9
2026-06-25,134.77,137.18,134.08,136.67,13303185,137.55
2026-06-26,136.09,136.69,135.04,135.66,22690462,136.54
2026-06-29,135.7,136.51,134.52,135.18,11979594,136.06
2026-06-30,135.6,136.42,134.46,135.84,28789854,136.72
2026-07-01,135.65,136.61,134.76,135.4,12439560,136.28
2026-07-02,136.27,138.24,135.45,136.21,13711941,137.09
2026-07-06,135.67,136.49,135.13,135.56,13923103,136.44
2026-07-07,137.67,140.83,137.24,140.78,14673841,141.69
2026-07-08,142.51,143.06,138.91,140.22,18297962,141.13
2026-07-09,138.76,139.15,136.24,136.58,14116821,137.46
2026-07-10,137.01,138.07,136.26,137.99,9758469,138.88
2026-07-13,140.01,144.3,139.58,143.58,18732367,144.51
2026-07-14,144.57,145.06,142.96,144.16,16102151,145.09
2026-07-15,144.16,144.16,141.12,143.58,13450021,144.51
2026-07-16,144.34,145.93,143.62,145.01,13523116,145.95
2026-07-17,148.07,149.03,146.22,146.41,19037702,147.36
2026-07-20,145.56,148.13,145.29,147.41,12156402,148.36
2026-07-21,148.05,150.78,147.52,150.73,13151353,151.71
2026-07-22,152.87,153.8,151.97,153.46,13794808,154.45
2026-07-23,155.59,157.55,155.06,155.88,15824496,156.89
2026-07-24,155.98,157.69,154.68,155.93,12084518,156.94
2026-07-27,152.09,154.42,151.52,153.77,13961434,154.77
2026-07-28,153.18,155.18,150.9,152.06,16292592,153.04
2026-07-29,156.71,158.05,154.85,155.74,14577598,156.75
2026-07-30,154.09,156.76,153.53,155.96,12583761,156.97
2026-07-31,152.75,155.16,151.16,154.44,15715774,155.44
2026-08-03,152.47,154.91,151.67,154.06,14537374,155.06
2026-08-04,150.64,153.84,148.13,152.97,14352304,153.96
2026-08-05,154.04,154.04,150.18,150.65,12233027,151.63
2026-08-06,153.23,153.87,150.86,153.84,11883767,154.84
2026-08-07,151.66,152.68,150.56,152.06,18460999,153.04
2026-08-10,153.51,159.34,153.46,158.76,19765075,159.79
2026-08-11,158.63,160.63,158.25,158.77,13748296,159.8
2026-08-12,157.53,159.2,156.55,158.72,13217815,159.75
2026-08-13,157.01,158.73,156.42,157.59,10547809,158.61
2026-08-14,158.68,160.22,158.23,159.07,10234453,160.1
2026-08-17,160.1,162.51,159.0906,161.46,12858292,161.46
2026-08-18,164.35,165.67,163.254,165.56,18953938,165.56
2026-08-19,166.065,168.21,164.66,164.77,13651456,164.77
2026-08-20,167.02,168.64,166.07,166.15,13806164,166.15
2026-08-21,166.54,168,164.61,165.11,14319240,165.11
2026-08-24,163.87,165.22,162.25,164.05,10847099,164.05
2026-08-25,161.45,162.805,160.46,160.64,17529157,160.64
2026-08-26,158,161.13,157.76,158.19,14850739,158.19
2026-08-27,157.625,158.19,156.14,156.44,14302012,156.44
2026-08-28,156.6,157.42,155.32,156.71,11366908,156.71
2026-08-31,159.94,161.59,158.74,160.95,18989878,160.95
2026-09-01,163.6,164.7,162.215,164.55,11389657,164.55
2026-09-02,163.93,165.02,162.76,164.15,11291773,164.15
2026-09-03,164.43,165.65,162.09,162.21,13766182,162.21
2026-09-04,161.02,161.48,159.16,159.47,16209704,159.47
2026-09-08,160.61,163.11,158.75,160.66,12621639,160.66
2026-09-09,162.875,165.18,162.55,164.23,13126057,164.23
2026-09-10,167,167.37,163.18,165.23,16613704,165.23
2026-09-11,165.07,167.09,164.08,165.99,11367050,165.99
2026-09-14,168.7,169.45,164.04,165.08,13942297,165.08
2026-09-15,165.36,169.64,165.15,169.32,12338135,169.32
2026-09-16,167.23,167.495,162.56,163.32,13412320,163.32
2026-09-17,161.83,163.385,161.445,163.27,10981686,163.27
2026-09-18,162.5,163.54,161.31,163.54,37643569,163.54
2026-09-21,160.96,161.9499,157.94,158.3,15749898,158.3
2026-09-22,157.53,159.97,155.85,158.71,14175669,158.71
2026-09-23,159.62,162.1199,159.4206,161.23,12578756,161.23
