date,open,high,low,close,volume,raw_close
2016-01-04,58.32,59.08,57.77,59.05,3720459,72.21
2016-01-05,59.56,59.86,58.32,58.9,3957086,72.03
2016-01-06,58.23,58.86,57.91,58.49,3832425,71.52
2016-01-07,57.09,57.59,56.16,56.49,8190424,69.08
2016-01-08,56.62,57.06,55.58,55.72,4497751,68.14
2016-01-11,56.03,56.38,55,55.62,4466789,68.02
2016-01-12,56.13,57.07,55.98,56.89,3478631,69.57
2016-01-13,58.04,58.04,56.61,56.83,5106882,69.03
2016-01-14,57.01,57.83,55.86,57.63,3985587,70.01
2016-01-15,56.18,56.62,54.96,55.23,8079311,67.09
2016-01-19,55.51,57.04,55.44,56.61,8240624,68.77
2016-01-20,55.83,56.41,54.73,55.97,6198405,67.99
2016-01-21,56.24,57.53,55.72,56.77,4537466,68.96
2016-01-22,56.88,57.32,56.53,56.79,6159035,68.98
2016-01-25,56.61,57.06,55.44,55.48,5522434,67.39
2016-01-26,55.92,57.67,55.78,57.52,3272751,69.87
2016-01-27,57.2,57.97,56.83,57.13,3102709,69.4
2016-01-28,57.45,58.54,57.06,57.96,4968866,70.41
2016-01-29,58.04,59.61,58.02,59.58,4684188,72.37
2016-02-01,59.21,60.49,58.84,60.18,5116848,73.1
2016-02-02,59.74,60.81,58.89,59.53,11697977,72.32
2016-02-03,59.76,60.32,58.8,59.64,10678998,72.45
2016-02-04,59.25,60.09,57.7,59.53,12482148,72.31
2016-02-05,59.53,59.8,57.21,57.43,7987827,69.76
2016-02-08,56.56,56.63,55.07,55.51,5286585,67.43
2016-02-09,54.9,56.21,54.65,54.72,4687669,66.47
2016-02-10,55.09,55.97,54.9,54.96,2651102,66.76
2016-02-11,54.13,54.48,53.16,53.71,3382393,65.24
2016-02-12,54.28,55.56,54.09,55.44,3089960,67.34
2016-02-16,56.23,57.56,56.12,57.23,6294808,69.52
2016-02-17,57.67,58.99,57.63,58.61,4819816,71.2
2016-02-18,58.34,58.97,57.93,58.47,3101779,71.03
2016-02-19,58.31,58.43,57.42,58.05,3765115,70.52
2016-02-22,58.7,59.39,58.54,59.24,7499496,71.96
2016-02-23,58.83,59.43,58.45,58.87,3957510,71.51
2016-02-24,58.21,59.02,57.25,58.84,4032701,71.48
2016-02-25,59.12,59.22,57.22,58.42,5124994,70.96
2016-02-26,58.9,58.9,57.99,58.79,7826858,71.42
2016-02-29,58.7,60.4,58.63,59.66,6489924,72.47
2016-03-01,60,63.13,59.93,62.72,7306526,76.19
2016-03-02,62.42,62.67,61.63,62.08,2785927,75.41
2016-03-03,62.18,62.93,61.67,62.89,2245322,76.39
2016-03-04,62.89,64.54,62.49,64.25,4942050,78.05
2016-03-07,63.8,64.56,63.26,64.25,3547931,78.05
2016-03-08,63.7,64.02,63.08,63.12,3794434,76.68
2016-03-09,63.47,63.91,62.58,62.81,2715069,76.3
2016-03-10,63.21,63.77,62.14,63.19,2580572,76.76
2016-03-11,63.52,64.04,63.19,64.02,1911410,77.77
2016-03-14,63.95,64.01,63.32,63.84,3057979,77.55
2016-03-15,63.76,65.18,63.6,64.4,3033161,78.23
2016-03-16,64.09,65.03,64.09,64.75,2491266,78.65
2016-03-17,64.86,65.41,64.31,64.86,2412518,78.79
2016-03-18,65.03,65.08,64.38,64.47,6934419,78.31
2016-03-21,64.58,65.54,64.51,65.39,4232100,79.43
2016-03-22,64.84,65.44,64.76,65.02,2363567,78.98
2016-03-23,65.12,67.09,64.31,66.31,6796855,80.55
2016-03-24,65.95,65.95,64.96,65.32,3220060,79.35
2016-03-28,65.75,65.91,65.35,65.69,1661376,79.8
2016-03-29,65.64,66.36,65.5,66.33,2238417,80.57
2016-03-30,66.83,67.77,66.5,67.71,3823148,82.25
2016-03-31,67.75,68.01,67.02,67.38,3012546,81.85
2016-04-01,66.58,68.16,66.45,67.73,2573833,82.27
2016-04-04,67.88,67.92,66.94,67.42,2134160,81.9
2016-04-05,67.42,67.84,66.7,67.15,2078999,81.57
2016-04-06,66.94,67.43,66.68,67.41,1708740,81.89
2016-04-07,67.21,67.72,66.5,66.9,2204512,81.27
2016-04-08,67.25,67.94,67.07,67.78,3129603,82.34
2016-04-11,67.89,68.08,67.22,67.34,2122387,81.8
2016-04-12,67.21,67.78,66.45,67.54,4443222,82.05
2016-04-13,66.88,68.01,66.84,68.01,3126129,82.15
2016-04-14,67.82,68.24,67.52,68.22,2719045,82.4
2016-04-15,68.1,68.19,67.42,67.75,2604691,81.84
2016-04-18,67.85,68.42,67.49,68.39,2594098,82.61
2016-04-19,67.45,68.52,66.48,67.99,4717053,82.13
2016-04-20,67.89,69.06,67.6,68.32,5429971,82.53
2016-04-21,70.24,71.02,66.86,67.64,13503691,81.7
2016-04-22,67.64,68.01,66.71,67.21,3377040,81.19
2016-04-25,67.21,67.36,66.77,67.35,3355234,81.36
2016-04-26,67.47,67.94,67.35,67.92,3365364,82.04
2016-04-27,67.68,67.84,66.78,67.46,2422946,81.49
2016-04-28,67.05,67.37,66.45,66.59,1487327,80.44
2016-04-29,66.55,66.55,65.44,65.86,2551137,79.56
2016-05-02,66.38,67.16,66.26,67.03,1943399,80.97
2016-05-03,66.73,66.91,65.87,66,1595185,79.72
2016-05-04,65.59,66.9,65.57,66.77,2774103,80.65
2016-05-05,66.72,67.17,66.24,66.92,2758885,80.84
2016-05-06,66.85,67.11,65.91,67.02,3368027,80.96
2016-05-09,67.08,68.09,66.9,67.78,1648752,81.88
2016-05-10,67.99,68.75,67.56,68.63,1943099,82.9
2016-05-11,68.23,68.24,66.73,66.8,2152654,80.69
2016-05-12,67.22,67.88,66.97,67.53,1825869,81.57
2016-05-13,67.29,67.42,66.42,66.48,2138852,80.3
2016-05-16,66.4,67.5,66.29,67.26,1794485,81.25
2016-05-17,67.27,67.82,66.76,67.04,2277402,80.98
2016-05-18,66.9,66.9,65.97,66.37,1978512,80.17
2016-05-19,66.2,66.42,65.58,66.29,2052510,80.07
2016-05-20,66.29,67.04,65.43,65.9,5610890,79.6
2016-05-23,66.01,66.38,64.85,66.21,3746816,79.98
2016-05-24,66.63,68.26,66.63,67.99,3827015,82.13
2016-05-25,68.03,68.68,67.64,68.38,5178141,82.6
2016-05-26,68.6,69.06,68.1,68.26,2711445,82.45
2016-05-27,68.32,68.73,68.07,68.37,1945394,82.59
2016-05-31,68.09,68.38,67.76,67.96,5376589,82.09
2016-06-01,67.55,68.63,67.44,68.24,3007815,82.43
2016-06-02,67.57,68.51,67.52,68.27,2132440,82.46
2016-06-03,68.07,68.6,67.75,68.39,1416698,82.61
2016-06-06,68.22,69.11,68.22,68.87,1852371,83.19
2016-06-07,68.71,69.74,68.71,69.24,3476896,83.64
2016-06-08,69.13,69.77,68.88,69.7,2430282,84.19
2016-06-09,69.36,69.81,69.3,69.32,2790621,83.73
2016-06-10,68.88,69.08,68.11,68.3,2519674,82.5
2016-06-13,67.95,69.13,67.95,68.36,3595226,82.57
2016-06-14,68.17,68.59,67.88,68.29,2963423,82.49
2016-06-15,68.6,69.23,68.51,68.56,2968909,82.82
2016-06-16,68.16,68.72,67.6,68.65,2764652,82.92
2016-06-17,68.46,69.25,68.29,69.17,3513233,83.55
2016-06-20,69.96,70.65,69.56,69.58,3658801,84.05
2016-06-21,69.94,70,69.44,69.78,2233734,84.29
2016-06-22,69.74,69.9,69.45,69.45,2236023,83.89
2016-06-23,70.03,71.13,70,71.11,2830342,85.9
2016-06-24,68.82,69.58,67.54,68.01,5492265,82.15
2016-06-27,66.94,67.32,65.52,65.67,4470895,79.33
2016-06-28,66.15,67.22,65.96,67.22,5144069,81.2
2016-06-29,67.89,68.56,67.54,68.41,3166859,82.64
2016-06-30,68.41,68.66,67.72,68.65,4309348,82.92
2016-07-01,68.67,69.56,68.4,69.15,1938678,83.53
2016-07-05,68.96,69.47,68.63,68.75,2723423,83.04
2016-07-06,69.1,69.8,68.69,69.68,3305468,84.17
2016-07-07,69.79,70.18,69.52,69.8,3675783,84.31
2016-07-08,70.37,71.53,70.25,71,4240637,85.76
2016-07-11,71.11,71.69,70.81,71.56,3383267,86.44
2016-07-12,72.01,72.35,71.23,71.39,5140702,86.23
2016-07-13,71.29,71.79,70.8,71.36,6340398,85.74
2016-07-14,74.95,75.41,73.13,73.47,10883250,88.27
2016-07-15,73.66,73.89,72.79,72.82,4489173,87.49
2016-07-18,72.99,73.21,72.38,72.91,3614263,87.6
2016-07-19,72.58,73.26,72.58,72.88,2382678,87.56
2016-07-20,73.24,73.53,73.03,73.13,1543148,87.87
2016-07-21,72.85,73.35,72.63,73.16,2187101,87.9
2016-07-22,73.27,75.2,73.26,74.99,4307543,90.1
2016-07-25,74.77,75.22,74.71,75.19,3059579,90.34
2016-07-26,74.39,75.01,73.97,74.28,4215003,89.25
2016-07-27,74.33,74.82,74.14,74.67,3968544,89.72
2016-07-28,74.65,75.36,74.59,75.12,2562075,90.26
2016-07-29,74.98,75.21,74.32,74.42,2302650,89.42
2016-08-01,74.32,74.85,74.13,74.42,2497035,89.42
2016-08-02,74.37,74.37,72.98,73.5,2427128,88.31
2016-08-03,73.4,73.57,73.05,73.55,1954026,88.37
2016-08-04,73.47,73.95,73.2,73.59,1887897,88.42
2016-08-05,73.92,74.3,73.74,73.86,1849380,88.74
2016-08-08,74.06,74.22,73.71,74.15,4060153,89.09
2016-08-09,73.99,74.78,73.99,74.11,2292656,89.04
2016-08-10,74.24,74.48,73.56,73.62,2681321,88.46
2016-08-11,73.96,75.21,73.96,74.89,2617973,89.98
2016-08-12,74.55,75.47,74.42,74.87,2465971,89.96
2016-08-15,74.78,75.35,74.78,74.86,1475068,89.94
2016-08-16,74.58,75.17,74.52,74.74,1721716,89.8
2016-08-17,74.62,74.95,74.28,74.81,1853832,89.88
2016-08-18,74.81,75.64,74.72,75.54,2228384,90.76
2016-08-19,75.29,75.38,74.3,74.33,2578419,89.31
2016-08-22,74.33,74.86,74.16,74.74,1925485,89.8
2016-08-23,74.91,75.57,74.83,75.16,1772462,90.3
2016-08-24,75.08,75.43,74.58,74.7,2128928,89.75
2016-08-25,74.67,75.16,74.5,74.86,2739561,89.94
2016-08-26,74.88,75.61,74.37,74.52,2503217,89.53
2016-08-29,74.82,75.68,74.65,75.54,1915490,90.76
2016-08-30,75.58,75.86,75.29,75.56,2563901,90.78
2016-08-31,75.29,75.73,75.17,75.5,2473023,90.71
2016-09-01,75.39,75.76,75.27,75.54,1858848,90.76
2016-09-02,76.04,76.56,75.77,75.96,3635053,91.26
2016-09-06,76.23,76.52,75.77,75.95,5160738,91.25
2016-09-07,75.78,75.83,75.06,75.41,4268071,90.6
2016-09-08,74.93,75.06,73.94,73.98,3666495,88.89
2016-09-09,73.6,73.6,72.38,72.38,3930609,86.97
2016-09-12,72.23,73.93,72.14,73.79,3877744,88.66
2016-09-13,73.24,73.26,72.01,72.17,3112475,86.71
2016-09-14,72.17,72.86,72.03,72.35,2412240,86.93
2016-09-15,72.08,73.19,71.79,73.07,3253281,87.79
2016-09-16,72.7,73.3,72.48,73.28,12498049,88.04
2016-09-19,73.64,73.93,73.34,73.57,2172577,88.39
2016-09-20,73.74,74.16,73.54,73.92,2042538,88.81
2016-09-21,73.99,74.74,73.98,74.6,1779429,89.63
2016-09-22,75.13,75.59,74.98,75.3,1927126,90.47
2016-09-23,74.61,75.64,74.57,75.44,2411796,90.64
2016-09-26,75.09,75.28,74.47,74.51,4127212,89.52
2016-09-27,74.71,75.16,74.28,74.79,3438713,89.86
2016-09-28,74.82,75.16,74.49,75.09,2545041,90.22
2016-09-29,75.11,75.61,74.62,74.75,2333039,89.81
2016-09-30,74.81,76.16,74.77,75.58,4224353,90.81
2016-10-03,75.58,75.97,75.34,75.67,3297408,90.92
2016-10-04,75.89,76.49,75.1,75.14,4136011,90.28
2016-10-05,75.36,75.5,73.5,73.76,9247300,88.62
2016-10-06,72.37,73.06,71.99,72.78,9351651,87.44
2016-10-07,73,73.23,72.53,73.01,6807779,87.72
2016-10-10,73.28,73.67,72.68,72.73,5105497,87.39
2016-10-11,75.26,75.47,73.39,73.45,6690721,88.25
2016-10-12,73.65,74.58,73.14,74.02,4604015,88.94
2016-10-13,73.71,74.93,73.54,74.38,4414758,89.37
2016-10-14,74.77,74.95,74.22,74.22,4973088,89.18
2016-10-17,74.09,74.25,72.53,72.6,4866379,86.73
2016-10-18,73.19,73.21,72.12,72.12,3381237,86.16
2016-10-19,72.63,73.22,72.27,73.03,3821686,87.24
2016-10-20,72.6,72.78,72.1,72.16,2826570,86.2
2016-10-21,72.02,72.95,71.99,72.8,8121216,86.97
2016-10-24,72.85,73.66,72.77,73.5,3629992,87.8
2016-10-25,72.42,72.94,71.62,71.76,3177763,85.73
2016-10-26,71.52,71.9,71.34,71.76,2388077,85.73
2016-10-27,72.02,72.06,71.29,71.45,2355975,85.36
2016-10-28,71.4,71.92,71.22,71.75,2198825,85.72
2016-10-31,72.26,72.27,71.64,72.22,5073710,86.28
2016-11-01,52.08,52.43,50.71,50.8,13173129,60.69
2016-11-02,50.79,50.79,49.91,49.97,10496692,59.7
2016-11-03,50.13,50.6,50,50.35,7415938,60.15
2016-11-04,50.38,50.43,49.87,50.07,4455609,59.81
2016-11-07,50.84,51.93,50.42,51.91,5212077,62.01
2016-11-08,52.07,52.07,51.61,51.9,5081024,62
2016-11-09,51.08,51.98,50.86,51.79,4429346,61.87
2016-11-10,51.66,51.98,51.29,51.35,7480349,61.34
2016-11-11,51.25,51.31,50.74,50.81,5769686,60.7
2016-11-14,51.15,51.44,50.76,50.81,3878009,60.7
2016-11-15,50.88,51.01,50.53,50.81,4365731,60.7
2016-11-16,50.64,50.85,50.51,50.56,5079813,60.4
2016-11-17,50.69,50.99,50.53,50.86,3076920,60.76
2016-11-18,51.76,52.28,51.38,52.2,5117359,62.36
2016-11-21,52.18,52.21,51.8,51.9,3139408,62
2016-11-22,51.9,52.6,51.9,52.51,2692646,62.73
2016-11-23,52.3,52.91,52.3,52.86,2192454,63.15
2016-11-25,52.95,53.11,52.71,53.02,950017,63.34
2016-11-28,52.8,53.3,52.54,52.83,3852971,63.11
2016-11-29,52.87,53.47,52.87,53.19,3402440,63.54
2016-11-30,53.19,53.31,52.9,53.06,5926562,63.39
2016-12-01,53.1,53.19,52.35,52.48,3461344,62.69
2016-12-02,52.33,52.52,52.17,52.25,2289931,62.42
2016-12-05,52.59,53.03,52.37,52.79,2422774,63.06
2016-12-06,52.74,53.16,52.69,53.12,3128242,63.46
2016-12-07,53.09,53.98,53.03,53.94,2845822,64.44
2016-12-08,53.98,54.25,53.77,53.87,2219731,64.36
2016-12-09,53.87,54.02,53.54,53.98,2530579,64.49
2016-12-12,53.86,54.4,53.65,54.19,2402194,64.74
2016-12-13,54.26,54.67,54.08,54.09,2106776,64.62
2016-12-14,54.15,54.22,53.41,53.47,2807923,63.88
2016-12-15,53.22,53.67,53.06,53.41,3002601,63.81
2016-12-16,53.64,53.96,53.3,53.78,4629982,64.25
2016-12-19,53.75,53.94,53.58,53.61,1727040,64.04
2016-12-20,53.67,53.98,53.57,53.76,1783805,64.22
2016-12-21,53.67,54.04,53.62,53.73,1179074,64.19
2016-12-22,53.6,53.78,53.36,53.62,1651483,64.05
2016-12-23,53.46,53.58,53.24,53.41,1376298,63.81
2016-12-27,53.57,53.98,53.46,53.6,1485835,64.03
2016-12-28,53.62,53.78,53.26,53.34,1897428,63.72
2016-12-29,53.21,53.52,53.18,53.26,1516053,63.63
2016-12-30,53.51,53.52,52.87,53.01,2131772,63.33
2017-01-03,53.21,53.4,52.59,52.91,4936613,63.21
2017-01-04,52.86,53.4,52.79,53.1,2962497,63.44
2017-01-05,53.03,53.38,52.89,53.28,4339618,63.65
2017-01-06,53.28,54.27,53.05,53.92,3213551,64.42
2017-01-09,53.89,54.28,53.85,54.08,2162726,64.6
2017-01-10,54.21,54.56,54.13,54.39,2867626,64.98
2017-01-11,54.23,54.43,54.02,54.23,1384880,64.49
2017-01-12,54.04,54.5,53.96,54.38,1143518,64.66
2017-01-13,54.41,54.57,54.18,54.38,1934804,64.66
2017-01-17,54.04,54.4,53.79,53.96,1707508,64.17
2017-01-18,54.19,54.28,53.83,54.12,1735882,64.36
2017-01-19,54.33,54.36,53.68,53.85,1642111,64.03
2017-01-20,53.99,54.39,53.86,54.31,2331877,64.58
2017-01-23,54.06,54.23,52.44,54.17,3882195,64.41
2017-01-24,54.34,55.02,54.34,54.94,2044365,65.33
2017-01-25,55.14,55.68,55.08,55.17,2906068,65.6
2017-01-26,55.15,55.33,54.91,54.92,2244184,65.3
2017-01-27,54.8,55.46,54.58,55.42,2050581,65.9
2017-01-30,55.36,55.44,54.7,55.23,1963671,65.68
2017-01-31,55.23,55.44,54.75,55.11,3713293,65.53
2017-02-01,55.07,55.29,54.49,54.55,2177891,64.87
2017-02-02,54.6,55.38,54.4,55.23,1760963,65.67
2017-02-03,55.51,55.95,55.37,55.7,2001327,66.23
2017-02-06,55.54,55.9,55.51,55.76,1459987,66.3
2017-02-07,55.91,56.24,55.83,55.92,1628301,66.49
2017-02-08,55.87,56.18,55.76,56,2580456,66.59
2017-02-09,55.75,57.18,55.52,56.67,3146057,67.39
2017-02-10,56.63,57.41,56.41,57.19,3299480,68
2017-02-13,57.3,58.01,57.01,57.28,4819211,68.11
2017-02-14,57.4,57.77,57.29,57.67,2076485,68.58
2017-02-15,57.47,57.98,57.38,57.73,1685753,68.65
2017-02-16,57.86,57.94,57.25,57.56,2224698,68.44
2017-02-17,57.48,57.71,57.17,57.52,2561816,68.4
2017-02-21,57.1,57.67,56.76,56.91,3881739,67.67
2017-02-22,55.42,55.78,55.34,55.59,6308936,66.1
2017-02-23,55.84,55.89,55.24,55.29,4101788,65.75
2017-02-24,55.15,55.51,55.12,55.46,2531640,65.95
2017-02-27,55.44,55.51,54.89,55.1,1897181,65.52
2017-02-28,55.06,55.07,54.76,54.93,3282902,65.32
2017-03-01,55.42,55.46,54.98,55.14,2478964,65.57
2017-03-02,55.02,55.08,54.59,54.84,2369840,65.21
2017-03-03,54.8,54.92,54.17,54.69,2290921,65.03
2017-03-06,54.39,54.43,54.11,54.24,2413793,64.5
2017-03-07,54.11,54.18,53.81,53.84,2236636,64.02
2017-03-08,53.82,54,53.65,53.89,1973115,64.08
2017-03-09,53.81,53.96,53.56,53.66,1814206,63.81
2017-03-10,54.45,54.45,53.86,54.08,2793602,64.31
2017-03-13,54.08,54.33,53.89,54.14,1781272,64.38
2017-03-14,54.08,54.23,53.64,53.78,2187769,63.95
2017-03-15,53.96,54.03,53.19,53.75,3114939,63.91
2017-03-16,53.92,53.96,53.62,53.67,2851060,63.82
2017-03-17,53.8,54.04,53.65,53.71,10460747,63.87
2017-03-20,53.85,53.95,53.69,53.88,2777670,64.07
2017-03-21,54.13,54.18,53.43,53.59,3381362,63.73
2017-03-22,53.63,53.82,53.03,53.25,3279969,63.32
2017-03-23,53.23,53.47,53.05,53.13,2948572,63.18
2017-03-24,53.25,53.59,52.99,53.47,3424915,63.58
2017-03-27,53.08,53.48,52.85,53.41,6068368,63.51
2017-03-28,53.81,54.44,53.41,54.22,4031019,64.47
2017-03-29,54.16,54.4,53.6,53.86,2830390,64.05
2017-03-30,53.73,54.05,53.64,53.84,3920402,64.02
2017-03-31,53.84,54.13,53.74,53.74,2728110,63.9
2017-04-03,53.7,53.81,53.13,53.44,3453666,63.55
2017-04-04,53.38,53.91,53.24,53.69,3091833,63.84
2017-04-05,53.89,54.58,53.7,53.71,5009301,63.87
2017-04-06,53.96,54.47,53.82,54.28,4588509,64.55
2017-04-07,54.18,54.49,54.03,54.06,3264663,64.28
2017-04-10,54.02,54.33,53.9,53.93,2464047,64.13
2017-04-11,53.96,54.26,53.69,54.2,2237185,64.15
2017-04-12,54.24,54.29,54.01,54.1,1663730,64.03
2017-04-13,54.1,54.17,53.86,53.9,2088694,63.79
2017-04-17,53.96,54.23,53.94,53.98,1741189,63.89
2017-04-18,53.91,54.17,53.85,54.04,1678991,63.96
2017-04-19,54.29,54.79,54.18,54.53,3125714,64.54
2017-04-20,54.67,55.11,54.63,54.95,2617695,65.04
2017-04-21,54.94,55.02,54.54,54.77,2929571,64.82
2017-04-24,55.11,55.76,55.07,55.53,2655149,65.72
2017-04-25,55.6,56.18,55.53,55.75,3995397,65.98
2017-04-26,55.79,56.01,55.6,55.66,1798316,65.88
2017-04-27,55.93,56.35,55.71,55.77,2585515,66.01
2017-04-28,55.61,55.71,55.22,55.55,2493347,65.75
2017-05-01,55.53,55.77,55.42,55.55,2391292,65.75
2017-05-02,55.73,56.05,55.55,56.05,3446934,66.34
2017-05-03,56.75,58.14,56.54,57.67,5172728,68.25
2017-05-04,57.48,58.3,57.38,58.28,3929287,68.98
2017-05-05,58.3,58.64,58.04,58.55,3063621,69.3
2017-05-08,58.32,58.66,58.3,58.42,3307827,69.14
2017-05-09,58.45,58.59,58.07,58.1,2615855,68.76
2017-05-10,58.11,58.46,57.98,58.2,2167463,68.88
2017-05-11,58.61,58.65,57.85,58.41,3429970,69.13
2017-05-12,58.38,58.6,58.18,58.21,1587129,68.9
2017-05-15,58.21,58.58,58.08,58.49,1753450,69.22
2017-05-16,58.76,58.95,58.55,58.6,2588236,69.35
2017-05-17,58.37,58.62,58.12,58.43,1957000,69.16
2017-05-18,58.43,58.66,58.22,58.38,3283035,69.1
2017-05-19,58.62,59.52,58.43,59.2,6411829,70.07
2017-05-22,59.36,60.1,59.14,60,2683555,71.01
2017-05-23,60.05,60.09,59.76,59.92,2218869,70.92
2017-05-24,59.96,60.96,59.82,60.79,2125805,71.95
2017-05-25,60.97,61.12,60.76,60.94,1429500,72.13
2017-05-26,60.94,61.27,60.81,60.91,1416100,72.09
2017-05-30,60.94,61.22,60.8,61.18,4641127,72.41
2017-05-31,61.22,61.47,61.16,61.37,2102668,72.64
2017-06-01,61.37,62.38,61.31,62.38,2373345,73.83
2017-06-02,62.33,62.76,62.2,62.52,1958336,73.99
2017-06-05,62.44,62.91,62.43,62.69,2657109,74.2
2017-06-06,62.63,62.91,62.4,62.79,2321794,74.32
2017-06-07,62.95,62.95,62.41,62.74,1968638,74.26
2017-06-08,62.76,62.87,62.21,62.5,3868222,73.97
2017-06-09,62.44,62.83,61.58,61.76,2195150,73.1
2017-06-12,61.66,61.82,59.9,60.76,4117588,71.91
2017-06-13,60.88,61.55,60.67,61.4,2144168,72.67
2017-06-14,61.72,61.81,61.32,61.71,1686283,73.04
2017-06-15,61.4,61.42,61.05,61.35,1368855,72.61
2017-06-16,61.39,61.69,61.21,61.49,2993818,72.78
2017-06-19,61.6,62.56,61.54,62.46,2637529,73.93
2017-06-20,62.43,62.74,62.17,62.45,2966463,73.91
2017-06-21,62.52,63.07,62.4,62.86,2652299,74.4
2017-06-22,62.9,63.22,62.57,62.98,1694121,74.54
2017-06-23,63.23,63.66,63.1,63.22,3104554,74.82
2017-06-26,63.44,63.75,63.06,63.15,1060100,74.74
2017-06-27,63.12,63.34,62.43,62.5,1502081,73.97
2017-06-28,62.86,62.92,62.59,62.65,1333027,74.15
2017-06-29,62.64,62.64,61.68,62.06,1427568,73.45
2017-06-30,62.14,62.65,62.14,62.32,1980513,73.76
2017-07-03,62.19,62.56,61.97,61.97,2890218,73.35
2017-07-05,61.96,62.03,61.24,61.75,3584818,73.08
2017-07-06,61.51,61.53,61.16,61.38,2514122,72.65
2017-07-07,61.48,62.31,61.43,62.09,2299027,73.49
2017-07-10,62.08,62.21,61.81,62.14,2660695,73.54
2017-07-11,62.16,62.87,62.09,62.5,3252933,73.97
2017-07-12,62.69,63.06,62.67,62.86,1611595,74.1
2017-07-13,62.88,62.88,61.86,62.29,1656432,73.42
2017-07-14,62.29,62.57,62.27,62.44,1512308,73.6
2017-07-17,62.35,62.62,62.14,62.41,1112872,73.57
2017-07-18,62.37,62.59,61.97,62.58,1401202,73.76
2017-07-19,62.69,62.99,62.6,62.91,1396157,74.15
2017-07-20,63.03,63.45,62.89,63.3,2197838,74.62
2017-07-21,63.03,63.78,63.03,63.41,1450686,74.74
2017-07-24,63.41,63.56,63.21,63.28,1376433,74.59
2017-07-25,63.63,64,63.21,63.46,1811777,74.8
2017-07-26,63.51,63.51,62.92,63.28,1570160,74.59
2017-07-27,63.17,64.16,63.07,64.14,2188681,75.61
2017-07-28,64.05,64.05,63.09,63.63,2179664,75
2017-07-31,63.88,64.2,63.64,64.03,2465188,75.48
2017-08-01,64.32,64.75,63.87,64.08,1916772,75.53
2017-08-02,63.99,65,63.96,65,2286653,76.62
2017-08-03,63.78,64.87,63.21,63.51,3458073,74.86
2017-08-04,63.65,63.69,62.94,63.65,2346376,75.03
2017-08-07,63.63,63.66,63.11,63.62,1801812,74.99
2017-08-08,63.38,63.52,62.91,62.95,1521805,74.2
2017-08-09,62.89,63.72,62.58,63.69,1932900,75.07
2017-08-10,63.46,64.26,63.27,63.93,2391698,75.36
2017-08-11,64.03,64.59,63.86,64.1,2290877,75.56
2017-08-14,64.56,64.88,64.32,64.71,2411719,76.28
2017-08-15,64.79,64.98,64.53,64.81,1580808,76.39
2017-08-16,64.87,65.43,64.69,64.83,1603418,76.42
2017-08-17,64.7,65.19,64.08,64.09,2119325,75.54
2017-08-18,64,64.25,63.63,63.97,2258769,75.41
2017-08-21,64.14,64.57,63.99,64.35,1370191,75.85
2017-08-22,64.48,65.07,64.39,64.94,1294740,76.55
2017-08-23,64.77,64.98,64.5,64.82,1440208,76.41
2017-08-24,64.93,64.97,64.5,64.7,1199612,76.26
2017-08-25,64.96,64.98,64.31,64.33,1271695,75.83
2017-08-28,64.59,64.7,64.21,64.65,1359674,76.21
2017-08-29,64.48,64.61,64.2,64.55,1269636,76.09
2017-08-30,64.52,64.9,64.33,64.49,1791552,76.02
2017-08-31,64.56,65.26,64.34,65.17,2211556,76.82
2017-09-01,65.32,65.73,64.93,65.01,1450722,76.63
2017-09-05,64.91,65.21,64.65,64.75,2602057,76.32
2017-09-06,64.81,64.91,64.31,64.65,1722030,76.21
2017-09-07,64.74,65.17,64.6,64.87,1288364,76.47
2017-09-08,64.83,65.4,64.77,64.88,1475226,76.48
2017-09-11,65.17,66.29,65.11,66,1786743,77.8
2017-09-12,65.93,66.1,65.16,65.47,1927245,77.17
2017-09-13,65.41,65.82,65.23,65.43,1464103,77.13
2017-09-14,65.5,65.82,65.32,65.46,2054658,77.16
2017-09-15,65.51,65.51,63.81,63.84,7884746,75.25
2017-09-18,63.93,64.45,63.92,64.23,2429107,75.71
2017-09-19,64.23,64.34,63.66,64.27,1590634,75.76
2017-09-20,64.49,65.02,64.38,64.79,1793838,76.37
2017-09-21,64.94,65.06,64.62,64.88,1496175,76.48
2017-09-22,64.88,64.88,64.3,64.45,1608146,75.97
2017-09-25,64.11,64.11,62.25,62.74,4027600,73.95
2017-09-26,62.75,62.89,62.19,62.27,2389018,73.4
2017-09-27,62.28,62.57,61.66,62.02,3290383,73.1
2017-09-28,61.64,62.52,61.6,62.35,2702407,73.5
2017-09-29,62.35,62.73,62.11,62.45,2105447,73.61
2017-10-02,62.24,62.8,62.24,62.57,2279344,73.75
2017-10-03,62.62,63.11,62.62,62.71,2094227,73.92
2017-10-04,62.8,63.05,62.71,62.86,1527309,74.1
2017-10-05,62.87,63.55,62.78,63.27,1888657,74.58
2017-10-06,63.38,64.62,63.26,64.42,3015341,75.93
2017-10-09,64.43,64.72,64.14,64.48,1633442,76
2017-10-10,64.54,65.1,64.25,64.63,1544542,76.18
2017-10-11,64.65,65.35,64.65,65.02,2374483,76.64
2017-10-12,64.9,65.2,64.71,64.82,1813776,76.41
2017-10-13,64.87,64.9,64.37,64.65,1663143,76.2
2017-10-16,64.91,65.14,64.42,64.65,1661542,76.21
2017-10-17,64.57,65.15,64.51,64.64,1498710,76.19
2017-10-18,64.79,65.04,64.48,64.49,1372622,76.02
2017-10-19,64.42,64.61,63.8,64.32,1802861,75.82
2017-10-20,64.52,64.62,64.23,64.62,1407782,76.17
2017-10-23,64.7,64.79,64.08,64.09,1801551,75.55
2017-10-24,64.1,64.25,63.81,63.92,1516287,75.34
2017-10-25,63.51,63.89,62.93,63.35,2129636,74.67
2017-10-26,63.81,64.6,63.81,64.37,1970298,75.87
2017-10-27,64.47,64.52,63.74,63.83,2240951,75.24
2017-10-30,63.56,63.77,63.07,63.59,2194271,74.96
2017-10-31,63.36,63.75,63.11,63.16,2122292,74.45
2017-11-01,63.24,63.58,63,63.04,1988712,74.31
2017-11-02,67.24,68.43,64.65,67.15,5040951,79.15
2017-11-03,66.64,68.06,66.63,66.94,2732525,78.91
2017-11-06,66.86,67.83,66.86,67.76,1875233,79.87
2017-11-07,67.87,68.93,67.82,68.73,2789261,81.01
2017-11-08,68.34,69.27,67.89,68.83,2914885,81.13
2017-11-09,68.6,68.84,66.85,67.47,2194406,79.53
2017-11-10,67.15,67.68,66.84,67.52,1718071,79.59
2017-11-13,67.51,67.83,67.49,67.65,1389830,79.74
2017-11-14,67.74,68.17,67.6,67.64,1310075,79.43
2017-11-15,67.27,67.72,67.03,67.1,2029739,78.8
2017-11-16,67.09,67.46,66.72,66.88,1859429,78.54
2017-11-17,66.69,67.09,66.46,66.93,1613362,78.6
2017-11-20,67.04,67.3,66.82,67.09,1374270,78.79
2017-11-21,67.45,67.92,67.32,67.72,2026469,79.53
2017-11-22,67.63,67.89,67.35,67.47,1181788,79.23
2017-11-24,67.49,67.88,67.39,67.43,735388,79.18
2017-11-27,67.46,67.87,67.38,67.77,1264101,79.58
2017-11-28,68.08,69.09,67.87,69,1949356,81.03
2017-11-29,69.29,69.93,69.15,69.67,1763646,81.81
2017-11-30,69.89,71.58,69.64,71.08,3827073,83.47
2017-12-01,71.07,71.32,69.53,71.02,2647654,83.4
2017-12-04,71.34,71.78,70.76,70.94,2667682,83.31
2017-12-05,71.17,71.62,70.71,70.76,2052869,83.1
2017-12-06,70.97,71.75,70.8,70.88,1687210,83.24
2017-12-07,70.73,71.05,70.49,70.72,1809516,83.05
2017-12-08,70.81,71.27,70.55,70.95,2166225,83.32
2017-12-11,70.95,70.95,70.07,70.21,1799097,82.45
2017-12-12,70.09,70.19,69.53,69.82,1772034,81.99
2017-12-13,69.98,70.46,69.88,69.99,1845776,82.19
2017-12-14,70.02,70.49,69.79,69.86,1560031,82.04
2017-12-15,70.14,70.52,69.88,70.08,6013459,82.3
2017-12-18,70.52,71.11,70.48,70.77,2022981,83.11
2017-12-19,71.03,71.12,70.55,70.56,1410996,82.86
2017-12-20,70.68,70.75,69.94,69.94,1407159,82.13
2017-12-21,70.14,70.58,69.84,70.25,1821172,82.5
2017-12-22,70.49,70.49,69.83,70.17,1130584,82.4
2017-12-26,70.16,70.2,69.8,69.99,742326,82.19
2017-12-27,70.12,70.31,69.57,70.17,1195997,82.4
2017-12-28,70.42,70.42,69.85,70.4,730031,82.67
2017-12-29,70.37,70.43,69.48,69.5,1648501,81.61
2018-01-02,69.96,70.22,69.39,69.49,1895659,81.6
2018-01-03,69.23,69.67,69.09,69.43,2725160,81.53
2018-01-04,69.62,70.33,69.43,70.13,2123340,82.36
2018-01-05,70.33,70.69,70.13,70.54,2087591,82.84
2018-01-08,70.44,70.73,69.93,70.66,1693725,82.98
2018-01-09,70.74,70.82,70.06,70.48,1891687,82.76
2018-01-10,70.55,70.55,70.01,70.3,1010502,82.55
2018-01-11,70.32,70.69,69.77,70.25,1447015,82.49
2018-01-12,70.48,71.33,70.21,71.21,1509920,83.62
2018-01-16,71.59,71.82,70.37,70.62,1531442,82.93
2018-01-17,70.95,71.12,70.48,70.76,2137446,83.09
2018-01-18,70.83,71.05,70.62,70.76,1171390,83.1
2018-01-19,71.05,71.45,70.97,71.37,1829205,83.81
2018-01-22,71.37,72.31,71.25,72.31,1638640,84.91
2018-01-23,72.14,73.52,72.1,73.1,2197893,85.84
2018-01-24,73.14,73.32,72.34,72.59,1376553,85.24
2018-01-25,72.66,73.08,72.06,72.94,1034423,85.66
2018-01-26,72.96,73.44,72.56,73.4,1489709,86.2
2018-01-29,73.32,74.03,73.17,73.64,2670398,86.48
2018-01-30,72.38,72.79,71.85,72.03,1951097,84.59
2018-01-31,72.06,72.43,71.74,72.03,2508534,84.59
2018-02-01,71.74,71.93,71.06,71.51,1839265,83.98
2018-02-02,71.45,72.03,70.2,70.36,3439176,82.63
2018-02-05,69.89,70.64,67.69,67.95,3181349,79.8
2018-02-06,66.72,68.83,65.02,68.62,3322315,80.58
2018-02-07,68.18,69.78,68.13,68.24,3795962,80.13
2018-02-08,66.43,69.07,64.62,64.97,5171654,76.3
2018-02-09,65.82,68.2,65.09,67.54,5482759,79.31
2018-02-12,67.49,68.42,65.93,66.48,3209780,78.07
2018-02-13,66.25,66.71,65.99,66.53,1628206,77.77
2018-02-14,65.99,67.31,65.29,66.63,3271715,77.88
2018-02-15,66.94,67.83,66.64,67.56,3029430,78.97
2018-02-16,67.36,67.59,66.92,66.94,3077288,78.25
2018-02-20,66.79,67.36,66.19,66.8,2914008,78.08
2018-02-21,66.64,67.66,66.56,66.57,2421723,77.81
2018-02-22,66.64,67.44,66.64,67,2026610,78.32
2018-02-23,67.29,68.31,67.21,68.27,2526242,79.8
2018-02-26,68.46,69.11,68.36,68.93,1940374,80.57
2018-02-27,68.95,69.3,68.59,68.59,2731541,80.18
2018-02-28,69.04,70.74,68.97,69.62,4093126,81.38
2018-03-01,69.28,69.91,67.79,68.18,2862908,79.7
2018-03-02,67.26,69.07,66.82,68.69,3032704,80.29
2018-03-05,68.4,69.18,68.2,68.98,2115911,80.63
2018-03-06,69.37,69.84,69,69.62,2166436,81.38
2018-03-07,68.96,69.78,68.82,69.65,2110979,81.41
2018-03-08,69.9,70.61,69.83,70.51,2878299,82.42
2018-03-09,70.66,71.25,70.37,70.96,2236048,82.95
2018-03-12,71.32,71.8,70.42,70.5,2942318,82.41
2018-03-13,70.87,71.2,70.26,70.45,2032129,82.35
2018-03-14,70.57,70.81,70.23,70.38,1867688,82.27
2018-03-15,70.47,71.78,70.31,70.9,2373859,82.88
2018-03-16,70.94,71.69,70.85,71.43,2962049,83.5
2018-03-19,71.25,71.4,69.64,70.27,2448503,82.14
2018-03-20,70.58,71.41,70.31,71.08,1994849,83.09
2018-03-21,71.13,71.45,70.75,70.84,1394686,82.81
2018-03-22,70.23,71.33,70.22,70.31,2194740,82.18
2018-03-23,70.5,70.97,69.88,69.88,2963938,81.68
2018-03-26,70.65,72.05,70.63,71.89,2287277,84.03
2018-03-27,72.07,73.09,71.44,71.76,3247230,83.88
2018-03-28,71.83,72.84,71.83,72.08,2839174,84.25
2018-03-29,72.48,73.29,71.91,72.83,1946974,85.13
2018-04-02,72.91,73.42,70.91,71.64,2519091,83.74
2018-04-03,71.65,72.15,70.92,71.96,2778311,84.11
2018-04-04,71.39,73.2,71.28,73.08,2963500,85.42
2018-04-05,73.53,73.87,72.8,73.58,2088807,86.01
2018-04-06,73.09,73.57,71.8,72.26,2102556,84.46
2018-04-09,72.59,73.08,72.16,72.25,1931466,84.45
2018-04-10,73.24,73.47,72.71,73.21,2965300,85.58
2018-04-11,73.15,73.7,73.01,73.09,1884412,85.44
2018-04-12,73.46,74.15,73.27,73.36,1801267,85.75
2018-04-13,73.62,73.77,72.77,73.08,1730794,85.42
2018-04-16,73.67,74.26,73.53,73.8,1796152,86.26
2018-04-17,74.09,74.48,73.84,74.09,1841029,86.6
2018-04-18,74.14,74.81,74.14,74.42,2079686,86.99
2018-04-19,74.13,74.35,73.56,73.95,1767951,86.44
2018-04-20,73.82,74.27,73.63,73.82,1932509,86.29
2018-04-23,73.94,74.07,73.32,73.48,1963711,85.89
2018-04-24,73.78,74.21,72.49,72.87,2022640,85.18
2018-04-25,72.92,73.22,72.47,72.94,1886844,85.26
2018-04-26,73.62,74.58,73.62,74.22,3202801,86.76
2018-04-27,74.14,74.72,74.02,74.47,2463565,87.05
2018-04-30,74.93,75.34,74.51,74.51,4114814,87.1
2018-05-01,74.52,74.65,73.27,74.12,3607144,86.64
2018-05-02,72.03,72.95,68.47,68.61,6934943,80.2
2018-05-03,68.86,71.05,68.83,70.72,5855805,82.67
2018-05-04,70.58,70.91,69.94,70.52,2268949,82.43
2018-05-07,70.82,71.26,70.43,71.1,4115158,83.11
2018-05-08,71.43,71.73,70.97,71.44,1780778,83.51
2018-05-09,71.41,72.29,71.11,72.25,2051922,84.45
2018-05-10,72.36,72.74,72.07,72.44,2508610,84.68
2018-05-11,72.46,72.88,72.1,72.39,1561105,84.62
2018-05-14,72.38,72.45,71.49,71.52,1665866,83.6
2018-05-15,71.38,72.02,71.22,71.61,1749869,83.34
2018-05-16,71.86,72.09,71.53,71.8,1873387,83.57
2018-05-17,71.68,72.07,71.15,71.31,2262476,83
2018-05-18,71.27,71.68,70.43,70.75,2643217,82.34
2018-05-21,71.01,71.37,70.94,71.05,1762011,82.69
2018-05-22,71.34,71.5,70.67,70.78,2506788,82.38
2018-05-23,70.41,71.48,70.33,71.39,1828578,83.09
2018-05-24,71.39,71.92,71.26,71.72,1768671,83.47
2018-05-25,71.85,72.06,70.83,70.91,1962345,82.53
2018-05-29,70.6,70.76,70.03,70.38,2384024,81.91
2018-05-30,70.38,71.25,70.04,70.89,2990001,82.51
2018-05-31,70.45,70.82,69.63,69.88,8460015,81.33
2018-06-01,70.15,70.87,70.07,70.38,2130205,81.91
2018-06-04,70.62,70.78,70.33,70.7,1605034,82.29
2018-06-05,70.68,71.62,70.48,71.24,2070649,82.91
2018-06-06,71.35,71.88,71.08,71.84,3463592,83.61
2018-06-07,72.16,72.78,71.95,72.34,2514465,84.19
2018-06-08,72.22,72.35,71.31,71.47,3220605,83.18
2018-06-11,71.62,71.74,71.13,71.41,3191949,83.11
2018-06-12,71.59,71.79,71.36,71.51,2188183,83.23
2018-06-13,71.51,71.71,70.94,70.96,2567797,82.59
2018-06-14,71.31,71.78,71.09,71.64,3017518,83.38
2018-06-15,71.5,71.69,70.1,70.99,6418112,82.62
2018-06-18,70.78,71.28,70.46,71.15,3705540,82.81
2018-06-19,70.36,70.45,69.48,69.6,3539523,81.01
2018-06-20,69.72,70.28,69.39,69.48,3089095,80.86
2018-06-21,69.73,69.92,68.42,68.5,2195738,79.73
2018-06-22,68.86,69.42,68.75,69.05,5974597,80.36
2018-06-25,68.75,68.77,67.39,67.53,2363738,78.59
2018-06-26,67.62,68.86,67.45,68.75,2670157,80.01
2018-06-27,69.81,70.67,67.7,67.77,3124098,78.87
2018-06-28,67.53,67.91,66.53,66.92,2338304,77.89
2018-06-29,67.02,67.75,66.79,67.21,3738819,78.22
2018-07-02,66.63,67.15,66.24,67.11,1741949,78.11
2018-07-03,67.21,67.46,66.82,66.88,1079619,77.84
2018-07-05,67.11,67.16,66.48,66.79,1599219,77.74
2018-07-06,66.96,67.43,66.83,67.25,1666120,78.27
2018-07-09,67.47,68.26,67.4,68.02,1828296,79.17
2018-07-10,68.08,68.55,67.78,68.14,1377692,79.31
2018-07-11,67.58,68.03,67.42,67.7,1382004,78.79
2018-07-12,68.21,68.3,67.77,67.98,1381100,79.12
2018-07-13,67.85,68.08,67.49,68,1052858,79.14
2018-07-16,67.83,68.04,67.45,67.59,849759,78.66
2018-07-17,67.6,67.77,67.38,67.64,865938,78.72
2018-07-18,67.84,68.4,67.77,68.3,1822672,79.49
2018-07-19,67.9,68.48,67.9,68.16,1786811,79.33
2018-07-20,67.95,68.55,67.81,68.14,1552018,79.31
2018-07-23,68.14,68.26,67.74,67.83,1129268,78.95
2018-07-24,67.87,68.18,66.98,67.23,1595036,78.25
2018-07-25,66.74,67.64,66.74,67.59,1455257,78.67
2018-07-26,67.59,69.26,67.47,67.83,2362094,78.95
2018-07-27,68.27,68.36,67.32,67.8,1488849,78.91
2018-07-30,67.83,67.84,67.26,67.65,1522291,78.74
2018-07-31,67.75,68.68,67.65,68.13,2305738,79.29
2018-08-01,67.83,68.42,67.28,68.28,2878618,79.47
2018-08-02,67.88,69.71,67.21,69.28,2953104,80.63
2018-08-03,69.51,70.54,69.31,70.33,2366094,81.86
2018-08-06,70.35,71.16,69.97,70.1,1856559,81.59
2018-08-07,70.09,70.45,69.43,69.88,2545810,81.33
2018-08-08,69.9,70.59,69.79,70.39,1656747,81.92
2018-08-09,70.56,71.37,70.56,71.08,1484807,82.73
2018-08-10,70.7,71.57,70.52,71.26,2035511,82.94
2018-08-13,71.29,71.61,70.46,70.78,1445117,82.38
2018-08-14,71.07,71.69,70.72,71.39,1902481,83.09
2018-08-15,71.17,71.56,70.58,71.2,1664504,82.87
2018-08-16,71.42,72.53,71.37,72.35,1912721,84.2
2018-08-17,72.47,72.59,72.22,72.32,1940109,83.81
2018-08-20,72.35,72.79,72.22,72.58,2127220,84.11
2018-08-21,72.63,72.98,72.24,72.77,1526632,84.33
2018-08-22,72.81,72.85,72.29,72.32,1219049,83.81
2018-08-23,72.19,72.46,71.96,72.07,1356850,83.52
2018-08-24,72.18,72.8,71.98,72.6,1210250,84.14
2018-08-27,72.88,73.2,72.74,72.91,1421868,84.49
2018-08-28,72.98,73.83,72.85,73.67,2006193,85.37
2018-08-29,73.77,74.75,73.72,74.2,1676209,85.99
2018-08-30,74.11,74.24,73.67,73.95,1528232,85.7
2018-08-31,73.95,75.04,73.92,74.98,3051376,86.89
2018-09-04,74.85,75.45,74.67,75.09,1824764,87.02
2018-09-05,74.93,75.57,74.74,74.84,2845846,86.73
2018-09-06,74.8,76.06,74.79,75.87,2499912,87.92
2018-09-07,75.65,76.5,75.54,76.28,1536669,88.4
2018-09-10,76.63,76.78,76.11,76.33,1508385,88.46
2018-09-11,75.56,76.42,75.31,76.13,1980139,88.23
2018-09-12,75.96,76.41,75.77,76.22,1460668,88.33
2018-09-13,76.76,76.8,76.07,76.36,1286496,88.49
2018-09-14,76.44,76.44,75.74,76.06,1934427,88.14
2018-09-17,75.79,76.17,75.16,75.67,1376675,87.69
2018-09-18,75.5,76.39,75.5,76.19,1658029,88.29
2018-09-19,76.39,76.69,76.11,76.41,1010394,88.55
2018-09-20,76.66,77.1,76.55,76.76,1270182,88.96
2018-09-21,77.17,77.53,76.88,77.26,5350998,89.53
2018-09-24,76.9,77.35,76.56,77.06,1760591,89.3
2018-09-25,77.13,77.87,77.06,77.56,1829094,89.88
2018-09-26,77.66,78.37,77.49,77.56,1488032,89.88
2018-09-27,77.43,78.21,77.23,77.94,1059486,90.32
2018-09-28,77.9,78.75,77.72,78.45,2279678,90.91
2018-10-01,78.57,78.76,77.99,78.02,2469886,90.42
2018-10-02,78.13,78.33,77.54,77.64,1742463,89.98
2018-10-03,77.88,78.32,77.42,77.45,1342473,89.76
2018-10-04,77.23,77.44,76.65,77.29,1736865,89.57
2018-10-05,77.45,77.99,77.45,77.66,1552151,90
2018-10-08,77.66,78.44,77.57,78.21,1402319,90.64
2018-10-09,78.38,79.57,78.33,78.68,2346424,91.18
2018-10-10,78.89,78.89,76.9,76.97,1939032,89.2
2018-10-11,76.89,76.89,75.04,75.13,2469062,87.07
2018-10-12,75.28,76.19,74.88,75.98,1898375,88.05
2018-10-15,75.82,76.95,75.82,76.32,1347173,88.45
2018-10-16,76.65,78.09,76.6,78.03,1675881,90.43
2018-10-17,78.05,79.09,77.83,78.83,1508791,91.36
2018-10-18,78.13,78.28,77.24,77.51,2167141,89.82
2018-10-19,77.42,77.69,77.03,77.14,1675955,89.4
2018-10-22,77.46,77.79,76.84,77.1,2624609,89.35
2018-10-23,76.37,76.97,75.99,76.64,2968240,88.82
2018-10-24,75.9,76.22,75.01,75.12,2097107,87.06
2018-10-25,75.62,75.62,74.3,75,2321600,86.92
2018-10-26,74.45,74.75,73.59,74.02,2351026,85.78
2018-10-29,74.72,75.56,72.94,73.75,2078489,85.47
2018-10-30,74.06,74.77,73.71,74.58,4044247,86.43
2018-10-31,75.94,79.07,75.31,78.01,5309621,90.41
2018-11-01,78.08,78.52,75.62,75.93,3329526,87.99
2018-11-02,76.44,76.53,74.05,74.99,3220752,86.9
2018-11-05,75.13,75.77,74.83,75.48,2817367,87.47
2018-11-06,75.46,76,75.36,75.85,3299761,87.9
2018-11-07,75.94,77.25,75.94,77.13,3004900,89.38
2018-11-08,77.11,78.39,76.82,78.06,2605078,90.46
2018-11-09,78.06,78.55,77.73,78.28,2061050,90.72
2018-11-12,78.3,78.76,77.08,77.19,1469295,89.45
2018-11-13,77.1,77.57,76.64,76.82,1677331,89.03
2018-11-14,77.24,77.6,76.89,76.95,2902536,89.18
2018-11-15,76.57,77.32,75.8,76.62,2975567,88.79
2018-11-16,76.55,77.05,76.27,76.7,2983345,88.89
2018-11-19,76.8,77.27,75.64,76.05,2954703,88.13
2018-11-20,74.97,75.73,74.31,75.24,2024334,87.19
2018-11-21,75.25,75.75,74.96,75.1,1981065,87.03
2018-11-23,74.94,75.99,74.6,75.55,927551,87.19
2018-11-26,76.03,76.74,75.44,76.52,1879570,88.31
2018-11-27,76.55,77.75,76.5,77.52,1923213,89.47
2018-11-28,77.71,79.49,77.46,79.48,2163403,91.73
2018-11-29,79.47,80.11,79.08,79.6,2144114,91.86
2018-11-30,79.63,80.1,79.12,79.91,6045483,92.22
2018-12-03,80.79,80.79,79.34,79.78,4627497,92.07
2018-12-04,79.9,80.57,78.46,78.57,3172848,90.68
2018-12-06,77.82,79.72,77.63,79.28,4256895,91.5
2018-12-07,79.23,79.83,78.16,78.36,3387274,90.43
2018-12-10,78.23,78.52,76.97,78.21,2436534,90.26
2018-12-11,78.97,79.01,77.18,77.82,2252281,89.81
2018-12-12,77.88,79.11,77.67,78.38,2611838,90.46
2018-12-13,78.76,81.56,78.62,80.98,3511084,93.46
2018-12-14,80.29,80.29,78.91,79.46,2372556,91.7
2018-12-17,79.04,79.2,77.36,77.73,3394535,89.71
2018-12-18,78.27,78.52,77.48,78.07,2026943,90.1
2018-12-19,78.39,80.02,77.57,78.09,2865297,90.12
2018-12-20,77.38,77.86,74.86,75.49,4755270,87.12
2018-12-21,75.98,77.33,75.83,76.37,6529553,88.14
2018-12-24,76.09,76.39,74.88,75.4,1928252,87.02
2018-12-26,75.56,77.99,75.3,77.97,2291292,89.99
2018-12-27,77.24,78.84,76.87,78.82,2302097,90.96
2018-12-28,79.35,80.12,78.89,79.38,1640539,91.61
2018-12-31,79.53,79.77,79.1,79.65,1837182,91.92
2019-01-02,78.93,79.32,78.29,79.23,2104938,91.44
2019-01-03,78.85,78.85,76.93,77.24,3217410,89.14
2019-01-04,78.15,80.01,78.02,79.25,2618538,91.46
2019-01-07,79.2,79.91,78.95,79.16,2934198,91.36
2019-01-08,79.51,79.66,77.95,79.01,2937301,91.18
2019-01-09,79.38,79.52,78.51,78.97,2660091,91.14
2019-01-10,78.49,80.29,78.29,79.53,3087138,91.79
2019-01-11,77.32,78.81,77.13,78.8,2573579,90.94
2019-01-14,77.99,78.41,77.82,77.98,1553664,90
2019-01-15,78.15,78.45,77.68,78.32,1683742,90.39
2019-01-16,78.2,78.58,77.68,77.84,1700591,89.83
2019-01-17,77.39,78.89,77.39,78.59,2184071,90.7
2019-01-18,79.17,80.36,79.03,80.03,2094206,92.36
2019-01-22,79.88,80.8,79.29,79.76,2192923,92.05
2019-01-23,80.34,81.05,79.7,80.39,1699226,92.78
2019-01-24,80.4,80.78,80.1,80.5,2184666,92.91
2019-01-25,81.13,81.31,80.19,80.33,1713964,92.71
2019-01-28,80.34,80.45,79.42,80.23,1190312,92.59
2019-01-29,81.23,81.25,79.82,80.3,1435011,92.67
2019-01-30,80.62,81.42,80.31,80.97,1661288,93.45
2019-01-31,80.8,81.71,80.15,81.43,3253914,93.98
2019-02-01,81.87,82.71,81.29,81.56,1646182,94.13
2019-02-04,81.61,82.17,81.54,82.01,1869951,94.65
2019-02-05,81.96,82.45,81.59,81.83,2148524,94.44
2019-02-06,81.93,82.01,81.33,81.96,2014750,94.59
2019-02-07,77.55,82.11,76.7,81.98,2820549,94.61
2019-02-08,81.45,82.03,80.57,81.87,2138891,94.49
2019-02-11,81.83,82.36,80.7,80.81,2800991,93.26
2019-02-12,81.36,81.52,80.64,81.49,2405948,94.05
2019-02-13,82,82.01,80.78,81.23,1862132,93.33
2019-02-14,80.88,82.01,80.09,81.68,1708241,93.85
2019-02-15,82.47,82.69,81.68,81.92,3680151,94.12
2019-02-19,82.03,82.5,81.9,82.27,2209435,94.52
2019-02-20,82.4,82.86,82.13,82.44,2765981,94.72
2019-02-21,82.28,82.75,81.93,82.58,1483165,94.88
2019-02-22,82.69,83.03,82.24,83.02,2033919,95.39
2019-02-25,83.29,83.29,81.1,81.38,2426312,93.5
2019-02-26,81.27,81.8,80.94,81.26,1878020,93.36
2019-02-27,81.08,81.34,80.51,81.04,1451060,93.11
2019-02-28,81.41,82.52,80.9,82.25,2821196,94.5
2019-03-01,82.69,83.15,82.64,83.01,1812957,95.37
2019-03-04,83.38,83.38,82.48,82.81,2671655,95.14
2019-03-05,82.95,83.51,82.54,83.49,1956075,95.93
2019-03-06,83.62,84.38,83.56,84.08,2186838,96.6
2019-03-07,83.95,84.04,83.46,84.03,2272833,96.54
2019-03-08,83.47,84.16,83.22,84.14,2099246,96.67
2019-03-11,84.29,85.14,84.2,85.11,1619950,97.79
2019-03-12,85.33,85.37,84.61,85.28,2226886,97.98
2019-03-13,85.57,86.13,85.44,85.85,2217833,98.64
2019-03-14,85.56,86.16,85.34,86.15,1548429,98.98
2019-03-15,86.24,87.85,85.93,87.82,5232539,100.9
2019-03-18,87.69,88.25,86.96,87.25,1814058,100.24
2019-03-19,86.78,87.05,85.85,86.38,2465776,99.24
2019-03-20,85.64,86.16,85.26,85.79,3800726,98.57
2019-03-21,85.57,86.41,85.46,86.33,1148405,99.19
2019-03-22,86.31,86.78,85.94,86.14,1176307,98.97
2019-03-25,86.36,86.61,85.97,86.14,1380346,98.97
2019-03-26,86.3,86.3,85.48,85.95,1499316,98.75
2019-03-27,85.78,86.52,85.78,86.15,1777993,98.98
2019-03-28,86.18,86.48,85.78,86.29,1706708,99.14
2019-03-29,86.78,87.12,86.32,86.87,2797933,99.81
2019-04-01,87.24,87.7,86.88,87.54,1304529,100.58
2019-04-02,87.65,87.65,86.59,87.19,1054276,100.18
2019-04-03,87.46,87.64,86.92,87.51,1218387,100.54
2019-04-04,87.6,87.71,86.98,87.43,959167,100.45
2019-04-05,87.32,87.54,86.91,87,1793822,99.96
2019-04-08,86.73,86.95,86.17,86.68,1588848,99.59
2019-04-09,86.29,86.62,86.16,86.58,1073959,99.48
2019-04-10,86.98,87.44,86.61,87.07,1369926,100.04
2019-04-11,86.87,87.74,86.8,87.71,1322867,100.77
2019-04-12,87.91,88.43,87.82,88.26,1322405,101.4
2019-04-15,88.24,88.92,88.1,88.46,1434985,101.64
2019-04-16,88.78,88.85,88.02,88.46,983546,101.63
2019-04-17,88.67,88.88,88.19,88.34,1007890,101.5
2019-04-18,88.52,90.02,88.44,89.93,1503847,103.32
2019-04-22,89.52,89.96,89.41,89.8,1043063,103.18
2019-04-23,89.74,90.68,89.41,89.58,1597188,102.92
2019-04-24,89.87,90.55,89.74,89.94,1514595,103.34
2019-04-25,89.73,90.25,89.22,90.04,1221667,103.45
2019-04-26,90.41,90.9,90.06,90.6,1561597,104.09
2019-04-29,90.65,90.65,89.82,90.34,1689556,103.8
2019-04-30,90.42,90.93,90.04,90.86,2441034,104.39
2019-05-01,89.43,89.43,87.63,88.73,2355403,101.94
2019-05-02,88.4,89.3,88.11,88.55,1964384,101.74
2019-05-03,88.85,90.07,88.81,89.4,1897912,102.72
2019-05-06,88.49,89.31,88.39,89.13,1176411,102.41
2019-05-07,88.49,89.02,87.5,88.32,1919036,101.47
2019-05-08,88.06,88.21,87.45,87.46,2326325,100.49
2019-05-09,87.01,87.74,86.53,87.68,1416872,100.74
2019-05-10,87.45,88.64,87.24,88.28,1727064,101.43
2019-05-13,87.37,87.72,86.53,87.39,1468513,100.41
2019-05-14,87.41,88.22,87.39,87.63,1520620,100.68
2019-05-15,87.62,88.17,87.42,87.72,1250040,100.36
2019-05-16,88.29,88.84,87.86,88.16,2162230,100.87
2019-05-17,87.72,88.69,87.53,88.54,1614813,101.3
2019-05-20,88.38,88.59,87.93,88,1575257,100.69
2019-05-21,88.45,89.28,88.3,88.96,2493880,101.78
2019-05-22,88.92,89.09,88.52,88.68,1348714,101.46
2019-05-23,88.52,88.78,87.95,88.62,1257281,101.39
2019-05-24,88.98,89.25,88.21,88.27,1124686,100.99
2019-05-28,88.43,88.98,86.89,87.23,5668706,99.8
2019-05-29,86.89,87.17,86.48,87.1,1119164,99.65
2019-05-30,87.3,88.84,87.3,88.76,1626931,101.55
2019-05-31,88.18,89.54,88.05,89.46,3095221,102.35
2019-06-03,89.36,91.21,89,90.99,2334744,104.11
2019-06-04,91.77,93.58,91.5,93.49,2727945,106.97
2019-06-05,93.71,94.04,92.99,93.77,1538622,107.29
2019-06-06,93.97,94.92,93.93,94.76,1814479,108.42
2019-06-07,95.08,95.82,94.88,95.33,1457385,109.07
2019-06-10,95.39,95.78,94.34,94.96,1245798,108.65
2019-06-11,95.36,95.52,93.74,94.02,1986584,107.57
2019-06-12,94.43,95.7,94.39,95.22,1871534,108.94
2019-06-13,95.31,95.66,94.88,95.25,1318918,108.98
2019-06-14,95.42,96.25,95.36,95.96,1235473,109.79
2019-06-17,96.14,96.35,95.3,95.41,970987,109.16
2019-06-18,96.03,96.07,94.87,95.01,1192142,108.71
2019-06-19,95.22,95.92,94.63,95.66,1089970,109.45
2019-06-20,95.97,96.74,95.91,96.68,1320166,110.62
2019-06-21,96.74,97.07,96.21,96.38,2562940,110.27
2019-06-24,96.67,96.76,96.16,96.72,1115973,110.66
2019-06-25,96.72,97.27,96.05,96.41,1726413,110.31
2019-06-26,96.47,96.57,95.71,96.25,1717893,110.12
2019-06-27,96.35,96.74,96,96.63,1951783,110.56
2019-06-28,96.73,96.83,95.48,96.73,5140787,110.67
2019-07-01,96.54,96.66,95.02,95.7,1980938,109.49
2019-07-02,95.85,97.01,95.62,96.93,1757369,110.9
2019-07-03,97.02,97.3,96.55,97,1144480,110.98
2019-07-05,96.75,96.88,95.95,96.35,1400534,110.24
2019-07-08,96.4,96.55,95.87,96.19,1554273,110.05
2019-07-09,95.99,96.72,95.99,96.57,1327246,110.49
2019-07-10,96.74,97.03,96.23,97,1228361,110.98
2019-07-11,97.11,97.46,96.65,97.45,1002648,111.5
2019-07-12,97.38,97.73,96.6,97.06,1755193,111.05
2019-07-15,97.27,98,97.2,97.83,1392888,111.93
2019-07-16,97.72,98.02,97.17,97.49,1052129,111.54
2019-07-17,97.48,97.98,97.34,97.69,1015482,111.77
2019-07-18,98.09,99.09,97.89,98.82,1287818,113.06
2019-07-19,99.17,99.28,98.31,98.35,1613202,112.53
2019-07-22,98.43,99.28,98.24,99.01,1755298,113.28
2019-07-23,99.16,99.22,97.98,98.69,1136335,112.92
2019-07-24,98.7,99.21,98.04,98.47,994254,112.66
2019-07-25,98.37,98.72,98.08,98.67,1017265,112.89
2019-07-26,99.44,99.96,99.11,99.66,990972,114.02
2019-07-29,99.35,99.78,98.8,99.73,971816,114.1
2019-07-30,99.52,99.63,98.51,98.97,1255432,113.24
2019-07-31,99.2,99.2,97.78,98.34,1910483,112.52
2019-08-01,101.52,104.64,101.16,102.21,3644688,116.94
2019-08-02,102.01,102.84,101.25,102.57,1932094,117.35
2019-08-05,102.26,102.26,99.41,100.57,2188207,115.07
2019-08-06,100.84,101.85,99.32,101.43,1827115,116.05
2019-08-07,101.1,101.69,100.23,101.61,2272799,116.26
2019-08-08,101.97,103.73,101.97,102.54,2841124,117.32
2019-08-09,102.7,104.11,102.43,104.03,1915051,119.02
2019-08-12,103.65,103.81,101.03,101.81,1141771,116.49
2019-08-13,101.81,102.37,100.81,102.37,1877204,117.13
2019-08-14,101.99,102.2,100.96,100.99,1662551,115.55
2019-08-15,101.1,101.92,100.82,101.74,1626032,116.4
2019-08-16,102.15,102.34,100.97,101.42,1657146,115.62
2019-08-19,102.23,102.45,101.17,102.16,1306069,116.46
2019-08-20,102.24,103.25,101.83,102.25,1175058,116.57
2019-08-21,102.66,103.12,101.93,102.83,1171522,117.23
2019-08-22,103.11,103.5,102.28,102.9,972877,117.31
2019-08-23,102.61,102.95,100.8,101.15,2152770,115.31
2019-08-26,101.92,102.88,101.73,102.83,1294581,117.23
2019-08-27,103.12,103.66,102.34,102.6,1697511,116.97
2019-08-28,102.7,102.98,102.14,102.59,997483,116.96
2019-08-29,103.13,103.26,102.08,102.9,1228150,117.31
2019-08-30,103.29,103.42,102.05,102.44,1456125,116.78
2019-09-03,102.45,103.06,102,102.38,1527138,116.71
2019-09-04,103.18,103.41,101.83,103.41,1508482,117.89
2019-09-05,104.02,104.47,103.42,103.65,1582788,118.16
2019-09-06,103.5,104.76,103.29,104.57,1797815,119.21
2019-09-09,104.9,104.9,102.82,103.34,2242992,117.81
2019-09-10,102.73,102.78,99.89,101.11,2128573,115.27
2019-09-11,100.81,101.67,99.26,99.82,2213353,113.8
2019-09-12,100.82,101.71,99.24,99.36,2267176,113.27
2019-09-13,99.27,99.89,97.1,97.68,2678192,111.36
2019-09-16,96.91,98.01,96.65,96.96,1908272,110.54
2019-09-17,97.38,99.03,97.26,98.95,2509532,112.8
2019-09-18,99.45,100.53,99.24,100.51,2270984,114.58
2019-09-19,100.14,100.64,99.86,100.09,1115139,114.1
2019-09-20,100.3,100.76,98.48,98.51,3828063,112.3
2019-09-23,98.24,100.45,97.81,99.64,1826673,113.59
2019-09-24,100.32,100.45,98.18,98.45,3827981,112.24
2019-09-25,98.38,98.48,97.38,97.81,2886893,111.51
2019-09-26,98.24,99.84,98.24,98.95,1692955,112.81
2019-09-27,99.39,99.52,98.42,99.11,1060997,112.99
2019-09-30,99.24,99.83,98.88,99.5,1552072,113.43
2019-10-01,99.47,99.49,98.53,99.02,1184413,112.89
2019-10-02,98.47,98.86,97.75,98.83,1657649,112.67
2019-10-03,98.83,100.1,98.45,99.72,1592893,113.68
2019-10-04,99.84,100.83,99.74,100.58,1572250,114.66
2019-10-07,100.39,100.52,99.7,99.73,1202855,113.69
2019-10-08,99.32,99.49,98.09,98.76,1630563,112.59
2019-10-09,99.21,99.88,98.98,99.41,1135735,113.33
2019-10-10,99.12,100.54,99.06,100.29,962087,114.33
2019-10-11,100.7,101.02,100.02,100.39,2232451,114.45
2019-10-14,100.01,100.66,98.87,98.96,1162653,112.82
2019-10-15,99.45,99.58,96.97,97.63,1925393,111.3
2019-10-16,97.31,97.99,96.93,97.79,1434911,111.48
2019-10-17,97.97,98.53,96.71,96.81,1459045,110.37
2019-10-18,96.39,98.77,96.12,98.51,2214194,112.3
2019-10-21,99.01,99.31,97.64,98.52,1464603,112.31
2019-10-22,98.51,98.51,96.55,96.58,2034160,110.1
2019-10-23,96.6,97.12,94.81,95.85,2125468,109.27
2019-10-24,96.16,96.3,95.38,95.57,1976634,108.95
2019-10-25,95.46,96.23,95.26,95.7,1105494,109.1
2019-10-28,96.22,97.11,96.06,96.06,2440993,109.51
2019-10-29,96.31,96.96,96.04,96.24,2190309,109.72
2019-10-30,89.81,90.88,85.74,90.65,9418688,103.34
2019-10-31,90.38,90.65,87.87,89.22,4592779,101.71
2019-11-01,89.41,89.67,87,87.41,3317217,99.65
2019-11-04,87.28,88.09,86.13,86.36,3344957,98.45
2019-11-05,86.49,86.58,85.03,85.9,2704218,97.93
2019-11-06,86.1,88.33,85.44,87.8,4521773,100.09
2019-11-07,87.81,88.05,86.51,87.42,2866310,99.66
2019-11-08,87.3,87.88,86.45,86.75,2639359,98.9
2019-11-11,86.72,87.35,86.56,86.69,2799867,98.83
2019-11-12,87.04,87.64,85.6,86.26,2546250,98.34
2019-11-13,86.59,87.22,86.1,86.3,2183759,98.38
2019-11-14,86.18,86.64,85.58,86.06,2500344,98.11
2019-11-15,86.52,86.72,85.83,86.21,2931527,98.28
2019-11-18,86.53,86.87,85.88,86.21,2710233,98.28
2019-11-19,86.25,86.43,85.56,86.03,2746257,98.08
2019-11-20,86.33,87.23,86.06,86.44,2527988,98.12
2019-11-21,86.77,87.35,86.2,86.25,2653479,97.9
2019-11-22,86.64,86.99,85.76,86,1695139,97.62
2019-11-25,85.87,86.53,85.87,86.34,2521398,98.01
2019-11-26,86.39,87.89,86.32,87.88,6192944,99.75
2019-11-27,87.9,89.03,87.72,88.66,2602203,100.64
2019-11-29,88.86,89.14,88.22,88.69,1179901,100.67
2019-12-02,88.72,88.93,88.05,88.59,1634113,100.56
2019-12-03,88.48,88.86,87.37,87.61,2295341,99.45
2019-12-04,87.43,87.8,87.03,87.39,1916355,99.2
2019-12-05,87.43,87.62,86.58,86.79,2406703,98.52
2019-12-06,87.4,87.73,86.86,87.01,2157890,98.77
2019-12-09,86.93,87.46,86.8,87.2,2198446,98.98
2019-12-10,87.29,87.58,86.92,87.43,2026910,99.24
2019-12-11,87.83,88.02,87.2,87.6,1969080,99.44
2019-12-12,87.61,88.35,87.24,87.95,1668548,99.83
2019-12-13,87.68,88.24,87.13,88.19,1305392,100.11
2019-12-16,88.47,89.21,88.15,88.88,1727486,100.89
2019-12-17,87.5,88.64,86.92,87.76,2669970,99.62
2019-12-18,87.64,87.85,86.36,86.99,2972353,98.74
2019-12-19,86.85,88.19,86.74,87.94,2249686,99.82
2019-12-20,88.45,89.01,88,88.62,3145365,100.59
2019-12-23,88.86,88.88,87.9,87.93,1432563,99.81
2019-12-24,87.87,88.5,87.68,88.39,999108,100.33
2019-12-26,88.63,89.7,88.41,89.67,1315495,101.79
2019-12-27,89.72,90.03,89.51,89.77,1300312,101.9
2019-12-30,89.54,89.54,88.49,88.66,1374860,100.64
2019-12-31,88.69,89.12,88.3,88.74,1513184,100.73
2020-01-02,88.89,90.02,88.81,90.01,1610303,102.17
2020-01-03,89.35,89.87,88.41,89.73,1351318,101.85
2020-01-06,89.36,89.68,89.03,89.67,1684976,101.79
2020-01-07,89.64,90.07,89.45,89.83,1610266,101.97
2020-01-08,88.51,90.72,88.39,89.99,1800121,102.15
2020-01-09,90.36,91.64,90.21,90.7,2053091,102.96
2020-01-10,90.5,90.64,89.45,89.58,1661650,101.69
2020-01-13,89.68,89.91,88.34,88.39,1776902,100.34
2020-01-14,88.26,88.95,88.02,88.73,2357975,100.72
2020-01-15,88.85,89.67,88.76,89.19,1852586,101.24
2020-01-16,89.46,90.13,89.27,90,1427920,102.16
2020-01-17,90.95,93.04,90.89,92.85,4092955,105.4
2020-01-21,92.16,93.06,92.07,93.03,4153901,105.6
2020-01-22,93.39,94.26,93.31,93.81,2306223,106.49
2020-01-23,93.21,93.45,92.61,93.36,2431497,105.98
2020-01-24,93.3,93.56,91.72,92.48,2938709,104.98
2020-01-27,91.28,92.3,90.41,91.96,2128933,104.39
2020-01-28,92.27,92.58,91.9,92.34,2006342,104.82
2020-01-29,92.41,94.09,92.25,93.94,1576170,106.63
2020-01-30,92.91,93.95,92.3,93.91,1683729,106.6
2020-01-31,93.89,94.1,92.81,93.18,2567689,105.77
2020-02-03,93.21,94.13,92.72,93.74,1908717,106.41
2020-02-04,94.06,94.12,93.26,94.01,1825104,106.71
2020-02-05,94.68,94.81,93.14,94.07,2044424,106.78
2020-02-06,89.95,91.7,89.07,91.39,3791406,103.74
2020-02-07,89.65,90.4,88.76,89.89,2620085,102.04
2020-02-10,90.13,90.93,89.9,90.62,2034315,102.87
2020-02-11,90.85,91.89,90.6,91.66,2710579,104.05
2020-02-12,92.11,93.02,91.44,92.8,1998465,105.34
2020-02-13,92.6,93.5,92.35,92.94,1287081,105.03
2020-02-14,92.92,93.55,92.59,93.16,1468372,105.28
2020-02-18,93.07,93.08,91.66,92.06,2502572,104.03
2020-02-19,92.43,93.43,92.22,93.08,2534543,105.19
2020-02-20,92.8,93.07,90.4,91.91,1356488,103.87
2020-02-21,91.63,91.93,91.11,91.6,1298826,103.51
2020-02-24,90.14,90.83,88.6,88.71,1791016,100.25
2020-02-25,89.14,89.68,86.3,86.68,2723647,97.95
2020-02-26,86.99,87.97,86.25,86.28,4282662,97.5
2020-02-27,84.76,85.56,81.99,82,4518508,92.67
2020-02-28,80.09,81.17,77.48,78.98,4901777,89.25
2020-03-02,78.98,81.9,78.94,81.88,2713660,92.53
2020-03-03,81.88,83.78,79.64,80.8,2720063,91.31
2020-03-04,81.87,83.97,80.49,83.74,2692527,94.63
2020-03-05,81.84,82.15,79.58,80.46,2481000,90.92
2020-03-06,78.03,79.54,77.01,79.11,2939083,89.4
2020-03-09,74.61,77.24,73.45,74.07,4096554,83.7
2020-03-10,76.17,77,73.8,76.79,3696995,86.78
2020-03-11,74.33,74.42,70.23,71.65,3160332,80.97
2020-03-12,66.88,72.86,66.02,69.42,5660484,78.45
2020-03-13,72.37,72.78,67.13,69.43,4250040,78.46
2020-03-16,62.78,63.7,59.36,61.79,5418072,69.83
2020-03-17,63.09,63.62,53.93,57.95,6528237,65.49
2020-03-18,54.84,55.51,51.26,53.7,6177569,60.69
2020-03-19,52.63,59.01,50.58,55.39,4929323,62.6
2020-03-20,56.63,57.47,51.07,51.4,5014284,58.08
2020-03-23,50.67,51.51,48.63,50.01,4807934,56.52
2020-03-24,54.82,62.09,54.49,61.64,5819229,69.66
2020-03-25,62.31,67.63,58.11,64.48,5672866,72.87
2020-03-26,65.61,67.42,63.53,67.03,5550691,75.75
2020-03-27,63.72,64.27,60.22,60.64,4303033,68.53
2020-03-30,60.18,63.71,60.17,62.54,4702882,70.67
2020-03-31,62.06,63.65,60.24,60.64,4218492,68.53
2020-04-01,57.78,60.33,56.85,59.86,3573200,67.65
2020-04-02,59.56,61.01,57.12,58.45,3676213,66.05
2020-04-03,58.15,58.48,55.01,56.01,2910991,63.3
2020-04-06,58.89,62.99,58.82,62.39,3960690,70.5
2020-04-07,65.47,66.81,61.94,63.14,4257390,71.35
2020-04-08,63.91,66.95,62.7,66.69,3953453,75.37
2020-04-09,68.66,72.65,68.14,71.12,4688280,80.37
2020-04-13,70.6,70.91,66.52,68.19,2151034,77.06
2020-04-14,69.29,71.15,68.48,70.69,2822920,79.89
2020-04-15,68.52,69.45,67.68,68.7,2204654,77.64
2020-04-16,68.23,70.96,67.87,70.89,2567900,80.11
2020-04-17,73.57,75.19,72.64,74.48,3604008,84.17
2020-04-20,73.28,74.45,72.21,72.62,2126194,82.07
2020-04-21,70.79,72.36,70.7,71.85,2952758,81.2
2020-04-22,73.44,77.4,73.18,76.8,3195811,86.79
2020-04-23,76.7,77.28,74.82,75.76,2299712,85.61
2020-04-24,75.91,76.46,74.54,76,2382929,85.89
2020-04-27,77.07,78.5,76.97,78.04,2055322,88.19
2020-04-28,79.75,80.06,77.17,78.11,2832710,88.27
2020-04-29,80.08,80.11,76.32,77.39,3440474,87.46
2020-04-30,76.29,78.56,75.8,76.48,2558843,86.43
2020-05-01,74.68,75.13,73.23,74.16,2271201,83.81
2020-05-04,72.97,74.03,71.82,73.53,1999981,83.09
2020-05-05,74.69,75.11,73.16,73.69,2099173,83.28
2020-05-06,74.15,74.65,73.34,73.6,1543039,83.17
2020-05-07,74.77,75.64,74.37,74.86,2225962,84.6
2020-05-08,76.14,76.61,75.21,76.26,2068503,86.18
2020-05-11,75.77,77.2,75.5,76.43,1988002,86.37
2020-05-12,77.07,77.54,74.32,74.33,2145812,84
2020-05-13,73.79,74.14,70.15,71.18,3013990,80.44
2020-05-14,70.12,73.88,68.65,73.68,3054385,83.26
2020-05-15,73.08,75.49,72.65,75.13,5536129,84.9
2020-05-18,77.66,78.26,76.08,76.77,2775201,86.76
2020-05-19,76.32,78.03,75.62,76.86,2197906,86.86
2020-05-20,78.27,78.27,77.11,77.95,2784779,88.09
2020-05-21,77.92,78.11,76.71,77.88,2527796,88.01
2020-05-22,78.24,78.29,76.18,77.21,2405847,87.25
2020-05-26,79.46,80.47,77.77,77.92,3936148,88.05
2020-05-27,79.28,80.21,78.54,79.85,4782503,90.24
2020-05-28,80.6,81.22,78.48,80.81,4930453,90.85
2020-05-29,80.31,80.88,78.73,79.82,22906768,89.73
2020-06-01,80.06,81.26,79.54,80.52,2149231,90.52
2020-06-02,81.12,82.28,80.77,82.02,2734845,92.21
2020-06-03,82.95,85.27,82.66,84.11,2858072,94.56
2020-06-04,83.98,85.08,83.43,84.5,2776166,94.99
2020-06-05,87.13,87.42,84.97,85.86,4207000,96.52
2020-06-08,85.84,86.16,84.96,85.39,3158053,95.99
2020-06-09,84.51,85.71,83.54,85,2439052,95.56
2020-06-10,84.89,85.15,83.09,83.7,2674572,94.09
2020-06-11,81.85,82.66,79.92,80.65,2857181,90.67
2020-06-12,82.59,82.72,79.76,81.2,1970405,91.28
2020-06-15,79.59,81.75,78.74,81.34,1811008,91.44
2020-06-16,83.91,83.91,80.86,81.71,2003369,91.86
2020-06-17,82.17,82.26,80.83,81.18,1563337,91.26
2020-06-18,80.71,80.96,79.73,80.17,1595271,90.13
2020-06-19,81.37,81.77,78.19,78.51,5515572,88.26
2020-06-22,78.28,78.71,77.59,78.12,2434317,87.82
2020-06-23,79.13,79.43,78.03,78.21,2479326,87.92
2020-06-24,77.78,77.87,75.57,77,3196821,86.56
2020-06-25,76.78,77.1,75.48,76.5,1765578,86
2020-06-26,76.32,76.92,74.87,75.42,5831526,84.79
2020-06-29,75.63,77.55,75.01,77.37,1452241,86.98
2020-06-30,76.42,77.75,76.09,77.31,2394024,86.91
2020-07-01,77.54,77.99,76.12,76.9,2146313,86.45
2020-07-02,78.05,78.83,76.82,77,1946800,86.56
2020-07-06,78.02,78.95,76.84,78.73,1382566,88.51
2020-07-07,78.27,78.45,77.1,77.26,1636083,86.86
2020-07-08,77.33,77.8,76.55,76.99,1736234,86.55
2020-07-09,77.05,77.61,76.22,76.84,1944483,86.38
2020-07-10,76.68,77.78,76.23,77.6,1141887,87.24
2020-07-13,77.99,79.69,77.43,77.77,2596591,87.43
2020-07-14,77.49,78.67,77.21,78.44,1626810,88.18
2020-07-15,79.66,80.67,78.89,80.37,2434323,90.35
2020-07-16,79.97,80.41,79.53,79.78,2457757,89.69
2020-07-17,80.1,80.95,79.55,80.57,1459915,90.57
2020-07-20,80.37,81.14,79.76,80.87,1475075,90.91
2020-07-21,81.53,81.93,80.85,80.98,1589464,91.04
2020-07-22,80.7,83.8,80.65,83.28,2720959,93.62
2020-07-23,82.99,83.79,82.16,82.61,1675723,92.87
2020-07-24,82.74,83.14,82.02,82.85,1158029,93.14
2020-07-27,82.74,83.76,82.34,83.06,2674544,93.37
2020-07-28,83.31,83.6,82.12,82.5,2356133,92.75
2020-07-29,82.5,84.9,82.43,84.35,2948368,94.83
2020-07-30,82.99,83.79,80.57,81.52,4034752,91.64
2020-07-31,81.46,81.71,80.2,80.99,2166142,91.05
2020-08-03,81.17,82.26,80.77,80.88,1893711,90.92
2020-08-04,80.52,82.2,80.4,81.68,1444693,91.82
2020-08-05,82.14,82.31,80.76,80.95,1413032,91
2020-08-06,80.42,81.37,80.2,80.94,1291772,90.99
2020-08-07,80.54,81.23,80.09,80.79,1387997,90.82
2020-08-10,80.9,81.62,80.86,81.25,1231897,91.34
2020-08-11,81.92,83.53,81.9,82.46,1572651,92.7
2020-08-12,82.99,83.43,82.31,82.87,1347137,93.16
2020-08-13,82.69,83.37,82.34,82.52,1315834,92.77
2020-08-14,82.44,82.87,81.85,82.42,916736,92.65
2020-08-17,82.59,83.71,82.33,83.26,1557060,93.6
2020-08-18,83.94,84.42,83.26,84.42,1673327,94.9
2020-08-19,84.63,84.9,83.2,83.55,1441321,93.93
2020-08-20,82.79,84.96,82.73,84.83,1467311,95.37
2020-08-21,84.88,85.68,84.79,85.48,1686104,96.1
2020-08-24,85.75,86.26,84.66,85.89,1619142,96.56
2020-08-25,86.45,86.56,85.71,86.24,1343841,96.48
2020-08-26,85.92,85.92,84.75,85.21,1663119,95.33
2020-08-27,86.15,86.41,85.34,85.34,1892288,95.47
2020-08-28,85.84,87.24,85.42,87.11,1728989,97.45
2020-08-31,86.87,86.99,85.56,85.68,1785670,95.85
2020-09-01,85.45,85.96,84.86,85.95,1841981,96.15
2020-09-02,85.91,88.18,85.72,87.58,2193570,97.98
2020-09-03,87.98,88.09,85.26,86.11,1785326,96.33
2020-09-04,86.62,86.93,84.29,85.12,2371194,95.22
2020-09-08,84.92,85.93,83.54,83.74,2859676,93.68
2020-09-09,84.12,84.77,83.4,83.48,1407671,93.39
2020-09-10,83.47,84.53,82.34,82.55,1766204,92.35
2020-09-11,82.81,83.52,81.79,82.48,1369189,92.27
2020-09-14,83.27,84.19,82.72,83.02,1632184,92.87
2020-09-15,83.31,84.31,83.22,83.6,1284851,93.52
2020-09-16,83.89,85.32,83.69,84.75,1836783,94.81
2020-09-17,83.52,84.59,83.1,83.77,1396703,93.71
2020-09-18,82.97,84.36,82.29,82.34,3714118,92.11
2020-09-21,80.81,81.43,78.73,79.86,1889575,89.34
2020-09-22,79.89,81.18,79.42,80.98,1452912,90.59
2020-09-23,81.14,81.71,80.09,80.24,1925476,89.77
2020-09-24,80.16,81.77,79.66,81.67,1860294,91.37
2020-09-25,81.38,82,80.21,81.68,1273306,91.38
2020-09-28,82.13,82.64,81.69,82.13,1861858,91.88
2020-09-29,81.86,82.13,80.66,81.08,1714857,90.71
2020-09-30,81.45,82.71,81.13,81.61,2200580,91.3
2020-10-01,82.37,82.69,81.53,82.08,1500130,91.82
2020-10-02,81,85.2,80.74,85.07,2343709,95.17
2020-10-05,85.53,85.62,83.44,84.11,1556875,94.09
2020-10-06,84.53,84.77,82.08,82.17,1447947,91.92
2020-10-07,82.95,84.45,82.87,83.92,1702180,93.88
2020-10-08,84.2,85.3,83.93,85.29,1444555,95.41
2020-10-09,85.48,85.88,84.76,85.36,1285121,95.49
2020-10-12,85.37,86.02,84.78,85.8,1079978,95.98
2020-10-13,85.29,86.16,85.25,85.82,969756,96.01
2020-10-14,86.02,87.02,85.7,86.28,1404361,96.52
2020-10-15,85.75,89.17,85.47,88.93,2623746,99.49
2020-10-16,89.09,90.06,87.97,88.07,2431261,98.53
2020-10-19,87.95,89.2,86.73,86.93,1254161,97.25
2020-10-20,87.48,88.03,86.71,86.96,1215410,97.28
2020-10-21,86.97,88.83,86.83,88.56,1178943,99.07
2020-10-22,89.08,89.34,87.78,89.25,1689953,99.85
2020-10-23,89.68,90.74,88.59,90.53,1165266,101.28
2020-10-26,89.44,89.87,87.17,88.67,1420710,99.2
2020-10-27,88.33,88.65,87.44,87.59,1144284,97.99
2020-10-28,85.88,86.89,84.82,84.97,1761461,95.06
2020-10-29,87.12,87.13,82.43,84.87,2137328,94.94
2020-10-30,84.35,85.11,82.55,83.43,2387539,93.33
2020-11-02,84.4,85.75,83.78,85.14,2058952,95.25
2020-11-03,86.19,87.33,85.63,86.5,1557262,96.77
2020-11-04,86.98,89.36,86.4,88.12,2201237,98.58
2020-11-05,88.87,90.49,88.47,90.01,2958524,100.7
2020-11-06,89.9,90.51,88.61,88.83,1958819,99.38
2020-11-09,92.96,95.05,91.09,91.16,2199577,101.98
2020-11-10,91.86,92.98,91.18,92.06,1716376,102.99
2020-11-11,92.26,92.54,90.78,91.02,1413257,101.82
2020-11-12,90.77,91.41,89.16,89.76,1453433,100.42
2020-11-13,90.4,92.09,90.17,91.95,1668576,102.87
2020-11-16,92.7,94.65,92.5,93.64,1798394,104.76
2020-11-17,92.5,93.24,92.08,93,1174550,104.04
2020-11-18,93.34,93.88,92.76,93.12,1455462,104.17
2020-11-19,93.11,94.22,92.8,94.1,1213274,105.27
2020-11-20,94,94.27,93.57,93.85,1704316,104.99
2020-11-23,94.39,94.61,93.4,93.86,1614811,105
2020-11-24,94.89,96.35,94.5,96.25,1610456,107.19
2020-11-25,95.99,96.32,95.1,95.73,1474877,106.61
2020-11-27,96.08,96.7,95.89,96.24,865617,107.18
2020-11-30,95.36,95.62,94.29,95,3613860,105.8
2020-12-01,95.93,96.07,94.75,95.48,2179910,106.34
2020-12-02,94.91,95.15,94.1,94.26,1426670,104.98
2020-12-03,93.98,94.49,93.67,93.85,1503869,104.52
2020-12-04,94.36,95.31,94.07,95.05,1014936,105.86
2020-12-07,94.76,94.9,93.98,94.5,1839048,105.24
2020-12-08,93.92,94.85,93.81,94.41,1595552,105.15
2020-12-09,94.82,95.99,94.37,95.69,1630181,106.57
2020-12-10,95.32,96.15,95.09,95.59,1495473,106.46
2020-12-11,95.07,95.63,94.59,95.17,1706313,105.99
2020-12-14,95.98,95.98,94.58,94.73,2238968,105.5
2020-12-15,95.52,96.66,95.15,96.42,2544995,107.38
2020-12-16,96.53,97.55,96.23,96.45,2999786,107.42
2020-12-17,97.63,97.76,96.84,97.68,2993500,108.79
2020-12-18,97.71,98.92,97.69,98.57,6191941,109.78
2020-12-21,97.08,98.28,95.78,97.54,1425032,108.63
2020-12-22,97.03,97.26,96.09,96.43,1365033,107.4
2020-12-23,96.22,96.91,95.89,95.89,1015419,106.79
2020-12-24,96.27,96.7,96.02,96.56,378929,107.54
2020-12-28,97.41,98.63,96.42,98.57,1933342,109.78
2020-12-29,98.44,99.27,98.23,98.28,1953710,109.45
2020-12-30,98.19,99.36,98.17,98.33,1366863,109.51
2020-12-31,97.64,98.03,96.42,97.48,1867803,108.56
2021-01-04,97.89,97.89,94.15,95.02,2270404,105.82
2021-01-05,94.85,95.49,94.46,95.03,1723696,105.83
2021-01-06,94.85,95.81,94.63,95.55,1531195,106.41
2021-01-07,95.63,96.07,94.53,94.82,2625199,105.6
2021-01-08,95.01,96.48,94.84,96.21,1499029,107.15
2021-01-11,95.9,97.01,95.7,96.68,1619335,107.67
2021-01-12,96.52,97.38,95.6,96.68,1338871,107.67
2021-01-13,96.35,96.73,95.43,96.21,1783504,107.15
2021-01-14,96.78,98.46,96.35,96.78,1611787,107.78
2021-01-15,96.54,96.54,95.18,95.73,1249199,106.62
2021-01-19,96.04,96.97,95.85,96.43,2109119,107.39
2021-01-20,96.69,98.44,96.45,98.24,1696130,109.41
2021-01-21,98.32,98.32,96.86,96.87,1414300,107.88
2021-01-22,96.43,96.62,95.24,96.16,1136682,107.09
2021-01-25,95.44,95.52,93.62,94.51,1653439,105.26
2021-01-26,94.86,96.28,93.32,95.48,2023493,106.34
2021-01-27,94.87,94.87,91.4,91.6,2086557,102.02
2021-01-28,91.81,93.56,91.66,92.06,2001948,102.53
2021-01-29,91.67,92.7,90.85,91.13,2102471,101.49
2021-02-01,91.8,93.12,91.26,92.54,1996037,103.06
2021-02-02,93.66,96,93.06,95.45,2243626,106.3
2021-02-03,94.99,95.31,94.04,94.04,1796033,104.73
2021-02-04,94.67,95.07,92.35,92.48,3130318,102.99
2021-02-05,92.8,95.08,92.8,94.59,2512775,105.34
2021-02-08,94.12,94.38,92.29,92.81,2155368,103.36
2021-02-09,92.85,93.35,91.81,92.59,1891523,103.12
2021-02-10,93.18,94.59,92.47,94.12,2161282,104.82
2021-02-11,94.51,95.62,94.06,95.16,2146605,105.48
2021-02-12,95.14,95.54,94.31,95.16,1316152,105.47
2021-02-16,95.34,95.8,94.7,95.27,2071119,105.6
2021-02-17,94.5,95.12,93.78,94.14,2781204,104.34
2021-02-18,93.77,95.53,93.77,95.07,1603286,105.37
2021-02-19,95.21,95.69,94.67,94.85,1983361,105.13
2021-02-22,94.21,95.22,93.61,94.74,2473664,105.01
2021-02-23,95.27,96.29,93.78,94.42,2010108,104.65
2021-02-24,94.34,94.79,93.57,94.44,1907774,104.68
2021-02-25,94.42,94.75,93.72,94.46,1959920,104.7
2021-02-26,94.93,94.98,93.12,93.41,2413795,103.53
2021-03-01,93.84,95.5,93.8,94.29,1647007,104.51
2021-03-02,94.07,95.17,93.58,94.5,3185700,104.74
2021-03-03,94.52,94.88,93.36,93.39,1960844,103.51
2021-03-04,93.56,94.14,91.99,93.44,2024853,103.57
2021-03-05,93.65,94.55,91.97,94.13,1800958,104.33
2021-03-08,94.28,95.12,93.91,93.96,2278810,104.14
2021-03-09,94.26,94.53,92.61,92.64,2762975,102.68
2021-03-10,93.11,94.92,92.75,94.38,2177609,104.61
2021-03-11,94.8,95.44,94.26,94.4,2001955,104.63
2021-03-12,94.67,95.1,93.93,94.56,1739338,104.81
2021-03-15,94.95,97.45,94.84,97.43,2132806,107.99
2021-03-16,97.43,98.47,97.1,98.16,2720883,108.8
2021-03-17,98.16,100.76,97.67,100.16,2963431,111.02
2021-03-18,99.97,100.12,97.68,97.72,1874019,108.31
2021-03-19,97.87,98.82,97.05,97.4,4051340,107.96
2021-03-22,97.24,98.32,97.1,98.12,2294956,108.75
2021-03-23,97.43,97.78,96.94,97.44,1632098,108
2021-03-24,97.44,98.2,96.61,96.61,1365356,107.08
2021-03-25,96.61,96.99,95.64,96.88,1662839,107.38
2021-03-26,97.39,97.56,95.9,97.49,1566234,108.06
2021-03-29,97.44,99.22,96.61,98.53,1910921,109.21
2021-03-30,97.66,99.86,97.66,99.04,1832608,109.77
2021-03-31,98.52,98.77,97.57,97.6,1927288,108.18
2021-04-01,98.04,99.22,97.43,99.06,1042095,109.8
2021-04-05,99.31,100.41,99.2,99.82,1374754,110.64
2021-04-06,100.51,103.48,100.4,102.92,2462146,114.08
2021-04-07,102.64,103.43,102.48,102.9,1215898,114.05
2021-04-08,102.65,103.46,102.31,103.45,1408986,114.66
2021-04-09,103.56,103.73,102.49,103.72,1136163,114.96
2021-04-12,103.75,105.15,103.74,105.03,1768988,116.42
2021-04-13,105.08,106.45,104.77,105.96,1593997,117.45
2021-04-14,106.04,107.21,105.95,106.6,1502766,118.16
2021-04-15,106.88,107.34,105.78,106.11,1391405,117.61
2021-04-16,107.04,107.04,106.21,106.51,1767043,118.06
2021-04-19,106.8,106.8,106.2,106.2,172091,117.71
2021-04-20,105.66,106.53,105.49,106.42,1041317,117.96
2021-04-21,106.24,106.7,105.71,105.96,976678,117.45
2021-04-22,106.62,106.94,105.99,106.3,932039,117.82
2021-04-23,106.22,106.63,105.87,106.21,1264670,117.72
2021-04-26,106.42,106.42,104.08,104.37,2366950,115.68
2021-04-27,104.69,105.11,104.48,105.03,1249137,116.41
2021-04-28,104.57,107.09,104.2,106.07,1922925,117.57
2021-04-29,106.46,107.57,106.23,107.28,2256386,118.91
2021-04-30,107.29,108.19,106.79,107.83,2187945,119.52
2021-05-03,108.26,108.88,108.2,108.25,1243849,119.98
2021-05-04,108.18,108.91,107.49,107.7,1793491,119.37
2021-05-05,107.83,109.52,107.42,109.25,1581658,121.09
2021-05-06,109.93,110.44,108.78,109.43,1411677,121.29
2021-05-07,109.41,110.4,109.26,109.37,1123909,121.23
2021-05-10,109.68,110.72,109.43,110,1146611,121.92
2021-05-11,110.17,110.17,106.74,107.5,2941040,119.15
2021-05-12,107.16,107.46,105.49,105.69,1771161,117.15
2021-05-13,105.81,107.16,105.81,106.54,1617450,118.09
2021-05-14,106.8,108,106.78,107.61,1380366,119.27
2021-05-17,107.66,107.8,106.24,107.05,1784766,118.65
2021-05-18,107.34,108.31,107.29,107.62,2236183,119.29
2021-05-19,106.67,107.42,105.91,107.1,2529866,118.71
2021-05-20,107.2,108.51,107.1,108.21,1987991,119.94
2021-05-21,108.49,108.76,107.79,108,3792184,119.71
2021-05-24,108.41,109.71,108.25,108.73,2238813,120.52
2021-05-25,109.17,109.43,108.59,108.81,2388469,120.6
2021-05-26,108.98,109.1,108.29,108.71,4128573,120.49
2021-05-27,109.08,109.16,108.08,108.8,3626992,120.09
2021-05-28,108.81,109,108.33,108.69,2260416,119.97
2021-06-01,109.62,109.62,108.37,108.63,1981043,119.9
2021-06-02,108.72,109.36,107.94,108.03,3770504,119.24
2021-06-03,107.3,107.84,106.16,107.56,2482898,118.72
2021-06-04,108.26,108.38,107.14,107.6,1642948,118.77
2021-06-07,107.7,107.93,106.7,107.19,1693637,118.32
2021-06-08,107.47,108.68,107.33,107.86,2204254,119.06
2021-06-09,107.96,108.25,106.43,106.48,3011140,117.53
2021-06-10,106.71,107.56,106.23,107.55,1986095,118.71
2021-06-11,107.83,108.87,107.71,108.4,3347346,119.65
2021-06-14,108.05,108.31,106.37,106.96,2451067,118.06
2021-06-15,107.09,107.49,106.66,107.42,1360327,118.57
2021-06-16,107.7,107.7,106.22,107.03,1605759,118.14
2021-06-17,107.03,107.32,105.38,105.85,1401519,116.84
2021-06-18,104.84,105.16,103.75,103.86,5954190,114.64
2021-06-21,104.64,105.84,104.1,105.78,1682382,116.76
2021-06-22,106.09,106.6,105.46,106.45,1598597,117.5
2021-06-23,106.48,106.57,105.82,105.94,1564569,116.94
2021-06-24,106.52,106.85,105.9,105.99,1961852,116.99
2021-06-25,105.73,106.6,105.56,106.22,7751352,117.25
2021-06-28,105.91,106.06,104.57,105.19,1831908,116.11
2021-06-29,105.53,105.6,104.57,104.69,1358674,115.56
2021-06-30,104.58,104.98,103.74,104.21,1778870,115.03
2021-07-01,104.63,105.49,104.51,105.1,2030453,116.01
2021-07-02,105.48,106.07,105.12,105.95,997830,116.95
2021-07-06,106.4,106.4,104.76,105.32,1098337,116.25
2021-07-07,105.06,106.81,104.81,106.74,1381335,117.82
2021-07-08,105.73,106.78,105.44,106.29,1325824,117.32
2021-07-09,107.23,107.67,106.8,107.43,1164309,118.58
2021-07-12,106.93,107.14,106.32,106.79,1116744,117.87
2021-07-13,106.61,106.65,105.9,106.08,1245263,117.09
2021-07-14,106.19,106.94,105.93,106.11,1053851,117.12
2021-07-15,105.83,106.19,105.17,105.99,1172295,116.99
2021-07-16,106.31,106.47,104.84,104.96,1237751,115.85
2021-07-19,103.72,103.98,101.6,102.78,2528261,113.45
2021-07-20,103.19,105.48,102.86,105.24,2096441,116.16
2021-07-21,105.99,106.76,105.12,105.79,1709874,116.77
2021-07-22,106,109.12,105.69,108.95,2205924,120.26
2021-07-23,109.16,111.82,109.05,111.24,2347903,122.79
2021-07-26,111.23,112,110.82,111.84,1669529,123.45
2021-07-27,111.74,113.83,111.33,113.68,2506830,125.48
2021-07-28,113.59,113.59,110.09,111.08,2395381,122.61
2021-07-29,114.6,118.22,113.72,118.06,3022270,130.31
2021-07-30,117.04,119.6,116.78,119.04,2422633,131.39
2021-08-02,119.67,120.8,119.31,119.94,1744417,132.39
2021-08-03,120.16,120.9,118.76,120.87,1711668,133.42
2021-08-04,120.92,121.54,120.27,120.96,1353877,133.52
2021-08-05,121.39,121.64,120.36,121.07,1288349,133.64
2021-08-06,121.37,121.96,120.78,121.43,1352673,134.03
2021-08-09,121.32,121.32,120.39,120.67,1119689,133.2
2021-08-10,120.74,121.14,120.44,120.54,1127067,133.05
2021-08-11,120.85,122.12,120.59,121.44,1570766,134.05
2021-08-12,121.57,121.57,120.65,120.82,1014729,133.36
2021-08-13,120.87,122.31,120.55,122.27,1637581,134.96
2021-08-16,121.83,122.66,121.46,122.41,913464,135.12
2021-08-17,121.91,122.58,121.46,122.23,886880,134.92
2021-08-18,122.16,123,121.55,121.75,858700,134.39
2021-08-19,121.27,121.9,120.72,121.36,735326,133.96
2021-08-20,120.77,122.22,120.61,121.82,1169902,134.46
2021-08-23,122.33,122.77,121.82,122.21,1056768,134.9
2021-08-24,122.16,122.34,120.87,120.98,1186632,133.54
2021-08-25,120.64,122.02,120.64,121.8,1021398,134.44
2021-08-26,120.33,120.33,119.16,119.49,1658122,131.4
2021-08-27,119.84,120.7,119.59,119.76,1402583,131.7
2021-08-30,119.78,120.41,118.81,118.84,1897177,130.69
2021-08-31,119.13,119.81,118.62,119.15,2781413,131.03
2021-09-01,119.51,120.59,118.72,119.62,1386139,131.55
2021-09-02,120.33,120.56,119.22,119.37,1311894,131.27
2021-09-03,118.84,119.58,118.74,119.05,978285,130.92
2021-09-07,119.36,119.57,117.12,117.15,1797879,128.83
2021-09-08,117.52,119.01,117.03,118.39,1419847,130.19
2021-09-09,118.55,119.49,117.48,117.53,1160915,129.25
2021-09-10,118.31,118.88,117.64,118.12,2260465,129.89
2021-09-13,118.4,118.45,116.18,117.35,1816963,129.05
2021-09-14,117.82,117.82,116.89,117.3,1535940,128.99
2021-09-15,117,117.27,115.71,116.84,1521387,128.49
2021-09-16,116.92,117.31,115.51,116.34,1926416,127.94
2021-09-17,116.13,116.84,115.29,115.57,6417174,127.09
2021-09-20,114.05,115.11,112.76,114.21,1724538,125.59
2021-09-21,114.64,115.3,113.43,113.53,1784552,124.85
2021-09-22,114.25,115.29,113.97,114.17,2091625,125.55
2021-09-23,114.48,115.14,113.52,113.65,2430071,124.98
2021-09-24,113.99,114.69,113.55,114.14,1746139,125.52
2021-09-27,113.74,115.14,113.74,114.19,2144252,125.57
2021-09-28,113.95,114.11,111.05,111.43,2077394,122.54
2021-09-29,111.73,112.04,110.65,111.89,2308030,123.04
2021-09-30,112.17,112.72,111.05,111.22,3594651,122.31
2021-10-01,112.12,112.84,110.83,112.43,2313108,123.64
2021-10-04,112.15,113.27,111.7,111.89,2374404,123.04
2021-10-05,112.17,113.33,111.31,112.4,2114431,123.6
2021-10-06,111.05,112.51,110.22,112.45,2129660,123.66
2021-10-07,113.4,114.76,113.2,113.87,1778205,125.22
2021-10-08,113.83,114.28,112.16,112.2,1041476,123.39
2021-10-11,112.17,112.67,110.86,110.94,1149668,122
2021-10-12,111.71,112.09,110.49,111.27,1380961,122.36
2021-10-13,111.19,112.38,110.8,112.32,1499279,123.52
2021-10-14,113,114.23,112.54,113.71,1867177,125.05
2021-10-15,114.75,115.36,113.82,113.86,2060151,125.21
2021-10-18,113.91,115.19,113.47,114.99,1324700,126.45
2021-10-19,115.23,115.72,114.07,114.31,1259360,125.71
2021-10-20,114.01,115.67,113.65,114.47,1572419,125.88
2021-10-21,114.59,115.35,114.01,115.29,1308073,126.78
2021-10-22,114.91,115.65,114.79,115.1,1250028,126.57
2021-10-25,115.25,115.25,114.52,114.52,193608,125.94
2021-10-26,114.67,115.51,114.21,114.74,1820381,126.18
2021-10-27,114.86,116.36,114.39,114.39,1592468,125.79
2021-10-28,113.11,114.92,112.09,114.47,2526730,125.88
2021-10-29,113.16,114.57,112.5,113.61,2581127,124.94
2021-11-01,114.16,115.55,113.98,115.06,1407769,126.53
2021-11-02,115.15,115.49,112.86,113.14,1489344,124.42
2021-11-03,112.69,113.8,111.9,112.8,1786353,124.05
2021-11-04,113.08,114.51,112.85,114.03,1275494,125.4
2021-11-05,115.11,116.26,114.55,115.2,1383691,126.68
2021-11-08,114.97,115.79,114.55,114.78,952979,126.22
2021-11-09,114.63,115.8,114.24,114.75,803714,126.19
2021-11-10,114.43,114.75,114,114.4,1161665,125.8
2021-11-11,114.42,114.42,111.86,113.14,1286924,124.42
2021-11-12,113.29,114.41,113,113.87,986961,125.22
2021-11-15,114.49,116.01,114.28,115.11,1191437,126.59
2021-11-16,115,116.19,114.87,115.55,1019847,127.07
2021-11-17,115.7,116.25,115.65,115.99,1213858,127.55
2021-11-18,116.06,116.4,114.88,115.5,1337925,127.01
2021-11-19,115.65,115.86,114.71,115.45,1256860,126.96
2021-11-22,115.67,117.19,114.96,115.01,1385097,126.47
2021-11-23,115.14,115.5,113.81,115.11,1151808,126.59
2021-11-24,114.74,116.58,114.4,115.84,982390,126.88
2021-11-26,113.67,114.08,113.12,113.39,1256154,124.2
2021-11-29,114.45,115.3,113.26,114.35,1397030,125.25
2021-11-30,113.52,113.96,111.73,112.15,4573237,122.84
2021-12-01,113.54,115.81,112.38,112.49,2246274,123.22
2021-12-02,113.18,116.58,113.11,115.52,2062542,126.53
2021-12-03,116.42,116.85,113.01,113.96,2173560,124.83
2021-12-06,115.15,119.23,115.07,117.65,2184594,128.87
2021-12-07,118.63,120.24,117.78,119.87,1457125,131.3
2021-12-08,120.56,122.22,120.13,120.27,1948521,131.74
2021-12-09,120.56,122.54,120.24,121.53,1586380,133.12
2021-12-10,121.89,123.02,121.61,122.22,1523963,133.87
2021-12-13,121.47,121.7,119.66,120.64,1691733,132.14
2021-12-14,120.11,121.42,120.05,120.5,1670332,131.99
2021-12-15,120.52,121.31,119.74,120.89,1452475,132.42
2021-12-16,121.36,122.34,121.18,121.96,1182459,133.59
2021-12-17,121.8,122.19,120.35,120.45,3560857,131.93
2021-12-20,119.31,120.25,118.79,120.12,1433448,131.57
2021-12-21,120.87,122.78,120.68,121.76,1400275,133.37
2021-12-22,121.99,123.38,121.88,122.91,1061639,134.63
2021-12-23,123.7,124.01,123.23,123.56,1181035,135.34
2021-12-27,123.41,126.02,123.41,126,1188870,138.01
2021-12-28,125.77,126.48,125.6,125.97,749499,137.98
2021-12-29,125.85,127.68,125.81,126.59,1388641,138.66
2021-12-30,126.63,127.04,126.17,126.34,629352,138.39
2021-12-31,126.36,127.48,126.16,126.77,951788,138.86
2022-01-03,126.33,126.69,123.11,124.65,1569047,136.53
2022-01-04,125.24,126.21,124.43,125.31,1140447,137.26
2022-01-05,125.53,125.98,123.66,123.72,1162641,135.52
2022-01-06,124.16,125.65,123.5,125,984470,136.92
2022-01-07,124.49,125.18,123.54,123.57,986845,135.35
2022-01-10,123.03,123.25,120.71,121.84,1899133,133.46
2022-01-11,121.53,121.74,119.13,119.29,2773103,130.66
2022-01-12,119.7,119.93,117.42,117.91,2841666,129.15
2022-01-13,118.03,118.36,117.31,117.6,1836639,128.81
2022-01-14,116.97,117.36,115.34,116,1683791,127.06
2022-01-18,115.04,115.72,114.52,115.38,1609694,126.38
2022-01-19,115.78,116.01,113.5,113.66,2279216,124.5
2022-01-20,114.27,114.39,112.75,112.86,3130260,123.62
2022-01-21,113.53,114.82,112.67,113.43,2022709,124.24
2022-01-24,111.99,115.34,111.99,115.34,1031924,126.34
2022-01-25,113.71,114.12,111.15,111.43,3062242,122.05
2022-01-26,111.47,112.73,109.49,109.68,1333120,120.14
2022-01-27,110.64,111.22,108.75,109.39,2853928,119.82
2022-01-28,109.76,111.61,108.13,111.6,3777095,122.24
2022-01-31,111.53,114.57,111.23,114.27,2747877,125.17
2022-02-01,114.17,114.33,111.86,112.82,1721763,123.58
2022-02-02,113.01,114.65,112.8,114.29,1796413,125.19
2022-02-03,113.68,116.07,113.6,114.44,1362558,125.35
2022-02-04,113.55,115.35,112.7,114.37,1559526,125.27
2022-02-07,114.3,115.63,113.72,114.19,1861522,125.08
2022-02-08,114.47,114.95,113.12,114.09,2599464,124.97
2022-02-09,116.78,121.3,116.14,116.58,4120223,127.7
2022-02-10,115.04,116.17,112.98,113.34,2452075,124.15
2022-02-11,113.51,114.39,110.93,111.44,3225843,122.07
2022-02-14,111.61,112.24,110.05,110.83,3132909,121.4
2022-02-15,112.09,113.27,111.7,112.29,4446933,123
2022-02-16,111.97,112.9,111.22,112.61,2382882,123.35
2022-02-17,113.36,114.88,112.62,113.26,3376671,123.48
2022-02-18,113.03,116.39,112.91,115.38,2766138,125.8
2022-02-22,114.67,115.51,113.2,113.8,2044730,124.07
2022-02-23,114.37,114.37,111.44,111.52,2581133,121.59
2022-02-24,109.2,111.67,108.71,111.31,2825284,121.36
2022-02-25,111.77,113.48,111,113.48,1767986,123.72
2022-02-28,111.72,113.12,111.05,112.43,2644722,122.58
2022-03-01,111.51,111.75,109.38,110.08,2161890,120.02
2022-03-02,110.56,112.48,110.41,111.9,1492019,122
2022-03-03,112.24,112.28,109.28,109.79,1674807,119.7
2022-03-04,108.68,109.04,106.71,108.9,1859450,118.73
2022-03-07,108.27,108.27,103.85,103.92,2936962,113.3
2022-03-08,103.88,105.7,103.88,105.7,242206,115.24
2022-03-09,108.23,108.94,106.05,106.41,1680576,116.02
2022-03-10,105.02,106.34,104.6,106.23,2737777,115.82
2022-03-11,107.08,108.57,106.54,106.63,2284447,116.26
2022-03-14,105.73,106.57,102.39,104.03,3633965,113.42
2022-03-15,105.28,106.83,104.78,105.16,1924502,114.65
2022-03-16,107.13,109.7,106.87,109.65,2404090,119.55
2022-03-17,108.82,109.19,108.16,109.17,1845032,119.03
2022-03-18,109.16,112.29,108.49,111.89,4595601,121.99
2022-03-21,111.75,112.23,108.05,108.72,2119118,118.54
2022-03-22,108.86,109.43,108.35,108.84,1368604,118.67
2022-03-23,108,108.22,106.17,106.36,2299336,115.96
2022-03-24,107.51,110.06,106.32,109.79,2143518,119.7
2022-03-25,110.24,110.24,108.9,109.71,1576885,119.62
2022-03-28,110.04,111.15,109.16,111.15,1732185,121.19
2022-03-29,112.6,114.04,111.67,112.1,1993913,122.22
2022-03-30,111.45,112.86,110.62,110.83,2510588,120.84
2022-03-31,111.15,112.18,108.68,108.71,4424183,118.53
2022-04-01,109.08,109.62,107.93,108.98,3174785,118.82
2022-04-04,108.56,108.6,105.98,107.95,2164899,117.7
2022-04-05,107.16,109.03,107.02,107.9,2338209,117.64
2022-04-06,107.33,109.49,106.44,108.8,1909901,118.62
2022-04-07,108.48,110.83,107.76,110.43,2256756,120.4
2022-04-08,108.89,110.66,108.89,109.3,1970549,119.17
2022-04-11,109.08,110.5,108.21,108.51,2554689,118.31
2022-04-12,109.15,110.48,108.6,109.96,2707634,119.89
2022-04-13,110.03,112.02,109.84,111.78,1911989,121.87
2022-04-14,112.02,112.91,111.9,112.79,2041838,122.97
2022-04-18,112.26,113.44,112.1,112.97,3200168,123.17
2022-04-19,112.94,114.48,112.94,114.32,2055302,124.64
2022-04-20,114.65,115.93,114.65,115.29,2065097,125.7
2022-04-21,116.04,116.74,113.84,114.14,1969175,124.44
2022-04-22,113.81,114.1,111.9,112.26,2998779,122.4
2022-04-25,111.44,112.16,109.89,111.23,2730240,121.27
2022-04-26,110.34,110.71,106.9,107.03,2257833,116.69
2022-04-27,107.1,109.09,106.89,107.22,2235048,116.9
2022-04-28,108.38,110.75,108.38,109.62,1283113,119.52
2022-04-29,108.82,110.17,107.19,107.32,1769872,117.01
2022-05-02,107.22,107.94,104.31,106.17,2419869,115.76
2022-05-03,106.54,106.94,103.89,105.54,2119112,115.07
2022-05-04,105.06,109.08,103.66,108.68,2416902,118.49
2022-05-05,107.63,108.09,105.18,106.05,1606321,115.62
2022-05-06,105.39,106.83,104.59,105.83,1428435,115.39
2022-05-09,104.33,104.53,100.87,100.98,2735930,110.1
2022-05-10,102.12,102.99,100.35,101.57,1754181,110.74
2022-05-11,100.67,101.52,99.56,99.88,2331876,108.9
2022-05-12,99.73,102.73,99.58,101.36,2335092,110.51
2022-05-13,102.65,104.57,102.4,103.49,1435949,112.83
2022-05-16,103.19,103.6,101.91,102.89,1783569,112.18
2022-05-17,104.12,104.26,102.51,103.16,1296977,112.47
2022-05-18,102.18,102.4,99.78,100.4,3180086,109.46
2022-05-19,100.05,101.67,99.6,100.86,1822053,109.97
2022-05-20,101.8,102.73,100.53,102.65,2198065,111.92
2022-05-23,103.64,104.46,101.78,104.39,1792171,113.82
2022-05-24,103.89,104.7,103.26,104.62,2139263,114.07
2022-05-25,104.33,106.28,104.33,106.02,2049364,115.59
2022-05-26,106.64,109.3,106.51,108.54,1672434,117.76
2022-05-27,109.12,110.4,109.12,110.4,1498484,119.77
2022-05-31,109.28,112.5,108.88,111.96,3219980,121.47
2022-06-01,112.37,112.45,110.02,110.07,1547923,119.42
2022-06-02,110.12,110.91,108.84,110.89,1133498,120.3
2022-06-03,110.02,110.58,109.11,109.34,1121803,118.62
2022-06-06,109.94,111.23,109.4,110.04,1438565,119.38
2022-06-07,108.96,110.87,108.88,110.8,1188151,120.21
2022-06-08,110.36,111.53,109.91,111.08,1330484,120.51
2022-06-09,110.39,110.39,108.06,108.14,1225452,117.32
2022-06-10,106.29,107.34,105.29,105.46,1443962,114.41
2022-06-13,103.05,103.78,101.3,102.4,1913280,111.09
2022-06-14,102.73,103.64,101.47,101.6,1603928,110.23
2022-06-15,102.5,104.39,101.69,103.14,1406481,111.9
2022-06-16,101.15,101.46,99.89,100.6,1572171,109.14
2022-06-17,100.89,101.55,100.18,100.93,3698670,109.5
2022-06-21,102.31,103.14,100.7,102.84,2048609,111.57
2022-06-22,101.82,103.59,101.64,102.74,1887168,111.46
2022-06-23,103.15,103.69,102.1,103.54,1538159,112.33
2022-06-24,104.42,105.71,104.01,105.47,2548779,114.42
2022-06-27,105.66,107.17,105.14,107.14,1355383,116.24
2022-06-28,108.1,108.79,104.28,104.6,1243214,113.48
2022-06-29,104.69,105.37,103.88,104.92,1055160,113.83
2022-06-30,104.02,105.29,103.46,104.63,1602375,113.51
2022-07-01,104.93,107.73,104.54,107.58,1387802,116.71
2022-07-05,106.81,108.22,105.78,108.15,1481074,117.33
2022-07-06,108.03,108.72,106.76,107.69,1264297,116.83
2022-07-07,108.13,108.93,107.65,108.53,1102138,117.74
2022-07-08,108.4,108.74,107.59,108.1,1082284,117.28
2022-07-11,107.35,108.04,106.95,107.42,949057,116.54
2022-07-12,107.04,108.33,106.39,106.76,1133814,115.83
2022-07-13,105.45,108.88,105.2,107.85,1371222,117.01
2022-07-14,106.52,108.25,106.52,107.71,1245734,116.85
2022-07-15,109.12,110.03,108.6,108.9,1535634,118.15
2022-07-18,111.02,111.05,108.98,109.21,1701475,118.48
2022-07-19,109.83,110.8,109.36,110.53,2053134,119.91
2022-07-20,110.73,112.14,110.37,111.36,2138442,120.81
2022-07-21,111,111.35,110,110.84,1379612,120.25
2022-07-22,111.49,111.62,109.06,110.1,1503390,119.45
2022-07-25,110.29,110.29,106.83,107.89,2100418,117.05
2022-07-26,107.46,109.47,107.3,108.62,1619350,117.84
2022-07-27,109,111.65,108.65,111.08,1807522,120.51
2022-07-28,111.26,113.38,110.99,113.11,2253650,122.71
2022-07-29,113.1,113.26,112.08,112.95,2118378,122.54
2022-08-01,112.24,114.1,112.14,113.13,2266061,122.74
2022-08-02,112.86,113.41,112.25,112.57,2240675,122.13
2022-08-03,112.45,112.87,108.86,110.43,3034434,119.81
2022-08-04,110.42,110.97,109.86,110.63,1805255,120.02
2022-08-05,109.83,110.35,108.88,109.15,1340964,118.42
2022-08-08,109.47,109.97,108.44,109.23,1604391,118.5
2022-08-09,109.19,109.19,107.31,107.78,1817729,116.93
2022-08-10,109.31,110.06,109.05,109.85,1667073,119.18
2022-08-11,110.84,111.05,108.03,108.5,1906156,117.71
2022-08-12,108.59,109.37,108.3,108.91,1877985,118.16
2022-08-15,108.62,109.16,108.26,108.99,3626903,118.24
2022-08-16,108.25,110.03,108.25,109.72,1820801,119.04
2022-08-17,108.36,110.22,108.36,109.79,2010929,119.11
2022-08-18,109.21,109.45,108.05,108.72,1896448,117.95
2022-08-19,108.55,108.76,107.25,107.52,1758434,116.65
2022-08-22,106.37,106.9,105.35,105.76,1774145,114.74
2022-08-23,105.8,106.21,105.44,105.73,1815449,114.71
2022-08-24,105.73,106.23,105.27,105.7,1542183,114.67
2022-08-25,105.99,107.74,105.62,107.68,1398341,116.82
2022-08-26,107.94,108.3,103.79,103.89,1757771,112.16
2022-08-29,103.56,104.48,103.08,103.94,1631773,112.21
2022-08-30,104.18,104.44,102.41,102.61,1388429,110.78
2022-08-31,103.02,104.07,102.72,103.04,2497096,111.24
2022-09-01,102.56,105.89,102.39,105.83,2089940,114.26
2022-09-02,106.37,106.37,104.02,104.43,1838039,112.74
2022-09-06,104.99,105.55,103.6,104.26,2462453,112.56
2022-09-07,105.06,106.84,105.06,106.82,2155337,115.32
2022-09-08,106.47,108.37,106.35,107.78,1755784,116.36
2022-09-09,108.11,108.14,106.64,107.53,1849454,116.09
2022-09-12,108.98,109.9,108.29,108.61,2272898,117.26
2022-09-13,106.52,107.07,105.04,105.2,1950025,113.58
2022-09-14,105.39,107.34,105.36,106.35,1930928,114.82
2022-09-15,106.2,107.49,105.83,106.67,1889364,115.16
2022-09-16,106.72,107.29,105.57,107.19,2848022,115.72
2022-09-19,107.04,107.74,106.51,107.59,1429252,116.16
2022-09-20,106.83,107.07,105.4,106.75,1819152,115.25
2022-09-21,107.17,108.64,104.22,104.27,2074839,112.57
2022-09-22,103.63,103.63,102.45,102.62,1642200,110.79
2022-09-23,101.99,102.9,101.37,102.49,1528443,110.65
2022-09-26,102.58,102.81,100.74,101.11,1699001,109.16
2022-09-27,101.94,102.29,99.23,99.82,1629732,107.77
2022-09-28,100.04,100.67,98.46,100.15,2657516,108.12
2022-09-29,99.62,99.93,98.57,99.3,1703743,107.21
2022-09-30,99.38,100.59,98.5,98.5,2193736,106.34
2022-10-03,99.55,101.87,98.33,101.06,2104843,109.11
2022-10-04,102.46,103.83,102.08,103.19,1946816,111.41
2022-10-05,102.56,104.72,102.37,104.05,1422412,112.33
2022-10-06,103.87,104.32,101.93,102,1338318,110.12
2022-10-07,101.41,101.43,100.03,100.9,1935919,108.93
2022-10-10,101.28,101.36,99.44,99.84,1187266,107.79
2022-10-11,99.37,99.42,97.28,97.49,2786175,105.25
2022-10-12,97.26,98.44,96.66,97.76,2086282,105.54
2022-10-13,96.46,102.44,96.3,101.59,2064140,109.68
2022-10-14,102.47,103.29,98.79,98.9,1686272,106.77
2022-10-17,100.57,102.38,100.55,101.87,1891565,109.98
2022-10-18,103.6,104.01,101.87,103.26,1513084,111.48
2022-10-19,102.61,103.8,101.38,102.31,1437067,110.45
2022-10-20,102.46,102.93,101.33,101.57,1115289,109.66
2022-10-21,101.37,103.19,100.75,102.84,2006394,111.03
2022-10-24,102.78,102.89,99.76,100.75,2925395,108.77
2022-10-25,101.12,103.45,100.05,103.04,2572795,111.24
2022-10-26,103.5,105.63,103.2,103.99,1614418,112.27
2022-10-27,105.19,106.14,104.56,105.51,2552164,113.91
2022-10-28,105.71,109.82,105.68,109.19,2704566,117.88
2022-10-31,108.91,110.65,107.82,109.53,2538334,118.25
2022-11-01,110.23,110.56,108.85,109.44,2625032,118.15
2022-11-02,111.34,111.41,108.11,108.71,2754882,117.37
2022-11-03,108.33,111.74,107.62,110.69,2784199,119.5
2022-11-04,112.22,113.39,111.38,112.8,3108434,121.78
2022-11-07,112.54,114.38,112.54,113.48,1912605,122.51
2022-11-08,113.61,114,112.72,113.36,1885341,122.38
2022-11-09,112.95,113.86,112.48,113.05,1449977,122.05
2022-11-10,115.69,115.75,114.12,114.98,2710209,124.13
2022-11-11,115.58,115.58,113.75,114.24,1870258,123.33
2022-11-14,114.37,115.24,113.51,113.56,1677638,122.6
2022-11-15,114.28,115.12,113.53,114.22,1139399,123.31
2022-11-16,114.27,116.2,114.27,114.82,2256764,123.96
2022-11-17,113.79,114.49,112.86,113.72,2132929,122.77
2022-11-18,115.07,116.13,114.04,115.42,2985390,124.61
2022-11-21,115.54,115.57,113.69,114.87,1621005,124.02
2022-11-22,115.27,116.08,114.93,115.73,1506965,124.94
2022-11-23,116.87,117.36,115.74,117.18,1880958,125.93
2022-11-25,117.11,118.64,116.67,117.74,870561,126.53
2022-11-28,117.5,118.24,117.29,117.66,1514916,126.45
2022-11-29,117.32,117.99,116.79,117.28,2324040,126.04
2022-11-30,117.55,120,117.29,119.72,2543195,128.66
2022-12-01,120.03,120.96,119.6,120.21,1407126,129.19
2022-12-02,119.39,121.23,119.12,120.67,1586849,129.68
2022-12-05,121.07,121.96,120.09,121.81,2878812,130.91
2022-12-06,122.07,122.25,120.86,121.54,1544371,130.62
2022-12-07,121.42,122.08,119.03,119.36,2085569,128.27
2022-12-08,119.95,120.85,119.5,120.83,1500045,129.85
2022-12-09,120.82,121.24,118.76,118.83,1833817,127.71
2022-12-12,118.84,120.71,118.14,120.63,1361749,129.64
2022-12-13,122.61,123.05,120.19,121.1,1821775,130.15
2022-12-14,121.43,122.48,120.4,122.1,1602551,131.22
2022-12-15,121.39,121.83,120.53,121.38,1981571,130.45
2022-12-16,121.74,122.74,119.48,120.38,4262728,129.37
2022-12-19,120.14,120.74,118.86,119.46,2325688,128.38
2022-12-20,119.59,119.77,118.56,119.65,1211928,128.59
2022-12-21,119.23,120.8,118.85,119.83,1994861,128.78
2022-12-22,119.57,119.9,118.27,119.87,1371935,128.82
2022-12-23,119.5,120.23,118.96,119.94,699735,128.9
2022-12-27,120.31,121.1,119.7,120.87,1300195,129.9
2022-12-28,121.14,121.77,120.3,120.32,964755,129.31
2022-12-29,120.55,121.64,119.9,120.96,875942,129.99
2022-12-30,120.6,120.6,118.49,119.18,1401328,128.08
2023-01-03,119.5,119.89,117.1,118.14,2307092,126.96
2023-01-04,118.78,120.24,118.49,119.74,1139399,128.68
2023-01-05,119.36,119.63,117.97,118.83,1078215,127.7
2023-01-06,119.46,121.62,118.96,121.24,1559449,130.29
2023-01-09,121.61,122.13,120.47,120.74,1211197,129.76
2023-01-10,120.79,121.29,119.28,120.41,1306825,129.4
2023-01-11,120.61,121.43,120.03,120.68,1258298,129.69
2023-01-12,120.68,120.84,119.8,119.93,1070285,128.89
2023-01-13,119.26,121.24,119.23,121.17,1260512,130.22
2023-01-17,121.51,122.44,120.75,121.27,1177837,130.33
2023-01-18,121.79,122.24,119.46,119.77,1325078,128.72
2023-01-19,119.41,119.56,117.22,117.29,1473660,126.05
2023-01-20,117.75,118.37,117.14,117.83,1647292,126.63
2023-01-23,118.16,118.7,117.37,117.87,1437342,126.67
2023-01-24,117.48,119.74,117.28,119.58,1543733,128.51
2023-01-25,119.14,120.22,117.7,120.22,1425693,129.2
2023-01-26,120.57,120.96,119.38,120.07,1358387,129.04
2023-01-27,120.04,120.07,118.66,119.23,1407455,128.13
2023-01-30,119.07,120.32,119.01,120.07,1456987,129.04
2023-01-31,120.43,121.49,119.68,121.44,2076525,130.51
2023-02-01,121.09,121.51,119.28,120.04,1716296,129.01
2023-02-02,120.23,120.61,118.48,119.3,1333849,128.21
2023-02-03,118.69,118.99,117.39,118.18,1474462,127.01
2023-02-06,118.08,120.17,117.7,120.09,2063856,129.06
2023-02-07,119.65,120.57,118.28,120.35,1652586,129.34
2023-02-08,118.56,122.36,118.56,122.29,3574550,131.42
2023-02-09,123.09,124.31,121.75,122.04,2524173,131.16
2023-02-10,121.93,122.53,121.6,122.18,1576293,131.31
2023-02-13,122.69,124.47,122.45,123.31,2178466,132.52
2023-02-14,123.19,123.62,121.71,121.74,1711687,130.83
2023-02-15,121,122.71,120.85,122.52,1456827,131.67
2023-02-16,121.64,123.43,120.8,122.57,1922688,131.72
2023-02-17,122.63,123.06,122.12,122.86,1252968,132.04
2023-02-21,122.34,122.63,121.7,122.09,1739803,130.61
2023-02-22,122.49,122.49,120.53,120.88,1977104,129.31
2023-02-23,121.05,121.55,119.93,120.28,2219119,128.67
2023-02-24,119.67,120.14,118.56,118.56,1836731,126.83
2023-02-27,119.33,119.42,117.86,118.32,1963115,126.57
2023-02-28,117.93,119.28,117.91,118.87,2624759,127.16
2023-03-01,118.39,118.76,117.75,117.97,1635094,126.2
2023-03-02,117.7,120.59,117.59,120.29,1212618,128.68
2023-03-03,120.64,121.25,120.16,121.21,1015546,129.67
2023-03-06,121.55,121.98,120.1,120.87,1421547,129.3
2023-03-07,121.09,121.58,118.45,118.64,1157307,126.92
2023-03-08,118.27,118.65,117.77,118.51,1142518,126.78
2023-03-09,119.21,119.63,117.48,117.83,1537475,126.05
2023-03-10,118.19,118.76,116.26,116.46,1604747,124.58
2023-03-13,115.75,119.47,115.71,116.75,1382645,124.89
2023-03-14,117.64,119.07,117.42,118.44,1378476,126.7
2023-03-15,117.2,118.9,116.51,118.84,1748557,127.13
2023-03-16,118.47,120.22,118.08,119.71,1481471,128.06
2023-03-17,119.89,120.23,118.02,118.58,1798439,126.85
2023-03-20,118.74,120.48,118.74,120.48,1190920,128.88
2023-03-21,121.05,121.05,119.3,120.17,1101271,128.55
2023-03-22,119.86,121.08,119.28,119.32,1059762,127.64
2023-03-23,119.38,120.55,118.64,119.35,1223330,127.68
2023-03-24,119.63,120.07,118.83,119.49,1193836,127.83
2023-03-27,120.05,120.39,119.49,119.92,1314960,128.29
2023-03-28,119.82,120.57,119.52,120.12,981684,128.5
2023-03-29,120.53,120.97,119.69,120.04,1104700,128.41
2023-03-30,120.31,121.11,120.08,120.9,1183069,129.33
2023-03-31,121.69,123.64,121.51,123.47,1705818,132.08
2023-04-03,123.47,124.61,122.96,124.52,1299251,133.21
2023-04-04,124.1,124.19,122.71,123.02,1493334,131.6
2023-04-05,123.4,124.33,123.32,123.34,1212422,131.94
2023-04-06,123.53,123.76,123.04,123.49,1080546,132.1
2023-04-10,122.97,123.15,122.16,122.55,1224824,131.1
2023-04-11,122.42,123.49,122.13,122.99,1113158,131.57
2023-04-12,123.08,124.11,122.88,123.37,1231140,131.98
2023-04-13,124,125.92,123.4,125.88,1732592,134.66
2023-04-14,126.02,126.52,125.34,126.08,1270372,134.88
2023-04-17,126.57,128.2,126.18,128.16,2184845,137.1
2023-04-18,128.24,128.64,127.78,128.61,1980399,137.58
2023-04-19,128.74,129.08,127.65,128.18,1623874,137.12
2023-04-20,128.36,128.88,127.72,128.53,1082433,137.5
2023-04-21,129.32,129.5,128.12,129.31,1324861,138.33
2023-04-24,129.68,129.89,129.29,129.84,1498794,138.9
2023-04-25,129.94,129.94,128.39,128.82,1207236,137.81
2023-04-26,128.45,129.49,128.09,129.01,1451824,138.01
2023-04-27,129.54,130.8,129.15,130.68,1084996,139.8
2023-04-28,130.81,131.74,130.1,131.41,1555299,140.58
2023-05-01,131.41,133.23,131.41,132.95,1696353,142.23
2023-05-02,132.88,133.9,131.76,133.58,1692847,142.9
2023-05-03,130.64,132,127.5,128.36,3220283,137.31
2023-05-04,127.91,128.51,126.55,127.43,1555644,136.32
2023-05-05,127.56,128.8,127.17,128.52,1361641,137.49
2023-05-08,128.49,128.7,127.52,127.63,981392,136.53
2023-05-09,127.87,128.82,127.19,128.64,1094934,137.61
2023-05-10,128.71,129.28,127.54,128.76,1595245,137.74
2023-05-11,128.88,129.25,127.76,128.38,1144129,137.34
2023-05-12,128.35,129.66,128.34,129.48,1114709,138.51
2023-05-15,129.84,129.84,128.58,128.79,896201,137.78
2023-05-16,129.19,130.23,128.64,129.73,1572171,138.78
2023-05-17,130.09,130.26,128.01,128.27,1690641,137.22
2023-05-18,128.12,129.52,127.91,129.42,1435422,138.45
2023-05-19,129.49,130.14,129.08,129.26,1295382,138.28
2023-05-22,129.63,130.42,126.07,126.11,1644553,134.91
2023-05-23,126.01,126.01,122.72,122.88,1828261,131.45
2023-05-24,122.94,123.17,121.36,122.34,1352236,130.87
2023-05-25,122.17,122.64,120.68,121.77,2364357,130.26
2023-05-26,122.05,123,121.22,121.96,2144979,129.86
2023-05-30,121.4,122.13,119.61,120.01,1843142,127.79
2023-05-31,119.94,121.06,119.18,120.86,7448337,128.69
2023-06-01,120.57,124.64,120.2,124.2,3278107,132.25
2023-06-02,124.7,126.42,124.7,126.34,2054514,134.53
2023-06-05,126.35,126.97,125.61,126.01,1631675,134.17
2023-06-06,126.28,126.65,124.01,124.79,1604187,132.88
2023-06-07,124.4,125.03,123.47,124.38,1800974,132.44
2023-06-08,123.54,125.14,123.36,125.09,1630512,133.2
2023-06-09,125.23,125.86,124.86,125.32,1309845,133.44
2023-06-12,125.42,126.55,125.18,126.44,1369127,134.63
2023-06-13,126.26,127.78,126.26,127.71,1440819,135.98
2023-06-14,127.72,128.34,127.4,128.05,2121731,136.35
2023-06-15,128.54,130.84,128.34,130.73,2078805,139.2
2023-06-16,131.13,131.99,129.4,130.15,3749544,138.58
2023-06-20,129.14,130.03,127.47,127.56,1819436,135.82
2023-06-21,127.53,129.01,127.08,128.42,1244303,136.74
2023-06-22,128.53,128.86,127.08,128.04,1339546,136.34
2023-06-23,127.62,128.47,127.07,127.35,6280889,135.6
2023-06-26,126.84,126.94,125.23,126.06,1486284,134.23
2023-06-27,126.83,126.99,124.92,126.11,1593106,134.28
2023-06-28,126.08,127.02,125.31,126.94,1174666,135.16
2023-06-29,126.68,129.41,126.5,128.91,1525180,137.26
2023-06-30,129.15,130.4,128.78,130.12,1364724,138.55
2023-07-03,129.16,129.63,128.52,128.92,840224,137.27
2023-07-05,128.51,128.63,127.61,128.34,1743145,136.66
2023-07-06,127.4,128.46,125.71,125.75,1869904,133.9
2023-07-07,125.25,126.02,124.02,125.33,1530384,133.45
2023-07-10,125.63,127.44,125.55,126.61,1275965,134.81
2023-07-11,126.32,126.63,125.23,126.01,1438254,134.17
2023-07-12,126.93,128.11,126.68,126.88,1147747,135.1
2023-07-13,127.45,128.18,126.82,127.68,1371977,135.95
2023-07-14,127.65,128.02,126.68,127.31,1031847,135.56
2023-07-17,127.31,128.14,127.04,127.48,1325114,135.74
2023-07-18,127.15,127.78,125.65,125.7,1593890,133.84
2023-07-19,125.85,127.75,125.85,127.66,1651274,135.93
2023-07-20,127.62,127.99,126.85,127.61,1060715,135.88
2023-07-21,128.12,129.29,127.55,129.17,1286754,137.54
2023-07-24,129.86,130.91,129.16,129.55,1147984,137.94
2023-07-25,128.94,129.26,128.02,128.65,968479,136.99
2023-07-26,128.59,129.16,127.34,128.95,1758419,137.3
2023-07-27,128.91,129.78,127.62,127.94,1385059,136.23
2023-07-28,128.53,129,127.4,128.61,1483422,136.94
2023-07-31,128.03,129.55,127.48,129.29,1463636,137.67
2023-08-01,129.54,129.58,127.59,128.06,1670080,136.36
2023-08-02,125.73,130.69,124.46,126.79,2703129,135
2023-08-03,126.23,127.97,125.35,127.37,2392271,135.62
2023-08-04,128.12,128.12,125.93,126.17,1389519,134.35
2023-08-07,126.75,127.77,126.28,126.89,1152497,135.11
2023-08-08,126.13,126.76,125,125.98,1023547,134.14
2023-08-09,126.28,126.31,125.06,125.17,889742,133.28
2023-08-10,125.44,127.26,125.44,126.19,1148899,134.37
2023-08-11,126.08,126.27,125.26,126.03,808009,134.2
2023-08-14,125.88,127.14,125.79,126.59,1484502,134.79
2023-08-15,126.61,127,124.59,124.64,1247563,132.72
2023-08-16,123.87,124.5,123.17,123.55,2082803,131.56
2023-08-17,123.79,123.79,121.97,122.01,1582723,129.92
2023-08-18,121.45,122.02,120.57,121.26,1308840,129.12
2023-08-21,121.12,121.89,120.69,120.96,1537079,128.8
2023-08-22,121.12,121.61,120.49,121.57,1207703,129.45
2023-08-23,122.06,122.4,121.35,121.53,1441646,129.4
2023-08-24,121.43,122.39,121.43,121.66,1131122,129.54
2023-08-25,122.41,122.92,121.74,121.85,1097350,129.74
2023-08-28,122.22,122.96,121.91,122.01,1815576,129.31
2023-08-29,122.09,122.66,121.04,121.62,1462858,128.9
2023-08-30,121.66,123.14,121.66,122.76,1617610,130.1
2023-08-31,122.79,123.43,122.08,122.08,1465285,129.38
2023-09-01,122.59,123.12,121.65,122.32,1093984,129.64
2023-09-05,122.24,122.24,121.4,121.42,1435969,128.68
2023-09-06,121.06,121.54,119.5,119.72,1710210,126.88
2023-09-07,119.74,120.33,118.83,120.01,1396791,127.19
2023-09-08,120.24,120.67,119.26,119.39,728942,126.53
2023-09-11,119.51,120.07,119.15,119.59,981735,126.74
2023-09-12,119.26,121.05,118.82,120.83,1137451,128.06
2023-09-13,121.1,121.89,120.69,121.78,1436502,129.07
2023-09-14,122.5,124.87,122.08,124.26,1657822,131.69
2023-09-15,124.52,124.52,120.62,120.76,2581184,127.99
2023-09-18,121.01,122.17,120.06,120.37,1253792,127.57
2023-09-19,119.79,120.24,118.73,119.61,1299326,126.77
2023-09-20,119.9,121.18,119.47,119.88,1437203,127.05
2023-09-21,119.68,119.68,117.48,117.65,1492677,124.69
2023-09-22,117.61,118.73,117.09,117.94,1534068,125
2023-09-25,117.49,118.32,117.25,117.92,1048546,124.97
2023-09-26,117.23,117.7,116.48,117.01,1500566,124.01
2023-09-27,117.01,117.38,114.3,115.09,1921864,121.98
2023-09-28,114.83,117.21,114.68,117.08,1722653,124.08
2023-09-29,117.78,118.27,117.25,117.89,2618160,124.94
2023-10-02,117.5,118.3,116.78,118,1965499,125.06
2023-10-03,117.36,117.7,115.57,116.05,2100382,122.99
2023-10-04,116.28,117,115.47,116.56,1381238,123.53
2023-10-05,116.58,116.92,114.79,114.96,1240255,121.84
2023-10-06,114.53,114.55,111.52,112.72,2111908,119.46
2023-10-09,112.01,112.35,110.73,112.2,1839980,118.91
2023-10-10,112.75,113.8,112.68,113.57,1643346,120.37
2023-10-11,112.46,112.87,110.98,111.7,1725539,118.38
2023-10-12,111.95,112.04,109.16,109.69,1790849,116.25
2023-10-13,109.44,110.41,109,110.28,1352917,116.88
2023-10-16,110.91,112.4,110.5,111.76,1627753,118.45
2023-10-17,112.32,113.21,112.15,112.7,1267471,119.44
2023-10-18,112.73,114.7,112.61,114.16,2039269,120.99
2023-10-19,113.68,115.08,112.11,113.75,1901427,120.56
2023-10-20,113.24,114.3,112.9,113.18,1568449,119.95
2023-10-23,112.39,112.86,111.78,112.06,1495676,118.76
2023-10-24,112.37,113.48,112.17,113.14,1246824,119.91
2023-10-25,113.02,114.41,112.76,113.52,985824,120.31
2023-10-26,113.9,114.14,112.03,112.05,1372800,118.75
2023-10-27,112.32,113.46,111.6,112.7,2330979,119.44
2023-10-30,113.5,113.83,112.53,113.1,1552033,119.87
2023-10-31,113.8,114.51,112.67,114.04,2006564,120.86
2023-11-01,115,115.57,112.78,114.45,2788106,121.3
2023-11-02,115.91,118.63,115.86,117.25,1920509,124.27
2023-11-03,117.25,119.69,116.89,119.21,1754623,126.34
2023-11-06,119.25,119.56,118.43,119.26,1537936,126.39
2023-11-07,119.18,119.25,117.94,118.4,1408019,125.48
2023-11-08,118.71,118.94,118.23,118.52,1015274,125.61
2023-11-09,118.91,118.97,117.24,117.67,1096942,124.71
2023-11-10,117.53,118.96,116.62,118.84,1317200,125.95
2023-11-13,118.42,118.67,117.81,118.24,1230469,125.31
2023-11-14,118.92,120.78,118.92,120.33,1353742,127.53
2023-11-15,120.75,121.02,119.34,119.47,1309430,126.62
2023-11-16,119.47,121.19,119.26,120.61,1554564,127.83
2023-11-17,121.17,121.24,120.07,120.45,1089626,127.66
2023-11-20,120.72,121.32,120.11,120.89,915046,128.12
2023-11-21,121.25,121.59,120.54,121,983688,128.24
2023-11-22,121.64,122.05,121.27,121.66,980552,128.94
2023-11-24,121.6,121.79,120.62,121.26,555557,128.51
2023-11-27,120.92,121.73,120.61,121.05,1143813,127.69
2023-11-28,121.04,121.04,119.21,119.82,1392814,126.39
2023-11-29,120.19,120.19,118.63,118.99,1240090,125.52
2023-11-30,119.34,119.34,117.99,119.02,2608863,125.55
2023-12-01,119.06,120.87,118.04,120.71,1560551,127.33
2023-12-04,119.85,120.82,117.9,119.12,2911510,125.65
2023-12-05,119.45,119.63,117.73,117.91,1599994,124.38
2023-12-06,118.55,118.76,117.57,118.32,1596638,124.81
2023-12-07,118.45,118.69,117.27,117.81,1901654,124.27
2023-12-08,118.47,118.74,117.71,117.88,1192943,124.34
2023-12-11,118.07,120.13,117.94,120.05,1182470,126.63
2023-12-12,120.33,121.48,119.78,121.41,1703059,128.07
2023-12-13,121.25,124.45,121.25,124.12,1927286,130.93
2023-12-14,124.78,125.05,122.63,124.29,3238677,131.11
2023-12-15,123.4,124.03,121.55,121.95,2667546,128.64
2023-12-18,123.12,123.99,121.17,123.69,1883932,130.47
2023-12-19,124.29,125.11,123.41,123.47,1704157,130.24
2023-12-20,123.47,123.85,122.25,122.33,1321412,129.04
2023-12-21,123.15,123.47,121.72,123.22,1211633,129.98
2023-12-22,123.15,123.72,122.68,123.24,991533,130
2023-12-26,123.13,123.91,122.82,123.49,627506,130.26
2023-12-27,123.67,124.3,123.43,124.04,1050429,130.84
2023-12-28,124.04,124.22,123.59,123.73,882490,130.52
2023-12-29,123.63,124.43,123.44,123.87,1196752,130.66
2024-01-02,122.99,123.91,122.24,122.32,1485326,129.03
2024-01-03,123.3,123.75,122.24,122.39,1483577,129.1
2024-01-04,121.72,122.88,121.15,122,3018974,128.69
2024-01-05,122.15,122.38,120.81,121.67,1409225,128.34
2024-01-08,121.54,122.08,120.56,121.95,1204124,128.64
2024-01-09,121.21,121.63,120.64,121.55,968510,128.22
2024-01-10,121.35,122.83,120.4,122.48,1208899,129.2
2024-01-11,121.72,122.33,120.96,122.29,1271582,129
2024-01-12,122.75,122.75,121.65,122.42,1081808,129.13
2024-01-16,122,123.34,121.49,123.06,1635892,129.81
2024-01-17,122.18,123.26,122.06,122.37,1314869,129.08
2024-01-18,122.78,124.09,122.29,123.68,1896482,130.46
2024-01-19,124.03,125.68,123.34,125.42,1927851,132.3
2024-01-22,125.65,125.74,124.23,124.25,1543427,131.06
2024-01-23,124.3,125.13,124.3,124.9,1059720,131.75
2024-01-24,124.9,124.91,122.47,122.71,1790139,129.44
2024-01-25,123.08,123.54,121.86,123.45,1871773,130.22
2024-01-26,123.17,123.9,121.98,122.38,1157048,129.09
2024-01-29,122.39,123.76,121.62,123.76,1482095,130.55
2024-01-30,123.58,124.4,122.84,123.83,1421522,130.62
2024-01-31,124.62,125.12,122.54,122.76,2154201,129.49
2024-02-01,122.59,123.7,121.36,123.67,1440754,130.45
2024-02-02,122.9,123.28,121.05,122.06,1823828,128.75
2024-02-05,121.36,121.36,119.2,119.76,2614648,126.33
2024-02-06,119.45,121.51,119.21,120.65,2899997,127.27
2024-02-07,121.47,125.75,121.47,122.9,3539078,129.64
2024-02-08,122.89,123.9,121.99,123.62,2161407,130.4
2024-02-09,123.63,123.63,122.6,123.5,1951363,130.27
2024-02-12,123.51,125.1,123.51,124.53,1849031,131.36
2024-02-13,123.72,124.39,123.04,124.39,1765715,131.21
2024-02-14,124.76,127.27,124.6,127.04,2803093,134.01
2024-02-15,127.03,128.56,126.91,128.36,3128186,135.4
2024-02-16,128.2,128.78,127.41,127.55,2565899,134.55
2024-02-20,127.47,128.3,126.8,127.62,2270647,133.95
2024-02-21,127.69,128.91,126.93,128.84,2328248,135.23
2024-02-22,129.02,131.21,128.59,130.84,2328150,137.33
2024-02-23,131.08,132.12,130.62,131.79,1592239,138.32
2024-02-26,131.88,131.92,131.09,131.54,1769836,138.06
2024-02-27,131.54,131.64,130.18,130.57,1827208,137.04
2024-02-28,130.38,132.21,130.01,132.05,1417555,138.6
2024-02-29,132.25,133.05,131.43,131.88,2257668,138.42
2024-03-01,130.97,131.24,129.77,130.93,1704792,137.42
2024-03-04,130.62,132.09,130.23,132,2421365,138.55
2024-03-05,132.19,132.43,131.31,132.15,2283447,138.7
2024-03-06,132.48,133.22,132.23,132.96,1772799,139.55
2024-03-07,133.39,134.95,133.07,133.75,1939795,140.38
2024-03-08,133.4,134.22,132.59,132.97,1364969,139.56
2024-03-11,132.87,133.78,132.19,133.46,1711333,140.08
2024-03-12,133.43,134.83,133.22,134.09,1464847,140.74
2024-03-13,134.34,134.52,131.6,131.82,3361394,138.36
2024-03-14,131.53,131.89,129.84,130.68,3091926,137.16
2024-03-15,130.02,131.03,129.66,130.38,4164802,136.84
2024-03-18,129.97,130.9,129.79,129.83,2384506,136.27
2024-03-19,129.98,130.93,129.48,130.8,2266567,137.29
2024-03-20,130.89,130.95,129.37,130.06,1699670,136.51
2024-03-21,129.77,130.66,128.79,130.12,1506145,136.57
2024-03-22,130.16,130.26,129.24,129.79,1296400,136.23
2024-03-25,129.63,129.74,128.07,128.26,2486581,134.62
2024-03-26,128.71,128.99,128.23,128.43,1470395,134.8
2024-03-27,129.36,130.84,129.18,130.83,1634706,137.32
2024-03-28,130.9,132.27,130.9,132.1,1770860,138.65
2024-04-01,132,134.08,131.88,133.83,2227630,140.47
2024-04-02,133.87,134.74,132.75,134.06,1987379,140.71
2024-04-03,134.15,134.15,132.2,132.44,1543821,139.01
2024-04-04,133.37,133.37,129.44,129.84,2640370,136.28
2024-04-05,129.89,130.4,128.76,129.67,1735606,136.1
2024-04-08,129.47,129.84,128.15,128.83,1770405,135.22
2024-04-09,128.68,130.68,128.5,130.55,1395507,137.02
2024-04-10,128.65,131.62,128.45,131.43,1901032,137.95
2024-04-11,131.93,132.2,130.5,131.79,1424979,138.33
2024-04-12,131.87,131.95,130.69,131.29,1950370,137.8
2024-04-15,131.83,132.64,130.43,131.17,2962730,137.67
2024-04-16,131.03,131.85,130.33,131.48,1950456,138
2024-04-17,132.01,132.32,130.87,131.32,1516617,137.83
2024-04-18,131.34,131.79,130.68,131.36,2178745,137.87
2024-04-19,132.18,132.18,131.32,131.96,1673844,138.5
2024-04-22,131.91,133.56,131.28,132.49,1570454,139.06
2024-04-23,132.99,134.22,132.76,133.48,2140489,140.1
2024-04-24,133.14,135.12,132.69,135.11,1909457,141.81
2024-04-25,135.27,135.45,133.75,134.87,1693103,141.56
2024-04-26,134.18,136.04,133.99,135.07,2008112,141.77
2024-04-29,135.37,136.43,134.4,136.43,2315481,143.19
2024-04-30,133.39,136.11,133.15,134.58,4087273,141.25
2024-05-01,130.05,131.47,128.22,128.94,4639920,135.33
2024-05-02,129.1,130.16,128.4,128.69,2425419,135.07
2024-05-03,129.46,129.55,127.59,127.99,2452523,134.34
2024-05-06,128.26,130.76,127.86,129.75,2295551,136.18
2024-05-07,130.05,130.06,129.32,129.49,1922642,135.91
2024-05-08,129.39,130.83,129.08,130.49,1891040,136.96
2024-05-09,130.72,131.8,130.16,131.43,2010636,137.95
2024-05-10,131.62,133.05,129.93,131.12,2066258,137.62
2024-05-13,131.38,131.74,129.82,129.94,1742258,136.38
2024-05-14,130.07,131.9,129.76,130.99,2180257,137.49
2024-05-15,130.66,132.57,130.66,131.8,1810336,138.34
2024-05-16,133.39,135.22,132.61,134.97,2419726,141.66
2024-05-17,134.81,135.01,133.6,134.97,1346387,141.66
2024-05-20,134.83,134.92,132.66,133.07,1227434,139.67
2024-05-21,133.4,133.42,131.99,132.72,1191970,139.3
2024-05-22,132.73,132.73,131.44,132.56,1011261,139.13
2024-05-23,132.46,132.56,129.88,130.54,1621496,137.01
2024-05-24,131.06,132.11,130.87,131.79,1453161,137.65
2024-05-28,131.66,131.66,129.98,130.08,1921571,135.86
2024-05-29,129.68,130.57,128.54,128.94,1462158,134.67
2024-05-30,129.31,129.72,128.64,129.1,1587574,134.84
2024-05-31,129.41,131.71,129.06,131.58,2282926,137.43
2024-06-03,131.3,133.41,130.41,133.4,1618138,139.33
2024-06-04,133.45,136.18,133.06,135.52,2125219,141.54
2024-06-05,135.57,135.72,133.88,134.55,1944025,140.53
2024-06-06,134.48,136.1,133.8,134.84,1528883,140.83
2024-06-07,134.32,135.63,133.85,134.01,1467086,139.97
2024-06-10,133.93,134.3,131.82,131.94,1717050,137.81
2024-06-11,131.63,132.18,130.8,131.18,2149710,137.01
2024-06-12,131.61,132.69,131.07,131.46,1279906,137.3
2024-06-13,130.84,132.22,130.71,132.14,1554656,138.01
2024-06-14,131.53,132.01,130.24,130.97,1418495,136.79
2024-06-17,130.62,132.36,130.23,131.09,1327825,136.92
2024-06-18,131.48,131.65,129.12,129.66,2540844,135.42
2024-06-20,128.95,129.94,128.32,128.44,3170955,134.15
2024-06-21,129.36,129.38,127.69,128.57,3920859,134.29
2024-06-24,128.71,129.35,127.66,128.29,2477142,133.99
2024-06-25,128.3,128.3,126.07,126.7,2367091,132.33
2024-06-26,126.24,127.34,125.68,126.34,1392507,131.96
2024-06-27,126.46,127.16,126.05,126.97,1355529,132.61
2024-06-28,126.87,127.33,126.11,126.82,5814643,132.46
2024-07-01,126.92,127.14,123.91,124.18,2789030,129.7
2024-07-02,124.09,125.33,123.58,124.5,2331528,130.03
2024-07-03,124.26,124.56,123.48,124.06,935934,129.58
2024-07-05,123.82,124.17,122.77,123.62,1477585,129.12
2024-07-08,124.34,124.89,122.18,122.49,1846267,127.94
2024-07-09,122.05,122.83,121.2,121.27,1709413,126.66
2024-07-10,121.4,123.85,121.09,123.67,2493977,129.17
2024-07-11,123.42,124.82,122.97,124.01,1623311,129.52
2024-07-12,124.74,125.88,123.88,125.72,2338834,131.31
2024-07-15,125.44,126.35,122.41,122.45,2157134,127.89
2024-07-16,121.26,123.71,120.88,123.43,2381268,128.92
2024-07-17,123.58,124.43,123.04,123.83,1753802,129.33
2024-07-18,121.24,123.45,121.24,122.85,1714721,128.31
2024-07-19,123.55,123.6,121.36,121.53,2045961,126.93
2024-07-22,121.44,123.2,121.04,123.14,1605365,128.61
2024-07-23,123.16,123.16,120.82,121.08,1298628,126.46
2024-07-24,120.61,121.43,119.45,120.59,1620478,125.95
2024-07-25,120.82,123.29,120.64,121.72,1987052,127.13
2024-07-26,122.26,123.55,121.99,122.6,1874400,128.05
2024-07-29,122.48,125.46,121.65,124.88,2150694,130.43
2024-07-30,124.63,126.97,124.33,126.54,1410488,132.17
2024-07-31,127.11,128.33,126.01,127.18,1943135,132.83
2024-08-01,127.78,129.01,126.06,128.78,1627753,134.5
2024-08-02,129.01,130.78,127.34,129.43,2301459,135.18
2024-08-05,129.37,130.42,126.36,127.65,3665122,133.32
2024-08-06,131.17,133.92,130.58,131.03,2981136,136.85
2024-08-07,130.77,132.48,129.01,130.61,3071095,136.42
2024-08-08,130.45,132.51,130.44,131.26,1355122,137.1
2024-08-09,131.58,131.93,130.63,130.97,1446349,136.79
2024-08-12,130.17,130.43,129.07,129.86,1431271,135.63
2024-08-13,130.3,132.8,130.19,131.73,2388254,137.59
2024-08-14,131.65,132.32,131.22,131.42,1267882,137.26
2024-08-15,132.05,132.28,130.96,131.94,1134096,137.81
2024-08-16,132.09,132.16,130.9,131.55,1669807,137.4
2024-08-19,131.86,132.54,130.61,130.87,1671313,136.69
2024-08-20,131.07,132.3,130.62,131.12,1713319,136.95
2024-08-21,131.47,132.54,130.71,131.89,1583199,137.75
2024-08-22,132.06,132.28,130.73,130.94,1393614,136.76
2024-08-23,131.56,131.56,129.21,129.75,1657790,135.52
2024-08-26,130.14,130.5,129.02,129.21,1727486,134.95
2024-08-27,129.13,129.82,128.69,129.42,2079147,134.5
2024-08-28,129.66,131.15,129.29,130.52,2180149,135.65
2024-08-29,130.68,131.5,129.55,130.14,1563056,135.25
2024-08-30,130.32,130.76,129.33,129.82,1892875,134.92
2024-09-03,129.51,130.52,127.62,128.44,1866550,133.48
2024-09-04,128.87,129.89,128.63,129.72,1877018,134.81
2024-09-05,129.71,129.87,128.8,129.42,1570008,134.5
2024-09-06,129.34,130.36,128.52,128.81,1930128,133.87
2024-09-09,128.75,129.13,127.44,128.01,2379090,133.04
2024-09-10,128.04,129.1,127.79,127.87,2174338,132.89
2024-09-11,127.43,129.15,125.69,128.97,2067549,134.03
2024-09-12,129,130.08,128.1,128.37,1613601,133.41
2024-09-13,128.44,128.89,127.91,128.6,1811533,133.65
2024-09-16,129.35,130.36,128.74,129.48,1929332,134.56
2024-09-17,129.5,130.1,127.17,127.35,2009582,132.35
2024-09-18,127.4,128.07,125.35,125.67,2186226,130.6
2024-09-19,127.13,127.5,125.06,126.14,2616508,131.09
2024-09-20,125.82,125.96,123.86,124.81,3272668,129.71
2024-09-23,124.92,126.21,124.78,125.44,2140707,130.37
2024-09-24,126.68,129.21,125.57,128.74,2697021,133.8
2024-09-25,128.74,129.02,127.02,128.06,1396126,133.09
2024-09-26,129.21,133.19,129.21,132.85,2573003,138.07
2024-09-27,132.32,134.73,131.81,134.63,2778310,139.92
2024-09-30,134.69,136.13,133.35,134.43,2267231,139.71
2024-10-01,134.51,134.84,133.18,133.98,2070012,139.24
2024-10-02,133.48,134.61,132.92,134.27,1345158,139.54
2024-10-03,133.4,133.42,132.02,132.03,1993403,137.21
2024-10-04,132.02,132.61,130.41,131.41,1229588,136.57
2024-10-07,131,131.89,129.82,130.75,1473272,135.88
2024-10-08,130.85,131.45,128.51,129.63,1506163,134.72
2024-10-09,129.9,131.01,129.52,129.67,1574073,134.76
2024-10-10,129.24,129.66,127.49,128.23,1569947,133.27
2024-10-11,128.43,129.79,128.3,128.96,1334399,134.02
2024-10-14,128.68,130.04,128.25,129.56,1037893,134.65
2024-10-15,129.14,129.64,127.67,128.19,1421735,133.22
2024-10-16,127.28,128.86,126.1,128.31,1701661,133.35
2024-10-17,128.77,128.8,127.15,128.68,1701896,133.73
2024-10-18,129.33,129.41,128.1,129.2,1243584,134.27
2024-10-21,128.54,129.49,128.04,128.94,1294861,134
2024-10-22,128.54,129.38,127.86,128.32,941651,133.36
2024-10-23,128.65,130.52,128.23,128.96,1605131,134.02
2024-10-24,128.94,128.94,127.36,128.13,1275464,133.16
2024-10-25,128.99,129.29,127.81,128.01,956675,133.04
2024-10-28,129.2,130.43,128.81,129.76,1317969,134.86
2024-10-29,129.47,130.15,128.91,128.91,1487172,133.97
2024-10-30,128.22,129.21,127.72,128.35,1414759,133.39
2024-10-31,128.43,128.64,126.07,126.2,2219037,131.16
2024-11-01,127.2,128.3,126.84,127.34,1888556,132.34
2024-11-04,127.49,128.94,126.86,127.74,2670509,132.76
2024-11-05,128.17,131.78,128.07,129.63,3779631,134.72
2024-11-06,131.63,131.63,126.34,129.29,3201229,134.37
2024-11-07,129.9,132.63,129.3,131.88,2338136,137.06
2024-11-08,131.22,133.23,130.39,132.03,1727132,137.21
2024-11-11,131.54,133.33,131.38,131.46,1741232,136.62
2024-11-12,130.97,131.39,128.73,129.52,2156227,134.61
2024-11-13,129.37,131.93,129.04,130.15,3055284,135.26
2024-11-14,130.18,132.19,130.18,131.57,1798019,136.74
2024-11-15,130.8,132.48,128.39,128.54,1679022,133.59
2024-11-18,128.41,129.47,128.29,128.95,1444400,134.01
2024-11-19,128,128.31,126.96,127.15,1159963,132.14
2024-11-20,127.27,128.16,126.21,127.86,1438993,132.88
2024-11-21,128.13,129.35,126.8,129.15,1031088,134.22
2024-11-22,129.45,130.74,129.11,130.16,992490,135.27
2024-11-25,131.08,133.41,129.91,131.87,3604570,137.05
2024-11-26,133.75,133.75,131.98,133.39,1805674,138.63
2024-11-27,133.57,134.69,133.45,134.07,1614155,139.33
2024-11-29,133.79,134.08,133.06,133.69,1003242,138.94
2024-12-02,133.36,134.79,132.79,134.42,2295940,139.03
2024-12-03,134.69,134.87,133.13,133.16,1235953,137.72
2024-12-04,132.94,133.91,132.53,133.58,1522807,138.16
2024-12-05,133.78,134.19,132.65,133.55,939075,138.13
2024-12-06,133.98,134.98,132.85,133.07,968276,137.63
2024-12-09,133.31,134.53,132.73,134.47,1411037,139.08
2024-12-10,134.02,134.47,131.96,133.64,1406193,138.22
2024-12-11,133.93,134.45,133.22,133.95,1357395,138.54
2024-12-12,134.06,134.28,132.89,134.05,1399806,138.64
2024-12-13,133.83,134.64,131.93,132.46,1044313,137
2024-12-16,132.52,133.34,130.47,130.58,1660325,135.05
2024-12-17,129.98,132.94,129.57,130.27,2263599,134.73
2024-12-18,129.91,130.14,126.92,127.11,2834464,131.46
2024-12-19,126.89,128.27,126.01,126.04,1939434,130.36
2024-12-20,125.94,128.96,125.83,127.98,3212936,132.36
2024-12-23,128.84,129.5,127.56,129.43,1479176,133.86
2024-12-24,129.01,130.61,128.59,130.53,532978,135
2024-12-26,129.9,132.27,129.75,131.5,1040936,136
2024-12-27,130.66,131.95,129.84,130.75,1146256,135.23
2024-12-30,129.69,129.96,128.59,129.1,1144646,133.52
2024-12-31,129.65,130.32,128.84,129.72,1217129,134.16
2025-01-02,129.97,131.42,128.69,129.14,2609869,133.56
2025-01-03,129.23,129.56,127.99,129.02,1154344,133.44
2025-01-06,128.88,129.77,125.68,125.86,2120834,130.17
2025-01-07,125.76,127.38,124.05,124.29,2102995,128.55
2025-01-08,123.56,123.98,122.76,123.51,2025471,127.74
2025-01-10,121.65,122.45,119.11,119.17,2555033,123.25
2025-01-13,118.73,120.24,118.08,119.63,2163133,123.73
2025-01-14,120.16,121.29,119.86,120.58,1793633,124.71
2025-01-15,122.27,122.27,120.41,121.6,1729709,125.77
2025-01-16,121.53,123.51,121.23,122.06,1670359,126.24
2025-01-17,122.71,123.13,121.04,121.17,1604923,125.32
2025-01-21,120.7,121.94,120.45,121.54,2092697,125.7
2025-01-22,121.21,122.58,120.45,122.04,2498906,126.22
2025-01-23,121.58,123.14,121.35,122.8,2082434,127.01
2025-01-24,122.55,125.17,122.55,124.01,2295883,128.26
2025-01-27,124.58,127.28,124.27,126.55,2174717,130.89
2025-01-28,125.99,127.9,124.04,124.96,2423655,129.24
2025-01-29,125.49,126.43,124.71,124.89,1342770,129.17
2025-01-30,125.08,126.91,124.85,126.4,1483234,130.73
2025-01-31,125.54,127.22,125.54,126.18,1370319,130.5
2025-02-03,125.15,128.25,124.47,127.14,2349416,131.5
2025-02-04,127.89,128.21,126.53,127.12,2081267,131.47
2025-02-05,127.04,127.35,125.26,126.9,2177566,131.25
2025-02-06,134.13,139.65,133.53,139.24,5572223,144.01
2025-02-07,137,139.92,136.23,138.8,2688652,143.56
2025-02-10,140.12,143.28,139.23,143.24,3729306,148.15
2025-02-11,142.63,143.29,141.05,141.79,2541818,146.65
2025-02-12,141.56,141.89,138.99,141.66,2193536,146.51
2025-02-13,141.94,144.35,141.24,143.82,2093331,148.75
2025-02-14,144.11,144.35,142.7,143.01,1970799,147.91
2025-02-18,142.61,143.38,141.91,142.26,2104609,147.13
2025-02-19,141.8,143.57,141.14,143.38,1433985,148.29
2025-02-20,143.1,146.28,143.1,145.96,2351514,150.96
2025-02-21,145.78,146.59,144.15,144.5,2187646,148.75
2025-02-24,144.84,146.23,144.42,145.94,2120553,150.23
2025-02-25,146.4,150.37,146.18,149.75,2817435,154.15
2025-02-26,150.48,150.75,146.85,147.17,2112036,151.5
2025-02-27,147.23,149.92,147.03,149.32,1354167,153.71
2025-02-28,149.77,152.09,149.54,151.91,3003425,156.37
2025-03-03,153.02,153.75,151.68,152.45,1913320,156.93
2025-03-04,153.73,156.67,153.13,153.89,3969082,158.41
2025-03-05,153.88,155.79,153.07,154.82,2234251,159.37
2025-03-06,154.53,155.97,153.33,154.71,2020309,159.26
2025-03-07,154.99,158.64,154.98,157.89,3411263,162.53
2025-03-10,156.7,157.8,152.25,153.58,3000227,158.09
2025-03-11,153.88,154.46,151.5,152.23,2346973,156.7
2025-03-12,151.28,152.23,148.3,149.99,1631860,154.4
2025-03-13,149.95,151.32,148.97,149.04,1631557,153.42
2025-03-14,149.04,151.84,148.4,150.62,1251088,155.05
2025-03-17,149.93,152.83,149.84,152.64,1127049,157.13
2025-03-18,152.24,153.43,151.7,152.81,1332194,157.3
2025-03-19,152.9,153.84,152.06,153.01,1455466,157.51
2025-03-20,153.31,153.97,152.42,153.38,1412748,157.89
2025-03-21,152.47,153.67,151.62,152.27,3071809,156.75
2025-03-24,152.59,153.22,150.6,151.37,1952522,155.82
2025-03-25,151.69,152.04,150.33,151.35,1836631,155.8
2025-03-26,151.92,154.39,151.75,154.15,1708868,158.68
2025-03-27,154.45,154.5,151.88,153.15,2500781,157.65
2025-03-28,153.11,153.59,150.84,151.31,1492617,155.76
2025-03-31,149.78,153.62,149.22,152.87,3510595,157.36
2025-04-01,153.04,154.45,152.24,154.38,1573832,158.92
2025-04-02,154.01,154.46,152.84,153.71,1585769,158.23
2025-04-03,153.67,157.19,153.38,156.84,2615518,161.45
2025-04-04,152.72,154.77,143.08,143.61,4704624,147.83
2025-04-07,140.51,143.53,136.97,140.79,4579480,144.93
2025-04-08,144.2,144.34,136.07,137.34,4220707,141.38
2025-04-09,136.29,143.41,134.76,141.3,4062596,145.45
2025-04-10,139.85,142.93,137.43,141.35,4604491,145.5
2025-04-11,141.19,141.8,138.39,140.86,3002587,145
2025-04-14,142.8,142.8,140.39,141.83,3432012,146
2025-04-15,142.51,142.89,140.17,140.56,2599297,144.69
2025-04-16,140.86,141.32,137.75,138.5,1952693,142.57
2025-04-17,138.65,140.76,137.83,139.22,1768280,143.31
2025-04-21,139.05,139.05,135.06,136.5,1708199,140.51
2025-04-22,137.97,140.98,137.27,140.91,1670811,145.05
2025-04-23,141.39,144.13,141.13,141.99,2300986,146.16
2025-04-24,142.23,143.62,140.67,143.37,2079809,147.58
2025-04-25,143.15,144.55,142.14,143.09,1770444,147.3
2025-04-28,143.1,143.84,142.24,143.53,2218858,147.75
2025-04-29,142.41,143.8,141.22,143.47,2339852,147.69
2025-04-30,143.28,147.23,140.75,146.14,3349531,150.44
2025-05-01,144.81,145.19,142.88,144.36,2734588,148.6
2025-05-02,145.17,146.21,143.22,144.88,1972118,149.14
2025-05-05,145.24,145.3,142.21,142.39,2308519,146.58
2025-05-06,142.21,144.23,141.39,144.05,2096996,148.28
2025-05-07,143.92,146.46,143.52,145.21,1415964,149.48
2025-05-08,145.44,145.6,143.54,143.75,1411007,147.98
2025-05-09,144.03,144.72,142.31,142.93,1068548,147.13
2025-05-12,143.14,144.07,141.9,142.61,1552685,146.8
2025-05-13,142.8,142.81,140.68,141.56,1880003,145.72
2025-05-14,141.54,141.8,140.68,141.02,1534297,145.16
2025-05-15,141.41,143.34,141.07,142.85,1842523,147.05
2025-05-16,143.68,143.84,142.11,143.84,1699742,148.07
2025-05-19,143.49,145.56,143.43,145.38,2046107,149.65
2025-05-20,144.75,145.75,144.4,144.77,2158797,149.03
2025-05-21,143.69,144.68,141.19,142.25,1842063,146.43
2025-05-22,142.04,142.06,140.39,141.35,1926740,145.5
2025-05-23,141.07,141.73,140.53,141.3,1062942,145.45
2025-05-27,141.83,142.09,139.36,140.66,2396821,144.09
2025-05-28,141.01,141.51,139.44,139.74,1537051,143.15
2025-05-29,139.79,141.44,139.23,140.61,1841961,144.04
2025-05-30,140.61,141.04,139.69,140.52,3184484,143.94
2025-06-02,139.5,141.44,138.68,141.19,1764847,144.63
2025-06-03,140.55,141.15,138.07,140.55,2414937,143.97
2025-06-04,142.53,142.53,139.41,140.58,2035572,144.01
2025-06-05,140.7,140.75,138.87,139.48,1250918,142.88
2025-06-06,139.56,141.58,139.33,141.38,1367873,144.83
2025-06-09,140.73,141.19,139.02,139.73,1479421,143.14
2025-06-10,141.7,142.01,139.55,140.5,2159936,143.92
2025-06-11,140.5,141.15,139.55,140,1454355,143.41
2025-06-12,139.8,140.55,139.07,140.55,1096436,143.97
2025-06-13,140.15,141.97,138.83,140.57,1180160,144
2025-06-16,140.57,141.43,138.15,138.56,1706984,141.94
2025-06-17,137.94,138.77,135.97,136.66,1892950,139.99
2025-06-18,136.8,137.39,134.69,135.07,1539460,138.36
2025-06-20,135.46,136.44,135.26,135.75,2956521,139.06
2025-06-23,136.74,138.13,135.28,138.03,1955864,141.39
2025-06-24,138.26,139.68,137.26,139.31,1629143,142.7
2025-06-25,141.51,145.74,141.11,143.68,3752130,147.18
2025-06-26,143.41,145.47,142.18,143.55,3297131,147.05
2025-06-27,143.54,145.31,143.39,144.88,3075088,148.41
2025-06-30,144.34,144.88,142.81,144.66,2435045,148.18
2025-07-01,144.75,147.21,144.58,146.79,1726622,150.37
2025-07-02,146.15,147.56,145.32,146.61,2292737,150.18
2025-07-03,146.5,146.61,145.2,146.43,1284289,150
2025-07-07,146.75,147.38,145.78,146.78,1779990,150.36
2025-07-08,146.17,147.15,144.84,146.95,1677371,150.53
2025-07-09,146.89,147.58,146.4,147.26,1428860,150.85
2025-07-10,147.46,149.57,147,148.73,1250071,152.35
2025-07-11,147.78,148.25,144.97,146.23,1757972,149.79
2025-07-14,146.88,147.34,143.67,143.67,1908443,147.17
2025-07-15,143.11,144.16,141.54,141.55,1883466,145
2025-07-16,141.57,143.14,141.57,142.66,1332897,146.14
2025-07-17,142.62,144.93,142.31,144.56,1427772,148.08
2025-07-18,144.8,146.04,144.41,145.42,1597284,148.96
2025-07-21,146.45,146.48,141.44,142.05,2512031,145.51
2025-07-22,142.1,145,142.1,145,1450967,148.53
2025-07-23,145.12,145.46,143.5,144.27,1186930,147.79
2025-07-24,142.89,144.66,142.36,142.36,1489192,145.83
2025-07-25,142.42,143.57,141.64,143.21,1152556,146.7
2025-07-28,142.37,143.1,140.83,140.86,1658198,144.29
2025-07-29,141.07,141.78,140.07,141.73,2472598,145.18
2025-07-30,142.1,143.82,141.71,143.49,1643398,146.99
2025-07-31,142.51,143.86,140.68,140.72,2653526,144.15
2025-08-01,142.2,142.59,140.79,141.9,1930683,145.36
2025-08-04,141.63,144.25,141.22,143.5,3350072,147
2025-08-05,141.06,143.5,136,136.18,5141705,139.5
2025-08-06,136.42,138.97,135.75,137.98,2685260,141.34
2025-08-07,138.67,139.91,137.66,139.17,2066898,142.56
2025-08-08,138.46,139.49,137.6,137.92,2263370,141.28
2025-08-11,138.13,139.16,137.61,137.91,1825040,141.27
2025-08-12,138.23,139.12,136.96,138.71,1606795,142.09
2025-08-13,138.46,141.37,138.13,141.35,1845003,144.79
2025-08-14,141.05,143.49,140.04,143.28,1832905,146.77
2025-08-15,143.35,145.56,142.97,144.66,2604287,148.18
2025-08-18,144.66,147.52,144.38,145.79,2182850,149.34
2025-08-19,145.75,149.43,145.72,148.39,1952784,152.01
2025-08-20,149.34,149.34,144.04,145.79,2606883,149.34
2025-08-21,145.14,145.5,144.08,144.49,1943772,148.01
2025-08-22,145.07,146.39,143.89,144.35,1995361,147.87
2025-08-25,144.66,145.14,143.19,143.4,1404464,146.89
2025-08-26,143.42,144.45,142.51,143.53,1664964,147.03
2025-08-27,143.46,143.68,141.51,141.87,1812874,145.33
2025-08-28,141.68,142.26,140.55,142.01,1616976,145.47
2025-08-29,141.95,143.84,141.94,143.47,1473311,146.97
2025-09-02,142.5,143.4,141.56,142.67,1619041,145.44
2025-09-03,141.96,142.26,141.16,141.8,1539132,144.55
2025-09-04,141.9,142.59,139.64,140.93,1484375,143.67
2025-09-05,141,143.33,141,141.83,1455619,144.58
2025-09-08,141.26,145.22,140.5,145.17,2187676,147.99
2025-09-09,144.8,145.28,142.89,143,1637792,145.78
2025-09-10,142.65,144.26,142.04,143.24,1947136,146.02
2025-09-11,143.91,146.73,143.33,146.3,2607405,149.14
2025-09-12,146.16,147.66,145.69,146.64,1809477,149.49
2025-09-15,146.95,147.46,146.06,146.06,2605429,148.9
2025-09-16,146.06,147.06,144.4,145.19,2370593,148.01
2025-09-17,145.51,147.22,145.07,145.44,2042693,148.26
2025-09-18,143.84,145.02,142.04,142.49,1747387,145.26
2025-09-19,142.55,144.15,142.36,142.89,3068593,145.66
2025-09-22,142.85,146.75,142.72,146.43,1939231,149.27
2025-09-23,145.58,146.87,144.23,146.59,1616456,149.44
2025-09-24,146,146.69,144.16,146.6,2808360,149.45
2025-09-25,146.47,148.21,146.47,147.54,1442639,150.41
2025-09-26,147.86,149.9,147.71,149.79,1208661,152.7
2025-09-29,150.59,152.1,149.84,151.01,1742682,153.94
2025-09-30,150.69,151.53,148.97,149.1,1898762,152
2025-10-01,149.68,150.82,148.33,150.27,1991509,153.19
2025-10-02,149.39,150.13,147.87,148.47,1800754,151.35
2025-10-03,148.11,148.35,146.98,147.82,1288535,150.69
2025-10-06,147.23,147.8,145.77,145.95,1394964,148.78
2025-10-07,145.51,145.7,141.99,143.93,1657106,146.72
2025-10-08,143.58,143.92,142.47,143.25,1150601,146.03
2025-10-09,142.59,143.51,139.96,139.97,1371008,142.69
2025-10-10,141.64,141.64,138.6,138.92,2055300,141.62
2025-10-13,138.38,139.4,137.2,137.79,2168001,140.47
2025-10-14,136.99,141.87,136.64,141.24,2096060,143.98
2025-10-15,141.23,143.26,140.87,141.76,1492918,144.51
2025-10-16,141.48,141.72,139.5,140.65,1497967,143.38
2025-10-17,141.03,143.45,140.49,142.48,1503060,145.25
2025-10-20,142.76,145.72,142.58,145.34,1992055,148.16
2025-10-21,145.32,146.26,144.34,145.7,1491803,148.53
2025-10-22,145.97,146.68,144.42,144.57,1180537,147.38
2025-10-23,144.62,145.16,142.46,143.58,1238218,146.37
2025-10-24,143.29,144.4,140.41,140.63,1289107,143.36
2025-10-27,140.87,141.63,139.32,140.26,1743828,142.98
2025-10-28,139.5,140.45,138.36,138.4,1451399,141.09
2025-10-29,137.59,137.91,135.66,136.54,1620806,139.19
2025-10-30,136.4,137.36,134.75,136.41,2065527,139.06
2025-10-31,135.78,135.82,134.71,135.58,2422808,138.21
2025-11-03,135.58,137.76,134.88,136.72,3632591,139.38
2025-11-04,143.44,147.06,140.41,146.7,5598495,149.55
2025-11-05,151.33,151.33,144.83,146.54,3277274,149.39
2025-11-06,145.98,147.32,143.61,144.8,2713248,147.61
2025-11-07,145.54,146.56,144.91,146.28,2415565,149.12
2025-11-10,145.34,146.41,144.51,145.44,2142126,148.26
2025-11-11,146.24,148.05,145.97,147.88,1609851,150.75
2025-11-12,147.45,148.22,145.79,146.52,2158981,149.37
2025-11-13,147.49,147.78,146.19,146.88,1876990,149.73
2025-11-14,147.09,147.81,145.81,146.18,1955208,149.02
2025-11-17,146.16,146.9,145.18,145.21,2783806,148.03
2025-11-18,145.41,146.73,145.12,145.99,1758302,148.82
2025-11-19,146.05,146.87,145,145.49,1168436,148.32
2025-11-20,145.81,147.81,145.22,146.37,1370864,149.21
2025-11-21,147.02,150.47,147.02,150.07,2468267,152.98
2025-11-24,150.19,150.33,147.71,148.2,3656944,151.08
2025-11-25,149.1,151.14,148.24,151.07,2409670,154
2025-11-26,151.07,152.27,150.87,150.87,1833331,153.8
2025-11-28,150.14,151.56,150.14,150.29,923323,153.21
2025-12-01,150.25,150.51,147.24,147.77,3536407,150.64
2025-12-02,148.72,148.82,144.82,145.49,1781324,147.62
2025-12-03,145.55,147.48,145.47,146.38,2259759,148.52
2025-12-04,145.48,146.99,143.4,143.76,2356701,145.86
2025-12-05,143.79,144.84,142.82,142.87,2503214,144.96
2025-12-08,142.69,142.83,140.22,140.48,1822734,142.53
2025-12-09,140.3,141.58,140.3,140.98,1582826,143.04
2025-12-10,140.84,142.52,139.83,141.82,2506515,143.89
2025-12-11,145.87,148.82,143.88,145.99,2560680,148.12
2025-12-12,146.76,148.99,146.43,148.88,1894455,151.06
2025-12-15,148.82,155.51,148.82,151.6,3132310,153.82
2025-12-16,151.6,151.73,148.74,148.85,2517921,151.03
2025-12-17,148.5,151.85,148.5,150.93,2488800,153.14
2025-12-18,150.51,152.75,150.51,152.47,2258097,154.7
2025-12-19,152.61,153.68,151.19,151.54,3119928,153.75
2025-12-22,151.53,154.19,151.09,153.03,2641421,155.27
2025-12-23,152.59,153.25,151.93,152.3,1660203,154.53
2025-12-24,152.17,152.77,151.86,152.1,878560,154.32
2025-12-26,151.98,152.24,150.56,151.03,1086425,153.24
2025-12-29,150.67,150.97,149.87,150.08,1963016,152.27
2025-12-30,149.5,150.46,149.27,149.99,1158606,152.18
2025-12-31,149.56,150.16,148.93,149.1,1102473,151.28
2026-01-02,149.36,149.97,147.49,148.32,2241790,150.49
2026-01-05,147.36,150.03,146.1,148.13,2593700,150.29
2026-01-06,147.71,150.16,147.33,149.23,1399958,151.41
2026-01-07,148.72,149.9,148.17,148.32,1500903,150.49
2026-01-08,148.03,151.42,147.73,151.27,1761008,153.48
2026-01-09,151.64,153.65,150.33,153.28,1765886,155.52
2026-01-12,153.33,154.85,152.44,154.66,1500784,156.92
2026-01-13,154.03,155.31,153.09,154.11,1412360,156.36
2026-01-14,154.58,155.59,153.49,154.87,1532252,157.13
2026-01-15,154.89,158.74,154.68,158.73,2128233,161.05
2026-01-16,158.05,158.65,156.6,157.95,2517767,160.26
2026-01-20,157.27,157.36,150.87,150.99,3124169,153.2
2026-01-21,151.76,153.67,151.12,152.19,2504230,154.41
2026-01-22,152.21,153.01,150.82,151.32,2048480,153.53
2026-01-23,151.11,151.74,150.24,150.77,1781508,152.97
2026-01-26,150.96,152.66,149.42,150.62,2138813,152.82
2026-01-27,150.08,152.33,149.83,151.79,2025642,154.01
2026-01-28,152.23,152.96,151.07,151.66,1702697,153.88
2026-01-29,152.49,155.11,151.21,153.24,2230820,155.48
2026-01-30,152.48,154.42,151.15,153.26,2654925,155.5
2026-02-02,153.69,155.86,152.1,153.92,3191315,156.17
2026-02-03,153.21,157.01,152.77,156.45,3612938,158.74
2026-02-04,155.93,158.04,153.47,157.27,4062608,159.57
2026-02-05,158.44,161.24,156.78,158.77,2318237,161.09
2026-02-06,158.01,160.69,158.01,160.58,1437490,162.93
2026-02-09,159.44,159.98,155.56,156.61,2068441,158.9
2026-02-10,155.86,157.42,155.86,156.56,1376857,158.85
2026-02-11,156.12,158.3,154.98,156.77,1464610,159.06
2026-02-12,157.91,161.42,157.57,160.93,2000776,163.28
2026-02-13,161.69,162.94,157.78,158.26,2237195,160.57
2026-02-17,158.84,159.7,157.15,158.87,1678811,161.19
2026-02-18,158.7,162.03,158.37,160.56,1723350,162.91
2026-02-19,160.56,161.26,159.9,161.13,1288367,163.48
2026-02-20,161.39,161.92,160.31,161.72,1893997,163.33
2026-02-23,161.83,165.33,161.83,164.81,2545654,166.45
2026-02-24,165.35,167.72,163.69,164.31,1714419,165.95
2026-02-25,164.38,165.95,162.53,163.6,2500640,165.23
2026-02-26,164.76,165.17,163.11,164.08,1611475,165.71
2026-02-27,164.07,167.58,162.94,166.5,1903220,168.16
2026-03-02,165.58,165.58,160.69,161.31,1682051,162.92
2026-03-03,159.57,160.05,156.96,158.9,2111279,160.48
2026-03-04,158.49,158.66,156.74,157.42,1581919,158.99
2026-03-05,155.95,157.06,155.2,157.06,2010816,158.62
2026-03-06,156.02,158.69,154.46,158.42,1446617,160
2026-03-09,157.3,158.48,155.06,158.27,1507276,159.85
2026-03-10,157.03,159.52,155.54,157.63,1534676,159.2
2026-03-11,157.2,157.43,153.9,155.06,1491993,156.6
2026-03-12,153.89,157.97,153.47,156.9,1781674,158.46
2026-03-13,158.14,159.72,157.23,158.82,1120462,160.4
2026-03-16,160.01,162.09,159.47,160.18,2625780,161.78
2026-03-17,161.15,163.64,160.39,162.08,2080002,163.69
2026-03-18,160.4,160.7,157.39,157.53,1713995,159.1
2026-03-19,156.35,157.68,154.71,154.71,1832756,156.25
2026-03-20,155.03,156.35,153.96,154.87,3560778,156.41
2026-03-23,158.14,158.51,155.83,156.98,1772404,158.54
2026-03-24,156.01,158.34,155.56,157.86,1320270,159.43
2026-03-25,158.58,160.16,156.77,157.59,1427745,159.16
2026-03-26,157.29,158.08,154.56,154.6,2034578,156.14
2026-03-27,154.74,155.85,151.61,152.44,1702451,153.96
2026-03-30,153.66,154.77,151.39,153.07,1269328,154.59
2026-03-31,154.48,155.44,151.09,153.95,1700105,155.48
2026-04-01,155.64,155.64,151.1,152.18,1364590,153.7
2026-04-02,151,154.8,150.41,154.55,1042631,156.09
2026-04-06,153.48,156.38,153.43,155.81,1051369,157.36
2026-04-07,155.84,156.59,154.95,155.38,1572285,156.93
2026-04-08,156.44,159.55,156.24,158.85,1214458,160.43
2026-04-09,157.91,159.94,157.9,159.2,1184947,160.79
2026-04-10,159.11,160.2,158.18,160.16,1459260,161.76
2026-04-13,160.17,160.17,157.92,159.84,1003053,161.43
2026-04-14,159.15,160.77,158.63,159.98,1270388,161.57
2026-04-15,159.46,160.55,159,160.34,1259415,161.94
2026-04-16,159.89,161.01,156.8,157.95,1615960,159.52
2026-04-17,158.12,161.71,158.12,161.18,1284271,162.79
2026-04-20,162.06,162.54,159.88,160.22,1459998,161.82
2026-04-21,160.05,160.85,157.9,158.76,1445619,160.34
2026-04-22,159.1,160.11,157.23,157.49,1798198,159.06
2026-04-23,158.47,160.08,158.13,159.14,1120802,160.73
2026-04-24,158.42,159.03,157.25,158.7,1200134,160.28
2026-04-27,157.43,157.58,153.13,153.64,2855562,155.17
2026-04-28,154.74,156.79,153.54,154.92,3014435,156.46
2026-04-29,156.96,161.93,156.96,158.26,3178063,159.84
2026-04-30,158.1,159.44,156.66,158.08,1879329,159.65
2026-05-01,158.9,159.94,155.56,156.8,1589987,158.36
2026-05-04,155.73,156.42,152.26,152.88,1336364,154.4
2026-05-05,152.39,153.65,151.88,152.37,1261090,153.89
2026-05-06,154.23,156.44,153.09,154.48,2430665,156.02
2026-05-07,153.97,156.53,153.7,155.7,1598913,157.25
2026-05-08,156.78,157.59,150.21,150.45,1584560,151.95
2026-05-11,150.17,150.73,147.92,148.81,1859830,150.29
2026-05-12,150.19,152.72,148.63,151.35,1447995,152.86
2026-05-13,150.42,152.3,148.21,148.29,1701957,149.77
2026-05-14,148.91,150.16,148.85,149.14,1508023,150.63
2026-05-15,149.9,151.32,148.45,148.49,2157500,149.97
2026-05-18,148.97,151.69,148.78,150.81,1419276,152.31
2026-05-19,150.51,152.18,149.18,150.69,1626102,152.19
2026-05-20,150.78,152.51,149.51,151.2,2502404,152.71
2026-05-21,149.69,153.17,149.06,152.8,1892042,154.32
2026-05-22,152.72,154.09,152.16,153.62,1641573,155.15
2026-05-26,153.34,154.16,152.33,152.49,1922329,154.01
2026-05-27,151.8,153.97,150.73,151.26,1842983,152.02
2026-05-28,150.63,151.33,148.57,149.28,2586575,150.03
2026-05-29,148.48,149.43,146.6,147.21,3994977,147.95
2026-06-01,146.82,148.35,144.71,146.77,2488468,147.51
2026-06-02,146.53,147.45,145.17,145.84,1849885,146.58
2026-06-03,148.15,150.34,147.47,147.7,2588081,148.44
2026-06-04,149.25,149.62,146.79,147.34,1997745,148.08
2026-06-05,148.09,150.65,147.16,150.11,1782951,150.87
2026-06-08,149,149.94,146.42,146.63,2427223,147.37
2026-06-09,146.49,151.83,145.87,150.87,2579292,151.63
2026-06-10,151.93,152.6,149.98,150.32,2116195,151.08
2026-06-11,150.43,153.58,149.93,152.5,2229737,153.27
2026-06-12,153.78,154.32,152.24,153.54,1654523,154.31
2026-06-15,153.45,154.67,152.79,153.89,2212750,154.67
2026-06-16,157.95,159.44,155.92,156.88,2736046,157.67
2026-06-17,154.97,156.47,152.96,153.3,1794066,154.07
2026-06-18,153.35,153.93,150.44,151.23,4792927,151.99
2026-06-22,149.75,151.24,148.76,149.98,2474501,150.74
2026-06-23,150.51,152.73,150.03,150.84,2579032,151.6
2026-06-24,150.99,152.62,150.44,152.25,1823108,153.02
2026-06-25,151.66,152.34,150.01,150.38,1422780,151.14
2026-06-26,151.87,156.08,150.78,155.63,3134958,156.41
2026-06-29,156.05,157.65,154.19,157.45,2241297,158.24
2026-06-30,157.3,159.36,156.24,159.06,2443503,159.86
2026-07-01,159.62,160.83,157.83,160.78,3026999,161.59
2026-07-02,160.48,164.12,160.18,163.9,2248881,164.73
2026-07-06,163.67,165.21,161.51,165.16,2213329,165.99
2026-07-07,166.91,169.29,165.79,166.65,2139228,167.49
2026-07-08,165.77,166.49,162.2,164.42,2541691,165.25
2026-07-09,164.43,166.69,157.46,161.58,4253795,162.39
2026-07-10,162.69,165.48,161.63,162.72,1847861,163.54
2026-07-13,162.64,164.14,160.77,160.87,2225674,161.68
2026-07-14,159.04,160.45,153.67,157.39,4076347,158.18
2026-07-15,155.7,157.25,151.25,151.8,4278013,152.57
2026-07-16,150.51,152.21,148.92,151.34,3774593,152.1
2026-07-17,150.24,155.81,146.93,147.18,4125845,147.92
2026-07-20,148.23,148.25,145.63,146.63,3051174,147.37
2026-07-21,145.02,147.64,143.91,146.43,2899151,147.17
2026-07-22,146.51,149.34,144.34,146.83,2969111,147.57
2026-07-23,145.82,148.64,145.62,146.63,1965746,147.37
2026-07-24,147.36,148.64,146.95,148.17,1542068,148.92
2026-07-27,148.09,149.99,146.96,147.06,2073802,147.8
2026-07-28,149.27,150.81,148.28,149.53,1954011,150.28
2026-07-29,150.44,153.16,150.07,151.16,2812587,151.92
2026-07-30,161.19,165.33,154.69,156.21,3308840,157
2026-07-31,157.26,157.26,151.45,152.51,2594667,153.28
2026-08-03,152.38,154.83,147.26,148.05,2849455,148.8
2026-08-04,147.76,149.6,145.97,146.94,2548986,147.68
2026-08-05,147.44,152.39,147.39,151.61,3047943,152.37
2026-08-06,151.9,152.74,149.65,151.52,2389928,152.28
2026-08-07,150.74,151.19,149.49,150,1782371,150.76
2026-08-10,148.85,149.12,144.41,144.6,2087515,145.33
2026-08-11,144.43,145.02,142.28,144.02,2103544,144.75
2026-08-12,143.88,149.64,143.7,149.59,3081322,150.34
2026-08-13,151.24,154,149.96,150.09,2757278,150.85
2026-08-14,150.04,150.23,147.34,147.37,1727100,148.11
2026-08-17,146.57,147.33,142.54,144.41,2955321,145.14
2026-08-18,145.65,146.23,144.04,144.13,1697861,144.86
2026-08-19,144.69,147.42,143.16,145.2,2709511,145.93
2026-08-20,144.92,151.64,144.59,151.57,3756493,152.33
2026-08-21,151.32,152.62,148.83,152.22,3754651,152.99
2026-08-24,153.39,157.26,153.38,156.56,2278605,157.35
2026-08-25,155.89,156.75,155.02,155.49,1945204,156.27
2026-08-26,155.24,155.41,153.33,153.64,2615502,154.41
2026-08-27,151.88,152.07,149.3,149.99,1964994,150.75
2026-08-28,150.88,153.79,150.69,153.09,1545848,153.86
2026-08-31,152.67,154.22,152.08,152.54,1958909,153.31
2026-09-01,152.87,153.81,151.17,151.27,1599064,152.03
2026-09-02,151.22,152.23,150.14,150.51,1462110,151.27
2026-09-03,150.94,153.16,149.09,151.77,1539452,152.54
2026-09-04,151.02,152.45,149.47,149.95,1623871,150.71
2026-09-08,149.27,150.41,147.79,148.76,1787926,149.51
2026-09-09,147.68,148.635,142.26,145.16,2933521,145.16
2026-09-10,146.2,147.01,143.42,143.89,2730832,143.89
2026-09-11,145.2,145.69,140.85,140.87,2112249,140.87
2026-09-14,142.9,147.11,142.79,146.33,2105594,146.33
2026-09-15,144.76,144.995,140.685,140.77,2215805,140.77
2026-09-16,141.15,141.35,137.78,137.96,2358550,137.96
2026-09-17,138.94,140.9441,135.69,135.75,2041778,135.75
2026-09-18,135.495,138.32,134.26,137.99,4730754,137.99
2026-09-21,138.7,139.95,137.79,139.33,2641937,139.33
2026-09-22,140.44,141.15,138.86,139.71,2911498,139.71
2026-09-23,139.66,141.22,138.151,140.63,2635994,140.63
